ISO-10303-21;
HEADER;
FILE_DESCRIPTION(('STEP AP214'),'1');
FILE_NAME('Arm_2.stp','2026-07-17T20:33:55',(' '),(' '),'Spatial InterOp 3D',' ',' ');
FILE_SCHEMA(('AUTOMOTIVE_DESIGN { 1 0 10303 214 1 1 1 1 }'));
ENDSEC;
DATA;
#1=MECHANICAL_DESIGN_GEOMETRIC_PRESENTATION_REPRESENTATION(' ',(#10),#6);
#2=PRODUCT_DEFINITION_CONTEXT('',#11,'design');
#3=APPLICATION_PROTOCOL_DEFINITION('INTERNATIONAL STANDARD','automotive_design',1994,#11);
#4=PRODUCT_CATEGORY_RELATIONSHIP('NONE','NONE',#12,#13);
#5=SHAPE_DEFINITION_REPRESENTATION(#14,#15);
#6= (GEOMETRIC_REPRESENTATION_CONTEXT(3)GLOBAL_UNCERTAINTY_ASSIGNED_CONTEXT((#18))GLOBAL_UNIT_ASSIGNED_CONTEXT((#20,#21,#22))REPRESENTATION_CONTEXT('NONE','WORKSPACE'));
#10=STYLED_ITEM('',(#24),#25);
#11=APPLICATION_CONTEXT(' ');
#12=PRODUCT_CATEGORY('part','NONE');
#13=PRODUCT_RELATED_PRODUCT_CATEGORY('detail',' ',(#26));
#14=PRODUCT_DEFINITION_SHAPE('NONE','NONE',#27);
#15=ADVANCED_BREP_SHAPE_REPRESENTATION('Link_2',(#25,#28),#6);
#18=UNCERTAINTY_MEASURE_WITH_UNIT(LENGTH_MEASURE(1.0E-08),#20,'','');
#20= (CONVERSION_BASED_UNIT('METRE',#31)LENGTH_UNIT()NAMED_UNIT(#34));
#21= (NAMED_UNIT(#36)PLANE_ANGLE_UNIT()SI_UNIT($,.RADIAN.));
#22= (NAMED_UNIT(#36)SOLID_ANGLE_UNIT()SI_UNIT($,.STERADIAN.));
#24=PRESENTATION_STYLE_ASSIGNMENT((#42));
#25=MANIFOLD_SOLID_BREP('Link_2',#43);
#26=PRODUCT('Link_2','','PART--DESC',(#44));
#27=PRODUCT_DEFINITION('','NONE',#45,#2);
#28=AXIS2_PLACEMENT_3D('',#46,#47,#48);
#31=LENGTH_MEASURE_WITH_UNIT(LENGTH_MEASURE(1.0),#49);
#34=DIMENSIONAL_EXPONENTS(1.0,0.0,0.0,0.0,0.0,0.0,0.0);
#36=DIMENSIONAL_EXPONENTS(0.0,0.0,0.0,0.0,0.0,0.0,0.0);
#42=SURFACE_STYLE_USAGE(.BOTH.,#50);
#43=CLOSED_SHELL('',(#51,#52,#53,#54,#55,#56,#57,#58,#59,#60,#61,#62,#63,#64,#65,#66,#67,#68,#69,#70,#71,#72,#73,#74,#75,#76,#77,#78,#79,#80,#81,#82,#83,#84,#85,#86,#87,#88,#89,#90,#91,#92,#93,#94,#95,#96,#97,#98,#99,#100,#101,#102,#103,#104,#105,#106,#107,#108,#109,#110,#111,#112,#113,#114,#115,#116,#117,#118,#119,#120,#121,#122,#123,#124,#125,#126,#127,#128,#129,#130,#131,#132,#133,#134,#135));
#44=PRODUCT_CONTEXT('',#11,'mechanical');
#45=PRODUCT_DEFINITION_FORMATION_WITH_SPECIFIED_SOURCE(' ','NONE',#26,.NOT_KNOWN.);
#46=CARTESIAN_POINT('',(0.0,0.0,0.0));
#47=DIRECTION('',(0.0,0.0,1.0));
#48=DIRECTION('',(1.0,0.0,0.0));
#49= (NAMED_UNIT(#34)LENGTH_UNIT()SI_UNIT($,.METRE.));
#50=SURFACE_SIDE_STYLE('',(#137));
#51=ADVANCED_FACE('0:631',(#138),#139,.F.);
#52=ADVANCED_FACE('0:628',(#140),#141,.F.);
#53=ADVANCED_FACE('0:625',(#142),#143,.F.);
#54=ADVANCED_FACE('0:622',(#144),#145,.T.);
#55=ADVANCED_FACE('0:619',(#146),#147,.T.);
#56=ADVANCED_FACE('0:619',(#148),#149,.T.);
#57=ADVANCED_FACE('0:616',(#150),#151,.T.);
#58=ADVANCED_FACE('0:613',(#152),#153,.T.);
#59=ADVANCED_FACE('0:610',(#154),#155,.T.);
#60=ADVANCED_FACE('0:607',(#156),#157,.T.);
#61=ADVANCED_FACE('0:604',(#158),#159,.T.);
#62=ADVANCED_FACE('0:595',(#160),#161,.T.);
#63=ADVANCED_FACE('0:592',(#162),#163,.T.);
#64=ADVANCED_FACE('0:583',(#164),#165,.F.);
#65=ADVANCED_FACE('0:574',(#166),#167,.T.);
#66=ADVANCED_FACE('0:571',(#168),#169,.F.);
#67=ADVANCED_FACE('0:568',(#170),#171,.T.);
#68=ADVANCED_FACE('0:559',(#172),#173,.T.);
#69=ADVANCED_FACE('0:553',(#174),#175,.F.);
#70=ADVANCED_FACE('0:544',(#176),#177,.F.);
#71=ADVANCED_FACE('0:538',(#178),#179,.F.);
#72=ADVANCED_FACE('0:535',(#180),#181,.F.);
#73=ADVANCED_FACE('0:526',(#182),#183,.T.);
#74=ADVANCED_FACE('0:520',(#184),#185,.T.);
#75=ADVANCED_FACE('0:517',(#186),#187,.T.);
#76=ADVANCED_FACE('0:514',(#188),#189,.T.);
#77=ADVANCED_FACE('0:511',(#190),#191,.T.);
#78=ADVANCED_FACE('0:508',(#192),#193,.T.);
#79=ADVANCED_FACE('0:502',(#194),#195,.T.);
#80=ADVANCED_FACE('0:499',(#196),#197,.T.);
#81=ADVANCED_FACE('0:496',(#198),#199,.T.);
#82=ADVANCED_FACE('0:484',(#200),#201,.T.);
#83=ADVANCED_FACE('0:478',(#202),#203,.T.);
#84=ADVANCED_FACE('0:478',(#204),#205,.T.);
#85=ADVANCED_FACE('0:481',(#206,#207),#208,.F.);
#86=ADVANCED_FACE('0:484',(#209),#210,.T.);
#87=ADVANCED_FACE('0:487',(#211),#212,.T.);
#88=ADVANCED_FACE('0:490',(#213,#214),#215,.T.);
#89=ADVANCED_FACE('0:493',(#216),#217,.T.);
#90=ADVANCED_FACE('0:496',(#218),#219,.T.);
#91=ADVANCED_FACE('0:499',(#220),#221,.T.);
#92=ADVANCED_FACE('0:502',(#222),#223,.T.);
#93=ADVANCED_FACE('0:505',(#224),#225,.T.);
#94=ADVANCED_FACE('0:508',(#226),#227,.T.);
#95=ADVANCED_FACE('0:511',(#228),#229,.T.);
#96=ADVANCED_FACE('0:514',(#230),#231,.T.);
#97=ADVANCED_FACE('0:517',(#232),#233,.T.);
#98=ADVANCED_FACE('0:520',(#234),#235,.T.);
#99=ADVANCED_FACE('0:523',(#236),#237,.T.);
#100=ADVANCED_FACE('0:526',(#238),#239,.T.);
#101=ADVANCED_FACE('0:529',(#240),#241,.T.);
#102=ADVANCED_FACE('0:532',(#242),#243,.F.);
#103=ADVANCED_FACE('0:535',(#244),#245,.F.);
#104=ADVANCED_FACE('0:538',(#246),#247,.F.);
#105=ADVANCED_FACE('0:541',(#248,#249),#250,.T.);
#106=ADVANCED_FACE('0:544',(#251),#252,.F.);
#107=ADVANCED_FACE('0:547',(#253),#254,.T.);
#108=ADVANCED_FACE('0:550',(#255),#256,.T.);
#109=ADVANCED_FACE('0:553',(#257),#258,.F.);
#110=ADVANCED_FACE('0:556',(#259),#260,.T.);
#111=ADVANCED_FACE('0:559',(#261),#262,.T.);
#112=ADVANCED_FACE('0:562',(#263),#264,.T.);
#113=ADVANCED_FACE('0:565',(#265),#266,.T.);
#114=ADVANCED_FACE('0:568',(#267),#268,.T.);
#115=ADVANCED_FACE('0:571',(#269),#270,.F.);
#116=ADVANCED_FACE('0:574',(#271),#272,.T.);
#117=ADVANCED_FACE('0:577',(#273),#274,.T.);
#118=ADVANCED_FACE('0:580',(#275),#276,.T.);
#119=ADVANCED_FACE('0:583',(#277),#278,.F.);
#120=ADVANCED_FACE('0:586',(#279),#280,.T.);
#121=ADVANCED_FACE('0:589',(#281),#282,.T.);
#122=ADVANCED_FACE('0:592',(#283),#284,.T.);
#123=ADVANCED_FACE('0:595',(#285),#286,.T.);
#124=ADVANCED_FACE('0:598',(#287),#288,.T.);
#125=ADVANCED_FACE('0:601',(#289),#290,.T.);
#126=ADVANCED_FACE('0:604',(#291),#292,.T.);
#127=ADVANCED_FACE('0:607',(#293),#294,.T.);
#128=ADVANCED_FACE('0:610',(#295),#296,.T.);
#129=ADVANCED_FACE('0:613',(#297),#298,.T.);
#130=ADVANCED_FACE('0:616',(#299),#300,.T.);
#131=ADVANCED_FACE('0:619',(#301),#302,.T.);
#132=ADVANCED_FACE('0:622',(#303),#304,.T.);
#133=ADVANCED_FACE('0:625',(#305),#306,.F.);
#134=ADVANCED_FACE('0:628',(#307),#308,.F.);
#135=ADVANCED_FACE('0:631',(#309),#310,.F.);
#137=SURFACE_STYLE_FILL_AREA(#311);
#138=FACE_OUTER_BOUND('',#312,.T.);
#139=CONICAL_SURFACE('',#313,0.00275000000000001,0.785398163397448);
#140=FACE_OUTER_BOUND('',#314,.T.);
#141=CYLINDRICAL_SURFACE('',#315,0.00215);
#142=FACE_OUTER_BOUND('',#316,.T.);
#143=CONICAL_SURFACE('',#317,0.00415000000000002,0.785398163397448);
#144=FACE_OUTER_BOUND('',#318,.T.);
#145=CYLINDRICAL_SURFACE('',#319,0.01);
#146=FACE_OUTER_BOUND('',#320,.T.);
#147=TOROIDAL_SURFACE('',#321,0.00800000000000001,0.002);
#148=FACE_OUTER_BOUND('',#322,.T.);
#149=TOROIDAL_SURFACE('',#323,0.00800000000000001,0.002);
#150=FACE_OUTER_BOUND('',#324,.T.);
#151=SPHERICAL_SURFACE('',#325,0.005);
#152=FACE_OUTER_BOUND('',#326,.T.);
#153=SPHERICAL_SURFACE('',#327,0.005);
#154=FACE_OUTER_BOUND('',#328,.T.);
#155=CYLINDRICAL_SURFACE('',#329,0.005);
#156=FACE_OUTER_BOUND('',#330,.T.);
#157=CYLINDRICAL_SURFACE('',#331,0.005);
#158=FACE_OUTER_BOUND('',#332,.T.);
#159=CYLINDRICAL_SURFACE('',#333,0.005);
#160=FACE_OUTER_BOUND('',#334,.T.);
#161=CYLINDRICAL_SURFACE('',#335,0.005);
#162=FACE_OUTER_BOUND('',#336,.T.);
#163=CYLINDRICAL_SURFACE('',#337,0.005);
#164=FACE_OUTER_BOUND('',#338,.T.);
#165=CYLINDRICAL_SURFACE('',#339,0.005);
#166=FACE_OUTER_BOUND('',#340,.T.);
#167=CYLINDRICAL_SURFACE('',#341,0.002);
#168=FACE_OUTER_BOUND('',#342,.T.);
#169=CYLINDRICAL_SURFACE('',#343,0.006);
#170=FACE_OUTER_BOUND('',#344,.T.);
#171=CYLINDRICAL_SURFACE('',#345,0.002);
#172=FACE_OUTER_BOUND('',#346,.T.);
#173=CYLINDRICAL_SURFACE('',#347,0.005);
#174=FACE_OUTER_BOUND('',#348,.T.);
#175=CYLINDRICAL_SURFACE('',#349,0.005);
#176=FACE_OUTER_BOUND('',#350,.T.);
#177=CONICAL_SURFACE('',#351,0.0028,0.785398163397443);
#178=FACE_OUTER_BOUND('',#352,.T.);
#179=CYLINDRICAL_SURFACE('',#353,0.0023);
#180=FACE_OUTER_BOUND('',#354,.T.);
#181=CONICAL_SURFACE('',#355,0.0033,0.785398163397448);
#182=FACE_OUTER_BOUND('',#356,.T.);
#183=CYLINDRICAL_SURFACE('',#357,0.005);
#184=FACE_OUTER_BOUND('',#358,.T.);
#185=CYLINDRICAL_SURFACE('',#359,0.005);
#186=FACE_OUTER_BOUND('',#360,.T.);
#187=SPHERICAL_SURFACE('',#361,0.002);
#188=FACE_OUTER_BOUND('',#362,.T.);
#189=SPHERICAL_SURFACE('',#363,0.002);
#190=FACE_OUTER_BOUND('',#364,.T.);
#191=TOROIDAL_SURFACE('',#365,0.003,0.002);
#192=FACE_OUTER_BOUND('',#366,.T.);
#193=CYLINDRICAL_SURFACE('',#367,0.002);
#194=FACE_OUTER_BOUND('',#368,.T.);
#195=CYLINDRICAL_SURFACE('',#369,0.002);
#196=FACE_OUTER_BOUND('',#370,.T.);
#197=CYLINDRICAL_SURFACE('',#371,0.002);
#198=FACE_OUTER_BOUND('',#372,.T.);
#199=CYLINDRICAL_SURFACE('',#373,0.002);
#200=FACE_OUTER_BOUND('',#374,.T.);
#201=CYLINDRICAL_SURFACE('',#375,0.002);
#202=FACE_OUTER_BOUND('',#376,.T.);
#203=CYLINDRICAL_SURFACE('',#377,0.002);
#204=FACE_OUTER_BOUND('',#378,.T.);
#205=CYLINDRICAL_SURFACE('',#379,0.002);
#206=FACE_OUTER_BOUND('',#380,.T.);
#207=FACE_BOUND('',#381,.T.);
#208=PLANE('',#382);
#209=FACE_OUTER_BOUND('',#383,.T.);
#210=CYLINDRICAL_SURFACE('',#384,0.002);
#211=FACE_OUTER_BOUND('',#385,.T.);
#212=PLANE('',#386);
#213=FACE_OUTER_BOUND('',#387,.T.);
#214=FACE_BOUND('',#388,.T.);
#215=PLANE('',#389);
#216=FACE_OUTER_BOUND('',#390,.T.);
#217=PLANE('',#391);
#218=FACE_OUTER_BOUND('',#392,.T.);
#219=CYLINDRICAL_SURFACE('',#393,0.002);
#220=FACE_OUTER_BOUND('',#394,.T.);
#221=CYLINDRICAL_SURFACE('',#395,0.002);
#222=FACE_OUTER_BOUND('',#396,.T.);
#223=CYLINDRICAL_SURFACE('',#397,0.002);
#224=FACE_OUTER_BOUND('',#398,.T.);
#225=TOROIDAL_SURFACE('',#399,0.003,0.002);
#226=FACE_OUTER_BOUND('',#400,.T.);
#227=CYLINDRICAL_SURFACE('',#401,0.002);
#228=FACE_OUTER_BOUND('',#402,.T.);
#229=TOROIDAL_SURFACE('',#403,0.003,0.002);
#230=FACE_OUTER_BOUND('',#404,.T.);
#231=SPHERICAL_SURFACE('',#405,0.002);
#232=FACE_OUTER_BOUND('',#406,.T.);
#233=SPHERICAL_SURFACE('',#407,0.002);
#234=FACE_OUTER_BOUND('',#408,.T.);
#235=CYLINDRICAL_SURFACE('',#409,0.005);
#236=FACE_OUTER_BOUND('',#410,.T.);
#237=PLANE('',#411);
#238=FACE_OUTER_BOUND('',#412,.T.);
#239=CYLINDRICAL_SURFACE('',#413,0.005);
#240=FACE_OUTER_BOUND('',#414,.T.);
#241=PLANE('',#415);
#242=FACE_OUTER_BOUND('',#416,.T.);
#243=PLANE('',#417);
#244=FACE_OUTER_BOUND('',#418,.T.);
#245=CONICAL_SURFACE('',#419,0.0033,0.785398163397448);
#246=FACE_OUTER_BOUND('',#420,.T.);
#247=CYLINDRICAL_SURFACE('',#421,0.0023);
#248=FACE_OUTER_BOUND('',#422,.T.);
#249=FACE_BOUND('',#423,.T.);
#250=PLANE('',#424);
#251=FACE_OUTER_BOUND('',#425,.T.);
#252=CONICAL_SURFACE('',#426,0.0028,0.785398163397443);
#253=FACE_OUTER_BOUND('',#427,.T.);
#254=B_SPLINE_SURFACE_WITH_KNOTS('',3,3,((#428,#429,#430,#431,#432,#433,#434,#435,#436,#437,#438,#439,#440,#441,#442,#443,#444,#445,#446,#447,#448,#449),(#450,#451,#452,#453,#454,#455,#456,#457,#458,#459,#460,#461,#462,#463,#464,#465,#466,#467,#468,#469,#470,#471),(#472,#473,#474,#475,#476,#477,#478,#479,#480,#481,#482,#483,#484,#485,#486,#487,#488,#489,#490,#491,#492,#493),(#494,#495,#496,#497,#498,#499,#500,#501,#502,#503,#504,#505,#506,#507,#508,#509,#510,#511,#512,#513,#514,#515),(#516,#517,#518,#519,#520,#521,#522,#523,#524,#525,#526,#527,#528,#529,#530,#531,#532,#533,#534,#535,#536,#537),(#538,#539,#540,#541,#542,#543,#544,#545,#546,#547,#548,#549,#550,#551,#552,#553,#554,#555,#556,#557,#558,#559),(#560,#561,#562,#563,#564,#565,#566,#567,#568,#569,#570,#571,#572,#573,#574,#575,#576,#577,#578,#579,#580,#581),(#582,#583,#584,#585,#586,#587,#588,#589,#590,#591,#592,#593,#594,#595,#596,#597,#598,#599,#600,#601,#602,#603),(#604,#605,#606,#607,#608,#609,#610,#611,#612,#613,#614,#615,#616,#617,#618,#619,#620,#621,#622,#623,#624,#625),(#626,#627,#628,#629,#630,#631,#632,#633,#634,#635,#636,#637,#638,#639,#640,#641,#642,#643,#644,#645,#646,#647),(#648,#649,#650,#651,#652,#653,#654,#655,#656,#657,#658,#659,#660,#661,#662,#663,#664,#665,#666,#667,#668,#669),(#670,#671,#672,#673,#674,#675,#676,#677,#678,#679,#680,#681,#682,#683,#684,#685,#686,#687,#688,#689,#690,#691),(#692,#693,#694,#695,#696,#697,#698,#699,#700,#701,#702,#703,#704,#705,#706,#707,#708,#709,#710,#711,#712,#713),(#714,#715,#716,#717,#718,#719,#720,#721,#722,#723,#724,#725,#726,#727,#728,#729,#730,#731,#732,#733,#734,#735),(#736,#737,#738,#739,#740,#741,#742,#743,#744,#745,#746,#747,#748,#749,#750,#751,#752,#753,#754,#755,#756,#757),(#758,#759,#760,#761,#762,#763,#764,#765,#766,#767,#768,#769,#770,#771,#772,#773,#774,#775,#776,#777,#778,#779)),.UNSPECIFIED.,.F.,.F.,.F.,(4,2,2,2,2,2,2,4),(4,2,2,2,2,2,2,2,2,2,4),(0.0,0.142857142857143,0.285714285714286,0.428571428571429,0.571428571428571,0.714285714285714,0.857142857142857,1.0),(0.0488179940641696,0.0489363629903434,0.049614728131704,0.0502208948529124,0.0508270615741207,0.0518339373132087,0.0528408130522966,0.0545566808001473,0.055629098142554,0.0567015154849607,0.0578527398469639),.UNSPECIFIED.);
#255=FACE_OUTER_BOUND('',#780,.T.);
#256=B_SPLINE_SURFACE_WITH_KNOTS('',3,3,((#781,#782,#783,#784,#785,#786,#787,#788,#789,#790,#791,#792,#793,#794,#795,#796,#797,#798,#799,#800,#801,#802,#803,#804,#805,#806,#807,#808,#809,#810,#811,#812,#813,#814,#815,#816,#817,#818,#819,#820,#821,#822,#823,#824,#825,#826,#827,#828,#829,#830,#831,#832,#833,#834,#835,#836,#837,#838,#839,#840,#841,#842,#843,#844,#845,#846),(#847,#848,#849,#850,#851,#852,#853,#854,#855,#856,#857,#858,#859,#860,#861,#862,#863,#864,#865,#866,#867,#868,#869,#870,#871,#872,#873,#874,#875,#876,#877,#878,#879,#880,#881,#882,#883,#884,#885,#886,#887,#888,#889,#890,#891,#892,#893,#894,#895,#896,#897,#898,#899,#900,#901,#902,#903,#904,#905,#906,#907,#908,#909,#910,#911,#912),(#913,#914,#915,#916,#917,#918,#919,#920,#921,#922,#923,#924,#925,#926,#927,#928,#929,#930,#931,#932,#933,#934,#935,#936,#937,#938,#939,#940,#941,#942,#943,#944,#945,#946,#947,#948,#949,#950,#951,#952,#953,#954,#955,#956,#957,#958,#959,#960,#961,#962,#963,#964,#965,#966,#967,#968,#969,#970,#971,#972,#973,#974,#975,#976,#977,#978),(#979,#980,#981,#982,#983,#984,#985,#986,#987,#988,#989,#990,#991,#992,#993,#994,#995,#996,#997,#998,#999,#1000,#1001,#1002,#1003,#1004,#1005,#1006,#1007,#1008,#1009,#1010,#1011,#1012,#1013,#1014,#1015,#1016,#1017,#1018,#1019,#1020,#1021,#1022,#1023,#1024,#1025,#1026,#1027,#1028,#1029,#1030,#1031,#1032,#1033,#1034,#1035,#1036,#1037,#1038,#1039,#1040,#1041,#1042,#1043,#1044),(#1045,#1046,#1047,#1048,#1049,#1050,#1051,#1052,#1053,#1054,#1055,#1056,#1057,#1058,#1059,#1060,#1061,#1062,#1063,#1064,#1065,#1066,#1067,#1068,#1069,#1070,#1071,#1072,#1073,#1074,#1075,#1076,#1077,#1078,#1079,#1080,#1081,#1082,#1083,#1084,#1085,#1086,#1087,#1088,#1089,#1090,#1091,#1092,#1093,#1094,#1095,#1096,#1097,#1098,#1099,#1100,#1101,#1102,#1103,#1104,#1105,#1106,#1107,#1108,#1109,#1110),(#1111,#1112,#1113,#1114,#1115,#1116,#1117,#1118,#1119,#1120,#1121,#1122,#1123,#1124,#1125,#1126,#1127,#1128,#1129,#1130,#1131,#1132,#1133,#1134,#1135,#1136,#1137,#1138,#1139,#1140,#1141,#1142,#1143,#1144,#1145,#1146,#1147,#1148,#1149,#1150,#1151,#1152,#1153,#1154,#1155,#1156,#1157,#1158,#1159,#1160,#1161,#1162,#1163,#1164,#1165,#1166,#1167,#1168,#1169,#1170,#1171,#1172,#1173,#1174,#1175,#1176),(#1177,#1178,#1179,#1180,#1181,#1182,#1183,#1184,#1185,#1186,#1187,#1188,#1189,#1190,#1191,#1192,#1193,#1194,#1195,#1196,#1197,#1198,#1199,#1200,#1201,#1202,#1203,#1204,#1205,#1206,#1207,#1208,#1209,#1210,#1211,#1212,#1213,#1214,#1215,#1216,#1217,#1218,#1219,#1220,#1221,#1222,#1223,#1224,#1225,#1226,#1227,#1228,#1229,#1230,#1231,#1232,#1233,#1234,#1235,#1236,#1237,#1238,#1239,#1240,#1241,#1242),(#1243,#1244,#1245,#1246,#1247,#1248,#1249,#1250,#1251,#1252,#1253,#1254,#1255,#1256,#1257,#1258,#1259,#1260,#1261,#1262,#1263,#1264,#1265,#1266,#1267,#1268,#1269,#1270,#1271,#1272,#1273,#1274,#1275,#1276,#1277,#1278,#1279,#1280,#1281,#1282,#1283,#1284,#1285,#1286,#1287,#1288,#1289,#1290,#1291,#1292,#1293,#1294,#1295,#1296,#1297,#1298,#1299,#1300,#1301,#1302,#1303,#1304,#1305,#1306,#1307,#1308),(#1309,#1310,#1311,#1312,#1313,#1314,#1315,#1316,#1317,#1318,#1319,#1320,#1321,#1322,#1323,#1324,#1325,#1326,#1327,#1328,#1329,#1330,#1331,#1332,#1333,#1334,#1335,#1336,#1337,#1338,#1339,#1340,#1341,#1342,#1343,#1344,#1345,#1346,#1347,#1348,#1349,#1350,#1351,#1352,#1353,#1354,#1355,#1356,#1357,#1358,#1359,#1360,#1361,#1362,#1363,#1364,#1365,#1366,#1367,#1368,#1369,#1370,#1371,#1372,#1373,#1374),(#1375,#1376,#1377,#1378,#1379,#1380,#1381,#1382,#1383,#1384,#1385,#1386,#1387,#1388,#1389,#1390,#1391,#1392,#1393,#1394,#1395,#1396,#1397,#1398,#1399,#1400,#1401,#1402,#1403,#1404,#1405,#1406,#1407,#1408,#1409,#1410,#1411,#1412,#1413,#1414,#1415,#1416,#1417,#1418,#1419,#1420,#1421,#1422,#1423,#1424,#1425,#1426,#1427,#1428,#1429,#1430,#1431,#1432,#1433,#1434,#1435,#1436,#1437,#1438,#1439,#1440),(#1441,#1442,#1443,#1444,#1445,#1446,#1447,#1448,#1449,#1450,#1451,#1452,#1453,#1454,#1455,#1456,#1457,#1458,#1459,#1460,#1461,#1462,#1463,#1464,#1465,#1466,#1467,#1468,#1469,#1470,#1471,#1472,#1473,#1474,#1475,#1476,#1477,#1478,#1479,#1480,#1481,#1482,#1483,#1484,#1485,#1486,#1487,#1488,#1489,#1490,#1491,#1492,#1493,#1494,#1495,#1496,#1497,#1498,#1499,#1500,#1501,#1502,#1503,#1504,#1505,#1506),(#1507,#1508,#1509,#1510,#1511,#1512,#1513,#1514,#1515,#1516,#1517,#1518,#1519,#1520,#1521,#1522,#1523,#1524,#1525,#1526,#1527,#1528,#1529,#1530,#1531,#1532,#1533,#1534,#1535,#1536,#1537,#1538,#1539,#1540,#1541,#1542,#1543,#1544,#1545,#1546,#1547,#1548,#1549,#1550,#1551,#1552,#1553,#1554,#1555,#1556,#1557,#1558,#1559,#1560,#1561,#1562,#1563,#1564,#1565,#1566,#1567,#1568,#1569,#1570,#1571,#1572),(#1573,#1574,#1575,#1576,#1577,#1578,#1579,#1580,#1581,#1582,#1583,#1584,#1585,#1586,#1587,#1588,#1589,#1590,#1591,#1592,#1593,#1594,#1595,#1596,#1597,#1598,#1599,#1600,#1601,#1602,#1603,#1604,#1605,#1606,#1607,#1608,#1609,#1610,#1611,#1612,#1613,#1614,#1615,#1616,#1617,#1618,#1619,#1620,#1621,#1622,#1623,#1624,#1625,#1626,#1627,#1628,#1629,#1630,#1631,#1632,#1633,#1634,#1635,#1636,#1637,#1638),(#1639,#1640,#1641,#1642,#1643,#1644,#1645,#1646,#1647,#1648,#1649,#1650,#1651,#1652,#1653,#1654,#1655,#1656,#1657,#1658,#1659,#1660,#1661,#1662,#1663,#1664,#1665,#1666,#1667,#1668,#1669,#1670,#1671,#1672,#1673,#1674,#1675,#1676,#1677,#1678,#1679,#1680,#1681,#1682,#1683,#1684,#1685,#1686,#1687,#1688,#1689,#1690,#1691,#1692,#1693,#1694,#1695,#1696,#1697,#1698,#1699,#1700,#1701,#1702,#1703,#1704),(#1705,#1706,#1707,#1708,#1709,#1710,#1711,#1712,#1713,#1714,#1715,#1716,#1717,#1718,#1719,#1720,#1721,#1722,#1723,#1724,#1725,#1726,#1727,#1728,#1729,#1730,#1731,#1732,#1733,#1734,#1735,#1736,#1737,#1738,#1739,#1740,#1741,#1742,#1743,#1744,#1745,#1746,#1747,#1748,#1749,#1750,#1751,#1752,#1753,#1754,#1755,#1756,#1757,#1758,#1759,#1760,#1761,#1762,#1763,#1764,#1765,#1766,#1767,#1768,#1769,#1770),(#1771,#1772,#1773,#1774,#1775,#1776,#1777,#1778,#1779,#1780,#1781,#1782,#1783,#1784,#1785,#1786,#1787,#1788,#1789,#1790,#1791,#1792,#1793,#1794,#1795,#1796,#1797,#1798,#1799,#1800,#1801,#1802,#1803,#1804,#1805,#1806,#1807,#1808,#1809,#1810,#1811,#1812,#1813,#1814,#1815,#1816,#1817,#1818,#1819,#1820,#1821,#1822,#1823,#1824,#1825,#1826,#1827,#1828,#1829,#1830,#1831,#1832,#1833,#1834,#1835,#1836)),.UNSPECIFIED.,.F.,.F.,.F.,(4,2,2,2,2,2,2,4),(4,2,2,2,2,2,2,2,2,2,2,2,2,2,2,2,2,2,2,2,2,2,2,2,2,2,2,2,2,2,2,2,4),(0.0,0.142857142857143,0.285714285714286,0.428571428571429,0.571428571428571,0.714285714285714,0.857142857142857,1.0),(-0.0478284225570184,-0.0476119342486942,-0.0466170635038765,-0.0456221927590587,-0.0442303523740855,-0.0429198266456792,-0.0418021272867902,-0.0408420565831873,-0.0401183342104533,-0.0395650596982102,-0.0391474934815199,-0.0387794346632768,-0.0384905877097573,-0.0382747099799604,-0.038063653596441,-0.0379317433567414,-0.0378492994569291,-0.0377881680908352,-0.0377270367247413,-0.0376258999375934,-0.037562689445626,-0.0374994789536586,-0.0373730579697237,-0.0371605358915237,-0.0369837121468412,-0.0368068884021588,-0.0365555308945851,-0.0363041733870115,-0.0358892190519772,-0.0354742647169429,-0.0346280895224172,-0.0337819143278915,-0.0328079789470884),.UNSPECIFIED.);
#257=FACE_OUTER_BOUND('',#1837,.T.);
#258=CYLINDRICAL_SURFACE('',#1838,0.005);
#259=FACE_OUTER_BOUND('',#1839,.T.);
#260=B_SPLINE_SURFACE_WITH_KNOTS('',3,3,((#1840,#1841,#1842,#1843,#1844,#1845,#1846,#1847,#1848,#1849,#1850,#1851,#1852,#1853,#1854,#1855,#1856,#1857,#1858,#1859,#1860,#1861,#1862,#1863,#1864,#1865,#1866,#1867,#1868,#1869,#1870,#1871,#1872,#1873,#1874,#1875,#1876,#1877,#1878,#1879,#1880,#1881,#1882,#1883,#1884,#1885,#1886,#1887,#1888,#1889,#1890,#1891,#1892,#1893,#1894,#1895,#1896,#1897),(#1898,#1899,#1900,#1901,#1902,#1903,#1904,#1905,#1906,#1907,#1908,#1909,#1910,#1911,#1912,#1913,#1914,#1915,#1916,#1917,#1918,#1919,#1920,#1921,#1922,#1923,#1924,#1925,#1926,#1927,#1928,#1929,#1930,#1931,#1932,#1933,#1934,#1935,#1936,#1937,#1938,#1939,#1940,#1941,#1942,#1943,#1944,#1945,#1946,#1947,#1948,#1949,#1950,#1951,#1952,#1953,#1954,#1955),(#1956,#1957,#1958,#1959,#1960,#1961,#1962,#1963,#1964,#1965,#1966,#1967,#1968,#1969,#1970,#1971,#1972,#1973,#1974,#1975,#1976,#1977,#1978,#1979,#1980,#1981,#1982,#1983,#1984,#1985,#1986,#1987,#1988,#1989,#1990,#1991,#1992,#1993,#1994,#1995,#1996,#1997,#1998,#1999,#2000,#2001,#2002,#2003,#2004,#2005,#2006,#2007,#2008,#2009,#2010,#2011,#2012,#2013),(#2014,#2015,#2016,#2017,#2018,#2019,#2020,#2021,#2022,#2023,#2024,#2025,#2026,#2027,#2028,#2029,#2030,#2031,#2032,#2033,#2034,#2035,#2036,#2037,#2038,#2039,#2040,#2041,#2042,#2043,#2044,#2045,#2046,#2047,#2048,#2049,#2050,#2051,#2052,#2053,#2054,#2055,#2056,#2057,#2058,#2059,#2060,#2061,#2062,#2063,#2064,#2065,#2066,#2067,#2068,#2069,#2070,#2071),(#2072,#2073,#2074,#2075,#2076,#2077,#2078,#2079,#2080,#2081,#2082,#2083,#2084,#2085,#2086,#2087,#2088,#2089,#2090,#2091,#2092,#2093,#2094,#2095,#2096,#2097,#2098,#2099,#2100,#2101,#2102,#2103,#2104,#2105,#2106,#2107,#2108,#2109,#2110,#2111,#2112,#2113,#2114,#2115,#2116,#2117,#2118,#2119,#2120,#2121,#2122,#2123,#2124,#2125,#2126,#2127,#2128,#2129),(#2130,#2131,#2132,#2133,#2134,#2135,#2136,#2137,#2138,#2139,#2140,#2141,#2142,#2143,#2144,#2145,#2146,#2147,#2148,#2149,#2150,#2151,#2152,#2153,#2154,#2155,#2156,#2157,#2158,#2159,#2160,#2161,#2162,#2163,#2164,#2165,#2166,#2167,#2168,#2169,#2170,#2171,#2172,#2173,#2174,#2175,#2176,#2177,#2178,#2179,#2180,#2181,#2182,#2183,#2184,#2185,#2186,#2187),(#2188,#2189,#2190,#2191,#2192,#2193,#2194,#2195,#2196,#2197,#2198,#2199,#2200,#2201,#2202,#2203,#2204,#2205,#2206,#2207,#2208,#2209,#2210,#2211,#2212,#2213,#2214,#2215,#2216,#2217,#2218,#2219,#2220,#2221,#2222,#2223,#2224,#2225,#2226,#2227,#2228,#2229,#2230,#2231,#2232,#2233,#2234,#2235,#2236,#2237,#2238,#2239,#2240,#2241,#2242,#2243,#2244,#2245),(#2246,#2247,#2248,#2249,#2250,#2251,#2252,#2253,#2254,#2255,#2256,#2257,#2258,#2259,#2260,#2261,#2262,#2263,#2264,#2265,#2266,#2267,#2268,#2269,#2270,#2271,#2272,#2273,#2274,#2275,#2276,#2277,#2278,#2279,#2280,#2281,#2282,#2283,#2284,#2285,#2286,#2287,#2288,#2289,#2290,#2291,#2292,#2293,#2294,#2295,#2296,#2297,#2298,#2299,#2300,#2301,#2302,#2303),(#2304,#2305,#2306,#2307,#2308,#2309,#2310,#2311,#2312,#2313,#2314,#2315,#2316,#2317,#2318,#2319,#2320,#2321,#2322,#2323,#2324,#2325,#2326,#2327,#2328,#2329,#2330,#2331,#2332,#2333,#2334,#2335,#2336,#2337,#2338,#2339,#2340,#2341,#2342,#2343,#2344,#2345,#2346,#2347,#2348,#2349,#2350,#2351,#2352,#2353,#2354,#2355,#2356,#2357,#2358,#2359,#2360,#2361),(#2362,#2363,#2364,#2365,#2366,#2367,#2368,#2369,#2370,#2371,#2372,#2373,#2374,#2375,#2376,#2377,#2378,#2379,#2380,#2381,#2382,#2383,#2384,#2385,#2386,#2387,#2388,#2389,#2390,#2391,#2392,#2393,#2394,#2395,#2396,#2397,#2398,#2399,#2400,#2401,#2402,#2403,#2404,#2405,#2406,#2407,#2408,#2409,#2410,#2411,#2412,#2413,#2414,#2415,#2416,#2417,#2418,#2419),(#2420,#2421,#2422,#2423,#2424,#2425,#2426,#2427,#2428,#2429,#2430,#2431,#2432,#2433,#2434,#2435,#2436,#2437,#2438,#2439,#2440,#2441,#2442,#2443,#2444,#2445,#2446,#2447,#2448,#2449,#2450,#2451,#2452,#2453,#2454,#2455,#2456,#2457,#2458,#2459,#2460,#2461,#2462,#2463,#2464,#2465,#2466,#2467,#2468,#2469,#2470,#2471,#2472,#2473,#2474,#2475,#2476,#2477),(#2478,#2479,#2480,#2481,#2482,#2483,#2484,#2485,#2486,#2487,#2488,#2489,#2490,#2491,#2492,#2493,#2494,#2495,#2496,#2497,#2498,#2499,#2500,#2501,#2502,#2503,#2504,#2505,#2506,#2507,#2508,#2509,#2510,#2511,#2512,#2513,#2514,#2515,#2516,#2517,#2518,#2519,#2520,#2521,#2522,#2523,#2524,#2525,#2526,#2527,#2528,#2529,#2530,#2531,#2532,#2533,#2534,#2535),(#2536,#2537,#2538,#2539,#2540,#2541,#2542,#2543,#2544,#2545,#2546,#2547,#2548,#2549,#2550,#2551,#2552,#2553,#2554,#2555,#2556,#2557,#2558,#2559,#2560,#2561,#2562,#2563,#2564,#2565,#2566,#2567,#2568,#2569,#2570,#2571,#2572,#2573,#2574,#2575,#2576,#2577,#2578,#2579,#2580,#2581,#2582,#2583,#2584,#2585,#2586,#2587,#2588,#2589,#2590,#2591,#2592,#2593),(#2594,#2595,#2596,#2597,#2598,#2599,#2600,#2601,#2602,#2603,#2604,#2605,#2606,#2607,#2608,#2609,#2610,#2611,#2612,#2613,#2614,#2615,#2616,#2617,#2618,#2619,#2620,#2621,#2622,#2623,#2624,#2625,#2626,#2627,#2628,#2629,#2630,#2631,#2632,#2633,#2634,#2635,#2636,#2637,#2638,#2639,#2640,#2641,#2642,#2643,#2644,#2645,#2646,#2647,#2648,#2649,#2650,#2651)),.UNSPECIFIED.,.F.,.F.,.F.,(4,2,2,2,2,2,4),(4,2,2,2,2,2,2,2,2,2,2,2,2,2,2,2,2,2,2,2,2,2,2,2,2,2,2,2,4),(0.0,0.166666666666667,0.333333333333333,0.5,0.666666666666667,0.833333333333333,1.0),(-1.16704614518268E-05,0.0,0.000609628442405399,0.00143104139457788,0.00225245434675035,0.00389067992104106,0.00553153656546532,0.00669969204398339,0.00742978921805719,0.00799084564715368,0.00855190207625017,0.00925322261262079,0.00988780433002302,0.0111569677648275,0.0118449566590177,0.0125329455532079,0.01308333666856,0.0136337277839122,0.0140740406761939,0.0145143535684756,0.0151247249405843,0.0156130220382712,0.0161013191359581,0.0166822142636319,0.0171469303657709,0.01761164646791,0.0182100096616851,0.0186887002167051,0.0187158027072945),.UNSPECIFIED.);
#261=FACE_OUTER_BOUND('',#2652,.T.);
#262=CYLINDRICAL_SURFACE('',#2653,0.005);
#263=FACE_OUTER_BOUND('',#2654,.T.);
#264=B_SPLINE_SURFACE_WITH_KNOTS('',3,3,((#2655,#2656,#2657,#2658,#2659,#2660,#2661,#2662,#2663,#2664,#2665,#2666,#2667,#2668),(#2669,#2670,#2671,#2672,#2673,#2674,#2675,#2676,#2677,#2678,#2679,#2680,#2681,#2682),(#2683,#2684,#2685,#2686,#2687,#2688,#2689,#2690,#2691,#2692,#2693,#2694,#2695,#2696),(#2697,#2698,#2699,#2700,#2701,#2702,#2703,#2704,#2705,#2706,#2707,#2708,#2709,#2710),(#2711,#2712,#2713,#2714,#2715,#2716,#2717,#2718,#2719,#2720,#2721,#2722,#2723,#2724),(#2725,#2726,#2727,#2728,#2729,#2730,#2731,#2732,#2733,#2734,#2735,#2736,#2737,#2738),(#2739,#2740,#2741,#2742,#2743,#2744,#2745,#2746,#2747,#2748,#2749,#2750,#2751,#2752),(#2753,#2754,#2755,#2756,#2757,#2758,#2759,#2760,#2761,#2762,#2763,#2764,#2765,#2766),(#2767,#2768,#2769,#2770,#2771,#2772,#2773,#2774,#2775,#2776,#2777,#2778,#2779,#2780),(#2781,#2782,#2783,#2784,#2785,#2786,#2787,#2788,#2789,#2790,#2791,#2792,#2793,#2794)),.UNSPECIFIED.,.F.,.F.,.F.,(4,2,2,2,4),(4,2,2,2,2,2,4),(4.70899438007235,4.71237873370914,4.95552694227566,5.28643336861566,5.49921539864051),(0.0,0.166666666666667,0.333333333333333,0.5,0.666666666666667,0.833333333333333,1.0),.UNSPECIFIED.);
#265=FACE_OUTER_BOUND('',#2795,.T.);
#266=TOROIDAL_SURFACE('',#2796,0.008,0.002);
#267=FACE_OUTER_BOUND('',#2797,.T.);
#268=CYLINDRICAL_SURFACE('',#2798,0.002);
#269=FACE_OUTER_BOUND('',#2799,.T.);
#270=CYLINDRICAL_SURFACE('',#2800,0.006);
#271=FACE_OUTER_BOUND('',#2801,.T.);
#272=CYLINDRICAL_SURFACE('',#2802,0.002);
#273=FACE_OUTER_BOUND('',#2803,.T.);
#274=TOROIDAL_SURFACE('',#2804,0.008,0.002);
#275=FACE_OUTER_BOUND('',#2805,.T.);
#276=PLANE('',#2806);
#277=FACE_OUTER_BOUND('',#2807,.T.);
#278=CYLINDRICAL_SURFACE('',#2808,0.005);
#279=FACE_OUTER_BOUND('',#2809,.T.);
#280=B_SPLINE_SURFACE_WITH_KNOTS('',3,3,((#2810,#2811,#2812,#2813,#2814,#2815,#2816,#2817,#2818,#2819,#2820,#2821,#2822,#2823,#2824,#2825,#2826,#2827),(#2828,#2829,#2830,#2831,#2832,#2833,#2834,#2835,#2836,#2837,#2838,#2839,#2840,#2841,#2842,#2843,#2844,#2845),(#2846,#2847,#2848,#2849,#2850,#2851,#2852,#2853,#2854,#2855,#2856,#2857,#2858,#2859,#2860,#2861,#2862,#2863),(#2864,#2865,#2866,#2867,#2868,#2869,#2870,#2871,#2872,#2873,#2874,#2875,#2876,#2877,#2878,#2879,#2880,#2881),(#2882,#2883,#2884,#2885,#2886,#2887,#2888,#2889,#2890,#2891,#2892,#2893,#2894,#2895,#2896,#2897,#2898,#2899),(#2900,#2901,#2902,#2903,#2904,#2905,#2906,#2907,#2908,#2909,#2910,#2911,#2912,#2913,#2914,#2915,#2916,#2917),(#2918,#2919,#2920,#2921,#2922,#2923,#2924,#2925,#2926,#2927,#2928,#2929,#2930,#2931,#2932,#2933,#2934,#2935),(#2936,#2937,#2938,#2939,#2940,#2941,#2942,#2943,#2944,#2945,#2946,#2947,#2948,#2949,#2950,#2951,#2952,#2953),(#2954,#2955,#2956,#2957,#2958,#2959,#2960,#2961,#2962,#2963,#2964,#2965,#2966,#2967,#2968,#2969,#2970,#2971),(#2972,#2973,#2974,#2975,#2976,#2977,#2978,#2979,#2980,#2981,#2982,#2983,#2984,#2985,#2986,#2987,#2988,#2989),(#2990,#2991,#2992,#2993,#2994,#2995,#2996,#2997,#2998,#2999,#3000,#3001,#3002,#3003,#3004,#3005,#3006,#3007),(#3008,#3009,#3010,#3011,#3012,#3013,#3014,#3015,#3016,#3017,#3018,#3019,#3020,#3021,#3022,#3023,#3024,#3025),(#3026,#3027,#3028,#3029,#3030,#3031,#3032,#3033,#3034,#3035,#3036,#3037,#3038,#3039,#3040,#3041,#3042,#3043),(#3044,#3045,#3046,#3047,#3048,#3049,#3050,#3051,#3052,#3053,#3054,#3055,#3056,#3057,#3058,#3059,#3060,#3061),(#3062,#3063,#3064,#3065,#3066,#3067,#3068,#3069,#3070,#3071,#3072,#3073,#3074,#3075,#3076,#3077,#3078,#3079),(#3080,#3081,#3082,#3083,#3084,#3085,#3086,#3087,#3088,#3089,#3090,#3091,#3092,#3093,#3094,#3095,#3096,#3097)),.UNSPECIFIED.,.F.,.F.,.F.,(4,2,2,2,2,2,2,4),(4,2,2,2,2,2,2,2,4),(0.0,0.142857142857143,0.285714285714286,0.428571428571429,0.571428571428571,0.714285714285714,0.857142857142857,1.0),(-0.00276748290705846,-1.77635683940025E-15,0.201384144460882,0.523598775598297,0.713716655243717,0.903834534889137,1.20802314232181,1.38940973455835,1.57079632679489),.UNSPECIFIED.);
#281=FACE_OUTER_BOUND('',#3098,.T.);
#282=B_SPLINE_SURFACE_WITH_KNOTS('',3,3,((#3099,#3100,#3101,#3102,#3103,#3104,#3105,#3106,#3107,#3108,#3109,#3110,#3111,#3112,#3113,#3114),(#3115,#3116,#3117,#3118,#3119,#3120,#3121,#3122,#3123,#3124,#3125,#3126,#3127,#3128,#3129,#3130),(#3131,#3132,#3133,#3134,#3135,#3136,#3137,#3138,#3139,#3140,#3141,#3142,#3143,#3144,#3145,#3146),(#3147,#3148,#3149,#3150,#3151,#3152,#3153,#3154,#3155,#3156,#3157,#3158,#3159,#3160,#3161,#3162),(#3163,#3164,#3165,#3166,#3167,#3168,#3169,#3170,#3171,#3172,#3173,#3174,#3175,#3176,#3177,#3178),(#3179,#3180,#3181,#3182,#3183,#3184,#3185,#3186,#3187,#3188,#3189,#3190,#3191,#3192,#3193,#3194),(#3195,#3196,#3197,#3198,#3199,#3200,#3201,#3202,#3203,#3204,#3205,#3206,#3207,#3208,#3209,#3210),(#3211,#3212,#3213,#3214,#3215,#3216,#3217,#3218,#3219,#3220,#3221,#3222,#3223,#3224,#3225,#3226),(#3227,#3228,#3229,#3230,#3231,#3232,#3233,#3234,#3235,#3236,#3237,#3238,#3239,#3240,#3241,#3242),(#3243,#3244,#3245,#3246,#3247,#3248,#3249,#3250,#3251,#3252,#3253,#3254,#3255,#3256,#3257,#3258),(#3259,#3260,#3261,#3262,#3263,#3264,#3265,#3266,#3267,#3268,#3269,#3270,#3271,#3272,#3273,#3274),(#3275,#3276,#3277,#3278,#3279,#3280,#3281,#3282,#3283,#3284,#3285,#3286,#3287,#3288,#3289,#3290),(#3291,#3292,#3293,#3294,#3295,#3296,#3297,#3298,#3299,#3300,#3301,#3302,#3303,#3304,#3305,#3306),(#3307,#3308,#3309,#3310,#3311,#3312,#3313,#3314,#3315,#3316,#3317,#3318,#3319,#3320,#3321,#3322),(#3323,#3324,#3325,#3326,#3327,#3328,#3329,#3330,#3331,#3332,#3333,#3334,#3335,#3336,#3337,#3338),(#3339,#3340,#3341,#3342,#3343,#3344,#3345,#3346,#3347,#3348,#3349,#3350,#3351,#3352,#3353,#3354)),.UNSPECIFIED.,.F.,.F.,.F.,(4,2,2,2,2,2,2,4),(4,2,2,2,2,2,2,4),(0.0,0.142857142857143,0.285714285714286,0.428571428571429,0.571428571428571,0.714285714285714,0.857142857142857,1.0),(-1.5707963267949,-1.27475135892568,-0.98136850219024,-0.798004216730589,-0.614639931270937,-0.32043796341741,-0.136561733508956,0.00276727834244109),.UNSPECIFIED.);
#283=FACE_OUTER_BOUND('',#3355,.T.);
#284=CYLINDRICAL_SURFACE('',#3356,0.005);
#285=FACE_OUTER_BOUND('',#3357,.T.);
#286=CYLINDRICAL_SURFACE('',#3358,0.005);
#287=FACE_OUTER_BOUND('',#3359,.T.);
#288=PLANE('',#3360);
#289=FACE_OUTER_BOUND('',#3361,.T.);
#290=PLANE('',#3362);
#291=FACE_OUTER_BOUND('',#3363,.T.);
#292=CYLINDRICAL_SURFACE('',#3364,0.005);
#293=FACE_OUTER_BOUND('',#3365,.T.);
#294=CYLINDRICAL_SURFACE('',#3366,0.005);
#295=FACE_OUTER_BOUND('',#3367,.T.);
#296=CYLINDRICAL_SURFACE('',#3368,0.005);
#297=FACE_OUTER_BOUND('',#3369,.T.);
#298=SPHERICAL_SURFACE('',#3370,0.005);
#299=FACE_OUTER_BOUND('',#3371,.T.);
#300=SPHERICAL_SURFACE('',#3372,0.005);
#301=FACE_OUTER_BOUND('',#3373,.T.);
#302=TOROIDAL_SURFACE('',#3374,0.00800000000000001,0.002);
#303=FACE_OUTER_BOUND('',#3375,.T.);
#304=CYLINDRICAL_SURFACE('',#3376,0.01);
#305=FACE_OUTER_BOUND('',#3377,.T.);
#306=CONICAL_SURFACE('',#3378,0.00415000000000002,0.785398163397448);
#307=FACE_OUTER_BOUND('',#3379,.T.);
#308=CYLINDRICAL_SURFACE('',#3380,0.00215);
#309=FACE_OUTER_BOUND('',#3381,.T.);
#310=CONICAL_SURFACE('',#3382,0.00275000000000001,0.785398163397448);
#311=FILL_AREA_STYLE('',(#3383));
#312=EDGE_LOOP('',(#3384,#3385,#3386,#3387));
#313=AXIS2_PLACEMENT_3D('',#3388,#3389,#3390);
#314=EDGE_LOOP('',(#3391,#3392,#3393,#3394));
#315=AXIS2_PLACEMENT_3D('',#3395,#3396,#3397);
#316=EDGE_LOOP('',(#3398,#3399,#3400,#3401));
#317=AXIS2_PLACEMENT_3D('',#3402,#3403,#3404);
#318=EDGE_LOOP('',(#3405,#3406,#3407,#3408,#3409));
#319=AXIS2_PLACEMENT_3D('',#3410,#3411,#3412);
#320=EDGE_LOOP('',(#3413,#3414,#3415,#3416,#3417));
#321=AXIS2_PLACEMENT_3D('',#3418,#3419,#3420);
#322=EDGE_LOOP('',(#3421,#3422,#3423,#3424,#3425));
#323=AXIS2_PLACEMENT_3D('',#3426,#3427,#3428);
#324=EDGE_LOOP('',(#3429,#3430,#3431,#3432,#3433,#3434));
#325=AXIS2_PLACEMENT_3D('',#3435,#3436,#3437);
#326=EDGE_LOOP('',(#3438,#3439,#3440,#3441,#3442));
#327=AXIS2_PLACEMENT_3D('',#3443,#3444,#3445);
#328=EDGE_LOOP('',(#3446,#3447,#3448,#3449));
#329=AXIS2_PLACEMENT_3D('',#3450,#3451,#3452);
#330=EDGE_LOOP('',(#3453,#3454,#3455,#3456));
#331=AXIS2_PLACEMENT_3D('',#3457,#3458,#3459);
#332=EDGE_LOOP('',(#3460,#3461,#3462,#3463));
#333=AXIS2_PLACEMENT_3D('',#3464,#3465,#3466);
#334=EDGE_LOOP('',(#3467,#3468,#3469,#3470));
#335=AXIS2_PLACEMENT_3D('',#3471,#3472,#3473);
#336=EDGE_LOOP('',(#3474,#3475,#3476,#3477));
#337=AXIS2_PLACEMENT_3D('',#3478,#3479,#3480);
#338=EDGE_LOOP('',(#3481,#3482,#3483,#3484));
#339=AXIS2_PLACEMENT_3D('',#3485,#3486,#3487);
#340=EDGE_LOOP('',(#3488,#3489,#3490,#3491));
#341=AXIS2_PLACEMENT_3D('',#3492,#3493,#3494);
#342=EDGE_LOOP('',(#3495,#3496,#3497,#3498,#3499));
#343=AXIS2_PLACEMENT_3D('',#3500,#3501,#3502);
#344=EDGE_LOOP('',(#3503,#3504,#3505,#3506));
#345=AXIS2_PLACEMENT_3D('',#3507,#3508,#3509);
#346=EDGE_LOOP('',(#3510,#3511,#3512,#3513));
#347=AXIS2_PLACEMENT_3D('',#3514,#3515,#3516);
#348=EDGE_LOOP('',(#3517,#3518,#3519,#3520));
#349=AXIS2_PLACEMENT_3D('',#3521,#3522,#3523);
#350=EDGE_LOOP('',(#3524,#3525,#3526,#3527,#3528));
#351=AXIS2_PLACEMENT_3D('',#3529,#3530,#3531);
#352=EDGE_LOOP('',(#3532,#3533,#3534,#3535));
#353=AXIS2_PLACEMENT_3D('',#3536,#3537,#3538);
#354=EDGE_LOOP('',(#3539,#3540,#3541,#3542));
#355=AXIS2_PLACEMENT_3D('',#3543,#3544,#3545);
#356=EDGE_LOOP('',(#3546,#3547,#3548,#3549));
#357=AXIS2_PLACEMENT_3D('',#3550,#3551,#3552);
#358=EDGE_LOOP('',(#3553,#3554,#3555,#3556,#3557));
#359=AXIS2_PLACEMENT_3D('',#3558,#3559,#3560);
#360=EDGE_LOOP('',(#3561,#3562,#3563,#3564));
#361=AXIS2_PLACEMENT_3D('',#3565,#3566,#3567);
#362=EDGE_LOOP('',(#3568,#3569,#3570,#3571));
#363=AXIS2_PLACEMENT_3D('',#3572,#3573,#3574);
#364=EDGE_LOOP('',(#3575,#3576,#3577,#3578,#3579,#3580));
#365=AXIS2_PLACEMENT_3D('',#3581,#3582,#3583);
#366=EDGE_LOOP('',(#3584,#3585,#3586,#3587));
#367=AXIS2_PLACEMENT_3D('',#3588,#3589,#3590);
#368=EDGE_LOOP('',(#3591,#3592,#3593,#3594));
#369=AXIS2_PLACEMENT_3D('',#3595,#3596,#3597);
#370=EDGE_LOOP('',(#3598,#3599,#3600,#3601));
#371=AXIS2_PLACEMENT_3D('',#3602,#3603,#3604);
#372=EDGE_LOOP('',(#3605,#3606,#3607,#3608));
#373=AXIS2_PLACEMENT_3D('',#3609,#3610,#3611);
#374=EDGE_LOOP('',(#3612,#3613,#3614,#3615));
#375=AXIS2_PLACEMENT_3D('',#3616,#3617,#3618);
#376=EDGE_LOOP('',(#3619,#3620,#3621,#3622,#3623));
#377=AXIS2_PLACEMENT_3D('',#3624,#3625,#3626);
#378=EDGE_LOOP('',(#3627,#3628,#3629,#3630));
#379=AXIS2_PLACEMENT_3D('',#3631,#3632,#3633);
#380=EDGE_LOOP('',(#3634,#3635,#3636,#3637,#3638,#3639,#3640,#3641));
#381=EDGE_LOOP('',(#3642,#3643));
#382=AXIS2_PLACEMENT_3D('',#3644,#3645,#3646);
#383=EDGE_LOOP('',(#3647,#3648,#3649,#3650));
#384=AXIS2_PLACEMENT_3D('',#3651,#3652,#3653);
#385=EDGE_LOOP('',(#3654,#3655,#3656,#3657,#3658));
#386=AXIS2_PLACEMENT_3D('',#3659,#3660,#3661);
#387=EDGE_LOOP('',(#3662,#3663,#3664,#3665,#3666,#3667,#3668,#3669,#3670,#3671,#3672,#3673,#3674,#3675,#3676));
#388=EDGE_LOOP('',(#3677,#3678));
#389=AXIS2_PLACEMENT_3D('',#3679,#3680,#3681);
#390=EDGE_LOOP('',(#3682,#3683,#3684,#3685));
#391=AXIS2_PLACEMENT_3D('',#3686,#3687,#3688);
#392=EDGE_LOOP('',(#3689,#3690,#3691,#3692));
#393=AXIS2_PLACEMENT_3D('',#3693,#3694,#3695);
#394=EDGE_LOOP('',(#3696,#3697,#3698,#3699));
#395=AXIS2_PLACEMENT_3D('',#3700,#3701,#3702);
#396=EDGE_LOOP('',(#3703,#3704,#3705,#3706));
#397=AXIS2_PLACEMENT_3D('',#3707,#3708,#3709);
#398=EDGE_LOOP('',(#3710,#3711,#3712,#3713,#3714,#3715,#3716));
#399=AXIS2_PLACEMENT_3D('',#3717,#3718,#3719);
#400=EDGE_LOOP('',(#3720,#3721,#3722,#3723));
#401=AXIS2_PLACEMENT_3D('',#3724,#3725,#3726);
#402=EDGE_LOOP('',(#3727,#3728,#3729,#3730,#3731));
#403=AXIS2_PLACEMENT_3D('',#3732,#3733,#3734);
#404=EDGE_LOOP('',(#3735,#3736,#3737,#3738));
#405=AXIS2_PLACEMENT_3D('',#3739,#3740,#3741);
#406=EDGE_LOOP('',(#3742,#3743,#3744,#3745));
#407=AXIS2_PLACEMENT_3D('',#3746,#3747,#3748);
#408=EDGE_LOOP('',(#3749,#3750,#3751,#3752));
#409=AXIS2_PLACEMENT_3D('',#3753,#3754,#3755);
#410=EDGE_LOOP('',(#3756,#3757,#3758,#3759,#3760,#3761,#3762));
#411=AXIS2_PLACEMENT_3D('',#3763,#3764,#3765);
#412=EDGE_LOOP('',(#3766,#3767,#3768,#3769));
#413=AXIS2_PLACEMENT_3D('',#3770,#3771,#3772);
#414=EDGE_LOOP('',(#3773,#3774,#3775,#3776,#3777,#3778,#3779,#3780));
#415=AXIS2_PLACEMENT_3D('',#3781,#3782,#3783);
#416=EDGE_LOOP('',(#3784,#3785,#3786,#3787,#3788,#3789,#3790));
#417=AXIS2_PLACEMENT_3D('',#3791,#3792,#3793);
#418=EDGE_LOOP('',(#3794,#3795,#3796,#3797));
#419=AXIS2_PLACEMENT_3D('',#3798,#3799,#3800);
#420=EDGE_LOOP('',(#3801,#3802,#3803,#3804));
#421=AXIS2_PLACEMENT_3D('',#3805,#3806,#3807);
#422=EDGE_LOOP('',(#3808,#3809,#3810,#3811));
#423=EDGE_LOOP('',(#3812,#3813));
#424=AXIS2_PLACEMENT_3D('',#3814,#3815,#3816);
#425=EDGE_LOOP('',(#3817,#3818,#3819,#3820,#3821));
#426=AXIS2_PLACEMENT_3D('',#3822,#3823,#3824);
#427=EDGE_LOOP('',(#3825,#3826,#3827,#3828,#3829));
#428=CARTESIAN_POINT('',(-0.00626622335765813,0.167592853352852,-0.128032935860995));
#429=CARTESIAN_POINT('',(-0.00622676704893558,0.167592852948874,-0.128032935861003));
#430=CARTESIAN_POINT('',(-0.00618723324771075,0.167591911679776,-0.128033583780272));
#431=CARTESIAN_POINT('',(-0.00592111680446053,0.167579213928217,-0.128042326116729));
#432=CARTESIAN_POINT('',(-0.00569475080917192,0.167536134907823,-0.128071990569589));
#433=CARTESIAN_POINT('',(-0.00529499781923653,0.167409441560036,-0.128159234188281));
#434=CARTESIAN_POINT('',(-0.00511480017910932,0.167330360906699,-0.128213691224979));
#435=CARTESIAN_POINT('',(-0.00477480917499327,0.167146248374422,-0.128340476561862));
#436=CARTESIAN_POINT('',(-0.00461596314758491,0.167041984719504,-0.128412275836934));
#437=CARTESIAN_POINT('',(-0.0042179934470025,0.16674370439543,-0.128617681570687));
#438=CARTESIAN_POINT('',(-0.00399342656302513,0.166534836880924,-0.128761515056844));
#439=CARTESIAN_POINT('',(-0.00358103122581093,0.166094906028878,-0.129064467277597));
#440=CARTESIAN_POINT('',(-0.0033942468417038,0.1658649501911,-0.129222823348033));
#441=CARTESIAN_POINT('',(-0.00292425904196402,0.165225130249636,-0.129663427306155));
#442=CARTESIAN_POINT('',(-0.00266556834849616,0.16480245548592,-0.129954497332975));
#443=CARTESIAN_POINT('',(-0.00228501854367157,0.164100438247311,-0.130437933630469));
#444=CARTESIAN_POINT('',(-0.00214850513106697,0.163826649720645,-0.130626475112442));
#445=CARTESIAN_POINT('',(-0.00189210622248689,0.163275585272017,-0.131005959762608));
#446=CARTESIAN_POINT('',(-0.00177228350085598,0.162998486790302,-0.131196780738329));
#447=CARTESIAN_POINT('',(-0.00153720020343594,0.162419505603286,-0.131595490194253));
#448=CARTESIAN_POINT('',(-0.00142302020320379,0.162117652932859,-0.13180335799878));
#449=CARTESIAN_POINT('',(-0.00131532461529758,0.161814099068235,-0.132012397363832));
#450=CARTESIAN_POINT('',(-0.00626622395337736,0.167534670558313,-0.128073003012249));
#451=CARTESIAN_POINT('',(-0.00622812959122901,0.167534670168279,-0.128073003012256));
#452=CARTESIAN_POINT('',(-0.0061899604116164,0.167533730785834,-0.128073649641918));
#453=CARTESIAN_POINT('',(-0.00593303102332445,0.16752105839951,-0.128082374575567));
#454=CARTESIAN_POINT('',(-0.00571448779007876,0.167478065161918,-0.128111980009889));
#455=CARTESIAN_POINT('',(-0.00532861842436145,0.16735162505954,-0.128199049330891));
#456=CARTESIAN_POINT('',(-0.00515470940862319,0.167272702777889,-0.128253397350436));
#457=CARTESIAN_POINT('',(-0.00482666392246644,0.167088960742738,-0.128379927631435));
#458=CARTESIAN_POINT('',(-0.00467344083929503,0.166984907675474,-0.12845158192652));
#459=CARTESIAN_POINT('',(-0.00428967459311859,0.166687233161732,-0.12865657057361));
#460=CARTESIAN_POINT('',(-0.00407325012733527,0.166478793148673,-0.128800109721465));
#461=CARTESIAN_POINT('',(-0.00367605198814879,0.166039772718067,-0.129102435094374));
#462=CARTESIAN_POINT('',(-0.00349628226706786,0.165810297425122,-0.129260460290622));
#463=CARTESIAN_POINT('',(-0.00304426719531898,0.165171830157175,-0.129700132866845));
#464=CARTESIAN_POINT('',(-0.00279584126474592,0.164750065397581,-0.129990576298427));
#465=CARTESIAN_POINT('',(-0.00243092548398114,0.164049593314354,-0.13047294864632));
#466=CARTESIAN_POINT('',(-0.00230016412013134,0.163776415283393,-0.130661069755495));
#467=CARTESIAN_POINT('',(-0.00205483530534599,0.163226596989202,-0.131039696328672));
#468=CARTESIAN_POINT('',(-0.00194032737719393,0.162950133712503,-0.131230079912629));
#469=CARTESIAN_POINT('',(-0.00171594803913923,0.162372499187319,-0.131627862075308));
#470=CARTESIAN_POINT('',(-0.00160712912532967,0.162071359345503,-0.131835239033482));
#471=CARTESIAN_POINT('',(-0.00150464751460342,0.161768534084946,-0.132043776687491));
#472=CARTESIAN_POINT('',(-0.00626622455779179,0.167475638485286,-0.128111836892289));
#473=CARTESIAN_POINT('',(-0.00622949214214436,0.167475638109197,-0.128111836892297));
#474=CARTESIAN_POINT('',(-0.00619268758407972,0.167474699719862,-0.128112480934797));
#475=CARTESIAN_POINT('',(-0.0059449452503659,0.167462040641414,-0.128121170956569));
#476=CARTESIAN_POINT('',(-0.00573422477910486,0.167419092286341,-0.128150657979117));
#477=CARTESIAN_POINT('',(-0.00536223903740175,0.167292784858461,-0.128237377915429));
#478=CARTESIAN_POINT('',(-0.00519461864591062,0.167213945602184,-0.128291507503617));
#479=CARTESIAN_POINT('',(-0.00487851867683071,0.167030398160454,-0.128417527289575));
#480=CARTESIAN_POINT('',(-0.0047309185371572,0.166926455855287,-0.128488891642459));
#481=CARTESIAN_POINT('',(-0.00436135574201586,0.166629100668536,-0.128693047183751));
#482=CARTESIAN_POINT('',(-0.00415307369084217,0.166420886667791,-0.128835999398402));
#483=CARTESIAN_POINT('',(-0.0037710727376223,0.165982349628033,-0.129137077803564));
#484=CARTESIAN_POINT('',(-0.00359831767114689,0.165753130435834,-0.129294446194207));
#485=CARTESIAN_POINT('',(-0.00316427529577395,0.165115387282408,-0.129732274609683));
#486=CARTESIAN_POINT('',(-0.00292611409862936,0.16469411300986,-0.130021482229793));
#487=CARTESIAN_POINT('',(-0.00257683227186353,0.163994480711686,-0.130501766294962));
#488=CARTESIAN_POINT('',(-0.00245182292449239,0.163721636073251,-0.130689064623136));
#489=CARTESIAN_POINT('',(-0.00221756412664235,0.163172501838689,-0.131066016845214));
#490=CARTESIAN_POINT('',(-0.00210837094744523,0.16289638896957,-0.13125554945351));
#491=CARTESIAN_POINT('',(-0.00189469546144737,0.162319501244423,-0.131651533199597));
#492=CARTESIAN_POINT('',(-0.00179123757023078,0.162018758840067,-0.131857961297245));
#493=CARTESIAN_POINT('',(-0.00169396986328094,0.161716342169491,-0.132065532511866));
#494=CARTESIAN_POINT('',(-0.0062662257829254,0.167355981811949,-0.128186968358974));
#495=CARTESIAN_POINT('',(-0.00623221481389072,0.167355981463724,-0.12818696835898));
#496=CARTESIAN_POINT('',(-0.00619813704776337,0.167355043383262,-0.128187604563325));
#497=CARTESIAN_POINT('',(-0.00596875216478721,0.167342388286482,-0.128196188816461));
#498=CARTESIAN_POINT('',(-0.00577366206295604,0.167299452922324,-0.128225317076422));
#499=CARTESIAN_POINT('',(-0.00542940828399605,0.167173184442327,-0.128310978973261));
#500=CARTESIAN_POINT('',(-0.0052743454933047,0.167094369732368,-0.128364447246341));
#501=CARTESIAN_POINT('',(-0.0049820895175544,0.166910880987922,-0.128488922373014));
#502=CARTESIAN_POINT('',(-0.00484570808443764,0.166806972596213,-0.128559409804864));
#503=CARTESIAN_POINT('',(-0.0045044696485073,0.166509717401611,-0.128761047314984));
#504=CARTESIAN_POINT('',(-0.00431240992730182,0.166301576331292,-0.128902227176009));
#505=CARTESIAN_POINT('',(-0.00396065780405952,0.165863201885181,-0.129199545079739));
#506=CARTESIAN_POINT('',(-0.00380184957715956,0.165634071873185,-0.129354935019997));
#507=CARTESIAN_POINT('',(-0.00340350407939647,0.164996591094995,-0.129787216087225));
#508=CARTESIAN_POINT('',(-0.00318568821684355,0.164575505099942,-0.130072714309317));
#509=CARTESIAN_POINT('',(-0.00286733426089622,0.163876216953836,-0.130546746731877));
#510=CARTESIAN_POINT('',(-0.002753688356028,0.163603513886277,-0.130731585716633));
#511=CARTESIAN_POINT('',(-0.00254127061135846,0.16305468104864,-0.131103541598133));
#512=CARTESIAN_POINT('',(-0.00244254868492596,0.162778727859054,-0.131290538958142));
#513=CARTESIAN_POINT('',(-0.00224993377937488,0.162202192437643,-0.131681174129382));
#514=CARTESIAN_POINT('',(-0.00215700784994434,0.161901644015368,-0.131884785357813));
#515=CARTESIAN_POINT('',(-0.00206996757482229,0.161599433895697,-0.132089493108499));
#516=CARTESIAN_POINT('',(-0.00626622640364452,0.167295357218077,-0.128223265941575));
#517=CARTESIAN_POINT('',(-0.00623357493457526,0.167295356883771,-0.128223265941582));
#518=CARTESIAN_POINT('',(-0.00620085933869056,0.167294418119083,-0.128223896894926));
#519=CARTESIAN_POINT('',(-0.00598064485086766,0.16728175369628,-0.12823241029119));
#520=CARTESIAN_POINT('',(-0.00579336235552853,0.167238786441126,-0.128261298199975));
#521=CARTESIAN_POINT('',(-0.00546295691242422,0.167112424236588,-0.128346251440816));
#522=CARTESIAN_POINT('',(-0.00531416309646139,0.16703355104896,-0.128399276829344));
#523=CARTESIAN_POINT('',(-0.00503380559160553,0.166849926412093,-0.128522717789688));
#524=CARTESIAN_POINT('',(-0.00490301991803154,0.166745941174064,-0.128592618241429));
#525=CARTESIAN_POINT('',(-0.00457590237769504,0.166448466652165,-0.128792570822186));
#526=CARTESIAN_POINT('',(-0.00439192256057951,0.166240172506138,-0.128932565259647));
#527=CARTESIAN_POINT('',(-0.00405522204857911,0.165801477278524,-0.129227369622402));
#528=CARTESIAN_POINT('',(-0.00390334598528276,0.165572180355443,-0.129381437913752));
#529=CARTESIAN_POINT('',(-0.00352272459295457,0.164934237868412,-0.129810015781572));
#530=CARTESIAN_POINT('',(-0.00331498926434761,0.164512849688259,-0.130093040408769));
#531=CARTESIAN_POINT('',(-0.0030119290715542,0.163813065958427,-0.130562909459003));
#532=CARTESIAN_POINT('',(-0.00290389452292785,0.163540171090446,-0.130746111876838));
#533=CARTESIAN_POINT('',(-0.00270224765043951,0.162990955637179,-0.131114745761377));
#534=CARTESIAN_POINT('',(-0.00260868213365663,0.162714811745362,-0.131300058845773));
#535=CARTESIAN_POINT('',(-0.00242642373148156,0.162137881886321,-0.131687143855189));
#536=CARTESIAN_POINT('',(-0.00233866860831867,0.16183713004188,-0.131888887074514));
#537=CARTESIAN_POINT('',(-0.00225664170937748,0.161534717919285,-0.132091697802462));
#538=CARTESIAN_POINT('',(-0.00626622766027249,0.167172624406004,-0.128293259609865));
#539=CARTESIAN_POINT('',(-0.0062362903026039,0.167172624099487,-0.128293259609871));
#540=CARTESIAN_POINT('',(-0.0062062941491251,0.167171682404766,-0.128293877338202));
#541=CARTESIAN_POINT('',(-0.00600438716372395,0.167158978258341,-0.128302212278489));
#542=CARTESIAN_POINT('',(-0.00583268959910911,0.167115875745498,-0.128330494823261));
#543=CARTESIAN_POINT('',(-0.00552991033805803,0.166989115360609,-0.128413663853715));
#544=CARTESIAN_POINT('',(-0.00539361522756042,0.166909993520957,-0.128465574375237));
#545=CARTESIAN_POINT('',(-0.0051369607347865,0.166725789592258,-0.128586413169912));
#546=CARTESIAN_POINT('',(-0.00501731231945258,0.166621476130437,-0.128654837151799));
#547=CARTESIAN_POINT('',(-0.00471827184407794,0.166323061984153,-0.128850553610847));
#548=CARTESIAN_POINT('',(-0.00455032715979218,0.166114109254478,-0.128987569790234));
#549=CARTESIAN_POINT('',(-0.00424343972978173,0.1656740252254,-0.129276065299392));
#550=CARTESIAN_POINT('',(-0.00410526367081211,0.165444001596256,-0.129426819180041));
#551=CARTESIAN_POINT('',(-0.00375959565021557,0.164804034892629,-0.129846119755086));
#552=CARTESIAN_POINT('',(-0.00357165507163459,0.164381307098207,-0.130122957447558));
#553=CARTESIAN_POINT('',(-0.00329850679027666,0.163679294659301,-0.130582433377809));
#554=CARTESIAN_POINT('',(-0.00320141579995487,0.163405529720478,-0.130761555070542));
#555=CARTESIAN_POINT('',(-0.00302071747969137,0.162854561508212,-0.1311219159186));
#556=CARTESIAN_POINT('',(-0.00293715103088602,0.162577535497522,-0.131303039535958));
#557=CARTESIAN_POINT('',(-0.00277491793841239,0.161998761223037,-0.131681305171841));
#558=CARTESIAN_POINT('',(-0.00269712813286699,0.161697047070029,-0.131878414041115));
#559=CARTESIAN_POINT('',(-0.00262473166192005,0.161393666742345,-0.132076525171083));
#560=CARTESIAN_POINT('',(-0.00626622829618128,0.167110516194406,-0.128326955691788));
#561=CARTESIAN_POINT('',(-0.00623764554980193,0.167110515901758,-0.128326955691793));
#562=CARTESIAN_POINT('',(-0.00620900666834011,0.167109571961244,-0.128327565446106));
#563=CARTESIAN_POINT('',(-0.0060162367892039,0.167096837417411,-0.128335792787189));
#564=CARTESIAN_POINT('',(-0.00585231654787075,0.167053631538505,-0.128363710318797));
#565=CARTESIAN_POINT('',(-0.00556331513015425,0.166926566699973,-0.128445803793801));
#566=CARTESIAN_POINT('',(-0.00543324974857629,0.166847254687415,-0.128497042332174));
#567=CARTESIAN_POINT('',(-0.00518839979165711,0.166662607363223,-0.128616313125758));
#568=CARTESIAN_POINT('',(-0.00507429287152276,0.166558042526384,-0.128683847616851));
#569=CARTESIAN_POINT('',(-0.00478920855301197,0.166258908091068,-0.128877012880409));
#570=CARTESIAN_POINT('',(-0.00462921908627555,0.166049449860108,-0.129012236222933));
#571=CARTESIAN_POINT('',(-0.00433709309453594,0.165608297828261,-0.129296936414646));
#572=CARTESIAN_POINT('',(-0.00420568485513563,0.165377714414609,-0.12944569753105));
#573=CARTESIAN_POINT('',(-0.00387724602594062,0.164736185237519,-0.129859424007157));
#574=CARTESIAN_POINT('',(-0.0036990195971379,0.16431242004199,-0.130132548357382));
#575=CARTESIAN_POINT('',(-0.0034404893130867,0.163608674536145,-0.130585794542471));
#576=CARTESIAN_POINT('',(-0.00334873045637285,0.163334231352444,-0.130762472079546));
#577=CARTESIAN_POINT('',(-0.00317820965556913,0.162781893054522,-0.131117881897867));
#578=CARTESIAN_POINT('',(-0.00309948577308068,0.162504175659327,-0.131296500331041));
#579=CARTESIAN_POINT('',(-0.00294692126754991,0.161923951481448,-0.131669496777043));
#580=CARTESIAN_POINT('',(-0.00287392584398651,0.161621478484859,-0.131863839320416));
#581=CARTESIAN_POINT('',(-0.00280614627742486,0.161317332002609,-0.13205914789528));
#582=CARTESIAN_POINT('',(-0.00626622958204627,0.166984927714945,-0.128391685828407));
#583=CARTESIAN_POINT('',(-0.0062403487363557,0.166984927449961,-0.128391685828412));
#584=CARTESIAN_POINT('',(-0.00621441706272606,0.166983977577649,-0.128392276862289));
#585=CARTESIAN_POINT('',(-0.00603987153912978,0.166971162805853,-0.128400251598124));
#586=CARTESIAN_POINT('',(-0.00589146059155326,0.166927684269754,-0.12842731216025));
#587=CARTESIAN_POINT('',(-0.00562990933880273,0.166799816324009,-0.128506881502356));
#588=CARTESIAN_POINT('',(-0.00551224468417765,0.166720002651097,-0.128556543333759));
#589=CARTESIAN_POINT('',(-0.00529086330172192,0.166534185554675,-0.128672136817799));
#590=CARTESIAN_POINT('',(-0.00518775824158859,0.166428957479486,-0.128737586021718));
#591=CARTESIAN_POINT('',(-0.00493034008167706,0.166127922327382,-0.128924773642554));
#592=CARTESIAN_POINT('',(-0.00478607487425388,0.165917129897494,-0.12905579944064));
#593=CARTESIAN_POINT('',(-0.00452303898450852,0.165473158125686,-0.129331623341872));
#594=CARTESIAN_POINT('',(-0.00440492148890299,0.165241096351074,-0.12947572835611));
#595=CARTESIAN_POINT('',(-0.0041102044222671,0.164595439249013,-0.129876445773892));
#596=CARTESIAN_POINT('',(-0.00395086181750684,0.16416893174481,-0.130140919287763));
#597=CARTESIAN_POINT('',(-0.00372056554062055,0.163460601297125,-0.130579683625947));
#598=CARTESIAN_POINT('',(-0.00363905741286564,0.16318436291383,-0.130750686658567));
#599=CARTESIAN_POINT('',(-0.00348801407215868,0.162628396192516,-0.131094617671778));
#600=CARTESIAN_POINT('',(-0.00341851170264618,0.162348846787902,-0.131267435674819));
#601=CARTESIAN_POINT('',(-0.00328426957062992,0.161764778263571,-0.131628249353698));
#602=CARTESIAN_POINT('',(-0.00322030836070263,0.161460291894318,-0.131816205477996));
#603=CARTESIAN_POINT('',(-0.00316117941791916,0.161154111056744,-0.132005054287537));
#604=CARTESIAN_POINT('',(-0.00626623023200241,0.166921447453839,-0.128422719879622));
#605=CARTESIAN_POINT('',(-0.00624169667556603,0.16692144720265,-0.128422719879627));
#606=CARTESIAN_POINT('',(-0.00621711493760598,0.166920493644347,-0.128423300167079));
#607=CARTESIAN_POINT('',(-0.00605165666228569,0.166907629042192,-0.128431129896785));
#608=CARTESIAN_POINT('',(-0.00591097768423792,0.166863981215615,-0.128457698502306));
#609=CARTESIAN_POINT('',(-0.00566309875027287,0.166735614618554,-0.128535819266058));
#610=CARTESIAN_POINT('',(-0.00555160509187577,0.166655489459701,-0.128584576373054));
#611=CARTESIAN_POINT('',(-0.00534188774273848,0.166468945990646,-0.128698060547232));
#612=CARTESIAN_POINT('',(-0.00524424304393944,0.166363306054703,-0.128762313953953));
#613=CARTESIAN_POINT('',(-0.00500053487338862,0.166061090483372,-0.128946075125276));
#614=CARTESIAN_POINT('',(-0.00486403869666871,0.165849469362934,-0.129074696214234));
#615=CARTESIAN_POINT('',(-0.00461533143865427,0.165403745872509,-0.129345439140112));
#616=CARTESIAN_POINT('',(-0.00450373684647315,0.165170765532853,-0.129486880815675));
#617=CARTESIAN_POINT('',(-0.00422551227759854,0.164522543017128,-0.129880163274898));
#618=CARTESIAN_POINT('',(-0.00407533928231849,0.164094330636748,-0.130139699298225));
#619=CARTESIAN_POINT('',(-0.00385865886876804,0.163383148380994,-0.130570211552118));
#620=CARTESIAN_POINT('',(-0.00378206927010505,0.163105793072491,-0.130737984245483));
#621=CARTESIAN_POINT('',(-0.00364032571520116,0.162547568080931,-0.131075387510292));
#622=CARTESIAN_POINT('',(-0.00357520220388527,0.162266878089338,-0.131244910284785));
#623=CARTESIAN_POINT('',(-0.00344961364834779,0.161680415210808,-0.131598810433382));
#624=CARTESIAN_POINT('',(-0.00338989214657204,0.161374674364089,-0.131783146494808));
#625=CARTESIAN_POINT('',(-0.003334796783069,0.161067225383828,-0.131968338132279));
#626=CARTESIAN_POINT('',(-0.00626623154479456,0.166793228908126,-0.128482070206452));
#627=CARTESIAN_POINT('',(-0.00624438282476998,0.166793228684425,-0.128482070206456));
#628=CARTESIAN_POINT('',(-0.00622249119700304,0.166792266440469,-0.128482626189268));
#629=CARTESIAN_POINT('',(-0.00607514108254551,0.166779284452983,-0.128490127970761));
#630=CARTESIAN_POINT('',(-0.00594986570583304,0.166735237903971,-0.128515583888786));
#631=CARTESIAN_POINT('',(-0.00572919111367817,0.16660569713085,-0.12859042988445));
#632=CARTESIAN_POINT('',(-0.0056299613937117,0.166524838597763,-0.128637142181154));
#633=CARTESIAN_POINT('',(-0.00544338552718226,0.166336585350778,-0.128745861690752));
#634=CARTESIAN_POINT('',(-0.00535655386647548,0.166229976135531,-0.128807415106606));
#635=CARTESIAN_POINT('',(-0.0051399392184647,0.165924983308195,-0.128983444674477));
#636=CARTESIAN_POINT('',(-0.00501873443656403,0.165711413213741,-0.129106644537303));
#637=CARTESIAN_POINT('',(-0.00479811196569533,0.165261572073181,-0.129365947401926));
#638=CARTESIAN_POINT('',(-0.00469923962320993,0.16502643352951,-0.12950139922673));
#639=CARTESIAN_POINT('',(-0.00445302841810047,0.164372186712054,-0.129877982913965));
#640=CARTESIAN_POINT('',(-0.00432047800521342,0.16393997420262,-0.130126452943377));
#641=CARTESIAN_POINT('',(-0.00412971463276562,0.163222107232083,-0.130538517708483));
#642=CARTESIAN_POINT('',(-0.00406242037369555,0.162942135312302,-0.13069907995519));
#643=CARTESIAN_POINT('',(-0.00393812898977415,0.162378623003317,-0.131021936423735));
#644=CARTESIAN_POINT('',(-0.00388115805725688,0.162095264070964,-0.131184127636258));
#645=CARTESIAN_POINT('',(-0.00377155467743361,0.161503201734693,-0.131522671936945));
#646=CARTESIAN_POINT('',(-0.00371959154437491,0.161194528956479,-0.131698981736887));
#647=CARTESIAN_POINT('',(-0.00367180670612093,0.160884117931862,-0.131876080261378));
#648=CARTESIAN_POINT('',(-0.0062662322076305,0.166728490630415,-0.128510386478874));
#649=CARTESIAN_POINT('',(-0.00624572103461911,0.166728490420409,-0.128510386478878));
#650=CARTESIAN_POINT('',(-0.00622516958123097,0.166727523176805,-0.128510928903469));
#651=CARTESIAN_POINT('',(-0.00608684037836761,0.166714473634551,-0.128518247742805));
#652=CARTESIAN_POINT('',(-0.0059692366325216,0.166670197654253,-0.128543082929691));
#653=CARTESIAN_POINT('',(-0.00576209406056935,0.16653998135872,-0.128616102734873));
#654=CARTESIAN_POINT('',(-0.00566895728101677,0.166458700938899,-0.128661674945217));
#655=CARTESIAN_POINT('',(-0.0054938588585458,0.166269464290892,-0.128767739099037));
#656=CARTESIAN_POINT('',(-0.00541237987117247,0.166162297659791,-0.128827788320638));
#657=CARTESIAN_POINT('',(-0.00520914874414686,0.16585570800464,-0.128999512733166));
#658=CARTESIAN_POINT('',(-0.00509546631548257,0.165641017634212,-0.129119696078244));
#659=CARTESIAN_POINT('',(-0.00488859996871104,0.165188810581971,-0.129372639857177));
#660=CARTESIAN_POINT('',(-0.00479592695218681,0.164952432411592,-0.129504765170851));
#661=CARTESIAN_POINT('',(-0.0045652365417679,0.164294726747142,-0.1298720850519));
#662=CARTESIAN_POINT('',(-0.00444113903911757,0.163860219019244,-0.130114426587474));
#663=CARTESIAN_POINT('',(-0.00426267670408048,0.163138519216423,-0.130516295980345));
#664=CARTESIAN_POINT('',(-0.00419975919229062,0.162857047643652,-0.130672878136118));
#665=CARTESIAN_POINT('',(-0.00408362004665957,0.162290506363751,-0.130987715600653));
#666=CARTESIAN_POINT('',(-0.00403042275118063,0.162005619120748,-0.131145870507093));
#667=CARTESIAN_POINT('',(-0.00392815077330534,0.161410351782687,-0.131475972561576));
#668=CARTESIAN_POINT('',(-0.00387970618538738,0.161100001609907,-0.131647876208004));
#669=CARTESIAN_POINT('',(-0.00383519816304725,0.160787896750986,-0.131820538847094));
#670=CARTESIAN_POINT('',(-0.00626623354499157,0.166597872344106,-0.128564250381828));
#671=CARTESIAN_POINT('',(-0.00624838532120338,0.166597872161365,-0.128564250381832));
#672=CARTESIAN_POINT('',(-0.00623050204801638,0.166596893736065,-0.128564762848961));
#673=CARTESIAN_POINT('',(-0.00611013197423991,0.166583693132311,-0.128571677476785));
#674=CARTESIAN_POINT('',(-0.0060077962814217,0.166538904144628,-0.12859514105439));
#675=CARTESIAN_POINT('',(-0.00582754302308965,0.166407177983733,-0.128664127836903));
#676=CARTESIAN_POINT('',(-0.0057464949648855,0.166324954784242,-0.1287071829301));
#677=CARTESIAN_POINT('',(-0.00559411939835934,0.166133521547238,-0.128807388363959));
#678=CARTESIAN_POINT('',(-0.00552321193769538,0.16602511026566,-0.128864120435775));
#679=CARTESIAN_POINT('',(-0.0053463425919888,0.165714956886079,-0.129026357971901));
#680=CARTESIAN_POINT('',(-0.005247399051345,0.165497768122833,-0.129139901093519));
#681=CARTESIAN_POINT('',(-0.00506733665736383,0.165040289996732,-0.129378867596224));
#682=CARTESIAN_POINT('',(-0.00498666260166191,0.164801152487713,-0.129503690972584));
#683=CARTESIAN_POINT('',(-0.00478581607987118,0.164135755656243,-0.129850708242987));
#684=CARTESIAN_POINT('',(-0.0046777435108734,0.163696152648313,-0.130079652266602));
#685=CARTESIAN_POINT('',(-0.00452227385127483,0.162965960644994,-0.130459300902342));
#686=CARTESIAN_POINT('',(-0.00446744808434247,0.162681170202728,-0.130607224169347));
#687=CARTESIAN_POINT('',(-0.00436621529213024,0.16210793371838,-0.130904649858022));
#688=CARTESIAN_POINT('',(-0.00431982955123235,0.161819672342087,-0.13105405743506));
#689=CARTESIAN_POINT('',(-0.00423061727393181,0.161217337965803,-0.131365900968529));
#690=CARTESIAN_POINT('',(-0.00418833758209229,0.160903293996302,-0.131528295737605));
#691=CARTESIAN_POINT('',(-0.00414947058537852,0.16058746424486,-0.131691407304471));
#692=CARTESIAN_POINT('',(-0.00626623421951662,0.166531992342534,-0.128589798009462));
#693=CARTESIAN_POINT('',(-0.0062497113977952,0.166531992173363,-0.128589798009465));
#694=CARTESIAN_POINT('',(-0.00623315613028701,0.166531007566029,-0.128590294077351));
#695=CARTESIAN_POINT('',(-0.00612172427301883,0.166517723455754,-0.128596987435759));
#696=CARTESIAN_POINT('',(-0.00602698500142967,0.166472650892662,-0.128619700135014));
#697=CARTESIAN_POINT('',(-0.00586008903372371,0.166340090391218,-0.128686480084752));
#698=CARTESIAN_POINT('',(-0.00578503675468641,0.166257346300401,-0.128728158146803));
#699=CARTESIAN_POINT('',(-0.00564390659489166,0.166064699879851,-0.128825160215768));
#700=CARTESIAN_POINT('',(-0.00557821798423368,0.16595560136645,-0.128880079331706));
#701=CARTESIAN_POINT('',(-0.00541432688689772,0.165643481099609,-0.129037135146255));
#702=CARTESIAN_POINT('',(-0.00532259987038996,0.165424914227375,-0.129147054562234));
#703=CARTESIAN_POINT('',(-0.00515558527464553,0.164964530960064,-0.129378402877145));
#704=CARTESIAN_POINT('',(-0.00508071083412072,0.164723873752142,-0.129499250829984));
#705=CARTESIAN_POINT('',(-0.00489418733760606,0.164054244644601,-0.129835229309548));
#706=CARTESIAN_POINT('',(-0.00479368673202927,0.163611841612203,-0.130056904330489));
#707=CARTESIAN_POINT('',(-0.00464890857791599,0.162876990321791,-0.130424527628088));
#708=CARTESIAN_POINT('',(-0.00459779774918578,0.162590380699236,-0.130567772120478));
#709=CARTESIAN_POINT('',(-0.00450331893524912,0.162013478065273,-0.130855805097494));
#710=CARTESIAN_POINT('',(-0.00445997103451104,0.161723370913985,-0.131000501688125));
#711=CARTESIAN_POINT('',(-0.00437648687467421,0.161117174614164,-0.131302529041609));
#712=CARTESIAN_POINT('',(-0.00433685342850678,0.160801114308725,-0.131459821146024));
#713=CARTESIAN_POINT('',(-0.00430035052407003,0.16048325357438,-0.131617817597954));
#714=CARTESIAN_POINT('',(-0.00626623557904423,0.166399208952068,-0.128638078730003));
#715=CARTESIAN_POINT('',(-0.00625234903576288,0.166399208809889,-0.128638078730006));
#716=CARTESIAN_POINT('',(-0.00623843522550384,0.166398210791629,-0.128638539139482));
#717=CARTESIAN_POINT('',(-0.00614478089868866,0.166384745546945,-0.128644751380484));
#718=CARTESIAN_POINT('',(-0.0060651445318942,0.16633905787755,-0.128665831268581));
#719=CARTESIAN_POINT('',(-0.00592475441489397,0.166204688582734,-0.128727815459819));
#720=CARTESIAN_POINT('',(-0.00586157770030736,0.166120815535534,-0.128766501982612));
#721=CARTESIAN_POINT('',(-0.00574266166815358,0.165925541373183,-0.128856550150369));
#722=CARTESIAN_POINT('',(-0.00568725132292915,0.165814955042395,-0.128907535968467));
#723=CARTESIAN_POINT('',(-0.00554883451635464,0.165498579633669,-0.129053359533149));
#724=CARTESIAN_POINT('',(-0.00547117723985023,0.16527703437282,-0.129155433536928));
#725=CARTESIAN_POINT('',(-0.00532941893610762,0.164810381363331,-0.129370316793424));
#726=CARTESIAN_POINT('',(-0.00526567102919306,0.164566448552059,-0.129482586046356));
#727=CARTESIAN_POINT('',(-0.00510638085784023,0.163887710641616,-0.129794787340461));
#728=CARTESIAN_POINT('',(-0.00501998879512829,0.163439295580584,-0.130000851294868));
#729=CARTESIAN_POINT('',(-0.00489471162297066,0.162694468259231,-0.130342740295576));
#730=CARTESIAN_POINT('',(-0.00485025888112305,0.162403970117121,-0.130475993633228));
#731=CARTESIAN_POINT('',(-0.00476766254152939,0.16181924506758,-0.13074401547318));
#732=CARTESIAN_POINT('',(-0.00472953737490813,0.161525206525985,-0.13087869822679));
#733=CARTESIAN_POINT('',(-0.00465565696096922,0.160910799756755,-0.131159910610887));
#734=CARTESIAN_POINT('',(-0.00462031133435255,0.160590461111245,-0.131306410747799));
#735=CARTESIAN_POINT('',(-0.00458748923302338,0.160268299824437,-0.131453618801873));
#736=CARTESIAN_POINT('',(-0.00626623626404672,0.166332305570316,-0.128660811820313));
#737=CARTESIAN_POINT('',(-0.00625366059699687,0.166332305441559,-0.128660811820315));
#738=CARTESIAN_POINT('',(-0.00624106023816608,0.166331300194424,-0.128661252970621));
#739=CARTESIAN_POINT('',(-0.0061562452243211,0.166317737322066,-0.128667205363586));
#740=CARTESIAN_POINT('',(-0.00608411534016954,0.16627171812248,-0.12868740331871));
#741=CARTESIAN_POINT('',(-0.00595687378049469,0.166136374377307,-0.128746798583798));
#742=CARTESIAN_POINT('',(-0.00589957684944989,0.166051893266707,-0.128783870598233));
#743=CARTESIAN_POINT('',(-0.00579162953314312,0.165855204550667,-0.12887016822932));
#744=CARTESIAN_POINT('',(-0.00574127860004271,0.165743817637211,-0.12891903370535));
#745=CARTESIAN_POINT('',(-0.00561535782417618,0.165425153983563,-0.129058806742113));
#746=CARTESIAN_POINT('',(-0.00554455375317204,0.165202008451265,-0.129156659040224));
#747=CARTESIAN_POINT('',(-0.0054150039137809,0.164731990862774,-0.129362695431371));
#748=CARTESIAN_POINT('',(-0.00535658290637298,0.164486302160756,-0.129470361412275));
#749=CARTESIAN_POINT('',(-0.00521020296944529,0.163802687769951,-0.129769824331675));
#750=CARTESIAN_POINT('',(-0.00513034742941549,0.16335106074418,-0.129967546243474));
#751=CARTESIAN_POINT('',(-0.00501387961056231,0.162600916765808,-0.1302957263462));
#752=CARTESIAN_POINT('',(-0.00497236996262847,0.162308349323304,-0.130423667333438));
#753=CARTESIAN_POINT('',(-0.00489490199424589,0.161719468098149,-0.130681070823749));
#754=CARTESIAN_POINT('',(-0.00485896165157534,0.161423343992654,-0.130810450772725));
#755=CARTESIAN_POINT('',(-0.00478895670410303,0.160804588799662,-0.131080664484203));
#756=CARTESIAN_POINT('',(-0.00475525255817475,0.160481988221781,-0.131221475390567));
#757=CARTESIAN_POINT('',(-0.00472374706519488,0.160157557447185,-0.131363010248698));
#758=CARTESIAN_POINT('',(-0.0062662369536727,0.166264950585868,-0.128682117224789));
#759=CARTESIAN_POINT('',(-0.00625496372260912,0.166264950470446,-0.128682117224791));
#760=CARTESIAN_POINT('',(-0.00624366835844814,0.166263937540682,-0.128682537681733));
#761=CARTESIAN_POINT('',(-0.00616763519173101,0.166250270921076,-0.128688210882436));
#762=CARTESIAN_POINT('',(-0.00610295954183969,0.166203899394083,-0.128707461159075));
#763=CARTESIAN_POINT('',(-0.00598874542757419,0.166067520787726,-0.128764076523038));
#764=CARTESIAN_POINT('',(-0.00593726102778475,0.165982394136731,-0.128799415554129));
#765=CARTESIAN_POINT('',(-0.00584012223149917,0.165784204901531,-0.128881690889584));
#766=CARTESIAN_POINT('',(-0.00579473849637779,0.165671969281314,-0.128928283891485));
#767=CARTESIAN_POINT('',(-0.00568103528257815,0.165350882083107,-0.12906157868776));
#768=CARTESIAN_POINT('',(-0.00561687500676589,0.165126043867903,-0.129154917149571));
#769=CARTESIAN_POINT('',(-0.00549905132934597,0.164652473957796,-0.129351513192978));
#770=CARTESIAN_POINT('',(-0.00544568622423738,0.164404934446934,-0.129454275855753));
#771=CARTESIAN_POINT('',(-0.00531140917588448,0.163716189993063,-0.129740198813055));
#772=CARTESIAN_POINT('',(-0.00523750097126558,0.163261194534626,-0.129929084094992));
#773=CARTESIAN_POINT('',(-0.00512877813932184,0.16250549570711,-0.130242802420267));
#774=CARTESIAN_POINT('',(-0.00508977652381565,0.16221077112649,-0.13036515342758));
#775=CARTESIAN_POINT('',(-0.0050165241543623,0.1616175677472,-0.130611413978424));
#776=CARTESIAN_POINT('',(-0.00498229133450557,0.161319279957481,-0.130735244227087));
#777=CARTESIAN_POINT('',(-0.00491512936569383,0.160696024818104,-0.130993980411017));
#778=CARTESIAN_POINT('',(-0.00488250895236917,0.160371089791398,-0.131128872929131));
#779=CARTESIAN_POINT('',(-0.00485174124205443,0.160044323424254,-0.131264525712884));
#780=EDGE_LOOP('',(#3830,#3831,#3832,#3833,#3834,#3835));
#781=CARTESIAN_POINT('',(-0.0033066922757787,0.165743720078175,-0.129306306951603));
#782=CARTESIAN_POINT('',(-0.00330060797905128,0.165726080699694,-0.129318454136269));
#783=CARTESIAN_POINT('',(-0.00329373740195704,0.165709072900143,-0.129330547914508));
#784=CARTESIAN_POINT('',(-0.00325121824767675,0.165617393759987,-0.129397980453439));
#785=CARTESIAN_POINT('',(-0.00320091396624357,0.165555342885206,-0.129452480733911));
#786=CARTESIAN_POINT('',(-0.00308109630352644,0.165454810786579,-0.129561681695451));
#787=CARTESIAN_POINT('',(-0.00301203262652865,0.165416435727338,-0.129616091072463));
#788=CARTESIAN_POINT('',(-0.002833766755871,0.165346316909918,-0.129750316228942));
#789=CARTESIAN_POINT('',(-0.00271884506686917,0.165323503291779,-0.129831857900636));
#790=CARTESIAN_POINT('',(-0.00249820639883403,0.165303033697596,-0.130000924860588));
#791=CARTESIAN_POINT('',(-0.00239254220792107,0.165304089225353,-0.130087077583961));
#792=CARTESIAN_POINT('',(-0.00222197561002219,0.165312512929966,-0.130263592774503));
#793=CARTESIAN_POINT('',(-0.00215307313502163,0.165319253618687,-0.13035148792034));
#794=CARTESIAN_POINT('',(-0.0020758865569918,0.165319624311212,-0.130535783892269));
#795=CARTESIAN_POINT('',(-0.002060483436204,0.165315222891613,-0.130629031547982));
#796=CARTESIAN_POINT('',(-0.0021017905556735,0.165276799567743,-0.130819460199538));
#797=CARTESIAN_POINT('',(-0.00214183277617783,0.165250451127727,-0.13091013665672));
#798=CARTESIAN_POINT('',(-0.0022723147487165,0.165165311834773,-0.131099556814428));
#799=CARTESIAN_POINT('',(-0.00234867184029223,0.165115742559491,-0.131191157263339));
#800=CARTESIAN_POINT('',(-0.0025270921216528,0.1649883312552,-0.131380592006342));
#801=CARTESIAN_POINT('',(-0.0026183050855417,0.164920397022965,-0.131471384852683));
#802=CARTESIAN_POINT('',(-0.00282004540099936,0.164753411080761,-0.131669073845593));
#803=CARTESIAN_POINT('',(-0.00292667422560441,0.164659521214419,-0.131772327900774));
#804=CARTESIAN_POINT('',(-0.00314109297449255,0.164445003093094,-0.131988821199364));
#805=CARTESIAN_POINT('',(-0.00324362246823987,0.164334532044213,-0.132095033876136));
#806=CARTESIAN_POINT('',(-0.00343393278186828,0.164100487899344,-0.132307638173912));
#807=CARTESIAN_POINT('',(-0.00351889316528947,0.163987338248246,-0.132407169682379));
#808=CARTESIAN_POINT('',(-0.00369134876544505,0.163726109899161,-0.13262841019897));
#809=CARTESIAN_POINT('',(-0.00377889177268527,0.16357916316019,-0.132749405909749));
#810=CARTESIAN_POINT('',(-0.00392021445089003,0.163293432206424,-0.132976224950337));
#811=CARTESIAN_POINT('',(-0.00397488250823896,0.163170822533806,-0.133071812068792));
#812=CARTESIAN_POINT('',(-0.00405910544871889,0.162948022130277,-0.133241605566158));
#813=CARTESIAN_POINT('',(-0.00409038416785768,0.162856645397929,-0.133310402705328));
#814=CARTESIAN_POINT('',(-0.00414125337556993,0.162686443076032,-0.133436770494192));
#815=CARTESIAN_POINT('',(-0.00416175665248726,0.162610576557149,-0.133492576373911));
#816=CARTESIAN_POINT('',(-0.00419976136186553,0.162450026354608,-0.133609438578964));
#817=CARTESIAN_POINT('',(-0.00421715041871434,0.162365610992544,-0.133670288637246));
#818=CARTESIAN_POINT('',(-0.00425682661900573,0.162133908401033,-0.133835537247423));
#819=CARTESIAN_POINT('',(-0.00427467268782498,0.161982476707951,-0.133941761219812));
#820=CARTESIAN_POINT('',(-0.00428975370842474,0.1617310237825,-0.134115114412936));
#821=CARTESIAN_POINT('',(-0.00429217228036847,0.16163338361135,-0.134181712143297));
#822=CARTESIAN_POINT('',(-0.00429046072845473,0.161441930840131,-0.134310980930216));
#823=CARTESIAN_POINT('',(-0.004286405135255,0.161348431706549,-0.134373455021987));
#824=CARTESIAN_POINT('',(-0.00426597616677452,0.161073877887572,-0.134555188393507));
#825=CARTESIAN_POINT('',(-0.00424128944609722,0.160900294248268,-0.134667717978995));
#826=CARTESIAN_POINT('',(-0.00415876513833521,0.160473540800334,-0.134939951313676));
#827=CARTESIAN_POINT('',(-0.00408932167514766,0.160238584726658,-0.135084964321672));
#828=CARTESIAN_POINT('',(-0.00395082183695606,0.159853603578108,-0.135317144142636));
#829=CARTESIAN_POINT('',(-0.00388382407540105,0.159696869467931,-0.135409341505625));
#830=CARTESIAN_POINT('',(-0.00374624256259899,0.159407444052221,-0.135576202279381));
#831=CARTESIAN_POINT('',(-0.00367565459188175,0.159275070395913,-0.135650649902831));
#832=CARTESIAN_POINT('',(-0.00350388771847345,0.158977190337966,-0.135814575354224));
#833=CARTESIAN_POINT('',(-0.00340234971338527,0.158821201297863,-0.135897179690422));
#834=CARTESIAN_POINT('',(-0.00320305028340732,0.15853712870182,-0.13604256380747));
#835=CARTESIAN_POINT('',(-0.00310526786988019,0.158409166740885,-0.136105256927626));
#836=CARTESIAN_POINT('',(-0.0028554257330337,0.15809929867976,-0.136251133013137));
#837=CARTESIAN_POINT('',(-0.00270882252135726,0.157935329048581,-0.136321709111462));
#838=CARTESIAN_POINT('',(-0.00243697075454463,0.157644545310488,-0.136437196466549));
#839=CARTESIAN_POINT('',(-0.00231177924088145,0.157518081712961,-0.136481901414193));
#840=CARTESIAN_POINT('',(-0.00196364709169943,0.157172289877808,-0.136591975685842));
#841=CARTESIAN_POINT('',(-0.00177476450393998,0.156991997112345,-0.136631413207554));
#842=CARTESIAN_POINT('',(-0.00146029952651537,0.156674364245197,-0.136684800926692));
#843=CARTESIAN_POINT('',(-0.00133429351517616,0.156538008747573,-0.136698055916062));
#844=CARTESIAN_POINT('',(-0.00110375483563993,0.156266026594402,-0.13671895234052));
#845=CARTESIAN_POINT('',(-0.00100498680999303,0.156133882108957,-0.136725287355344));
#846=CARTESIAN_POINT('',(-0.000917213982179279,0.15600730569329,-0.136733404462514));
#847=CARTESIAN_POINT('',(-0.00341208633364655,0.165689324051734,-0.129343767116088));
#848=CARTESIAN_POINT('',(-0.00340604215896346,0.165670301218216,-0.129356679222586));
#849=CARTESIAN_POINT('',(-0.00339925130378843,0.16565194006302,-0.129369556267895));
#850=CARTESIAN_POINT('',(-0.00335740130018294,0.165552859018411,-0.129441457201982));
#851=CARTESIAN_POINT('',(-0.00330849580931117,0.16548537734278,-0.12949995346712));
#852=CARTESIAN_POINT('',(-0.00319312348380418,0.165375312014633,-0.129617154898104));
#853=CARTESIAN_POINT('',(-0.00312708610273076,0.16533285301789,-0.129675546008518));
#854=CARTESIAN_POINT('',(-0.00295787545398441,0.165254314467208,-0.129818659201875));
#855=CARTESIAN_POINT('',(-0.00284976854081516,0.16522772561463,-0.12990485905488));
#856=CARTESIAN_POINT('',(-0.00264420021503742,0.165201660919267,-0.130080141355083));
#857=CARTESIAN_POINT('',(-0.00254666006124957,0.165200813632196,-0.130168002982336));
#858=CARTESIAN_POINT('',(-0.00239065575624183,0.1652061611914,-0.13034400674304));
#859=CARTESIAN_POINT('',(-0.00232829256480742,0.165211659865532,-0.130430181497443));
#860=CARTESIAN_POINT('',(-0.00225976126946886,0.165208926866979,-0.130608125018789));
#861=CARTESIAN_POINT('',(-0.0022469554867124,0.165202736696483,-0.130697184812202));
#862=CARTESIAN_POINT('',(-0.00228715872343988,0.165160015110023,-0.130878566208767));
#863=CARTESIAN_POINT('',(-0.00232488120787159,0.16513141619828,-0.130964813168997));
#864=CARTESIAN_POINT('',(-0.002446074470065,0.165042019284951,-0.131145770976141));
#865=CARTESIAN_POINT('',(-0.0025166828191383,0.164990509890428,-0.131233511119401));
#866=CARTESIAN_POINT('',(-0.00268108280269952,0.164860402417926,-0.131415762012513));
#867=CARTESIAN_POINT('',(-0.00276498373302905,0.164791541928468,-0.131503334842026));
#868=CARTESIAN_POINT('',(-0.00295028453054524,0.164624130893656,-0.131694436012728));
#869=CARTESIAN_POINT('',(-0.00304812981227869,0.164530576127354,-0.131794401460855));
#870=CARTESIAN_POINT('',(-0.00324475743555289,0.164318637167687,-0.132004088140569));
#871=CARTESIAN_POINT('',(-0.00333873926299357,0.164209989965662,-0.132106987559244));
#872=CARTESIAN_POINT('',(-0.00351317488895284,0.163981100106008,-0.132312799864509));
#873=CARTESIAN_POINT('',(-0.00359104569731259,0.163870781929126,-0.132409106500076));
#874=CARTESIAN_POINT('',(-0.00374916869717581,0.163616962112126,-0.132622936586612));
#875=CARTESIAN_POINT('',(-0.0038294616810217,0.163474541619103,-0.132739777603123));
#876=CARTESIAN_POINT('',(-0.00395922508075261,0.163198339163155,-0.132958469687362));
#877=CARTESIAN_POINT('',(-0.00400945792850226,0.163079967934853,-0.133050559008396));
#878=CARTESIAN_POINT('',(-0.00408695925058628,0.16286511765312,-0.133213971742575));
#879=CARTESIAN_POINT('',(-0.0041157700943163,0.16277705422341,-0.133280146706638));
#880=CARTESIAN_POINT('',(-0.00416269724992288,0.162613100674,-0.133401625758751));
#881=CARTESIAN_POINT('',(-0.00418163570610384,0.162540042102002,-0.133455251198533));
#882=CARTESIAN_POINT('',(-0.00421680500015573,0.162385466380013,-0.133567502616465));
#883=CARTESIAN_POINT('',(-0.00423293254044389,0.162304207815997,-0.133625930034302));
#884=CARTESIAN_POINT('',(-0.00426985528802642,0.162081181665917,-0.133784548125575));
#885=CARTESIAN_POINT('',(-0.00428661406022423,0.161935431990655,-0.133886457262689));
#886=CARTESIAN_POINT('',(-0.00430115591522731,0.161693327057385,-0.134052735483542));
#887=CARTESIAN_POINT('',(-0.00430366399909694,0.16159929542692,-0.134116607863578));
#888=CARTESIAN_POINT('',(-0.00430268286057639,0.161414849990259,-0.134240592839668));
#889=CARTESIAN_POINT('',(-0.00429926073174195,0.161324738710907,-0.134300516658236));
#890=CARTESIAN_POINT('',(-0.0042814144141048,0.161060007730098,-0.134474868340524));
#891=CARTESIAN_POINT('',(-0.00425935761992049,0.160892456893865,-0.134582882119485));
#892=CARTESIAN_POINT('',(-0.00418508922970576,0.160480051990178,-0.134844440060588));
#893=CARTESIAN_POINT('',(-0.00412215585492376,0.160252457521138,-0.13498405404788));
#894=CARTESIAN_POINT('',(-0.00399620720292959,0.15987875037453,-0.135208169955438));
#895=CARTESIAN_POINT('',(-0.00393513270815953,0.159726278887821,-0.135297409329822));
#896=CARTESIAN_POINT('',(-0.00380948002946747,0.159444216202523,-0.135459360956685));
#897=CARTESIAN_POINT('',(-0.00374489732032324,0.159314931683481,-0.135531865463775));
#898=CARTESIAN_POINT('',(-0.00358749659537125,0.159023472201815,-0.135692045817512));
#899=CARTESIAN_POINT('',(-0.00349424553445774,0.15887036938794,-0.135773252483571));
#900=CARTESIAN_POINT('',(-0.00331084529408187,0.15859087597352,-0.135916990153699));
#901=CARTESIAN_POINT('',(-0.00322067684319317,0.158464602717689,-0.135979437364875));
#902=CARTESIAN_POINT('',(-0.00298984729218259,0.158158136052077,-0.136125732512537));
#903=CARTESIAN_POINT('',(-0.00285393136355265,0.157995206455522,-0.136197657694625));
#904=CARTESIAN_POINT('',(-0.00260111612542717,0.157705444429621,-0.136316960361903));
#905=CARTESIAN_POINT('',(-0.00248427122916113,0.157578951491844,-0.136364135687717));
#906=CARTESIAN_POINT('',(-0.00215831395783094,0.15723230413711,-0.136482385806013));
#907=CARTESIAN_POINT('',(-0.00197994364112144,0.15705046559541,-0.136528116096274));
#908=CARTESIAN_POINT('',(-0.00168116035559054,0.15672929974895,-0.13659317401071));
#909=CARTESIAN_POINT('',(-0.00156034707327439,0.156590875741593,-0.136611871667523));
#910=CARTESIAN_POINT('',(-0.00133814734248065,0.156313822068335,-0.136643209603492));
#911=CARTESIAN_POINT('',(-0.00124212206645008,0.156178548248772,-0.136654391521372));
#912=CARTESIAN_POINT('',(-0.00115662108253394,0.15604839710272,-0.136666948531073));
#913=CARTESIAN_POINT('',(-0.00351748036400873,0.165632294590445,-0.129377403125241));
#914=CARTESIAN_POINT('',(-0.00351144637548484,0.165611821082858,-0.129391047591603));
#915=CARTESIAN_POINT('',(-0.00350470384861998,0.16559203611462,-0.12940467336901));
#916=CARTESIAN_POINT('',(-0.00346333808585659,0.165485140492349,-0.129480840772402));
#917=CARTESIAN_POINT('',(-0.00341564360781143,0.165411818373162,-0.129543134379379));
#918=CARTESIAN_POINT('',(-0.00330424575182091,0.165291266051711,-0.129667956410288));
#919=CARTESIAN_POINT('',(-0.00324095338050723,0.165244182366414,-0.129730149116331));
#920=CARTESIAN_POINT('',(-0.00308000231850393,0.165155787403855,-0.129881827097572));
#921=CARTESIAN_POINT('',(-0.00297814302311147,0.165124463541577,-0.129972586705116));
#922=CARTESIAN_POINT('',(-0.00278640589933175,0.165090860440288,-0.130154253222384));
#923=CARTESIAN_POINT('',(-0.00269633084885226,0.16508713418696,-0.130244070097378));
#924=CARTESIAN_POINT('',(-0.00255365196701113,0.165087786616741,-0.130420404672975));
#925=CARTESIAN_POINT('',(-0.0024972515215746,0.165091371430154,-0.130505404003072));
#926=CARTESIAN_POINT('',(-0.00243641275012634,0.165084792094618,-0.130678219210379));
#927=CARTESIAN_POINT('',(-0.00242580146695573,0.165076675554213,-0.13076374060669));
#928=CARTESIAN_POINT('',(-0.00246438800148444,0.165030077461992,-0.130937168876495));
#929=CARTESIAN_POINT('',(-0.00249963135207293,0.164999627225446,-0.131019441159577));
#930=CARTESIAN_POINT('',(-0.0026114676692888,0.164907175048958,-0.131192578786109));
#931=CARTESIAN_POINT('',(-0.00267636887901663,0.164854411395094,-0.131276681611546));
#932=CARTESIAN_POINT('',(-0.00282702927778388,0.164723095021937,-0.131451984358026));
#933=CARTESIAN_POINT('',(-0.002903807128106,0.164654039851363,-0.131536387604135));
#934=CARTESIAN_POINT('',(-0.00307320079407115,0.164487703887599,-0.131720888508704));
#935=CARTESIAN_POINT('',(-0.00316258428172702,0.164395235895277,-0.131817515340216));
#936=CARTESIAN_POINT('',(-0.0033421592030781,0.164187253562481,-0.132020237304827));
#937=CARTESIAN_POINT('',(-0.00342797515980389,0.164081046807657,-0.132119730181308));
#938=CARTESIAN_POINT('',(-0.00358729649186315,0.16385834827099,-0.132318565175353));
#939=CARTESIAN_POINT('',(-0.00365843274741083,0.163751292065712,-0.132411560737169));
#940=CARTESIAN_POINT('',(-0.00380296790382506,0.163505674941653,-0.132617810250088));
#941=CARTESIAN_POINT('',(-0.00387640070342677,0.163368145765376,-0.132730412702361));
#942=CARTESIAN_POINT('',(-0.00399523719004166,0.163101991910684,-0.132940854978681));
#943=CARTESIAN_POINT('',(-0.00404128006691237,0.162988043179336,-0.133029402161901));
#944=CARTESIAN_POINT('',(-0.00411242941100226,0.1627814014159,-0.133186370858844));
#945=CARTESIAN_POINT('',(-0.00413890751226953,0.162696741001873,-0.133249901393282));
#946=CARTESIAN_POINT('',(-0.00418210468260719,0.162539174236515,-0.133366456266148));
#947=CARTESIAN_POINT('',(-0.00419956119546956,0.162468976602487,-0.133417887227041));
#948=CARTESIAN_POINT('',(-0.00423204065492979,0.162320470828505,-0.133525500745873));
#949=CARTESIAN_POINT('',(-0.00424696885788541,0.162242411236037,-0.133581492522618));
#950=CARTESIAN_POINT('',(-0.00428126343441533,0.162028159313599,-0.133733445020741));
#951=CARTESIAN_POINT('',(-0.00429697107515306,0.16188813758521,-0.133831017089475));
#952=CARTESIAN_POINT('',(-0.00431095208152505,0.161655445180197,-0.133990172624346));
#953=CARTESIAN_POINT('',(-0.00431352200742528,0.161565044527655,-0.134051298449219));
#954=CARTESIAN_POINT('',(-0.00431318188890246,0.161387650843541,-0.13416994925113));
#955=CARTESIAN_POINT('',(-0.00431033205636677,0.161300949364636,-0.134227293779878));
#956=CARTESIAN_POINT('',(-0.00429484453632296,0.16104611270723,-0.134394161756429));
#957=CARTESIAN_POINT('',(-0.00427521526167442,0.160884650438865,-0.134497571351299));
#958=CARTESIAN_POINT('',(-0.00420860739203338,0.160486777079266,-0.134748166872578));
#959=CARTESIAN_POINT('',(-0.00415175007523059,0.1602666965304,-0.134882145600165));
#960=CARTESIAN_POINT('',(-0.004037570627745,0.159904597781144,-0.135097686082753));
#961=CARTESIAN_POINT('',(-0.00398206945372454,0.159756559560033,-0.135183707711682));
#962=CARTESIAN_POINT('',(-0.00386767764883183,0.15948222590454,-0.135340186907266));
#963=CARTESIAN_POINT('',(-0.00380878219961008,0.159356225977173,-0.135410444985822));
#964=CARTESIAN_POINT('',(-0.0036650298294755,0.15907167418435,-0.135566108104148));
#965=CARTESIAN_POINT('',(-0.00357968803336447,0.158921754931697,-0.135645432387681));
#966=CARTESIAN_POINT('',(-0.00341152950414565,0.158647425496564,-0.135786524517649));
#967=CARTESIAN_POINT('',(-0.00332869500942163,0.158523128308503,-0.135848211561581));
#968=CARTESIAN_POINT('',(-0.00311625970243138,0.158220778871128,-0.135993563657281));
#969=CARTESIAN_POINT('',(-0.00299077108162665,0.158059288871348,-0.136065988023612));
#970=CARTESIAN_POINT('',(-0.0027566643951037,0.157771206254559,-0.136187476637503));
#971=CARTESIAN_POINT('',(-0.00264809767039634,0.157644942278488,-0.136236343483648));
#972=CARTESIAN_POINT('',(-0.00234430462872815,0.157297997419548,-0.136360573795064));
#973=CARTESIAN_POINT('',(-0.00217669983371304,0.157114673891167,-0.13641136821178));
#974=CARTESIAN_POINT('',(-0.00189426588380495,0.156789657822463,-0.136486140325431));
#975=CARTESIAN_POINT('',(-0.00177906366124022,0.156648793693322,-0.136509546784703));
#976=CARTESIAN_POINT('',(-0.00156611200282516,0.156365646039821,-0.136550123703746));
#977=CARTESIAN_POINT('',(-0.00147332387612449,0.156226562557879,-0.136565735383267));
#978=CARTESIAN_POINT('',(-0.00139055870177035,0.156092116110828,-0.136582421871993));
#979=CARTESIAN_POINT('',(-0.00372768189545956,0.165513286143574,-0.129436839662385));
#980=CARTESIAN_POINT('',(-0.00372160015864543,0.165489789355027,-0.129451877034766));
#981=CARTESIAN_POINT('',(-0.00371488251029468,0.165467028826426,-0.129466924086101));
#982=CARTESIAN_POINT('',(-0.00367406091885618,0.165343754140222,-0.129551178209259));
#983=CARTESIAN_POINT('',(-0.00362835247725583,0.165258004691503,-0.129620624691381));
#984=CARTESIAN_POINT('',(-0.00352380640562191,0.165114738660319,-0.129759818143429));
#985=CARTESIAN_POINT('',(-0.00346534696480453,0.165057418414208,-0.129829188573842));
#986=CARTESIAN_POINT('',(-0.00331904783028052,0.164946686240747,-0.129997171498531));
#987=CARTESIAN_POINT('',(-0.00322834590464009,0.164904137555131,-0.13009673046972));
#988=CARTESIAN_POINT('',(-0.00306131725824665,0.164851904682096,-0.130291264690726));
#989=CARTESIAN_POINT('',(-0.00298458658388308,0.164840635251107,-0.130385370319578));
#990=CARTESIAN_POINT('',(-0.00286557862100012,0.164828953116419,-0.130563901553743));
#991=CARTESIAN_POINT('',(-0.00281971236912975,0.16482749601162,-0.130647597163439));
#992=CARTESIAN_POINT('',(-0.00277201939406162,0.164811931936574,-0.130812622428861));
#993=CARTESIAN_POINT('',(-0.00276490041268639,0.164799758547761,-0.130892414463251));
#994=CARTESIAN_POINT('',(-0.00279929372315285,0.16474629711705,-0.131052284874417));
#995=CARTESIAN_POINT('',(-0.00282936326577751,0.164712936847131,-0.131127610325535));
#996=CARTESIAN_POINT('',(-0.00292270221273681,0.164616683602371,-0.131286585035226));
#997=CARTESIAN_POINT('',(-0.0029764818882953,0.164562713148197,-0.131363952099769));
#998=CARTESIAN_POINT('',(-0.00310067431021433,0.164431758868629,-0.131525998782603));
#999=CARTESIAN_POINT('',(-0.00316380363866632,0.164363670183013,-0.131604238196598));
#1000=CARTESIAN_POINT('',(-0.00330288082929564,0.164202234882151,-0.131775651092696));
#1001=CARTESIAN_POINT('',(-0.00337619437534758,0.16411330725716,-0.131865563822286));
#1002=CARTESIAN_POINT('',(-0.00352350206637294,0.163915719022173,-0.132054146408707));
#1003=CARTESIAN_POINT('',(-0.00359390337920929,0.163815495514886,-0.132146683988557));
#1004=CARTESIAN_POINT('',(-0.00372475633827319,0.16360701976613,-0.132331262413204));
#1005=CARTESIAN_POINT('',(-0.00378322671205571,0.163507246833509,-0.132417489973223));
#1006=CARTESIAN_POINT('',(-0.00390223471864072,0.163279428151626,-0.132608282507919));
#1007=CARTESIAN_POINT('',(-0.00396279319887928,0.163152317973856,-0.132712258120557));
#1008=CARTESIAN_POINT('',(-0.00406112549619956,0.162907163228229,-0.132905976511685));
#1009=CARTESIAN_POINT('',(-0.0040993063111142,0.162802377365039,-0.132987357119915));
#1010=CARTESIAN_POINT('',(-0.00415852604002667,0.162612597545397,-0.133131318803485));
#1011=CARTESIAN_POINT('',(-0.00418062017426593,0.162534897262907,-0.133189518250766));
#1012=CARTESIAN_POINT('',(-0.00421679755510744,0.162390340770328,-0.13329615737753));
#1013=CARTESIAN_POINT('',(-0.00423146165279106,0.162325955771393,-0.1333431726436));
#1014=CARTESIAN_POINT('',(-0.00425886213032233,0.162189753314947,-0.13344145914614));
#1015=CARTESIAN_POINT('',(-0.00427151979443025,0.162118163810012,-0.133492555301415));
#1016=CARTESIAN_POINT('',(-0.00430081627066083,0.161921627762171,-0.13363111244465));
#1017=CARTESIAN_POINT('',(-0.00431449639830889,0.161793140744326,-0.133719971242692));
#1018=CARTESIAN_POINT('',(-0.00432731321626469,0.161579385069709,-0.13386480110141));
#1019=CARTESIAN_POINT('',(-0.0043299510608107,0.161496285452504,-0.133920398790515));
#1020=CARTESIAN_POINT('',(-0.00433071177299878,0.161333073098315,-0.134028298843197));
#1021=CARTESIAN_POINT('',(-0.00432888221341613,0.161253229898003,-0.134080437636976));
#1022=CARTESIAN_POINT('',(-0.00431765590303535,0.161018308231608,-0.134232172434304));
#1023=CARTESIAN_POINT('',(-0.00430246733895161,0.160869122064695,-0.134326230004018));
#1024=CARTESIAN_POINT('',(-0.00424995208642059,0.160500636038962,-0.134554429450241));
#1025=CARTESIAN_POINT('',(-0.00420434172144989,0.16029585274849,-0.134676745587955));
#1026=CARTESIAN_POINT('',(-0.00411204065856377,0.159957561746207,-0.134874273064007));
#1027=CARTESIAN_POINT('',(-0.00406693254402801,0.159818691522418,-0.134953417309356));
#1028=CARTESIAN_POINT('',(-0.00397359962662597,0.159560463468552,-0.135097983981593));
#1029=CARTESIAN_POINT('',(-0.00392536950296364,0.159441378448692,-0.135163223809842));
#1030=CARTESIAN_POINT('',(-0.00380728052563475,0.159171504575002,-0.135308503534229));
#1031=CARTESIAN_POINT('',(-0.00373686867067677,0.159028479719126,-0.135383207120719));
#1032=CARTESIAN_POINT('',(-0.00359758871198913,0.158765516949616,-0.13551722482338));
#1033=CARTESIAN_POINT('',(-0.00352870555625446,0.158645683135179,-0.135576464353565));
#1034=CARTESIAN_POINT('',(-0.0033513933357304,0.158352842977891,-0.135717450877572));
#1035=CARTESIAN_POINT('',(-0.00324595765204345,0.158194945145963,-0.135789302126681));
#1036=CARTESIAN_POINT('',(-0.00304806063581598,0.157911392968206,-0.135912108189971));
#1037=CARTESIAN_POINT('',(-0.00295564400871349,0.157786045748947,-0.135962876501834));
#1038=CARTESIAN_POINT('',(-0.00269539936463214,0.157439485874945,-0.136094839982918));
#1039=CARTESIAN_POINT('',(-0.00254941128141777,0.157253276149387,-0.136153324632024));
#1040=CARTESIAN_POINT('',(-0.00230037678063299,0.156919916166062,-0.136243570974513));
#1041=CARTESIAN_POINT('',(-0.00219701500772378,0.156773457271277,-0.136274866787447));
#1042=CARTESIAN_POINT('',(-0.00200404238486527,0.156476180383661,-0.136331367909167));
#1043=CARTESIAN_POINT('',(-0.00191861720266119,0.1563281981875,-0.136354913610734));
#1044=CARTESIAN_POINT('',(-0.00184217208801225,0.15618381456209,-0.136379150379221));
#1045=CARTESIAN_POINT('',(-0.0038324892879155,0.165451307219496,-0.129462640159658));
#1046=CARTESIAN_POINT('',(-0.00382634961363959,0.165426237827339,-0.129478338076616));
#1047=CARTESIAN_POINT('',(-0.00381960851218588,0.165401925554953,-0.129494057668055));
#1048=CARTESIAN_POINT('',(-0.00377884683093078,0.165270086403879,-0.129582132031058));
#1049=CARTESIAN_POINT('',(-0.0037339133896232,0.165177750092877,-0.129654934034192));
#1050=CARTESIAN_POINT('',(-0.00363224456567358,0.165022257412124,-0.129800878270756));
#1051=CARTESIAN_POINT('',(-0.00357587300200732,0.164959325336706,-0.129873624805571));
#1052=CARTESIAN_POINT('',(-0.00343596606610489,0.164836112499185,-0.13004934780692));
#1053=CARTESIAN_POINT('',(-0.00335017377739631,0.164787074106124,-0.130153146323016));
#1054=CARTESIAN_POINT('',(-0.00319402209598511,0.164723750130937,-0.1303541638748));
#1055=CARTESIAN_POINT('',(-0.00312317050228959,0.164707816642745,-0.130450602919587));
#1056=CARTESIAN_POINT('',(-0.00301450763727687,0.164688495376361,-0.130630999846297));
#1057=CARTESIAN_POINT('',(-0.00297321263123909,0.164683910361555,-0.130714567097588));
#1058=CARTESIAN_POINT('',(-0.00293097265643151,0.164663208096619,-0.130876930692776));
#1059=CARTESIAN_POINT('',(-0.00292515139682742,0.164648904302017,-0.130954531773975));
#1060=CARTESIAN_POINT('',(-0.00295696825186128,0.164592456042972,-0.131108797546684));
#1061=CARTESIAN_POINT('',(-0.0029843432187785,0.164558037025226,-0.131181150906712));
#1062=CARTESIAN_POINT('',(-0.00306854204513407,0.164461037805438,-0.131333783018796));
#1063=CARTESIAN_POINT('',(-0.0031169075004758,0.164407114703037,-0.131408051708457));
#1064=CARTESIAN_POINT('',(-0.00322837186765313,0.16427773118003,-0.131563790592129));
#1065=CARTESIAN_POINT('',(-0.00328497590845679,0.164210803542443,-0.13163903580736));
#1066=CARTESIAN_POINT('',(-0.00340964402690707,0.164053193601733,-0.131803961044803));
#1067=CARTESIAN_POINT('',(-0.00347534954428687,0.16396671945812,-0.131890498323917));
#1068=CARTESIAN_POINT('',(-0.00360744288493795,0.163775568506621,-0.132071906297453));
#1069=CARTESIAN_POINT('',(-0.00367059549073386,0.163678887721954,-0.132160895140695));
#1070=CARTESIAN_POINT('',(-0.00378809445999717,0.163478443321662,-0.132338194329798));
#1071=CARTESIAN_POINT('',(-0.00384063353474524,0.163382691646462,-0.132420964968753));
#1072=CARTESIAN_POINT('',(-0.00394770227946365,0.163164468642507,-0.13260388110794));
#1073=CARTESIAN_POINT('',(-0.00400224663954602,0.16304288611851,-0.132703468447401));
#1074=CARTESIAN_POINT('',(-0.00409100167691714,0.1628086818468,-0.132888712762473));
#1075=CARTESIAN_POINT('',(-0.00412551040511366,0.162708636344444,-0.132966468933431));
#1076=CARTESIAN_POINT('',(-0.00417915250175672,0.162527509937524,-0.133103867640299));
#1077=CARTESIAN_POINT('',(-0.00419919541281046,0.162453366766933,-0.133159380429738));
#1078=CARTESIAN_POINT('',(-0.00423208299123068,0.162315433757549,-0.13326102798911));
#1079=CARTESIAN_POINT('',(-0.00424543661763485,0.162254000453805,-0.133305822039021));
#1080=CARTESIAN_POINT('',(-0.00427044794873716,0.162124031363685,-0.133399419424));
#1081=CARTESIAN_POINT('',(-0.00428203441165427,0.162055712973472,-0.133448055598756));
#1082=CARTESIAN_POINT('',(-0.0043089609592661,0.161868118569922,-0.133579882980122));
#1083=CARTESIAN_POINT('',(-0.004321664705447,0.161745438314797,-0.133664365576013));
#1084=CARTESIAN_POINT('',(-0.00433387818366759,0.161541206841243,-0.133801992445628));
#1085=CARTESIAN_POINT('',(-0.00433652210479211,0.161461777281154,-0.133854808554736));
#1086=CARTESIAN_POINT('',(-0.00433774262749046,0.161305694503821,-0.133957292034129));
#1087=CARTESIAN_POINT('',(-0.00433636104439714,0.161229299781426,-0.134006804383903));
#1088=CARTESIAN_POINT('',(-0.00432703714529715,0.161004398781814,-0.134150889712271));
#1089=CARTESIAN_POINT('',(-0.00431386177132899,0.160861400147724,-0.134240199445422));
#1090=CARTESIAN_POINT('',(-0.0042677786106698,0.160507769907713,-0.134456965253857));
#1091=CARTESIAN_POINT('',(-0.00422733913422528,0.160310769950653,-0.134573254078334));
#1092=CARTESIAN_POINT('',(-0.00414514723190628,0.15998467828173,-0.134761344017673));
#1093=CARTESIAN_POINT('',(-0.00410485884360968,0.159850542779569,-0.134836828650248));
#1094=CARTESIAN_POINT('',(-0.00402132390462885,0.159600691271172,-0.134974955291277));
#1095=CARTESIAN_POINT('',(-0.0039780718238199,0.1594852365509,-0.135037423333235));
#1096=CARTESIAN_POINT('',(-0.00387199781435466,0.159223132861081,-0.135176836995821));
#1097=CARTESIAN_POINT('',(-0.00380860658195885,0.159083818807565,-0.135248802333629));
#1098=CARTESIAN_POINT('',(-0.00368296334843707,0.158827058649429,-0.135378391292432));
#1099=CARTESIAN_POINT('',(-0.00362069749513307,0.158709712099136,-0.135435943553478));
#1100=CARTESIAN_POINT('',(-0.00346011387441808,0.158422263878349,-0.135573507767136));
#1101=CARTESIAN_POINT('',(-0.00336430363784993,0.15826651854068,-0.135644286849749));
#1102=CARTESIAN_POINT('',(-0.0031839073449154,0.157985817246815,-0.135766224667634));
#1103=CARTESIAN_POINT('',(-0.00309936243141947,0.157861157753613,-0.135817203041487));
#1104=CARTESIAN_POINT('',(-0.0028605013179546,0.157515280187082,-0.135950919803302));
#1105=CARTESIAN_POINT('',(-0.00272536401790481,0.157327669170023,-0.136012030690197));
#1106=CARTESIAN_POINT('',(-0.00249337899654926,0.156989815420152,-0.136108037200863));
#1107=CARTESIAN_POINT('',(-0.00239624638219897,0.156840201886248,-0.136142513575702));
#1108=CARTESIAN_POINT('',(-0.00221400437098307,0.156534889810764,-0.136205699883559));
#1109=CARTESIAN_POINT('',(-0.00213270488060014,0.156381818631063,-0.136232749794574));
#1110=CARTESIAN_POINT('',(-0.0020598439357284,0.156231793209441,-0.136260407309614));
#1111=CARTESIAN_POINT('',(-0.00404093411642397,0.165322744857179,-0.129506262042492));
#1112=CARTESIAN_POINT('',(-0.00403460261643128,0.16529442189998,-0.129523203550639));
#1113=CARTESIAN_POINT('',(-0.00402773429694926,0.16526689234309,-0.129540185997287));
#1114=CARTESIAN_POINT('',(-0.0039866164537314,0.165117256804458,-0.129635418774585));
#1115=CARTESIAN_POINT('',(-0.00394273987374546,0.165011080967591,-0.129714452567685));
#1116=CARTESIAN_POINT('',(-0.00384558331689214,0.164829584660391,-0.129872935608739));
#1117=CARTESIAN_POINT('',(-0.00379264293266546,0.164754549788462,-0.129951953628715));
#1118=CARTESIAN_POINT('',(-0.00366340114971979,0.164604042616734,-0.130142179367703));
#1119=CARTESIAN_POINT('',(-0.0035859068014398,0.164540467706697,-0.130254029825246));
#1120=CARTESIAN_POINT('',(-0.00344813380171659,0.164451822069759,-0.13046789844036));
#1121=CARTESIAN_POINT('',(-0.00338721998453857,0.164424988385441,-0.130569275689288));
#1122=CARTESIAN_POINT('',(-0.00329583125679444,0.164387824299485,-0.130754784080566));
#1123=CARTESIAN_POINT('',(-0.00326208489770739,0.164375938780845,-0.130839088211786));
#1124=CARTESIAN_POINT('',(-0.00322825448358802,0.164343909254432,-0.13099857626805));
#1125=CARTESIAN_POINT('',(-0.00322406294500324,0.164325222593832,-0.131073167127995));
#1126=CARTESIAN_POINT('',(-0.00324984698845135,0.164263715114527,-0.131218688118145));
#1127=CARTESIAN_POINT('',(-0.00327171845729266,0.164227942859386,-0.131286173522469));
#1128=CARTESIAN_POINT('',(-0.0033381814563714,0.164131600747888,-0.131427765073062));
#1129=CARTESIAN_POINT('',(-0.00337620271047308,0.164078967636853,-0.131496460340065));
#1130=CARTESIAN_POINT('',(-0.00346362778423035,0.163955239389966,-0.131640385010438));
#1131=CARTESIAN_POINT('',(-0.00350797559594284,0.163891849306837,-0.131709890647962));
#1132=CARTESIAN_POINT('',(-0.00360570825729584,0.163744330338884,-0.131862092300745));
#1133=CARTESIAN_POINT('',(-0.00365723707768927,0.163663965993631,-0.131941907274339));
#1134=CARTESIAN_POINT('',(-0.00376105744306564,0.163487852877455,-0.132108867586713));
#1135=CARTESIAN_POINT('',(-0.00381076400820393,0.163399211912574,-0.132190663787318));
#1136=CARTESIAN_POINT('',(-0.00390352377061303,0.163216411740642,-0.132353175615111));
#1137=CARTESIAN_POINT('',(-0.00394508433002018,0.163129351357177,-0.132428914862964));
#1138=CARTESIAN_POINT('',(-0.00403006063388657,0.162931503376122,-0.132595829754399));
#1139=CARTESIAN_POINT('',(-0.0040734799578013,0.162821513433348,-0.13268651003482));
#1140=CARTESIAN_POINT('',(-0.00414450295611029,0.162609967438306,-0.132854604737605));
#1141=CARTESIAN_POINT('',(-0.00417220881605756,0.162519668432055,-0.132925036524544));
#1142=CARTESIAN_POINT('',(-0.00421549987510344,0.162356219606665,-0.133049198432477));
#1143=CARTESIAN_POINT('',(-0.00423173142390016,0.16228931874421,-0.133099298103764));
#1144=CARTESIAN_POINT('',(-0.00425849320276634,0.162164829131062,-0.13319089883663));
#1145=CARTESIAN_POINT('',(-0.0042694022043177,0.162109374423761,-0.133231225125973));
#1146=CARTESIAN_POINT('',(-0.00428994400993849,0.161992007428455,-0.133315396179793));
#1147=CARTESIAN_POINT('',(-0.00429951941333877,0.161930290995523,-0.133359089764095));
#1148=CARTESIAN_POINT('',(-0.00432197090955352,0.161760718692746,-0.133477399551993));
#1149=CARTESIAN_POINT('',(-0.00433279877237835,0.161649717572194,-0.133553096006632));
#1150=CARTESIAN_POINT('',(-0.00434376410653316,0.161464628564521,-0.13367625187986));
#1151=CARTESIAN_POINT('',(-0.00434636420181571,0.161392572336561,-0.133723477264563));
#1152=CARTESIAN_POINT('',(-0.00434832145298211,0.16125081539082,-0.13381506372916));
#1153=CARTESIAN_POINT('',(-0.00434771004341906,0.161181351018309,-0.133859287042774));
#1154=CARTESIAN_POINT('',(-0.00434172798847592,0.160976600810341,-0.133987946446152));
#1155=CARTESIAN_POINT('',(-0.00433215724348446,0.1608460633972,-0.134067650464189));
#1156=CARTESIAN_POINT('',(-0.00429767973909218,0.160522426078247,-0.134261182728409));
#1157=CARTESIAN_POINT('',(-0.00426664664085953,0.160341225741103,-0.134365107456693));
#1158=CARTESIAN_POINT('',(-0.00420293322455259,0.160040041910424,-0.134533627497474));
#1159=CARTESIAN_POINT('',(-0.00417148569634134,0.159915635109708,-0.134601432461222));
#1160=CARTESIAN_POINT('',(-0.00410597645042229,0.159683093032491,-0.134725880090312));
#1161=CARTESIAN_POINT('',(-0.00407190891615143,0.159575195697896,-0.134782366370469));
#1162=CARTESIAN_POINT('',(-0.00398806190164244,0.159329372554145,-0.134908911568262));
#1163=CARTESIAN_POINT('',(-0.00393770812931778,0.159197932376353,-0.134974670410188));
#1164=CARTESIAN_POINT('',(-0.00383748071181196,0.158954468076394,-0.135093862608979));
#1165=CARTESIAN_POINT('',(-0.0037875953933895,0.158842534241678,-0.135147231276029));
#1166=CARTESIAN_POINT('',(-0.00365842425802746,0.158566961448572,-0.135275765034255));
#1167=CARTESIAN_POINT('',(-0.00358081115834599,0.158416130336066,-0.135342991661498));
#1168=CARTESIAN_POINT('',(-0.00343370979214611,0.158142125794707,-0.135460416997711));
#1169=CARTESIAN_POINT('',(-0.00336425544225991,0.158019227598204,-0.135510449077357));
#1170=CARTESIAN_POINT('',(-0.00316667875906823,0.157675520667435,-0.13564372593368));
#1171=CARTESIAN_POINT('',(-0.00305292751374283,0.157485139776084,-0.135707744959267));
#1172=CARTESIAN_POINT('',(-0.00285512116486065,0.157137645173071,-0.135811396175781));
#1173=CARTESIAN_POINT('',(-0.00277084126334887,0.156981048206566,-0.135850691692866));
#1174=CARTESIAN_POINT('',(-0.00261118522471712,0.156657866865012,-0.135924620805817));
#1175=CARTESIAN_POINT('',(-0.00253890708962286,0.156493448189925,-0.135957687297154));
#1176=CARTESIAN_POINT('',(-0.00247396515394233,0.156330917662888,-0.135991408345624));
#1177=CARTESIAN_POINT('',(-0.00414457144475165,0.16525616148538,-0.129524083405508));
#1178=CARTESIAN_POINT('',(-0.00413810605359149,0.16522615757029,-0.129541607958995));
#1179=CARTESIAN_POINT('',(-0.00413113396598953,0.165196962476501,-0.129559180719359));
#1180=CARTESIAN_POINT('',(-0.00408960003104434,0.165038095038357,-0.129657751662563));
#1181=CARTESIAN_POINT('',(-0.00404600528966151,0.164924666563726,-0.129739661714747));
#1182=CARTESIAN_POINT('',(-0.00395048368857169,0.16472939335353,-0.129903932746039));
#1183=CARTESIAN_POINT('',(-0.00389888656563389,0.164647867562221,-0.129985846126977));
#1184=CARTESIAN_POINT('',(-0.00377391760547509,0.164482546872934,-0.130182834461895));
#1185=CARTESIAN_POINT('',(-0.00369981145548252,0.164410925274946,-0.130298497262617));
#1186=CARTESIAN_POINT('',(-0.00356953989516449,0.164308049387347,-0.130518733476195));
#1187=CARTESIAN_POINT('',(-0.00351268460449106,0.164274979747709,-0.130622715433993));
#1188=CARTESIAN_POINT('',(-0.00342822457222864,0.164227612339169,-0.130811469455112));
#1189=CARTESIAN_POINT('',(-0.00339745544244073,0.164211554405914,-0.130896638761501));
#1190=CARTESIAN_POINT('',(-0.00336658136411997,0.164173336060893,-0.131055912889399));
#1191=CARTESIAN_POINT('',(-0.00336272176260091,0.164152397023025,-0.131129684478405));
#1192=CARTESIAN_POINT('',(-0.0033850495217732,0.16408881714004,-0.131272065389179));
#1193=CARTESIAN_POINT('',(-0.0034041121599879,0.164052750337713,-0.131337654979562));
#1194=CARTESIAN_POINT('',(-0.0034619797256442,0.163957811089846,-0.131474548687911));
#1195=CARTESIAN_POINT('',(-0.00349507115325099,0.16390642048409,-0.131540768970119));
#1196=CARTESIAN_POINT('',(-0.00357118528392904,0.163786776470724,-0.131679187340001));
#1197=CARTESIAN_POINT('',(-0.00360980228848471,0.163725762755056,-0.131745947648285));
#1198=CARTESIAN_POINT('',(-0.00369500880018428,0.163584509133552,-0.131891913460118));
#1199=CARTESIAN_POINT('',(-0.0037399690546775,0.163507800979273,-0.131968381614852));
#1200=CARTESIAN_POINT('',(-0.00383073094792067,0.163340288207917,-0.132128068931657));
#1201=CARTESIAN_POINT('',(-0.00387424023593573,0.163256144255799,-0.132206221245181));
#1202=CARTESIAN_POINT('',(-0.003955614857306,0.163082956838859,-0.132361224971399));
#1203=CARTESIAN_POINT('',(-0.00399212822577011,0.163000566443477,-0.132433389756736));
#1204=CARTESIAN_POINT('',(-0.0040669513882645,0.162813497732443,-0.132592179805809));
#1205=CARTESIAN_POINT('',(-0.00410525980873335,0.162709572688039,-0.132678341302839));
#1206=CARTESIAN_POINT('',(-0.00416812804149275,0.16250973446074,-0.132837760470867));
#1207=CARTESIAN_POINT('',(-0.00419270312352779,0.162424441579114,-0.132904492311024));
#1208=CARTESIAN_POINT('',(-0.00423122078130435,0.162270016909458,-0.133021980396226));
#1209=CARTESIAN_POINT('',(-0.00424569219216192,0.162206801239206,-0.13306935360691));
#1210=CARTESIAN_POINT('',(-0.00426961797537133,0.162089131533465,-0.133155899080147));
#1211=CARTESIAN_POINT('',(-0.00427939282382135,0.162036703725454,-0.133193978824864));
#1212=CARTESIAN_POINT('',(-0.00429785425112617,0.161925705455381,-0.133273412664727));
#1213=CARTESIAN_POINT('',(-0.00430648979646235,0.161867319863727,-0.133314623638956));
#1214=CARTESIAN_POINT('',(-0.00432683617040831,0.161706828014735,-0.133426145595131));
#1215=CARTESIAN_POINT('',(-0.00433676453147954,0.161601699265074,-0.133497432110832));
#1216=CARTESIAN_POINT('',(-0.00434708506136793,0.16142622852113,-0.133613319977855));
#1217=CARTESIAN_POINT('',(-0.00434963525421364,0.161357875567884,-0.133657736218763));
#1218=CARTESIAN_POINT('',(-0.00435186942321064,0.161223314876349,-0.133743842243629));
#1219=CARTESIAN_POINT('',(-0.00435158021057856,0.161157332375574,-0.13378540296624));
#1220=CARTESIAN_POINT('',(-0.00434703758796083,0.160962712291623,-0.133906285918154));
#1221=CARTESIAN_POINT('',(-0.00433905828117396,0.160838448565832,-0.133981132062188));
#1222=CARTESIAN_POINT('',(-0.00430975433766029,0.160529948378031,-0.134162864437671));
#1223=CARTESIAN_POINT('',(-0.00428295672501209,0.16035676432243,-0.134260452400212));
#1224=CARTESIAN_POINT('',(-0.00422761261856775,0.160068288979631,-0.134418840125213));
#1225=CARTESIAN_POINT('',(-0.004200186214122,0.159948876148126,-0.134482625059071));
#1226=CARTESIAN_POINT('',(-0.00414290465400296,0.159725266928675,-0.134599833770797));
#1227=CARTESIAN_POINT('',(-0.00411304360464773,0.159621296662841,-0.134653110112623));
#1228=CARTESIAN_POINT('',(-0.00403940855893571,0.159383983831335,-0.134772653009761));
#1229=CARTESIAN_POINT('',(-0.00399507157905425,0.159256706690863,-0.134834943674885));
#1230=CARTESIAN_POINT('',(-0.00390662313883901,0.159020335555314,-0.134948168013202));
#1231=CARTESIAN_POINT('',(-0.00386250098438864,0.158911327125741,-0.134999040440597));
#1232=CARTESIAN_POINT('',(-0.00374801352626557,0.158642237694449,-0.135121966288379));
#1233=CARTESIAN_POINT('',(-0.00367897195844051,0.158494168225318,-0.135186712782185));
#1234=CARTESIAN_POINT('',(-0.00354766444899388,0.158224009384109,-0.135300494182266));
#1235=CARTESIAN_POINT('',(-0.0034854287610183,0.158102184677558,-0.135349370050072));
#1236=CARTESIAN_POINT('',(-0.0033077524072275,0.157759965861732,-0.135480454112883));
#1237=CARTESIAN_POINT('',(-0.00320453606076919,0.157568216291428,-0.135544755235159));
#1238=CARTESIAN_POINT('',(-0.0030238583101104,0.157215574518806,-0.135650291235256));
#1239=CARTESIAN_POINT('',(-0.00294620173746646,0.157055148769208,-0.135691225386898));
#1240=CARTESIAN_POINT('',(-0.00279840070490764,0.156722133440232,-0.13576921215424));
#1241=CARTESIAN_POINT('',(-0.002731018118937,0.156551456341943,-0.135804790987942));
#1242=CARTESIAN_POINT('',(-0.0026704109305249,0.156382062608732,-0.135841154785734));
#1243=CARTESIAN_POINT('',(-0.00435009923061322,0.165118760869475,-0.129551647806215));
#1244=CARTESIAN_POINT('',(-0.00434328278993875,0.165085301217145,-0.129570256320228));
#1245=CARTESIAN_POINT('',(-0.00433601488214425,0.165052676429927,-0.129588922584798));
#1246=CARTESIAN_POINT('',(-0.00429312456874763,0.164874766490477,-0.129693658781382));
#1247=CARTESIAN_POINT('',(-0.00424954723405725,0.164746254592051,-0.129780812097543));
#1248=CARTESIAN_POINT('',(-0.00415592069305802,0.164522086003634,-0.129955621497248));
#1249=CARTESIAN_POINT('',(-0.00410618642490442,0.164426819570127,-0.130042800274512));
#1250=CARTESIAN_POINT('',(-0.00398742025895581,0.164229868080173,-0.130252211299754));
#1251=CARTESIAN_POINT('',(-0.00391840934317138,0.164140823059952,-0.13037498283955));
#1252=CARTESIAN_POINT('',(-0.00379940792874632,0.16400683153331,-0.130607652110209));
#1253=CARTESIAN_POINT('',(-0.00374865401941499,0.163959971847375,-0.130717018263179));
#1254=CARTESIAN_POINT('',(-0.00367428129244823,0.16389008854713,-0.130913487911848));
#1255=CARTESIAN_POINT('',(-0.00364771198246074,0.163864845491688,-0.131001318916641));
#1256=CARTESIAN_POINT('',(-0.00362006159732108,0.163813480429132,-0.13116255839122));
#1257=CARTESIAN_POINT('',(-0.00361585545793877,0.163788005097691,-0.131236062944028));
#1258=CARTESIAN_POINT('',(-0.00363048256668342,0.163721198281246,-0.131374697631312));
#1259=CARTESIAN_POINT('',(-0.0036439092618322,0.163685257102315,-0.131437624473869));
#1260=CARTESIAN_POINT('',(-0.0036854238198375,0.163595053191373,-0.131566904185003));
#1261=CARTESIAN_POINT('',(-0.00370930795112221,0.163547203814342,-0.131628871713232));
#1262=CARTESIAN_POINT('',(-0.00376456822717102,0.163437912653444,-0.131757228633769));
#1263=CARTESIAN_POINT('',(-0.00379268696749281,0.163382697713346,-0.131818818008952));
#1264=CARTESIAN_POINT('',(-0.00385505242359291,0.16325605217857,-0.13195270217912));
#1265=CARTESIAN_POINT('',(-0.00388807259232418,0.163187671572333,-0.132022571936264));
#1266=CARTESIAN_POINT('',(-0.00395514167157966,0.163039167952386,-0.132167729966915));
#1267=CARTESIAN_POINT('',(-0.00398742083178867,0.162964809866596,-0.132238548481011));
#1268=CARTESIAN_POINT('',(-0.00404816894595575,0.162812150042817,-0.13237838379194));
#1269=CARTESIAN_POINT('',(-0.00407553965498031,0.162739630391612,-0.132443311935964));
#1270=CARTESIAN_POINT('',(-0.00413195735048265,0.162575082704985,-0.132585653834548));
#1271=CARTESIAN_POINT('',(-0.00416099465960746,0.162483721235088,-0.13266266754598));
#1272=CARTESIAN_POINT('',(-0.00420903613883541,0.162307906116496,-0.132804558326595));
#1273=CARTESIAN_POINT('',(-0.0042279102887407,0.162232837625422,-0.132863821964361));
#1274=CARTESIAN_POINT('',(-0.00425770993701557,0.162096756019647,-0.132967860153321));
#1275=CARTESIAN_POINT('',(-0.00426895999559167,0.162041012240041,-0.133009743219799));
#1276=CARTESIAN_POINT('',(-0.00428767874039079,0.161937137726192,-0.133086118393293));
#1277=CARTESIAN_POINT('',(-0.00429536555904338,0.161890823101856,-0.133119681204407));
#1278=CARTESIAN_POINT('',(-0.00430998160471334,0.161792669142278,-0.133189595770225));
#1279=CARTESIAN_POINT('',(-0.00431687140395086,0.161740992371048,-0.133225820657094));
#1280=CARTESIAN_POINT('',(-0.00433327777021645,0.161598771266349,-0.133323715101989));
#1281=CARTESIAN_POINT('',(-0.00434148584250096,0.161505439524177,-0.133386153459408));
#1282=CARTESIAN_POINT('',(-0.00435047647568106,0.161349281584068,-0.133487455710312));
#1283=CARTESIAN_POINT('',(-0.0043528708840217,0.16128836247946,-0.133526233617456));
#1284=CARTESIAN_POINT('',(-0.00435547505759428,0.16116824970832,-0.13360133357757));
#1285=CARTESIAN_POINT('',(-0.00435570352784447,0.161109258999817,-0.13363754406975));
#1286=CARTESIAN_POINT('',(-0.00435357230688515,0.160934991502698,-0.133742786282439));
#1287=CARTESIAN_POINT('',(-0.00434834882024443,0.160823348274467,-0.133807840623537));
#1288=CARTESIAN_POINT('',(-0.00432811102859261,0.160545359791925,-0.133965713507884));
#1289=CARTESIAN_POINT('',(-0.0043088257766771,0.160388403691489,-0.134050402717518));
#1290=CARTESIAN_POINT('',(-0.00426841746819385,0.160125769303246,-0.134188003330581));
#1291=CARTESIAN_POINT('',(-0.00424819875669126,0.160016559400462,-0.134243472216965));
#1292=CARTESIAN_POINT('',(-0.0042057154820982,0.159811275754401,-0.134345580677784));
#1293=CARTESIAN_POINT('',(-0.00418344504186902,0.15971540425612,-0.13439209097246));
#1294=CARTESIAN_POINT('',(-0.00412829156613737,0.15949572071717,-0.134496719568277));
#1295=CARTESIAN_POINT('',(-0.00409488883152425,0.159377140411409,-0.134551480087652));
#1296=CARTESIAN_POINT('',(-0.00402792907081767,0.159155683482662,-0.134651497992032));
#1297=CARTESIAN_POINT('',(-0.00399436316124741,0.159052882831877,-0.134696701214121));
#1298=CARTESIAN_POINT('',(-0.00390687576098241,0.158797645860252,-0.134806560875691));
#1299=CARTESIAN_POINT('',(-0.00385370659005759,0.158655590189785,-0.134865132802712));
#1300=CARTESIAN_POINT('',(-0.00375184561312096,0.158393913205615,-0.13496919425998));
#1301=CARTESIAN_POINT('',(-0.00370317699305001,0.158274535480856,-0.13501454136022));
#1302=CARTESIAN_POINT('',(-0.00356319184342915,0.157935893243435,-0.135137679874873));
#1303=CARTESIAN_POINT('',(-0.00348036085266296,0.157741377486677,-0.135200363896436));
#1304=CARTESIAN_POINT('',(-0.00333343220544599,0.157377779833724,-0.135305987246015));
#1305=CARTESIAN_POINT('',(-0.00326919448715269,0.15720907417252,-0.13534868883446));
#1306=CARTESIAN_POINT('',(-0.00314585860104039,0.156854770661833,-0.135432164615362));
#1307=CARTESIAN_POINT('',(-0.00308890334586906,0.156670543190743,-0.135471736179049));
#1308=CARTESIAN_POINT('',(-0.00303760299968738,0.156486354208935,-0.135512558303699));
#1309=CARTESIAN_POINT('',(-0.0044519895819298,0.165047943696378,-0.12956139082966));
#1310=CARTESIAN_POINT('',(-0.00444495598012045,0.16501270926847,-0.129580500257901));
#1311=CARTESIAN_POINT('',(-0.0044374960171985,0.164978320328799,-0.129599669711918));
#1312=CARTESIAN_POINT('',(-0.00439366539838615,0.164790599812336,-0.129707232989567));
#1313=CARTESIAN_POINT('',(-0.00434982361046495,0.164654257155612,-0.129796753303249));
#1314=CARTESIAN_POINT('',(-0.00425645711433389,0.164414970172149,-0.129976313058644));
#1315=CARTESIAN_POINT('',(-0.00420724240173433,0.164312454068005,-0.130065861856223));
#1316=CARTESIAN_POINT('',(-0.00409040608798036,0.164098685463221,-0.130280932925474));
#1317=CARTESIAN_POINT('',(-0.00402310211428486,0.164000263843955,-0.130407000819382));
#1318=CARTESIAN_POINT('',(-0.00390786916705317,0.16384938727776,-0.130645735438681));
#1319=CARTESIAN_POINT('',(-0.00385915796931986,0.163794973710268,-0.130757881011008));
#1320=CARTESIAN_POINT('',(-0.00378794356980656,0.163712778260101,-0.130958820527337));
#1321=CARTESIAN_POINT('',(-0.00376259671252254,0.163682522703718,-0.131048447992942));
#1322=CARTESIAN_POINT('',(-0.00373521351337911,0.163624200029291,-0.131211866667353));
#1323=CARTESIAN_POINT('',(-0.00373032885681171,0.163596440872612,-0.131285923437774));
#1324=CARTESIAN_POINT('',(-0.0037407116750482,0.163528479499081,-0.131423952015639));
#1325=CARTESIAN_POINT('',(-0.00375131134054362,0.163492958416466,-0.131486111960771));
#1326=CARTESIAN_POINT('',(-0.00378506855975307,0.163406086715117,-0.13161247561889));
#1327=CARTESIAN_POINT('',(-0.00380467535215188,0.16336053590354,-0.131672665434333));
#1328=CARTESIAN_POINT('',(-0.00385039296440934,0.163257513033672,-0.131796467313185));
#1329=CARTESIAN_POINT('',(-0.00387374435941234,0.163205720344733,-0.131855631133035));
#1330=CARTESIAN_POINT('',(-0.00392579510436758,0.163087417254671,-0.131983669587481));
#1331=CARTESIAN_POINT('',(-0.00395344383760641,0.163023707867615,-0.132050287802892));
#1332=CARTESIAN_POINT('',(-0.00400987870039031,0.162885612830771,-0.132188189597484));
#1333=CARTESIAN_POINT('',(-0.00403712505609303,0.162816543508558,-0.132255318219095));
#1334=CARTESIAN_POINT('',(-0.00408863186602376,0.162674798391025,-0.132387493241827));
#1335=CARTESIAN_POINT('',(-0.00411190712713198,0.162607479447538,-0.132448759215063));
#1336=CARTESIAN_POINT('',(-0.00416007252742532,0.162454673437345,-0.132582777816124));
#1337=CARTESIAN_POINT('',(-0.00418494963874169,0.162369810613615,-0.132655162528068));
#1338=CARTESIAN_POINT('',(-0.00422631914080982,0.162206310800071,-0.132788200457759));
#1339=CARTESIAN_POINT('',(-0.00424262313935998,0.162136460564057,-0.132843695839947));
#1340=CARTESIAN_POINT('',(-0.00426847818258876,0.162009697853116,-0.132940957954971));
#1341=CARTESIAN_POINT('',(-0.00427826702770347,0.161957740767855,-0.132980077337571));
#1342=CARTESIAN_POINT('',(-0.00429461473089016,0.161860841532774,-0.133051337470463));
#1343=CARTESIAN_POINT('',(-0.00430134767320856,0.161817613190836,-0.133082629892388));
#1344=CARTESIAN_POINT('',(-0.00431419871612236,0.161725934813227,-0.133147762397772));
#1345=CARTESIAN_POINT('',(-0.00432028262752414,0.161677636019848,-0.133181483807222));
#1346=CARTESIAN_POINT('',(-0.004334854108768,0.161544605202932,-0.133272538572447));
#1347=CARTESIAN_POINT('',(-0.00434224139412732,0.161457198096389,-0.133330538710687));
#1348=CARTESIAN_POINT('',(-0.00435054693494383,0.161310734695286,-0.133424523352761));
#1349=CARTESIAN_POINT('',(-0.00435283546122027,0.161253546164301,-0.133460472070555));
#1350=CARTESIAN_POINT('',(-0.00435553272148669,0.161140685058811,-0.133530046407433));
#1351=CARTESIAN_POINT('',(-0.00435595667763347,0.161085204270609,-0.133563569261344));
#1352=CARTESIAN_POINT('',(-0.0043547974256963,0.160921159235445,-0.133660947190863));
#1353=CARTESIAN_POINT('',(-0.00435073832059938,0.160815862816631,-0.133721067607607));
#1354=CARTESIAN_POINT('',(-0.00433439311757559,0.160553248903902,-0.133866880907415));
#1355=CARTESIAN_POINT('',(-0.00431838473794841,0.160404504471989,-0.133945008147297));
#1356=CARTESIAN_POINT('',(-0.00428454290601667,0.160155002532773,-0.134071954011173));
#1357=CARTESIAN_POINT('',(-0.00426751075609354,0.16005100157845,-0.13412312690675));
#1358=CARTESIAN_POINT('',(-0.00423159805904992,0.159855110618704,-0.134217374099331));
#1359=CARTESIAN_POINT('',(-0.00421271172844411,0.159763410800964,-0.134260328323691));
#1360=CARTESIAN_POINT('',(-0.0041658278080282,0.159552846189363,-0.134357045025628));
#1361=CARTESIAN_POINT('',(-0.00413734249041204,0.15943879964253,-0.134407743650119));
#1362=CARTESIAN_POINT('',(-0.0040800923405183,0.15922516366749,-0.134500523146832));
#1363=CARTESIAN_POINT('',(-0.00405131945628493,0.159125645340187,-0.134542553494931));
#1364=CARTESIAN_POINT('',(-0.00397614826600912,0.158877777325224,-0.134644955136461));
#1365=CARTESIAN_POINT('',(-0.00393027982931696,0.158738973713503,-0.134699832802897));
#1366=CARTESIAN_POINT('',(-0.00384207123711042,0.158481932698985,-0.134797818595203));
#1367=CARTESIAN_POINT('',(-0.00379975086338368,0.158363928375682,-0.134840793308255));
#1368=CARTESIAN_POINT('',(-0.00367755609855332,0.158027374362265,-0.134958179539099));
#1369=CARTESIAN_POINT('',(-0.00360457523588963,0.157831460989788,-0.135018964616838));
#1370=CARTESIAN_POINT('',(-0.00347426655434508,0.157462054537587,-0.135122790877306));
#1371=CARTESIAN_POINT('',(-0.00341682414838128,0.157288897764206,-0.135165621363472));
#1372=CARTESIAN_POINT('',(-0.00330609805421333,0.156923140173406,-0.135250528605696));
#1373=CARTESIAN_POINT('',(-0.00325467445840143,0.156731620859802,-0.135291580551313));
#1374=CARTESIAN_POINT('',(-0.00320834610562413,0.156539499958199,-0.135334218233258));
#1375=CARTESIAN_POINT('',(-0.00465345622359958,0.164902469688222,-0.129572744306829));
#1376=CARTESIAN_POINT('',(-0.00464589831535738,0.164863607275674,-0.129592769886764));
#1377=CARTESIAN_POINT('',(-0.00463795864153136,0.164825607510166,-0.129612854871282));
#1378=CARTESIAN_POINT('',(-0.00459167903828651,0.16461778147763,-0.129725539277634));
#1379=CARTESIAN_POINT('',(-0.00454671361793629,0.164465293016821,-0.129819262030311));
#1380=CARTESIAN_POINT('',(-0.00445237403663047,0.164194653471595,-0.130007228960138));
#1381=CARTESIAN_POINT('',(-0.00440330525326665,0.164077010343743,-0.130100959049048));
#1382=CARTESIAN_POINT('',(-0.00428779434507686,0.163827966022955,-0.130326152050923));
#1383=CARTESIAN_POINT('',(-0.00422208989451563,0.163709713709727,-0.130458227540801));
#1384=CARTESIAN_POINT('',(-0.00411037526876718,0.163522957175398,-0.130708636171769));
#1385=CARTESIAN_POINT('',(-0.00406358250454041,0.163452406527924,-0.130826431256671));
#1386=CARTESIAN_POINT('',(-0.00399465217367036,0.16334399660111,-0.131037382497921));
#1387=CARTESIAN_POINT('',(-0.003969881200815,0.16330310921349,-0.131131465157365));
#1388=CARTESIAN_POINT('',(-0.00394022146781264,0.16323041652793,-0.131301547153634));
#1389=CARTESIAN_POINT('',(-0.00393295058380047,0.163198154539717,-0.131378055554546));
#1390=CARTESIAN_POINT('',(-0.003934158238446,0.163128784626091,-0.131517427135109));
#1391=CARTESIAN_POINT('',(-0.00393917387224386,0.163094749716244,-0.131579212457216));
#1392=CARTESIAN_POINT('',(-0.00395850561483534,0.163016200820495,-0.13170162925012));
#1393=CARTESIAN_POINT('',(-0.00397035053108813,0.162976136047636,-0.131759022384278));
#1394=CARTESIAN_POINT('',(-0.00399903948140071,0.162887450757625,-0.131874800388068));
#1395=CARTESIAN_POINT('',(-0.00401395713507002,0.162843354615614,-0.131929499671539));
#1396=CARTESIAN_POINT('',(-0.0040478554483267,0.162743406806049,-0.132046371584728));
#1397=CARTESIAN_POINT('',(-0.00406608520638911,0.162689847635224,-0.132106648682245));
#1398=CARTESIAN_POINT('',(-0.00410389084393366,0.162573992658847,-0.132230171866606));
#1399=CARTESIAN_POINT('',(-0.00412232630461689,0.16251611823598,-0.132289925340452));
#1400=CARTESIAN_POINT('',(-0.00415763365509381,0.162397208186179,-0.132406707127573));
#1401=CARTESIAN_POINT('',(-0.00417372347337566,0.162340697381835,-0.132460592169869));
#1402=CARTESIAN_POINT('',(-0.00420737599743413,0.162212106528897,-0.132577818010228));
#1403=CARTESIAN_POINT('',(-0.00422492089634505,0.162140567761271,-0.132640855815798));
#1404=CARTESIAN_POINT('',(-0.0042544766051627,0.162002152262291,-0.132756036153021));
#1405=CARTESIAN_POINT('',(-0.00426621603904753,0.161942895834099,-0.132803934326695));
#1406=CARTESIAN_POINT('',(-0.00428502980254837,0.161834988205013,-0.132887551153074));
#1407=CARTESIAN_POINT('',(-0.00429220122687156,0.161790678996388,-0.132921108686924));
#1408=CARTESIAN_POINT('',(-0.00430428043144524,0.161707844035598,-0.132982083099783));
#1409=CARTESIAN_POINT('',(-0.00430928895613714,0.16167083161396,-0.133008812464452));
#1410=CARTESIAN_POINT('',(-0.00431893048415717,0.161592182413666,-0.13306433939117));
#1411=CARTESIAN_POINT('',(-0.00432353863028552,0.161550673989179,-0.13309303479716));
#1412=CARTESIAN_POINT('',(-0.00433471486284667,0.161436104322087,-0.133170364703718));
#1413=CARTESIAN_POINT('',(-0.00434054082596357,0.161360585302315,-0.133219465634375));
#1414=CARTESIAN_POINT('',(-0.00434743721802144,0.161233569323773,-0.13329878096554));
#1415=CARTESIAN_POINT('',(-0.00434945821304196,0.161183863272496,-0.133329058815418));
#1416=CARTESIAN_POINT('',(-0.00435215762448823,0.161085549541458,-0.133387555500334));
#1417=CARTESIAN_POINT('',(-0.00435284544066107,0.161037111242788,-0.133415689186843));
#1418=CARTESIAN_POINT('',(-0.00435316030040923,0.160893586143496,-0.133497290097166));
#1419=CARTESIAN_POINT('',(-0.00435099973068818,0.16080104323546,-0.133547500832427));
#1420=CARTESIAN_POINT('',(-0.00434114404174979,0.160569371115269,-0.133669042859213));
#1421=CARTESIAN_POINT('',(-0.00433071471226029,0.160437206906381,-0.133733906314287));
#1422=CARTESIAN_POINT('',(-0.0043081572563724,0.160214305759497,-0.133839196160702));
#1423=CARTESIAN_POINT('',(-0.00429663702643985,0.16012089168964,-0.133881587753872));
#1424=CARTESIAN_POINT('',(-0.00427214292363088,0.159944145057098,-0.133959672416889));
#1425=CARTESIAN_POINT('',(-0.00425916365434007,0.159860978389493,-0.133995264026816));
#1426=CARTESIAN_POINT('',(-0.00422676881187603,0.159669121189051,-0.134075484800013));
#1427=CARTESIAN_POINT('',(-0.00420694429143609,0.159564426020932,-0.134117610151383));
#1428=CARTESIAN_POINT('',(-0.0041668766692154,0.159366984958759,-0.134194930332469));
#1429=CARTESIAN_POINT('',(-0.00414662708752843,0.159274300309789,-0.134230082084042));
#1430=CARTESIAN_POINT('',(-0.00409346086516357,0.159041831643002,-0.134316087253774));
#1431=CARTESIAN_POINT('',(-0.00406074583153428,0.15890989171679,-0.13436258144502));
#1432=CARTESIAN_POINT('',(-0.00399734018439819,0.15866268602869,-0.134446383569435));
#1433=CARTESIAN_POINT('',(-0.00396666311253447,0.158547632387581,-0.134483577448044));
#1434=CARTESIAN_POINT('',(-0.00387740453820396,0.158215624613225,-0.134586378416343));
#1435=CARTESIAN_POINT('',(-0.00382311336713327,0.158016818251985,-0.134641409948289));
#1436=CARTESIAN_POINT('',(-0.00372499905190868,0.157635128654468,-0.134738259200784));
#1437=CARTESIAN_POINT('',(-0.00368110560637737,0.15745251016175,-0.134779913423579));
#1438=CARTESIAN_POINT('',(-0.00359598372947931,0.157062436107213,-0.134865131566778));
#1439=CARTESIAN_POINT('',(-0.00355611444288661,0.156855458781058,-0.134908098940441));
#1440=CARTESIAN_POINT('',(-0.00352024146671818,0.15664658209942,-0.134953512291501));
#1441=CARTESIAN_POINT('',(-0.00475303240983429,0.164827812928344,-0.129574354754686));
#1442=CARTESIAN_POINT('',(-0.00474516735365427,0.164787097310711,-0.129594795571448));
#1443=CARTESIAN_POINT('',(-0.00473694002116294,0.164747250876124,-0.129615292896331));
#1444=CARTESIAN_POINT('',(-0.00468915172126451,0.164529129930726,-0.129730271346093));
#1445=CARTESIAN_POINT('',(-0.00464332710169958,0.164368326453558,-0.129825829535429));
#1446=CARTESIAN_POINT('',(-0.00454775433572638,0.164081452827307,-0.130017453268976));
#1447=CARTESIAN_POINT('',(-0.00449831189160491,0.163955932402365,-0.130112994618755));
#1448=CARTESIAN_POINT('',(-0.0043821964314875,0.163688429662245,-0.130342649474138));
#1449=CARTESIAN_POINT('',(-0.00431638448092104,0.163559723401086,-0.130477436176238));
#1450=CARTESIAN_POINT('',(-0.00420441951247802,0.163353972320862,-0.130733453386228));
#1451=CARTESIAN_POINT('',(-0.00415750235588531,0.163274838706147,-0.130854118511066));
#1452=CARTESIAN_POINT('',(-0.00408769755173353,0.163152526916555,-0.131070611494479));
#1453=CARTESIAN_POINT('',(-0.00406227991020018,0.163106020427761,-0.131167352826765));
#1454=CARTESIAN_POINT('',(-0.00403007634365859,0.163025915656976,-0.131341918856236));
#1455=CARTESIAN_POINT('',(-0.00402109772827476,0.162991434759335,-0.131420326639146));
#1456=CARTESIAN_POINT('',(-0.00401737458755165,0.162921810820778,-0.131561647335723));
#1457=CARTESIAN_POINT('',(-0.00401963329111175,0.162888841898567,-0.131623824953597));
#1458=CARTESIAN_POINT('',(-0.00403229708803575,0.162815283297834,-0.131745211014232));
#1459=CARTESIAN_POINT('',(-0.00404065757142854,0.162778405820462,-0.131801585228445));
#1460=CARTESIAN_POINT('',(-0.00406186071839229,0.162697789456785,-0.131913894497372));
#1461=CARTESIAN_POINT('',(-0.00407311206312206,0.162657967438882,-0.131966554846233));
#1462=CARTESIAN_POINT('',(-0.00409917280675908,0.162568032145672,-0.132078106017369));
#1463=CARTESIAN_POINT('',(-0.00411335509014439,0.162519951824457,-0.132135293575981));
#1464=CARTESIAN_POINT('',(-0.00414316581518174,0.162415928088805,-0.132251694441799));
#1465=CARTESIAN_POINT('',(-0.00415782322065909,0.162363959707297,-0.132307762680921));
#1466=CARTESIAN_POINT('',(-0.00418617246310449,0.162256969881535,-0.132416811547233));
#1467=CARTESIAN_POINT('',(-0.00419917230208897,0.162206066458567,-0.132466977837809));
#1468=CARTESIAN_POINT('',(-0.00422656426808695,0.162089949006168,-0.132575734226254));
#1469=CARTESIAN_POINT('',(-0.00424093715995209,0.162025235617829,-0.132634054127892));
#1470=CARTESIAN_POINT('',(-0.00426535106070013,0.161899589091753,-0.132740229725563));
#1471=CARTESIAN_POINT('',(-0.00427509608336782,0.161845708205289,-0.132784298946402));
#1472=CARTESIAN_POINT('',(-0.00429081317448796,0.161747336749729,-0.132861046557725));
#1473=CARTESIAN_POINT('',(-0.00429682839210743,0.161706888719251,-0.13289180592645));
#1474=CARTESIAN_POINT('',(-0.00430701014048299,0.161631142748204,-0.132947609659418));
#1475=CARTESIAN_POINT('',(-0.00431124812413328,0.161597259962461,-0.132972046355818));
#1476=CARTESIAN_POINT('',(-0.00431944514040303,0.161525164354193,-0.133022749763971));
#1477=CARTESIAN_POINT('',(-0.00432338340922893,0.161487068319441,-0.133048922643793));
#1478=CARTESIAN_POINT('',(-0.00433299927839832,0.161381769511646,-0.133119367371253));
#1479=CARTESIAN_POINT('',(-0.00433808470627833,0.16131221394204,-0.133164007313674));
#1480=CARTESIAN_POINT('',(-0.00434425704203341,0.161194950845946,-0.133235970943851));
#1481=CARTESIAN_POINT('',(-0.00434611638788663,0.16114899670045,-0.133263407115782));
#1482=CARTESIAN_POINT('',(-0.00434872486384393,0.161057978677669,-0.133316351773761));
#1483=CARTESIAN_POINT('',(-0.00434948105414693,0.161013072947993,-0.133341783932299));
#1484=CARTESIAN_POINT('',(-0.00435029805648805,0.160879845321742,-0.133415472111202));
#1485=CARTESIAN_POINT('',(-0.00434887164046109,0.160793709114255,-0.133460707093927));
#1486=CARTESIAN_POINT('',(-0.00434161287579471,0.160577604212396,-0.133570037450184));
#1487=CARTESIAN_POINT('',(-0.00433348572254647,0.160453808552793,-0.133628199107729));
#1488=CARTESIAN_POINT('',(-0.00431564615870778,0.160244375731022,-0.133722487733433));
#1489=CARTESIAN_POINT('',(-0.00430645128212054,0.160156339585755,-0.133760394042191));
#1490=CARTESIAN_POINT('',(-0.00428680518066264,0.159989344563665,-0.133830177510542));
#1491=CARTESIAN_POINT('',(-0.00427634885278722,0.159910539346643,-0.133861962615799));
#1492=CARTESIAN_POINT('',(-0.00425017349998678,0.159728270574595,-0.133933599464171));
#1493=CARTESIAN_POINT('',(-0.0042340923335411,0.159628392985834,-0.133971213514088));
#1494=CARTESIAN_POINT('',(-0.00420149756013252,0.159439325789063,-0.134040312960721));
#1495=CARTESIAN_POINT('',(-0.00418497821379058,0.159350192441668,-0.134071759086415));
#1496=CARTESIAN_POINT('',(-0.00414150061911162,0.159125754015759,-0.134148826076709));
#1497=CARTESIAN_POINT('',(-0.00411463815293307,0.158997425612617,-0.134190631239998));
#1498=CARTESIAN_POINT('',(-0.00406238283656236,0.158755419079307,-0.134266325737248));
#1499=CARTESIAN_POINT('',(-0.00403700069245594,0.158641942621021,-0.134300111357247));
#1500=CARTESIAN_POINT('',(-0.00396288752539397,0.158312392602342,-0.134394079883643));
#1501=CARTESIAN_POINT('',(-0.00391743564152653,0.158112090751253,-0.134445257117431));
#1502=CARTESIAN_POINT('',(-0.00383489525700486,0.157723926717233,-0.13453692688433));
#1503=CARTESIAN_POINT('',(-0.00379775526454532,0.157536297639863,-0.134577276079412));
#1504=CARTESIAN_POINT('',(-0.00372562748036676,0.157133361337427,-0.134661373827216));
#1505=CARTESIAN_POINT('',(-0.00369178071650305,0.156918217964443,-0.134704776263912));
#1506=CARTESIAN_POINT('',(-0.00366139101512138,0.156700517562065,-0.134751149724115));
#1507=CARTESIAN_POINT('',(-0.00494931641274157,0.164675075331034,-0.129569434107467));
#1508=CARTESIAN_POINT('',(-0.00494074104045225,0.164630590993005,-0.129590617284046));
#1509=CARTESIAN_POINT('',(-0.00493183621797407,0.164586985593584,-0.12961184591521));
#1510=CARTESIAN_POINT('',(-0.00488042255219555,0.16434788961992,-0.12973086468115));
#1511=CARTESIAN_POINT('',(-0.00483224164939602,0.164170071032716,-0.129829547769123));
#1512=CARTESIAN_POINT('',(-0.00473260702913574,0.163849853827624,-0.130027355134261));
#1513=CARTESIAN_POINT('',(-0.0046814652338217,0.163708091408971,-0.130125938389573));
#1514=CARTESIAN_POINT('',(-0.00456145045724905,0.163402420401337,-0.130363253859317));
#1515=CARTESIAN_POINT('',(-0.00449350520581024,0.163252002552641,-0.13050282941594));
#1516=CARTESIAN_POINT('',(-0.00437681322421471,0.163006747672288,-0.130769487465103));
#1517=CARTESIAN_POINT('',(-0.00432737681748038,0.162909735872324,-0.130895913539484));
#1518=CARTESIAN_POINT('',(-0.00425162698260661,0.162758599726083,-0.131124416639713));
#1519=CARTESIAN_POINT('',(-0.00422298259797618,0.162700504185736,-0.131227263531775));
#1520=CARTESIAN_POINT('',(-0.00418283343458225,0.162605458196626,-0.131412983053901));
#1521=CARTESIAN_POINT('',(-0.00416941824554076,0.162566703671268,-0.131496489076998));
#1522=CARTESIAN_POINT('',(-0.00415525580424258,0.162497435262145,-0.131644235777399));
#1523=CARTESIAN_POINT('',(-0.00415214890237698,0.162467158815425,-0.131708364218036));
#1524=CARTESIAN_POINT('',(-0.00415276881295173,0.162404924690994,-0.131829641371385));
#1525=CARTESIAN_POINT('',(-0.00415506246354008,0.162375120213616,-0.131884784079687));
#1526=CARTESIAN_POINT('',(-0.0041635700646973,0.162312015688256,-0.131991359340287));
#1527=CARTESIAN_POINT('',(-0.00416869294490749,0.162281380331145,-0.132040389758399));
#1528=CARTESIAN_POINT('',(-0.00418175327854784,0.162212698561892,-0.132141953195136));
#1529=CARTESIAN_POINT('',(-0.00418925827671608,0.16217616090005,-0.132193189331714));
#1530=CARTESIAN_POINT('',(-0.00420587680339373,0.16209681312672,-0.13229559694059));
#1531=CARTESIAN_POINT('',(-0.00421429911024071,0.162057090567297,-0.132344350921134));
#1532=CARTESIAN_POINT('',(-0.0042311173926698,0.161974637483709,-0.132437942931585));
#1533=CARTESIAN_POINT('',(-0.00423898200389374,0.161935226945747,-0.132480647303655));
#1534=CARTESIAN_POINT('',(-0.00425591083040199,0.161844550297667,-0.132572372903529));
#1535=CARTESIAN_POINT('',(-0.00426495511046592,0.161793704809703,-0.132621190333726));
#1536=CARTESIAN_POINT('',(-0.00428064974355,0.161693893040791,-0.132709231218137));
#1537=CARTESIAN_POINT('',(-0.00428699251764206,0.161650864810136,-0.132745589856252));
#1538=CARTESIAN_POINT('',(-0.00429737782056623,0.161571704479374,-0.132808515533576));
#1539=CARTESIAN_POINT('',(-0.00430138993387404,0.161539025958395,-0.132833647003495));
#1540=CARTESIAN_POINT('',(-0.00430825644110127,0.161477529588203,-0.13287905812417));
#1541=CARTESIAN_POINT('',(-0.00431113882709135,0.161449933251462,-0.132898888858428));
#1542=CARTESIAN_POINT('',(-0.00431677091984448,0.161390993748729,-0.132939907308591));
#1543=CARTESIAN_POINT('',(-0.00431950689302326,0.161359744086265,-0.132961017966353));
#1544=CARTESIAN_POINT('',(-0.00432627968487053,0.161273038103935,-0.133017653314663));
#1545=CARTESIAN_POINT('',(-0.00432996552969326,0.161215434722418,-0.133053354072174));
#1546=CARTESIAN_POINT('',(-0.00433465225812004,0.161117717692582,-0.133110595780935));
#1547=CARTESIAN_POINT('',(-0.00433613296372483,0.161079282685405,-0.133132343684856));
#1548=CARTESIAN_POINT('',(-0.00433837610317736,0.161002888666736,-0.133174176706522));
#1549=CARTESIAN_POINT('',(-0.00433914206073991,0.160965065276574,-0.133194203098826));
#1550=CARTESIAN_POINT('',(-0.00434049328548152,0.160852490100027,-0.133252056840131));
#1551=CARTESIAN_POINT('',(-0.0043401039192813,0.160779213780237,-0.133287332804609));
#1552=CARTESIAN_POINT('',(-0.00433673644899472,0.160594390424894,-0.133372195842862));
#1553=CARTESIAN_POINT('',(-0.00433223006443548,0.160487449453511,-0.133416900039512));
#1554=CARTESIAN_POINT('',(-0.00432194946878463,0.160305198737942,-0.13348901786333));
#1555=CARTESIAN_POINT('',(-0.00431652695089232,0.160228040029022,-0.133517852350401));
#1556=CARTESIAN_POINT('',(-0.00430481072729074,0.160080802755313,-0.133570779767392));
#1557=CARTESIAN_POINT('',(-0.0042985127248154,0.160010853262629,-0.133594799593331));
#1558=CARTESIAN_POINT('',(-0.00428265159968116,0.159848085818748,-0.133648841670887));
#1559=CARTESIAN_POINT('',(-0.00427283019625469,0.159758036147244,-0.133677133779365));
#1560=CARTESIAN_POINT('',(-0.00425282362573785,0.15958608544068,-0.133729112023802));
#1561=CARTESIAN_POINT('',(-0.00424263414939581,0.159504230626925,-0.133752766643737));
#1562=CARTESIAN_POINT('',(-0.00421571315252104,0.159296275720793,-0.133810873302593));
#1563=CARTESIAN_POINT('',(-0.00419897335962805,0.159175389779703,-0.133842544920354));
#1564=CARTESIAN_POINT('',(-0.00416623808533874,0.158944101186223,-0.133900436577575));
#1565=CARTESIAN_POINT('',(-0.00415024845245149,0.158833879403496,-0.133926574739454));
#1566=CARTESIAN_POINT('',(-0.00410335146409559,0.158509366752025,-0.134000354549522));
#1567=CARTESIAN_POINT('',(-0.004074293382381,0.158305903232812,-0.134042147366159));
#1568=CARTESIAN_POINT('',(-0.00402138335359726,0.15790412768742,-0.13412046897657));
#1569=CARTESIAN_POINT('',(-0.00399750922573926,0.157705991255828,-0.134156890008238));
#1570=CARTESIAN_POINT('',(-0.00395139312540782,0.157276163521108,-0.134236338195094));
#1571=CARTESIAN_POINT('',(-0.0039299294066841,0.157043992658945,-0.134279578606336));
#1572=CARTESIAN_POINT('',(-0.0039108822106272,0.156807950046475,-0.134327009848344));
#1573=CARTESIAN_POINT('',(-0.00504602412797403,0.164596994572536,-0.129562903014934));
#1574=CARTESIAN_POINT('',(-0.00503704558504442,0.164550594723351,-0.12958441331419));
#1575=CARTESIAN_POINT('',(-0.00502775092854748,0.164505077032678,-0.129605960910938));
#1576=CARTESIAN_POINT('',(-0.00497422057711826,0.164255300971031,-0.129726725947627));
#1577=CARTESIAN_POINT('',(-0.00492454257177457,0.164068782321035,-0.129826698495355));
#1578=CARTESIAN_POINT('',(-0.00482207923270585,0.163731455708493,-0.130027032680943));
#1579=CARTESIAN_POINT('',(-0.0047696117164297,0.163581328652407,-0.130126846575773));
#1580=CARTESIAN_POINT('',(-0.00464630208541465,0.163255947989711,-0.130367360786963));
#1581=CARTESIAN_POINT('',(-0.00457633096608485,0.163094272658079,-0.130509013968791));
#1582=CARTESIAN_POINT('',(-0.00445516216299373,0.162828508933441,-0.130780704221453));
#1583=CARTESIAN_POINT('',(-0.00440333081553155,0.162722202163966,-0.130910021166797));
#1584=CARTESIAN_POINT('',(-0.00432251028161978,0.162556144022455,-0.131144992543926));
#1585=CARTESIAN_POINT('',(-0.00429128576212911,0.162492078777895,-0.13125128626633));
#1586=CARTESIAN_POINT('',(-0.00424573478261154,0.16238950398894,-0.131443675147542));
#1587=CARTESIAN_POINT('',(-0.00422959075205042,0.162348694845474,-0.131530379984934));
#1588=CARTESIAN_POINT('',(-0.00420991988365603,0.162280035935424,-0.131682603546065));
#1589=CARTESIAN_POINT('',(-0.0042042043657135,0.162251385875623,-0.13174829051939));
#1590=CARTESIAN_POINT('',(-0.00419944848007534,0.162195485601747,-0.1318704895537));
#1591=CARTESIAN_POINT('',(-0.00419915980624076,0.162169566635624,-0.131925419715628));
#1592=CARTESIAN_POINT('',(-0.00420245780279011,0.162115904633165,-0.132029729790577));
#1593=CARTESIAN_POINT('',(-0.00420511858814048,0.162090181629907,-0.132077169256003));
#1594=CARTESIAN_POINT('',(-0.00421301618584224,0.162032740530904,-0.132174065780935));
#1595=CARTESIAN_POINT('',(-0.00421789141810306,0.1620022665243,-0.132222440071334));
#1596=CARTESIAN_POINT('',(-0.00422931272473629,0.161935763226271,-0.132317976797808));
#1597=CARTESIAN_POINT('',(-0.00423527801217667,0.161902380349958,-0.132363101775516));
#1598=CARTESIAN_POINT('',(-0.00424752347456765,0.161832543643087,-0.132448969878355));
#1599=CARTESIAN_POINT('',(-0.00425334284783457,0.161799018557517,-0.132487931092434));
#1600=CARTESIAN_POINT('',(-0.0042660691082507,0.161721309231296,-0.132571095367504));
#1601=CARTESIAN_POINT('',(-0.00427295678852561,0.161677506233294,-0.132615128233375));
#1602=CARTESIAN_POINT('',(-0.00428507396719168,0.161590760211555,-0.132694039146326));
#1603=CARTESIAN_POINT('',(-0.00429000890523985,0.161553209083835,-0.132726516154726));
#1604=CARTESIAN_POINT('',(-0.00429815909375558,0.161483723690727,-0.132782489112843));
#1605=CARTESIAN_POINT('',(-0.0043013243098252,0.161454953496924,-0.132804790848852));
#1606=CARTESIAN_POINT('',(-0.00430677303256351,0.161400617732025,-0.132844980036698));
#1607=CARTESIAN_POINT('',(-0.00430907036207381,0.161376178206373,-0.132862497476891));
#1608=CARTESIAN_POINT('',(-0.00431358204327151,0.161323841213809,-0.132898654487312));
#1609=CARTESIAN_POINT('',(-0.00431578559817696,0.161296025532586,-0.132917225449062));
#1610=CARTESIAN_POINT('',(-0.00432127567624189,0.161218641513666,-0.13296693659723));
#1611=CARTESIAN_POINT('',(-0.00432430247329684,0.161167026869091,-0.132998159158238));
#1612=CARTESIAN_POINT('',(-0.00432822765080418,0.161079103021953,-0.133048030647664));
#1613=CARTESIAN_POINT('',(-0.00432949136537257,0.161044435247007,-0.133066931962142));
#1614=CARTESIAN_POINT('',(-0.00433146010391042,0.160975369523644,-0.133103205376222));
#1615=CARTESIAN_POINT('',(-0.00433216745465846,0.160941095903761,-0.133120527531425));
#1616=CARTESIAN_POINT('',(-0.00433355075937807,0.160838875702988,-0.133170459571156));
#1617=CARTESIAN_POINT('',(-0.00433346428943252,0.16077205256952,-0.133200752274515));
#1618=CARTESIAN_POINT('',(-0.00433139118924206,0.160602943537882,-0.133273359683267));
#1619=CARTESIAN_POINT('',(-0.00432820339677943,0.160504488700111,-0.133311308234111));
#1620=CARTESIAN_POINT('',(-0.0043207638739706,0.160335951747004,-0.13337225652459));
#1621=CARTESIAN_POINT('',(-0.00431678835892665,0.160264292538132,-0.133396504501782));
#1622=CARTESIAN_POINT('',(-0.00430815400345946,0.160127061371038,-0.133440877129499));
#1623=CARTESIAN_POINT('',(-0.0043034913790923,0.16006160613251,-0.13346093822079));
#1624=CARTESIAN_POINT('',(-0.00429172497221417,0.159908751531112,-0.133505969564404));
#1625=CARTESIAN_POINT('',(-0.00428441996156268,0.159823712155592,-0.133529451111431));
#1626=CARTESIAN_POINT('',(-0.00426952870131977,0.159660503976284,-0.133572529066837));
#1627=CARTESIAN_POINT('',(-0.00426193883206949,0.159582376339016,-0.133592097907014));
#1628=CARTESIAN_POINT('',(-0.00424188571752523,0.159382874554232,-0.133640182698036));
#1629=CARTESIAN_POINT('',(-0.00422941596030518,0.159265819443267,-0.13366640999508));
#1630=CARTESIAN_POINT('',(-0.0042050502337291,0.159040049422443,-0.133714606841066));
#1631=CARTESIAN_POINT('',(-0.00419315809115603,0.158931505029338,-0.133736506007695));
#1632=CARTESIAN_POINT('',(-0.00415833157638561,0.158609571716767,-0.133798930132597));
#1633=CARTESIAN_POINT('',(-0.00413682779277202,0.158404441897626,-0.133835193175503));
#1634=CARTESIAN_POINT('',(-0.00409797380094612,0.157995529188782,-0.133905346623531));
#1635=CARTESIAN_POINT('',(-0.00408061191295588,0.157791896016428,-0.133939144686438));
#1636=CARTESIAN_POINT('',(-0.00404751309571899,0.157348039252307,-0.134015063929952));
#1637=CARTESIAN_POINT('',(-0.00403240977067018,0.157107007084449,-0.134057707291454));
#1638=CARTESIAN_POINT('',(-0.00401922169254609,0.156861446135886,-0.134105236220827));
#1639=CARTESIAN_POINT('',(-0.00523603284749159,0.164437843623037,-0.129541735634856));
#1640=CARTESIAN_POINT('',(-0.00522614666460885,0.164387567177779,-0.129563810752353));
#1641=CARTESIAN_POINT('',(-0.00521596442398688,0.164338176835543,-0.12958590159425));
#1642=CARTESIAN_POINT('',(-0.00515755822087173,0.164066758569051,-0.129709603976169));
#1643=CARTESIAN_POINT('',(-0.00510421084225438,0.163862558370087,-0.129811603038972));
#1644=CARTESIAN_POINT('',(-0.00499440984352334,0.163490389790845,-0.1300158442738));
#1645=CARTESIAN_POINT('',(-0.00493829165018981,0.163323193775301,-0.130117528751131));
#1646=CARTESIAN_POINT('',(-0.00480558465131377,0.162957554575768,-0.130363143951038));
#1647=CARTESIAN_POINT('',(-0.00472957104022713,0.162772851081453,-0.130508291765327));
#1648=CARTESIAN_POINT('',(-0.00459509795058536,0.162465188156712,-0.130789387500218));
#1649=CARTESIAN_POINT('',(-0.00453615358998721,0.16233991729784,-0.130924452934772));
#1650=CARTESIAN_POINT('',(-0.00444093643790208,0.162143600077734,-0.131173152363921));
#1651=CARTESIAN_POINT('',(-0.00440260627753996,0.162067515921119,-0.131287050677559));
#1652=CARTESIAN_POINT('',(-0.00434342412417498,0.161950117930275,-0.131494815838663));
#1653=CARTESIAN_POINT('',(-0.00432083655264933,0.161905463162457,-0.13158914777781));
#1654=CARTESIAN_POINT('',(-0.00428968502249553,0.161838831603511,-0.131752776994008));
#1655=CARTESIAN_POINT('',(-0.0042789667027271,0.161813895451721,-0.131822730683158));
#1656=CARTESIAN_POINT('',(-0.00426490043030157,0.161771658494319,-0.131948755070189));
#1657=CARTESIAN_POINT('',(-0.00426042445077747,0.161754000855249,-0.132004098797551));
#1658=CARTESIAN_POINT('',(-0.00425572445098819,0.16172013855313,-0.132105178609426));
#1659=CARTESIAN_POINT('',(-0.00425473178584776,0.161704650733592,-0.132149938635586));
#1660=CARTESIAN_POINT('',(-0.00425510453119696,0.161670452544831,-0.132238275489734));
#1661=CARTESIAN_POINT('',(-0.00425619693440497,0.161652457100981,-0.132281217283226));
#1662=CARTESIAN_POINT('',(-0.00426012075222977,0.161612230232989,-0.132363379827349));
#1663=CARTESIAN_POINT('',(-0.00426253442926352,0.161591770550475,-0.132401354870552));
#1664=CARTESIAN_POINT('',(-0.00426808315874935,0.161547544785874,-0.132471867069344));
#1665=CARTESIAN_POINT('',(-0.00427088121974883,0.161525937090003,-0.132503350515395));
#1666=CARTESIAN_POINT('',(-0.00427730137588244,0.161474413924214,-0.132569356170771));
#1667=CARTESIAN_POINT('',(-0.00428090802143228,0.161444801745434,-0.132603776328477));
#1668=CARTESIAN_POINT('',(-0.00428745543293165,0.161384325218265,-0.132664329886458));
#1669=CARTESIAN_POINT('',(-0.00429016777888031,0.161357773594617,-0.132688999383385));
#1670=CARTESIAN_POINT('',(-0.00429471735456798,0.161307697692767,-0.132730993572146));
#1671=CARTESIAN_POINT('',(-0.0042965005937016,0.161286763780273,-0.13274760736186));
#1672=CARTESIAN_POINT('',(-0.00429959694130857,0.161246778490906,-0.132777306075866));
#1673=CARTESIAN_POINT('',(-0.0043009108765627,0.161228663498029,-0.13279017804933));
#1674=CARTESIAN_POINT('',(-0.00430350792876543,0.16118955121015,-0.132816577954649));
#1675=CARTESIAN_POINT('',(-0.00430478495973332,0.161168612207425,-0.132830054297594));
#1676=CARTESIAN_POINT('',(-0.00430798922513201,0.161109893632461,-0.132865884635684));
#1677=CARTESIAN_POINT('',(-0.0043097803468033,0.161070268173563,-0.13288813920051));
#1678=CARTESIAN_POINT('',(-0.00431214653924629,0.161001952871928,-0.132923267336215));
#1679=CARTESIAN_POINT('',(-0.00431292156671415,0.160974828852723,-0.132936478138329));
#1680=CARTESIAN_POINT('',(-0.00431415934048764,0.160920440781683,-0.132961643567424));
#1681=CARTESIAN_POINT('',(-0.00431462315807333,0.160893278416124,-0.132973565706846));
#1682=CARTESIAN_POINT('',(-0.00431560244897351,0.160811808007181,-0.133007684803227));
#1683=CARTESIAN_POINT('',(-0.00431569162596432,0.160757924177699,-0.133028037750366));
#1684=CARTESIAN_POINT('',(-0.00431490564105699,0.160620344740394,-0.133076198028255));
#1685=CARTESIAN_POINT('',(-0.00431336978369005,0.160538939831121,-0.133100667477794));
#1686=CARTESIAN_POINT('',(-0.00430972502948666,0.160397983619558,-0.133139287264872));
#1687=CARTESIAN_POINT('',(-0.0043077576446848,0.160337396547096,-0.133154349618808));
#1688=CARTESIAN_POINT('',(-0.00430349960346076,0.16022032509701,-0.133181547231472));
#1689=CARTESIAN_POINT('',(-0.00430120641871023,0.160163932679004,-0.133193638101153));
#1690=CARTESIAN_POINT('',(-0.00429546371573829,0.160031078868304,-0.133220470600193));
#1691=CARTESIAN_POINT('',(-0.00429193406412282,0.159956158774869,-0.133234185333037));
#1692=CARTESIAN_POINT('',(-0.00428484342798684,0.159810613664673,-0.133259095005201));
#1693=CARTESIAN_POINT('',(-0.00428128017571574,0.159740019682216,-0.133270270385768));
#1694=CARTESIAN_POINT('',(-0.00427201919047413,0.159557599318544,-0.13329764208708));
#1695=CARTESIAN_POINT('',(-0.0042664182287379,0.159448279119576,-0.13331247906888));
#1696=CARTESIAN_POINT('',(-0.00425581994555873,0.159233611662889,-0.133340176785035));
#1697=CARTESIAN_POINT('',(-0.00425082339090235,0.159128414367532,-0.133352991063248));
#1698=CARTESIAN_POINT('',(-0.00423674867611401,0.158811504282412,-0.133390797497995));
#1699=CARTESIAN_POINT('',(-0.00422885384676778,0.158602797833294,-0.133414649439599));
#1700=CARTESIAN_POINT('',(-0.00421620093025485,0.158178960681993,-0.133465951098806));
#1701=CARTESIAN_POINT('',(-0.00421144310699997,0.157963930843536,-0.133493336721662));
#1702=CARTESIAN_POINT('',(-0.00420406022854287,0.157491115544808,-0.133559995707071));
#1703=CARTESIAN_POINT('',(-0.00420185880155258,0.157231860126355,-0.13360045172876));
#1704=CARTESIAN_POINT('',(-0.00420062333076156,0.156966780780939,-0.13364732770645));
#1705=CARTESIAN_POINT('',(-0.00532933375357967,0.164356773514285,-0.129527099358249));
#1706=CARTESIAN_POINT('',(-0.00531894309910791,0.164304535988414,-0.129549412171325));
#1707=CARTESIAN_POINT('',(-0.00530826310589792,0.164253185290531,-0.129571727292814));
#1708=CARTESIAN_POINT('',(-0.00524709772168514,0.16397080493562,-0.129696620749414));
#1709=CARTESIAN_POINT('',(-0.0051915780554839,0.16375762328257,-0.129799356867921));
#1710=CARTESIAN_POINT('',(-0.00507726807269768,0.163367722238241,-0.130004978331779));
#1711=CARTESIAN_POINT('',(-0.00501882489702634,0.163191821962436,-0.130107302751995));
#1712=CARTESIAN_POINT('',(-0.00488001531147138,0.162805634083101,-0.130354820195683));
#1713=CARTESIAN_POINT('',(-0.00479998502459231,0.162609160073201,-0.130501385012884));
#1714=CARTESIAN_POINT('',(-0.00465668436771422,0.162280107222812,-0.130786853998097));
#1715=CARTESIAN_POINT('',(-0.00459302188488986,0.16214516750509,-0.130924777027557));
#1716=CARTESIAN_POINT('',(-0.00448847874847838,0.16193351372409,-0.131180736153332));
#1717=CARTESIAN_POINT('',(-0.00444562306332891,0.161851380616996,-0.131298792176058));
#1718=CARTESIAN_POINT('',(-0.00437821156210921,0.161726688568332,-0.131515264148222));
#1719=CARTESIAN_POINT('',(-0.00435190931401384,0.161680242895166,-0.131614024318876));
#1720=CARTESIAN_POINT('',(-0.00431478562608536,0.161615029121106,-0.131784582271764));
#1721=CARTESIAN_POINT('',(-0.00430167316561443,0.16159218038006,-0.131857244133794));
#1722=CARTESIAN_POINT('',(-0.00428367239613777,0.161557272536304,-0.131986172023143));
#1723=CARTESIAN_POINT('',(-0.00427759148031831,0.161543990508946,-0.132042141891984));
#1724=CARTESIAN_POINT('',(-0.00427010316688215,0.161520484977097,-0.132142256701683));
#1725=CARTESIAN_POINT('',(-0.00426791917931645,0.161510319797174,-0.132185928280884));
#1726=CARTESIAN_POINT('',(-0.00426592986438399,0.161488123499366,-0.132270372452256));
#1727=CARTESIAN_POINT('',(-0.00426586922801343,0.161476542803996,-0.132310743631097));
#1728=CARTESIAN_POINT('',(-0.00426749281152478,0.161449747638408,-0.132386402930893));
#1729=CARTESIAN_POINT('',(-0.00426881191000291,0.161435871367012,-0.132420857063677));
#1730=CARTESIAN_POINT('',(-0.00427223674299487,0.16140464002417,-0.132483737294041));
#1731=CARTESIAN_POINT('',(-0.00427405873499102,0.161389064213672,-0.132511486139145));
#1732=CARTESIAN_POINT('',(-0.00427837536052264,0.161350759803595,-0.132568894511997));
#1733=CARTESIAN_POINT('',(-0.00428085757348819,0.16132829592269,-0.132598486529266));
#1734=CARTESIAN_POINT('',(-0.00428541267454305,0.161281023105577,-0.132649812706237));
#1735=CARTESIAN_POINT('',(-0.00428731026496668,0.161259993871861,-0.132670556321656));
#1736=CARTESIAN_POINT('',(-0.00429049434274195,0.161219652509938,-0.132705524460094));
#1737=CARTESIAN_POINT('',(-0.0042917425022897,0.161202646547382,-0.13271928003722));
#1738=CARTESIAN_POINT('',(-0.00429390425937305,0.161169851122418,-0.132743710209823));
#1739=CARTESIAN_POINT('',(-0.00429481985687739,0.161154903849205,-0.132754250010442));
#1740=CARTESIAN_POINT('',(-0.00429662269167461,0.16112241375249,-0.132775754250105));
#1741=CARTESIAN_POINT('',(-0.00429750561698559,0.161104917445709,-0.132786675670144));
#1742=CARTESIAN_POINT('',(-0.00429970678352694,0.161055542348526,-0.13281554939822));
#1743=CARTESIAN_POINT('',(-0.00430092127760715,0.16102191733738,-0.132833314163542));
#1744=CARTESIAN_POINT('',(-0.0043024900360249,0.160963417397435,-0.132861069165954));
#1745=CARTESIAN_POINT('',(-0.00430299336749357,0.160940069901432,-0.132871436045766));
#1746=CARTESIAN_POINT('',(-0.0043037745775943,0.160893031186854,-0.132891053099247));
#1747=CARTESIAN_POINT('',(-0.00430405346894349,0.160869430305097,-0.132900279461147));
#1748=CARTESIAN_POINT('',(-0.00430459666645676,0.160798354711305,-0.132926507320341));
#1749=CARTESIAN_POINT('',(-0.00430455859451069,0.160750956998651,-0.132941903776956));
#1750=CARTESIAN_POINT('',(-0.00430376535595155,0.16062919282742,-0.1329778725714));
#1751=CARTESIAN_POINT('',(-0.0043025628424892,0.160556351707626,-0.132995618582949));
#1752=CARTESIAN_POINT('',(-0.00429987178491586,0.160429262456188,-0.133023079447757));
#1753=CARTESIAN_POINT('',(-0.00429846552758525,0.160374248008164,-0.133033542715716));
#1754=CARTESIAN_POINT('',(-0.00429550193112489,0.160267330136532,-0.133052120170179));
#1755=CARTESIAN_POINT('',(-0.00429394280645436,0.160215506264883,-0.133060199593056));
#1756=CARTESIAN_POINT('',(-0.00429012908280352,0.16009274034383,-0.133077844094272));
#1757=CARTESIAN_POINT('',(-0.00428785839130933,0.16002292919359,-0.133086602653683));
#1758=CARTESIAN_POINT('',(-0.00428345304999958,0.159886304525245,-0.133102244512985));
#1759=CARTESIAN_POINT('',(-0.00428131679473672,0.159819516964071,-0.133109112315704));
#1760=CARTESIAN_POINT('',(-0.00427598001248574,0.159645724738338,-0.133125793086228));
#1761=CARTESIAN_POINT('',(-0.00427297777282702,0.159540308509302,-0.133134684276714));
#1762=CARTESIAN_POINT('',(-0.00426777729086766,0.159331224825851,-0.133151578093097));
#1763=CARTESIAN_POINT('',(-0.00426557877723033,0.159227697132754,-0.133159546693218));
#1764=CARTESIAN_POINT('',(-0.0042601851982213,0.158913230657308,-0.133184091749954));
#1765=CARTESIAN_POINT('',(-0.00425834487300471,0.158702613755537,-0.133201062740932));
#1766=CARTESIAN_POINT('',(-0.00425783669853526,0.158270989242307,-0.133241681342547));
#1767=CARTESIAN_POINT('',(-0.00425917055634931,0.15805005951363,-0.13326527768941));
#1768=CARTESIAN_POINT('',(-0.00426448605800813,0.157562314881244,-0.133326205632529));
#1769=CARTESIAN_POINT('',(-0.00426882600824037,0.157293697665016,-0.133365071423398));
#1770=CARTESIAN_POINT('',(-0.00427368391278482,0.157018618422433,-0.133411196793516));
#1771=CARTESIAN_POINT('',(-0.00542067161548764,0.164274434332373,-0.129508451217493));
#1772=CARTESIAN_POINT('',(-0.00540972361531646,0.164220221550355,-0.129530956920098));
#1773=CARTESIAN_POINT('',(-0.00539848949293537,0.164166895503971,-0.129553448931924));
#1774=CARTESIAN_POINT('',(-0.00533422921554522,0.163873465220738,-0.129679255821705));
#1775=CARTESIAN_POINT('',(-0.00527618423938888,0.163651214977936,-0.129782453587061));
#1776=CARTESIAN_POINT('',(-0.00515649227343598,0.163243400594453,-0.129988883641712));
#1777=CARTESIAN_POINT('',(-0.00509520714279231,0.163058702881211,-0.130091553549077));
#1778=CARTESIAN_POINT('',(-0.00494885287780225,0.162651760914068,-0.130340324228615));
#1779=CARTESIAN_POINT('',(-0.00486379094608224,0.162443410972312,-0.130487973081694));
#1780=CARTESIAN_POINT('',(-0.00470946884631233,0.162092856732062,-0.13077746370502));
#1781=CARTESIAN_POINT('',(-0.00463992674607257,0.161948236816669,-0.130918208948762));
#1782=CARTESIAN_POINT('',(-0.0045239541854247,0.161721352021636,-0.13118176238995));
#1783=CARTESIAN_POINT('',(-0.00447562111392778,0.161633269779649,-0.131304292147788));
#1784=CARTESIAN_POINT('',(-0.00439862071912149,0.161501578350502,-0.131530403175427));
#1785=CARTESIAN_POINT('',(-0.00436814190029731,0.161453521799326,-0.131634160921499));
#1786=CARTESIAN_POINT('',(-0.00432487245108246,0.161390094179077,-0.131812812101104));
#1787=CARTESIAN_POINT('',(-0.00430949934293735,0.161369508379843,-0.131888736884642));
#1788=CARTESIAN_POINT('',(-0.00428833068710836,0.161342241575459,-0.132021553795347));
#1789=CARTESIAN_POINT('',(-0.00428115329452101,0.161333470446281,-0.13207857714283));
#1790=CARTESIAN_POINT('',(-0.0042721211038034,0.161320539175721,-0.132178413798261));
#1791=CARTESIAN_POINT('',(-0.00426939544080115,0.161315783558434,-0.132221271384401));
#1792=CARTESIAN_POINT('',(-0.00426647018887335,0.161305729125137,-0.132302264744469));
#1793=CARTESIAN_POINT('',(-0.00426600650607021,0.161300618862194,-0.132340241052144));
#1794=CARTESIAN_POINT('',(-0.00426679769254995,0.161287331590833,-0.132409637503411));
#1795=CARTESIAN_POINT('',(-0.00426771142044837,0.161280064030376,-0.13244065051732));
#1796=CARTESIAN_POINT('',(-0.00427024904516697,0.161261854921258,-0.132495986421426));
#1797=CARTESIAN_POINT('',(-0.00427163422512293,0.16125231767674,-0.132520021681169));
#1798=CARTESIAN_POINT('',(-0.00427490458190228,0.161227235432045,-0.132568843378872));
#1799=CARTESIAN_POINT('',(-0.00427678154279599,0.161211916746359,-0.132593597378671));
#1800=CARTESIAN_POINT('',(-0.00428014054758222,0.161177836833488,-0.132635661926869));
#1801=CARTESIAN_POINT('',(-0.00428152099684983,0.161162324395094,-0.132652461946444));
#1802=CARTESIAN_POINT('',(-0.00428377561666576,0.161131707681298,-0.132680372726896));
#1803=CARTESIAN_POINT('',(-0.00428464495874572,0.161118625686098,-0.13269125748928));
#1804=CARTESIAN_POINT('',(-0.00428611419715653,0.16109301353673,-0.132710398273723));
#1805=CARTESIAN_POINT('',(-0.00428672497461154,0.16108123129134,-0.132718597385362));
#1806=CARTESIAN_POINT('',(-0.00428789697667268,0.161055358586972,-0.132735190777925));
#1807=CARTESIAN_POINT('',(-0.0042884550814127,0.161041302887236,-0.132743550666937));
#1808=CARTESIAN_POINT('',(-0.0042897933566229,0.161001267211792,-0.13276545495334));
#1809=CARTESIAN_POINT('',(-0.00429047274743857,0.160973641706932,-0.132778726939816));
#1810=CARTESIAN_POINT('',(-0.00429122700536753,0.160924959135795,-0.132799115152485));
#1811=CARTESIAN_POINT('',(-0.00429143171177955,0.160905389780623,-0.132806643224054));
#1812=CARTESIAN_POINT('',(-0.00429166629890554,0.160865705163518,-0.132820726891309));
#1813=CARTESIAN_POINT('',(-0.00429169769907962,0.160845668862025,-0.13282726726592));
#1814=CARTESIAN_POINT('',(-0.00429157271918236,0.160784999107807,-0.132845638744354));
#1815=CARTESIAN_POINT('',(-0.00429119394864883,0.160744097137549,-0.132856109144052));
#1816=CARTESIAN_POINT('',(-0.0042897470101103,0.160638175382227,-0.132879972291373));
#1817=CARTESIAN_POINT('',(-0.00428838799121565,0.160573916682832,-0.132891053763312));
#1818=CARTESIAN_POINT('',(-0.00428571051823609,0.160460724261739,-0.132907450114072));
#1819=CARTESIAN_POINT('',(-0.00428442351380145,0.16041129443303,-0.132913352198348));
#1820=CARTESIAN_POINT('',(-0.0042818612088667,0.160314549556484,-0.132923370822698));
#1821=CARTESIAN_POINT('',(-0.00428058498141957,0.160267301656676,-0.132927462236376));
#1822=CARTESIAN_POINT('',(-0.00427761394520669,0.160154635225163,-0.132935955297091));
#1823=CARTESIAN_POINT('',(-0.00427596964131776,0.160089934483024,-0.132939762226581));
#1824=CARTESIAN_POINT('',(-0.00427302296732151,0.159962222126361,-0.132946110359488));
#1825=CARTESIAN_POINT('',(-0.00427171964419617,0.159899231405471,-0.132948640171923));
#1826=CARTESIAN_POINT('',(-0.00426880986281108,0.159734028646266,-0.132954507399415));
#1827=CARTESIAN_POINT('',(-0.00426754990246834,0.159632478585008,-0.132957333037194));
#1828=CARTESIAN_POINT('',(-0.00426621170171075,0.159428882289942,-0.132963117731697));
#1829=CARTESIAN_POINT('',(-0.0042661326874834,0.159326965723839,-0.132966055533611));
#1830=CARTESIAN_POINT('',(-0.00426762986304376,0.159014745944427,-0.132976715982822));
#1831=CARTESIAN_POINT('',(-0.00427101923149521,0.158802061538451,-0.132986309158413));
#1832=CARTESIAN_POINT('',(-0.00428154792829215,0.158362336967874,-0.133015255759206));
#1833=CARTESIAN_POINT('',(-0.00428868594925742,0.158135351622481,-0.133034570481516));
#1834=CARTESIAN_POINT('',(-0.00430638335103772,0.157632370741259,-0.133088797245085));
#1835=CARTESIAN_POINT('',(-0.00431727676572063,0.157354244563639,-0.13312560776619));
#1836=CARTESIAN_POINT('',(-0.00432827306946479,0.15706903663633,-0.133170575623338));
#1837=EDGE_LOOP('',(#3836,#3837,#3838,#3839));
#1838=AXIS2_PLACEMENT_3D('',#3840,#3841,#3842);
#1839=EDGE_LOOP('',(#3843,#3844,#3845));
#1840=CARTESIAN_POINT('',(-0.00426628306361047,0.161761521293345,-0.134476981814007));
#1841=CARTESIAN_POINT('',(-0.0042662830563875,0.16176222668211,-0.134473156147605));
#1842=CARTESIAN_POINT('',(-0.00426628304916526,0.161762931999415,-0.134469330868759));
#1843=CARTESIAN_POINT('',(-0.00426628266463342,0.161800485018327,-0.13426566440262));
#1844=CARTESIAN_POINT('',(-0.00426628228712879,0.161837351769224,-0.134065813302252));
#1845=CARTESIAN_POINT('',(-0.00426628137969041,0.161925971584861,-0.133597086201849));
#1846=CARTESIAN_POINT('',(-0.00426628084300179,0.161978384403285,-0.133328644611343));
#1847=CARTESIAN_POINT('',(-0.0042662796904606,0.162090941944927,-0.13279195693505));
#1848=CARTESIAN_POINT('',(-0.00426627907295497,0.162151248107527,-0.132523005407761));
#1849=CARTESIAN_POINT('',(-0.00426627703959802,0.162349829236528,-0.131720720445166));
#1850=CARTESIAN_POINT('',(-0.00426627543832146,0.16250621464682,-0.131190464723152));
#1851=CARTESIAN_POINT('',(-0.00426627145121043,0.162895613467979,-0.130163122086572));
#1852=CARTESIAN_POINT('',(-0.0042662690686685,0.163128305307602,-0.129666473258773));
#1853=CARTESIAN_POINT('',(-0.0042662640997431,0.163613601840283,-0.128864730817055));
#1854=CARTESIAN_POINT('',(-0.00426626175122921,0.163842973622912,-0.128543459294507));
#1855=CARTESIAN_POINT('',(-0.00426625748372179,0.164259769302794,-0.128060764376495));
#1856=CARTESIAN_POINT('',(-0.00426625573488626,0.164430573669891,-0.127884562623084));
#1857=CARTESIAN_POINT('',(-0.0042662524650623,0.164749929915687,-0.127594059724493));
#1858=CARTESIAN_POINT('',(-0.00426625098909119,0.164894084886101,-0.127475114207318));
#1859=CARTESIAN_POINT('',(-0.00426624790015889,0.165195774850305,-0.127251337526515));
#1860=CARTESIAN_POINT('',(-0.00426624628873654,0.165353159552232,-0.127146741035844));
#1861=CARTESIAN_POINT('',(-0.00426624253759012,0.165719527783029,-0.126931520818043));
#1862=CARTESIAN_POINT('',(-0.00426624036659466,0.165931565670966,-0.126825972319765));
#1863=CARTESIAN_POINT('',(-0.0042662361188286,0.166346439368153,-0.126656262162266));
#1864=CARTESIAN_POINT('',(-0.00426623406061594,0.166547462576709,-0.126589271107412));
#1865=CARTESIAN_POINT('',(-0.00426622774820089,0.167163989648374,-0.126430584806459));
#1866=CARTESIAN_POINT('',(-0.00426622332923138,0.167595587080435,-0.126382385548084));
#1867=CARTESIAN_POINT('',(-0.00426621662182499,0.16825069640478,-0.126410148435199));
#1868=CARTESIAN_POINT('',(-0.00426621428845112,0.168478596338489,-0.126438750199544));
#1869=CARTESIAN_POINT('',(-0.00426620966078622,0.168930579781531,-0.126535449945334));
#1870=CARTESIAN_POINT('',(-0.00426620737972666,0.169153370981994,-0.126603616100627));
#1871=CARTESIAN_POINT('',(-0.00426620343112423,0.169539031933862,-0.126760159497701));
#1872=CARTESIAN_POINT('',(-0.00426620173658989,0.169704537788921,-0.126841456667985));
#1873=CARTESIAN_POINT('',(-0.00426619848571834,0.170022052301303,-0.127026572606523));
#1874=CARTESIAN_POINT('',(-0.00426619691764483,0.1701752072521,-0.127131163792262));
#1875=CARTESIAN_POINT('',(-0.00426619424744578,0.170436008236642,-0.127338842542948));
#1876=CARTESIAN_POINT('',(-0.00426619311494577,0.170546620851599,-0.127438021016309));
#1877=CARTESIAN_POINT('',(-0.00426619098205651,0.170754943124259,-0.127648092873201));
#1878=CARTESIAN_POINT('',(-0.0042661899823379,0.170852587279748,-0.127758897910394));
#1879=CARTESIAN_POINT('',(-0.00426618777131758,0.171068541863113,-0.128034771543932));
#1880=CARTESIAN_POINT('',(-0.00426618661076292,0.171181895984322,-0.128206477919872));
#1881=CARTESIAN_POINT('',(-0.00426618479161991,0.171359577069199,-0.128530632159885));
#1882=CARTESIAN_POINT('',(-0.00426618407905829,0.171429175513123,-0.128680018413229));
#1883=CARTESIAN_POINT('',(-0.00426618286174108,0.171548076228327,-0.128985478922807));
#1884=CARTESIAN_POINT('',(-0.00426618235833464,0.171597246716703,-0.129140916324277));
#1885=CARTESIAN_POINT('',(-0.00426618147919354,0.171683118768633,-0.129487897566999));
#1886=CARTESIAN_POINT('',(-0.00426618114656757,0.17171560996114,-0.129681086871423));
#1887=CARTESIAN_POINT('',(-0.0042661808199549,0.17174751692471,-0.130031447118334));
#1888=CARTESIAN_POINT('',(-0.00426618077138001,0.171752264283026,-0.130188066784683));
#1889=CARTESIAN_POINT('',(-0.00426618086360326,0.171743263006064,-0.130499662022454));
#1890=CARTESIAN_POINT('',(-0.0042661810032771,0.171729624168111,-0.13065407413661));
#1891=CARTESIAN_POINT('',(-0.00426618153209944,0.171677981278993,-0.131005727379459));
#1892=CARTESIAN_POINT('',(-0.00426618198324097,0.171633922392041,-0.131202535184317));
#1893=CARTESIAN_POINT('',(-0.00426618305589668,0.171529163494594,-0.131549353999683));
#1894=CARTESIAN_POINT('',(-0.0042661836250581,0.171473576778707,-0.131700834821772));
#1895=CARTESIAN_POINT('',(-0.0042661843145309,0.171406239398327,-0.131856564170218));
#1896=CARTESIAN_POINT('',(-0.00426618435173347,0.171402606007301,-0.131864894166088));
#1897=CARTESIAN_POINT('',(-0.00426618438919355,0.171398947464213,-0.13187320964555));
#1898=CARTESIAN_POINT('',(-0.00426628306361047,0.161761521293345,-0.134476981814007));
#1899=CARTESIAN_POINT('',(-0.00426628305529946,0.161762332950621,-0.134473175741737));
#1900=CARTESIAN_POINT('',(-0.00426628304698929,0.161763144525672,-0.134469370055039));
#1901=CARTESIAN_POINT('',(-0.00426628260453386,0.161806354931053,-0.134266746744152));
#1902=CARTESIAN_POINT('',(-0.00426628217019879,0.161848772300358,-0.134067920648912));
#1903=CARTESIAN_POINT('',(-0.00426628113047961,0.161950311962016,-0.133601758006785));
#1904=CARTESIAN_POINT('',(-0.00426628051881019,0.162010048145843,-0.133334909713739));
#1905=CARTESIAN_POINT('',(-0.00426627922000542,0.162136891246471,-0.132801969332269));
#1906=CARTESIAN_POINT('',(-0.00426627853102987,0.162204177880212,-0.132535178502911));
#1907=CARTESIAN_POINT('',(-0.00426627629328426,0.162422721690815,-0.131740613653123));
#1908=CARTESIAN_POINT('',(-0.00426627456869788,0.162591150840506,-0.131217213412217));
#1909=CARTESIAN_POINT('',(-0.00426627038452014,0.162999797418484,-0.130208065297369));
#1910=CARTESIAN_POINT('',(-0.00426626792822279,0.163239693132008,-0.129722746123873));
#1911=CARTESIAN_POINT('',(-0.00426626289607122,0.163731165379876,-0.128943830495672));
#1912=CARTESIAN_POINT('',(-0.00426626054004493,0.163961271101333,-0.128633136410889));
#1913=CARTESIAN_POINT('',(-0.00426625629904347,0.164375478312193,-0.128168470106997));
#1914=CARTESIAN_POINT('',(-0.00426625456965716,0.164544383224915,-0.127999395931759));
#1915=CARTESIAN_POINT('',(-0.00426625135174525,0.164858669496514,-0.12772149943295));
#1916=CARTESIAN_POINT('',(-0.0042662499040708,0.165000060853928,-0.127608018578105));
#1917=CARTESIAN_POINT('',(-0.00426624688431928,0.165294994181486,-0.127395072179048));
#1918=CARTESIAN_POINT('',(-0.00426624531379716,0.165448384285037,-0.127295833010806));
#1919=CARTESIAN_POINT('',(-0.00426624166880309,0.165804384900257,-0.127092233362728));
#1920=CARTESIAN_POINT('',(-0.00426623956661263,0.166009702761847,-0.12699283744154));
#1921=CARTESIAN_POINT('',(-0.00426623546693464,0.166410112986431,-0.126833769654403));
#1922=CARTESIAN_POINT('',(-0.00426623348604973,0.166603583724749,-0.126771356665576));
#1923=CARTESIAN_POINT('',(-0.00426622742643175,0.167195420477161,-0.126624611659503));
#1924=CARTESIAN_POINT('',(-0.00426622320563499,0.167607662591781,-0.126581933155713));
#1925=CARTESIAN_POINT('',(-0.00426621682356122,0.168230996905895,-0.126612357544747));
#1926=CARTESIAN_POINT('',(-0.00426621460789869,0.168447400033501,-0.12664081268606));
#1927=CARTESIAN_POINT('',(-0.00426621022070497,0.168875896732407,-0.126734795403017));
#1928=CARTESIAN_POINT('',(-0.00426620806176826,0.169086760209037,-0.126800377326936));
#1929=CARTESIAN_POINT('',(-0.00426620432882433,0.169451357774878,-0.126950026990224));
#1930=CARTESIAN_POINT('',(-0.00426620272838949,0.169607672906806,-0.127027479874681));
#1931=CARTESIAN_POINT('',(-0.0042661996598562,0.169907378358443,-0.127203384968712));
#1932=CARTESIAN_POINT('',(-0.00426619818068672,0.1700518499947,-0.127302569763729));
#1933=CARTESIAN_POINT('',(-0.00426619566252518,0.170297801340872,-0.127499205350008));
#1934=CARTESIAN_POINT('',(-0.00426619459474805,0.170402092401266,-0.12759301139034));
#1935=CARTESIAN_POINT('',(-0.00426619258366307,0.170598517888675,-0.12779154969124));
#1936=CARTESIAN_POINT('',(-0.00426619164098559,0.170690590746436,-0.127896198747984));
#1937=CARTESIAN_POINT('',(-0.00426618955541786,0.170894292139401,-0.128156633843821));
#1938=CARTESIAN_POINT('',(-0.00426618846009091,0.171001275314878,-0.128318643612449));
#1939=CARTESIAN_POINT('',(-0.00426618674109241,0.17116917497961,-0.128624470090798));
#1940=CARTESIAN_POINT('',(-0.00426618606690437,0.171235025330504,-0.128765403411339));
#1941=CARTESIAN_POINT('',(-0.00426618491300751,0.171347731476623,-0.129053651351498));
#1942=CARTESIAN_POINT('',(-0.00426618443459014,0.17139446112515,-0.129200364871749));
#1943=CARTESIAN_POINT('',(-0.00426618359588855,0.171476383092368,-0.129528042189447));
#1944=CARTESIAN_POINT('',(-0.00426618327593383,0.171507636481774,-0.129710592861178));
#1945=CARTESIAN_POINT('',(-0.00426618295533615,0.171538955591583,-0.130041987754696));
#1946=CARTESIAN_POINT('',(-0.00426618290348123,0.171544023145262,-0.130190245517927));
#1947=CARTESIAN_POINT('',(-0.00426618297803006,0.171536747797674,-0.130485501922709));
#1948=CARTESIAN_POINT('',(-0.00426618310339901,0.171524505955547,-0.130631965230231));
#1949=CARTESIAN_POINT('',(-0.00426618358785882,0.171477195582755,-0.130965921483068));
#1950=CARTESIAN_POINT('',(-0.0042661840054891,0.17143640953341,-0.131153123840381));
#1951=CARTESIAN_POINT('',(-0.00426618500494299,0.171338799898898,-0.131483654459117));
#1952=CARTESIAN_POINT('',(-0.00426618553701046,0.17128683599344,-0.131628252559562));
#1953=CARTESIAN_POINT('',(-0.00426618618351695,0.171223694976391,-0.131777169694797));
#1954=CARTESIAN_POINT('',(-0.00426618621840631,0.171220287507871,-0.131785136118507));
#1955=CARTESIAN_POINT('',(-0.00426618625354238,0.171216855942478,-0.13179308947633));
#1956=CARTESIAN_POINT('',(-0.00426628306361047,0.161761521293345,-0.134476981814007));
#1957=CARTESIAN_POINT('',(-0.00426628305421142,0.161762439219132,-0.13447319533587));
#1958=CARTESIAN_POINT('',(-0.00426628301854375,0.161763357051928,-0.134469409241319));
#1959=CARTESIAN_POINT('',(-0.00426627972087315,0.161812224843749,-0.134267829085684));
#1960=CARTESIAN_POINT('',(-0.00426620451972088,0.161860192830776,-0.134070027995586));
#1961=CARTESIAN_POINT('',(-0.004265863009655,0.16197465233449,-0.133606429811645));
#1962=CARTESIAN_POINT('',(-0.00426553961994329,0.162041711880235,-0.133341174816092));
#1963=CARTESIAN_POINT('',(-0.00426466035118389,0.162182840515844,-0.132811981726138));
#1964=CARTESIAN_POINT('',(-0.00426410292453068,0.162257107600186,-0.132547351591639));
#1965=CARTESIAN_POINT('',(-0.00426214234237442,0.162495613949649,-0.131760506820958));
#1966=CARTESIAN_POINT('',(-0.00426045019648922,0.162676086628485,-0.131243962018083));
#1967=CARTESIAN_POINT('',(-0.00425672366547696,0.163103979950345,-0.130253007959443));
#1968=CARTESIAN_POINT('',(-0.00425469732449624,0.163351078714496,-0.129779018010214));
#1969=CARTESIAN_POINT('',(-0.00425122038015338,0.163848724864592,-0.129022927594827));
#1970=CARTESIAN_POINT('',(-0.00424975964209506,0.164079563652808,-0.128722810012054));
#1971=CARTESIAN_POINT('',(-0.00424746330286019,0.164491181081312,-0.128276170244545));
#1972=CARTESIAN_POINT('',(-0.00424659827971741,0.164658186062509,-0.128114222716101));
#1973=CARTESIAN_POINT('',(-0.004245117808851,0.164967401671892,-0.127848930747204));
#1974=CARTESIAN_POINT('',(-0.00424449228574898,0.16510602916985,-0.127740913670699));
#1975=CARTESIAN_POINT('',(-0.00424326880602321,0.165394205525537,-0.127538795643115));
#1976=CARTESIAN_POINT('',(-0.0042426718722649,0.165543600943117,-0.127444912771609));
#1977=CARTESIAN_POINT('',(-0.00424137353667209,0.165889233991811,-0.127252931278082));
#1978=CARTESIAN_POINT('',(-0.00424068348272152,0.166087832026492,-0.127159686517509));
#1979=CARTESIAN_POINT('',(-0.0042394413210972,0.166473779561251,-0.127011258384956));
#1980=CARTESIAN_POINT('',(-0.00423888411484498,0.166659698371296,-0.126953422169765));
#1981=CARTESIAN_POINT('',(-0.00423729785760416,0.1672268469993,-0.126818614695827));
#1982=CARTESIAN_POINT('',(-0.00423635222332992,0.167619736065726,-0.126781454585538));
#1983=CARTESIAN_POINT('',(-0.00423511791642321,0.16821129984726,-0.126814537898683));
#1984=CARTESIAN_POINT('',(-0.00423472611504124,0.168416207915695,-0.126842845710221));
#1985=CARTESIAN_POINT('',(-0.00423401635586964,0.168821221644963,-0.126934110490533));
#1986=CARTESIAN_POINT('',(-0.00423370096915942,0.169020159416668,-0.12699710798945));
#1987=CARTESIAN_POINT('',(-0.00423321050514419,0.169363697280224,-0.127139864111488));
#1988=CARTESIAN_POINT('',(-0.00423302033656424,0.169510823338381,-0.127213472985777));
#1989=CARTESIAN_POINT('',(-0.00423269328938016,0.169792722966851,-0.127380168169475));
#1990=CARTESIAN_POINT('',(-0.00423255536946082,0.169928512888691,-0.127473947237136));
#1991=CARTESIAN_POINT('',(-0.00423235600250616,0.170159617333079,-0.127659541187109));
#1992=CARTESIAN_POINT('',(-0.00423228476438242,0.17025758800379,-0.127747975591764));
#1993=CARTESIAN_POINT('',(-0.00423217748752272,0.170442118876286,-0.127934982134876));
#1994=CARTESIAN_POINT('',(-0.00423214145483937,0.170528621440989,-0.128033476211075));
#1995=CARTESIAN_POINT('',(-0.00423209671155232,0.170720071801985,-0.128278475344721));
#1996=CARTESIAN_POINT('',(-0.00423210370009704,0.170820685108687,-0.128430790176175));
#1997=CARTESIAN_POINT('',(-0.00423217718611033,0.170978804880288,-0.128718292087382));
#1998=CARTESIAN_POINT('',(-0.00423223147203465,0.171040907670739,-0.128850773960842));
#1999=CARTESIAN_POINT('',(-0.00423238239994294,0.171147419998183,-0.129121812347573));
#2000=CARTESIAN_POINT('',(-0.0042324785321513,0.171191709024799,-0.129259803510536));
#2001=CARTESIAN_POINT('',(-0.00423273578961484,0.171269681049006,-0.129568180229376));
#2002=CARTESIAN_POINT('',(-0.00423290636162431,0.171299696492841,-0.12974009407164));
#2003=CARTESIAN_POINT('',(-0.00423326777633561,0.17133042712231,-0.130052526726155));
#2004=CARTESIAN_POINT('',(-0.0042334477039992,0.171335814461938,-0.130192423923421));
#2005=CARTESIAN_POINT('',(-0.00423384402452523,0.171330264001281,-0.130471344014931));
#2006=CARTESIAN_POINT('',(-0.00423405950967114,0.17131941852507,-0.13060985969449));
#2007=CARTESIAN_POINT('',(-0.00423459665117137,0.171276439013713,-0.130926121454582));
#2008=CARTESIAN_POINT('',(-0.00423493142393063,0.171238924713446,-0.131103719623868));
#2009=CARTESIAN_POINT('',(-0.00423558932770738,0.171148462200668,-0.131417963986489));
#2010=CARTESIAN_POINT('',(-0.00423590134719864,0.171100120089928,-0.131555680111892));
#2011=CARTESIAN_POINT('',(-0.00423624988258812,0.171041174329928,-0.131697785693498));
#2012=CARTESIAN_POINT('',(-0.0042362686116571,0.171037992724547,-0.131705388579993));
#2013=CARTESIAN_POINT('',(-0.00423628739426119,0.171034788077396,-0.131712979850733));
#2014=CARTESIAN_POINT('',(-0.00426628306361047,0.161761521293345,-0.134476981814007));
#2015=CARTESIAN_POINT('',(-0.00426628305203534,0.161762651756155,-0.134473234524134));
#2016=CARTESIAN_POINT('',(-0.00426628290911352,0.161763782104441,-0.134469487613878));
#2017=CARTESIAN_POINT('',(-0.00426626830643079,0.161823964665071,-0.134269993768008));
#2018=CARTESIAN_POINT('',(-0.00426589410666628,0.161883033626605,-0.134074242673757));
#2019=CARTESIAN_POINT('',(-0.00426419143432375,0.162023306908426,-0.133615768428311));
#2020=CARTESIAN_POINT('',(-0.00426257774130367,0.162104978397911,-0.133353693569093));
#2021=CARTESIAN_POINT('',(-0.00425819309141912,0.162274525521055,-0.132831960409035));
#2022=CARTESIAN_POINT('',(-0.00425541448104456,0.162362635062665,-0.132571623472247));
#2023=CARTESIAN_POINT('',(-0.00424565407438111,0.162640548404379,-0.13180006708832));
#2024=CARTESIAN_POINT('',(-0.00423724556627224,0.162844532006115,-0.13129704362558));
#2025=CARTESIAN_POINT('',(-0.00421880027119856,0.163309430972731,-0.130341663702347));
#2026=CARTESIAN_POINT('',(-0.00420880355660193,0.163570030971642,-0.129889701508383));
#2027=CARTESIAN_POINT('',(-0.0041917183761815,0.164078596504844,-0.129177624553259));
#2028=CARTESIAN_POINT('',(-0.00418456019865053,0.164310343123605,-0.128897807379826));
#2029=CARTESIAN_POINT('',(-0.00417333719991392,0.164716132976822,-0.128485583957341));
#2030=CARTESIAN_POINT('',(-0.00416911681250101,0.164879151460881,-0.12833720117975));
#2031=CARTESIAN_POINT('',(-0.00416190503770167,0.165178053748671,-0.128095825223302));
#2032=CARTESIAN_POINT('',(-0.00415886181216935,0.165311131234392,-0.127998150378683));
#2033=CARTESIAN_POINT('',(-0.00415291640274837,0.16558587518907,-0.127816478800819));
#2034=CARTESIAN_POINT('',(-0.00415001922425246,0.165727385688462,-0.127732684219379));
#2035=CARTESIAN_POINT('',(-0.00414372488668574,0.166052681904906,-0.127562526942849));
#2036=CARTESIAN_POINT('',(-0.00414038455991096,0.166238175463423,-0.12748079502531));
#2037=CARTESIAN_POINT('',(-0.00413437933742734,0.166596063071066,-0.1273522014826));
#2038=CARTESIAN_POINT('',(-0.00413168897889385,0.166767384142917,-0.127302860342974));
#2039=CARTESIAN_POINT('',(-0.00412403825575178,0.167286967695302,-0.12719009219073));
#2040=CARTESIAN_POINT('',(-0.00411948905598223,0.167642771823564,-0.127162933284691));
#2041=CARTESIAN_POINT('',(-0.00411356135236047,0.168173695509217,-0.127200378809311));
#2042=CARTESIAN_POINT('',(-0.00411168199113272,0.168356703604636,-0.127228175219634));
#2043=CARTESIAN_POINT('',(-0.00410828070492227,0.168717040535827,-0.127313849678269));
#2044=CARTESIAN_POINT('',(-0.0041067711291801,0.168893320233774,-0.127371743599539));
#2045=CARTESIAN_POINT('',(-0.00410442588360976,0.169196880159223,-0.12750110637662));
#2046=CARTESIAN_POINT('',(-0.00410351750641676,0.169326574592049,-0.127567298911266));
#2047=CARTESIAN_POINT('',(-0.0041019568331484,0.169574708154992,-0.127716308070441));
#2048=CARTESIAN_POINT('',(-0.0041012995755405,0.169694040475763,-0.127799741217026));
#2049=CARTESIAN_POINT('',(-0.00410035103119146,0.169896999767292,-0.127964254144864));
#2050=CARTESIAN_POINT('',(-0.00410001277694591,0.169982988724259,-0.128042448871239));
#2051=CARTESIAN_POINT('',(-0.00409950492107166,0.170144964113826,-0.128207498351735));
#2052=CARTESIAN_POINT('',(-0.00409933534605514,0.170220900348048,-0.128294284791676));
#2053=CARTESIAN_POINT('',(-0.00409912815330368,0.170389096621793,-0.128509942314423));
#2054=CARTESIAN_POINT('',(-0.00409916575349789,0.170477605800342,-0.128643843710461));
#2055=CARTESIAN_POINT('',(-0.00409952503504671,0.170617104601317,-0.1288965530935));
#2056=CARTESIAN_POINT('',(-0.0040997882533436,0.170672056613409,-0.129012991979402));
#2057=CARTESIAN_POINT('',(-0.00410051752997072,0.170766712002537,-0.12925135965692));
#2058=CARTESIAN_POINT('',(-0.004100981134335,0.170806305893653,-0.129372790949066));
#2059=CARTESIAN_POINT('',(-0.00410222044794241,0.170876616030593,-0.129644511082573));
#2060=CARTESIAN_POINT('',(-0.00410304144877753,0.170904174203451,-0.129796214312982));
#2061=CARTESIAN_POINT('',(-0.0041047804011116,0.170933567714221,-0.130072587774097));
#2062=CARTESIAN_POINT('',(-0.00410564594281961,0.170939454854779,-0.130196575539684));
#2063=CARTESIAN_POINT('',(-0.00410755246640548,0.170936951696462,-0.130444380650304));
#2064=CARTESIAN_POINT('',(-0.00410858908153098,0.170928637633527,-0.130567744473861));
#2065=CARTESIAN_POINT('',(-0.0041111735639412,0.170893598022265,-0.130850232399873));
#2066=CARTESIAN_POINT('',(-0.00411278467293306,0.170862129870734,-0.131009468692681));
#2067=CARTESIAN_POINT('',(-0.00411595239674329,0.1707849433708,-0.131292511474883));
#2068=CARTESIAN_POINT('',(-0.00411745523407399,0.170743348848815,-0.13141701868119));
#2069=CARTESIAN_POINT('',(-0.00411913477810887,0.170692239001191,-0.131546022975742));
#2070=CARTESIAN_POINT('',(-0.00411922503327083,0.170689479318315,-0.131552926549334));
#2071=CARTESIAN_POINT('',(-0.00411931554883098,0.170686698619369,-0.131559821208105));
#2072=CARTESIAN_POINT('',(-0.00426628306361047,0.161761521293345,-0.134476981814007));
#2073=CARTESIAN_POINT('',(-0.00426628305094731,0.161762758024666,-0.134473254118267));
#2074=CARTESIAN_POINT('',(-0.00426628282812883,0.161763994630697,-0.134469526800158));
#2075=CARTESIAN_POINT('',(-0.00426625977564913,0.161829834573697,-0.1342710761088));
#2076=CARTESIAN_POINT('',(-0.00426566134408327,0.161894453892173,-0.134076350005284));
#2077=CARTESIAN_POINT('',(-0.00426293797984113,0.162047621109085,-0.133620435239964));
#2078=CARTESIAN_POINT('',(-0.0042603567614172,0.162136581180021,-0.133359947219652));
#2079=CARTESIAN_POINT('',(-0.0042533447025558,0.162320261225757,-0.132841926691376));
#2080=CARTESIAN_POINT('',(-0.00424890164821842,0.162415232744407,-0.1325837222513));
#2081=CARTESIAN_POINT('',(-0.00423329978952193,0.162712590295585,-0.131819734108011));
#2082=CARTESIAN_POINT('',(-0.00421986538270416,0.162928040906939,-0.131323376460973));
#2083=CARTESIAN_POINT('',(-0.00419042406033302,0.16341069685639,-0.130385375700078));
#2084=CARTESIAN_POINT('',(-0.00417448121456226,0.163677593466444,-0.129944111190857));
#2085=CARTESIAN_POINT('',(-0.00414726083711944,0.164190901030217,-0.1292532193663));
#2086=CARTESIAN_POINT('',(-0.00413586422805548,0.164422820757238,-0.128983124283266));
#2087=CARTESIAN_POINT('',(-0.00411800794861606,0.164825370344002,-0.128587286656984));
#2088=CARTESIAN_POINT('',(-0.00411129604529177,0.164986301368902,-0.128445340188772));
#2089=CARTESIAN_POINT('',(-0.00409983129471595,0.165279959722439,-0.128215272121832));
#2090=CARTESIAN_POINT('',(-0.00409499493938917,0.165410250604192,-0.128122474035067));
#2091=CARTESIAN_POINT('',(-0.0040855491150866,0.165678318532891,-0.127950416878324));
#2092=CARTESIAN_POINT('',(-0.004080947612249,0.165815938656635,-0.127871352329952));
#2093=CARTESIAN_POINT('',(-0.00407095326343003,0.166131265757131,-0.127711396508811));
#2094=CARTESIAN_POINT('',(-0.00406565137004932,0.1663103750801,-0.127635023577541));
#2095=CARTESIAN_POINT('',(-0.00405612260737428,0.166654667005518,-0.127515619812536));
#2096=CARTESIAN_POINT('',(-0.00405185502145748,0.166818943329891,-0.127470194525389));
#2097=CARTESIAN_POINT('',(-0.00403972213048617,0.167315654196066,-0.127367521045871));
#2098=CARTESIAN_POINT('',(-0.00403251218725522,0.167653730804136,-0.127344840506085));
#2099=CARTESIAN_POINT('',(-0.00402312097747399,0.168155793495833,-0.127383984495625));
#2100=CARTESIAN_POINT('',(-0.00402014429381301,0.168328400013232,-0.127411415520027));
#2101=CARTESIAN_POINT('',(-0.00401475806736581,0.16866755031069,-0.127494215924749));
#2102=CARTESIAN_POINT('',(-0.00401236808935922,0.168833101482092,-0.127549590352906));
#2103=CARTESIAN_POINT('',(-0.0040086556801957,0.169117750174779,-0.127672453735804));
#2104=CARTESIAN_POINT('',(-0.00400721801359252,0.169239205188974,-0.127735074482102));
#2105=CARTESIAN_POINT('',(-0.00400474830326632,0.169471384656172,-0.12787560933139));
#2106=CARTESIAN_POINT('',(-0.00400370841002731,0.16958294412658,-0.12795410355674));
#2107=CARTESIAN_POINT('',(-0.004002207916859,0.169772610358918,-0.128108580018572));
#2108=CARTESIAN_POINT('',(-0.00400167295346155,0.169852940201525,-0.128181908222735));
#2109=CARTESIAN_POINT('',(-0.00400086998996625,0.170004258840542,-0.128336535822358));
#2110=CARTESIAN_POINT('',(-0.00400060203160358,0.170075200943611,-0.128417771508351));
#2111=CARTESIAN_POINT('',(-0.00400027513106007,0.170232398259292,-0.128619528277317));
#2112=CARTESIAN_POINT('',(-0.00400033524318695,0.170315175224422,-0.128744714346639));
#2113=CARTESIAN_POINT('',(-0.00400090496798716,0.170445835854001,-0.128980961833066));
#2114=CARTESIAN_POINT('',(-0.00400132205097378,0.170497385664066,-0.12908981199836));
#2115=CARTESIAN_POINT('',(-0.00400247729925152,0.170586379371067,-0.12931272424489));
#2116=CARTESIAN_POINT('',(-0.00400321157844048,0.170623719170394,-0.129426320916411));
#2117=CARTESIAN_POINT('',(-0.00400517435912983,0.170690317652801,-0.129680691379811));
#2118=CARTESIAN_POINT('',(-0.00400647457356606,0.170716656243065,-0.129822824253644));
#2119=CARTESIAN_POINT('',(-0.00400922865759894,0.170745299951609,-0.130082106681884));
#2120=CARTESIAN_POINT('',(-0.00401059950434963,0.170751366341904,-0.130198548125889));
#2121=CARTESIAN_POINT('',(-0.00401361927343846,0.17075018364367,-0.130431579367344));
#2122=CARTESIAN_POINT('',(-0.00401526127823876,0.170743003443887,-0.130547741209744));
#2123=CARTESIAN_POINT('',(-0.00401935551768702,0.170711569754297,-0.130814154560722));
#2124=CARTESIAN_POINT('',(-0.00402190804467443,0.170682873948422,-0.13096463557362));
#2125=CARTESIAN_POINT('',(-0.00402692761787672,0.170611812291708,-0.131232766751132));
#2126=CARTESIAN_POINT('',(-0.00402930929308935,0.170573341641124,-0.131350948448118));
#2127=CARTESIAN_POINT('',(-0.00403197142486797,0.170525870351876,-0.131473664280582));
#2128=CARTESIAN_POINT('',(-0.00403211448340615,0.17052330661583,-0.131480232145857));
#2129=CARTESIAN_POINT('',(-0.00403225795588811,0.170520722834138,-0.131486792346374));
#2130=CARTESIAN_POINT('',(-0.00426628306361047,0.161761521293345,-0.134476981814007));
#2131=CARTESIAN_POINT('',(-0.00426628304877123,0.161762970561688,-0.134473293306531));
#2132=CARTESIAN_POINT('',(-0.00426628261362028,0.161764419683209,-0.134469605172717));
#2133=CARTESIAN_POINT('',(-0.00426623706696886,0.161841574382865,-0.134273240788905));
#2134=CARTESIAN_POINT('',(-0.00426504057188626,0.161917293890302,-0.13408056463709));
#2135=CARTESIAN_POINT('',(-0.00425959696498249,0.162096197200223,-0.133629758881594));
#2136=CARTESIAN_POINT('',(-0.00425443792630547,0.16219966489107,-0.133372431619923));
#2137=CARTESIAN_POINT('',(-0.00424044019511695,0.162411306505666,-0.132861767240566));
#2138=CARTESIAN_POINT('',(-0.00423157738715593,0.162519765962213,-0.132607771588032));
#2139=CARTESIAN_POINT('',(-0.00420050854600919,0.162854982905067,-0.131858618334087));
#2140=CARTESIAN_POINT('',(-0.00417382149065684,0.163092226475243,-0.131375215747399));
#2141=CARTESIAN_POINT('',(-0.00411561961934793,0.163607477034772,-0.130470372227797));
#2142=CARTESIAN_POINT('',(-0.00408423227831045,0.163885203432306,-0.130049266517286));
#2143=CARTESIAN_POINT('',(-0.00403090021562297,0.164405240424239,-0.129397563089973));
#2144=CARTESIAN_POINT('',(-0.00400864610363437,0.16463643897049,-0.129145260772525));
#2145=CARTESIAN_POINT('',(-0.00397388940934941,0.165031285894275,-0.128779040481835));
#2146=CARTESIAN_POINT('',(-0.00396085199162019,0.165187695519725,-0.128648642943399));
#2147=CARTESIAN_POINT('',(-0.00393862385995148,0.165470560422191,-0.128438711669117));
#2148=CARTESIAN_POINT('',(-0.00392926115564986,0.16559524718235,-0.128354547057522));
#2149=CARTESIAN_POINT('',(-0.00391099983480052,0.165850144445199,-0.128199407455083));
#2150=CARTESIAN_POINT('',(-0.00390211674390193,0.165980197286513,-0.128128613021153));
#2151=CARTESIAN_POINT('',(-0.00388284765488868,0.166276378941996,-0.127986373960206));
#2152=CARTESIAN_POINT('',(-0.00387264339974439,0.166443378182294,-0.127919220946888));
#2153=CARTESIAN_POINT('',(-0.00385432997538311,0.166762163868998,-0.127815462302116));
#2154=CARTESIAN_POINT('',(-0.00384613978783708,0.16691333148532,-0.127776625494502));
#2155=CARTESIAN_POINT('',(-0.00382288148587379,0.167367792562054,-0.127690684367871));
#2156=CARTESIAN_POINT('',(-0.00380909833272099,0.16767352601589,-0.127675023791679));
#2157=CARTESIAN_POINT('',(-0.00379117369571067,0.168123412022714,-0.127715799894536));
#2158=CARTESIAN_POINT('',(-0.00378549850563139,0.168277295652428,-0.127742106746614));
#2159=CARTESIAN_POINT('',(-0.0037752370461123,0.168578435022108,-0.127818901453377));
#2160=CARTESIAN_POINT('',(-0.00377068811672716,0.168724800388885,-0.127869378240862));
#2161=CARTESIAN_POINT('',(-0.00376362618551548,0.168975699047049,-0.127980018918166));
#2162=CARTESIAN_POINT('',(-0.003760893035178,0.169082474053483,-0.128036023553922));
#2163=CARTESIAN_POINT('',(-0.00375619956629701,0.169286251599744,-0.128161023780098));
#2164=CARTESIAN_POINT('',(-0.00375422434282751,0.169383985669037,-0.128230533252007));
#2165=CARTESIAN_POINT('',(-0.0037513750832785,0.16955000686621,-0.128366853902868));
#2166=CARTESIAN_POINT('',(-0.00375035962999622,0.169620270122327,-0.128431410683476));
#2167=CARTESIAN_POINT('',(-0.00374883591255648,0.169752618880655,-0.128567304712206));
#2168=CARTESIAN_POINT('',(-0.00374832772664538,0.169814663893475,-0.128638586444282));
#2169=CARTESIAN_POINT('',(-0.00374770849708271,0.169952236054814,-0.128815455300861));
#2170=CARTESIAN_POINT('',(-0.00374782351822753,0.170024758341173,-0.128925068273642));
#2171=CARTESIAN_POINT('',(-0.00374890699601525,0.170139533077049,-0.129131922873084));
#2172=CARTESIAN_POINT('',(-0.00374969974636159,0.170184936750696,-0.129227230628206));
#2173=CARTESIAN_POINT('',(-0.00375189545639418,0.170263625605764,-0.129422556696882));
#2174=CARTESIAN_POINT('',(-0.00375329103057017,0.170296816963454,-0.129522166847253));
#2175=CARTESIAN_POINT('',(-0.00375702234317309,0.170356459955535,-0.129745537357711));
#2176=CARTESIAN_POINT('',(-0.00375949453331385,0.170380404694627,-0.129870552681433));
#2177=CARTESIAN_POINT('',(-0.00376473357366067,0.170407264143024,-0.130099205795219));
#2178=CARTESIAN_POINT('',(-0.00376734207607408,0.17041343281389,-0.130202101635028));
#2179=CARTESIAN_POINT('',(-0.00377309093057191,0.17041414551733,-0.130408556494833));
#2180=CARTESIAN_POINT('',(-0.00377621810092827,0.170408746330192,-0.130511733824349));
#2181=CARTESIAN_POINT('',(-0.00378401990165441,0.170383175258691,-0.130749085578503));
#2182=CARTESIAN_POINT('',(-0.00378888681538771,0.170359091579093,-0.130883676991272));
#2183=CARTESIAN_POINT('',(-0.00379846623630636,0.170298365437683,-0.131124615752188));
#2184=CARTESIAN_POINT('',(-0.00380301426287369,0.170265208561221,-0.131231213725308));
#2185=CARTESIAN_POINT('',(-0.003808101868983,0.170223968422584,-0.131342358456395));
#2186=CARTESIAN_POINT('',(-0.00380837527992145,0.170221740366269,-0.13134830842421));
#2187=CARTESIAN_POINT('',(-0.00380864949362204,0.170219494041051,-0.131354252851206));
#2188=CARTESIAN_POINT('',(-0.00426628306361047,0.161761521293345,-0.134476981814007));
#2189=CARTESIAN_POINT('',(-0.00426628304768319,0.161763076830199,-0.134473312900664));
#2190=CARTESIAN_POINT('',(-0.00426628248009642,0.161764632209464,-0.134469644358997));
#2191=CARTESIAN_POINT('',(-0.00426622288907025,0.161847444283407,-0.134274323128217));
#2192=CARTESIAN_POINT('',(-0.00426465256225965,0.16192871362302,-0.134082671937401));
#2193=CARTESIAN_POINT('',(-0.00425750940465449,0.162120459089899,-0.133634415711417));
#2194=CARTESIAN_POINT('',(-0.00425074007085438,0.162231145818809,-0.13337866236954));
#2195=CARTESIAN_POINT('',(-0.0042323840806923,0.162456616049933,-0.13287164150077));
#2196=CARTESIAN_POINT('',(-0.00422076596723174,0.162571701437871,-0.132619722132944));
#2197=CARTESIAN_POINT('',(-0.00418007165147516,0.162925333323366,-0.131877835461861));
#2198=CARTESIAN_POINT('',(-0.00414515793083238,0.16317290246393,-0.131400722032717));
#2199=CARTESIAN_POINT('',(-0.00406919230578519,0.163702988826574,-0.130511655717368));
#2200=CARTESIAN_POINT('',(-0.00402830730388622,0.163985246922749,-0.130100010315718));
#2201=CARTESIAN_POINT('',(-0.00395900094579763,0.164507268169943,-0.129466307287549));
#2202=CARTESIAN_POINT('',(-0.00393012897636315,0.164737570944339,-0.129222073989157));
#2203=CARTESIAN_POINT('',(-0.0038851076181247,0.165127953309028,-0.128869081645183));
#2204=CARTESIAN_POINT('',(-0.00386823726912765,0.165281928226475,-0.128743795131996));
#2205=CARTESIAN_POINT('',(-0.0038395007953126,0.165559242543816,-0.128542689597034));
#2206=CARTESIAN_POINT('',(-0.00382740582414549,0.165681111419281,-0.128462280218328));
#2207=CARTESIAN_POINT('',(-0.00380383143798674,0.165929513586208,-0.128314440568928));
#2208=CARTESIAN_POINT('',(-0.00379237214648784,0.166055889433692,-0.128247184521809));
#2209=CARTESIAN_POINT('',(-0.00376753080471544,0.166342894981416,-0.128112456808874));
#2210=CARTESIAN_POINT('',(-0.00375438718824506,0.166504168789232,-0.128049162428987));
#2211=CARTESIAN_POINT('',(-0.00373081540894468,0.166811045367723,-0.127951854765021));
#2212=CARTESIAN_POINT('',(-0.00372028117146994,0.166956149989055,-0.127915688527632));
#2213=CARTESIAN_POINT('',(-0.00369038359633925,0.167391237767229,-0.127836379148488));
#2214=CARTESIAN_POINT('',(-0.00367269062999869,0.167682359408134,-0.12782325652773));
#2215=CARTESIAN_POINT('',(-0.00364969976600338,0.168108937097659,-0.12786396241684));
#2216=CARTESIAN_POINT('',(-0.00364242461491014,0.168254502271181,-0.127889509452777));
#2217=CARTESIAN_POINT('',(-0.0036292751400043,0.168538823471187,-0.127963171267273));
#2218=CARTESIAN_POINT('',(-0.00362344870821414,0.168676734816454,-0.128011269699908));
#2219=CARTESIAN_POINT('',(-0.00361440607801535,0.168912800590625,-0.12811618754215));
#2220=CARTESIAN_POINT('',(-0.00361090738973496,0.16901313764927,-0.128169148365619));
#2221=CARTESIAN_POINT('',(-0.00360490034010985,0.169204472545999,-0.128287089894299));
#2222=CARTESIAN_POINT('',(-0.00360237291012931,0.169296156617887,-0.128352554647977));
#2223=CARTESIAN_POINT('',(-0.00359872754222191,0.169451830204662,-0.128480758476571));
#2224=CARTESIAN_POINT('',(-0.00359742856325714,0.169517687846509,-0.128541411660178));
#2225=CARTESIAN_POINT('',(-0.00359547958331181,0.169641726939411,-0.128668996921986));
#2226=CARTESIAN_POINT('',(-0.00359482968193945,0.169699870598745,-0.128735877071339));
#2227=CARTESIAN_POINT('',(-0.00359403798785131,0.169828820021985,-0.128901762921419));
#2228=CARTESIAN_POINT('',(-0.00359418537654078,0.169896821576371,-0.1290045208067));
#2229=CARTESIAN_POINT('',(-0.00359557188926617,0.170004551070875,-0.129198449539282));
#2230=CARTESIAN_POINT('',(-0.00359658624154508,0.17004721168584,-0.129287805985447));
#2231=CARTESIAN_POINT('',(-0.00359939589051117,0.170121258632595,-0.129471006141774));
#2232=CARTESIAN_POINT('',(-0.00360118173625879,0.170152556026211,-0.129564466835394));
#2233=CARTESIAN_POINT('',(-0.00360595719302187,0.170208955503377,-0.129774192405421));
#2234=CARTESIAN_POINT('',(-0.00360912154123861,0.170231725805701,-0.129891663437587));
#2235=CARTESIAN_POINT('',(-0.0036158291522283,0.170257549909548,-0.130106783299844));
#2236=CARTESIAN_POINT('',(-0.00361916938888636,0.170263641010575,-0.130203682023325));
#2237=CARTESIAN_POINT('',(-0.00362653275122689,0.170264927096524,-0.130398338469196));
#2238=CARTESIAN_POINT('',(-0.00363053898471616,0.170260174105241,-0.130495735192834));
#2239=CARTESIAN_POINT('',(-0.00364053685233899,0.170236857200872,-0.130720104027644));
#2240=CARTESIAN_POINT('',(-0.00364677567835493,0.170214611622907,-0.130847563206902));
#2241=CARTESIAN_POINT('',(-0.00365906109464253,0.170158092822234,-0.131076224404573));
#2242=CARTESIAN_POINT('',(-0.0036648957087039,0.170127124258892,-0.131177565426941));
#2243=CARTESIAN_POINT('',(-0.00367142520013877,0.170088474970735,-0.131283428649891));
#2244=CARTESIAN_POINT('',(-0.00367177610639116,0.170086386553823,-0.131289096488548));
#2245=CARTESIAN_POINT('',(-0.00367212805062058,0.170084280674163,-0.13129475965964));
#2246=CARTESIAN_POINT('',(-0.00426628306361047,0.161761521293345,-0.134476981814007));
#2247=CARTESIAN_POINT('',(-0.00426628304550711,0.161763289367222,-0.134473352088928));
#2248=CARTESIAN_POINT('',(-0.00426628216050949,0.161765057261975,-0.134469722731557));
#2249=CARTESIAN_POINT('',(-0.00426618888616269,0.161859184072395,-0.134276487804622));
#2250=CARTESIAN_POINT('',(-0.0042637210713978,0.16195155227798,-0.134086886488874));
#2251=CARTESIAN_POINT('',(-0.00425250222305612,0.162168904468056,-0.133643714409929));
#2252=CARTESIAN_POINT('',(-0.004241872832405,0.162293924989625,-0.133391089524201));
#2253=CARTESIAN_POINT('',(-0.00421310033883353,0.162546598280311,-0.132891252496007));
#2254=CARTESIAN_POINT('',(-0.0041949087163293,0.162674583719391,-0.132643401846049));
#2255=CARTESIAN_POINT('',(-0.00413134308359576,0.163063520133958,-0.13191560094254));
#2256=CARTESIAN_POINT('',(-0.00407699754115688,0.163330057449867,-0.131450507410157));
#2257=CARTESIAN_POINT('',(-0.00395955941147581,0.16388557912957,-0.13059066209773));
#2258=CARTESIAN_POINT('',(-0.00389672660521818,0.16417437248804,-0.130196145418471));
#2259=CARTESIAN_POINT('',(-0.00379094722802608,0.164696486771401,-0.129593902098997));
#2260=CARTESIAN_POINT('',(-0.00374709511917128,0.164923519918849,-0.129363464755461));
#2261=CARTESIAN_POINT('',(-0.00367902930872081,0.165303323668816,-0.129032495016837));
#2262=CARTESIAN_POINT('',(-0.00365360082178666,0.165451975784803,-0.128915578331884));
#2263=CARTESIAN_POINT('',(-0.0036104036598869,0.165717825158669,-0.128728672637455));
#2264=CARTESIAN_POINT('',(-0.00359226238671238,0.165834045355874,-0.128654219580873));
#2265=CARTESIAN_POINT('',(-0.00355697331932057,0.166069773626201,-0.128517784436315));
#2266=CARTESIAN_POINT('',(-0.00353985600221543,0.166189126278997,-0.128455965760938));
#2267=CARTESIAN_POINT('',(-0.00350281902384998,0.166458957525786,-0.128332573491905));
#2268=CARTESIAN_POINT('',(-0.00348327287713094,0.166609737246752,-0.128274949397477));
#2269=CARTESIAN_POINT('',(-0.00344829192370677,0.166895207685011,-0.12818682476198));
#2270=CARTESIAN_POINT('',(-0.00343269192480085,0.167029578547249,-0.128154316564716));
#2271=CARTESIAN_POINT('',(-0.00338849171215941,0.167430846290204,-0.128083613155346));
#2272=CARTESIAN_POINT('',(-0.00336244122125126,0.167697087664769,-0.128072990901958));
#2273=CARTESIAN_POINT('',(-0.0033286687522413,0.168084730569546,-0.128111266628099));
#2274=CARTESIAN_POINT('',(-0.00331799934331863,0.168216531641627,-0.128134801335381));
#2275=CARTESIAN_POINT('',(-0.00329873578292255,0.168473226054698,-0.128201934546345));
#2276=CARTESIAN_POINT('',(-0.00329021197569828,0.16859735109617,-0.12824551341651));
#2277=CARTESIAN_POINT('',(-0.00327699367878136,0.168809340084912,-0.1283401191036));
#2278=CARTESIAN_POINT('',(-0.003271883759317,0.168899267022043,-0.128387743258087));
#2279=CARTESIAN_POINT('',(-0.00326311452497237,0.169070519943015,-0.128493554342994));
#2280=CARTESIAN_POINT('',(-0.00325942740620646,0.169152459180356,-0.128552174802314));
#2281=CARTESIAN_POINT('',(-0.00325411107448406,0.169291463939255,-0.128666803905546));
#2282=CARTESIAN_POINT('',(-0.00325221742233603,0.169350223858578,-0.128720979470844));
#2283=CARTESIAN_POINT('',(-0.00324937669415658,0.169460853534732,-0.128834858355668));
#2284=CARTESIAN_POINT('',(-0.00324842976165391,0.169512689797066,-0.128894515530135));
#2285=CARTESIAN_POINT('',(-0.00324727656978074,0.169627648854077,-0.129042442498437));
#2286=CARTESIAN_POINT('',(-0.00324749174570935,0.169688271735509,-0.129134041192335));
#2287=CARTESIAN_POINT('',(-0.00324951340747535,0.169784380726178,-0.129306964533462));
#2288=CARTESIAN_POINT('',(-0.00325099227887264,0.169822467210018,-0.129386661659535));
#2289=CARTESIAN_POINT('',(-0.00325508972940429,0.169888651355082,-0.129550172205486));
#2290=CARTESIAN_POINT('',(-0.00325769452240088,0.169916669082403,-0.129633643394754));
#2291=CARTESIAN_POINT('',(-0.0032646630994006,0.169967261626778,-0.129821159441248));
#2292=CARTESIAN_POINT('',(-0.00326928234814266,0.169987770026428,-0.12992632240552));
#2293=CARTESIAN_POINT('',(-0.00327908172791858,0.170011182655237,-0.130119265432573));
#2294=CARTESIAN_POINT('',(-0.00328396396443553,0.170016790993686,-0.130206301663245));
#2295=CARTESIAN_POINT('',(-0.00329473461535323,0.17001825050073,-0.130381462166539));
#2296=CARTESIAN_POINT('',(-0.00330059828366853,0.170014147623123,-0.130469260073651));
#2297=CARTESIAN_POINT('',(-0.00331524427494398,0.169993546328893,-0.130671940583054));
#2298=CARTESIAN_POINT('',(-0.00332439210861501,0.169973730424223,-0.130787387918357));
#2299=CARTESIAN_POINT('',(-0.00334243055068181,0.169923055263377,-0.130995163979936));
#2300=CARTESIAN_POINT('',(-0.00335100545055177,0.169895204979056,-0.131087485488879));
#2301=CARTESIAN_POINT('',(-0.00336061308364737,0.16986032399122,-0.131184199991198));
#2302=CARTESIAN_POINT('',(-0.00336112944726681,0.16985843888014,-0.131189378845424));
#2303=CARTESIAN_POINT('',(-0.00336164737152181,0.169856537685002,-0.131194554269642));
#2304=CARTESIAN_POINT('',(-0.00426628306361047,0.161761521293345,-0.134476981814007));
#2305=CARTESIAN_POINT('',(-0.00426628304441908,0.161763395635733,-0.134473371683061));
#2306=CARTESIAN_POINT('',(-0.00426628197444643,0.16176526978823,-0.134469761917836));
#2307=CARTESIAN_POINT('',(-0.00426616906115375,0.16186505396084,-0.134277570141714));
#2308=CARTESIAN_POINT('',(-0.00426317759014366,0.16196297120038,-0.134088993740066));
#2309=CARTESIAN_POINT('',(-0.00424958260185773,0.162193087955736,-0.133648356278465));
#2310=CARTESIAN_POINT('',(-0.00423670344907217,0.162325223231459,-0.133397285929139));
#2311=CARTESIAN_POINT('',(-0.004201872717604,0.162591270935811,-0.132900989224465));
#2312=CARTESIAN_POINT('',(-0.00417986289779686,0.162725530465438,-0.132655131001577));
#2313=CARTESIAN_POINT('',(-0.00410305150561662,0.163131356234077,-0.131934149218859));
#2314=CARTESIAN_POINT('',(-0.00403750093370881,0.163406535785138,-0.131474786337554));
#2315=CARTESIAN_POINT('',(-0.00389635517547622,0.163972655308074,-0.130628384018016));
#2316=CARTESIAN_POINT('',(-0.00382107325020354,0.164263450907883,-0.130241535014745));
#2317=CARTESIAN_POINT('',(-0.00369479828943183,0.164783671324889,-0.129652748539001));
#2318=CARTESIAN_POINT('',(-0.00364258562698524,0.165008329410656,-0.12942803673345));
#2319=CARTESIAN_POINT('',(-0.00356174351231223,0.165382017435673,-0.129105858729843));
#2320=CARTESIAN_POINT('',(-0.00353159131758476,0.165527780889195,-0.128992199569921));
#2321=CARTESIAN_POINT('',(-0.00348044469307969,0.165787715160704,-0.128810665492556));
#2322=CARTESIAN_POINT('',(-0.0034589907113272,0.165901104328669,-0.128738412374626));
#2323=CARTESIAN_POINT('',(-0.00341730282699215,0.166130653560593,-0.128606079353483));
#2324=CARTESIAN_POINT('',(-0.00339710515596695,0.166246660011964,-0.128546158386342));
#2325=CARTESIAN_POINT('',(-0.00335344820898235,0.166508493393458,-0.128426587276534));
#2326=CARTESIAN_POINT('',(-0.00333044086336345,0.166654504872189,-0.128370773158456));
#2327=CARTESIAN_POINT('',(-0.00328931287797285,0.166930479551391,-0.128285377450457));
#2328=CARTESIAN_POINT('',(-0.00327099297464018,0.167060180459397,-0.128253855277311));
#2329=CARTESIAN_POINT('',(-0.00321913479910543,0.167447004538631,-0.128185121995884));
#2330=CARTESIAN_POINT('',(-0.00318864018486979,0.167702980416376,-0.12817445975194));
#2331=CARTESIAN_POINT('',(-0.00314915731225674,0.168075002356449,-0.12821037314087));
#2332=CARTESIAN_POINT('',(-0.00313669524917105,0.168201359883738,-0.128232654740981));
#2333=CARTESIAN_POINT('',(-0.00311420867207829,0.168447250136223,-0.128296391630707));
#2334=CARTESIAN_POINT('',(-0.0031042663921343,0.168566045240858,-0.128337829284924));
#2335=CARTESIAN_POINT('',(-0.00308885534457885,0.168768794559673,-0.128427846218901));
#2336=CARTESIAN_POINT('',(-0.00308290060763261,0.168854751201283,-0.128473177972642));
#2337=CARTESIAN_POINT('',(-0.00307268429015307,0.169018368465144,-0.128573918624494));
#2338=CARTESIAN_POINT('',(-0.00306839033914457,0.169096614669738,-0.128629740371283));
#2339=CARTESIAN_POINT('',(-0.00306220009602504,0.169229301295366,-0.128738913471234));
#2340=CARTESIAN_POINT('',(-0.00305999563568954,0.169285370418722,-0.128790515981808));
#2341=CARTESIAN_POINT('',(-0.00305668893230476,0.169390902795802,-0.12889899939835));
#2342=CARTESIAN_POINT('',(-0.00305558685530897,0.169440334153729,-0.128955836354779));
#2343=CARTESIAN_POINT('',(-0.00305424483853776,0.169549928048489,-0.129096790444221));
#2344=CARTESIAN_POINT('',(-0.00305449539490986,0.169607694236239,-0.129184086956332));
#2345=CARTESIAN_POINT('',(-0.00305684880540664,0.169699229782135,-0.129348934434811));
#2346=CARTESIAN_POINT('',(-0.00305857032706421,0.169735485849589,-0.129424925248206));
#2347=CARTESIAN_POINT('',(-0.00306334090691375,0.169798450084263,-0.12958087554792));
#2348=CARTESIAN_POINT('',(-0.00306637391165066,0.169825082436013,-0.129660508435714));
#2349=CARTESIAN_POINT('',(-0.00307449023845296,0.169873111923709,-0.129839463727885));
#2350=CARTESIAN_POINT('',(-0.0030798714246052,0.169892532822355,-0.129939865003226));
#2351=CARTESIAN_POINT('',(-0.00309129232908964,0.169914568854787,-0.130124168088912));
#2352=CARTESIAN_POINT('',(-0.00309698400798975,0.169919771650845,-0.130207340520644));
#2353=CARTESIAN_POINT('',(-0.00310954565839303,0.169920830243781,-0.130374806501964));
#2354=CARTESIAN_POINT('',(-0.00311638674432239,0.16991673068403,-0.130458787622741));
#2355=CARTESIAN_POINT('',(-0.0031334824635154,0.169896589206818,-0.130652765789664));
#2356=CARTESIAN_POINT('',(-0.00314416597417235,0.169877363772422,-0.130763335096173));
#2357=CARTESIAN_POINT('',(-0.00316524875171656,0.169828322685256,-0.130962506091895));
#2358=CARTESIAN_POINT('',(-0.00317527610204922,0.169801401292025,-0.131051066031635));
#2359=CARTESIAN_POINT('',(-0.00318651863962555,0.169767696562165,-0.131143914229754));
#2360=CARTESIAN_POINT('',(-0.00318712289277384,0.169765875053494,-0.131148886276943));
#2361=CARTESIAN_POINT('',(-0.00318772899391556,0.169764038033147,-0.131153855257993));
#2362=CARTESIAN_POINT('',(-0.00426628306361047,0.161761521293345,-0.134476981814007));
#2363=CARTESIAN_POINT('',(-0.004266283042243,0.161763608172755,-0.134473410871326));
#2364=CARTESIAN_POINT('',(-0.00426628154978106,0.161765694840739,-0.134469840290396));
#2365=CARTESIAN_POINT('',(-0.00426612376403478,0.161876793721622,-0.13427973481294));
#2366=CARTESIAN_POINT('',(-0.00426193484227641,0.16198580794305,-0.134093208172647));
#2367=CARTESIAN_POINT('',(-0.00424291415883216,0.162241350511056,-0.133657620088682));
#2368=CARTESIAN_POINT('',(-0.00422490065329622,0.162387576306088,-0.133409632959155));
#2369=CARTESIAN_POINT('',(-0.00417629644772318,0.162679771451089,-0.132920280245888));
#2370=CARTESIAN_POINT('',(-0.00414562627186486,0.162826114211976,-0.132678295931383));
#2371=CARTESIAN_POINT('',(-0.00403892927329164,0.16326371870649,-0.131970365149607));
#2372=CARTESIAN_POINT('',(-0.00394829702969946,0.163553992121421,-0.131521731120154));
#2373=CARTESIAN_POINT('',(-0.00375490397856563,0.164135921339629,-0.130699229153562));
#2374=CARTESIAN_POINT('',(-0.00365257443980686,0.164427564687121,-0.130325442077515));
#2375=CARTESIAN_POINT('',(-0.0034825139759836,0.164939293982723,-0.129757935228856));
#2376=CARTESIAN_POINT('',(-0.00341266372052411,0.165157452318277,-0.12954179608105));
#2377=CARTESIAN_POINT('',(-0.00330519264214459,0.165517036947953,-0.129231826412884));
#2378=CARTESIAN_POINT('',(-0.00326527603237104,0.165656536053321,-0.12912245170074));
#2379=CARTESIAN_POINT('',(-0.00319781903409152,0.165904321174303,-0.12894753551585));
#2380=CARTESIAN_POINT('',(-0.00316961051209183,0.166012089221179,-0.128877834625873));
#2381=CARTESIAN_POINT('',(-0.0031149493250896,0.166229777338244,-0.128749928374191));
#2382=CARTESIAN_POINT('',(-0.00308854493415179,0.166339549236441,-0.128691875306381));
#2383=CARTESIAN_POINT('',(-0.00303162278910396,0.16658693245612,-0.128575635897187));
#2384=CARTESIAN_POINT('',(-0.00300173326031125,0.166724625377239,-0.128521065916351));
#2385=CARTESIAN_POINT('',(-0.00294846007372835,0.166984613757901,-0.128436843728462));
#2386=CARTESIAN_POINT('',(-0.00292480152964912,0.167106688351612,-0.128405368852763));
#2387=CARTESIAN_POINT('',(-0.00285799184155062,0.167470625025775,-0.128335291301289));
#2388=CARTESIAN_POINT('',(-0.00281893475611286,0.167711282641506,-0.128321689435382));
#2389=CARTESIAN_POINT('',(-0.00276853335698164,0.168061177609444,-0.128350443377541));
#2390=CARTESIAN_POINT('',(-0.00275266253521441,0.168180040508641,-0.128369729043906));
#2391=CARTESIAN_POINT('',(-0.00272406983459206,0.168411392295019,-0.128426531809784));
#2392=CARTESIAN_POINT('',(-0.00271145292022214,0.168523187102969,-0.128464043175248));
#2393=CARTESIAN_POINT('',(-0.00269191875432477,0.168713993748483,-0.128546333056677));
#2394=CARTESIAN_POINT('',(-0.00268438020603794,0.168794888361643,-0.128588007578678));
#2395=CARTESIAN_POINT('',(-0.00267145546492867,0.168948836407191,-0.128681015656738));
#2396=CARTESIAN_POINT('',(-0.00266602839142559,0.169022440611165,-0.128732731663488));
#2397=CARTESIAN_POINT('',(-0.00265820800389078,0.169147182129295,-0.128834153223653));
#2398=CARTESIAN_POINT('',(-0.00265542453826755,0.1691998660528,-0.12888218256686));
#2399=CARTESIAN_POINT('',(-0.00265125014629713,0.169298946381648,-0.128983307386471));
#2400=CARTESIAN_POINT('',(-0.002649859426487,0.169345312818908,-0.129036361684697));
#2401=CARTESIAN_POINT('',(-0.00264816609312328,0.169447981248102,-0.129168072185988));
#2402=CARTESIAN_POINT('',(-0.00264848240433397,0.169501983436278,-0.129249750988042));
#2403=CARTESIAN_POINT('',(-0.0026514530977265,0.169587284137062,-0.129404115954491));
#2404=CARTESIAN_POINT('',(-0.00265362619513739,0.169620961598016,-0.129475316768627));
#2405=CARTESIAN_POINT('',(-0.00265965101981463,0.169679190166816,-0.129621481454873));
#2406=CARTESIAN_POINT('',(-0.00266348246384687,0.169703672659599,-0.129696138886162));
#2407=CARTESIAN_POINT('',(-0.00267374258766867,0.169747440658953,-0.12986392063461));
#2408=CARTESIAN_POINT('',(-0.00268054888117116,0.169764833351027,-0.129958057722204));
#2409=CARTESIAN_POINT('',(-0.00269501132405442,0.169783808444875,-0.130130825040948));
#2410=CARTESIAN_POINT('',(-0.00270222393956955,0.169787860740269,-0.130208778740526));
#2411=CARTESIAN_POINT('',(-0.00271815977453468,0.169787069995574,-0.130365693879876));
#2412=CARTESIAN_POINT('',(-0.00272684626795358,0.169782272811309,-0.130444362743669));
#2413=CARTESIAN_POINT('',(-0.00274858123622209,0.169761062127562,-0.130626012373986));
#2414=CARTESIAN_POINT('',(-0.00276218231437587,0.169741620834893,-0.130729511404803));
#2415=CARTESIAN_POINT('',(-0.00278907595808578,0.169692943829418,-0.13091587344688));
#2416=CARTESIAN_POINT('',(-0.0028018844477288,0.169666451714548,-0.130998712327226));
#2417=CARTESIAN_POINT('',(-0.00281627005139781,0.16963348731464,-0.131085544252212));
#2418=CARTESIAN_POINT('',(-0.00281704330562085,0.16963170633102,-0.131090194071214));
#2419=CARTESIAN_POINT('',(-0.00281781899650513,0.169629910692215,-0.131094840970297));
#2420=CARTESIAN_POINT('',(-0.00426628306361047,0.161761521293345,-0.134476981814007));
#2421=CARTESIAN_POINT('',(-0.00426628304115496,0.161763714441266,-0.134473430465458));
#2422=CARTESIAN_POINT('',(-0.00426628131117875,0.161765907366994,-0.134469879476676));
#2423=CARTESIAN_POINT('',(-0.00426609829192476,0.161882663593958,-0.134280817147072));
#2424=CARTESIAN_POINT('',(-0.00426123557563812,0.161997225763476,-0.134095315354066));
#2425=CARTESIAN_POINT('',(-0.00423916533710085,0.162265429577899,-0.13366224203021));
#2426=CARTESIAN_POINT('',(-0.00421826724041488,0.162418631137581,-0.133415783584111));
#2427=CARTESIAN_POINT('',(-0.00416194780730438,0.162723599280713,-0.132929834532376));
#2428=CARTESIAN_POINT('',(-0.00412643548101779,0.162875751153483,-0.132689731693135));
#2429=CARTESIAN_POINT('',(-0.00400309874459389,0.163328244797427,-0.131988032730255));
#2430=CARTESIAN_POINT('',(-0.00389859002851826,0.163624969484184,-0.131544396812266));
#2431=CARTESIAN_POINT('',(-0.00367665875537245,0.164212109092081,-0.13073235149366));
#2432=CARTESIAN_POINT('',(-0.00355973203233112,0.164502596833994,-0.13036395802375));
#2433=CARTESIAN_POINT('',(-0.00336638556603466,0.165007726883062,-0.129804272026597));
#2434=CARTESIAN_POINT('',(-0.00328726040871662,0.165221759686552,-0.129590978942564));
#2435=CARTESIAN_POINT('',(-0.00316594091981366,0.165573355616327,-0.129284423825753));
#2436=CARTESIAN_POINT('',(-0.00312098541906518,0.165709478722889,-0.129176075171278));
#2437=CARTESIAN_POINT('',(-0.00304517097750492,0.165951029465425,-0.129002403657039));
#2438=CARTESIAN_POINT('',(-0.00301352221144813,0.166056007351015,-0.128933054336248));
#2439=CARTESIAN_POINT('',(-0.00295228987072311,0.166268013426848,-0.128805471267505));
#2440=CARTESIAN_POINT('',(-0.0029227608565059,0.166374897078845,-0.128747387648816));
#2441=CARTESIAN_POINT('',(-0.00285919750751476,0.166615828454026,-0.128630657144551));
#2442=CARTESIAN_POINT('',(-0.00282588930275314,0.166749971460496,-0.128575520439046));
#2443=CARTESIAN_POINT('',(-0.00276662235929575,0.167003470335129,-0.128489741291873));
#2444=CARTESIAN_POINT('',(-0.0027403471736781,0.167122589172437,-0.128457327012547));
#2445=CARTESIAN_POINT('',(-0.00266625016883997,0.167478084225823,-0.128383933272359));
#2446=CARTESIAN_POINT('',(-0.0026230788361946,0.167713690923236,-0.128367430912285));
#2447=CARTESIAN_POINT('',(-0.00256747496119282,0.168057083011746,-0.128391387170215));
#2448=CARTESIAN_POINT('',(-0.00254998989208232,0.168173895975729,-0.128408929946354));
#2449=CARTESIAN_POINT('',(-0.00251851752671328,0.168401515810639,-0.128462195069274));
#2450=CARTESIAN_POINT('',(-0.00250464602371853,0.168511641458473,-0.128497921587053));
#2451=CARTESIAN_POINT('',(-0.00248318397537945,0.16869974721571,-0.128577073822818));
#2452=CARTESIAN_POINT('',(-0.00247490741278034,0.168779551017696,-0.128617383890941));
#2453=CARTESIAN_POINT('',(-0.00246072303012223,0.168931467284498,-0.128707730742417));
#2454=CARTESIAN_POINT('',(-0.00245477039128817,0.169004123387847,-0.128758140262661));
#2455=CARTESIAN_POINT('',(-0.00244619482274046,0.169127239412799,-0.128857267392418));
#2456=CARTESIAN_POINT('',(-0.00244314353776755,0.169179229562187,-0.128904297161432));
#2457=CARTESIAN_POINT('',(-0.00243856800058823,0.169276956326921,-0.129003460007187));
#2458=CARTESIAN_POINT('',(-0.00243704397284175,0.169322663302829,-0.129055552481083));
#2459=CARTESIAN_POINT('',(-0.00243518837953234,0.169423772650359,-0.129184993815844));
#2460=CARTESIAN_POINT('',(-0.00243553502151621,0.169476868169011,-0.129265358057285));
#2461=CARTESIAN_POINT('',(-0.00243879084266687,0.169560508449308,-0.12941731820257));
#2462=CARTESIAN_POINT('',(-0.00244117256862848,0.169593438096761,-0.129487436173121));
#2463=CARTESIAN_POINT('',(-0.00244777769230683,0.169650151533304,-0.129631377209543));
#2464=CARTESIAN_POINT('',(-0.00245197884705755,0.169673869788721,-0.129704898356673));
#2465=CARTESIAN_POINT('',(-0.00246323365027137,0.169715939751734,-0.129870069244054));
#2466=CARTESIAN_POINT('',(-0.00247070221482169,0.169732391859617,-0.1299627048965));
#2467=CARTESIAN_POINT('',(-0.00248658279896704,0.169749682653013,-0.130132578284866));
#2468=CARTESIAN_POINT('',(-0.00249450598637376,0.16975298994597,-0.13020917788643));
#2469=CARTESIAN_POINT('',(-0.00251202300684096,0.169750750567174,-0.130363238333018));
#2470=CARTESIAN_POINT('',(-0.00252157641733726,0.169745252275107,-0.130440412515408));
#2471=CARTESIAN_POINT('',(-0.002545498282265,0.169722512055378,-0.130618437696179));
#2472=CARTESIAN_POINT('',(-0.00256047964843153,0.169702264047284,-0.130719745417596));
#2473=CARTESIAN_POINT('',(-0.00259013676753741,0.169652316197229,-0.130901905127658));
#2474=CARTESIAN_POINT('',(-0.00260427252775579,0.169625324035412,-0.130982785162305));
#2475=CARTESIAN_POINT('',(-0.00262016475192803,0.169591923201617,-0.131067467736582));
#2476=CARTESIAN_POINT('',(-0.00262101903500603,0.169590119113398,-0.131072002167365));
#2477=CARTESIAN_POINT('',(-0.00262187605594361,0.169588300653964,-0.131076533460384));
#2478=CARTESIAN_POINT('',(-0.00426628306361047,0.161761521293345,-0.134476981814007));
#2479=CARTESIAN_POINT('',(-0.00426628303897888,0.161763926978289,-0.134473469653723));
#2480=CARTESIAN_POINT('',(-0.00426628078143484,0.161766332419502,-0.134469957849235));
#2481=CARTESIAN_POINT('',(-0.00426604170061554,0.161894403318507,-0.134282981811638));
#2482=CARTESIAN_POINT('',(-0.00425968085474044,0.162020059991666,-0.134099529622784));
#2483=CARTESIAN_POINT('',(-0.00423084216616794,0.162313457368836,-0.133671461038987));
#2484=CARTESIAN_POINT('',(-0.00420354604623662,0.162480436812343,-0.133428027630694));
#2485=CARTESIAN_POINT('',(-0.00413019403685191,0.162810205909783,-0.132948716554773));
#2486=CARTESIAN_POINT('',(-0.00408402313538468,0.16297340144647,-0.132712239359684));
#2487=CARTESIAN_POINT('',(-0.00392429880143297,0.163453227315629,-0.132022284795723));
#2488=CARTESIAN_POINT('',(-0.00378975247387075,0.163760201478638,-0.131587749095072));
#2489=CARTESIAN_POINT('',(-0.00350727653089113,0.164351440610563,-0.130793082170158));
#2490=CARTESIAN_POINT('',(-0.00335997735780049,0.164636004630152,-0.130432815588942));
#2491=CARTESIAN_POINT('',(-0.00311930130110954,0.165122767991746,-0.129882376979618));
#2492=CARTESIAN_POINT('',(-0.00302167108636042,0.165326698776323,-0.129671552721637));
#2493=CARTESIAN_POINT('',(-0.00287322019598435,0.165660468846244,-0.129365922257739));
#2494=CARTESIAN_POINT('',(-0.00281852005482915,0.165789405999074,-0.12925719938539));
#2495=CARTESIAN_POINT('',(-0.00272673471361687,0.166018333317285,-0.1290815791748));
#2496=CARTESIAN_POINT('',(-0.00268857912211561,0.166117866204666,-0.129010960844707));
#2497=CARTESIAN_POINT('',(-0.0026150354508326,0.16631923481008,-0.128880025766057));
#2498=CARTESIAN_POINT('',(-0.00257971431471636,0.166420935099147,-0.128819857446527));
#2499=CARTESIAN_POINT('',(-0.0025039584768454,0.166650846885426,-0.128697658098181));
#2500=CARTESIAN_POINT('',(-0.0024644607635135,0.166779319663322,-0.128638942397808));
#2501=CARTESIAN_POINT('',(-0.00239446807581879,0.167023269238899,-0.128545689919652));
#2502=CARTESIAN_POINT('',(-0.0023635686151248,0.167138400048627,-0.128509461047754));
#2503=CARTESIAN_POINT('',(-0.00227672442098426,0.167483648814489,-0.128424186823701));
#2504=CARTESIAN_POINT('',(-0.0022265468205481,0.167714800743954,-0.128399144417679));
#2505=CARTESIAN_POINT('',(-0.00216222404985445,0.168054900454602,-0.128411350954435));
#2506=CARTESIAN_POINT('',(-0.00214206593937289,0.168171203338503,-0.128425033670572));
#2507=CARTESIAN_POINT('',(-0.00210586376083329,0.168398798834118,-0.128471337104167));
#2508=CARTESIAN_POINT('',(-0.00208995363473798,0.16850941692777,-0.128503989108467));
#2509=CARTESIAN_POINT('',(-0.00206537885745273,0.168698939697227,-0.128578574595207));
#2510=CARTESIAN_POINT('',(-0.00205591899390475,0.168779556402211,-0.128617200468526));
#2511=CARTESIAN_POINT('',(-0.00203972281543101,0.16893322861009,-0.128704869117507));
#2512=CARTESIAN_POINT('',(-0.00203293545871109,0.16900683480026,-0.128754277052687));
#2513=CARTESIAN_POINT('',(-0.00202316347415589,0.169131565629116,-0.128852191388829));
#2514=CARTESIAN_POINT('',(-0.00201968923367817,0.169184238926488,-0.128898890834789));
#2515=CARTESIAN_POINT('',(-0.00201448085883711,0.16928314465019,-0.128997753301037));
#2516=CARTESIAN_POINT('',(-0.00201274697482964,0.169329346792169,-0.129049875189886));
#2517=CARTESIAN_POINT('',(-0.00201063593639385,0.169431303797855,-0.129179707774708));
#2518=CARTESIAN_POINT('',(-0.0020110302154716,0.16948462682599,-0.129260563439802));
#2519=CARTESIAN_POINT('',(-0.00201473505729823,0.169568020334594,-0.129413629816648));
#2520=CARTESIAN_POINT('',(-0.00201744546465788,0.169600607640385,-0.129484316392513));
#2521=CARTESIAN_POINT('',(-0.00202496754552905,0.169656134356886,-0.129629374048485));
#2522=CARTESIAN_POINT('',(-0.00202975386998352,0.169679013097966,-0.129703440687341));
#2523=CARTESIAN_POINT('',(-0.00204258961091508,0.169718697002033,-0.129869604360545));
#2524=CARTESIAN_POINT('',(-0.00205111420933034,0.169733491503833,-0.129962648335664));
#2525=CARTESIAN_POINT('',(-0.0020692714465618,0.169747234800721,-0.13013276564028));
#2526=CARTESIAN_POINT('',(-0.00207834001086018,0.169748766576206,-0.130209298733366));
#2527=CARTESIAN_POINT('',(-0.00209842139568306,0.169742679812511,-0.130362762582406));
#2528=CARTESIAN_POINT('',(-0.00210938772471992,0.169735118395429,-0.130439409938591));
#2529=CARTESIAN_POINT('',(-0.00213689835672141,0.169707414312133,-0.130615596564521));
#2530=CARTESIAN_POINT('',(-0.00215416098567066,0.169684192288985,-0.130715403820401));
#2531=CARTESIAN_POINT('',(-0.00218843230341149,0.169628836585856,-0.130893921528103));
#2532=CARTESIAN_POINT('',(-0.00220479927864722,0.169599422957778,-0.130972849384587));
#2533=CARTESIAN_POINT('',(-0.00222324576028989,0.169563532867912,-0.131055122055265));
#2534=CARTESIAN_POINT('',(-0.00222423747642091,0.169561595630257,-0.131059526334257));
#2535=CARTESIAN_POINT('',(-0.00222523250267582,0.169559644265606,-0.131063926455523));
#2536=CARTESIAN_POINT('',(-0.00426628306361047,0.161761521293345,-0.134476981814007));
#2537=CARTESIAN_POINT('',(-0.00426628303789084,0.1617640332468,-0.134473489247855));
#2538=CARTESIAN_POINT('',(-0.00426628049029323,0.161766544945756,-0.134469997035515));
#2539=CARTESIAN_POINT('',(-0.00426601058141633,0.161900273170721,-0.134284064142072));
#2540=CARTESIAN_POINT('',(-0.00425882540044964,0.162031476399583,-0.134101636710113));
#2541=CARTESIAN_POINT('',(-0.00422626781708601,0.162337406092136,-0.133676058106085));
#2542=CARTESIAN_POINT('',(-0.00419545826440452,0.162511187654234,-0.133434121052181));
#2543=CARTESIAN_POINT('',(-0.0041127889170444,0.162852984679658,-0.13295804428433));
#2544=CARTESIAN_POINT('',(-0.00406080160122119,0.163021414740036,-0.132723311252138));
#2545=CARTESIAN_POINT('',(-0.00388132954162816,0.163513683475257,-0.132038869210323));
#2546=CARTESIAN_POINT('',(-0.00373062228760398,0.163824455502885,-0.13160843552518));
#2547=CARTESIAN_POINT('',(-0.00341614161475785,0.164414582563908,-0.13082068974971));
#2548=CARTESIAN_POINT('',(-0.0032530687258642,0.164694377613298,-0.130463155921121));
#2549=CARTESIAN_POINT('',(-0.00298835356158639,0.165169372323898,-0.129914142555735));
#2550=CARTESIAN_POINT('',(-0.00288149560696734,0.165367326205884,-0.129702940410781));
#2551=CARTESIAN_POINT('',(-0.00271976643409094,0.165691258826117,-0.129394819022018));
#2552=CARTESIAN_POINT('',(-0.00266036253776601,0.16581638600363,-0.129284695488921));
#2553=CARTESIAN_POINT('',(-0.00256096750721341,0.166038924412423,-0.129105881319785));
#2554=CARTESIAN_POINT('',(-0.00251974704645267,0.166135802578622,-0.12903364218461));
#2555=CARTESIAN_POINT('',(-0.00244046676384216,0.166332216088519,-0.128899031549908));
#2556=CARTESIAN_POINT('',(-0.00240247998055013,0.166431621478987,-0.128836808944679));
#2557=CARTESIAN_POINT('',(-0.00232117710263124,0.166656966092917,-0.128709631676303));
#2558=CARTESIAN_POINT('',(-0.00227891096919241,0.166783318930867,-0.128647903705052));
#2559=CARTESIAN_POINT('',(-0.00220419086631352,0.1670242094498,-0.12854873504735));
#2560=CARTESIAN_POINT('',(-0.00217128592613366,0.167138308346523,-0.128509631159515));
#2561=CARTESIAN_POINT('',(-0.00207898822421244,0.167481753459474,-0.128415793380718));
#2562=CARTESIAN_POINT('',(-0.00202592272835011,0.16771350212208,-0.128385112229615));
#2563=CARTESIAN_POINT('',(-0.0019580891593639,0.168056812801104,-0.128390368090689));
#2564=CARTESIAN_POINT('',(-0.00193687409173555,0.168174655626697,-0.128401934133257));
#2565=CARTESIAN_POINT('',(-0.00189882515348139,0.168405958755807,-0.128444814475605));
#2566=CARTESIAN_POINT('',(-0.00188213253300509,0.168518738389027,-0.128476177269341));
#2567=CARTESIAN_POINT('',(-0.00185637533394572,0.16871237884196,-0.128549334357252));
#2568=CARTESIAN_POINT('',(-0.00184647113609123,0.168794899131183,-0.128587640761412));
#2569=CARTESIAN_POINT('',(-0.00182952445175252,0.168952358769334,-0.128675292876661));
#2570=CARTESIAN_POINT('',(-0.00182242864389236,0.169027862986256,-0.128725005884968));
#2571=CARTESIAN_POINT('',(-0.00181221644095155,0.169155833835071,-0.128824002069567));
#2572=CARTESIAN_POINT('',(-0.00180858742879278,0.169209883935893,-0.128871370826334));
#2573=CARTESIAN_POINT('',(-0.00180314790941117,0.169311321977177,-0.128971894943584));
#2574=CARTESIAN_POINT('',(-0.00180133766048539,0.16935867865989,-0.129025008068804));
#2575=CARTESIAN_POINT('',(-0.00179913366012688,0.169463042257962,-0.129157501005877));
#2576=CARTESIAN_POINT('',(-0.00179954520354872,0.169517499426833,-0.129240162570681));
#2577=CARTESIAN_POINT('',(-0.00180341354671209,0.169602306631883,-0.129396739808904));
#2578=CARTESIAN_POINT('',(-0.0018062437207516,0.169635299471956,-0.12946907773515));
#2579=CARTESIAN_POINT('',(-0.00181410167179019,0.169691154810529,-0.129617475468462));
#2580=CARTESIAN_POINT('',(-0.00181910295600794,0.169713958421195,-0.129693223790185));
#2581=CARTESIAN_POINT('',(-0.00183252363134646,0.169752954708231,-0.129862990943247));
#2582=CARTESIAN_POINT('',(-0.00184144112108973,0.169767032464392,-0.12995794460947));
#2583=CARTESIAN_POINT('',(-0.001860455048669,0.169778913132398,-0.130131199721783));
#2584=CARTESIAN_POINT('',(-0.00186995751881856,0.169779414669393,-0.130209020415927));
#2585=CARTESIAN_POINT('',(-0.001891020127101,0.169770929730461,-0.130364742452344));
#2586=CARTESIAN_POINT('',(-0.00190253140571646,0.169762006593924,-0.13044235774387));
#2587=CARTESIAN_POINT('',(-0.00193144132555972,0.169730868863913,-0.130620330530399));
#2588=CARTESIAN_POINT('',(-0.00194960334604735,0.169705479924081,-0.130720828840707));
#2589=CARTESIAN_POINT('',(-0.00198572235186831,0.169645987846874,-0.130899907351619));
#2590=CARTESIAN_POINT('',(-0.002002991857034,0.169614653061768,-0.130978842119325));
#2591=CARTESIAN_POINT('',(-0.00202248443133551,0.169576710392625,-0.131060854518293));
#2592=CARTESIAN_POINT('',(-0.00202353246878062,0.169574663123043,-0.131065244048848));
#2593=CARTESIAN_POINT('',(-0.00202458408728221,0.169572601686606,-0.131069628619626));
#2594=CARTESIAN_POINT('',(-0.00426628306361047,0.161761521293345,-0.134476981814007));
#2595=CARTESIAN_POINT('',(-0.00426628303680281,0.161764139515311,-0.134473508841987));
#2596=CARTESIAN_POINT('',(-0.00426628017288194,0.16176675747201,-0.134470036221795));
#2597=CARTESIAN_POINT('',(-0.0042659766386798,0.161906143010867,-0.134285146470285));
#2598=CARTESIAN_POINT('',(-0.00425789160738563,0.162042891934122,-0.13410374373594));
#2599=CARTESIAN_POINT('',(-0.00422128294565396,0.162361276742712,-0.133680640273753));
#2600=CARTESIAN_POINT('',(-0.00418664921715515,0.162541756305061,-0.13344018016812));
#2601=CARTESIAN_POINT('',(-0.00409389470893137,0.162895139116965,-0.132967237174935));
#2602=CARTESIAN_POINT('',(-0.00403563392003327,0.163068463809219,-0.132734166929264));
#2603=CARTESIAN_POINT('',(-0.00383503107337912,0.163571746841206,-0.132054816608044));
#2604=CARTESIAN_POINT('',(-0.00366725119972934,0.163884786792883,-0.131627961744265));
#2605=CARTESIAN_POINT('',(-0.00331981521963057,0.164470300841382,-0.130845156365699));
#2606=CARTESIAN_POINT('',(-0.0031409277685495,0.164743394019743,-0.130488887849959));
#2607=CARTESIAN_POINT('',(-0.00285290299107385,0.16520400937279,-0.129937913175797));
#2608=CARTESIAN_POINT('',(-0.0027373525152813,0.165395104878353,-0.129724657683967));
#2609=CARTESIAN_POINT('',(-0.00256348235813045,0.165708420594315,-0.129411058079549));
#2610=CARTESIAN_POINT('',(-0.00249987491827101,0.165829593267176,-0.129298323671407));
#2611=CARTESIAN_POINT('',(-0.00239382650949954,0.166045808835798,-0.129114137380471));
#2612=CARTESIAN_POINT('',(-0.00234997944966541,0.166140167088307,-0.129039320827086));
#2613=CARTESIAN_POINT('',(-0.00226587591250853,0.166332125393477,-0.128899119507785));
#2614=CARTESIAN_POINT('',(-0.00222569809010517,0.166429601779713,-0.128833885492181));
#2615=CARTESIAN_POINT('',(-0.00213993256094309,0.166651468275685,-0.12869963644324));
#2616=CARTESIAN_POINT('',(-0.00209551166989528,0.166776491229919,-0.128633774909765));
#2617=CARTESIAN_POINT('',(-0.0020172189616346,0.167016152087605,-0.12852672845343));
#2618=CARTESIAN_POINT('',(-0.00198284914675982,0.167130222738634,-0.128483895346397));
#2619=CARTESIAN_POINT('',(-0.00188668455420356,0.167475259251553,-0.128379228079162));
#2620=CARTESIAN_POINT('',(-0.00183174422216662,0.167710409355371,-0.128341801872518));
#2621=CARTESIAN_POINT('',(-0.0017617650368863,0.168061642154223,-0.128339377048962));
#2622=CARTESIAN_POINT('',(-0.00173993602690674,0.168182747893459,-0.128348750007496));
#2623=CARTESIAN_POINT('',(-0.00170085360118734,0.168421299835322,-0.128388450101988));
#2624=CARTESIAN_POINT('',(-0.00168374590812203,0.168538049984417,-0.128418845688542));
#2625=CARTESIAN_POINT('',(-0.00165738265487637,0.168739011248299,-0.128491517994217));
#2626=CARTESIAN_POINT('',(-0.00164725965214228,0.168824835878425,-0.128530051202712));
#2627=CARTESIAN_POINT('',(-0.0016299520086746,0.16898879925328,-0.12861902389484));
#2628=CARTESIAN_POINT('',(-0.00162271302539346,0.169067526985176,-0.128669838678439));
#2629=CARTESIAN_POINT('',(-0.00161229983327419,0.169201003750278,-0.128771559527834));
#2630=CARTESIAN_POINT('',(-0.0016086016775365,0.169257394938003,-0.128820401643684));
#2631=CARTESIAN_POINT('',(-0.00160305966342172,0.169363178039538,-0.128924320578718));
#2632=CARTESIAN_POINT('',(-0.00160121606432695,0.169412537125993,-0.128979353277242));
#2633=CARTESIAN_POINT('',(-0.00159897145432507,0.169521168079734,-0.129116839938649));
#2634=CARTESIAN_POINT('',(-0.0015993904144634,0.169577723397142,-0.12920277696713));
#2635=CARTESIAN_POINT('',(-0.0016033303636971,0.169665414475868,-0.129365645684607));
#2636=CARTESIAN_POINT('',(-0.00160621313976927,0.169699372084077,-0.129440918402695));
#2637=CARTESIAN_POINT('',(-0.00161422173760973,0.169756469298007,-0.129595269188944));
#2638=CARTESIAN_POINT('',(-0.00161932054250439,0.169779551031736,-0.12967402330699));
#2639=CARTESIAN_POINT('',(-0.00163301404623756,0.169818411771144,-0.129850320440856));
#2640=CARTESIAN_POINT('',(-0.00164211862668125,0.169831928419399,-0.129948794427122));
#2641=CARTESIAN_POINT('',(-0.00166155758098856,0.169841964773499,-0.130128049473862));
#2642=CARTESIAN_POINT('',(-0.00167128039851385,0.169841351382379,-0.130208416399448));
#2643=CARTESIAN_POINT('',(-0.00169285826200488,0.169830124987209,-0.130368845813082));
#2644=CARTESIAN_POINT('',(-0.00170466312526659,0.169819583055326,-0.130448615434379));
#2645=CARTESIAN_POINT('',(-0.00173435282298664,0.16978424021581,-0.130630999103365));
#2646=CARTESIAN_POINT('',(-0.001753032834105,0.169756115512051,-0.130733600593422));
#2647=CARTESIAN_POINT('',(-0.00179026406080242,0.169691260173805,-0.130915601692673));
#2648=CARTESIAN_POINT('',(-0.00180809189764129,0.169657387118192,-0.130995528968258));
#2649=CARTESIAN_POINT('',(-0.00182825290095315,0.169616680923199,-0.13107824011027));
#2650=CARTESIAN_POINT('',(-0.0018293369847835,0.169614485356565,-0.131082666022645));
#2651=CARTESIAN_POINT('',(-0.00183042488243666,0.16961227541507,-0.131087085915593));
#2652=EDGE_LOOP('',(#3846,#3847,#3848,#3849,#3850));
#2653=AXIS2_PLACEMENT_3D('',#3851,#3852,#3853);
#2654=EDGE_LOOP('',(#3854,#3855,#3856,#3857,#3858,#3859));
#2655=CARTESIAN_POINT('',(-0.00626616507349374,0.168762576562863,-0.145722278748812));
#2656=CARTESIAN_POINT('',(-0.00609152278905036,0.168763115321791,-0.145722107765615));
#2657=CARTESIAN_POINT('',(-0.00591689423877726,0.168756715994217,-0.145700002836742));
#2658=CARTESIAN_POINT('',(-0.00557952649103901,0.168730475848361,-0.145613426595598));
#2659=CARTESIAN_POINT('',(-0.00541681368753871,0.168710637082974,-0.14554896205662));
#2660=CARTESIAN_POINT('',(-0.00511438271219234,0.168658869741916,-0.145382058984553));
#2661=CARTESIAN_POINT('',(-0.00497468820103242,0.168626945216261,-0.145279633509126));
#2662=CARTESIAN_POINT('',(-0.00472783007337303,0.16855318297131,-0.145043792070954));
#2663=CARTESIAN_POINT('',(-0.00462068576981747,0.168511351022799,-0.144910394559265));
#2664=CARTESIAN_POINT('',(-0.00444624460711377,0.168420626965775,-0.144621707160232));
#2665=CARTESIAN_POINT('',(-0.00437896139536768,0.168371741955054,-0.144466439858347));
#2666=CARTESIAN_POINT('',(-0.00428884001529115,0.168270246550378,-0.14414460479487));
#2667=CARTESIAN_POINT('',(-0.00426600889760396,0.168217644096912,-0.143978062212043));
#2668=CARTESIAN_POINT('',(-0.00426618276947666,0.168164973439214,-0.143811550895061));
#2669=CARTESIAN_POINT('',(-0.00626619576077549,0.168771574391705,-0.145719432599002));
#2670=CARTESIAN_POINT('',(-0.00609158951259919,0.168771933397723,-0.145719318474497));
#2671=CARTESIAN_POINT('',(-0.00591699698429278,0.168765357259493,-0.145697279656936));
#2672=CARTESIAN_POINT('',(-0.00557969387719143,0.168738781206904,-0.145610849029004));
#2673=CARTESIAN_POINT('',(-0.0054170096651834,0.16871878337,-0.145546463974857));
#2674=CARTESIAN_POINT('',(-0.00511462188149066,0.168666725895449,-0.14537972601051));
#2675=CARTESIAN_POINT('',(-0.00497494194728324,0.168634670327123,-0.145277386134111));
#2676=CARTESIAN_POINT('',(-0.00472809400368893,0.168560682045817,-0.145041713279435));
#2677=CARTESIAN_POINT('',(-0.00462094529026371,0.168518755116473,-0.144908398723559));
#2678=CARTESIAN_POINT('',(-0.00444647358026766,0.16842788244409,-0.144619865164986));
#2679=CARTESIAN_POINT('',(-0.00437916422205208,0.168378943804525,-0.144464668716781));
#2680=CARTESIAN_POINT('',(-0.00428896868108244,0.16827738476342,-0.144142954033242));
#2681=CARTESIAN_POINT('',(-0.00426608954886624,0.168224772300697,-0.143976460946152));
#2682=CARTESIAN_POINT('',(-0.00426620578093243,0.168172113040518,-0.143809984399851));
#2683=CARTESIAN_POINT('',(-0.00626621110772034,0.168780572278897,-0.145716586430686));
#2684=CARTESIAN_POINT('',(-0.00609164120190812,0.168780751646173,-0.145716529128761));
#2685=CARTESIAN_POINT('',(-0.00591708500165994,0.168773998810469,-0.145694556383436));
#2686=CARTESIAN_POINT('',(-0.00557984713123925,0.168747087052679,-0.145608271293178));
#2687=CARTESIAN_POINT('',(-0.0054171918006638,0.168726930232529,-0.145543965687439));
#2688=CARTESIAN_POINT('',(-0.00511484775655207,0.168674582756504,-0.145377392770525));
#2689=CARTESIAN_POINT('',(-0.00497518265726948,0.168642396189193,-0.145275138469339));
#2690=CARTESIAN_POINT('',(-0.00472834536664828,0.168568181900267,-0.14503963417305));
#2691=CARTESIAN_POINT('',(-0.00462119245427019,0.168526159975095,-0.144906402571746));
#2692=CARTESIAN_POINT('',(-0.00444669055792717,0.168435138591826,-0.14461802288214));
#2693=CARTESIAN_POINT('',(-0.00437935520324723,0.168386146242867,-0.144462897317414));
#2694=CARTESIAN_POINT('',(-0.00428908572852232,0.168284523339921,-0.1441413031099));
#2695=CARTESIAN_POINT('',(-0.00426615865888246,0.168231900723085,-0.143974859584875));
#2696=CARTESIAN_POINT('',(-0.00426621728713551,0.168179252688129,-0.143808417894455));
#2697=CARTESIAN_POINT('',(-0.00626621113315164,0.169436022097507,-0.145509257699008));
#2698=CARTESIAN_POINT('',(-0.00609431082481266,0.169423124100899,-0.145513336974525));
#2699=CARTESIAN_POINT('',(-0.00592242317955892,0.169403508084307,-0.145496174376414));
#2700=CARTESIAN_POINT('',(-0.00558998078813471,0.169352156756634,-0.145420485389499));
#2701=CARTESIAN_POINT('',(-0.00542945040009775,0.169320425324834,-0.145361964502377));
#2702=CARTESIAN_POINT('',(-0.0051303324127438,0.16924696248043,-0.145207409974594));
#2703=CARTESIAN_POINT('',(-0.00499176673492144,0.169205236553287,-0.145111387612791));
#2704=CARTESIAN_POINT('',(-0.00474573961085849,0.169114560972017,-0.144888160019227));
#2705=CARTESIAN_POINT('',(-0.00463829620378331,0.169065618044104,-0.144760971101411));
#2706=CARTESIAN_POINT('',(-0.0044616217428315,0.168963756956465,-0.144483801976385));
#2707=CARTESIAN_POINT('',(-0.00439240365582574,0.168910846317201,-0.144333842043981));
#2708=CARTESIAN_POINT('',(-0.00429676516759222,0.16880455502809,-0.144021030834831));
#2709=CARTESIAN_POINT('',(-0.00427035180511143,0.168751182194989,-0.143858202458036));
#2710=CARTESIAN_POINT('',(-0.00426621701442441,0.168699339308021,-0.143694306028682));
#2711=CARTESIAN_POINT('',(-0.00618699701529759,0.170082436466704,-0.145304786760668));
#2712=CARTESIAN_POINT('',(-0.00601930294637812,0.170057232918963,-0.145312758482509));
#2713=CARTESIAN_POINT('',(-0.00585162048626475,0.170025517413628,-0.145300137074021));
#2714=CARTESIAN_POINT('',(-0.00552697234589008,0.169951108319615,-0.145234505661943));
#2715=CARTESIAN_POINT('',(-0.00537002901183873,0.169908419948107,-0.14518150014653));
#2716=CARTESIAN_POINT('',(-0.00507691307806972,0.169814819928224,-0.145038483259905));
#2717=CARTESIAN_POINT('',(-0.00494076065767172,0.169763914810196,-0.144948481707335));
#2718=CARTESIAN_POINT('',(-0.00469795133496059,0.169657160319304,-0.144737226750468));
#2719=CARTESIAN_POINT('',(-0.0045913111546657,0.169601318369834,-0.144615987868203));
#2720=CARTESIAN_POINT('',(-0.00441436352117241,0.16948828243179,-0.144350015638836));
#2721=CARTESIAN_POINT('',(-0.00434406826318858,0.169431096282792,-0.144205300589144));
#2722=CARTESIAN_POINT('',(-0.00424432240586103,0.169319046500469,-0.143901640599798));
#2723=CARTESIAN_POINT('',(-0.00421487869468632,0.169264190619896,-0.143742716563249));
#2724=CARTESIAN_POINT('',(-0.00420680613827124,0.169212256510673,-0.143581767066615));
#2725=CARTESIAN_POINT('',(-0.00581843958005029,0.171563766678976,-0.144836218324616));
#2726=CARTESIAN_POINT('',(-0.00566370665109622,0.171511453479772,-0.144852765282892));
#2727=CARTESIAN_POINT('',(-0.00550898295697518,0.171453090581561,-0.144850175572579));
#2728=CARTESIAN_POINT('',(-0.00520872251531236,0.171327770468572,-0.144806861749781));
#2729=CARTESIAN_POINT('',(-0.00506320357017161,0.171260820875121,-0.144766140146553));
#2730=CARTESIAN_POINT('',(-0.00479001239120472,0.171122354051602,-0.144648967469913));
#2731=CARTESIAN_POINT('',(-0.00466235636193046,0.17105084520676,-0.144572523292576));
#2732=CARTESIAN_POINT('',(-0.00443249119809594,0.17090755340899,-0.144388438532296));
#2733=CARTESIAN_POINT('',(-0.00433029571012323,0.170835779102529,-0.14428080882549));
#2734=CARTESIAN_POINT('',(-0.00415744081869456,0.170696259283337,-0.144040745783321));
#2735=CARTESIAN_POINT('',(-0.00408679169489968,0.170628522161021,-0.143908326661208));
#2736=CARTESIAN_POINT('',(-0.00398124583283632,0.170501131404421,-0.143626558204134));
#2737=CARTESIAN_POINT('',(-0.00394635539733136,0.170441485403479,-0.143477225578297));
#2738=CARTESIAN_POINT('',(-0.00393038740239486,0.170387663244664,-0.143323871221478));
#2739=CARTESIAN_POINT('',(-0.00546304851069159,0.172382129194947,-0.144577356681765));
#2740=CARTESIAN_POINT('',(-0.00531815898324228,0.17231571812189,-0.144598363043517));
#2741=CARTESIAN_POINT('',(-0.00517327741577981,0.172243504673798,-0.144601012921069));
#2742=CARTESIAN_POINT('',(-0.004891762790376,0.17209161395896,-0.144569439045136));
#2743=CARTESIAN_POINT('',(-0.0047551450839138,0.172011945113519,-0.144535216982686));
#2744=CARTESIAN_POINT('',(-0.00449795244987413,0.171849724325819,-0.144431840896785));
#2745=CARTESIAN_POINT('',(-0.00437739155053157,0.17176718136248,-0.144362692494596));
#2746=CARTESIAN_POINT('',(-0.00415919280512533,0.171603955148503,-0.144193402121462));
#2747=CARTESIAN_POINT('',(-0.00406156686564338,0.171523280920019,-0.144093269382516));
#2748=CARTESIAN_POINT('',(-0.00389481226156194,0.171368425023211,-0.143867721188979));
#2749=CARTESIAN_POINT('',(-0.00382569270410109,0.171294251903734,-0.143742318051734));
#2750=CARTESIAN_POINT('',(-0.00371990130541691,0.171156655531959,-0.143473386888892));
#2751=CARTESIAN_POINT('',(-0.00368323525326121,0.171093239866023,-0.143329873564568));
#2752=CARTESIAN_POINT('',(-0.00366384373606628,0.171037018063895,-0.143181396105748));
#2753=CARTESIAN_POINT('',(-0.00467572793295279,0.173595916374893,-0.144193414813771));
#2754=CARTESIAN_POINT('',(-0.00454976191124182,0.173509407972307,-0.144220778327346));
#2755=CARTESIAN_POINT('',(-0.00442380201704573,0.173417456172186,-0.144230918447934));
#2756=CARTESIAN_POINT('',(-0.00417862521621765,0.173227597130056,-0.144216205262234));
#2757=CARTESIAN_POINT('',(-0.00405942012794975,0.173129699105634,-0.144191352650576));
#2758=CARTESIAN_POINT('',(-0.00383414662483257,0.172933214814959,-0.144107980401546));
#2759=CARTESIAN_POINT('',(-0.00372808907040044,0.172834638082946,-0.1440494647754));
#2760=CARTESIAN_POINT('',(-0.00353480035694324,0.172642099363106,-0.143901900351915));
#2761=CARTESIAN_POINT('',(-0.00344757851881418,0.172548146713825,-0.143812858667832));
#2762=CARTESIAN_POINT('',(-0.00329664206054254,0.172369909827235,-0.143609015560027));
#2763=CARTESIAN_POINT('',(-0.00323293472257046,0.172285634231068,-0.143494223970699));
#2764=CARTESIAN_POINT('',(-0.00313244827715778,0.17213128416076,-0.143245038200276));
#2765=CARTESIAN_POINT('',(-0.0030956740230423,0.172061217166224,-0.143110656047879));
#2766=CARTESIAN_POINT('',(-0.00307335276242067,0.172000134817456,-0.142970077961156));
#2767=CARTESIAN_POINT('',(-0.00431638395995371,0.174037811235076,-0.144053635594907));
#2768=CARTESIAN_POINT('',(-0.00419851510538517,0.173944207224234,-0.144083243583353));
#2769=CARTESIAN_POINT('',(-0.00408065172592906,0.173845288370047,-0.144096034145834));
#2770=CARTESIAN_POINT('',(-0.00385108802139376,0.173641998554724,-0.14408730914142));
#2771=CARTESIAN_POINT('',(-0.00373939825400296,0.173537636994925,-0.144065793965434));
#2772=CARTESIAN_POINT('',(-0.00352803291219171,0.17332894208483,-0.143989579432726));
#2773=CARTESIAN_POINT('',(-0.00342836705944439,0.173224618382602,-0.143934883577322));
#2774=CARTESIAN_POINT('',(-0.00324627170885576,0.173021477216999,-0.143795169718272));
#2775=CARTESIAN_POINT('',(-0.00316385058798914,0.172922669142155,-0.143710158143301));
#2776=CARTESIAN_POINT('',(-0.00302056446711814,0.172735747439369,-0.143514265139663));
#2777=CARTESIAN_POINT('',(-0.00295970606101599,0.172647642447859,-0.14340339273062));
#2778=CARTESIAN_POINT('',(-0.00286273653676686,0.172486753018118,-0.143161587430784));
#2779=CARTESIAN_POINT('',(-0.00282662988431003,0.172413976011193,-0.143030665678389));
#2780=CARTESIAN_POINT('',(-0.00280384458595274,0.172350769911874,-0.142893144738593));
#2781=CARTESIAN_POINT('',(-0.00391464708181811,0.17443731376421,-0.143927265576862));
#2782=CARTESIAN_POINT('',(-0.00380540342456668,0.174337425479199,-0.143958861404597));
#2783=CARTESIAN_POINT('',(-0.00369616464804464,0.174232337290117,-0.143974002884944));
#2784=CARTESIAN_POINT('',(-0.00348328571129999,0.174017136989303,-0.143970602522405));
#2785=CARTESIAN_POINT('',(-0.00337965495821453,0.173907034387244,-0.143952060828802));
#2786=CARTESIAN_POINT('',(-0.00318331284904894,0.173687456610419,-0.143882242808036));
#2787=CARTESIAN_POINT('',(-0.00309061016956103,0.173577991138276,-0.143830969564404));
#2788=CARTESIAN_POINT('',(-0.00292088447925404,0.17336530665741,-0.143698317367719));
#2789=CARTESIAN_POINT('',(-0.00284386896917615,0.173262097046119,-0.143616944274277));
#2790=CARTESIAN_POINT('',(-0.00270947302132139,0.17306722255747,-0.143428266626401));
#2791=CARTESIAN_POINT('',(-0.00265209852345661,0.172975566289911,-0.143320970407014));
#2792=CARTESIAN_POINT('',(-0.00255993208420204,0.172808504020269,-0.143085951849686));
#2793=CARTESIAN_POINT('',(-0.00252514421699881,0.172733105398376,-0.142958239894524));
#2794=CARTESIAN_POINT('',(-0.00250254174950389,0.172667767539061,-0.142823591819339));
#2795=EDGE_LOOP('',(#3860,#3861,#3862,#3863,#3864,#3865,#3866));
#2796=AXIS2_PLACEMENT_3D('',#3867,#3868,#3869);
#2797=EDGE_LOOP('',(#3870,#3871,#3872,#3873));
#2798=AXIS2_PLACEMENT_3D('',#3874,#3875,#3876);
#2799=EDGE_LOOP('',(#3877,#3878,#3879,#3880));
#2800=AXIS2_PLACEMENT_3D('',#3881,#3882,#3883);
#2801=EDGE_LOOP('',(#3884,#3885,#3886,#3887));
#2802=AXIS2_PLACEMENT_3D('',#3888,#3889,#3890);
#2803=EDGE_LOOP('',(#3891,#3892,#3893,#3894,#3895,#3896,#3897,#3898));
#2804=AXIS2_PLACEMENT_3D('',#3899,#3900,#3901);
#2805=EDGE_LOOP('',(#3902,#3903,#3904,#3905,#3906,#3907,#3908,#3909,#3910));
#2806=AXIS2_PLACEMENT_3D('',#3911,#3912,#3913);
#2807=EDGE_LOOP('',(#3914,#3915,#3916,#3917));
#2808=AXIS2_PLACEMENT_3D('',#3918,#3919,#3920);
#2809=EDGE_LOOP('',(#3921,#3922,#3923,#3924,#3925,#3926));
#2810=CARTESIAN_POINT('',(-0.0080184140734541,0.183279717743315,-0.131783642074062));
#2811=CARTESIAN_POINT('',(-0.0080184246555064,0.183282344323377,-0.13178743363591));
#2812=CARTESIAN_POINT('',(-0.00801842993387525,0.183284965641476,-0.131791228844753));
#2813=CARTESIAN_POINT('',(-0.00801842795808025,0.183477945979474,-0.132071461778856));
#2814=CARTESIAN_POINT('',(-0.00799033427513354,0.183640376365253,-0.132367121001555));
#2815=CARTESIAN_POINT('',(-0.00784572439765736,0.18398155529324,-0.13317032675248));
#2816=CARTESIAN_POINT('',(-0.00768592331119055,0.184111159264923,-0.133698634116921));
#2817=CARTESIAN_POINT('',(-0.00733223082670196,0.18417893760568,-0.134549827102727));
#2818=CARTESIAN_POINT('',(-0.00717931012462159,0.184173972489192,-0.134868081642578));
#2819=CARTESIAN_POINT('',(-0.00683562332968111,0.184103987740098,-0.135497932106633));
#2820=CARTESIAN_POINT('',(-0.00664486470742755,0.184038969628726,-0.135809514339985));
#2821=CARTESIAN_POINT('',(-0.00610862778538726,0.183794894236685,-0.136596374593598));
#2822=CARTESIAN_POINT('',(-0.0057388658500582,0.183570504918805,-0.137057508884021));
#2823=CARTESIAN_POINT('',(-0.00511206579504125,0.183110230310423,-0.137723171511095));
#2824=CARTESIAN_POINT('',(-0.00486984679822616,0.182915684503714,-0.13795618947674));
#2825=CARTESIAN_POINT('',(-0.00437718320607371,0.182487741729386,-0.138383315957799));
#2826=CARTESIAN_POINT('',(-0.00412674748514578,0.182254352470353,-0.138577416779331));
#2827=CARTESIAN_POINT('',(-0.00387630741265499,0.182005365866206,-0.138748877797504));
#2828=CARTESIAN_POINT('',(-0.0078314153959238,0.183279837909571,-0.13178381826859));
#2829=CARTESIAN_POINT('',(-0.00783142538752391,0.183282423629512,-0.13178755121783));
#2830=CARTESIAN_POINT('',(-0.00783143037075644,0.18328500425345,-0.131791287694751));
#2831=CARTESIAN_POINT('',(-0.00783142842556958,0.183474995026698,-0.132067179386062));
#2832=CARTESIAN_POINT('',(-0.00780489976945771,0.183635376773309,-0.13235795017155));
#2833=CARTESIAN_POINT('',(-0.00766819211923335,0.183974188282964,-0.13314883608523));
#2834=CARTESIAN_POINT('',(-0.0075170462006021,0.1841053701455,-0.133670096639907));
#2835=CARTESIAN_POINT('',(-0.00718141971037078,0.184178233294464,-0.134514958058856));
#2836=CARTESIAN_POINT('',(-0.00703613092991909,0.184175659182772,-0.134831898180004));
#2837=CARTESIAN_POINT('',(-0.00670904128279164,0.184110376051739,-0.135461413426064));
#2838=CARTESIAN_POINT('',(-0.00652724561446521,0.184047656438896,-0.135773970879008));
#2839=CARTESIAN_POINT('',(-0.00601544283559409,0.183808121766365,-0.136565781592357));
#2840=CARTESIAN_POINT('',(-0.0056618115747869,0.183585008340144,-0.137032355778342));
#2841=CARTESIAN_POINT('',(-0.00506145159451064,0.183122847937499,-0.137707412897304));
#2842=CARTESIAN_POINT('',(-0.00482927059989349,0.182926757043075,-0.137944077118869));
#2843=CARTESIAN_POINT('',(-0.00435682382198394,0.182494239981495,-0.138377890210761));
#2844=CARTESIAN_POINT('',(-0.00411656810916314,0.182257825020269,-0.138575025361738));
#2845=CARTESIAN_POINT('',(-0.00387630741265499,0.182005365866206,-0.138748877797504));
#2846=CARTESIAN_POINT('',(-0.0076444171236199,0.183288590664336,-0.131778014407629));
#2847=CARTESIAN_POINT('',(-0.00764442652471802,0.18329114108871,-0.13178169667417));
#2848=CARTESIAN_POINT('',(-0.0076444312127612,0.1832936865482,-0.131785382373691));
#2849=CARTESIAN_POINT('',(-0.00764442929403256,0.183481093086693,-0.132057521414885));
#2850=CARTESIAN_POINT('',(-0.00761946564358161,0.183639638875208,-0.132344111616001));
#2851=CARTESIAN_POINT('',(-0.00749066013531533,0.183976074360542,-0.133124588823645));
#2852=CARTESIAN_POINT('',(-0.00734816930400355,0.184108258355641,-0.133640031200344));
#2853=CARTESIAN_POINT('',(-0.00703060870374801,0.184184722415078,-0.134480010107466));
#2854=CARTESIAN_POINT('',(-0.00689295181142806,0.184183872581878,-0.134796066108394));
#2855=CARTESIAN_POINT('',(-0.00658245926256042,0.18412189109275,-0.135425838201384));
#2856=CARTESIAN_POINT('',(-0.00640962653198162,0.18406073849221,-0.13573953284063));
#2857=CARTESIAN_POINT('',(-0.00592225787214057,0.183823969923534,-0.13653641414184));
#2858=CARTESIAN_POINT('',(-0.00558475728785536,0.183601181361711,-0.137008201472956));
#2859=CARTESIAN_POINT('',(-0.0050108373876536,0.183136127670842,-0.137692204898525));
#2860=CARTESIAN_POINT('',(-0.00478869439772335,0.182938224366801,-0.137932332503241));
#2861=CARTESIAN_POINT('',(-0.00433646443718856,0.182500802237106,-0.138372556380823));
#2862=CARTESIAN_POINT('',(-0.0041063887331805,0.182261297570185,-0.138572633944145));
#2863=CARTESIAN_POINT('',(-0.00387630741265499,0.182005365866206,-0.138748877797504));
#2864=CARTESIAN_POINT('',(-0.007272771013306,0.183323251372871,-0.131754519500216));
#2865=CARTESIAN_POINT('',(-0.00727277925381451,0.18332574277815,-0.131758116898234));
#2866=CARTESIAN_POINT('',(-0.00727278336163935,0.183328229409747,-0.131761717590135));
#2867=CARTESIAN_POINT('',(-0.00727278148719492,0.183511310609768,-0.132027575668701));
#2868=CARTESIAN_POINT('',(-0.00725089341909628,0.18366663400371,-0.132307271810755));
#2869=CARTESIAN_POINT('',(-0.00713763256139545,0.183998331845381,-0.133070863081346));
#2870=CARTESIAN_POINT('',(-0.00701217554270505,0.184131356395734,-0.133577163763151));
#2871=CARTESIAN_POINT('',(-0.00673027843003739,0.184212030799834,-0.134410258056777));
#2872=CARTESIAN_POINT('',(-0.00660770631714197,0.184213287281322,-0.134725384729543));
#2873=CARTESIAN_POINT('',(-0.00633007737051803,0.184155101579316,-0.135356796215278));
#2874=CARTESIAN_POINT('',(-0.00617501914534915,0.184095621318037,-0.135673052902784));
#2875=CARTESIAN_POINT('',(-0.00573618979706616,0.183860850943525,-0.136480227458972));
#2876=CARTESIAN_POINT('',(-0.00543081462826849,0.183636830421952,-0.136961942143853));
#2877=CARTESIAN_POINT('',(-0.00490965625475806,0.183163998208383,-0.137662904159557));
#2878=CARTESIAN_POINT('',(-0.00470756563449192,0.182961941795549,-0.137909585529585));
#2879=CARTESIAN_POINT('',(-0.0042957457596686,0.182514054517927,-0.138362072436284));
#2880=CARTESIAN_POINT('',(-0.00408602998121523,0.182268242670016,-0.138567851108959));
#2881=CARTESIAN_POINT('',(-0.00387630741265498,0.182005365866206,-0.138748877797504));
#2882=CARTESIAN_POINT('',(-0.00708812415631622,0.183349159235149,-0.131736828515783));
#2883=CARTESIAN_POINT('',(-0.00708813182675132,0.183351626917056,-0.1317403917282));
#2884=CARTESIAN_POINT('',(-0.00708813564955426,0.18335408988536,-0.131743958190108));
#2885=CARTESIAN_POINT('',(-0.0070881337929357,0.183535429993082,-0.132007287972741));
#2886=CARTESIAN_POINT('',(-0.00706775626387193,0.183689366961411,-0.132284270656342));
#2887=CARTESIAN_POINT('',(-0.00696213774544105,0.184018703204357,-0.133041384721079));
#2888=CARTESIAN_POINT('',(-0.00684505928058179,0.184151566182699,-0.133544361881447));
#2889=CARTESIAN_POINT('',(-0.00658075952812273,0.184232850030163,-0.134375454043527));
#2890=CARTESIAN_POINT('',(-0.00646564022632559,0.184234488551604,-0.134690535493522));
#2891=CARTESIAN_POINT('',(-0.00620427765653644,0.184176797003347,-0.135323329497711));
#2892=CARTESIAN_POINT('',(-0.00605803095187134,0.184117422073672,-0.135641011034835));
#2893=CARTESIAN_POINT('',(-0.00564330671177391,0.183881883799768,-0.136453408235081));
#2894=CARTESIAN_POINT('',(-0.00535392626647096,0.183656306457996,-0.136939837123371));
#2895=CARTESIAN_POINT('',(-0.00485908932962503,0.183178589012271,-0.137648811419614));
#2896=CARTESIAN_POINT('',(-0.00466701307383952,0.182974191900448,-0.137898583171671));
#2897=CARTESIAN_POINT('',(-0.00427538646684345,0.182520744543164,-0.138356922321655));
#2898=CARTESIAN_POINT('',(-0.00407585060523259,0.182271715219932,-0.138565459691366));
#2899=CARTESIAN_POINT('',(-0.00387630741265498,0.182005365866206,-0.138748877797504));
#2900=CARTESIAN_POINT('',(-0.00672350291710579,0.183417804444681,-0.131689781771974));
#2901=CARTESIAN_POINT('',(-0.00672350948792405,0.183420236548503,-0.131693293541171));
#2902=CARTESIAN_POINT('',(-0.00672351276091112,0.18342266398798,-0.131696808521384));
#2903=CARTESIAN_POINT('',(-0.00672351093108783,0.183601386941897,-0.131956337851094));
#2904=CARTESIAN_POINT('',(-0.00670604672525196,0.183753022465221,-0.132229391541764));
#2905=CARTESIAN_POINT('',(-0.00661519855742836,0.184077698048235,-0.132977537716138));
#2906=CARTESIAN_POINT('',(-0.00651432946356205,0.18420909462763,-0.133476367721497));
#2907=CARTESIAN_POINT('',(-0.00628429473121937,0.184288639460326,-0.134306289715657));
#2908=CARTESIAN_POINT('',(-0.00618372537868188,0.184289713015911,-0.134622091781977));
#2909=CARTESIAN_POINT('',(-0.00595423804468892,0.184230232842483,-0.135258712581527));
#2910=CARTESIAN_POINT('',(-0.00582531299687487,0.184169624253765,-0.135579495753624));
#2911=CARTESIAN_POINT('',(-0.00545814353487774,0.183929062495422,-0.136402406266771));
#2912=CARTESIAN_POINT('',(-0.00520048109060911,0.183698518683292,-0.136897723756178));
#2913=CARTESIAN_POINT('',(-0.00475805002831371,0.183209067560542,-0.137621754249007));
#2914=CARTESIAN_POINT('',(-0.00458595523098053,0.18299946768173,-0.137877327078458));
#2915=CARTESIAN_POINT('',(-0.00423466806956215,0.182534252193237,-0.138346805736358));
#2916=CARTESIAN_POINT('',(-0.00405549185326731,0.182278660319763,-0.138560676856179));
#2917=CARTESIAN_POINT('',(-0.00387630741265497,0.182005365866206,-0.138748877797504));
#2918=CARTESIAN_POINT('',(-0.00654352949736208,0.183460541610735,-0.131660426136786));
#2919=CARTESIAN_POINT('',(-0.00654353553865074,0.183462961859936,-0.1316639206485));
#2920=CARTESIAN_POINT('',(-0.00654353854685075,0.183465377433971,-0.131667418377149));
#2921=CARTESIAN_POINT('',(-0.00654353672599679,0.183643224333291,-0.1319256755599));
#2922=CARTESIAN_POINT('',(-0.00652747526770178,0.183793944848506,-0.132197513722672));
#2923=CARTESIAN_POINT('',(-0.00644375494613777,0.184116321404069,-0.132943169213074));
#2924=CARTESIAN_POINT('',(-0.00635071650199867,0.184246413181399,-0.133441175567159));
#2925=CARTESIAN_POINT('',(-0.00613734919678047,0.184323609591926,-0.134271929485898));
#2926=CARTESIAN_POINT('',(-0.00604387690356198,0.184323736154337,-0.134588497375211));
#2927=CARTESIAN_POINT('',(-0.00582999830325141,0.18426197322369,-0.135227562423745));
#2928=CARTESIAN_POINT('',(-0.00570958334516313,0.184200025653332,-0.135550022369483));
#2929=CARTESIAN_POINT('',(-0.00536586346956204,0.183955208327305,-0.136378223529895));
#2930=CARTESIAN_POINT('',(-0.00512392428737226,0.183721254869496,-0.13687771541242));
#2931=CARTESIAN_POINT('',(-0.00470757765304222,0.183224955304613,-0.137608789818576));
#2932=CARTESIAN_POINT('',(-0.00454544994918253,0.183012493357984,-0.137867073343266));
#2933=CARTESIAN_POINT('',(-0.00421430896500554,0.182541069818103,-0.138341839265663));
#2934=CARTESIAN_POINT('',(-0.00404531247728467,0.182282132869679,-0.138558285438586));
#2935=CARTESIAN_POINT('',(-0.00387630741265497,0.182005365866206,-0.138748877797504));
#2936=CARTESIAN_POINT('',(-0.00619051841454604,0.183562308075046,-0.131590419192014));
#2937=CARTESIAN_POINT('',(-0.00619052345657292,0.183564716629837,-0.131593896335847));
#2938=CARTESIAN_POINT('',(-0.00619052596507015,0.183567120418536,-0.131597376757698));
#2939=CARTESIAN_POINT('',(-0.00619052415318554,0.183744091260946,-0.131854361790132));
#2940=CARTESIAN_POINT('',(-0.00617710936323562,0.183893472422503,-0.132125276651398));
#2941=CARTESIAN_POINT('',(-0.00610688584869385,0.184211377277438,-0.132869937690095));
#2942=CARTESIAN_POINT('',(-0.00602869985875142,0.184337768874383,-0.133368770002182));
#2943=CARTESIAN_POINT('',(-0.00584729051814585,0.184407400727024,-0.134203948011383));
#2944=CARTESIAN_POINT('',(-0.00576748479864977,0.184404339204258,-0.134522825083923));
#2945=CARTESIAN_POINT('',(-0.00558384684265402,0.184335302054388,-0.135167771822345));
#2946=CARTESIAN_POINT('',(-0.00548000349222298,0.184269265432051,-0.135493802416007));
#2947=CARTESIAN_POINT('',(-0.00518220589513371,0.18401252630149,-0.136332573682666));
#2948=CARTESIAN_POINT('',(-0.00497130721085488,0.183769937940246,-0.136839838401922));
#2949=CARTESIAN_POINT('',(-0.00460677466526414,0.18325801262416,-0.137584001332083));
#2950=CARTESIAN_POINT('',(-0.00446451027684102,0.183039312653776,-0.13784732044888));
#2951=CARTESIAN_POINT('',(-0.00417359104659291,0.182554832563915,-0.138332089945244));
#2952=CARTESIAN_POINT('',(-0.00402495372531939,0.18228907796951,-0.1385535026034));
#2953=CARTESIAN_POINT('',(-0.00387630741265497,0.182005365866206,-0.138748877797504));
#2954=CARTESIAN_POINT('',(-0.00601748168330378,0.183621337104674,-0.131549768067224));
#2955=CARTESIAN_POINT('',(-0.00601748625561166,0.183623745819703,-0.131553245100707));
#2956=CARTESIAN_POINT('',(-0.00601748852919979,0.183626149688538,-0.131556725467371));
#2957=CARTESIAN_POINT('',(-0.00601748671731517,0.183803120530948,-0.131813710499805));
#2958=CARTESIAN_POINT('',(-0.00600531581317303,0.183952077358483,-0.132084917584328));
#2959=CARTESIAN_POINT('',(-0.00594146110134274,0.184267809586593,-0.132831074831327));
#2960=CARTESIAN_POINT('',(-0.00587029675509835,0.184391805849259,-0.133331556722161));
#2961=CARTESIAN_POINT('',(-0.00570417772683692,0.184456221628446,-0.134170326849582));
#2962=CARTESIAN_POINT('',(-0.00563094144514022,0.184450919035037,-0.134490747265168));
#2963=CARTESIAN_POINT('',(-0.00546193527759608,0.184376890457811,-0.135139131416294));
#2964=CARTESIAN_POINT('',(-0.00536615339936614,0.184308103778431,-0.135467055873242));
#2965=CARTESIAN_POINT('',(-0.00509082841224139,0.184043698435327,-0.136311106578928));
#2966=CARTESIAN_POINT('',(-0.00489524694835135,0.183795884821331,-0.136821969737851));
#2967=CARTESIAN_POINT('',(-0.00455644405366653,0.183275182199324,-0.137572177276242));
#2968=CARTESIAN_POINT('',(-0.00442407588670561,0.183053106273178,-0.137837821289786));
#2969=CARTESIAN_POINT('',(-0.00415323223263662,0.182561777684894,-0.138327307095494));
#2970=CARTESIAN_POINT('',(-0.00401477434933675,0.182292550519425,-0.138551111185807));
#2971=CARTESIAN_POINT('',(-0.00387630741265497,0.182005365866206,-0.138748877797504));
#2972=CARTESIAN_POINT('',(-0.00568052003898279,0.183754945062085,-0.131457681292177));
#2973=CARTESIAN_POINT('',(-0.00568052374966317,0.183757366106341,-0.131461175256367));
#2974=CARTESIAN_POINT('',(-0.00568052559232028,0.183759782077984,-0.131464672711197));
#2975=CARTESIAN_POINT('',(-0.00568052377146632,0.183937628977304,-0.131722929893948));
#2976=CARTESIAN_POINT('',(-0.00567063407155235,0.184086244084576,-0.131996217973846));
#2977=CARTESIAN_POINT('',(-0.00561852851681482,0.184397835710291,-0.132749300649345));
#2978=CARTESIAN_POINT('',(-0.00556035270351581,0.184516034594973,-0.133255497201815));
#2979=CARTESIAN_POINT('',(-0.00542301132026787,0.184567295839201,-0.134104111717083));
#2980=CARTESIAN_POINT('',(-0.00536222163655367,0.184556273192362,-0.134428357657338));
#2981=CARTESIAN_POINT('',(-0.00522119425280644,0.184469658101193,-0.135084537476097));
#2982=CARTESIAN_POINT('',(-0.00514094377264452,0.184394008988159,-0.135416433171068));
#2983=CARTESIAN_POINT('',(-0.00490927319809691,0.184110967630366,-0.136270957818333));
#2984=CARTESIAN_POINT('',(-0.00474378696014366,0.183850933333662,-0.136788410616753));
#2985=CARTESIAN_POINT('',(-0.00445597172548717,0.183310787102554,-0.137549680611615));
#2986=CARTESIAN_POINT('',(-0.0043433015737182,0.183081453412644,-0.137819583086266));
#2987=CARTESIAN_POINT('',(-0.00411251500680066,0.182575795384933,-0.138317925043127));
#2988=CARTESIAN_POINT('',(-0.00399441559737147,0.182299495619257,-0.13854632835062));
#2989=CARTESIAN_POINT('',(-0.00387630741265496,0.182005365866206,-0.138748877797504));
#2990=CARTESIAN_POINT('',(-0.00551659601536904,0.183829523637189,-0.131406245884998));
#2991=CARTESIAN_POINT('',(-0.00551659933415325,0.183831956850395,-0.131409756890202));
#2992=CARTESIAN_POINT('',(-0.00551660098079465,0.183834384844678,-0.131413271488341));
#2993=CARTESIAN_POINT('',(-0.00551659915097135,0.184013107798595,-0.131672800818051));
#2994=CARTESIAN_POINT('',(-0.00550774673676134,0.1841618055312,-0.131947877657296));
#2995=CARTESIAN_POINT('',(-0.00546102138803903,0.18447142923952,-0.132706389504971));
#2996=CARTESIAN_POINT('',(-0.00540881231241114,0.184586226143011,-0.133216651097482));
#2997=CARTESIAN_POINT('',(-0.00528495804725576,0.184629549013476,-0.134071517826733));
#2998=CARTESIAN_POINT('',(-0.00523004545022255,0.184615047413693,-0.134398045930538));
#2999=CARTESIAN_POINT('',(-0.00510236494393815,0.184520837283186,-0.135058583976028));
#3000=CARTESIAN_POINT('',(-0.00502958434515211,0.184441075811023,-0.13539255703554));
#3001=CARTESIAN_POINT('',(-0.00481909549296889,0.184147064682177,-0.136252276167157));
#3002=CARTESIAN_POINT('',(-0.00466838724514595,0.183880034961041,-0.136772720162105));
#3003=CARTESIAN_POINT('',(-0.00440583000981744,0.18332922243031,-0.137539008003036));
#3004=CARTESIAN_POINT('',(-0.00430296165127362,0.183096006932566,-0.137810844041933));
#3005=CARTESIAN_POINT('',(-0.00409215659482101,0.18258286796403,-0.138313325840488));
#3006=CARTESIAN_POINT('',(-0.00398423622138883,0.182302968169172,-0.138543936933027));
#3007=CARTESIAN_POINT('',(-0.00387630741265496,0.182005365866206,-0.138748877797504));
#3008=CARTESIAN_POINT('',(-0.00519992126238746,0.183993292904167,-0.131293237314547));
#3009=CARTESIAN_POINT('',(-0.00519992389156474,0.183995762305827,-0.131296799342633));
#3010=CARTESIAN_POINT('',(-0.00519992519325795,0.183998226134173,-0.131300365212263));
#3011=CARTESIAN_POINT('',(-0.00519992333663939,0.184179566241894,-0.131563694994896));
#3012=CARTESIAN_POINT('',(-0.00519289553515751,0.184328949139771,-0.131843813899564));
#3013=CARTESIAN_POINT('',(-0.00515573218860579,0.184634932870564,-0.132617009981769));
#3014=CARTESIAN_POINT('',(-0.00511417581911994,0.184742032555915,-0.133137729375831));
#3015=CARTESIAN_POINT('',(-0.00501509442693885,0.18476695450025,-0.134007635910635));
#3016=CARTESIAN_POINT('',(-0.00497108838718542,0.184744333739734,-0.13433942383716));
#3017=CARTESIAN_POINT('',(-0.00486852381341541,0.184632470504665,-0.135009523892535));
#3018=CARTESIAN_POINT('',(-0.0048099540242877,0.184543185837284,-0.135347803167544));
#3019=CARTESIAN_POINT('',(-0.00464023387743366,0.184224067887693,-0.136217758620867));
#3020=CARTESIAN_POINT('',(-0.00451841106108234,0.183941330634422,-0.136743551440937));
#3021=CARTESIAN_POINT('',(-0.00430578249687431,0.18336734180013,-0.137518824306799));
#3022=CARTESIAN_POINT('',(-0.00422239980068347,0.183125865420202,-0.137794131189017));
#3023=CARTESIAN_POINT('',(-0.00405144029636289,0.182597140606806,-0.138304311158366));
#3024=CARTESIAN_POINT('',(-0.00396387746942355,0.182309913269004,-0.138539154097841));
#3025=CARTESIAN_POINT('',(-0.00387630741265496,0.182005365866206,-0.138748877797504));
#3026=CARTESIAN_POINT('',(-0.00504717136893411,0.184082483163747,-0.131231664449579));
#3027=CARTESIAN_POINT('',(-0.00504717370041188,0.184084976584808,-0.131235260459402));
#3028=CARTESIAN_POINT('',(-0.00504717485317825,0.184087464224481,-0.131238860457079));
#3029=CARTESIAN_POINT('',(-0.00504717297873383,0.184270545424502,-0.131504718535644));
#3030=CARTESIAN_POINT('',(-0.00504093247442675,0.18442053087372,-0.131788090724187));
#3031=CARTESIAN_POINT('',(-0.00500795078785847,0.184724842613392,-0.132570541797436));
#3032=CARTESIAN_POINT('',(-0.00497108024686334,0.184827647141793,-0.133097653898491));
#3033=CARTESIAN_POINT('',(-0.00488328440835625,0.184842106645848,-0.133976347961952));
#3034=CARTESIAN_POINT('',(-0.00484430776963347,0.184814845715534,-0.134311113528888));
#3035=CARTESIAN_POINT('',(-0.0047535121384923,0.184692924474629,-0.134986417339496));
#3036=CARTESIAN_POINT('',(-0.00470168323473531,0.184598228992694,-0.135326925456144));
#3037=CARTESIAN_POINT('',(-0.00455154999302502,0.184264974031089,-0.136201922730494));
#3038=CARTESIAN_POINT('',(-0.00444383460263242,0.183973524676158,-0.136730073176501));
#3039=CARTESIAN_POINT('',(-0.00425587670051679,0.183387025841884,-0.137509313219335));
#3040=CARTESIAN_POINT('',(-0.00418217787294442,0.183141170387768,-0.137786157380519));
#3041=CARTESIAN_POINT('',(-0.0040310824097848,0.182604340670524,-0.138299895678863));
#3042=CARTESIAN_POINT('',(-0.00395369809344091,0.182313385818919,-0.138536762680248));
#3043=CARTESIAN_POINT('',(-0.00387630741265495,0.182005365866206,-0.138748877797504));
#3044=CARTESIAN_POINT('',(-0.00475476584291157,0.184274354264005,-0.131099155219941));
#3045=CARTESIAN_POINT('',(-0.00475476768755772,0.184276907266155,-0.131102835711263));
#3046=CARTESIAN_POINT('',(-0.00475476859675221,0.184279454014746,-0.131106520523027));
#3047=CARTESIAN_POINT('',(-0.00475476667802357,0.184466860553239,-0.131378659564221));
#3048=CARTESIAN_POINT('',(-0.00474981270820395,0.184618580322664,-0.131669950593991));
#3049=CARTESIAN_POINT('',(-0.00472380984927537,0.184919946140477,-0.132474578993679));
#3050=CARTESIAN_POINT('',(-0.00469482845838611,0.185013407997948,-0.133016687884443));
#3051=CARTESIAN_POINT('',(-0.00462703793461489,0.18500466653403,-0.13391534470622));
#3052=CARTESIAN_POINT('',(-0.00459712868692676,0.184967060118215,-0.134256713615663));
#3053=CARTESIAN_POINT('',(-0.00452801848917537,0.184822734459422,-0.134943193114109));
#3054=CARTESIAN_POINT('',(-0.00448881187645621,0.184715997201719,-0.135288280232589));
#3055=CARTESIAN_POINT('',(-0.00437596612769559,0.184351465447412,-0.13617314734748));
#3056=CARTESIAN_POINT('',(-0.00429566602317134,0.184040936585416,-0.136705358200952));
#3057=CARTESIAN_POINT('',(-0.00415634791329318,0.183427624650338,-0.137491461634338));
#3058=CARTESIAN_POINT('',(-0.00410187547755783,0.183172522911952,-0.137770979700104));
#3059=CARTESIAN_POINT('',(-0.00399036730059755,0.182618868372449,-0.138291248569539));
#3060=CARTESIAN_POINT('',(-0.00393333934147564,0.18232033091875,-0.138531979845062));
#3061=CARTESIAN_POINT('',(-0.00387630741265495,0.182005365866206,-0.138748877797504));
#3062=CARTESIAN_POINT('',(-0.00461511098219434,0.184377034598208,-0.13102821920505));
#3063=CARTESIAN_POINT('',(-0.00461511263771833,0.184379623161883,-0.131031950195915));
#3064=CARTESIAN_POINT('',(-0.00461511345227277,0.184382205207907,-0.131035685693498));
#3065=CARTESIAN_POINT('',(-0.0046151115070859,0.184572195981155,-0.131311577384809));
#3066=CARTESIAN_POINT('',(-0.0046106567481368,0.184725047530448,-0.131607533940634));
#3067=CARTESIAN_POINT('',(-0.00458745093520729,0.185025139496173,-0.132425084582193));
#3068=CARTESIAN_POINT('',(-0.00456167273978418,0.185113553935894,-0.132975797490277));
#3069=CARTESIAN_POINT('',(-0.0045026017918783,0.185092074079274,-0.133885629472306));
#3070=CARTESIAN_POINT('',(-0.00447673046935211,0.185048762393477,-0.134230624064602));
#3071=CARTESIAN_POINT('',(-0.00441753665651085,0.184892090393584,-0.134923075468275));
#3072=CARTESIAN_POINT('',(-0.00438421140845597,0.184778722200095,-0.135270512738578));
#3073=CARTESIAN_POINT('',(-0.00428906617261701,0.184397050709121,-0.136160207858635));
#3074=CARTESIAN_POINT('',(-0.00422207391266591,0.18407615444828,-0.136694121491625));
#3075=CARTESIAN_POINT('',(-0.00410672492334764,0.183448539416726,-0.137483121136988));
#3076=CARTESIAN_POINT('',(-0.00406179501031572,0.183188570468415,-0.137763775828264));
#3077=CARTESIAN_POINT('',(-0.00397001007788918,0.182626196010696,-0.138287016939701));
#3078=CARTESIAN_POINT('',(-0.003923159965493,0.182323803468666,-0.138529588427468));
#3079=CARTESIAN_POINT('',(-0.00387630741265495,0.182005365866206,-0.138748877797504));
#3080=CARTESIAN_POINT('',(-0.00448288140198507,0.184485814629899,-0.130953047443693));
#3081=CARTESIAN_POINT('',(-0.00448288292870556,0.184488444299058,-0.130956836878192));
#3082=CARTESIAN_POINT('',(-0.00448288367878138,0.184491067161921,-0.130960631023214));
#3083=CARTESIAN_POINT('',(-0.00448288170298638,0.184684047499919,-0.131240863957317));
#3084=CARTESIAN_POINT('',(-0.00447876614266241,0.184838298088838,-0.131542156305699));
#3085=CARTESIAN_POINT('',(-0.00445758596604072,0.185137370722882,-0.132374359114857));
#3086=CARTESIAN_POINT('',(-0.00443418298261527,0.185220444413925,-0.132934710174692));
#3087=CARTESIAN_POINT('',(-0.00438238637977021,0.185185235251311,-0.133856826871724));
#3088=CARTESIAN_POINT('',(-0.00435999216079184,0.185135742874149,-0.134205745700682));
#3089=CARTESIAN_POINT('',(-0.00430966203133186,0.18496568365431,-0.134904513777378));
#3090=CARTESIAN_POINT('',(-0.00428172721485962,0.184845120508155,-0.135254347836224));
#3091=CARTESIAN_POINT('',(-0.00420320086764194,0.184444903637433,-0.136148736991714));
#3092=CARTESIAN_POINT('',(-0.00414905354936905,0.184112846863935,-0.136684017904598));
#3093=CARTESIAN_POINT('',(-0.00405726669778106,0.183470060080189,-0.137475369963856));
#3094=CARTESIAN_POINT('',(-0.00402179696931412,0.183204984689389,-0.137756959063777));
#3095=CARTESIAN_POINT('',(-0.00394965326541211,0.182633587512262,-0.138282877323502));
#3096=CARTESIAN_POINT('',(-0.00391298058951036,0.182327276018582,-0.138527197009875));
#3097=CARTESIAN_POINT('',(-0.00387630741265495,0.182005365866206,-0.138748877797504));
#3098=EDGE_LOOP('',(#3927,#3928,#3929,#3930,#3931,#3932));
#3099=CARTESIAN_POINT('',(-0.00387640612903169,0.17236351547806,-0.124747637813743));
#3100=CARTESIAN_POINT('',(-0.0042851547708112,0.172769891882819,-0.124467792589298));
#3101=CARTESIAN_POINT('',(-0.00469385087520438,0.173217939758253,-0.124248570751466));
#3102=CARTESIAN_POINT('',(-0.0054722678936159,0.174154390443102,-0.12395167862985));
#3103=CARTESIAN_POINT('',(-0.00584221186607365,0.174642275148402,-0.123872781261668));
#3104=CARTESIAN_POINT('',(-0.00638938025470316,0.17543678546095,-0.123861947527445));
#3105=CARTESIAN_POINT('',(-0.00658688672443357,0.175742743559471,-0.123885875132039));
#3106=CARTESIAN_POINT('',(-0.00694940651158067,0.176345178730129,-0.123989118724114));
#3107=CARTESIAN_POINT('',(-0.00711441300963039,0.176641644469846,-0.124068432769479));
#3108=CARTESIAN_POINT('',(-0.00749464713425609,0.177388488308163,-0.12434367186219));
#3109=CARTESIAN_POINT('',(-0.00767969267299481,0.177823398763328,-0.124581373375886));
#3110=CARTESIAN_POINT('',(-0.00788760225285692,0.178459019864937,-0.125061866845719));
#3111=CARTESIAN_POINT('',(-0.00794535079247802,0.178686446291648,-0.125269207628143));
#3112=CARTESIAN_POINT('',(-0.00800609896178096,0.179049519847183,-0.1256671388215));
#3113=CARTESIAN_POINT('',(-0.00801897224938531,0.179194049144421,-0.125849612800699));
#3114=CARTESIAN_POINT('',(-0.0080184479743572,0.179325233331113,-0.126041222530151));
#3115=CARTESIAN_POINT('',(-0.00387640612903168,0.17236351547806,-0.124747637813743));
#3116=CARTESIAN_POINT('',(-0.00426854079180343,0.172775559506404,-0.124463889505085));
#3117=CARTESIAN_POINT('',(-0.00466061559905294,0.173230469053628,-0.124242566885516));
#3118=CARTESIAN_POINT('',(-0.00540659099320754,0.174179215749276,-0.123945820911985));
#3119=CARTESIAN_POINT('',(-0.00576069757171887,0.174672467338692,-0.123869119260139));
#3120=CARTESIAN_POINT('',(-0.00628348440965413,0.17547191225578,-0.123863499963598));
#3121=CARTESIAN_POINT('',(-0.00647194430673251,0.175778869041953,-0.123889795756416));
#3122=CARTESIAN_POINT('',(-0.00681740673405009,0.176381231864135,-0.123997568371238));
#3123=CARTESIAN_POINT('',(-0.00697440365679221,0.176676624505037,-0.12407903326408));
#3124=CARTESIAN_POINT('',(-0.00733571563172182,0.17741832837688,-0.124358346329329));
#3125=CARTESIAN_POINT('',(-0.00751103675867417,0.177847702483039,-0.124596931844007));
#3126=CARTESIAN_POINT('',(-0.00770780078055686,0.178473511365859,-0.125074582483145));
#3127=CARTESIAN_POINT('',(-0.00776238171469215,0.178697004648555,-0.125279833733986));
#3128=CARTESIAN_POINT('',(-0.00781978674860591,0.179053866789002,-0.125672623531001));
#3129=CARTESIAN_POINT('',(-0.00783194667600976,0.179195954989026,-0.125852405333974));
#3130=CARTESIAN_POINT('',(-0.00783145036892444,0.179325112422457,-0.12604104378537));
#3131=CARTESIAN_POINT('',(-0.00387640612903168,0.17236351547806,-0.124747637813743));
#3132=CARTESIAN_POINT('',(-0.00425192681279567,0.172781227129989,-0.124459986420873));
#3133=CARTESIAN_POINT('',(-0.00462738032410256,0.173242828135754,-0.124236304188238));
#3134=CARTESIAN_POINT('',(-0.00534091409857044,0.174203697354785,-0.123938603565654));
#3135=CARTESIAN_POINT('',(-0.00567918328647099,0.174702323783044,-0.123863263760757));
#3136=CARTESIAN_POINT('',(-0.00617758859639956,0.175507179596329,-0.123861342397781));
#3137=CARTESIAN_POINT('',(-0.00635700193402818,0.175815427383101,-0.1238893891866));
#3138=CARTESIAN_POINT('',(-0.00668540704099093,0.176418533892748,-0.124000531841614));
#3139=CARTESIAN_POINT('',(-0.00683439441485747,0.176713377160784,-0.124083607221744));
#3140=CARTESIAN_POINT('',(-0.00717678432311888,0.177451523180671,-0.124365869786689));
#3141=CARTESIAN_POINT('',(-0.00734238110439039,0.17787655570701,-0.124604942003007));
#3142=CARTESIAN_POINT('',(-0.00752799965570966,0.178494378253885,-0.125079820592168));
#3143=CARTESIAN_POINT('',(-0.00757941301242941,0.178714608621418,-0.12528317706753));
#3144=CARTESIAN_POINT('',(-0.00763347493861411,0.179066244564256,-0.125671428198492));
#3145=CARTESIAN_POINT('',(-0.00764492151052229,0.179206252511762,-0.125848862239255));
#3146=CARTESIAN_POINT('',(-0.00764445316832158,0.1793336567714,-0.126034933111606));
#3147=CARTESIAN_POINT('',(-0.00387640612903168,0.17236351547806,-0.124747637813743));
#3148=CARTESIAN_POINT('',(-0.00421869885478013,0.172792562377159,-0.124452180252448));
#3149=CARTESIAN_POINT('',(-0.00456091085600362,0.173267205491643,-0.124223263054052));
#3150=CARTESIAN_POINT('',(-0.00520965999427516,0.174251936020083,-0.123921461423972));
#3151=CARTESIAN_POINT('',(-0.00551635291524177,0.174761290181016,-0.12384718373492));
#3152=CARTESIAN_POINT('',(-0.00596626119455007,0.175577840060719,-0.123849617841533));
#3153=CARTESIAN_POINT('',(-0.00612770839831955,0.175889219979434,-0.123879925063242));
#3154=CARTESIAN_POINT('',(-0.00642228984866988,0.176495384924961,-0.123995467770897));
#3155=CARTESIAN_POINT('',(-0.00655542203088473,0.176790150761664,-0.124080668553693));
#3156=CARTESIAN_POINT('',(-0.00686040602500675,0.177524306862015,-0.124366545928624));
#3157=CARTESIAN_POINT('',(-0.00700683463954505,0.177943054655359,-0.124605780348726));
#3158=CARTESIAN_POINT('',(-0.00717050677495207,0.178548616369432,-0.125075279750621));
#3159=CARTESIAN_POINT('',(-0.00721569020706168,0.178763694109129,-0.125275257165857));
#3160=CARTESIAN_POINT('',(-0.00726317808623793,0.179106906866085,-0.125655692050213));
#3161=CARTESIAN_POINT('',(-0.00727322236719519,0.179243501456926,-0.125829149392582));
#3162=CARTESIAN_POINT('',(-0.00727280909408519,0.17936796860803,-0.126010924710108));
#3163=CARTESIAN_POINT('',(-0.00387640612903168,0.17236351547806,-0.124747637813743));
#3164=CARTESIAN_POINT('',(-0.00420208487577236,0.172798230000745,-0.124448277168235));
#3165=CARTESIAN_POINT('',(-0.00452767666177291,0.173279223765803,-0.124216484617031));
#3166=CARTESIAN_POINT('',(-0.00514408278911915,0.174275693078217,-0.123911536629258));
#3167=CARTESIAN_POINT('',(-0.00543503684060395,0.174790400130026,-0.12383695921037));
#3168=CARTESIAN_POINT('',(-0.00586082967228338,0.175613233162229,-0.123840050855018));
#3169=CARTESIAN_POINT('',(-0.00601335733393578,0.175926454202284,-0.123870867514213));
#3170=CARTESIAN_POINT('',(-0.00629117254329087,0.17653493387141,-0.123987440233923));
#3171=CARTESIAN_POINT('',(-0.00641645914601373,0.176830171634913,-0.124073155930999));
#3172=CARTESIAN_POINT('',(-0.00670295948997955,0.177563895632491,-0.124359698612935));
#3173=CARTESIAN_POINT('',(-0.00683994443905357,0.177980700255877,-0.124598608532953));
#3174=CARTESIAN_POINT('',(-0.00699281583967266,0.178581987471364,-0.125065500810121));
#3175=CARTESIAN_POINT('',(-0.00703493699386458,0.178795175503404,-0.125263993949622));
#3176=CARTESIAN_POINT('',(-0.0070791940086101,0.17913519128645,-0.12564115127522));
#3177=CARTESIAN_POINT('',(-0.0070885493707638,0.179270452780975,-0.12581297969273));
#3178=CARTESIAN_POINT('',(-0.00708816320134936,0.179393736005142,-0.125993027045759));
#3179=CARTESIAN_POINT('',(-0.00387640612903168,0.17236351547806,-0.124747637813743));
#3180=CARTESIAN_POINT('',(-0.00416885691775682,0.172809565247915,-0.12444047099981));
#3181=CARTESIAN_POINT('',(-0.00446121046483408,0.173302919118734,-0.124202413380106));
#3182=CARTESIAN_POINT('',(-0.00501312761109683,0.174322446592198,-0.123888995229202));
#3183=CARTESIAN_POINT('',(-0.00527280075407834,0.174847801094532,-0.123812168541396));
#3184=CARTESIAN_POINT('',(-0.00565089315365292,0.175683989470126,-0.123813550164363));
#3185=CARTESIAN_POINT('',(-0.00578583476873764,0.17600140578143,-0.123844148931406));
#3186=CARTESIAN_POINT('',(-0.00603069671062536,0.176616013287289,-0.123960448588677));
#3187=CARTESIAN_POINT('',(-0.00614061813609608,0.176913180919348,-0.124046100702575));
#3188=CARTESIAN_POINT('',(-0.00639102190615672,0.177649093655268,-0.124331698217321));
#3189=CARTESIAN_POINT('',(-0.00650967606468964,0.178064386701964,-0.124569156941905));
#3190=CARTESIAN_POINT('',(-0.00664162894489554,0.178660841223452,-0.125031040206161));
#3191=CARTESIAN_POINT('',(-0.00667783399693496,0.178871634212109,-0.125226996885337));
#3192=CARTESIAN_POINT('',(-0.00671585145677233,0.179207313292496,-0.125598905638971));
#3193=CARTESIAN_POINT('',(-0.00672387734308345,0.179340670398411,-0.125768216996631));
#3194=CARTESIAN_POINT('',(-0.0067235436802578,0.179462169988747,-0.125945669682661));
#3195=CARTESIAN_POINT('',(-0.00387640612903168,0.17236351547806,-0.124747637813743));
#3196=CARTESIAN_POINT('',(-0.00415224293874905,0.1728152328715,-0.124436567915597));
#3197=CARTESIAN_POINT('',(-0.0044279784610472,0.173314596197889,-0.124195120580033));
#3198=CARTESIAN_POINT('',(-0.00494774964272409,0.174345443046441,-0.123876378624664));
#3199=CARTESIAN_POINT('',(-0.00519188075354579,0.174876092105709,-0.123797602399186));
#3200=CARTESIAN_POINT('',(-0.00554638822319681,0.175719352654208,-0.123796616468687));
#3201=CARTESIAN_POINT('',(-0.0056726633658286,0.176039123105113,-0.1238264879094));
#3202=CARTESIAN_POINT('',(-0.00590133837531593,0.176657543696645,-0.12394148450054));
#3203=CARTESIAN_POINT('',(-0.00600374026539903,0.176956169253317,-0.124026558121994));
#3204=CARTESIAN_POINT('',(-0.00623653130562106,0.177694702783602,-0.124310545178092));
#3205=CARTESIAN_POINT('',(-0.00634629849141249,0.178110427393545,-0.124546877219629));
#3206=CARTESIAN_POINT('',(-0.00646813379159788,0.178706323691924,-0.125006358621605));
#3207=CARTESIAN_POINT('',(-0.0065014850869249,0.178916611339177,-0.125201263127572));
#3208=CARTESIAN_POINT('',(-0.00653649392920671,0.179251150690107,-0.125571200887647));
#3209=CARTESIAN_POINT('',(-0.00654387927469238,0.17938393650638,-0.125739624118607));
#3210=CARTESIAN_POINT('',(-0.00654357101426103,0.179504836394611,-0.125916210108917));
#3211=CARTESIAN_POINT('',(-0.00387640612903168,0.17236351547806,-0.124747637813743));
#3212=CARTESIAN_POINT('',(-0.00411901498073352,0.172826568118671,-0.124428761747172));
#3213=CARTESIAN_POINT('',(-0.00436151781962693,0.173337608756052,-0.124180021451846));
#3214=CARTESIAN_POINT('',(-0.00481729221548471,0.174390640436186,-0.123848473051304));
#3215=CARTESIAN_POINT('',(-0.00503063399801465,0.174931785451595,-0.123764165275701));
#3216=CARTESIAN_POINT('',(-0.00533876321202796,0.175789893792969,-0.12375545700988));
#3217=CARTESIAN_POINT('',(-0.00544808256413663,0.176114846166706,-0.123782653735072));
#3218=CARTESIAN_POINT('',(-0.00564524544461016,0.176742307816092,-0.123892746951171));
#3219=CARTESIAN_POINT('',(-0.00573309252927309,0.177044791278705,-0.123975589303453));
#3220=CARTESIAN_POINT('',(-0.0059319495233414,0.17779151338272,-0.12425413158131));
#3221=CARTESIAN_POINT('',(-0.00602476600246116,0.178210420377167,-0.124487442553035));
#3222=CARTESIAN_POINT('',(-0.00612737490945792,0.178808865780801,-0.124942382187528));
#3223=CARTESIAN_POINT('',(-0.00615532622160297,0.179019516689927,-0.125135636342611));
#3224=CARTESIAN_POINT('',(-0.00618464552804715,0.179353830860599,-0.12550297328627));
#3225=CARTESIAN_POINT('',(-0.00619082109874889,0.179486239570592,-0.125670374660194));
#3226=CARTESIAN_POINT('',(-0.00619056113281974,0.179606531945852,-0.125846099330465));
#3227=CARTESIAN_POINT('',(-0.00387640612903168,0.17236351547806,-0.124747637813743));
#3228=CARTESIAN_POINT('',(-0.00410240100172575,0.172832235742256,-0.12442485866296));
#3229=CARTESIAN_POINT('',(-0.0043282891809204,0.17334894423543,-0.124172215123508));
#3230=CARTESIAN_POINT('',(-0.00475221276109731,0.174412841370136,-0.12383318408345));
#3231=CARTESIAN_POINT('',(-0.00495030725439046,0.174959187782275,-0.123745294296946));
#3232=CARTESIAN_POINT('',(-0.0052356431965239,0.175825071725462,-0.123731231259726));
#3233=CARTESIAN_POINT('',(-0.00533667326207063,0.176152851871884,-0.123756480601723));
#3234=CARTESIAN_POINT('',(-0.00551851103802827,0.17678554146358,-0.123862973525956));
#3235=CARTESIAN_POINT('',(-0.00559932291352057,0.177090424888141,-0.123944163112586));
#3236=CARTESIAN_POINT('',(-0.00578185877954968,0.177842714713782,-0.124218871105041));
#3237=CARTESIAN_POINT('',(-0.00586661167169871,0.178264372486695,-0.124450287716661));
#3238=CARTESIAN_POINT('',(-0.00596011196295112,0.178865925165558,-0.124903087484824));
#3239=CARTESIAN_POINT('',(-0.00598551711325499,0.179077444661727,-0.125095743475909));
#3240=CARTESIAN_POINT('',(-0.00601215557116131,0.179412673365901,-0.125462450613934));
#3241=CARTESIAN_POINT('',(-0.0060177619233958,0.179545276256711,-0.12562971826266));
#3242=CARTESIAN_POINT('',(-0.00601752484909474,0.179665560822816,-0.125805448310809));
#3243=CARTESIAN_POINT('',(-0.00387640612903167,0.17236351547806,-0.124747637813743));
#3244=CARTESIAN_POINT('',(-0.00406917304371021,0.172843570989426,-0.124417052494535));
#3245=CARTESIAN_POINT('',(-0.00426183654148936,0.173371273160183,-0.124156089237634));
#3246=CARTESIAN_POINT('',(-0.00462245123433583,0.174456413990292,-0.123799957011181));
#3247=CARTESIAN_POINT('',(-0.00479044317384482,0.175013036849267,-0.123703293583765));
#3248=CARTESIAN_POINT('',(-0.00503124039386011,0.175895088038612,-0.12367559396355));
#3249=CARTESIAN_POINT('',(-0.00511619026812064,0.176228956019409,-0.123695756953176));
#3250=CARTESIAN_POINT('',(-0.00526851358733027,0.176873422908483,-0.123792816415783));
#3251=CARTESIAN_POINT('',(-0.00533589195059057,0.177183996245187,-0.123869662039925));
#3252=CARTESIAN_POINT('',(-0.00548748009958215,0.177950230991497,-0.124134572285909));
#3253=CARTESIAN_POINT('',(-0.00555718193998346,0.178379623326455,-0.124361491867192));
#3254=CARTESIAN_POINT('',(-0.00563378092003163,0.178990951354632,-0.124810346003606));
#3255=CARTESIAN_POINT('',(-0.00565449421985199,0.179205550275022,-0.1250022814941));
#3256=CARTESIAN_POINT('',(-0.00567619758022891,0.179544628602619,-0.125369093427645));
#3257=CARTESIAN_POINT('',(-0.005680758274197,0.179678378008744,-0.125536853069662));
#3258=CARTESIAN_POINT('',(-0.00568056370873252,0.179799239111547,-0.125713465770072));
#3259=CARTESIAN_POINT('',(-0.00387640612903167,0.17236351547806,-0.124747637813743));
#3260=CARTESIAN_POINT('',(-0.00405255906470244,0.172849238613011,-0.124413149410322));
#3261=CARTESIAN_POINT('',(-0.00422861253969956,0.173382266605915,-0.12414776967982));
#3262=CARTESIAN_POINT('',(-0.00455776916642096,0.174477785675,-0.123782018907899));
#3263=CARTESIAN_POINT('',(-0.00471090584832383,0.175039483581838,-0.123680163852168));
#3264=CARTESIAN_POINT('',(-0.00492995767093455,0.175929926397297,-0.123644182434962));
#3265=CARTESIAN_POINT('',(-0.00500711667129743,0.176267054429066,-0.123661206464059));
#3266=CARTESIAN_POINT('',(-0.00514525072762971,0.176918070641177,-0.12375243278249));
#3267=CARTESIAN_POINT('',(-0.00520623084659389,0.177231933906649,-0.123826587226823));
#3268=CARTESIAN_POINT('',(-0.00534319258705835,0.178006545783949,-0.124085534064176));
#3269=CARTESIAN_POINT('',(-0.00540590710221084,0.178440921847544,-0.12430985101587));
#3270=CARTESIAN_POINT('',(-0.00547471357293517,0.179058917872095,-0.124756899438104));
#3271=CARTESIAN_POINT('',(-0.00549328124475283,0.179275727603164,-0.124948712607754));
#3272=CARTESIAN_POINT('',(-0.0055127304215041,0.179617740990288,-0.125316259156974));
#3273=CARTESIAN_POINT('',(-0.00551681469016937,0.179752442723226,-0.125484644519386));
#3274=CARTESIAN_POINT('',(-0.00551663974145995,0.17987388817049,-0.125662134491762));
#3275=CARTESIAN_POINT('',(-0.00387640612903167,0.17236351547806,-0.124747637813743));
#3276=CARTESIAN_POINT('',(-0.00401933110668691,0.172860573860182,-0.124405343241897));
#3277=CARTESIAN_POINT('',(-0.00416217057521357,0.17340391098948,-0.124130617105379));
#3278=CARTESIAN_POINT('',(-0.00442890074630318,0.174519667300868,-0.123743520542377));
#3279=CARTESIAN_POINT('',(-0.00455281540194196,0.175091357476294,-0.123629700939031));
#3280=CARTESIAN_POINT('',(-0.00472967394406742,0.17599911091498,-0.123574311018543));
#3281=CARTESIAN_POINT('',(-0.00479186698089163,0.176343148332616,-0.123583905570268));
#3282=CARTESIAN_POINT('',(-0.00490302105069734,0.177008482088581,-0.123661324968409));
#3283=CARTESIAN_POINT('',(-0.00495198678836902,0.177329755634036,-0.123729110778652));
#3284=CARTESIAN_POINT('',(-0.00506177027507723,0.1781237640841,-0.123974137772183));
#3285=CARTESIAN_POINT('',(-0.00511182102495918,0.178570225078032,-0.124192624438974));
#3286=CARTESIAN_POINT('',(-0.00516664112103383,0.179204961107072,-0.124636481746697));
#3287=CARTESIAN_POINT('',(-0.00518140293612961,0.179427482390072,-0.124828547419037));
#3288=CARTESIAN_POINT('',(-0.00519686058909265,0.17977732266742,-0.125198938976227));
#3289=CARTESIAN_POINT('',(-0.00520010433344962,0.179914669053778,-0.125369331605301));
#3290=CARTESIAN_POINT('',(-0.00519996463907594,0.180037868196477,-0.12554943686215));
#3291=CARTESIAN_POINT('',(-0.00387640612903167,0.17236351547806,-0.124747637813743));
#3292=CARTESIAN_POINT('',(-0.00400271712767914,0.172866241483767,-0.124401440157685));
#3293=CARTESIAN_POINT('',(-0.00412895261146217,0.173414561927656,-0.12412178408842));
#3294=CARTESIAN_POINT('',(-0.00436471439853378,0.174540177240587,-0.123722960281431));
#3295=CARTESIAN_POINT('',(-0.00447426229251375,0.175116784634724,-0.123602367760631));
#3296=CARTESIAN_POINT('',(-0.00463067300311409,0.17603345705231,-0.12353585115253));
#3297=CARTESIAN_POINT('',(-0.00468569098025346,0.176381143794016,-0.123541155198659));
#3298=CARTESIAN_POINT('',(-0.00478405441227447,0.177054245736875,-0.123610600854596));
#3299=CARTESIAN_POINT('',(-0.0048274040690503,0.177379639610275,-0.123674709233372));
#3300=CARTESIAN_POINT('',(-0.00492463588110822,0.178184667424523,-0.123911779861795));
#3301=CARTESIAN_POINT('',(-0.00496901032110364,0.178638229553815,-0.124127038927329));
#3302=CARTESIAN_POINT('',(-0.00501763672375701,0.179283037489881,-0.124569510897505));
#3303=CARTESIAN_POINT('',(-0.00503073836575163,0.179509059477806,-0.124761951410927));
#3304=CARTESIAN_POINT('',(-0.00504445873840815,0.179863791541261,-0.125134453371958));
#3305=CARTESIAN_POINT('',(-0.00504733839700452,0.180002830241527,-0.125306227545929));
#3306=CARTESIAN_POINT('',(-0.00504721433979135,0.180127198730725,-0.125488070808286));
#3307=CARTESIAN_POINT('',(-0.00387640612903167,0.17236351547806,-0.124747637813743));
#3308=CARTESIAN_POINT('',(-0.0039694891696636,0.172877576730937,-0.12439363398926));
#3309=CARTESIAN_POINT('',(-0.004062524285264,0.173435520771664,-0.124103603846765));
#3310=CARTESIAN_POINT('',(-0.00423693508018382,0.174580304157962,-0.123679248291664));
#3311=CARTESIAN_POINT('',(-0.00431833337058998,0.175166558454073,-0.123543562392419));
#3312=CARTESIAN_POINT('',(-0.00443538753347189,0.17610150680896,-0.123452051073855));
#3313=CARTESIAN_POINT('',(-0.0044767838404017,0.176456837150608,-0.123447673836296));
#3314=CARTESIAN_POINT('',(-0.00455121346227126,0.177146583799183,-0.123499150609598));
#3315=CARTESIAN_POINT('',(-0.00458424910098379,0.177480982359097,-0.12355498571293));
#3316=CARTESIAN_POINT('',(-0.00465880377617668,0.178310496574596,-0.123774326357168));
#3317=CARTESIAN_POINT('',(-0.00469334907175941,0.178780235458805,-0.123982610946718));
#3318=CARTESIAN_POINT('',(-0.00473143964357297,0.17944838508601,-0.124422831123981));
#3319=CARTESIAN_POINT('',(-0.00474178150000865,0.179682626414047,-0.124616538765415));
#3320=CARTESIAN_POINT('',(-0.00475262386037927,0.180049006099515,-0.124994636422309));
#3321=CARTESIAN_POINT('',(-0.00475490488010117,0.18019214074531,-0.125169917220793));
#3322=CARTESIAN_POINT('',(-0.00475480748578897,0.180319418461331,-0.125356075239086));
#3323=CARTESIAN_POINT('',(-0.00387640612903167,0.17236351547806,-0.124747637813743));
#3324=CARTESIAN_POINT('',(-0.00395287519065583,0.172883244354523,-0.124389730905047));
#3325=CARTESIAN_POINT('',(-0.0040293139217743,0.173445828677824,-0.124094256621685));
#3326=CARTESIAN_POINT('',(-0.00417334211400541,0.174599921134236,-0.123656096564296));
#3327=CARTESIAN_POINT('',(-0.00424095756956448,0.17519090511182,-0.123512090206063));
#3328=CARTESIAN_POINT('',(-0.00433910306625906,0.17613521040701,-0.123406710887302));
#3329=CARTESIAN_POINT('',(-0.00437405279156565,0.176494535013661,-0.123396942885431));
#3330=CARTESIAN_POINT('',(-0.00443733932272199,0.17719315814552,-0.123438424560259));
#3331=CARTESIAN_POINT('',(-0.00446567707715773,0.177532441039107,-0.123489663848001));
#3332=CARTESIAN_POINT('',(-0.00453010644883943,0.178375422205414,-0.123699230960088));
#3333=CARTESIAN_POINT('',(-0.00456049902879498,0.178854236632326,-0.123903768741622));
#3334=CARTESIAN_POINT('',(-0.00459424761812504,0.179535655920688,-0.124343122536825));
#3335=CARTESIAN_POINT('',(-0.00460348991174446,0.17977461583833,-0.12453772248421));
#3336=CARTESIAN_POINT('',(-0.00461319159343752,0.180147751301622,-0.12491930544144));
#3337=CARTESIAN_POINT('',(-0.00461523807180267,0.180293289561518,-0.125096711314887));
#3338=CARTESIAN_POINT('',(-0.00461515170285054,0.180422307150363,-0.125285446072113));
#3339=CARTESIAN_POINT('',(-0.00387640612903167,0.17236351547806,-0.124747637813743));
#3340=CARTESIAN_POINT('',(-0.00393626121164807,0.172888911978108,-0.124385827820834));
#3341=CARTESIAN_POINT('',(-0.00399610823633263,0.173455964775296,-0.124084651663996));
#3342=CARTESIAN_POINT('',(-0.00411009426477041,0.174619076680057,-0.123631666284644));
#3343=CARTESIAN_POINT('',(-0.0041642659385384,0.175214682631831,-0.123478585250213));
#3344=CARTESIAN_POINT('',(-0.00424438831913701,0.176168519073854,-0.123358029462073));
#3345=CARTESIAN_POINT('',(-0.00427330920930202,0.176531987754663,-0.123342351640793));
#3346=CARTESIAN_POINT('',(-0.00432639265738526,0.177239982748924,-0.12337290005917));
#3347=CARTESIAN_POINT('',(-0.00435055421674966,0.177584495744267,-0.123419125724181));
#3348=CARTESIAN_POINT('',(-0.0044062305546909,0.178442057873831,-0.123618117195977));
#3349=CARTESIAN_POINT('',(-0.00443332549400377,0.178930850938466,-0.123818711735439));
#3350=CARTESIAN_POINT('',(-0.00446376697243594,0.179627012768868,-0.124257513028787));
#3351=CARTESIAN_POINT('',(-0.00447222189059817,0.179871255016247,-0.124453273373098));
#3352=CARTESIAN_POINT('',(-0.00448111489999455,0.180252018225005,-0.124839022351955));
#3353=CARTESIAN_POINT('',(-0.00448299884789276,0.180400296379809,-0.12501891463063));
#3354=CARTESIAN_POINT('',(-0.00448292092473899,0.180531328299881,-0.12521062922051));
#3355=EDGE_LOOP('',(#3933,#3934,#3935,#3936));
#3356=AXIS2_PLACEMENT_3D('',#3937,#3938,#3939);
#3357=EDGE_LOOP('',(#3940,#3941,#3942,#3943,#3944));
#3358=AXIS2_PLACEMENT_3D('',#3945,#3946,#3947);
#3359=EDGE_LOOP('',(#3948,#3949,#3950,#3951));
#3360=AXIS2_PLACEMENT_3D('',#3952,#3953,#3954);
#3361=EDGE_LOOP('',(#3955,#3956,#3957,#3958));
#3362=AXIS2_PLACEMENT_3D('',#3959,#3960,#3961);
#3363=EDGE_LOOP('',(#3962,#3963,#3964,#3965));
#3364=AXIS2_PLACEMENT_3D('',#3966,#3967,#3968);
#3365=EDGE_LOOP('',(#3969,#3970,#3971,#3972,#3973));
#3366=AXIS2_PLACEMENT_3D('',#3974,#3975,#3976);
#3367=EDGE_LOOP('',(#3977,#3978,#3979,#3980,#3981,#3982,#3983));
#3368=AXIS2_PLACEMENT_3D('',#3984,#3985,#3986);
#3369=EDGE_LOOP('',(#3987,#3988,#3989,#3990));
#3370=AXIS2_PLACEMENT_3D('',#3991,#3992,#3993);
#3371=EDGE_LOOP('',(#3994,#3995,#3996));
#3372=AXIS2_PLACEMENT_3D('',#3997,#3998,#3999);
#3373=EDGE_LOOP('',(#4000,#4001,#4002,#4003,#4004));
#3374=AXIS2_PLACEMENT_3D('',#4005,#4006,#4007);
#3375=EDGE_LOOP('',(#4008,#4009,#4010,#4011,#4012));
#3376=AXIS2_PLACEMENT_3D('',#4013,#4014,#4015);
#3377=EDGE_LOOP('',(#4016,#4017,#4018,#4019));
#3378=AXIS2_PLACEMENT_3D('',#4020,#4021,#4022);
#3379=EDGE_LOOP('',(#4023,#4024,#4025,#4026));
#3380=AXIS2_PLACEMENT_3D('',#4027,#4028,#4029);
#3381=EDGE_LOOP('',(#4030,#4031,#4032,#4033));
#3382=AXIS2_PLACEMENT_3D('',#4034,#4035,#4036);
#3383=FILL_AREA_STYLE_COLOUR('',#4037);
#3384=ORIENTED_EDGE('',*,*,#4038,.F.);
#3385=ORIENTED_EDGE('',*,*,#4039,.T.);
#3386=ORIENTED_EDGE('',*,*,#4040,.F.);
#3387=ORIENTED_EDGE('',*,*,#4041,.T.);
#3388=CARTESIAN_POINT('',(-0.00426661334910163,0.129503004375465,-0.149225571914929));
#3389=DIRECTION('',(0.999999999947585,-1.0238614723268E-05,-2.01025973645317E-10));
#3390=DIRECTION('',(3.57696178900907E-06,0.349341539365554,0.936995458292574));
#3391=ORIENTED_EDGE('',*,*,#4042,.F.);
#3392=ORIENTED_EDGE('',*,*,#4043,.F.);
#3393=ORIENTED_EDGE('',*,*,#4044,.F.);
#3394=ORIENTED_EDGE('',*,*,#4045,.F.);
#3395=CARTESIAN_POINT('',(0.0118333866500545,0.129502839533768,-0.149225571918165));
#3396=DIRECTION('',(0.999999999947585,-1.02386147231431E-05,-2.01026056911559E-10));
#3397=DIRECTION('',(-3.57696178904341E-06,-0.34934153936555,-0.936995458292575));
#3398=ORIENTED_EDGE('',*,*,#4046,.F.);
#3399=ORIENTED_EDGE('',*,*,#4043,.T.);
#3400=ORIENTED_EDGE('',*,*,#4047,.F.);
#3401=ORIENTED_EDGE('',*,*,#4048,.T.);
#3402=CARTESIAN_POINT('',(-0.0187666133483416,0.129503152835379,-0.149225571912014));
#3403=DIRECTION('',(-0.999999999947585,1.0238614723268E-05,2.01025973644724E-10));
#3404=DIRECTION('',(3.57696178900898E-06,0.349341539365545,0.936995458292577));
#3405=ORIENTED_EDGE('',*,*,#4049,.F.);
#3406=ORIENTED_EDGE('',*,*,#4050,.T.);
#3407=ORIENTED_EDGE('',*,*,#4051,.T.);
#3408=ORIENTED_EDGE('',*,*,#4052,.F.);
#3409=ORIENTED_EDGE('',*,*,#4053,.F.);
#3410=CARTESIAN_POINT('',(-0.00276661334918019,0.129502989017543,-0.14922557191523));
#3411=DIRECTION('',(-0.999999999947585,1.0238614723268E-05,2.01025973644391E-10));
#3412=DIRECTION('',(9.31289828326577E-06,0.909577613900477,0.415534071051201));
#3413=ORIENTED_EDGE('',*,*,#4054,.F.);
#3414=ORIENTED_EDGE('',*,*,#4055,.T.);
#3415=ORIENTED_EDGE('',*,*,#4056,.T.);
#3416=ORIENTED_EDGE('',*,*,#4057,.T.);
#3417=ORIENTED_EDGE('',*,*,#4058,.T.);
#3418=CARTESIAN_POINT('',(-0.00626661334899678,0.129503024852695,-0.149225571914527));
#3419=DIRECTION('',(0.999999999947585,-1.02386147232611E-05,-2.01025945889563E-10));
#3420=DIRECTION('',(1.24884153682591E-07,0.012217000834607,-0.999925369660452));
#3421=ORIENTED_EDGE('',*,*,#4059,.F.);
#3422=ORIENTED_EDGE('',*,*,#4052,.T.);
#3423=ORIENTED_EDGE('',*,*,#4060,.F.);
#3424=ORIENTED_EDGE('',*,*,#4061,.F.);
#3425=ORIENTED_EDGE('',*,*,#4062,.T.);
#3426=CARTESIAN_POINT('',(-0.00626661334899678,0.129503024852695,-0.149225571914527));
#3427=DIRECTION('',(0.999999999947585,-1.02386147232611E-05,-2.01025945889563E-10));
#3428=DIRECTION('',(1.24884153682591E-07,0.012217000834607,-0.999925369660452));
#3429=ORIENTED_EDGE('',*,*,#4063,.F.);
#3430=ORIENTED_EDGE('',*,*,#4064,.F.);
#3431=ORIENTED_EDGE('',*,*,#4065,.F.);
#3432=ORIENTED_EDGE('',*,*,#4066,.F.);
#3433=ORIENTED_EDGE('',*,*,#4067,.F.);
#3434=ORIENTED_EDGE('',*,*,#4068,.T.);
#3435=CARTESIAN_POINT('',(0.00287372047322584,0.184728774281716,-0.130802484266967));
#3436=DIRECTION('',(0.999999999947585,-1.023861472387E-05,-2.01025718884449E-10));
#3437=DIRECTION('',(9.59346526883953E-06,0.936995458243461,-0.349341539383871));
#3438=ORIENTED_EDGE('',*,*,#4069,.F.);
#3439=ORIENTED_EDGE('',*,*,#4070,.T.);
#3440=ORIENTED_EDGE('',*,*,#4071,.F.);
#3441=ORIENTED_EDGE('',*,*,#4072,.F.);
#3442=ORIENTED_EDGE('',*,*,#4073,.F.);
#3443=CARTESIAN_POINT('',(0.00287367982530597,0.180758600592479,-0.125037267803065));
#3444=DIRECTION('',(-0.999999999947585,1.0238614722319E-05,2.01020826443117E-10));
#3445=DIRECTION('',(1.85673193547897E-06,0.181326702610247,0.983422913561123));
#3446=ORIENTED_EDGE('',*,*,#4074,.F.);
#3447=ORIENTED_EDGE('',*,*,#4066,.T.);
#3448=ORIENTED_EDGE('',*,*,#4075,.T.);
#3449=ORIENTED_EDGE('',*,*,#4072,.T.);
#3450=CARTESIAN_POINT('',(0.00287370160097733,0.18288547935457,-0.128125776623013));
#3451=DIRECTION('',(-5.80684569249619E-06,-0.567167669890954,0.823602351985925));
#3452=DIRECTION('',(-0.382675641581961,0.760913274036293,0.523994601818762));
#3453=ORIENTED_EDGE('',*,*,#4076,.F.);
#3454=ORIENTED_EDGE('',*,*,#4077,.F.);
#3455=ORIENTED_EDGE('',*,*,#4078,.T.);
#3456=ORIENTED_EDGE('',*,*,#4079,.T.);
#3457=CARTESIAN_POINT('',(-0.00528903202256468,0.174035912181004,-0.129666855020917));
#3458=DIRECTION('',(0.707112743941392,0.582367568266009,0.401048105328539));
#3459=DIRECTION('',(-0.499999889703166,0.0107581898290743,0.86595864315129));
#3460=ORIENTED_EDGE('',*,*,#4080,.F.);
#3461=ORIENTED_EDGE('',*,*,#4081,.F.);
#3462=ORIENTED_EDGE('',*,*,#4082,.T.);
#3463=ORIENTED_EDGE('',*,*,#4083,.T.);
#3464=CARTESIAN_POINT('',(-0.012556145477217,0.175199442696319,-0.128865649571928));
#3465=DIRECTION('',(-0.999999999947585,1.0238614723268E-05,2.01025973645167E-10));
#3466=DIRECTION('',(1.85673194071287E-06,0.18132670261024,0.983422913561124));
#3467=ORIENTED_EDGE('',*,*,#4084,.F.);
#3468=ORIENTED_EDGE('',*,*,#4085,.F.);
#3469=ORIENTED_EDGE('',*,*,#4086,.T.);
#3470=ORIENTED_EDGE('',*,*,#4065,.T.);
#3471=CARTESIAN_POINT('',(-0.00589946512378307,0.17750330874478,-0.135778309538853));
#3472=DIRECTION('',(0.707112743941392,0.582367568265993,0.401048105328563));
#3473=DIRECTION('',(-0.499991677583227,0.812854400728419,-0.298790973029565));
#3474=ORIENTED_EDGE('',*,*,#4087,.F.);
#3475=ORIENTED_EDGE('',*,*,#4088,.T.);
#3476=ORIENTED_EDGE('',*,*,#4089,.T.);
#3477=ORIENTED_EDGE('',*,*,#4090,.F.);
#3478=CARTESIAN_POINT('',(-0.0125561048292972,0.179169616385556,-0.13463086603583));
#3479=DIRECTION('',(0.999999999947585,-1.02386147232611E-05,-2.0102594588938E-10));
#3480=DIRECTION('',(1.00688518706074E-05,0.983422913509582,-0.181326702619727));
#3481=ORIENTED_EDGE('',*,*,#4091,.F.);
#3482=ORIENTED_EDGE('',*,*,#4092,.T.);
#3483=ORIENTED_EDGE('',*,*,#4093,.T.);
#3484=ORIENTED_EDGE('',*,*,#4094,.T.);
#3485=CARTESIAN_POINT('',(-0.00801840661603394,0.185562298518764,-0.126282481693581));
#3486=DIRECTION('',(-5.80684569253007E-06,-0.567167669890954,0.823602351985924));
#3487=DIRECTION('',(0.382675641581961,-0.760913274036293,-0.523994601818762));
#3488=ORIENTED_EDGE('',*,*,#4095,.F.);
#3489=ORIENTED_EDGE('',*,*,#4096,.F.);
#3490=ORIENTED_EDGE('',*,*,#4097,.T.);
#3491=ORIENTED_EDGE('',*,*,#4098,.T.);
#3492=CARTESIAN_POINT('',(-0.018766140112567,0.175723668277384,-0.140646471027544));
#3493=DIRECTION('',(-0.999999999947585,1.02386147232611E-05,2.01025973645021E-10));
#3494=DIRECTION('',(-1.85673194071148E-06,-0.181326702610227,-0.983422913561127));
#3495=ORIENTED_EDGE('',*,*,#4099,.F.);
#3496=ORIENTED_EDGE('',*,*,#4100,.F.);
#3497=ORIENTED_EDGE('',*,*,#4101,.T.);
#3498=ORIENTED_EDGE('',*,*,#4102,.F.);
#3499=ORIENTED_EDGE('',*,*,#4103,.F.);
#3500=CARTESIAN_POINT('',(0.00173374005922226,0.164019949622249,-0.137756607184404));
#3501=DIRECTION('',(5.8068456902619E-06,0.567167669890956,-0.823602351985923));
#3502=DIRECTION('',(-0.707100818357582,0.582382047853808,0.401048105612833));
#3503=ORIENTED_EDGE('',*,*,#4104,.F.);
#3504=ORIENTED_EDGE('',*,*,#4105,.F.);
#3505=ORIENTED_EDGE('',*,*,#4106,.T.);
#3506=ORIENTED_EDGE('',*,*,#4107,.F.);
#3507=CARTESIAN_POINT('',(-0.018766215601561,0.168350488568801,-0.129939640451727));
#3508=DIRECTION('',(0.999999999947585,-1.02386147232611E-05,-2.01025945890043E-10));
#3509=DIRECTION('',(-1.00688518706073E-05,-0.983422913509579,0.181326702619743));
#3510=ORIENTED_EDGE('',*,*,#4108,.F.);
#3511=ORIENTED_EDGE('',*,*,#4109,.T.);
#3512=ORIENTED_EDGE('',*,*,#4110,.T.);
#3513=ORIENTED_EDGE('',*,*,#4111,.T.);
#3514=CARTESIAN_POINT('',(-0.0187661750994379,0.172306494079205,-0.139357148249818));
#3515=DIRECTION('',(0.999999999947585,-1.02386147232646E-05,-2.01025973644391E-10));
#3516=DIRECTION('',(4.49663582019165E-06,0.439201644062567,-0.898388510518984));
#3517=ORIENTED_EDGE('',*,*,#4112,.F.);
#3518=ORIENTED_EDGE('',*,*,#4113,.T.);
#3519=ORIENTED_EDGE('',*,*,#4114,.T.);
#3520=ORIENTED_EDGE('',*,*,#4115,.F.);
#3521=CARTESIAN_POINT('',(-0.0187662523912309,0.164757142986082,-0.123914924098552));
#3522=DIRECTION('',(0.999999999947585,-1.02386147232646E-05,-2.01025973644909E-10));
#3523=DIRECTION('',(4.49663582019146E-06,0.439201644062548,-0.898388510518993));
#3524=ORIENTED_EDGE('',*,*,#4116,.F.);
#3525=ORIENTED_EDGE('',*,*,#4117,.T.);
#3526=ORIENTED_EDGE('',*,*,#4118,.T.);
#3527=ORIENTED_EDGE('',*,*,#4119,.F.);
#3528=ORIENTED_EDGE('',*,*,#4120,.T.);
#3529=CARTESIAN_POINT('',(0.00589276675908135,0.186496940665399,-0.125435978539299));
#3530=DIRECTION('',(8.43266118244479E-06,0.823602351942758,0.567167669920675));
#3531=DIRECTION('',(-0.999999999947584,1.02387520157086E-05,1.65895656367757E-12));
#3532=ORIENTED_EDGE('',*,*,#4121,.F.);
#3533=ORIENTED_EDGE('',*,*,#4122,.F.);
#3534=ORIENTED_EDGE('',*,*,#4123,.F.);
#3535=ORIENTED_EDGE('',*,*,#4124,.F.);
#3536=CARTESIAN_POINT('',(0.00589277097541194,0.18690874184137,-0.125152394704338));
#3537=DIRECTION('',(8.43266118258357E-06,0.823602351942754,0.56716766992068));
#3538=DIRECTION('',(-0.999999999947584,1.02387520135015E-05,1.66240628414065E-12));
#3539=ORIENTED_EDGE('',*,*,#4125,.F.);
#3540=ORIENTED_EDGE('',*,*,#4122,.T.);
#3541=ORIENTED_EDGE('',*,*,#4126,.F.);
#3542=ORIENTED_EDGE('',*,*,#4127,.T.);
#3543=CARTESIAN_POINT('',(0.00589260232218828,0.170436694802515,-0.136495748102752));
#3544=DIRECTION('',(-8.43266118261132E-06,-0.823602351942753,-0.567167669920682));
#3545=DIRECTION('',(0.999999999947584,-1.02387520117438E-05,-1.66500768564614E-12));
#3546=ORIENTED_EDGE('',*,*,#4128,.F.);
#3547=ORIENTED_EDGE('',*,*,#4068,.F.);
#3548=ORIENTED_EDGE('',*,*,#4129,.T.);
#3549=ORIENTED_EDGE('',*,*,#4130,.F.);
#3550=CARTESIAN_POINT('',(-0.0187660479085087,0.184728995842967,-0.130802484262617));
#3551=DIRECTION('',(0.999999999947585,-1.02386147232611E-05,-2.01025945888863E-10));
#3552=DIRECTION('',(9.59346526818972E-06,0.936995458243461,-0.34934153938387));
#3553=ORIENTED_EDGE('',*,*,#4131,.F.);
#3554=ORIENTED_EDGE('',*,*,#4132,.F.);
#3555=ORIENTED_EDGE('',*,*,#4133,.F.);
#3556=ORIENTED_EDGE('',*,*,#4134,.F.);
#3557=ORIENTED_EDGE('',*,*,#4135,.F.);
#3558=CARTESIAN_POINT('',(-0.0187660885564285,0.18075882215373,-0.125037267798715));
#3559=DIRECTION('',(0.999999999947585,-1.0238614723268E-05,-2.01025973645426E-10));
#3560=DIRECTION('',(1.85673194071294E-06,0.181326702610247,0.983422913561123));
#3561=ORIENTED_EDGE('',*,*,#4136,.F.);
#3562=ORIENTED_EDGE('',*,*,#4137,.F.);
#3563=ORIENTED_EDGE('',*,*,#4138,.F.);
#3564=ORIENTED_EDGE('',*,*,#4096,.T.);
#3565=CARTESIAN_POINT('',(0.00993385988592876,0.175723374429141,-0.140646471033313));
#3566=DIRECTION('',(-0.999999999947585,1.02386147224381E-05,2.01021510248843E-10));
#3567=DIRECTION('',(-1.85673193617286E-06,-0.181326702610229,-0.983422913561126));
#3568=ORIENTED_EDGE('',*,*,#4139,.F.);
#3569=ORIENTED_EDGE('',*,*,#4140,.F.);
#3570=ORIENTED_EDGE('',*,*,#4141,.F.);
#3571=ORIENTED_EDGE('',*,*,#4142,.T.);
#3572=CARTESIAN_POINT('',(0.00993378439693478,0.168350194720558,-0.129939640457496));
#3573=DIRECTION('',(-0.999999999947585,1.02386147212821E-05,2.0102631078278E-10));
#3574=DIRECTION('',(-1.0068851868595E-05,-0.983422913509579,0.181326702619745));
#3575=ORIENTED_EDGE('',*,*,#4143,.F.);
#3576=ORIENTED_EDGE('',*,*,#4144,.T.);
#3577=ORIENTED_EDGE('',*,*,#4145,.F.);
#3578=ORIENTED_EDGE('',*,*,#4146,.F.);
#3579=ORIENTED_EDGE('',*,*,#4147,.T.);
#3580=ORIENTED_EDGE('',*,*,#4135,.T.);
#3581=CARTESIAN_POINT('',(0.00993391144206726,0.180758528305487,-0.125037267804485));
#3582=DIRECTION('',(-0.999999999947585,1.0238614723268E-05,2.01025973645111E-10));
#3583=DIRECTION('',(-1.24884153654922E-07,-0.012217000834607,0.999925369660452));
#3584=ORIENTED_EDGE('',*,*,#4148,.F.);
#3585=ORIENTED_EDGE('',*,*,#4145,.T.);
#3586=ORIENTED_EDGE('',*,*,#4149,.T.);
#3587=ORIENTED_EDGE('',*,*,#4150,.F.);
#3588=CARTESIAN_POINT('',(0.00993388565770097,0.178240007444176,-0.116090601811128));
#3589=DIRECTION('',(5.8068456903119E-06,0.567167669890954,-0.823602351985924));
#3590=DIRECTION('',(0.707112743941392,0.582367568266009,0.401048105328539));
#3591=ORIENTED_EDGE('',*,*,#4151,.F.);
#3592=ORIENTED_EDGE('',*,*,#4152,.T.);
#3593=ORIENTED_EDGE('',*,*,#4153,.T.);
#3594=ORIENTED_EDGE('',*,*,#4154,.T.);
#3595=CARTESIAN_POINT('',(0.00993393530225607,0.183089147012076,-0.135574086206856));
#3596=DIRECTION('',(-8.43266118255105E-06,-0.823602351942731,-0.567167669920715));
#3597=DIRECTION('',(0.70711088720945,0.40104086565579,-0.582374808232566));
#3598=ORIENTED_EDGE('',*,*,#4155,.F.);
#3599=ORIENTED_EDGE('',*,*,#4140,.T.);
#3600=ORIENTED_EDGE('',*,*,#4156,.T.);
#3601=ORIENTED_EDGE('',*,*,#4157,.T.);
#3602=CARTESIAN_POINT('',(0.00993387010901184,0.176721534055121,-0.124174779522727));
#3603=DIRECTION('',(8.43266118255105E-06,0.823602351942755,0.56716766992068));
#3604=DIRECTION('',(0.707102675089523,-0.401055345243566,0.582374807948288));
#3605=ORIENTED_EDGE('',*,*,#4158,.F.);
#3606=ORIENTED_EDGE('',*,*,#4137,.T.);
#3607=ORIENTED_EDGE('',*,*,#4159,.T.);
#3608=ORIENTED_EDGE('',*,*,#4160,.T.);
#3609=CARTESIAN_POINT('',(0.00993376402140143,0.166360070582854,-0.127049717410803));
#3610=DIRECTION('',(-5.80684569036484E-06,-0.567167669890956,0.823602351985923));
#3611=DIRECTION('',(0.707100818357583,-0.582382047853808,-0.401048105612833));
#3612=ORIENTED_EDGE('',*,*,#4161,.F.);
#3613=ORIENTED_EDGE('',*,*,#4060,.T.);
#3614=ORIENTED_EDGE('',*,*,#4162,.T.);
#3615=ORIENTED_EDGE('',*,*,#4163,.F.);
#3616=CARTESIAN_POINT('',(-0.00626637054963196,0.15321709496202,-0.148541880243207));
#3617=DIRECTION('',(9.761951367916E-06,0.953438624694839,0.301587116509837));
#3618=DIRECTION('',(0.70710896444252,0.213247055397527,-0.674182917144384));
#3619=ORIENTED_EDGE('',*,*,#4164,.F.);
#3620=ORIENTED_EDGE('',*,*,#4165,.F.);
#3621=ORIENTED_EDGE('',*,*,#4166,.F.);
#3622=ORIENTED_EDGE('',*,*,#4167,.T.);
#3623=ORIENTED_EDGE('',*,*,#4057,.F.);
#3624=CARTESIAN_POINT('',(-0.00626643084265579,0.147328076579495,-0.136769808479856));
#3625=DIRECTION('',(-9.76195136788952E-06,-0.953438624694839,-0.301587116509838));
#3626=DIRECTION('',(0.707104597856449,-0.213261534985328,0.674182916860084));
#3627=ORIENTED_EDGE('',*,*,#4164,.T.);
#3628=ORIENTED_EDGE('',*,*,#4056,.F.);
#3629=ORIENTED_EDGE('',*,*,#4168,.T.);
#3630=ORIENTED_EDGE('',*,*,#4169,.F.);
#3631=CARTESIAN_POINT('',(-0.00626643084265579,0.147328076579495,-0.136769808479856));
#3632=DIRECTION('',(-9.76195136788952E-06,-0.953438624694839,-0.301587116509838));
#3633=DIRECTION('',(0.707104597856449,-0.213261534985328,0.674182916860084));
#3634=ORIENTED_EDGE('',*,*,#4170,.T.);
#3635=ORIENTED_EDGE('',*,*,#4168,.F.);
#3636=ORIENTED_EDGE('',*,*,#4055,.F.);
#3637=ORIENTED_EDGE('',*,*,#4171,.F.);
#3638=ORIENTED_EDGE('',*,*,#4062,.F.);
#3639=ORIENTED_EDGE('',*,*,#4172,.F.);
#3640=ORIENTED_EDGE('',*,*,#4101,.F.);
#3641=ORIENTED_EDGE('',*,*,#4173,.F.);
#3642=ORIENTED_EDGE('',*,*,#4041,.F.);
#3643=ORIENTED_EDGE('',*,*,#4174,.F.);
#3644=CARTESIAN_POINT('',(-0.00426643271557247,0.147145217994084,-0.140763898320642));
#3645=DIRECTION('',(-0.999999999947585,1.02386147232611E-05,2.01025945889555E-10));
#3646=DIRECTION('',(9.31289828324794E-06,0.909577613900477,0.415534071051201));
#3647=ORIENTED_EDGE('',*,*,#4161,.T.);
#3648=ORIENTED_EDGE('',*,*,#4175,.F.);
#3649=ORIENTED_EDGE('',*,*,#4172,.T.);
#3650=ORIENTED_EDGE('',*,*,#4061,.T.);
#3651=CARTESIAN_POINT('',(-0.00626637054963196,0.15321709496202,-0.148541880243207));
#3652=DIRECTION('',(9.761951367916E-06,0.953438624694839,0.301587116509837));
#3653=DIRECTION('',(0.70710896444252,0.213247055397527,-0.674182917144384));
#3654=ORIENTED_EDGE('',*,*,#4176,.F.);
#3655=ORIENTED_EDGE('',*,*,#4177,.F.);
#3656=ORIENTED_EDGE('',*,*,#4162,.F.);
#3657=ORIENTED_EDGE('',*,*,#4051,.F.);
#3658=ORIENTED_EDGE('',*,*,#4178,.T.);
#3659=CARTESIAN_POINT('',(-0.0187663307593554,0.157103470943462,-0.149410271399247));
#3660=DIRECTION('',(3.08764262549333E-06,0.301587116494032,-0.953438624744814));
#3661=DIRECTION('',(9.7619513679259E-06,0.953438624694839,0.301587116509837));
#3662=ORIENTED_EDGE('',*,*,#4179,.F.);
#3663=ORIENTED_EDGE('',*,*,#4178,.F.);
#3664=ORIENTED_EDGE('',*,*,#4050,.F.);
#3665=ORIENTED_EDGE('',*,*,#4180,.F.);
#3666=ORIENTED_EDGE('',*,*,#4181,.T.);
#3667=ORIENTED_EDGE('',*,*,#4113,.F.);
#3668=ORIENTED_EDGE('',*,*,#4182,.F.);
#3669=ORIENTED_EDGE('',*,*,#4183,.F.);
#3670=ORIENTED_EDGE('',*,*,#4184,.F.);
#3671=ORIENTED_EDGE('',*,*,#4083,.F.);
#3672=ORIENTED_EDGE('',*,*,#4185,.T.);
#3673=ORIENTED_EDGE('',*,*,#4088,.F.);
#3674=ORIENTED_EDGE('',*,*,#4186,.F.);
#3675=ORIENTED_EDGE('',*,*,#4187,.F.);
#3676=ORIENTED_EDGE('',*,*,#4109,.F.);
#3677=ORIENTED_EDGE('',*,*,#4048,.F.);
#3678=ORIENTED_EDGE('',*,*,#4188,.F.);
#3679=CARTESIAN_POINT('',(-0.0187661994111331,0.169931346247063,-0.106881851888476));
#3680=DIRECTION('',(-0.999999999947585,1.0238614723268E-05,2.0102597364513E-10));
#3681=DIRECTION('',(9.31289828326577E-06,0.909577613900477,0.415534071051201));
#3682=ORIENTED_EDGE('',*,*,#4114,.F.);
#3683=ORIENTED_EDGE('',*,*,#4181,.F.);
#3684=ORIENTED_EDGE('',*,*,#4189,.F.);
#3685=ORIENTED_EDGE('',*,*,#4167,.F.);
#3686=CARTESIAN_POINT('',(-0.0187664235566195,0.148039718222515,-0.134447075481517));
#3687=DIRECTION('',(-3.08764262549333E-06,-0.301587116494033,0.953438624744814));
#3688=DIRECTION('',(0.999999999994795,-3.86557286868171E-08,3.2262009067966E-06));
#3689=ORIENTED_EDGE('',*,*,#4158,.T.);
#3690=ORIENTED_EDGE('',*,*,#4190,.T.);
#3691=ORIENTED_EDGE('',*,*,#4191,.T.);
#3692=ORIENTED_EDGE('',*,*,#4138,.T.);
#3693=CARTESIAN_POINT('',(0.00993376402140143,0.166360070582854,-0.127049717410803));
#3694=DIRECTION('',(-5.80684569036484E-06,-0.567167669890956,0.823602351985923));
#3695=DIRECTION('',(0.707100818357583,-0.582382047853808,-0.401048105612833));
#3696=ORIENTED_EDGE('',*,*,#4155,.T.);
#3697=ORIENTED_EDGE('',*,*,#4192,.T.);
#3698=ORIENTED_EDGE('',*,*,#4193,.T.);
#3699=ORIENTED_EDGE('',*,*,#4141,.T.);
#3700=CARTESIAN_POINT('',(0.00993387010901184,0.176721534055121,-0.124174779522727));
#3701=DIRECTION('',(8.43266118255105E-06,0.823602351942755,0.56716766992068));
#3702=DIRECTION('',(0.707102675089523,-0.401055345243566,0.582374807948288));
#3703=ORIENTED_EDGE('',*,*,#4151,.T.);
#3704=ORIENTED_EDGE('',*,*,#4194,.T.);
#3705=ORIENTED_EDGE('',*,*,#4195,.T.);
#3706=ORIENTED_EDGE('',*,*,#4196,.T.);
#3707=CARTESIAN_POINT('',(0.00993393530225607,0.183089147012076,-0.135574086206856));
#3708=DIRECTION('',(-8.43266118255105E-06,-0.823602351942731,-0.567167669920715));
#3709=DIRECTION('',(0.70711088720945,0.40104086565579,-0.582374808232566));
#3710=ORIENTED_EDGE('',*,*,#4197,.T.);
#3711=ORIENTED_EDGE('',*,*,#4150,.T.);
#3712=ORIENTED_EDGE('',*,*,#4198,.T.);
#3713=ORIENTED_EDGE('',*,*,#4152,.F.);
#3714=ORIENTED_EDGE('',*,*,#4196,.F.);
#3715=ORIENTED_EDGE('',*,*,#4199,.T.);
#3716=ORIENTED_EDGE('',*,*,#4130,.T.);
#3717=CARTESIAN_POINT('',(0.00993395208998706,0.184728701994724,-0.130802484268386));
#3718=DIRECTION('',(-0.999999999947585,1.0238614723268E-05,2.01025973645133E-10));
#3719=DIRECTION('',(-1.24884153654922E-07,-0.012217000834607,0.999925369660452));
#3720=ORIENTED_EDGE('',*,*,#4148,.T.);
#3721=ORIENTED_EDGE('',*,*,#4197,.F.);
#3722=ORIENTED_EDGE('',*,*,#4200,.T.);
#3723=ORIENTED_EDGE('',*,*,#4146,.T.);
#3724=CARTESIAN_POINT('',(0.00993388565770097,0.178240007444176,-0.116090601811128));
#3725=DIRECTION('',(5.8068456903119E-06,0.567167669890954,-0.823602351985924));
#3726=DIRECTION('',(0.707112743941392,0.582367568266009,0.401048105328539));
#3727=ORIENTED_EDGE('',*,*,#4143,.T.);
#3728=ORIENTED_EDGE('',*,*,#4134,.T.);
#3729=ORIENTED_EDGE('',*,*,#4192,.F.);
#3730=ORIENTED_EDGE('',*,*,#4157,.F.);
#3731=ORIENTED_EDGE('',*,*,#4201,.T.);
#3732=CARTESIAN_POINT('',(0.00993391144206726,0.180758528305487,-0.125037267804485));
#3733=DIRECTION('',(-0.999999999947585,1.0238614723268E-05,2.01025973645111E-10));
#3734=DIRECTION('',(-1.24884153654922E-07,-0.012217000834607,0.999925369660452));
#3735=ORIENTED_EDGE('',*,*,#4139,.T.);
#3736=ORIENTED_EDGE('',*,*,#4107,.T.);
#3737=ORIENTED_EDGE('',*,*,#4190,.F.);
#3738=ORIENTED_EDGE('',*,*,#4160,.F.);
#3739=CARTESIAN_POINT('',(0.00993378439693478,0.168350194720558,-0.129939640457496));
#3740=DIRECTION('',(-0.999999999947585,1.02386147212821E-05,2.0102631078278E-10));
#3741=DIRECTION('',(-1.0068851868595E-05,-0.983422913509579,0.181326702619745));
#3742=ORIENTED_EDGE('',*,*,#4136,.T.);
#3743=ORIENTED_EDGE('',*,*,#4202,.T.);
#3744=ORIENTED_EDGE('',*,*,#4194,.F.);
#3745=ORIENTED_EDGE('',*,*,#4154,.F.);
#3746=CARTESIAN_POINT('',(0.00993385988592876,0.175723374429141,-0.140646471033313));
#3747=DIRECTION('',(-0.999999999947585,1.02386147224381E-05,2.01021510248843E-10));
#3748=DIRECTION('',(-1.85673193617286E-06,-0.181326702610229,-0.983422913561126));
#3749=ORIENTED_EDGE('',*,*,#4131,.T.);
#3750=ORIENTED_EDGE('',*,*,#4147,.F.);
#3751=ORIENTED_EDGE('',*,*,#4203,.T.);
#3752=ORIENTED_EDGE('',*,*,#4070,.F.);
#3753=CARTESIAN_POINT('',(-0.0187660885564285,0.18075882215373,-0.125037267798715));
#3754=DIRECTION('',(0.999999999947585,-1.0238614723268E-05,-2.01025973645426E-10));
#3755=DIRECTION('',(1.85673194071294E-06,0.181326702610247,0.983422913561123));
#3756=ORIENTED_EDGE('',*,*,#4200,.F.);
#3757=ORIENTED_EDGE('',*,*,#4129,.F.);
#3758=ORIENTED_EDGE('',*,*,#4204,.F.);
#3759=ORIENTED_EDGE('',*,*,#4205,.F.);
#3760=ORIENTED_EDGE('',*,*,#4118,.F.);
#3761=ORIENTED_EDGE('',*,*,#4206,.F.);
#3762=ORIENTED_EDGE('',*,*,#4203,.F.);
#3763=CARTESIAN_POINT('',(-0.0187660260691627,0.186861920758062,-0.125084037681063));
#3764=DIRECTION('',(8.43266118258357E-06,0.823602351942755,0.56716766992068));
#3765=DIRECTION('',(-5.80684569254086E-06,-0.567167669890954,0.823602351985925));
#3766=ORIENTED_EDGE('',*,*,#4128,.T.);
#3767=ORIENTED_EDGE('',*,*,#4199,.F.);
#3768=ORIENTED_EDGE('',*,*,#4207,.T.);
#3769=ORIENTED_EDGE('',*,*,#4208,.F.);
#3770=CARTESIAN_POINT('',(-0.0187660479085087,0.184728995842967,-0.130802484262617));
#3771=DIRECTION('',(0.999999999947585,-1.02386147232611E-05,-2.01025945888863E-10));
#3772=DIRECTION('',(9.59346526818972E-06,0.936995458243461,-0.34934153938387));
#3773=ORIENTED_EDGE('',*,*,#4195,.F.);
#3774=ORIENTED_EDGE('',*,*,#4209,.F.);
#3775=ORIENTED_EDGE('',*,*,#4210,.F.);
#3776=ORIENTED_EDGE('',*,*,#4110,.F.);
#3777=ORIENTED_EDGE('',*,*,#4187,.T.);
#3778=ORIENTED_EDGE('',*,*,#4211,.F.);
#3779=ORIENTED_EDGE('',*,*,#4212,.F.);
#3780=ORIENTED_EDGE('',*,*,#4207,.F.);
#3781=CARTESIAN_POINT('',(-0.0187660989247714,0.179746451435547,-0.140304567498672));
#3782=DIRECTION('',(5.80684569034817E-06,0.567167669890989,-0.8236023519859));
#3783=DIRECTION('',(8.43266118238928E-06,0.82360235194273,0.567167669920715));
#3784=ORIENTED_EDGE('',*,*,#4159,.F.);
#3785=ORIENTED_EDGE('',*,*,#4153,.F.);
#3786=ORIENTED_EDGE('',*,*,#4198,.F.);
#3787=ORIENTED_EDGE('',*,*,#4149,.F.);
#3788=ORIENTED_EDGE('',*,*,#4144,.F.);
#3789=ORIENTED_EDGE('',*,*,#4201,.F.);
#3790=ORIENTED_EDGE('',*,*,#4156,.F.);
#3791=CARTESIAN_POINT('',(0.0119338005872579,0.169931031921591,-0.106881851894647));
#3792=DIRECTION('',(-0.999999999947585,1.0238614723268E-05,2.0102597364513E-10));
#3793=DIRECTION('',(9.31289828326577E-06,0.909577613900477,0.415534071051201));
#3794=ORIENTED_EDGE('',*,*,#4125,.T.);
#3795=ORIENTED_EDGE('',*,*,#4213,.T.);
#3796=ORIENTED_EDGE('',*,*,#4126,.T.);
#3797=ORIENTED_EDGE('',*,*,#4214,.T.);
#3798=CARTESIAN_POINT('',(0.00589260232218828,0.170436694802515,-0.136495748102752));
#3799=DIRECTION('',(-8.43266118261132E-06,-0.823602351942753,-0.567167669920682));
#3800=DIRECTION('',(0.999999999947584,-1.02387520117438E-05,-1.66500768564614E-12));
#3801=ORIENTED_EDGE('',*,*,#4121,.T.);
#3802=ORIENTED_EDGE('',*,*,#4120,.F.);
#3803=ORIENTED_EDGE('',*,*,#4123,.T.);
#3804=ORIENTED_EDGE('',*,*,#4214,.F.);
#3805=CARTESIAN_POINT('',(0.00589277097541194,0.18690874184137,-0.125152394704338));
#3806=DIRECTION('',(8.43266118258357E-06,0.823602351942754,0.56716766992068));
#3807=DIRECTION('',(-0.999999999947584,1.02387520135015E-05,1.66240628414065E-12));
#3808=ORIENTED_EDGE('',*,*,#4191,.F.);
#3809=ORIENTED_EDGE('',*,*,#4106,.F.);
#3810=ORIENTED_EDGE('',*,*,#4215,.F.);
#3811=ORIENTED_EDGE('',*,*,#4097,.F.);
#3812=ORIENTED_EDGE('',*,*,#4127,.F.);
#3813=ORIENTED_EDGE('',*,*,#4213,.F.);
#3814=CARTESIAN_POINT('',(-0.0187661681498276,0.172985275258732,-0.140196256841363));
#3815=DIRECTION('',(-8.43266118261132E-06,-0.823602351942753,-0.567167669920682));
#3816=DIRECTION('',(5.80684569032041E-06,0.567167669890956,-0.823602351985923));
#3817=ORIENTED_EDGE('',*,*,#4116,.T.);
#3818=ORIENTED_EDGE('',*,*,#4124,.T.);
#3819=ORIENTED_EDGE('',*,*,#4119,.T.);
#3820=ORIENTED_EDGE('',*,*,#4205,.T.);
#3821=ORIENTED_EDGE('',*,*,#4216,.T.);
#3822=CARTESIAN_POINT('',(0.00589276675908135,0.186496940665399,-0.125435978539299));
#3823=DIRECTION('',(8.43266118244479E-06,0.823602351942758,0.567167669920675));
#3824=DIRECTION('',(-0.999999999947584,1.02387520157086E-05,1.65895656367757E-12));
#3825=ORIENTED_EDGE('',*,*,#4217,.T.);
#3826=ORIENTED_EDGE('',*,*,#4218,.T.);
#3827=ORIENTED_EDGE('',*,*,#4219,.T.);
#3828=ORIENTED_EDGE('',*,*,#4115,.T.);
#3829=ORIENTED_EDGE('',*,*,#4166,.T.);
#3830=ORIENTED_EDGE('',*,*,#4220,.F.);
#3831=ORIENTED_EDGE('',*,*,#4221,.T.);
#3832=ORIENTED_EDGE('',*,*,#4217,.F.);
#3833=ORIENTED_EDGE('',*,*,#4165,.T.);
#3834=ORIENTED_EDGE('',*,*,#4169,.T.);
#3835=ORIENTED_EDGE('',*,*,#4170,.F.);
#3836=ORIENTED_EDGE('',*,*,#4112,.T.);
#3837=ORIENTED_EDGE('',*,*,#4219,.F.);
#3838=ORIENTED_EDGE('',*,*,#4222,.T.);
#3839=ORIENTED_EDGE('',*,*,#4182,.T.);
#3840=CARTESIAN_POINT('',(-0.0187662523912309,0.164757142986082,-0.123914924098552));
#3841=DIRECTION('',(0.999999999947585,-1.02386147232646E-05,-2.01025973644909E-10));
#3842=DIRECTION('',(4.49663582019146E-06,0.439201644062548,-0.898388510518993));
#3843=ORIENTED_EDGE('',*,*,#4220,.T.);
#3844=ORIENTED_EDGE('',*,*,#4173,.T.);
#3845=ORIENTED_EDGE('',*,*,#4223,.T.);
#3846=ORIENTED_EDGE('',*,*,#4108,.T.);
#3847=ORIENTED_EDGE('',*,*,#4224,.T.);
#3848=ORIENTED_EDGE('',*,*,#4225,.T.);
#3849=ORIENTED_EDGE('',*,*,#4176,.T.);
#3850=ORIENTED_EDGE('',*,*,#4179,.T.);
#3851=CARTESIAN_POINT('',(-0.0187661750994379,0.172306494079205,-0.139357148249818));
#3852=DIRECTION('',(0.999999999947585,-1.02386147232646E-05,-2.01025973644391E-10));
#3853=DIRECTION('',(4.49663582019165E-06,0.439201644062567,-0.898388510518984));
#3854=ORIENTED_EDGE('',*,*,#4225,.F.);
#3855=ORIENTED_EDGE('',*,*,#4226,.T.);
#3856=ORIENTED_EDGE('',*,*,#4102,.T.);
#3857=ORIENTED_EDGE('',*,*,#4175,.T.);
#3858=ORIENTED_EDGE('',*,*,#4163,.T.);
#3859=ORIENTED_EDGE('',*,*,#4177,.T.);
#3860=ORIENTED_EDGE('',*,*,#4221,.F.);
#3861=ORIENTED_EDGE('',*,*,#4223,.F.);
#3862=ORIENTED_EDGE('',*,*,#4100,.T.);
#3863=ORIENTED_EDGE('',*,*,#4227,.T.);
#3864=ORIENTED_EDGE('',*,*,#4105,.T.);
#3865=ORIENTED_EDGE('',*,*,#4228,.T.);
#3866=ORIENTED_EDGE('',*,*,#4229,.T.);
#3867=CARTESIAN_POINT('',(0.00173371693607504,0.161761459861657,-0.134476981815213));
#3868=DIRECTION('',(-5.80684569032042E-06,-0.567167669890954,0.823602351985924));
#3869=DIRECTION('',(0.999999999975551,-8.46688497843192E-08,6.99223872060087E-06));
#3870=ORIENTED_EDGE('',*,*,#4104,.T.);
#3871=ORIENTED_EDGE('',*,*,#4142,.F.);
#3872=ORIENTED_EDGE('',*,*,#4230,.T.);
#3873=ORIENTED_EDGE('',*,*,#4228,.F.);
#3874=CARTESIAN_POINT('',(-0.018766215601561,0.168350488568801,-0.129939640451727));
#3875=DIRECTION('',(0.999999999947585,-1.02386147232611E-05,-2.01025945890043E-10));
#3876=DIRECTION('',(-1.00688518706073E-05,-0.983422913509579,0.181326702619743));
#3877=ORIENTED_EDGE('',*,*,#4099,.T.);
#3878=ORIENTED_EDGE('',*,*,#4231,.F.);
#3879=ORIENTED_EDGE('',*,*,#4215,.T.);
#3880=ORIENTED_EDGE('',*,*,#4227,.F.);
#3881=CARTESIAN_POINT('',(0.00173374005922226,0.164019949622249,-0.137756607184404));
#3882=DIRECTION('',(5.8068456902619E-06,0.567167669890956,-0.823602351985923));
#3883=DIRECTION('',(-0.707100818357582,0.582382047853808,0.401048105612833));
#3884=ORIENTED_EDGE('',*,*,#4095,.T.);
#3885=ORIENTED_EDGE('',*,*,#4232,.T.);
#3886=ORIENTED_EDGE('',*,*,#4209,.T.);
#3887=ORIENTED_EDGE('',*,*,#4202,.F.);
#3888=CARTESIAN_POINT('',(-0.018766140112567,0.175723668277384,-0.140646471027544));
#3889=DIRECTION('',(-0.999999999947585,1.02386147232611E-05,2.01025973645021E-10));
#3890=DIRECTION('',(-1.85673194071148E-06,-0.181326702610227,-0.983422913561127));
#3891=ORIENTED_EDGE('',*,*,#4111,.F.);
#3892=ORIENTED_EDGE('',*,*,#4210,.T.);
#3893=ORIENTED_EDGE('',*,*,#4232,.F.);
#3894=ORIENTED_EDGE('',*,*,#4098,.F.);
#3895=ORIENTED_EDGE('',*,*,#4231,.T.);
#3896=ORIENTED_EDGE('',*,*,#4103,.T.);
#3897=ORIENTED_EDGE('',*,*,#4226,.F.);
#3898=ORIENTED_EDGE('',*,*,#4224,.F.);
#3899=CARTESIAN_POINT('',(0.00173379242506901,0.16913463957024,-0.14518381239103));
#3900=DIRECTION('',(-5.80684569034817E-06,-0.567167669890989,0.8236023519859));
#3901=DIRECTION('',(0.999999999975551,-8.4668849800154E-08,6.99223872062386E-06));
#3902=ORIENTED_EDGE('',*,*,#4193,.F.);
#3903=ORIENTED_EDGE('',*,*,#4133,.T.);
#3904=ORIENTED_EDGE('',*,*,#4078,.F.);
#3905=ORIENTED_EDGE('',*,*,#4233,.F.);
#3906=ORIENTED_EDGE('',*,*,#4183,.T.);
#3907=ORIENTED_EDGE('',*,*,#4222,.F.);
#3908=ORIENTED_EDGE('',*,*,#4218,.F.);
#3909=ORIENTED_EDGE('',*,*,#4229,.F.);
#3910=ORIENTED_EDGE('',*,*,#4230,.F.);
#3911=CARTESIAN_POINT('',(-0.0187661770496486,0.172115734550657,-0.124918375298285));
#3912=DIRECTION('',(-5.80684569032042E-06,-0.567167669890954,0.823602351985924));
#3913=DIRECTION('',(0.999999999975551,-8.46688497843192E-08,6.99223872060087E-06));
#3914=ORIENTED_EDGE('',*,*,#4091,.T.);
#3915=ORIENTED_EDGE('',*,*,#4234,.T.);
#3916=ORIENTED_EDGE('',*,*,#4235,.T.);
#3917=ORIENTED_EDGE('',*,*,#4236,.T.);
#3918=CARTESIAN_POINT('',(-0.00801840661603394,0.185562298518764,-0.126282481693581));
#3919=DIRECTION('',(-5.80684569253007E-06,-0.567167669890954,0.823602351985924));
#3920=DIRECTION('',(0.382675641581961,-0.760913274036293,-0.523994601818762));
#3921=ORIENTED_EDGE('',*,*,#4236,.F.);
#3922=ORIENTED_EDGE('',*,*,#4085,.T.);
#3923=ORIENTED_EDGE('',*,*,#4237,.T.);
#3924=ORIENTED_EDGE('',*,*,#4238,.T.);
#3925=ORIENTED_EDGE('',*,*,#4090,.T.);
#3926=ORIENTED_EDGE('',*,*,#4092,.F.);
#3927=ORIENTED_EDGE('',*,*,#4094,.F.);
#3928=ORIENTED_EDGE('',*,*,#4081,.T.);
#3929=ORIENTED_EDGE('',*,*,#4239,.T.);
#3930=ORIENTED_EDGE('',*,*,#4077,.T.);
#3931=ORIENTED_EDGE('',*,*,#4240,.T.);
#3932=ORIENTED_EDGE('',*,*,#4234,.F.);
#3933=ORIENTED_EDGE('',*,*,#4087,.T.);
#3934=ORIENTED_EDGE('',*,*,#4238,.F.);
#3935=ORIENTED_EDGE('',*,*,#4211,.T.);
#3936=ORIENTED_EDGE('',*,*,#4186,.T.);
#3937=CARTESIAN_POINT('',(-0.0125561048292972,0.179169616385556,-0.13463086603583));
#3938=DIRECTION('',(0.999999999947585,-1.02386147232611E-05,-2.0102594588938E-10));
#3939=DIRECTION('',(1.00688518706074E-05,0.983422913509582,-0.181326702619727));
#3940=ORIENTED_EDGE('',*,*,#4084,.T.);
#3941=ORIENTED_EDGE('',*,*,#4064,.T.);
#3942=ORIENTED_EDGE('',*,*,#4241,.T.);
#3943=ORIENTED_EDGE('',*,*,#4212,.T.);
#3944=ORIENTED_EDGE('',*,*,#4237,.F.);
#3945=CARTESIAN_POINT('',(-0.00589946512378307,0.17750330874478,-0.135778309538853));
#3946=DIRECTION('',(0.707112743941392,0.582367568265993,0.401048105328563));
#3947=DIRECTION('',(-0.499991677583227,0.812854400728419,-0.298790973029565));
#3948=ORIENTED_EDGE('',*,*,#4235,.F.);
#3949=ORIENTED_EDGE('',*,*,#4242,.F.);
#3950=ORIENTED_EDGE('',*,*,#4075,.F.);
#3951=ORIENTED_EDGE('',*,*,#4086,.F.);
#3952=CARTESIAN_POINT('',(-0.00264170192612235,0.184308564505943,-0.127449362986116));
#3953=DIRECTION('',(-0.707100818357578,0.582382047853814,0.401048105612832));
#3954=DIRECTION('',(0.486652229507736,-0.0106727201473471,0.873530595090868));
#3955=ORIENTED_EDGE('',*,*,#4093,.F.);
#3956=ORIENTED_EDGE('',*,*,#4089,.F.);
#3957=ORIENTED_EDGE('',*,*,#4185,.F.);
#3958=ORIENTED_EDGE('',*,*,#4082,.F.);
#3959=CARTESIAN_POINT('',(-0.00634608299027665,0.181302477718854,-0.128912419455524));
#3960=DIRECTION('',(8.43266118258357E-06,0.823602351942755,0.56716766992068));
#3961=DIRECTION('',(-5.8068456925131E-06,-0.567167669890954,0.823602351985925));
#3962=ORIENTED_EDGE('',*,*,#4080,.T.);
#3963=ORIENTED_EDGE('',*,*,#4184,.T.);
#3964=ORIENTED_EDGE('',*,*,#4233,.T.);
#3965=ORIENTED_EDGE('',*,*,#4239,.F.);
#3966=CARTESIAN_POINT('',(-0.012556145477217,0.175199442696319,-0.128865649571928));
#3967=DIRECTION('',(-0.999999999947585,1.0238614723268E-05,2.01025973645167E-10));
#3968=DIRECTION('',(1.85673194071287E-06,0.18132670261024,0.983422913561124));
#3969=ORIENTED_EDGE('',*,*,#4076,.T.);
#3970=ORIENTED_EDGE('',*,*,#4243,.T.);
#3971=ORIENTED_EDGE('',*,*,#4073,.T.);
#3972=ORIENTED_EDGE('',*,*,#4242,.T.);
#3973=ORIENTED_EDGE('',*,*,#4240,.F.);
#3974=CARTESIAN_POINT('',(-0.00528903202256468,0.174035912181004,-0.129666855020917));
#3975=DIRECTION('',(0.707112743941392,0.582367568266009,0.401048105328539));
#3976=DIRECTION('',(-0.499999889703166,0.0107581898290743,0.86595864315129));
#3977=ORIENTED_EDGE('',*,*,#4074,.T.);
#3978=ORIENTED_EDGE('',*,*,#4071,.T.);
#3979=ORIENTED_EDGE('',*,*,#4206,.T.);
#3980=ORIENTED_EDGE('',*,*,#4117,.F.);
#3981=ORIENTED_EDGE('',*,*,#4216,.F.);
#3982=ORIENTED_EDGE('',*,*,#4204,.T.);
#3983=ORIENTED_EDGE('',*,*,#4067,.T.);
#3984=CARTESIAN_POINT('',(0.00287370160097733,0.18288547935457,-0.128125776623013));
#3985=DIRECTION('',(-5.80684569249619E-06,-0.567167669890954,0.823602351985925));
#3986=DIRECTION('',(-0.382675641581961,0.760913274036293,0.523994601818762));
#3987=ORIENTED_EDGE('',*,*,#4069,.T.);
#3988=ORIENTED_EDGE('',*,*,#4243,.F.);
#3989=ORIENTED_EDGE('',*,*,#4079,.F.);
#3990=ORIENTED_EDGE('',*,*,#4132,.T.);
#3991=CARTESIAN_POINT('',(0.00287367982530597,0.180758600592479,-0.125037267803065));
#3992=DIRECTION('',(-0.999999999947585,1.0238614722319E-05,2.01020826443117E-10));
#3993=DIRECTION('',(1.85673193547897E-06,0.181326702610247,0.983422913561123));
#3994=ORIENTED_EDGE('',*,*,#4063,.T.);
#3995=ORIENTED_EDGE('',*,*,#4208,.T.);
#3996=ORIENTED_EDGE('',*,*,#4241,.F.);
#3997=CARTESIAN_POINT('',(0.00287372047322584,0.184728774281716,-0.130802484266967));
#3998=DIRECTION('',(0.999999999947585,-1.023861472387E-05,-2.01025718884449E-10));
#3999=DIRECTION('',(9.59346526883953E-06,0.936995458243461,-0.349341539383871));
#4000=ORIENTED_EDGE('',*,*,#4059,.T.);
#4001=ORIENTED_EDGE('',*,*,#4171,.T.);
#4002=ORIENTED_EDGE('',*,*,#4054,.T.);
#4003=ORIENTED_EDGE('',*,*,#4244,.T.);
#4004=ORIENTED_EDGE('',*,*,#4053,.T.);
#4005=CARTESIAN_POINT('',(-0.00626661334899678,0.129503024852695,-0.149225571914527));
#4006=DIRECTION('',(0.999999999947585,-1.02386147232611E-05,-2.01025945889563E-10));
#4007=DIRECTION('',(1.24884153682591E-07,0.012217000834607,-0.999925369660452));
#4008=ORIENTED_EDGE('',*,*,#4049,.T.);
#4009=ORIENTED_EDGE('',*,*,#4244,.F.);
#4010=ORIENTED_EDGE('',*,*,#4058,.F.);
#4011=ORIENTED_EDGE('',*,*,#4189,.T.);
#4012=ORIENTED_EDGE('',*,*,#4180,.T.);
#4013=CARTESIAN_POINT('',(-0.00276661334918019,0.129502989017543,-0.14922557191523));
#4014=DIRECTION('',(-0.999999999947585,1.0238614723268E-05,2.01025973644391E-10));
#4015=DIRECTION('',(9.31289828326577E-06,0.909577613900477,0.415534071051201));
#4016=ORIENTED_EDGE('',*,*,#4046,.T.);
#4017=ORIENTED_EDGE('',*,*,#4188,.T.);
#4018=ORIENTED_EDGE('',*,*,#4047,.T.);
#4019=ORIENTED_EDGE('',*,*,#4245,.T.);
#4020=CARTESIAN_POINT('',(-0.0187666133483416,0.129503152835379,-0.149225571912014));
#4021=DIRECTION('',(-0.999999999947585,1.0238614723268E-05,2.01025973644724E-10));
#4022=DIRECTION('',(3.57696178900898E-06,0.349341539365545,0.936995458292577));
#4023=ORIENTED_EDGE('',*,*,#4042,.T.);
#4024=ORIENTED_EDGE('',*,*,#4039,.F.);
#4025=ORIENTED_EDGE('',*,*,#4044,.T.);
#4026=ORIENTED_EDGE('',*,*,#4245,.F.);
#4027=CARTESIAN_POINT('',(0.0118333866500545,0.129502839533768,-0.149225571918165));
#4028=DIRECTION('',(0.999999999947585,-1.02386147231431E-05,-2.01026056911559E-10));
#4029=DIRECTION('',(-3.57696178904341E-06,-0.34934153936555,-0.936995458292575));
#4030=ORIENTED_EDGE('',*,*,#4038,.T.);
#4031=ORIENTED_EDGE('',*,*,#4174,.T.);
#4032=ORIENTED_EDGE('',*,*,#4040,.T.);
#4033=ORIENTED_EDGE('',*,*,#4045,.T.);
#4034=CARTESIAN_POINT('',(-0.00426661334910163,0.129503004375465,-0.149225571914929));
#4035=DIRECTION('',(0.999999999947585,-1.0238614723268E-05,-2.01025973645317E-10));
#4036=DIRECTION('',(3.57696178900907E-06,0.349341539365554,0.936995458292574));
#4037=COLOUR_RGB('',0.560784339904785,0.686274528503418,0.686274528503418);
#4038=EDGE_CURVE('',#4246,#4247,#4248,.T.);
#4039=EDGE_CURVE('0:967',#4246,#4249,#4250,.T.);
#4040=EDGE_CURVE('',#4251,#4249,#4252,.T.);
#4041=EDGE_CURVE('0:664',#4251,#4247,#4253,.F.);
#4042=EDGE_CURVE('',#4254,#4249,#4255,.T.);
#4043=EDGE_CURVE('0:964',#4256,#4254,#4257,.T.);
#4044=EDGE_CURVE('',#4246,#4256,#4258,.T.);
#4045=EDGE_CURVE('0:967',#4249,#4246,#4259,.T.);
#4046=EDGE_CURVE('',#4256,#4260,#4261,.T.);
#4047=EDGE_CURVE('',#4262,#4254,#4263,.T.);
#4048=EDGE_CURVE('0:715',#4262,#4260,#4264,.T.);
#4049=EDGE_CURVE('',#4265,#4266,#4267,.T.);
#4050=EDGE_CURVE('0:691',#4265,#4268,#4269,.T.);
#4051=EDGE_CURVE('0:682',#4268,#4270,#4271,.F.);
#4052=EDGE_CURVE('0:961',#4272,#4270,#4273,.T.);
#4053=EDGE_CURVE('0:961',#4266,#4272,#4274,.T.);
#4054=EDGE_CURVE('',#4275,#4276,#4277,.T.);
#4055=EDGE_CURVE('0:652',#4275,#4278,#4279,.T.);
#4056=EDGE_CURVE('0:643',#4278,#4280,#4281,.T.);
#4057=EDGE_CURVE('0:643',#4280,#4282,#4283,.T.);
#4058=EDGE_CURVE('0:961',#4282,#4276,#4284,.T.);
#4059=EDGE_CURVE('',#4272,#4285,#4286,.T.);
#4060=EDGE_CURVE('0:667',#4287,#4270,#4288,.T.);
#4061=EDGE_CURVE('0:667',#4289,#4287,#4290,.T.);
#4062=EDGE_CURVE('0:652',#4289,#4285,#4291,.T.);
#4063=EDGE_CURVE('',#4292,#4293,#4294,.T.);
#4064=EDGE_CURVE('0:940',#4295,#4292,#4296,.T.);
#4065=EDGE_CURVE('0:940',#4297,#4295,#4298,.T.);
#4066=EDGE_CURVE('0:955',#4299,#4297,#4300,.T.);
#4067=EDGE_CURVE('0:955',#4301,#4299,#4302,.T.);
#4068=EDGE_CURVE('0:814',#4301,#4293,#4303,.T.);
#4069=EDGE_CURVE('',#4304,#4305,#4306,.T.);
#4070=EDGE_CURVE('0:793',#4304,#4307,#4308,.T.);
#4071=EDGE_CURVE('0:958',#4309,#4307,#4310,.T.);
#4072=EDGE_CURVE('0:958',#4311,#4309,#4312,.T.);
#4073=EDGE_CURVE('0:952',#4305,#4311,#4313,.T.);
#4074=EDGE_CURVE('',#4299,#4309,#4314,.T.);
#4075=EDGE_CURVE('0:946',#4297,#4311,#4315,.T.);
#4076=EDGE_CURVE('',#4316,#4317,#4318,.T.);
#4077=EDGE_CURVE('0:931',#4319,#4316,#4320,.T.);
#4078=EDGE_CURVE('0:904',#4319,#4321,#4322,.T.);
#4079=EDGE_CURVE('0:952',#4321,#4317,#4323,.T.);
#4080=EDGE_CURVE('',#4324,#4325,#4326,.T.);
#4081=EDGE_CURVE('0:928',#4327,#4324,#4328,.T.);
#4082=EDGE_CURVE('0:949',#4327,#4329,#4330,.T.);
#4083=EDGE_CURVE('0:703',#4329,#4325,#4331,.F.);
#4084=EDGE_CURVE('',#4332,#4295,#4333,.T.);
#4085=EDGE_CURVE('0:922',#4334,#4332,#4335,.T.);
#4086=EDGE_CURVE('0:937',#4334,#4297,#4336,.T.);
#4087=EDGE_CURVE('',#4337,#4338,#4339,.T.);
#4088=EDGE_CURVE('0:709',#4337,#4340,#4341,.F.);
#4089=EDGE_CURVE('0:934',#4340,#4342,#4343,.T.);
#4090=EDGE_CURVE('0:925',#4338,#4342,#4344,.T.);
#4091=EDGE_CURVE('',#4345,#4346,#4347,.T.);
#4092=EDGE_CURVE('0:910',#4345,#4342,#4348,.T.);
#4093=EDGE_CURVE('0:913',#4342,#4327,#4349,.T.);
#4094=EDGE_CURVE('0:916',#4327,#4346,#4350,.T.);
#4095=EDGE_CURVE('',#4351,#4352,#4353,.T.);
#4096=EDGE_CURVE('0:787',#4354,#4351,#4355,.T.);
#4097=EDGE_CURVE('0:847',#4354,#4356,#4357,.T.);
#4098=EDGE_CURVE('0:901',#4356,#4352,#4358,.T.);
#4099=EDGE_CURVE('',#4359,#4360,#4361,.T.);
#4100=EDGE_CURVE('0:886',#4362,#4359,#4363,.T.);
#4101=EDGE_CURVE('0:658',#4362,#4364,#4365,.T.);
#4102=EDGE_CURVE('0:883',#4366,#4364,#4367,.T.);
#4103=EDGE_CURVE('0:898',#4360,#4366,#4368,.T.);
#4104=EDGE_CURVE('',#4369,#4370,#4371,.T.);
#4105=EDGE_CURVE('0:889',#4372,#4369,#4373,.T.);
#4106=EDGE_CURVE('0:841',#4372,#4374,#4375,.T.);
#4107=EDGE_CURVE('0:784',#4370,#4374,#4376,.T.);
#4108=EDGE_CURVE('',#4377,#4378,#4379,.T.);
#4109=EDGE_CURVE('0:688',#4377,#4380,#4381,.T.);
#4110=EDGE_CURVE('0:823',#4380,#4382,#4383,.T.);
#4111=EDGE_CURVE('0:874',#4382,#4378,#4384,.T.);
#4112=EDGE_CURVE('',#4385,#4386,#4387,.T.);
#4113=EDGE_CURVE('0:697',#4385,#4388,#4389,.T.);
#4114=EDGE_CURVE('0:718',#4388,#4390,#4391,.T.);
#4115=EDGE_CURVE('0:859',#4386,#4390,#4392,.T.);
#4116=EDGE_CURVE('',#4393,#4394,#4395,.T.);
#4117=EDGE_CURVE('0:850',#4393,#4396,#4397,.T.);
#4118=EDGE_CURVE('0:805',#4396,#4398,#4399,.T.);
#4119=EDGE_CURVE('',#4400,#4398,#4401,.T.);
#4120=EDGE_CURVE('0:838',#4400,#4394,#4402,.T.);
#4121=EDGE_CURVE('',#4403,#4394,#4404,.T.);
#4122=EDGE_CURVE('0:835',#4405,#4403,#4406,.T.);
#4123=EDGE_CURVE('',#4400,#4405,#4407,.T.);
#4124=EDGE_CURVE('0:838',#4394,#4400,#4408,.T.);
#4125=EDGE_CURVE('',#4405,#4409,#4410,.T.);
#4126=EDGE_CURVE('',#4411,#4403,#4412,.T.);
#4127=EDGE_CURVE('0:832',#4411,#4409,#4413,.T.);
#4128=EDGE_CURVE('',#4293,#4414,#4415,.T.);
#4129=EDGE_CURVE('0:799',#4301,#4416,#4417,.T.);
#4130=EDGE_CURVE('0:766',#4414,#4416,#4418,.T.);
#4131=EDGE_CURVE('',#4304,#4419,#4420,.T.);
#4132=EDGE_CURVE('0:793',#4321,#4304,#4421,.T.);
#4133=EDGE_CURVE('0:796',#4422,#4321,#4423,.F.);
#4134=EDGE_CURVE('0:778',#4424,#4422,#4425,.T.);
#4135=EDGE_CURVE('0:778',#4419,#4424,#4426,.T.);
#4136=EDGE_CURVE('',#4427,#4351,#4428,.T.);
#4137=EDGE_CURVE('0:724',#4429,#4427,#4430,.T.);
#4138=EDGE_CURVE('0:724',#4354,#4429,#4431,.T.);
#4139=EDGE_CURVE('',#4432,#4370,#4433,.T.);
#4140=EDGE_CURVE('0:736',#4434,#4432,#4435,.T.);
#4141=EDGE_CURVE('0:736',#4436,#4434,#4437,.T.);
#4142=EDGE_CURVE('0:784',#4436,#4370,#4438,.T.);
#4143=EDGE_CURVE('',#4439,#4424,#4440,.T.);
#4144=EDGE_CURVE('0:781',#4439,#4441,#4442,.T.);
#4145=EDGE_CURVE('0:769',#4443,#4441,#4444,.T.);
#4146=EDGE_CURVE('0:769',#4445,#4443,#4446,.T.);
#4147=EDGE_CURVE('0:778',#4445,#4419,#4447,.T.);
#4148=EDGE_CURVE('',#4443,#4448,#4449,.T.);
#4149=EDGE_CURVE('0:772',#4441,#4450,#4451,.T.);
#4150=EDGE_CURVE('0:760',#4448,#4450,#4452,.T.);
#4151=EDGE_CURVE('',#4453,#4454,#4455,.T.);
#4152=EDGE_CURVE('0:748',#4453,#4456,#4457,.T.);
#4153=EDGE_CURVE('0:751',#4456,#4427,#4458,.T.);
#4154=EDGE_CURVE('0:754',#4427,#4454,#4459,.T.);
#4155=EDGE_CURVE('',#4434,#4460,#4461,.T.);
#4156=EDGE_CURVE('0:739',#4432,#4462,#4463,.T.);
#4157=EDGE_CURVE('0:742',#4462,#4460,#4464,.T.);
#4158=EDGE_CURVE('',#4429,#4465,#4466,.T.);
#4159=EDGE_CURVE('0:727',#4427,#4432,#4467,.T.);
#4160=EDGE_CURVE('0:730',#4432,#4465,#4468,.T.);
#4161=EDGE_CURVE('',#4287,#4469,#4470,.T.);
#4162=EDGE_CURVE('0:670',#4270,#4471,#4472,.T.);
#4163=EDGE_CURVE('0:673',#4469,#4471,#4473,.T.);
#4164=EDGE_CURVE('',#4474,#4280,#4475,.T.);
#4165=EDGE_CURVE('0:634',#4476,#4474,#4477,.T.);
#4166=EDGE_CURVE('0:637',#4390,#4476,#4478,.T.);
#4167=EDGE_CURVE('0:640',#4390,#4282,#4479,.T.);
#4168=EDGE_CURVE('0:646',#4278,#4480,#4481,.T.);
#4169=EDGE_CURVE('0:634',#4474,#4480,#4482,.T.);
#4170=EDGE_CURVE('0:649',#4483,#4480,#4484,.T.);
#4171=EDGE_CURVE('0:652',#4285,#4275,#4485,.T.);
#4172=EDGE_CURVE('0:655',#4364,#4289,#4486,.T.);
#4173=EDGE_CURVE('0:661',#4483,#4362,#4487,.T.);
#4174=EDGE_CURVE('0:664',#4247,#4251,#4488,.F.);
#4175=EDGE_CURVE('0:673',#4364,#4469,#4489,.T.);
#4176=EDGE_CURVE('0:676',#4490,#4491,#4492,.T.);
#4177=EDGE_CURVE('0:679',#4471,#4490,#4493,.T.);
#4178=EDGE_CURVE('0:685',#4268,#4491,#4494,.F.);
#4179=EDGE_CURVE('0:688',#4491,#4377,#4495,.T.);
#4180=EDGE_CURVE('0:691',#4496,#4265,#4497,.T.);
#4181=EDGE_CURVE('0:694',#4496,#4388,#4498,.T.);
#4182=EDGE_CURVE('0:697',#4499,#4385,#4500,.T.);
#4183=EDGE_CURVE('0:700',#4501,#4499,#4502,.F.);
#4184=EDGE_CURVE('0:703',#4325,#4501,#4503,.F.);
#4185=EDGE_CURVE('0:706',#4329,#4340,#4504,.T.);
#4186=EDGE_CURVE('0:709',#4505,#4337,#4506,.F.);
#4187=EDGE_CURVE('0:712',#4380,#4505,#4507,.F.);
#4188=EDGE_CURVE('0:715',#4260,#4262,#4508,.T.);
#4189=EDGE_CURVE('0:721',#4282,#4496,#4509,.F.);
#4190=EDGE_CURVE('0:730',#4465,#4374,#4510,.T.);
#4191=EDGE_CURVE('0:733',#4374,#4354,#4511,.T.);
#4192=EDGE_CURVE('0:742',#4460,#4422,#4512,.T.);
#4193=EDGE_CURVE('0:745',#4422,#4436,#4513,.T.);
#4194=EDGE_CURVE('0:754',#4454,#4514,#4515,.T.);
#4195=EDGE_CURVE('0:757',#4514,#4516,#4517,.T.);
#4196=EDGE_CURVE('0:748',#4516,#4453,#4518,.T.);
#4197=EDGE_CURVE('0:760',#4416,#4448,#4519,.T.);
#4198=EDGE_CURVE('0:763',#4450,#4456,#4520,.T.);
#4199=EDGE_CURVE('0:766',#4516,#4414,#4521,.T.);
#4200=EDGE_CURVE('0:775',#4416,#4445,#4522,.T.);
#4201=EDGE_CURVE('0:781',#4462,#4439,#4523,.T.);
#4202=EDGE_CURVE('0:787',#4351,#4514,#4524,.T.);
#4203=EDGE_CURVE('0:790',#4445,#4307,#4525,.T.);
#4204=EDGE_CURVE('0:802',#4526,#4301,#4527,.T.);
#4205=EDGE_CURVE('0:805',#4398,#4526,#4528,.T.);
#4206=EDGE_CURVE('0:808',#4307,#4396,#4529,.T.);
#4207=EDGE_CURVE('0:811',#4516,#4530,#4531,.F.);
#4208=EDGE_CURVE('0:814',#4293,#4530,#4532,.T.);
#4209=EDGE_CURVE('0:817',#4533,#4514,#4534,.T.);
#4210=EDGE_CURVE('0:820',#4382,#4533,#4535,.T.);
#4211=EDGE_CURVE('0:826',#4536,#4505,#4537,.T.);
#4212=EDGE_CURVE('0:829',#4530,#4536,#4538,.T.);
#4213=EDGE_CURVE('0:832',#4409,#4411,#4539,.T.);
#4214=EDGE_CURVE('0:835',#4403,#4405,#4540,.T.);
#4215=EDGE_CURVE('0:844',#4356,#4372,#4541,.T.);
#4216=EDGE_CURVE('0:850',#4526,#4393,#4542,.T.);
#4217=EDGE_CURVE('0:853',#4476,#4543,#4544,.T.);
#4218=EDGE_CURVE('0:856',#4543,#4545,#4546,.T.);
#4219=EDGE_CURVE('0:859',#4545,#4386,#4547,.T.);
#4220=EDGE_CURVE('0:862',#4548,#4483,#4549,.T.);
#4221=EDGE_CURVE('0:865',#4548,#4543,#4550,.T.);
#4222=EDGE_CURVE('0:868',#4545,#4499,#4551,.T.);
#4223=EDGE_CURVE('0:871',#4362,#4548,#4552,.T.);
#4224=EDGE_CURVE('0:874',#4378,#4553,#4554,.T.);
#4225=EDGE_CURVE('0:877',#4553,#4490,#4555,.T.);
#4226=EDGE_CURVE('0:880',#4553,#4366,#4556,.T.);
#4227=EDGE_CURVE('0:886',#4359,#4372,#4557,.T.);
#4228=EDGE_CURVE('0:889',#4369,#4558,#4559,.T.);
#4229=EDGE_CURVE('0:892',#4558,#4543,#4560,.T.);
#4230=EDGE_CURVE('0:895',#4436,#4558,#4561,.T.);
#4231=EDGE_CURVE('0:898',#4356,#4360,#4562,.T.);
#4232=EDGE_CURVE('0:901',#4352,#4533,#4563,.T.);
#4233=EDGE_CURVE('0:907',#4501,#4319,#4564,.T.);
#4234=EDGE_CURVE('0:916',#4346,#4565,#4566,.T.);
#4235=EDGE_CURVE('0:919',#4565,#4334,#4567,.T.);
#4236=EDGE_CURVE('0:910',#4334,#4345,#4568,.T.);
#4237=EDGE_CURVE('0:922',#4332,#4536,#4569,.T.);
#4238=EDGE_CURVE('0:925',#4536,#4338,#4570,.T.);
#4239=EDGE_CURVE('0:928',#4324,#4319,#4571,.T.);
#4240=EDGE_CURVE('0:931',#4316,#4565,#4572,.T.);
#4241=EDGE_CURVE('0:940',#4292,#4530,#4573,.T.);
#4242=EDGE_CURVE('0:943',#4311,#4565,#4574,.T.);
#4243=EDGE_CURVE('0:952',#4317,#4305,#4575,.T.);
#4244=EDGE_CURVE('0:961',#4276,#4266,#4576,.T.);
#4245=EDGE_CURVE('0:964',#4254,#4256,#4577,.T.);
#4246=VERTEX_POINT('',#4578);
#4247=VERTEX_POINT('',#4579);
#4248=LINE('',#4580,#4581);
#4249=VERTEX_POINT('',#4582);
#4250=CIRCLE('',#4583,0.00215000000000001);
#4251=VERTEX_POINT('',#4584);
#4252=LINE('',#4585,#4586);
#4253=CIRCLE('',#4587,0.00275000000000001);
#4254=VERTEX_POINT('',#4588);
#4255=LINE('',#4589,#4590);
#4256=VERTEX_POINT('',#4591);
#4257=CIRCLE('',#4592,0.00215000000000003);
#4258=LINE('',#4593,#4594);
#4259=CIRCLE('',#4595,0.00215000000000001);
#4260=VERTEX_POINT('',#4596);
#4261=LINE('',#4597,#4598);
#4262=VERTEX_POINT('',#4599);
#4263=LINE('',#4600,#4601);
#4264=CIRCLE('',#4602,0.00415000000000002);
#4265=VERTEX_POINT('',#4603);
#4266=VERTEX_POINT('',#4604);
#4267=LINE('',#4605,#4606);
#4268=VERTEX_POINT('',#4607);
#4269=CIRCLE('',#4608,0.01);
#4270=VERTEX_POINT('',#4609);
#4271=LINE('',#4610,#4611);
#4272=VERTEX_POINT('',#4612);
#4273=CIRCLE('',#4613,0.01);
#4274=CIRCLE('',#4614,0.01);
#4275=VERTEX_POINT('',#4615);
#4276=VERTEX_POINT('',#4616);
#4277=CIRCLE('',#4617,0.002);
#4278=VERTEX_POINT('',#4618);
#4279=CIRCLE('',#4619,0.008);
#4280=VERTEX_POINT('',#4620);
#4281=B_SPLINE_CURVE_WITH_KNOTS('',3,(#4621,#4622,#4623,#4624,#4625,#4626,#4627,#4628,#4629,#4630,#4631,#4632,#4633,#4634),.UNSPECIFIED.,.F.,.F.,(4,2,2,2,2,2,4),(-0.00316813555418875,-0.0031614009735676,-0.00272722199093269,-0.00229540491336929,-0.0015149846937718,-0.00075315023141096,-0.0),.UNSPECIFIED.);
#4282=VERTEX_POINT('',#4635);
#4283=B_SPLINE_CURVE_WITH_KNOTS('',3,(#4636,#4637,#4638,#4639,#4640,#4641,#4642,#4643,#4644,#4645,#4646,#4647,#4648,#4649),.UNSPECIFIED.,.F.,.F.,(4,2,2,2,2,2,4),(-0.00316813555418875,-0.0031614009735676,-0.00272722199093269,-0.00229540491336929,-0.0015149846937718,-0.00075315023141096,-0.0),.UNSPECIFIED.);
#4284=CIRCLE('',#4650,0.01);
#4285=VERTEX_POINT('',#4651);
#4286=CIRCLE('',#4652,0.002);
#4287=VERTEX_POINT('',#4653);
#4288=B_SPLINE_CURVE_WITH_KNOTS('',3,(#4654,#4655,#4656,#4657,#4658,#4659,#4660,#4661,#4662,#4663,#4664,#4665,#4666,#4667),.UNSPECIFIED.,.F.,.F.,(4,2,2,2,2,2,4),(-6.95821442217823E-06,0.0,0.000448596671392181,0.000894753006700221,0.00170108847308738,0.00248822100862954,0.00326638093766582),.UNSPECIFIED.);
#4289=VERTEX_POINT('',#4668);
#4290=B_SPLINE_CURVE_WITH_KNOTS('',3,(#4669,#4670,#4671,#4672,#4673,#4674,#4675,#4676,#4677,#4678,#4679,#4680,#4681,#4682),.UNSPECIFIED.,.F.,.F.,(4,2,2,2,2,2,4),(-6.95821442217823E-06,0.0,0.000448596671392181,0.000894753006700221,0.00170108847308738,0.00248822100862954,0.00326638093766582),.UNSPECIFIED.);
#4291=CIRCLE('',#4683,0.008);
#4292=VERTEX_POINT('',#4684);
#4293=VERTEX_POINT('',#4685);
#4294=CIRCLE('',#4686,0.005);
#4295=VERTEX_POINT('',#4687);
#4296=CIRCLE('',#4688,0.00500000000000001);
#4297=VERTEX_POINT('',#4689);
#4298=CIRCLE('',#4690,0.00500000000000001);
#4299=VERTEX_POINT('',#4691);
#4300=CIRCLE('',#4692,0.00500000000000001);
#4301=VERTEX_POINT('',#4693);
#4302=CIRCLE('',#4694,0.00500000000000001);
#4303=CIRCLE('',#4695,0.00500000000000002);
#4304=VERTEX_POINT('',#4696);
#4305=VERTEX_POINT('',#4697);
#4306=CIRCLE('',#4698,0.005);
#4307=VERTEX_POINT('',#4699);
#4308=CIRCLE('',#4700,0.005);
#4309=VERTEX_POINT('',#4701);
#4310=CIRCLE('',#4702,0.00500000000000002);
#4311=VERTEX_POINT('',#4703);
#4312=CIRCLE('',#4704,0.00500000000000002);
#4313=CIRCLE('',#4705,0.005);
#4314=LINE('',#4706,#4707);
#4315=LINE('',#4708,#4709);
#4316=VERTEX_POINT('',#4710);
#4317=VERTEX_POINT('',#4711);
#4318=LINE('',#4712,#4713);
#4319=VERTEX_POINT('',#4714);
#4320=ELLIPSE('',#4715,0.00649286435445723,0.005);
#4321=VERTEX_POINT('',#4716);
#4322=LINE('',#4717,#4718);
#4323=CIRCLE('',#4719,0.005);
#4324=VERTEX_POINT('',#4720);
#4325=VERTEX_POINT('',#4721);
#4326=LINE('',#4722,#4723);
#4327=VERTEX_POINT('',#4724);
#4328=ELLIPSE('',#4725,0.00649286435445719,0.005);
#4329=VERTEX_POINT('',#4726);
#4330=LINE('',#4727,#4728);
#4331=CIRCLE('',#4729,0.005);
#4332=VERTEX_POINT('',#4730);
#4333=LINE('',#4731,#4732);
#4334=VERTEX_POINT('',#4733);
#4335=ELLIPSE('',#4734,0.00649286435445722,0.005);
#4336=LINE('',#4735,#4736);
#4337=VERTEX_POINT('',#4737);
#4338=VERTEX_POINT('',#4738);
#4339=LINE('',#4739,#4740);
#4340=VERTEX_POINT('',#4741);
#4341=CIRCLE('',#4742,0.005);
#4342=VERTEX_POINT('',#4743);
#4343=LINE('',#4744,#4745);
#4344=ELLIPSE('',#4746,0.00649286435445719,0.00499999999999999);
#4345=VERTEX_POINT('',#4747);
#4346=VERTEX_POINT('',#4748);
#4347=LINE('',#4749,#4750);
#4348=CIRCLE('',#4751,0.00499999999999999);
#4349=LINE('',#4752,#4753);
#4350=CIRCLE('',#4754,0.00500000000000001);
#4351=VERTEX_POINT('',#4755);
#4352=VERTEX_POINT('',#4756);
#4353=LINE('',#4757,#4758);
#4354=VERTEX_POINT('',#4759);
#4355=CIRCLE('',#4760,0.00200000000000001);
#4356=VERTEX_POINT('',#4761);
#4357=LINE('',#4762,#4763);
#4358=CIRCLE('',#4764,0.00200000000000002);
#4359=VERTEX_POINT('',#4765);
#4360=VERTEX_POINT('',#4766);
#4361=LINE('',#4767,#4768);
#4362=VERTEX_POINT('',#4769);
#4363=CIRCLE('',#4770,0.006);
#4364=VERTEX_POINT('',#4771);
#4365=LINE('',#4772,#4773);
#4366=VERTEX_POINT('',#4774);
#4367=ELLIPSE('',#4775,0.00647936416428739,0.006);
#4368=CIRCLE('',#4776,0.006);
#4369=VERTEX_POINT('',#4777);
#4370=VERTEX_POINT('',#4778);
#4371=LINE('',#4779,#4780);
#4372=VERTEX_POINT('',#4781);
#4373=CIRCLE('',#4782,0.00200000000000001);
#4374=VERTEX_POINT('',#4783);
#4375=LINE('',#4784,#4785);
#4376=CIRCLE('',#4786,0.00200000000000001);
#4377=VERTEX_POINT('',#4787);
#4378=VERTEX_POINT('',#4788);
#4379=LINE('',#4789,#4790);
#4380=VERTEX_POINT('',#4791);
#4381=CIRCLE('',#4792,0.005);
#4382=VERTEX_POINT('',#4793);
#4383=LINE('',#4794,#4795);
#4384=B_SPLINE_CURVE_WITH_KNOTS('',3,(#4796,#4797,#4798,#4799,#4800,#4801,#4802,#4803),.UNSPECIFIED.,.F.,.F.,(4,2,2,4),(-0.00271748730296141,-0.00270622509182858,-0.00132438782559194,-0.0),.UNSPECIFIED.);
#4385=VERTEX_POINT('',#4804);
#4386=VERTEX_POINT('',#4805);
#4387=LINE('',#4806,#4807);
#4388=VERTEX_POINT('',#4808);
#4389=CIRCLE('',#4809,0.005);
#4390=VERTEX_POINT('',#4810);
#4391=LINE('',#4811,#4812);
#4392=CIRCLE('',#4813,0.00499999999999998);
#4393=VERTEX_POINT('',#4814);
#4394=VERTEX_POINT('',#4815);
#4395=LINE('',#4816,#4817);
#4396=VERTEX_POINT('',#4818);
#4397=B_SPLINE_CURVE_WITH_KNOTS('',3,(#4819,#4820,#4821,#4822),.UNSPECIFIED.,.F.,.F.,(4,4),(0.0158082851543235,0.0171279182921072),.UNSPECIFIED.);
#4398=VERTEX_POINT('',#4823);
#4399=CIRCLE('',#4824,0.0033);
#4400=VERTEX_POINT('',#4825);
#4401=LINE('',#4826,#4827);
#4402=CIRCLE('',#4828,0.0023);
#4403=VERTEX_POINT('',#4829);
#4404=LINE('',#4830,#4831);
#4405=VERTEX_POINT('',#4832);
#4406=CIRCLE('',#4833,0.0023);
#4407=LINE('',#4834,#4835);
#4408=CIRCLE('',#4836,0.0023);
#4409=VERTEX_POINT('',#4837);
#4410=LINE('',#4838,#4839);
#4411=VERTEX_POINT('',#4840);
#4412=LINE('',#4841,#4842);
#4413=CIRCLE('',#4843,0.0033);
#4414=VERTEX_POINT('',#4844);
#4415=LINE('',#4845,#4846);
#4416=VERTEX_POINT('',#4847);
#4417=LINE('',#4848,#4849);
#4418=CIRCLE('',#4850,0.005);
#4419=VERTEX_POINT('',#4851);
#4420=LINE('',#4852,#4853);
#4421=CIRCLE('',#4854,0.005);
#4422=VERTEX_POINT('',#4855);
#4423=LINE('',#4856,#4857);
#4424=VERTEX_POINT('',#4858);
#4425=CIRCLE('',#4859,0.005);
#4426=CIRCLE('',#4860,0.005);
#4427=VERTEX_POINT('',#4861);
#4428=CIRCLE('',#4862,0.002);
#4429=VERTEX_POINT('',#4863);
#4430=CIRCLE('',#4864,0.00199999999999996);
#4431=CIRCLE('',#4865,0.00199999999999996);
#4432=VERTEX_POINT('',#4866);
#4433=CIRCLE('',#4867,0.002);
#4434=VERTEX_POINT('',#4868);
#4435=CIRCLE('',#4869,0.002);
#4436=VERTEX_POINT('',#4870);
#4437=CIRCLE('',#4871,0.002);
#4438=CIRCLE('',#4872,0.00200000000000001);
#4439=VERTEX_POINT('',#4873);
#4440=CIRCLE('',#4874,0.002);
#4441=VERTEX_POINT('',#4875);
#4442=CIRCLE('',#4876,0.003);
#4443=VERTEX_POINT('',#4877);
#4444=CIRCLE('',#4878,0.002);
#4445=VERTEX_POINT('',#4879);
#4446=CIRCLE('',#4880,0.002);
#4447=CIRCLE('',#4881,0.005);
#4448=VERTEX_POINT('',#4882);
#4449=LINE('',#4883,#4884);
#4450=VERTEX_POINT('',#4885);
#4451=LINE('',#4886,#4887);
#4452=CIRCLE('',#4888,0.002);
#4453=VERTEX_POINT('',#4889);
#4454=VERTEX_POINT('',#4890);
#4455=LINE('',#4891,#4892);
#4456=VERTEX_POINT('',#4893);
#4457=CIRCLE('',#4894,0.002);
#4458=LINE('',#4895,#4896);
#4459=CIRCLE('',#4897,0.00200000000000001);
#4460=VERTEX_POINT('',#4898);
#4461=LINE('',#4899,#4900);
#4462=VERTEX_POINT('',#4901);
#4463=LINE('',#4902,#4903);
#4464=CIRCLE('',#4904,0.002);
#4465=VERTEX_POINT('',#4905);
#4466=LINE('',#4906,#4907);
#4467=LINE('',#4908,#4909);
#4468=CIRCLE('',#4910,0.00200000000000001);
#4469=VERTEX_POINT('',#4911);
#4470=LINE('',#4912,#4913);
#4471=VERTEX_POINT('',#4914);
#4472=LINE('',#4915,#4916);
#4473=CIRCLE('',#4917,0.002);
#4474=VERTEX_POINT('',#4918);
#4475=LINE('',#4919,#4920);
#4476=VERTEX_POINT('',#4921);
#4477=B_SPLINE_CURVE_WITH_KNOTS('',3,(#4922,#4923,#4924,#4925,#4926,#4927,#4928,#4929,#4930,#4931,#4932,#4933,#4934,#4935,#4936,#4937,#4938,#4939,#4940,#4941,#4942,#4943,#4944,#4945),.UNSPECIFIED.,.F.,.F.,(4,2,2,2,2,2,2,2,2,2,2,4),(-0.0478284225570184,-0.0476119342486942,-0.0466170635038765,-0.0456221927590587,-0.0442303523740855,-0.0429198266456792,-0.0418021272867902,-0.0408420565831873,-0.0401183342104533,-0.0395650596982102,-0.0391474934815199,-0.038869181437688),.UNSPECIFIED.);
#4478=B_SPLINE_CURVE_WITH_KNOTS('',3,(#4946,#4947,#4948,#4949,#4950,#4951,#4952,#4953,#4954,#4955,#4956,#4957,#4958,#4959),.UNSPECIFIED.,.F.,.F.,(4,2,2,2,2,2,4),(0.0488179940641696,0.0489363629903434,0.049614728131704,0.0502208948529124,0.0508270615741207,0.0518339373132087,0.0526763497086064),.UNSPECIFIED.);
#4479=LINE('',#4960,#4961);
#4480=VERTEX_POINT('',#4962);
#4481=LINE('',#4963,#4964);
#4482=B_SPLINE_CURVE_WITH_KNOTS('',3,(#4965,#4966,#4967,#4968,#4969,#4970,#4971,#4972,#4973,#4974,#4975,#4976,#4977,#4978,#4979,#4980,#4981,#4982,#4983,#4984,#4985,#4986,#4987,#4988),.UNSPECIFIED.,.F.,.F.,(4,2,2,2,2,2,2,2,2,2,2,4),(-0.0478284225570184,-0.0476119342486942,-0.0466170635038765,-0.0456221927590587,-0.0442303523740855,-0.0429198266456792,-0.0418021272867902,-0.0408420565831873,-0.0401183342104533,-0.0395650596982102,-0.0391474934815199,-0.038869181437688),.UNSPECIFIED.);
#4483=VERTEX_POINT('',#4989);
#4484=B_SPLINE_CURVE_WITH_KNOTS('',3,(#4990,#4991,#4992,#4993,#4994,#4995,#4996,#4997,#4998,#4999),.UNSPECIFIED.,.F.,.F.,(4,2,2,2,4),(0.000933045809040763,0.00111934568020702,0.00138872962765778,0.00170129058895942,0.00170574717500708),.UNSPECIFIED.);
#4485=CIRCLE('',#5000,0.008);
#4486=LINE('',#5001,#5002);
#4487=B_SPLINE_CURVE_WITH_KNOTS('',3,(#5003,#5004,#5005,#5006,#5007,#5008,#5009,#5010,#5011,#5012),.UNSPECIFIED.,.F.,.F.,(4,2,2,2,4),(-0.00149169764106494,-0.00143104139457788,-0.000609628442405399,-0.0,1.16704614518268E-05),.UNSPECIFIED.);
#4488=CIRCLE('',#5013,0.00275000000000001);
#4489=CIRCLE('',#5014,0.002);
#4490=VERTEX_POINT('',#5015);
#4491=VERTEX_POINT('',#5016);
#4492=LINE('',#5017,#5018);
#4493=ELLIPSE('',#5019,0.00836553405189719,0.008);
#4494=LINE('',#5020,#5021);
#4495=CIRCLE('',#5022,0.005);
#4496=VERTEX_POINT('',#5023);
#4497=CIRCLE('',#5024,0.01);
#4498=LINE('',#5025,#5026);
#4499=VERTEX_POINT('',#5027);
#4500=CIRCLE('',#5028,0.005);
#4501=VERTEX_POINT('',#5029);
#4502=LINE('',#5030,#5031);
#4503=CIRCLE('',#5032,0.005);
#4504=LINE('',#5033,#5034);
#4505=VERTEX_POINT('',#5035);
#4506=CIRCLE('',#5036,0.005);
#4507=LINE('',#5037,#5038);
#4508=CIRCLE('',#5039,0.00415000000000002);
#4509=LINE('',#5040,#5041);
#4510=CIRCLE('',#5042,0.00200000000000001);
#4511=LINE('',#5043,#5044);
#4512=CIRCLE('',#5045,0.002);
#4513=LINE('',#5046,#5047);
#4514=VERTEX_POINT('',#5048);
#4515=CIRCLE('',#5049,0.00200000000000001);
#4516=VERTEX_POINT('',#5050);
#4517=LINE('',#5051,#5052);
#4518=CIRCLE('',#5053,0.002);
#4519=CIRCLE('',#5054,0.002);
#4520=CIRCLE('',#5055,0.003);
#4521=CIRCLE('',#5056,0.005);
#4522=LINE('',#5057,#5058);
#4523=CIRCLE('',#5059,0.003);
#4524=CIRCLE('',#5060,0.00200000000000001);
#4525=LINE('',#5061,#5062);
#4526=VERTEX_POINT('',#5063);
#4527=LINE('',#5064,#5065);
#4528=CIRCLE('',#5066,0.0033);
#4529=LINE('',#5067,#5068);
#4530=VERTEX_POINT('',#5069);
#4531=LINE('',#5070,#5071);
#4532=CIRCLE('',#5072,0.00500000000000002);
#4533=VERTEX_POINT('',#5073);
#4534=LINE('',#5074,#5075);
#4535=CIRCLE('',#5076,0.008);
#4536=VERTEX_POINT('',#5077);
#4537=LINE('',#5078,#5079);
#4538=LINE('',#5080,#5081);
#4539=CIRCLE('',#5082,0.0033);
#4540=CIRCLE('',#5083,0.0023);
#4541=LINE('',#5084,#5085);
#4542=B_SPLINE_CURVE_WITH_KNOTS('',3,(#5086,#5087,#5088,#5089),.UNSPECIFIED.,.F.,.F.,(4,4),(0.0144854508664229,0.0158082851543235),.UNSPECIFIED.);
#4543=VERTEX_POINT('',#5090);
#4544=CIRCLE('',#5091,0.00499999999977323);
#4545=VERTEX_POINT('',#5092);
#4546=B_SPLINE_CURVE_WITH_KNOTS('',3,(#5093,#5094,#5095,#5096,#5097,#5098,#5099,#5100,#5101,#5102,#5103,#5104,#5105,#5106),.UNSPECIFIED.,.F.,.F.,(4,2,2,2,2,2,4),(-0.0526763497086065,-0.0518339373132087,-0.0508270615741207,-0.0502208948529124,-0.049614728131704,-0.0489363629903434,-0.0488179940641696),.UNSPECIFIED.);
#4547=CIRCLE('',#5107,0.00499999999999998);
#4548=VERTEX_POINT('',#5108);
#4549=B_SPLINE_CURVE_WITH_KNOTS('',3,(#5109,#5110,#5111,#5112,#5113,#5114,#5115,#5116),.UNSPECIFIED.,.F.,.F.,(4,2,2,4),(-0.000839041017946054,-0.00081476925648121,-0.000382301901687308,-0.0),.UNSPECIFIED.);
#4550=B_SPLINE_CURVE_WITH_KNOTS('',3,(#5117,#5118,#5119,#5120,#5121,#5122,#5123,#5124,#5125,#5126,#5127,#5128,#5129,#5130,#5131,#5132),.UNSPECIFIED.,.F.,.F.,(4,2,2,2,2,2,2,4),(0.0377494397059529,0.0377671493557151,0.0383844497606362,0.040853651380321,0.0439401534049269,0.0458692171703056,0.0470748820236673,0.0478284225570184),.UNSPECIFIED.);
#4551=LINE('',#5133,#5134);
#4552=B_SPLINE_CURVE_WITH_KNOTS('',3,(#5135,#5136,#5137,#5138,#5139,#5140,#5141,#5142,#5143,#5144,#5145,#5146),.UNSPECIFIED.,.F.,.F.,(4,2,2,2,2,4),(-1.16704614518268E-05,0.0,0.000609628442405399,0.00143104139457788,0.00225245434675035,0.00246943428451108),.UNSPECIFIED.);
#4553=VERTEX_POINT('',#5147);
#4554=B_SPLINE_CURVE_WITH_KNOTS('',3,(#5148,#5149,#5150,#5151,#5152,#5153,#5154,#5155),.UNSPECIFIED.,.F.,.F.,(4,2,2,4),(-0.00271748730296141,-0.00270622509182858,-0.00132438782559194,-0.0),.UNSPECIFIED.);
#4555=B_SPLINE_CURVE_WITH_KNOTS('',3,(#5156,#5157,#5158,#5159,#5160,#5161),.UNSPECIFIED.,.F.,.F.,(4,2,4),(-0.000822619473198273,-0.0,1.23345127449297E-05),.UNSPECIFIED.);
#4556=B_SPLINE_CURVE_WITH_KNOTS('',3,(#5162,#5163,#5164,#5165,#5166,#5167,#5168,#5169,#5170,#5171,#5172,#5173),.UNSPECIFIED.,.F.,.F.,(4,2,2,2,2,4),(0.0,0.000777018083384719,0.0015574253328991,0.00215046954054103,0.0027467065876714,0.00275348570485784),.UNSPECIFIED.);
#4557=CIRCLE('',#5174,0.006);
#4558=VERTEX_POINT('',#5175);
#4559=CIRCLE('',#5176,0.00200000000000001);
#4560=CIRCLE('',#5177,0.008);
#4561=LINE('',#5178,#5179);
#4562=CIRCLE('',#5180,0.006);
#4563=CIRCLE('',#5181,0.00200000000000002);
#4564=LINE('',#5182,#5183);
#4565=VERTEX_POINT('',#5184);
#4566=CIRCLE('',#5185,0.00500000000000001);
#4567=LINE('',#5186,#5187);
#4568=CIRCLE('',#5188,0.00499999999999999);
#4569=ELLIPSE('',#5189,0.00649286435445722,0.005);
#4570=ELLIPSE('',#5190,0.00649286435445719,0.00499999999999999);
#4571=ELLIPSE('',#5191,0.00649286435445719,0.005);
#4572=ELLIPSE('',#5192,0.00649286435445723,0.005);
#4573=CIRCLE('',#5193,0.00500000000000001);
#4574=LINE('',#5194,#5195);
#4575=CIRCLE('',#5196,0.005);
#4576=CIRCLE('',#5197,0.01);
#4577=CIRCLE('',#5198,0.00215000000000003);
#4578=CARTESIAN_POINT('',(-0.00486660565860233,0.13025409482827,-0.147211031679479));
#4579=CARTESIAN_POINT('',(-0.00426660351245669,0.130463693608721,-0.146648834404624));
#4580=CARTESIAN_POINT('',(-0.00426660351245671,0.130463693608721,-0.146648834404624));
#4581=VECTOR('',#5199,1.0);
#4582=CARTESIAN_POINT('',(-0.00486662103953803,0.128751926208998,-0.151240112150137));
#4583=AXIS2_PLACEMENT_3D('',#5200,#5201,#5202);
#4584=CARTESIAN_POINT('',(-0.00426662318574653,0.12854231514221,-0.151802309425233));
#4585=CARTESIAN_POINT('',(-0.00426662318574655,0.12854231514221,-0.151802309425233));
#4586=VECTOR('',#5203,1.0);
#4587=AXIS2_PLACEMENT_3D('',#5204,#5205,#5206);
#4588=CARTESIAN_POINT('',(-0.0167666210389143,0.128752048048513,-0.151240112147745));
#4589=CARTESIAN_POINT('',(-0.0108166210392262,0.128751987128756,-0.151240112148941));
#4590=VECTOR('',#5207,1.0);
#4591=CARTESIAN_POINT('',(-0.0167666056579786,0.130254216667785,-0.147211031677087));
#4592=AXIS2_PLACEMENT_3D('',#5208,#5209,#5210);
#4593=CARTESIAN_POINT('',(-0.0108166056582905,0.130254155748028,-0.147211031678283));
#4594=VECTOR('',#5211,1.0);
#4595=AXIS2_PLACEMENT_3D('',#5212,#5213,#5214);
#4596=CARTESIAN_POINT('',(-0.0187665985039502,0.130952920223746,-0.1453370407601));
#4597=CARTESIAN_POINT('',(-0.0187665985039502,0.130952920223746,-0.1453370407601));
#4598=VECTOR('',#5215,1.0);
#4599=CARTESIAN_POINT('',(-0.018766628192733,0.128053385447012,-0.153114103063928));
#4600=CARTESIAN_POINT('',(-0.0187666281927331,0.128053385447012,-0.153114103063928));
#4601=VECTOR('',#5216,1.0);
#4602=AXIS2_PLACEMENT_3D('',#5217,#5218,#5219);
#4603=CARTESIAN_POINT('',(-0.0187667064773245,0.120407376696374,-0.153380912622526));
#4604=CARTESIAN_POINT('',(-0.00626670647797961,0.12040724871369,-0.153380912625039));
#4605=CARTESIAN_POINT('',(-0.0125167064783069,0.120407312705032,-0.153380912623782));
#4606=VECTOR('',#5220,1.0);
#4607=CARTESIAN_POINT('',(-0.0187665356791092,0.137089192964354,-0.155741091473457));
#4608=AXIS2_PLACEMENT_3D('',#5221,#5222,#5223);
#4609=CARTESIAN_POINT('',(-0.00626653567976441,0.13708906498167,-0.15574109147597));
#4610=CARTESIAN_POINT('',(-0.0027665356799478,0.137089029146518,-0.155741091476673));
#4611=VECTOR('',#5224,0.999999999999999);
#4612=CARTESIAN_POINT('',(-0.00626661210015524,0.129625194861041,-0.159224825611131));
#4613=AXIS2_PLACEMENT_3D('',#5225,#5226,#5227);
#4614=AXIS2_PLACEMENT_3D('',#5228,#5229,#5230);
#4615=CARTESIAN_POINT('',(-0.00426661434817484,0.129405268368788,-0.141226168957645));
#4616=CARTESIAN_POINT('',(-0.00626661459783832,0.129380854844348,-0.139226318217922));
#4617=AXIS2_PLACEMENT_3D('',#5231,#5232,#5233);
#4618=CARTESIAN_POINT('',(-0.00426658789206846,0.131989229834881,-0.141621712173699));
#4619=AXIS2_PLACEMENT_3D('',#5234,#5235,#5236);
#4620=CARTESIAN_POINT('',(-0.00485237445562424,0.131977099577583,-0.140142274074861));
#4621=CARTESIAN_POINT('',(-0.00426658789206846,0.131989229834881,-0.141621712173699));
#4622=CARTESIAN_POINT('',(-0.00426658789195334,0.13198924103154,-0.141619392795937));
#4623=CARTESIAN_POINT('',(-0.00426659154831311,0.131989252073807,-0.141617073418374));
#4624=CARTESIAN_POINT('',(-0.00426707035031221,0.131989964914119,-0.141465224218713));
#4625=CARTESIAN_POINT('',(-0.00428274029945637,0.131990018409159,-0.141316033409863));
#4626=CARTESIAN_POINT('',(-0.00434419314795307,0.131989001105724,-0.141024197213444));
#4627=CARTESIAN_POINT('',(-0.00438968131270957,0.131987940179252,-0.140882144737621));
#4628=CARTESIAN_POINT('',(-0.00455779749335413,0.131983844838671,-0.140500074467125));
#4629=CARTESIAN_POINT('',(-0.00471069402947682,0.131979975335523,-0.140278919759376));
#4630=CARTESIAN_POINT('',(-0.00508426988235565,0.131972351737862,-0.139914519476574));
#4631=CARTESIAN_POINT('',(-0.00529985104425794,0.131968695566787,-0.139772859103189));
#4632=CARTESIAN_POINT('',(-0.00576738146880243,0.131963547430093,-0.139581747228438));
#4633=CARTESIAN_POINT('',(-0.00601553809256562,0.131962081391229,-0.139532634883001));
#4634=CARTESIAN_POINT('',(-0.00626658816968946,0.131962083961634,-0.13953263488295));
#4635=CARTESIAN_POINT('',(-0.00626658816968946,0.131962083961634,-0.13953263488295));
#4636=CARTESIAN_POINT('',(-0.00426658789206846,0.131989229834881,-0.141621712173699));
#4637=CARTESIAN_POINT('',(-0.00426658789195334,0.13198924103154,-0.141619392795937));
#4638=CARTESIAN_POINT('',(-0.00426659154831311,0.131989252073807,-0.141617073418374));
#4639=CARTESIAN_POINT('',(-0.00426707035031221,0.131989964914119,-0.141465224218713));
#4640=CARTESIAN_POINT('',(-0.00428274029945637,0.131990018409159,-0.141316033409863));
#4641=CARTESIAN_POINT('',(-0.00434419314795307,0.131989001105724,-0.141024197213444));
#4642=CARTESIAN_POINT('',(-0.00438968131270957,0.131987940179252,-0.140882144737621));
#4643=CARTESIAN_POINT('',(-0.00455779749335413,0.131983844838671,-0.140500074467125));
#4644=CARTESIAN_POINT('',(-0.00471069402947682,0.131979975335523,-0.140278919759376));
#4645=CARTESIAN_POINT('',(-0.00508426988235565,0.131972351737862,-0.139914519476574));
#4646=CARTESIAN_POINT('',(-0.00529985104425794,0.131968695566787,-0.139772859103189));
#4647=CARTESIAN_POINT('',(-0.00576738146880243,0.131963547430093,-0.139581747228438));
#4648=CARTESIAN_POINT('',(-0.00601553809256562,0.131962081391229,-0.139532634883001));
#4649=CARTESIAN_POINT('',(-0.00626658816968946,0.131962083961634,-0.13953263488295));
#4650=AXIS2_PLACEMENT_3D('',#5237,#5238,#5239);
#4651=CARTESIAN_POINT('',(-0.00426661235002838,0.129600740382142,-0.157224974872212));
#4652=AXIS2_PLACEMENT_3D('',#5240,#5241,#5242);
#4653=CARTESIAN_POINT('',(-0.00485232558309755,0.136750749311944,-0.155233707841249));
#4654=CARTESIAN_POINT('',(-0.00426654775271398,0.135909862382949,-0.154016414269634));
#4655=CARTESIAN_POINT('',(-0.00426654773896379,0.135911205392901,-0.154018305291297));
#4656=CARTESIAN_POINT('',(-0.0042665513816881,0.135912548276404,-0.154020196401555));
#4657=CARTESIAN_POINT('',(-0.00426702929096565,0.136000458343202,-0.154144012833696));
#4658=CARTESIAN_POINT('',(-0.00428269836186949,0.136086300220746,-0.154266033732961));
#4659=CARTESIAN_POINT('',(-0.0043441494903483,0.136253300054742,-0.154505367532535));
#4660=CARTESIAN_POINT('',(-0.00438963681687483,0.136334125109275,-0.154622189698099));
#4661=CARTESIAN_POINT('',(-0.00455775074063231,0.136550499707903,-0.154937113904395));
#4662=CARTESIAN_POINT('',(-0.00471064596753465,0.136674518164635,-0.155120264663637));
#4663=CARTESIAN_POINT('',(-0.00508421966075347,0.136877844885922,-0.155422763495627));
#4664=CARTESIAN_POINT('',(-0.00529979998170394,0.136956321618214,-0.155540758385334));
#4665=CARTESIAN_POINT('',(-0.00576732927114673,0.13706201730172,-0.155700068571896));
#4666=CARTESIAN_POINT('',(-0.00601548560282338,0.137089062411265,-0.15574109147602));
#4667=CARTESIAN_POINT('',(-0.00626653567976441,0.13708906498167,-0.15574109147597));
#4668=CARTESIAN_POINT('',(-0.00426654775271398,0.135909862382949,-0.154016414269634));
#4669=CARTESIAN_POINT('',(-0.00426654775271398,0.135909862382949,-0.154016414269634));
#4670=CARTESIAN_POINT('',(-0.00426654773896379,0.135911205392901,-0.154018305291297));
#4671=CARTESIAN_POINT('',(-0.0042665513816881,0.135912548276404,-0.154020196401555));
#4672=CARTESIAN_POINT('',(-0.00426702929096565,0.136000458343202,-0.154144012833696));
#4673=CARTESIAN_POINT('',(-0.00428269836186949,0.136086300220746,-0.154266033732961));
#4674=CARTESIAN_POINT('',(-0.0043441494903483,0.136253300054742,-0.154505367532535));
#4675=CARTESIAN_POINT('',(-0.00438963681687483,0.136334125109275,-0.154622189698099));
#4676=CARTESIAN_POINT('',(-0.00455775074063231,0.136550499707903,-0.154937113904395));
#4677=CARTESIAN_POINT('',(-0.00471064596753465,0.136674518164635,-0.155120264663637));
#4678=CARTESIAN_POINT('',(-0.00508421966075347,0.136877844885922,-0.155422763495627));
#4679=CARTESIAN_POINT('',(-0.00529979998170394,0.136956321618214,-0.155540758385334));
#4680=CARTESIAN_POINT('',(-0.00576732927114673,0.13706201730172,-0.155700068571896));
#4681=CARTESIAN_POINT('',(-0.00601548560282338,0.137089062411265,-0.15574109147602));
#4682=CARTESIAN_POINT('',(-0.00626653567976441,0.13708906498167,-0.15574109147597));
#4683=AXIS2_PLACEMENT_3D('',#5243,#5244,#5245);
#4684=CARTESIAN_POINT('',(0.00038604802128317,0.188792733743942,-0.132317647380704));
#4685=CARTESIAN_POINT('',(0.00287376844055218,0.189413751572933,-0.132549191963886));
#4686=AXIS2_PLACEMENT_3D('',#5246,#5247,#5248);
#4687=CARTESIAN_POINT('',(0.000373762085309469,0.188793046285357,-0.132296439132115));
#4688=AXIS2_PLACEMENT_3D('',#5249,#5250,#5251);
#4689=CARTESIAN_POINT('',(-0.000661783618562316,0.187640684520985,-0.128797243738903));
#4690=AXIS2_PLACEMENT_3D('',#5252,#5253,#5254);
#4691=CARTESIAN_POINT('',(0.000960342265316012,0.188533340651897,-0.128182511257873));
#4692=AXIS2_PLACEMENT_3D('',#5255,#5256,#5257);
#4693=CARTESIAN_POINT('',(0.00287376263653175,0.188846786041429,-0.127966645917364));
#4694=AXIS2_PLACEMENT_3D('',#5258,#5259,#5260);
#4695=AXIS2_PLACEMENT_3D('',#5261,#5262,#5263);
#4696=CARTESIAN_POINT('',(0.00287368910896572,0.18166523410553,-0.12012015323526));
#4697=CARTESIAN_POINT('',(-1.30639404144323E-05,0.181498893312374,-0.121022460569842));
#4698=AXIS2_PLACEMENT_3D('',#5264,#5265,#5266);
#4699=CARTESIAN_POINT('',(0.00287372198861189,0.184876612352193,-0.122201429453462));
#4700=AXIS2_PLACEMENT_3D('',#5267,#5268,#5269);
#4701=CARTESIAN_POINT('',(0.000960301617396157,0.18456316696266,-0.122417294793972));
#4702=AXIS2_PLACEMENT_3D('',#5270,#5271,#5272);
#4703=CARTESIAN_POINT('',(-0.000661824266481919,0.183670510831748,-0.123032027275001));
#4704=AXIS2_PLACEMENT_3D('',#5273,#5274,#5275);
#4705=AXIS2_PLACEMENT_3D('',#5276,#5277,#5278);
#4706=CARTESIAN_POINT('',(0.000960321941356132,0.18654825381038,-0.125299903030426));
#4707=VECTOR('',#5279,1.0);
#4708=CARTESIAN_POINT('',(-0.000661802490810584,0.185797389593839,-0.126120536094949));
#4709=VECTOR('',#5280,0.999999999999999);
#4710=CARTESIAN_POINT('',(-0.00430529126694901,0.17695885989268,-0.12336121365323));
#4711=CARTESIAN_POINT('',(0.000373680376790173,0.180812391541624,-0.120707474587309));
#4712=CARTESIAN_POINT('',(-0.00196800325258493,0.178883815635488,-0.122035590635119));
#4713=VECTOR('',#5281,1.0);
#4714=CARTESIAN_POINT('',(-0.00387640612903171,0.17236351547806,-0.124747637813743));
#4715=AXIS2_PLACEMENT_3D('',#5282,#5283,#5284);
#4716=CARTESIAN_POINT('',(0.00287365079107754,0.177922762243024,-0.120919256043136));
#4717=CARTESIAN_POINT('',(-0.00528906105679315,0.17120007383155,-0.125548843260988));
#4718=VECTOR('',#5285,0.999999999999999);
#4719=AXIS2_PLACEMENT_3D('',#5286,#5287,#5288);
#4720=CARTESIAN_POINT('',(-0.00680529999912448,0.176106017328774,-0.123948535005279));
#4721=CARTESIAN_POINT('',(-0.0187661361932319,0.176106139791168,-0.123948535002874));
#4722=CARTESIAN_POINT('',(-0.0113212876010435,0.176106063566231,-0.123948535004371));
#4723=VECTOR('',#5289,1.0);
#4724=CARTESIAN_POINT('',(-0.0080184705550112,0.179317407996959,-0.126029811223237));
#4725=AXIS2_PLACEMENT_3D('',#5290,#5291,#5292);
#4726=CARTESIAN_POINT('',(-0.0187661033135856,0.17931751803783,-0.126029811221076));
#4727=CARTESIAN_POINT('',(-0.0125561033139111,0.179317454456033,-0.126029811222325));
#4728=VECTOR('',#5293,1.0);
#4729=AXIS2_PLACEMENT_3D('',#5294,#5295,#5296);
#4730=CARTESIAN_POINT('',(-0.00430520955842953,0.184939514636414,-0.134950178198036));
#4731=CARTESIAN_POINT('',(-0.0020316704980216,0.186811967686245,-0.133660711220698));
#4732=VECTOR('',#5297,1.0);
#4733=CARTESIAN_POINT('',(-0.00448288365199756,0.184493683206641,-0.1309644298656));
#4734=AXIS2_PLACEMENT_3D('',#5298,#5299,#5300);
#4735=CARTESIAN_POINT('',(-0.00943496921557096,0.180415218984049,-0.133773069010789));
#4736=VECTOR('',#5301,0.999999999999999);
#4737=CARTESIAN_POINT('',(-0.0187660544847124,0.184086794534901,-0.13553749954768));
#4738=CARTESIAN_POINT('',(-0.00680521829060498,0.184086672072508,-0.135537499550085));
#4739=CARTESIAN_POINT('',(-0.0113211813733758,0.184086718309714,-0.135537499549177));
#4740=VECTOR('',#5302,1.0);
#4741=CARTESIAN_POINT('',(-0.0187660626656658,0.183287691727067,-0.131795027684978));
#4742=AXIS2_PLACEMENT_3D('',#5303,#5304,#5305);
#4743=CARTESIAN_POINT('',(-0.00801842990709135,0.183287581686196,-0.131795027687139));
#4744=CARTESIAN_POINT('',(-0.0125560626659913,0.18328762814527,-0.131795027686227));
#4745=VECTOR('',#5306,0.999999999999999);
#4746=AXIS2_PLACEMENT_3D('',#5307,#5308,#5309);
#4747=CARTESIAN_POINT('',(-0.00610500953587563,0.183601027075728,-0.131579162346629));
#4748=CARTESIAN_POINT('',(-0.00610505018379549,0.179630853386491,-0.125813945882727));
#4749=CARTESIAN_POINT('',(-0.00610502985983555,0.181615940231059,-0.128696554114604));
#4750=VECTOR('',#5310,1.0);
#4751=AXIS2_PLACEMENT_3D('',#5311,#5312,#5313);
#4752=CARTESIAN_POINT('',(-0.00801844877933985,0.18144428675905,-0.129118320043184));
#4753=VECTOR('',#5314,0.999999999999999);
#4754=AXIS2_PLACEMENT_3D('',#5315,#5316,#5317);
#4755=CARTESIAN_POINT('',(0.00993385617246487,0.175360721023921,-0.142613316860436));
#4756=CARTESIAN_POINT('',(0.00173385617289458,0.175360804980561,-0.142613316858787));
#4757=CARTESIAN_POINT('',(0.00583385617271519,0.175360763002241,-0.142613316859612));
#4758=VECTOR('',#5318,1.0);
#4759=CARTESIAN_POINT('',(0.00993384302060638,0.174076169725256,-0.141780806373155));
#4760=AXIS2_PLACEMENT_3D('',#5319,#5320,#5321);
#4761=CARTESIAN_POINT('',(0.00173384302103611,0.174076253681896,-0.141780806371506));
#4762=CARTESIAN_POINT('',(-0.0187661569778894,0.174076463573498,-0.141780806367385));
#4763=VECTOR('',#5322,0.999999999999999);
#4764=AXIS2_PLACEMENT_3D('',#5323,#5324,#5325);
#4765=CARTESIAN_POINT('',(-0.00250888797407047,0.16525575214878,-0.132070693181536));
#4766=CARTESIAN_POINT('',(-0.00250881248507655,0.172628931857363,-0.142777523757353));
#4767=CARTESIAN_POINT('',(-0.00250886485092323,0.167514241909372,-0.135350318550727));
#4768=VECTOR('',#5326,1.0);
#4769=CARTESIAN_POINT('',(-0.00426628306361047,0.161761521293346,-0.134476981814007));
#4770=AXIS2_PLACEMENT_3D('',#5327,#5328,#5329);
#4771=CARTESIAN_POINT('',(-0.00426621728304275,0.168186457190869,-0.143806837159211));
#4772=CARTESIAN_POINT('',(-0.00426625994046325,0.164020011053937,-0.137756607183198));
#4773=VECTOR('',#5330,1.0);
#4774=CARTESIAN_POINT('',(-0.00264551331550841,0.172512596687419,-0.142857638075756));
#4775=AXIS2_PLACEMENT_3D('',#5331,#5332,#5333);
#4776=AXIS2_PLACEMENT_3D('',#5334,#5335,#5336);
#4777=CARTESIAN_POINT('',(0.00173376425966075,0.16638343285018,-0.129576987050608));
#4778=CARTESIAN_POINT('',(0.00993376425923103,0.166383348893539,-0.129576987052256));
#4779=CARTESIAN_POINT('',(0.00583376425955993,0.16638339087186,-0.129576987051432));
#4780=VECTOR('',#5337,1.0);
#4781=CARTESIAN_POINT('',(0.00173376753204214,0.166703073973314,-0.131073975795689));
#4782=AXIS2_PLACEMENT_3D('',#5338,#5339,#5340);
#4783=CARTESIAN_POINT('',(0.00993376753161242,0.166702990016673,-0.131073975797337));
#4784=CARTESIAN_POINT('',(-0.0187662324668834,0.166703283864915,-0.131073975791568));
#4785=VECTOR('',#5341,0.999999999999999);
#4786=AXIS2_PLACEMENT_3D('',#5342,#5343,#5344);
#4787=CARTESIAN_POINT('',(-0.0187661526162588,0.174502502299518,-0.143849090802413));
#4788=CARTESIAN_POINT('',(-0.0037396551806867,0.174502348449,-0.143849090805433));
#4789=CARTESIAN_POINT('',(-0.0112082780978709,0.174502424917353,-0.143849090803932));
#4790=VECTOR('',#5345,1.0);
#4791=CARTESIAN_POINT('',(-0.0187661460652095,0.17514233242866,-0.143475160009747));
#4792=AXIS2_PLACEMENT_3D('',#5346,#5347,#5348);
#4793=CARTESIAN_POINT('',(-0.00365044318388259,0.175142177664802,-0.143475160012786));
#4794=CARTESIAN_POINT('',(-0.0187661460652095,0.17514233242866,-0.143475160009747));
#4795=VECTOR('',#5349,0.999999999999999);
#4796=CARTESIAN_POINT('',(-0.00365044318388256,0.175142177664802,-0.143475160012786));
#4797=CARTESIAN_POINT('',(-0.00365105631044561,0.175139006068379,-0.143477344113534));
#4798=CARTESIAN_POINT('',(-0.00365166690111605,0.175135831704483,-0.143479524718608));
#4799=CARTESIAN_POINT('',(-0.00372688653675326,0.174742810763157,-0.143748839479523));
#4800=CARTESIAN_POINT('',(-0.00376302689904012,0.174314587906245,-0.143961044587937));
#4801=CARTESIAN_POINT('',(-0.00379876942482539,0.173423942907864,-0.144252170829981));
#4802=CARTESIAN_POINT('',(-0.0037991715662704,0.172978875018615,-0.144331336665228));
#4803=CARTESIAN_POINT('',(-0.00380522987123683,0.172537927726136,-0.144351782127485));
#4804=CARTESIAN_POINT('',(-0.0187662299080518,0.166953151206394,-0.128406866651147));
#4805=CARTESIAN_POINT('',(-0.00626622990870715,0.16695302322371,-0.12840686665366));
#4806=CARTESIAN_POINT('',(-0.0125162299083796,0.166953087215052,-0.128406866652404));
#4807=VECTOR('',#5350,1.0);
#4808=CARTESIAN_POINT('',(-0.0187662369530177,0.166265078568552,-0.128682117222276));
#4809=AXIS2_PLACEMENT_3D('',#5351,#5352,#5353);
#4810=CARTESIAN_POINT('',(-0.00626623695367293,0.166264950585868,-0.128682117224789));
#4811=CARTESIAN_POINT('',(-0.0187662369530177,0.166265078568552,-0.128682117222276));
#4812=VECTOR('',#5354,0.999999999999999);
#4813=AXIS2_PLACEMENT_3D('',#5355,#5356,#5357);
#4814=CARTESIAN_POINT('',(0.00260025601362053,0.186902610805472,-0.125156640011386));
#4815=CARTESIAN_POINT('',(0.00359276254287131,0.186085163038557,-0.125719562374255));
#4816=CARTESIAN_POINT('',(0.00309276675922811,0.186496969333905,-0.125435978539294));
#4817=VECTOR('',#5358,1.0);
#4818=CARTESIAN_POINT('',(0.00287373505709465,0.186153040434371,-0.124054971582944));
#4819=CARTESIAN_POINT('',(0.00260025601362053,0.186902610805472,-0.125156640011386));
#4820=CARTESIAN_POINT('',(0.00260025345926805,0.18665312638818,-0.124794355692708));
#4821=CARTESIAN_POINT('',(0.00268808678025469,0.186391613934941,-0.124401409049486));
#4822=CARTESIAN_POINT('',(0.00287373505709471,0.186153040434371,-0.124054971582945));
#4823=CARTESIAN_POINT('',(0.00919277097523897,0.186908708053489,-0.125152394704344));
#4824=AXIS2_PLACEMENT_3D('',#5359,#5360,#5361);
#4825=CARTESIAN_POINT('',(0.0081927625426302,0.186085115940298,-0.125719562374263));
#4826=CARTESIAN_POINT('',(0.00869276675893459,0.186496911996893,-0.125435978539303));
#4827=VECTOR('',#5362,1.0);
#4828=AXIS2_PLACEMENT_3D('',#5363,#5364,#5365);
#4829=CARTESIAN_POINT('',(0.00359261075497003,0.171260320703588,-0.135928580432828));
#4830=CARTESIAN_POINT('',(0.0035927709755325,0.1869087653905,-0.125152394704334));
#4831=VECTOR('',#5366,1.0);
#4832=CARTESIAN_POINT('',(0.00819261075472891,0.171260273605328,-0.135928580432835));
#4833=AXIS2_PLACEMENT_3D('',#5367,#5368,#5369);
#4834=CARTESIAN_POINT('',(0.00819277097529138,0.186908718292241,-0.125152394704342));
#4835=VECTOR('',#5370,1.0);
#4836=AXIS2_PLACEMENT_3D('',#5371,#5372,#5373);
#4837=CARTESIAN_POINT('',(0.00919260232201531,0.170436661014634,-0.136495748102758));
#4838=CARTESIAN_POINT('',(0.00919260232201531,0.170436661014634,-0.136495748102758));
#4839=VECTOR('',#5374,1.0);
#4840=CARTESIAN_POINT('',(0.00259260232236125,0.170436728590397,-0.136495748102747));
#4841=CARTESIAN_POINT('',(0.00259260232236125,0.170436728590397,-0.136495748102747));
#4842=VECTOR('',#5375,1.0);
#4843=AXIS2_PLACEMENT_3D('',#5376,#5377,#5378);
#4844=CARTESIAN_POINT('',(0.0099340000573134,0.189413679285942,-0.132549191965306));
#4845=CARTESIAN_POINT('',(0.00640388424864764,0.189413715429437,-0.132549191964596));
#4846=VECTOR('',#5379,1.0);
#4847=CARTESIAN_POINT('',(0.00993399425329297,0.188846713754438,-0.127966645918783));
#4848=CARTESIAN_POINT('',(-0.0187660057452028,0.188847007602681,-0.127966645913013));
#4849=VECTOR('',#5380,0.999999999999999);
#4850=AXIS2_PLACEMENT_3D('',#5381,#5382,#5383);
#4851=CARTESIAN_POINT('',(0.00993392072572697,0.181665161818539,-0.120120153236679));
#4852=CARTESIAN_POINT('',(0.00640380491725772,0.181665197962034,-0.120120153235969));
#4853=VECTOR('',#5384,1.0);
#4854=AXIS2_PLACEMENT_3D('',#5385,#5386,#5387);
#4855=CARTESIAN_POINT('',(0.00993388240783878,0.177922689956033,-0.120919256044555));
#4856=CARTESIAN_POINT('',(-0.018766117590657,0.177922983804275,-0.120919256038786));
#4857=VECTOR('',#5388,1.0);
#4858=CARTESIAN_POINT('',(0.00993391081764649,0.180697443301314,-0.120037640956183));
#4859=AXIS2_PLACEMENT_3D('',#5389,#5390,#5391);
#4860=AXIS2_PLACEMENT_3D('',#5392,#5393,#5394);
#4861=CARTESIAN_POINT('',(0.0119338598858239,0.175723353951912,-0.140646471033715));
#4862=AXIS2_PLACEMENT_3D('',#5395,#5396,#5397);
#4863=CARTESIAN_POINT('',(0.0113480615226439,0.174558610333434,-0.141448567244539));
#4864=AXIS2_PLACEMENT_3D('',#5398,#5399,#5400);
#4865=AXIS2_PLACEMENT_3D('',#5401,#5402,#5403);
#4866=CARTESIAN_POINT('',(0.01193378439683,0.168350174243329,-0.129939640457898));
#4867=AXIS2_PLACEMENT_3D('',#5404,#5405,#5406);
#4868=CARTESIAN_POINT('',(0.0113479897471138,0.167548084030071,-0.128774890841599));
#4869=AXIS2_PLACEMENT_3D('',#5407,#5408,#5409);
#4870=CARTESIAN_POINT('',(0.00993377278324341,0.167215859380777,-0.128292435753524));
#4871=AXIS2_PLACEMENT_3D('',#5410,#5411,#5412);
#4872=AXIS2_PLACEMENT_3D('',#5413,#5414,#5415);
#4873=CARTESIAN_POINT('',(0.0119339110673099,0.180721856825754,-0.122037491695905));
#4874=AXIS2_PLACEMENT_3D('',#5416,#5417,#5418);
#4875=CARTESIAN_POINT('',(0.011933936739946,0.183229314884086,-0.123335764795125));
#4876=AXIS2_PLACEMENT_3D('',#5419,#5420,#5421);
#4877=CARTESIAN_POINT('',(0.0113481622279335,0.184394070497848,-0.122533668584066));
#4878=AXIS2_PLACEMENT_3D('',#5422,#5423,#5424);
#4879=CARTESIAN_POINT('',(0.00993395360537314,0.184876540065201,-0.122201429454881));
#4880=AXIS2_PLACEMENT_3D('',#5425,#5426,#5427);
#4881=AXIS2_PLACEMENT_3D('',#5428,#5429,#5430);
#4882=CARTESIAN_POINT('',(0.0113482028758534,0.188364244187084,-0.128298885047967));
#4883=CARTESIAN_POINT('',(0.0113481825518935,0.186379157342466,-0.125416276816016));
#4884=VECTOR('',#5431,1.0);
#4885=CARTESIAN_POINT('',(0.0119339773878658,0.187199488573323,-0.129100981259026));
#4886=CARTESIAN_POINT('',(0.0119338856575961,0.178239986966946,-0.11609060181153));
#4887=VECTOR('',#5432,0.999999999999999);
#4888=AXIS2_PLACEMENT_3D('',#5433,#5434,#5435);
#4889=CARTESIAN_POINT('',(0.011348191284943,0.187232286735709,-0.134438040940809));
#4890=CARTESIAN_POINT('',(0.0113480816603476,0.176525456160453,-0.141811220649779));
#4891=CARTESIAN_POINT('',(0.011348157076675,0.183891228743387,-0.136738835823321));
#4892=VECTOR('',#5436,1.0);
#4893=CARTESIAN_POINT('',(0.0119339695104193,0.186430184527168,-0.133273291324746));
#4894=AXIS2_PLACEMENT_3D('',#5437,#5438,#5439);
#4895=CARTESIAN_POINT('',(0.0119339353021512,0.183089126534846,-0.135574086207258));
#4896=VECTOR('',#5440,1.0);
#4897=AXIS2_PLACEMENT_3D('',#5441,#5442,#5443);
#4898=CARTESIAN_POINT('',(0.0113480993717092,0.178254914605327,-0.12140171113263));
#4899=CARTESIAN_POINT('',(0.0113480754591909,0.175919423364633,-0.12301002990683));
#4900=VECTOR('',#5444,1.0);
#4901=CARTESIAN_POINT('',(0.0119338940214253,0.179057004818585,-0.122566460748929));
#4902=CARTESIAN_POINT('',(0.011933870108907,0.176721513577891,-0.124174779523129));
#4903=VECTOR('',#5445,1.0);
#4904=AXIS2_PLACEMENT_3D('',#5446,#5447,#5448);
#4905=CARTESIAN_POINT('',(0.01134798603365,0.167185430624851,-0.130741736668722));
#4906=CARTESIAN_POINT('',(0.0113480237781469,0.170872020479122,-0.136095151956601));
#4907=VECTOR('',#5449,1.0);
#4908=CARTESIAN_POINT('',(0.0119337640212966,0.166360050105625,-0.127049717411205));
#4909=VECTOR('',#5450,1.0);
#4910=AXIS2_PLACEMENT_3D('',#5451,#5452,#5453);
#4911=CARTESIAN_POINT('',(-0.00485199935405286,0.168612971778894,-0.145155202993098));
#4912=CARTESIAN_POINT('',(-0.00485215262074693,0.153643589072815,-0.149890246077495));
#4913=VECTOR('',#5454,1.0);
#4914=CARTESIAN_POINT('',(-0.00626621110765266,0.168789651901087,-0.145713714408299));
#4915=CARTESIAN_POINT('',(-0.00626636437434671,0.153820269195008,-0.150448757492696));
#4916=VECTOR('',#5455,0.999999999999999);
#4917=AXIS2_PLACEMENT_3D('',#5456,#5457,#5458);
#4918=CARTESIAN_POINT('',(-0.004852062751954,0.16242064170236,-0.130512519368143));
#4919=CARTESIAN_POINT('',(-0.00485222164694289,0.146901553509524,-0.135421442646136));
#4920=VECTOR('',#5459,1.0);
#4921=CARTESIAN_POINT('',(-0.00542067161562899,0.16427443433201,-0.129508451217644));
#4922=CARTESIAN_POINT('',(-0.00542067161548764,0.164274434332373,-0.129508451217493));
#4923=CARTESIAN_POINT('',(-0.00540972361531646,0.164220221550355,-0.129530956920098));
#4924=CARTESIAN_POINT('',(-0.00539848949293537,0.164166895503971,-0.129553448931924));
#4925=CARTESIAN_POINT('',(-0.00533422921554522,0.163873465220738,-0.129679255821705));
#4926=CARTESIAN_POINT('',(-0.00527618423938888,0.163651214977936,-0.129782453587061));
#4927=CARTESIAN_POINT('',(-0.00515649227343598,0.163243400594453,-0.129988883641712));
#4928=CARTESIAN_POINT('',(-0.00509520714279231,0.163058702881211,-0.130091553549077));
#4929=CARTESIAN_POINT('',(-0.00494885287780225,0.162651760914068,-0.130340324228615));
#4930=CARTESIAN_POINT('',(-0.00486379094608224,0.162443410972312,-0.130487973081694));
#4931=CARTESIAN_POINT('',(-0.00470946884631233,0.162092856732062,-0.13077746370502));
#4932=CARTESIAN_POINT('',(-0.00463992674607257,0.161948236816669,-0.130918208948762));
#4933=CARTESIAN_POINT('',(-0.0045239541854247,0.161721352021636,-0.13118176238995));
#4934=CARTESIAN_POINT('',(-0.00447562111392778,0.161633269779649,-0.131304292147788));
#4935=CARTESIAN_POINT('',(-0.00439862071912149,0.161501578350502,-0.131530403175427));
#4936=CARTESIAN_POINT('',(-0.00436814190029731,0.161453521799326,-0.131634160921499));
#4937=CARTESIAN_POINT('',(-0.00432487245108246,0.161390094179077,-0.131812812101104));
#4938=CARTESIAN_POINT('',(-0.00430949934293735,0.161369508379843,-0.131888736884642));
#4939=CARTESIAN_POINT('',(-0.00428833068710836,0.161342241575459,-0.132021553795347));
#4940=CARTESIAN_POINT('',(-0.00428115329452101,0.161333470446281,-0.13207857714283));
#4941=CARTESIAN_POINT('',(-0.0042721211038034,0.161320539175721,-0.132178413798261));
#4942=CARTESIAN_POINT('',(-0.00426939544080115,0.161315783558434,-0.132221271384401));
#4943=CARTESIAN_POINT('',(-0.00426680435837303,0.161306877704824,-0.132293012375347));
#4944=CARTESIAN_POINT('',(-0.00426628654722859,0.161303087242572,-0.132321722786587));
#4945=CARTESIAN_POINT('',(-0.00426628730014251,0.161298231698405,-0.132350829295196));
#4946=CARTESIAN_POINT('',(-0.0062662369536727,0.166264950585868,-0.128682117224789));
#4947=CARTESIAN_POINT('',(-0.00625496372260912,0.166264950470446,-0.128682117224791));
#4948=CARTESIAN_POINT('',(-0.00624366835844814,0.166263937540682,-0.128682537681733));
#4949=CARTESIAN_POINT('',(-0.00616763519173101,0.166250270921076,-0.128688210882436));
#4950=CARTESIAN_POINT('',(-0.00610295954183969,0.166203899394083,-0.128707461159075));
#4951=CARTESIAN_POINT('',(-0.00598874542757419,0.166067520787726,-0.128764076523038));
#4952=CARTESIAN_POINT('',(-0.00593726102778475,0.165982394136731,-0.128799415554129));
#4953=CARTESIAN_POINT('',(-0.00584012223149917,0.165784204901531,-0.128881690889584));
#4954=CARTESIAN_POINT('',(-0.00579473849637779,0.165671969281314,-0.128928283891485));
#4955=CARTESIAN_POINT('',(-0.00568103528257815,0.165350882083107,-0.12906157868776));
#4956=CARTESIAN_POINT('',(-0.00561687500676589,0.165126043867903,-0.129154917149571));
#4957=CARTESIAN_POINT('',(-0.0055086740043207,0.164691150473608,-0.129335457168685));
#4958=CARTESIAN_POINT('',(-0.00546326755145913,0.164485513850434,-0.129420824412713));
#4959=CARTESIAN_POINT('',(-0.00542066763476539,0.164274454527076,-0.129508442833901));
#4960=CARTESIAN_POINT('',(-0.00626643701794103,0.146724902346507,-0.134862931230366));
#4961=VECTOR('',#5460,0.999999999999999);
#4962=CARTESIAN_POINT('',(-0.00426628780690646,0.161298218597116,-0.132350833923459));
#4963=CARTESIAN_POINT('',(-0.00426643084276062,0.147328056102265,-0.136769808480258));
#4964=VECTOR('',#5461,0.999999999999999);
#4965=CARTESIAN_POINT('',(-0.00542067161548764,0.164274434332373,-0.129508451217493));
#4966=CARTESIAN_POINT('',(-0.00540972361531646,0.164220221550355,-0.129530956920098));
#4967=CARTESIAN_POINT('',(-0.00539848949293537,0.164166895503971,-0.129553448931924));
#4968=CARTESIAN_POINT('',(-0.00533422921554522,0.163873465220738,-0.129679255821705));
#4969=CARTESIAN_POINT('',(-0.00527618423938888,0.163651214977936,-0.129782453587061));
#4970=CARTESIAN_POINT('',(-0.00515649227343598,0.163243400594453,-0.129988883641712));
#4971=CARTESIAN_POINT('',(-0.00509520714279231,0.163058702881211,-0.130091553549077));
#4972=CARTESIAN_POINT('',(-0.00494885287780225,0.162651760914068,-0.130340324228615));
#4973=CARTESIAN_POINT('',(-0.00486379094608224,0.162443410972312,-0.130487973081694));
#4974=CARTESIAN_POINT('',(-0.00470946884631233,0.162092856732062,-0.13077746370502));
#4975=CARTESIAN_POINT('',(-0.00463992674607257,0.161948236816669,-0.130918208948762));
#4976=CARTESIAN_POINT('',(-0.0045239541854247,0.161721352021636,-0.13118176238995));
#4977=CARTESIAN_POINT('',(-0.00447562111392778,0.161633269779649,-0.131304292147788));
#4978=CARTESIAN_POINT('',(-0.00439862071912149,0.161501578350502,-0.131530403175427));
#4979=CARTESIAN_POINT('',(-0.00436814190029731,0.161453521799326,-0.131634160921499));
#4980=CARTESIAN_POINT('',(-0.00432487245108246,0.161390094179077,-0.131812812101104));
#4981=CARTESIAN_POINT('',(-0.00430949934293735,0.161369508379843,-0.131888736884642));
#4982=CARTESIAN_POINT('',(-0.00428833068710836,0.161342241575459,-0.132021553795347));
#4983=CARTESIAN_POINT('',(-0.00428115329452101,0.161333470446281,-0.13207857714283));
#4984=CARTESIAN_POINT('',(-0.0042721211038034,0.161320539175721,-0.132178413798261));
#4985=CARTESIAN_POINT('',(-0.00426939544080115,0.161315783558434,-0.132221271384401));
#4986=CARTESIAN_POINT('',(-0.00426680435837303,0.161306877704824,-0.132293012375347));
#4987=CARTESIAN_POINT('',(-0.00426628654722859,0.161303087242572,-0.132321722786587));
#4988=CARTESIAN_POINT('',(-0.00426628730014251,0.161298231698405,-0.132350829295196));
#4989=CARTESIAN_POINT('',(-0.00426628013838704,0.162047197312542,-0.133000844925523));
#4990=CARTESIAN_POINT('',(-0.00426628013838703,0.162047197312542,-0.133000844925523));
#4991=CARTESIAN_POINT('',(-0.0042662804075817,0.162020903607785,-0.132943118046705));
#4992=CARTESIAN_POINT('',(-0.00426628073335668,0.161989084181986,-0.13288702964495));
#4993=CARTESIAN_POINT('',(-0.00426628167052231,0.161897549140956,-0.132755702834768));
#4994=CARTESIAN_POINT('',(-0.004266282407165,0.161825600530187,-0.132673497841866));
#4995=CARTESIAN_POINT('',(-0.00426628465228814,0.161606317151511,-0.132499958572137));
#4996=CARTESIAN_POINT('',(-0.00426628601973697,0.161472757791638,-0.132428797608638));
#4997=CARTESIAN_POINT('',(-0.00426628774476762,0.161304273496857,-0.132353533762225));
#4998=CARTESIAN_POINT('',(-0.00426628777935831,0.161300589254581,-0.132351890307537));
#4999=CARTESIAN_POINT('',(-0.00426628780362653,0.161298218969339,-0.132350836203268));
#5000=AXIS2_PLACEMENT_3D('',#5462,#5463,#5464);
#5001=CARTESIAN_POINT('',(-0.0042663705497368,0.15321707448479,-0.148541880243609));
#5002=VECTOR('',#5465,0.999999999999999);
#5003=CARTESIAN_POINT('',(-0.00426628013838645,0.16204719736933,-0.133000844909792));
#5004=CARTESIAN_POINT('',(-0.00426628018139834,0.16204299681069,-0.133020666406845));
#5005=CARTESIAN_POINT('',(-0.00426628022417719,0.162038819011905,-0.133040485246857));
#5006=CARTESIAN_POINT('',(-0.00426628084300179,0.161978384403285,-0.133328644611343));
#5007=CARTESIAN_POINT('',(-0.00426628137969041,0.161925971584861,-0.133597086201849));
#5008=CARTESIAN_POINT('',(-0.00426628228712879,0.161837351769224,-0.134065813302252));
#5009=CARTESIAN_POINT('',(-0.00426628266463342,0.161800485018327,-0.13426566440262));
#5010=CARTESIAN_POINT('',(-0.00426628304916526,0.161762931999415,-0.134469330868759));
#5011=CARTESIAN_POINT('',(-0.0042662830563875,0.16176222668211,-0.134473156147605));
#5012=CARTESIAN_POINT('',(-0.00426628306361047,0.161761521293345,-0.134476981814007));
#5013=AXIS2_PLACEMENT_3D('',#5466,#5467,#5468);
#5014=AXIS2_PLACEMENT_3D('',#5469,#5470,#5471);
#5015=CARTESIAN_POINT('',(-0.00447911997444373,0.173814283382181,-0.144124341376414));
#5016=CARTESIAN_POINT('',(-0.0187661596612248,0.173814429661676,-0.144124341373542));
#5017=CARTESIAN_POINT('',(-0.0187661596612248,0.173814429661676,-0.144124341373542));
#5018=VECTOR('',#5472,0.999999999999999);
#5019=AXIS2_PLACEMENT_3D('',#5473,#5474,#5475);
#5020=CARTESIAN_POINT('',(-0.0187662084586259,0.169048443310634,-0.145631895235644));
#5021=VECTOR('',#5476,1.0);
#5022=AXIS2_PLACEMENT_3D('',#5477,#5478,#5479);
#5023=CARTESIAN_POINT('',(-0.0187665881690343,0.131962211944318,-0.139532634880437));
#5024=AXIS2_PLACEMENT_3D('',#5480,#5481,#5482);
#5025=CARTESIAN_POINT('',(-0.0187662811022202,0.161953076462133,-0.130046068973313));
#5026=VECTOR('',#5483,1.0);
#5027=CARTESIAN_POINT('',(-0.0187662233570024,0.167592981335536,-0.128032935858482));
#5028=AXIS2_PLACEMENT_3D('',#5484,#5485,#5486);
#5029=CARTESIAN_POINT('',(-0.01876617451112,0.172363667928662,-0.12474763781075));
#5030=CARTESIAN_POINT('',(-0.0187661415031753,0.175587492563581,-0.122527574812985));
#5031=VECTOR('',#5487,1.0);
#5032=AXIS2_PLACEMENT_3D('',#5488,#5489,#5490);
#5033=CARTESIAN_POINT('',(-0.0187661543959354,0.17432819012069,-0.118784648237482));
#5034=VECTOR('',#5491,1.0);
#5035=CARTESIAN_POINT('',(-0.0187660757947433,0.182005518316808,-0.138748877794511));
#5036=AXIS2_PLACEMENT_3D('',#5492,#5493,#5494);
#5037=CARTESIAN_POINT('',(-0.0187660530825484,0.1842237762001,-0.137221290905059));
#5038=VECTOR('',#5495,1.0);
#5039=AXIS2_PLACEMENT_3D('',#5496,#5497,#5498);
#5040=CARTESIAN_POINT('',(-0.00276658816987285,0.131962048126483,-0.139532634883654));
#5041=VECTOR('',#5499,0.999999999999999);
#5042=AXIS2_PLACEMENT_3D('',#5500,#5501,#5502);
#5043=CARTESIAN_POINT('',(0.00993374715607907,0.164712865878969,-0.128184052750644));
#5044=VECTOR('',#5503,1.0);
#5045=AXIS2_PLACEMENT_3D('',#5504,#5505,#5506);
#5046=CARTESIAN_POINT('',(0.00993385849532046,0.175587198715339,-0.122527574818755));
#5047=VECTOR('',#5507,1.0);
#5048=CARTESIAN_POINT('',(0.00993387149962014,0.176857709768923,-0.142293675737285));
#5049=AXIS2_PLACEMENT_3D('',#5508,#5509,#5510);
#5050=CARTESIAN_POINT('',(0.00993398112421551,0.187564540344179,-0.134920496028316));
#5051=CARTESIAN_POINT('',(0.00993394691594744,0.184223482351858,-0.137221290910828));
#5052=VECTOR('',#5511,1.0);
#5053=AXIS2_PLACEMENT_3D('',#5512,#5513,#5514);
#5054=AXIS2_PLACEMENT_3D('',#5515,#5516,#5517);
#5055=AXIS2_PLACEMENT_3D('',#5518,#5519,#5520);
#5056=AXIS2_PLACEMENT_3D('',#5521,#5522,#5523);
#5057=CARTESIAN_POINT('',(0.00993390252302333,0.179887212148061,-0.114956266471287));
#5058=VECTOR('',#5524,0.999999999999999);
#5059=AXIS2_PLACEMENT_3D('',#5525,#5526,#5527);
#5060=AXIS2_PLACEMENT_3D('',#5528,#5529,#5530);
#5061=CARTESIAN_POINT('',(-0.0187660463931226,0.184876833913444,-0.122201429449112));
#5062=VECTOR('',#5531,1.0);
#5063=CARTESIAN_POINT('',(0.0028737505319575,0.187664505069702,-0.126249817824518));
#5064=CARTESIAN_POINT('',(0.00287374376428324,0.187003491114284,-0.125289938273409));
#5065=VECTOR('',#5532,0.999999999999999);
#5066=AXIS2_PLACEMENT_3D('',#5533,#5534,#5535);
#5067=CARTESIAN_POINT('',(0.00287374376428324,0.187003491114284,-0.125289938273409));
#5068=VECTOR('',#5536,0.999999999999999);
#5069=CARTESIAN_POINT('',(0.00287374950745402,0.18756461263117,-0.134920496026897));
#5070=CARTESIAN_POINT('',(-0.0187660188742803,0.187564834192421,-0.134920496022546));
#5071=VECTOR('',#5537,0.999999999999999);
#5072=AXIS2_PLACEMENT_3D('',#5538,#5539,#5540);
#5073=CARTESIAN_POINT('',(0.00173387150004983,0.176857793725564,-0.142293675735637));
#5074=CARTESIAN_POINT('',(-0.0187661284988756,0.176858003617166,-0.142293675731516));
#5075=VECTOR('',#5541,0.999999999999999);
#5076=AXIS2_PLACEMENT_3D('',#5542,#5543,#5544);
#5077=CARTESIAN_POINT('',(-0.00387630741265497,0.182005365866206,-0.138748877797504));
#5078=CARTESIAN_POINT('',(-0.0125560757950687,0.182005454735011,-0.13874887779576));
#5079=VECTOR('',#5545,0.999999999999999);
#5080=CARTESIAN_POINT('',(-0.00589943608955462,0.180339147094235,-0.139896321298783));
#5081=VECTOR('',#5546,1.0);
#5082=AXIS2_PLACEMENT_3D('',#5547,#5548,#5549);
#5083=AXIS2_PLACEMENT_3D('',#5550,#5551,#5552);
#5084=CARTESIAN_POINT('',(0.00173379065518935,0.168961563733906,-0.13435360116488));
#5085=VECTOR('',#5553,0.999999999999999);
#5086=CARTESIAN_POINT('',(0.00287375053195755,0.187664505069702,-0.126249817824518));
#5087=CARTESIAN_POINT('',(0.00268829152093883,0.18742618486037,-0.12590374265267));
#5088=CARTESIAN_POINT('',(0.00260025857416932,0.187152700419048,-0.125519803154985));
#5089=CARTESIAN_POINT('',(0.00260025601362053,0.186902610805472,-0.125156640011386));
#5090=CARTESIAN_POINT('',(-0.00330669227628665,0.165743720077857,-0.129306306951823));
#5091=AXIS2_PLACEMENT_3D('',#5554,#5555,#5556);
#5092=CARTESIAN_POINT('',(-0.00626622335765813,0.167592853352852,-0.128032935860995));
#5093=CARTESIAN_POINT('',(-0.00330667834379911,0.16574373883817,-0.129306294032573));
#5094=CARTESIAN_POINT('',(-0.00345578360815108,0.165939805738573,-0.129171275062624));
#5095=CARTESIAN_POINT('',(-0.00361471160634224,0.166130835238468,-0.129039725130543));
#5096=CARTESIAN_POINT('',(-0.00399342656302513,0.166534836880924,-0.128761515056844));
#5097=CARTESIAN_POINT('',(-0.0042179934470025,0.16674370439543,-0.128617681570687));
#5098=CARTESIAN_POINT('',(-0.00461596314758491,0.167041984719504,-0.128412275836934));
#5099=CARTESIAN_POINT('',(-0.00477480917499327,0.167146248374422,-0.128340476561862));
#5100=CARTESIAN_POINT('',(-0.00511480017910932,0.167330360906699,-0.128213691224979));
#5101=CARTESIAN_POINT('',(-0.00529499781923653,0.167409441560036,-0.128159234188281));
#5102=CARTESIAN_POINT('',(-0.00569475080917192,0.167536134907823,-0.128071990569589));
#5103=CARTESIAN_POINT('',(-0.00592111680446053,0.167579213928217,-0.128042326116729));
#5104=CARTESIAN_POINT('',(-0.00618723324771075,0.167591911679776,-0.128033583780272));
#5105=CARTESIAN_POINT('',(-0.00622676704893558,0.167592852948874,-0.128032935861003));
#5106=CARTESIAN_POINT('',(-0.00626622335765813,0.167592853352852,-0.128032935860995));
#5107=AXIS2_PLACEMENT_3D('',#5557,#5558,#5559);
#5108=CARTESIAN_POINT('',(-0.00421472383588727,0.16237307702077,-0.13366471021617));
#5109=CARTESIAN_POINT('',(-0.0042147237804765,0.162373077465619,-0.133664709630323));
#5110=CARTESIAN_POINT('',(-0.00421486864474469,0.162372617236684,-0.133663799245815));
#5111=CARTESIAN_POINT('',(-0.00421492158016064,0.162372441925394,-0.133663499872579));
#5112=CARTESIAN_POINT('',(-0.00421669821820507,0.162366811379888,-0.133652146880477));
#5113=CARTESIAN_POINT('',(-0.00423588843532936,0.162308564043012,-0.133537985929741));
#5114=CARTESIAN_POINT('',(-0.00426201482182097,0.162161712594445,-0.133243496558422));
#5115=CARTESIAN_POINT('',(-0.00426627959756129,0.162100021750386,-0.133116814726635));
#5116=CARTESIAN_POINT('',(-0.00426628013838704,0.162047197312542,-0.133000844925523));
#5117=CARTESIAN_POINT('',(-0.00421440151679811,0.162373577212231,-0.133664312855577));
#5118=CARTESIAN_POINT('',(-0.0042097915461418,0.162397879445373,-0.133646873683046));
#5119=CARTESIAN_POINT('',(-0.00420491183132485,0.162422054829167,-0.133629463525673));
#5120=CARTESIAN_POINT('',(-0.00402004066496018,0.163283868743135,-0.1330065142104));
#5121=CARTESIAN_POINT('',(-0.00371686545382323,0.163715700367558,-0.132644343497483));
#5122=CARTESIAN_POINT('',(-0.00250758566516805,0.165350796761874,-0.131210366598598));
#5123=CARTESIAN_POINT('',(-0.00214132447155761,0.165238891002424,-0.131011952770682));
#5124=CARTESIAN_POINT('',(-0.0020105444304921,0.165363111907338,-0.1303858475758));
#5125=CARTESIAN_POINT('',(-0.00228520483048737,0.165294959363899,-0.130172592295386));
#5126=CARTESIAN_POINT('',(-0.00269022660201899,0.165315947982049,-0.129850115114199));
#5127=CARTESIAN_POINT('',(-0.00285372780638333,0.165344995617431,-0.129737669753909));
#5128=CARTESIAN_POINT('',(-0.0030784042703358,0.165451766099362,-0.129563770152103));
#5129=CARTESIAN_POINT('',(-0.00315663878472109,0.165507654225735,-0.129497977057207));
#5130=CARTESIAN_POINT('',(-0.00325480109434218,0.165628604344414,-0.129390223595169));
#5131=CARTESIAN_POINT('',(-0.00328551439214836,0.165682321904891,-0.129348588200335));
#5132=CARTESIAN_POINT('',(-0.00330669227577881,0.165743720078175,-0.129306306951603));
#5133=CARTESIAN_POINT('',(-0.0187662233570024,0.167592981335536,-0.128032935858482));
#5134=VECTOR('',#5560,0.999999999999999);
#5135=CARTESIAN_POINT('',(-0.00426628306361047,0.161761521293345,-0.134476981814007));
#5136=CARTESIAN_POINT('',(-0.00426628303680281,0.161764139515311,-0.134473508841987));
#5137=CARTESIAN_POINT('',(-0.00426628017288194,0.16176675747201,-0.134470036221795));
#5138=CARTESIAN_POINT('',(-0.0042659766386798,0.161906143010867,-0.134285146470285));
#5139=CARTESIAN_POINT('',(-0.00425789160738563,0.162042891934122,-0.13410374373594));
#5140=CARTESIAN_POINT('',(-0.00422128294565396,0.162361276742712,-0.133680640273753));
#5141=CARTESIAN_POINT('',(-0.00418664921715515,0.162541756305061,-0.13344018016812));
#5142=CARTESIAN_POINT('',(-0.00409389470893137,0.162895139116965,-0.132967237174935));
#5143=CARTESIAN_POINT('',(-0.00403563392003327,0.163068463809219,-0.132734166929264));
#5144=CARTESIAN_POINT('',(-0.0039509448214422,0.163280936299147,-0.132447363589774));
#5145=CARTESIAN_POINT('',(-0.00393264898029625,0.163324945122673,-0.132387883364226));
#5146=CARTESIAN_POINT('',(-0.00391381963589398,0.163368568893351,-0.132328876179912));
#5147=CARTESIAN_POINT('',(-0.0037627408680635,0.174213684469283,-0.143979056824953));
#5148=CARTESIAN_POINT('',(-0.00365044318388256,0.175142177664802,-0.143475160012786));
#5149=CARTESIAN_POINT('',(-0.00365105631044561,0.175139006068379,-0.143477344113534));
#5150=CARTESIAN_POINT('',(-0.00365166690111605,0.175135831704483,-0.143479524718608));
#5151=CARTESIAN_POINT('',(-0.00372688653675326,0.174742810763157,-0.143748839479523));
#5152=CARTESIAN_POINT('',(-0.00376302689904012,0.174314587906245,-0.143961044587937));
#5153=CARTESIAN_POINT('',(-0.00379876942482539,0.173423942907864,-0.144252170829981));
#5154=CARTESIAN_POINT('',(-0.0037991715662704,0.172978875018615,-0.144331336665228));
#5155=CARTESIAN_POINT('',(-0.00380522987123683,0.172537927726136,-0.144351782127485));
#5156=CARTESIAN_POINT('',(-0.00376094079444572,0.174214606353459,-0.143978676271608));
#5157=CARTESIAN_POINT('',(-0.0040008318419372,0.174091775438893,-0.144029395153413));
#5158=CARTESIAN_POINT('',(-0.00423703198533454,0.173960380041351,-0.144077920234343));
#5159=CARTESIAN_POINT('',(-0.00447217550449093,0.173818481571522,-0.144123011876306));
#5160=CARTESIAN_POINT('',(-0.00447564823415253,0.173816383431471,-0.144123677087688));
#5161=CARTESIAN_POINT('',(-0.00447911997444372,0.173814283382181,-0.144124341376414));
#5162=CARTESIAN_POINT('',(-0.00395717992242698,0.174395251804459,-0.143940570551249));
#5163=CARTESIAN_POINT('',(-0.0037680759273572,0.174226506993687,-0.143993946485156));
#5164=CARTESIAN_POINT('',(-0.00358467458739419,0.174040394149681,-0.144000052579172));
#5165=CARTESIAN_POINT('',(-0.00324881796212385,0.173653278373158,-0.14391706594357));
#5166=CARTESIAN_POINT('',(-0.00309986454936695,0.173456094949483,-0.143828396471409));
#5167=CARTESIAN_POINT('',(-0.00288586473637071,0.173122742981908,-0.143598715408816));
#5168=CARTESIAN_POINT('',(-0.00281044049908343,0.172985137827056,-0.143476652084057));
#5169=CARTESIAN_POINT('',(-0.00269778098523309,0.172730740914403,-0.143194141372542));
#5170=CARTESIAN_POINT('',(-0.00266133747503011,0.172615389058708,-0.143034959099745));
#5171=CARTESIAN_POINT('',(-0.00264585323612293,0.172514850809735,-0.14286154161868));
#5172=CARTESIAN_POINT('',(-0.00264568190433705,0.172513722683138,-0.142859590580883));
#5173=CARTESIAN_POINT('',(-0.00264551331550841,0.172512596687419,-0.142857638075756));
#5174=AXIS2_PLACEMENT_3D('',#5561,#5562,#5563);
#5175=CARTESIAN_POINT('',(0.00173377278367311,0.167215943337417,-0.128292435751876));
#5176=AXIS2_PLACEMENT_3D('',#5564,#5565,#5566);
#5177=AXIS2_PLACEMENT_3D('',#5567,#5568,#5569);
#5178=CARTESIAN_POINT('',(-0.0187662272152524,0.167216153229019,-0.128292435747755));
#5179=VECTOR('',#5570,0.999999999999999);
#5180=AXIS2_PLACEMENT_3D('',#5571,#5572,#5573);
#5181=AXIS2_PLACEMENT_3D('',#5574,#5575,#5576);
#5182=CARTESIAN_POINT('',(-0.0125561745114455,0.172363604346864,-0.124747637811999));
#5183=VECTOR('',#5577,1.0);
#5184=CARTESIAN_POINT('',(-0.0044829242999174,0.180523509517404,-0.125199213401698));
#5185=AXIS2_PLACEMENT_3D('',#5578,#5579,#5580);
#5186=CARTESIAN_POINT('',(-0.00448290252424606,0.182650388279495,-0.128287722221645));
#5187=VECTOR('',#5581,0.999999999999999);
#5188=AXIS2_PLACEMENT_3D('',#5582,#5583,#5584);
#5189=AXIS2_PLACEMENT_3D('',#5585,#5586,#5587);
#5190=AXIS2_PLACEMENT_3D('',#5588,#5589,#5590);
#5191=AXIS2_PLACEMENT_3D('',#5591,#5592,#5593);
#5192=AXIS2_PLACEMENT_3D('',#5594,#5595,#5596);
#5193=AXIS2_PLACEMENT_3D('',#5597,#5598,#5599);
#5194=CARTESIAN_POINT('',(-0.00882453611435259,0.176947822420274,-0.127661614492853));
#5195=VECTOR('',#5600,0.999999999999999);
#5196=AXIS2_PLACEMENT_3D('',#5601,#5602,#5603);
#5197=AXIS2_PLACEMENT_3D('',#5604,#5605,#5606);
#5198=AXIS2_PLACEMENT_3D('',#5607,#5608,#5609);
#5199=DIRECTION('',(0.707109310443423,0.247014531641634,0.662555842357526));
#5200=CARTESIAN_POINT('',(-0.00486661334907018,0.129503010518634,-0.149225571914808));
#5201=DIRECTION('',(-0.999999999947585,1.0238614723268E-05,2.01025973645472E-10));
#5202=DIRECTION('',(3.57696178900903E-06,0.349341539365551,0.936995458292575));
#5203=DIRECTION('',(-0.707104251855549,0.247029011229435,0.66255584264182));
#5204=CARTESIAN_POINT('',(-0.00426661334910161,0.129503004375465,-0.149225571914929));
#5205=DIRECTION('',(-0.999999999947585,1.02386147232611E-05,2.01025945889904E-10));
#5206=DIRECTION('',(3.57696178898064E-06,0.349341539365554,0.936995458292574));
#5207=DIRECTION('',(0.999999999947585,-1.02386147231431E-05,-2.01026056911857E-10));
#5208=CARTESIAN_POINT('',(-0.0167666133484464,0.129503132358149,-0.149225571912416));
#5209=DIRECTION('',(0.999999999947585,-1.0238614723268E-05,-2.0102597364477E-10));
#5210=DIRECTION('',(3.57696178900899E-06,0.349341539365546,0.936995458292577));
#5211=DIRECTION('',(-0.999999999947585,1.02386147231431E-05,2.01026056911857E-10));
#5212=CARTESIAN_POINT('',(-0.00486661334907018,0.129503010518634,-0.149225571914808));
#5213=DIRECTION('',(-0.999999999947585,1.0238614723268E-05,2.01025973645472E-10));
#5214=DIRECTION('',(3.57696178900903E-06,0.349341539365551,0.936995458292575));
#5215=DIRECTION('',(-0.707104251855548,0.24702901122943,0.662555842641823));
#5216=DIRECTION('',(0.707109310443424,0.24701453164162,0.662555842357531));
#5217=CARTESIAN_POINT('',(-0.0187666133483416,0.129503152835379,-0.149225571912014));
#5218=DIRECTION('',(-0.999999999947585,1.0238614723268E-05,2.01025973644724E-10));
#5219=DIRECTION('',(3.57696178900898E-06,0.349341539365545,0.936995458292577));
#5220=DIRECTION('',(0.999999999947585,-1.0238614723268E-05,-2.0102597364513E-10));
#5221=CARTESIAN_POINT('',(-0.0187666133483416,0.129503152835379,-0.149225571912014));
#5222=DIRECTION('',(0.999999999947585,-1.0238614723268E-05,-2.01025973644391E-10));
#5223=DIRECTION('',(9.31289828326577E-06,0.909577613900477,0.415534071051201));
#5224=DIRECTION('',(-0.999999999947585,1.02386147232611E-05,2.01025945889555E-10));
#5225=CARTESIAN_POINT('',(-0.00626661334899678,0.129503024852695,-0.149225571914527));
#5226=DIRECTION('',(0.999999999947585,-1.02386147232611E-05,-2.01025945889897E-10));
#5227=DIRECTION('',(-9.76195135949531E-06,-0.953438623876502,-0.30158711909693));
#5228=CARTESIAN_POINT('',(-0.00626661334899678,0.129503024852695,-0.149225571914527));
#5229=DIRECTION('',(0.999999999947585,-1.02386147232611E-05,-2.01025945889897E-10));
#5230=DIRECTION('',(-9.76195135949531E-06,-0.953438623876502,-0.30158711909693));
#5231=CARTESIAN_POINT('',(-0.00626661434807001,0.129405288846018,-0.141226168957243));
#5232=DIRECTION('',(-1.02378530679019E-05,-0.999925369608041,-0.0122170008352461));
#5233=DIRECTION('',(-1.248841536826E-07,-0.0122170008346078,0.999925369660452));
#5234=CARTESIAN_POINT('',(-0.00426661334910161,0.129503004375465,-0.149225571914929));
#5235=DIRECTION('',(-0.999999999947585,1.02386147232611E-05,2.01025945889638E-10));
#5236=DIRECTION('',(-9.76195135949531E-06,-0.953438623876502,-0.30158711909693));
#5237=CARTESIAN_POINT('',(-0.00626661334899678,0.129503024852695,-0.149225571914527));
#5238=DIRECTION('',(0.999999999947585,-1.02386147232611E-05,-2.01025945889897E-10));
#5239=DIRECTION('',(-9.76195135949531E-06,-0.953438623876502,-0.30158711909693));
#5240=CARTESIAN_POINT('',(-0.00626661234992355,0.129600760859371,-0.15722497487181));
#5241=DIRECTION('',(-1.02378530679019E-05,-0.999925369608041,-0.0122170008352461));
#5242=DIRECTION('',(1.248841536826E-07,0.0122170008346078,-0.999925369660452));
#5243=CARTESIAN_POINT('',(-0.00426661334910161,0.129503004375465,-0.149225571914929));
#5244=DIRECTION('',(-0.999999999947585,1.02386147232611E-05,2.01025945889638E-10));
#5245=DIRECTION('',(-9.76195135949531E-06,-0.953438623876502,-0.30158711909693));
#5246=CARTESIAN_POINT('',(0.00287372047322584,0.184728774281716,-0.130802484266967));
#5247=DIRECTION('',(-3.57696178898066E-06,-0.349341539365556,-0.936995458292573));
#5248=DIRECTION('',(-1.55125989700419E-22,-0.936995458298567,0.349341539367791));
#5249=CARTESIAN_POINT('',(0.00287372047322558,0.184728774281715,-0.130802484266967));
#5250=DIRECTION('',(-0.707112743941392,-0.582367568265993,-0.401048105328563));
#5251=DIRECTION('',(-0.707100818357578,0.582382047853814,0.401048105612832));
#5252=CARTESIAN_POINT('',(0.00287372047322558,0.184728774281715,-0.130802484266967));
#5253=DIRECTION('',(-0.707112743941392,-0.582367568265993,-0.401048105328563));
#5254=DIRECTION('',(-0.707100818357578,0.582382047853814,0.401048105612832));
#5255=CARTESIAN_POINT('',(0.00287372047322582,0.184728774281715,-0.130802484266967));
#5256=DIRECTION('',(-5.80684569248535E-06,-0.567167669890954,0.823602351985925));
#5257=DIRECTION('',(8.43266118254973E-06,0.823602351942755,0.56716766992068));
#5258=CARTESIAN_POINT('',(0.00287372047322582,0.184728774281715,-0.130802484266967));
#5259=DIRECTION('',(-5.80684569248535E-06,-0.567167669890954,0.823602351985925));
#5260=DIRECTION('',(8.43266118254973E-06,0.823602351942755,0.56716766992068));
#5261=CARTESIAN_POINT('',(0.00287372047322584,0.184728774281716,-0.130802484266967));
#5262=DIRECTION('',(-0.999999999947585,1.02386147232611E-05,2.01025945889379E-10));
#5263=DIRECTION('',(9.59346526818972E-06,0.936995458243461,-0.349341539383871));
#5264=CARTESIAN_POINT('',(0.00287367982530597,0.180758600592479,-0.125037267803065));
#5265=DIRECTION('',(-1.00688518706091E-05,-0.983422913509578,0.181326702619753));
#5266=DIRECTION('',(2.18333421450983E-22,0.181326702628944,0.983422913559428));
#5267=CARTESIAN_POINT('',(0.00287367982530602,0.180758600592479,-0.125037267803065));
#5268=DIRECTION('',(-0.999999999947585,1.0238614723268E-05,2.01025973645167E-10));
#5269=DIRECTION('',(1.85673194071294E-06,0.181326702610247,0.983422913561123));
#5270=CARTESIAN_POINT('',(0.00287367982530598,0.180758600592479,-0.125037267803065));
#5271=DIRECTION('',(5.80684569246227E-06,0.567167669890954,-0.823602351985924));
#5272=DIRECTION('',(-0.707100818357578,0.582382047853814,0.401048105612832));
#5273=CARTESIAN_POINT('',(0.00287367982530598,0.180758600592479,-0.125037267803065));
#5274=DIRECTION('',(5.80684569246227E-06,0.567167669890954,-0.823602351985924));
#5275=DIRECTION('',(-0.707100818357578,0.582382047853814,0.401048105612832));
#5276=CARTESIAN_POINT('',(0.00287367982530598,0.180758600592479,-0.125037267803065));
#5277=DIRECTION('',(-0.707112743941392,-0.582367568266009,-0.401048105328539));
#5278=DIRECTION('',(-5.80684568933898E-06,-0.567167669890955,0.823602351985924));
#5279=DIRECTION('',(-5.80684569248535E-06,-0.567167669890954,0.823602351985924));
#5280=DIRECTION('',(-5.80684569251311E-06,-0.567167669890954,0.823602351985925));
#5281=DIRECTION('',(0.707112743941392,0.582367568266009,0.401048105328539));
#5282=CARTESIAN_POINT('',(-0.00387637709480325,0.175199353827515,-0.128865649573673));
#5283=DIRECTION('',(-0.995627023157734,-0.0769355999175403,-0.052988151726563));
#5284=DIRECTION('',(-0.0934175075901174,0.820001065667478,0.564687012051677));
#5285=DIRECTION('',(0.707112743941392,0.582367568266009,0.401048105328539));
#5286=CARTESIAN_POINT('',(0.00287367982530598,0.180758600592479,-0.125037267803065));
#5287=DIRECTION('',(-0.707112743941392,-0.582367568266009,-0.401048105328539));
#5288=DIRECTION('',(-5.80684568933898E-06,-0.567167669890955,0.823602351985924));
#5289=DIRECTION('',(-0.999999999947585,1.0238614723268E-05,2.0102597364513E-10));
#5290=CARTESIAN_POINT('',(-0.00387637709480323,0.175199353827515,-0.128865649573673));
#5291=DIRECTION('',(0.770081531971603,0.525410860671254,0.361825733751708));
#5292=DIRECTION('',(-0.637945478926334,0.63424306201894,0.436762297134596));
#5293=DIRECTION('',(-0.999999999947585,1.02386147232611E-05,2.01025945889554E-10));
#5294=CARTESIAN_POINT('',(-0.0187661454768916,0.175199506278116,-0.12886564957068));
#5295=DIRECTION('',(-0.999999999947585,1.0238614723268E-05,2.01025973645167E-10));
#5296=DIRECTION('',(1.85673194071287E-06,0.18132670261024,0.983422913561124));
#5297=DIRECTION('',(0.707112743941392,0.582367568265993,0.401048105328563));
#5298=CARTESIAN_POINT('',(-0.00387633644688343,0.179169527516752,-0.134630866037575));
#5299=DIRECTION('',(-0.995627023157734,-0.0769355999175391,-0.052988151726563));
#5300=DIRECTION('',(-0.0934175075901163,0.820001065667453,0.564687012051714));
#5301=DIRECTION('',(0.707112743941392,0.582367568265993,0.401048105328563));
#5302=DIRECTION('',(0.999999999947585,-1.02386147232611E-05,-2.01025945889555E-10));
#5303=CARTESIAN_POINT('',(-0.0187661048289717,0.179169679967353,-0.134630866034582));
#5304=DIRECTION('',(-0.999999999947585,1.0238614723268E-05,2.01025973645167E-10));
#5305=DIRECTION('',(1.00688518706092E-05,0.983422913509582,-0.181326702619727));
#5306=DIRECTION('',(0.999999999947585,-1.02386147232646E-05,-2.0102597364513E-10));
#5307=CARTESIAN_POINT('',(-0.00387633644688344,0.179169527516752,-0.134630866037575));
#5308=DIRECTION('',(0.770081531971605,0.525410860671234,0.36182573375173));
#5309=DIRECTION('',(-0.637945478926331,0.634243062018923,0.436762297134625));
#5310=DIRECTION('',(-5.80684569256862E-06,-0.567167669890954,0.823602351985924));
#5311=CARTESIAN_POINT('',(-0.00801838774378543,0.18740559344591,-0.128959189337535));
#5312=DIRECTION('',(5.80684569256399E-06,0.567167669890954,-0.823602351985924));
#5313=DIRECTION('',(0.707100818357578,-0.582382047853813,-0.401048105612832));
#5314=DIRECTION('',(-5.80684569254087E-06,-0.567167669890954,0.823602351985924));
#5315=CARTESIAN_POINT('',(-0.00801842839170528,0.183435419756673,-0.123193972873634));
#5316=DIRECTION('',(-5.80684569256862E-06,-0.567167669890954,0.823602351985925));
#5317=DIRECTION('',(-8.43266118248468E-06,-0.823602351942754,-0.56716766992068));
#5318=DIRECTION('',(-0.999999999947585,1.02386147232611E-05,2.0102597364513E-10));
#5319=CARTESIAN_POINT('',(0.00993385988592875,0.175723374429141,-0.140646471033313));
#5320=DIRECTION('',(0.999999999947585,-1.02386147232611E-05,-2.01025973645423E-10));
#5321=DIRECTION('',(-1.85673194071149E-06,-0.181326702610228,-0.983422913561126));
#5322=DIRECTION('',(-0.999999999947585,1.02386147232646E-05,2.0102597364513E-10));
#5323=CARTESIAN_POINT('',(0.00173385988635846,0.175723458385782,-0.140646471031665));
#5324=DIRECTION('',(0.999999999947585,-1.02386147232611E-05,-2.01025973645422E-10));
#5325=DIRECTION('',(-8.43266118258865E-06,-0.823602351942758,-0.567167669920675));
#5326=DIRECTION('',(5.80684569032042E-06,0.567167669890956,-0.823602351985923));
#5327=CARTESIAN_POINT('',(0.00173371693607504,0.161761459861657,-0.134476981815213));
#5328=DIRECTION('',(5.8068456902619E-06,0.567167669890954,-0.823602351985924));
#5329=DIRECTION('',(-0.707100818357578,0.582382047853813,0.401048105612834));
#5330=DIRECTION('',(5.80684569032041E-06,0.567167669890956,-0.823602351985923));
#5331=CARTESIAN_POINT('',(0.00173378271664278,0.168186395759181,-0.143806837160418));
#5332=DIRECTION('',(-2.19405605153544E-06,-0.21431145366331,0.976765376548486));
#5333=DIRECTION('',(1.00007674482056E-05,0.976765376497288,0.214311453674541));
#5334=CARTESIAN_POINT('',(0.00173379242506901,0.16913463957024,-0.14518381239103));
#5335=DIRECTION('',(-5.80684569035602E-06,-0.567167669890989,0.823602351985901));
#5336=DIRECTION('',(-0.26304849922968,0.794598094166707,0.547192247569034));
#5337=DIRECTION('',(0.999999999947585,-1.02386147232611E-05,-2.01025945889555E-10));
#5338=CARTESIAN_POINT('',(0.0017337843973645,0.168350278677199,-0.129939640455848));
#5339=DIRECTION('',(-0.999999999947585,1.02386147236427E-05,2.01025945889636E-10));
#5340=DIRECTION('',(-8.43266118288711E-06,-0.823602351942747,-0.567167669920691));
#5341=DIRECTION('',(0.999999999947585,-1.02386147232611E-05,-2.01025945889555E-10));
#5342=CARTESIAN_POINT('',(0.00993378439693477,0.168350194720558,-0.129939640457496));
#5343=DIRECTION('',(0.999999999947585,-1.02386147232611E-05,-2.01025945889637E-10));
#5344=DIRECTION('',(-1.00688518706073E-05,-0.983422913509579,0.181326702619745));
#5345=DIRECTION('',(0.999999999947585,-1.02386147232646E-05,-2.0102597364513E-10));
#5346=CARTESIAN_POINT('',(-0.0187661750994379,0.172306494079205,-0.139357148249818));
#5347=DIRECTION('',(0.999999999947585,-1.0238614723268E-05,-2.01025973644908E-10));
#5348=DIRECTION('',(4.49663582019317E-06,0.439201644062567,-0.898388510518984));
#5349=DIRECTION('',(0.999999999947585,-1.02386147232646E-05,-2.01026001400706E-10));
#5350=DIRECTION('',(0.999999999947585,-1.02386147232646E-05,-2.0102597364513E-10));
#5351=CARTESIAN_POINT('',(-0.0187662523912309,0.164757142986082,-0.123914924098552));
#5352=DIRECTION('',(-0.999999999947585,1.0238614723268E-05,2.01025973644392E-10));
#5353=DIRECTION('',(4.49663582019298E-06,0.439201644062548,-0.898388510518993));
#5354=DIRECTION('',(0.999999999947585,-1.02386147232646E-05,-2.01026001400706E-10));
#5355=CARTESIAN_POINT('',(-0.00626625239188658,0.164757015003398,-0.123914924101065));
#5356=DIRECTION('',(-0.999999999947585,1.02386143632088E-05,2.00778393911197E-10));
#5357=DIRECTION('',(5.8068456900401E-06,0.567167669890952,-0.823602351985926));
#5358=DIRECTION('',(0.707100818357577,-0.582382047950901,-0.401048105471849));
#5359=CARTESIAN_POINT('',(0.00589277097541194,0.18690874184137,-0.125152394704338));
#5360=DIRECTION('',(8.43266118258357E-06,0.823602351942755,0.56716766992068));
#5361=DIRECTION('',(-0.999999999947584,1.02387520158299E-05,1.65902514266952E-12));
#5362=DIRECTION('',(0.707112743941388,0.582367568168935,0.401048105469508));
#5363=CARTESIAN_POINT('',(0.00589276254275075,0.186085139489428,-0.125719562374259));
#5364=DIRECTION('',(-8.43266118258357E-06,-0.823602351942755,-0.56716766992068));
#5365=DIRECTION('',(-0.999999999947584,1.02387520158119E-05,1.65905122993425E-12));
#5366=DIRECTION('',(8.43266118258357E-06,0.823602351942755,0.56716766992068));
#5367=CARTESIAN_POINT('',(0.00589261075484947,0.171260297154458,-0.135928580432831));
#5368=DIRECTION('',(8.43266118261132E-06,0.823602351942753,0.567167669920682));
#5369=DIRECTION('',(0.999999999947584,-1.02387520112492E-05,-1.66572584297908E-12));
#5370=DIRECTION('',(-8.43266118258357E-06,-0.823602351942755,-0.56716766992068));
#5371=CARTESIAN_POINT('',(0.00589276254275075,0.186085139489428,-0.125719562374259));
#5372=DIRECTION('',(-8.43266118258357E-06,-0.823602351942755,-0.56716766992068));
#5373=DIRECTION('',(-0.999999999947584,1.02387520158119E-05,1.65905122993425E-12));
#5374=DIRECTION('',(0.707100818357579,-0.582382047950888,-0.401048105471866));
#5375=DIRECTION('',(0.707112743941389,0.582367568168933,0.40104810546951));
#5376=CARTESIAN_POINT('',(0.00589260232218828,0.170436694802515,-0.136495748102752));
#5377=DIRECTION('',(-8.43266118261132E-06,-0.823602351942753,-0.567167669920682));
#5378=DIRECTION('',(0.999999999947584,-1.02387520117712E-05,-1.66496787403217E-12));
#5379=DIRECTION('',(0.999999999947585,-1.02386147232611E-05,-2.01025945889555E-10));
#5380=DIRECTION('',(0.999999999947585,-1.02386147232611E-05,-2.01025945889555E-10));
#5381=CARTESIAN_POINT('',(0.00993395208998706,0.184728701994724,-0.130802484268386));
#5382=DIRECTION('',(0.999999999947585,-1.0238614723268E-05,-2.01025973644908E-10));
#5383=DIRECTION('',(1.00688518706091E-05,0.983422913509576,-0.181326702619758));
#5384=DIRECTION('',(0.999999999947585,-1.0238614723268E-05,-2.0102597364513E-10));
#5385=CARTESIAN_POINT('',(0.00287367982530602,0.180758600592479,-0.125037267803065));
#5386=DIRECTION('',(-0.999999999947585,1.0238614723268E-05,2.01025973645167E-10));
#5387=DIRECTION('',(1.85673194071294E-06,0.181326702610247,0.983422913561123));
#5388=DIRECTION('',(0.999999999947585,-1.02386147232611E-05,-2.01025945889554E-10));
#5389=CARTESIAN_POINT('',(0.00993391144206726,0.180758528305487,-0.125037267804485));
#5390=DIRECTION('',(0.999999999947585,-1.0238614723268E-05,-2.01025973645426E-10));
#5391=DIRECTION('',(1.8567319407129E-06,0.181326702610243,0.983422913561124));
#5392=CARTESIAN_POINT('',(0.00993391144206726,0.180758528305487,-0.125037267804485));
#5393=DIRECTION('',(0.999999999947585,-1.0238614723268E-05,-2.01025973645426E-10));
#5394=DIRECTION('',(1.8567319407129E-06,0.181326702610243,0.983422913561124));
#5395=CARTESIAN_POINT('',(0.00993385988592876,0.175723374429141,-0.140646471033313));
#5396=DIRECTION('',(1.00688518706023E-05,0.983422913509581,-0.181326702619735));
#5397=DIRECTION('',(0.0,-0.181326702628927,-0.983422913559431));
#5398=CARTESIAN_POINT('',(0.00993385988592876,0.175723374429141,-0.140646471033313));
#5399=DIRECTION('',(-5.80684569032042E-06,-0.567167669890956,0.823602351985923));
#5400=DIRECTION('',(-8.43266118505439E-06,-0.823602351942753,-0.567167669920682));
#5401=CARTESIAN_POINT('',(0.00993385988592876,0.175723374429141,-0.140646471033313));
#5402=DIRECTION('',(-5.80684569032042E-06,-0.567167669890956,0.823602351985923));
#5403=DIRECTION('',(-8.43266118505439E-06,-0.823602351942753,-0.567167669920682));
#5404=CARTESIAN_POINT('',(0.00993378439693478,0.168350194720558,-0.129939640457496));
#5405=DIRECTION('',(-1.85673194068434E-06,-0.181326702610242,-0.983422913561124));
#5406=DIRECTION('',(0.0,-0.983422913562819,0.181326702610555));
#5407=CARTESIAN_POINT('',(0.00993378439693478,0.168350194720558,-0.129939640457496));
#5408=DIRECTION('',(8.43266118258357E-06,0.823602351942755,0.56716766992068));
#5409=DIRECTION('',(-5.80684568894545E-06,-0.567167669890954,0.823602351985924));
#5410=CARTESIAN_POINT('',(0.00993378439693478,0.168350194720558,-0.129939640457496));
#5411=DIRECTION('',(8.43266118258357E-06,0.823602351942755,0.56716766992068));
#5412=DIRECTION('',(-5.80684568894545E-06,-0.567167669890954,0.823602351985924));
#5413=CARTESIAN_POINT('',(0.00993378439693477,0.168350194720558,-0.129939640457496));
#5414=DIRECTION('',(0.999999999947585,-1.02386147232611E-05,-2.01025945889637E-10));
#5415=DIRECTION('',(-1.00688518706073E-05,-0.983422913509579,0.181326702619745));
#5416=CARTESIAN_POINT('',(0.0099339110674148,0.180721877302984,-0.122037491695503));
#5417=DIRECTION('',(-1.02378530679092E-05,-0.999925369608041,-0.0122170008352461));
#5418=DIRECTION('',(-1.24884153654931E-07,-0.0122170008346078,0.999925369660452));
#5419=CARTESIAN_POINT('',(0.0119339114419624,0.180758507828258,-0.125037267804887));
#5420=DIRECTION('',(-0.999999999947585,1.0238614723268E-05,2.01025973645785E-10));
#5421=DIRECTION('',(1.8567319407129E-06,0.181326702610243,0.983422913561124));
#5422=CARTESIAN_POINT('',(0.00993393674005077,0.183229335361316,-0.123335764794723));
#5423=DIRECTION('',(5.80684569032042E-06,0.567167669890954,-0.823602351985925));
#5424=DIRECTION('',(8.43266118424112E-06,0.823602351942755,0.56716766992068));
#5425=CARTESIAN_POINT('',(0.00993393674005077,0.183229335361316,-0.123335764794723));
#5426=DIRECTION('',(5.80684569032042E-06,0.567167669890954,-0.823602351985925));
#5427=DIRECTION('',(8.43266118424112E-06,0.823602351942755,0.56716766992068));
#5428=CARTESIAN_POINT('',(0.00993391144206726,0.180758528305487,-0.125037267804485));
#5429=DIRECTION('',(0.999999999947585,-1.0238614723268E-05,-2.01025973645426E-10));
#5430=DIRECTION('',(1.8567319407129E-06,0.181326702610243,0.983422913561124));
#5431=DIRECTION('',(5.80684569032042E-06,0.567167669890954,-0.823602351985924));
#5432=DIRECTION('',(5.80684569034818E-06,0.567167669890954,-0.823602351985925));
#5433=CARTESIAN_POINT('',(0.0099339773879706,0.187199509050552,-0.129100981258624));
#5434=DIRECTION('',(5.80684568998735E-06,0.567167669890958,-0.823602351985921));
#5435=DIRECTION('',(8.43266118250637E-06,0.823602351942751,0.567167669920685));
#5436=DIRECTION('',(-8.43266118255581E-06,-0.823602351942731,-0.567167669920715));
#5437=CARTESIAN_POINT('',(0.00993396951052414,0.186430205004397,-0.133273291324344));
#5438=DIRECTION('',(-8.43266118255581E-06,-0.823602351942731,-0.567167669920714));
#5439=DIRECTION('',(5.80684569244193E-06,0.567167669890988,-0.823602351985901));
#5440=DIRECTION('',(-8.43266118258356E-06,-0.823602351942731,-0.567167669920715));
#5441=CARTESIAN_POINT('',(0.00993385988592876,0.175723374429141,-0.140646471033313));
#5442=DIRECTION('',(8.43266118255581E-06,0.823602351942731,0.567167669920714));
#5443=DIRECTION('',(0.999999999947586,-1.02386147251494E-05,-2.01023174209227E-10));
#5444=DIRECTION('',(8.43266118258357E-06,0.823602351942754,0.56716766992068));
#5445=DIRECTION('',(8.43266118258356E-06,0.823602351942754,0.56716766992068));
#5446=CARTESIAN_POINT('',(0.00993389402153015,0.179057025295815,-0.122566460748527));
#5447=DIRECTION('',(-8.43266118258357E-06,-0.823602351942754,-0.56716766992068));
#5448=DIRECTION('',(0.999999999947585,-1.02386147218528E-05,-2.01028009714709E-10));
#5449=DIRECTION('',(-5.80684569032042E-06,-0.567167669890956,0.823602351985923));
#5450=DIRECTION('',(-5.80684569032041E-06,-0.567167669890956,0.823602351985923));
#5451=CARTESIAN_POINT('',(0.00993378439693478,0.168350194720558,-0.129939640457496));
#5452=DIRECTION('',(5.80684569032042E-06,0.567167669890956,-0.823602351985923));
#5453=DIRECTION('',(0.999999999947586,-1.0238614718101E-05,-2.0102244745743E-10));
#5454=DIRECTION('',(9.76195136788427E-06,0.953438624694839,0.301587116509837));
#5455=DIRECTION('',(9.76195136788428E-06,0.953438624694839,0.301587116509837));
#5456=CARTESIAN_POINT('',(-0.00626621728293791,0.168186477668099,-0.143806837158809));
#5457=DIRECTION('',(9.76195136695446E-06,0.953438624694838,0.30158711650984));
#5458=DIRECTION('',(0.999999999947585,-1.02386147198807E-05,-2.01033585622891E-10));
#5459=DIRECTION('',(-9.76195136785651E-06,-0.953438624694839,-0.301587116509838));
#5460=DIRECTION('',(-9.76195136789815E-06,-0.953438624694839,-0.301587116509838));
#5461=DIRECTION('',(9.7619513678704E-06,0.953438624694839,0.301587116509838));
#5462=CARTESIAN_POINT('',(-0.00426661334910161,0.129503004375465,-0.149225571914929));
#5463=DIRECTION('',(-0.999999999947585,1.02386147232611E-05,2.01025945889638E-10));
#5464=DIRECTION('',(-9.76195135949531E-06,-0.953438623876502,-0.30158711909693));
#5465=DIRECTION('',(-9.76195136788428E-06,-0.953438624694839,-0.301587116509837));
#5466=CARTESIAN_POINT('',(-0.00426661334910161,0.129503004375465,-0.149225571914929));
#5467=DIRECTION('',(-0.999999999947585,1.02386147232611E-05,2.01025945889904E-10));
#5468=DIRECTION('',(3.57696178898064E-06,0.349341539365554,0.936995458292574));
#5469=CARTESIAN_POINT('',(-0.00626621728293791,0.168186477668099,-0.143806837158809));
#5470=DIRECTION('',(9.76195136695446E-06,0.953438624694838,0.30158711650984));
#5471=DIRECTION('',(0.999999999947585,-1.02386147198807E-05,-2.01033585622891E-10));
#5472=DIRECTION('',(-0.999999999947585,1.02386147232646E-05,2.01026001400706E-10));
#5473=CARTESIAN_POINT('',(0.00173378889192802,0.168789569992169,-0.145713714409907));
#5474=DIRECTION('',(3.08764262549333E-06,0.301587116494032,-0.953438624744814));
#5475=DIRECTION('',(9.7619513684198E-06,0.953438624694839,0.301587116509837));
#5476=DIRECTION('',(-9.76195136789814E-06,-0.953438624694839,-0.301587116509837));
#5477=CARTESIAN_POINT('',(-0.0187661750994379,0.172306494079205,-0.139357148249818));
#5478=DIRECTION('',(0.999999999947585,-1.0238614723268E-05,-2.01025973644908E-10));
#5479=DIRECTION('',(4.49663582019317E-06,0.439201644062567,-0.898388510518984));
#5480=CARTESIAN_POINT('',(-0.0187666133483416,0.129503152835379,-0.149225571912014));
#5481=DIRECTION('',(0.999999999947585,-1.0238614723268E-05,-2.01025973644391E-10));
#5482=DIRECTION('',(9.31289828326577E-06,0.909577613900477,0.415534071051201));
#5483=DIRECTION('',(9.76195136787038E-06,0.953438624694839,0.301587116509838));
#5484=CARTESIAN_POINT('',(-0.0187662523912309,0.164757142986082,-0.123914924098552));
#5485=DIRECTION('',(-0.999999999947585,1.0238614723268E-05,2.01025973644392E-10));
#5486=DIRECTION('',(4.49663582019298E-06,0.439201644062548,-0.898388510518993));
#5487=DIRECTION('',(8.43266118258356E-06,0.823602351942754,0.56716766992068));
#5488=CARTESIAN_POINT('',(-0.0187661454768916,0.175199506278116,-0.12886564957068));
#5489=DIRECTION('',(-0.999999999947585,1.0238614723268E-05,2.01025973645167E-10));
#5490=DIRECTION('',(1.85673194071287E-06,0.18132670261024,0.983422913561124));
#5491=DIRECTION('',(5.80684569032041E-06,0.567167669890954,-0.823602351985924));
#5492=CARTESIAN_POINT('',(-0.0187661048289717,0.179169679967353,-0.134630866034582));
#5493=DIRECTION('',(-0.999999999947585,1.0238614723268E-05,2.01025973645167E-10));
#5494=DIRECTION('',(1.00688518706092E-05,0.983422913509582,-0.181326702619727));
#5495=DIRECTION('',(-8.43266118258356E-06,-0.823602351942731,-0.567167669920715));
#5496=CARTESIAN_POINT('',(-0.0187666133483416,0.129503152835379,-0.149225571912014));
#5497=DIRECTION('',(-0.999999999947585,1.0238614723268E-05,2.01025973644724E-10));
#5498=DIRECTION('',(3.57696178900898E-06,0.349341539365545,0.936995458292577));
#5499=DIRECTION('',(0.999999999947585,-1.02386147232611E-05,-2.01025945889555E-10));
#5500=CARTESIAN_POINT('',(0.00993378439693478,0.168350194720558,-0.129939640457496));
#5501=DIRECTION('',(5.80684569032042E-06,0.567167669890956,-0.823602351985923));
#5502=DIRECTION('',(0.999999999947586,-1.0238614718101E-05,-2.0102244745743E-10));
#5503=DIRECTION('',(5.80684569032041E-06,0.567167669890956,-0.823602351985923));
#5504=CARTESIAN_POINT('',(0.00993389402153015,0.179057025295815,-0.122566460748527));
#5505=DIRECTION('',(-8.43266118258357E-06,-0.823602351942754,-0.56716766992068));
#5506=DIRECTION('',(0.999999999947585,-1.02386147218528E-05,-2.01028009714709E-10));
#5507=DIRECTION('',(-8.43266118258356E-06,-0.823602351942754,-0.56716766992068));
#5508=CARTESIAN_POINT('',(0.00993385988592876,0.175723374429141,-0.140646471033313));
#5509=DIRECTION('',(8.43266118255581E-06,0.823602351942731,0.567167669920714));
#5510=DIRECTION('',(0.999999999947586,-1.02386147251494E-05,-2.01023174209227E-10));
#5511=DIRECTION('',(8.43266118258356E-06,0.823602351942731,0.567167669920715));
#5512=CARTESIAN_POINT('',(0.00993396951052414,0.186430205004397,-0.133273291324344));
#5513=DIRECTION('',(-8.43266118255581E-06,-0.823602351942731,-0.567167669920714));
#5514=DIRECTION('',(5.80684569244193E-06,0.567167669890988,-0.823602351985901));
#5515=CARTESIAN_POINT('',(0.0099339773879706,0.187199509050552,-0.129100981258624));
#5516=DIRECTION('',(5.80684568998735E-06,0.567167669890958,-0.823602351985921));
#5517=DIRECTION('',(8.43266118250637E-06,0.823602351942751,0.567167669920685));
#5518=CARTESIAN_POINT('',(0.0119339520898822,0.184728681517495,-0.130802484268788));
#5519=DIRECTION('',(-0.999999999947585,1.0238614723268E-05,2.01025973644707E-10));
#5520=DIRECTION('',(1.00688518706091E-05,0.983422913509577,-0.181326702619758));
#5521=CARTESIAN_POINT('',(0.00993395208998706,0.184728701994724,-0.130802484268386));
#5522=DIRECTION('',(0.999999999947585,-1.0238614723268E-05,-2.01025973644908E-10));
#5523=DIRECTION('',(1.00688518706091E-05,0.983422913509576,-0.181326702619758));
#5524=DIRECTION('',(-5.80684569034818E-06,-0.567167669890954,0.823602351985925));
#5525=CARTESIAN_POINT('',(0.0119339114419624,0.180758507828258,-0.125037267804887));
#5526=DIRECTION('',(-0.999999999947585,1.0238614723268E-05,2.01025973645785E-10));
#5527=DIRECTION('',(1.8567319407129E-06,0.181326702610243,0.983422913561124));
#5528=CARTESIAN_POINT('',(0.00993385988592875,0.175723374429141,-0.140646471033313));
#5529=DIRECTION('',(0.999999999947585,-1.02386147232611E-05,-2.01025973645423E-10));
#5530=DIRECTION('',(-1.85673194071149E-06,-0.181326702610228,-0.983422913561126));
#5531=DIRECTION('',(-0.999999999947585,1.02386147232611E-05,2.01025945889554E-10));
#5532=DIRECTION('',(5.80684569251311E-06,0.567167669890954,-0.823602351985925));
#5533=CARTESIAN_POINT('',(0.00589277097541194,0.18690874184137,-0.125152394704338));
#5534=DIRECTION('',(8.43266118258357E-06,0.823602351942755,0.56716766992068));
#5535=DIRECTION('',(-0.999999999947584,1.02387520158299E-05,1.65902514266952E-12));
#5536=DIRECTION('',(5.80684569251311E-06,0.567167669890954,-0.823602351985925));
#5537=DIRECTION('',(0.999999999947585,-1.02386147232611E-05,-2.01025945889555E-10));
#5538=CARTESIAN_POINT('',(0.00287372047322584,0.184728774281716,-0.130802484266967));
#5539=DIRECTION('',(-0.999999999947585,1.02386147232611E-05,2.01025945889379E-10));
#5540=DIRECTION('',(9.59346526818972E-06,0.936995458243461,-0.349341539383871));
#5541=DIRECTION('',(0.999999999947585,-1.02386147232646E-05,-2.0102597364513E-10));
#5542=CARTESIAN_POINT('',(0.00173380403876039,0.170268974910022,-0.146831017095003));
#5543=DIRECTION('',(5.80684569035161E-06,0.567167669890989,-0.823602351985901));
#5544=DIRECTION('',(-0.26304849922968,0.794598094166707,0.547192247569034));
#5545=DIRECTION('',(-0.999999999947585,1.02386147232646E-05,2.0102597364513E-10));
#5546=DIRECTION('',(-0.707112743941392,-0.582367568265993,-0.401048105328563));
#5547=CARTESIAN_POINT('',(0.00589260232218828,0.170436694802515,-0.136495748102752));
#5548=DIRECTION('',(-8.43266118261132E-06,-0.823602351942753,-0.567167669920682));
#5549=DIRECTION('',(0.999999999947584,-1.02387520117712E-05,-1.66496787403217E-12));
#5550=CARTESIAN_POINT('',(0.00589261075484947,0.171260297154458,-0.135928580432831));
#5551=DIRECTION('',(8.43266118261132E-06,0.823602351942753,0.567167669920682));
#5552=DIRECTION('',(0.999999999947584,-1.02387520112492E-05,-1.66572584297908E-12));
#5553=DIRECTION('',(-5.80684569032042E-06,-0.567167669890956,0.823602351985923));
#5554=CARTESIAN_POINT('',(-0.00330672131051818,0.1629078817284,-0.125188295191894));
#5555=DIRECTION('',(0.531013817751446,-0.697892040649426,-0.480594449567631));
#5556=DIRECTION('',(-0.422790061041336,0.273310520734289,-0.86403120518915));
#5557=CARTESIAN_POINT('',(-0.00626625239188658,0.164757015003398,-0.123914924101065));
#5558=DIRECTION('',(-0.999999999947585,1.02386143632088E-05,2.00778393911197E-10));
#5559=DIRECTION('',(5.8068456900401E-06,0.567167669890952,-0.823602351985926));
#5560=DIRECTION('',(-0.999999999947585,1.02386147232646E-05,2.01026001400706E-10));
#5561=CARTESIAN_POINT('',(0.00173371693607504,0.161761459861657,-0.134476981815213));
#5562=DIRECTION('',(5.8068456902619E-06,0.567167669890954,-0.823602351985924));
#5563=DIRECTION('',(-0.707100818357578,0.582382047853813,0.401048105612834));
#5564=CARTESIAN_POINT('',(0.0017337843973645,0.168350278677199,-0.129939640455848));
#5565=DIRECTION('',(-0.999999999947585,1.02386147236427E-05,2.01025945889636E-10));
#5566=DIRECTION('',(-8.43266118288711E-06,-0.823602351942747,-0.567167669920691));
#5567=CARTESIAN_POINT('',(0.00173370532238366,0.160627124521875,-0.132829777111241));
#5568=DIRECTION('',(-5.80684569033837E-06,-0.567167669890954,0.823602351985924));
#5569=DIRECTION('',(-0.707100818357578,0.582382047853813,0.401048105612834));
#5570=DIRECTION('',(-0.999999999947585,1.02386147232611E-05,2.01025945889555E-10));
#5571=CARTESIAN_POINT('',(0.00173379242506901,0.16913463957024,-0.14518381239103));
#5572=DIRECTION('',(-5.80684569035602E-06,-0.567167669890989,0.823602351985901));
#5573=DIRECTION('',(-0.26304849922968,0.794598094166707,0.547192247569034));
#5574=CARTESIAN_POINT('',(0.00173385988635846,0.175723458385782,-0.140646471031665));
#5575=DIRECTION('',(0.999999999947585,-1.02386147232611E-05,-2.01025973645422E-10));
#5576=DIRECTION('',(-8.43266118258865E-06,-0.823602351942758,-0.567167669920675));
#5577=DIRECTION('',(0.999999999947585,-1.02386147232611E-05,-2.01025945889554E-10));
#5578=CARTESIAN_POINT('',(-0.00801842839170528,0.183435419756673,-0.123193972873634));
#5579=DIRECTION('',(-5.80684569256862E-06,-0.567167669890954,0.823602351985925));
#5580=DIRECTION('',(-8.43266118248468E-06,-0.823602351942754,-0.56716766992068));
#5581=DIRECTION('',(5.80684569256862E-06,0.567167669890954,-0.823602351985925));
#5582=CARTESIAN_POINT('',(-0.00801838774378543,0.18740559344591,-0.128959189337535));
#5583=DIRECTION('',(5.80684569256399E-06,0.567167669890954,-0.823602351985924));
#5584=DIRECTION('',(0.707100818357578,-0.582382047853813,-0.401048105612832));
#5585=CARTESIAN_POINT('',(-0.00387633644688343,0.179169527516752,-0.134630866037575));
#5586=DIRECTION('',(-0.995627023157734,-0.0769355999175391,-0.052988151726563));
#5587=DIRECTION('',(-0.0934175075901163,0.820001065667453,0.564687012051714));
#5588=CARTESIAN_POINT('',(-0.00387633644688344,0.179169527516752,-0.134630866037575));
#5589=DIRECTION('',(0.770081531971605,0.525410860671234,0.36182573375173));
#5590=DIRECTION('',(-0.637945478926331,0.634243062018923,0.436762297134625));
#5591=CARTESIAN_POINT('',(-0.00387637709480323,0.175199353827515,-0.128865649573673));
#5592=DIRECTION('',(0.770081531971603,0.525410860671254,0.361825733751708));
#5593=DIRECTION('',(-0.637945478926334,0.63424306201894,0.436762297134596));
#5594=CARTESIAN_POINT('',(-0.00387637709480325,0.175199353827515,-0.128865649573673));
#5595=DIRECTION('',(-0.995627023157734,-0.0769355999175403,-0.052988151726563));
#5596=DIRECTION('',(-0.0934175075901174,0.820001065667478,0.564687012051677));
#5597=CARTESIAN_POINT('',(0.00287372047322558,0.184728774281715,-0.130802484266967));
#5598=DIRECTION('',(-0.707112743941392,-0.582367568265993,-0.401048105328563));
#5599=DIRECTION('',(-0.707100818357578,0.582382047853814,0.401048105612832));
#5600=DIRECTION('',(-0.707112743941392,-0.582367568266009,-0.401048105328539));
#5601=CARTESIAN_POINT('',(0.00287367982530598,0.180758600592479,-0.125037267803065));
#5602=DIRECTION('',(-0.707112743941392,-0.582367568266009,-0.401048105328539));
#5603=DIRECTION('',(-5.80684568933898E-06,-0.567167669890955,0.823602351985924));
#5604=CARTESIAN_POINT('',(-0.00626661334899678,0.129503024852695,-0.149225571914527));
#5605=DIRECTION('',(0.999999999947585,-1.02386147232611E-05,-2.01025945889897E-10));
#5606=DIRECTION('',(-9.76195135949531E-06,-0.953438623876502,-0.30158711909693));
#5607=CARTESIAN_POINT('',(-0.0167666133484464,0.129503132358149,-0.149225571912416));
#5608=DIRECTION('',(0.999999999947585,-1.0238614723268E-05,-2.0102597364477E-10));
#5609=DIRECTION('',(3.57696178900899E-06,0.349341539365546,0.936995458292577));
#5610=PRESENTATION_LAYER_ASSIGNMENT('9','Layer0',(#25));
ENDSEC;
END-ISO-10303-21;
