ISO-10303-21;
HEADER;
FILE_DESCRIPTION(('STEP AP214'),'1');
FILE_NAME('Base_bottom_R.stp','2026-07-18T13:48:04',(' '),(' '),'Spatial InterOp 3D',' ',' ');
FILE_SCHEMA(('AUTOMOTIVE_DESIGN { 1 0 10303 214 1 1 1 1 }'));
ENDSEC;
DATA;
#1=MECHANICAL_DESIGN_GEOMETRIC_PRESENTATION_REPRESENTATION(' ',(#10),#6);
#2=PRODUCT_DEFINITION_CONTEXT('',#11,'design');
#3=APPLICATION_PROTOCOL_DEFINITION('INTERNATIONAL STANDARD','automotive_design',1994,#11);
#4=PRODUCT_CATEGORY_RELATIONSHIP('NONE','NONE',#12,#13);
#5=SHAPE_DEFINITION_REPRESENTATION(#14,#15);
#6= (GEOMETRIC_REPRESENTATION_CONTEXT(3)GLOBAL_UNCERTAINTY_ASSIGNED_CONTEXT((#18))GLOBAL_UNIT_ASSIGNED_CONTEXT((#20,#21,#22))REPRESENTATION_CONTEXT('NONE','WORKSPACE'));
#10=STYLED_ITEM('',(#24),#25);
#11=APPLICATION_CONTEXT(' ');
#12=PRODUCT_CATEGORY('part','NONE');
#13=PRODUCT_RELATED_PRODUCT_CATEGORY('detail',' ',(#26));
#14=PRODUCT_DEFINITION_SHAPE('NONE','NONE',#27);
#15=ADVANCED_BREP_SHAPE_REPRESENTATION('Base_bottom_R',(#25,#28),#6);
#18=UNCERTAINTY_MEASURE_WITH_UNIT(LENGTH_MEASURE(1.0E-08),#20,'','');
#20= (CONVERSION_BASED_UNIT('METRE',#31)LENGTH_UNIT()NAMED_UNIT(#34));
#21= (NAMED_UNIT(#36)PLANE_ANGLE_UNIT()SI_UNIT($,.RADIAN.));
#22= (NAMED_UNIT(#36)SOLID_ANGLE_UNIT()SI_UNIT($,.STERADIAN.));
#24=PRESENTATION_STYLE_ASSIGNMENT((#42));
#25=MANIFOLD_SOLID_BREP('Base_bottom_R',#43);
#26=PRODUCT('Base_bottom_R','','PART--DESC',(#44));
#27=PRODUCT_DEFINITION('','NONE',#45,#2);
#28=AXIS2_PLACEMENT_3D('',#46,#47,#48);
#31=LENGTH_MEASURE_WITH_UNIT(LENGTH_MEASURE(1.0),#49);
#34=DIMENSIONAL_EXPONENTS(1.0,0.0,0.0,0.0,0.0,0.0,0.0);
#36=DIMENSIONAL_EXPONENTS(0.0,0.0,0.0,0.0,0.0,0.0,0.0);
#42=SURFACE_STYLE_USAGE(.BOTH.,#50);
#43=CLOSED_SHELL('',(#51,#52,#53,#54,#55,#56,#57,#58,#59,#60,#61,#62,#63,#64,#65,#66,#67,#68,#69,#70,#71,#72,#73,#74,#75,#76,#77,#78,#79,#80,#81,#82,#83,#84,#85,#86,#87,#88,#89,#90,#91,#92,#93,#94,#95,#96,#97,#98,#99,#100,#101,#102,#103,#104,#105,#106,#107,#108,#109,#110,#111,#112,#113,#114,#115,#116,#117,#118,#119,#120,#121,#122,#123,#124,#125,#126,#127,#128,#129,#130,#131,#132,#133,#134,#135,#136,#137,#138,#139,#140,#141,#142,#143,#144,#145,#146,#147,#148,#149,#150,#151,#152,#153,#154,#155,#156,#157,#158,#159,#160,#161,#162,#163,#164,#165,#166,#167,#168,#169,#170,#171,#172,#173,#174,#175,#176,#177,#178,#179,#180,#181,#182,#183,#184,#185,#186,#187,#188,#189,#190,#191,#192,#193,#194,#195,#196,#197,#198,#199,#200,#201,#202,#203,#204,#205,#206,#207,#208,#209,#210,#211,#212,#213,#214,#215,#216,#217,#218,#219,#220,#221,#222,#223,#224,#225,#226,#227));
#44=PRODUCT_CONTEXT('',#11,'mechanical');
#45=PRODUCT_DEFINITION_FORMATION_WITH_SPECIFIED_SOURCE(' ','NONE',#26,.NOT_KNOWN.);
#46=CARTESIAN_POINT('',(0.0,0.0,0.0));
#47=DIRECTION('',(0.0,0.0,1.0));
#48=DIRECTION('',(1.0,0.0,0.0));
#49= (NAMED_UNIT(#34)LENGTH_UNIT()SI_UNIT($,.METRE.));
#50=SURFACE_SIDE_STYLE('',(#229));
#51=ADVANCED_FACE('1:99073',(#230),#231,.T.);
#52=ADVANCED_FACE('1:99406',(#232),#233,.F.);
#53=ADVANCED_FACE('1:99397',(#234),#235,.T.);
#54=ADVANCED_FACE('1:99394',(#236),#237,.F.);
#55=ADVANCED_FACE('1:99385',(#238),#239,.T.);
#56=ADVANCED_FACE('1:99379',(#240),#241,.T.);
#57=ADVANCED_FACE('1:99373',(#242),#243,.T.);
#58=ADVANCED_FACE('1:99367',(#244),#245,.T.);
#59=ADVANCED_FACE('1:99358',(#246),#247,.T.);
#60=ADVANCED_FACE('1:99355',(#248),#249,.T.);
#61=ADVANCED_FACE('1:99349',(#250),#251,.T.);
#62=ADVANCED_FACE('1:99343',(#252),#253,.T.);
#63=ADVANCED_FACE('1:99337',(#254),#255,.T.);
#64=ADVANCED_FACE('1:99331',(#256),#257,.T.);
#65=ADVANCED_FACE('1:99328',(#258),#259,.T.);
#66=ADVANCED_FACE('1:99319',(#260),#261,.T.);
#67=ADVANCED_FACE('1:99316',(#262),#263,.T.);
#68=ADVANCED_FACE('1:99313',(#264),#265,.F.);
#69=ADVANCED_FACE('1:99298',(#266),#267,.F.);
#70=ADVANCED_FACE('1:99295',(#268),#269,.F.);
#71=ADVANCED_FACE('1:99289',(#270),#271,.F.);
#72=ADVANCED_FACE('1:99286',(#272),#273,.F.);
#73=ADVANCED_FACE('1:99283',(#274),#275,.F.);
#74=ADVANCED_FACE('1:99280',(#276),#277,.F.);
#75=ADVANCED_FACE('1:99277',(#278),#279,.F.);
#76=ADVANCED_FACE('1:99274',(#280),#281,.F.);
#77=ADVANCED_FACE('1:99271',(#282),#283,.F.);
#78=ADVANCED_FACE('1:99268',(#284),#285,.F.);
#79=ADVANCED_FACE('1:99265',(#286),#287,.F.);
#80=ADVANCED_FACE('1:99262',(#288),#289,.F.);
#81=ADVANCED_FACE('1:99259',(#290),#291,.F.);
#82=ADVANCED_FACE('1:99256',(#292),#293,.F.);
#83=ADVANCED_FACE('1:99253',(#294),#295,.F.);
#84=ADVANCED_FACE('1:99250',(#296),#297,.F.);
#85=ADVANCED_FACE('1:99247',(#298),#299,.F.);
#86=ADVANCED_FACE('1:99244',(#300),#301,.F.);
#87=ADVANCED_FACE('1:99241',(#302),#303,.F.);
#88=ADVANCED_FACE('1:99238',(#304),#305,.F.);
#89=ADVANCED_FACE('1:99235',(#306),#307,.F.);
#90=ADVANCED_FACE('1:99232',(#308),#309,.F.);
#91=ADVANCED_FACE('1:99226',(#310),#311,.F.);
#92=ADVANCED_FACE('1:99223',(#312),#313,.F.);
#93=ADVANCED_FACE('1:99220',(#314),#315,.F.);
#94=ADVANCED_FACE('1:99217',(#316),#317,.F.);
#95=ADVANCED_FACE('1:99214',(#318),#319,.F.);
#96=ADVANCED_FACE('1:99211',(#320),#321,.F.);
#97=ADVANCED_FACE('1:99208',(#322),#323,.F.);
#98=ADVANCED_FACE('1:99202',(#324),#325,.F.);
#99=ADVANCED_FACE('1:99196',(#326),#327,.F.);
#100=ADVANCED_FACE('1:99184',(#328),#329,.F.);
#101=ADVANCED_FACE('1:99181',(#330),#331,.F.);
#102=ADVANCED_FACE('1:99175',(#332),#333,.F.);
#103=ADVANCED_FACE('1:99163',(#334),#335,.F.);
#104=ADVANCED_FACE('1:99157',(#336),#337,.T.);
#105=ADVANCED_FACE('1:99154',(#338),#339,.F.);
#106=ADVANCED_FACE('1:99145',(#340),#341,.F.);
#107=ADVANCED_FACE('1:99139',(#342),#343,.F.);
#108=ADVANCED_FACE('1:99136',(#344),#345,.F.);
#109=ADVANCED_FACE('1:99127',(#346),#347,.F.);
#110=ADVANCED_FACE('1:99124',(#348),#349,.T.);
#111=ADVANCED_FACE('1:99106',(#350),#351,.F.);
#112=ADVANCED_FACE('1:99103',(#352),#353,.T.);
#113=ADVANCED_FACE('1:99088',(#354),#355,.F.);
#114=ADVANCED_FACE('1:99085',(#356),#357,.F.);
#115=ADVANCED_FACE('1:99082',(#358),#359,.F.);
#116=ADVANCED_FACE('1:99079',(#360),#361,.F.);
#117=ADVANCED_FACE('1:99076',(#362),#363,.F.);
#118=ADVANCED_FACE('1:99073',(#364),#365,.T.);
#119=ADVANCED_FACE('1:99076',(#366),#367,.F.);
#120=ADVANCED_FACE('1:99079',(#368),#369,.F.);
#121=ADVANCED_FACE('1:99082',(#370),#371,.F.);
#122=ADVANCED_FACE('1:99085',(#372),#373,.F.);
#123=ADVANCED_FACE('1:99088',(#374),#375,.F.);
#124=ADVANCED_FACE('1:99091',(#376,#377,#378,#379,#380,#381,#382,#383,#384,#385,#386,#387,#388,#389,#390),#391,.T.);
#125=ADVANCED_FACE('1:99094',(#392),#393,.F.);
#126=ADVANCED_FACE('1:99097',(#394),#395,.T.);
#127=ADVANCED_FACE('1:99100',(#396),#397,.T.);
#128=ADVANCED_FACE('1:99106',(#398),#399,.F.);
#129=ADVANCED_FACE('1:99109',(#400),#401,.F.);
#130=ADVANCED_FACE('1:99112',(#402),#403,.T.);
#131=ADVANCED_FACE('1:99115',(#404),#405,.T.);
#132=ADVANCED_FACE('1:99118',(#406),#407,.F.);
#133=ADVANCED_FACE('1:99121',(#408),#409,.T.);
#134=ADVANCED_FACE('1:99124',(#410),#411,.T.);
#135=ADVANCED_FACE('1:99127',(#412),#413,.F.);
#136=ADVANCED_FACE('1:99130',(#414),#415,.T.);
#137=ADVANCED_FACE('1:99133',(#416),#417,.T.);
#138=ADVANCED_FACE('1:99136',(#418),#419,.F.);
#139=ADVANCED_FACE('1:99139',(#420),#421,.F.);
#140=ADVANCED_FACE('1:99142',(#422),#423,.T.);
#141=ADVANCED_FACE('1:99145',(#424),#425,.F.);
#142=ADVANCED_FACE('1:99148',(#426),#427,.T.);
#143=ADVANCED_FACE('1:99151',(#428),#429,.T.);
#144=ADVANCED_FACE('1:99154',(#430),#431,.F.);
#145=ADVANCED_FACE('1:99160',(#432),#433,.T.);
#146=ADVANCED_FACE('1:99163',(#434),#435,.F.);
#147=ADVANCED_FACE('1:99166',(#436),#437,.T.);
#148=ADVANCED_FACE('1:99169',(#438),#439,.T.);
#149=ADVANCED_FACE('1:99172',(#440),#441,.T.);
#150=ADVANCED_FACE('1:99175',(#442),#443,.F.);
#151=ADVANCED_FACE('1:99178',(#444),#445,.F.);
#152=ADVANCED_FACE('1:99181',(#446),#447,.F.);
#153=ADVANCED_FACE('1:99184',(#448),#449,.F.);
#154=ADVANCED_FACE('1:99187',(#450,#451,#452),#453,.T.);
#155=ADVANCED_FACE('1:99190',(#454),#455,.T.);
#156=ADVANCED_FACE('1:99193',(#456),#457,.F.);
#157=ADVANCED_FACE('1:99196',(#458),#459,.F.);
#158=ADVANCED_FACE('1:99199',(#460),#461,.F.);
#159=ADVANCED_FACE('1:99202',(#462),#463,.F.);
#160=ADVANCED_FACE('1:99205',(#464,#465,#466),#467,.T.);
#161=ADVANCED_FACE('1:99208',(#468),#469,.F.);
#162=ADVANCED_FACE('1:99211',(#470),#471,.F.);
#163=ADVANCED_FACE('1:99214',(#472),#473,.F.);
#164=ADVANCED_FACE('1:99217',(#474),#475,.F.);
#165=ADVANCED_FACE('1:99220',(#476),#477,.F.);
#166=ADVANCED_FACE('1:99223',(#478),#479,.F.);
#167=ADVANCED_FACE('1:99226',(#480),#481,.F.);
#168=ADVANCED_FACE('1:99229',(#482,#483,#484,#485,#486,#487,#488,#489,#490,#491,#492,#493,#494,#495,#496),#497,.T.);
#169=ADVANCED_FACE('1:99232',(#498),#499,.F.);
#170=ADVANCED_FACE('1:99235',(#500),#501,.F.);
#171=ADVANCED_FACE('1:99238',(#502),#503,.F.);
#172=ADVANCED_FACE('1:99241',(#504),#505,.F.);
#173=ADVANCED_FACE('1:99244',(#506),#507,.F.);
#174=ADVANCED_FACE('1:99247',(#508),#509,.F.);
#175=ADVANCED_FACE('1:99250',(#510),#511,.F.);
#176=ADVANCED_FACE('1:99253',(#512),#513,.F.);
#177=ADVANCED_FACE('1:99256',(#514),#515,.F.);
#178=ADVANCED_FACE('1:99259',(#516),#517,.F.);
#179=ADVANCED_FACE('1:99262',(#518),#519,.F.);
#180=ADVANCED_FACE('1:99265',(#520),#521,.F.);
#181=ADVANCED_FACE('1:99268',(#522),#523,.F.);
#182=ADVANCED_FACE('1:99271',(#524),#525,.F.);
#183=ADVANCED_FACE('1:99274',(#526),#527,.F.);
#184=ADVANCED_FACE('1:99277',(#528),#529,.F.);
#185=ADVANCED_FACE('1:99280',(#530),#531,.F.);
#186=ADVANCED_FACE('1:99283',(#532),#533,.F.);
#187=ADVANCED_FACE('1:99286',(#534),#535,.F.);
#188=ADVANCED_FACE('1:99289',(#536),#537,.F.);
#189=ADVANCED_FACE('1:99292',(#538),#539,.F.);
#190=ADVANCED_FACE('1:99295',(#540),#541,.F.);
#191=ADVANCED_FACE('1:99298',(#542),#543,.F.);
#192=ADVANCED_FACE('1:99301',(#544),#545,.F.);
#193=ADVANCED_FACE('1:99304',(#546),#547,.F.);
#194=ADVANCED_FACE('1:99307',(#548),#549,.F.);
#195=ADVANCED_FACE('1:99310',(#550),#551,.F.);
#196=ADVANCED_FACE('1:99313',(#552),#553,.F.);
#197=ADVANCED_FACE('1:99316',(#554),#555,.T.);
#198=ADVANCED_FACE('1:99319',(#556),#557,.T.);
#199=ADVANCED_FACE('1:99322',(#558),#559,.T.);
#200=ADVANCED_FACE('1:99325',(#560),#561,.T.);
#201=ADVANCED_FACE('1:99328',(#562),#563,.T.);
#202=ADVANCED_FACE('1:99331',(#564),#565,.T.);
#203=ADVANCED_FACE('1:99334',(#566),#567,.T.);
#204=ADVANCED_FACE('1:99337',(#568),#569,.T.);
#205=ADVANCED_FACE('1:99340',(#570),#571,.T.);
#206=ADVANCED_FACE('1:99343',(#572),#573,.T.);
#207=ADVANCED_FACE('1:99346',(#574),#575,.T.);
#208=ADVANCED_FACE('1:99349',(#576),#577,.T.);
#209=ADVANCED_FACE('1:99352',(#578),#579,.T.);
#210=ADVANCED_FACE('1:99355',(#580),#581,.T.);
#211=ADVANCED_FACE('1:99358',(#582),#583,.T.);
#212=ADVANCED_FACE('1:99361',(#584),#585,.T.);
#213=ADVANCED_FACE('1:99364',(#586),#587,.F.);
#214=ADVANCED_FACE('1:99367',(#588),#589,.T.);
#215=ADVANCED_FACE('1:99370',(#590),#591,.T.);
#216=ADVANCED_FACE('1:99373',(#592),#593,.T.);
#217=ADVANCED_FACE('1:99376',(#594),#595,.T.);
#218=ADVANCED_FACE('1:99379',(#596),#597,.T.);
#219=ADVANCED_FACE('1:99382',(#598),#599,.T.);
#220=ADVANCED_FACE('1:99385',(#600),#601,.T.);
#221=ADVANCED_FACE('1:99388',(#602),#603,.T.);
#222=ADVANCED_FACE('1:99391',(#604),#605,.T.);
#223=ADVANCED_FACE('1:99394',(#606),#607,.F.);
#224=ADVANCED_FACE('1:99397',(#608),#609,.T.);
#225=ADVANCED_FACE('1:99400',(#610),#611,.T.);
#226=ADVANCED_FACE('1:99403',(#612),#613,.T.);
#227=ADVANCED_FACE('1:99406',(#614),#615,.F.);
#229=SURFACE_STYLE_FILL_AREA(#616);
#230=FACE_OUTER_BOUND('',#617,.T.);
#231=B_SPLINE_SURFACE_WITH_KNOTS('',3,3,((#618,#619,#620,#621),(#622,#623,#624,#625),(#626,#627,#628,#629),(#630,#631,#632,#633),(#634,#635,#636,#637),(#638,#639,#640,#641),(#642,#643,#644,#645),(#646,#647,#648,#649),(#650,#651,#652,#653),(#654,#655,#656,#657),(#658,#659,#660,#661),(#662,#663,#664,#665),(#666,#667,#668,#669),(#670,#671,#672,#673),(#674,#675,#676,#677),(#678,#679,#680,#681),(#682,#683,#684,#685),(#686,#687,#688,#689),(#690,#691,#692,#693),(#694,#695,#696,#697),(#698,#699,#700,#701),(#702,#703,#704,#705),(#706,#707,#708,#709),(#710,#711,#712,#713),(#714,#715,#716,#717),(#718,#719,#720,#721),(#722,#723,#724,#725),(#726,#727,#728,#729),(#730,#731,#732,#733),(#734,#735,#736,#737),(#738,#739,#740,#741),(#742,#743,#744,#745),(#746,#747,#748,#749),(#750,#751,#752,#753)),.UNSPECIFIED.,.T.,.F.,.F.,(4,2,2,2,2,2,2,2,2,2,2,2,2,2,2,2,4),(4,4),(-3.14159265358979,-3.05387227676735,-2.58620663775817,-2.11854099875072,-1.65087536003371,-1.18320988053964,-0.71563277101173,-0.299999999996341,0.0,0.299999999996341,0.715632771001863,1.18320988054584,1.65087536004119,2.1185409987602,2.58620663776168,3.05387227676663,3.14159265358979),(0.0,1.0),.UNSPECIFIED.);
#232=FACE_OUTER_BOUND('',#754,.T.);
#233=CYLINDRICAL_SURFACE('',#755,0.0075);
#234=FACE_OUTER_BOUND('',#756,.T.);
#235=CYLINDRICAL_SURFACE('',#757,0.01);
#236=FACE_OUTER_BOUND('',#758,.T.);
#237=CYLINDRICAL_SURFACE('',#759,0.00150000000007862);
#238=FACE_OUTER_BOUND('',#760,.T.);
#239=CYLINDRICAL_SURFACE('',#761,0.002);
#240=FACE_OUTER_BOUND('',#762,.T.);
#241=CYLINDRICAL_SURFACE('',#763,0.005);
#242=FACE_OUTER_BOUND('',#764,.T.);
#243=CYLINDRICAL_SURFACE('',#765,0.01);
#244=FACE_OUTER_BOUND('',#766,.T.);
#245=CYLINDRICAL_SURFACE('',#767,0.005);
#246=FACE_OUTER_BOUND('',#768,.T.);
#247=CYLINDRICAL_SURFACE('',#769,0.001);
#248=FACE_OUTER_BOUND('',#770,.T.);
#249=SPHERICAL_SURFACE('',#771,0.001);
#250=FACE_OUTER_BOUND('',#772,.T.);
#251=CYLINDRICAL_SURFACE('',#773,0.001);
#252=FACE_OUTER_BOUND('',#774,.T.);
#253=CYLINDRICAL_SURFACE('',#775,0.001);
#254=FACE_OUTER_BOUND('',#776,.T.);
#255=CYLINDRICAL_SURFACE('',#777,0.001);
#256=FACE_OUTER_BOUND('',#778,.T.);
#257=CYLINDRICAL_SURFACE('',#779,0.001);
#258=FACE_OUTER_BOUND('',#780,.T.);
#259=CYLINDRICAL_SURFACE('',#781,0.001);
#260=FACE_OUTER_BOUND('',#782,.T.);
#261=CYLINDRICAL_SURFACE('',#783,0.001);
#262=FACE_OUTER_BOUND('',#784,.T.);
#263=CYLINDRICAL_SURFACE('',#785,0.001);
#264=FACE_OUTER_BOUND('',#786,.T.);
#265=CYLINDRICAL_SURFACE('',#787,0.0155);
#266=FACE_OUTER_BOUND('',#788,.T.);
#267=CYLINDRICAL_SURFACE('',#789,0.0018);
#268=FACE_OUTER_BOUND('',#790,.T.);
#269=CONICAL_SURFACE('',#791,0.0033,0.785398163397448);
#270=FACE_OUTER_BOUND('',#792,.T.);
#271=CYLINDRICAL_SURFACE('',#793,0.0018);
#272=FACE_OUTER_BOUND('',#794,.T.);
#273=CONICAL_SURFACE('',#795,0.0033,0.785398163397448);
#274=FACE_OUTER_BOUND('',#796,.T.);
#275=CONICAL_SURFACE('',#797,0.00375,0.785398163397448);
#276=FACE_OUTER_BOUND('',#798,.T.);
#277=CONICAL_SURFACE('',#799,0.00375,0.785398163397448);
#278=FACE_OUTER_BOUND('',#800,.T.);
#279=CONICAL_SURFACE('',#801,0.00375000000000001,0.785398163397448);
#280=FACE_OUTER_BOUND('',#802,.T.);
#281=CONICAL_SURFACE('',#803,0.00375,0.785398163397448);
#282=FACE_OUTER_BOUND('',#804,.T.);
#283=CONICAL_SURFACE('',#805,0.00375000000000001,0.785398163397448);
#284=FACE_OUTER_BOUND('',#806,.T.);
#285=CONICAL_SURFACE('',#807,0.00374999999999999,0.785398163397448);
#286=FACE_OUTER_BOUND('',#808,.T.);
#287=CYLINDRICAL_SURFACE('',#809,0.00225);
#288=FACE_OUTER_BOUND('',#810,.T.);
#289=CONICAL_SURFACE('',#811,0.00455,0.785398163397448);
#290=FACE_OUTER_BOUND('',#812,.T.);
#291=CYLINDRICAL_SURFACE('',#813,0.00224999999999999);
#292=FACE_OUTER_BOUND('',#814,.T.);
#293=CONICAL_SURFACE('',#815,0.00454999999999999,0.785398163397448);
#294=FACE_OUTER_BOUND('',#816,.T.);
#295=CYLINDRICAL_SURFACE('',#817,0.00225);
#296=FACE_OUTER_BOUND('',#818,.T.);
#297=CONICAL_SURFACE('',#819,0.00455,0.785398163397448);
#298=FACE_OUTER_BOUND('',#820,.T.);
#299=CYLINDRICAL_SURFACE('',#821,0.00225);
#300=FACE_OUTER_BOUND('',#822,.T.);
#301=CONICAL_SURFACE('',#823,0.00455,0.785398163397448);
#302=FACE_OUTER_BOUND('',#824,.T.);
#303=CYLINDRICAL_SURFACE('',#825,0.00225);
#304=FACE_OUTER_BOUND('',#826,.T.);
#305=CONICAL_SURFACE('',#827,0.00455,0.785398163397448);
#306=FACE_OUTER_BOUND('',#828,.T.);
#307=CYLINDRICAL_SURFACE('',#829,0.00225);
#308=FACE_OUTER_BOUND('',#830,.T.);
#309=CONICAL_SURFACE('',#831,0.00455,0.785398163397448);
#310=FACE_OUTER_BOUND('',#832,.T.);
#311=CYLINDRICAL_SURFACE('',#833,0.00135);
#312=FACE_OUTER_BOUND('',#834,.T.);
#313=CONICAL_SURFACE('',#835,0.00285000000000001,0.785398163397448);
#314=FACE_OUTER_BOUND('',#836,.T.);
#315=CYLINDRICAL_SURFACE('',#837,0.00135);
#316=FACE_OUTER_BOUND('',#838,.T.);
#317=CONICAL_SURFACE('',#839,0.00285000000000001,0.785398163397448);
#318=FACE_OUTER_BOUND('',#840,.T.);
#319=CYLINDRICAL_SURFACE('',#841,0.00135);
#320=FACE_OUTER_BOUND('',#842,.T.);
#321=CONICAL_SURFACE('',#843,0.00285000000000001,0.785398163397448);
#322=FACE_OUTER_BOUND('',#844,.T.);
#323=CYLINDRICAL_SURFACE('',#845,0.00135);
#324=FACE_OUTER_BOUND('',#846,.T.);
#325=CONICAL_SURFACE('',#847,0.00285000000000001,0.785398163397448);
#326=FACE_OUTER_BOUND('',#848,.T.);
#327=CYLINDRICAL_SURFACE('',#849,0.0155);
#328=FACE_OUTER_BOUND('',#850,.T.);
#329=CYLINDRICAL_SURFACE('',#851,0.0075);
#330=FACE_OUTER_BOUND('',#852,.T.);
#331=CYLINDRICAL_SURFACE('',#853,0.0155);
#332=FACE_OUTER_BOUND('',#854,.T.);
#333=CYLINDRICAL_SURFACE('',#855,0.00750000000000002);
#334=FACE_OUTER_BOUND('',#856,.T.);
#335=CONICAL_SURFACE('',#857,0.00799999999999999,0.785398163397114);
#336=FACE_OUTER_BOUND('',#858,.T.);
#337=CONICAL_SURFACE('',#859,0.000999999999999997,0.785398163397449);
#338=FACE_OUTER_BOUND('',#860,.T.);
#339=CONICAL_SURFACE('',#861,0.016,0.785398163397448);
#340=FACE_OUTER_BOUND('',#862,.T.);
#341=CONICAL_SURFACE('',#863,0.00800000000000002,0.78539816339745);
#342=FACE_OUTER_BOUND('',#864,.T.);
#343=CONICAL_SURFACE('',#865,0.016,0.785398163397244);
#344=FACE_OUTER_BOUND('',#866,.T.);
#345=CYLINDRICAL_SURFACE('',#867,0.00750000000000002);
#346=FACE_OUTER_BOUND('',#868,.T.);
#347=CYLINDRICAL_SURFACE('',#869,0.0155);
#348=FACE_OUTER_BOUND('',#870,.T.);
#349=CYLINDRICAL_SURFACE('',#871,0.001);
#350=FACE_OUTER_BOUND('',#872,.T.);
#351=CONICAL_SURFACE('',#873,0.0160000000004393,0.785398163836772);
#352=FACE_OUTER_BOUND('',#874,.T.);
#353=CONICAL_SURFACE('',#875,0.001,0.785404425607807);
#354=FACE_OUTER_BOUND('',#876,.T.);
#355=CYLINDRICAL_SURFACE('',#877,0.00224999999999999);
#356=FACE_OUTER_BOUND('',#878,.T.);
#357=CONICAL_SURFACE('',#879,0.00454999999999998,0.785398163397448);
#358=FACE_OUTER_BOUND('',#880,.T.);
#359=CYLINDRICAL_SURFACE('',#881,0.00225);
#360=FACE_OUTER_BOUND('',#882,.T.);
#361=CONICAL_SURFACE('',#883,0.00455,0.785398163397448);
#362=FACE_OUTER_BOUND('',#884,.T.);
#363=CYLINDRICAL_SURFACE('',#885,0.0018);
#364=FACE_OUTER_BOUND('',#886,.T.);
#365=B_SPLINE_SURFACE_WITH_KNOTS('',3,3,((#887,#888,#889,#890),(#891,#892,#893,#894),(#895,#896,#897,#898),(#899,#900,#901,#902),(#903,#904,#905,#906),(#907,#908,#909,#910),(#911,#912,#913,#914),(#915,#916,#917,#918),(#919,#920,#921,#922),(#923,#924,#925,#926),(#927,#928,#929,#930),(#931,#932,#933,#934),(#935,#936,#937,#938),(#939,#940,#941,#942),(#943,#944,#945,#946),(#947,#948,#949,#950),(#951,#952,#953,#954),(#955,#956,#957,#958),(#959,#960,#961,#962),(#963,#964,#965,#966),(#967,#968,#969,#970),(#971,#972,#973,#974),(#975,#976,#977,#978),(#979,#980,#981,#982),(#983,#984,#985,#986),(#987,#988,#989,#990),(#991,#992,#993,#994),(#995,#996,#997,#998),(#999,#1000,#1001,#1002),(#1003,#1004,#1005,#1006),(#1007,#1008,#1009,#1010),(#1011,#1012,#1013,#1014),(#1015,#1016,#1017,#1018),(#1019,#1020,#1021,#1022)),.UNSPECIFIED.,.T.,.F.,.F.,(4,2,2,2,2,2,2,2,2,2,2,2,2,2,2,2,4),(4,4),(-3.14159265358979,-3.05387227676735,-2.58620663775817,-2.11854099875072,-1.65087536003371,-1.18320988053964,-0.71563277101173,-0.299999999996341,0.0,0.299999999996341,0.715632771001863,1.18320988054584,1.65087536004119,2.1185409987602,2.58620663776168,3.05387227676663,3.14159265358979),(0.0,1.0),.UNSPECIFIED.);
#366=FACE_OUTER_BOUND('',#1023,.T.);
#367=CYLINDRICAL_SURFACE('',#1024,0.0018);
#368=FACE_OUTER_BOUND('',#1025,.T.);
#369=CONICAL_SURFACE('',#1026,0.00455,0.785398163397448);
#370=FACE_OUTER_BOUND('',#1027,.T.);
#371=CYLINDRICAL_SURFACE('',#1028,0.00225);
#372=FACE_OUTER_BOUND('',#1029,.T.);
#373=CONICAL_SURFACE('',#1030,0.00454999999999998,0.785398163397448);
#374=FACE_OUTER_BOUND('',#1031,.T.);
#375=CYLINDRICAL_SURFACE('',#1032,0.00224999999999999);
#376=FACE_BOUND('',#1033,.T.);
#377=FACE_BOUND('',#1034,.T.);
#378=FACE_BOUND('',#1035,.T.);
#379=FACE_BOUND('',#1036,.T.);
#380=FACE_BOUND('',#1037,.T.);
#381=FACE_BOUND('',#1038,.T.);
#382=FACE_BOUND('',#1039,.T.);
#383=FACE_BOUND('',#1040,.T.);
#384=FACE_BOUND('',#1041,.T.);
#385=FACE_BOUND('',#1042,.T.);
#386=FACE_OUTER_BOUND('',#1043,.T.);
#387=FACE_BOUND('',#1044,.T.);
#388=FACE_BOUND('',#1045,.T.);
#389=FACE_BOUND('',#1046,.T.);
#390=FACE_BOUND('',#1047,.T.);
#391=PLANE('',#1048);
#392=FACE_OUTER_BOUND('',#1049,.T.);
#393=CONICAL_SURFACE('',#1050,0.00800000000022633,0.785398163623762);
#394=FACE_OUTER_BOUND('',#1051,.T.);
#395=PLANE('',#1052);
#396=FACE_OUTER_BOUND('',#1053,.T.);
#397=PLANE('',#1054);
#398=FACE_OUTER_BOUND('',#1055,.T.);
#399=CONICAL_SURFACE('',#1056,0.0160000000004393,0.785398163836772);
#400=FACE_OUTER_BOUND('',#1057,.T.);
#401=CONICAL_SURFACE('',#1058,0.0160000000004393,0.785398163836765);
#402=FACE_OUTER_BOUND('',#1059,.T.);
#403=PLANE('',#1060);
#404=FACE_OUTER_BOUND('',#1061,.T.);
#405=CONICAL_SURFACE('',#1062,0.000999999999999997,0.785405156946291);
#406=FACE_OUTER_BOUND('',#1063,.T.);
#407=CONICAL_SURFACE('',#1064,0.00800000000022632,0.785398163623766);
#408=FACE_OUTER_BOUND('',#1065,.T.);
#409=PLANE('',#1066);
#410=FACE_OUTER_BOUND('',#1067,.T.);
#411=CYLINDRICAL_SURFACE('',#1068,0.001);
#412=FACE_OUTER_BOUND('',#1069,.T.);
#413=CYLINDRICAL_SURFACE('',#1070,0.0155);
#414=FACE_OUTER_BOUND('',#1071,.T.);
#415=CYLINDRICAL_SURFACE('',#1072,0.001);
#416=FACE_OUTER_BOUND('',#1073,.T.);
#417=PLANE('',#1074);
#418=FACE_OUTER_BOUND('',#1075,.T.);
#419=CYLINDRICAL_SURFACE('',#1076,0.00750000000000002);
#420=FACE_OUTER_BOUND('',#1077,.T.);
#421=CONICAL_SURFACE('',#1078,0.016,0.785398163397244);
#422=FACE_OUTER_BOUND('',#1079,.T.);
#423=PLANE('',#1080);
#424=FACE_OUTER_BOUND('',#1081,.T.);
#425=CONICAL_SURFACE('',#1082,0.00800000000000002,0.78539816339745);
#426=FACE_OUTER_BOUND('',#1083,.T.);
#427=PLANE('',#1084);
#428=FACE_OUTER_BOUND('',#1085,.T.);
#429=CONICAL_SURFACE('',#1086,0.001,0.78539816339741);
#430=FACE_OUTER_BOUND('',#1087,.T.);
#431=CONICAL_SURFACE('',#1088,0.016,0.785398163397448);
#432=FACE_OUTER_BOUND('',#1089,.T.);
#433=PLANE('',#1090);
#434=FACE_OUTER_BOUND('',#1091,.T.);
#435=CONICAL_SURFACE('',#1092,0.00799999999999999,0.785398163397114);
#436=FACE_OUTER_BOUND('',#1093,.T.);
#437=PLANE('',#1094);
#438=FACE_OUTER_BOUND('',#1095,.T.);
#439=CYLINDRICAL_SURFACE('',#1096,0.001);
#440=FACE_OUTER_BOUND('',#1097,.T.);
#441=PLANE('',#1098);
#442=FACE_OUTER_BOUND('',#1099,.T.);
#443=CYLINDRICAL_SURFACE('',#1100,0.00750000000000002);
#444=FACE_OUTER_BOUND('',#1101,.T.);
#445=PLANE('',#1102);
#446=FACE_OUTER_BOUND('',#1103,.T.);
#447=CYLINDRICAL_SURFACE('',#1104,0.0155);
#448=FACE_OUTER_BOUND('',#1105,.T.);
#449=CYLINDRICAL_SURFACE('',#1106,0.0075);
#450=FACE_BOUND('',#1107,.T.);
#451=FACE_OUTER_BOUND('',#1108,.T.);
#452=FACE_BOUND('',#1109,.T.);
#453=PLANE('',#1110);
#454=FACE_OUTER_BOUND('',#1111,.T.);
#455=PLANE('',#1112);
#456=FACE_OUTER_BOUND('',#1113,.T.);
#457=PLANE('',#1114);
#458=FACE_OUTER_BOUND('',#1115,.T.);
#459=CYLINDRICAL_SURFACE('',#1116,0.0155);
#460=FACE_OUTER_BOUND('',#1117,.T.);
#461=PLANE('',#1118);
#462=FACE_OUTER_BOUND('',#1119,.T.);
#463=CONICAL_SURFACE('',#1120,0.00285000000000001,0.785398163397448);
#464=FACE_BOUND('',#1121,.T.);
#465=FACE_OUTER_BOUND('',#1122,.T.);
#466=FACE_BOUND('',#1123,.T.);
#467=PLANE('',#1124);
#468=FACE_OUTER_BOUND('',#1125,.T.);
#469=CYLINDRICAL_SURFACE('',#1126,0.00135);
#470=FACE_OUTER_BOUND('',#1127,.T.);
#471=CONICAL_SURFACE('',#1128,0.00285000000000001,0.785398163397448);
#472=FACE_OUTER_BOUND('',#1129,.T.);
#473=CYLINDRICAL_SURFACE('',#1130,0.00135);
#474=FACE_OUTER_BOUND('',#1131,.T.);
#475=CONICAL_SURFACE('',#1132,0.00285000000000001,0.785398163397448);
#476=FACE_OUTER_BOUND('',#1133,.T.);
#477=CYLINDRICAL_SURFACE('',#1134,0.00135);
#478=FACE_OUTER_BOUND('',#1135,.T.);
#479=CONICAL_SURFACE('',#1136,0.00285000000000001,0.785398163397448);
#480=FACE_OUTER_BOUND('',#1137,.T.);
#481=CYLINDRICAL_SURFACE('',#1138,0.00135);
#482=FACE_BOUND('',#1139,.T.);
#483=FACE_BOUND('',#1140,.T.);
#484=FACE_BOUND('',#1141,.T.);
#485=FACE_BOUND('',#1142,.T.);
#486=FACE_BOUND('',#1143,.T.);
#487=FACE_BOUND('',#1144,.T.);
#488=FACE_BOUND('',#1145,.T.);
#489=FACE_BOUND('',#1146,.T.);
#490=FACE_BOUND('',#1147,.T.);
#491=FACE_BOUND('',#1148,.T.);
#492=FACE_BOUND('',#1149,.T.);
#493=FACE_OUTER_BOUND('',#1150,.T.);
#494=FACE_BOUND('',#1151,.T.);
#495=FACE_BOUND('',#1152,.T.);
#496=FACE_BOUND('',#1153,.T.);
#497=PLANE('',#1154);
#498=FACE_OUTER_BOUND('',#1155,.T.);
#499=CONICAL_SURFACE('',#1156,0.00455,0.785398163397448);
#500=FACE_OUTER_BOUND('',#1157,.T.);
#501=CYLINDRICAL_SURFACE('',#1158,0.00225);
#502=FACE_OUTER_BOUND('',#1159,.T.);
#503=CONICAL_SURFACE('',#1160,0.00455,0.785398163397448);
#504=FACE_OUTER_BOUND('',#1161,.T.);
#505=CYLINDRICAL_SURFACE('',#1162,0.00225);
#506=FACE_OUTER_BOUND('',#1163,.T.);
#507=CONICAL_SURFACE('',#1164,0.00455,0.785398163397448);
#508=FACE_OUTER_BOUND('',#1165,.T.);
#509=CYLINDRICAL_SURFACE('',#1166,0.00225);
#510=FACE_OUTER_BOUND('',#1167,.T.);
#511=CONICAL_SURFACE('',#1168,0.00455,0.785398163397448);
#512=FACE_OUTER_BOUND('',#1169,.T.);
#513=CYLINDRICAL_SURFACE('',#1170,0.00225);
#514=FACE_OUTER_BOUND('',#1171,.T.);
#515=CONICAL_SURFACE('',#1172,0.00454999999999999,0.785398163397448);
#516=FACE_OUTER_BOUND('',#1173,.T.);
#517=CYLINDRICAL_SURFACE('',#1174,0.00224999999999999);
#518=FACE_OUTER_BOUND('',#1175,.T.);
#519=CONICAL_SURFACE('',#1176,0.00455,0.785398163397448);
#520=FACE_OUTER_BOUND('',#1177,.T.);
#521=CYLINDRICAL_SURFACE('',#1178,0.00225);
#522=FACE_OUTER_BOUND('',#1179,.T.);
#523=CONICAL_SURFACE('',#1180,0.00374999999999999,0.785398163397448);
#524=FACE_OUTER_BOUND('',#1181,.T.);
#525=CONICAL_SURFACE('',#1182,0.00375000000000001,0.785398163397448);
#526=FACE_OUTER_BOUND('',#1183,.T.);
#527=CONICAL_SURFACE('',#1184,0.00375,0.785398163397448);
#528=FACE_OUTER_BOUND('',#1185,.T.);
#529=CONICAL_SURFACE('',#1186,0.00375000000000001,0.785398163397448);
#530=FACE_OUTER_BOUND('',#1187,.T.);
#531=CONICAL_SURFACE('',#1188,0.00375,0.785398163397448);
#532=FACE_OUTER_BOUND('',#1189,.T.);
#533=CONICAL_SURFACE('',#1190,0.00375,0.785398163397448);
#534=FACE_OUTER_BOUND('',#1191,.T.);
#535=CONICAL_SURFACE('',#1192,0.0033,0.785398163397448);
#536=FACE_OUTER_BOUND('',#1193,.T.);
#537=CYLINDRICAL_SURFACE('',#1194,0.0018);
#538=FACE_OUTER_BOUND('',#1195,.T.);
#539=PLANE('',#1196);
#540=FACE_OUTER_BOUND('',#1197,.T.);
#541=CONICAL_SURFACE('',#1198,0.0033,0.785398163397448);
#542=FACE_OUTER_BOUND('',#1199,.T.);
#543=CYLINDRICAL_SURFACE('',#1200,0.0018);
#544=FACE_OUTER_BOUND('',#1201,.T.);
#545=PLANE('',#1202);
#546=FACE_OUTER_BOUND('',#1203,.T.);
#547=PLANE('',#1204);
#548=FACE_OUTER_BOUND('',#1205,.T.);
#549=PLANE('',#1206);
#550=FACE_OUTER_BOUND('',#1207,.T.);
#551=PLANE('',#1208);
#552=FACE_OUTER_BOUND('',#1209,.T.);
#553=CYLINDRICAL_SURFACE('',#1210,0.0155);
#554=FACE_OUTER_BOUND('',#1211,.T.);
#555=CYLINDRICAL_SURFACE('',#1212,0.001);
#556=FACE_OUTER_BOUND('',#1213,.T.);
#557=CYLINDRICAL_SURFACE('',#1214,0.001);
#558=FACE_OUTER_BOUND('',#1215,.T.);
#559=TOROIDAL_SURFACE('',#1216,0.006,0.001);
#560=FACE_OUTER_BOUND('',#1217,.T.);
#561=TOROIDAL_SURFACE('',#1218,0.004,0.001);
#562=FACE_OUTER_BOUND('',#1219,.T.);
#563=CYLINDRICAL_SURFACE('',#1220,0.001);
#564=FACE_OUTER_BOUND('',#1221,.T.);
#565=CYLINDRICAL_SURFACE('',#1222,0.001);
#566=FACE_OUTER_BOUND('',#1223,.T.);
#567=TOROIDAL_SURFACE('',#1224,0.009,0.001);
#568=FACE_OUTER_BOUND('',#1225,.T.);
#569=CYLINDRICAL_SURFACE('',#1226,0.001);
#570=FACE_OUTER_BOUND('',#1227,.T.);
#571=TOROIDAL_SURFACE('',#1228,0.004,0.001);
#572=FACE_OUTER_BOUND('',#1229,.T.);
#573=CYLINDRICAL_SURFACE('',#1230,0.001);
#574=FACE_OUTER_BOUND('',#1231,.T.);
#575=TOROIDAL_SURFACE('',#1232,0.001,0.001);
#576=FACE_OUTER_BOUND('',#1233,.T.);
#577=CYLINDRICAL_SURFACE('',#1234,0.001);
#578=FACE_OUTER_BOUND('',#1235,.T.);
#579=TOROIDAL_SURFACE('',#1236,0.009,0.001);
#580=FACE_OUTER_BOUND('',#1237,.T.);
#581=SPHERICAL_SURFACE('',#1238,0.001);
#582=FACE_OUTER_BOUND('',#1239,.T.);
#583=CYLINDRICAL_SURFACE('',#1240,0.001);
#584=FACE_OUTER_BOUND('',#1241,.T.);
#585=PLANE('',#1242);
#586=FACE_OUTER_BOUND('',#1243,.T.);
#587=CYLINDRICAL_SURFACE('',#1244,0.005);
#588=FACE_OUTER_BOUND('',#1245,.T.);
#589=CYLINDRICAL_SURFACE('',#1246,0.005);
#590=FACE_OUTER_BOUND('',#1247,.T.);
#591=PLANE('',#1248);
#592=FACE_OUTER_BOUND('',#1249,.T.);
#593=CYLINDRICAL_SURFACE('',#1250,0.01);
#594=FACE_OUTER_BOUND('',#1251,.T.);
#595=PLANE('',#1252);
#596=FACE_OUTER_BOUND('',#1253,.T.);
#597=CYLINDRICAL_SURFACE('',#1254,0.005);
#598=FACE_OUTER_BOUND('',#1255,.T.);
#599=PLANE('',#1256);
#600=FACE_OUTER_BOUND('',#1257,.T.);
#601=CYLINDRICAL_SURFACE('',#1258,0.002);
#602=FACE_OUTER_BOUND('',#1259,.T.);
#603=PLANE('',#1260);
#604=FACE_OUTER_BOUND('',#1261,.T.);
#605=B_SPLINE_SURFACE_WITH_KNOTS('',3,3,((#1262,#1263,#1264,#1265),(#1266,#1267,#1268,#1269),(#1270,#1271,#1272,#1273),(#1274,#1275,#1276,#1277),(#1278,#1279,#1280,#1281),(#1282,#1283,#1284,#1285),(#1286,#1287,#1288,#1289),(#1290,#1291,#1292,#1293),(#1294,#1295,#1296,#1297),(#1298,#1299,#1300,#1301),(#1302,#1303,#1304,#1305),(#1306,#1307,#1308,#1309),(#1310,#1311,#1312,#1313),(#1314,#1315,#1316,#1317),(#1318,#1319,#1320,#1321),(#1322,#1323,#1324,#1325),(#1326,#1327,#1328,#1329),(#1330,#1331,#1332,#1333),(#1334,#1335,#1336,#1337),(#1338,#1339,#1340,#1341),(#1342,#1343,#1344,#1345),(#1346,#1347,#1348,#1349),(#1350,#1351,#1352,#1353),(#1354,#1355,#1356,#1357),(#1358,#1359,#1360,#1361),(#1362,#1363,#1364,#1365),(#1366,#1367,#1368,#1369),(#1370,#1371,#1372,#1373),(#1374,#1375,#1376,#1377),(#1378,#1379,#1380,#1381),(#1382,#1383,#1384,#1385),(#1386,#1387,#1388,#1389),(#1390,#1391,#1392,#1393),(#1394,#1395,#1396,#1397),(#1398,#1399,#1400,#1401),(#1402,#1403,#1404,#1405),(#1406,#1407,#1408,#1409),(#1410,#1411,#1412,#1413),(#1414,#1415,#1416,#1417),(#1418,#1419,#1420,#1421),(#1422,#1423,#1424,#1425),(#1426,#1427,#1428,#1429),(#1430,#1431,#1432,#1433),(#1434,#1435,#1436,#1437),(#1438,#1439,#1440,#1441),(#1442,#1443,#1444,#1445),(#1446,#1447,#1448,#1449),(#1450,#1451,#1452,#1453),(#1454,#1455,#1456,#1457),(#1458,#1459,#1460,#1461),(#1462,#1463,#1464,#1465),(#1466,#1467,#1468,#1469),(#1470,#1471,#1472,#1473),(#1474,#1475,#1476,#1477),(#1478,#1479,#1480,#1481),(#1482,#1483,#1484,#1485),(#1486,#1487,#1488,#1489),(#1490,#1491,#1492,#1493),(#1494,#1495,#1496,#1497),(#1498,#1499,#1500,#1501),(#1502,#1503,#1504,#1505),(#1506,#1507,#1508,#1509),(#1510,#1511,#1512,#1513),(#1514,#1515,#1516,#1517)),.UNSPECIFIED.,.T.,.F.,.F.,(4,2,2,2,2,2,2,2,2,2,2,2,2,2,2,2,2,2,2,2,2,2,2,2,2,2,2,2,2,2,2,4),(4,4),(-0.0187363442257902,-0.0180748265545041,-0.0174133088832196,-0.0168328652537752,-0.0162524216243308,-0.0156719779948718,-0.0150915343654128,-0.0145110907359503,-0.0139306471064878,-0.013350203477035,-0.0127697598475822,-0.0121893162181467,-0.0116088725887112,-0.0110284289592907,-0.0104479853298701,-0.0093681721128951,-0.00891924912436105,-0.00812621081218487,-0.00754576718274171,-0.00696532355329854,-0.00638487992384022,-0.00580443629438191,-0.0052239926649192,-0.0046435490354565,-0.00406310540600273,-0.00348266177654895,-0.00290221814711225,-0.00232177451767555,-0.00174133088825425,-0.00116088725883295,-0.000580443629416475,0.0),(0.0,1.0),.UNSPECIFIED.);
#606=FACE_OUTER_BOUND('',#1518,.T.);
#607=CYLINDRICAL_SURFACE('',#1519,0.00150000000007862);
#608=FACE_OUTER_BOUND('',#1520,.T.);
#609=CYLINDRICAL_SURFACE('',#1521,0.01);
#610=FACE_OUTER_BOUND('',#1522,.T.);
#611=PLANE('',#1523);
#612=FACE_OUTER_BOUND('',#1524,.T.);
#613=PLANE('',#1525);
#614=FACE_OUTER_BOUND('',#1526,.T.);
#615=CYLINDRICAL_SURFACE('',#1527,0.0075);
#616=FILL_AREA_STYLE('',(#1528));
#617=EDGE_LOOP('',(#1529,#1530,#1531,#1532,#1533,#1534));
#618=CARTESIAN_POINT('',(0.0796453458545688,0.0106993147015578,-0.0493646450263282));
#619=CARTESIAN_POINT('',(0.0796453407352543,0.0101993140012927,-0.0498646456730466));
#620=CARTESIAN_POINT('',(0.0796453356159398,0.00969931330102762,-0.0503646463197651));
#621=CARTESIAN_POINT('',(0.0796453304966252,0.0091993126007625,-0.0508646469664835));
#622=CARTESIAN_POINT('',(0.0797418382690684,0.0106993137136092,-0.0493646450263282));
#623=CARTESIAN_POINT('',(0.0797272130869509,0.010199313162827,-0.0498646456730466));
#624=CARTESIAN_POINT('',(0.0797125879048334,0.00969931261204488,-0.050364646319765));
#625=CARTESIAN_POINT('',(0.0796979627227159,0.00919931206126273,-0.0508646469664835));
#626=CARTESIAN_POINT('',(0.0798383305883796,0.0106993127311391,-0.0493688799135556));
#627=CARTESIAN_POINT('',(0.0798090853578816,0.0101993123307384,-0.0498682389106941));
#628=CARTESIAN_POINT('',(0.0797798401273836,0.00969931193033776,-0.0503675979078326));
#629=CARTESIAN_POINT('',(0.0797505948968857,0.00919931152993709,-0.0508669569049712));
#630=CARTESIAN_POINT('',(0.0804469062215241,0.0106993065693948,-0.0494224017489891));
#631=CARTESIAN_POINT('',(0.080325452561762,0.0101993071231379,-0.0499136513771226));
#632=CARTESIAN_POINT('',(0.080203998902,0.00969930767688096,-0.0504049010052561));
#633=CARTESIAN_POINT('',(0.0800825452422379,0.00919930823062404,-0.0508961506333895));
#634=CARTESIAN_POINT('',(0.0809482297798644,0.0106993016525375,-0.0495893996753972));
#635=CARTESIAN_POINT('',(0.080750818005203,0.0101993030183535,-0.0500553465874083));
#636=CARTESIAN_POINT('',(0.0805534062305415,0.00969930438416958,-0.0505212934994194));
#637=CARTESIAN_POINT('',(0.0803559944558801,0.00919930574998563,-0.0509872404114305));
#638=CARTESIAN_POINT('',(0.0818224527464446,0.0106992934033833,-0.0501318903851771));
#639=CARTESIAN_POINT('',(0.081492582946546,0.0101992962386394,-0.0505156417351007));
#640=CARTESIAN_POINT('',(0.0811627131466474,0.00969929907389542,-0.0508993930850243));
#641=CARTESIAN_POINT('',(0.0808328433467488,0.00919930190915145,-0.0512831444349478));
#642=CARTESIAN_POINT('',(0.0821946624125389,0.0106992900775949,-0.0505069551556493));
#643=CARTESIAN_POINT('',(0.0818083972086882,0.0101992935690586,-0.050833878510047));
#644=CARTESIAN_POINT('',(0.0814221320048374,0.00969929706052232,-0.0511608018644447));
#645=CARTESIAN_POINT('',(0.0810358668009867,0.009199300551986,-0.0514877252188424));
#646=CARTESIAN_POINT('',(0.0827304571108551,0.0106992857278812,-0.051385297916843));
#647=CARTESIAN_POINT('',(0.0822630108921117,0.0101992902357737,-0.0515791390346967));
#648=CARTESIAN_POINT('',(0.0817955646733682,0.00969929474366614,-0.0517729801525504));
#649=CARTESIAN_POINT('',(0.0813281184546247,0.0091992992515586,-0.0519668212704041));
#650=CARTESIAN_POINT('',(0.0828936194133122,0.0106992847073877,-0.0518878829149141));
#651=CARTESIAN_POINT('',(0.0824014516335925,0.0101992895746994,-0.052005574790636));
#652=CARTESIAN_POINT('',(0.0819092838538727,0.00969929444201101,-0.052123266666358));
#653=CARTESIAN_POINT('',(0.081417116074153,0.00919929930932266,-0.05224095854208));
#654=CARTESIAN_POINT('',(0.0829759218375482,0.0106992851912322,-0.0529134500335425));
#655=CARTESIAN_POINT('',(0.0824712839935546,0.0101992904036793,-0.0528757529518971));
#656=CARTESIAN_POINT('',(0.081966646149561,0.00969929561612649,-0.0528380558702518));
#657=CARTESIAN_POINT('',(0.0814620083055673,0.00919930082857363,-0.0528003587886064));
#658=CARTESIAN_POINT('',(0.0828949971091466,0.0106992866951876,-0.0534356229986081));
#659=CARTESIAN_POINT('',(0.0824026205876403,0.0101992918930789,-0.053318808801044));
#660=CARTESIAN_POINT('',(0.0819102440661339,0.00969929709097012,-0.0532019946034799));
#661=CARTESIAN_POINT('',(0.0814178675446275,0.00919930228886139,-0.0530851804059158));
#662=CARTESIAN_POINT('',(0.0825061695431748,0.0106992919081872,-0.0543880800061983));
#663=CARTESIAN_POINT('',(0.0820727062892439,0.0101992967058397,-0.0541269541408181));
#664=CARTESIAN_POINT('',(0.081639243035313,0.00969930150349233,-0.0538658282754379));
#665=CARTESIAN_POINT('',(0.0812057797813821,0.00919930630114492,-0.0536047024100576));
#666=CARTESIAN_POINT('',(0.0821986169342373,0.0106992956126969,-0.054817630651231));
#667=CARTESIAN_POINT('',(0.0818117525604503,0.0101993000250536,-0.0544914213547854));
#668=CARTESIAN_POINT('',(0.0814248881866632,0.0096993044374103,-0.0541652120583398));
#669=CARTESIAN_POINT('',(0.0810380238128762,0.00919930884976701,-0.0538390027618943));
#670=CARTESIAN_POINT('',(0.0814654237337313,0.0106993039440384,-0.0554550472805271));
#671=CARTESIAN_POINT('',(0.0811896492388115,0.0101993073558216,-0.0550322597069158));
#672=CARTESIAN_POINT('',(0.0809138747438916,0.00969931076760479,-0.0546094721333045));
#673=CARTESIAN_POINT('',(0.0806381002489718,0.009199314179388,-0.0541866845596933));
#674=CARTESIAN_POINT('',(0.0810573386039998,0.0106993084160013,-0.0556821447698413));
#675=CARTESIAN_POINT('',(0.0808433951893433,0.0101993112437843,-0.055224948485728));
#676=CARTESIAN_POINT('',(0.0806294517746868,0.00969931407156739,-0.0547677522016147));
#677=CARTESIAN_POINT('',(0.0804155083600303,0.00919931689935045,-0.0543105559175014));
#678=CARTESIAN_POINT('',(0.0803053014951838,0.010699316416715,-0.0559147771086605));
#679=CARTESIAN_POINT('',(0.0802053030970155,0.010199318128833,-0.0554223335004838));
#680=CARTESIAN_POINT('',(0.0801053046988472,0.00969931984095108,-0.0549298898923071));
#681=CARTESIAN_POINT('',(0.080005306300679,0.00919932155306915,-0.0544374462841305));
#682=CARTESIAN_POINT('',(0.0799753458546348,0.0106993198595047,-0.0559646450263466));
#683=CARTESIAN_POINT('',(0.0799253407353378,0.0101993210710485,-0.055464645673066));
#684=CARTESIAN_POINT('',(0.0798753356160408,0.00969932228259229,-0.0549646463197854));
#685=CARTESIAN_POINT('',(0.0798253304967438,0.00919932349413609,-0.0544646469665048));
#686=CARTESIAN_POINT('',(0.0793153458546774,0.0106993266169904,-0.0559646450263467));
#687=CARTESIAN_POINT('',(0.079365340735374,0.0101993268060833,-0.0554646456730661));
#688=CARTESIAN_POINT('',(0.0794153356160706,0.00969932699517626,-0.0549646463197855));
#689=CARTESIAN_POINT('',(0.0794653304967671,0.00919932718426918,-0.0544646469665049));
#690=CARTESIAN_POINT('',(0.0789853902141271,0.010699329930778,-0.0559147771086604));
#691=CARTESIAN_POINT('',(0.0790853783736947,0.0101993295981318,-0.0554223335004838));
#692=CARTESIAN_POINT('',(0.0791853665332624,0.00969932926548555,-0.0549298898923072));
#693=CARTESIAN_POINT('',(0.07928535469283,0.00919932893283931,-0.0544374462841305));
#694=CARTESIAN_POINT('',(0.0782333531053152,0.0106993373297008,-0.0556821447698445));
#695=CARTESIAN_POINT('',(0.0784472862813685,0.0101993357826559,-0.0552249484857307));
#696=CARTESIAN_POINT('',(0.0786612194574219,0.00969933423561102,-0.054767752201617));
#697=CARTESIAN_POINT('',(0.0788751526334752,0.00919933268856615,-0.0543105559175032));
#698=CARTESIAN_POINT('',(0.0778252679755868,0.0106993412141907,-0.0554550472805379));
#699=CARTESIAN_POINT('',(0.078101032231901,0.0101993389867611,-0.055032259706925));
#700=CARTESIAN_POINT('',(0.0783767964882153,0.00969933675933157,-0.0546094721333121));
#701=CARTESIAN_POINT('',(0.0786525607445296,0.00919933453190201,-0.0541866845596992));
#702=CARTESIAN_POINT('',(0.0770920747750524,0.0106993478966146,-0.0548176306512444));
#703=CARTESIAN_POINT('',(0.0774789289102329,0.0101993443980797,-0.0544914213547969));
#704=CARTESIAN_POINT('',(0.0778657830454133,0.00969934089954474,-0.0541652120583493));
#705=CARTESIAN_POINT('',(0.0782526371805938,0.00919933740100979,-0.0538390027619017));
#706=CARTESIAN_POINT('',(0.0767845221660916,0.0106993504899302,-0.0543880800061969));
#707=CARTESIAN_POINT('',(0.0772179751814159,0.0101993464237899,-0.0541269541408169));
#708=CARTESIAN_POINT('',(0.0776514281967401,0.00969934235764948,-0.0538658282754369));
#709=CARTESIAN_POINT('',(0.0780848812120644,0.0091993382915091,-0.0536047024100569));
#710=CARTESIAN_POINT('',(0.0763956946000933,0.010699353239042,-0.0534356229985865));
#711=CARTESIAN_POINT('',(0.0768880608829891,0.0101993483684218,-0.0533188088010257));
#712=CARTESIAN_POINT('',(0.0773804271658849,0.00969934349780168,-0.0532019946034649));
#713=CARTESIAN_POINT('',(0.0778727934487807,0.00919933862718155,-0.0530851804059041));
#714=CARTESIAN_POINT('',(0.0763147698716812,0.0106993533922008,-0.0529134500335189));
#715=CARTESIAN_POINT('',(0.0768193974770615,0.0101993482854045,-0.0528757529518772));
#716=CARTESIAN_POINT('',(0.0773240250824418,0.00969934317860828,-0.0528380558702354));
#717=CARTESIAN_POINT('',(0.0778286526878221,0.00919933807181202,-0.0528003587885936));
#718=CARTESIAN_POINT('',(0.0763970722958982,0.0106993512230307,-0.0518878829148874));
#719=CARTESIAN_POINT('',(0.0768892298369989,0.0101993460260995,-0.0520055747906135));
#720=CARTESIAN_POINT('',(0.0773813873780996,0.00969934082916831,-0.0521232666663395));
#721=CARTESIAN_POINT('',(0.0778735449192003,0.00919933563223712,-0.0522409585420656));
#722=CARTESIAN_POINT('',(0.0765602345983469,0.0106993489024123,-0.0513852979168155));
#723=CARTESIAN_POINT('',(0.0770276705784684,0.0101993438515935,-0.0515791390346734));
#724=CARTESIAN_POINT('',(0.07749510655859,0.0096993388007748,-0.0517729801525313));
#725=CARTESIAN_POINT('',(0.0779625425387115,0.00919933374995605,-0.0519668212703892));
#726=CARTESIAN_POINT('',(0.077096029296646,0.010699342280535,-0.0505069551556307));
#727=CARTESIAN_POINT('',(0.07748228426187,0.0101993378733595,-0.0508338785100312));
#728=CARTESIAN_POINT('',(0.0778685392270941,0.00969933346618398,-0.0511608018644317));
#729=CARTESIAN_POINT('',(0.0782547941923182,0.00919932905900845,-0.0514877252188323));
#730=CARTESIAN_POINT('',(0.0774682389627278,0.0106993379845007,-0.050131890385166));
#731=CARTESIAN_POINT('',(0.0777980985239985,0.0101993340743481,-0.0505156417350913));
#732=CARTESIAN_POINT('',(0.0781279580852692,0.00969933016419555,-0.0508993930850166));
#733=CARTESIAN_POINT('',(0.0784578176465399,0.00919932625404296,-0.0512831444349418));
#734=CARTESIAN_POINT('',(0.078342461929286,0.0106993283319906,-0.049589399675395));
#735=CARTESIAN_POINT('',(0.0785398634653183,0.0101993256610345,-0.0500553465874065));
#736=CARTESIAN_POINT('',(0.0787372650013506,0.00969932299007838,-0.0505212934994179));
#737=CARTESIAN_POINT('',(0.078934666537383,0.00919932031912229,-0.0509872404114294));
#738=CARTESIAN_POINT('',(0.0788437854876173,0.0106993229831304,-0.0494224017489893));
#739=CARTESIAN_POINT('',(0.0789652289087503,0.0101993210533701,-0.0499136513771227));
#740=CARTESIAN_POINT('',(0.0790866723298832,0.00969931912360986,-0.0504049010052562));
#741=CARTESIAN_POINT('',(0.0792081157510161,0.00919931719384962,-0.0508961506333897));
#742=CARTESIAN_POINT('',(0.0794523611207566,0.0106993166829317,-0.0493688799135557));
#743=CARTESIAN_POINT('',(0.0794815961126257,0.0101993156845995,-0.0498682389106942));
#744=CARTESIAN_POINT('',(0.0795108311044949,0.00969931468626734,-0.0503675979078327));
#745=CARTESIAN_POINT('',(0.0795400660963641,0.00919931368793514,-0.0508669569049712));
#746=CARTESIAN_POINT('',(0.0795488534400684,0.0106993156895065,-0.0493646450263282));
#747=CARTESIAN_POINT('',(0.0795634683835569,0.0101993148397584,-0.0498646456730466));
#748=CARTESIAN_POINT('',(0.0795780833270455,0.00969931399001035,-0.0503646463197651));
#749=CARTESIAN_POINT('',(0.0795926982705341,0.00919931314026228,-0.0508646469664835));
#750=CARTESIAN_POINT('',(0.0796453458545688,0.0106993147015578,-0.0493646450263282));
#751=CARTESIAN_POINT('',(0.0796453407352543,0.0101993140012927,-0.0498646456730466));
#752=CARTESIAN_POINT('',(0.0796453356159398,0.00969931330102762,-0.0503646463197651));
#753=CARTESIAN_POINT('',(0.0796453304966252,0.0091993126007625,-0.0508646469664835));
#754=EDGE_LOOP('',(#1535,#1536,#1537,#1538));
#755=AXIS2_PLACEMENT_3D('',#1539,#1540,#1541);
#756=EDGE_LOOP('',(#1542,#1543,#1544,#1545));
#757=AXIS2_PLACEMENT_3D('',#1546,#1547,#1548);
#758=EDGE_LOOP('',(#1549,#1550,#1551,#1552));
#759=AXIS2_PLACEMENT_3D('',#1553,#1554,#1555);
#760=EDGE_LOOP('',(#1556,#1557,#1558,#1559));
#761=AXIS2_PLACEMENT_3D('',#1560,#1561,#1562);
#762=EDGE_LOOP('',(#1563,#1564,#1565,#1566));
#763=AXIS2_PLACEMENT_3D('',#1567,#1568,#1569);
#764=EDGE_LOOP('',(#1570,#1571,#1572,#1573));
#765=AXIS2_PLACEMENT_3D('',#1574,#1575,#1576);
#766=EDGE_LOOP('',(#1577,#1578,#1579,#1580));
#767=AXIS2_PLACEMENT_3D('',#1581,#1582,#1583);
#768=EDGE_LOOP('',(#1584,#1585,#1586,#1587));
#769=AXIS2_PLACEMENT_3D('',#1588,#1589,#1590);
#770=EDGE_LOOP('',(#1591,#1592,#1593,#1594));
#771=AXIS2_PLACEMENT_3D('',#1595,#1596,#1597);
#772=EDGE_LOOP('',(#1598,#1599,#1600,#1601));
#773=AXIS2_PLACEMENT_3D('',#1602,#1603,#1604);
#774=EDGE_LOOP('',(#1605,#1606,#1607,#1608));
#775=AXIS2_PLACEMENT_3D('',#1609,#1610,#1611);
#776=EDGE_LOOP('',(#1612,#1613,#1614,#1615));
#777=AXIS2_PLACEMENT_3D('',#1616,#1617,#1618);
#778=EDGE_LOOP('',(#1619,#1620,#1621,#1622));
#779=AXIS2_PLACEMENT_3D('',#1623,#1624,#1625);
#780=EDGE_LOOP('',(#1626,#1627,#1628,#1629));
#781=AXIS2_PLACEMENT_3D('',#1630,#1631,#1632);
#782=EDGE_LOOP('',(#1633,#1634,#1635,#1636));
#783=AXIS2_PLACEMENT_3D('',#1637,#1638,#1639);
#784=EDGE_LOOP('',(#1640,#1641,#1642));
#785=AXIS2_PLACEMENT_3D('',#1643,#1644,#1645);
#786=EDGE_LOOP('',(#1646,#1647,#1648,#1649,#1650,#1651,#1652,#1653,#1654,#1655,#1656));
#787=AXIS2_PLACEMENT_3D('',#1657,#1658,#1659);
#788=EDGE_LOOP('',(#1660,#1661,#1662,#1663));
#789=AXIS2_PLACEMENT_3D('',#1664,#1665,#1666);
#790=EDGE_LOOP('',(#1667,#1668,#1669,#1670));
#791=AXIS2_PLACEMENT_3D('',#1671,#1672,#1673);
#792=EDGE_LOOP('',(#1674,#1675,#1676,#1677));
#793=AXIS2_PLACEMENT_3D('',#1678,#1679,#1680);
#794=EDGE_LOOP('',(#1681,#1682,#1683,#1684));
#795=AXIS2_PLACEMENT_3D('',#1685,#1686,#1687);
#796=EDGE_LOOP('',(#1688,#1689,#1690,#1691));
#797=AXIS2_PLACEMENT_3D('',#1692,#1693,#1694);
#798=EDGE_LOOP('',(#1695,#1696,#1697,#1698));
#799=AXIS2_PLACEMENT_3D('',#1699,#1700,#1701);
#800=EDGE_LOOP('',(#1702,#1703,#1704,#1705));
#801=AXIS2_PLACEMENT_3D('',#1706,#1707,#1708);
#802=EDGE_LOOP('',(#1709,#1710,#1711,#1712));
#803=AXIS2_PLACEMENT_3D('',#1713,#1714,#1715);
#804=EDGE_LOOP('',(#1716,#1717,#1718,#1719));
#805=AXIS2_PLACEMENT_3D('',#1720,#1721,#1722);
#806=EDGE_LOOP('',(#1723,#1724,#1725,#1726));
#807=AXIS2_PLACEMENT_3D('',#1727,#1728,#1729);
#808=EDGE_LOOP('',(#1730,#1731,#1732,#1733));
#809=AXIS2_PLACEMENT_3D('',#1734,#1735,#1736);
#810=EDGE_LOOP('',(#1737,#1738,#1739,#1740));
#811=AXIS2_PLACEMENT_3D('',#1741,#1742,#1743);
#812=EDGE_LOOP('',(#1744,#1745,#1746,#1747));
#813=AXIS2_PLACEMENT_3D('',#1748,#1749,#1750);
#814=EDGE_LOOP('',(#1751,#1752,#1753,#1754));
#815=AXIS2_PLACEMENT_3D('',#1755,#1756,#1757);
#816=EDGE_LOOP('',(#1758,#1759,#1760,#1761));
#817=AXIS2_PLACEMENT_3D('',#1762,#1763,#1764);
#818=EDGE_LOOP('',(#1765,#1766,#1767,#1768));
#819=AXIS2_PLACEMENT_3D('',#1769,#1770,#1771);
#820=EDGE_LOOP('',(#1772,#1773,#1774,#1775));
#821=AXIS2_PLACEMENT_3D('',#1776,#1777,#1778);
#822=EDGE_LOOP('',(#1779,#1780,#1781,#1782));
#823=AXIS2_PLACEMENT_3D('',#1783,#1784,#1785);
#824=EDGE_LOOP('',(#1786,#1787,#1788,#1789));
#825=AXIS2_PLACEMENT_3D('',#1790,#1791,#1792);
#826=EDGE_LOOP('',(#1793,#1794,#1795,#1796));
#827=AXIS2_PLACEMENT_3D('',#1797,#1798,#1799);
#828=EDGE_LOOP('',(#1800,#1801,#1802,#1803));
#829=AXIS2_PLACEMENT_3D('',#1804,#1805,#1806);
#830=EDGE_LOOP('',(#1807,#1808,#1809,#1810));
#831=AXIS2_PLACEMENT_3D('',#1811,#1812,#1813);
#832=EDGE_LOOP('',(#1814,#1815,#1816,#1817));
#833=AXIS2_PLACEMENT_3D('',#1818,#1819,#1820);
#834=EDGE_LOOP('',(#1821,#1822,#1823,#1824));
#835=AXIS2_PLACEMENT_3D('',#1825,#1826,#1827);
#836=EDGE_LOOP('',(#1828,#1829,#1830,#1831));
#837=AXIS2_PLACEMENT_3D('',#1832,#1833,#1834);
#838=EDGE_LOOP('',(#1835,#1836,#1837,#1838));
#839=AXIS2_PLACEMENT_3D('',#1839,#1840,#1841);
#840=EDGE_LOOP('',(#1842,#1843,#1844,#1845));
#841=AXIS2_PLACEMENT_3D('',#1846,#1847,#1848);
#842=EDGE_LOOP('',(#1849,#1850,#1851,#1852));
#843=AXIS2_PLACEMENT_3D('',#1853,#1854,#1855);
#844=EDGE_LOOP('',(#1856,#1857,#1858,#1859));
#845=AXIS2_PLACEMENT_3D('',#1860,#1861,#1862);
#846=EDGE_LOOP('',(#1863,#1864,#1865,#1866));
#847=AXIS2_PLACEMENT_3D('',#1867,#1868,#1869);
#848=EDGE_LOOP('',(#1870,#1871,#1872,#1873));
#849=AXIS2_PLACEMENT_3D('',#1874,#1875,#1876);
#850=EDGE_LOOP('',(#1877,#1878,#1879,#1880));
#851=AXIS2_PLACEMENT_3D('',#1881,#1882,#1883);
#852=EDGE_LOOP('',(#1884,#1885,#1886,#1887));
#853=AXIS2_PLACEMENT_3D('',#1888,#1889,#1890);
#854=EDGE_LOOP('',(#1891,#1892,#1893,#1894));
#855=AXIS2_PLACEMENT_3D('',#1895,#1896,#1897);
#856=EDGE_LOOP('',(#1898,#1899,#1900,#1901));
#857=AXIS2_PLACEMENT_3D('',#1902,#1903,#1904);
#858=EDGE_LOOP('',(#1905,#1906,#1907));
#859=AXIS2_PLACEMENT_3D('',#1908,#1909,#1910);
#860=EDGE_LOOP('',(#1911,#1912,#1913,#1914));
#861=AXIS2_PLACEMENT_3D('',#1915,#1916,#1917);
#862=EDGE_LOOP('',(#1918,#1919,#1920,#1921));
#863=AXIS2_PLACEMENT_3D('',#1922,#1923,#1924);
#864=EDGE_LOOP('',(#1925,#1926,#1927,#1928));
#865=AXIS2_PLACEMENT_3D('',#1929,#1930,#1931);
#866=EDGE_LOOP('',(#1932,#1933,#1934,#1935));
#867=AXIS2_PLACEMENT_3D('',#1936,#1937,#1938);
#868=EDGE_LOOP('',(#1939,#1940,#1941,#1942,#1943,#1944,#1945,#1946,#1947,#1948));
#869=AXIS2_PLACEMENT_3D('',#1949,#1950,#1951);
#870=EDGE_LOOP('',(#1952,#1953,#1954));
#871=AXIS2_PLACEMENT_3D('',#1955,#1956,#1957);
#872=EDGE_LOOP('',(#1958,#1959,#1960,#1961));
#873=AXIS2_PLACEMENT_3D('',#1962,#1963,#1964);
#874=EDGE_LOOP('',(#1965,#1966,#1967));
#875=AXIS2_PLACEMENT_3D('',#1968,#1969,#1970);
#876=EDGE_LOOP('',(#1971,#1972,#1973,#1974,#1975));
#877=AXIS2_PLACEMENT_3D('',#1976,#1977,#1978);
#878=EDGE_LOOP('',(#1979,#1980,#1981,#1982));
#879=AXIS2_PLACEMENT_3D('',#1983,#1984,#1985);
#880=EDGE_LOOP('',(#1986,#1987,#1988,#1989));
#881=AXIS2_PLACEMENT_3D('',#1990,#1991,#1992);
#882=EDGE_LOOP('',(#1993,#1994,#1995,#1996,#1997));
#883=AXIS2_PLACEMENT_3D('',#1998,#1999,#2000);
#884=EDGE_LOOP('',(#2001,#2002,#2003,#2004,#2005));
#885=AXIS2_PLACEMENT_3D('',#2006,#2007,#2008);
#886=EDGE_LOOP('',(#2009,#2010,#2011,#2012,#2013));
#887=CARTESIAN_POINT('',(0.0796453458545688,0.0106993147015578,-0.0493646450263282));
#888=CARTESIAN_POINT('',(0.0796453407352543,0.0101993140012927,-0.0498646456730466));
#889=CARTESIAN_POINT('',(0.0796453356159398,0.00969931330102762,-0.0503646463197651));
#890=CARTESIAN_POINT('',(0.0796453304966252,0.0091993126007625,-0.0508646469664835));
#891=CARTESIAN_POINT('',(0.0797418382690684,0.0106993137136092,-0.0493646450263282));
#892=CARTESIAN_POINT('',(0.0797272130869509,0.010199313162827,-0.0498646456730466));
#893=CARTESIAN_POINT('',(0.0797125879048334,0.00969931261204488,-0.050364646319765));
#894=CARTESIAN_POINT('',(0.0796979627227159,0.00919931206126273,-0.0508646469664835));
#895=CARTESIAN_POINT('',(0.0798383305883796,0.0106993127311391,-0.0493688799135556));
#896=CARTESIAN_POINT('',(0.0798090853578816,0.0101993123307384,-0.0498682389106941));
#897=CARTESIAN_POINT('',(0.0797798401273836,0.00969931193033776,-0.0503675979078326));
#898=CARTESIAN_POINT('',(0.0797505948968857,0.00919931152993709,-0.0508669569049712));
#899=CARTESIAN_POINT('',(0.0804469062215241,0.0106993065693948,-0.0494224017489891));
#900=CARTESIAN_POINT('',(0.080325452561762,0.0101993071231379,-0.0499136513771226));
#901=CARTESIAN_POINT('',(0.080203998902,0.00969930767688096,-0.0504049010052561));
#902=CARTESIAN_POINT('',(0.0800825452422379,0.00919930823062404,-0.0508961506333895));
#903=CARTESIAN_POINT('',(0.0809482297798644,0.0106993016525375,-0.0495893996753972));
#904=CARTESIAN_POINT('',(0.080750818005203,0.0101993030183535,-0.0500553465874083));
#905=CARTESIAN_POINT('',(0.0805534062305415,0.00969930438416958,-0.0505212934994194));
#906=CARTESIAN_POINT('',(0.0803559944558801,0.00919930574998563,-0.0509872404114305));
#907=CARTESIAN_POINT('',(0.0818224527464446,0.0106992934033833,-0.0501318903851771));
#908=CARTESIAN_POINT('',(0.081492582946546,0.0101992962386394,-0.0505156417351007));
#909=CARTESIAN_POINT('',(0.0811627131466474,0.00969929907389542,-0.0508993930850243));
#910=CARTESIAN_POINT('',(0.0808328433467488,0.00919930190915145,-0.0512831444349478));
#911=CARTESIAN_POINT('',(0.0821946624125389,0.0106992900775949,-0.0505069551556493));
#912=CARTESIAN_POINT('',(0.0818083972086882,0.0101992935690586,-0.050833878510047));
#913=CARTESIAN_POINT('',(0.0814221320048374,0.00969929706052232,-0.0511608018644447));
#914=CARTESIAN_POINT('',(0.0810358668009867,0.009199300551986,-0.0514877252188424));
#915=CARTESIAN_POINT('',(0.0827304571108551,0.0106992857278812,-0.051385297916843));
#916=CARTESIAN_POINT('',(0.0822630108921117,0.0101992902357737,-0.0515791390346967));
#917=CARTESIAN_POINT('',(0.0817955646733682,0.00969929474366614,-0.0517729801525504));
#918=CARTESIAN_POINT('',(0.0813281184546247,0.0091992992515586,-0.0519668212704041));
#919=CARTESIAN_POINT('',(0.0828936194133122,0.0106992847073877,-0.0518878829149141));
#920=CARTESIAN_POINT('',(0.0824014516335925,0.0101992895746994,-0.052005574790636));
#921=CARTESIAN_POINT('',(0.0819092838538727,0.00969929444201101,-0.052123266666358));
#922=CARTESIAN_POINT('',(0.081417116074153,0.00919929930932266,-0.05224095854208));
#923=CARTESIAN_POINT('',(0.0829759218375482,0.0106992851912322,-0.0529134500335425));
#924=CARTESIAN_POINT('',(0.0824712839935546,0.0101992904036793,-0.0528757529518971));
#925=CARTESIAN_POINT('',(0.081966646149561,0.00969929561612649,-0.0528380558702518));
#926=CARTESIAN_POINT('',(0.0814620083055673,0.00919930082857363,-0.0528003587886064));
#927=CARTESIAN_POINT('',(0.0828949971091466,0.0106992866951876,-0.0534356229986081));
#928=CARTESIAN_POINT('',(0.0824026205876403,0.0101992918930789,-0.053318808801044));
#929=CARTESIAN_POINT('',(0.0819102440661339,0.00969929709097012,-0.0532019946034799));
#930=CARTESIAN_POINT('',(0.0814178675446275,0.00919930228886139,-0.0530851804059158));
#931=CARTESIAN_POINT('',(0.0825061695431748,0.0106992919081872,-0.0543880800061983));
#932=CARTESIAN_POINT('',(0.0820727062892439,0.0101992967058397,-0.0541269541408181));
#933=CARTESIAN_POINT('',(0.081639243035313,0.00969930150349233,-0.0538658282754379));
#934=CARTESIAN_POINT('',(0.0812057797813821,0.00919930630114492,-0.0536047024100576));
#935=CARTESIAN_POINT('',(0.0821986169342373,0.0106992956126969,-0.054817630651231));
#936=CARTESIAN_POINT('',(0.0818117525604503,0.0101993000250536,-0.0544914213547854));
#937=CARTESIAN_POINT('',(0.0814248881866632,0.0096993044374103,-0.0541652120583398));
#938=CARTESIAN_POINT('',(0.0810380238128762,0.00919930884976701,-0.0538390027618943));
#939=CARTESIAN_POINT('',(0.0814654237337313,0.0106993039440384,-0.0554550472805271));
#940=CARTESIAN_POINT('',(0.0811896492388115,0.0101993073558216,-0.0550322597069158));
#941=CARTESIAN_POINT('',(0.0809138747438916,0.00969931076760479,-0.0546094721333045));
#942=CARTESIAN_POINT('',(0.0806381002489718,0.009199314179388,-0.0541866845596933));
#943=CARTESIAN_POINT('',(0.0810573386039998,0.0106993084160013,-0.0556821447698413));
#944=CARTESIAN_POINT('',(0.0808433951893433,0.0101993112437843,-0.055224948485728));
#945=CARTESIAN_POINT('',(0.0806294517746868,0.00969931407156739,-0.0547677522016147));
#946=CARTESIAN_POINT('',(0.0804155083600303,0.00919931689935045,-0.0543105559175014));
#947=CARTESIAN_POINT('',(0.0803053014951838,0.010699316416715,-0.0559147771086605));
#948=CARTESIAN_POINT('',(0.0802053030970155,0.010199318128833,-0.0554223335004838));
#949=CARTESIAN_POINT('',(0.0801053046988472,0.00969931984095108,-0.0549298898923071));
#950=CARTESIAN_POINT('',(0.080005306300679,0.00919932155306915,-0.0544374462841305));
#951=CARTESIAN_POINT('',(0.0799753458546348,0.0106993198595047,-0.0559646450263466));
#952=CARTESIAN_POINT('',(0.0799253407353378,0.0101993210710485,-0.055464645673066));
#953=CARTESIAN_POINT('',(0.0798753356160408,0.00969932228259229,-0.0549646463197854));
#954=CARTESIAN_POINT('',(0.0798253304967438,0.00919932349413609,-0.0544646469665048));
#955=CARTESIAN_POINT('',(0.0793153458546774,0.0106993266169904,-0.0559646450263467));
#956=CARTESIAN_POINT('',(0.079365340735374,0.0101993268060833,-0.0554646456730661));
#957=CARTESIAN_POINT('',(0.0794153356160706,0.00969932699517626,-0.0549646463197855));
#958=CARTESIAN_POINT('',(0.0794653304967671,0.00919932718426918,-0.0544646469665049));
#959=CARTESIAN_POINT('',(0.0789853902141271,0.010699329930778,-0.0559147771086604));
#960=CARTESIAN_POINT('',(0.0790853783736947,0.0101993295981318,-0.0554223335004838));
#961=CARTESIAN_POINT('',(0.0791853665332624,0.00969932926548555,-0.0549298898923072));
#962=CARTESIAN_POINT('',(0.07928535469283,0.00919932893283931,-0.0544374462841305));
#963=CARTESIAN_POINT('',(0.0782333531053152,0.0106993373297008,-0.0556821447698445));
#964=CARTESIAN_POINT('',(0.0784472862813685,0.0101993357826559,-0.0552249484857307));
#965=CARTESIAN_POINT('',(0.0786612194574219,0.00969933423561102,-0.054767752201617));
#966=CARTESIAN_POINT('',(0.0788751526334752,0.00919933268856615,-0.0543105559175032));
#967=CARTESIAN_POINT('',(0.0778252679755868,0.0106993412141907,-0.0554550472805379));
#968=CARTESIAN_POINT('',(0.078101032231901,0.0101993389867611,-0.055032259706925));
#969=CARTESIAN_POINT('',(0.0783767964882153,0.00969933675933157,-0.0546094721333121));
#970=CARTESIAN_POINT('',(0.0786525607445296,0.00919933453190201,-0.0541866845596992));
#971=CARTESIAN_POINT('',(0.0770920747750524,0.0106993478966146,-0.0548176306512444));
#972=CARTESIAN_POINT('',(0.0774789289102329,0.0101993443980797,-0.0544914213547969));
#973=CARTESIAN_POINT('',(0.0778657830454133,0.00969934089954474,-0.0541652120583493));
#974=CARTESIAN_POINT('',(0.0782526371805938,0.00919933740100979,-0.0538390027619017));
#975=CARTESIAN_POINT('',(0.0767845221660916,0.0106993504899302,-0.0543880800061969));
#976=CARTESIAN_POINT('',(0.0772179751814159,0.0101993464237899,-0.0541269541408169));
#977=CARTESIAN_POINT('',(0.0776514281967401,0.00969934235764948,-0.0538658282754369));
#978=CARTESIAN_POINT('',(0.0780848812120644,0.0091993382915091,-0.0536047024100569));
#979=CARTESIAN_POINT('',(0.0763956946000933,0.010699353239042,-0.0534356229985865));
#980=CARTESIAN_POINT('',(0.0768880608829891,0.0101993483684218,-0.0533188088010257));
#981=CARTESIAN_POINT('',(0.0773804271658849,0.00969934349780168,-0.0532019946034649));
#982=CARTESIAN_POINT('',(0.0778727934487807,0.00919933862718155,-0.0530851804059041));
#983=CARTESIAN_POINT('',(0.0763147698716812,0.0106993533922008,-0.0529134500335189));
#984=CARTESIAN_POINT('',(0.0768193974770615,0.0101993482854045,-0.0528757529518772));
#985=CARTESIAN_POINT('',(0.0773240250824418,0.00969934317860828,-0.0528380558702354));
#986=CARTESIAN_POINT('',(0.0778286526878221,0.00919933807181202,-0.0528003587885936));
#987=CARTESIAN_POINT('',(0.0763970722958982,0.0106993512230307,-0.0518878829148874));
#988=CARTESIAN_POINT('',(0.0768892298369989,0.0101993460260995,-0.0520055747906135));
#989=CARTESIAN_POINT('',(0.0773813873780996,0.00969934082916831,-0.0521232666663395));
#990=CARTESIAN_POINT('',(0.0778735449192003,0.00919933563223712,-0.0522409585420656));
#991=CARTESIAN_POINT('',(0.0765602345983469,0.0106993489024123,-0.0513852979168155));
#992=CARTESIAN_POINT('',(0.0770276705784684,0.0101993438515935,-0.0515791390346734));
#993=CARTESIAN_POINT('',(0.07749510655859,0.0096993388007748,-0.0517729801525313));
#994=CARTESIAN_POINT('',(0.0779625425387115,0.00919933374995605,-0.0519668212703892));
#995=CARTESIAN_POINT('',(0.077096029296646,0.010699342280535,-0.0505069551556307));
#996=CARTESIAN_POINT('',(0.07748228426187,0.0101993378733595,-0.0508338785100312));
#997=CARTESIAN_POINT('',(0.0778685392270941,0.00969933346618398,-0.0511608018644317));
#998=CARTESIAN_POINT('',(0.0782547941923182,0.00919932905900845,-0.0514877252188323));
#999=CARTESIAN_POINT('',(0.0774682389627278,0.0106993379845007,-0.050131890385166));
#1000=CARTESIAN_POINT('',(0.0777980985239985,0.0101993340743481,-0.0505156417350913));
#1001=CARTESIAN_POINT('',(0.0781279580852692,0.00969933016419555,-0.0508993930850166));
#1002=CARTESIAN_POINT('',(0.0784578176465399,0.00919932625404296,-0.0512831444349418));
#1003=CARTESIAN_POINT('',(0.078342461929286,0.0106993283319906,-0.049589399675395));
#1004=CARTESIAN_POINT('',(0.0785398634653183,0.0101993256610345,-0.0500553465874065));
#1005=CARTESIAN_POINT('',(0.0787372650013506,0.00969932299007838,-0.0505212934994179));
#1006=CARTESIAN_POINT('',(0.078934666537383,0.00919932031912229,-0.0509872404114294));
#1007=CARTESIAN_POINT('',(0.0788437854876173,0.0106993229831304,-0.0494224017489893));
#1008=CARTESIAN_POINT('',(0.0789652289087503,0.0101993210533701,-0.0499136513771227));
#1009=CARTESIAN_POINT('',(0.0790866723298832,0.00969931912360986,-0.0504049010052562));
#1010=CARTESIAN_POINT('',(0.0792081157510161,0.00919931719384962,-0.0508961506333897));
#1011=CARTESIAN_POINT('',(0.0794523611207566,0.0106993166829317,-0.0493688799135557));
#1012=CARTESIAN_POINT('',(0.0794815961126257,0.0101993156845995,-0.0498682389106942));
#1013=CARTESIAN_POINT('',(0.0795108311044949,0.00969931468626734,-0.0503675979078327));
#1014=CARTESIAN_POINT('',(0.0795400660963641,0.00919931368793514,-0.0508669569049712));
#1015=CARTESIAN_POINT('',(0.0795488534400684,0.0106993156895065,-0.0493646450263282));
#1016=CARTESIAN_POINT('',(0.0795634683835569,0.0101993148397584,-0.0498646456730466));
#1017=CARTESIAN_POINT('',(0.0795780833270455,0.00969931399001035,-0.0503646463197651));
#1018=CARTESIAN_POINT('',(0.0795926982705341,0.00919931314026228,-0.0508646469664835));
#1019=CARTESIAN_POINT('',(0.0796453458545688,0.0106993147015578,-0.0493646450263282));
#1020=CARTESIAN_POINT('',(0.0796453407352543,0.0101993140012927,-0.0498646456730466));
#1021=CARTESIAN_POINT('',(0.0796453356159398,0.00969931330102762,-0.0503646463197651));
#1022=CARTESIAN_POINT('',(0.0796453304966252,0.0091993126007625,-0.0508646469664835));
#1023=EDGE_LOOP('',(#2014,#2015,#2016,#2017,#2018,#2019));
#1024=AXIS2_PLACEMENT_3D('',#2020,#2021,#2022);
#1025=EDGE_LOOP('',(#2023,#2024,#2025,#2026));
#1026=AXIS2_PLACEMENT_3D('',#2027,#2028,#2029);
#1027=EDGE_LOOP('',(#2030,#2031,#2032,#2033,#2034));
#1028=AXIS2_PLACEMENT_3D('',#2035,#2036,#2037);
#1029=EDGE_LOOP('',(#2038,#2039,#2040,#2041,#2042));
#1030=AXIS2_PLACEMENT_3D('',#2043,#2044,#2045);
#1031=EDGE_LOOP('',(#2046,#2047,#2048,#2049));
#1032=AXIS2_PLACEMENT_3D('',#2050,#2051,#2052);
#1033=EDGE_LOOP('',(#2053,#2054,#2055));
#1034=EDGE_LOOP('',(#2056,#2057,#2058));
#1035=EDGE_LOOP('',(#2059,#2060,#2061));
#1036=EDGE_LOOP('',(#2062,#2063,#2064,#2065,#2066,#2067,#2068,#2069,#2070,#2071,#2072,#2073));
#1037=EDGE_LOOP('',(#2074,#2075));
#1038=EDGE_LOOP('',(#2076,#2077));
#1039=EDGE_LOOP('',(#2078,#2079));
#1040=EDGE_LOOP('',(#2080,#2081));
#1041=EDGE_LOOP('',(#2082,#2083));
#1042=EDGE_LOOP('',(#2084,#2085));
#1043=EDGE_LOOP('',(#2086,#2087,#2088,#2089,#2090,#2091,#2092,#2093,#2094,#2095,#2096,#2097));
#1044=EDGE_LOOP('',(#2098,#2099));
#1045=EDGE_LOOP('',(#2100,#2101));
#1046=EDGE_LOOP('',(#2102,#2103));
#1047=EDGE_LOOP('',(#2104,#2105,#2106,#2107,#2108,#2109,#2110,#2111,#2112));
#1048=AXIS2_PLACEMENT_3D('',#2113,#2114,#2115);
#1049=EDGE_LOOP('',(#2116,#2117,#2118,#2119,#2120));
#1050=AXIS2_PLACEMENT_3D('',#2121,#2122,#2123);
#1051=EDGE_LOOP('',(#2124,#2125,#2126,#2127));
#1052=AXIS2_PLACEMENT_3D('',#2128,#2129,#2130);
#1053=EDGE_LOOP('',(#2131,#2132,#2133,#2134));
#1054=AXIS2_PLACEMENT_3D('',#2135,#2136,#2137);
#1055=EDGE_LOOP('',(#2138,#2139,#2140,#2141));
#1056=AXIS2_PLACEMENT_3D('',#2142,#2143,#2144);
#1057=EDGE_LOOP('',(#2145,#2146,#2147,#2148));
#1058=AXIS2_PLACEMENT_3D('',#2149,#2150,#2151);
#1059=EDGE_LOOP('',(#2152,#2153,#2154,#2155));
#1060=AXIS2_PLACEMENT_3D('',#2156,#2157,#2158);
#1061=EDGE_LOOP('',(#2159,#2160,#2161));
#1062=AXIS2_PLACEMENT_3D('',#2162,#2163,#2164);
#1063=EDGE_LOOP('',(#2165,#2166,#2167,#2168,#2169));
#1064=AXIS2_PLACEMENT_3D('',#2170,#2171,#2172);
#1065=EDGE_LOOP('',(#2173,#2174,#2175,#2176));
#1066=AXIS2_PLACEMENT_3D('',#2177,#2178,#2179);
#1067=EDGE_LOOP('',(#2180,#2181,#2182));
#1068=AXIS2_PLACEMENT_3D('',#2183,#2184,#2185);
#1069=EDGE_LOOP('',(#2186,#2187,#2188,#2189,#2190));
#1070=AXIS2_PLACEMENT_3D('',#2191,#2192,#2193);
#1071=EDGE_LOOP('',(#2194,#2195,#2196,#2197));
#1072=AXIS2_PLACEMENT_3D('',#2198,#2199,#2200);
#1073=EDGE_LOOP('',(#2201,#2202,#2203,#2204));
#1074=AXIS2_PLACEMENT_3D('',#2205,#2206,#2207);
#1075=EDGE_LOOP('',(#2208,#2209,#2210,#2211));
#1076=AXIS2_PLACEMENT_3D('',#2212,#2213,#2214);
#1077=EDGE_LOOP('',(#2215,#2216,#2217,#2218));
#1078=AXIS2_PLACEMENT_3D('',#2219,#2220,#2221);
#1079=EDGE_LOOP('',(#2222,#2223,#2224,#2225));
#1080=AXIS2_PLACEMENT_3D('',#2226,#2227,#2228);
#1081=EDGE_LOOP('',(#2229,#2230,#2231,#2232));
#1082=AXIS2_PLACEMENT_3D('',#2233,#2234,#2235);
#1083=EDGE_LOOP('',(#2236,#2237,#2238,#2239));
#1084=AXIS2_PLACEMENT_3D('',#2240,#2241,#2242);
#1085=EDGE_LOOP('',(#2243,#2244,#2245));
#1086=AXIS2_PLACEMENT_3D('',#2246,#2247,#2248);
#1087=EDGE_LOOP('',(#2249,#2250,#2251,#2252));
#1088=AXIS2_PLACEMENT_3D('',#2253,#2254,#2255);
#1089=EDGE_LOOP('',(#2256,#2257,#2258,#2259));
#1090=AXIS2_PLACEMENT_3D('',#2260,#2261,#2262);
#1091=EDGE_LOOP('',(#2263,#2264,#2265,#2266));
#1092=AXIS2_PLACEMENT_3D('',#2267,#2268,#2269);
#1093=EDGE_LOOP('',(#2270,#2271,#2272,#2273));
#1094=AXIS2_PLACEMENT_3D('',#2274,#2275,#2276);
#1095=EDGE_LOOP('',(#2277,#2278,#2279,#2280));
#1096=AXIS2_PLACEMENT_3D('',#2281,#2282,#2283);
#1097=EDGE_LOOP('',(#2284,#2285,#2286,#2287));
#1098=AXIS2_PLACEMENT_3D('',#2288,#2289,#2290);
#1099=EDGE_LOOP('',(#2291,#2292,#2293,#2294));
#1100=AXIS2_PLACEMENT_3D('',#2295,#2296,#2297);
#1101=EDGE_LOOP('',(#2298,#2299,#2300,#2301));
#1102=AXIS2_PLACEMENT_3D('',#2302,#2303,#2304);
#1103=EDGE_LOOP('',(#2305,#2306,#2307,#2308));
#1104=AXIS2_PLACEMENT_3D('',#2309,#2310,#2311);
#1105=EDGE_LOOP('',(#2312,#2313,#2314,#2315));
#1106=AXIS2_PLACEMENT_3D('',#2316,#2317,#2318);
#1107=EDGE_LOOP('',(#2319,#2320));
#1108=EDGE_LOOP('',(#2321,#2322,#2323,#2324,#2325,#2326,#2327,#2328,#2329,#2330,#2331,#2332,#2333,#2334));
#1109=EDGE_LOOP('',(#2335,#2336));
#1110=AXIS2_PLACEMENT_3D('',#2337,#2338,#2339);
#1111=EDGE_LOOP('',(#2340,#2341,#2342,#2343,#2344));
#1112=AXIS2_PLACEMENT_3D('',#2345,#2346,#2347);
#1113=EDGE_LOOP('',(#2348,#2349,#2350,#2351));
#1114=AXIS2_PLACEMENT_3D('',#2352,#2353,#2354);
#1115=EDGE_LOOP('',(#2355,#2356,#2357,#2358));
#1116=AXIS2_PLACEMENT_3D('',#2359,#2360,#2361);
#1117=EDGE_LOOP('',(#2362,#2363,#2364,#2365));
#1118=AXIS2_PLACEMENT_3D('',#2366,#2367,#2368);
#1119=EDGE_LOOP('',(#2369,#2370,#2371,#2372));
#1120=AXIS2_PLACEMENT_3D('',#2373,#2374,#2375);
#1121=EDGE_LOOP('',(#2376,#2377));
#1122=EDGE_LOOP('',(#2378,#2379,#2380,#2381,#2382,#2383,#2384,#2385,#2386,#2387,#2388,#2389,#2390,#2391));
#1123=EDGE_LOOP('',(#2392,#2393));
#1124=AXIS2_PLACEMENT_3D('',#2394,#2395,#2396);
#1125=EDGE_LOOP('',(#2397,#2398,#2399,#2400));
#1126=AXIS2_PLACEMENT_3D('',#2401,#2402,#2403);
#1127=EDGE_LOOP('',(#2404,#2405,#2406,#2407));
#1128=AXIS2_PLACEMENT_3D('',#2408,#2409,#2410);
#1129=EDGE_LOOP('',(#2411,#2412,#2413,#2414));
#1130=AXIS2_PLACEMENT_3D('',#2415,#2416,#2417);
#1131=EDGE_LOOP('',(#2418,#2419,#2420,#2421));
#1132=AXIS2_PLACEMENT_3D('',#2422,#2423,#2424);
#1133=EDGE_LOOP('',(#2425,#2426,#2427,#2428,#2429));
#1134=AXIS2_PLACEMENT_3D('',#2430,#2431,#2432);
#1135=EDGE_LOOP('',(#2433,#2434,#2435,#2436));
#1136=AXIS2_PLACEMENT_3D('',#2437,#2438,#2439);
#1137=EDGE_LOOP('',(#2440,#2441,#2442,#2443,#2444));
#1138=AXIS2_PLACEMENT_3D('',#2445,#2446,#2447);
#1139=EDGE_LOOP('',(#2448,#2449,#2450));
#1140=EDGE_LOOP('',(#2451,#2452,#2453));
#1141=EDGE_LOOP('',(#2454,#2455));
#1142=EDGE_LOOP('',(#2456,#2457));
#1143=EDGE_LOOP('',(#2458,#2459,#2460));
#1144=EDGE_LOOP('',(#2461,#2462,#2463));
#1145=EDGE_LOOP('',(#2464,#2465));
#1146=EDGE_LOOP('',(#2466,#2467));
#1147=EDGE_LOOP('',(#2468,#2469));
#1148=EDGE_LOOP('',(#2470,#2471));
#1149=EDGE_LOOP('',(#2472,#2473));
#1150=EDGE_LOOP('',(#2474,#2475,#2476,#2477,#2478,#2479,#2480,#2481,#2482,#2483,#2484,#2485,#2486,#2487,#2488,#2489,#2490,#2491,#2492));
#1151=EDGE_LOOP('',(#2493,#2494,#2495));
#1152=EDGE_LOOP('',(#2496,#2497));
#1153=EDGE_LOOP('',(#2498,#2499));
#1154=AXIS2_PLACEMENT_3D('',#2500,#2501,#2502);
#1155=EDGE_LOOP('',(#2503,#2504,#2505,#2506));
#1156=AXIS2_PLACEMENT_3D('',#2507,#2508,#2509);
#1157=EDGE_LOOP('',(#2510,#2511,#2512,#2513));
#1158=AXIS2_PLACEMENT_3D('',#2514,#2515,#2516);
#1159=EDGE_LOOP('',(#2517,#2518,#2519,#2520));
#1160=AXIS2_PLACEMENT_3D('',#2521,#2522,#2523);
#1161=EDGE_LOOP('',(#2524,#2525,#2526,#2527));
#1162=AXIS2_PLACEMENT_3D('',#2528,#2529,#2530);
#1163=EDGE_LOOP('',(#2531,#2532,#2533,#2534));
#1164=AXIS2_PLACEMENT_3D('',#2535,#2536,#2537);
#1165=EDGE_LOOP('',(#2538,#2539,#2540,#2541));
#1166=AXIS2_PLACEMENT_3D('',#2542,#2543,#2544);
#1167=EDGE_LOOP('',(#2545,#2546,#2547,#2548));
#1168=AXIS2_PLACEMENT_3D('',#2549,#2550,#2551);
#1169=EDGE_LOOP('',(#2552,#2553,#2554,#2555));
#1170=AXIS2_PLACEMENT_3D('',#2556,#2557,#2558);
#1171=EDGE_LOOP('',(#2559,#2560,#2561,#2562));
#1172=AXIS2_PLACEMENT_3D('',#2563,#2564,#2565);
#1173=EDGE_LOOP('',(#2566,#2567,#2568,#2569));
#1174=AXIS2_PLACEMENT_3D('',#2570,#2571,#2572);
#1175=EDGE_LOOP('',(#2573,#2574,#2575,#2576));
#1176=AXIS2_PLACEMENT_3D('',#2577,#2578,#2579);
#1177=EDGE_LOOP('',(#2580,#2581,#2582,#2583));
#1178=AXIS2_PLACEMENT_3D('',#2584,#2585,#2586);
#1179=EDGE_LOOP('',(#2587,#2588,#2589,#2590));
#1180=AXIS2_PLACEMENT_3D('',#2591,#2592,#2593);
#1181=EDGE_LOOP('',(#2594,#2595,#2596,#2597));
#1182=AXIS2_PLACEMENT_3D('',#2598,#2599,#2600);
#1183=EDGE_LOOP('',(#2601,#2602,#2603,#2604));
#1184=AXIS2_PLACEMENT_3D('',#2605,#2606,#2607);
#1185=EDGE_LOOP('',(#2608,#2609,#2610,#2611));
#1186=AXIS2_PLACEMENT_3D('',#2612,#2613,#2614);
#1187=EDGE_LOOP('',(#2615,#2616,#2617,#2618));
#1188=AXIS2_PLACEMENT_3D('',#2619,#2620,#2621);
#1189=EDGE_LOOP('',(#2622,#2623,#2624,#2625));
#1190=AXIS2_PLACEMENT_3D('',#2626,#2627,#2628);
#1191=EDGE_LOOP('',(#2629,#2630,#2631,#2632));
#1192=AXIS2_PLACEMENT_3D('',#2633,#2634,#2635);
#1193=EDGE_LOOP('',(#2636,#2637,#2638,#2639));
#1194=AXIS2_PLACEMENT_3D('',#2640,#2641,#2642);
#1195=EDGE_LOOP('',(#2643,#2644));
#1196=AXIS2_PLACEMENT_3D('',#2645,#2646,#2647);
#1197=EDGE_LOOP('',(#2648,#2649,#2650,#2651));
#1198=AXIS2_PLACEMENT_3D('',#2652,#2653,#2654);
#1199=EDGE_LOOP('',(#2655,#2656,#2657,#2658));
#1200=AXIS2_PLACEMENT_3D('',#2659,#2660,#2661);
#1201=EDGE_LOOP('',(#2662,#2663));
#1202=AXIS2_PLACEMENT_3D('',#2664,#2665,#2666);
#1203=EDGE_LOOP('',(#2667,#2668,#2669));
#1204=AXIS2_PLACEMENT_3D('',#2670,#2671,#2672);
#1205=EDGE_LOOP('',(#2673,#2674));
#1206=AXIS2_PLACEMENT_3D('',#2675,#2676,#2677);
#1207=EDGE_LOOP('',(#2678,#2679,#2680,#2681));
#1208=AXIS2_PLACEMENT_3D('',#2682,#2683,#2684);
#1209=EDGE_LOOP('',(#2685,#2686,#2687,#2688));
#1210=AXIS2_PLACEMENT_3D('',#2689,#2690,#2691);
#1211=EDGE_LOOP('',(#2692,#2693,#2694));
#1212=AXIS2_PLACEMENT_3D('',#2695,#2696,#2697);
#1213=EDGE_LOOP('',(#2698,#2699,#2700,#2701));
#1214=AXIS2_PLACEMENT_3D('',#2702,#2703,#2704);
#1215=EDGE_LOOP('',(#2705,#2706,#2707,#2708,#2709));
#1216=AXIS2_PLACEMENT_3D('',#2710,#2711,#2712);
#1217=EDGE_LOOP('',(#2713,#2714,#2715,#2716,#2717,#2718));
#1218=AXIS2_PLACEMENT_3D('',#2719,#2720,#2721);
#1219=EDGE_LOOP('',(#2722,#2723,#2724,#2725));
#1220=AXIS2_PLACEMENT_3D('',#2726,#2727,#2728);
#1221=EDGE_LOOP('',(#2729,#2730,#2731,#2732));
#1222=AXIS2_PLACEMENT_3D('',#2733,#2734,#2735);
#1223=EDGE_LOOP('',(#2736,#2737,#2738,#2739,#2740,#2741,#2742));
#1224=AXIS2_PLACEMENT_3D('',#2743,#2744,#2745);
#1225=EDGE_LOOP('',(#2746,#2747,#2748,#2749));
#1226=AXIS2_PLACEMENT_3D('',#2750,#2751,#2752);
#1227=EDGE_LOOP('',(#2753,#2754,#2755,#2756,#2757,#2758,#2759));
#1228=AXIS2_PLACEMENT_3D('',#2760,#2761,#2762);
#1229=EDGE_LOOP('',(#2763,#2764,#2765,#2766));
#1230=AXIS2_PLACEMENT_3D('',#2767,#2768,#2769);
#1231=EDGE_LOOP('',(#2770,#2771,#2772,#2773,#2774,#2775,#2776));
#1232=AXIS2_PLACEMENT_3D('',#2777,#2778,#2779);
#1233=EDGE_LOOP('',(#2780,#2781,#2782,#2783));
#1234=AXIS2_PLACEMENT_3D('',#2784,#2785,#2786);
#1235=EDGE_LOOP('',(#2787,#2788,#2789,#2790,#2791,#2792,#2793));
#1236=AXIS2_PLACEMENT_3D('',#2794,#2795,#2796);
#1237=EDGE_LOOP('',(#2797,#2798,#2799,#2800));
#1238=AXIS2_PLACEMENT_3D('',#2801,#2802,#2803);
#1239=EDGE_LOOP('',(#2804,#2805,#2806,#2807));
#1240=AXIS2_PLACEMENT_3D('',#2808,#2809,#2810);
#1241=EDGE_LOOP('',(#2811,#2812,#2813,#2814));
#1242=AXIS2_PLACEMENT_3D('',#2815,#2816,#2817);
#1243=EDGE_LOOP('',(#2818,#2819,#2820,#2821));
#1244=AXIS2_PLACEMENT_3D('',#2822,#2823,#2824);
#1245=EDGE_LOOP('',(#2825,#2826,#2827,#2828));
#1246=AXIS2_PLACEMENT_3D('',#2829,#2830,#2831);
#1247=EDGE_LOOP('',(#2832,#2833,#2834,#2835));
#1248=AXIS2_PLACEMENT_3D('',#2836,#2837,#2838);
#1249=EDGE_LOOP('',(#2839,#2840,#2841,#2842));
#1250=AXIS2_PLACEMENT_3D('',#2843,#2844,#2845);
#1251=EDGE_LOOP('',(#2846,#2847,#2848,#2849));
#1252=AXIS2_PLACEMENT_3D('',#2850,#2851,#2852);
#1253=EDGE_LOOP('',(#2853,#2854,#2855,#2856));
#1254=AXIS2_PLACEMENT_3D('',#2857,#2858,#2859);
#1255=EDGE_LOOP('',(#2860,#2861,#2862,#2863));
#1256=AXIS2_PLACEMENT_3D('',#2864,#2865,#2866);
#1257=EDGE_LOOP('',(#2867,#2868,#2869,#2870));
#1258=AXIS2_PLACEMENT_3D('',#2871,#2872,#2873);
#1259=EDGE_LOOP('',(#2874,#2875,#2876,#2877));
#1260=AXIS2_PLACEMENT_3D('',#2878,#2879,#2880);
#1261=EDGE_LOOP('',(#2881,#2882,#2883,#2884,#2885,#2886));
#1262=CARTESIAN_POINT('',(0.0925796209583541,0.00919907042020533,0.0381120376792444));
#1263=CARTESIAN_POINT('',(0.0920796260776876,0.00969907553948607,0.0381120383259601));
#1264=CARTESIAN_POINT('',(0.0915796311970212,0.0101990806587668,0.0381120389726757));
#1265=CARTESIAN_POINT('',(0.0910796363163548,0.0106990857780475,0.0381120396193913));
#1266=CARTESIAN_POINT('',(0.0925796209583563,0.00919907056281066,0.038001784734033));
#1267=CARTESIAN_POINT('',(0.0920796260776905,0.00969907572962651,0.0379650343990096));
#1268=CARTESIAN_POINT('',(0.0915796311970249,0.0101990808964424,0.0379282840639862));
#1269=CARTESIAN_POINT('',(0.0910796363163592,0.0106990860632582,0.0378915337289627));
#1270=CARTESIAN_POINT('',(0.0925919248834049,0.00919907058029963,0.0378908678338869));
#1271=CARTESIAN_POINT('',(0.0920960313110889,0.00969907575294513,0.0378171451988129));
#1272=CARTESIAN_POINT('',(0.091600137738773,0.0101990809255906,0.0377434225637389));
#1273=CARTESIAN_POINT('',(0.0911042441664571,0.0106990860982361,0.037669699928665));
#1274=CARTESIAN_POINT('',(0.0926402513048832,0.0091990703637808,0.037675722755629));
#1275=CARTESIAN_POINT('',(0.0921604665397273,0.00969907546425336,0.037530285094466));
#1276=CARTESIAN_POINT('',(0.0916806817745715,0.0101990805647259,0.037384847433303));
#1277=CARTESIAN_POINT('',(0.0912008970094157,0.0106990856651985,0.0372394097721399));
#1278=CARTESIAN_POINT('',(0.0926765648281507,0.00919907012846911,0.0375701989510275));
#1279=CARTESIAN_POINT('',(0.0922088845707512,0.00969907515050444,0.0373895866883294));
#1280=CARTESIAN_POINT('',(0.0917412043133517,0.0101990801725398,0.0372089744256312));
#1281=CARTESIAN_POINT('',(0.0912735240559522,0.0106990851945751,0.0370283621629331));
#1282=CARTESIAN_POINT('',(0.0927650891219274,0.00919906946411684,0.0373830899474979));
#1283=CARTESIAN_POINT('',(0.0923269169624542,0.00969907426470141,0.0371401080169552));
#1284=CARTESIAN_POINT('',(0.0918887448029809,0.010199079065286,0.0368971260864125));
#1285=CARTESIAN_POINT('',(0.0914505726435076,0.0106990838658705,0.0366541441558697));
#1286=CARTESIAN_POINT('',(0.0928153919079737,0.00919906905803755,0.037298855858792));
#1287=CARTESIAN_POINT('',(0.0923939873438494,0.00969907372326236,0.0370277958986803));
#1288=CARTESIAN_POINT('',(0.0919725827797251,0.0101990783884872,0.0367567359385687));
#1289=CARTESIAN_POINT('',(0.0915511782156009,0.010699083053712,0.036485675978457));
#1290=CARTESIAN_POINT('',(0.0929315197595608,0.00919906807221937,0.0371417782282396));
#1291=CARTESIAN_POINT('',(0.0925488244792988,0.00969907240883811,0.0368183590579441));
#1292=CARTESIAN_POINT('',(0.0921661291990367,0.0101990767454569,0.0364949398876485));
#1293=CARTESIAN_POINT('',(0.0917834339187746,0.0106990810820756,0.0361715207173529));
#1294=CARTESIAN_POINT('',(0.0929973041402224,0.00919906749282585,0.0370689897178466));
#1295=CARTESIAN_POINT('',(0.0926365369868471,0.00969907163631343,0.0367213077107538));
#1296=CARTESIAN_POINT('',(0.0922757698334718,0.010199075779801,0.0363736257036611));
#1297=CARTESIAN_POINT('',(0.0919150026800966,0.0106990799232886,0.0360259436965683));
#1298=CARTESIAN_POINT('',(0.0931402533404806,0.00919906619787023,0.0369386037343305));
#1299=CARTESIAN_POINT('',(0.0928271359205231,0.00969906990970593,0.0365474597327339));
#1300=CARTESIAN_POINT('',(0.0925140185005657,0.0101990736215416,0.0361563157311372));
#1301=CARTESIAN_POINT('',(0.0922009010806082,0.0106990773333773,0.0357651717295406));
#1302=CARTESIAN_POINT('',(0.0932187694620715,0.00919906547006688,0.0368797737195833));
#1303=CARTESIAN_POINT('',(0.0929318240826431,0.00969906893930146,0.036469019713072));
#1304=CARTESIAN_POINT('',(0.0926448787032147,0.010199072408536,0.0360582657065606));
#1305=CARTESIAN_POINT('',(0.0923579333237863,0.0106990758777706,0.0356475117000492));
#1306=CARTESIAN_POINT('',(0.0933858374070146,0.0091990638904563,0.0367785444663543));
#1307=CARTESIAN_POINT('',(0.0931545813425638,0.00969906683315403,0.0363340473754354));
#1308=CARTESIAN_POINT('',(0.092923325278113,0.0101990697758518,0.0358895502845165));
#1309=CARTESIAN_POINT('',(0.0926920692136621,0.0106990727185495,0.0354450531935975));
#1310=CARTESIAN_POINT('',(0.093474330698851,0.00919906303920249,0.0367361806930938));
#1311=CARTESIAN_POINT('',(0.0932725723983434,0.00969906569814894,0.0362775623444224));
#1312=CARTESIAN_POINT('',(0.0930708140978358,0.0101990683570954,0.0358189439957511));
#1313=CARTESIAN_POINT('',(0.0928690557973282,0.0106990710160419,0.0353603256470797));
#1314=CARTESIAN_POINT('',(0.0936560783855563,0.00919906126418178,0.0366698274193928));
#1315=CARTESIAN_POINT('',(0.0935149026472786,0.00969906333145467,0.036189091312823));
#1316=CARTESIAN_POINT('',(0.0933737269090009,0.0101990653987276,0.0357083552062532));
#1317=CARTESIAN_POINT('',(0.0932325511707232,0.0106990674660004,0.0352276190996834));
#1318=CARTESIAN_POINT('',(0.0937510508453811,0.00919906032363558,0.036645210679969));
#1319=CARTESIAN_POINT('',(0.0936415325937087,0.00969906207739306,0.0361562689935921));
#1320=CARTESIAN_POINT('',(0.0935320143420362,0.0101990638311505,0.0356673273072152));
#1321=CARTESIAN_POINT('',(0.0934224960903638,0.010699065584908,0.0351783856208383));
#1322=CARTESIAN_POINT('',(0.0939440421439365,0.00919905838676336,0.0366149878637639));
#1323=CARTESIAN_POINT('',(0.0938988543251093,0.00969905949489677,0.0361159719053196));
#1324=CARTESIAN_POINT('',(0.0938536665062822,0.0101990606030302,0.0356169559468754));
#1325=CARTESIAN_POINT('',(0.0938084786874551,0.0106990617111636,0.0351179399884311));
#1326=CARTESIAN_POINT('',(0.0940419933690188,0.00919905739111592,0.0366093923754126));
#1327=CARTESIAN_POINT('',(0.0940294559585491,0.00969905816736685,0.0361085112541848));
#1328=CARTESIAN_POINT('',(0.0940169185480793,0.0101990589436178,0.0356076301329569));
#1329=CARTESIAN_POINT('',(0.0940043811376095,0.0106990597198687,0.0351067490117291));
#1330=CARTESIAN_POINT('',(0.094235324659152,0.00919905540182158,0.0366170075450423));
#1331=CARTESIAN_POINT('',(0.0942872310120532,0.0096990555149744,0.0361186648136908));
#1332=CARTESIAN_POINT('',(0.0943391373649545,0.0101990556281272,0.0356203220823393));
#1333=CARTESIAN_POINT('',(0.0943910437178558,0.01069905574128,0.0351219793509877));
#1334=CARTESIAN_POINT('',(0.0943325322892214,0.00919905438936983,0.0366302901893922));
#1335=CARTESIAN_POINT('',(0.0944168411854758,0.00969905416503873,0.0361363750061568));
#1336=CARTESIAN_POINT('',(0.0945011500817302,0.0101990539407076,0.0356424598229215));
#1337=CARTESIAN_POINT('',(0.0945854589779846,0.0106990537163765,0.0351485446396861));
#1338=CARTESIAN_POINT('',(0.0945225484408941,0.00919905238526305,0.036675599372117));
#1339=CARTESIAN_POINT('',(0.0946701960543667,0.00969905149289636,0.0361967872497885));
#1340=CARTESIAN_POINT('',(0.0948178436678393,0.0101990506005297,0.03571797512746));
#1341=CARTESIAN_POINT('',(0.0949654912813119,0.010699049708163,0.0352391630051314));
#1342=CARTESIAN_POINT('',(0.0946152903911788,0.00919905139431015,0.0367076100366201));
#1343=CARTESIAN_POINT('',(0.0947938519880769,0.00969905017162583,0.0362394681357917));
#1344=CARTESIAN_POINT('',(0.094972413584975,0.0101990489489415,0.0357713262349632));
#1345=CARTESIAN_POINT('',(0.0951509751818731,0.0106990477262572,0.0353031843341347));
#1346=CARTESIAN_POINT('',(0.0947912558739364,0.00919904948861894,0.0367880533547299));
#1347=CARTESIAN_POINT('',(0.0950284726317492,0.00969904763070421,0.0363467258932693));
#1348=CARTESIAN_POINT('',(0.095265689389562,0.0101990457727895,0.0359053984318086));
#1349=CARTESIAN_POINT('',(0.0955029061473748,0.0106990439148748,0.035464070970348));
#1350=CARTESIAN_POINT('',(0.0948761428120618,0.00919904855586609,0.036837246440825));
#1351=CARTESIAN_POINT('',(0.0951416552159145,0.00969904638703374,0.0364123166747283));
#1352=CARTESIAN_POINT('',(0.0954071676197672,0.0101990442182014,0.0359873869086317));
#1353=CARTESIAN_POINT('',(0.09567268002362,0.010699042049369,0.035562457142535));
#1354=CARTESIAN_POINT('',(0.0950347308146002,0.00919904678461952,0.036951303029339));
#1355=CARTESIAN_POINT('',(0.0953531058859631,0.00969904402537165,0.0365643921260784));
#1356=CARTESIAN_POINT('',(0.0956714809573259,0.0101990412661238,0.0361774812228178));
#1357=CARTESIAN_POINT('',(0.0959898560286887,0.0106990385068759,0.0357905703195571));
#1358=CARTESIAN_POINT('',(0.0951083763184079,0.00919904594674636,0.0370161265725365));
#1359=CARTESIAN_POINT('',(0.0954512998910391,0.00969904290820743,0.0366508235170075));
#1360=CARTESIAN_POINT('',(0.0957942234636703,0.0101990398696685,0.0362855204614785));
#1361=CARTESIAN_POINT('',(0.0961371470363014,0.0106990368311296,0.0359202174059495));
#1362=CARTESIAN_POINT('',(0.0952406269375006,0.00919904441001631,0.0371573524635669));
#1363=CARTESIAN_POINT('',(0.0956276340498284,0.00969904085923404,0.036839124705047));
#1364=CARTESIAN_POINT('',(0.0960146411621562,0.0101990373084518,0.0365208969465272));
#1365=CARTESIAN_POINT('',(0.096401648274484,0.0106990337576695,0.0362026691880073));
#1366=CARTESIAN_POINT('',(0.0953004822208522,0.00919904369663268,0.0372350898229126));
#1367=CARTESIAN_POINT('',(0.0957074410942971,0.00969903990805587,0.0369427745175078));
#1368=CARTESIAN_POINT('',(0.0961143999677421,0.0101990361194791,0.036650459212103));
#1369=CARTESIAN_POINT('',(0.096521358841187,0.0106990323309022,0.0363581439066982));
#1370=CARTESIAN_POINT('',(0.0954038951203684,0.00919904242347264,0.0374008149934317));
#1371=CARTESIAN_POINT('',(0.095845324960319,0.00969903821050915,0.0371637414115337));
#1372=CARTESIAN_POINT('',(0.0962867548002695,0.0101990339975457,0.0369266678296356));
#1373=CARTESIAN_POINT('',(0.0967281846402201,0.0106990297845822,0.0366895942477376));
#1374=CARTESIAN_POINT('',(0.0954474165062808,0.00919904186414227,0.0374887447435243));
#1375=CARTESIAN_POINT('',(0.0959033534748692,0.00969903746473533,0.0372809810783244));
#1376=CARTESIAN_POINT('',(0.0963592904434576,0.0101990330653284,0.0370732174131245));
#1377=CARTESIAN_POINT('',(0.0968152274120459,0.0106990286659214,0.0368654537479246));
#1378=CARTESIAN_POINT('',(0.0955457152005883,0.00919904052313792,0.0377474057183844));
#1379=CARTESIAN_POINT('',(0.0960344184006135,0.00969903567672952,0.0376258623781405));
#1380=CARTESIAN_POINT('',(0.0965231216006387,0.0101990308303211,0.0375043190378967));
#1381=CARTESIAN_POINT('',(0.0970118248006639,0.0106990259839127,0.0373827756976528));
#1382=CARTESIAN_POINT('',(0.0955794740096086,0.00919903994077772,0.0379304193624151));
#1383=CARTESIAN_POINT('',(0.0960794301459747,0.00969903490024924,0.0378698805701845));
#1384=CARTESIAN_POINT('',(0.0965793862823407,0.0101990298597208,0.037809341777954));
#1385=CARTESIAN_POINT('',(0.0970793424187067,0.0106990248191923,0.0377488029857234));
#1386=CARTESIAN_POINT('',(0.0955796813512212,0.00919903960831009,0.0381858199111795));
#1387=CARTESIAN_POINT('',(0.096079706601458,0.00969903445695908,0.0382104146352081));
#1388=CARTESIAN_POINT('',(0.0965797318516949,0.0101990293056081,0.0382350093592366));
#1389=CARTESIAN_POINT('',(0.0970797571019317,0.0106990241542571,0.0382596040832651));
#1390=CARTESIAN_POINT('',(0.0955741346174512,0.00919903956816316,0.038260765765047));
#1391=CARTESIAN_POINT('',(0.0960723109564314,0.00969903440342984,0.038310342440366));
#1392=CARTESIAN_POINT('',(0.0965704872954115,0.0101990292386965,0.038359919115685));
#1393=CARTESIAN_POINT('',(0.0970686636343916,0.0106990240739632,0.038409495791004));
#1394=CARTESIAN_POINT('',(0.0955430615091566,0.00919903961936908,0.038467145737714));
#1395=CARTESIAN_POINT('',(0.0960308801453713,0.00969903447170439,0.0385855157372585));
#1396=CARTESIAN_POINT('',(0.0965186987815861,0.0101990293240397,0.0387038857368031));
#1397=CARTESIAN_POINT('',(0.0970065174178008,0.010699024176375,0.0388222557363476));
#1398=CARTESIAN_POINT('',(0.0955052645797128,0.0091990398386369,0.0385968159590307));
#1399=CARTESIAN_POINT('',(0.0959804842394457,0.0096990347640615,0.0387584093656826));
#1400=CARTESIAN_POINT('',(0.0964557038991786,0.0101990296894861,0.0389200027723345));
#1401=CARTESIAN_POINT('',(0.0969309235589114,0.0106990246149107,0.0390815961789863));
#1402=CARTESIAN_POINT('',(0.0954128297682927,0.00919904051416793,0.0388062372281702));
#1403=CARTESIAN_POINT('',(0.0958572378242181,0.00969903566476954,0.0390376377245371));
#1404=CARTESIAN_POINT('',(0.0963016458801435,0.0101990308153711,0.0392690382209039));
#1405=CARTESIAN_POINT('',(0.0967460539360689,0.0106990259659727,0.0395004387172707));
#1406=CARTESIAN_POINT('',(0.0953647548536738,0.00919904089576697,0.0388917623973807));
#1407=CARTESIAN_POINT('',(0.0957931379380593,0.00969903617356825,0.0391516712834847));
#1408=CARTESIAN_POINT('',(0.0962215210224448,0.0101990314513695,0.0394115801695887));
#1409=CARTESIAN_POINT('',(0.0966499041068303,0.0106990267291708,0.0396714890556928));
#1410=CARTESIAN_POINT('',(0.095252789169876,0.0091990418350985,0.0390518334615542));
#1411=CARTESIAN_POINT('',(0.0956438503596623,0.00969903742601029,0.0393650993690494));
#1412=CARTESIAN_POINT('',(0.0960349115494485,0.0101990330169221,0.0396783652765447));
#1413=CARTESIAN_POINT('',(0.0964259727392348,0.0106990286078339,0.0399916311840399));
#1414=CARTESIAN_POINT('',(0.0951889376273793,0.0091990423925019,0.0391263232763278));
#1415=CARTESIAN_POINT('',(0.0955587149696669,0.00969903816921482,0.0394644191220805));
#1416=CARTESIAN_POINT('',(0.0959284923119545,0.0101990339459278,0.0398025149678331));
#1417=CARTESIAN_POINT('',(0.0962982696542422,0.0106990297226407,0.0401406108135858));
#1418=CARTESIAN_POINT('',(0.0950494593660202,0.00919904364712579,0.0392604157562064));
#1419=CARTESIAN_POINT('',(0.0953727439545229,0.00969903984204668,0.0396432090952507));
#1420=CARTESIAN_POINT('',(0.0956960285430255,0.0101990360369676,0.0400260024342949));
#1421=CARTESIAN_POINT('',(0.0960193131315282,0.0106990322318885,0.0404087957733391));
#1422=CARTESIAN_POINT('',(0.0949725141560268,0.00919904435620628,0.0393212860005289));
#1423=CARTESIAN_POINT('',(0.0952701503411995,0.00969904078748733,0.039724369421013));
#1424=CARTESIAN_POINT('',(0.0955677865263721,0.0101990372187684,0.0401274528414971));
#1425=CARTESIAN_POINT('',(0.0958654227115447,0.0106990336500494,0.0405305362619812));
#1426=CARTESIAN_POINT('',(0.0948081602993662,0.00919904590240256,0.0394268647376754));
#1427=CARTESIAN_POINT('',(0.0950510118656552,0.00969904284908237,0.0398651410705397));
#1428=CARTESIAN_POINT('',(0.0952938634319443,0.0101990397957622,0.0403034174034039));
#1429=CARTESIAN_POINT('',(0.0955367149982333,0.010699036742442,0.0407416937362681));
#1430=CARTESIAN_POINT('',(0.094720809233346,0.00919904673897665,0.0394715362414559));
#1431=CARTESIAN_POINT('',(0.0949345437776303,0.0096990439645145,0.0399247030755792));
#1432=CARTESIAN_POINT('',(0.0951482783219147,0.0101990411900523,0.0403778699097024));
#1433=CARTESIAN_POINT('',(0.0953620128661991,0.0106990384155902,0.0408310367438257));
#1434=CARTESIAN_POINT('',(0.0945408654437763,0.00919904848938835,0.0395426362495348));
#1435=CARTESIAN_POINT('',(0.0946946187248757,0.00969904629839676,0.0400195030863491));
#1436=CARTESIAN_POINT('',(0.0948483720059752,0.0101990441074052,0.0404963699231633));
#1437=CARTESIAN_POINT('',(0.0950021252870746,0.0106990419164136,0.0409732367599776));
#1438=CARTESIAN_POINT('',(0.094446571707551,0.00919904941977263,0.0395697368638031));
#1439=CARTESIAN_POINT('',(0.0945688937432449,0.00969904753890913,0.0400556372387059));
#1440=CARTESIAN_POINT('',(0.0946912157789389,0.0101990456580456,0.0405415376136087));
#1441=CARTESIAN_POINT('',(0.0948135378146328,0.0106990437771821,0.0410274379885115));
#1442=CARTESIAN_POINT('',(0.0942544400104242,0.00919905134130637,0.0396050139228734));
#1443=CARTESIAN_POINT('',(0.0943127181470822,0.00969905010095411,0.0401026733174651));
#1444=CARTESIAN_POINT('',(0.0943709962837402,0.0101990488606019,0.0406003327120569));
#1445=CARTESIAN_POINT('',(0.0944292744203982,0.0106990476202496,0.0410979921066486));
#1446=CARTESIAN_POINT('',(0.0941566693620133,0.00919905233178263,0.0396131780085137));
#1447=CARTESIAN_POINT('',(0.0941823572825377,0.00969905142158913,0.0401135587649853));
#1448=CARTESIAN_POINT('',(0.0942080452030621,0.0101990505113956,0.0406139395214569));
#1449=CARTESIAN_POINT('',(0.0942337331235865,0.0106990496012021,0.0411143202779285));
#1450=CARTESIAN_POINT('',(0.0939632048118495,0.00919905431587563,0.0396106390356783));
#1451=CARTESIAN_POINT('',(0.0939244045489927,0.00969905406704646,0.0401101734678715));
#1452=CARTESIAN_POINT('',(0.0938856042861359,0.0101990538182173,0.0406097079000647));
#1453=CARTESIAN_POINT('',(0.0938468040232791,0.0106990535693881,0.0411092423322579));
#1454=CARTESIAN_POINT('',(0.0938656820853679,0.00919905532824804,0.0395999119762358));
#1455=CARTESIAN_POINT('',(0.0937943742470206,0.00969905541687634,0.0400958707219485));
#1456=CARTESIAN_POINT('',(0.0937230664086733,0.0101990555055046,0.0405918294676612));
#1457=CARTESIAN_POINT('',(0.0936517585703261,0.0106990555941329,0.0410877882133739));
#1458=CARTESIAN_POINT('',(0.0936745423316255,0.00919905733738893,0.0395596049734301));
#1459=CARTESIAN_POINT('',(0.093539521242037,0.00969905809573087,0.0400421280515422));
#1460=CARTESIAN_POINT('',(0.0934045001524485,0.0101990588540728,0.0405246511296544));
#1461=CARTESIAN_POINT('',(0.0932694790628599,0.0106990596124147,0.0410071742077665));
#1462=CARTESIAN_POINT('',(0.0935809922693323,0.00919905833345353,0.0395300391514473));
#1463=CARTESIAN_POINT('',(0.0934147878256488,0.009699059423817,0.040002706955566));
#1464=CARTESIAN_POINT('',(0.0932485833819654,0.0101990605141805,0.0404753747596848));
#1465=CARTESIAN_POINT('',(0.0930823789382819,0.0106990616045439,0.0409480425638036));
#1466=CARTESIAN_POINT('',(0.0934029763237236,0.00919906025412991,0.0394542413832752));
#1467=CARTESIAN_POINT('',(0.0931774332315086,0.00969906198471884,0.039901643264672));
#1468=CARTESIAN_POINT('',(0.0929518901392937,0.0101990637153078,0.0403490451460689));
#1469=CARTESIAN_POINT('',(0.0927263470470787,0.0106990654458967,0.0407964470274657));
#1470=CARTESIAN_POINT('',(0.0933168276516844,0.0091990611968979,0.0394072929190853));
#1471=CARTESIAN_POINT('',(0.0930625683354583,0.00969906324174282,0.0398390453124199));
#1472=CARTESIAN_POINT('',(0.0928083090192323,0.0101990652865877,0.0402707977057544));
#1473=CARTESIAN_POINT('',(0.0925540497030062,0.0106990673314327,0.040702550099089));
#1474=CARTESIAN_POINT('',(0.0931553010916561,0.00919906299279737,0.0392974374215522));
#1475=CARTESIAN_POINT('',(0.0928471995887569,0.00969906563627545,0.0396925713157111));
#1476=CARTESIAN_POINT('',(0.0925390980858577,0.0101990682797535,0.04008770520987));
#1477=CARTESIAN_POINT('',(0.0922309965829586,0.0106990709232316,0.040482839104029));
#1478=CARTESIAN_POINT('',(0.0930799797937831,0.00919906384529967,0.0392345688755969));
#1479=CARTESIAN_POINT('',(0.0927467711915939,0.00969906677294519,0.0396087465877716));
#1480=CARTESIAN_POINT('',(0.0924135625894047,0.0101990697005907,0.0399829242999463));
#1481=CARTESIAN_POINT('',(0.0920803539872155,0.0106990726282362,0.0403571020121211));
#1482=CARTESIAN_POINT('',(0.0929440685451509,0.00919906541495753,0.0390968622633986));
#1483=CARTESIAN_POINT('',(0.0925655561934188,0.00969906886582233,0.0394251377715084));
#1484=CARTESIAN_POINT('',(0.0921870438416867,0.0101990723166871,0.0397534132796182));
#1485=CARTESIAN_POINT('',(0.0918085314899546,0.0106990757675519,0.0400816887877279));
#1486=CARTESIAN_POINT('',(0.0928821938223119,0.00919906614695109,0.0390207224534645));
#1487=CARTESIAN_POINT('',(0.092483056562967,0.00969906984181374,0.0393236180249299));
#1488=CARTESIAN_POINT('',(0.0920839193036222,0.0101990735366764,0.0396265135963953));
#1489=CARTESIAN_POINT('',(0.0916847820442773,0.0106990772315391,0.0399294091678607));
#1490=CARTESIAN_POINT('',(0.0927744674292327,0.0091990674606913,0.0388577682139855));
#1491=CARTESIAN_POINT('',(0.0923394213721946,0.00969907159346736,0.0391063457056244));
#1492=CARTESIAN_POINT('',(0.0919043753151565,0.0101990757262434,0.0393549231972632));
#1493=CARTESIAN_POINT('',(0.0914693292581184,0.0106990798590195,0.0396035006889021));
#1494=CARTESIAN_POINT('',(0.0927286535004578,0.00919906804197769,0.0387710108747378));
#1495=CARTESIAN_POINT('',(0.0922783361338278,0.00969907236851588,0.0389906692532936));
#1496=CARTESIAN_POINT('',(0.0918280187671978,0.0101990766950541,0.0392103276318494));
#1497=CARTESIAN_POINT('',(0.0913777014005678,0.0106990810215923,0.0394299860104052));
#1498=CARTESIAN_POINT('',(0.0926551982875038,0.00919906902557658,0.0385920155948114));
#1499=CARTESIAN_POINT('',(0.0921803958498884,0.00969907367998107,0.0387520088800567));
#1500=CARTESIAN_POINT('',(0.091705593412273,0.0101990783343856,0.0389120021653019));
#1501=CARTESIAN_POINT('',(0.0912307909746576,0.01069908298879,0.0390719954505472));
#1502=CARTESIAN_POINT('',(0.0926268626295501,0.00919906943718707,0.0384980856077398));
#1503=CARTESIAN_POINT('',(0.0921426149726164,0.00969907422879505,0.0386267688972934));
#1504=CARTESIAN_POINT('',(0.0916583673156827,0.010199079020403,0.0387554521868469));
#1505=CARTESIAN_POINT('',(0.0911741196587491,0.010699083812011,0.0388841354764005));
#1506=CARTESIAN_POINT('',(0.0925890673442687,0.00919907007204867,0.0383064333801512));
#1507=CARTESIAN_POINT('',(0.0920922212589074,0.00969907507527719,0.038371232593839));
#1508=CARTESIAN_POINT('',(0.091595375173546,0.0101990800785057,0.0384360318075268));
#1509=CARTESIAN_POINT('',(0.0910985290881846,0.0106990850817342,0.0385008310212146));
#1510=CARTESIAN_POINT('',(0.0925796209583521,0.00919907029507737,0.0382087782841447));
#1511=CARTESIAN_POINT('',(0.0920796260776851,0.00969907537264879,0.038241025799162));
#1512=CARTESIAN_POINT('',(0.091579631197018,0.0101990804502202,0.0382732733141793));
#1513=CARTESIAN_POINT('',(0.0910796363163509,0.0106990855277916,0.0383055208291966));
#1514=CARTESIAN_POINT('',(0.0925796209583541,0.00919907042020533,0.0381120376792444));
#1515=CARTESIAN_POINT('',(0.0920796260776876,0.00969907553948607,0.0381120383259601));
#1516=CARTESIAN_POINT('',(0.0915796311970212,0.0101990806587668,0.0381120389726757));
#1517=CARTESIAN_POINT('',(0.0910796363163548,0.0106990857780475,0.0381120396193913));
#1518=EDGE_LOOP('',(#2887,#2888,#2889,#2890));
#1519=AXIS2_PLACEMENT_3D('',#2891,#2892,#2893);
#1520=EDGE_LOOP('',(#2894,#2895,#2896,#2897));
#1521=AXIS2_PLACEMENT_3D('',#2898,#2899,#2900);
#1522=EDGE_LOOP('',(#2901,#2902,#2903,#2904));
#1523=AXIS2_PLACEMENT_3D('',#2905,#2906,#2907);
#1524=EDGE_LOOP('',(#2908,#2909,#2910,#2911,#2912));
#1525=AXIS2_PLACEMENT_3D('',#2913,#2914,#2915);
#1526=EDGE_LOOP('',(#2916,#2917,#2918,#2919));
#1527=AXIS2_PLACEMENT_3D('',#2920,#2921,#2922);
#1528=FILL_AREA_STYLE_COLOUR('',#2923);
#1529=ORIENTED_EDGE('',*,*,#2924,.F.);
#1530=ORIENTED_EDGE('',*,*,#2925,.T.);
#1531=ORIENTED_EDGE('',*,*,#2926,.T.);
#1532=ORIENTED_EDGE('',*,*,#2927,.T.);
#1533=ORIENTED_EDGE('',*,*,#2928,.T.);
#1534=ORIENTED_EDGE('',*,*,#2929,.T.);
#1535=ORIENTED_EDGE('',*,*,#2930,.F.);
#1536=ORIENTED_EDGE('',*,*,#2931,.T.);
#1537=ORIENTED_EDGE('',*,*,#2932,.F.);
#1538=ORIENTED_EDGE('',*,*,#2933,.F.);
#1539=CARTESIAN_POINT('',(0.0910378753841186,0.0106992336003366,-0.0625121084626095));
#1540=DIRECTION('',(1.02386147220832E-05,0.999999999946749,1.29343783164784E-06));
#1541=DIRECTION('',(0.707106781282266,-8.15439256297248E-06,0.707106781043811));
#1542=ORIENTED_EDGE('',*,*,#2934,.F.);
#1543=ORIENTED_EDGE('',*,*,#2935,.F.);
#1544=ORIENTED_EDGE('',*,*,#2936,.T.);
#1545=ORIENTED_EDGE('',*,*,#2937,.T.);
#1546=CARTESIAN_POINT('',(0.0935465759541129,0.0442183876898235,-0.0940076965715287));
#1547=DIRECTION('',(-1.02386147236979E-05,-0.999999999946749,-1.29343783326258E-06));
#1548=DIRECTION('',(0.70710678101672,-6.32519523655498E-06,-0.707106781328085));
#1549=ORIENTED_EDGE('',*,*,#2938,.F.);
#1550=ORIENTED_EDGE('',*,*,#2939,.T.);
#1551=ORIENTED_EDGE('',*,*,#2940,.F.);
#1552=ORIENTED_EDGE('',*,*,#2941,.F.);
#1553=CARTESIAN_POINT('',(0.0940796363162762,0.0106990550622034,0.0381120396194111));
#1554=DIRECTION('',(-1.02386147236979E-05,-0.999999999946749,-1.29343783316579E-06));
#1555=DIRECTION('',(-0.999999999947585,1.02386147237151E-05,-6.62151662405067E-12));
#1556=ORIENTED_EDGE('',*,*,#2942,.F.);
#1557=ORIENTED_EDGE('',*,*,#2943,.F.);
#1558=ORIENTED_EDGE('',*,*,#2944,.T.);
#1559=ORIENTED_EDGE('',*,*,#2945,.T.);
#1560=CARTESIAN_POINT('',(0.0987176674713336,-0.00505100093672917,0.0446922397007248));
#1561=DIRECTION('',(-1.02386147236979E-05,-0.999999999946749,-1.29343783326258E-06));
#1562=DIRECTION('',(0.382683432518495,-5.11312896759796E-06,0.923879532433595));
#1563=ORIENTED_EDGE('',*,*,#2946,.F.);
#1564=ORIENTED_EDGE('',*,*,#2947,.T.);
#1565=ORIENTED_EDGE('',*,*,#2948,.T.);
#1566=ORIENTED_EDGE('',*,*,#2949,.F.);
#1567=CARTESIAN_POINT('',(0.0985461176049856,-0.000550993914420784,0.0406212007734726));
#1568=DIRECTION('',(1.02386147236979E-05,0.999999999946749,1.29343783326258E-06));
#1569=DIRECTION('',(0.923879532534713,-9.95422381460632E-06,0.382683432179071));
#1570=ORIENTED_EDGE('',*,*,#2950,.F.);
#1571=ORIENTED_EDGE('',*,*,#2951,.T.);
#1572=ORIENTED_EDGE('',*,*,#2952,.F.);
#1573=ORIENTED_EDGE('',*,*,#2953,.F.);
#1574=CARTESIAN_POINT('',(-0.092056958497252,0.0442202880129041,-0.0940076965342226));
#1575=DIRECTION('',(1.02386147236979E-05,0.999999999946749,1.29343783326258E-06));
#1576=DIRECTION('',(-0.707106781282247,8.15439256525589E-06,-0.70710678104383));
#1577=ORIENTED_EDGE('',*,*,#2954,.F.);
#1578=ORIENTED_EDGE('',*,*,#2955,.F.);
#1579=ORIENTED_EDGE('',*,*,#2956,.T.);
#1580=ORIENTED_EDGE('',*,*,#2957,.T.);
#1581=CARTESIAN_POINT('',(-0.097057347738857,0.00620103394743208,0.0211745970164998));
#1582=DIRECTION('',(-1.02386147236979E-05,-0.999999999946749,-1.29343783326257E-06));
#1583=DIRECTION('',(-0.923879532391016,8.96426935391561E-06,0.382683432550457));
#1584=ORIENTED_EDGE('',*,*,#2958,.F.);
#1585=ORIENTED_EDGE('',*,*,#2959,.F.);
#1586=ORIENTED_EDGE('',*,*,#2960,.T.);
#1587=ORIENTED_EDGE('',*,*,#2961,.T.);
#1588=CARTESIAN_POINT('',(-0.0990573938079152,0.00170102271283562,0.0456922484711819));
#1589=DIRECTION('',(-1.02386147236979E-05,-0.999999999946749,-1.29343783326258E-06));
#1590=DIRECTION('',(-0.707106781016718,6.32519523655496E-06,0.707106781328087));
#1591=ORIENTED_EDGE('',*,*,#2962,.F.);
#1592=ORIENTED_EDGE('',*,*,#2963,.F.);
#1593=ORIENTED_EDGE('',*,*,#2964,.F.);
#1594=ORIENTED_EDGE('',*,*,#2959,.T.);
#1595=CARTESIAN_POINT('',(-0.0990573118989975,0.00970102271240961,0.0456922588186846));
#1596=DIRECTION('',(-1.02386147218205E-05,-0.999999999946749,-1.29343783513998E-06));
#1597=DIRECTION('',(-0.707106781016722,6.32519523389995E-06,0.707106781328084));
#1598=ORIENTED_EDGE('',*,*,#2965,.F.);
#1599=ORIENTED_EDGE('',*,*,#2966,.T.);
#1600=ORIENTED_EDGE('',*,*,#2967,.T.);
#1601=ORIENTED_EDGE('',*,*,#2968,.F.);
#1602=CARTESIAN_POINT('',(0.0547953852684901,0.00969944747391907,0.0456922587877604));
#1603=DIRECTION('',(0.999999999947585,-1.02386147234465E-05,-2.00998728816977E-10));
#1604=DIRECTION('',(7.23992666442399E-06,0.707105866550224,0.707107695784625));
#1605=ORIENTED_EDGE('',*,*,#2969,.F.);
#1606=ORIENTED_EDGE('',*,*,#2970,.F.);
#1607=ORIENTED_EDGE('',*,*,#2971,.T.);
#1608=ORIENTED_EDGE('',*,*,#2972,.T.);
#1609=CARTESIAN_POINT('',(0.030713702823429,0.00969960554213199,0.114110588038987));
#1610=DIRECTION('',(-0.707106781016719,6.32519523650967E-06,0.707106781328086));
#1611=DIRECTION('',(0.500007239861566,0.707101015122624,0.500000914497736));
#1612=ORIENTED_EDGE('',*,*,#2973,.F.);
#1613=ORIENTED_EDGE('',*,*,#2974,.T.);
#1614=ORIENTED_EDGE('',*,*,#2975,.T.);
#1615=ORIENTED_EDGE('',*,*,#2976,.F.);
#1616=CARTESIAN_POINT('',(0.102546222586545,0.00969871734530683,0.232192282189232));
#1617=DIRECTION('',(-1.87755844793621E-10,1.29343783525273E-06,-0.999999999999164));
#1618=DIRECTION('',(0.707114020943375,0.707099541355004,9.14456535288812E-07));
#1619=ORIENTED_EDGE('',*,*,#2977,.F.);
#1620=ORIENTED_EDGE('',*,*,#2978,.T.);
#1621=ORIENTED_EDGE('',*,*,#2979,.T.);
#1622=ORIENTED_EDGE('',*,*,#2980,.T.);
#1623=CARTESIAN_POINT('',(0.0123453852427967,0.00970007443732017,-0.103007741203583));
#1624=DIRECTION('',(-0.999999999947585,1.02386147234465E-05,2.00998856446745E-10));
#1625=DIRECTION('',(7.23966113765228E-06,0.707107695747568,-0.707105866587283));
#1626=ORIENTED_EDGE('',*,*,#2981,.F.);
#1627=ORIENTED_EDGE('',*,*,#2982,.F.);
#1628=ORIENTED_EDGE('',*,*,#2983,.T.);
#1629=ORIENTED_EDGE('',*,*,#2984,.T.);
#1630=CARTESIAN_POINT('',(-0.101057311863876,0.00970080196345251,0.232192282230156));
#1631=DIRECTION('',(-1.8775584479352E-10,1.29343783525273E-06,-0.999999999999164));
#1632=DIRECTION('',(-0.707099541355585,0.707114020942793,9.14740790597606E-07));
#1633=ORIENTED_EDGE('',*,*,#2985,.F.);
#1634=ORIENTED_EDGE('',*,*,#2963,.T.);
#1635=ORIENTED_EDGE('',*,*,#2986,.T.);
#1636=ORIENTED_EDGE('',*,*,#2987,.T.);
#1637=CARTESIAN_POINT('',(-0.0990573118824021,0.00970090838755498,0.134080623158497));
#1638=DIRECTION('',(-1.87754759768028E-10,1.29343783525272E-06,-0.999999999999164));
#1639=DIRECTION('',(-0.707099541355585,0.707114020942793,9.14740789830377E-07));
#1640=ORIENTED_EDGE('',*,*,#2988,.F.);
#1641=ORIENTED_EDGE('',*,*,#2989,.T.);
#1642=ORIENTED_EDGE('',*,*,#2990,.T.);
#1643=CARTESIAN_POINT('',(0.0919469535480715,0.000699250688553035,-0.0829200858662954));
#1644=DIRECTION('',(-1.02386147236979E-05,-0.999999999946749,-1.29343783326258E-06));
#1645=DIRECTION('',(-0.932263505289525,9.07714693384199E-06,0.361779983723387));
#1646=ORIENTED_EDGE('',*,*,#2991,.F.);
#1647=ORIENTED_EDGE('',*,*,#2992,.F.);
#1648=ORIENTED_EDGE('',*,*,#2993,.F.);
#1649=ORIENTED_EDGE('',*,*,#2990,.F.);
#1650=ORIENTED_EDGE('',*,*,#2989,.F.);
#1651=ORIENTED_EDGE('',*,*,#2994,.F.);
#1652=ORIENTED_EDGE('',*,*,#2995,.F.);
#1653=ORIENTED_EDGE('',*,*,#2996,.F.);
#1654=ORIENTED_EDGE('',*,*,#2997,.F.);
#1655=ORIENTED_EDGE('',*,*,#2998,.F.);
#1656=ORIENTED_EDGE('',*,*,#2999,.T.);
#1657=CARTESIAN_POINT('',(0.0765425959124211,0.000699400760591534,-0.0770077457364943));
#1658=DIRECTION('',(1.02386147236979E-05,0.999999999946749,1.29343783326258E-06));
#1659=DIRECTION('',(0.999999999947585,-1.02386147237065E-05,-4.41767927418427E-27));
#1660=ORIENTED_EDGE('',*,*,#3000,.F.);
#1661=ORIENTED_EDGE('',*,*,#3001,.F.);
#1662=ORIENTED_EDGE('',*,*,#3002,.F.);
#1663=ORIENTED_EDGE('',*,*,#3003,.T.);
#1664=CARTESIAN_POINT('',(-0.0529757672678995,0.0107006227705388,-0.00987226502366066));
#1665=DIRECTION('',(-1.02386147236979E-05,-0.999999999946749,-1.29343783316579E-06));
#1666=DIRECTION('',(-0.999999999947585,1.02386147237065E-05,0.0));
#1667=ORIENTED_EDGE('',*,*,#3004,.F.);
#1668=ORIENTED_EDGE('',*,*,#3001,.T.);
#1669=ORIENTED_EDGE('',*,*,#3005,.F.);
#1670=ORIENTED_EDGE('',*,*,#3006,.T.);
#1671=CARTESIAN_POINT('',(-0.0529757672678995,0.0107006227705388,-0.00987226502366066));
#1672=DIRECTION('',(1.02386147236979E-05,0.999999999946749,1.29343783326258E-06));
#1673=DIRECTION('',(0.999999999947585,-1.02386147237065E-05,-2.5162130595025E-22));
#1674=ORIENTED_EDGE('',*,*,#3007,.F.);
#1675=ORIENTED_EDGE('',*,*,#3008,.F.);
#1676=ORIENTED_EDGE('',*,*,#3009,.F.);
#1677=ORIENTED_EDGE('',*,*,#3010,.T.);
#1678=CARTESIAN_POINT('',(0.0461460474569561,0.0106996546394574,-0.0460077399169867));
#1679=DIRECTION('',(-1.02386147236979E-05,-0.999999999946749,-1.29343783316579E-06));
#1680=DIRECTION('',(-0.999999999947585,1.02386147237065E-05,0.0));
#1681=ORIENTED_EDGE('',*,*,#3011,.F.);
#1682=ORIENTED_EDGE('',*,*,#3008,.T.);
#1683=ORIENTED_EDGE('',*,*,#3012,.F.);
#1684=ORIENTED_EDGE('',*,*,#3013,.T.);
#1685=CARTESIAN_POINT('',(0.0461460474569561,0.0106996546394574,-0.0460077399169867));
#1686=DIRECTION('',(1.02386147236979E-05,0.999999999946749,1.29343783326258E-06));
#1687=DIRECTION('',(0.999999999947585,-1.02386147237065E-05,-2.5162130595025E-22));
#1688=ORIENTED_EDGE('',*,*,#3014,.F.);
#1689=ORIENTED_EDGE('',*,*,#3015,.T.);
#1690=ORIENTED_EDGE('',*,*,#3016,.F.);
#1691=ORIENTED_EDGE('',*,*,#3017,.T.);
#1692=CARTESIAN_POINT('',(0.0272254890699271,0.0106998007354597,-0.0091877983638811));
#1693=DIRECTION('',(1.02386147236979E-05,0.999999999946749,1.29343783326258E-06));
#1694=DIRECTION('',(-0.999999999947585,1.02386147237065E-05,8.84410555333883E-23));
#1695=ORIENTED_EDGE('',*,*,#3018,.F.);
#1696=ORIENTED_EDGE('',*,*,#3019,.T.);
#1697=ORIENTED_EDGE('',*,*,#3020,.F.);
#1698=ORIENTED_EDGE('',*,*,#3021,.T.);
#1699=CARTESIAN_POINT('',(-0.0227370233428615,0.0107003596610028,-0.0458177983630907));
#1700=DIRECTION('',(1.02386147236979E-05,0.999999999946749,1.29343783326258E-06));
#1701=DIRECTION('',(-0.999999999947585,1.02386147237065E-05,6.86762553814883E-22));
#1702=ORIENTED_EDGE('',*,*,#3022,.F.);
#1703=ORIENTED_EDGE('',*,*,#3023,.T.);
#1704=ORIENTED_EDGE('',*,*,#3024,.F.);
#1705=ORIENTED_EDGE('',*,*,#3025,.T.);
#1706=CARTESIAN_POINT('',(0.0830454890663515,0.0106991657469913,0.0398822016360779));
#1707=DIRECTION('',(1.02386147236979E-05,0.999999999946749,1.29343783326258E-06));
#1708=DIRECTION('',(-0.999999999947585,1.02386147237065E-05,8.84661626772631E-23));
#1709=ORIENTED_EDGE('',*,*,#3026,.F.);
#1710=ORIENTED_EDGE('',*,*,#3027,.T.);
#1711=ORIENTED_EDGE('',*,*,#3028,.F.);
#1712=ORIENTED_EDGE('',*,*,#3029,.T.);
#1713=CARTESIAN_POINT('',(-0.0253045109279694,0.0107002751008967,0.0398822016360779));
#1714=DIRECTION('',(1.02386147236979E-05,0.999999999946749,1.29343783326258E-06));
#1715=DIRECTION('',(-0.999999999947585,1.02386147237065E-05,8.84273607276384E-23));
#1716=ORIENTED_EDGE('',*,*,#3030,.F.);
#1717=ORIENTED_EDGE('',*,*,#3031,.T.);
#1718=ORIENTED_EDGE('',*,*,#3032,.F.);
#1719=ORIENTED_EDGE('',*,*,#3033,.T.);
#1720=CARTESIAN_POINT('',(-0.0893045109246149,0.010700930372239,0.0398822016360779));
#1721=DIRECTION('',(1.02386147236979E-05,0.999999999946749,1.29343783326258E-06));
#1722=DIRECTION('',(-0.999999999947585,1.02386147237065E-05,6.86801355764506E-22));
#1723=ORIENTED_EDGE('',*,*,#3034,.F.);
#1724=ORIENTED_EDGE('',*,*,#3035,.T.);
#1725=ORIENTED_EDGE('',*,*,#3036,.F.);
#1726=ORIENTED_EDGE('',*,*,#3037,.T.);
#1727=CARTESIAN_POINT('',(0.0155460778683088,0.0107000274388851,-0.0920077307296091));
#1728=DIRECTION('',(1.02386147236979E-05,0.999999999946749,1.29343783326258E-06));
#1729=DIRECTION('',(0.999999999947585,-1.02386147237065E-05,3.70074332702017E-15));
#1730=ORIENTED_EDGE('',*,*,#3038,.F.);
#1731=ORIENTED_EDGE('',*,*,#3023,.F.);
#1732=ORIENTED_EDGE('',*,*,#3039,.F.);
#1733=ORIENTED_EDGE('',*,*,#3040,.F.);
#1734=CARTESIAN_POINT('',(0.0830454890663515,0.0106991657469913,0.0398822016360779));
#1735=DIRECTION('',(-1.02386147236979E-05,-0.999999999946749,-1.29343783316579E-06));
#1736=DIRECTION('',(0.999999999947585,-1.02386147237065E-05,-1.90205635402193E-27));
#1737=ORIENTED_EDGE('',*,*,#3041,.F.);
#1738=ORIENTED_EDGE('',*,*,#3042,.T.);
#1739=ORIENTED_EDGE('',*,*,#3043,.F.);
#1740=ORIENTED_EDGE('',*,*,#3044,.T.);
#1741=CARTESIAN_POINT('',(0.0830453764415895,-0.000300834252422921,0.0398821874082617));
#1742=DIRECTION('',(-1.02386147236979E-05,-0.999999999946749,-1.29343783326258E-06));
#1743=DIRECTION('',(-0.999999999947585,1.02386147237065E-05,-5.00594060182404E-23));
#1744=ORIENTED_EDGE('',*,*,#3045,.F.);
#1745=ORIENTED_EDGE('',*,*,#3046,.F.);
#1746=ORIENTED_EDGE('',*,*,#3047,.F.);
#1747=ORIENTED_EDGE('',*,*,#3048,.F.);
#1748=CARTESIAN_POINT('',(0.0155460778683088,0.0107000274388851,-0.0920077307296091));
#1749=DIRECTION('',(1.02386147230701E-05,0.999999999946749,1.29343783316579E-06));
#1750=DIRECTION('',(-0.999999999947585,1.02386147230787E-05,-3.32569239582419E-15));
#1751=ORIENTED_EDGE('',*,*,#3049,.F.);
#1752=ORIENTED_EDGE('',*,*,#3046,.T.);
#1753=ORIENTED_EDGE('',*,*,#3050,.F.);
#1754=ORIENTED_EDGE('',*,*,#3051,.T.);
#1755=CARTESIAN_POINT('',(0.0155459652435468,-0.000299972560529195,-0.0920077449574253));
#1756=DIRECTION('',(-1.02386147236979E-05,-0.999999999946749,-1.29343783326258E-06));
#1757=DIRECTION('',(0.999999999947585,-1.02386147237065E-05,6.10012615833222E-15));
#1758=ORIENTED_EDGE('',*,*,#3052,.F.);
#1759=ORIENTED_EDGE('',*,*,#3015,.F.);
#1760=ORIENTED_EDGE('',*,*,#3053,.F.);
#1761=ORIENTED_EDGE('',*,*,#3054,.F.);
#1762=CARTESIAN_POINT('',(0.0272254890699271,0.0106998007354597,-0.0091877983638811));
#1763=DIRECTION('',(-1.02386147236979E-05,-0.999999999946749,-1.29343783316579E-06));
#1764=DIRECTION('',(0.999999999947585,-1.02386147237065E-05,0.0));
#1765=ORIENTED_EDGE('',*,*,#3055,.F.);
#1766=ORIENTED_EDGE('',*,*,#3056,.T.);
#1767=ORIENTED_EDGE('',*,*,#3057,.F.);
#1768=ORIENTED_EDGE('',*,*,#3058,.T.);
#1769=CARTESIAN_POINT('',(0.0272253764451652,-0.000300199263954569,-0.00918781259169726));
#1770=DIRECTION('',(-1.02386147236979E-05,-0.999999999946749,-1.29343783326258E-06));
#1771=DIRECTION('',(-0.999999999947585,1.02386147237065E-05,4.43094687578836E-22));
#1772=ORIENTED_EDGE('',*,*,#3059,.F.);
#1773=ORIENTED_EDGE('',*,*,#3060,.F.);
#1774=ORIENTED_EDGE('',*,*,#3061,.F.);
#1775=ORIENTED_EDGE('',*,*,#3062,.F.);
#1776=CARTESIAN_POINT('',(-0.0253045109279694,0.0107002751008967,0.0398822016360779));
#1777=DIRECTION('',(1.02386147236979E-05,0.999999999946749,1.29343783316579E-06));
#1778=DIRECTION('',(0.999999999947585,-1.02386147237065E-05,0.0));
#1779=ORIENTED_EDGE('',*,*,#3063,.F.);
#1780=ORIENTED_EDGE('',*,*,#3060,.T.);
#1781=ORIENTED_EDGE('',*,*,#3064,.F.);
#1782=ORIENTED_EDGE('',*,*,#3065,.T.);
#1783=CARTESIAN_POINT('',(-0.0253046235527314,-0.000299724898517609,0.0398821874082617));
#1784=DIRECTION('',(-1.02386147236979E-05,-0.999999999946749,-1.29343783326258E-06));
#1785=DIRECTION('',(-0.999999999947585,1.02386147237065E-05,-5.00500002450604E-23));
#1786=ORIENTED_EDGE('',*,*,#3066,.F.);
#1787=ORIENTED_EDGE('',*,*,#3031,.F.);
#1788=ORIENTED_EDGE('',*,*,#3067,.F.);
#1789=ORIENTED_EDGE('',*,*,#3068,.F.);
#1790=CARTESIAN_POINT('',(-0.0893045109246149,0.010700930372239,0.0398822016360779));
#1791=DIRECTION('',(-1.02386147236979E-05,-0.999999999946749,-1.29343783316579E-06));
#1792=DIRECTION('',(0.999999999947585,-1.02386147237065E-05,-1.90205635402193E-27));
#1793=ORIENTED_EDGE('',*,*,#3069,.F.);
#1794=ORIENTED_EDGE('',*,*,#3070,.T.);
#1795=ORIENTED_EDGE('',*,*,#3071,.F.);
#1796=ORIENTED_EDGE('',*,*,#3072,.T.);
#1797=CARTESIAN_POINT('',(-0.0893046235493768,-0.000299069627175292,0.0398821874082617));
#1798=DIRECTION('',(-1.02386147236979E-05,-0.999999999946749,-1.29343783326258E-06));
#1799=DIRECTION('',(-0.999999999947585,1.02386147237065E-05,-5.00594060182404E-23));
#1800=ORIENTED_EDGE('',*,*,#3073,.F.);
#1801=ORIENTED_EDGE('',*,*,#3019,.F.);
#1802=ORIENTED_EDGE('',*,*,#3074,.F.);
#1803=ORIENTED_EDGE('',*,*,#3075,.F.);
#1804=CARTESIAN_POINT('',(-0.0227370233428615,0.0107003596610028,-0.0458177983630907));
#1805=DIRECTION('',(-1.02386147236979E-05,-0.999999999946749,-1.29343783316579E-06));
#1806=DIRECTION('',(0.999999999947585,-1.02386147237065E-05,0.0));
#1807=ORIENTED_EDGE('',*,*,#3076,.F.);
#1808=ORIENTED_EDGE('',*,*,#3077,.T.);
#1809=ORIENTED_EDGE('',*,*,#3078,.F.);
#1810=ORIENTED_EDGE('',*,*,#3079,.T.);
#1811=CARTESIAN_POINT('',(-0.0227371359676235,-0.000299640338411487,-0.0458178125909069));
#1812=DIRECTION('',(-1.02386147236979E-05,-0.999999999946749,-1.29343783326258E-06));
#1813=DIRECTION('',(-0.999999999947585,1.02386147237065E-05,-5.00500002450604E-23));
#1814=ORIENTED_EDGE('',*,*,#3080,.F.);
#1815=ORIENTED_EDGE('',*,*,#3081,.F.);
#1816=ORIENTED_EDGE('',*,*,#3082,.F.);
#1817=ORIENTED_EDGE('',*,*,#3083,.T.);
#1818=CARTESIAN_POINT('',(-0.089699753263394,0.00720113546509669,-0.0623661372258147));
#1819=DIRECTION('',(-1.29343783326254E-06,-0.999999999946749,1.02386147236979E-05));
#1820=DIRECTION('',(-3.71352796584136E-15,-1.02386147237065E-05,-0.999999999947585));
#1821=ORIENTED_EDGE('',*,*,#3084,.F.);
#1822=ORIENTED_EDGE('',*,*,#3081,.T.);
#1823=ORIENTED_EDGE('',*,*,#3085,.F.);
#1824=ORIENTED_EDGE('',*,*,#3086,.T.);
#1825=CARTESIAN_POINT('',(-0.089699753263394,0.00720113546509669,-0.0623661372258147));
#1826=DIRECTION('',(1.29343783326254E-06,0.999999999946749,-1.02386147236979E-05));
#1827=DIRECTION('',(-3.20910443204272E-22,1.02386147237065E-05,0.999999999947585));
#1828=ORIENTED_EDGE('',*,*,#3087,.F.);
#1829=ORIENTED_EDGE('',*,*,#3088,.F.);
#1830=ORIENTED_EDGE('',*,*,#3089,.F.);
#1831=ORIENTED_EDGE('',*,*,#3090,.T.);
#1832=CARTESIAN_POINT('',(-0.0604154820216424,0.00720079775734153,-0.0916504084770398));
#1833=DIRECTION('',(-1.29343783326254E-06,-0.999999999946749,1.02386147236979E-05));
#1834=DIRECTION('',(-3.71352796583818E-15,-1.02386147237065E-05,-0.999999999947585));
#1835=ORIENTED_EDGE('',*,*,#3091,.F.);
#1836=ORIENTED_EDGE('',*,*,#3088,.T.);
#1837=ORIENTED_EDGE('',*,*,#3092,.F.);
#1838=ORIENTED_EDGE('',*,*,#3093,.T.);
#1839=CARTESIAN_POINT('',(-0.0604154820216424,0.00720079775734153,-0.0916504084770398));
#1840=DIRECTION('',(1.29343783326254E-06,0.999999999946749,-1.02386147236979E-05));
#1841=DIRECTION('',(4.86939890989413E-15,1.02386147237065E-05,0.999999999947585));
#1842=ORIENTED_EDGE('',*,*,#3094,.F.);
#1843=ORIENTED_EDGE('',*,*,#3095,.F.);
#1844=ORIENTED_EDGE('',*,*,#3096,.F.);
#1845=ORIENTED_EDGE('',*,*,#3097,.T.);
#1846=CARTESIAN_POINT('',(0.0911847980891693,0.00719924558334945,-0.0623656017082549));
#1847=DIRECTION('',(-1.02386147236979E-05,-0.999999999946749,-1.29343783326258E-06));
#1848=DIRECTION('',(0.999999999947585,-1.02386147237065E-05,1.58504696180355E-27));
#1849=ORIENTED_EDGE('',*,*,#3098,.F.);
#1850=ORIENTED_EDGE('',*,*,#3095,.T.);
#1851=ORIENTED_EDGE('',*,*,#3099,.F.);
#1852=ORIENTED_EDGE('',*,*,#3100,.T.);
#1853=CARTESIAN_POINT('',(0.0911847980891693,0.00719924558334945,-0.0623656017082549));
#1854=DIRECTION('',(1.02386147236979E-05,0.999999999946749,1.29343783326258E-06));
#1855=DIRECTION('',(-0.999999999947585,1.02386147237065E-05,-3.20917951321469E-22));
#1856=ORIENTED_EDGE('',*,*,#3101,.F.);
#1857=ORIENTED_EDGE('',*,*,#3102,.F.);
#1858=ORIENTED_EDGE('',*,*,#3103,.F.);
#1859=ORIENTED_EDGE('',*,*,#3104,.T.);
#1860=CARTESIAN_POINT('',(0.0619005268379443,0.00719958329110462,-0.0916498729500066));
#1861=DIRECTION('',(-1.02386147236979E-05,-0.999999999946749,-1.29343783326258E-06));
#1862=DIRECTION('',(0.999999999947585,-1.02386147237065E-05,-1.58504696180355E-27));
#1863=ORIENTED_EDGE('',*,*,#3105,.F.);
#1864=ORIENTED_EDGE('',*,*,#3102,.T.);
#1865=ORIENTED_EDGE('',*,*,#3106,.F.);
#1866=ORIENTED_EDGE('',*,*,#3107,.T.);
#1867=CARTESIAN_POINT('',(0.0619005268379443,0.00719958329110462,-0.0916498729500066));
#1868=DIRECTION('',(1.02386147236979E-05,0.999999999946749,1.29343783326258E-06));
#1869=DIRECTION('',(-0.999999999947585,1.02386147237065E-05,-3.20917951321469E-22));
#1870=ORIENTED_EDGE('',*,*,#3108,.F.);
#1871=ORIENTED_EDGE('',*,*,#3109,.F.);
#1872=ORIENTED_EDGE('',*,*,#3110,.T.);
#1873=ORIENTED_EDGE('',*,*,#3111,.F.);
#1874=CARTESIAN_POINT('',(-0.0750576800509136,0.0089509511561428,-0.0770077788381086));
#1875=DIRECTION('',(-1.29343783258422E-06,-0.999999999946749,1.02386147235117E-05));
#1876=DIRECTION('',(0.707106781328104,6.32519523690274E-06,0.707106781016701));
#1877=ORIENTED_EDGE('',*,*,#3112,.F.);
#1878=ORIENTED_EDGE('',*,*,#3113,.T.);
#1879=ORIENTED_EDGE('',*,*,#3114,.F.);
#1880=ORIENTED_EDGE('',*,*,#3115,.F.);
#1881=CARTESIAN_POINT('',(-0.060561988775997,0.0107007857743287,-0.0915034857719892));
#1882=DIRECTION('',(1.2934378316478E-06,0.999999999946749,-1.02386147220832E-05));
#1883=DIRECTION('',(0.707106781043808,-8.15439256297248E-06,-0.707106781282269));
#1884=ORIENTED_EDGE('',*,*,#3116,.F.);
#1885=ORIENTED_EDGE('',*,*,#3117,.F.);
#1886=ORIENTED_EDGE('',*,*,#3118,.T.);
#1887=ORIENTED_EDGE('',*,*,#3119,.F.);
#1888=CARTESIAN_POINT('',(0.0765421684502382,0.00894939898215072,-0.0770077997375262));
#1889=DIRECTION('',(-1.02386147235117E-05,-0.999999999946749,-1.29343783258426E-06));
#1890=DIRECTION('',(-0.707106781016703,6.32519523690274E-06,0.707106781328102));
#1891=ORIENTED_EDGE('',*,*,#3120,.F.);
#1892=ORIENTED_EDGE('',*,*,#3121,.T.);
#1893=ORIENTED_EDGE('',*,*,#3122,.F.);
#1894=ORIENTED_EDGE('',*,*,#3123,.F.);
#1895=CARTESIAN_POINT('',(0.0620464973515457,0.0106995679304318,-0.0915034864854059));
#1896=DIRECTION('',(-1.02386147236979E-05,-0.999999999946749,-1.29343783326258E-06));
#1897=DIRECTION('',(-0.707106781282266,8.15439256525607E-06,-0.70710678104381));
#1898=ORIENTED_EDGE('',*,*,#3124,.F.);
#1899=ORIENTED_EDGE('',*,*,#2933,.T.);
#1900=ORIENTED_EDGE('',*,*,#3125,.T.);
#1901=ORIENTED_EDGE('',*,*,#3126,.T.);
#1902=CARTESIAN_POINT('',(0.0910378702646347,0.010199216356728,-0.0625121091093508));
#1903=DIRECTION('',(1.02386147199306E-05,0.999999999946749,1.29343782906324E-06));
#1904=DIRECTION('',(0.70714925184988,-8.1547724630631E-06,0.707064307925138));
#1905=ORIENTED_EDGE('',*,*,#3127,.F.);
#1906=ORIENTED_EDGE('',*,*,#3128,.T.);
#1907=ORIENTED_EDGE('',*,*,#3129,.T.);
#1908=CARTESIAN_POINT('',(0.0919470456954275,0.00969923344443895,-0.0829200742253772));
#1909=DIRECTION('',(-1.02386147236979E-05,-0.999999999946749,-1.29343783326258E-06));
#1910=DIRECTION('',(-0.932263505289524,9.07714693384198E-06,0.361779983723388));
#1911=ORIENTED_EDGE('',*,*,#3130,.F.);
#1912=ORIENTED_EDGE('',*,*,#2994,.T.);
#1913=ORIENTED_EDGE('',*,*,#3127,.T.);
#1914=ORIENTED_EDGE('',*,*,#3131,.T.);
#1915=CARTESIAN_POINT('',(0.0765426931790844,0.0101993835164508,-0.0770077334488572));
#1916=DIRECTION('',(1.02386147199374E-05,0.999999999946749,1.29343782906411E-06));
#1917=DIRECTION('',(0.70833949492455,-6.33941374290454E-06,-0.705871914648716));
#1918=ORIENTED_EDGE('',*,*,#3132,.F.);
#1919=ORIENTED_EDGE('',*,*,#3123,.T.);
#1920=ORIENTED_EDGE('',*,*,#3133,.T.);
#1921=ORIENTED_EDGE('',*,*,#3134,.T.);
#1922=CARTESIAN_POINT('',(0.0620464922320618,0.0101995506868235,-0.0915034871321471));
#1923=DIRECTION('',(1.02386147268763E-05,0.999999999946749,1.2934378290641E-06));
#1924=DIRECTION('',(-0.707076194395896,8.15411895771415E-06,-0.707137366607173));
#1925=ORIENTED_EDGE('',*,*,#3135,.F.);
#1926=ORIENTED_EDGE('',*,*,#3136,.T.);
#1927=ORIENTED_EDGE('',*,*,#3137,.T.);
#1928=ORIENTED_EDGE('',*,*,#3138,.T.);
#1929=CARTESIAN_POINT('',(0.0765421812483483,0.0101993835217757,-0.0770077981207489));
#1930=DIRECTION('',(1.02386147199334E-05,0.999999999946749,1.2934378290636E-06));
#1931=DIRECTION('',(-0.707106781016704,6.32519523686199E-06,0.707106781328102));
#1932=ORIENTED_EDGE('',*,*,#3139,.F.);
#1933=ORIENTED_EDGE('',*,*,#3140,.T.);
#1934=ORIENTED_EDGE('',*,*,#3141,.F.);
#1935=ORIENTED_EDGE('',*,*,#3142,.F.);
#1936=CARTESIAN_POINT('',(-0.0895533667987932,0.0107011201044238,-0.0625121077394161));
#1937=DIRECTION('',(-1.29343783326254E-06,-0.999999999946749,1.02386147236979E-05));
#1938=DIRECTION('',(-0.707106781043808,8.15439256525607E-06,0.707106781282269));
#1939=ORIENTED_EDGE('',*,*,#3143,.F.);
#1940=ORIENTED_EDGE('',*,*,#3144,.F.);
#1941=ORIENTED_EDGE('',*,*,#3145,.F.);
#1942=ORIENTED_EDGE('',*,*,#3146,.F.);
#1943=ORIENTED_EDGE('',*,*,#3147,.F.);
#1944=ORIENTED_EDGE('',*,*,#3148,.F.);
#1945=ORIENTED_EDGE('',*,*,#3149,.F.);
#1946=ORIENTED_EDGE('',*,*,#3150,.F.);
#1947=ORIENTED_EDGE('',*,*,#3151,.F.);
#1948=ORIENTED_EDGE('',*,*,#3152,.T.);
#1949=CARTESIAN_POINT('',(-0.0750576260498817,0.000700952934583608,-0.0770082063002916));
#1950=DIRECTION('',(1.29343783326254E-06,0.999999999946749,-1.02386147236979E-05));
#1951=DIRECTION('',(-3.71352796584419E-15,-1.02386147237065E-05,-0.999999999947585));
#1952=ORIENTED_EDGE('',*,*,#3153,.F.);
#1953=ORIENTED_EDGE('',*,*,#3147,.T.);
#1954=ORIENTED_EDGE('',*,*,#3146,.T.);
#1955=CARTESIAN_POINT('',(-0.0809699661796828,0.000700802862545109,-0.092412563935942));
#1956=DIRECTION('',(-1.29343783326254E-06,-0.999999999946749,1.02386147236979E-05));
#1957=DIRECTION('',(0.36177998372339,9.07714693384199E-06,0.932263505289523));
#1958=ORIENTED_EDGE('',*,*,#3154,.F.);
#1959=ORIENTED_EDGE('',*,*,#3155,.T.);
#1960=ORIENTED_EDGE('',*,*,#3156,.T.);
#1961=ORIENTED_EDGE('',*,*,#3109,.T.);
#1962=CARTESIAN_POINT('',(-0.0750576739615478,0.0102009356942698,-0.0770077858701924));
#1963=DIRECTION('',(1.02386147199374E-05,0.999999999946749,1.2934378290641E-06));
#1964=DIRECTION('',(0.70710678123525,-8.15439255920762E-06,0.707106781090826));
#1965=ORIENTED_EDGE('',*,*,#3157,.T.);
#1966=ORIENTED_EDGE('',*,*,#3158,.F.);
#1967=ORIENTED_EDGE('',*,*,#3159,.T.);
#1968=CARTESIAN_POINT('',(-0.0904412460722636,0.00970110091810237,-0.082974358861624));
#1969=DIRECTION('',(-1.29343783326254E-06,-0.999999999946749,1.02386147236979E-05));
#1970=DIRECTION('',(0.931630837090467,2.51576833208636E-06,0.363406086046707));
#1971=ORIENTED_EDGE('',*,*,#3160,.F.);
#1972=ORIENTED_EDGE('',*,*,#3161,.F.);
#1973=ORIENTED_EDGE('',*,*,#3162,.F.);
#1974=ORIENTED_EDGE('',*,*,#3163,.F.);
#1975=ORIENTED_EDGE('',*,*,#3164,.F.);
#1976=CARTESIAN_POINT('',(0.0935460778642469,0.0106992314138123,-0.0940077307296075));
#1977=DIRECTION('',(1.02386147230701E-05,0.999999999946749,1.29343783316579E-06));
#1978=DIRECTION('',(-0.999999999947585,1.02386147230787E-05,-3.32569239582419E-15));
#1979=ORIENTED_EDGE('',*,*,#3165,.F.);
#1980=ORIENTED_EDGE('',*,*,#3161,.T.);
#1981=ORIENTED_EDGE('',*,*,#3166,.F.);
#1982=ORIENTED_EDGE('',*,*,#3167,.T.);
#1983=CARTESIAN_POINT('',(0.093545965239485,-0.000300768585601975,-0.0940077449574236));
#1984=DIRECTION('',(-1.02386147236979E-05,-0.999999999946749,-1.29343783326258E-06));
#1985=DIRECTION('',(0.999999999947585,-1.02386147237065E-05,6.10012615834727E-15));
#1986=ORIENTED_EDGE('',*,*,#3168,.F.);
#1987=ORIENTED_EDGE('',*,*,#3169,.F.);
#1988=ORIENTED_EDGE('',*,*,#3170,.F.);
#1989=ORIENTED_EDGE('',*,*,#3171,.F.);
#1990=CARTESIAN_POINT('',(-0.0920573216613444,0.0107011317355203,-0.0940077375008277));
#1991=DIRECTION('',(1.023861472307E-05,0.999999999946749,1.29343783316579E-06));
#1992=DIRECTION('',(-0.999999999947585,1.02386147230786E-05,-3.32569239582416E-15));
#1993=ORIENTED_EDGE('',*,*,#3172,.F.);
#1994=ORIENTED_EDGE('',*,*,#3169,.T.);
#1995=ORIENTED_EDGE('',*,*,#3173,.F.);
#1996=ORIENTED_EDGE('',*,*,#3174,.T.);
#1997=ORIENTED_EDGE('',*,*,#3175,.T.);
#1998=CARTESIAN_POINT('',(-0.0920574342861064,-0.000298868263893968,-0.0940077517286439));
#1999=DIRECTION('',(-1.02386147236979E-05,-0.999999999946749,-1.29343783326258E-06));
#2000=DIRECTION('',(0.999999999947585,-1.02386147237065E-05,6.10012615830775E-15));
#2001=ORIENTED_EDGE('',*,*,#3176,.F.);
#2002=ORIENTED_EDGE('',*,*,#3177,.T.);
#2003=ORIENTED_EDGE('',*,*,#3178,.F.);
#2004=ORIENTED_EDGE('',*,*,#3179,.F.);
#2005=ORIENTED_EDGE('',*,*,#2926,.F.);
#2006=CARTESIAN_POINT('',(0.0796453458334972,0.0106993232465036,-0.0526646490673754));
#2007=DIRECTION('',(1.02245087319114E-05,0.999999999946749,-1.4005834782044E-06));
#2008=DIRECTION('',(-0.99999999994773,1.02245087319214E-05,7.56070145032617E-16));
#2009=ORIENTED_EDGE('',*,*,#2924,.T.);
#2010=ORIENTED_EDGE('',*,*,#3180,.T.);
#2011=ORIENTED_EDGE('',*,*,#2927,.F.);
#2012=ORIENTED_EDGE('',*,*,#3179,.T.);
#2013=ORIENTED_EDGE('',*,*,#3181,.T.);
#2014=ORIENTED_EDGE('',*,*,#3176,.T.);
#2015=ORIENTED_EDGE('',*,*,#2925,.F.);
#2016=ORIENTED_EDGE('',*,*,#3181,.F.);
#2017=ORIENTED_EDGE('',*,*,#3178,.T.);
#2018=ORIENTED_EDGE('',*,*,#3182,.T.);
#2019=ORIENTED_EDGE('',*,*,#3183,.T.);
#2020=CARTESIAN_POINT('',(0.0796453458334972,0.0106993232465036,-0.0526646490673754));
#2021=DIRECTION('',(1.02245087319114E-05,0.999999999946749,-1.4005834782044E-06));
#2022=DIRECTION('',(-0.99999999994773,1.02245087319214E-05,7.56070145032617E-16));
#2023=ORIENTED_EDGE('',*,*,#3172,.T.);
#2024=ORIENTED_EDGE('',*,*,#3184,.T.);
#2025=ORIENTED_EDGE('',*,*,#3173,.T.);
#2026=ORIENTED_EDGE('',*,*,#3185,.T.);
#2027=CARTESIAN_POINT('',(-0.0920574342861064,-0.000298868263893968,-0.0940077517286439));
#2028=DIRECTION('',(-1.02386147236979E-05,-0.999999999946749,-1.29343783326258E-06));
#2029=DIRECTION('',(0.999999999947585,-1.02386147237065E-05,6.10012615830775E-15));
#2030=ORIENTED_EDGE('',*,*,#3168,.T.);
#2031=ORIENTED_EDGE('',*,*,#3186,.F.);
#2032=ORIENTED_EDGE('',*,*,#3187,.F.);
#2033=ORIENTED_EDGE('',*,*,#3170,.T.);
#2034=ORIENTED_EDGE('',*,*,#3185,.F.);
#2035=CARTESIAN_POINT('',(-0.0920573216613444,0.0107011317355203,-0.0940077375008277));
#2036=DIRECTION('',(1.023861472307E-05,0.999999999946749,1.29343783316579E-06));
#2037=DIRECTION('',(-0.999999999947585,1.02386147230786E-05,-3.32569239582416E-15));
#2038=ORIENTED_EDGE('',*,*,#3165,.T.);
#2039=ORIENTED_EDGE('',*,*,#3188,.T.);
#2040=ORIENTED_EDGE('',*,*,#3189,.T.);
#2041=ORIENTED_EDGE('',*,*,#3166,.T.);
#2042=ORIENTED_EDGE('',*,*,#3190,.T.);
#2043=CARTESIAN_POINT('',(0.093545965239485,-0.000300768585601975,-0.0940077449574236));
#2044=DIRECTION('',(-1.02386147236979E-05,-0.999999999946749,-1.29343783326258E-06));
#2045=DIRECTION('',(0.999999999947585,-1.02386147237065E-05,6.10012615834727E-15));
#2046=ORIENTED_EDGE('',*,*,#3160,.T.);
#2047=ORIENTED_EDGE('',*,*,#3191,.F.);
#2048=ORIENTED_EDGE('',*,*,#3162,.T.);
#2049=ORIENTED_EDGE('',*,*,#3190,.F.);
#2050=CARTESIAN_POINT('',(0.0935460778642469,0.0106992314138123,-0.0940077307296075));
#2051=DIRECTION('',(1.02386147230701E-05,0.999999999946749,1.29343783316579E-06));
#2052=DIRECTION('',(-0.999999999947585,1.02386147230787E-05,-3.32569239582419E-15));
#2053=ORIENTED_EDGE('',*,*,#2929,.F.);
#2054=ORIENTED_EDGE('',*,*,#2928,.F.);
#2055=ORIENTED_EDGE('',*,*,#3180,.F.);
#2056=ORIENTED_EDGE('',*,*,#3186,.T.);
#2057=ORIENTED_EDGE('',*,*,#3171,.T.);
#2058=ORIENTED_EDGE('',*,*,#3187,.T.);
#2059=ORIENTED_EDGE('',*,*,#3163,.T.);
#2060=ORIENTED_EDGE('',*,*,#3191,.T.);
#2061=ORIENTED_EDGE('',*,*,#3164,.T.);
#2062=ORIENTED_EDGE('',*,*,#3138,.F.);
#2063=ORIENTED_EDGE('',*,*,#3192,.F.);
#2064=ORIENTED_EDGE('',*,*,#3193,.F.);
#2065=ORIENTED_EDGE('',*,*,#3134,.F.);
#2066=ORIENTED_EDGE('',*,*,#3194,.F.);
#2067=ORIENTED_EDGE('',*,*,#3195,.F.);
#2068=ORIENTED_EDGE('',*,*,#3131,.F.);
#2069=ORIENTED_EDGE('',*,*,#3196,.F.);
#2070=ORIENTED_EDGE('',*,*,#3197,.F.);
#2071=ORIENTED_EDGE('',*,*,#3126,.F.);
#2072=ORIENTED_EDGE('',*,*,#3198,.F.);
#2073=ORIENTED_EDGE('',*,*,#3199,.F.);
#2074=ORIENTED_EDGE('',*,*,#3037,.F.);
#2075=ORIENTED_EDGE('',*,*,#3200,.F.);
#2076=ORIENTED_EDGE('',*,*,#3029,.F.);
#2077=ORIENTED_EDGE('',*,*,#3201,.F.);
#2078=ORIENTED_EDGE('',*,*,#3021,.F.);
#2079=ORIENTED_EDGE('',*,*,#3202,.F.);
#2080=ORIENTED_EDGE('',*,*,#3013,.F.);
#2081=ORIENTED_EDGE('',*,*,#3203,.F.);
#2082=ORIENTED_EDGE('',*,*,#3006,.F.);
#2083=ORIENTED_EDGE('',*,*,#3204,.F.);
#2084=ORIENTED_EDGE('',*,*,#3205,.F.);
#2085=ORIENTED_EDGE('',*,*,#3206,.F.);
#2086=ORIENTED_EDGE('',*,*,#3207,.F.);
#2087=ORIENTED_EDGE('',*,*,#3208,.F.);
#2088=ORIENTED_EDGE('',*,*,#2983,.F.);
#2089=ORIENTED_EDGE('',*,*,#3209,.F.);
#2090=ORIENTED_EDGE('',*,*,#3210,.F.);
#2091=ORIENTED_EDGE('',*,*,#2986,.F.);
#2092=ORIENTED_EDGE('',*,*,#3211,.F.);
#2093=ORIENTED_EDGE('',*,*,#3212,.F.);
#2094=ORIENTED_EDGE('',*,*,#2971,.F.);
#2095=ORIENTED_EDGE('',*,*,#3213,.F.);
#2096=ORIENTED_EDGE('',*,*,#3214,.F.);
#2097=ORIENTED_EDGE('',*,*,#3215,.F.);
#2098=ORIENTED_EDGE('',*,*,#3017,.F.);
#2099=ORIENTED_EDGE('',*,*,#3216,.F.);
#2100=ORIENTED_EDGE('',*,*,#3025,.F.);
#2101=ORIENTED_EDGE('',*,*,#3217,.F.);
#2102=ORIENTED_EDGE('',*,*,#3033,.F.);
#2103=ORIENTED_EDGE('',*,*,#3218,.F.);
#2104=ORIENTED_EDGE('',*,*,#3219,.F.);
#2105=ORIENTED_EDGE('',*,*,#3220,.F.);
#2106=ORIENTED_EDGE('',*,*,#3221,.F.);
#2107=ORIENTED_EDGE('',*,*,#3222,.F.);
#2108=ORIENTED_EDGE('',*,*,#3223,.F.);
#2109=ORIENTED_EDGE('',*,*,#3224,.F.);
#2110=ORIENTED_EDGE('',*,*,#3155,.F.);
#2111=ORIENTED_EDGE('',*,*,#3225,.F.);
#2112=ORIENTED_EDGE('',*,*,#3226,.F.);
#2113=CARTESIAN_POINT('',(0.00854455825900387,0.0106996797921829,0.232192283501564));
#2114=DIRECTION('',(1.02386147236979E-05,0.999999999946749,1.29343783326258E-06));
#2115=DIRECTION('',(0.999999999947585,-1.02386147234465E-05,-2.00998856447751E-10));
#2116=ORIENTED_EDGE('',*,*,#3227,.T.);
#2117=ORIENTED_EDGE('',*,*,#3219,.T.);
#2118=ORIENTED_EDGE('',*,*,#3228,.T.);
#2119=ORIENTED_EDGE('',*,*,#3229,.T.);
#2120=ORIENTED_EDGE('',*,*,#3142,.T.);
#2121=CARTESIAN_POINT('',(-0.0895533629729945,0.0102010653607722,-0.062512096853522));
#2122=DIRECTION('',(1.02386147199374E-05,0.999999999946749,1.2934378290641E-06));
#2123=DIRECTION('',(-0.707106781235251,8.15439255920763E-06,-0.707106781090826));
#2124=ORIENTED_EDGE('',*,*,#3158,.T.);
#2125=ORIENTED_EDGE('',*,*,#3220,.T.);
#2126=ORIENTED_EDGE('',*,*,#3227,.F.);
#2127=ORIENTED_EDGE('',*,*,#3230,.T.);
#2128=CARTESIAN_POINT('',(-0.137814282990293,0.0102014391475692,0.0354031862220613));
#2129=DIRECTION('',(0.65545786586707,0.707104188345233,0.265289752718824));
#2130=DIRECTION('',(0.375174990555193,0.0,-0.926954004501793));
#2131=ORIENTED_EDGE('',*,*,#3231,.T.);
#2132=ORIENTED_EDGE('',*,*,#3232,.T.);
#2133=ORIENTED_EDGE('',*,*,#3228,.F.);
#2134=ORIENTED_EDGE('',*,*,#3226,.T.);
#2135=CARTESIAN_POINT('',(-0.0868922648992273,0.0102010213223701,-0.0549587643670567));
#2136=DIRECTION('',(-0.265228429986796,0.707105378819556,-0.655481398035971));
#2137=DIRECTION('',(-0.926988844542087,0.0,0.37508889892201));
#2138=ORIENTED_EDGE('',*,*,#3154,.T.);
#2139=ORIENTED_EDGE('',*,*,#3233,.T.);
#2140=ORIENTED_EDGE('',*,*,#3231,.F.);
#2141=ORIENTED_EDGE('',*,*,#3225,.T.);
#2142=CARTESIAN_POINT('',(-0.0750576739615478,0.0102009356942698,-0.0770077858701924));
#2143=DIRECTION('',(1.02386147199374E-05,0.999999999946749,1.2934378290641E-06));
#2144=DIRECTION('',(0.70710678123525,-8.15439255920762E-06,0.707106781090826));
#2145=ORIENTED_EDGE('',*,*,#3234,.T.);
#2146=ORIENTED_EDGE('',*,*,#3221,.T.);
#2147=ORIENTED_EDGE('',*,*,#3157,.F.);
#2148=ORIENTED_EDGE('',*,*,#3148,.T.);
#2149=CARTESIAN_POINT('',(-0.0750576092896561,0.0102009356942698,-0.0770082978009286));
#2150=DIRECTION('',(1.02386147199374E-05,0.999999999946749,1.2934378290641E-06));
#2151=DIRECTION('',(1.49122795012076E-11,1.29343782897922E-06,-0.999999999999164));
#2152=ORIENTED_EDGE('',*,*,#3235,.T.);
#2153=ORIENTED_EDGE('',*,*,#3236,.T.);
#2154=ORIENTED_EDGE('',*,*,#3156,.F.);
#2155=ORIENTED_EDGE('',*,*,#3224,.T.);
#2156=CARTESIAN_POINT('',(-0.108100507787123,0.0102011069045024,0.0473072474097882));
#2157=DIRECTION('',(-0.655474605027377,0.70710937439936,-0.265234565622111));
#2158=DIRECTION('',(-0.375099695542364,-1.96262277096615E-17,0.926984475816087));
#2159=ORIENTED_EDGE('',*,*,#3234,.F.);
#2160=ORIENTED_EDGE('',*,*,#3237,.T.);
#2161=ORIENTED_EDGE('',*,*,#3238,.T.);
#2162=CARTESIAN_POINT('',(-0.0809699545384664,0.00970101615304813,-0.0924126560856583));
#2163=DIRECTION('',(-1.29343783326254E-06,-0.999999999946749,1.02386147236979E-05));
#2164=DIRECTION('',(0.361779983723388,9.077146933842E-06,0.932263505289524));
#2165=ORIENTED_EDGE('',*,*,#3239,.T.);
#2166=ORIENTED_EDGE('',*,*,#3240,.T.);
#2167=ORIENTED_EDGE('',*,*,#3115,.T.);
#2168=ORIENTED_EDGE('',*,*,#3235,.F.);
#2169=ORIENTED_EDGE('',*,*,#3223,.T.);
#2170=CARTESIAN_POINT('',(-0.0605619849501013,0.0102008060277675,-0.0915034748868629));
#2171=DIRECTION('',(1.02386147268763E-05,0.999999999946749,1.2934378290641E-06));
#2172=DIRECTION('',(-0.70710678123525,8.15439256411416E-06,-0.707106781090826));
#2173=ORIENTED_EDGE('',*,*,#3239,.F.);
#2174=ORIENTED_EDGE('',*,*,#3222,.T.);
#2175=ORIENTED_EDGE('',*,*,#3238,.F.);
#2176=ORIENTED_EDGE('',*,*,#3241,.T.);
#2177=CARTESIAN_POINT('',(-0.0987742375377477,0.0102011954478776,-0.0846663946725835));
#2178=DIRECTION('',(0.26531792330385,0.707108182896872,0.655442154010571));
#2179=DIRECTION('',(0.926937021040137,1.96261946388241E-17,-0.375216949277663));
#2180=ORIENTED_EDGE('',*,*,#3153,.T.);
#2181=ORIENTED_EDGE('',*,*,#3242,.T.);
#2182=ORIENTED_EDGE('',*,*,#3237,.F.);
#2183=CARTESIAN_POINT('',(-0.0809699661796828,0.000700802862545109,-0.092412563935942));
#2184=DIRECTION('',(-1.29343783326254E-06,-0.999999999946749,1.02386147236979E-05));
#2185=DIRECTION('',(0.36177998372339,9.07714693384199E-06,0.932263505289523));
#2186=ORIENTED_EDGE('',*,*,#3143,.T.);
#2187=ORIENTED_EDGE('',*,*,#3243,.T.);
#2188=ORIENTED_EDGE('',*,*,#3244,.T.);
#2189=ORIENTED_EDGE('',*,*,#3151,.T.);
#2190=ORIENTED_EDGE('',*,*,#3245,.F.);
#2191=CARTESIAN_POINT('',(-0.0750576260498817,0.000700952934583608,-0.0770082063002916));
#2192=DIRECTION('',(1.29343783326254E-06,0.999999999946749,-1.02386147236979E-05));
#2193=DIRECTION('',(-3.71352796584419E-15,-1.02386147237065E-05,-0.999999999947585));
#2194=ORIENTED_EDGE('',*,*,#3149,.T.);
#2195=ORIENTED_EDGE('',*,*,#3159,.F.);
#2196=ORIENTED_EDGE('',*,*,#3246,.T.);
#2197=ORIENTED_EDGE('',*,*,#3247,.T.);
#2198=CARTESIAN_POINT('',(-0.0904412577134488,0.000700911748160837,-0.0829742667121546));
#2199=DIRECTION('',(1.29343783326254E-06,0.999999999946749,-1.02386147236979E-05));
#2200=DIRECTION('',(0.931630837090468,2.51576833208633E-06,0.363406086046704));
#2201=ORIENTED_EDGE('',*,*,#3230,.F.);
#2202=ORIENTED_EDGE('',*,*,#3141,.T.);
#2203=ORIENTED_EDGE('',*,*,#3248,.F.);
#2204=ORIENTED_EDGE('',*,*,#3246,.F.);
#2205=CARTESIAN_POINT('',(-0.0895142940294241,0.00895091260673608,-0.0825991737408509));
#2206=DIRECTION('',(0.92695301316489,2.64234116297704E-06,0.375177439856862));
#2207=DIRECTION('',(0.375177439858171,0.0,-0.926953013168126));
#2208=ORIENTED_EDGE('',*,*,#3139,.T.);
#2209=ORIENTED_EDGE('',*,*,#3229,.F.);
#2210=ORIENTED_EDGE('',*,*,#3249,.T.);
#2211=ORIENTED_EDGE('',*,*,#3250,.T.);
#2212=CARTESIAN_POINT('',(-0.0895533667987932,0.0107011201044238,-0.0625121077394161));
#2213=DIRECTION('',(-1.29343783326254E-06,-0.999999999946749,1.02386147236979E-05));
#2214=DIRECTION('',(-0.707106781043808,8.15439256525607E-06,0.707106781282269));
#2215=ORIENTED_EDGE('',*,*,#3135,.T.);
#2216=ORIENTED_EDGE('',*,*,#3199,.T.);
#2217=ORIENTED_EDGE('',*,*,#3251,.T.);
#2218=ORIENTED_EDGE('',*,*,#3117,.T.);
#2219=CARTESIAN_POINT('',(0.0765421812483483,0.0101993835217757,-0.0770077981207489));
#2220=DIRECTION('',(1.02386147199334E-05,0.999999999946749,1.2934378290636E-06));
#2221=DIRECTION('',(-0.707106781016704,6.32519523686199E-06,0.707106781328102));
#2222=ORIENTED_EDGE('',*,*,#3252,.T.);
#2223=ORIENTED_EDGE('',*,*,#3192,.T.);
#2224=ORIENTED_EDGE('',*,*,#3137,.F.);
#2225=ORIENTED_EDGE('',*,*,#3253,.T.);
#2226=CARTESIAN_POINT('',(0.110682783710056,0.0101988696665171,0.0500201730174709));
#2227=DIRECTION('',(0.655484949177462,0.707100413028612,-0.265232892561584));
#2228=DIRECTION('',(-0.375092575818984,1.96259789816581E-17,-0.926987356745214));
#2229=ORIENTED_EDGE('',*,*,#3132,.T.);
#2230=ORIENTED_EDGE('',*,*,#3193,.T.);
#2231=ORIENTED_EDGE('',*,*,#3252,.F.);
#2232=ORIENTED_EDGE('',*,*,#3254,.T.);
#2233=CARTESIAN_POINT('',(0.0620464922320618,0.0101995506868235,-0.0915034871321471));
#2234=DIRECTION('',(1.02386147268763E-05,0.999999999946749,1.2934378290641E-06));
#2235=DIRECTION('',(-0.707076194395896,8.15411895771415E-06,-0.707137366607173));
#2236=ORIENTED_EDGE('',*,*,#3255,.T.);
#2237=ORIENTED_EDGE('',*,*,#3194,.T.);
#2238=ORIENTED_EDGE('',*,*,#3133,.F.);
#2239=ORIENTED_EDGE('',*,*,#3256,.T.);
#2240=CARTESIAN_POINT('',(0.106985124449377,0.0101990782146021,-0.0819453316902013));
#2241=DIRECTION('',(-0.265283272077087,0.707108649566272,0.655455676048837));
#2242=DIRECTION('',(0.926956755895825,1.96262075915019E-17,0.375168192547141));
#2243=ORIENTED_EDGE('',*,*,#3257,.T.);
#2244=ORIENTED_EDGE('',*,*,#3255,.F.);
#2245=ORIENTED_EDGE('',*,*,#3258,.T.);
#2246=CARTESIAN_POINT('',(0.0825087484716402,0.00969934233005467,-0.0923913657591432));
#2247=DIRECTION('',(-1.02386147236979E-05,-0.999999999946749,-1.29343783326258E-06));
#2248=DIRECTION('',(-0.363406086046707,2.51576833208632E-06,0.931630837090467));
#2249=ORIENTED_EDGE('',*,*,#3130,.T.);
#2250=ORIENTED_EDGE('',*,*,#3195,.T.);
#2251=ORIENTED_EDGE('',*,*,#3257,.F.);
#2252=ORIENTED_EDGE('',*,*,#2995,.T.);
#2253=CARTESIAN_POINT('',(0.0765426931790844,0.0101993835164508,-0.0770077334488572));
#2254=DIRECTION('',(1.02386147199374E-05,0.999999999946749,1.29343782906411E-06));
#2255=DIRECTION('',(0.70833949492455,-6.33941374290454E-06,-0.705871914648716));
#2256=ORIENTED_EDGE('',*,*,#3259,.T.);
#2257=ORIENTED_EDGE('',*,*,#3196,.T.);
#2258=ORIENTED_EDGE('',*,*,#3129,.F.);
#2259=ORIENTED_EDGE('',*,*,#3260,.T.);
#2260=CARTESIAN_POINT('',(0.140410226836943,0.0101985806659975,0.0381391866021929));
#2261=DIRECTION('',(-0.655438602717258,0.707113148841077,0.265313461407646));
#2262=DIRECTION('',(0.375213274312627,-1.9626332471464E-17,0.926938508629131));
#2263=ORIENTED_EDGE('',*,*,#3124,.T.);
#2264=ORIENTED_EDGE('',*,*,#3197,.T.);
#2265=ORIENTED_EDGE('',*,*,#3259,.F.);
#2266=ORIENTED_EDGE('',*,*,#3261,.T.);
#2267=CARTESIAN_POINT('',(0.0910378702646347,0.010199216356728,-0.0625121091093508));
#2268=DIRECTION('',(1.02386147199306E-05,0.999999999946749,1.29343782906324E-06));
#2269=DIRECTION('',(0.70714925184988,-8.1547724630631E-06,0.707064307925138));
#2270=ORIENTED_EDGE('',*,*,#3251,.F.);
#2271=ORIENTED_EDGE('',*,*,#3198,.T.);
#2272=ORIENTED_EDGE('',*,*,#3125,.F.);
#2273=ORIENTED_EDGE('',*,*,#3262,.T.);
#2274=CARTESIAN_POINT('',(0.0950813076515346,0.0101991616787499,-0.0522458400312262));
#2275=DIRECTION('',(0.265241046685614,0.707104913341808,-0.65547679492183));
#2276=DIRECTION('',(-0.926981724554469,0.0,-0.375106494667877));
#2277=ORIENTED_EDGE('',*,*,#2996,.T.);
#2278=ORIENTED_EDGE('',*,*,#3258,.F.);
#2279=ORIENTED_EDGE('',*,*,#3263,.T.);
#2280=ORIENTED_EDGE('',*,*,#3264,.T.);
#2281=CARTESIAN_POINT('',(0.0825086563242842,0.000699359574168763,-0.0923913774000614));
#2282=DIRECTION('',(1.02386147236979E-05,0.999999999946749,1.29343783326258E-06));
#2283=DIRECTION('',(-0.363406086046707,2.51576833208632E-06,0.931630837090467));
#2284=ORIENTED_EDGE('',*,*,#3256,.F.);
#2285=ORIENTED_EDGE('',*,*,#3122,.T.);
#2286=ORIENTED_EDGE('',*,*,#3265,.F.);
#2287=ORIENTED_EDGE('',*,*,#3263,.F.);
#2288=CARTESIAN_POINT('',(0.0821335633529805,0.00894936043274401,-0.0914644137160366));
#2289=DIRECTION('',(-0.375177439856865,2.64234116297704E-06,0.926953013164889));
#2290=DIRECTION('',(0.926953013168125,0.0,0.375177439858175));
#2291=ORIENTED_EDGE('',*,*,#3120,.T.);
#2292=ORIENTED_EDGE('',*,*,#3254,.F.);
#2293=ORIENTED_EDGE('',*,*,#3266,.T.);
#2294=ORIENTED_EDGE('',*,*,#3267,.T.);
#2295=CARTESIAN_POINT('',(0.0620464973515457,0.0106995679304318,-0.0915034864854059));
#2296=DIRECTION('',(-1.02386147236979E-05,-0.999999999946749,-1.29343783326258E-06));
#2297=DIRECTION('',(-0.707106781282266,8.15439256525607E-06,-0.70710678104381));
#2298=ORIENTED_EDGE('',*,*,#3253,.F.);
#2299=ORIENTED_EDGE('',*,*,#3268,.F.);
#2300=ORIENTED_EDGE('',*,*,#3269,.F.);
#2301=ORIENTED_EDGE('',*,*,#3266,.F.);
#2302=CARTESIAN_POINT('',(0.0621738937203641,0.00894953857332289,-0.0711937924045951));
#2303=DIRECTION('',(-0.926985466443489,9.00588207515146E-06,0.375097247285874));
#2304=DIRECTION('',(-9.71523546024814E-06,-0.999999999952807,0.0));
#2305=ORIENTED_EDGE('',*,*,#3116,.T.);
#2306=ORIENTED_EDGE('',*,*,#3270,.F.);
#2307=ORIENTED_EDGE('',*,*,#3268,.T.);
#2308=ORIENTED_EDGE('',*,*,#3136,.F.);
#2309=CARTESIAN_POINT('',(0.0765421684502382,0.00894939898215072,-0.0770077997375262));
#2310=DIRECTION('',(-1.02386147235117E-05,-0.999999999946749,-1.29343783258426E-06));
#2311=DIRECTION('',(-0.707106781016703,6.32519523690274E-06,0.707106781328102));
#2312=ORIENTED_EDGE('',*,*,#3112,.T.);
#2313=ORIENTED_EDGE('',*,*,#3240,.F.);
#2314=ORIENTED_EDGE('',*,*,#3271,.T.);
#2315=ORIENTED_EDGE('',*,*,#3272,.T.);
#2316=CARTESIAN_POINT('',(-0.060561988775997,0.0107007857743287,-0.0915034857719892));
#2317=DIRECTION('',(1.2934378316478E-06,0.999999999946749,-1.02386147220832E-05));
#2318=DIRECTION('',(0.707106781043808,-8.15439256297248E-06,-0.707106781282269));
#2319=ORIENTED_EDGE('',*,*,#3086,.F.);
#2320=ORIENTED_EDGE('',*,*,#3273,.F.);
#2321=ORIENTED_EDGE('',*,*,#3247,.F.);
#2322=ORIENTED_EDGE('',*,*,#3248,.T.);
#2323=ORIENTED_EDGE('',*,*,#3140,.F.);
#2324=ORIENTED_EDGE('',*,*,#3250,.F.);
#2325=ORIENTED_EDGE('',*,*,#3274,.F.);
#2326=ORIENTED_EDGE('',*,*,#3275,.T.);
#2327=ORIENTED_EDGE('',*,*,#3111,.T.);
#2328=ORIENTED_EDGE('',*,*,#3276,.F.);
#2329=ORIENTED_EDGE('',*,*,#3113,.F.);
#2330=ORIENTED_EDGE('',*,*,#3272,.F.);
#2331=ORIENTED_EDGE('',*,*,#3277,.F.);
#2332=ORIENTED_EDGE('',*,*,#3144,.T.);
#2333=ORIENTED_EDGE('',*,*,#3245,.T.);
#2334=ORIENTED_EDGE('',*,*,#3150,.T.);
#2335=ORIENTED_EDGE('',*,*,#3093,.F.);
#2336=ORIENTED_EDGE('',*,*,#3278,.F.);
#2337=CARTESIAN_POINT('',(-0.0267076247787669,0.0072000970478024,-0.155830040095746));
#2338=DIRECTION('',(1.29343783326254E-06,0.999999999946749,-1.02386147236979E-05));
#2339=DIRECTION('',(-2.01002569975717E-10,-1.02386147234465E-05,-0.999999999947585));
#2340=ORIENTED_EDGE('',*,*,#3241,.F.);
#2341=ORIENTED_EDGE('',*,*,#3242,.F.);
#2342=ORIENTED_EDGE('',*,*,#3145,.T.);
#2343=ORIENTED_EDGE('',*,*,#3277,.T.);
#2344=ORIENTED_EDGE('',*,*,#3271,.F.);
#2345=CARTESIAN_POINT('',(-0.0805947462650832,0.00944698760486447,-0.0914857130847853));
#2346=DIRECTION('',(0.375208601965021,9.00527662614604E-06,0.926940399880359));
#2347=DIRECTION('',(3.67127551645029E-20,-0.999999999952809,9.71505463229716E-06));
#2348=ORIENTED_EDGE('',*,*,#3236,.F.);
#2349=ORIENTED_EDGE('',*,*,#3114,.T.);
#2350=ORIENTED_EDGE('',*,*,#3276,.T.);
#2351=ORIENTED_EDGE('',*,*,#3110,.F.);
#2352=CARTESIAN_POINT('',(-0.0606894053180378,0.00895099209905369,-0.071193771511064));
#2353=DIRECTION('',(0.926985466637143,2.64147812225801E-06,0.375097246906107));
#2354=DIRECTION('',(0.375097246907415,-1.46631491518723E-22,-0.926985466640377));
#2355=ORIENTED_EDGE('',*,*,#3108,.T.);
#2356=ORIENTED_EDGE('',*,*,#3275,.F.);
#2357=ORIENTED_EDGE('',*,*,#3279,.T.);
#2358=ORIENTED_EDGE('',*,*,#3233,.F.);
#2359=CARTESIAN_POINT('',(-0.0750576800509136,0.0089509511561428,-0.0770077788381086));
#2360=DIRECTION('',(-1.29343783258422E-06,-0.999999999946749,1.02386147235117E-05));
#2361=DIRECTION('',(0.707106781328104,6.32519523690274E-06,0.707106781016701));
#2362=ORIENTED_EDGE('',*,*,#3232,.F.);
#2363=ORIENTED_EDGE('',*,*,#3279,.F.);
#2364=ORIENTED_EDGE('',*,*,#3274,.T.);
#2365=ORIENTED_EDGE('',*,*,#3249,.F.);
#2366=CARTESIAN_POINT('',(-0.0692436727179824,0.00895109074731496,-0.0626395041082346));
#2367=DIRECTION('',(0.375097247285878,9.00588207515147E-06,0.926985466443488));
#2368=DIRECTION('',(3.60777985782407E-20,-0.999999999952807,9.71523546024814E-06));
#2369=ORIENTED_EDGE('',*,*,#3105,.T.);
#2370=ORIENTED_EDGE('',*,*,#3280,.T.);
#2371=ORIENTED_EDGE('',*,*,#3106,.T.);
#2372=ORIENTED_EDGE('',*,*,#3281,.T.);
#2373=CARTESIAN_POINT('',(0.0619005268379443,0.00719958329110462,-0.0916498729500066));
#2374=DIRECTION('',(1.02386147236979E-05,0.999999999946749,1.29343783326258E-06));
#2375=DIRECTION('',(-0.999999999947585,1.02386147237065E-05,-3.20917951321469E-22));
#2376=ORIENTED_EDGE('',*,*,#3100,.F.);
#2377=ORIENTED_EDGE('',*,*,#3282,.F.);
#2378=ORIENTED_EDGE('',*,*,#3270,.T.);
#2379=ORIENTED_EDGE('',*,*,#3119,.T.);
#2380=ORIENTED_EDGE('',*,*,#3283,.T.);
#2381=ORIENTED_EDGE('',*,*,#2931,.F.);
#2382=ORIENTED_EDGE('',*,*,#3284,.F.);
#2383=ORIENTED_EDGE('',*,*,#3285,.F.);
#2384=ORIENTED_EDGE('',*,*,#2992,.T.);
#2385=ORIENTED_EDGE('',*,*,#3286,.T.);
#2386=ORIENTED_EDGE('',*,*,#2997,.T.);
#2387=ORIENTED_EDGE('',*,*,#3264,.F.);
#2388=ORIENTED_EDGE('',*,*,#3265,.T.);
#2389=ORIENTED_EDGE('',*,*,#3121,.F.);
#2390=ORIENTED_EDGE('',*,*,#3267,.F.);
#2391=ORIENTED_EDGE('',*,*,#3269,.T.);
#2392=ORIENTED_EDGE('',*,*,#3107,.F.);
#2393=ORIENTED_EDGE('',*,*,#3280,.F.);
#2394=CARTESIAN_POINT('',(0.155364429707876,0.00719854487381033,-0.0286577444653792));
#2395=DIRECTION('',(1.02386147236979E-05,0.999999999946749,1.29343783326258E-06));
#2396=DIRECTION('',(0.999999999947585,-1.02386147234465E-05,-2.00998856447751E-10));
#2397=ORIENTED_EDGE('',*,*,#3101,.T.);
#2398=ORIENTED_EDGE('',*,*,#3287,.T.);
#2399=ORIENTED_EDGE('',*,*,#3103,.T.);
#2400=ORIENTED_EDGE('',*,*,#3281,.F.);
#2401=CARTESIAN_POINT('',(0.0619005268379443,0.00719958329110462,-0.0916498729500066));
#2402=DIRECTION('',(-1.02386147236979E-05,-0.999999999946749,-1.29343783326258E-06));
#2403=DIRECTION('',(0.999999999947585,-1.02386147237065E-05,-1.58504696180355E-27));
#2404=ORIENTED_EDGE('',*,*,#3098,.T.);
#2405=ORIENTED_EDGE('',*,*,#3282,.T.);
#2406=ORIENTED_EDGE('',*,*,#3099,.T.);
#2407=ORIENTED_EDGE('',*,*,#3288,.T.);
#2408=CARTESIAN_POINT('',(0.0911847980891693,0.00719924558334945,-0.0623656017082549));
#2409=DIRECTION('',(1.02386147236979E-05,0.999999999946749,1.29343783326258E-06));
#2410=DIRECTION('',(-0.999999999947585,1.02386147237065E-05,-3.20917951321469E-22));
#2411=ORIENTED_EDGE('',*,*,#3094,.T.);
#2412=ORIENTED_EDGE('',*,*,#3289,.T.);
#2413=ORIENTED_EDGE('',*,*,#3096,.T.);
#2414=ORIENTED_EDGE('',*,*,#3288,.F.);
#2415=CARTESIAN_POINT('',(0.0911847980891693,0.00719924558334945,-0.0623656017082549));
#2416=DIRECTION('',(-1.02386147236979E-05,-0.999999999946749,-1.29343783326258E-06));
#2417=DIRECTION('',(0.999999999947585,-1.02386147237065E-05,1.58504696180355E-27));
#2418=ORIENTED_EDGE('',*,*,#3091,.T.);
#2419=ORIENTED_EDGE('',*,*,#3278,.T.);
#2420=ORIENTED_EDGE('',*,*,#3092,.T.);
#2421=ORIENTED_EDGE('',*,*,#3290,.T.);
#2422=CARTESIAN_POINT('',(-0.0604154820216424,0.00720079775734153,-0.0916504084770398));
#2423=DIRECTION('',(1.29343783326254E-06,0.999999999946749,-1.02386147236979E-05));
#2424=DIRECTION('',(4.86939890989413E-15,1.02386147237065E-05,0.999999999947585));
#2425=ORIENTED_EDGE('',*,*,#3087,.T.);
#2426=ORIENTED_EDGE('',*,*,#3291,.T.);
#2427=ORIENTED_EDGE('',*,*,#3292,.T.);
#2428=ORIENTED_EDGE('',*,*,#3089,.T.);
#2429=ORIENTED_EDGE('',*,*,#3290,.F.);
#2430=CARTESIAN_POINT('',(-0.0604154820216424,0.00720079775734153,-0.0916504084770398));
#2431=DIRECTION('',(-1.29343783326254E-06,-0.999999999946749,1.02386147236979E-05));
#2432=DIRECTION('',(-3.71352796583818E-15,-1.02386147237065E-05,-0.999999999947585));
#2433=ORIENTED_EDGE('',*,*,#3084,.T.);
#2434=ORIENTED_EDGE('',*,*,#3273,.T.);
#2435=ORIENTED_EDGE('',*,*,#3085,.T.);
#2436=ORIENTED_EDGE('',*,*,#3293,.T.);
#2437=CARTESIAN_POINT('',(-0.089699753263394,0.00720113546509669,-0.0623661372258147));
#2438=DIRECTION('',(1.29343783326254E-06,0.999999999946749,-1.02386147236979E-05));
#2439=DIRECTION('',(-3.20910443204272E-22,1.02386147237065E-05,0.999999999947585));
#2440=ORIENTED_EDGE('',*,*,#3080,.T.);
#2441=ORIENTED_EDGE('',*,*,#3294,.T.);
#2442=ORIENTED_EDGE('',*,*,#3295,.T.);
#2443=ORIENTED_EDGE('',*,*,#3082,.T.);
#2444=ORIENTED_EDGE('',*,*,#3293,.F.);
#2445=CARTESIAN_POINT('',(-0.089699753263394,0.00720113546509669,-0.0623661372258147));
#2446=DIRECTION('',(-1.29343783326254E-06,-0.999999999946749,1.02386147236979E-05));
#2447=DIRECTION('',(-3.71352796584136E-15,-1.02386147237065E-05,-0.999999999947585));
#2448=ORIENTED_EDGE('',*,*,#3175,.F.);
#2449=ORIENTED_EDGE('',*,*,#3174,.F.);
#2450=ORIENTED_EDGE('',*,*,#3184,.F.);
#2451=ORIENTED_EDGE('',*,*,#3189,.F.);
#2452=ORIENTED_EDGE('',*,*,#3188,.F.);
#2453=ORIENTED_EDGE('',*,*,#3167,.F.);
#2454=ORIENTED_EDGE('',*,*,#3104,.F.);
#2455=ORIENTED_EDGE('',*,*,#3287,.F.);
#2456=ORIENTED_EDGE('',*,*,#3097,.F.);
#2457=ORIENTED_EDGE('',*,*,#3289,.F.);
#2458=ORIENTED_EDGE('',*,*,#3292,.F.);
#2459=ORIENTED_EDGE('',*,*,#3291,.F.);
#2460=ORIENTED_EDGE('',*,*,#3090,.F.);
#2461=ORIENTED_EDGE('',*,*,#3295,.F.);
#2462=ORIENTED_EDGE('',*,*,#3294,.F.);
#2463=ORIENTED_EDGE('',*,*,#3083,.F.);
#2464=ORIENTED_EDGE('',*,*,#3079,.F.);
#2465=ORIENTED_EDGE('',*,*,#3296,.F.);
#2466=ORIENTED_EDGE('',*,*,#3065,.F.);
#2467=ORIENTED_EDGE('',*,*,#3297,.F.);
#2468=ORIENTED_EDGE('',*,*,#3051,.F.);
#2469=ORIENTED_EDGE('',*,*,#3298,.F.);
#2470=ORIENTED_EDGE('',*,*,#3044,.F.);
#2471=ORIENTED_EDGE('',*,*,#3299,.F.);
#2472=ORIENTED_EDGE('',*,*,#2999,.F.);
#2473=ORIENTED_EDGE('',*,*,#3300,.F.);
#2474=ORIENTED_EDGE('',*,*,#3301,.F.);
#2475=ORIENTED_EDGE('',*,*,#2947,.F.);
#2476=ORIENTED_EDGE('',*,*,#3302,.F.);
#2477=ORIENTED_EDGE('',*,*,#3303,.F.);
#2478=ORIENTED_EDGE('',*,*,#3304,.F.);
#2479=ORIENTED_EDGE('',*,*,#2945,.F.);
#2480=ORIENTED_EDGE('',*,*,#3305,.F.);
#2481=ORIENTED_EDGE('',*,*,#3306,.F.);
#2482=ORIENTED_EDGE('',*,*,#2961,.F.);
#2483=ORIENTED_EDGE('',*,*,#3307,.F.);
#2484=ORIENTED_EDGE('',*,*,#3308,.F.);
#2485=ORIENTED_EDGE('',*,*,#3309,.F.);
#2486=ORIENTED_EDGE('',*,*,#2957,.F.);
#2487=ORIENTED_EDGE('',*,*,#3310,.F.);
#2488=ORIENTED_EDGE('',*,*,#2951,.F.);
#2489=ORIENTED_EDGE('',*,*,#3311,.F.);
#2490=ORIENTED_EDGE('',*,*,#3312,.F.);
#2491=ORIENTED_EDGE('',*,*,#3313,.F.);
#2492=ORIENTED_EDGE('',*,*,#2937,.F.);
#2493=ORIENTED_EDGE('',*,*,#3244,.F.);
#2494=ORIENTED_EDGE('',*,*,#3243,.F.);
#2495=ORIENTED_EDGE('',*,*,#3152,.F.);
#2496=ORIENTED_EDGE('',*,*,#3058,.F.);
#2497=ORIENTED_EDGE('',*,*,#3314,.F.);
#2498=ORIENTED_EDGE('',*,*,#3072,.F.);
#2499=ORIENTED_EDGE('',*,*,#3315,.F.);
#2500=CARTESIAN_POINT('',(0.00854444563424196,-0.000300320207231405,0.232192269273748));
#2501=DIRECTION('',(-1.02386147236979E-05,-0.999999999946749,-1.29343783326258E-06));
#2502=DIRECTION('',(-0.999999999947585,1.02386147234465E-05,2.00998856447751E-10));
#2503=ORIENTED_EDGE('',*,*,#3076,.T.);
#2504=ORIENTED_EDGE('',*,*,#3296,.T.);
#2505=ORIENTED_EDGE('',*,*,#3078,.T.);
#2506=ORIENTED_EDGE('',*,*,#3075,.T.);
#2507=CARTESIAN_POINT('',(-0.0227371359676235,-0.000299640338411487,-0.0458178125909069));
#2508=DIRECTION('',(-1.02386147236979E-05,-0.999999999946749,-1.29343783326258E-06));
#2509=DIRECTION('',(-0.999999999947585,1.02386147237065E-05,-5.00500002450604E-23));
#2510=ORIENTED_EDGE('',*,*,#3073,.T.);
#2511=ORIENTED_EDGE('',*,*,#3077,.F.);
#2512=ORIENTED_EDGE('',*,*,#3074,.T.);
#2513=ORIENTED_EDGE('',*,*,#3316,.F.);
#2514=CARTESIAN_POINT('',(-0.0227370233428615,0.0107003596610028,-0.0458177983630907));
#2515=DIRECTION('',(-1.02386147236979E-05,-0.999999999946749,-1.29343783316579E-06));
#2516=DIRECTION('',(0.999999999947585,-1.02386147237065E-05,0.0));
#2517=ORIENTED_EDGE('',*,*,#3069,.T.);
#2518=ORIENTED_EDGE('',*,*,#3315,.T.);
#2519=ORIENTED_EDGE('',*,*,#3071,.T.);
#2520=ORIENTED_EDGE('',*,*,#3068,.T.);
#2521=CARTESIAN_POINT('',(-0.0893046235493768,-0.000299069627175292,0.0398821874082617));
#2522=DIRECTION('',(-1.02386147236979E-05,-0.999999999946749,-1.29343783326258E-06));
#2523=DIRECTION('',(-0.999999999947585,1.02386147237065E-05,-5.00594060182404E-23));
#2524=ORIENTED_EDGE('',*,*,#3066,.T.);
#2525=ORIENTED_EDGE('',*,*,#3070,.F.);
#2526=ORIENTED_EDGE('',*,*,#3067,.T.);
#2527=ORIENTED_EDGE('',*,*,#3317,.F.);
#2528=CARTESIAN_POINT('',(-0.0893045109246149,0.010700930372239,0.0398822016360779));
#2529=DIRECTION('',(-1.02386147236979E-05,-0.999999999946749,-1.29343783316579E-06));
#2530=DIRECTION('',(0.999999999947585,-1.02386147237065E-05,-1.90205635402193E-27));
#2531=ORIENTED_EDGE('',*,*,#3063,.T.);
#2532=ORIENTED_EDGE('',*,*,#3297,.T.);
#2533=ORIENTED_EDGE('',*,*,#3064,.T.);
#2534=ORIENTED_EDGE('',*,*,#3318,.T.);
#2535=CARTESIAN_POINT('',(-0.0253046235527314,-0.000299724898517609,0.0398821874082617));
#2536=DIRECTION('',(-1.02386147236979E-05,-0.999999999946749,-1.29343783326258E-06));
#2537=DIRECTION('',(-0.999999999947585,1.02386147237065E-05,-5.00500002450604E-23));
#2538=ORIENTED_EDGE('',*,*,#3059,.T.);
#2539=ORIENTED_EDGE('',*,*,#3027,.F.);
#2540=ORIENTED_EDGE('',*,*,#3061,.T.);
#2541=ORIENTED_EDGE('',*,*,#3318,.F.);
#2542=CARTESIAN_POINT('',(-0.0253045109279694,0.0107002751008967,0.0398822016360779));
#2543=DIRECTION('',(1.02386147236979E-05,0.999999999946749,1.29343783316579E-06));
#2544=DIRECTION('',(0.999999999947585,-1.02386147237065E-05,0.0));
#2545=ORIENTED_EDGE('',*,*,#3055,.T.);
#2546=ORIENTED_EDGE('',*,*,#3314,.T.);
#2547=ORIENTED_EDGE('',*,*,#3057,.T.);
#2548=ORIENTED_EDGE('',*,*,#3054,.T.);
#2549=CARTESIAN_POINT('',(0.0272253764451652,-0.000300199263954569,-0.00918781259169726));
#2550=DIRECTION('',(-1.02386147236979E-05,-0.999999999946749,-1.29343783326258E-06));
#2551=DIRECTION('',(-0.999999999947585,1.02386147237065E-05,4.43094687578836E-22));
#2552=ORIENTED_EDGE('',*,*,#3052,.T.);
#2553=ORIENTED_EDGE('',*,*,#3056,.F.);
#2554=ORIENTED_EDGE('',*,*,#3053,.T.);
#2555=ORIENTED_EDGE('',*,*,#3319,.F.);
#2556=CARTESIAN_POINT('',(0.0272254890699271,0.0106998007354597,-0.0091877983638811));
#2557=DIRECTION('',(-1.02386147236979E-05,-0.999999999946749,-1.29343783316579E-06));
#2558=DIRECTION('',(0.999999999947585,-1.02386147237065E-05,0.0));
#2559=ORIENTED_EDGE('',*,*,#3049,.T.);
#2560=ORIENTED_EDGE('',*,*,#3298,.T.);
#2561=ORIENTED_EDGE('',*,*,#3050,.T.);
#2562=ORIENTED_EDGE('',*,*,#3320,.T.);
#2563=CARTESIAN_POINT('',(0.0155459652435468,-0.000299972560529195,-0.0920077449574253));
#2564=DIRECTION('',(-1.02386147236979E-05,-0.999999999946749,-1.29343783326258E-06));
#2565=DIRECTION('',(0.999999999947585,-1.02386147237065E-05,6.10012615833222E-15));
#2566=ORIENTED_EDGE('',*,*,#3045,.T.);
#2567=ORIENTED_EDGE('',*,*,#3035,.F.);
#2568=ORIENTED_EDGE('',*,*,#3047,.T.);
#2569=ORIENTED_EDGE('',*,*,#3320,.F.);
#2570=CARTESIAN_POINT('',(0.0155460778683088,0.0107000274388851,-0.0920077307296091));
#2571=DIRECTION('',(1.02386147230701E-05,0.999999999946749,1.29343783316579E-06));
#2572=DIRECTION('',(-0.999999999947585,1.02386147230787E-05,-3.32569239582419E-15));
#2573=ORIENTED_EDGE('',*,*,#3041,.T.);
#2574=ORIENTED_EDGE('',*,*,#3299,.T.);
#2575=ORIENTED_EDGE('',*,*,#3043,.T.);
#2576=ORIENTED_EDGE('',*,*,#3040,.T.);
#2577=CARTESIAN_POINT('',(0.0830453764415895,-0.000300834252422921,0.0398821874082617));
#2578=DIRECTION('',(-1.02386147236979E-05,-0.999999999946749,-1.29343783326258E-06));
#2579=DIRECTION('',(-0.999999999947585,1.02386147237065E-05,-5.00594060182404E-23));
#2580=ORIENTED_EDGE('',*,*,#3038,.T.);
#2581=ORIENTED_EDGE('',*,*,#3042,.F.);
#2582=ORIENTED_EDGE('',*,*,#3039,.T.);
#2583=ORIENTED_EDGE('',*,*,#3321,.F.);
#2584=CARTESIAN_POINT('',(0.0830454890663515,0.0106991657469913,0.0398822016360779));
#2585=DIRECTION('',(-1.02386147236979E-05,-0.999999999946749,-1.29343783316579E-06));
#2586=DIRECTION('',(0.999999999947585,-1.02386147237065E-05,-1.90205635402193E-27));
#2587=ORIENTED_EDGE('',*,*,#3034,.T.);
#2588=ORIENTED_EDGE('',*,*,#3200,.T.);
#2589=ORIENTED_EDGE('',*,*,#3036,.T.);
#2590=ORIENTED_EDGE('',*,*,#3048,.T.);
#2591=CARTESIAN_POINT('',(0.0155460778683088,0.0107000274388851,-0.0920077307296091));
#2592=DIRECTION('',(1.02386147236979E-05,0.999999999946749,1.29343783326258E-06));
#2593=DIRECTION('',(0.999999999947585,-1.02386147237065E-05,3.70074332702017E-15));
#2594=ORIENTED_EDGE('',*,*,#3030,.T.);
#2595=ORIENTED_EDGE('',*,*,#3218,.T.);
#2596=ORIENTED_EDGE('',*,*,#3032,.T.);
#2597=ORIENTED_EDGE('',*,*,#3317,.T.);
#2598=CARTESIAN_POINT('',(-0.0893045109246149,0.010700930372239,0.0398822016360779));
#2599=DIRECTION('',(1.02386147236979E-05,0.999999999946749,1.29343783326258E-06));
#2600=DIRECTION('',(-0.999999999947585,1.02386147237065E-05,6.86801355764506E-22));
#2601=ORIENTED_EDGE('',*,*,#3026,.T.);
#2602=ORIENTED_EDGE('',*,*,#3201,.T.);
#2603=ORIENTED_EDGE('',*,*,#3028,.T.);
#2604=ORIENTED_EDGE('',*,*,#3062,.T.);
#2605=CARTESIAN_POINT('',(-0.0253045109279694,0.0107002751008967,0.0398822016360779));
#2606=DIRECTION('',(1.02386147236979E-05,0.999999999946749,1.29343783326258E-06));
#2607=DIRECTION('',(-0.999999999947585,1.02386147237065E-05,8.84273607276384E-23));
#2608=ORIENTED_EDGE('',*,*,#3022,.T.);
#2609=ORIENTED_EDGE('',*,*,#3217,.T.);
#2610=ORIENTED_EDGE('',*,*,#3024,.T.);
#2611=ORIENTED_EDGE('',*,*,#3321,.T.);
#2612=CARTESIAN_POINT('',(0.0830454890663515,0.0106991657469913,0.0398822016360779));
#2613=DIRECTION('',(1.02386147236979E-05,0.999999999946749,1.29343783326258E-06));
#2614=DIRECTION('',(-0.999999999947585,1.02386147237065E-05,8.84661626772631E-23));
#2615=ORIENTED_EDGE('',*,*,#3018,.T.);
#2616=ORIENTED_EDGE('',*,*,#3202,.T.);
#2617=ORIENTED_EDGE('',*,*,#3020,.T.);
#2618=ORIENTED_EDGE('',*,*,#3316,.T.);
#2619=CARTESIAN_POINT('',(-0.0227370233428615,0.0107003596610028,-0.0458177983630907));
#2620=DIRECTION('',(1.02386147236979E-05,0.999999999946749,1.29343783326258E-06));
#2621=DIRECTION('',(-0.999999999947585,1.02386147237065E-05,6.86762553814883E-22));
#2622=ORIENTED_EDGE('',*,*,#3014,.T.);
#2623=ORIENTED_EDGE('',*,*,#3216,.T.);
#2624=ORIENTED_EDGE('',*,*,#3016,.T.);
#2625=ORIENTED_EDGE('',*,*,#3319,.T.);
#2626=CARTESIAN_POINT('',(0.0272254890699271,0.0106998007354597,-0.0091877983638811));
#2627=DIRECTION('',(1.02386147236979E-05,0.999999999946749,1.29343783326258E-06));
#2628=DIRECTION('',(-0.999999999947585,1.02386147237065E-05,8.84410555333883E-23));
#2629=ORIENTED_EDGE('',*,*,#3011,.T.);
#2630=ORIENTED_EDGE('',*,*,#3203,.T.);
#2631=ORIENTED_EDGE('',*,*,#3012,.T.);
#2632=ORIENTED_EDGE('',*,*,#3322,.T.);
#2633=CARTESIAN_POINT('',(0.0461460474569561,0.0106996546394574,-0.0460077399169867));
#2634=DIRECTION('',(1.02386147236979E-05,0.999999999946749,1.29343783326258E-06));
#2635=DIRECTION('',(0.999999999947585,-1.02386147237065E-05,-2.5162130595025E-22));
#2636=ORIENTED_EDGE('',*,*,#3007,.T.);
#2637=ORIENTED_EDGE('',*,*,#3323,.T.);
#2638=ORIENTED_EDGE('',*,*,#3009,.T.);
#2639=ORIENTED_EDGE('',*,*,#3322,.F.);
#2640=CARTESIAN_POINT('',(0.0461460474569561,0.0106996546394574,-0.0460077399169867));
#2641=DIRECTION('',(-1.02386147236979E-05,-0.999999999946749,-1.29343783316579E-06));
#2642=DIRECTION('',(-0.999999999947585,1.02386147237065E-05,0.0));
#2643=ORIENTED_EDGE('',*,*,#3010,.F.);
#2644=ORIENTED_EDGE('',*,*,#3323,.F.);
#2645=CARTESIAN_POINT('',(0.000744363164826062,0.000700097048148499,-0.0286577528422536));
#2646=DIRECTION('',(-1.02386147236979E-05,-0.999999999946749,-1.29343783326258E-06));
#2647=DIRECTION('',(-0.999999999947585,1.02386147234465E-05,2.00998856447751E-10));
#2648=ORIENTED_EDGE('',*,*,#3004,.T.);
#2649=ORIENTED_EDGE('',*,*,#3204,.T.);
#2650=ORIENTED_EDGE('',*,*,#3005,.T.);
#2651=ORIENTED_EDGE('',*,*,#3324,.T.);
#2652=CARTESIAN_POINT('',(-0.0529757672678995,0.0107006227705388,-0.00987226502366066));
#2653=DIRECTION('',(1.02386147236979E-05,0.999999999946749,1.29343783326258E-06));
#2654=DIRECTION('',(0.999999999947585,-1.02386147237065E-05,-2.5162130595025E-22));
#2655=ORIENTED_EDGE('',*,*,#3000,.T.);
#2656=ORIENTED_EDGE('',*,*,#3325,.T.);
#2657=ORIENTED_EDGE('',*,*,#3002,.T.);
#2658=ORIENTED_EDGE('',*,*,#3324,.F.);
#2659=CARTESIAN_POINT('',(-0.0529757672678995,0.0107006227705388,-0.00987226502366066));
#2660=DIRECTION('',(-1.02386147236979E-05,-0.999999999946749,-1.29343783316579E-06));
#2661=DIRECTION('',(-0.999999999947585,1.02386147237065E-05,0.0));
#2662=ORIENTED_EDGE('',*,*,#3003,.F.);
#2663=ORIENTED_EDGE('',*,*,#3325,.F.);
#2664=CARTESIAN_POINT('',(0.000744363164826089,0.000700097048148499,-0.0286577528422536));
#2665=DIRECTION('',(-1.02386147236979E-05,-0.999999999946749,-1.29343783326258E-06));
#2666=DIRECTION('',(-0.999999999947585,1.02386147234465E-05,2.00998856447751E-10));
#2667=ORIENTED_EDGE('',*,*,#3183,.F.);
#2668=ORIENTED_EDGE('',*,*,#3182,.F.);
#2669=ORIENTED_EDGE('',*,*,#3177,.F.);
#2670=CARTESIAN_POINT('',(0.000744363164826048,0.000700097048148498,-0.0286577528422536));
#2671=DIRECTION('',(-1.02386147236979E-05,-0.999999999946749,-1.29343783326258E-06));
#2672=DIRECTION('',(-0.999999999947585,1.02386147234465E-05,2.00998856447751E-10));
#2673=ORIENTED_EDGE('',*,*,#3326,.F.);
#2674=ORIENTED_EDGE('',*,*,#2939,.F.);
#2675=CARTESIAN_POINT('',(0.000744363164826062,0.000700097048148498,-0.0286577528422536));
#2676=DIRECTION('',(-1.02386147236979E-05,-0.999999999946749,-1.29343783326258E-06));
#2677=DIRECTION('',(-0.999999999947585,1.02386147234465E-05,2.00998856447751E-10));
#2678=ORIENTED_EDGE('',*,*,#3262,.F.);
#2679=ORIENTED_EDGE('',*,*,#2932,.T.);
#2680=ORIENTED_EDGE('',*,*,#3283,.F.);
#2681=ORIENTED_EDGE('',*,*,#3118,.F.);
#2682=CARTESIAN_POINT('',(0.0707281611231935,0.00894943992506162,-0.0626395250046505));
#2683=DIRECTION('',(-0.37509724690611,2.64147812225801E-06,0.926985466637142));
#2684=DIRECTION('',(0.926985466640376,0.0,0.375097246907419));
#2685=ORIENTED_EDGE('',*,*,#2991,.T.);
#2686=ORIENTED_EDGE('',*,*,#3300,.T.);
#2687=ORIENTED_EDGE('',*,*,#2998,.T.);
#2688=ORIENTED_EDGE('',*,*,#3286,.F.);
#2689=CARTESIAN_POINT('',(0.0765425959124211,0.000699400760591534,-0.0770077457364943));
#2690=DIRECTION('',(1.02386147236979E-05,0.999999999946749,1.29343783326258E-06));
#2691=DIRECTION('',(0.999999999947585,-1.02386147237065E-05,-4.41767927418427E-27));
#2692=ORIENTED_EDGE('',*,*,#2988,.T.);
#2693=ORIENTED_EDGE('',*,*,#3327,.T.);
#2694=ORIENTED_EDGE('',*,*,#3128,.F.);
#2695=CARTESIAN_POINT('',(0.0919469535480715,0.000699250688553035,-0.0829200858662954));
#2696=DIRECTION('',(-1.02386147236979E-05,-0.999999999946749,-1.29343783326258E-06));
#2697=DIRECTION('',(-0.932263505289525,9.07714693384199E-06,0.361779983723387));
#2698=ORIENTED_EDGE('',*,*,#2985,.T.);
#2699=ORIENTED_EDGE('',*,*,#3328,.T.);
#2700=ORIENTED_EDGE('',*,*,#3329,.T.);
#2701=ORIENTED_EDGE('',*,*,#2964,.T.);
#2702=CARTESIAN_POINT('',(-0.0990573118824021,0.00970090838755498,0.134080623158497));
#2703=DIRECTION('',(-1.87754759768028E-10,1.29343783525272E-06,-0.999999999999164));
#2704=DIRECTION('',(-0.707099541355585,0.707114020942793,9.14740789830377E-07));
#2705=ORIENTED_EDGE('',*,*,#3330,.T.);
#2706=ORIENTED_EDGE('',*,*,#3331,.T.);
#2707=ORIENTED_EDGE('',*,*,#3328,.F.);
#2708=ORIENTED_EDGE('',*,*,#2987,.F.);
#2709=ORIENTED_EDGE('',*,*,#3210,.T.);
#2710=CARTESIAN_POINT('',(-0.10505731190216,0.00970110809553646,0.027174601545135));
#2711=DIRECTION('',(-1.02386147236979E-05,-0.999999999946749,-1.29343783326258E-06));
#2712=DIRECTION('',(0.0,1.29343783333037E-06,-0.999999999999163));
#2713=ORIENTED_EDGE('',*,*,#2982,.T.);
#2714=ORIENTED_EDGE('',*,*,#3332,.T.);
#2715=ORIENTED_EDGE('',*,*,#2955,.T.);
#2716=ORIENTED_EDGE('',*,*,#3333,.T.);
#2717=ORIENTED_EDGE('',*,*,#3330,.F.);
#2718=ORIENTED_EDGE('',*,*,#3209,.T.);
#2719=CARTESIAN_POINT('',(-0.0970573119037055,0.00970103394724572,0.0211746015435322));
#2720=DIRECTION('',(-1.02386147236979E-05,-0.999999999946749,-1.29343783326258E-06));
#2721=DIRECTION('',(0.0,1.29343783333037E-06,-0.999999999999164));
#2722=ORIENTED_EDGE('',*,*,#2981,.T.);
#2723=ORIENTED_EDGE('',*,*,#3334,.T.);
#2724=ORIENTED_EDGE('',*,*,#3335,.T.);
#2725=ORIENTED_EDGE('',*,*,#3332,.F.);
#2726=CARTESIAN_POINT('',(-0.101057311863876,0.00970080196345251,0.232192282230156));
#2727=DIRECTION('',(-1.8775584479352E-10,1.29343783525273E-06,-0.999999999999164));
#2728=DIRECTION('',(-0.707099541355585,0.707114020942793,9.14740790597606E-07));
#2729=ORIENTED_EDGE('',*,*,#2977,.T.);
#2730=ORIENTED_EDGE('',*,*,#3336,.T.);
#2731=ORIENTED_EDGE('',*,*,#3207,.T.);
#2732=ORIENTED_EDGE('',*,*,#3337,.T.);
#2733=CARTESIAN_POINT('',(0.0123453852427967,0.00970007443732017,-0.103007741203583));
#2734=DIRECTION('',(-0.999999999947585,1.02386147234465E-05,2.00998856446745E-10));
#2735=DIRECTION('',(7.23966113765228E-06,0.707107695747568,-0.707105866587283));
#2736=ORIENTED_EDGE('',*,*,#3338,.T.);
#2737=ORIENTED_EDGE('',*,*,#2976,.T.);
#2738=ORIENTED_EDGE('',*,*,#2935,.T.);
#2739=ORIENTED_EDGE('',*,*,#3339,.T.);
#2740=ORIENTED_EDGE('',*,*,#2978,.F.);
#2741=ORIENTED_EDGE('',*,*,#3337,.F.);
#2742=ORIENTED_EDGE('',*,*,#3215,.T.);
#2743=CARTESIAN_POINT('',(0.0935462225257712,0.00969923141229146,-0.0940077412199114));
#2744=DIRECTION('',(-1.02386147236979E-05,-0.999999999946749,-1.29343783326258E-06));
#2745=DIRECTION('',(0.0,1.29343783333037E-06,-0.999999999999163));
#2746=ORIENTED_EDGE('',*,*,#2973,.T.);
#2747=ORIENTED_EDGE('',*,*,#3338,.F.);
#2748=ORIENTED_EDGE('',*,*,#3214,.T.);
#2749=ORIENTED_EDGE('',*,*,#3340,.T.);
#2750=CARTESIAN_POINT('',(0.102546222586545,0.00969871734530683,0.232192282189232));
#2751=DIRECTION('',(-1.87755844793621E-10,1.29343783525273E-06,-0.999999999999164));
#2752=DIRECTION('',(0.707114020943375,0.707099541355004,9.14456535288812E-07));
#2753=ORIENTED_EDGE('',*,*,#2970,.T.);
#2754=ORIENTED_EDGE('',*,*,#3341,.T.);
#2755=ORIENTED_EDGE('',*,*,#3342,.T.);
#2756=ORIENTED_EDGE('',*,*,#2949,.T.);
#2757=ORIENTED_EDGE('',*,*,#2974,.F.);
#2758=ORIENTED_EDGE('',*,*,#3340,.F.);
#2759=ORIENTED_EDGE('',*,*,#3213,.T.);
#2760=CARTESIAN_POINT('',(0.0985462225507865,0.00969900608503342,0.0406212140312104));
#2761=DIRECTION('',(-1.02386147236979E-05,-0.999999999946749,-1.29343783326258E-06));
#2762=DIRECTION('',(0.0,1.29343783333037E-06,-0.999999999999164));
#2763=ORIENTED_EDGE('',*,*,#2969,.T.);
#2764=ORIENTED_EDGE('',*,*,#3343,.T.);
#2765=ORIENTED_EDGE('',*,*,#3344,.T.);
#2766=ORIENTED_EDGE('',*,*,#3341,.F.);
#2767=CARTESIAN_POINT('',(0.030713702823429,0.00969960554213199,0.114110588038987));
#2768=DIRECTION('',(-0.707106781016719,6.32519523650967E-06,0.707106781328086));
#2769=DIRECTION('',(0.500007239861566,0.707101015122624,0.500000914497736));
#2770=ORIENTED_EDGE('',*,*,#3345,.T.);
#2771=ORIENTED_EDGE('',*,*,#2968,.T.);
#2772=ORIENTED_EDGE('',*,*,#2943,.T.);
#2773=ORIENTED_EDGE('',*,*,#3346,.T.);
#2774=ORIENTED_EDGE('',*,*,#3343,.F.);
#2775=ORIENTED_EDGE('',*,*,#2972,.F.);
#2776=ORIENTED_EDGE('',*,*,#3212,.T.);
#2777=CARTESIAN_POINT('',(0.0987178184909008,0.0096989990624854,0.0446922587789329));
#2778=DIRECTION('',(-1.02386147236979E-05,-0.999999999946749,-1.29343783326258E-06));
#2779=DIRECTION('',(0.0,1.29343783333037E-06,-0.999999999999164));
#2780=ORIENTED_EDGE('',*,*,#2965,.T.);
#2781=ORIENTED_EDGE('',*,*,#3345,.F.);
#2782=ORIENTED_EDGE('',*,*,#3211,.T.);
#2783=ORIENTED_EDGE('',*,*,#3347,.T.);
#2784=CARTESIAN_POINT('',(0.0547953852684901,0.00969944747391907,0.0456922587877604));
#2785=DIRECTION('',(0.999999999947585,-1.02386147234465E-05,-2.00998728816977E-10));
#2786=DIRECTION('',(7.23992666442399E-06,0.707105866550224,0.707107695784625));
#2787=ORIENTED_EDGE('',*,*,#2980,.F.);
#2788=ORIENTED_EDGE('',*,*,#3348,.T.);
#2789=ORIENTED_EDGE('',*,*,#2953,.T.);
#2790=ORIENTED_EDGE('',*,*,#3334,.F.);
#2791=ORIENTED_EDGE('',*,*,#2984,.F.);
#2792=ORIENTED_EDGE('',*,*,#3208,.T.);
#2793=ORIENTED_EDGE('',*,*,#3336,.F.);
#2794=CARTESIAN_POINT('',(-0.0920573119255937,0.00970113173537212,-0.0940077411826053));
#2795=DIRECTION('',(-1.02386147236979E-05,-0.999999999946749,-1.29343783326258E-06));
#2796=DIRECTION('',(0.0,1.29343783333037E-06,-0.999999999999163));
#2797=ORIENTED_EDGE('',*,*,#2962,.T.);
#2798=ORIENTED_EDGE('',*,*,#3349,.T.);
#2799=ORIENTED_EDGE('',*,*,#2966,.F.);
#2800=ORIENTED_EDGE('',*,*,#3347,.F.);
#2801=CARTESIAN_POINT('',(-0.0990573118989975,0.00970102271240961,0.0456922588186846));
#2802=DIRECTION('',(-1.02386147218205E-05,-0.999999999946749,-1.29343783513998E-06));
#2803=DIRECTION('',(-0.707106781016722,6.32519523389995E-06,0.707106781328084));
#2804=ORIENTED_EDGE('',*,*,#2958,.T.);
#2805=ORIENTED_EDGE('',*,*,#3306,.T.);
#2806=ORIENTED_EDGE('',*,*,#3350,.F.);
#2807=ORIENTED_EDGE('',*,*,#3349,.F.);
#2808=CARTESIAN_POINT('',(-0.0990573938079152,0.00170102271283562,0.0456922484711819));
#2809=DIRECTION('',(-1.02386147236979E-05,-0.999999999946749,-1.29343783326258E-06));
#2810=DIRECTION('',(-0.707106781016718,6.32519523655496E-06,0.707106781328087));
#2811=ORIENTED_EDGE('',*,*,#3351,.F.);
#2812=ORIENTED_EDGE('',*,*,#3307,.T.);
#2813=ORIENTED_EDGE('',*,*,#2960,.F.);
#2814=ORIENTED_EDGE('',*,*,#3329,.F.);
#2815=CARTESIAN_POINT('',(-0.100057301662156,0.0107010455274484,0.0359689653808788));
#2816=DIRECTION('',(-0.999999999947585,1.02386147234465E-05,2.00997771422264E-10));
#2817=DIRECTION('',(2.00997771432799E-10,0.0,1.0));
#2818=ORIENTED_EDGE('',*,*,#3352,.T.);
#2819=ORIENTED_EDGE('',*,*,#3308,.T.);
#2820=ORIENTED_EDGE('',*,*,#3351,.T.);
#2821=ORIENTED_EDGE('',*,*,#3331,.F.);
#2822=CARTESIAN_POINT('',(-0.105057347737311,0.00620110809572286,0.0271745970181026));
#2823=DIRECTION('',(1.02386147236582E-05,0.999999999946749,1.29343783314563E-06));
#2824=DIRECTION('',(-0.999999999947585,1.02386147234068E-05,2.009975519357E-10));
#2825=ORIENTED_EDGE('',*,*,#2954,.T.);
#2826=ORIENTED_EDGE('',*,*,#3309,.T.);
#2827=ORIENTED_EDGE('',*,*,#3352,.F.);
#2828=ORIENTED_EDGE('',*,*,#3333,.F.);
#2829=CARTESIAN_POINT('',(-0.097057347738857,0.00620103394743208,0.0211745970164998));
#2830=DIRECTION('',(-1.02386147236979E-05,-0.999999999946749,-1.29343783326257E-06));
#2831=DIRECTION('',(-0.923879532391016,8.96426935391561E-06,0.382683432550457));
#2832=ORIENTED_EDGE('',*,*,#2952,.T.);
#2833=ORIENTED_EDGE('',*,*,#3310,.T.);
#2834=ORIENTED_EDGE('',*,*,#2956,.F.);
#2835=ORIENTED_EDGE('',*,*,#3335,.F.);
#2836=CARTESIAN_POINT('',(-0.102057393772741,0.00170081220249321,0.232192271882854));
#2837=DIRECTION('',(-0.999999999947585,1.02386147234465E-05,2.00998856447751E-10));
#2838=DIRECTION('',(1.02386147236979E-05,0.999999999946749,1.29343783326258E-06));
#2839=ORIENTED_EDGE('',*,*,#2950,.T.);
#2840=ORIENTED_EDGE('',*,*,#3348,.F.);
#2841=ORIENTED_EDGE('',*,*,#3353,.T.);
#2842=ORIENTED_EDGE('',*,*,#3311,.T.);
#2843=CARTESIAN_POINT('',(-0.092056958497252,0.0442202880129041,-0.0940076965342226));
#2844=DIRECTION('',(1.02386147236979E-05,0.999999999946749,1.29343783326258E-06));
#2845=DIRECTION('',(-0.707106781282247,8.15439256525589E-06,-0.70710678104383));
#2846=ORIENTED_EDGE('',*,*,#3354,.T.);
#2847=ORIENTED_EDGE('',*,*,#3312,.T.);
#2848=ORIENTED_EDGE('',*,*,#3353,.F.);
#2849=ORIENTED_EDGE('',*,*,#2979,.F.);
#2850=CARTESIAN_POINT('',(0.0161470112935536,0.0867383493700874,-0.104007641560078));
#2851=DIRECTION('',(-1.87755844793543E-10,1.29343783525273E-06,-0.999999999999164));
#2852=DIRECTION('',(-0.999999999947585,1.02386147234484E-05,2.00998856447754E-10));
#2853=ORIENTED_EDGE('',*,*,#2946,.T.);
#2854=ORIENTED_EDGE('',*,*,#3342,.F.);
#2855=ORIENTED_EDGE('',*,*,#3355,.T.);
#2856=ORIENTED_EDGE('',*,*,#3302,.T.);
#2857=CARTESIAN_POINT('',(0.0985461176049856,-0.000550993914420784,0.0406212007734726));
#2858=DIRECTION('',(1.02386147236979E-05,0.999999999946749,1.29343783326258E-06));
#2859=DIRECTION('',(0.923879532534713,-9.95422381460632E-06,0.382683432179071));
#2860=ORIENTED_EDGE('',*,*,#2948,.F.);
#2861=ORIENTED_EDGE('',*,*,#3301,.T.);
#2862=ORIENTED_EDGE('',*,*,#2936,.F.);
#2863=ORIENTED_EDGE('',*,*,#2975,.F.);
#2864=CARTESIAN_POINT('',(0.103546140677575,0.00169870710711809,0.232192271841528));
#2865=DIRECTION('',(0.999999999947585,-1.02386147234465E-05,-2.00998856447751E-10));
#2866=DIRECTION('',(-1.02386147236979E-05,-0.999999999946749,-1.29343783326258E-06));
#2867=ORIENTED_EDGE('',*,*,#2942,.T.);
#2868=ORIENTED_EDGE('',*,*,#3304,.T.);
#2869=ORIENTED_EDGE('',*,*,#3356,.T.);
#2870=ORIENTED_EDGE('',*,*,#3346,.F.);
#2871=CARTESIAN_POINT('',(0.0987176674713336,-0.00505100093672917,0.0446922397007248));
#2872=DIRECTION('',(-1.02386147236979E-05,-0.999999999946749,-1.29343783326258E-06));
#2873=DIRECTION('',(0.382683432518495,-5.11312896759796E-06,0.923879532433595));
#2874=ORIENTED_EDGE('',*,*,#3350,.T.);
#2875=ORIENTED_EDGE('',*,*,#3305,.T.);
#2876=ORIENTED_EDGE('',*,*,#2944,.F.);
#2877=ORIENTED_EDGE('',*,*,#2967,.F.);
#2878=CARTESIAN_POINT('',(0.101046048495345,-0.00730102736311712,0.04669223679002));
#2879=DIRECTION('',(1.87755717163157E-10,-1.29343783525273E-06,0.999999999999164));
#2880=DIRECTION('',(1.0,0.0,-1.87755717163314E-10));
#2881=ORIENTED_EDGE('',*,*,#3205,.T.);
#2882=ORIENTED_EDGE('',*,*,#3206,.T.);
#2883=ORIENTED_EDGE('',*,*,#3357,.T.);
#2884=ORIENTED_EDGE('',*,*,#3358,.T.);
#2885=ORIENTED_EDGE('',*,*,#2941,.T.);
#2886=ORIENTED_EDGE('',*,*,#3357,.F.);
#2887=ORIENTED_EDGE('',*,*,#2938,.T.);
#2888=ORIENTED_EDGE('',*,*,#3358,.F.);
#2889=ORIENTED_EDGE('',*,*,#2940,.T.);
#2890=ORIENTED_EDGE('',*,*,#3326,.T.);
#2891=CARTESIAN_POINT('',(0.0940796363162762,0.0106990550622034,0.0381120396194111));
#2892=DIRECTION('',(-1.02386147236979E-05,-0.999999999946749,-1.29343783316579E-06));
#2893=DIRECTION('',(-0.999999999947585,1.02386147237151E-05,-6.62151662405067E-12));
#2894=ORIENTED_EDGE('',*,*,#2934,.T.);
#2895=ORIENTED_EDGE('',*,*,#3313,.T.);
#2896=ORIENTED_EDGE('',*,*,#3354,.F.);
#2897=ORIENTED_EDGE('',*,*,#3339,.F.);
#2898=CARTESIAN_POINT('',(0.0935465759541129,0.0442183876898235,-0.0940076965715287));
#2899=DIRECTION('',(-1.02386147236979E-05,-0.999999999946749,-1.29343783326258E-06));
#2900=DIRECTION('',(0.70710678101672,-6.32519523655498E-06,-0.707106781328085));
#2901=ORIENTED_EDGE('',*,*,#3356,.F.);
#2902=ORIENTED_EDGE('',*,*,#3303,.T.);
#2903=ORIENTED_EDGE('',*,*,#3355,.F.);
#2904=ORIENTED_EDGE('',*,*,#3344,.F.);
#2905=CARTESIAN_POINT('',(0.101546106100762,-0.00280102989592143,0.044692254142444));
#2906=DIRECTION('',(0.707106781282251,-8.15439256525593E-06,0.707106781043826));
#2907=DIRECTION('',(0.707106781067335,0.0,-0.70710678130576));
#2908=ORIENTED_EDGE('',*,*,#3260,.F.);
#2909=ORIENTED_EDGE('',*,*,#3327,.F.);
#2910=ORIENTED_EDGE('',*,*,#2993,.T.);
#2911=ORIENTED_EDGE('',*,*,#3285,.T.);
#2912=ORIENTED_EDGE('',*,*,#3359,.F.);
#2913=CARTESIAN_POINT('',(0.0910201026969149,0.0094454354308724,-0.0825448659516957));
#2914=DIRECTION('',(-0.92694039988036,9.00527662614604E-06,0.375208601965018));
#2915=DIRECTION('',(-9.71505463229716E-06,-0.999999999952809,6.35628095915189E-22));
#2916=ORIENTED_EDGE('',*,*,#2930,.T.);
#2917=ORIENTED_EDGE('',*,*,#3261,.F.);
#2918=ORIENTED_EDGE('',*,*,#3359,.T.);
#2919=ORIENTED_EDGE('',*,*,#3284,.T.);
#2920=CARTESIAN_POINT('',(0.0910378753841186,0.0106992336003366,-0.0625121084626095));
#2921=DIRECTION('',(1.02386147220832E-05,0.999999999946749,1.29343783164784E-06));
#2922=DIRECTION('',(0.707106781282266,-8.15439256297248E-06,0.707106781043811));
#2923=COLOUR_RGB('',0.686274528503418,0.623529434204102,0.560784339904785);
#2924=EDGE_CURVE('',#3360,#3361,#3362,.T.);
#2925=EDGE_CURVE('1:99412',#3360,#3363,#3364,.T.);
#2926=EDGE_CURVE('1:99412',#3363,#3365,#3366,.T.);
#2927=EDGE_CURVE('',#3365,#3367,#3368,.T.);
#2928=EDGE_CURVE('1:99409',#3367,#3369,#3370,.T.);
#2929=EDGE_CURVE('1:99409',#3369,#3361,#3371,.T.);
#2930=EDGE_CURVE('',#3372,#3373,#3374,.T.);
#2931=EDGE_CURVE('1:99790',#3372,#3375,#3376,.F.);
#2932=EDGE_CURVE('1:99931',#3377,#3375,#3378,.T.);
#2933=EDGE_CURVE('1:99703',#3373,#3377,#3379,.T.);
#2934=EDGE_CURVE('',#3380,#3381,#3382,.T.);
#2935=EDGE_CURVE('1:99985',#3383,#3380,#3384,.T.);
#2936=EDGE_CURVE('1:100054',#3383,#3385,#3386,.T.);
#2937=EDGE_CURVE('1:99871',#3385,#3381,#3387,.F.);
#2938=EDGE_CURVE('',#3388,#3389,#3390,.T.);
#2939=EDGE_CURVE('1:99928',#3388,#3391,#3392,.T.);
#2940=EDGE_CURVE('',#3393,#3391,#3394,.T.);
#2941=EDGE_CURVE('1:100063',#3389,#3393,#3395,.T.);
#2942=EDGE_CURVE('',#3396,#3397,#3398,.T.);
#2943=EDGE_CURVE('1:100009',#3399,#3396,#3400,.T.);
#2944=EDGE_CURVE('1:100057',#3399,#3401,#3402,.T.);
#2945=EDGE_CURVE('1:99844',#3401,#3397,#3403,.F.);
#2946=EDGE_CURVE('',#3404,#3405,#3406,.T.);
#2947=EDGE_CURVE('1:99838',#3404,#3407,#3408,.F.);
#2948=EDGE_CURVE('1:100051',#3407,#3409,#3410,.T.);
#2949=EDGE_CURVE('1:99997',#3405,#3409,#3411,.T.);
#2950=EDGE_CURVE('',#3412,#3413,#3414,.T.);
#2951=EDGE_CURVE('1:99865',#3412,#3415,#3416,.F.);
#2952=EDGE_CURVE('1:100039',#3417,#3415,#3418,.T.);
#2953=EDGE_CURVE('1:100018',#3413,#3417,#3419,.T.);
#2954=EDGE_CURVE('',#3420,#3421,#3422,.T.);
#2955=EDGE_CURVE('1:99964',#3423,#3420,#3424,.T.);
#2956=EDGE_CURVE('1:100036',#3423,#3425,#3426,.T.);
#2957=EDGE_CURVE('1:99859',#3425,#3421,#3427,.F.);
#2958=EDGE_CURVE('',#3428,#3429,#3430,.T.);
#2959=EDGE_CURVE('1:100021',#3431,#3428,#3432,.T.);
#2960=EDGE_CURVE('1:100024',#3431,#3433,#3434,.T.);
#2961=EDGE_CURVE('1:99850',#3433,#3429,#3435,.F.);
#2962=EDGE_CURVE('',#3436,#3428,#3437,.T.);
#2963=EDGE_CURVE('1:99946',#3438,#3436,#3439,.T.);
#2964=EDGE_CURVE('1:99946',#3431,#3438,#3440,.T.);
#2965=EDGE_CURVE('',#3441,#3442,#3443,.T.);
#2966=EDGE_CURVE('1:100012',#3441,#3444,#3445,.T.);
#2967=EDGE_CURVE('1:100015',#3444,#3399,#3446,.T.);
#2968=EDGE_CURVE('1:100006',#3442,#3399,#3447,.T.);
#2969=EDGE_CURVE('',#3448,#3449,#3450,.T.);
#2970=EDGE_CURVE('1:99994',#3451,#3448,#3452,.T.);
#2971=EDGE_CURVE('1:99502',#3451,#3453,#3454,.T.);
#2972=EDGE_CURVE('1:100000',#3453,#3449,#3455,.T.);
#2973=EDGE_CURVE('',#3456,#3457,#3458,.T.);
#2974=EDGE_CURVE('1:99988',#3456,#3409,#3459,.T.);
#2975=EDGE_CURVE('1:99991',#3409,#3383,#3460,.T.);
#2976=EDGE_CURVE('1:99982',#3457,#3383,#3461,.T.);
#2977=EDGE_CURVE('',#3462,#3463,#3464,.T.);
#2978=EDGE_CURVE('1:99973',#3462,#3465,#3466,.T.);
#2979=EDGE_CURVE('1:99976',#3465,#3467,#3468,.T.);
#2980=EDGE_CURVE('1:99979',#3467,#3463,#3469,.T.);
#2981=EDGE_CURVE('',#3470,#3471,#3472,.T.);
#2982=EDGE_CURVE('1:99961',#3473,#3470,#3474,.T.);
#2983=EDGE_CURVE('1:99484',#3473,#3475,#3476,.T.);
#2984=EDGE_CURVE('1:99967',#3475,#3471,#3477,.T.);
#2985=EDGE_CURVE('',#3438,#3478,#3479,.T.);
#2986=EDGE_CURVE('1:99493',#3436,#3480,#3481,.T.);
#2987=EDGE_CURVE('1:99949',#3480,#3478,#3482,.T.);
#2988=EDGE_CURVE('',#3483,#3484,#3485,.T.);
#2989=EDGE_CURVE('1:99940',#3483,#3486,#3487,.T.);
#2990=EDGE_CURVE('1:99937',#3486,#3484,#3488,.T.);
#2991=EDGE_CURVE('',#3489,#3490,#3491,.T.);
#2992=EDGE_CURVE('1:99796',#3492,#3489,#3493,.T.);
#2993=EDGE_CURVE('1:99934',#3484,#3492,#3494,.F.);
#2994=EDGE_CURVE('1:99685',#3495,#3483,#3496,.T.);
#2995=EDGE_CURVE('1:99685',#3497,#3495,#3498,.T.);
#2996=EDGE_CURVE('1:99718',#3499,#3497,#3500,.T.);
#2997=EDGE_CURVE('1:99796',#3501,#3499,#3502,.T.);
#2998=EDGE_CURVE('',#3503,#3501,#3504,.T.);
#2999=EDGE_CURVE('1:99832',#3503,#3490,#3505,.T.);
#3000=EDGE_CURVE('',#3506,#3507,#3508,.T.);
#3001=EDGE_CURVE('1:99922',#3509,#3506,#3510,.T.);
#3002=EDGE_CURVE('',#3511,#3509,#3512,.T.);
#3003=EDGE_CURVE('1:99925',#3511,#3507,#3513,.T.);
#3004=EDGE_CURVE('',#3509,#3514,#3515,.T.);
#3005=EDGE_CURVE('',#3516,#3506,#3517,.T.);
#3006=EDGE_CURVE('1:99472',#3516,#3514,#3518,.T.);
#3007=EDGE_CURVE('',#3519,#3520,#3521,.T.);
#3008=EDGE_CURVE('1:99916',#3522,#3519,#3523,.T.);
#3009=EDGE_CURVE('',#3524,#3522,#3525,.T.);
#3010=EDGE_CURVE('1:99919',#3524,#3520,#3526,.T.);
#3011=EDGE_CURVE('',#3522,#3527,#3528,.T.);
#3012=EDGE_CURVE('',#3529,#3519,#3530,.T.);
#3013=EDGE_CURVE('1:99469',#3529,#3527,#3531,.T.);
#3014=EDGE_CURVE('',#3532,#3533,#3534,.T.);
#3015=EDGE_CURVE('1:99901',#3532,#3535,#3536,.T.);
#3016=EDGE_CURVE('',#3537,#3535,#3538,.T.);
#3017=EDGE_CURVE('1:99514',#3537,#3533,#3539,.T.);
#3018=EDGE_CURVE('',#3540,#3541,#3542,.T.);
#3019=EDGE_CURVE('1:99883',#3540,#3543,#3544,.T.);
#3020=EDGE_CURVE('',#3545,#3543,#3546,.T.);
#3021=EDGE_CURVE('1:99466',#3545,#3541,#3547,.T.);
#3022=EDGE_CURVE('',#3548,#3549,#3550,.T.);
#3023=EDGE_CURVE('1:99913',#3548,#3551,#3552,.T.);
#3024=EDGE_CURVE('',#3553,#3551,#3554,.T.);
#3025=EDGE_CURVE('1:99517',#3553,#3549,#3555,.T.);
#3026=EDGE_CURVE('',#3556,#3557,#3558,.T.);
#3027=EDGE_CURVE('1:99895',#3556,#3559,#3560,.T.);
#3028=EDGE_CURVE('',#3561,#3559,#3562,.T.);
#3029=EDGE_CURVE('1:99463',#3561,#3557,#3563,.T.);
#3030=EDGE_CURVE('',#3564,#3565,#3566,.T.);
#3031=EDGE_CURVE('1:99889',#3564,#3567,#3568,.T.);
#3032=EDGE_CURVE('',#3569,#3567,#3570,.T.);
#3033=EDGE_CURVE('1:99520',#3569,#3565,#3571,.T.);
#3034=EDGE_CURVE('',#3572,#3573,#3574,.T.);
#3035=EDGE_CURVE('1:99907',#3572,#3575,#3576,.T.);
#3036=EDGE_CURVE('',#3577,#3575,#3578,.T.);
#3037=EDGE_CURVE('1:99460',#3577,#3573,#3579,.T.);
#3038=EDGE_CURVE('',#3551,#3580,#3581,.T.);
#3039=EDGE_CURVE('',#3582,#3548,#3583,.T.);
#3040=EDGE_CURVE('1:99910',#3580,#3582,#3584,.T.);
#3041=EDGE_CURVE('',#3582,#3585,#3586,.T.);
#3042=EDGE_CURVE('1:99910',#3582,#3580,#3587,.T.);
#3043=EDGE_CURVE('',#3588,#3580,#3589,.T.);
#3044=EDGE_CURVE('1:99829',#3588,#3585,#3590,.T.);
#3045=EDGE_CURVE('',#3591,#3575,#3592,.T.);
#3046=EDGE_CURVE('1:99904',#3593,#3591,#3594,.T.);
#3047=EDGE_CURVE('',#3572,#3593,#3595,.T.);
#3048=EDGE_CURVE('1:99907',#3575,#3572,#3596,.T.);
#3049=EDGE_CURVE('',#3593,#3597,#3598,.T.);
#3050=EDGE_CURVE('',#3599,#3591,#3600,.T.);
#3051=EDGE_CURVE('1:99826',#3599,#3597,#3601,.T.);
#3052=EDGE_CURVE('',#3535,#3602,#3603,.T.);
#3053=EDGE_CURVE('',#3604,#3532,#3605,.T.);
#3054=EDGE_CURVE('1:99898',#3602,#3604,#3606,.T.);
#3055=EDGE_CURVE('',#3604,#3607,#3608,.T.);
#3056=EDGE_CURVE('1:99898',#3604,#3602,#3609,.T.);
#3057=EDGE_CURVE('',#3610,#3602,#3611,.T.);
#3058=EDGE_CURVE('1:99874',#3610,#3607,#3612,.T.);
#3059=EDGE_CURVE('',#3613,#3559,#3614,.T.);
#3060=EDGE_CURVE('1:99892',#3615,#3613,#3616,.T.);
#3061=EDGE_CURVE('',#3556,#3615,#3617,.T.);
#3062=EDGE_CURVE('1:99895',#3559,#3556,#3618,.T.);
#3063=EDGE_CURVE('',#3615,#3619,#3620,.T.);
#3064=EDGE_CURVE('',#3621,#3613,#3622,.T.);
#3065=EDGE_CURVE('1:99823',#3621,#3619,#3623,.T.);
#3066=EDGE_CURVE('',#3567,#3624,#3625,.T.);
#3067=EDGE_CURVE('',#3626,#3564,#3627,.T.);
#3068=EDGE_CURVE('1:99886',#3624,#3626,#3628,.T.);
#3069=EDGE_CURVE('',#3626,#3629,#3630,.T.);
#3070=EDGE_CURVE('1:99886',#3626,#3624,#3631,.T.);
#3071=EDGE_CURVE('',#3632,#3624,#3633,.T.);
#3072=EDGE_CURVE('1:99877',#3632,#3629,#3634,.T.);
#3073=EDGE_CURVE('',#3543,#3635,#3636,.T.);
#3074=EDGE_CURVE('',#3637,#3540,#3638,.T.);
#3075=EDGE_CURVE('1:99880',#3635,#3637,#3639,.T.);
#3076=EDGE_CURVE('',#3637,#3640,#3641,.T.);
#3077=EDGE_CURVE('1:99880',#3637,#3635,#3642,.T.);
#3078=EDGE_CURVE('',#3643,#3635,#3644,.T.);
#3079=EDGE_CURVE('1:99820',#3643,#3640,#3645,.T.);
#3080=EDGE_CURVE('',#3646,#3647,#3648,.T.);
#3081=EDGE_CURVE('1:99814',#3649,#3646,#3650,.T.);
#3082=EDGE_CURVE('',#3651,#3649,#3652,.T.);
#3083=EDGE_CURVE('1:99817',#3651,#3647,#3653,.T.);
#3084=EDGE_CURVE('',#3649,#3654,#3655,.T.);
#3085=EDGE_CURVE('',#3656,#3646,#3657,.T.);
#3086=EDGE_CURVE('1:99754',#3656,#3654,#3658,.T.);
#3087=EDGE_CURVE('',#3659,#3660,#3661,.T.);
#3088=EDGE_CURVE('1:99808',#3662,#3659,#3663,.T.);
#3089=EDGE_CURVE('',#3664,#3662,#3665,.T.);
#3090=EDGE_CURVE('1:99811',#3664,#3660,#3666,.T.);
#3091=EDGE_CURVE('',#3662,#3667,#3668,.T.);
#3092=EDGE_CURVE('',#3669,#3659,#3670,.T.);
#3093=EDGE_CURVE('1:99769',#3669,#3667,#3671,.T.);
#3094=EDGE_CURVE('',#3672,#3673,#3674,.T.);
#3095=EDGE_CURVE('1:99802',#3675,#3672,#3676,.T.);
#3096=EDGE_CURVE('',#3677,#3675,#3678,.T.);
#3097=EDGE_CURVE('1:99805',#3677,#3673,#3679,.T.);
#3098=EDGE_CURVE('',#3675,#3680,#3681,.T.);
#3099=EDGE_CURVE('',#3682,#3672,#3683,.T.);
#3100=EDGE_CURVE('1:99784',#3682,#3680,#3684,.T.);
#3101=EDGE_CURVE('',#3685,#3686,#3687,.T.);
#3102=EDGE_CURVE('1:99778',#3688,#3685,#3689,.T.);
#3103=EDGE_CURVE('',#3690,#3688,#3691,.T.);
#3104=EDGE_CURVE('1:99799',#3690,#3686,#3692,.T.);
#3105=EDGE_CURVE('',#3688,#3693,#3694,.T.);
#3106=EDGE_CURVE('',#3695,#3685,#3696,.T.);
#3107=EDGE_CURVE('1:99781',#3695,#3693,#3697,.T.);
#3108=EDGE_CURVE('',#3698,#3699,#3700,.T.);
#3109=EDGE_CURVE('1:99577',#3701,#3698,#3702,.T.);
#3110=EDGE_CURVE('1:99772',#3701,#3703,#3704,.T.);
#3111=EDGE_CURVE('1:99760',#3699,#3703,#3705,.T.);
#3112=EDGE_CURVE('',#3706,#3707,#3708,.T.);
#3113=EDGE_CURVE('1:99748',#3706,#3709,#3710,.T.);
#3114=EDGE_CURVE('1:99751',#3711,#3709,#3712,.T.);
#3115=EDGE_CURVE('1:99601',#3707,#3711,#3713,.T.);
#3116=EDGE_CURVE('',#3714,#3715,#3716,.T.);
#3117=EDGE_CURVE('1:99652',#3717,#3714,#3718,.T.);
#3118=EDGE_CURVE('1:99739',#3717,#3719,#3720,.T.);
#3119=EDGE_CURVE('1:99742',#3715,#3719,#3721,.T.);
#3120=EDGE_CURVE('',#3722,#3723,#3724,.T.);
#3121=EDGE_CURVE('1:99730',#3722,#3725,#3726,.T.);
#3122=EDGE_CURVE('1:99721',#3727,#3725,#3728,.T.);
#3123=EDGE_CURVE('1:99667',#3723,#3727,#3729,.T.);
#3124=EDGE_CURVE('',#3373,#3730,#3731,.T.);
#3125=EDGE_CURVE('1:99700',#3377,#3732,#3733,.T.);
#3126=EDGE_CURVE('1:99454',#3732,#3730,#3734,.T.);
#3127=EDGE_CURVE('1:99682',#3483,#3735,#3736,.T.);
#3128=EDGE_CURVE('1:99691',#3483,#3737,#3738,.T.);
#3129=EDGE_CURVE('1:99688',#3737,#3735,#3739,.T.);
#3130=EDGE_CURVE('',#3495,#3740,#3741,.T.);
#3131=EDGE_CURVE('1:99448',#3735,#3740,#3742,.T.);
#3132=EDGE_CURVE('',#3723,#3743,#3744,.T.);
#3133=EDGE_CURVE('1:99664',#3727,#3745,#3746,.T.);
#3134=EDGE_CURVE('1:99442',#3745,#3743,#3747,.T.);
#3135=EDGE_CURVE('',#3714,#3748,#3749,.T.);
#3136=EDGE_CURVE('1:99652',#3714,#3750,#3751,.T.);
#3137=EDGE_CURVE('1:99655',#3750,#3752,#3753,.T.);
#3138=EDGE_CURVE('1:99436',#3752,#3748,#3754,.T.);
#3139=EDGE_CURVE('',#3755,#3756,#3757,.T.);
#3140=EDGE_CURVE('1:99646',#3755,#3758,#3759,.T.);
#3141=EDGE_CURVE('1:99637',#3760,#3758,#3761,.T.);
#3142=EDGE_CURVE('1:99553',#3756,#3760,#3762,.T.);
#3143=EDGE_CURVE('',#3763,#3764,#3765,.T.);
#3144=EDGE_CURVE('1:99622',#3766,#3763,#3767,.T.);
#3145=EDGE_CURVE('1:99625',#3768,#3766,#3769,.F.);
#3146=EDGE_CURVE('1:99610',#3770,#3768,#3771,.T.);
#3147=EDGE_CURVE('1:99607',#3772,#3770,#3773,.T.);
#3148=EDGE_CURVE('1:99583',#3774,#3772,#3775,.T.);
#3149=EDGE_CURVE('1:99616',#3776,#3774,#3777,.T.);
#3150=EDGE_CURVE('1:99622',#3778,#3776,#3779,.T.);
#3151=EDGE_CURVE('',#3780,#3778,#3781,.T.);
#3152=EDGE_CURVE('1:99628',#3780,#3764,#3782,.F.);
#3153=EDGE_CURVE('',#3772,#3768,#3783,.T.);
#3154=EDGE_CURVE('',#3784,#3698,#3785,.T.);
#3155=EDGE_CURVE('1:99541',#3784,#3786,#3787,.T.);
#3156=EDGE_CURVE('1:99574',#3786,#3701,#3788,.T.);
#3157=EDGE_CURVE('1:99568',#3774,#3789,#3790,.T.);
#3158=EDGE_CURVE('1:99556',#3791,#3789,#3792,.T.);
#3159=EDGE_CURVE('1:99571',#3791,#3774,#3793,.T.);
#3160=EDGE_CURVE('',#3794,#3795,#3796,.T.);
#3161=EDGE_CURVE('1:99430',#3797,#3794,#3798,.T.);
#3162=EDGE_CURVE('',#3799,#3797,#3800,.T.);
#3163=EDGE_CURVE('1:99433',#3801,#3799,#3802,.F.);
#3164=EDGE_CURVE('1:99433',#3795,#3801,#3803,.F.);
#3165=EDGE_CURVE('',#3797,#3804,#3805,.T.);
#3166=EDGE_CURVE('',#3806,#3794,#3807,.T.);
#3167=EDGE_CURVE('1:99427',#3806,#3804,#3808,.T.);
#3168=EDGE_CURVE('',#3809,#3810,#3811,.T.);
#3169=EDGE_CURVE('1:99421',#3812,#3809,#3813,.T.);
#3170=EDGE_CURVE('',#3814,#3812,#3815,.T.);
#3171=EDGE_CURVE('1:99424',#3810,#3814,#3816,.F.);
#3172=EDGE_CURVE('',#3812,#3817,#3818,.T.);
#3173=EDGE_CURVE('',#3819,#3809,#3820,.T.);
#3174=EDGE_CURVE('1:99418',#3819,#3821,#3822,.T.);
#3175=EDGE_CURVE('1:99418',#3821,#3817,#3823,.T.);
#3176=EDGE_CURVE('',#3824,#3363,#3825,.T.);
#3177=EDGE_CURVE('1:99415',#3824,#3826,#3827,.T.);
#3178=EDGE_CURVE('',#3828,#3826,#3829,.T.);
#3179=EDGE_CURVE('1:99412',#3365,#3828,#3830,.T.);
#3180=EDGE_CURVE('1:99409',#3361,#3367,#3831,.T.);
#3181=EDGE_CURVE('1:99412',#3828,#3360,#3832,.T.);
#3182=EDGE_CURVE('1:99415',#3826,#3833,#3834,.T.);
#3183=EDGE_CURVE('1:99415',#3833,#3824,#3835,.T.);
#3184=EDGE_CURVE('1:99418',#3817,#3819,#3836,.T.);
#3185=EDGE_CURVE('1:99421',#3809,#3812,#3837,.T.);
#3186=EDGE_CURVE('1:99424',#3838,#3810,#3839,.F.);
#3187=EDGE_CURVE('1:99424',#3814,#3838,#3840,.F.);
#3188=EDGE_CURVE('1:99427',#3804,#3841,#3842,.T.);
#3189=EDGE_CURVE('1:99427',#3841,#3806,#3843,.T.);
#3190=EDGE_CURVE('1:99430',#3794,#3797,#3844,.T.);
#3191=EDGE_CURVE('1:99433',#3799,#3795,#3845,.F.);
#3192=EDGE_CURVE('1:99439',#3846,#3752,#3847,.T.);
#3193=EDGE_CURVE('1:99442',#3743,#3846,#3848,.T.);
#3194=EDGE_CURVE('1:99445',#3849,#3745,#3850,.T.);
#3195=EDGE_CURVE('1:99448',#3740,#3849,#3851,.T.);
#3196=EDGE_CURVE('1:99451',#3852,#3735,#3853,.T.);
#3197=EDGE_CURVE('1:99454',#3730,#3852,#3854,.T.);
#3198=EDGE_CURVE('1:99457',#3855,#3732,#3856,.T.);
#3199=EDGE_CURVE('1:99436',#3748,#3855,#3857,.T.);
#3200=EDGE_CURVE('1:99460',#3573,#3577,#3858,.T.);
#3201=EDGE_CURVE('1:99463',#3557,#3561,#3859,.T.);
#3202=EDGE_CURVE('1:99466',#3541,#3545,#3860,.T.);
#3203=EDGE_CURVE('1:99469',#3527,#3529,#3861,.T.);
#3204=EDGE_CURVE('1:99472',#3514,#3516,#3862,.T.);
#3205=EDGE_CURVE('1:99475',#3863,#3864,#3865,.T.);
#3206=EDGE_CURVE('1:99475',#3864,#3863,#3866,.T.);
#3207=EDGE_CURVE('1:99478',#3867,#3868,#3869,.T.);
#3208=EDGE_CURVE('1:99481',#3475,#3867,#3870,.T.);
#3209=EDGE_CURVE('1:99487',#3871,#3473,#3872,.T.);
#3210=EDGE_CURVE('1:99490',#3480,#3871,#3873,.T.);
#3211=EDGE_CURVE('1:99496',#3874,#3436,#3875,.T.);
#3212=EDGE_CURVE('1:99499',#3453,#3874,#3876,.T.);
#3213=EDGE_CURVE('1:99505',#3877,#3451,#3878,.T.);
#3214=EDGE_CURVE('1:99508',#3879,#3877,#3880,.T.);
#3215=EDGE_CURVE('1:99511',#3868,#3879,#3881,.T.);
#3216=EDGE_CURVE('1:99514',#3533,#3537,#3882,.T.);
#3217=EDGE_CURVE('1:99517',#3549,#3553,#3883,.T.);
#3218=EDGE_CURVE('1:99520',#3565,#3569,#3884,.T.);
#3219=EDGE_CURVE('1:99523',#3885,#3886,#3887,.T.);
#3220=EDGE_CURVE('1:99526',#3789,#3885,#3888,.T.);
#3221=EDGE_CURVE('1:99529',#3889,#3789,#3890,.T.);
#3222=EDGE_CURVE('1:99532',#3891,#3889,#3892,.T.);
#3223=EDGE_CURVE('1:99535',#3893,#3891,#3894,.T.);
#3224=EDGE_CURVE('1:99538',#3786,#3893,#3895,.T.);
#3225=EDGE_CURVE('1:99541',#3896,#3784,#3897,.T.);
#3226=EDGE_CURVE('1:99544',#3886,#3896,#3898,.T.);
#3227=EDGE_CURVE('1:99547',#3760,#3885,#3899,.T.);
#3228=EDGE_CURVE('1:99550',#3886,#3900,#3901,.T.);
#3229=EDGE_CURVE('1:99553',#3900,#3756,#3902,.T.);
#3230=EDGE_CURVE('1:99559',#3760,#3791,#3903,.T.);
#3231=EDGE_CURVE('1:99562',#3896,#3904,#3905,.T.);
#3232=EDGE_CURVE('1:99565',#3904,#3900,#3906,.T.);
#3233=EDGE_CURVE('1:99577',#3698,#3904,#3907,.T.);
#3234=EDGE_CURVE('1:99580',#3772,#3889,#3908,.T.);
#3235=EDGE_CURVE('1:99586',#3893,#3711,#3909,.T.);
#3236=EDGE_CURVE('1:99589',#3711,#3701,#3910,.T.);
#3237=EDGE_CURVE('1:99595',#3772,#3911,#3912,.T.);
#3238=EDGE_CURVE('1:99592',#3911,#3889,#3913,.T.);
#3239=EDGE_CURVE('1:99598',#3891,#3914,#3915,.T.);
#3240=EDGE_CURVE('1:99601',#3914,#3707,#3916,.T.);
#3241=EDGE_CURVE('1:99604',#3911,#3914,#3917,.T.);
#3242=EDGE_CURVE('1:99613',#3768,#3911,#3918,.F.);
#3243=EDGE_CURVE('1:99628',#3764,#3919,#3920,.F.);
#3244=EDGE_CURVE('1:99628',#3919,#3780,#3921,.F.);
#3245=EDGE_CURVE('1:99622',#3763,#3778,#3922,.T.);
#3246=EDGE_CURVE('1:99631',#3791,#3923,#3924,.F.);
#3247=EDGE_CURVE('1:99634',#3923,#3776,#3925,.F.);
#3248=EDGE_CURVE('1:99640',#3923,#3758,#3926,.F.);
#3249=EDGE_CURVE('1:99643',#3900,#3927,#3928,.T.);
#3250=EDGE_CURVE('1:99646',#3927,#3755,#3929,.T.);
#3251=EDGE_CURVE('1:99649',#3855,#3717,#3930,.T.);
#3252=EDGE_CURVE('1:99658',#3931,#3846,#3932,.T.);
#3253=EDGE_CURVE('1:99661',#3750,#3931,#3933,.T.);
#3254=EDGE_CURVE('1:99667',#3931,#3723,#3934,.T.);
#3255=EDGE_CURVE('1:99670',#3935,#3849,#3936,.T.);
#3256=EDGE_CURVE('1:99673',#3727,#3935,#3937,.T.);
#3257=EDGE_CURVE('1:99676',#3497,#3849,#3938,.T.);
#3258=EDGE_CURVE('1:99679',#3935,#3497,#3939,.T.);
#3259=EDGE_CURVE('1:99694',#3940,#3852,#3941,.T.);
#3260=EDGE_CURVE('1:99697',#3737,#3940,#3942,.T.);
#3261=EDGE_CURVE('1:99703',#3940,#3373,#3943,.T.);
#3262=EDGE_CURVE('1:99706',#3377,#3717,#3944,.T.);
#3263=EDGE_CURVE('1:99709',#3935,#3945,#3946,.F.);
#3264=EDGE_CURVE('1:99712',#3945,#3499,#3947,.F.);
#3265=EDGE_CURVE('1:99724',#3945,#3725,#3948,.F.);
#3266=EDGE_CURVE('1:99727',#3931,#3949,#3950,.T.);
#3267=EDGE_CURVE('1:99730',#3949,#3722,#3951,.T.);
#3268=EDGE_CURVE('1:99733',#3952,#3750,#3953,.T.);
#3269=EDGE_CURVE('1:99736',#3949,#3952,#3954,.F.);
#3270=EDGE_CURVE('1:99742',#3952,#3715,#3955,.T.);
#3271=EDGE_CURVE('1:99745',#3914,#3956,#3957,.T.);
#3272=EDGE_CURVE('1:99748',#3956,#3706,#3958,.T.);
#3273=EDGE_CURVE('1:99754',#3654,#3656,#3959,.T.);
#3274=EDGE_CURVE('1:99757',#3960,#3927,#3961,.T.);
#3275=EDGE_CURVE('1:99760',#3960,#3699,#3962,.T.);
#3276=EDGE_CURVE('1:99763',#3709,#3703,#3963,.T.);
#3277=EDGE_CURVE('1:99766',#3766,#3956,#3964,.F.);
#3278=EDGE_CURVE('1:99769',#3667,#3669,#3965,.T.);
#3279=EDGE_CURVE('1:99775',#3960,#3904,#3966,.T.);
#3280=EDGE_CURVE('1:99781',#3693,#3695,#3967,.T.);
#3281=EDGE_CURVE('1:99778',#3685,#3688,#3968,.T.);
#3282=EDGE_CURVE('1:99784',#3680,#3682,#3969,.T.);
#3283=EDGE_CURVE('1:99787',#3719,#3375,#3970,.T.);
#3284=EDGE_CURVE('1:99790',#3971,#3372,#3972,.F.);
#3285=EDGE_CURVE('1:99793',#3492,#3971,#3973,.F.);
#3286=EDGE_CURVE('1:99796',#3489,#3501,#3974,.T.);
#3287=EDGE_CURVE('1:99799',#3686,#3690,#3975,.T.);
#3288=EDGE_CURVE('1:99802',#3672,#3675,#3976,.T.);
#3289=EDGE_CURVE('1:99805',#3673,#3677,#3977,.T.);
#3290=EDGE_CURVE('1:99808',#3659,#3662,#3978,.T.);
#3291=EDGE_CURVE('1:99811',#3660,#3979,#3980,.T.);
#3292=EDGE_CURVE('1:99811',#3979,#3664,#3981,.T.);
#3293=EDGE_CURVE('1:99814',#3646,#3649,#3982,.T.);
#3294=EDGE_CURVE('1:99817',#3647,#3983,#3984,.T.);
#3295=EDGE_CURVE('1:99817',#3983,#3651,#3985,.T.);
#3296=EDGE_CURVE('1:99820',#3640,#3643,#3986,.T.);
#3297=EDGE_CURVE('1:99823',#3619,#3621,#3987,.T.);
#3298=EDGE_CURVE('1:99826',#3597,#3599,#3988,.T.);
#3299=EDGE_CURVE('1:99829',#3585,#3588,#3989,.T.);
#3300=EDGE_CURVE('1:99832',#3490,#3503,#3990,.T.);
#3301=EDGE_CURVE('1:99835',#3407,#3385,#3991,.F.);
#3302=EDGE_CURVE('1:99838',#3992,#3404,#3993,.F.);
#3303=EDGE_CURVE('1:99841',#3994,#3992,#3995,.F.);
#3304=EDGE_CURVE('1:99844',#3397,#3994,#3996,.F.);
#3305=EDGE_CURVE('1:99847',#3997,#3401,#3998,.F.);
#3306=EDGE_CURVE('1:99850',#3429,#3997,#3999,.F.);
#3307=EDGE_CURVE('1:99853',#4000,#3433,#4001,.F.);
#3308=EDGE_CURVE('1:99856',#4002,#4000,#4003,.F.);
#3309=EDGE_CURVE('1:99859',#3421,#4002,#4004,.F.);
#3310=EDGE_CURVE('1:99862',#3415,#3425,#4005,.F.);
#3311=EDGE_CURVE('1:99865',#4006,#3412,#4007,.F.);
#3312=EDGE_CURVE('1:99868',#4008,#4006,#4009,.F.);
#3313=EDGE_CURVE('1:99871',#3381,#4008,#4010,.F.);
#3314=EDGE_CURVE('1:99874',#3607,#3610,#4011,.T.);
#3315=EDGE_CURVE('1:99877',#3629,#3632,#4012,.T.);
#3316=EDGE_CURVE('1:99883',#3543,#3540,#4013,.T.);
#3317=EDGE_CURVE('1:99889',#3567,#3564,#4014,.T.);
#3318=EDGE_CURVE('1:99892',#3613,#3615,#4015,.T.);
#3319=EDGE_CURVE('1:99901',#3535,#3532,#4016,.T.);
#3320=EDGE_CURVE('1:99904',#3591,#3593,#4017,.T.);
#3321=EDGE_CURVE('1:99913',#3551,#3548,#4018,.T.);
#3322=EDGE_CURVE('1:99916',#3519,#3522,#4019,.T.);
#3323=EDGE_CURVE('1:99919',#3520,#3524,#4020,.T.);
#3324=EDGE_CURVE('1:99922',#3506,#3509,#4021,.T.);
#3325=EDGE_CURVE('1:99925',#3507,#3511,#4022,.T.);
#3326=EDGE_CURVE('1:99928',#3391,#3388,#4023,.T.);
#3327=EDGE_CURVE('1:99943',#3484,#3737,#4024,.F.);
#3328=EDGE_CURVE('1:99949',#3478,#4025,#4026,.T.);
#3329=EDGE_CURVE('1:99952',#4025,#3431,#4027,.T.);
#3330=EDGE_CURVE('1:99955',#3871,#4028,#4029,.T.);
#3331=EDGE_CURVE('1:99958',#4028,#4025,#4030,.T.);
#3332=EDGE_CURVE('1:99961',#3470,#3423,#4031,.T.);
#3333=EDGE_CURVE('1:99964',#3420,#4028,#4032,.T.);
#3334=EDGE_CURVE('1:99967',#3471,#3417,#4033,.T.);
#3335=EDGE_CURVE('1:99970',#3417,#3423,#4034,.T.);
#3336=EDGE_CURVE('1:99979',#3463,#3867,#4035,.T.);
#3337=EDGE_CURVE('1:99973',#3868,#3462,#4036,.T.);
#3338=EDGE_CURVE('1:99982',#3879,#3457,#4037,.T.);
#3339=EDGE_CURVE('1:99985',#3380,#3465,#4038,.T.);
#3340=EDGE_CURVE('1:99988',#3877,#3456,#4039,.T.);
#3341=EDGE_CURVE('1:99994',#3448,#4040,#4041,.T.);
#3342=EDGE_CURVE('1:99997',#4040,#3405,#4042,.T.);
#3343=EDGE_CURVE('1:100000',#3449,#4043,#4044,.T.);
#3344=EDGE_CURVE('1:100003',#4043,#4040,#4045,.T.);
#3345=EDGE_CURVE('1:100006',#3874,#3442,#4046,.T.);
#3346=EDGE_CURVE('1:100009',#3396,#4043,#4047,.T.);
#3347=EDGE_CURVE('1:100012',#3436,#3441,#4048,.T.);
#3348=EDGE_CURVE('1:100018',#3467,#3413,#4049,.T.);
#3349=EDGE_CURVE('1:100021',#3428,#3444,#4050,.T.);
#3350=EDGE_CURVE('1:100027',#3444,#3997,#4051,.T.);
#3351=EDGE_CURVE('1:100030',#4000,#4025,#4052,.T.);
#3352=EDGE_CURVE('1:100033',#4028,#4002,#4053,.T.);
#3353=EDGE_CURVE('1:100042',#3467,#4006,#4054,.T.);
#3354=EDGE_CURVE('1:100045',#3465,#4008,#4055,.T.);
#3355=EDGE_CURVE('1:100048',#4040,#3992,#4056,.T.);
#3356=EDGE_CURVE('1:100060',#3994,#4043,#4057,.T.);
#3357=EDGE_CURVE('',#3863,#3393,#4058,.T.);
#3358=EDGE_CURVE('1:100063',#3393,#3389,#4059,.T.);
#3359=EDGE_CURVE('1:100066',#3940,#3971,#4060,.T.);
#3360=VERTEX_POINT('',#4061);
#3361=VERTEX_POINT('',#4062);
#3362=B_SPLINE_CURVE_WITH_KNOTS('',1,(#4063,#4064),.UNSPECIFIED.,.F.,.F.,(2,2),(-1.0,-0.0),.UNSPECIFIED.);
#3363=VERTEX_POINT('',#4065);
#3364=B_SPLINE_CURVE_WITH_KNOTS('',3,(#4066,#4067,#4068,#4069,#4070,#4071),.UNSPECIFIED.,.F.,.F.,(4,2,4),(-3.14159265358979,-2.93420317781077,-1.57079632679486),.UNSPECIFIED.);
#3365=VERTEX_POINT('',#4072);
#3366=B_SPLINE_CURVE_WITH_KNOTS('',3,(#4073,#4074,#4075,#4076,#4077,#4078),.UNSPECIFIED.,.F.,.F.,(4,2,4),(-1.57079632679486,-1.28061306171488,1.69775512004059E-15),.UNSPECIFIED.);
#3367=VERTEX_POINT('',#4079);
#3368=B_SPLINE_CURVE_WITH_KNOTS('',1,(#4080,#4081),.UNSPECIFIED.,.F.,.F.,(2,2),(-1.0,-0.0),.UNSPECIFIED.);
#3369=VERTEX_POINT('',#4082);
#3370=B_SPLINE_CURVE_WITH_KNOTS('',3,(#4083,#4084,#4085,#4086,#4087,#4088,#4089,#4090,#4091,#4092,#4093,#4094),.UNSPECIFIED.,.F.,.F.,(4,2,2,2,2,4),(6.28318530717958,6.58318530717593,6.99881807818145,7.46639518772542,7.93406066722077,8.00608257566059),.UNSPECIFIED.);
#3371=B_SPLINE_CURVE_WITH_KNOTS('',3,(#4095,#4096,#4097,#4098,#4099,#4100,#4101,#4102,#4103,#4104),.UNSPECIFIED.,.F.,.F.,(4,2,2,2,4),(1.722897268481,2.1185409987602,2.58620663776168,3.05387227676663,3.14159265358979),.UNSPECIFIED.);
#3372=VERTEX_POINT('',#4105);
#3373=VERTEX_POINT('',#4106);
#3374=LINE('',#4107,#4108);
#3375=VERTEX_POINT('',#4109);
#3376=CIRCLE('',#4110,0.0075);
#3377=VERTEX_POINT('',#4111);
#3378=LINE('',#4112,#4113);
#3379=CIRCLE('',#4114,0.0075);
#3380=VERTEX_POINT('',#4115);
#3381=VERTEX_POINT('',#4116);
#3382=LINE('',#4117,#4118);
#3383=VERTEX_POINT('',#4119);
#3384=CIRCLE('',#4120,0.01);
#3385=VERTEX_POINT('',#4121);
#3386=LINE('',#4122,#4123);
#3387=CIRCLE('',#4124,0.01);
#3388=VERTEX_POINT('',#4125);
#3389=VERTEX_POINT('',#4126);
#3390=LINE('',#4127,#4128);
#3391=VERTEX_POINT('',#4129);
#3392=CIRCLE('',#4130,0.00150000000007862);
#3393=VERTEX_POINT('',#4131);
#3394=LINE('',#4132,#4133);
#3395=B_SPLINE_CURVE_WITH_KNOTS('',3,(#4134,#4135,#4136,#4137,#4138,#4139,#4140,#4141,#4142,#4143,#4144,#4145,#4146,#4147,#4148,#4149,#4150,#4151,#4152,#4153,#4154,#4155,#4156,#4157,#4158,#4159,#4160,#4161,#4162,#4163,#4164,#4165,#4166,#4167),.UNSPECIFIED.,.F.,.F.,(4,2,2,2,2,2,2,2,2,2,2,2,2,2,2,2,4),(-0.00936574237295342,-0.00891924912436105,-0.00812621081218487,-0.00754576718274171,-0.00696532355329854,-0.00638487992384022,-0.00580443629438191,-0.0052239926649192,-0.0046435490354565,-0.00406310540600273,-0.00348266177654895,-0.00290221814711225,-0.00232177451767555,-0.00174133088825425,-0.00116088725883295,-0.000580443629416475,0.0),.UNSPECIFIED.);
#3396=VERTEX_POINT('',#4168);
#3397=VERTEX_POINT('',#4169);
#3398=LINE('',#4170,#4171);
#3399=VERTEX_POINT('',#4172);
#3400=CIRCLE('',#4173,0.002);
#3401=VERTEX_POINT('',#4174);
#3402=LINE('',#4175,#4176);
#3403=CIRCLE('',#4177,0.002);
#3404=VERTEX_POINT('',#4178);
#3405=VERTEX_POINT('',#4179);
#3406=LINE('',#4180,#4181);
#3407=VERTEX_POINT('',#4182);
#3408=CIRCLE('',#4183,0.005);
#3409=VERTEX_POINT('',#4184);
#3410=LINE('',#4185,#4186);
#3411=CIRCLE('',#4187,0.005);
#3412=VERTEX_POINT('',#4188);
#3413=VERTEX_POINT('',#4189);
#3414=LINE('',#4190,#4191);
#3415=VERTEX_POINT('',#4192);
#3416=CIRCLE('',#4193,0.01);
#3417=VERTEX_POINT('',#4194);
#3418=LINE('',#4195,#4196);
#3419=CIRCLE('',#4197,0.01);
#3420=VERTEX_POINT('',#4198);
#3421=VERTEX_POINT('',#4199);
#3422=LINE('',#4200,#4201);
#3423=VERTEX_POINT('',#4202);
#3424=CIRCLE('',#4203,0.005);
#3425=VERTEX_POINT('',#4204);
#3426=LINE('',#4205,#4206);
#3427=CIRCLE('',#4207,0.005);
#3428=VERTEX_POINT('',#4208);
#3429=VERTEX_POINT('',#4209);
#3430=LINE('',#4210,#4211);
#3431=VERTEX_POINT('',#4212);
#3432=CIRCLE('',#4213,0.001);
#3433=VERTEX_POINT('',#4214);
#3434=LINE('',#4215,#4216);
#3435=CIRCLE('',#4217,0.001);
#3436=VERTEX_POINT('',#4218);
#3437=CIRCLE('',#4219,0.001);
#3438=VERTEX_POINT('',#4220);
#3439=CIRCLE('',#4221,0.000999999999999999);
#3440=CIRCLE('',#4222,0.000999999999999999);
#3441=VERTEX_POINT('',#4223);
#3442=VERTEX_POINT('',#4224);
#3443=LINE('',#4225,#4226);
#3444=VERTEX_POINT('',#4227);
#3445=CIRCLE('',#4228,0.001);
#3446=LINE('',#4229,#4230);
#3447=CIRCLE('',#4231,0.000999999999999998);
#3448=VERTEX_POINT('',#4232);
#3449=VERTEX_POINT('',#4233);
#3450=LINE('',#4234,#4235);
#3451=VERTEX_POINT('',#4236);
#3452=CIRCLE('',#4237,0.000999999999999998);
#3453=VERTEX_POINT('',#4238);
#3454=LINE('',#4239,#4240);
#3455=CIRCLE('',#4241,0.001);
#3456=VERTEX_POINT('',#4242);
#3457=VERTEX_POINT('',#4243);
#3458=LINE('',#4244,#4245);
#3459=CIRCLE('',#4246,0.000999999999999999);
#3460=LINE('',#4247,#4248);
#3461=CIRCLE('',#4249,0.00100000000000002);
#3462=VERTEX_POINT('',#4250);
#3463=VERTEX_POINT('',#4251);
#3464=LINE('',#4252,#4253);
#3465=VERTEX_POINT('',#4254);
#3466=CIRCLE('',#4255,0.00100000000000001);
#3467=VERTEX_POINT('',#4256);
#3468=LINE('',#4257,#4258);
#3469=CIRCLE('',#4259,0.000999999999999991);
#3470=VERTEX_POINT('',#4260);
#3471=VERTEX_POINT('',#4261);
#3472=LINE('',#4262,#4263);
#3473=VERTEX_POINT('',#4264);
#3474=CIRCLE('',#4265,0.000999999999999999);
#3475=VERTEX_POINT('',#4266);
#3476=LINE('',#4267,#4268);
#3477=CIRCLE('',#4269,0.000999999999999999);
#3478=VERTEX_POINT('',#4270);
#3479=LINE('',#4271,#4272);
#3480=VERTEX_POINT('',#4273);
#3481=LINE('',#4274,#4275);
#3482=CIRCLE('',#4276,0.000999999999999999);
#3483=VERTEX_POINT('',#4277);
#3484=VERTEX_POINT('',#4278);
#3485=LINE('',#4279,#4280);
#3486=VERTEX_POINT('',#4281);
#3487=LINE('',#4282,#4283);
#3488=B_SPLINE_CURVE_WITH_KNOTS('',3,(#4284,#4285,#4286,#4287,#4288,#4289,#4290,#4291,#4292,#4293,#4294,#4295,#4296),.UNSPECIFIED.,.F.,.F.,(4,2,2,2,3,4),(-6.05282893411154E-06,0.0,0.000567080112506223,0.000936142883932367,0.00123300095308241,0.00153886758735659),.UNSPECIFIED.);
#3489=VERTEX_POINT('',#4297);
#3490=VERTEX_POINT('',#4298);
#3491=LINE('',#4299,#4300);
#3492=VERTEX_POINT('',#4301);
#3493=CIRCLE('',#4302,0.0155);
#3494=LINE('',#4303,#4304);
#3495=VERTEX_POINT('',#4305);
#3496=CIRCLE('',#4306,0.0155);
#3497=VERTEX_POINT('',#4307);
#3498=CIRCLE('',#4308,0.0155);
#3499=VERTEX_POINT('',#4309);
#3500=LINE('',#4310,#4311);
#3501=VERTEX_POINT('',#4312);
#3502=CIRCLE('',#4313,0.0155);
#3503=VERTEX_POINT('',#4314);
#3504=LINE('',#4315,#4316);
#3505=CIRCLE('',#4317,0.0155);
#3506=VERTEX_POINT('',#4318);
#3507=VERTEX_POINT('',#4319);
#3508=LINE('',#4320,#4321);
#3509=VERTEX_POINT('',#4322);
#3510=CIRCLE('',#4323,0.0018);
#3511=VERTEX_POINT('',#4324);
#3512=LINE('',#4325,#4326);
#3513=CIRCLE('',#4327,0.0018);
#3514=VERTEX_POINT('',#4328);
#3515=LINE('',#4329,#4330);
#3516=VERTEX_POINT('',#4331);
#3517=LINE('',#4332,#4333);
#3518=CIRCLE('',#4334,0.0033);
#3519=VERTEX_POINT('',#4335);
#3520=VERTEX_POINT('',#4336);
#3521=LINE('',#4337,#4338);
#3522=VERTEX_POINT('',#4339);
#3523=CIRCLE('',#4340,0.0018);
#3524=VERTEX_POINT('',#4341);
#3525=LINE('',#4342,#4343);
#3526=CIRCLE('',#4344,0.0018);
#3527=VERTEX_POINT('',#4345);
#3528=LINE('',#4346,#4347);
#3529=VERTEX_POINT('',#4348);
#3530=LINE('',#4349,#4350);
#3531=CIRCLE('',#4351,0.0033);
#3532=VERTEX_POINT('',#4352);
#3533=VERTEX_POINT('',#4353);
#3534=LINE('',#4354,#4355);
#3535=VERTEX_POINT('',#4356);
#3536=CIRCLE('',#4357,0.00225);
#3537=VERTEX_POINT('',#4358);
#3538=LINE('',#4359,#4360);
#3539=CIRCLE('',#4361,0.00375);
#3540=VERTEX_POINT('',#4362);
#3541=VERTEX_POINT('',#4363);
#3542=LINE('',#4364,#4365);
#3543=VERTEX_POINT('',#4366);
#3544=CIRCLE('',#4367,0.00225);
#3545=VERTEX_POINT('',#4368);
#3546=LINE('',#4369,#4370);
#3547=CIRCLE('',#4371,0.00375);
#3548=VERTEX_POINT('',#4372);
#3549=VERTEX_POINT('',#4373);
#3550=LINE('',#4374,#4375);
#3551=VERTEX_POINT('',#4376);
#3552=CIRCLE('',#4377,0.00225);
#3553=VERTEX_POINT('',#4378);
#3554=LINE('',#4379,#4380);
#3555=CIRCLE('',#4381,0.00375000000000001);
#3556=VERTEX_POINT('',#4382);
#3557=VERTEX_POINT('',#4383);
#3558=LINE('',#4384,#4385);
#3559=VERTEX_POINT('',#4386);
#3560=CIRCLE('',#4387,0.00225);
#3561=VERTEX_POINT('',#4388);
#3562=LINE('',#4389,#4390);
#3563=CIRCLE('',#4391,0.00375);
#3564=VERTEX_POINT('',#4392);
#3565=VERTEX_POINT('',#4393);
#3566=LINE('',#4394,#4395);
#3567=VERTEX_POINT('',#4396);
#3568=CIRCLE('',#4397,0.00225);
#3569=VERTEX_POINT('',#4398);
#3570=LINE('',#4399,#4400);
#3571=CIRCLE('',#4401,0.00375000000000001);
#3572=VERTEX_POINT('',#4402);
#3573=VERTEX_POINT('',#4403);
#3574=LINE('',#4404,#4405);
#3575=VERTEX_POINT('',#4406);
#3576=CIRCLE('',#4407,0.00224999999999999);
#3577=VERTEX_POINT('',#4408);
#3578=LINE('',#4409,#4410);
#3579=CIRCLE('',#4411,0.00374999999999999);
#3580=VERTEX_POINT('',#4412);
#3581=LINE('',#4413,#4414);
#3582=VERTEX_POINT('',#4415);
#3583=LINE('',#4416,#4417);
#3584=CIRCLE('',#4418,0.00225);
#3585=VERTEX_POINT('',#4419);
#3586=LINE('',#4420,#4421);
#3587=CIRCLE('',#4422,0.00225);
#3588=VERTEX_POINT('',#4423);
#3589=LINE('',#4424,#4425);
#3590=CIRCLE('',#4426,0.00455);
#3591=VERTEX_POINT('',#4427);
#3592=LINE('',#4428,#4429);
#3593=VERTEX_POINT('',#4430);
#3594=CIRCLE('',#4431,0.00224999999999999);
#3595=LINE('',#4432,#4433);
#3596=CIRCLE('',#4434,0.00224999999999999);
#3597=VERTEX_POINT('',#4435);
#3598=LINE('',#4436,#4437);
#3599=VERTEX_POINT('',#4438);
#3600=LINE('',#4439,#4440);
#3601=CIRCLE('',#4441,0.00454999999999999);
#3602=VERTEX_POINT('',#4442);
#3603=LINE('',#4443,#4444);
#3604=VERTEX_POINT('',#4445);
#3605=LINE('',#4446,#4447);
#3606=CIRCLE('',#4448,0.00225);
#3607=VERTEX_POINT('',#4449);
#3608=LINE('',#4450,#4451);
#3609=CIRCLE('',#4452,0.00225);
#3610=VERTEX_POINT('',#4453);
#3611=LINE('',#4454,#4455);
#3612=CIRCLE('',#4456,0.00455);
#3613=VERTEX_POINT('',#4457);
#3614=LINE('',#4458,#4459);
#3615=VERTEX_POINT('',#4460);
#3616=CIRCLE('',#4461,0.00225);
#3617=LINE('',#4462,#4463);
#3618=CIRCLE('',#4464,0.00225);
#3619=VERTEX_POINT('',#4465);
#3620=LINE('',#4466,#4467);
#3621=VERTEX_POINT('',#4468);
#3622=LINE('',#4469,#4470);
#3623=CIRCLE('',#4471,0.00455);
#3624=VERTEX_POINT('',#4472);
#3625=LINE('',#4473,#4474);
#3626=VERTEX_POINT('',#4475);
#3627=LINE('',#4476,#4477);
#3628=CIRCLE('',#4478,0.00225);
#3629=VERTEX_POINT('',#4479);
#3630=LINE('',#4480,#4481);
#3631=CIRCLE('',#4482,0.00225);
#3632=VERTEX_POINT('',#4483);
#3633=LINE('',#4484,#4485);
#3634=CIRCLE('',#4486,0.00455);
#3635=VERTEX_POINT('',#4487);
#3636=LINE('',#4488,#4489);
#3637=VERTEX_POINT('',#4490);
#3638=LINE('',#4491,#4492);
#3639=CIRCLE('',#4493,0.00225);
#3640=VERTEX_POINT('',#4494);
#3641=LINE('',#4495,#4496);
#3642=CIRCLE('',#4497,0.00225);
#3643=VERTEX_POINT('',#4498);
#3644=LINE('',#4499,#4500);
#3645=CIRCLE('',#4501,0.00455);
#3646=VERTEX_POINT('',#4502);
#3647=VERTEX_POINT('',#4503);
#3648=LINE('',#4504,#4505);
#3649=VERTEX_POINT('',#4506);
#3650=CIRCLE('',#4507,0.00135);
#3651=VERTEX_POINT('',#4508);
#3652=LINE('',#4509,#4510);
#3653=CIRCLE('',#4511,0.00135000000014378);
#3654=VERTEX_POINT('',#4512);
#3655=LINE('',#4513,#4514);
#3656=VERTEX_POINT('',#4515);
#3657=LINE('',#4516,#4517);
#3658=CIRCLE('',#4518,0.00285000000000001);
#3659=VERTEX_POINT('',#4519);
#3660=VERTEX_POINT('',#4520);
#3661=LINE('',#4521,#4522);
#3662=VERTEX_POINT('',#4523);
#3663=CIRCLE('',#4524,0.00135);
#3664=VERTEX_POINT('',#4525);
#3665=LINE('',#4526,#4527);
#3666=CIRCLE('',#4528,0.00135000000014378);
#3667=VERTEX_POINT('',#4529);
#3668=LINE('',#4530,#4531);
#3669=VERTEX_POINT('',#4532);
#3670=LINE('',#4533,#4534);
#3671=CIRCLE('',#4535,0.00285000000000001);
#3672=VERTEX_POINT('',#4536);
#3673=VERTEX_POINT('',#4537);
#3674=LINE('',#4538,#4539);
#3675=VERTEX_POINT('',#4540);
#3676=CIRCLE('',#4541,0.00135);
#3677=VERTEX_POINT('',#4542);
#3678=LINE('',#4543,#4544);
#3679=CIRCLE('',#4545,0.00135);
#3680=VERTEX_POINT('',#4546);
#3681=LINE('',#4547,#4548);
#3682=VERTEX_POINT('',#4549);
#3683=LINE('',#4550,#4551);
#3684=CIRCLE('',#4552,0.00285000000000001);
#3685=VERTEX_POINT('',#4553);
#3686=VERTEX_POINT('',#4554);
#3687=LINE('',#4555,#4556);
#3688=VERTEX_POINT('',#4557);
#3689=CIRCLE('',#4558,0.00135);
#3690=VERTEX_POINT('',#4559);
#3691=LINE('',#4560,#4561);
#3692=CIRCLE('',#4562,0.00135);
#3693=VERTEX_POINT('',#4563);
#3694=LINE('',#4564,#4565);
#3695=VERTEX_POINT('',#4566);
#3696=LINE('',#4567,#4568);
#3697=CIRCLE('',#4569,0.00285000000000001);
#3698=VERTEX_POINT('',#4570);
#3699=VERTEX_POINT('',#4571);
#3700=LINE('',#4572,#4573);
#3701=VERTEX_POINT('',#4574);
#3702=CIRCLE('',#4575,0.0155);
#3703=VERTEX_POINT('',#4576);
#3704=LINE('',#4577,#4578);
#3705=CIRCLE('',#4579,0.0155);
#3706=VERTEX_POINT('',#4580);
#3707=VERTEX_POINT('',#4581);
#3708=LINE('',#4582,#4583);
#3709=VERTEX_POINT('',#4584);
#3710=CIRCLE('',#4585,0.0075);
#3711=VERTEX_POINT('',#4586);
#3712=LINE('',#4587,#4588);
#3713=CIRCLE('',#4589,0.0075);
#3714=VERTEX_POINT('',#4590);
#3715=VERTEX_POINT('',#4591);
#3716=LINE('',#4592,#4593);
#3717=VERTEX_POINT('',#4594);
#3718=CIRCLE('',#4595,0.0155);
#3719=VERTEX_POINT('',#4596);
#3720=LINE('',#4597,#4598);
#3721=CIRCLE('',#4599,0.0155);
#3722=VERTEX_POINT('',#4600);
#3723=VERTEX_POINT('',#4601);
#3724=LINE('',#4602,#4603);
#3725=VERTEX_POINT('',#4604);
#3726=CIRCLE('',#4605,0.00750000000000002);
#3727=VERTEX_POINT('',#4606);
#3728=LINE('',#4607,#4608);
#3729=CIRCLE('',#4609,0.00750000000000002);
#3730=VERTEX_POINT('',#4610);
#3731=LINE('',#4611,#4612);
#3732=VERTEX_POINT('',#4613);
#3733=LINE('',#4614,#4615);
#3734=CIRCLE('',#4616,0.00849999999999999);
#3735=VERTEX_POINT('',#4617);
#3736=LINE('',#4618,#4619);
#3737=VERTEX_POINT('',#4620);
#3738=CIRCLE('',#4621,0.000999999999999997);
#3739=LINE('',#4622,#4623);
#3740=VERTEX_POINT('',#4624);
#3741=LINE('',#4625,#4626);
#3742=CIRCLE('',#4627,0.0165);
#3743=VERTEX_POINT('',#4628);
#3744=LINE('',#4629,#4630);
#3745=VERTEX_POINT('',#4631);
#3746=LINE('',#4632,#4633);
#3747=CIRCLE('',#4634,0.00850000000000002);
#3748=VERTEX_POINT('',#4635);
#3749=LINE('',#4636,#4637);
#3750=VERTEX_POINT('',#4638);
#3751=CIRCLE('',#4639,0.0155);
#3752=VERTEX_POINT('',#4640);
#3753=LINE('',#4641,#4642);
#3754=CIRCLE('',#4643,0.0165);
#3755=VERTEX_POINT('',#4644);
#3756=VERTEX_POINT('',#4645);
#3757=LINE('',#4646,#4647);
#3758=VERTEX_POINT('',#4648);
#3759=CIRCLE('',#4649,0.00750000000000002);
#3760=VERTEX_POINT('',#4650);
#3761=LINE('',#4651,#4652);
#3762=CIRCLE('',#4653,0.00750000000000002);
#3763=VERTEX_POINT('',#4654);
#3764=VERTEX_POINT('',#4655);
#3765=LINE('',#4656,#4657);
#3766=VERTEX_POINT('',#4658);
#3767=CIRCLE('',#4659,0.0155);
#3768=VERTEX_POINT('',#4660);
#3769=LINE('',#4661,#4662);
#3770=VERTEX_POINT('',#4663);
#3771=B_SPLINE_CURVE_WITH_KNOTS('',3,(#4664,#4665,#4666,#4667,#4668,#4669),.UNSPECIFIED.,.F.,.F.,(4,2,4),(-6.05282893411154E-06,0.0,1.0E-05),.UNSPECIFIED.);
#3772=VERTEX_POINT('',#4670);
#3773=LINE('',#4671,#4672);
#3774=VERTEX_POINT('',#4673);
#3775=CIRCLE('',#4674,0.0155);
#3776=VERTEX_POINT('',#4675);
#3777=LINE('',#4676,#4677);
#3778=VERTEX_POINT('',#4678);
#3779=CIRCLE('',#4679,0.0155);
#3780=VERTEX_POINT('',#4680);
#3781=LINE('',#4681,#4682);
#3782=CIRCLE('',#4683,0.0155000000016508);
#3783=LINE('',#4684,#4685);
#3784=VERTEX_POINT('',#4686);
#3785=LINE('',#4687,#4688);
#3786=VERTEX_POINT('',#4689);
#3787=CIRCLE('',#4690,0.0165000000008786);
#3788=LINE('',#4691,#4692);
#3789=VERTEX_POINT('',#4693);
#3790=LINE('',#4694,#4695);
#3791=VERTEX_POINT('',#4696);
#3792=LINE('',#4697,#4698);
#3793=CIRCLE('',#4699,0.001);
#3794=VERTEX_POINT('',#4700);
#3795=VERTEX_POINT('',#4701);
#3796=LINE('',#4702,#4703);
#3797=VERTEX_POINT('',#4704);
#3798=CIRCLE('',#4705,0.00224999999999998);
#3799=VERTEX_POINT('',#4706);
#3800=LINE('',#4707,#4708);
#3801=VERTEX_POINT('',#4709);
#3802=CIRCLE('',#4710,0.00224999999999999);
#3803=CIRCLE('',#4711,0.00224999999999999);
#3804=VERTEX_POINT('',#4712);
#3805=LINE('',#4713,#4714);
#3806=VERTEX_POINT('',#4715);
#3807=LINE('',#4716,#4717);
#3808=CIRCLE('',#4718,0.00454999999999998);
#3809=VERTEX_POINT('',#4719);
#3810=VERTEX_POINT('',#4720);
#3811=LINE('',#4721,#4722);
#3812=VERTEX_POINT('',#4723);
#3813=CIRCLE('',#4724,0.00225000000000001);
#3814=VERTEX_POINT('',#4725);
#3815=LINE('',#4726,#4727);
#3816=CIRCLE('',#4728,0.00225);
#3817=VERTEX_POINT('',#4729);
#3818=LINE('',#4730,#4731);
#3819=VERTEX_POINT('',#4732);
#3820=LINE('',#4733,#4734);
#3821=VERTEX_POINT('',#4735);
#3822=CIRCLE('',#4736,0.00455);
#3823=CIRCLE('',#4737,0.00455);
#3824=VERTEX_POINT('',#4738);
#3825=LINE('',#4739,#4740);
#3826=VERTEX_POINT('',#4741);
#3827=CIRCLE('',#4742,0.00180000000000653);
#3828=VERTEX_POINT('',#4743);
#3829=LINE('',#4744,#4745);
#3830=B_SPLINE_CURVE_WITH_KNOTS('',3,(#4746,#4747,#4748,#4749,#4750,#4751),.UNSPECIFIED.,.F.,.F.,(4,2,4),(1.69775512004059E-15,0.364792653623661,1.57079632679493),.UNSPECIFIED.);
#3831=B_SPLINE_CURVE_WITH_KNOTS('',3,(#4752,#4753,#4754,#4755,#4756,#4757,#4758,#4759,#4760,#4761,#4762,#4763,#4764,#4765,#4766,#4767),.UNSPECIFIED.,.F.,.F.,(4,3,3,3,3,4),(3.14159265358979,3.44159265358613,3.92159265358028,4.68959265357091,5.91839265355593,6.28318530717958),.UNSPECIFIED.);
#3832=B_SPLINE_CURVE_WITH_KNOTS('',3,(#4768,#4769,#4770,#4771,#4772,#4773,#4774,#4775,#4776,#4777),.UNSPECIFIED.,.F.,.F.,(4,2,2,2,4),(1.57079632679493,1.59359265360867,2.36159265359931,2.84159265359345,3.14159265358979),.UNSPECIFIED.);
#3833=VERTEX_POINT('',#4778);
#3834=CIRCLE('',#4779,0.00180000000000653);
#3835=CIRCLE('',#4780,0.00180000000000653);
#3836=CIRCLE('',#4781,0.00455);
#3837=CIRCLE('',#4782,0.00225000000000001);
#3838=VERTEX_POINT('',#4783);
#3839=CIRCLE('',#4784,0.00225);
#3840=CIRCLE('',#4785,0.00225);
#3841=VERTEX_POINT('',#4786);
#3842=CIRCLE('',#4787,0.00454999999999998);
#3843=CIRCLE('',#4788,0.00454999999999998);
#3844=CIRCLE('',#4789,0.00224999999999998);
#3845=CIRCLE('',#4790,0.00224999999999999);
#3846=VERTEX_POINT('',#4791);
#3847=LINE('',#4792,#4793);
#3848=CIRCLE('',#4794,0.00850000000000002);
#3849=VERTEX_POINT('',#4795);
#3850=LINE('',#4796,#4797);
#3851=CIRCLE('',#4798,0.0165);
#3852=VERTEX_POINT('',#4799);
#3853=LINE('',#4800,#4801);
#3854=CIRCLE('',#4802,0.00849999999999999);
#3855=VERTEX_POINT('',#4803);
#3856=LINE('',#4804,#4805);
#3857=CIRCLE('',#4806,0.0165);
#3858=CIRCLE('',#4807,0.00374999999999999);
#3859=CIRCLE('',#4808,0.00375);
#3860=CIRCLE('',#4809,0.00375);
#3861=CIRCLE('',#4810,0.0033);
#3862=CIRCLE('',#4811,0.0033);
#3863=VERTEX_POINT('',#4812);
#3864=VERTEX_POINT('',#4813);
#3865=B_SPLINE_CURVE_WITH_KNOTS('',3,(#4814,#4815,#4816,#4817,#4818,#4819,#4820,#4821,#4822,#4823,#4824,#4825,#4826,#4827,#4828,#4829,#4830,#4831,#4832,#4833),.UNSPECIFIED.,.F.,.F.,(4,2,2,2,2,2,2,2,2,4),(-0.0,0.00116088725883295,0.00232177451767555,0.00348266177654895,0.0046435490354565,0.00580443629438191,0.00696532355329854,0.00812621081218487,0.00928709807103681,0.0093681721128951),.UNSPECIFIED.);
#3866=B_SPLINE_CURVE_WITH_KNOTS('',3,(#4834,#4835,#4836,#4837,#4838,#4839,#4840,#4841,#4842,#4843,#4844,#4845,#4846,#4847,#4848,#4849,#4850,#4851,#4852,#4853),.UNSPECIFIED.,.F.,.F.,(4,2,2,2,2,2,2,2,2,4),(0.0093681721128951,0.0104479853298701,0.0116088725887112,0.0127697598475822,0.0139306471064878,0.0150915343654128,0.0162524216243308,0.0174133088832196,0.0180748265545041,0.0187363442257902),.UNSPECIFIED.);
#3867=VERTEX_POINT('',#4854);
#3868=VERTEX_POINT('',#4855);
#3869=LINE('',#4856,#4857);
#3870=CIRCLE('',#4858,0.009);
#3871=VERTEX_POINT('',#4859);
#3872=CIRCLE('',#4860,0.004);
#3873=CIRCLE('',#4861,0.00599999999999999);
#3874=VERTEX_POINT('',#4862);
#3875=LINE('',#4863,#4864);
#3876=CIRCLE('',#4865,0.001);
#3877=VERTEX_POINT('',#4866);
#3878=CIRCLE('',#4867,0.004);
#3879=VERTEX_POINT('',#4868);
#3880=LINE('',#4869,#4870);
#3881=CIRCLE('',#4871,0.009);
#3882=CIRCLE('',#4872,0.00375);
#3883=CIRCLE('',#4873,0.00375000000000001);
#3884=CIRCLE('',#4874,0.00375000000000001);
#3885=VERTEX_POINT('',#4875);
#3886=VERTEX_POINT('',#4876);
#3887=CIRCLE('',#4877,0.00850000000045265);
#3888=LINE('',#4878,#4879);
#3889=VERTEX_POINT('',#4880);
#3890=CIRCLE('',#4881,0.0165000000008786);
#3891=VERTEX_POINT('',#4882);
#3892=LINE('',#4883,#4884);
#3893=VERTEX_POINT('',#4885);
#3894=CIRCLE('',#4886,0.00850000000045264);
#3895=LINE('',#4887,#4888);
#3896=VERTEX_POINT('',#4889);
#3897=CIRCLE('',#4890,0.0165000000008786);
#3898=LINE('',#4891,#4892);
#3899=LINE('',#4893,#4894);
#3900=VERTEX_POINT('',#4895);
#3901=LINE('',#4896,#4897);
#3902=CIRCLE('',#4898,0.00750000000000002);
#3903=LINE('',#4899,#4900);
#3904=VERTEX_POINT('',#4901);
#3905=LINE('',#4902,#4903);
#3906=LINE('',#4904,#4905);
#3907=CIRCLE('',#4906,0.0155);
#3908=LINE('',#4907,#4908);
#3909=LINE('',#4909,#4910);
#3910=LINE('',#4911,#4912);
#3911=VERTEX_POINT('',#4913);
#3912=CIRCLE('',#4914,0.000999999999999997);
#3913=LINE('',#4915,#4916);
#3914=VERTEX_POINT('',#4917);
#3915=LINE('',#4918,#4919);
#3916=CIRCLE('',#4920,0.0075);
#3917=LINE('',#4921,#4922);
#3918=LINE('',#4923,#4924);
#3919=VERTEX_POINT('',#4925);
#3920=CIRCLE('',#4926,0.0155000000016508);
#3921=CIRCLE('',#4927,0.0155000000016508);
#3922=CIRCLE('',#4928,0.0155);
#3923=VERTEX_POINT('',#4929);
#3924=LINE('',#4930,#4931);
#3925=CIRCLE('',#4932,0.001);
#3926=LINE('',#4933,#4934);
#3927=VERTEX_POINT('',#4935);
#3928=LINE('',#4936,#4937);
#3929=CIRCLE('',#4938,0.00750000000000002);
#3930=LINE('',#4939,#4940);
#3931=VERTEX_POINT('',#4941);
#3932=LINE('',#4942,#4943);
#3933=LINE('',#4944,#4945);
#3934=CIRCLE('',#4946,0.00750000000000002);
#3935=VERTEX_POINT('',#4947);
#3936=LINE('',#4948,#4949);
#3937=LINE('',#4950,#4951);
#3938=LINE('',#4952,#4953);
#3939=CIRCLE('',#4954,0.001);
#3940=VERTEX_POINT('',#4955);
#3941=LINE('',#4956,#4957);
#3942=LINE('',#4958,#4959);
#3943=CIRCLE('',#4960,0.0075);
#3944=LINE('',#4961,#4962);
#3945=VERTEX_POINT('',#4963);
#3946=LINE('',#4964,#4965);
#3947=CIRCLE('',#4966,0.001);
#3948=LINE('',#4967,#4968);
#3949=VERTEX_POINT('',#4969);
#3950=LINE('',#4970,#4971);
#3951=CIRCLE('',#4972,0.00750000000000002);
#3952=VERTEX_POINT('',#4973);
#3953=LINE('',#4974,#4975);
#3954=LINE('',#4976,#4977);
#3955=CIRCLE('',#4978,0.0155);
#3956=VERTEX_POINT('',#4979);
#3957=LINE('',#4980,#4981);
#3958=CIRCLE('',#4982,0.0075);
#3959=CIRCLE('',#4983,0.00285000000000001);
#3960=VERTEX_POINT('',#4984);
#3961=LINE('',#4985,#4986);
#3962=CIRCLE('',#4987,0.0155);
#3963=LINE('',#4988,#4989);
#3964=LINE('',#4990,#4991);
#3965=CIRCLE('',#4992,0.00285000000000001);
#3966=LINE('',#4993,#4994);
#3967=CIRCLE('',#4995,0.00285000000000001);
#3968=CIRCLE('',#4996,0.00135);
#3969=CIRCLE('',#4997,0.00285000000000001);
#3970=LINE('',#4998,#4999);
#3971=VERTEX_POINT('',#5000);
#3972=CIRCLE('',#5001,0.0075);
#3973=LINE('',#5002,#5003);
#3974=CIRCLE('',#5004,0.0155);
#3975=CIRCLE('',#5005,0.00135);
#3976=CIRCLE('',#5006,0.00135);
#3977=CIRCLE('',#5007,0.00135);
#3978=CIRCLE('',#5008,0.00135);
#3979=VERTEX_POINT('',#5009);
#3980=CIRCLE('',#5010,0.00135000000014378);
#3981=CIRCLE('',#5011,0.00135000000014378);
#3982=CIRCLE('',#5012,0.00135);
#3983=VERTEX_POINT('',#5013);
#3984=CIRCLE('',#5014,0.00135000000014378);
#3985=CIRCLE('',#5015,0.00135000000014378);
#3986=CIRCLE('',#5016,0.00455);
#3987=CIRCLE('',#5017,0.00455);
#3988=CIRCLE('',#5018,0.00454999999999999);
#3989=CIRCLE('',#5019,0.00455);
#3990=CIRCLE('',#5020,0.0155);
#3991=LINE('',#5021,#5022);
#3992=VERTEX_POINT('',#5023);
#3993=CIRCLE('',#5024,0.005);
#3994=VERTEX_POINT('',#5025);
#3995=LINE('',#5026,#5027);
#3996=CIRCLE('',#5028,0.002);
#3997=VERTEX_POINT('',#5029);
#3998=LINE('',#5030,#5031);
#3999=CIRCLE('',#5032,0.001);
#4000=VERTEX_POINT('',#5033);
#4001=LINE('',#5034,#5035);
#4002=VERTEX_POINT('',#5036);
#4003=CIRCLE('',#5037,0.005);
#4004=CIRCLE('',#5038,0.005);
#4005=LINE('',#5039,#5040);
#4006=VERTEX_POINT('',#5041);
#4007=CIRCLE('',#5042,0.01);
#4008=VERTEX_POINT('',#5043);
#4009=LINE('',#5044,#5045);
#4010=CIRCLE('',#5046,0.01);
#4011=CIRCLE('',#5047,0.00455);
#4012=CIRCLE('',#5048,0.00455);
#4013=CIRCLE('',#5049,0.00225);
#4014=CIRCLE('',#5050,0.00225);
#4015=CIRCLE('',#5051,0.00225);
#4016=CIRCLE('',#5052,0.00225);
#4017=CIRCLE('',#5053,0.00224999999999999);
#4018=CIRCLE('',#5054,0.00225);
#4019=CIRCLE('',#5055,0.0018);
#4020=CIRCLE('',#5056,0.0018);
#4021=CIRCLE('',#5057,0.0018);
#4022=CIRCLE('',#5058,0.0018);
#4023=CIRCLE('',#5059,0.00150000000007862);
#4024=LINE('',#5060,#5061);
#4025=VERTEX_POINT('',#5062);
#4026=CIRCLE('',#5063,0.000999999999999999);
#4027=LINE('',#5064,#5065);
#4028=VERTEX_POINT('',#5066);
#4029=CIRCLE('',#5067,0.00100000000000003);
#4030=CIRCLE('',#5068,0.005);
#4031=CIRCLE('',#5069,0.000999999999999999);
#4032=CIRCLE('',#5070,0.005);
#4033=CIRCLE('',#5071,0.000999999999999999);
#4034=LINE('',#5072,#5073);
#4035=CIRCLE('',#5074,0.000999999999999991);
#4036=CIRCLE('',#5075,0.00100000000000001);
#4037=CIRCLE('',#5076,0.00100000000000002);
#4038=CIRCLE('',#5077,0.01);
#4039=CIRCLE('',#5078,0.000999999999999999);
#4040=VERTEX_POINT('',#5079);
#4041=CIRCLE('',#5080,0.000999999999999998);
#4042=CIRCLE('',#5081,0.005);
#4043=VERTEX_POINT('',#5082);
#4044=CIRCLE('',#5083,0.001);
#4045=LINE('',#5084,#5085);
#4046=CIRCLE('',#5086,0.000999999999999998);
#4047=CIRCLE('',#5087,0.002);
#4048=CIRCLE('',#5088,0.001);
#4049=CIRCLE('',#5089,0.01);
#4050=CIRCLE('',#5090,0.001);
#4051=LINE('',#5091,#5092);
#4052=LINE('',#5093,#5094);
#4053=LINE('',#5095,#5096);
#4054=LINE('',#5097,#5098);
#4055=LINE('',#5099,#5100);
#4056=LINE('',#5101,#5102);
#4057=LINE('',#5103,#5104);
#4058=B_SPLINE_CURVE_WITH_KNOTS('',1,(#5105,#5106),.UNSPECIFIED.,.F.,.F.,(2,2),(-1.0,-0.0),.UNSPECIFIED.);
#4059=B_SPLINE_CURVE_WITH_KNOTS('',3,(#5107,#5108,#5109,#5110,#5111,#5112,#5113,#5114,#5115,#5116,#5117,#5118,#5119,#5120,#5121,#5122,#5123,#5124,#5125,#5126,#5127,#5128,#5129,#5130,#5131,#5132,#5133,#5134,#5135,#5136,#5137,#5138,#5139,#5140),.UNSPECIFIED.,.F.,.F.,(4,2,2,2,2,2,2,2,2,2,2,2,2,2,2,2,4),(-0.0187363442257902,-0.0180748265545041,-0.0174133088832196,-0.0168328652537752,-0.0162524216243308,-0.0156719779948718,-0.0150915343654128,-0.0145110907359503,-0.0139306471064878,-0.013350203477035,-0.0127697598475822,-0.0121893162181467,-0.0116088725887112,-0.0110284289592907,-0.0104479853298701,-0.0093681721128951,-0.00936574237295342),.UNSPECIFIED.);
#4060=LINE('',#5141,#5142);
#4061=CARTESIAN_POINT('',(0.0796453304966252,0.0091993126007625,-0.0508646469664835));
#4062=CARTESIAN_POINT('',(0.0796453458545688,0.0106993147015578,-0.0493646450263282));
#4063=CARTESIAN_POINT('',(0.0796453304966252,0.0091993126007625,-0.0508646469664835));
#4064=CARTESIAN_POINT('',(0.0796453458545688,0.0106993147015578,-0.0493646450263282));
#4065=CARTESIAN_POINT('',(0.0778453304967849,0.00919933742064806,-0.0526646469664942));
#4066=CARTESIAN_POINT('',(0.0796453304966252,0.0091993126007625,-0.0508646469664835));
#4067=CARTESIAN_POINT('',(0.0795208968111644,0.00919931387625379,-0.0508646469664835));
#4068=CARTESIAN_POINT('',(0.079396466954339,0.00919931519752587,-0.0508775961335767));
#4069=CARTESIAN_POINT('',(0.0784741847882037,0.0091993253379383,-0.051071657984606));
#4070=CARTESIAN_POINT('',(0.0778453304967558,0.00919933456855482,-0.0518586192653592));
#4071=CARTESIAN_POINT('',(0.0778453304967849,0.00919933742064806,-0.0526646469664942));
#4072=CARTESIAN_POINT('',(0.0796453304967555,0.00919932533920264,-0.0544646469665049));
#4073=CARTESIAN_POINT('',(0.0778453304967849,0.00919933742064806,-0.0526646469664942));
#4074=CARTESIAN_POINT('',(0.0778502366623282,0.00919933799350905,-0.0528407551556921));
#4075=CARTESIAN_POINT('',(0.0778707681736653,0.00919933839199067,-0.0530128463909131));
#4076=CARTESIAN_POINT('',(0.0781404373030716,0.00919933882327024,-0.0539159205610469));
#4077=CARTESIAN_POINT('',(0.0788871934509196,0.00919933311038765,-0.0544646469665049));
#4078=CARTESIAN_POINT('',(0.0796453304967555,0.00919932533920264,-0.0544646469665049));
#4079=CARTESIAN_POINT('',(0.0796453458546561,0.0106993232382475,-0.0559646450263466));
#4080=CARTESIAN_POINT('',(0.0796453304967555,0.00919932533920264,-0.0544646469665049));
#4081=CARTESIAN_POINT('',(0.0796453458546561,0.0106993232382475,-0.0559646450263466));
#4082=CARTESIAN_POINT('',(0.0763834445687296,0.0106993530139721,-0.0521646450263365));
#4083=CARTESIAN_POINT('',(0.0796453458546561,0.0106993232382475,-0.0559646450263466));
#4084=CARTESIAN_POINT('',(0.0793153458546774,0.0106993266169904,-0.0559646450263467));
#4085=CARTESIAN_POINT('',(0.0789853902141271,0.010699329930778,-0.0559147771086604));
#4086=CARTESIAN_POINT('',(0.0782333531053152,0.0106993373297008,-0.0556821447698445));
#4087=CARTESIAN_POINT('',(0.0778252679755868,0.0106993412141907,-0.0554550472805379));
#4088=CARTESIAN_POINT('',(0.0770920747750524,0.0106993478966146,-0.0548176306512444));
#4089=CARTESIAN_POINT('',(0.0767845221660916,0.0106993504899302,-0.0543880800061969));
#4090=CARTESIAN_POINT('',(0.0763956946000933,0.010699353239042,-0.0534356229985865));
#4091=CARTESIAN_POINT('',(0.0763147698716812,0.0106993533922008,-0.0529134500335189));
#4092=CARTESIAN_POINT('',(0.0763622584877247,0.0106993521405866,-0.0523216963447685));
#4093=CARTESIAN_POINT('',(0.076371489626022,0.0106993519442423,-0.0522429680085941));
#4094=CARTESIAN_POINT('',(0.0763835513913496,0.0106993517194806,-0.0521646759194233));
#4095=CARTESIAN_POINT('',(0.0763835513913496,0.0106993517194806,-0.0521646759194233));
#4096=CARTESIAN_POINT('',(0.0764498112549292,0.010699350484779,-0.0517345877020751));
#4097=CARTESIAN_POINT('',(0.0766014915921229,0.0106993483925178,-0.0513176642094525));
#4098=CARTESIAN_POINT('',(0.077096029296646,0.010699342280535,-0.0505069551556307));
#4099=CARTESIAN_POINT('',(0.0774682389627278,0.0106993379845007,-0.050131890385166));
#4100=CARTESIAN_POINT('',(0.078342461929286,0.0106993283319906,-0.049589399675395));
#4101=CARTESIAN_POINT('',(0.0788437854876173,0.0106993229831304,-0.0494224017489893));
#4102=CARTESIAN_POINT('',(0.0794523611207566,0.0106993166829317,-0.0493688799135557));
#4103=CARTESIAN_POINT('',(0.0795488534400684,0.0106993156895065,-0.0493646450263282));
#4104=CARTESIAN_POINT('',(0.0796453458545688,0.0106993147015578,-0.0493646450263282));
#4105=CARTESIAN_POINT('',(0.0963411404087242,0.00719918611956016,-0.0572088121317957));
#4106=CARTESIAN_POINT('',(0.0963413252695729,0.00969915519738542,-0.0572089681724361));
#4107=CARTESIAN_POINT('',(0.0963411532068161,0.00844916888826501,-0.0572088105150207));
#4108=VECTOR('',#5143,1.0);
#4109=CARTESIAN_POINT('',(0.0882246101973113,0.00719926708859031,-0.0555597219898457));
#4110=AXIS2_PLACEMENT_3D('',#5144,#5145,#5146);
#4111=CARTESIAN_POINT('',(0.0882246357935316,0.00969923616784021,-0.0555597187562911));
#4112=CARTESIAN_POINT('',(0.0882246460323228,0.0106992534114225,-0.055559717462831));
#4113=VECTOR('',#5147,1.0);
#4114=AXIS2_PLACEMENT_3D('',#5148,#5149,#5150);
#4115=CARTESIAN_POINT('',(0.100617290335938,0.0096991681603391,-0.101078809033192));
#4116=CARTESIAN_POINT('',(0.100617187949791,-0.000300831839128437,-0.101078821967571));
#4117=CARTESIAN_POINT('',(0.100617239142865,0.00469916816060531,-0.101078815500381));
#4118=VECTOR('',#5151,1.0);
#4119=CARTESIAN_POINT('',(0.103546222525247,0.00969912902614423,-0.0940077412219214));
#4120=AXIS2_PLACEMENT_3D('',#5152,#5153,#5154);
#4121=CARTESIAN_POINT('',(0.1035461201391,-0.00030087097332328,-0.0940077541562997));
#4122=CARTESIAN_POINT('',(0.103546130377715,0.000699129026623468,-0.0940077528628619));
#4123=VECTOR('',#5155,1.0);
#4124=AXIS2_PLACEMENT_3D('',#5156,#5157,#5158);
#4125=CARTESIAN_POINT('',(0.0955795339301289,0.000699039704813765,0.0381120266850427));
#4126=CARTESIAN_POINT('',(0.0955796209583541,0.00919903970436116,0.0381120376792643));
#4127=CARTESIAN_POINT('',(0.0955796363162762,0.0106990397042813,0.038112039619421));
#4128=VECTOR('',#5159,1.0);
#4129=CARTESIAN_POINT('',(0.0925795339301289,0.000699070420657934,0.0381120266850229));
#4130=AXIS2_PLACEMENT_3D('',#5160,#5161,#5162);
#4131=CARTESIAN_POINT('',(0.0925796209583541,0.00919907042020533,0.0381120376792445));
#4132=CARTESIAN_POINT('',(0.0925796363162762,0.0106990704201255,0.0381120396194012));
#4133=VECTOR('',#5163,1.0);
#4134=CARTESIAN_POINT('',(0.095579620959869,0.0091990397043611,0.0381120377152606));
#4135=CARTESIAN_POINT('',(0.0955796211426688,0.00919903960787723,0.0381866311712695));
#4136=CARTESIAN_POINT('',(0.0955740738268515,0.00919903956826333,0.0382611695213174));
#4137=CARTESIAN_POINT('',(0.0955430615091566,0.00919903961936908,0.038467145737714));
#4138=CARTESIAN_POINT('',(0.0955052645797128,0.0091990398386369,0.0385968159590307));
#4139=CARTESIAN_POINT('',(0.0954128297682927,0.00919904051416793,0.0388062372281702));
#4140=CARTESIAN_POINT('',(0.0953647548536738,0.00919904089576697,0.0388917623973807));
#4141=CARTESIAN_POINT('',(0.095252789169876,0.0091990418350985,0.0390518334615542));
#4142=CARTESIAN_POINT('',(0.0951889376273793,0.0091990423925019,0.0391263232763278));
#4143=CARTESIAN_POINT('',(0.0950494593660202,0.00919904364712579,0.0392604157562064));
#4144=CARTESIAN_POINT('',(0.0949725141560268,0.00919904435620628,0.0393212860005289));
#4145=CARTESIAN_POINT('',(0.0948081602993662,0.00919904590240256,0.0394268647376754));
#4146=CARTESIAN_POINT('',(0.094720809233346,0.00919904673897665,0.0394715362414559));
#4147=CARTESIAN_POINT('',(0.0945408654437763,0.00919904848938835,0.0395426362495348));
#4148=CARTESIAN_POINT('',(0.094446571707551,0.00919904941977263,0.0395697368638031));
#4149=CARTESIAN_POINT('',(0.0942544400104242,0.00919905134130637,0.0396050139228734));
#4150=CARTESIAN_POINT('',(0.0941566693620133,0.00919905233178263,0.0396131780085137));
#4151=CARTESIAN_POINT('',(0.0939632048118495,0.00919905431587563,0.0396106390356783));
#4152=CARTESIAN_POINT('',(0.0938656820853679,0.00919905532824804,0.0395999119762358));
#4153=CARTESIAN_POINT('',(0.0936745423316255,0.00919905733738893,0.0395596049734301));
#4154=CARTESIAN_POINT('',(0.0935809922693323,0.00919905833345353,0.0395300391514473));
#4155=CARTESIAN_POINT('',(0.0934029763237236,0.00919906025412991,0.0394542413832752));
#4156=CARTESIAN_POINT('',(0.0933168276516844,0.0091990611968979,0.0394072929190853));
#4157=CARTESIAN_POINT('',(0.0931553010916561,0.00919906299279737,0.0392974374215522));
#4158=CARTESIAN_POINT('',(0.0930799797937831,0.00919906384529967,0.0392345688755969));
#4159=CARTESIAN_POINT('',(0.0929440685451509,0.00919906541495753,0.0390968622633986));
#4160=CARTESIAN_POINT('',(0.0928821938223119,0.00919906614695109,0.0390207224534645));
#4161=CARTESIAN_POINT('',(0.0927744674292327,0.0091990674606913,0.0388577682139855));
#4162=CARTESIAN_POINT('',(0.0927286535004578,0.00919906804197769,0.0387710108747378));
#4163=CARTESIAN_POINT('',(0.0926551982875038,0.00919906902557658,0.0385920155948114));
#4164=CARTESIAN_POINT('',(0.0926268626295501,0.00919906943718707,0.0384980856077398));
#4165=CARTESIAN_POINT('',(0.0925890673442687,0.00919907007204867,0.0383064333801512));
#4166=CARTESIAN_POINT('',(0.0925796209583521,0.00919907029507737,0.0382087782841447));
#4167=CARTESIAN_POINT('',(0.0925796209583541,0.00919907042020533,0.0381120376792444));
#4168=CARTESIAN_POINT('',(0.0994831853559378,0.00969898883622746,0.0465400178438001));
#4169=CARTESIAN_POINT('',(0.0994830829697905,-0.000301011163240058,0.0465400049094217));
#4170=CARTESIAN_POINT('',(0.0994831341628641,0.00469898883649371,0.0465400113766109));
#4171=VECTOR('',#5164,1.0);
#4172=CARTESIAN_POINT('',(0.0987178184912763,0.00969899647560973,0.0466922587789312));
#4173=AXIS2_PLACEMENT_3D('',#5165,#5166,#5167);
#4174=CARTESIAN_POINT('',(0.098717716105129,-0.000301003523857793,0.0466922458445528));
#4175=CARTESIAN_POINT('',(0.0987177263437438,0.000698996476088956,0.0466922471379907));
#4176=VECTOR('',#5168,1.0);
#4177=AXIS2_PLACEMENT_3D('',#5169,#5170,#5171);
#4178=CARTESIAN_POINT('',(0.103165517827313,-0.000301043685553179,0.0425346182577274));
#4179=CARTESIAN_POINT('',(0.10316562021346,0.00969895631391434,0.0425346311921057));
#4180=CARTESIAN_POINT('',(0.103165569020384,0.00469895611074005,0.0425346247249163));
#4181=VECTOR('',#5172,1.0);
#4182=CARTESIAN_POINT('',(0.103546120164377,-0.000301045107507723,0.040621201095827));
#4183=AXIS2_PLACEMENT_3D('',#5173,#5174,#5175);
#4184=CARTESIAN_POINT('',(0.103546222550524,0.0096989548919598,0.0406212140302054));
#4185=CARTESIAN_POINT('',(0.103546117604723,-0.000551045107494401,0.0406212007724676));
#4186=VECTOR('',#5176,1.0);
#4187=AXIS2_PLACEMENT_3D('',#5177,#5178,#5179);
#4188=CARTESIAN_POINT('',(-0.0991284821245634,-0.00029878672016976,-0.101078821927422));
#4189=CARTESIAN_POINT('',(-0.0991283797384162,0.00970121327929777,-0.101078808993044));
#4190=CARTESIAN_POINT('',(-0.0991284309314856,0.00470121368644504,-0.101078815460232));
#4191=VECTOR('',#5180,1.0);
#4192=CARTESIAN_POINT('',(-0.102057414311217,-0.000298765877948154,-0.0940077541149736));
#4193=AXIS2_PLACEMENT_3D('',#5181,#5182,#5183);
#4194=CARTESIAN_POINT('',(-0.10205731192507,0.00970123412151937,-0.0940077411805953));
#4195=CARTESIAN_POINT('',(-0.102057404072602,0.000701234121998595,-0.0940077528215358));
#4196=VECTOR('',#5184,1.0);
#4197=AXIS2_PLACEMENT_3D('',#5185,#5186,#5187);
#4198=CARTESIAN_POINT('',(-0.101676709565661,0.00970107876859249,0.0230880187062845));
#4199=CARTESIAN_POINT('',(-0.101676811951808,-0.000298921230875036,0.0230880057719061));
#4200=CARTESIAN_POINT('',(-0.101676760758734,0.00470107876885873,0.0230880122390953));
#4201=VECTOR('',#5188,1.0);
#4202=CARTESIAN_POINT('',(-0.102057311903443,0.00970108514031933,0.0211746015445372));
#4203=AXIS2_PLACEMENT_3D('',#5189,#5190,#5191);
#4204=CARTESIAN_POINT('',(-0.102057414289591,-0.000298914859148187,0.0211745886101588));
#4205=CARTESIAN_POINT('',(-0.102057404050976,0.000701085140798562,0.0211745899035966));
#4206=VECTOR('',#5192,1.0);
#4207=AXIS2_PLACEMENT_3D('',#5193,#5194,#5195);
#4208=CARTESIAN_POINT('',(-0.0997644186800142,0.00970102903760485,0.0463993656000126));
#4209=CARTESIAN_POINT('',(-0.0997645210661614,-0.000298970961862672,0.0463993526656343));
#4210=CARTESIAN_POINT('',(-0.0997645005889319,0.00170102903803085,0.04639935525251));
#4211=VECTOR('',#5196,1.0);
#4212=CARTESIAN_POINT('',(-0.100057311898945,0.00970103295102434,0.0456922588188856));
#4213=AXIS2_PLACEMENT_3D('',#5197,#5198,#5199);
#4214=CARTESIAN_POINT('',(-0.100057414285092,-0.000298967048443185,0.0456922458845072));
#4215=CARTESIAN_POINT('',(-0.100057393807863,0.00170103295145034,0.0456922484713829));
#4216=VECTOR('',#5200,1.0);
#4217=AXIS2_PLACEMENT_3D('',#5201,#5202,#5203);
#4218=CARTESIAN_POINT('',(-0.0990573016603827,0.0107010227123564,0.0456922601121224));
#4219=AXIS2_PLACEMENT_3D('',#5204,#5205,#5206);
#4220=CARTESIAN_POINT('',(-0.099764411440353,0.0104081367333524,0.0456922597334254));
#4221=AXIS2_PLACEMENT_3D('',#5207,#5208,#5209);
#4222=AXIS2_PLACEMENT_3D('',#5210,#5211,#5212);
#4223=CARTESIAN_POINT('',(-0.0990573046590708,0.0104081285789598,0.0463993665144692));
#4224=CARTESIAN_POINT('',(0.0987178257310152,0.0104061036355978,0.0463993664747166));
#4225=CARTESIAN_POINT('',(0.0547953925084168,0.0104065533404693,0.046399366483545));
#4226=VECTOR('',#5213,1.0);
#4227=CARTESIAN_POINT('',(-0.0990573118988097,0.00970102141897178,0.0466922588186837));
#4228=AXIS2_PLACEMENT_3D('',#5214,#5215,#5216);
#4229=CARTESIAN_POINT('',(0.0547953852686779,0.00969944618048123,0.0466922587877595));
#4230=VECTOR('',#5217,1.0);
#4231=AXIS2_PLACEMENT_3D('',#5218,#5219,#5220);
#4232=CARTESIAN_POINT('',(0.101874656915777,0.0104060744825858,0.0439496420698834));
#4233=CARTESIAN_POINT('',(0.0999249325120446,0.0104060919232155,0.0458993664744744));
#4234=CARTESIAN_POINT('',(0.100899794713929,0.0104060832029006,0.0449245042721607));
#4235=VECTOR('',#5221,1.0);
#4236=CARTESIAN_POINT('',(0.10137465991453,0.0106989734674099,0.0434496424488235));
#4237=AXIS2_PLACEMENT_3D('',#5222,#5223,#5224);
#4238=CARTESIAN_POINT('',(0.0994249355107977,0.0106989909080396,0.0453993668534145));
#4239=CARTESIAN_POINT('',(0.0307137130620438,0.0106996055420787,0.114110589332425));
#4240=VECTOR('',#5225,0.999999999999999);
#4241=AXIS2_PLACEMENT_3D('',#5226,#5227,#5228);
#4242=CARTESIAN_POINT('',(0.10325333657152,0.0104060646719295,0.0406212149448629));
#4243=CARTESIAN_POINT('',(0.103253336546243,0.010406238806114,-0.0940077403072638));
#4244=CARTESIAN_POINT('',(0.103253336558882,0.0104061517390217,-0.0266932626812006));
#4245=VECTOR('',#5229,1.0);
#4246=AXIS2_PLACEMENT_3D('',#5230,#5231,#5232);
#4247=CARTESIAN_POINT('',(0.103546222586493,0.0096987071066921,0.232192282189031));
#4248=VECTOR('',#5233,1.0);
#4249=AXIS2_PLACEMENT_3D('',#5234,#5235,#5236);
#4250=CARTESIAN_POINT('',(0.0935462297637425,0.0104063507489796,-0.103714847086491));
#4251=CARTESIAN_POINT('',(-0.0920573046876224,0.0104082510720602,-0.103714847049185));
#4252=CARTESIAN_POINT('',(0.0123453924824579,0.0104071821330677,-0.10371484707017));
#4253=VECTOR('',#5237,1.0);
#4254=CARTESIAN_POINT('',(0.0935462225238936,0.00969924434666981,-0.104007741219903));
#4255=AXIS2_PLACEMENT_3D('',#5238,#5239,#5240);
#4256=CARTESIAN_POINT('',(-0.0920573119274713,0.00970114466975048,-0.104007741182597));
#4257=CARTESIAN_POINT('',(0.012345385242609,0.00970007573075801,-0.104007741203582));
#4258=VECTOR('',#5241,1.0);
#4259=AXIS2_PLACEMENT_3D('',#5242,#5243,#5244);
#4260=CARTESIAN_POINT('',(-0.101764411444851,0.0104081889226474,0.021174602459077));
#4261=CARTESIAN_POINT('',(-0.101764411466478,0.0104083379038474,-0.0940077402660556));
#4262=CARTESIAN_POINT('',(-0.101764411455664,0.0104082634132474,-0.0364165689034895));
#4263=VECTOR('',#5245,1.0);
#4264=CARTESIAN_POINT('',(-0.101057301664881,0.0107010749016514,0.021174602837774));
#4265=AXIS2_PLACEMENT_3D('',#5246,#5247,#5248);
#4266=CARTESIAN_POINT('',(-0.101057301686507,0.0107012238828514,-0.0940077398873585));
#4267=CARTESIAN_POINT('',(-0.101057301625261,0.0107008019633993,0.232192283523593));
#4268=VECTOR('',#5249,1.0);
#4269=AXIS2_PLACEMENT_3D('',#5250,#5251,#5252);
#4270=CARTESIAN_POINT('',(-0.0997644114438298,0.0104081606847909,0.0271746024586698));
#4271=CARTESIAN_POINT('',(-0.0997644114420914,0.0104081487090717,0.0364334310960476));
#4272=VECTOR('',#5253,1.0);
#4273=CARTESIAN_POINT('',(-0.0990573016638595,0.0107010466637949,0.0271746028373669));
#4274=CARTESIAN_POINT('',(-0.0990573016437874,0.0107009083875017,0.134080624451935));
#4275=VECTOR('',#5254,0.999999999999999);
#4276=AXIS2_PLACEMENT_3D('',#5255,#5256,#5257);
#4277=CARTESIAN_POINT('',(0.0910141152265509,0.00969924253064994,-0.0825600224114003));
#4278=CARTESIAN_POINT('',(0.0910166314864244,0.00819005645414514,-0.0825534113320212));
#4279=CARTESIAN_POINT('',(0.0910147744169655,0.00894004094301874,-0.0825582952236338));
#4280=VECTOR('',#5258,1.0);
#4281=CARTESIAN_POINT('',(0.0910134329053583,0.00819927346041035,-0.0825617525212635));
#4282=CARTESIAN_POINT('',(0.0910133561156079,0.000699259783828096,-0.082561762222065));
#4283=VECTOR('',#5259,1.0);
#4284=CARTESIAN_POINT('',(0.0910134329053583,0.00819927346041035,-0.0825617525212635));
#4285=CARTESIAN_POINT('',(0.0910139360474697,0.00819782466793812,-0.0825604415685311));
#4286=CARTESIAN_POINT('',(0.0910144390128866,0.00819637587128687,-0.0825591305436441));
#4287=CARTESIAN_POINT('',(0.0910620473650258,0.00805919291173329,-0.0824349846204119));
#4288=CARTESIAN_POINT('',(0.0911392090533746,0.00782406074966619,-0.0822281158869628));
#4289=CARTESIAN_POINT('',(0.0912707284116,0.00750245975313202,-0.0818409706897946));
#4290=CARTESIAN_POINT('',(0.0913311196537474,0.00737522645053573,-0.0816555319705807));
#4291=CARTESIAN_POINT('',(0.0914469724413922,0.0072252694207086,-0.0812673343076456));
#4292=CARTESIAN_POINT('',(0.0914915297857676,0.00719926668354792,-0.0811069014472501));
#4293=CARTESIAN_POINT('',(0.0915292012215736,0.00719926611327882,-0.0809642074771871));
#4294=CARTESIAN_POINT('',(0.0915680158487497,0.00719926552570413,-0.0808171832629579));
#4295=CARTESIAN_POINT('',(0.0916041713650043,0.00722694231569924,-0.0806711610794331));
#4296=CARTESIAN_POINT('',(0.0916361198614072,0.00728531118512425,-0.0805344311868985));
#4297=CARTESIAN_POINT('',(0.0920426624627444,0.00719925573869882,-0.0770077373291307));
#4298=CARTESIAN_POINT('',(0.0920425856728174,-0.000300775181518296,-0.0770077470299544));
#4299=CARTESIAN_POINT('',(0.0920425959116087,0.000699242062063316,-0.0770077457364943));
#4300=VECTOR('',#5260,1.0);
#4301=CARTESIAN_POINT('',(0.0910166213421785,0.00719927341692477,-0.0825534126135376));
#4302=AXIS2_PLACEMENT_3D('',#5261,#5262,#5263);
#4303=CARTESIAN_POINT('',(0.0910165547910429,0.000699259740289265,-0.082553421020901));
#4304=VECTOR('',#5264,1.0);
#4305=CARTESIAN_POINT('',(0.0875219502311076,0.00969928525556443,-0.0879487487726312));
#4306=AXIS2_PLACEMENT_3D('',#5265,#5266,#5267);
#4307=CARTESIAN_POINT('',(0.0821462557191664,0.00969934483601225,-0.0914593796841262));
#4308=AXIS2_PLACEMENT_3D('',#5268,#5269,#5270);
#4309=CARTESIAN_POINT('',(0.0821453167485583,0.00719937576657286,-0.0914597380385234));
#4310=CARTESIAN_POINT('',(0.0821470769053834,0.000699362070315597,-0.0914590360871179));
#4311=VECTOR('',#5271,1.0);
#4312=CARTESIAN_POINT('',(0.0610426624643693,0.00719957313575525,-0.0770077373291307));
#4313=AXIS2_PLACEMENT_3D('',#5272,#5273,#5274);
#4314=CARTESIAN_POINT('',(0.0610425856744422,-0.000300457784461861,-0.0770077470299544));
#4315=CARTESIAN_POINT('',(0.0610425959132335,0.000699559459119751,-0.0770077457364943));
#4316=VECTOR('',#5275,1.0);
#4317=AXIS2_PLACEMENT_3D('',#5276,#5277,#5278);
#4318=CARTESIAN_POINT('',(-0.0547757826257272,0.0092006412001252,-0.00987226696381741));
#4319=CARTESIAN_POINT('',(-0.0547758696539524,0.000700641200577798,-0.00987227795803899));
#4320=CARTESIAN_POINT('',(-0.0547758261398398,0.0049506412003515,-0.0098722724609282));
#4321=VECTOR('',#5279,1.0);
#4322=CARTESIAN_POINT('',(-0.0511757826259159,0.00920060434111219,-0.00987226696381741));
#4323=AXIS2_PLACEMENT_3D('',#5280,#5281,#5282);
#4324=CARTESIAN_POINT('',(-0.0511758696541411,0.000700604341564793,-0.00987227795803899));
#4325=CARTESIAN_POINT('',(-0.0511758261400285,0.00495060434133849,-0.0098722724609282));
#4326=VECTOR('',#5283,1.0);
#4327=AXIS2_PLACEMENT_3D('',#5284,#5285,#5286);
#4328=CARTESIAN_POINT('',(-0.0496757672680725,0.0107005889831102,-0.00987226502366066));
#4329=CARTESIAN_POINT('',(-0.0496757672680725,0.0107005889831102,-0.00987226502366066));
#4330=VECTOR('',#5287,1.0);
#4331=CARTESIAN_POINT('',(-0.0562757672677265,0.0107006565579674,-0.00987226502366066));
#4332=CARTESIAN_POINT('',(-0.0562757672677265,0.0107006565579674,-0.00987226502366066));
#4333=VECTOR('',#5288,1.0);
#4334=AXIS2_PLACEMENT_3D('',#5289,#5290,#5291);
#4335=CARTESIAN_POINT('',(0.0443460320991284,0.00919967306904381,-0.0460077418571435));
#4336=CARTESIAN_POINT('',(0.0443459450709032,0.000699673069496411,-0.0460077528513651));
#4337=CARTESIAN_POINT('',(0.0443459885850158,0.00494967306927011,-0.0460077473542543));
#4338=VECTOR('',#5292,1.0);
#4339=CARTESIAN_POINT('',(0.0479460320989397,0.00919963621003081,-0.0460077418571435));
#4340=AXIS2_PLACEMENT_3D('',#5293,#5294,#5295);
#4341=CARTESIAN_POINT('',(0.0479459450707146,0.000699636210483405,-0.0460077528513651));
#4342=CARTESIAN_POINT('',(0.0479459885848271,0.00494963621025711,-0.0460077473542543));
#4343=VECTOR('',#5296,1.0);
#4344=AXIS2_PLACEMENT_3D('',#5297,#5298,#5299);
#4345=CARTESIAN_POINT('',(0.0494460474567832,0.0106996208520288,-0.0460077399169867));
#4346=CARTESIAN_POINT('',(0.0494460474567832,0.0106996208520288,-0.0460077399169867));
#4347=VECTOR('',#5300,1.0);
#4348=CARTESIAN_POINT('',(0.0428460474571291,0.010699688426886,-0.0460077399169867));
#4349=CARTESIAN_POINT('',(0.0428460474571291,0.010699688426886,-0.0460077399169867));
#4350=VECTOR('',#5301,1.0);
#4351=AXIS2_PLACEMENT_3D('',#5302,#5303,#5304);
#4352=CARTESIAN_POINT('',(0.024975473712123,0.0091998237724227,-0.00918780030403784));
#4353=CARTESIAN_POINT('',(0.0234754890701237,0.0106998391302649,-0.0091877983638811));
#4354=CARTESIAN_POINT('',(0.0234754890701237,0.0106998391302649,-0.0091877983638811));
#4355=VECTOR('',#5305,1.0);
#4356=CARTESIAN_POINT('',(0.0294754737118871,0.00919977769865645,-0.00918780030403785));
#4357=AXIS2_PLACEMENT_3D('',#5306,#5307,#5308);
#4358=CARTESIAN_POINT('',(0.0309754890697306,0.0106997623406545,-0.0091877983638811));
#4359=CARTESIAN_POINT('',(0.0309754890697306,0.0106997623406545,-0.0091877983638811));
#4360=VECTOR('',#5309,1.0);
#4361=AXIS2_PLACEMENT_3D('',#5310,#5311,#5312);
#4362=CARTESIAN_POINT('',(-0.0249870387006657,0.00920038269796579,-0.0458178003032474));
#4363=CARTESIAN_POINT('',(-0.0264870233426649,0.010700398055808,-0.0458177983630907));
#4364=CARTESIAN_POINT('',(-0.0264870233426649,0.010700398055808,-0.0458177983630907));
#4365=VECTOR('',#5313,1.0);
#4366=CARTESIAN_POINT('',(-0.0204870387009015,0.00920033662419953,-0.0458178003032474));
#4367=AXIS2_PLACEMENT_3D('',#5314,#5315,#5316);
#4368=CARTESIAN_POINT('',(-0.0189870233430581,0.0107003212661976,-0.0458177983630907));
#4369=CARTESIAN_POINT('',(-0.0189870233430581,0.0107003212661976,-0.0458177983630907));
#4370=VECTOR('',#5317,1.0);
#4371=AXIS2_PLACEMENT_3D('',#5318,#5319,#5320);
#4372=CARTESIAN_POINT('',(0.0807954737085473,0.00919918878395435,0.0398821996959211));
#4373=CARTESIAN_POINT('',(0.079295489066548,0.0106992041417966,0.0398822016360779));
#4374=CARTESIAN_POINT('',(0.079295489066548,0.0106992041417966,0.0398822016360779));
#4375=VECTOR('',#5321,1.0);
#4376=CARTESIAN_POINT('',(0.0852954737083115,0.00919914271018809,0.0398821996959211));
#4377=AXIS2_PLACEMENT_3D('',#5322,#5323,#5324);
#4378=CARTESIAN_POINT('',(0.0867954890661549,0.0106991273521861,0.0398822016360779));
#4379=CARTESIAN_POINT('',(0.0867954890661549,0.0106991273521861,0.0398822016360779));
#4380=VECTOR('',#5325,1.0);
#4381=AXIS2_PLACEMENT_3D('',#5326,#5327,#5328);
#4382=CARTESIAN_POINT('',(-0.0275545262857735,0.00920029813785967,0.0398821996959211));
#4383=CARTESIAN_POINT('',(-0.0290545109277728,0.0107003134957019,0.0398822016360779));
#4384=CARTESIAN_POINT('',(-0.0290545109277728,0.0107003134957019,0.0398822016360779));
#4385=VECTOR('',#5329,1.0);
#4386=CARTESIAN_POINT('',(-0.0230545262860094,0.00920025206409341,0.0398821996959211));
#4387=AXIS2_PLACEMENT_3D('',#5330,#5331,#5332);
#4388=CARTESIAN_POINT('',(-0.021554510928166,0.0107002367060914,0.0398822016360779));
#4389=CARTESIAN_POINT('',(-0.021554510928166,0.0107002367060914,0.0398822016360779));
#4390=VECTOR('',#5333,1.0);
#4391=AXIS2_PLACEMENT_3D('',#5334,#5335,#5336);
#4392=CARTESIAN_POINT('',(-0.091554526282419,0.00920095340920198,0.0398821996959211));
#4393=CARTESIAN_POINT('',(-0.0930545109244183,0.0107009687670442,0.0398822016360779));
#4394=CARTESIAN_POINT('',(-0.0930545109244183,0.0107009687670442,0.0398822016360779));
#4395=VECTOR('',#5337,1.0);
#4396=CARTESIAN_POINT('',(-0.0870545262826549,0.00920090733543572,0.0398821996959211));
#4397=AXIS2_PLACEMENT_3D('',#5338,#5339,#5340);
#4398=CARTESIAN_POINT('',(-0.0855545109248114,0.0107008919774338,0.0398822016360779));
#4399=CARTESIAN_POINT('',(-0.0855545109248114,0.0107008919774338,0.0398822016360779));
#4400=VECTOR('',#5341,1.0);
#4401=AXIS2_PLACEMENT_3D('',#5342,#5343,#5344);
#4402=CARTESIAN_POINT('',(0.0177960625102687,0.00920000440208182,-0.0920077326697659));
#4403=CARTESIAN_POINT('',(0.0192960778681122,0.0106999890440799,-0.0920077307296091));
#4404=CARTESIAN_POINT('',(0.0192960778681122,0.0106999890440799,-0.0920077307296091));
#4405=VECTOR('',#5345,1.0);
#4406=CARTESIAN_POINT('',(0.0132960625105046,0.00920005047584808,-0.0920077326697659));
#4407=AXIS2_PLACEMENT_3D('',#5346,#5347,#5348);
#4408=CARTESIAN_POINT('',(0.0117960778685053,0.0107000658336903,-0.0920077307296091));
#4409=CARTESIAN_POINT('',(0.0117960778685053,0.0107000658336903,-0.0920077307296091));
#4410=VECTOR('',#5349,1.0);
#4411=AXIS2_PLACEMENT_3D('',#5350,#5351,#5352);
#4412=CARTESIAN_POINT('',(0.0852953999902855,0.00199914271057147,0.0398821903831687));
#4413=CARTESIAN_POINT('',(0.0852954368492985,0.00559914271037978,0.0398821950395449));
#4414=VECTOR('',#5353,1.0);
#4415=CARTESIAN_POINT('',(0.0807953999905213,0.00199918878433772,0.0398821903831687));
#4416=CARTESIAN_POINT('',(0.0807954368495343,0.00559918878414604,0.0398821950395449));
#4417=VECTOR('',#5354,1.0);
#4418=AXIS2_PLACEMENT_3D('',#5355,#5356,#5357);
#4419=CARTESIAN_POINT('',(0.078495376441828,-0.000300787666725928,0.0398821874082617));
#4420=CARTESIAN_POINT('',(0.078495376441828,-0.000300787666725928,0.0398821874082617));
#4421=VECTOR('',#5358,1.0);
#4422=AXIS2_PLACEMENT_3D('',#5359,#5360,#5361);
#4423=CARTESIAN_POINT('',(0.087595376441351,-0.000300880838119914,0.0398821874082617));
#4424=CARTESIAN_POINT('',(0.087595376441351,-0.000300880838119914,0.0398821874082617));
#4425=VECTOR('',#5362,1.0);
#4426=AXIS2_PLACEMENT_3D('',#5363,#5364,#5365);
#4427=CARTESIAN_POINT('',(0.0132959887924786,0.00200005047623146,-0.0920077419825183));
#4428=CARTESIAN_POINT('',(0.0132960256514916,0.00560005047603977,-0.0920077373261421));
#4429=VECTOR('',#5366,1.0);
#4430=CARTESIAN_POINT('',(0.0177959887922427,0.0020000044024652,-0.0920077419825183));
#4431=AXIS2_PLACEMENT_3D('',#5367,#5368,#5369);
#4432=CARTESIAN_POINT('',(0.0177960256512557,0.00560000440227351,-0.0920077373261421));
#4433=VECTOR('',#5370,1.0);
#4434=AXIS2_PLACEMENT_3D('',#5371,#5372,#5373);
#4435=CARTESIAN_POINT('',(0.0200959652433083,-0.000300019146226187,-0.0920077449574253));
#4436=CARTESIAN_POINT('',(0.0200959652433083,-0.000300019146226188,-0.0920077449574253));
#4437=VECTOR('',#5374,1.0);
#4438=CARTESIAN_POINT('',(0.0109959652437853,-0.000299925974832201,-0.0920077449574253));
#4439=CARTESIAN_POINT('',(0.0109959652437853,-0.000299925974832202,-0.0920077449574253));
#4440=VECTOR('',#5375,1.0);
#4441=AXIS2_PLACEMENT_3D('',#5376,#5377,#5378);
#4442=CARTESIAN_POINT('',(0.0294753999938611,0.00199977769903983,-0.00918780961679025));
#4443=CARTESIAN_POINT('',(0.0294754368528741,0.00559977769884814,-0.00918780496041404));
#4444=VECTOR('',#5379,1.0);
#4445=CARTESIAN_POINT('',(0.0249753999940969,0.00199982377280608,-0.00918780961679025));
#4446=CARTESIAN_POINT('',(0.02497543685311,0.00559982377261439,-0.00918780496041404));
#4447=VECTOR('',#5380,1.0);
#4448=AXIS2_PLACEMENT_3D('',#5381,#5382,#5383);
#4449=CARTESIAN_POINT('',(0.0226753764454036,-0.000300152678257578,-0.00918781259169726));
#4450=CARTESIAN_POINT('',(0.0226753764454036,-0.000300152678257576,-0.00918781259169726));
#4451=VECTOR('',#5384,1.0);
#4452=AXIS2_PLACEMENT_3D('',#5385,#5386,#5387);
#4453=CARTESIAN_POINT('',(0.0317753764449267,-0.000300245849651564,-0.00918781259169726));
#4454=CARTESIAN_POINT('',(0.0317753764449267,-0.000300245849651562,-0.00918781259169726));
#4455=VECTOR('',#5388,1.0);
#4456=AXIS2_PLACEMENT_3D('',#5389,#5390,#5391);
#4457=CARTESIAN_POINT('',(-0.0230546000040354,0.00200025206447679,0.0398821903831687));
#4458=CARTESIAN_POINT('',(-0.0230545631450224,0.0056002520642851,0.0398821950395449));
#4459=VECTOR('',#5392,1.0);
#4460=CARTESIAN_POINT('',(-0.0275546000037996,0.00200029813824304,0.0398821903831687));
#4461=AXIS2_PLACEMENT_3D('',#5393,#5394,#5395);
#4462=CARTESIAN_POINT('',(-0.0275545631447866,0.00560029813805135,0.0398821950395449));
#4463=VECTOR('',#5396,1.0);
#4464=AXIS2_PLACEMENT_3D('',#5397,#5398,#5399);
#4465=CARTESIAN_POINT('',(-0.0298546235524929,-0.000299678312820616,0.0398821874082617));
#4466=CARTESIAN_POINT('',(-0.0298546235524929,-0.000299678312820616,0.0398821874082617));
#4467=VECTOR('',#5400,1.0);
#4468=CARTESIAN_POINT('',(-0.0207546235529698,-0.000299771484214601,0.0398821874082617));
#4469=CARTESIAN_POINT('',(-0.0207546235529698,-0.000299771484214602,0.0398821874082617));
#4470=VECTOR('',#5401,1.0);
#4471=AXIS2_PLACEMENT_3D('',#5402,#5403,#5404);
#4472=CARTESIAN_POINT('',(-0.0870546000006809,0.0020009073358191,0.0398821903831687));
#4473=CARTESIAN_POINT('',(-0.0870545631416679,0.00560090733562741,0.0398821950395449));
#4474=VECTOR('',#5405,1.0);
#4475=CARTESIAN_POINT('',(-0.091554600000445,0.00200095340958535,0.0398821903831687));
#4476=CARTESIAN_POINT('',(-0.091554563141432,0.00560095340939367,0.0398821950395449));
#4477=VECTOR('',#5406,1.0);
#4478=AXIS2_PLACEMENT_3D('',#5407,#5408,#5409);
#4479=CARTESIAN_POINT('',(-0.0938546235491383,-0.000299023041478299,0.0398821874082617));
#4480=CARTESIAN_POINT('',(-0.0938546235491383,-0.000299023041478299,0.0398821874082617));
#4481=VECTOR('',#5410,1.0);
#4482=AXIS2_PLACEMENT_3D('',#5411,#5412,#5413);
#4483=CARTESIAN_POINT('',(-0.0847546235496153,-0.000299116212872284,0.0398821874082617));
#4484=CARTESIAN_POINT('',(-0.0847546235496153,-0.000299116212872284,0.0398821874082617));
#4485=VECTOR('',#5414,1.0);
#4486=AXIS2_PLACEMENT_3D('',#5415,#5416,#5417);
#4487=CARTESIAN_POINT('',(-0.0204871124189275,0.00200033662458291,-0.0458178096159998));
#4488=CARTESIAN_POINT('',(-0.0204870755599145,0.00560033662439122,-0.0458178049596236));
#4489=VECTOR('',#5418,1.0);
#4490=CARTESIAN_POINT('',(-0.0249871124186917,0.00200038269834917,-0.0458178096159998));
#4491=CARTESIAN_POINT('',(-0.0249870755596787,0.00560038269815748,-0.0458178049596236));
#4492=VECTOR('',#5419,1.0);
#4493=AXIS2_PLACEMENT_3D('',#5420,#5421,#5422);
#4494=CARTESIAN_POINT('',(-0.027287135967385,-0.000299593752714494,-0.0458178125909069));
#4495=CARTESIAN_POINT('',(-0.027287135967385,-0.000299593752714494,-0.0458178125909069));
#4496=VECTOR('',#5423,1.0);
#4497=AXIS2_PLACEMENT_3D('',#5424,#5425,#5426);
#4498=CARTESIAN_POINT('',(-0.018187135967862,-0.000299686924108479,-0.0458178125909069));
#4499=CARTESIAN_POINT('',(-0.018187135967862,-0.000299686924108479,-0.0458178125909069));
#4500=VECTOR('',#5427,1.0);
#4501=AXIS2_PLACEMENT_3D('',#5428,#5429,#5430);
#4502=CARTESIAN_POINT('',(-0.0896997552035507,0.00570112164304669,-0.0637161218678219));
#4503=CARTESIAN_POINT('',(-0.0896997629642466,-0.000298931583601831,-0.0637160604355886));
#4504=CARTESIAN_POINT('',(-0.0896997590839087,0.00270108724558695,-0.0637160911516255));
#4505=VECTOR('',#5431,1.0);
#4506=CARTESIAN_POINT('',(-0.0896997552035507,0.00570114928730644,-0.0610161218679634));
#4507=AXIS2_PLACEMENT_3D('',#5432,#5433,#5434);
#4508=CARTESIAN_POINT('',(-0.0896997629642868,-0.000298935075883981,-0.0610160604354113));
#4509=CARTESIAN_POINT('',(-0.0896997590839087,0.0027011148898467,-0.0610160911517671));
#4510=VECTOR('',#5435,1.0);
#4511=AXIS2_PLACEMENT_3D('',#5436,#5437,#5438);
#4512=CARTESIAN_POINT('',(-0.089699753263394,0.00720116464514866,-0.0595161372259641));
#4513=CARTESIAN_POINT('',(-0.089699753263394,0.00720116464514866,-0.0595161372259641));
#4514=VECTOR('',#5439,1.0);
#4515=CARTESIAN_POINT('',(-0.089699753263394,0.00720110628504473,-0.0652161372256654));
#4516=CARTESIAN_POINT('',(-0.089699753263394,0.00720110628504473,-0.0652161372256654));
#4517=VECTOR('',#5440,1.0);
#4518=AXIS2_PLACEMENT_3D('',#5441,#5442,#5443);
#4519=CARTESIAN_POINT('',(-0.0604154839617991,0.00570078393529152,-0.093000393119047));
#4520=CARTESIAN_POINT('',(-0.060415491722397,-0.000299193536588199,-0.0930003316875893));
#4521=CARTESIAN_POINT('',(-0.0604154878421081,0.00270078741521618,-0.0930003624032385));
#4522=VECTOR('',#5444,1.0);
#4523=CARTESIAN_POINT('',(-0.0604154839617991,0.00570081157955128,-0.0903003931191885));
#4524=AXIS2_PLACEMENT_3D('',#5445,#5446,#5447);
#4525=CARTESIAN_POINT('',(-0.0604154917224372,-0.000299197028870349,-0.090300331687412));
#4526=CARTESIAN_POINT('',(-0.0604154878421081,0.00270081505947594,-0.09030036240338));
#4527=VECTOR('',#5448,1.0);
#4528=AXIS2_PLACEMENT_3D('',#5449,#5450,#5451);
#4529=CARTESIAN_POINT('',(-0.0604154820216423,0.00720082693739349,-0.0888004084771892));
#4530=CARTESIAN_POINT('',(-0.0604154820216423,0.00720082693739349,-0.0888004084771892));
#4531=VECTOR('',#5452,1.0);
#4532=CARTESIAN_POINT('',(-0.0604154820216424,0.00720076857728956,-0.0945004084768905));
#4533=CARTESIAN_POINT('',(-0.0604154820216424,0.00720076857728956,-0.0945004084768905));
#4534=VECTOR('',#5453,1.0);
#4535=AXIS2_PLACEMENT_3D('',#5454,#5455,#5456);
#4536=CARTESIAN_POINT('',(0.0925347827311765,0.00569923176129945,-0.0623656036484117));
#4537=CARTESIAN_POINT('',(0.0925347212991715,-0.00030079915899754,-0.0623656114090787));
#4538=CARTESIAN_POINT('',(0.092534752015174,0.00269921630115095,-0.0623656075287452));
#4539=VECTOR('',#5457,1.0);
#4540=CARTESIAN_POINT('',(0.089834782731318,0.0056992594055592,-0.0623656036484117));
#4541=AXIS2_PLACEMENT_3D('',#5458,#5459,#5460);
#4542=CARTESIAN_POINT('',(0.0898347212993131,-0.000300771514737785,-0.0623656114090786));
#4543=CARTESIAN_POINT('',(0.0898347520153155,0.00269924394541071,-0.0623656075287452));
#4544=VECTOR('',#5461,1.0);
#4545=AXIS2_PLACEMENT_3D('',#5462,#5463,#5464);
#4546=CARTESIAN_POINT('',(0.0883347980893187,0.00719927476340142,-0.0623656017082549));
#4547=CARTESIAN_POINT('',(0.0883347980893187,0.00719927476340142,-0.0623656017082549));
#4548=VECTOR('',#5465,1.0);
#4549=CARTESIAN_POINT('',(0.0940347980890199,0.00719921640329749,-0.0623656017082549));
#4550=CARTESIAN_POINT('',(0.0940347980890199,0.00719921640329749,-0.0623656017082549));
#4551=VECTOR('',#5466,1.0);
#4552=AXIS2_PLACEMENT_3D('',#5467,#5468,#5469);
#4553=CARTESIAN_POINT('',(0.0632505114799515,0.00569956946905462,-0.0916498748901634));
#4554=CARTESIAN_POINT('',(0.0632504500479466,-0.000300461451242373,-0.0916498826508304));
#4555=CARTESIAN_POINT('',(0.063250480763949,0.00269955400890612,-0.0916498787704969));
#4556=VECTOR('',#5470,1.0);
#4557=CARTESIAN_POINT('',(0.060550511480093,0.00569959711331437,-0.0916498748901634));
#4558=AXIS2_PLACEMENT_3D('',#5471,#5472,#5473);
#4559=CARTESIAN_POINT('',(0.0605504500480881,-0.000300433806982619,-0.0916498826508304));
#4560=CARTESIAN_POINT('',(0.0605504807640905,0.00269958165316588,-0.0916498787704969));
#4561=VECTOR('',#5474,1.0);
#4562=AXIS2_PLACEMENT_3D('',#5475,#5476,#5477);
#4563=CARTESIAN_POINT('',(0.0590505268380937,0.00719961247115658,-0.0916498729500066));
#4564=CARTESIAN_POINT('',(0.0590505268380937,0.00719961247115658,-0.0916498729500066));
#4565=VECTOR('',#5478,1.0);
#4566=CARTESIAN_POINT('',(0.064750526837795,0.00719955411105266,-0.0916498729500066));
#4567=CARTESIAN_POINT('',(0.064750526837795,0.00719955411105266,-0.0916498729500066));
#4568=VECTOR('',#5479,1.0);
#4569=AXIS2_PLACEMENT_3D('',#5480,#5481,#5482);
#4570=CARTESIAN_POINT('',(-0.0640975239717088,0.0097008093012117,-0.0660476314100036));
#4571=CARTESIAN_POINT('',(-0.0640975272038242,0.00720106465707034,-0.0660476058149323));
#4572=CARTESIAN_POINT('',(-0.0640975255871876,0.00845094034450061,-0.0660476186119279));
#4573=VECTOR('',#5483,1.0);
#4574=CARTESIAN_POINT('',(-0.0606894043482324,0.00970078106301017,-0.0711937791878643));
#4575=AXIS2_PLACEMENT_3D('',#5484,#5485,#5486);
#4576=CARTESIAN_POINT('',(-0.060689407581534,0.00720100755945511,-0.0711937535936465));
#4577=CARTESIAN_POINT('',(-0.0606894053180378,0.00895099209905369,-0.071193771511064));
#4578=VECTOR('',#5487,1.0);
#4579=AXIS2_PLACEMENT_3D('',#5488,#5489,#5490);
#4580=CARTESIAN_POINT('',(-0.0552586924451832,0.00720073829355223,-0.0968067507965947));
#4581=CARTESIAN_POINT('',(-0.0552586892115712,0.00970075858882982,-0.0968067763933304));
#4582=CARTESIAN_POINT('',(-0.0552586908283632,0.00845075583023241,-0.0968067635950426));
#4583=VECTOR('',#5491,1.0);
#4584=CARTESIAN_POINT('',(-0.0536096023032331,0.00720081926258255,-0.0886902205851819));
#4585=AXIS2_PLACEMENT_3D('',#5492,#5493,#5494);
#4586=CARTESIAN_POINT('',(-0.0536095990697688,0.00970071858851382,-0.0886902461806879));
#4587=CARTESIAN_POINT('',(-0.0536095977762184,0.0107008055854146,-0.0886902564201934));
#4588=VECTOR('',#5495,1.0);
#4589=AXIS2_PLACEMENT_3D('',#5496,#5497,#5498);
#4590=CARTESIAN_POINT('',(0.065582021023282,0.00969948156232833,-0.0660476436568822));
#4591=CARTESIAN_POINT('',(0.0655819954270618,0.00719951248307826,-0.0660476468904368));
#4592=CARTESIAN_POINT('',(0.0655820082251719,0.00844949702270349,-0.0660476452736595));
#4593=VECTOR('',#5499,1.0);
#4594=CARTESIAN_POINT('',(0.0707281688019962,0.00969942446471305,-0.0626395240345921));
#4595=AXIS2_PLACEMENT_3D('',#5500,#5501,#5502);
#4596=CARTESIAN_POINT('',(0.070728143205776,0.00719945538546303,-0.0626395272681467));
#4597=CARTESIAN_POINT('',(0.0707281611231935,0.00894943992506162,-0.0626395250046505));
#4598=VECTOR('',#5503,1.0);
#4599=AXIS2_PLACEMENT_3D('',#5504,#5505,#5506);
#4600=CARTESIAN_POINT('',(0.0567431606569172,0.00719964276554397,-0.0968067918702492));
#4601=CARTESIAN_POINT('',(0.0567433009539613,0.00969961184376836,-0.0968069033325572));
#4602=CARTESIAN_POINT('',(0.0567431734550454,0.0084496290753921,-0.0968067902534696));
#4603=VECTOR('',#5507,1.0);
#4604=CARTESIAN_POINT('',(0.0648602923154607,0.00719956179004101,-0.0984556386111573));
#4605=AXIS2_PLACEMENT_3D('',#5508,#5509,#5510);
#4606=CARTESIAN_POINT('',(0.0648603179116809,0.00969953086929142,-0.0984556353776027));
#4607=CARTESIAN_POINT('',(0.0648603281504722,0.010699548112873,-0.0984556340841425));
#4608=VECTOR('',#5511,1.0);
#4609=AXIS2_PLACEMENT_3D('',#5512,#5513,#5514);
#4610=CARTESIAN_POINT('',(0.0970486440246661,0.0106991470411357,-0.0565020618452682));
#4611=CARTESIAN_POINT('',(0.0966950642794338,0.0101991511185483,-0.0568555946459497));
#4612=VECTOR('',#5515,1.0);
#4613=CARTESIAN_POINT('',(0.0878495487852402,0.0106992388092657,-0.0546327319962161));
#4614=CARTESIAN_POINT('',(0.0882246357935316,0.00969923616784021,-0.0555597187562911));
#4615=VECTOR('',#5516,1.0);
#4616=AXIS2_PLACEMENT_3D('',#5517,#5518,#5519);
#4617=CARTESIAN_POINT('',(0.0919470559340422,0.0106992334443857,-0.0829200729319393));
#4618=CARTESIAN_POINT('',(0.0910134482629638,0.00969924253971401,-0.0825617505811468));
#4619=VECTOR('',#5520,1.0);
#4620=CARTESIAN_POINT('',(0.0910201052955471,0.00969924244971557,-0.0825448656234121));
#4621=AXIS2_PLACEMENT_3D('',#5521,#5522,#5523);
#4622=CARTESIAN_POINT('',(0.0910201052955471,0.00969924244971557,-0.0825448656234121));
#4623=VECTOR('',#5524,1.0);
#4624=CARTESIAN_POINT('',(0.0882302999646469,0.0106992789160974,-0.0886546193938421));
#4625=CARTESIAN_POINT('',(0.0878761250978772,0.0101992820858309,-0.0883016840832366));
#4626=VECTOR('',#5525,1.0);
#4627=AXIS2_PLACEMENT_3D('',#5526,#5527,#5528);
#4628=CARTESIAN_POINT('',(0.056036349699004,0.010699619996808,-0.0975141541015891));
#4629=CARTESIAN_POINT('',(0.0563898826768946,0.0101996159197752,-0.0971605860650045));
#4630=VECTOR('',#5529,1.0);
#4631=CARTESIAN_POINT('',(0.0652355055901525,0.010699528226897,-0.0993825870973297));
#4632=CARTESIAN_POINT('',(0.0648603179116809,0.00969953086929142,-0.0984556353776027));
#4633=VECTOR('',#5530,1.0);
#4634=AXIS2_PLACEMENT_3D('',#5531,#5532,#5533);
#4635=CARTESIAN_POINT('',(0.06487492448088,0.0106994878874707,-0.0653405355821163));
#4636=CARTESIAN_POINT('',(0.065228472752081,0.0101994847248995,-0.0656940896194992));
#4637=VECTOR('',#5534,1.0);
#4638=CARTESIAN_POINT('',(0.0621739013991668,0.00969952311297433,-0.0711937914345367));
#4639=AXIS2_PLACEMENT_3D('',#5535,#5536,#5537);
#4640=CARTESIAN_POINT('',(0.0612469261713381,0.0106995321188035,-0.070818692893813));
#4641=CARTESIAN_POINT('',(0.0621739013991668,0.00969952311297433,-0.0711937914345367));
#4642=VECTOR('',#5538,0.999999999999999);
#4643=AXIS2_PLACEMENT_3D('',#5539,#5540,#5541);
#4644=CARTESIAN_POINT('',(-0.0948566721836365,0.00720119493953605,-0.0572087710447876));
#4645=CARTESIAN_POINT('',(-0.0948566689501393,0.00970111279976309,-0.0572087966404923));
#4646=CARTESIAN_POINT('',(-0.0948566705668747,0.00845116751857045,-0.0572087838427753));
#4647=VECTOR('',#5542,1.0);
#4648=CARTESIAN_POINT('',(-0.0965055189245446,0.00720111396403308,-0.0653259027033311));
#4649=AXIS2_PLACEMENT_3D('',#5543,#5544,#5545);
#4650=CARTESIAN_POINT('',(-0.0965055156909161,0.00970114018067479,-0.0653259283001363));
#4651=CARTESIAN_POINT('',(-0.0965055143975299,0.0107011002868651,-0.0653259385383426));
#4652=VECTOR('',#5546,1.0);
#4653=AXIS2_PLACEMENT_3D('',#5547,#5548,#5549);
#4654=CARTESIAN_POINT('',(-0.0750576176425181,0.00720080791269089,-0.0925082728506149));
#4655=CARTESIAN_POINT('',(-0.0750576273431107,-0.000299044257949675,-0.092508196062518));
#4656=CARTESIAN_POINT('',(-0.0750576260498817,0.00070079423605539,-0.0925082062994791));
#4657=VECTOR('',#5550,1.0);
#4658=CARTESIAN_POINT('',(-0.0806032929269248,0.00720082559091684,-0.091482231730049));
#4659=AXIS2_PLACEMENT_3D('',#5551,#5552,#5553);
#4660=CARTESIAN_POINT('',(-0.0806032916454086,0.00819160862813721,-0.0914822418742948));
#4661=CARTESIAN_POINT('',(-0.0806033013342884,0.000700811914281339,-0.0914821651789133));
#4662=VECTOR('',#5554,1.0);
#4663=CARTESIAN_POINT('',(-0.080611632834651,0.00820082563440242,-0.0914790432932288));
#4664=CARTESIAN_POINT('',(-0.080611632834651,0.00820082563440242,-0.0914790432932288));
#4665=CARTESIAN_POINT('',(-0.0806103218819186,0.0081993768419302,-0.0914795464353401));
#4666=CARTESIAN_POINT('',(-0.0806090108570315,0.00819792804527894,-0.091480049400757));
#4667=CARTESIAN_POINT('',(-0.0806055336650497,0.00819408570012102,-0.091481382858804));
#4668=CARTESIAN_POINT('',(-0.0806033414405011,0.0081916612282126,-0.0914822228737706));
#4669=CARTESIAN_POINT('',(-0.0806011203768039,0.00818920985757378,-0.0914830735824241));
#4670=CARTESIAN_POINT('',(-0.0806099027244986,0.00970101825347761,-0.0914797256167102));
#4671=CARTESIAN_POINT('',(-0.0806116425354524,0.00070081195782017,-0.0914789665034783));
#4672=VECTOR('',#5555,1.0);
#4673=CARTESIAN_POINT('',(-0.0895092599972466,0.00970110342405995,-0.0826118661091502));
#4674=AXIS2_PLACEMENT_3D('',#5556,#5557,#5558);
#4675=CARTESIAN_POINT('',(-0.0895096183519108,0.00720092794056494,-0.0826109271364287));
#4676=CARTESIAN_POINT('',(-0.0895089164005053,0.000700914244307672,-0.0826126872932538));
#4677=VECTOR('',#5559,1.0);
#4678=CARTESIAN_POINT('',(-0.075057617642518,0.00720112530974733,-0.0615082728522397));
#4679=AXIS2_PLACEMENT_3D('',#5560,#5561,#5562);
#4680=CARTESIAN_POINT('',(-0.0750576273435729,-0.000299084354522506,-0.0615081960604826));
#4681=CARTESIAN_POINT('',(-0.0750576260498816,0.000701111633111825,-0.061508206301104));
#4682=VECTOR('',#5563,1.0);
#4683=AXIS2_PLACEMENT_3D('',#5564,#5565,#5566);
#4684=CARTESIAN_POINT('',(-0.0806081755368722,0.00894170838431936,-0.0914803848060161));
#4685=VECTOR('',#5567,1.0);
#4686=CARTESIAN_POINT('',(-0.0633904069512375,0.0107008011467659,-0.0653405233348536));
#4687=CARTESIAN_POINT('',(-0.0637439654614732,0.0102008052239889,-0.0656940773724286));
#4688=VECTOR('',#5568,1.0);
#4689=CARTESIAN_POINT('',(-0.0597624086433999,0.0107007710867449,-0.0708186806475543));
#4690=AXIS2_PLACEMENT_3D('',#5569,#5570,#5571);
#4691=CARTESIAN_POINT('',(-0.0597624086433999,0.0107007710867449,-0.0708186806475543));
#4692=VECTOR('',#5572,1.0);
#4693=CARTESIAN_POINT('',(-0.0904412358336489,0.0107011009180491,-0.0829743575681862));
#4694=CARTESIAN_POINT('',(-0.0895089047593201,0.00970110341424921,-0.0826127794427232));
#4695=VECTOR('',#5573,1.0);
#4696=CARTESIAN_POINT('',(-0.0895142930590987,0.00970110356044353,-0.0825991814217671));
#4697=CARTESIAN_POINT('',(-0.0895142930590987,0.00970110356044353,-0.0825991814217671));
#4698=VECTOR('',#5574,1.0);
#4699=AXIS2_PLACEMENT_3D('',#5575,#5576,#5577);
#4700=CARTESIAN_POINT('',(0.0912959887884168,0.00199925445115868,-0.0940077419825166));
#4701=CARTESIAN_POINT('',(0.0912960778643649,0.0106992544506954,-0.0940077307296075));
#4702=CARTESIAN_POINT('',(0.0912960778643649,0.0106992544506954,-0.0940077307296075));
#4703=VECTOR('',#5578,1.0);
#4704=CARTESIAN_POINT('',(0.0957959887881809,0.00199920837739242,-0.0940077419825166));
#4705=AXIS2_PLACEMENT_3D('',#5579,#5580,#5581);
#4706=CARTESIAN_POINT('',(0.095796077864129,0.0106992083769292,-0.0940077307296074));
#4707=CARTESIAN_POINT('',(0.095796077864129,0.0106992083769292,-0.0940077307296074));
#4708=VECTOR('',#5582,1.0);
#4709=CARTESIAN_POINT('',(0.0930460778643022,0.0106992393705874,-0.0962014718264536));
#4710=AXIS2_PLACEMENT_3D('',#5583,#5584,#5585);
#4711=AXIS2_PLACEMENT_3D('',#5586,#5587,#5588);
#4712=CARTESIAN_POINT('',(0.0980959652392464,-0.00030081517129897,-0.0940077449574236));
#4713=CARTESIAN_POINT('',(0.0980959652392464,-0.000300815171298968,-0.0940077449574236));
#4714=VECTOR('',#5589,1.0);
#4715=CARTESIAN_POINT('',(0.0889959652397235,-0.000300721999904984,-0.0940077449574236));
#4716=CARTESIAN_POINT('',(0.0889959652397235,-0.000300721999904982,-0.0940077449574236));
#4717=VECTOR('',#5590,1.0);
#4718=AXIS2_PLACEMENT_3D('',#5591,#5592,#5593);
#4719=CARTESIAN_POINT('',(-0.0943074107371746,0.00200115477286668,-0.0940077487537369));
#4720=CARTESIAN_POINT('',(-0.0943073216612265,0.0107011547724033,-0.0940077375008277));
#4721=CARTESIAN_POINT('',(-0.0943073216612265,0.0107011547724034,-0.0940077375008277));
#4722=VECTOR('',#5594,1.0);
#4723=CARTESIAN_POINT('',(-0.0898074107374105,0.00200110869910043,-0.0940077487537369));
#4724=AXIS2_PLACEMENT_3D('',#5595,#5596,#5597);
#4725=CARTESIAN_POINT('',(-0.0898073216614624,0.0107011086986371,-0.0940077375008277));
#4726=CARTESIAN_POINT('',(-0.0898073216614624,0.0107011086986372,-0.0940077375008277));
#4727=VECTOR('',#5598,1.0);
#4728=AXIS2_PLACEMENT_3D('',#5599,#5600,#5601);
#4729=CARTESIAN_POINT('',(-0.0875074342863449,-0.00029891484959096,-0.0940077517286439));
#4730=CARTESIAN_POINT('',(-0.0875074342863449,-0.000298914849590961,-0.0940077517286439));
#4731=VECTOR('',#5602,1.0);
#4732=CARTESIAN_POINT('',(-0.0966074342858679,-0.000298821678196974,-0.0940077517286439));
#4733=CARTESIAN_POINT('',(-0.0966074342858679,-0.000298821678196975,-0.0940077517286439));
#4734=VECTOR('',#5603,1.0);
#4735=CARTESIAN_POINT('',(-0.0915574342860727,-0.000298867533701123,-0.0985301957581445));
#4736=AXIS2_PLACEMENT_3D('',#5604,#5605,#5606);
#4737=AXIS2_PLACEMENT_3D('',#5607,#5608,#5609);
#4738=CARTESIAN_POINT('',(0.0778452435884737,0.000699338693348666,-0.0526646350615365));
#4739=CARTESIAN_POINT('',(0.0778452876705398,0.00501075034805474,-0.0526646411000284));
#4740=VECTOR('',#5610,1.0);
#4741=CARTESIAN_POINT('',(0.081445243588285,0.000699301834335661,-0.0526646350615364));
#4742=AXIS2_PLACEMENT_3D('',#5611,#5612,#5613);
#4743=CARTESIAN_POINT('',(0.0814453304965958,0.00919930051931708,-0.0526646469664941));
#4744=CARTESIAN_POINT('',(0.0814452876703517,0.00501071353982331,-0.0526646411000284));
#4745=VECTOR('',#5614,1.0);
#4746=CARTESIAN_POINT('',(0.0796453304967555,0.00919932533920264,-0.0544646469665049));
#4747=CARTESIAN_POINT('',(0.0798667543899885,0.00919932304214406,-0.0544569086160422));
#4748=CARTESIAN_POINT('',(0.0800830174896166,0.00919932070994078,-0.0544242880154428));
#4749=CARTESIAN_POINT('',(0.0809634781291194,0.00919931049514381,-0.054088053784165));
#4750=CARTESIAN_POINT('',(0.0814453304966219,0.00919930307667765,-0.0533873805097442));
#4751=CARTESIAN_POINT('',(0.0814453304965958,0.00919930051931708,-0.0526646469664941));
#4752=CARTESIAN_POINT('',(0.0796453458545688,0.0106993147015578,-0.0493646450263282));
#4753=CARTESIAN_POINT('',(0.0799753458545475,0.010699311322815,-0.0493646450263282));
#4754=CARTESIAN_POINT('',(0.0803053014950993,0.0106993080090274,-0.0494145129440072));
#4755=CARTESIAN_POINT('',(0.0806205625364927,0.0106993049073292,-0.0495120346122036));
#4756=CARTESIAN_POINT('',(0.0811249802027222,0.0106992999446122,-0.0496680692813178));
#4757=CARTESIAN_POINT('',(0.081590805589745,0.0106992955363716,-0.0499472988175364));
#4758=CARTESIAN_POINT('',(0.0819661679377998,0.0106992921734754,-0.0503186303508673));
#4759=CARTESIAN_POINT('',(0.0825667476946876,0.0106992867928415,-0.0509127608041967));
#4760=CARTESIAN_POINT('',(0.0829252317629956,0.010699284198708,-0.051744843163494));
#4761=CARTESIAN_POINT('',(0.0829444884319365,0.0106992850939588,-0.0525894236633256));
#4762=CARTESIAN_POINT('',(0.0829752991022419,0.01069928652636,-0.0539407524630561));
#4763=CARTESIAN_POINT('',(0.0820853757523657,0.010699297351134,-0.055265278203101));
#4764=CARTESIAN_POINT('',(0.0808226393333684,0.0106993109035265,-0.0557474976120034));
#4765=CARTESIAN_POINT('',(0.0804477720082391,0.010699314926812,-0.0558906536160761));
#4766=CARTESIAN_POINT('',(0.0800466177736211,0.010699319129779,-0.0559646450263466));
#4767=CARTESIAN_POINT('',(0.0796453458546561,0.0106993232382475,-0.0559646450263466));
#4768=CARTESIAN_POINT('',(0.0814453304965958,0.00919930051931708,-0.0526646469664941));
#4769=CARTESIAN_POINT('',(0.0814453135182891,0.00919930047106246,-0.0526509605849855));
#4770=CARTESIAN_POINT('',(0.0814451745880888,0.00919930042411865,-0.052637291374379));
#4771=CARTESIAN_POINT('',(0.0814343591739692,0.00919929885649826,-0.0521629368594897));
#4772=CARTESIAN_POINT('',(0.0812388224094358,0.00919929925484795,-0.0517090737544148));
#4773=CARTESIAN_POINT('',(0.0807064903521826,0.00919930284804233,-0.0511824581253259));
#4774=CARTESIAN_POINT('',(0.0804524037774381,0.00919930491359203,-0.0510301511055728));
#4775=CARTESIAN_POINT('',(0.0800053063005507,0.00919930900712583,-0.0508918476488578));
#4776=CARTESIAN_POINT('',(0.0798253304966136,0.00919931075569595,-0.0508646469664835));
#4777=CARTESIAN_POINT('',(0.0796453304966252,0.0091993126007625,-0.0508646469664835));
#4778=CARTESIAN_POINT('',(0.0779160819418842,0.00069933732134314,-0.0521646350615355));
#4779=AXIS2_PLACEMENT_3D('',#5615,#5616,#5617);
#4780=AXIS2_PLACEMENT_3D('',#5618,#5619,#5620);
#4781=AXIS2_PLACEMENT_3D('',#5621,#5622,#5623);
#4782=AXIS2_PLACEMENT_3D('',#5624,#5625,#5626);
#4783=CARTESIAN_POINT('',(-0.0915573216613997,0.0107011237787451,-0.0918139964039815));
#4784=AXIS2_PLACEMENT_3D('',#5627,#5628,#5629);
#4785=AXIS2_PLACEMENT_3D('',#5630,#5631,#5632);
#4786=CARTESIAN_POINT('',(0.0930459652394513,-0.000300769315794822,-0.089485300927923));
#4787=AXIS2_PLACEMENT_3D('',#5633,#5634,#5635);
#4788=AXIS2_PLACEMENT_3D('',#5636,#5637,#5638);
#4789=AXIS2_PLACEMENT_3D('',#5639,#5640,#5641);
#4790=AXIS2_PLACEMENT_3D('',#5642,#5643,#5644);
#4791=CARTESIAN_POINT('',(0.0541671208865995,0.0106996272367945,-0.0883151598834982));
#4792=CARTESIAN_POINT('',(0.110219296096142,0.0106988741694315,0.0502077222878327));
#4793=VECTOR('',#5645,1.0);
#4794=AXIS2_PLACEMENT_3D('',#5646,#5647,#5648);
#4795=CARTESIAN_POINT('',(0.0825087587102549,0.0106993423300014,-0.0923913644657054));
#4796=CARTESIAN_POINT('',(0.107172718288613,0.0106990768934049,-0.0824088075500649));
#4797=VECTOR('',#5649,1.0);
#4798=AXIS2_PLACEMENT_3D('',#5650,#5651,#5652);
#4799=CARTESIAN_POINT('',(0.0989168687829252,0.0106991398118504,-0.0657013815793345));
#4800=CARTESIAN_POINT('',(0.140873702156191,0.0106985761633326,0.0379515829479293));
#4801=VECTOR('',#5653,1.0);
#4802=AXIS2_PLACEMENT_3D('',#5654,#5655,#5656);
#4803=CARTESIAN_POINT('',(0.0703530817937048,0.0106994271061383,-0.0617125372745171));
#4804=CARTESIAN_POINT('',(0.0948937641473889,0.0106991629994624,-0.0517823466511887));
#4805=VECTOR('',#5657,0.999999999999999);
#4806=AXIS2_PLACEMENT_3D('',#5658,#5659,#5660);
#4807=AXIS2_PLACEMENT_3D('',#5661,#5662,#5663);
#4808=AXIS2_PLACEMENT_3D('',#5664,#5665,#5666);
#4809=AXIS2_PLACEMENT_3D('',#5667,#5668,#5669);
#4810=AXIS2_PLACEMENT_3D('',#5670,#5671,#5672);
#4811=AXIS2_PLACEMENT_3D('',#5673,#5674,#5675);
#4812=CARTESIAN_POINT('',(0.0910796363163548,0.0106990857780475,0.0381120396193913));
#4813=CARTESIAN_POINT('',(0.0970796353275981,0.0106990243495195,0.0381096041326991));
#4814=CARTESIAN_POINT('',(0.0910796363163548,0.0106990857780475,0.0381120396193913));
#4815=CARTESIAN_POINT('',(0.0910796363163471,0.0106990852775357,0.0384990020390019));
#4816=CARTESIAN_POINT('',(0.0911573357617028,0.0106990839723889,0.038893000170619));
#4817=CARTESIAN_POINT('',(0.0914511566135232,0.0106990800379934,0.039608981290335));
#4818=CARTESIAN_POINT('',(0.0916726202413259,0.0106990773372098,0.0399439821755332));
#4819=CARTESIAN_POINT('',(0.0922162652358478,0.0106990710585784,0.0404948086243195));
#4820=CARTESIAN_POINT('',(0.0925483311014798,0.0106990673665731,0.0407206492592978));
#4821=CARTESIAN_POINT('',(0.0932603948838861,0.0106990596838676,0.0410238403319737));
#4822=CARTESIAN_POINT('',(0.0936533394731268,0.0106990555534811,0.0411067033594227));
#4823=CARTESIAN_POINT('',(0.0944271976737418,0.0106990476171091,0.0411168592507637));
#4824=CARTESIAN_POINT('',(0.0948221814975117,0.0106990436668253,0.0410443367680538));
#4825=CARTESIAN_POINT('',(0.0955419566557606,0.0106990366651785,0.04075993673575));
#4826=CARTESIAN_POINT('',(0.0958798348701694,0.0106990334865124,0.0405428882532175));
#4827=CARTESIAN_POINT('',(0.0964377479155973,0.0106990284680168,0.0400065183337109));
#4828=CARTESIAN_POINT('',(0.0966679266658042,0.0106990265369416,0.0396774446725149));
#4829=CARTESIAN_POINT('',(0.0969804357468582,0.0106990242530663,0.0389694208515487));
#4830=CARTESIAN_POINT('',(0.0970684480865615,0.010699023858741,0.0385775974734898));
#4831=CARTESIAN_POINT('',(0.097079312309463,0.0106990242827886,0.0381637529521741));
#4832=CARTESIAN_POINT('',(0.0970796573193728,0.0106990243142562,0.0381366932985216));
#4833=CARTESIAN_POINT('',(0.0970796353275981,0.0106990243495195,0.0381096041326991));
#4834=CARTESIAN_POINT('',(0.0970796353275981,0.0106990243495195,0.0381096041326991));
#4835=CARTESIAN_POINT('',(0.0970790112536801,0.0106990248225766,0.0377488079438424));
#4836=CARTESIAN_POINT('',(0.0970118248006639,0.0106990259839127,0.0373827756976528));
#4837=CARTESIAN_POINT('',(0.0967464948529652,0.0106990296035805,0.036684592436778));
#4838=CARTESIAN_POINT('',(0.0965338988935735,0.0106990322209395,0.0363438950790344));
#4839=CARTESIAN_POINT('',(0.0960048964172085,0.0106990383678596,0.0357789915149188));
#4840=CARTESIAN_POINT('',(0.095678871630123,0.0106990420091835,0.0355445142884534));
#4841=CARTESIAN_POINT('',(0.0949750096991197,0.0106990496319484,0.0352227410160269));
#4842=CARTESIAN_POINT('',(0.0945843750079773,0.0106990537519857,0.035129594520617));
#4843=CARTESIAN_POINT('',(0.0938110498474848,0.0106990617091631,0.0350991338420997));
#4844=CARTESIAN_POINT('',(0.0934142988574213,0.0106990656909797,0.035161265825985));
#4845=CARTESIAN_POINT('',(0.0926873081106312,0.0106990727910626,0.0354266789207777));
#4846=CARTESIAN_POINT('',(0.0923438502808659,0.0106990760384217,0.035634785746025));
#4847=CARTESIAN_POINT('',(0.0917720534798425,0.0106990812182442,0.0361563296800806));
#4848=CARTESIAN_POINT('',(0.0915333181563415,0.0106990832448866,0.036479249448526));
#4849=CARTESIAN_POINT('',(0.0912735240559522,0.0106990851945751,0.0370283621629331));
#4850=CARTESIAN_POINT('',(0.0912008970094157,0.0106990856651985,0.0372394097721399));
#4851=CARTESIAN_POINT('',(0.0911042441664571,0.0106990860982361,0.037669699928665));
#4852=CARTESIAN_POINT('',(0.0910796363163592,0.0106990860632582,0.0378915337289628));
#4853=CARTESIAN_POINT('',(0.0910796363163548,0.0106990857780475,0.0381120396193913));
#4854=CARTESIAN_POINT('',(-0.0920573016886688,0.0107011433762594,-0.10300773988916));
#4855=CARTESIAN_POINT('',(0.0935462327626961,0.0106992430531787,-0.103007739926466));
#4856=CARTESIAN_POINT('',(0.0123453954814115,0.0107000744372669,-0.103007739910145));
#4857=VECTOR('',#5676,1.0);
#4858=AXIS2_PLACEMENT_3D('',#5677,#5678,#5679);
#4859=CARTESIAN_POINT('',(-0.100257301664472,0.0107010636065088,0.0235746028376111));
#4860=AXIS2_PLACEMENT_3D('',#5680,#5681,#5682);
#4861=AXIS2_PLACEMENT_3D('',#5683,#5684,#5685);
#4862=CARTESIAN_POINT('',(0.0987178287297032,0.0106989977689943,0.0456922600723699));
#4863=CARTESIAN_POINT('',(0.0547953955071049,0.0106994474738658,0.0456922600811982));
#4864=VECTOR('',#5686,1.0);
#4865=AXIS2_PLACEMENT_3D('',#5687,#5688,#5689);
#4866=CARTESIAN_POINT('',(0.102546232789192,0.0106989651305213,0.0406212153238442));
#4867=AXIS2_PLACEMENT_3D('',#5690,#5691,#5692);
#4868=CARTESIAN_POINT('',(0.102546232763914,0.0106991392647057,-0.0940077399282825));
#4869=CARTESIAN_POINT('',(0.10254623282516,0.0106987173452536,0.232192283482669));
#4870=VECTOR('',#5693,1.0);
#4871=AXIS2_PLACEMENT_3D('',#5694,#5695,#5696);
#4872=AXIS2_PLACEMENT_3D('',#5697,#5698,#5699);
#4873=AXIS2_PLACEMENT_3D('',#5700,#5701,#5702);
#4874=AXIS2_PLACEMENT_3D('',#5703,#5704,#5705);
#4875=CARTESIAN_POINT('',(-0.0974324584652423,0.010701150156605,-0.0657011044466005));
#4876=CARTESIAN_POINT('',(-0.0863650312520563,0.0107010225252142,-0.0546327197411687));
#4877=AXIS2_PLACEMENT_3D('',#5706,#5707,#5708);
#4878=CARTESIAN_POINT('',(-0.138277754377568,0.010701437826372,0.0352155981488518));
#4879=VECTOR('',#5709,1.0);
#4880=CARTESIAN_POINT('',(-0.0809699442995895,0.0107010161529949,-0.0924126547915372));
#4881=AXIS2_PLACEMENT_3D('',#5710,#5711,#5712);
#4882=CARTESIAN_POINT('',(-0.0637512529471974,0.0107008488724677,-0.0993824676399918));
#4883=CARTESIAN_POINT('',(-0.0989618367194228,0.0107011909452127,-0.0851298642258047));
#4884=VECTOR('',#5713,1.0);
#4885=CARTESIAN_POINT('',(-0.0526826033645169,0.0107007212299387,-0.088315147640344));
#4886=AXIS2_PLACEMENT_3D('',#5714,#5715,#5716);
#4887=CARTESIAN_POINT('',(-0.107637009934497,0.0107011082252148,0.0474947966799601));
#4888=VECTOR('',#5717,1.0);
#4889=CARTESIAN_POINT('',(-0.0688685642623232,0.0107008525429177,-0.0617125250247832));
#4890=AXIS2_PLACEMENT_3D('',#5718,#5719,#5720);
#4891=CARTESIAN_POINT('',(-0.086704711156277,0.0107010258252845,-0.054495270987116));
#4892=VECTOR('',#5721,1.0);
#4893=CARTESIAN_POINT('',(-0.0965055156909161,0.00970114018067479,-0.0653259283001363));
#4894=VECTOR('',#5722,1.0);
#4895=CARTESIAN_POINT('',(-0.086740138737794,0.00970102756474177,-0.0555597065008362));
#4896=CARTESIAN_POINT('',(-0.0863650312520563,0.0107010225252142,-0.0546327197411687));
#4897=VECTOR('',#5723,1.0);
#4898=AXIS2_PLACEMENT_3D('',#5724,#5725,#5726);
#4899=CARTESIAN_POINT('',(-0.137350811603018,0.00970144046876641,0.0355907742952708));
#4900=VECTOR('',#5727,1.0);
#4901=CARTESIAN_POINT('',(-0.0692436717482238,0.00970084353708889,-0.0626395117846645));
#4902=CARTESIAN_POINT('',(-0.0688685642623232,0.0107008525429177,-0.0617125250247832));
#4903=VECTOR('',#5728,1.0);
#4904=CARTESIAN_POINT('',(-0.0870798186421776,0.00970101681945567,-0.0554222577469973));
#4905=VECTOR('',#5729,1.0);
#4906=AXIS2_PLACEMENT_3D('',#5730,#5731,#5732);
#4907=CARTESIAN_POINT('',(-0.0806116308942541,0.00970101127676015,-0.0914790586530516));
#4908=VECTOR('',#5733,1.0);
#4909=CARTESIAN_POINT('',(-0.0526826033645169,0.0107007212299387,-0.088315147640344));
#4910=VECTOR('',#5734,1.0);
#4911=CARTESIAN_POINT('',(-0.108564005639749,0.00970110558378996,0.0471196981396162));
#4912=VECTOR('',#5735,1.0);
#4913=CARTESIAN_POINT('',(-0.0805947459365014,0.00970102515832475,-0.0914857156857779));
#4914=AXIS2_PLACEMENT_3D('',#5736,#5737,#5738);
#4915=CARTESIAN_POINT('',(-0.0805947459365014,0.00970102515832475,-0.0914857156857779));
#4916=VECTOR('',#5739,1.0);
#4917=CARTESIAN_POINT('',(-0.06337605458401,0.00970084383196484,-0.0984555285337631));
#4918=CARTESIAN_POINT('',(-0.0637512529471974,0.0107008488724677,-0.0993824676399918));
#4919=VECTOR('',#5740,1.0);
#4920=AXIS2_PLACEMENT_3D('',#5741,#5742,#5743);
#4921=CARTESIAN_POINT('',(-0.0985866383560725,0.00970119995054254,-0.0842029251193622));
#4922=VECTOR('',#5744,1.0);
#4923=CARTESIAN_POINT('',(-0.0805947575777178,0.000700811867821734,-0.0914856235360616));
#4924=VECTOR('',#5745,1.0);
#4925=CARTESIAN_POINT('',(-0.0610533417375035,-0.000299199098361223,-0.0836512363785773));
#4926=AXIS2_PLACEMENT_3D('',#5746,#5747,#5748);
#4927=AXIS2_PLACEMENT_3D('',#5749,#5750,#5751);
#4928=AXIS2_PLACEMENT_3D('',#5752,#5753,#5754);
#4929=CARTESIAN_POINT('',(-0.0895142962929203,0.0072009280671375,-0.0825991558234335));
#4930=CARTESIAN_POINT('',(-0.0895143047002839,0.000700914390502,-0.0825990892722977));
#4931=VECTOR('',#5755,1.0);
#4932=AXIS2_PLACEMENT_3D('',#5756,#5757,#5758);
#4933=CARTESIAN_POINT('',(-0.072360201703681,0.00720047193906109,-0.124981873911366));
#4934=VECTOR('',#5759,1.0);
#4935=CARTESIAN_POINT('',(-0.0867401419711638,0.00720120132570737,-0.0555596809060784));
#4936=CARTESIAN_POINT('',(-0.0867401374441491,0.0107011876485394,-0.0555597167410899));
#4937=VECTOR('',#5760,1.0);
#4938=AXIS2_PLACEMENT_3D('',#5761,#5762,#5763);
#4939=CARTESIAN_POINT('',(0.0703530817937048,0.0106994271061383,-0.0617125372745171));
#4940=VECTOR('',#5764,1.0);
#4941=CARTESIAN_POINT('',(0.0550940961144283,0.0096996182309657,-0.0886902584242219));
#4942=CARTESIAN_POINT('',(0.0550940961144283,0.0096996182309657,-0.0886902584242219));
#4943=VECTOR('',#5765,1.0);
#4944=CARTESIAN_POINT('',(0.111146271323971,0.00969886516360269,0.049832623747109));
#4945=VECTOR('',#5766,1.0);
#4946=AXIS2_PLACEMENT_3D('',#5767,#5768,#5769);
#4947=CARTESIAN_POINT('',(0.0821335710317833,0.00969934497239583,-0.0914644127459783));
#4948=CARTESIAN_POINT('',(0.0821335710317833,0.00969934497239583,-0.0914644127459783));
#4949=VECTOR('',#5770,0.999999999999999);
#4950=CARTESIAN_POINT('',(0.106797530610141,0.00969907953579935,-0.0814818558303378));
#4951=VECTOR('',#5771,1.0);
#4952=CARTESIAN_POINT('',(0.0821471690527394,0.00969934482620151,-0.0914590244461997));
#4953=VECTOR('',#5772,0.999999999999999);
#4954=AXIS2_PLACEMENT_3D('',#5773,#5774,#5775);
#4955=CARTESIAN_POINT('',(0.0979899181444301,0.00969914881718027,-0.0653261742708073));
#4956=CARTESIAN_POINT('',(0.0979899181444301,0.00969914881718027,-0.0653261742708073));
#4957=VECTOR('',#5776,1.0);
#4958=CARTESIAN_POINT('',(0.139946751517696,0.00969858516866246,0.0383267902564565));
#4959=VECTOR('',#5777,1.0);
#4960=AXIS2_PLACEMENT_3D('',#5778,#5779,#5780);
#4961=CARTESIAN_POINT('',(0.0952688511556802,0.00969916035803751,-0.0527093334112637));
#4962=VECTOR('',#5781,0.999999999999999);
#4963=CARTESIAN_POINT('',(0.0821335454355631,0.00719937589314543,-0.0914644159795329));
#4964=CARTESIAN_POINT('',(0.0821334788844273,0.000699362216509926,-0.0914644243868965));
#4965=VECTOR('',#5782,1.0);
#4966=AXIS2_PLACEMENT_3D('',#5783,#5784,#5785);
#4967=CARTESIAN_POINT('',(0.124516263523496,0.00719891976506902,-0.0743103213902934));
#4968=VECTOR('',#5786,1.0);
#4969=CARTESIAN_POINT('',(0.055094070518208,0.0071996491517153,-0.0886902616577765));
#4970=CARTESIAN_POINT('',(0.0550941063532195,0.0106996354745473,-0.0886902571307618));
#4971=VECTOR('',#5787,1.0);
#4972=AXIS2_PLACEMENT_3D('',#5788,#5789,#5790);
#4973=CARTESIAN_POINT('',(0.0621738758029466,0.00719955403372431,-0.0711937946680913));
#4974=CARTESIAN_POINT('',(0.0621738937203641,0.00894953857332289,-0.0711937924045951));
#4975=VECTOR('',#5791,1.0);
#4976=CARTESIAN_POINT('',(0.0761248340709572,0.00719936660100979,-0.0367165073708128));
#4977=VECTOR('',#5792,1.0);
#4978=AXIS2_PLACEMENT_3D('',#5793,#5794,#5795);
#4979=CARTESIAN_POINT('',(-0.0633760578177494,0.00720073191192178,-0.0984555029360804));
#4980=CARTESIAN_POINT('',(-0.0633760532907347,0.010700718234754,-0.0984555387710918));
#4981=VECTOR('',#5796,1.0);
#4982=AXIS2_PLACEMENT_3D('',#5797,#5798,#5799);
#4983=AXIS2_PLACEMENT_3D('',#5800,#5801,#5802);
#4984=CARTESIAN_POINT('',(-0.0692436749814787,0.00720110620771638,-0.0626394861908171));
#4985=CARTESIAN_POINT('',(-0.0347663876842002,0.00720091877500186,-0.0765904444588278));
#4986=VECTOR('',#5803,1.0);
#4987=AXIS2_PLACEMENT_3D('',#5804,#5805,#5806);
#4988=CARTESIAN_POINT('',(-0.0435843953381131,0.00720055262882016,-0.113465718759706));
#4989=VECTOR('',#5807,1.0);
#4990=CARTESIAN_POINT('',(-0.046254987790388,0.00720063881023606,-0.105385800449386));
#4991=VECTOR('',#5808,1.0);
#4992=AXIS2_PLACEMENT_3D('',#5809,#5810,#5811);
#4993=CARTESIAN_POINT('',(-0.0692436727179824,0.00895109074731496,-0.0626395041082346));
#4994=VECTOR('',#5812,1.0);
#4995=AXIS2_PLACEMENT_3D('',#5813,#5814,#5815);
#4996=AXIS2_PLACEMENT_3D('',#5816,#5817,#5818);
#4997=AXIS2_PLACEMENT_3D('',#5819,#5820,#5821);
#4998=CARTESIAN_POINT('',(0.113000108371836,0.00719900045482809,-0.0455345150247255));
#4999=VECTOR('',#5822,0.999999999999999);
#5000=CARTESIAN_POINT('',(0.0979898925482098,0.00719917973792971,-0.0653261775043619));
#5001=AXIS2_PLACEMENT_3D('',#5823,#5824,#5825);
#5002=CARTESIAN_POINT('',(0.104920190061515,0.00719908663624398,-0.0482051074770005));
#5003=VECTOR('',#5826,1.0);
#5004=AXIS2_PLACEMENT_3D('',#5827,#5828,#5829);
#5005=AXIS2_PLACEMENT_3D('',#5830,#5831,#5832);
#5006=AXIS2_PLACEMENT_3D('',#5833,#5834,#5835);
#5007=AXIS2_PLACEMENT_3D('',#5836,#5837,#5838);
#5008=AXIS2_PLACEMENT_3D('',#5839,#5840,#5841);
#5009=CARTESIAN_POINT('',(-0.059588066748176,-0.000299205134136469,-0.0905836227711166));
#5010=AXIS2_PLACEMENT_3D('',#5842,#5843,#5844);
#5011=AXIS2_PLACEMENT_3D('',#5845,#5846,#5847);
#5012=AXIS2_PLACEMENT_3D('',#5848,#5849,#5850);
#5013=CARTESIAN_POINT('',(-0.0888723379900256,-0.0002989431811501,-0.0612993515191158));
#5014=AXIS2_PLACEMENT_3D('',#5851,#5852,#5853);
#5015=AXIS2_PLACEMENT_3D('',#5854,#5855,#5856);
#5016=AXIS2_PLACEMENT_3D('',#5857,#5858,#5859);
#5017=AXIS2_PLACEMENT_3D('',#5860,#5861,#5862);
#5018=AXIS2_PLACEMENT_3D('',#5863,#5864,#5865);
#5019=AXIS2_PLACEMENT_3D('',#5866,#5867,#5868);
#5020=AXIS2_PLACEMENT_3D('',#5869,#5870,#5871);
#5021=CARTESIAN_POINT('',(0.103546120200346,-0.00030129289277542,0.232192269254652));
#5022=VECTOR('',#5872,1.0);
#5023=CARTESIAN_POINT('',(0.102081654071051,-0.000301034686396932,0.0441567350020512));
#5024=AXIS2_PLACEMENT_3D('',#5873,#5874,#5875);
#5025=CARTESIAN_POINT('',(0.100131929667318,-0.000301017245767253,0.0461064594066422));
#5026=CARTESIAN_POINT('',(0.0314207072185641,-0.000300402611728098,0.114817681885652));
#5027=VECTOR('',#5876,0.999999999999999);
#5028=AXIS2_PLACEMENT_3D('',#5877,#5878,#5879);
#5029=CARTESIAN_POINT('',(-0.0990574142849569,-0.000298978580495744,0.0466922458843054));
#5030=CARTESIAN_POINT('',(0.0547952828825307,-0.000300553818986287,0.0466922458533812));
#5031=VECTOR('',#5880,1.0);
#5032=AXIS2_PLACEMENT_3D('',#5881,#5882,#5883);
#5033=CARTESIAN_POINT('',(-0.100057414288569,-0.000298943097004646,0.0271745886097517));
#5034=CARTESIAN_POINT('',(-0.100057414268497,-0.000299081373297818,0.134080610224319));
#5035=VECTOR('',#5884,1.0);
#5036=CARTESIAN_POINT('',(-0.10105741428908,-0.000298928978076416,0.0241745886099553));
#5037=AXIS2_PLACEMENT_3D('',#5885,#5886,#5887);
#5038=AXIS2_PLACEMENT_3D('',#5888,#5889,#5890);
#5039=CARTESIAN_POINT('',(-0.102057414249971,-0.000299187797400294,0.232192269295978));
#5040=VECTOR('',#5891,1.0);
#5041=CARTESIAN_POINT('',(-0.0920574143136185,-0.000298855329717036,-0.104007754116975));
#5042=AXIS2_PLACEMENT_3D('',#5892,#5893,#5894);
#5043=CARTESIAN_POINT('',(0.0935461201377464,-0.000300755652797692,-0.104007754154281));
#5044=CARTESIAN_POINT('',(0.0123452828564618,-0.000299924268709503,-0.10400775413796));
#5045=VECTOR('',#5895,1.0);
#5046=AXIS2_PLACEMENT_3D('',#5896,#5897,#5898);
#5047=AXIS2_PLACEMENT_3D('',#5899,#5900,#5901);
#5048=AXIS2_PLACEMENT_3D('',#5902,#5903,#5904);
#5049=AXIS2_PLACEMENT_3D('',#5905,#5906,#5907);
#5050=AXIS2_PLACEMENT_3D('',#5908,#5909,#5910);
#5051=AXIS2_PLACEMENT_3D('',#5911,#5912,#5913);
#5052=AXIS2_PLACEMENT_3D('',#5914,#5915,#5916);
#5053=AXIS2_PLACEMENT_3D('',#5917,#5918,#5919);
#5054=AXIS2_PLACEMENT_3D('',#5920,#5921,#5922);
#5055=AXIS2_PLACEMENT_3D('',#5923,#5924,#5925);
#5056=AXIS2_PLACEMENT_3D('',#5926,#5927,#5928);
#5057=AXIS2_PLACEMENT_3D('',#5929,#5930,#5931);
#5058=AXIS2_PLACEMENT_3D('',#5932,#5933,#5934);
#5059=AXIS2_PLACEMENT_3D('',#5935,#5936,#5937);
#5060=CARTESIAN_POINT('',(0.0910200131481912,0.000699259693829659,-0.0825448772643303));
#5061=VECTOR('',#5938,1.0);
#5062=CARTESIAN_POINT('',(-0.100057311902422,0.00970105690246288,0.02717460154413));
#5063=AXIS2_PLACEMENT_3D('',#5939,#5940,#5941);
#5064=CARTESIAN_POINT('',(-0.10005731188235,0.0097009186261697,0.134080623158698));
#5065=VECTOR('',#5942,0.999999999999999);
#5066=CARTESIAN_POINT('',(-0.101057311902933,0.00970107102139108,0.0241746015443336));
#5067=AXIS2_PLACEMENT_3D('',#5943,#5944,#5945);
#5068=AXIS2_PLACEMENT_3D('',#5946,#5947,#5948);
#5069=AXIS2_PLACEMENT_3D('',#5949,#5950,#5951);
#5070=AXIS2_PLACEMENT_3D('',#5952,#5953,#5954);
#5071=AXIS2_PLACEMENT_3D('',#5955,#5956,#5957);
#5072=CARTESIAN_POINT('',(-0.102057311863824,0.00970081220206723,0.232192282230357));
#5073=VECTOR('',#5958,1.0);
#5074=AXIS2_PLACEMENT_3D('',#5959,#5960,#5961);
#5075=AXIS2_PLACEMENT_3D('',#5962,#5963,#5964);
#5076=AXIS2_PLACEMENT_3D('',#5965,#5966,#5967);
#5077=AXIS2_PLACEMENT_3D('',#5968,#5969,#5970);
#5078=AXIS2_PLACEMENT_3D('',#5971,#5972,#5973);
#5079=CARTESIAN_POINT('',(0.102081756457198,0.00969896531307059,0.0441567479364295));
#5080=AXIS2_PLACEMENT_3D('',#5974,#5975,#5976);
#5081=AXIS2_PLACEMENT_3D('',#5977,#5978,#5979);
#5082=CARTESIAN_POINT('',(0.100132032053465,0.00969898275370027,0.0461064723410205));
#5083=AXIS2_PLACEMENT_3D('',#5980,#5981,#5982);
#5084=CARTESIAN_POINT('',(0.0314208096047113,0.00969959738773942,0.114817694820031));
#5085=VECTOR('',#5983,0.999999999999999);
#5086=AXIS2_PLACEMENT_3D('',#5984,#5985,#5986);
#5087=AXIS2_PLACEMENT_3D('',#5987,#5988,#5989);
#5088=AXIS2_PLACEMENT_3D('',#5990,#5991,#5992);
#5089=AXIS2_PLACEMENT_3D('',#5993,#5994,#5995);
#5090=AXIS2_PLACEMENT_3D('',#5996,#5997,#5998);
#5091=CARTESIAN_POINT('',(-0.0990574040463422,0.000701021419451006,0.0466922471777432));
#5092=VECTOR('',#5999,1.0);
#5093=CARTESIAN_POINT('',(-0.100057347737573,0.00620105690264924,0.0271745970170976));
#5094=VECTOR('',#6000,0.005);
#5095=CARTESIAN_POINT('',(-0.101057347738084,0.00620107102157747,0.0241745970173012));
#5096=VECTOR('',#6001,0.005);
#5097=CARTESIAN_POINT('',(-0.0920574040750038,0.000701144670229714,-0.104007752823537));
#5098=VECTOR('',#6002,1.0);
#5099=CARTESIAN_POINT('',(0.0935461303763611,0.000699244347149055,-0.104007752860844));
#5100=VECTOR('',#6003,1.0);
#5101=CARTESIAN_POINT('',(0.102081651511397,-0.000551034686383609,0.0441567346786917));
#5102=VECTOR('',#6004,1.0);
#5103=CARTESIAN_POINT('',(0.100131881033898,-0.0050510172455143,0.0461064532628125));
#5104=VECTOR('',#6005,1.0);
#5105=CARTESIAN_POINT('',(0.0910796363163548,0.0106990857780475,0.0381120396193913));
#5106=CARTESIAN_POINT('',(0.0925796209583541,0.00919907042020533,0.0381120376792444));
#5107=CARTESIAN_POINT('',(0.0925796209583541,0.00919907042020533,0.0381120376792444));
#5108=CARTESIAN_POINT('',(0.0925796209583563,0.00919907056281066,0.038001784734033));
#5109=CARTESIAN_POINT('',(0.0925919248834049,0.00919907058029963,0.0378908678338869));
#5110=CARTESIAN_POINT('',(0.0926402513048832,0.0091990703637808,0.037675722755629));
#5111=CARTESIAN_POINT('',(0.0926765648281507,0.00919907012846911,0.0375701989510275));
#5112=CARTESIAN_POINT('',(0.0927650891219274,0.00919906946411684,0.0373830899474979));
#5113=CARTESIAN_POINT('',(0.0928153919079737,0.00919906905803755,0.037298855858792));
#5114=CARTESIAN_POINT('',(0.0929315197595608,0.00919906807221937,0.0371417782282396));
#5115=CARTESIAN_POINT('',(0.0929973041402224,0.00919906749282585,0.0370689897178466));
#5116=CARTESIAN_POINT('',(0.0931402533404806,0.00919906619787023,0.0369386037343305));
#5117=CARTESIAN_POINT('',(0.0932187694620715,0.00919906547006688,0.0368797737195833));
#5118=CARTESIAN_POINT('',(0.0933858374070146,0.0091990638904563,0.0367785444663543));
#5119=CARTESIAN_POINT('',(0.093474330698851,0.00919906303920249,0.0367361806930938));
#5120=CARTESIAN_POINT('',(0.0936560783855563,0.00919906126418178,0.0366698274193928));
#5121=CARTESIAN_POINT('',(0.0937510508453811,0.00919906032363558,0.036645210679969));
#5122=CARTESIAN_POINT('',(0.0939440421439365,0.00919905838676336,0.0366149878637639));
#5123=CARTESIAN_POINT('',(0.0940419933690188,0.00919905739111592,0.0366093923754126));
#5124=CARTESIAN_POINT('',(0.094235324659152,0.00919905540182158,0.0366170075450423));
#5125=CARTESIAN_POINT('',(0.0943325322892214,0.00919905438936983,0.0366302901893922));
#5126=CARTESIAN_POINT('',(0.0945225484408941,0.00919905238526305,0.036675599372117));
#5127=CARTESIAN_POINT('',(0.0946152903911788,0.00919905139431015,0.0367076100366201));
#5128=CARTESIAN_POINT('',(0.0947912558739364,0.00919904948861894,0.0367880533547299));
#5129=CARTESIAN_POINT('',(0.0948761428120618,0.00919904855586609,0.036837246440825));
#5130=CARTESIAN_POINT('',(0.0950347308146002,0.00919904678461952,0.036951303029339));
#5131=CARTESIAN_POINT('',(0.0951083763184079,0.00919904594674636,0.0370161265725365));
#5132=CARTESIAN_POINT('',(0.0952406269375006,0.00919904441001631,0.0371573524635669));
#5133=CARTESIAN_POINT('',(0.0953004822208522,0.00919904369663268,0.0372350898229126));
#5134=CARTESIAN_POINT('',(0.0954038951203684,0.00919904242347264,0.0374008149934317));
#5135=CARTESIAN_POINT('',(0.0954474165062808,0.00919904186414227,0.0374887447435243));
#5136=CARTESIAN_POINT('',(0.0955457152005883,0.00919904052313792,0.0377474057183844));
#5137=CARTESIAN_POINT('',(0.0955794740096086,0.00919903994077772,0.0379304193624151));
#5138=CARTESIAN_POINT('',(0.0955796207935986,0.00919903970541288,0.0381112258639534));
#5139=CARTESIAN_POINT('',(0.0955796209588742,0.00919903970488615,0.0381116317904229));
#5140=CARTESIAN_POINT('',(0.095579620959869,0.0091990397043611,0.0381120377152606));
#5141=CARTESIAN_POINT('',(0.0979899283832213,0.0106991660607619,-0.0653261729773472));
#5142=VECTOR('',#6006,1.0);
#5143=DIRECTION('',(1.02386147220832E-05,0.999999999946749,1.29343783164784E-06));
#5144=CARTESIAN_POINT('',(0.0910378395491072,0.0071992472775044,-0.0625121129896243));
#5145=DIRECTION('',(1.02386147236979E-05,0.999999999946749,1.29343783326258E-06));
#5146=DIRECTION('',(0.707106781282266,-8.15439256525607E-06,0.707106781043811));
#5147=DIRECTION('',(-1.02386147220832E-05,-0.999999999946749,-1.29343783164784E-06));
#5148=CARTESIAN_POINT('',(0.0910378651453274,0.0096992163567543,-0.0625121097560697));
#5149=DIRECTION('',(-1.02386147236979E-05,-0.999999999946749,-1.29343783326258E-06));
#5150=DIRECTION('',(0.70714925184988,-8.1547724686964E-06,0.707064307925138));
#5151=DIRECTION('',(-1.02386147236979E-05,-0.999999999946749,-1.29343783326258E-06));
#5152=CARTESIAN_POINT('',(0.0935462225257712,0.00969923141229146,-0.0940077412199114));
#5153=DIRECTION('',(1.02386147236979E-05,0.999999999946749,1.29343783326257E-06));
#5154=DIRECTION('',(0.707106781016721,-6.325195236555E-06,-0.707106781328084));
#5155=DIRECTION('',(-1.02386147236979E-05,-0.999999999946749,-1.29343783326258E-06));
#5156=CARTESIAN_POINT('',(0.0935461201396239,-0.000300768587176072,-0.0940077541542897));
#5157=DIRECTION('',(-1.02386147236979E-05,-0.999999999946749,-1.29343783326258E-06));
#5158=DIRECTION('',(0.70710678101672,-6.32519523655498E-06,-0.707106781328085));
#5159=DIRECTION('',(1.02386147236979E-05,0.999999999946749,1.29343783316579E-06));
#5160=CARTESIAN_POINT('',(0.0940795339301289,0.000699055062735852,0.0381120266850328));
#5161=DIRECTION('',(-1.02386147236979E-05,-0.999999999946749,-1.29343783326258E-06));
#5162=DIRECTION('',(-0.999999999947585,1.02386147237151E-05,-6.62151662405066E-12));
#5163=DIRECTION('',(-1.02386147236979E-05,-0.999999999946749,-1.29343783316579E-06));
#5164=DIRECTION('',(-1.02386147236979E-05,-0.999999999946749,-1.29343783326258E-06));
#5165=CARTESIAN_POINT('',(0.0987178184909008,0.0096989990624854,0.0446922587789329));
#5166=DIRECTION('',(1.02386147236979E-05,0.999999999946749,1.29343783326258E-06));
#5167=DIRECTION('',(0.382683432518498,-5.11312896759799E-06,0.923879532433594));
#5168=DIRECTION('',(-1.02386147236979E-05,-0.999999999946749,-1.29343783326258E-06));
#5169=CARTESIAN_POINT('',(0.0987177161047535,-0.000301000936982123,0.0446922458445545));
#5170=DIRECTION('',(-1.02386147236979E-05,-0.999999999946749,-1.29343783326258E-06));
#5171=DIRECTION('',(0.382683432518495,-5.11312896759796E-06,0.923879532433595));
#5172=DIRECTION('',(1.02386147236979E-05,0.999999999946749,1.29343783326258E-06));
#5173=CARTESIAN_POINT('',(0.0985461201646392,-0.000300993914434106,0.040621201096832));
#5174=DIRECTION('',(-1.02386147236979E-05,-0.999999999946749,-1.29343783326258E-06));
#5175=DIRECTION('',(0.923879532534713,-9.95422381460633E-06,0.382683432179071));
#5176=DIRECTION('',(1.02386147236979E-05,0.999999999946749,1.29343783326258E-06));
#5177=CARTESIAN_POINT('',(0.0985462225507865,0.00969900608503342,0.0406212140312104));
#5178=DIRECTION('',(1.02386147236979E-05,0.999999999946749,1.29343783326258E-06));
#5179=DIRECTION('',(0.923879532534714,-9.95422381460633E-06,0.382683432179069));
#5180=DIRECTION('',(1.02386147236979E-05,0.999999999946749,1.29343783326258E-06));
#5181=CARTESIAN_POINT('',(-0.092057414311741,-0.000298868264095413,-0.0940077541169836));
#5182=DIRECTION('',(-1.02386147236979E-05,-0.999999999946749,-1.29343783326258E-06));
#5183=DIRECTION('',(-0.707106781282247,8.15439256525589E-06,-0.70710678104383));
#5184=DIRECTION('',(-1.02386147236979E-05,-0.999999999946749,-1.29343783326258E-06));
#5185=CARTESIAN_POINT('',(-0.0920573119255937,0.00970113173537212,-0.0940077411826053));
#5186=DIRECTION('',(1.02386147236979E-05,0.999999999946749,1.29343783326258E-06));
#5187=DIRECTION('',(-0.707106781282248,8.1543925652559E-06,-0.707106781043829));
#5188=DIRECTION('',(-1.02386147236979E-05,-0.999999999946749,-1.29343783326258E-06));
#5189=CARTESIAN_POINT('',(-0.0970573119037055,0.00970103394724572,0.0211746015435322));
#5190=DIRECTION('',(1.02386147236979E-05,0.999999999946749,1.29343783326258E-06));
#5191=DIRECTION('',(-0.948683297941417,9.30418182618419E-06,0.316227766207251));
#5192=DIRECTION('',(-1.02386147236979E-05,-0.999999999946749,-1.29343783326258E-06));
#5193=CARTESIAN_POINT('',(-0.0970574142898527,-0.000298966052221805,0.0211745886091538));
#5194=DIRECTION('',(-1.02386147236979E-05,-0.999999999946749,-1.29343783326258E-06));
#5195=DIRECTION('',(-0.923879532391016,8.96426935391561E-06,0.382683432550457));
#5196=DIRECTION('',(-1.02386147236979E-05,-0.999999999946749,-1.29343783326258E-06));
#5197=CARTESIAN_POINT('',(-0.0990573118989974,0.00970102271240962,0.0456922588186846));
#5198=DIRECTION('',(1.02386147236979E-05,0.999999999946749,1.29343783326258E-06));
#5199=DIRECTION('',(-0.707106781016721,6.325195236555E-06,0.707106781328083));
#5200=DIRECTION('',(-1.02386147236979E-05,-0.999999999946749,-1.29343783326258E-06));
#5201=CARTESIAN_POINT('',(-0.0990574142851447,-0.000298977287057908,0.0456922458843062));
#5202=DIRECTION('',(-1.02386147236979E-05,-0.999999999946749,-1.29343783326258E-06));
#5203=DIRECTION('',(-0.707106781016718,6.32519523655496E-06,0.707106781328087));
#5204=CARTESIAN_POINT('',(-0.0990573118989975,0.00970102271240961,0.0456922588186846));
#5205=DIRECTION('',(0.707106781282248,-8.15439256525591E-06,0.707106781043829));
#5206=DIRECTION('',(1.1698100409629E-21,0.999999999933506,1.153205256026E-05));
#5207=CARTESIAN_POINT('',(-0.0990573118989974,0.00970102271240961,0.0456922588186846));
#5208=DIRECTION('',(-1.87754759768055E-10,1.29343783525272E-06,-0.999999999999164));
#5209=DIRECTION('',(-0.999999999947585,1.02386147234068E-05,2.00997771422212E-10));
#5210=CARTESIAN_POINT('',(-0.0990573118989974,0.00970102271240961,0.0456922588186846));
#5211=DIRECTION('',(-1.87754759768055E-10,1.29343783525272E-06,-0.999999999999164));
#5212=DIRECTION('',(-0.999999999947585,1.02386147234068E-05,2.00997771422212E-10));
#5213=DIRECTION('',(0.999999999947585,-1.02386147234465E-05,-2.00998728817365E-10));
#5214=CARTESIAN_POINT('',(-0.0990573118989975,0.00970102271240961,0.0456922588186846));
#5215=DIRECTION('',(0.999999999947585,-1.02386147234465E-05,-2.00998728817365E-10));
#5216=DIRECTION('',(1.02386147236979E-05,0.999999999946749,1.293437836003E-06));
#5217=DIRECTION('',(0.999999999947585,-1.02386147234465E-05,-2.00998728817365E-10));
#5218=CARTESIAN_POINT('',(0.0987178184910885,0.00969899776904757,0.045692258778932));
#5219=DIRECTION('',(0.999999999947585,-1.02386147234641E-05,-2.00995687107963E-10));
#5220=DIRECTION('',(1.02386147237155E-05,0.999999999946749,1.293437836003E-06));
#5221=DIRECTION('',(-0.707106781016719,6.32519523655497E-06,0.707106781328086));
#5222=CARTESIAN_POINT('',(0.101374649675915,0.00969897346746316,0.0434496411553857));
#5223=DIRECTION('',(0.707106781016718,-6.32519523656186E-06,-0.707106781328087));
#5224=DIRECTION('',(1.02386147231927E-05,0.999999999946749,1.29343783274765E-06));
#5225=DIRECTION('',(-0.707106781016719,6.32519523655497E-06,0.707106781328086));
#5226=CARTESIAN_POINT('',(0.099424925272183,0.00969899090809283,0.0453993655599767));
#5227=DIRECTION('',(0.707106781016719,-6.32519523655497E-06,-0.707106781328086));
#5228=DIRECTION('',(1.02386147127795E-05,0.999999999946749,1.29343782234416E-06));
#5229=DIRECTION('',(-1.87755844793543E-10,1.29343783525273E-06,-0.999999999999164));
#5230=CARTESIAN_POINT('',(0.102546222550577,0.00969896513057452,0.0406212140304064));
#5231=DIRECTION('',(-1.87755844793543E-10,1.29343783525273E-06,-0.999999999999164));
#5232=DIRECTION('',(1.02386147199374E-05,0.999999999946749,1.29343783326258E-06));
#5233=DIRECTION('',(-1.87755844793543E-10,1.29343783525273E-06,-0.999999999999164));
#5234=CARTESIAN_POINT('',(0.102546222525299,0.00969913926475895,-0.0940077412217204));
#5235=DIRECTION('',(-1.87755964325347E-10,1.29343783524417E-06,-0.999999999999164));
#5236=DIRECTION('',(1.02386147199372E-05,0.999999999946749,1.29343783325402E-06));
#5237=DIRECTION('',(-0.999999999947585,1.02386147234465E-05,2.00998856447751E-10));
#5238=CARTESIAN_POINT('',(0.0935462225240814,0.00969924305323198,-0.103007741219904));
#5239=DIRECTION('',(-0.999999999947585,1.02386147234465E-05,2.00998856447751E-10));
#5240=DIRECTION('',(1.02386147236979E-05,0.999999999946749,1.29343782906409E-06));
#5241=DIRECTION('',(-0.999999999947585,1.02386147234465E-05,2.00998856447751E-10));
#5242=CARTESIAN_POINT('',(-0.0920573119272835,0.00970114337631264,-0.103007741182598));
#5243=DIRECTION('',(0.999999999947585,-1.02386147234465E-05,-2.00998856447751E-10));
#5244=DIRECTION('',(-1.87755844768098E-10,1.29343783773791E-06,-0.999999999999164));
#5245=DIRECTION('',(-1.87755844793543E-10,1.29343783525273E-06,-0.999999999999164));
#5246=CARTESIAN_POINT('',(-0.101057311903496,0.00970107490170461,0.0211746015443362));
#5247=DIRECTION('',(1.87755952278657E-10,-1.29343783524723E-06,0.999999999999164));
#5248=DIRECTION('',(1.02386147199374E-05,0.999999999946749,1.29343783325707E-06));
#5249=DIRECTION('',(-1.87755844793543E-10,1.29343783525273E-06,-0.999999999999164));
#5250=CARTESIAN_POINT('',(-0.101057311925122,0.00970122388290465,-0.0940077411807964));
#5251=DIRECTION('',(1.87755844793543E-10,-1.29343783525273E-06,0.999999999999164));
#5252=DIRECTION('',(1.02386147199374E-05,0.999999999946749,1.29343783326258E-06));
#5253=DIRECTION('',(-1.87754759768055E-10,1.29343783525272E-06,-0.999999999999164));
#5254=DIRECTION('',(-1.87754759768055E-10,1.29343783525272E-06,-0.999999999999164));
#5255=CARTESIAN_POINT('',(-0.0990573119024742,0.00970104666384815,0.027174601543929));
#5256=DIRECTION('',(1.87754759768055E-10,-1.29343783525272E-06,0.999999999999164));
#5257=DIRECTION('',(1.02386147199374E-05,0.999999999946749,1.29343783326258E-06));
#5258=DIRECTION('',(-1.02386147236979E-05,-0.999999999946749,-1.29343783326258E-06));
#5259=DIRECTION('',(-1.02386147236979E-05,-0.999999999946749,-1.29343783326258E-06));
#5260=DIRECTION('',(-1.02386147236979E-05,-0.999999999946749,-1.29343783326258E-06));
#5261=CARTESIAN_POINT('',(0.0765426624635568,0.00719941443722704,-0.0770077373291307));
#5262=DIRECTION('',(-1.02386147236979E-05,-0.999999999946749,-1.29343783326258E-06));
#5263=DIRECTION('',(0.999999999947585,-1.02386147237065E-05,3.69508844089574E-39));
#5264=DIRECTION('',(1.02386147236979E-05,0.999999999946749,1.29343783326258E-06));
#5265=CARTESIAN_POINT('',(0.0765426880597771,0.00969938351647744,-0.0770077340955761));
#5266=DIRECTION('',(-1.02386147236979E-05,-0.999999999946749,-1.29343783326258E-06));
#5267=DIRECTION('',(0.70833949492455,-6.33941374260469E-06,-0.705871914648716));
#5268=CARTESIAN_POINT('',(0.0765426880597771,0.00969938351647744,-0.0770077340955761));
#5269=DIRECTION('',(-1.02386147236979E-05,-0.999999999946749,-1.29343783326258E-06));
#5270=DIRECTION('',(0.70833949492455,-6.33941374260469E-06,-0.705871914648716));
#5271=DIRECTION('',(1.02386147236979E-05,0.999999999946749,1.29343783326258E-06));
#5272=CARTESIAN_POINT('',(0.0765426624635568,0.00719941443722704,-0.0770077373291307));
#5273=DIRECTION('',(-1.02386147236979E-05,-0.999999999946749,-1.29343783326258E-06));
#5274=DIRECTION('',(0.999999999947585,-1.02386147237065E-05,3.69508844089574E-39));
#5275=DIRECTION('',(1.02386147236979E-05,0.999999999946749,1.29343783326258E-06));
#5276=CARTESIAN_POINT('',(0.0765425856736298,-0.000300616482990079,-0.0770077470299544));
#5277=DIRECTION('',(-1.02386147236979E-05,-0.999999999946749,-1.29343783326258E-06));
#5278=DIRECTION('',(0.999999999947585,-1.02386147237065E-05,-2.20883963709029E-27));
#5279=DIRECTION('',(-1.02386147236979E-05,-0.999999999946749,-1.29343783316579E-06));
#5280=CARTESIAN_POINT('',(-0.0529757826258216,0.00920062277061869,-0.00987226696381741));
#5281=DIRECTION('',(-1.02386147236979E-05,-0.999999999946749,-1.29343783326258E-06));
#5282=DIRECTION('',(0.999999999947585,-1.02386147237065E-05,-3.56214440021427E-16));
#5283=DIRECTION('',(1.02386147236979E-05,0.999999999946749,1.29343783316579E-06));
#5284=CARTESIAN_POINT('',(-0.0529758696540467,0.000700622771071295,-0.00987227795803899));
#5285=DIRECTION('',(-1.02386147236979E-05,-0.999999999946749,-1.29343783326258E-06));
#5286=DIRECTION('',(-0.999999999947585,1.02386147237065E-05,4.75514088541066E-27));
#5287=DIRECTION('',(0.707114020943386,0.707099541354992,9.14598662943203E-07));
#5288=DIRECTION('',(0.707099541355584,-0.707114020942794,-9.14598662943203E-07));
#5289=CARTESIAN_POINT('',(-0.0529757672678995,0.0107006227705388,-0.00987226502366066));
#5290=DIRECTION('',(1.02386147236979E-05,0.999999999946749,1.29343783326258E-06));
#5291=DIRECTION('',(0.999999999947585,-1.02386147237065E-05,-2.51621305949829E-22));
#5292=DIRECTION('',(-1.02386147236979E-05,-0.999999999946749,-1.29343783316579E-06));
#5293=CARTESIAN_POINT('',(0.046146032099034,0.00919965463953731,-0.0460077418571435));
#5294=DIRECTION('',(-1.02386147236979E-05,-0.999999999946749,-1.29343783326258E-06));
#5295=DIRECTION('',(0.999999999947585,-1.02386147237065E-05,-3.56214440021427E-16));
#5296=DIRECTION('',(1.02386147236979E-05,0.999999999946749,1.29343783316579E-06));
#5297=CARTESIAN_POINT('',(0.0461459450708089,0.000699654639989907,-0.0460077528513651));
#5298=DIRECTION('',(-1.02386147236979E-05,-0.999999999946749,-1.29343783326258E-06));
#5299=DIRECTION('',(-0.999999999947585,1.02386147237065E-05,2.37757044270533E-27));
#5300=DIRECTION('',(0.707114020943386,0.707099541354992,9.14598662943203E-07));
#5301=DIRECTION('',(0.707099541355584,-0.707114020942794,-9.14598662943203E-07));
#5302=CARTESIAN_POINT('',(0.0461460474569561,0.0106996546394574,-0.0460077399169867));
#5303=DIRECTION('',(1.02386147236979E-05,0.999999999946749,1.29343783326258E-06));
#5304=DIRECTION('',(0.999999999947585,-1.02386147237065E-05,-2.51621305949829E-22));
#5305=DIRECTION('',(-0.707099541355584,0.707114020942795,9.14598662943203E-07));
#5306=CARTESIAN_POINT('',(0.027225473712005,0.00919980073553958,-0.00918780030403785));
#5307=DIRECTION('',(-1.02386147236979E-05,-0.999999999946749,-1.29343783326258E-06));
#5308=DIRECTION('',(-0.999999999947585,1.02386147237065E-05,-2.84970449457734E-16));
#5309=DIRECTION('',(-0.707114020943386,-0.707099541354992,-9.14598662943203E-07));
#5310=CARTESIAN_POINT('',(0.0272254890699271,0.0106998007354597,-0.0091877983638811));
#5311=DIRECTION('',(1.02386147236979E-05,0.999999999946749,1.29343783326258E-06));
#5312=DIRECTION('',(-0.999999999947585,1.02386147237065E-05,8.84410555332403E-23));
#5313=DIRECTION('',(-0.707099541355584,0.707114020942795,9.14598664251613E-07));
#5314=CARTESIAN_POINT('',(-0.0227370387007836,0.00920035966108266,-0.0458178003032474));
#5315=DIRECTION('',(-1.02386147236979E-05,-0.999999999946749,-1.29343783326258E-06));
#5316=DIRECTION('',(-0.999999999947585,1.02386147237065E-05,-2.84970449478657E-16));
#5317=DIRECTION('',(-0.707114020943386,-0.707099541354992,-9.14598664251613E-07));
#5318=CARTESIAN_POINT('',(-0.0227370233428615,0.0107003596610028,-0.0458177983630907));
#5319=DIRECTION('',(1.02386147236979E-05,0.999999999946749,1.29343783326258E-06));
#5320=DIRECTION('',(-0.999999999947585,1.02386147237065E-05,6.86762553813734E-22));
#5321=DIRECTION('',(-0.707099541355584,0.707114020942795,9.14598664251613E-07));
#5322=CARTESIAN_POINT('',(0.0830454737084294,0.00919916574707122,0.0398821996959211));
#5323=DIRECTION('',(-1.02386147236979E-05,-0.999999999946749,-1.29343783326258E-06));
#5324=DIRECTION('',(-0.999999999947585,1.02386147237065E-05,-2.84968427460681E-16));
#5325=DIRECTION('',(-0.707114020943386,-0.707099541354992,-9.14598664251613E-07));
#5326=CARTESIAN_POINT('',(0.0830454890663515,0.0106991657469913,0.0398822016360779));
#5327=DIRECTION('',(1.02386147236979E-05,0.999999999946749,1.29343783326258E-06));
#5328=DIRECTION('',(-0.999999999947585,1.02386147237065E-05,8.84661626771151E-23));
#5329=DIRECTION('',(-0.707099541355584,0.707114020942795,9.14598664251613E-07));
#5330=CARTESIAN_POINT('',(-0.0253045262858915,0.00920027510097654,0.0398821996959211));
#5331=DIRECTION('',(-1.02386147236979E-05,-0.999999999946749,-1.29343783326258E-06));
#5332=DIRECTION('',(-0.999999999947585,1.02386147237065E-05,-2.8497155238614E-16));
#5333=DIRECTION('',(-0.707114020943386,-0.707099541354992,-9.14598664251613E-07));
#5334=CARTESIAN_POINT('',(-0.0253045109279694,0.0107002751008967,0.0398822016360779));
#5335=DIRECTION('',(1.02386147236979E-05,0.999999999946749,1.29343783326258E-06));
#5336=DIRECTION('',(-0.999999999947585,1.02386147237065E-05,8.84273607274905E-23));
#5337=DIRECTION('',(-0.707099541355584,0.707114020942795,9.14598664251613E-07));
#5338=CARTESIAN_POINT('',(-0.089304526282537,0.00920093037231885,0.0398821996959211));
#5339=DIRECTION('',(-1.02386147236979E-05,-0.999999999946749,-1.29343783326258E-06));
#5340=DIRECTION('',(-0.999999999947585,1.02386147237065E-05,-2.84968427460681E-16));
#5341=DIRECTION('',(-0.707114020943386,-0.707099541354992,-9.14598664251613E-07));
#5342=CARTESIAN_POINT('',(-0.0893045109246149,0.010700930372239,0.0398822016360779));
#5343=DIRECTION('',(1.02386147236979E-05,0.999999999946749,1.29343783326258E-06));
#5344=DIRECTION('',(-0.999999999947585,1.02386147237065E-05,6.86801355763357E-22));
#5345=DIRECTION('',(0.707114020943386,0.707099541354992,9.14598662943203E-07));
#5346=CARTESIAN_POINT('',(0.0155460625103867,0.00920002743896495,-0.0920077326697659));
#5347=DIRECTION('',(-1.02386147236979E-05,-0.999999999946749,-1.29343783326258E-06));
#5348=DIRECTION('',(0.999999999947585,-1.02386147237065E-05,8.96688732656642E-15));
#5349=DIRECTION('',(0.707099541355584,-0.707114020942794,-9.14598657709561E-07));
#5350=CARTESIAN_POINT('',(0.0155460778683088,0.0107000274388851,-0.0920077307296091));
#5351=DIRECTION('',(1.02386147236979E-05,0.999999999946749,1.29343783326258E-06));
#5352=DIRECTION('',(0.999999999947585,-1.02386147237065E-05,3.70074332702083E-15));
#5353=DIRECTION('',(-1.02386147236979E-05,-0.999999999946749,-1.29343783316579E-06));
#5354=DIRECTION('',(1.02386147236979E-05,0.999999999946749,1.29343783316579E-06));
#5355=CARTESIAN_POINT('',(0.0830453999904034,0.00199916574745459,0.0398821903831687));
#5356=DIRECTION('',(1.02386147236979E-05,0.999999999946749,1.29343783326258E-06));
#5357=DIRECTION('',(-0.999999999947585,1.02386147237065E-05,-5.91025004842207E-16));
#5358=DIRECTION('',(-0.707114020943386,-0.707099541354992,-9.14598662943203E-07));
#5359=CARTESIAN_POINT('',(0.0830453999904034,0.00199916574745459,0.0398821903831687));
#5360=DIRECTION('',(1.02386147236979E-05,0.999999999946749,1.29343783326258E-06));
#5361=DIRECTION('',(-0.999999999947585,1.02386147237065E-05,-5.91025004842207E-16));
#5362=DIRECTION('',(-0.707099541355584,0.707114020942794,9.14598662943203E-07));
#5363=CARTESIAN_POINT('',(0.0830453764415895,-0.000300834252422921,0.0398821874082617));
#5364=DIRECTION('',(-1.02386147236979E-05,-0.999999999946749,-1.29343783326258E-06));
#5365=DIRECTION('',(-0.999999999947585,1.02386147237065E-05,-5.00594060181567E-23));
#5366=DIRECTION('',(1.02386147230701E-05,0.999999999946749,1.29343783316579E-06));
#5367=CARTESIAN_POINT('',(0.0155459887923607,0.00200002743934833,-0.0920077419825183));
#5368=DIRECTION('',(1.02386147236979E-05,0.999999999946749,1.29343783326258E-06));
#5369=DIRECTION('',(0.999999999947585,-1.02386147237065E-05,5.57687643250187E-15));
#5370=DIRECTION('',(-1.02386147230701E-05,-0.999999999946749,-1.29343783316579E-06));
#5371=CARTESIAN_POINT('',(0.0155460625103867,0.00920002743896495,-0.0920077326697659));
#5372=DIRECTION('',(-1.02386147236979E-05,-0.999999999946749,-1.29343783326258E-06));
#5373=DIRECTION('',(0.999999999947585,-1.02386147237065E-05,8.96688732656642E-15));
#5374=DIRECTION('',(0.707099541355584,-0.707114020942794,-9.14598658629762E-07));
#5375=DIRECTION('',(0.707114020943386,0.707099541354992,9.14598667256644E-07));
#5376=CARTESIAN_POINT('',(0.0155459652435468,-0.000299972560529194,-0.0920077449574253));
#5377=DIRECTION('',(-1.02386147236979E-05,-0.999999999946749,-1.29343783326258E-06));
#5378=DIRECTION('',(0.999999999947585,-1.02386147237065E-05,6.10012615832765E-15));
#5379=DIRECTION('',(-1.02386147236979E-05,-0.999999999946749,-1.29343783316579E-06));
#5380=DIRECTION('',(1.02386147236979E-05,0.999999999946749,1.29343783316579E-06));
#5381=CARTESIAN_POINT('',(0.027225399993979,0.00199980073592295,-0.00918780961679025));
#5382=DIRECTION('',(1.02386147236979E-05,0.999999999946749,1.29343783326258E-06));
#5383=DIRECTION('',(-0.999999999947585,1.02386147237065E-05,1.79959346565503E-16));
#5384=DIRECTION('',(-0.707114020943386,-0.707099541354992,-9.14598662943203E-07));
#5385=CARTESIAN_POINT('',(0.027225399993979,0.00199980073592295,-0.00918780961679025));
#5386=DIRECTION('',(1.02386147236979E-05,0.999999999946749,1.29343783326258E-06));
#5387=DIRECTION('',(-0.999999999947585,1.02386147237065E-05,1.79959346565503E-16));
#5388=DIRECTION('',(-0.707099541355584,0.707114020942794,9.14598662943203E-07));
#5389=CARTESIAN_POINT('',(0.0272253764451652,-0.000300199263954571,-0.00918781259169726));
#5390=DIRECTION('',(-1.02386147236979E-05,-0.999999999946749,-1.29343783326258E-06));
#5391=DIRECTION('',(-0.999999999947585,1.02386147237065E-05,4.43094687578095E-22));
#5392=DIRECTION('',(1.02386147236979E-05,0.999999999946749,1.29343783316579E-06));
#5393=CARTESIAN_POINT('',(-0.0253046000039175,0.00200027510135991,0.0398821903831687));
#5394=DIRECTION('',(1.02386147236979E-05,0.999999999946749,1.29343783326258E-06));
#5395=DIRECTION('',(-0.999999999947585,1.02386147237065E-05,-5.9102904881539E-16));
#5396=DIRECTION('',(-1.02386147236979E-05,-0.999999999946749,-1.29343783316579E-06));
#5397=CARTESIAN_POINT('',(-0.0253045262858915,0.00920027510097654,0.0398821996959211));
#5398=DIRECTION('',(-1.02386147236979E-05,-0.999999999946749,-1.29343783326258E-06));
#5399=DIRECTION('',(-0.999999999947585,1.02386147237065E-05,-2.8497155238614E-16));
#5400=DIRECTION('',(-0.707114020943386,-0.707099541354992,-9.14598662943203E-07));
#5401=DIRECTION('',(-0.707099541355584,0.707114020942795,9.14598662943203E-07));
#5402=CARTESIAN_POINT('',(-0.0253046235527314,-0.000299724898517609,0.0398821874082617));
#5403=DIRECTION('',(-1.02386147236979E-05,-0.999999999946749,-1.29343783326258E-06));
#5404=DIRECTION('',(-0.999999999947585,1.02386147237065E-05,-5.00500002449767E-23));
#5405=DIRECTION('',(-1.02386147236979E-05,-0.999999999946749,-1.29343783316579E-06));
#5406=DIRECTION('',(1.02386147236979E-05,0.999999999946749,1.29343783316579E-06));
#5407=CARTESIAN_POINT('',(-0.089304600000563,0.00200093037270222,0.0398821903831687));
#5408=DIRECTION('',(1.02386147236979E-05,0.999999999946749,1.29343783326258E-06));
#5409=DIRECTION('',(-0.999999999947585,1.02386147237065E-05,-5.91025004842207E-16));
#5410=DIRECTION('',(-0.707114020943386,-0.707099541354992,-9.14598662943203E-07));
#5411=CARTESIAN_POINT('',(-0.089304600000563,0.00200093037270222,0.0398821903831687));
#5412=DIRECTION('',(1.02386147236979E-05,0.999999999946749,1.29343783326258E-06));
#5413=DIRECTION('',(-0.999999999947585,1.02386147237065E-05,-5.91025004842207E-16));
#5414=DIRECTION('',(-0.707099541355584,0.707114020942794,9.14598662943203E-07));
#5415=CARTESIAN_POINT('',(-0.0893046235493768,-0.000299069627175292,0.0398821874082617));
#5416=DIRECTION('',(-1.02386147236979E-05,-0.999999999946749,-1.29343783326258E-06));
#5417=DIRECTION('',(-0.999999999947585,1.02386147237065E-05,-5.00594060181567E-23));
#5418=DIRECTION('',(-1.02386147236979E-05,-0.999999999946749,-1.29343783316579E-06));
#5419=DIRECTION('',(1.02386147236979E-05,0.999999999946749,1.29343783316579E-06));
#5420=CARTESIAN_POINT('',(-0.0227371124188096,0.00200035966146604,-0.0458178096159998));
#5421=DIRECTION('',(1.02386147236979E-05,0.999999999946749,1.29343783326258E-06));
#5422=DIRECTION('',(-0.999999999947585,1.02386147237065E-05,-5.9102904881539E-16));
#5423=DIRECTION('',(-0.707114020943386,-0.707099541354992,-9.14598662943203E-07));
#5424=CARTESIAN_POINT('',(-0.0227371124188096,0.00200035966146604,-0.0458178096159998));
#5425=DIRECTION('',(1.02386147236979E-05,0.999999999946749,1.29343783326258E-06));
#5426=DIRECTION('',(-0.999999999947585,1.02386147237065E-05,-5.9102904881539E-16));
#5427=DIRECTION('',(-0.707099541355584,0.707114020942795,9.14598662943203E-07));
#5428=CARTESIAN_POINT('',(-0.0227371359676235,-0.000299640338411487,-0.0458178125909069));
#5429=DIRECTION('',(-1.02386147236979E-05,-0.999999999946749,-1.29343783326258E-06));
#5430=DIRECTION('',(-0.999999999947585,1.02386147237065E-05,-5.00500002449767E-23));
#5431=DIRECTION('',(-1.29343783326254E-06,-0.999999999946749,1.02386147236979E-05));
#5432=CARTESIAN_POINT('',(-0.0896997552035507,0.00570113546517657,-0.0623661218678926));
#5433=DIRECTION('',(-1.29343783326254E-06,-0.999999999946749,1.02386147236979E-05));
#5434=DIRECTION('',(4.66493227359896E-15,1.02386147237065E-05,0.999999999947585));
#5435=DIRECTION('',(1.29343783326254E-06,0.999999999946749,-1.02386147236979E-05));
#5436=CARTESIAN_POINT('',(-0.0896997629642667,-0.000298933329742906,-0.0623660604354999));
#5437=DIRECTION('',(-1.02386147236979E-05,-0.999999999946749,-1.29343783326258E-06));
#5438=DIRECTION('',(-0.612907388261435,7.29733866150001E-06,-0.790154752792955));
#5439=DIRECTION('',(9.14598662943176E-07,0.707114020942794,0.707099541355584));
#5440=DIRECTION('',(-9.14598662943176E-07,-0.707099541354992,0.707114020943386));
#5441=CARTESIAN_POINT('',(-0.089699753263394,0.00720113546509669,-0.0623661372258147));
#5442=DIRECTION('',(1.29343783326254E-06,0.999999999946749,-1.02386147236979E-05));
#5443=DIRECTION('',(-3.20910443204272E-22,1.02386147237065E-05,0.999999999947585));
#5444=DIRECTION('',(-1.29343783326254E-06,-0.999999999946749,1.02386147236979E-05));
#5445=CARTESIAN_POINT('',(-0.0604154839617991,0.0057007977574214,-0.0916503931191178));
#5446=DIRECTION('',(-1.29343783326254E-06,-0.999999999946749,1.02386147236979E-05));
#5447=DIRECTION('',(4.66493074178301E-15,1.02386147237065E-05,0.999999999947585));
#5448=DIRECTION('',(1.29343783326254E-06,0.999999999946749,-1.02386147236979E-05));
#5449=CARTESIAN_POINT('',(-0.0604154917224171,-0.000299195282729274,-0.0916503316875007));
#5450=DIRECTION('',(-1.02386147236979E-05,-0.999999999946749,-1.29343783326258E-06));
#5451=DIRECTION('',(-0.612907388261435,7.29733866150001E-06,-0.790154752792955));
#5452=DIRECTION('',(9.14598668107954E-07,0.707114020942795,0.707099541355584));
#5453=DIRECTION('',(-9.14598661221583E-07,-0.707099541354992,0.707114020943386));
#5454=CARTESIAN_POINT('',(-0.0604154820216424,0.00720079775734153,-0.0916504084770398));
#5455=DIRECTION('',(1.29343783326254E-06,0.999999999946749,-1.02386147236979E-05));
#5456=DIRECTION('',(4.86939890989413E-15,1.02386147237065E-05,0.999999999947585));
#5457=DIRECTION('',(-1.02386147236979E-05,-0.999999999946749,-1.29343783326258E-06));
#5458=CARTESIAN_POINT('',(0.0911847827312472,0.00569924558342933,-0.0623656036484117));
#5459=DIRECTION('',(-1.02386147236979E-05,-0.999999999946749,-1.29343783326258E-06));
#5460=DIRECTION('',(-0.999999999947585,1.02386147237065E-05,-4.74948390397641E-16));
#5461=DIRECTION('',(1.02386147236979E-05,0.999999999946749,1.29343783326258E-06));
#5462=CARTESIAN_POINT('',(0.0911847212992423,-0.000300785336867663,-0.0623656114090786));
#5463=DIRECTION('',(-1.02386147236979E-05,-0.999999999946749,-1.29343783326258E-06));
#5464=DIRECTION('',(0.999999999947585,-1.02386147237065E-05,0.0));
#5465=DIRECTION('',(-0.707099541355584,0.707114020942795,9.14598664664795E-07));
#5466=DIRECTION('',(-0.707114020943386,-0.707099541354992,-9.14598664664795E-07));
#5467=CARTESIAN_POINT('',(0.0911847980891693,0.00719924558334945,-0.0623656017082549));
#5468=DIRECTION('',(1.02386147236979E-05,0.999999999946749,1.29343783326258E-06));
#5469=DIRECTION('',(-0.999999999947585,1.02386147237065E-05,-3.20917951320932E-22));
#5470=DIRECTION('',(-1.02386147236979E-05,-0.999999999946749,-1.29343783326258E-06));
#5471=CARTESIAN_POINT('',(0.0619005114800222,0.00569958329118449,-0.0916498748901634));
#5472=DIRECTION('',(-1.02386147236979E-05,-0.999999999946749,-1.29343783326258E-06));
#5473=DIRECTION('',(-0.999999999947585,1.02386147237065E-05,4.66497210080583E-15));
#5474=DIRECTION('',(1.02386147236979E-05,0.999999999946749,1.29343783326258E-06));
#5475=CARTESIAN_POINT('',(0.0619004500480173,-0.000300447629112496,-0.0916498826508304));
#5476=DIRECTION('',(-1.02386147236979E-05,-0.999999999946749,-1.29343783326258E-06));
#5477=DIRECTION('',(0.999999999947585,-1.02386147237065E-05,-3.17009392360711E-27));
#5478=DIRECTION('',(-0.707099541355584,0.707114020942794,9.14598662943203E-07));
#5479=DIRECTION('',(-0.707114020943386,-0.707099541354992,-9.14598662943203E-07));
#5480=CARTESIAN_POINT('',(0.0619005268379443,0.00719958329110462,-0.0916498729500066));
#5481=DIRECTION('',(1.02386147236979E-05,0.999999999946749,1.29343783326258E-06));
#5482=DIRECTION('',(-0.999999999947585,1.02386147237065E-05,-3.20917951320932E-22));
#5483=DIRECTION('',(-1.29343783258422E-06,-0.999999999946749,1.02386147235117E-05));
#5484=CARTESIAN_POINT('',(-0.0750576790808552,0.00970093569429645,-0.0770077865169114));
#5485=DIRECTION('',(-1.02386147236979E-05,-0.999999999946749,-1.29343783326258E-06));
#5486=DIRECTION('',(0.70710678123525,-8.1543925648355E-06,0.707106781090826));
#5487=DIRECTION('',(-1.29343783258422E-06,-0.999999999946749,1.02386147235117E-05));
#5488=CARTESIAN_POINT('',(-0.0750576823144098,0.00720096661654417,-0.0770077609206911));
#5489=DIRECTION('',(1.29343783326254E-06,0.999999999946749,-1.02386147236979E-05));
#5490=DIRECTION('',(0.707106781328104,6.32519523655479E-06,0.707106781016701));
#5491=DIRECTION('',(1.2934378316478E-06,0.999999999946749,-1.02386147220832E-05));
#5492=CARTESIAN_POINT('',(-0.0605619933030117,0.00720079945149647,-0.0915034499369777));
#5493=DIRECTION('',(-1.29343783326254E-06,-0.999999999946749,1.02386147236979E-05));
#5494=DIRECTION('',(0.707106781043808,-8.15439256525607E-06,-0.707106781282269));
#5495=DIRECTION('',(-1.2934378316478E-06,-0.999999999946749,1.02386147220832E-05));
#5496=CARTESIAN_POINT('',(-0.0605619900694086,0.0097008060277941,-0.0915034755335818));
#5497=DIRECTION('',(-1.02386147236979E-05,-0.999999999946749,-1.29343783326258E-06));
#5498=DIRECTION('',(-0.70710678123525,8.1543925648355E-06,-0.707106781090826));
#5499=DIRECTION('',(-1.02386147235117E-05,-0.999999999946749,-1.29343783258426E-06));
#5500=CARTESIAN_POINT('',(0.0765421761290409,0.00969938352180217,-0.0770077987674678));
#5501=DIRECTION('',(-1.02386147236979E-05,-0.999999999946749,-1.29343783326258E-06));
#5502=DIRECTION('',(-0.707106781016703,6.32519523655479E-06,0.707106781328102));
#5503=DIRECTION('',(-1.02386147235117E-05,-0.999999999946749,-1.29343783258426E-06));
#5504=CARTESIAN_POINT('',(0.0765421505328207,0.0071994144425521,-0.0770078020010224));
#5505=DIRECTION('',(1.02386147236979E-05,0.999999999946749,1.29343783326258E-06));
#5506=DIRECTION('',(-0.707106781016703,6.32519523655479E-06,0.707106781328102));
#5507=DIRECTION('',(1.02386147236979E-05,0.999999999946749,1.29343783326258E-06));
#5508=CARTESIAN_POINT('',(0.0620464615165342,0.00719958160759973,-0.0915034910124206));
#5509=DIRECTION('',(-1.02386147236979E-05,-0.999999999946749,-1.29343783326258E-06));
#5510=DIRECTION('',(-0.707106781282266,8.15439256525607E-06,-0.70710678104381));
#5511=DIRECTION('',(-1.02386147236979E-05,-0.999999999946749,-1.29343783326258E-06));
#5512=CARTESIAN_POINT('',(0.0620464871127544,0.00969955068685014,-0.091503487778866));
#5513=DIRECTION('',(-1.02386147236979E-05,-0.999999999946749,-1.29343783326258E-06));
#5514=DIRECTION('',(-0.707076194395896,8.15411895843571E-06,-0.707137366607173));
#5515=DIRECTION('',(0.500037271087774,0.707101014854224,0.49997088146733));
#5516=DIRECTION('',(-0.265226567097728,0.707108648956219,0.655478624118945));
#5517=CARTESIAN_POINT('',(0.0910378753839421,0.0106992163567017,-0.0625121084626318));
#5518=DIRECTION('',(1.02386147236979E-05,0.999999999946749,1.29343783326258E-06));
#5519=DIRECTION('',(0.70714925184988,-8.1547724686964E-06,0.707064307925138));
#5520=DIRECTION('',(0.660160315187309,0.707100349818218,-0.253372164096111));
#5521=CARTESIAN_POINT('',(0.0919470456954275,0.00969923344443895,-0.0829200742253772));
#5522=DIRECTION('',(1.02386147236979E-05,0.999999999946749,1.29343783326258E-06));
#5523=DIRECTION('',(-0.932263505289524,9.07714693384198E-06,0.361779983723388));
#5524=DIRECTION('',(0.655453082305074,0.707100413456723,-0.26531163221033));
#5525=DIRECTION('',(0.500878900037302,0.707102298506447,-0.499125902898579));
#5526=CARTESIAN_POINT('',(0.0765426982983918,0.0106993835164242,-0.0770077328021382));
#5527=DIRECTION('',(1.02386147236979E-05,0.999999999946749,1.29343783326258E-06));
#5528=DIRECTION('',(0.70833949492455,-6.33941374260469E-06,-0.705871914648716));
#5529=DIRECTION('',(-0.499971132079013,0.707112546981702,-0.500020712559671));
#5530=DIRECTION('',(0.265297751664903,0.707104912731534,-0.655453846851536));
#5531=CARTESIAN_POINT('',(0.0620464973513692,0.0106995506867969,-0.0915034864854282));
#5532=DIRECTION('',(1.02386147236979E-05,0.999999999946749,1.29343783326257E-06));
#5533=DIRECTION('',(-0.707076194395896,8.15411895843572E-06,-0.707137366607173));
#5534=DIRECTION('',(-0.499992760085901,0.707111253737483,0.500000914698651));
#5535=CARTESIAN_POINT('',(0.0765421761290409,0.00969938352180217,-0.0770077987674678));
#5536=DIRECTION('',(-1.02386147236979E-05,-0.999999999946749,-1.29343783326258E-06));
#5537=DIRECTION('',(-0.707106781016703,6.32519523655479E-06,0.707106781328102));
#5538=DIRECTION('',(-0.655470469589535,0.707113149269323,0.265234721758852));
#5539=CARTESIAN_POINT('',(0.0765421863676556,0.0106993835217493,-0.0770077974740299));
#5540=DIRECTION('',(1.02386147236979E-05,0.999999999946749,1.29343783326258E-06));
#5541=DIRECTION('',(-0.707106781016703,6.32519523655479E-06,0.707106781328102));
#5542=DIRECTION('',(1.29343783326254E-06,0.999999999946749,-1.02386147236979E-05));
#5543=CARTESIAN_POINT('',(-0.0895533713258079,0.00720113378159181,-0.0625120719044046));
#5544=DIRECTION('',(-1.29343783326254E-06,-0.999999999946749,1.02386147236979E-05));
#5545=DIRECTION('',(-0.707106781043808,8.15439256525607E-06,0.707106781282269));
#5546=DIRECTION('',(-1.29343783326254E-06,-0.999999999946749,1.02386147236979E-05));
#5547=CARTESIAN_POINT('',(-0.0895533680923019,0.00970106536079881,-0.0625120975002409));
#5548=DIRECTION('',(-1.02386147236979E-05,-0.999999999946749,-1.29343783326258E-06));
#5549=DIRECTION('',(-0.707106781235251,8.1543925648355E-06,-0.707106781090826));
#5550=DIRECTION('',(-1.29343783326254E-06,-0.999999999946749,1.02386147236979E-05));
#5551=CARTESIAN_POINT('',(-0.0750576176425181,0.00720096661121911,-0.0770082728514273));
#5552=DIRECTION('',(-1.29343783326254E-06,-0.999999999946749,1.02386147236979E-05));
#5553=DIRECTION('',(-3.71352796583977E-15,-1.02386147237065E-05,-0.999999999947585));
#5554=DIRECTION('',(1.29343783326254E-06,0.999999999946749,-1.02386147236979E-05));
#5555=DIRECTION('',(-1.29343783326254E-06,-0.999999999946749,1.02386147236979E-05));
#5556=CARTESIAN_POINT('',(-0.0750576144089635,0.00970093569429645,-0.0770082984476475));
#5557=DIRECTION('',(-1.02386147236979E-05,-0.999999999946749,-1.29343783326258E-06));
#5558=DIRECTION('',(1.49122795441941E-11,1.29343783317769E-06,-0.999999999999164));
#5559=DIRECTION('',(1.29343783326254E-06,0.999999999946749,-1.02386147236979E-05));
#5560=CARTESIAN_POINT('',(-0.0750576176425181,0.00720096661121911,-0.0770082728514273));
#5561=DIRECTION('',(-1.29343783326254E-06,-0.999999999946749,1.02386147236979E-05));
#5562=DIRECTION('',(-3.71352796583977E-15,-1.02386147237065E-05,-0.999999999947585));
#5563=DIRECTION('',(1.29343783326254E-06,0.999999999946749,-1.02386147236979E-05));
#5564=CARTESIAN_POINT('',(-0.0750576273433418,-0.00029906430623609,-0.0770081960615003));
#5565=DIRECTION('',(1.02386147236979E-05,0.999999999946749,1.29343783326258E-06));
#5566=DIRECTION('',(-0.612907101952465,7.29733601734477E-06,-0.790154974877068));
#5567=DIRECTION('',(-1.29343783326254E-06,-0.999999999946749,1.02386147236979E-05));
#5568=DIRECTION('',(-0.500007240047994,-0.707101014811969,-0.500000914750635));
#5569=CARTESIAN_POINT('',(-0.0750576688422405,0.0107009356942432,-0.0770077852234735));
#5570=DIRECTION('',(1.02386147236979E-05,0.999999999946749,1.29343783326258E-06));
#5571=DIRECTION('',(0.70710678123525,-8.1543925648355E-06,0.707106781090826));
#5572=DIRECTION('',(-0.655484949134267,-0.707099727027315,-0.265234721513501));
#5573=DIRECTION('',(-0.659261748568615,0.707109438987667,-0.25567594366463));
#5574=DIRECTION('',(-0.655451657020233,0.707109374013419,-0.265291271043323));
#5575=CARTESIAN_POINT('',(-0.0904412460722636,0.00970110091810237,-0.082974358861624));
#5576=DIRECTION('',(1.29343783326254E-06,0.999999999946749,-1.02386147236979E-05));
#5577=DIRECTION('',(0.931630837090467,2.51576833208636E-06,0.363406086046707));
#5578=DIRECTION('',(1.02386147230701E-05,0.999999999946749,1.29343783316579E-06));
#5579=CARTESIAN_POINT('',(0.0935459887882988,0.00199923141427555,-0.0940077419825166));
#5580=DIRECTION('',(1.02386147236979E-05,0.999999999946749,1.29343783326258E-06));
#5581=DIRECTION('',(0.999999999947585,-1.02386147237065E-05,5.57687643254373E-15));
#5582=DIRECTION('',(-1.02386147230701E-05,-0.999999999946749,-1.29343783316579E-06));
#5583=CARTESIAN_POINT('',(0.0935460778642469,0.0106992314138123,-0.0940077307296075));
#5584=DIRECTION('',(1.02386147236979E-05,0.999999999946749,1.29343783326258E-06));
#5585=DIRECTION('',(-0.999999999947585,1.02386147237065E-05,-3.32569158376976E-15));
#5586=CARTESIAN_POINT('',(0.0935460778642469,0.0106992314138123,-0.0940077307296075));
#5587=DIRECTION('',(1.02386147236979E-05,0.999999999946749,1.29343783326258E-06));
#5588=DIRECTION('',(-0.999999999947585,1.02386147237065E-05,-3.32569158376976E-15));
#5589=DIRECTION('',(0.707099541355584,-0.707114020942794,-9.14598658629762E-07));
#5590=DIRECTION('',(0.707114020943386,0.707099541354992,9.14598667256644E-07));
#5591=CARTESIAN_POINT('',(0.093545965239485,-0.000300768585601977,-0.0940077449574236));
#5592=DIRECTION('',(-1.02386147236979E-05,-0.999999999946749,-1.29343783326258E-06));
#5593=DIRECTION('',(0.999999999947585,-1.02386147237065E-05,6.10012615834727E-15));
#5594=DIRECTION('',(1.023861472307E-05,0.999999999946749,1.29343783316579E-06));
#5595=CARTESIAN_POINT('',(-0.0920574107372925,0.00200113173598356,-0.0940077487537369));
#5596=DIRECTION('',(1.02386147236979E-05,0.999999999946749,1.29343783326258E-06));
#5597=DIRECTION('',(0.999999999947585,-1.02386147237065E-05,5.57687643238008E-15));
#5598=DIRECTION('',(-1.023861472307E-05,-0.999999999946749,-1.29343783316579E-06));
#5599=CARTESIAN_POINT('',(-0.0920573216613444,0.0107011317355202,-0.0940077375008277));
#5600=DIRECTION('',(1.02386147236979E-05,0.999999999946749,1.29343783326258E-06));
#5601=DIRECTION('',(-0.999999999947585,1.02386147237065E-05,-3.32569158366892E-15));
#5602=DIRECTION('',(0.707099541355584,-0.707114020942794,-9.14598658629762E-07));
#5603=DIRECTION('',(0.707114020943386,0.707099541354992,9.14598667256643E-07));
#5604=CARTESIAN_POINT('',(-0.0920574342861064,-0.000298868263893967,-0.0940077517286439));
#5605=DIRECTION('',(-1.02386147236979E-05,-0.999999999946749,-1.29343783326258E-06));
#5606=DIRECTION('',(0.999999999947585,-1.02386147237065E-05,6.10012615830775E-15));
#5607=CARTESIAN_POINT('',(-0.0920574342861064,-0.000298868263893967,-0.0940077517286439));
#5608=DIRECTION('',(-1.02386147236979E-05,-0.999999999946749,-1.29343783326258E-06));
#5609=DIRECTION('',(0.999999999947585,-1.02386147237065E-05,6.10012615830775E-15));
#5610=DIRECTION('',(1.02245087319114E-05,0.999999999946749,-1.4005834782044E-06));
#5611=CARTESIAN_POINT('',(0.0796452435883794,0.000699320263842163,-0.0526646350615364));
#5612=DIRECTION('',(-1.02386147236979E-05,-0.999999999946749,-1.29343783326258E-06));
#5613=DIRECTION('',(-1.32240103502457E-11,-1.29343783319498E-06,0.999999999999163));
#5614=DIRECTION('',(-1.02245087319114E-05,-0.999999999946749,1.4005834782044E-06));
#5615=CARTESIAN_POINT('',(0.0796452435883794,0.000699320263842163,-0.0526646350615364));
#5616=DIRECTION('',(-1.02386147236979E-05,-0.999999999946749,-1.29343783326258E-06));
#5617=DIRECTION('',(-1.32240103502457E-11,-1.29343783319498E-06,0.999999999999163));
#5618=CARTESIAN_POINT('',(0.0796452435883794,0.000699320263842163,-0.0526646350615364));
#5619=DIRECTION('',(-1.02386147236979E-05,-0.999999999946749,-1.29343783326258E-06));
#5620=DIRECTION('',(-1.32240103502457E-11,-1.29343783319498E-06,0.999999999999163));
#5621=CARTESIAN_POINT('',(-0.0920574342861064,-0.000298868263893967,-0.0940077517286439));
#5622=DIRECTION('',(-1.02386147236979E-05,-0.999999999946749,-1.29343783326258E-06));
#5623=DIRECTION('',(0.999999999947585,-1.02386147237065E-05,6.10012615830775E-15));
#5624=CARTESIAN_POINT('',(-0.0920574107372925,0.00200113173598356,-0.0940077487537369));
#5625=DIRECTION('',(1.02386147236979E-05,0.999999999946749,1.29343783326258E-06));
#5626=DIRECTION('',(0.999999999947585,-1.02386147237065E-05,5.57687643238008E-15));
#5627=CARTESIAN_POINT('',(-0.0920573216613444,0.0107011317355202,-0.0940077375008277));
#5628=DIRECTION('',(1.02386147236979E-05,0.999999999946749,1.29343783326258E-06));
#5629=DIRECTION('',(-0.999999999947585,1.02386147237065E-05,-3.32569158366892E-15));
#5630=CARTESIAN_POINT('',(-0.0920573216613444,0.0107011317355202,-0.0940077375008277));
#5631=DIRECTION('',(1.02386147236979E-05,0.999999999946749,1.29343783326258E-06));
#5632=DIRECTION('',(-0.999999999947585,1.02386147237065E-05,-3.32569158366892E-15));
#5633=CARTESIAN_POINT('',(0.093545965239485,-0.000300768585601977,-0.0940077449574236));
#5634=DIRECTION('',(-1.02386147236979E-05,-0.999999999946749,-1.29343783326258E-06));
#5635=DIRECTION('',(0.999999999947585,-1.02386147237065E-05,6.10012615834727E-15));
#5636=CARTESIAN_POINT('',(0.093545965239485,-0.000300768585601977,-0.0940077449574236));
#5637=DIRECTION('',(-1.02386147236979E-05,-0.999999999946749,-1.29343783326258E-06));
#5638=DIRECTION('',(0.999999999947585,-1.02386147237065E-05,6.10012615834727E-15));
#5639=CARTESIAN_POINT('',(0.0935459887882988,0.00199923141427555,-0.0940077419825166));
#5640=DIRECTION('',(1.02386147236979E-05,0.999999999946749,1.29343783326258E-06));
#5641=DIRECTION('',(0.999999999947585,-1.02386147237065E-05,5.57687643254373E-15));
#5642=CARTESIAN_POINT('',(0.0935460778642469,0.0106992314138123,-0.0940077307296075));
#5643=DIRECTION('',(1.02386147236979E-05,0.999999999946749,1.29343783326258E-06));
#5644=DIRECTION('',(-0.999999999947585,1.02386147237065E-05,-3.32569158376976E-15));
#5645=DIRECTION('',(0.375097247254251,-5.03947427206228E-06,0.926985466486334));
#5646=CARTESIAN_POINT('',(0.0620464973513692,0.0106995506867969,-0.0915034864854282));
#5647=DIRECTION('',(1.02386147236979E-05,0.999999999946749,1.29343783326257E-06));
#5648=DIRECTION('',(-0.707076194395896,8.15411895843572E-06,-0.707137366607173));
#5649=DIRECTION('',(-0.92695301311211,9.97598346366365E-06,-0.37517743986394));
#5650=CARTESIAN_POINT('',(0.0765426982983918,0.0106993835164242,-0.0770077328021382));
#5651=DIRECTION('',(1.02386147236979E-05,0.999999999946749,1.29343783326258E-06));
#5652=DIRECTION('',(0.70833949492455,-6.33941374260469E-06,-0.705871914648716));
#5653=DIRECTION('',(-0.37520860193339,5.04055609892194E-06,-0.926940399923201));
#5654=CARTESIAN_POINT('',(0.0910378753839421,0.0106992163567017,-0.0625121084626318));
#5655=DIRECTION('',(1.02386147236979E-05,0.999999999946749,1.29343783326258E-06));
#5656=DIRECTION('',(0.70714925184988,-8.1547724686964E-06,0.707064307925138));
#5657=DIRECTION('',(0.926985466584362,-9.97621201766602E-06,0.375097246913181));
#5658=CARTESIAN_POINT('',(0.0765421863676556,0.0106993835217493,-0.0770077974740299));
#5659=DIRECTION('',(1.02386147236979E-05,0.999999999946749,1.29343783326258E-06));
#5660=DIRECTION('',(-0.707106781016703,6.32519523655479E-06,0.707106781328102));
#5661=CARTESIAN_POINT('',(0.0155460778683088,0.0107000274388851,-0.0920077307296091));
#5662=DIRECTION('',(1.02386147236979E-05,0.999999999946749,1.29343783326258E-06));
#5663=DIRECTION('',(0.999999999947585,-1.02386147237065E-05,3.70074332702083E-15));
#5664=CARTESIAN_POINT('',(-0.0253045109279694,0.0107002751008967,0.0398822016360779));
#5665=DIRECTION('',(1.02386147236979E-05,0.999999999946749,1.29343783326258E-06));
#5666=DIRECTION('',(-0.999999999947585,1.02386147237065E-05,8.84273607274905E-23));
#5667=CARTESIAN_POINT('',(-0.0227370233428615,0.0107003596610028,-0.0458177983630907));
#5668=DIRECTION('',(1.02386147236979E-05,0.999999999946749,1.29343783326258E-06));
#5669=DIRECTION('',(-0.999999999947585,1.02386147237065E-05,6.86762553813734E-22));
#5670=CARTESIAN_POINT('',(0.0461460474569561,0.0106996546394574,-0.0460077399169867));
#5671=DIRECTION('',(1.02386147236979E-05,0.999999999946749,1.29343783326258E-06));
#5672=DIRECTION('',(0.999999999947585,-1.02386147237065E-05,-2.51621305949829E-22));
#5673=CARTESIAN_POINT('',(-0.0529757672678995,0.0107006227705388,-0.00987226502366066));
#5674=DIRECTION('',(1.02386147236979E-05,0.999999999946749,1.29343783326258E-06));
#5675=DIRECTION('',(0.999999999947585,-1.02386147237065E-05,-2.51621305949829E-22));
#5676=DIRECTION('',(0.999999999947585,-1.02386147234465E-05,-2.00998856447751E-10));
#5677=CARTESIAN_POINT('',(-0.092057301686979,0.0107011317353189,-0.0940077398891675));
#5678=DIRECTION('',(-1.02386147236979E-05,-0.999999999946749,-1.29343783326258E-06));
#5679=DIRECTION('',(-0.707106781282248,8.1543925652559E-06,-0.707106781043829));
#5680=CARTESIAN_POINT('',(-0.0970573016650908,0.0107010339471925,0.02117460283697));
#5681=DIRECTION('',(-1.02386147236979E-05,-0.999999999946749,-1.29343783326258E-06));
#5682=DIRECTION('',(-0.948683297941418,9.30418182618419E-06,0.316227766207251));
#5683=CARTESIAN_POINT('',(-0.105057301663545,0.0107011080954832,0.0271746028385729));
#5684=DIRECTION('',(1.02386147236979E-05,0.999999999946749,1.29343783326258E-06));
#5685=DIRECTION('',(0.948683297941418,-9.3041818261842E-06,-0.316227766207249));
#5686=DIRECTION('',(-0.999999999947585,1.02386147234465E-05,2.00998728817365E-10));
#5687=CARTESIAN_POINT('',(0.0987178287295155,0.0106989990624321,0.0446922600723707));
#5688=DIRECTION('',(-1.02386147236979E-05,-0.999999999946749,-1.29343783326258E-06));
#5689=DIRECTION('',(0.382683432518498,-5.11312896759799E-06,0.923879532433594));
#5690=CARTESIAN_POINT('',(0.0985462327894012,0.0106990060849802,0.0406212153246482));
#5691=DIRECTION('',(-1.02386147236979E-05,-0.999999999946749,-1.29343783326258E-06));
#5692=DIRECTION('',(0.923879532534714,-9.95422381460633E-06,0.382683432179069));
#5693=DIRECTION('',(1.87755844793543E-10,-1.29343783525273E-06,0.999999999999164));
#5694=CARTESIAN_POINT('',(0.0935462327643859,0.0106992314122382,-0.0940077399264735));
#5695=DIRECTION('',(-1.02386147236979E-05,-0.999999999946749,-1.29343783326258E-06));
#5696=DIRECTION('',(0.707106781016721,-6.325195236555E-06,-0.707106781328084));
#5697=CARTESIAN_POINT('',(0.0272254890699271,0.0106998007354597,-0.0091877983638811));
#5698=DIRECTION('',(1.02386147236979E-05,0.999999999946749,1.29343783326258E-06));
#5699=DIRECTION('',(-0.999999999947585,1.02386147237065E-05,8.84410555332403E-23));
#5700=CARTESIAN_POINT('',(0.0830454890663515,0.0106991657469913,0.0398822016360779));
#5701=DIRECTION('',(1.02386147236979E-05,0.999999999946749,1.29343783326258E-06));
#5702=DIRECTION('',(-0.999999999947585,1.02386147237065E-05,8.84661626771151E-23));
#5703=CARTESIAN_POINT('',(-0.0893045109246149,0.010700930372239,0.0398822016360779));
#5704=DIRECTION('',(1.02386147236979E-05,0.999999999946749,1.29343783326258E-06));
#5705=DIRECTION('',(-0.999999999947585,1.02386147237065E-05,6.86801355763357E-22));
#5706=CARTESIAN_POINT('',(-0.0895533578536871,0.0107010653607456,-0.0625120962068031));
#5707=DIRECTION('',(1.02386147236979E-05,0.999999999946749,1.29343783326258E-06));
#5708=DIRECTION('',(-0.707106781235251,8.1543925648355E-06,-0.707106781090826));
#5709=DIRECTION('',(-0.375177439863334,2.6423411630439E-06,0.926953013162271));
#5710=CARTESIAN_POINT('',(-0.0750576041703487,0.0107009356942432,-0.0770082971542097));
#5711=DIRECTION('',(1.02386147236979E-05,0.999999999946749,1.29343783326258E-06));
#5712=DIRECTION('',(1.49122795441941E-11,1.29343783317769E-06,-0.999999999999164));
#5713=DIRECTION('',(-0.926940399910786,9.00527662594667E-06,0.375208601889851));
#5714=CARTESIAN_POINT('',(-0.0605619798307939,0.0107008060277408,-0.091503474240144));
#5715=DIRECTION('',(1.02386147236979E-05,0.999999999946749,1.29343783326258E-06));
#5716=DIRECTION('',(-0.70710678123525,8.1543925648355E-06,-0.707106781090826));
#5717=DIRECTION('',(0.375097246912575,-2.64147812176864E-06,-0.926985466634526));
#5718=CARTESIAN_POINT('',(-0.0750576688422405,0.0107009356942432,-0.0770077852234735));
#5719=DIRECTION('',(1.02386147236979E-05,0.999999999946749,1.29343783326258E-06));
#5720=DIRECTION('',(0.70710678123525,-8.1543925648355E-06,0.707106781090826));
#5721=DIRECTION('',(0.926985466473911,-9.00588207547838E-06,-0.375097247210694));
#5722=DIRECTION('',(-0.655447521545235,0.707113835285517,-0.265289597323408));
#5723=DIRECTION('',(-0.265241046877056,-0.707103217803988,-0.655478623925151));
#5724=CARTESIAN_POINT('',(-0.0895533680923019,0.00970106536079881,-0.0625120975002409));
#5725=DIRECTION('',(-1.02386147236979E-05,-0.999999999946749,-1.29343783326258E-06));
#5726=DIRECTION('',(-0.707106781235251,8.1543925648355E-06,-0.707106781090826));
#5727=DIRECTION('',(0.375177439863334,-2.6423411630439E-06,-0.926953013162271));
#5728=DIRECTION('',(-0.265239184271259,-0.707108183493407,-0.655474020815296));
#5729=DIRECTION('',(-0.926985466473911,9.00588207547838E-06,0.375097247210694));
#5730=CARTESIAN_POINT('',(-0.0750576790808552,0.00970093569429645,-0.0770077865169114));
#5731=DIRECTION('',(-1.02386147236979E-05,-0.999999999946749,-1.29343783326258E-06));
#5732=DIRECTION('',(0.70710678123525,-8.1543925648355E-06,0.707106781090826));
#5733=DIRECTION('',(-0.25336583878301,0.707110229429411,-0.66015216062213));
#5734=DIRECTION('',(-0.655480814000553,-0.70710418795929,-0.265233048181417));
#5735=DIRECTION('',(-0.375097246912575,2.64147812176864E-06,0.926985466634526));
#5736=CARTESIAN_POINT('',(-0.0809699545384664,0.00970101615304813,-0.0924126560856583));
#5737=DIRECTION('',(1.29343783326254E-06,0.999999999946749,-1.02386147236979E-05));
#5738=DIRECTION('',(0.361779983723388,9.077146933842E-06,0.932263505289524));
#5739=DIRECTION('',(-0.265307170251701,0.707105379416096,-0.655449531095914));
#5740=DIRECTION('',(0.265305306937971,-0.707110345461823,0.655444927855431));
#5741=CARTESIAN_POINT('',(-0.0605619900694086,0.0097008060277941,-0.0915034755335818));
#5742=DIRECTION('',(-1.02386147236979E-05,-0.999999999946749,-1.29343783326258E-06));
#5743=DIRECTION('',(-0.70710678123525,8.1543925648355E-06,-0.707106781090826));
#5744=DIRECTION('',(0.926940399910786,-9.00527662594667E-06,-0.375208601889851));
#5745=DIRECTION('',(-1.29343783326254E-06,-0.999999999946749,1.02386147236979E-05));
#5746=CARTESIAN_POINT('',(-0.0750576273433418,-0.00029906430623609,-0.0770081960615003));
#5747=DIRECTION('',(1.02386147236979E-05,0.999999999946749,1.29343783326258E-06));
#5748=DIRECTION('',(-0.612907101952465,7.29733601734477E-06,-0.790154974877068));
#5749=CARTESIAN_POINT('',(-0.0750576273433418,-0.00029906430623609,-0.0770081960615003));
#5750=DIRECTION('',(1.02386147236979E-05,0.999999999946749,1.29343783326258E-06));
#5751=DIRECTION('',(-0.612907101952465,7.29733601734477E-06,-0.790154974877068));
#5752=CARTESIAN_POINT('',(-0.0750576176425181,0.00720096661121911,-0.0770082728514273));
#5753=DIRECTION('',(-1.29343783326254E-06,-0.999999999946749,1.02386147236979E-05));
#5754=DIRECTION('',(-3.71352796583977E-15,-1.02386147237065E-05,-0.999999999947585));
#5755=DIRECTION('',(1.29343783326254E-06,0.999999999946749,-1.02386147236979E-05));
#5756=CARTESIAN_POINT('',(-0.0904412493060852,0.00720092542479634,-0.0829743332632903));
#5757=DIRECTION('',(-1.29343783326254E-06,-0.999999999946749,1.02386147236979E-05));
#5758=DIRECTION('',(0.931630837090468,2.51576833208632E-06,0.363406086046704));
#5759=DIRECTION('',(0.375177439863937,-9.97598346366365E-06,-0.926953013112111));
#5760=DIRECTION('',(-1.29343783326254E-06,-0.999999999946749,1.02386147236979E-05));
#5761=CARTESIAN_POINT('',(-0.0895533713258079,0.00720113378159181,-0.0625120719044046));
#5762=DIRECTION('',(-1.29343783326254E-06,-0.999999999946749,1.02386147236979E-05));
#5763=DIRECTION('',(-0.707106781043808,8.15439256525607E-06,0.707106781282269));
#5764=DIRECTION('',(0.26522656709776,-0.707108648956131,-0.655478624119027));
#5765=DIRECTION('',(-0.655470469589665,0.707113149269179,0.265234721758911));
#5766=DIRECTION('',(-0.375097247254252,5.03947427206228E-06,-0.926985466486334));
#5767=CARTESIAN_POINT('',(0.0620464871127544,0.00969955068685014,-0.091503487778866));
#5768=DIRECTION('',(-1.02386147236979E-05,-0.999999999946749,-1.29343783326258E-06));
#5769=DIRECTION('',(-0.707076194395896,8.15411895843571E-06,-0.707137366607173));
#5770=DIRECTION('',(0.265297751664903,0.70710491273151,-0.655453846851562));
#5771=DIRECTION('',(0.92695301311211,-9.97598346366365E-06,0.37517743986394));
#5772=DIRECTION('',(0.255682498836147,0.707105016106511,-0.659263950164055));
#5773=CARTESIAN_POINT('',(0.0825087484716402,0.00969934233005467,-0.0923913657591432));
#5774=DIRECTION('',(1.02386147236979E-05,0.999999999946749,1.29343783326258E-06));
#5775=DIRECTION('',(-0.363406086046707,2.51576833208632E-06,0.931630837090467));
#5776=DIRECTION('',(0.655453082305071,0.707100413456722,-0.265311632210339));
#5777=DIRECTION('',(0.37520860193339,-5.04055609892194E-06,0.926940399923201));
#5778=CARTESIAN_POINT('',(0.0910378651453274,0.0096992163567543,-0.0625121097560697));
#5779=DIRECTION('',(-1.02386147236979E-05,-0.999999999946749,-1.29343783326258E-06));
#5780=DIRECTION('',(0.70714925184988,-8.1547724686964E-06,0.707064307925138));
#5781=DIRECTION('',(-0.926985466584362,9.97621201766602E-06,-0.375097246913181));
#5782=DIRECTION('',(1.02386147236979E-05,0.999999999946749,1.29343783326258E-06));
#5783=CARTESIAN_POINT('',(0.0825087228754199,0.00719937325080426,-0.0923913689926977));
#5784=DIRECTION('',(-1.02386147236979E-05,-0.999999999946749,-1.29343783326258E-06));
#5785=DIRECTION('',(-0.363406086046707,2.51576833208632E-06,0.931630837090467));
#5786=DIRECTION('',(0.92695301311211,-9.97598346366365E-06,0.37517743986394));
#5787=DIRECTION('',(-1.02386147236979E-05,-0.999999999946749,-1.29343783326258E-06));
#5788=CARTESIAN_POINT('',(0.0620464615165342,0.00719958160759973,-0.0915034910124206));
#5789=DIRECTION('',(-1.02386147236979E-05,-0.999999999946749,-1.29343783326258E-06));
#5790=DIRECTION('',(-0.707106781282266,8.15439256525607E-06,-0.70710678104381));
#5791=DIRECTION('',(1.02386147235117E-05,0.999999999946749,1.29343783258426E-06));
#5792=DIRECTION('',(-0.375097247254251,5.03947427206228E-06,-0.926985466486334));
#5793=CARTESIAN_POINT('',(0.0765421505328207,0.0071994144425521,-0.0770078020010224));
#5794=DIRECTION('',(1.02386147236979E-05,0.999999999946749,1.29343783326258E-06));
#5795=DIRECTION('',(-0.707106781016703,6.32519523655479E-06,0.707106781328102));
#5796=DIRECTION('',(-1.2934378316478E-06,-0.999999999946749,1.02386147220832E-05));
#5797=CARTESIAN_POINT('',(-0.0605619933030117,0.00720079945149647,-0.0915034499369777));
#5798=DIRECTION('',(-1.29343783326254E-06,-0.999999999946749,1.02386147236979E-05));
#5799=DIRECTION('',(0.707106781043808,-8.15439256525607E-06,-0.707106781282269));
#5800=CARTESIAN_POINT('',(-0.089699753263394,0.00720113546509669,-0.0623661372258147));
#5801=DIRECTION('',(1.29343783326254E-06,0.999999999946749,-1.02386147236979E-05));
#5802=DIRECTION('',(-3.20910443204272E-22,1.02386147237065E-05,0.999999999947585));
#5803=DIRECTION('',(-0.926985466486333,5.03947427206228E-06,0.375097247254255));
#5804=CARTESIAN_POINT('',(-0.0750576823144098,0.00720096661654417,-0.0770077609206911));
#5805=DIRECTION('',(1.29343783326254E-06,0.999999999946749,-1.02386147236979E-05));
#5806=DIRECTION('',(0.707106781328104,6.32519523655479E-06,0.707106781016701));
#5807=DIRECTION('',(-0.375097246913177,9.97621201766602E-06,0.926985466584363));
#5808=DIRECTION('',(-0.9269403999232,5.04055609892194E-06,0.375208601933393));
#5809=CARTESIAN_POINT('',(-0.0604154820216424,0.00720079775734153,-0.0916504084770398));
#5810=DIRECTION('',(1.29343783326254E-06,0.999999999946749,-1.02386147236979E-05));
#5811=DIRECTION('',(4.86939890989413E-15,1.02386147237065E-05,0.999999999947585));
#5812=DIRECTION('',(1.29343783258422E-06,0.999999999946749,-1.02386147235117E-05));
#5813=CARTESIAN_POINT('',(0.0619005268379443,0.00719958329110462,-0.0916498729500066));
#5814=DIRECTION('',(1.02386147236979E-05,0.999999999946749,1.29343783326258E-06));
#5815=DIRECTION('',(-0.999999999947585,1.02386147237065E-05,-3.20917951320932E-22));
#5816=CARTESIAN_POINT('',(0.0619005114800222,0.00569958329118449,-0.0916498748901634));
#5817=DIRECTION('',(-1.02386147236979E-05,-0.999999999946749,-1.29343783326258E-06));
#5818=DIRECTION('',(-0.999999999947585,1.02386147237065E-05,4.66497210080583E-15));
#5819=CARTESIAN_POINT('',(0.0911847980891693,0.00719924558334945,-0.0623656017082549));
#5820=DIRECTION('',(1.02386147236979E-05,0.999999999946749,1.29343783326258E-06));
#5821=DIRECTION('',(-0.999999999947585,1.02386147237065E-05,-3.20917951320932E-22));
#5822=DIRECTION('',(0.926985466584362,-9.97621201766602E-06,0.375097246913181));
#5823=CARTESIAN_POINT('',(0.0910378395491072,0.0071992472775044,-0.0625121129896243));
#5824=DIRECTION('',(1.02386147236979E-05,0.999999999946749,1.29343783326258E-06));
#5825=DIRECTION('',(0.707106781282266,-8.15439256525607E-06,0.707106781043811));
#5826=DIRECTION('',(-0.37520860193339,5.04055609892194E-06,-0.926940399923201));
#5827=CARTESIAN_POINT('',(0.0765426624635568,0.00719941443722704,-0.0770077373291307));
#5828=DIRECTION('',(-1.02386147236979E-05,-0.999999999946749,-1.29343783326258E-06));
#5829=DIRECTION('',(0.999999999947585,-1.02386147237065E-05,3.69508844089574E-39));
#5830=CARTESIAN_POINT('',(0.0619004500480173,-0.000300447629112496,-0.0916498826508304));
#5831=DIRECTION('',(-1.02386147236979E-05,-0.999999999946749,-1.29343783326258E-06));
#5832=DIRECTION('',(0.999999999947585,-1.02386147237065E-05,-3.17009392360711E-27));
#5833=CARTESIAN_POINT('',(0.0911847827312472,0.00569924558342933,-0.0623656036484117));
#5834=DIRECTION('',(-1.02386147236979E-05,-0.999999999946749,-1.29343783326258E-06));
#5835=DIRECTION('',(-0.999999999947585,1.02386147237065E-05,-4.74948390397641E-16));
#5836=CARTESIAN_POINT('',(0.0911847212992423,-0.000300785336867663,-0.0623656114090786));
#5837=DIRECTION('',(-1.02386147236979E-05,-0.999999999946749,-1.29343783326258E-06));
#5838=DIRECTION('',(0.999999999947585,-1.02386147237065E-05,0.0));
#5839=CARTESIAN_POINT('',(-0.0604154839617991,0.0057007977574214,-0.0916503931191178));
#5840=DIRECTION('',(-1.29343783326254E-06,-0.999999999946749,1.02386147236979E-05));
#5841=DIRECTION('',(4.66493074178301E-15,1.02386147237065E-05,0.999999999947585));
#5842=CARTESIAN_POINT('',(-0.0604154917224171,-0.000299195282729274,-0.0916503316875007));
#5843=DIRECTION('',(-1.02386147236979E-05,-0.999999999946749,-1.29343783326258E-06));
#5844=DIRECTION('',(-0.612907388261435,7.29733866150001E-06,-0.790154752792955));
#5845=CARTESIAN_POINT('',(-0.0604154917224171,-0.000299195282729274,-0.0916503316875007));
#5846=DIRECTION('',(-1.02386147236979E-05,-0.999999999946749,-1.29343783326258E-06));
#5847=DIRECTION('',(-0.612907388261435,7.29733866150001E-06,-0.790154752792955));
#5848=CARTESIAN_POINT('',(-0.0896997552035507,0.00570113546517657,-0.0623661218678926));
#5849=DIRECTION('',(-1.29343783326254E-06,-0.999999999946749,1.02386147236979E-05));
#5850=DIRECTION('',(4.66493227359896E-15,1.02386147237065E-05,0.999999999947585));
#5851=CARTESIAN_POINT('',(-0.0896997629642667,-0.000298933329742906,-0.0623660604354999));
#5852=DIRECTION('',(-1.02386147236979E-05,-0.999999999946749,-1.29343783326258E-06));
#5853=DIRECTION('',(-0.612907388261435,7.29733866150001E-06,-0.790154752792955));
#5854=CARTESIAN_POINT('',(-0.0896997629642667,-0.000298933329742906,-0.0623660604354999));
#5855=DIRECTION('',(-1.02386147236979E-05,-0.999999999946749,-1.29343783326258E-06));
#5856=DIRECTION('',(-0.612907388261435,7.29733866150001E-06,-0.790154752792955));
#5857=CARTESIAN_POINT('',(-0.0227371359676235,-0.000299640338411487,-0.0458178125909069));
#5858=DIRECTION('',(-1.02386147236979E-05,-0.999999999946749,-1.29343783326258E-06));
#5859=DIRECTION('',(-0.999999999947585,1.02386147237065E-05,-5.00500002449767E-23));
#5860=CARTESIAN_POINT('',(-0.0253046235527314,-0.000299724898517609,0.0398821874082617));
#5861=DIRECTION('',(-1.02386147236979E-05,-0.999999999946749,-1.29343783326258E-06));
#5862=DIRECTION('',(-0.999999999947585,1.02386147237065E-05,-5.00500002449767E-23));
#5863=CARTESIAN_POINT('',(0.0155459652435468,-0.000299972560529194,-0.0920077449574253));
#5864=DIRECTION('',(-1.02386147236979E-05,-0.999999999946749,-1.29343783326258E-06));
#5865=DIRECTION('',(0.999999999947585,-1.02386147237065E-05,6.10012615832765E-15));
#5866=CARTESIAN_POINT('',(0.0830453764415895,-0.000300834252422921,0.0398821874082617));
#5867=DIRECTION('',(-1.02386147236979E-05,-0.999999999946749,-1.29343783326258E-06));
#5868=DIRECTION('',(-0.999999999947585,1.02386147237065E-05,-5.00594060181567E-23));
#5869=CARTESIAN_POINT('',(0.0765425856736298,-0.000300616482990079,-0.0770077470299544));
#5870=DIRECTION('',(-1.02386147236979E-05,-0.999999999946749,-1.29343783326258E-06));
#5871=DIRECTION('',(0.999999999947585,-1.02386147237065E-05,-2.20883963709029E-27));
#5872=DIRECTION('',(1.87755844793543E-10,-1.29343783525273E-06,0.999999999999164));
#5873=CARTESIAN_POINT('',(0.0985461201646392,-0.000300993914434106,0.040621201096832));
#5874=DIRECTION('',(-1.02386147236979E-05,-0.999999999946749,-1.29343783326258E-06));
#5875=DIRECTION('',(0.923879532534713,-9.95422381460633E-06,0.382683432179071));
#5876=DIRECTION('',(-0.707106781016719,6.32519523655497E-06,0.707106781328086));
#5877=CARTESIAN_POINT('',(0.0987177161047535,-0.000301000936982123,0.0446922458445545));
#5878=DIRECTION('',(-1.02386147236979E-05,-0.999999999946749,-1.29343783326258E-06));
#5879=DIRECTION('',(0.382683432518495,-5.11312896759796E-06,0.923879532433595));
#5880=DIRECTION('',(-0.999999999947585,1.02386147234465E-05,2.00998728817365E-10));
#5881=CARTESIAN_POINT('',(-0.0990574142851447,-0.000298977287057908,0.0456922458843062));
#5882=DIRECTION('',(-1.02386147236979E-05,-0.999999999946749,-1.29343783326258E-06));
#5883=DIRECTION('',(-0.707106781016718,6.32519523655496E-06,0.707106781328087));
#5884=DIRECTION('',(-1.87754759768055E-10,1.29343783525272E-06,-0.999999999999164));
#5885=CARTESIAN_POINT('',(-0.105057414288307,-0.000298891903931057,0.0271745886107567));
#5886=DIRECTION('',(1.02386147236979E-05,0.999999999946749,1.29343783326258E-06));
#5887=DIRECTION('',(-0.999999999947585,1.02386147234465E-05,2.00997551935751E-10));
#5888=CARTESIAN_POINT('',(-0.0970574142898527,-0.000298966052221805,0.0211745886091538));
#5889=DIRECTION('',(-1.02386147236979E-05,-0.999999999946749,-1.29343783326258E-06));
#5890=DIRECTION('',(-0.923879532391016,8.96426935391561E-06,0.382683432550457));
#5891=DIRECTION('',(-1.87755844793543E-10,1.29343783525273E-06,-0.999999999999164));
#5892=CARTESIAN_POINT('',(-0.092057414311741,-0.000298868264095413,-0.0940077541169836));
#5893=DIRECTION('',(-1.02386147236979E-05,-0.999999999946749,-1.29343783326258E-06));
#5894=DIRECTION('',(-0.707106781282247,8.15439256525589E-06,-0.70710678104383));
#5895=DIRECTION('',(0.999999999947585,-1.02386147234465E-05,-2.00998856447751E-10));
#5896=CARTESIAN_POINT('',(0.0935461201396239,-0.000300768587176072,-0.0940077541542897));
#5897=DIRECTION('',(-1.02386147236979E-05,-0.999999999946749,-1.29343783326258E-06));
#5898=DIRECTION('',(0.70710678101672,-6.32519523655498E-06,-0.707106781328085));
#5899=CARTESIAN_POINT('',(0.0272253764451652,-0.000300199263954571,-0.00918781259169726));
#5900=DIRECTION('',(-1.02386147236979E-05,-0.999999999946749,-1.29343783326258E-06));
#5901=DIRECTION('',(-0.999999999947585,1.02386147237065E-05,4.43094687578095E-22));
#5902=CARTESIAN_POINT('',(-0.0893046235493768,-0.000299069627175292,0.0398821874082617));
#5903=DIRECTION('',(-1.02386147236979E-05,-0.999999999946749,-1.29343783326258E-06));
#5904=DIRECTION('',(-0.999999999947585,1.02386147237065E-05,-5.00594060181567E-23));
#5905=CARTESIAN_POINT('',(-0.0227370387007836,0.00920035966108266,-0.0458178003032474));
#5906=DIRECTION('',(-1.02386147236979E-05,-0.999999999946749,-1.29343783326258E-06));
#5907=DIRECTION('',(-0.999999999947585,1.02386147237065E-05,-2.84970449478657E-16));
#5908=CARTESIAN_POINT('',(-0.089304526282537,0.00920093037231885,0.0398821996959211));
#5909=DIRECTION('',(-1.02386147236979E-05,-0.999999999946749,-1.29343783326258E-06));
#5910=DIRECTION('',(-0.999999999947585,1.02386147237065E-05,-2.84968427460681E-16));
#5911=CARTESIAN_POINT('',(-0.0253046000039175,0.00200027510135991,0.0398821903831687));
#5912=DIRECTION('',(1.02386147236979E-05,0.999999999946749,1.29343783326258E-06));
#5913=DIRECTION('',(-0.999999999947585,1.02386147237065E-05,-5.9102904881539E-16));
#5914=CARTESIAN_POINT('',(0.027225473712005,0.00919980073553958,-0.00918780030403785));
#5915=DIRECTION('',(-1.02386147236979E-05,-0.999999999946749,-1.29343783326258E-06));
#5916=DIRECTION('',(-0.999999999947585,1.02386147237065E-05,-2.84970449457734E-16));
#5917=CARTESIAN_POINT('',(0.0155459887923607,0.00200002743934833,-0.0920077419825183));
#5918=DIRECTION('',(1.02386147236979E-05,0.999999999946749,1.29343783326258E-06));
#5919=DIRECTION('',(0.999999999947585,-1.02386147237065E-05,5.57687643250187E-15));
#5920=CARTESIAN_POINT('',(0.0830454737084294,0.00919916574707122,0.0398821996959211));
#5921=DIRECTION('',(-1.02386147236979E-05,-0.999999999946749,-1.29343783326258E-06));
#5922=DIRECTION('',(-0.999999999947585,1.02386147237065E-05,-2.84968427460681E-16));
#5923=CARTESIAN_POINT('',(0.046146032099034,0.00919965463953731,-0.0460077418571435));
#5924=DIRECTION('',(-1.02386147236979E-05,-0.999999999946749,-1.29343783326258E-06));
#5925=DIRECTION('',(0.999999999947585,-1.02386147237065E-05,-3.56214440021427E-16));
#5926=CARTESIAN_POINT('',(0.0461459450708089,0.000699654639989907,-0.0460077528513651));
#5927=DIRECTION('',(-1.02386147236979E-05,-0.999999999946749,-1.29343783326258E-06));
#5928=DIRECTION('',(-0.999999999947585,1.02386147237065E-05,2.37757044270533E-27));
#5929=CARTESIAN_POINT('',(-0.0529757826258216,0.00920062277061869,-0.00987226696381741));
#5930=DIRECTION('',(-1.02386147236979E-05,-0.999999999946749,-1.29343783326258E-06));
#5931=DIRECTION('',(0.999999999947585,-1.02386147237065E-05,-3.56214440021427E-16));
#5932=CARTESIAN_POINT('',(-0.0529758696540467,0.000700622771071295,-0.00987227795803899));
#5933=DIRECTION('',(-1.02386147236979E-05,-0.999999999946749,-1.29343783326258E-06));
#5934=DIRECTION('',(-0.999999999947585,1.02386147237065E-05,4.75514088541066E-27));
#5935=CARTESIAN_POINT('',(0.0940795339301289,0.000699055062735852,0.0381120266850328));
#5936=DIRECTION('',(-1.02386147236979E-05,-0.999999999946749,-1.29343783326258E-06));
#5937=DIRECTION('',(-0.999999999947585,1.02386147237151E-05,-6.62151662405066E-12));
#5938=DIRECTION('',(-1.02386147236979E-05,-0.999999999946749,-1.29343783326258E-06));
#5939=CARTESIAN_POINT('',(-0.0990573119024742,0.00970104666384815,0.027174601543929));
#5940=DIRECTION('',(1.87754759768055E-10,-1.29343783525272E-06,0.999999999999164));
#5941=DIRECTION('',(1.02386147199374E-05,0.999999999946749,1.29343783326258E-06));
#5942=DIRECTION('',(1.87754759768055E-10,-1.29343783525272E-06,0.999999999999164));
#5943=CARTESIAN_POINT('',(-0.100257311903087,0.009701063606562,0.0235746015441733));
#5944=DIRECTION('',(0.600000000118746,-7.17791910227548E-06,0.799999999878739));
#5945=DIRECTION('',(1.02386147216442E-05,0.999999999946749,1.29343783480971E-06));
#5946=CARTESIAN_POINT('',(-0.10505731190216,0.00970110809553646,0.027174601545135));
#5947=DIRECTION('',(-1.02386147236979E-05,-0.999999999946749,-1.29343783326258E-06));
#5948=DIRECTION('',(0.948683297941418,-9.30418182618419E-06,-0.316227766207249));
#5949=CARTESIAN_POINT('',(-0.101057311903496,0.00970107490170461,0.0211746015443362));
#5950=DIRECTION('',(1.87755952278657E-10,-1.29343783524723E-06,0.999999999999164));
#5951=DIRECTION('',(1.02386147199374E-05,0.999999999946749,1.29343783325707E-06));
#5952=CARTESIAN_POINT('',(-0.0970573119037055,0.00970103394724572,0.0211746015435322));
#5953=DIRECTION('',(1.02386147236979E-05,0.999999999946749,1.29343783326258E-06));
#5954=DIRECTION('',(-0.948683297941417,9.30418182618419E-06,0.316227766207251));
#5955=CARTESIAN_POINT('',(-0.101057311925122,0.00970122388290465,-0.0940077411807964));
#5956=DIRECTION('',(1.87755844793543E-10,-1.29343783525273E-06,0.999999999999164));
#5957=DIRECTION('',(1.02386147199374E-05,0.999999999946749,1.29343783326258E-06));
#5958=DIRECTION('',(1.87755844793543E-10,-1.29343783525273E-06,0.999999999999164));
#5959=CARTESIAN_POINT('',(-0.0920573119272835,0.00970114337631264,-0.103007741182598));
#5960=DIRECTION('',(0.999999999947585,-1.02386147234465E-05,-2.00998856447751E-10));
#5961=DIRECTION('',(-1.87755844768098E-10,1.29343783773791E-06,-0.999999999999164));
#5962=CARTESIAN_POINT('',(0.0935462225240814,0.00969924305323198,-0.103007741219904));
#5963=DIRECTION('',(-0.999999999947585,1.02386147234465E-05,2.00998856447751E-10));
#5964=DIRECTION('',(1.02386147236979E-05,0.999999999946749,1.29343782906409E-06));
#5965=CARTESIAN_POINT('',(0.102546222525299,0.00969913926475895,-0.0940077412217204));
#5966=DIRECTION('',(-1.87755964325347E-10,1.29343783524417E-06,-0.999999999999164));
#5967=DIRECTION('',(1.02386147199372E-05,0.999999999946749,1.29343783325402E-06));
#5968=CARTESIAN_POINT('',(0.0935462225257712,0.00969923141229146,-0.0940077412199114));
#5969=DIRECTION('',(1.02386147236979E-05,0.999999999946749,1.29343783326257E-06));
#5970=DIRECTION('',(0.707106781016721,-6.325195236555E-06,-0.707106781328084));
#5971=CARTESIAN_POINT('',(0.102546222550577,0.00969896513057452,0.0406212140304064));
#5972=DIRECTION('',(-1.87755844793543E-10,1.29343783525273E-06,-0.999999999999164));
#5973=DIRECTION('',(1.02386147199374E-05,0.999999999946749,1.29343783326258E-06));
#5974=CARTESIAN_POINT('',(0.101374649675915,0.00969897346746316,0.0434496411553857));
#5975=DIRECTION('',(0.707106781016718,-6.32519523656186E-06,-0.707106781328087));
#5976=DIRECTION('',(1.02386147231927E-05,0.999999999946749,1.29343783274765E-06));
#5977=CARTESIAN_POINT('',(0.0985462225507865,0.00969900608503342,0.0406212140312104));
#5978=DIRECTION('',(1.02386147236979E-05,0.999999999946749,1.29343783326258E-06));
#5979=DIRECTION('',(0.923879532534714,-9.95422381460633E-06,0.382683432179069));
#5980=CARTESIAN_POINT('',(0.099424925272183,0.00969899090809283,0.0453993655599767));
#5981=DIRECTION('',(0.707106781016719,-6.32519523655497E-06,-0.707106781328086));
#5982=DIRECTION('',(1.02386147127795E-05,0.999999999946749,1.29343782234416E-06));
#5983=DIRECTION('',(0.707106781016719,-6.32519523655497E-06,-0.707106781328086));
#5984=CARTESIAN_POINT('',(0.0987178184910885,0.00969899776904757,0.045692258778932));
#5985=DIRECTION('',(0.999999999947585,-1.02386147234641E-05,-2.00995687107963E-10));
#5986=DIRECTION('',(1.02386147237155E-05,0.999999999946749,1.293437836003E-06));
#5987=CARTESIAN_POINT('',(0.0987178184909008,0.0096989990624854,0.0446922587789329));
#5988=DIRECTION('',(1.02386147236979E-05,0.999999999946749,1.29343783326258E-06));
#5989=DIRECTION('',(0.382683432518498,-5.11312896759799E-06,0.923879532433594));
#5990=CARTESIAN_POINT('',(-0.0990573118989975,0.00970102271240961,0.0456922588186846));
#5991=DIRECTION('',(0.999999999947585,-1.02386147234465E-05,-2.00998728817365E-10));
#5992=DIRECTION('',(1.02386147236979E-05,0.999999999946749,1.293437836003E-06));
#5993=CARTESIAN_POINT('',(-0.0920573119255937,0.00970113173537212,-0.0940077411826053));
#5994=DIRECTION('',(1.02386147236979E-05,0.999999999946749,1.29343783326258E-06));
#5995=DIRECTION('',(-0.707106781282248,8.1543925652559E-06,-0.707106781043829));
#5996=CARTESIAN_POINT('',(-0.0990573118989974,0.00970102271240962,0.0456922588186846));
#5997=DIRECTION('',(1.02386147236979E-05,0.999999999946749,1.29343783326258E-06));
#5998=DIRECTION('',(-0.707106781016721,6.325195236555E-06,0.707106781328083));
#5999=DIRECTION('',(-1.02386147236979E-05,-0.999999999946749,-1.29343783326258E-06));
#6000=DIRECTION('',(1.02386147236582E-05,0.999999999946749,1.29343783314563E-06));
#6001=DIRECTION('',(-1.02386147236582E-05,-0.999999999946749,-1.29343783314563E-06));
#6002=DIRECTION('',(-1.02386147236979E-05,-0.999999999946749,-1.29343783326258E-06));
#6003=DIRECTION('',(-1.02386147236979E-05,-0.999999999946749,-1.29343783326258E-06));
#6004=DIRECTION('',(-1.02386147236979E-05,-0.999999999946749,-1.29343783326258E-06));
#6005=DIRECTION('',(1.02386147236979E-05,0.999999999946749,1.29343783326258E-06));
#6006=DIRECTION('',(-1.02386147220832E-05,-0.999999999946749,-1.29343783164784E-06));
#6007=PRESENTATION_LAYER_ASSIGNMENT('9','Layer0',(#25));
ENDSEC;
END-ISO-10303-21;
