ISO-10303-21;
HEADER;
FILE_DESCRIPTION(('STEP AP214'),'1');
FILE_NAME('Camera_holder_top.stp','2026-08-23T09:52:42',(' '),(' '),'Spatial InterOp 3D',' ',' ');
FILE_SCHEMA(('AUTOMOTIVE_DESIGN { 1 0 10303 214 1 1 1 1 }'));
ENDSEC;
DATA;
#1=MECHANICAL_DESIGN_GEOMETRIC_PRESENTATION_REPRESENTATION(' ',(#10),#6);
#2=PRODUCT_DEFINITION_CONTEXT('',#11,'design');
#3=APPLICATION_PROTOCOL_DEFINITION('INTERNATIONAL STANDARD','automotive_design',1994,#11);
#4=PRODUCT_CATEGORY_RELATIONSHIP('NONE','NONE',#12,#13);
#5=SHAPE_DEFINITION_REPRESENTATION(#14,#15);
#6= (GEOMETRIC_REPRESENTATION_CONTEXT(3)GLOBAL_UNCERTAINTY_ASSIGNED_CONTEXT((#18))GLOBAL_UNIT_ASSIGNED_CONTEXT((#20,#21,#22))REPRESENTATION_CONTEXT('NONE','WORKSPACE'));
#10=STYLED_ITEM('',(#24),#25);
#11=APPLICATION_CONTEXT(' ');
#12=PRODUCT_CATEGORY('part','NONE');
#13=PRODUCT_RELATED_PRODUCT_CATEGORY('detail',' ',(#26));
#14=PRODUCT_DEFINITION_SHAPE('NONE','NONE',#27);
#15=ADVANCED_BREP_SHAPE_REPRESENTATION('Camera_holder_top',(#25,#28),#6);
#18=UNCERTAINTY_MEASURE_WITH_UNIT(LENGTH_MEASURE(1.0E-08),#20,'','');
#20= (CONVERSION_BASED_UNIT('METRE',#31)LENGTH_UNIT()NAMED_UNIT(#34));
#21= (NAMED_UNIT(#36)PLANE_ANGLE_UNIT()SI_UNIT($,.RADIAN.));
#22= (NAMED_UNIT(#36)SOLID_ANGLE_UNIT()SI_UNIT($,.STERADIAN.));
#24=PRESENTATION_STYLE_ASSIGNMENT((#42));
#25=MANIFOLD_SOLID_BREP('Camera_holder_top',#43);
#26=PRODUCT('Camera_holder_top','','PART--DESC',(#44));
#27=PRODUCT_DEFINITION('','NONE',#45,#2);
#28=AXIS2_PLACEMENT_3D('',#46,#47,#48);
#31=LENGTH_MEASURE_WITH_UNIT(LENGTH_MEASURE(1.0),#49);
#34=DIMENSIONAL_EXPONENTS(1.0,0.0,0.0,0.0,0.0,0.0,0.0);
#36=DIMENSIONAL_EXPONENTS(0.0,0.0,0.0,0.0,0.0,0.0,0.0);
#42=SURFACE_STYLE_USAGE(.BOTH.,#50);
#43=CLOSED_SHELL('',(#51,#52,#53,#54,#55,#56,#57,#58,#59,#60,#61,#62,#63,#64,#65,#66,#67,#68,#69,#70,#71,#72,#73,#74,#75,#76,#77,#78,#79,#80,#81,#82,#83,#84,#85,#86,#87,#88,#89,#90,#91,#92,#93,#94,#95,#96,#97,#98,#99,#100,#101,#102,#103,#104,#105,#106,#107,#108,#109,#110,#111,#112,#113,#114,#115,#116,#117,#118,#119,#120,#121,#122,#123,#124,#125,#126,#127,#128,#129,#130,#131,#132,#133,#134,#135,#136,#137,#138,#139,#140,#141,#142,#143,#144,#145,#146,#147,#148,#149,#150,#151,#152,#153,#154,#155,#156,#157,#158,#159,#160,#161,#162,#163,#164,#165,#166,#167,#168,#169,#170,#171,#172,#173,#174,#175,#176,#177,#178,#179,#180,#181,#182,#183,#184,#185,#186,#187,#188,#189,#190,#191,#192,#193,#194,#195,#196,#197,#198,#199,#200,#201,#202,#203,#204,#205,#206,#207,#208,#209,#210,#211,#212,#213,#214,#215,#216));
#44=PRODUCT_CONTEXT('',#11,'mechanical');
#45=PRODUCT_DEFINITION_FORMATION_WITH_SPECIFIED_SOURCE(' ','NONE',#26,.NOT_KNOWN.);
#46=CARTESIAN_POINT('',(0.0,0.0,0.0));
#47=DIRECTION('',(0.0,0.0,1.0));
#48=DIRECTION('',(1.0,0.0,0.0));
#49= (NAMED_UNIT(#34)LENGTH_UNIT()SI_UNIT($,.METRE.));
#50=SURFACE_SIDE_STYLE('',(#218));
#51=ADVANCED_FACE('0:353',(#219),#220,.F.);
#52=ADVANCED_FACE('0:344',(#221),#222,.F.);
#53=ADVANCED_FACE('0:341',(#223),#224,.T.);
#54=ADVANCED_FACE('0:326',(#225),#226,.F.);
#55=ADVANCED_FACE('0:320',(#227),#228,.F.);
#56=ADVANCED_FACE('0:317',(#229),#230,.F.);
#57=ADVANCED_FACE('0:314',(#231),#232,.F.);
#58=ADVANCED_FACE('0:311',(#233),#234,.F.);
#59=ADVANCED_FACE('0:308',(#235),#236,.T.);
#60=ADVANCED_FACE('0:305',(#237),#238,.T.);
#61=ADVANCED_FACE('0:299',(#239),#240,.F.);
#62=ADVANCED_FACE('0:296',(#241),#242,.F.);
#63=ADVANCED_FACE('0:293',(#243),#244,.F.);
#64=ADVANCED_FACE('0:290',(#245),#246,.F.);
#65=ADVANCED_FACE('0:284',(#247),#248,.T.);
#66=ADVANCED_FACE('0:275',(#249),#250,.T.);
#67=ADVANCED_FACE('0:266',(#251),#252,.F.);
#68=ADVANCED_FACE('0:263',(#253),#254,.F.);
#69=ADVANCED_FACE('0:245',(#255),#256,.F.);
#70=ADVANCED_FACE('0:242',(#257),#258,.T.);
#71=ADVANCED_FACE('0:236',(#259),#260,.T.);
#72=ADVANCED_FACE('0:233',(#261),#262,.T.);
#73=ADVANCED_FACE('0:230',(#263),#264,.T.);
#74=ADVANCED_FACE('0:221',(#265),#266,.F.);
#75=ADVANCED_FACE('0:218',(#267),#268,.F.);
#76=ADVANCED_FACE('0:215',(#269),#270,.F.);
#77=ADVANCED_FACE('0:209',(#271),#272,.F.);
#78=ADVANCED_FACE('0:206',(#273),#274,.F.);
#79=ADVANCED_FACE('0:197',(#275),#276,.F.);
#80=ADVANCED_FACE('0:194',(#277),#278,.F.);
#81=ADVANCED_FACE('0:188',(#279),#280,.F.);
#82=ADVANCED_FACE('0:185',(#281),#282,.T.);
#83=ADVANCED_FACE('0:173',(#283),#284,.F.);
#84=ADVANCED_FACE('0:158',(#285),#286,.T.);
#85=ADVANCED_FACE('0:152',(#287),#288,.T.);
#86=ADVANCED_FACE('0:149',(#289),#290,.T.);
#87=ADVANCED_FACE('0:143',(#291),#292,.T.);
#88=ADVANCED_FACE('0:134',(#293),#294,.T.);
#89=ADVANCED_FACE('0:131',(#295),#296,.T.);
#90=ADVANCED_FACE('0:128',(#297),#298,.T.);
#91=ADVANCED_FACE('0:119',(#299),#300,.T.);
#92=ADVANCED_FACE('0:116',(#301),#302,.T.);
#93=ADVANCED_FACE('0:113',(#303),#304,.T.);
#94=ADVANCED_FACE('0:110',(#305),#306,.T.);
#95=ADVANCED_FACE('0:107',(#307),#308,.T.);
#96=ADVANCED_FACE('0:98',(#309),#310,.T.);
#97=ADVANCED_FACE('0:95',(#311),#312,.T.);
#98=ADVANCED_FACE('0:92',(#313),#314,.T.);
#99=ADVANCED_FACE('0:83',(#315),#316,.T.);
#100=ADVANCED_FACE('0:80',(#317),#318,.T.);
#101=ADVANCED_FACE('0:74',(#319),#320,.F.);
#102=ADVANCED_FACE('0:62',(#321),#322,.F.);
#103=ADVANCED_FACE('0:38',(#323),#324,.F.);
#104=ADVANCED_FACE('0:32',(#325),#326,.F.);
#105=ADVANCED_FACE('0:23',(#327),#328,.F.);
#106=ADVANCED_FACE('0:23',(#329),#330,.F.);
#107=ADVANCED_FACE('0:26',(#331,#332),#333,.T.);
#108=ADVANCED_FACE('0:29',(#334),#335,.F.);
#109=ADVANCED_FACE('0:32',(#336),#337,.F.);
#110=ADVANCED_FACE('0:35',(#338),#339,.T.);
#111=ADVANCED_FACE('0:38',(#340),#341,.F.);
#112=ADVANCED_FACE('0:41',(#342),#343,.T.);
#113=ADVANCED_FACE('0:44',(#344,#345,#346),#347,.T.);
#114=ADVANCED_FACE('0:47',(#348),#349,.T.);
#115=ADVANCED_FACE('0:50',(#350),#351,.F.);
#116=ADVANCED_FACE('0:53',(#352),#353,.F.);
#117=ADVANCED_FACE('0:56',(#354),#355,.F.);
#118=ADVANCED_FACE('0:59',(#356),#357,.F.);
#119=ADVANCED_FACE('0:62',(#358),#359,.F.);
#120=ADVANCED_FACE('0:65',(#360),#361,.T.);
#121=ADVANCED_FACE('0:68',(#362),#363,.F.);
#122=ADVANCED_FACE('0:71',(#364),#365,.F.);
#123=ADVANCED_FACE('0:74',(#366),#367,.F.);
#124=ADVANCED_FACE('0:77',(#368),#369,.T.);
#125=ADVANCED_FACE('0:80',(#370),#371,.T.);
#126=ADVANCED_FACE('0:83',(#372),#373,.T.);
#127=ADVANCED_FACE('0:86',(#374,#375,#376,#377),#378,.T.);
#128=ADVANCED_FACE('0:89',(#379),#380,.T.);
#129=ADVANCED_FACE('0:92',(#381),#382,.T.);
#130=ADVANCED_FACE('0:95',(#383),#384,.T.);
#131=ADVANCED_FACE('0:98',(#385),#386,.T.);
#132=ADVANCED_FACE('0:101',(#387),#388,.T.);
#133=ADVANCED_FACE('0:104',(#389),#390,.T.);
#134=ADVANCED_FACE('0:107',(#391),#392,.T.);
#135=ADVANCED_FACE('0:110',(#393),#394,.T.);
#136=ADVANCED_FACE('0:113',(#395),#396,.T.);
#137=ADVANCED_FACE('0:116',(#397),#398,.T.);
#138=ADVANCED_FACE('0:119',(#399),#400,.T.);
#139=ADVANCED_FACE('0:122',(#401),#402,.T.);
#140=ADVANCED_FACE('0:125',(#403),#404,.T.);
#141=ADVANCED_FACE('0:128',(#405),#406,.T.);
#142=ADVANCED_FACE('0:131',(#407),#408,.T.);
#143=ADVANCED_FACE('0:134',(#409),#410,.T.);
#144=ADVANCED_FACE('0:137',(#411),#412,.T.);
#145=ADVANCED_FACE('0:140',(#413),#414,.T.);
#146=ADVANCED_FACE('0:143',(#415),#416,.T.);
#147=ADVANCED_FACE('0:146',(#417),#418,.T.);
#148=ADVANCED_FACE('0:149',(#419),#420,.T.);
#149=ADVANCED_FACE('0:152',(#421),#422,.T.);
#150=ADVANCED_FACE('0:155',(#423),#424,.T.);
#151=ADVANCED_FACE('0:158',(#425),#426,.T.);
#152=ADVANCED_FACE('0:161',(#427),#428,.T.);
#153=ADVANCED_FACE('0:164',(#429),#430,.T.);
#154=ADVANCED_FACE('0:167',(#431),#432,.T.);
#155=ADVANCED_FACE('0:170',(#433),#434,.T.);
#156=ADVANCED_FACE('0:173',(#435),#436,.F.);
#157=ADVANCED_FACE('0:176',(#437),#438,.T.);
#158=ADVANCED_FACE('0:179',(#439),#440,.T.);
#159=ADVANCED_FACE('0:182',(#441),#442,.T.);
#160=ADVANCED_FACE('0:185',(#443),#444,.T.);
#161=ADVANCED_FACE('0:188',(#445),#446,.F.);
#162=ADVANCED_FACE('0:191',(#447),#448,.F.);
#163=ADVANCED_FACE('0:194',(#449),#450,.F.);
#164=ADVANCED_FACE('0:197',(#451),#452,.F.);
#165=ADVANCED_FACE('0:200',(#453),#454,.F.);
#166=ADVANCED_FACE('0:203',(#455),#456,.T.);
#167=ADVANCED_FACE('0:206',(#457),#458,.F.);
#168=ADVANCED_FACE('0:209',(#459),#460,.F.);
#169=ADVANCED_FACE('0:212',(#461),#462,.F.);
#170=ADVANCED_FACE('0:215',(#463),#464,.F.);
#171=ADVANCED_FACE('0:218',(#465),#466,.F.);
#172=ADVANCED_FACE('0:221',(#467),#468,.F.);
#173=ADVANCED_FACE('0:224',(#469),#470,.F.);
#174=ADVANCED_FACE('0:227',(#471),#472,.T.);
#175=ADVANCED_FACE('0:230',(#473),#474,.T.);
#176=ADVANCED_FACE('0:233',(#475),#476,.T.);
#177=ADVANCED_FACE('0:236',(#477),#478,.T.);
#178=ADVANCED_FACE('0:239',(#479,#480),#481,.T.);
#179=ADVANCED_FACE('0:242',(#482),#483,.T.);
#180=ADVANCED_FACE('0:245',(#484),#485,.F.);
#181=ADVANCED_FACE('0:248',(#486),#487,.T.);
#182=ADVANCED_FACE('0:251',(#488),#489,.T.);
#183=ADVANCED_FACE('0:254',(#490),#491,.F.);
#184=ADVANCED_FACE('0:257',(#492),#493,.F.);
#185=ADVANCED_FACE('0:260',(#494),#495,.F.);
#186=ADVANCED_FACE('0:263',(#496),#497,.F.);
#187=ADVANCED_FACE('0:266',(#498),#499,.F.);
#188=ADVANCED_FACE('0:269',(#500),#501,.T.);
#189=ADVANCED_FACE('0:272',(#502),#503,.T.);
#190=ADVANCED_FACE('0:275',(#504),#505,.T.);
#191=ADVANCED_FACE('0:278',(#506),#507,.T.);
#192=ADVANCED_FACE('0:281',(#508),#509,.T.);
#193=ADVANCED_FACE('0:284',(#510),#511,.T.);
#194=ADVANCED_FACE('0:287',(#512),#513,.F.);
#195=ADVANCED_FACE('0:290',(#514),#515,.F.);
#196=ADVANCED_FACE('0:293',(#516),#517,.F.);
#197=ADVANCED_FACE('0:296',(#518),#519,.F.);
#198=ADVANCED_FACE('0:299',(#520),#521,.F.);
#199=ADVANCED_FACE('0:302',(#522),#523,.T.);
#200=ADVANCED_FACE('0:305',(#524),#525,.T.);
#201=ADVANCED_FACE('0:308',(#526),#527,.T.);
#202=ADVANCED_FACE('0:311',(#528),#529,.F.);
#203=ADVANCED_FACE('0:314',(#530),#531,.F.);
#204=ADVANCED_FACE('0:317',(#532),#533,.F.);
#205=ADVANCED_FACE('0:320',(#534),#535,.F.);
#206=ADVANCED_FACE('0:323',(#536),#537,.T.);
#207=ADVANCED_FACE('0:326',(#538),#539,.F.);
#208=ADVANCED_FACE('0:329',(#540),#541,.T.);
#209=ADVANCED_FACE('0:332',(#542),#543,.T.);
#210=ADVANCED_FACE('0:335',(#544,#545),#546,.T.);
#211=ADVANCED_FACE('0:338',(#547),#548,.F.);
#212=ADVANCED_FACE('0:341',(#549),#550,.T.);
#213=ADVANCED_FACE('0:344',(#551),#552,.F.);
#214=ADVANCED_FACE('0:347',(#553),#554,.F.);
#215=ADVANCED_FACE('0:350',(#555),#556,.T.);
#216=ADVANCED_FACE('0:353',(#557),#558,.F.);
#218=SURFACE_STYLE_FILL_AREA(#559);
#219=FACE_OUTER_BOUND('',#560,.T.);
#220=CYLINDRICAL_SURFACE('',#561,0.0042);
#221=FACE_OUTER_BOUND('',#562,.T.);
#222=CYLINDRICAL_SURFACE('',#563,0.002);
#223=FACE_OUTER_BOUND('',#564,.T.);
#224=CYLINDRICAL_SURFACE('',#565,0.0005);
#225=FACE_OUTER_BOUND('',#566,.T.);
#226=CYLINDRICAL_SURFACE('',#567,0.001);
#227=FACE_OUTER_BOUND('',#568,.T.);
#228=CYLINDRICAL_SURFACE('',#569,0.001);
#229=FACE_OUTER_BOUND('',#570,.T.);
#230=CYLINDRICAL_SURFACE('',#571,0.00115);
#231=FACE_OUTER_BOUND('',#572,.T.);
#232=CYLINDRICAL_SURFACE('',#573,0.00115);
#233=FACE_OUTER_BOUND('',#574,.T.);
#234=CYLINDRICAL_SURFACE('',#575,0.0005);
#235=FACE_OUTER_BOUND('',#576,.T.);
#236=CYLINDRICAL_SURFACE('',#577,0.001);
#237=FACE_OUTER_BOUND('',#578,.T.);
#238=CYLINDRICAL_SURFACE('',#579,0.001);
#239=FACE_OUTER_BOUND('',#580,.T.);
#240=CYLINDRICAL_SURFACE('',#581,0.0005);
#241=FACE_OUTER_BOUND('',#582,.T.);
#242=CONICAL_SURFACE('',#583,0.00185,0.785398163397448);
#243=FACE_OUTER_BOUND('',#584,.T.);
#244=CONICAL_SURFACE('',#585,0.00185,0.785398163397448);
#245=FACE_OUTER_BOUND('',#586,.T.);
#246=CYLINDRICAL_SURFACE('',#587,0.0074);
#247=FACE_OUTER_BOUND('',#588,.T.);
#248=CONICAL_SURFACE('',#589,0.0048,0.785398163397448);
#249=FACE_OUTER_BOUND('',#590,.T.);
#250=CYLINDRICAL_SURFACE('',#591,0.0005);
#251=FACE_OUTER_BOUND('',#592,.T.);
#252=SPHERICAL_SURFACE('',#593,0.0005);
#253=FACE_OUTER_BOUND('',#594,.T.);
#254=CYLINDRICAL_SURFACE('',#595,0.000500000000000001);
#255=FACE_OUTER_BOUND('',#596,.T.);
#256=CYLINDRICAL_SURFACE('',#597,0.00215);
#257=FACE_OUTER_BOUND('',#598,.T.);
#258=CYLINDRICAL_SURFACE('',#599,0.0043);
#259=FACE_OUTER_BOUND('',#600,.T.);
#260=CONICAL_SURFACE('',#601,0.0037,0.785398163397448);
#261=FACE_OUTER_BOUND('',#602,.T.);
#262=CYLINDRICAL_SURFACE('',#603,0.005);
#263=FACE_OUTER_BOUND('',#604,.T.);
#264=CYLINDRICAL_SURFACE('',#605,0.007);
#265=FACE_OUTER_BOUND('',#606,.T.);
#266=TOROIDAL_SURFACE('',#607,0.002,0.001);
#267=FACE_OUTER_BOUND('',#608,.T.);
#268=CYLINDRICAL_SURFACE('',#609,0.001);
#269=FACE_OUTER_BOUND('',#610,.T.);
#270=CYLINDRICAL_SURFACE('',#611,0.001);
#271=FACE_OUTER_BOUND('',#612,.T.);
#272=TOROIDAL_SURFACE('',#613,0.002,0.001);
#273=FACE_OUTER_BOUND('',#614,.T.);
#274=CYLINDRICAL_SURFACE('',#615,0.001);
#275=FACE_OUTER_BOUND('',#616,.T.);
#276=CYLINDRICAL_SURFACE('',#617,0.001);
#277=FACE_OUTER_BOUND('',#618,.T.);
#278=CYLINDRICAL_SURFACE('',#619,0.001);
#279=FACE_OUTER_BOUND('',#620,.T.);
#280=CYLINDRICAL_SURFACE('',#621,0.001);
#281=FACE_OUTER_BOUND('',#622,.T.);
#282=CYLINDRICAL_SURFACE('',#623,0.001);
#283=FACE_OUTER_BOUND('',#624,.T.);
#284=CYLINDRICAL_SURFACE('',#625,0.01);
#285=FACE_OUTER_BOUND('',#626,.T.);
#286=CYLINDRICAL_SURFACE('',#627,0.001);
#287=FACE_OUTER_BOUND('',#628,.T.);
#288=CYLINDRICAL_SURFACE('',#629,0.000999999999999999);
#289=FACE_OUTER_BOUND('',#630,.T.);
#290=CYLINDRICAL_SURFACE('',#631,0.001);
#291=FACE_OUTER_BOUND('',#632,.T.);
#292=CYLINDRICAL_SURFACE('',#633,0.001);
#293=FACE_OUTER_BOUND('',#634,.T.);
#294=CYLINDRICAL_SURFACE('',#635,0.003);
#295=FACE_OUTER_BOUND('',#636,.T.);
#296=CYLINDRICAL_SURFACE('',#637,0.001);
#297=FACE_OUTER_BOUND('',#638,.T.);
#298=CYLINDRICAL_SURFACE('',#639,0.001);
#299=FACE_OUTER_BOUND('',#640,.T.);
#300=SPHERICAL_SURFACE('',#641,0.001);
#301=FACE_OUTER_BOUND('',#642,.T.);
#302=SPHERICAL_SURFACE('',#643,0.001);
#303=FACE_OUTER_BOUND('',#644,.T.);
#304=CYLINDRICAL_SURFACE('',#645,0.001);
#305=FACE_OUTER_BOUND('',#646,.T.);
#306=CYLINDRICAL_SURFACE('',#647,0.001);
#307=FACE_OUTER_BOUND('',#648,.T.);
#308=CYLINDRICAL_SURFACE('',#649,0.001);
#309=FACE_OUTER_BOUND('',#650,.T.);
#310=SPHERICAL_SURFACE('',#651,0.001);
#311=FACE_OUTER_BOUND('',#652,.T.);
#312=CYLINDRICAL_SURFACE('',#653,0.001);
#313=FACE_OUTER_BOUND('',#654,.T.);
#314=CYLINDRICAL_SURFACE('',#655,0.001);
#315=FACE_OUTER_BOUND('',#656,.T.);
#316=CYLINDRICAL_SURFACE('',#657,0.001);
#317=FACE_OUTER_BOUND('',#658,.T.);
#318=CYLINDRICAL_SURFACE('',#659,0.001);
#319=FACE_OUTER_BOUND('',#660,.T.);
#320=CYLINDRICAL_SURFACE('',#661,0.001);
#321=FACE_OUTER_BOUND('',#662,.T.);
#322=CYLINDRICAL_SURFACE('',#663,0.001);
#323=FACE_OUTER_BOUND('',#664,.T.);
#324=CYLINDRICAL_SURFACE('',#665,0.0005);
#325=FACE_OUTER_BOUND('',#666,.T.);
#326=CYLINDRICAL_SURFACE('',#667,0.000499999999386196);
#327=FACE_OUTER_BOUND('',#668,.T.);
#328=CONICAL_SURFACE('',#669,0.00275,0.785398163397448);
#329=FACE_OUTER_BOUND('',#670,.T.);
#330=CONICAL_SURFACE('',#671,0.00275,0.785398163397448);
#331=FACE_OUTER_BOUND('',#672,.T.);
#332=FACE_BOUND('',#673,.T.);
#333=PLANE('',#674);
#334=FACE_OUTER_BOUND('',#675,.T.);
#335=PLANE('',#676);
#336=FACE_OUTER_BOUND('',#677,.T.);
#337=CYLINDRICAL_SURFACE('',#678,0.000499999999386196);
#338=FACE_OUTER_BOUND('',#679,.T.);
#339=PLANE('',#680);
#340=FACE_OUTER_BOUND('',#681,.T.);
#341=CYLINDRICAL_SURFACE('',#682,0.0005);
#342=FACE_OUTER_BOUND('',#683,.T.);
#343=PLANE('',#684);
#344=FACE_OUTER_BOUND('',#685,.T.);
#345=FACE_BOUND('',#686,.T.);
#346=FACE_BOUND('',#687,.T.);
#347=PLANE('',#688);
#348=FACE_OUTER_BOUND('',#689,.T.);
#349=PLANE('',#690);
#350=FACE_OUTER_BOUND('',#691,.T.);
#351=PLANE('',#692);
#352=FACE_OUTER_BOUND('',#693,.T.);
#353=PLANE('',#694);
#354=FACE_OUTER_BOUND('',#695,.T.);
#355=TOROIDAL_SURFACE('',#696,0.00200000000000001,0.001);
#356=FACE_OUTER_BOUND('',#697,.T.);
#357=TOROIDAL_SURFACE('',#698,0.00200000000000001,0.001);
#358=FACE_OUTER_BOUND('',#699,.T.);
#359=CYLINDRICAL_SURFACE('',#700,0.001);
#360=FACE_OUTER_BOUND('',#701,.T.);
#361=PLANE('',#702);
#362=FACE_OUTER_BOUND('',#703,.T.);
#363=TOROIDAL_SURFACE('',#704,0.00200000000000001,0.001);
#364=FACE_OUTER_BOUND('',#705,.T.);
#365=TOROIDAL_SURFACE('',#706,0.00200000000000001,0.001);
#366=FACE_OUTER_BOUND('',#707,.T.);
#367=CYLINDRICAL_SURFACE('',#708,0.001);
#368=FACE_OUTER_BOUND('',#709,.T.);
#369=PLANE('',#710);
#370=FACE_OUTER_BOUND('',#711,.T.);
#371=CYLINDRICAL_SURFACE('',#712,0.001);
#372=FACE_OUTER_BOUND('',#713,.T.);
#373=CYLINDRICAL_SURFACE('',#714,0.001);
#374=FACE_BOUND('',#715,.T.);
#375=FACE_BOUND('',#716,.T.);
#376=FACE_BOUND('',#717,.T.);
#377=FACE_OUTER_BOUND('',#718,.T.);
#378=PLANE('',#719);
#379=FACE_OUTER_BOUND('',#720,.T.);
#380=PLANE('',#721);
#381=FACE_OUTER_BOUND('',#722,.T.);
#382=CYLINDRICAL_SURFACE('',#723,0.001);
#383=FACE_OUTER_BOUND('',#724,.T.);
#384=CYLINDRICAL_SURFACE('',#725,0.001);
#385=FACE_OUTER_BOUND('',#726,.T.);
#386=SPHERICAL_SURFACE('',#727,0.001);
#387=FACE_OUTER_BOUND('',#728,.T.);
#388=TOROIDAL_SURFACE('',#729,0.002,0.001);
#389=FACE_OUTER_BOUND('',#730,.T.);
#390=PLANE('',#731);
#391=FACE_OUTER_BOUND('',#732,.T.);
#392=CYLINDRICAL_SURFACE('',#733,0.001);
#393=FACE_OUTER_BOUND('',#734,.T.);
#394=CYLINDRICAL_SURFACE('',#735,0.001);
#395=FACE_OUTER_BOUND('',#736,.T.);
#396=CYLINDRICAL_SURFACE('',#737,0.001);
#397=FACE_OUTER_BOUND('',#738,.T.);
#398=SPHERICAL_SURFACE('',#739,0.001);
#399=FACE_OUTER_BOUND('',#740,.T.);
#400=SPHERICAL_SURFACE('',#741,0.001);
#401=FACE_OUTER_BOUND('',#742,.T.);
#402=PLANE('',#743);
#403=FACE_OUTER_BOUND('',#744,.T.);
#404=PLANE('',#745);
#405=FACE_OUTER_BOUND('',#746,.T.);
#406=CYLINDRICAL_SURFACE('',#747,0.001);
#407=FACE_OUTER_BOUND('',#748,.T.);
#408=CYLINDRICAL_SURFACE('',#749,0.001);
#409=FACE_OUTER_BOUND('',#750,.T.);
#410=CYLINDRICAL_SURFACE('',#751,0.003);
#411=FACE_OUTER_BOUND('',#752,.T.);
#412=PLANE('',#753);
#413=FACE_OUTER_BOUND('',#754,.T.);
#414=PLANE('',#755);
#415=FACE_OUTER_BOUND('',#756,.T.);
#416=CYLINDRICAL_SURFACE('',#757,0.001);
#417=FACE_OUTER_BOUND('',#758,.T.);
#418=PLANE('',#759);
#419=FACE_OUTER_BOUND('',#760,.T.);
#420=CYLINDRICAL_SURFACE('',#761,0.001);
#421=FACE_OUTER_BOUND('',#762,.T.);
#422=CYLINDRICAL_SURFACE('',#763,0.000999999999999999);
#423=FACE_OUTER_BOUND('',#764,.T.);
#424=PLANE('',#765);
#425=FACE_OUTER_BOUND('',#766,.T.);
#426=CYLINDRICAL_SURFACE('',#767,0.001);
#427=FACE_OUTER_BOUND('',#768,.T.);
#428=B_SPLINE_SURFACE_WITH_KNOTS('',3,3,((#769,#770,#771,#772,#773,#774,#775,#776,#777,#778,#779,#780),(#781,#782,#783,#784,#785,#786,#787,#788,#789,#790,#791,#792),(#793,#794,#795,#796,#797,#798,#799,#800,#801,#802,#803,#804),(#805,#806,#807,#808,#809,#810,#811,#812,#813,#814,#815,#816),(#817,#818,#819,#820,#821,#822,#823,#824,#825,#826,#827,#828),(#829,#830,#831,#832,#833,#834,#835,#836,#837,#838,#839,#840),(#841,#842,#843,#844,#845,#846,#847,#848,#849,#850,#851,#852),(#853,#854,#855,#856,#857,#858,#859,#860,#861,#862,#863,#864),(#865,#866,#867,#868,#869,#870,#871,#872,#873,#874,#875,#876),(#877,#878,#879,#880,#881,#882,#883,#884,#885,#886,#887,#888),(#889,#890,#891,#892,#893,#894,#895,#896,#897,#898,#899,#900),(#901,#902,#903,#904,#905,#906,#907,#908,#909,#910,#911,#912),(#913,#914,#915,#916,#917,#918,#919,#920,#921,#922,#923,#924),(#925,#926,#927,#928,#929,#930,#931,#932,#933,#934,#935,#936),(#937,#938,#939,#940,#941,#942,#943,#944,#945,#946,#947,#948),(#949,#950,#951,#952,#953,#954,#955,#956,#957,#958,#959,#960)),.UNSPECIFIED.,.F.,.F.,.F.,(4,2,2,2,2,2,2,4),(4,2,2,2,2,4),(0.947830161019692,0.994621550369903,1.08326382366605,1.13866524447615,1.19406666528624,1.2827089385824,1.42453657585624,1.57079632679489),(0.0,0.2,0.4,0.6,0.8,1.0),.UNSPECIFIED.);
#429=FACE_OUTER_BOUND('',#961,.T.);
#430=B_SPLINE_SURFACE_WITH_KNOTS('',3,3,((#962,#963,#964,#965,#966,#967),(#968,#969,#970,#971,#972,#973),(#974,#975,#976,#977,#978,#979),(#980,#981,#982,#983,#984,#985),(#986,#987,#988,#989,#990,#991),(#992,#993,#994,#995,#996,#997),(#998,#999,#1000,#1001,#1002,#1003),(#1004,#1005,#1006,#1007,#1008,#1009),(#1010,#1011,#1012,#1013,#1014,#1015),(#1016,#1017,#1018,#1019,#1020,#1021),(#1022,#1023,#1024,#1025,#1026,#1027),(#1028,#1029,#1030,#1031,#1032,#1033)),.UNSPECIFIED.,.F.,.F.,.F.,(4,2,2,2,2,4),(4,2,4),(-1.24120262274876E-05,0.0,0.00153748474940123,0.0030404149560715,0.00397974633524042,0.004566828447221),(0.0,0.5,1.0),.UNSPECIFIED.);
#431=FACE_OUTER_BOUND('',#1034,.T.);
#432=B_SPLINE_SURFACE_WITH_KNOTS('',3,3,((#1035,#1036,#1037,#1038,#1039,#1040,#1041,#1042,#1043,#1044,#1045,#1046),(#1047,#1048,#1049,#1050,#1051,#1052,#1053,#1054,#1055,#1056,#1057,#1058),(#1059,#1060,#1061,#1062,#1063,#1064,#1065,#1066,#1067,#1068,#1069,#1070),(#1071,#1072,#1073,#1074,#1075,#1076,#1077,#1078,#1079,#1080,#1081,#1082),(#1083,#1084,#1085,#1086,#1087,#1088,#1089,#1090,#1091,#1092,#1093,#1094),(#1095,#1096,#1097,#1098,#1099,#1100,#1101,#1102,#1103,#1104,#1105,#1106),(#1107,#1108,#1109,#1110,#1111,#1112,#1113,#1114,#1115,#1116,#1117,#1118),(#1119,#1120,#1121,#1122,#1123,#1124,#1125,#1126,#1127,#1128,#1129,#1130),(#1131,#1132,#1133,#1134,#1135,#1136,#1137,#1138,#1139,#1140,#1141,#1142),(#1143,#1144,#1145,#1146,#1147,#1148,#1149,#1150,#1151,#1152,#1153,#1154),(#1155,#1156,#1157,#1158,#1159,#1160,#1161,#1162,#1163,#1164,#1165,#1166),(#1167,#1168,#1169,#1170,#1171,#1172,#1173,#1174,#1175,#1176,#1177,#1178),(#1179,#1180,#1181,#1182,#1183,#1184,#1185,#1186,#1187,#1188,#1189,#1190),(#1191,#1192,#1193,#1194,#1195,#1196,#1197,#1198,#1199,#1200,#1201,#1202),(#1203,#1204,#1205,#1206,#1207,#1208,#1209,#1210,#1211,#1212,#1213,#1214),(#1215,#1216,#1217,#1218,#1219,#1220,#1221,#1222,#1223,#1224,#1225,#1226),(#1227,#1228,#1229,#1230,#1231,#1232,#1233,#1234,#1235,#1236,#1237,#1238),(#1239,#1240,#1241,#1242,#1243,#1244,#1245,#1246,#1247,#1248,#1249,#1250),(#1251,#1252,#1253,#1254,#1255,#1256,#1257,#1258,#1259,#1260,#1261,#1262),(#1263,#1264,#1265,#1266,#1267,#1268,#1269,#1270,#1271,#1272,#1273,#1274),(#1275,#1276,#1277,#1278,#1279,#1280,#1281,#1282,#1283,#1284,#1285,#1286),(#1287,#1288,#1289,#1290,#1291,#1292,#1293,#1294,#1295,#1296,#1297,#1298),(#1299,#1300,#1301,#1302,#1303,#1304,#1305,#1306,#1307,#1308,#1309,#1310),(#1311,#1312,#1313,#1314,#1315,#1316,#1317,#1318,#1319,#1320,#1321,#1322),(#1323,#1324,#1325,#1326,#1327,#1328,#1329,#1330,#1331,#1332,#1333,#1334),(#1335,#1336,#1337,#1338,#1339,#1340,#1341,#1342,#1343,#1344,#1345,#1346),(#1347,#1348,#1349,#1350,#1351,#1352,#1353,#1354,#1355,#1356,#1357,#1358),(#1359,#1360,#1361,#1362,#1363,#1364,#1365,#1366,#1367,#1368,#1369,#1370),(#1371,#1372,#1373,#1374,#1375,#1376,#1377,#1378,#1379,#1380,#1381,#1382),(#1383,#1384,#1385,#1386,#1387,#1388,#1389,#1390,#1391,#1392,#1393,#1394),(#1395,#1396,#1397,#1398,#1399,#1400,#1401,#1402,#1403,#1404,#1405,#1406),(#1407,#1408,#1409,#1410,#1411,#1412,#1413,#1414,#1415,#1416,#1417,#1418),(#1419,#1420,#1421,#1422,#1423,#1424,#1425,#1426,#1427,#1428,#1429,#1430),(#1431,#1432,#1433,#1434,#1435,#1436,#1437,#1438,#1439,#1440,#1441,#1442),(#1443,#1444,#1445,#1446,#1447,#1448,#1449,#1450,#1451,#1452,#1453,#1454),(#1455,#1456,#1457,#1458,#1459,#1460,#1461,#1462,#1463,#1464,#1465,#1466),(#1467,#1468,#1469,#1470,#1471,#1472,#1473,#1474,#1475,#1476,#1477,#1478),(#1479,#1480,#1481,#1482,#1483,#1484,#1485,#1486,#1487,#1488,#1489,#1490),(#1491,#1492,#1493,#1494,#1495,#1496,#1497,#1498,#1499,#1500,#1501,#1502),(#1503,#1504,#1505,#1506,#1507,#1508,#1509,#1510,#1511,#1512,#1513,#1514),(#1515,#1516,#1517,#1518,#1519,#1520,#1521,#1522,#1523,#1524,#1525,#1526),(#1527,#1528,#1529,#1530,#1531,#1532,#1533,#1534,#1535,#1536,#1537,#1538),(#1539,#1540,#1541,#1542,#1543,#1544,#1545,#1546,#1547,#1548,#1549,#1550),(#1551,#1552,#1553,#1554,#1555,#1556,#1557,#1558,#1559,#1560,#1561,#1562),(#1563,#1564,#1565,#1566,#1567,#1568,#1569,#1570,#1571,#1572,#1573,#1574),(#1575,#1576,#1577,#1578,#1579,#1580,#1581,#1582,#1583,#1584,#1585,#1586),(#1587,#1588,#1589,#1590,#1591,#1592,#1593,#1594,#1595,#1596,#1597,#1598),(#1599,#1600,#1601,#1602,#1603,#1604,#1605,#1606,#1607,#1608,#1609,#1610),(#1611,#1612,#1613,#1614,#1615,#1616,#1617,#1618,#1619,#1620,#1621,#1622),(#1623,#1624,#1625,#1626,#1627,#1628,#1629,#1630,#1631,#1632,#1633,#1634),(#1635,#1636,#1637,#1638,#1639,#1640,#1641,#1642,#1643,#1644,#1645,#1646),(#1647,#1648,#1649,#1650,#1651,#1652,#1653,#1654,#1655,#1656,#1657,#1658),(#1659,#1660,#1661,#1662,#1663,#1664,#1665,#1666,#1667,#1668,#1669,#1670),(#1671,#1672,#1673,#1674,#1675,#1676,#1677,#1678,#1679,#1680,#1681,#1682),(#1683,#1684,#1685,#1686,#1687,#1688,#1689,#1690,#1691,#1692,#1693,#1694),(#1695,#1696,#1697,#1698,#1699,#1700,#1701,#1702,#1703,#1704,#1705,#1706),(#1707,#1708,#1709,#1710,#1711,#1712,#1713,#1714,#1715,#1716,#1717,#1718),(#1719,#1720,#1721,#1722,#1723,#1724,#1725,#1726,#1727,#1728,#1729,#1730),(#1731,#1732,#1733,#1734,#1735,#1736,#1737,#1738,#1739,#1740,#1741,#1742),(#1743,#1744,#1745,#1746,#1747,#1748,#1749,#1750,#1751,#1752,#1753,#1754),(#1755,#1756,#1757,#1758,#1759,#1760,#1761,#1762,#1763,#1764,#1765,#1766),(#1767,#1768,#1769,#1770,#1771,#1772,#1773,#1774,#1775,#1776,#1777,#1778),(#1779,#1780,#1781,#1782,#1783,#1784,#1785,#1786,#1787,#1788,#1789,#1790),(#1791,#1792,#1793,#1794,#1795,#1796,#1797,#1798,#1799,#1800,#1801,#1802),(#1803,#1804,#1805,#1806,#1807,#1808,#1809,#1810,#1811,#1812,#1813,#1814),(#1815,#1816,#1817,#1818,#1819,#1820,#1821,#1822,#1823,#1824,#1825,#1826),(#1827,#1828,#1829,#1830,#1831,#1832,#1833,#1834,#1835,#1836,#1837,#1838),(#1839,#1840,#1841,#1842,#1843,#1844,#1845,#1846,#1847,#1848,#1849,#1850),(#1851,#1852,#1853,#1854,#1855,#1856,#1857,#1858,#1859,#1860,#1861,#1862),(#1863,#1864,#1865,#1866,#1867,#1868,#1869,#1870,#1871,#1872,#1873,#1874),(#1875,#1876,#1877,#1878,#1879,#1880,#1881,#1882,#1883,#1884,#1885,#1886),(#1887,#1888,#1889,#1890,#1891,#1892,#1893,#1894,#1895,#1896,#1897,#1898),(#1899,#1900,#1901,#1902,#1903,#1904,#1905,#1906,#1907,#1908,#1909,#1910),(#1911,#1912,#1913,#1914,#1915,#1916,#1917,#1918,#1919,#1920,#1921,#1922),(#1923,#1924,#1925,#1926,#1927,#1928,#1929,#1930,#1931,#1932,#1933,#1934),(#1935,#1936,#1937,#1938,#1939,#1940,#1941,#1942,#1943,#1944,#1945,#1946),(#1947,#1948,#1949,#1950,#1951,#1952,#1953,#1954,#1955,#1956,#1957,#1958),(#1959,#1960,#1961,#1962,#1963,#1964,#1965,#1966,#1967,#1968,#1969,#1970),(#1971,#1972,#1973,#1974,#1975,#1976,#1977,#1978,#1979,#1980,#1981,#1982),(#1983,#1984,#1985,#1986,#1987,#1988,#1989,#1990,#1991,#1992,#1993,#1994),(#1995,#1996,#1997,#1998,#1999,#2000,#2001,#2002,#2003,#2004,#2005,#2006),(#2007,#2008,#2009,#2010,#2011,#2012,#2013,#2014,#2015,#2016,#2017,#2018),(#2019,#2020,#2021,#2022,#2023,#2024,#2025,#2026,#2027,#2028,#2029,#2030),(#2031,#2032,#2033,#2034,#2035,#2036,#2037,#2038,#2039,#2040,#2041,#2042),(#2043,#2044,#2045,#2046,#2047,#2048,#2049,#2050,#2051,#2052,#2053,#2054),(#2055,#2056,#2057,#2058,#2059,#2060,#2061,#2062,#2063,#2064,#2065,#2066),(#2067,#2068,#2069,#2070,#2071,#2072,#2073,#2074,#2075,#2076,#2077,#2078),(#2079,#2080,#2081,#2082,#2083,#2084,#2085,#2086,#2087,#2088,#2089,#2090),(#2091,#2092,#2093,#2094,#2095,#2096,#2097,#2098,#2099,#2100,#2101,#2102),(#2103,#2104,#2105,#2106,#2107,#2108,#2109,#2110,#2111,#2112,#2113,#2114),(#2115,#2116,#2117,#2118,#2119,#2120,#2121,#2122,#2123,#2124,#2125,#2126),(#2127,#2128,#2129,#2130,#2131,#2132,#2133,#2134,#2135,#2136,#2137,#2138),(#2139,#2140,#2141,#2142,#2143,#2144,#2145,#2146,#2147,#2148,#2149,#2150),(#2151,#2152,#2153,#2154,#2155,#2156,#2157,#2158,#2159,#2160,#2161,#2162),(#2163,#2164,#2165,#2166,#2167,#2168,#2169,#2170,#2171,#2172,#2173,#2174),(#2175,#2176,#2177,#2178,#2179,#2180,#2181,#2182,#2183,#2184,#2185,#2186),(#2187,#2188,#2189,#2190,#2191,#2192,#2193,#2194,#2195,#2196,#2197,#2198),(#2199,#2200,#2201,#2202,#2203,#2204,#2205,#2206,#2207,#2208,#2209,#2210),(#2211,#2212,#2213,#2214,#2215,#2216,#2217,#2218,#2219,#2220,#2221,#2222),(#2223,#2224,#2225,#2226,#2227,#2228,#2229,#2230,#2231,#2232,#2233,#2234),(#2235,#2236,#2237,#2238,#2239,#2240,#2241,#2242,#2243,#2244,#2245,#2246),(#2247,#2248,#2249,#2250,#2251,#2252,#2253,#2254,#2255,#2256,#2257,#2258),(#2259,#2260,#2261,#2262,#2263,#2264,#2265,#2266,#2267,#2268,#2269,#2270),(#2271,#2272,#2273,#2274,#2275,#2276,#2277,#2278,#2279,#2280,#2281,#2282),(#2283,#2284,#2285,#2286,#2287,#2288,#2289,#2290,#2291,#2292,#2293,#2294),(#2295,#2296,#2297,#2298,#2299,#2300,#2301,#2302,#2303,#2304,#2305,#2306),(#2307,#2308,#2309,#2310,#2311,#2312,#2313,#2314,#2315,#2316,#2317,#2318),(#2319,#2320,#2321,#2322,#2323,#2324,#2325,#2326,#2327,#2328,#2329,#2330),(#2331,#2332,#2333,#2334,#2335,#2336,#2337,#2338,#2339,#2340,#2341,#2342),(#2343,#2344,#2345,#2346,#2347,#2348,#2349,#2350,#2351,#2352,#2353,#2354),(#2355,#2356,#2357,#2358,#2359,#2360,#2361,#2362,#2363,#2364,#2365,#2366),(#2367,#2368,#2369,#2370,#2371,#2372,#2373,#2374,#2375,#2376,#2377,#2378),(#2379,#2380,#2381,#2382,#2383,#2384,#2385,#2386,#2387,#2388,#2389,#2390),(#2391,#2392,#2393,#2394,#2395,#2396,#2397,#2398,#2399,#2400,#2401,#2402),(#2403,#2404,#2405,#2406,#2407,#2408,#2409,#2410,#2411,#2412,#2413,#2414),(#2415,#2416,#2417,#2418,#2419,#2420,#2421,#2422,#2423,#2424,#2425,#2426),(#2427,#2428,#2429,#2430,#2431,#2432,#2433,#2434,#2435,#2436,#2437,#2438),(#2439,#2440,#2441,#2442,#2443,#2444,#2445,#2446,#2447,#2448,#2449,#2450),(#2451,#2452,#2453,#2454,#2455,#2456,#2457,#2458,#2459,#2460,#2461,#2462),(#2463,#2464,#2465,#2466,#2467,#2468,#2469,#2470,#2471,#2472,#2473,#2474)),.UNSPECIFIED.,.T.,.F.,.F.,(4,2,2,2,2,2,2,2,2,2,2,2,2,2,2,2,2,2,2,2,2,2,2,2,2,2,2,2,2,2,2,2,2,2,2,2,2,2,2,2,2,2,2,2,2,2,2,2,2,2,2,2,2,2,2,2,2,2,2,4),(4,2,2,2,2,4),(-0.020767098695321,-0.0206820457367671,-0.0202130092423609,-0.0198287047428381,-0.0195225757530538,-0.0192692407771667,-0.0190719946681831,-0.0189180339858992,-0.0188159977863177,-0.0187139615867363,-0.0185441673527284,-0.0184032431006517,-0.0182623188485751,-0.0180527625353113,-0.0178432062220476,-0.0175067576410649,-0.0171703090600822,-0.0166710206775824,-0.0161700078088558,-0.0158568747659017,-0.0155437417229476,-0.015152325419255,-0.0147609091155624,-0.0141835273248158,-0.0136238348634443,-0.013107567256811,-0.0127849000026652,-0.0124622327485194,-0.0118263014010822,-0.0114288443089339,-0.0110313872167857,-0.0103835493476605,-0.00973571147853526,-0.00942187925437057,-0.00910804703020588,-0.00889279711535881,-0.00867754720051174,-0.00853229530349611,-0.00838704340648048,-0.00823215207225303,-0.00806872713818626,-0.00785617812319436,-0.00762549654664523,-0.00733641515375299,-0.00698038344770272,-0.006516839405799,-0.00600610439875631,-0.00544291590666956,-0.00509414915157188,-0.00474538239647421,-0.00418735558831792,-0.0036130106540446,-0.00300706484661843,-0.00261615390051363,-0.00222524295440882,-0.00191251419752497,-0.00159978544064113,-0.00109941942962697,-0.000564877753856431,0.0),(0.0,0.2,0.4,0.6,0.8,1.0),.UNSPECIFIED.);
#433=FACE_OUTER_BOUND('',#2475,.T.);
#434=B_SPLINE_SURFACE_WITH_KNOTS('',3,3,((#2476,#2477,#2478,#2479,#2480,#2481,#2482,#2483,#2484,#2485,#2486,#2487),(#2488,#2489,#2490,#2491,#2492,#2493,#2494,#2495,#2496,#2497,#2498,#2499),(#2500,#2501,#2502,#2503,#2504,#2505,#2506,#2507,#2508,#2509,#2510,#2511),(#2512,#2513,#2514,#2515,#2516,#2517,#2518,#2519,#2520,#2521,#2522,#2523),(#2524,#2525,#2526,#2527,#2528,#2529,#2530,#2531,#2532,#2533,#2534,#2535),(#2536,#2537,#2538,#2539,#2540,#2541,#2542,#2543,#2544,#2545,#2546,#2547),(#2548,#2549,#2550,#2551,#2552,#2553,#2554,#2555,#2556,#2557,#2558,#2559),(#2560,#2561,#2562,#2563,#2564,#2565,#2566,#2567,#2568,#2569,#2570,#2571),(#2572,#2573,#2574,#2575,#2576,#2577,#2578,#2579,#2580,#2581,#2582,#2583),(#2584,#2585,#2586,#2587,#2588,#2589,#2590,#2591,#2592,#2593,#2594,#2595),(#2596,#2597,#2598,#2599,#2600,#2601,#2602,#2603,#2604,#2605,#2606,#2607),(#2608,#2609,#2610,#2611,#2612,#2613,#2614,#2615,#2616,#2617,#2618,#2619),(#2620,#2621,#2622,#2623,#2624,#2625,#2626,#2627,#2628,#2629,#2630,#2631),(#2632,#2633,#2634,#2635,#2636,#2637,#2638,#2639,#2640,#2641,#2642,#2643),(#2644,#2645,#2646,#2647,#2648,#2649,#2650,#2651,#2652,#2653,#2654,#2655),(#2656,#2657,#2658,#2659,#2660,#2661,#2662,#2663,#2664,#2665,#2666,#2667),(#2668,#2669,#2670,#2671,#2672,#2673,#2674,#2675,#2676,#2677,#2678,#2679),(#2680,#2681,#2682,#2683,#2684,#2685,#2686,#2687,#2688,#2689,#2690,#2691),(#2692,#2693,#2694,#2695,#2696,#2697,#2698,#2699,#2700,#2701,#2702,#2703),(#2704,#2705,#2706,#2707,#2708,#2709,#2710,#2711,#2712,#2713,#2714,#2715),(#2716,#2717,#2718,#2719,#2720,#2721,#2722,#2723,#2724,#2725,#2726,#2727),(#2728,#2729,#2730,#2731,#2732,#2733,#2734,#2735,#2736,#2737,#2738,#2739),(#2740,#2741,#2742,#2743,#2744,#2745,#2746,#2747,#2748,#2749,#2750,#2751),(#2752,#2753,#2754,#2755,#2756,#2757,#2758,#2759,#2760,#2761,#2762,#2763),(#2764,#2765,#2766,#2767,#2768,#2769,#2770,#2771,#2772,#2773,#2774,#2775),(#2776,#2777,#2778,#2779,#2780,#2781,#2782,#2783,#2784,#2785,#2786,#2787),(#2788,#2789,#2790,#2791,#2792,#2793,#2794,#2795,#2796,#2797,#2798,#2799),(#2800,#2801,#2802,#2803,#2804,#2805,#2806,#2807,#2808,#2809,#2810,#2811),(#2812,#2813,#2814,#2815,#2816,#2817,#2818,#2819,#2820,#2821,#2822,#2823),(#2824,#2825,#2826,#2827,#2828,#2829,#2830,#2831,#2832,#2833,#2834,#2835)),.UNSPECIFIED.,.T.,.F.,.F.,(4,2,2,2,2,2,2,2,2,2,2,2,2,2,4),(4,2,2,2,2,4),(-1.67752026256502,-1.40413802944035,-0.883473457615697,-0.364726836508594,0.155015308634845,0.676768606172221,1.14002053057769,1.46407239102477,1.78812425147186,2.2465345296829,2.75576701001737,3.27119151620309,3.78297701525568,4.29589196627073,4.60566504461457),(0.0,0.2,0.4,0.6,0.8,1.0),.UNSPECIFIED.);
#435=FACE_OUTER_BOUND('',#2836,.T.);
#436=CYLINDRICAL_SURFACE('',#2837,0.01);
#437=FACE_OUTER_BOUND('',#2838,.T.);
#438=PLANE('',#2839);
#439=FACE_OUTER_BOUND('',#2840,.T.);
#440=B_SPLINE_SURFACE_WITH_KNOTS('',3,3,((#2841,#2842,#2843,#2844,#2845,#2846,#2847,#2848,#2849,#2850,#2851,#2852),(#2853,#2854,#2855,#2856,#2857,#2858,#2859,#2860,#2861,#2862,#2863,#2864),(#2865,#2866,#2867,#2868,#2869,#2870,#2871,#2872,#2873,#2874,#2875,#2876),(#2877,#2878,#2879,#2880,#2881,#2882,#2883,#2884,#2885,#2886,#2887,#2888),(#2889,#2890,#2891,#2892,#2893,#2894,#2895,#2896,#2897,#2898,#2899,#2900),(#2901,#2902,#2903,#2904,#2905,#2906,#2907,#2908,#2909,#2910,#2911,#2912),(#2913,#2914,#2915,#2916,#2917,#2918,#2919,#2920,#2921,#2922,#2923,#2924),(#2925,#2926,#2927,#2928,#2929,#2930,#2931,#2932,#2933,#2934,#2935,#2936),(#2937,#2938,#2939,#2940,#2941,#2942,#2943,#2944,#2945,#2946,#2947,#2948),(#2949,#2950,#2951,#2952,#2953,#2954,#2955,#2956,#2957,#2958,#2959,#2960),(#2961,#2962,#2963,#2964,#2965,#2966,#2967,#2968,#2969,#2970,#2971,#2972),(#2973,#2974,#2975,#2976,#2977,#2978,#2979,#2980,#2981,#2982,#2983,#2984),(#2985,#2986,#2987,#2988,#2989,#2990,#2991,#2992,#2993,#2994,#2995,#2996),(#2997,#2998,#2999,#3000,#3001,#3002,#3003,#3004,#3005,#3006,#3007,#3008),(#3009,#3010,#3011,#3012,#3013,#3014,#3015,#3016,#3017,#3018,#3019,#3020),(#3021,#3022,#3023,#3024,#3025,#3026,#3027,#3028,#3029,#3030,#3031,#3032),(#3033,#3034,#3035,#3036,#3037,#3038,#3039,#3040,#3041,#3042,#3043,#3044),(#3045,#3046,#3047,#3048,#3049,#3050,#3051,#3052,#3053,#3054,#3055,#3056),(#3057,#3058,#3059,#3060,#3061,#3062,#3063,#3064,#3065,#3066,#3067,#3068),(#3069,#3070,#3071,#3072,#3073,#3074,#3075,#3076,#3077,#3078,#3079,#3080),(#3081,#3082,#3083,#3084,#3085,#3086,#3087,#3088,#3089,#3090,#3091,#3092),(#3093,#3094,#3095,#3096,#3097,#3098,#3099,#3100,#3101,#3102,#3103,#3104)),.UNSPECIFIED.,.F.,.F.,.F.,(4,2,2,2,2,2,2,2,2,2,4),(4,2,2,2,2,4),(0.0,0.000223707226900753,0.000997613309152016,0.00148130461055905,0.00196499591196609,0.00256961003872489,0.00294749386794914,0.00332537769717339,0.00392999182393219,0.00489737442674627,0.00589498773589828),(0.0,0.2,0.4,0.6,0.8,1.0),.UNSPECIFIED.);
#441=FACE_OUTER_BOUND('',#3105,.T.);
#442=B_SPLINE_SURFACE_WITH_KNOTS('',3,3,((#3106,#3107,#3108,#3109,#3110,#3111,#3112,#3113,#3114,#3115,#3116,#3117),(#3118,#3119,#3120,#3121,#3122,#3123,#3124,#3125,#3126,#3127,#3128,#3129),(#3130,#3131,#3132,#3133,#3134,#3135,#3136,#3137,#3138,#3139,#3140,#3141),(#3142,#3143,#3144,#3145,#3146,#3147,#3148,#3149,#3150,#3151,#3152,#3153),(#3154,#3155,#3156,#3157,#3158,#3159,#3160,#3161,#3162,#3163,#3164,#3165),(#3166,#3167,#3168,#3169,#3170,#3171,#3172,#3173,#3174,#3175,#3176,#3177),(#3178,#3179,#3180,#3181,#3182,#3183,#3184,#3185,#3186,#3187,#3188,#3189),(#3190,#3191,#3192,#3193,#3194,#3195,#3196,#3197,#3198,#3199,#3200,#3201),(#3202,#3203,#3204,#3205,#3206,#3207,#3208,#3209,#3210,#3211,#3212,#3213),(#3214,#3215,#3216,#3217,#3218,#3219,#3220,#3221,#3222,#3223,#3224,#3225),(#3226,#3227,#3228,#3229,#3230,#3231,#3232,#3233,#3234,#3235,#3236,#3237),(#3238,#3239,#3240,#3241,#3242,#3243,#3244,#3245,#3246,#3247,#3248,#3249),(#3250,#3251,#3252,#3253,#3254,#3255,#3256,#3257,#3258,#3259,#3260,#3261),(#3262,#3263,#3264,#3265,#3266,#3267,#3268,#3269,#3270,#3271,#3272,#3273),(#3274,#3275,#3276,#3277,#3278,#3279,#3280,#3281,#3282,#3283,#3284,#3285),(#3286,#3287,#3288,#3289,#3290,#3291,#3292,#3293,#3294,#3295,#3296,#3297),(#3298,#3299,#3300,#3301,#3302,#3303,#3304,#3305,#3306,#3307,#3308,#3309),(#3310,#3311,#3312,#3313,#3314,#3315,#3316,#3317,#3318,#3319,#3320,#3321),(#3322,#3323,#3324,#3325,#3326,#3327,#3328,#3329,#3330,#3331,#3332,#3333),(#3334,#3335,#3336,#3337,#3338,#3339,#3340,#3341,#3342,#3343,#3344,#3345),(#3346,#3347,#3348,#3349,#3350,#3351,#3352,#3353,#3354,#3355,#3356,#3357),(#3358,#3359,#3360,#3361,#3362,#3363,#3364,#3365,#3366,#3367,#3368,#3369),(#3370,#3371,#3372,#3373,#3374,#3375,#3376,#3377,#3378,#3379,#3380,#3381),(#3382,#3383,#3384,#3385,#3386,#3387,#3388,#3389,#3390,#3391,#3392,#3393),(#3394,#3395,#3396,#3397,#3398,#3399,#3400,#3401,#3402,#3403,#3404,#3405),(#3406,#3407,#3408,#3409,#3410,#3411,#3412,#3413,#3414,#3415,#3416,#3417),(#3418,#3419,#3420,#3421,#3422,#3423,#3424,#3425,#3426,#3427,#3428,#3429),(#3430,#3431,#3432,#3433,#3434,#3435,#3436,#3437,#3438,#3439,#3440,#3441),(#3442,#3443,#3444,#3445,#3446,#3447,#3448,#3449,#3450,#3451,#3452,#3453),(#3454,#3455,#3456,#3457,#3458,#3459,#3460,#3461,#3462,#3463,#3464,#3465),(#3466,#3467,#3468,#3469,#3470,#3471,#3472,#3473,#3474,#3475,#3476,#3477),(#3478,#3479,#3480,#3481,#3482,#3483,#3484,#3485,#3486,#3487,#3488,#3489),(#3490,#3491,#3492,#3493,#3494,#3495,#3496,#3497,#3498,#3499,#3500,#3501),(#3502,#3503,#3504,#3505,#3506,#3507,#3508,#3509,#3510,#3511,#3512,#3513),(#3514,#3515,#3516,#3517,#3518,#3519,#3520,#3521,#3522,#3523,#3524,#3525),(#3526,#3527,#3528,#3529,#3530,#3531,#3532,#3533,#3534,#3535,#3536,#3537),(#3538,#3539,#3540,#3541,#3542,#3543,#3544,#3545,#3546,#3547,#3548,#3549),(#3550,#3551,#3552,#3553,#3554,#3555,#3556,#3557,#3558,#3559,#3560,#3561),(#3562,#3563,#3564,#3565,#3566,#3567,#3568,#3569,#3570,#3571,#3572,#3573),(#3574,#3575,#3576,#3577,#3578,#3579,#3580,#3581,#3582,#3583,#3584,#3585),(#3586,#3587,#3588,#3589,#3590,#3591,#3592,#3593,#3594,#3595,#3596,#3597),(#3598,#3599,#3600,#3601,#3602,#3603,#3604,#3605,#3606,#3607,#3608,#3609),(#3610,#3611,#3612,#3613,#3614,#3615,#3616,#3617,#3618,#3619,#3620,#3621),(#3622,#3623,#3624,#3625,#3626,#3627,#3628,#3629,#3630,#3631,#3632,#3633),(#3634,#3635,#3636,#3637,#3638,#3639,#3640,#3641,#3642,#3643,#3644,#3645),(#3646,#3647,#3648,#3649,#3650,#3651,#3652,#3653,#3654,#3655,#3656,#3657),(#3658,#3659,#3660,#3661,#3662,#3663,#3664,#3665,#3666,#3667,#3668,#3669),(#3670,#3671,#3672,#3673,#3674,#3675,#3676,#3677,#3678,#3679,#3680,#3681),(#3682,#3683,#3684,#3685,#3686,#3687,#3688,#3689,#3690,#3691,#3692,#3693),(#3694,#3695,#3696,#3697,#3698,#3699,#3700,#3701,#3702,#3703,#3704,#3705),(#3706,#3707,#3708,#3709,#3710,#3711,#3712,#3713,#3714,#3715,#3716,#3717),(#3718,#3719,#3720,#3721,#3722,#3723,#3724,#3725,#3726,#3727,#3728,#3729),(#3730,#3731,#3732,#3733,#3734,#3735,#3736,#3737,#3738,#3739,#3740,#3741),(#3742,#3743,#3744,#3745,#3746,#3747,#3748,#3749,#3750,#3751,#3752,#3753),(#3754,#3755,#3756,#3757,#3758,#3759,#3760,#3761,#3762,#3763,#3764,#3765),(#3766,#3767,#3768,#3769,#3770,#3771,#3772,#3773,#3774,#3775,#3776,#3777),(#3778,#3779,#3780,#3781,#3782,#3783,#3784,#3785,#3786,#3787,#3788,#3789),(#3790,#3791,#3792,#3793,#3794,#3795,#3796,#3797,#3798,#3799,#3800,#3801)),.UNSPECIFIED.,.T.,.F.,.F.,(4,2,2,2,2,2,2,2,2,2,2,2,2,2,2,2,2,2,2,2,2,2,2,2,2,2,2,2,4),(4,2,2,2,2,4),(-0.00648074502385465,-0.00625013852286583,-0.0058807744629839,-0.00551141040310196,-0.00489307952877549,-0.00428789909666213,-0.00368239259087295,-0.00309637358113879,-0.00273011170005494,-0.0023638498189711,-0.00190602246761629,-0.00161988037301953,-0.00133373827842277,-0.00097606066017683,-0.000618383041930886,-5.20606482751129E-05,0.00051426174538066,0.00118289162988656,0.00155709766449936,0.00193130369911216,0.00253003335449264,0.00283014997681963,0.00313026659914662,0.00361045319486982,0.00413361481077077,0.00481208083979977,0.00531339143598607,0.00581470203217236,0.00637662372730443),(0.0,0.2,0.4,0.6,0.8,1.0),.UNSPECIFIED.);
#443=FACE_OUTER_BOUND('',#3802,.T.);
#444=CYLINDRICAL_SURFACE('',#3803,0.001);
#445=FACE_OUTER_BOUND('',#3804,.T.);
#446=CYLINDRICAL_SURFACE('',#3805,0.001);
#447=FACE_OUTER_BOUND('',#3806,.T.);
#448=PLANE('',#3807);
#449=FACE_OUTER_BOUND('',#3808,.T.);
#450=CYLINDRICAL_SURFACE('',#3809,0.001);
#451=FACE_OUTER_BOUND('',#3810,.T.);
#452=CYLINDRICAL_SURFACE('',#3811,0.001);
#453=FACE_OUTER_BOUND('',#3812,.T.);
#454=PLANE('',#3813);
#455=FACE_OUTER_BOUND('',#3814,.T.);
#456=PLANE('',#3815);
#457=FACE_OUTER_BOUND('',#3816,.T.);
#458=CYLINDRICAL_SURFACE('',#3817,0.001);
#459=FACE_OUTER_BOUND('',#3818,.T.);
#460=TOROIDAL_SURFACE('',#3819,0.002,0.001);
#461=FACE_OUTER_BOUND('',#3820,.T.);
#462=TOROIDAL_SURFACE('',#3821,0.002,0.001);
#463=FACE_OUTER_BOUND('',#3822,.T.);
#464=CYLINDRICAL_SURFACE('',#3823,0.001);
#465=FACE_OUTER_BOUND('',#3824,.T.);
#466=CYLINDRICAL_SURFACE('',#3825,0.001);
#467=FACE_OUTER_BOUND('',#3826,.T.);
#468=TOROIDAL_SURFACE('',#3827,0.002,0.001);
#469=FACE_OUTER_BOUND('',#3828,.T.);
#470=TOROIDAL_SURFACE('',#3829,0.002,0.001);
#471=FACE_OUTER_BOUND('',#3830,.T.);
#472=PLANE('',#3831);
#473=FACE_OUTER_BOUND('',#3832,.T.);
#474=CYLINDRICAL_SURFACE('',#3833,0.007);
#475=FACE_OUTER_BOUND('',#3834,.T.);
#476=CYLINDRICAL_SURFACE('',#3835,0.005);
#477=FACE_OUTER_BOUND('',#3836,.T.);
#478=CONICAL_SURFACE('',#3837,0.0037,0.785398163397448);
#479=FACE_BOUND('',#3838,.T.);
#480=FACE_OUTER_BOUND('',#3839,.T.);
#481=PLANE('',#3840);
#482=FACE_OUTER_BOUND('',#3841,.T.);
#483=CYLINDRICAL_SURFACE('',#3842,0.0043);
#484=FACE_OUTER_BOUND('',#3843,.T.);
#485=CYLINDRICAL_SURFACE('',#3844,0.00215);
#486=FACE_OUTER_BOUND('',#3845,.T.);
#487=B_SPLINE_SURFACE_WITH_KNOTS('',3,3,((#3846,#3847,#3848,#3849,#3850,#3851,#3852,#3853,#3854,#3855,#3856,#3857,#3858,#3859,#3860,#3861,#3862,#3863),(#3864,#3865,#3866,#3867,#3868,#3869,#3870,#3871,#3872,#3873,#3874,#3875,#3876,#3877,#3878,#3879,#3880,#3881),(#3882,#3883,#3884,#3885,#3886,#3887,#3888,#3889,#3890,#3891,#3892,#3893,#3894,#3895,#3896,#3897,#3898,#3899),(#3900,#3901,#3902,#3903,#3904,#3905,#3906,#3907,#3908,#3909,#3910,#3911,#3912,#3913,#3914,#3915,#3916,#3917),(#3918,#3919,#3920,#3921,#3922,#3923,#3924,#3925,#3926,#3927,#3928,#3929,#3930,#3931,#3932,#3933,#3934,#3935),(#3936,#3937,#3938,#3939,#3940,#3941,#3942,#3943,#3944,#3945,#3946,#3947,#3948,#3949,#3950,#3951,#3952,#3953),(#3954,#3955,#3956,#3957,#3958,#3959,#3960,#3961,#3962,#3963,#3964,#3965,#3966,#3967,#3968,#3969,#3970,#3971),(#3972,#3973,#3974,#3975,#3976,#3977,#3978,#3979,#3980,#3981,#3982,#3983,#3984,#3985,#3986,#3987,#3988,#3989),(#3990,#3991,#3992,#3993,#3994,#3995,#3996,#3997,#3998,#3999,#4000,#4001,#4002,#4003,#4004,#4005,#4006,#4007),(#4008,#4009,#4010,#4011,#4012,#4013,#4014,#4015,#4016,#4017,#4018,#4019,#4020,#4021,#4022,#4023,#4024,#4025)),.UNSPECIFIED.,.F.,.F.,.F.,(4,2,2,2,4),(4,2,2,2,2,2,2,2,4),(0.0,0.25,0.5,0.75,1.0),(0.0,0.0001480453638765,0.000291604504605227,0.000381328967560682,0.000437406756907841,0.000493484546255001,0.000583209009210455,0.000726768149939183,0.000874813513815683),.UNSPECIFIED.);
#488=FACE_OUTER_BOUND('',#4026,.T.);
#489=B_SPLINE_SURFACE_WITH_KNOTS('',3,3,((#4027,#4028,#4029,#4030,#4031,#4032,#4033,#4034,#4035,#4036,#4037,#4038,#4039,#4040,#4041,#4042,#4043,#4044),(#4045,#4046,#4047,#4048,#4049,#4050,#4051,#4052,#4053,#4054,#4055,#4056,#4057,#4058,#4059,#4060,#4061,#4062),(#4063,#4064,#4065,#4066,#4067,#4068,#4069,#4070,#4071,#4072,#4073,#4074,#4075,#4076,#4077,#4078,#4079,#4080),(#4081,#4082,#4083,#4084,#4085,#4086,#4087,#4088,#4089,#4090,#4091,#4092,#4093,#4094,#4095,#4096,#4097,#4098),(#4099,#4100,#4101,#4102,#4103,#4104,#4105,#4106,#4107,#4108,#4109,#4110,#4111,#4112,#4113,#4114,#4115,#4116),(#4117,#4118,#4119,#4120,#4121,#4122,#4123,#4124,#4125,#4126,#4127,#4128,#4129,#4130,#4131,#4132,#4133,#4134),(#4135,#4136,#4137,#4138,#4139,#4140,#4141,#4142,#4143,#4144,#4145,#4146,#4147,#4148,#4149,#4150,#4151,#4152),(#4153,#4154,#4155,#4156,#4157,#4158,#4159,#4160,#4161,#4162,#4163,#4164,#4165,#4166,#4167,#4168,#4169,#4170),(#4171,#4172,#4173,#4174,#4175,#4176,#4177,#4178,#4179,#4180,#4181,#4182,#4183,#4184,#4185,#4186,#4187,#4188),(#4189,#4190,#4191,#4192,#4193,#4194,#4195,#4196,#4197,#4198,#4199,#4200,#4201,#4202,#4203,#4204,#4205,#4206)),.UNSPECIFIED.,.F.,.F.,.F.,(4,2,2,2,4),(4,2,2,2,2,2,2,2,4),(0.0,0.25,0.5,0.75,1.0),(-0.000874813513815839,-0.000726768149939313,-0.00058320900921056,-0.00049348454625509,-0.000437406756907921,-0.000381328967560752,-0.000291604504605282,-0.000148045363876529,-3.11614526969448E-18),.UNSPECIFIED.);
#490=FACE_OUTER_BOUND('',#4207,.T.);
#491=SPHERICAL_SURFACE('',#4208,0.000499999999386196);
#492=FACE_OUTER_BOUND('',#4209,.T.);
#493=TOROIDAL_SURFACE('',#4210,0.0015,0.0005);
#494=FACE_OUTER_BOUND('',#4211,.T.);
#495=TOROIDAL_SURFACE('',#4212,0.0015,0.0005);
#496=FACE_OUTER_BOUND('',#4213,.T.);
#497=CYLINDRICAL_SURFACE('',#4214,0.000500000000000001);
#498=FACE_OUTER_BOUND('',#4215,.T.);
#499=SPHERICAL_SURFACE('',#4216,0.0005);
#500=FACE_OUTER_BOUND('',#4217,.T.);
#501=B_SPLINE_SURFACE_WITH_KNOTS('',3,3,((#4218,#4219,#4220,#4221,#4222,#4223,#4224,#4225,#4226,#4227,#4228,#4229,#4230,#4231,#4232,#4233,#4234,#4235,#4236,#4237),(#4238,#4239,#4240,#4241,#4242,#4243,#4244,#4245,#4246,#4247,#4248,#4249,#4250,#4251,#4252,#4253,#4254,#4255,#4256,#4257),(#4258,#4259,#4260,#4261,#4262,#4263,#4264,#4265,#4266,#4267,#4268,#4269,#4270,#4271,#4272,#4273,#4274,#4275,#4276,#4277),(#4278,#4279,#4280,#4281,#4282,#4283,#4284,#4285,#4286,#4287,#4288,#4289,#4290,#4291,#4292,#4293,#4294,#4295,#4296,#4297),(#4298,#4299,#4300,#4301,#4302,#4303,#4304,#4305,#4306,#4307,#4308,#4309,#4310,#4311,#4312,#4313,#4314,#4315,#4316,#4317),(#4318,#4319,#4320,#4321,#4322,#4323,#4324,#4325,#4326,#4327,#4328,#4329,#4330,#4331,#4332,#4333,#4334,#4335,#4336,#4337),(#4338,#4339,#4340,#4341,#4342,#4343,#4344,#4345,#4346,#4347,#4348,#4349,#4350,#4351,#4352,#4353,#4354,#4355,#4356,#4357),(#4358,#4359,#4360,#4361,#4362,#4363,#4364,#4365,#4366,#4367,#4368,#4369,#4370,#4371,#4372,#4373,#4374,#4375,#4376,#4377),(#4378,#4379,#4380,#4381,#4382,#4383,#4384,#4385,#4386,#4387,#4388,#4389,#4390,#4391,#4392,#4393,#4394,#4395,#4396,#4397),(#4398,#4399,#4400,#4401,#4402,#4403,#4404,#4405,#4406,#4407,#4408,#4409,#4410,#4411,#4412,#4413,#4414,#4415,#4416,#4417)),.UNSPECIFIED.,.F.,.F.,.F.,(4,2,2,2,4),(4,2,2,2,2,2,2,2,2,4),(0.0,0.25,0.5,0.75,1.0),(-0.000872670337944981,-0.000724230865994721,-0.000580289559861135,-0.000490326243527643,-0.000434099170819211,-0.000377872098110779,-0.000287908781777288,-0.000143967475643702,-0.0,4.47199630655824E-06),.UNSPECIFIED.);
#502=FACE_OUTER_BOUND('',#4418,.T.);
#503=TOROIDAL_SURFACE('',#4419,0.0015,0.0005);
#504=FACE_OUTER_BOUND('',#4420,.T.);
#505=CYLINDRICAL_SURFACE('',#4421,0.0005);
#506=FACE_OUTER_BOUND('',#4422,.T.);
#507=TOROIDAL_SURFACE('',#4423,0.0015,0.0005);
#508=FACE_OUTER_BOUND('',#4424,.T.);
#509=B_SPLINE_SURFACE_WITH_KNOTS('',3,3,((#4425,#4426,#4427,#4428,#4429,#4430,#4431,#4432,#4433,#4434,#4435,#4436,#4437,#4438,#4439,#4440,#4441,#4442,#4443,#4444),(#4445,#4446,#4447,#4448,#4449,#4450,#4451,#4452,#4453,#4454,#4455,#4456,#4457,#4458,#4459,#4460,#4461,#4462,#4463,#4464),(#4465,#4466,#4467,#4468,#4469,#4470,#4471,#4472,#4473,#4474,#4475,#4476,#4477,#4478,#4479,#4480,#4481,#4482,#4483,#4484),(#4485,#4486,#4487,#4488,#4489,#4490,#4491,#4492,#4493,#4494,#4495,#4496,#4497,#4498,#4499,#4500,#4501,#4502,#4503,#4504),(#4505,#4506,#4507,#4508,#4509,#4510,#4511,#4512,#4513,#4514,#4515,#4516,#4517,#4518,#4519,#4520,#4521,#4522,#4523,#4524),(#4525,#4526,#4527,#4528,#4529,#4530,#4531,#4532,#4533,#4534,#4535,#4536,#4537,#4538,#4539,#4540,#4541,#4542,#4543,#4544),(#4545,#4546,#4547,#4548,#4549,#4550,#4551,#4552,#4553,#4554,#4555,#4556,#4557,#4558,#4559,#4560,#4561,#4562,#4563,#4564),(#4565,#4566,#4567,#4568,#4569,#4570,#4571,#4572,#4573,#4574,#4575,#4576,#4577,#4578,#4579,#4580,#4581,#4582,#4583,#4584),(#4585,#4586,#4587,#4588,#4589,#4590,#4591,#4592,#4593,#4594,#4595,#4596,#4597,#4598,#4599,#4600,#4601,#4602,#4603,#4604),(#4605,#4606,#4607,#4608,#4609,#4610,#4611,#4612,#4613,#4614,#4615,#4616,#4617,#4618,#4619,#4620,#4621,#4622,#4623,#4624)),.UNSPECIFIED.,.F.,.F.,.F.,(4,2,2,2,4),(4,2,2,2,2,2,2,2,2,4),(0.0,0.25,0.5,0.75,1.0),(8.53585050661257E-16,0.00014843947698491,0.000292380787999753,0.00038234410738403,0.000438571181999203,0.000494798256614376,0.000584761575998652,0.000728702887013495,0.000872670337945754,0.000877142363997552),.UNSPECIFIED.);
#510=FACE_OUTER_BOUND('',#4625,.T.);
#511=CONICAL_SURFACE('',#4626,0.0048,0.785398163397448);
#512=FACE_OUTER_BOUND('',#4627,.T.);
#513=TOROIDAL_SURFACE('',#4628,0.00690000000000001,0.0005);
#514=FACE_OUTER_BOUND('',#4629,.T.);
#515=CYLINDRICAL_SURFACE('',#4630,0.0074);
#516=FACE_OUTER_BOUND('',#4631,.T.);
#517=CONICAL_SURFACE('',#4632,0.00185,0.785398163397448);
#518=FACE_OUTER_BOUND('',#4633,.T.);
#519=CONICAL_SURFACE('',#4634,0.00185,0.785398163397448);
#520=FACE_OUTER_BOUND('',#4635,.T.);
#521=CYLINDRICAL_SURFACE('',#4636,0.0005);
#522=FACE_OUTER_BOUND('',#4637,.T.);
#523=PLANE('',#4638);
#524=FACE_OUTER_BOUND('',#4639,.T.);
#525=CYLINDRICAL_SURFACE('',#4640,0.001);
#526=FACE_OUTER_BOUND('',#4641,.T.);
#527=CYLINDRICAL_SURFACE('',#4642,0.001);
#528=FACE_OUTER_BOUND('',#4643,.T.);
#529=CYLINDRICAL_SURFACE('',#4644,0.0005);
#530=FACE_OUTER_BOUND('',#4645,.T.);
#531=CYLINDRICAL_SURFACE('',#4646,0.00115);
#532=FACE_OUTER_BOUND('',#4647,.T.);
#533=CYLINDRICAL_SURFACE('',#4648,0.00115);
#534=FACE_OUTER_BOUND('',#4649,.T.);
#535=CYLINDRICAL_SURFACE('',#4650,0.001);
#536=FACE_OUTER_BOUND('',#4651,.T.);
#537=PLANE('',#4652);
#538=FACE_OUTER_BOUND('',#4653,.T.);
#539=CYLINDRICAL_SURFACE('',#4654,0.001);
#540=FACE_OUTER_BOUND('',#4655,.T.);
#541=B_SPLINE_SURFACE_WITH_KNOTS('',3,3,((#4656,#4657,#4658,#4659,#4660,#4661,#4662,#4663,#4664,#4665),(#4666,#4667,#4668,#4669,#4670,#4671,#4672,#4673,#4674,#4675),(#4676,#4677,#4678,#4679,#4680,#4681,#4682,#4683,#4684,#4685),(#4686,#4687,#4688,#4689,#4690,#4691,#4692,#4693,#4694,#4695),(#4696,#4697,#4698,#4699,#4700,#4701,#4702,#4703,#4704,#4705),(#4706,#4707,#4708,#4709,#4710,#4711,#4712,#4713,#4714,#4715),(#4716,#4717,#4718,#4719,#4720,#4721,#4722,#4723,#4724,#4725),(#4726,#4727,#4728,#4729,#4730,#4731,#4732,#4733,#4734,#4735),(#4736,#4737,#4738,#4739,#4740,#4741,#4742,#4743,#4744,#4745),(#4746,#4747,#4748,#4749,#4750,#4751,#4752,#4753,#4754,#4755),(#4756,#4757,#4758,#4759,#4760,#4761,#4762,#4763,#4764,#4765),(#4766,#4767,#4768,#4769,#4770,#4771,#4772,#4773,#4774,#4775),(#4776,#4777,#4778,#4779,#4780,#4781,#4782,#4783,#4784,#4785),(#4786,#4787,#4788,#4789,#4790,#4791,#4792,#4793,#4794,#4795),(#4796,#4797,#4798,#4799,#4800,#4801,#4802,#4803,#4804,#4805),(#4806,#4807,#4808,#4809,#4810,#4811,#4812,#4813,#4814,#4815)),.UNSPECIFIED.,.F.,.F.,.F.,(4,2,2,2,2,2,2,4),(4,2,2,2,4),(-0.0150504334294569,-0.00988904769235855,-0.00488406758365712,-0.00175595501571873,0.000199115339242766,0.00215418569420426,0.00528229826214265,0.0098819493719954),(0.0,0.25,0.5,0.75,1.0),.UNSPECIFIED.);
#542=FACE_OUTER_BOUND('',#4816,.T.);
#543=B_SPLINE_SURFACE_WITH_KNOTS('',3,3,((#4817,#4818,#4819,#4820,#4821,#4822,#4823,#4824,#4825,#4826,#4827,#4828,#4829,#4830,#4831,#4832,#4833,#4834,#4835,#4836,#4837,#4838,#4839,#4840),(#4841,#4842,#4843,#4844,#4845,#4846,#4847,#4848,#4849,#4850,#4851,#4852,#4853,#4854,#4855,#4856,#4857,#4858,#4859,#4860,#4861,#4862,#4863,#4864),(#4865,#4866,#4867,#4868,#4869,#4870,#4871,#4872,#4873,#4874,#4875,#4876,#4877,#4878,#4879,#4880,#4881,#4882,#4883,#4884,#4885,#4886,#4887,#4888),(#4889,#4890,#4891,#4892,#4893,#4894,#4895,#4896,#4897,#4898,#4899,#4900,#4901,#4902,#4903,#4904,#4905,#4906,#4907,#4908,#4909,#4910,#4911,#4912),(#4913,#4914,#4915,#4916,#4917,#4918,#4919,#4920,#4921,#4922,#4923,#4924,#4925,#4926,#4927,#4928,#4929,#4930,#4931,#4932,#4933,#4934,#4935,#4936),(#4937,#4938,#4939,#4940,#4941,#4942,#4943,#4944,#4945,#4946,#4947,#4948,#4949,#4950,#4951,#4952,#4953,#4954,#4955,#4956,#4957,#4958,#4959,#4960),(#4961,#4962,#4963,#4964,#4965,#4966,#4967,#4968,#4969,#4970,#4971,#4972,#4973,#4974,#4975,#4976,#4977,#4978,#4979,#4980,#4981,#4982,#4983,#4984),(#4985,#4986,#4987,#4988,#4989,#4990,#4991,#4992,#4993,#4994,#4995,#4996,#4997,#4998,#4999,#5000,#5001,#5002,#5003,#5004,#5005,#5006,#5007,#5008),(#5009,#5010,#5011,#5012,#5013,#5014,#5015,#5016,#5017,#5018,#5019,#5020,#5021,#5022,#5023,#5024,#5025,#5026,#5027,#5028,#5029,#5030,#5031,#5032),(#5033,#5034,#5035,#5036,#5037,#5038,#5039,#5040,#5041,#5042,#5043,#5044,#5045,#5046,#5047,#5048,#5049,#5050,#5051,#5052,#5053,#5054,#5055,#5056)),.UNSPECIFIED.,.F.,.F.,.F.,(4,2,2,2,4),(4,2,2,2,2,2,2,2,2,2,2,4),(0.0,0.25,0.5,0.75,1.0),(0.0,0.000173196760115355,0.000478783703382085,0.000669775542923791,0.000860767382465497,0.00109950718189263,0.0012611994145239,0.00142289164715517,0.0016815992193652,0.00199264013292875,0.00232003178400103,0.0025223988290478),.UNSPECIFIED.);
#544=FACE_OUTER_BOUND('',#5057,.T.);
#545=FACE_BOUND('',#5058,.T.);
#546=PLANE('',#5059);
#547=FACE_OUTER_BOUND('',#5060,.T.);
#548=TOROIDAL_SURFACE('',#5061,0.000999999999999998,0.0005);
#549=FACE_OUTER_BOUND('',#5062,.T.);
#550=CYLINDRICAL_SURFACE('',#5063,0.0005);
#551=FACE_OUTER_BOUND('',#5064,.T.);
#552=CYLINDRICAL_SURFACE('',#5065,0.002);
#553=FACE_OUTER_BOUND('',#5066,.T.);
#554=PLANE('',#5067);
#555=FACE_OUTER_BOUND('',#5068,.T.);
#556=PLANE('',#5069);
#557=FACE_OUTER_BOUND('',#5070,.T.);
#558=CYLINDRICAL_SURFACE('',#5071,0.0042);
#559=FILL_AREA_STYLE('',(#5072));
#560=EDGE_LOOP('',(#5073,#5074,#5075,#5076));
#561=AXIS2_PLACEMENT_3D('',#5077,#5078,#5079);
#562=EDGE_LOOP('',(#5080,#5081,#5082,#5083));
#563=AXIS2_PLACEMENT_3D('',#5084,#5085,#5086);
#564=EDGE_LOOP('',(#5087,#5088,#5089,#5090));
#565=AXIS2_PLACEMENT_3D('',#5091,#5092,#5093);
#566=EDGE_LOOP('',(#5094,#5095,#5096,#5097));
#567=AXIS2_PLACEMENT_3D('',#5098,#5099,#5100);
#568=EDGE_LOOP('',(#5101,#5102,#5103,#5104));
#569=AXIS2_PLACEMENT_3D('',#5105,#5106,#5107);
#570=EDGE_LOOP('',(#5108,#5109,#5110,#5111));
#571=AXIS2_PLACEMENT_3D('',#5112,#5113,#5114);
#572=EDGE_LOOP('',(#5115,#5116,#5117,#5118));
#573=AXIS2_PLACEMENT_3D('',#5119,#5120,#5121);
#574=EDGE_LOOP('',(#5122,#5123,#5124,#5125));
#575=AXIS2_PLACEMENT_3D('',#5126,#5127,#5128);
#576=EDGE_LOOP('',(#5129,#5130,#5131,#5132));
#577=AXIS2_PLACEMENT_3D('',#5133,#5134,#5135);
#578=EDGE_LOOP('',(#5136,#5137,#5138,#5139));
#579=AXIS2_PLACEMENT_3D('',#5140,#5141,#5142);
#580=EDGE_LOOP('',(#5143,#5144,#5145,#5146));
#581=AXIS2_PLACEMENT_3D('',#5147,#5148,#5149);
#582=EDGE_LOOP('',(#5150,#5151,#5152,#5153,#5154));
#583=AXIS2_PLACEMENT_3D('',#5155,#5156,#5157);
#584=EDGE_LOOP('',(#5158,#5159,#5160,#5161,#5162));
#585=AXIS2_PLACEMENT_3D('',#5163,#5164,#5165);
#586=EDGE_LOOP('',(#5166,#5167,#5168,#5169));
#587=AXIS2_PLACEMENT_3D('',#5170,#5171,#5172);
#588=EDGE_LOOP('',(#5173,#5174,#5175,#5176));
#589=AXIS2_PLACEMENT_3D('',#5177,#5178,#5179);
#590=EDGE_LOOP('',(#5180,#5181,#5182,#5183));
#591=AXIS2_PLACEMENT_3D('',#5184,#5185,#5186);
#592=EDGE_LOOP('',(#5187,#5188,#5189,#5190));
#593=AXIS2_PLACEMENT_3D('',#5191,#5192,#5193);
#594=EDGE_LOOP('',(#5194,#5195,#5196,#5197));
#595=AXIS2_PLACEMENT_3D('',#5198,#5199,#5200);
#596=EDGE_LOOP('',(#5201,#5202,#5203,#5204,#5205));
#597=AXIS2_PLACEMENT_3D('',#5206,#5207,#5208);
#598=EDGE_LOOP('',(#5209,#5210,#5211,#5212));
#599=AXIS2_PLACEMENT_3D('',#5213,#5214,#5215);
#600=EDGE_LOOP('',(#5216,#5217,#5218,#5219));
#601=AXIS2_PLACEMENT_3D('',#5220,#5221,#5222);
#602=EDGE_LOOP('',(#5223,#5224,#5225,#5226));
#603=AXIS2_PLACEMENT_3D('',#5227,#5228,#5229);
#604=EDGE_LOOP('',(#5230,#5231,#5232,#5233));
#605=AXIS2_PLACEMENT_3D('',#5234,#5235,#5236);
#606=EDGE_LOOP('',(#5237,#5238,#5239,#5240,#5241,#5242));
#607=AXIS2_PLACEMENT_3D('',#5243,#5244,#5245);
#608=EDGE_LOOP('',(#5246,#5247,#5248,#5249));
#609=AXIS2_PLACEMENT_3D('',#5250,#5251,#5252);
#610=EDGE_LOOP('',(#5253,#5254,#5255,#5256));
#611=AXIS2_PLACEMENT_3D('',#5257,#5258,#5259);
#612=EDGE_LOOP('',(#5260,#5261,#5262,#5263));
#613=AXIS2_PLACEMENT_3D('',#5264,#5265,#5266);
#614=EDGE_LOOP('',(#5267,#5268,#5269));
#615=AXIS2_PLACEMENT_3D('',#5270,#5271,#5272);
#616=EDGE_LOOP('',(#5273,#5274,#5275,#5276,#5277,#5278));
#617=AXIS2_PLACEMENT_3D('',#5279,#5280,#5281);
#618=EDGE_LOOP('',(#5282,#5283,#5284,#5285));
#619=AXIS2_PLACEMENT_3D('',#5286,#5287,#5288);
#620=EDGE_LOOP('',(#5289,#5290,#5291,#5292,#5293));
#621=AXIS2_PLACEMENT_3D('',#5294,#5295,#5296);
#622=EDGE_LOOP('',(#5297,#5298,#5299,#5300));
#623=AXIS2_PLACEMENT_3D('',#5301,#5302,#5303);
#624=EDGE_LOOP('',(#5304,#5305,#5306,#5307));
#625=AXIS2_PLACEMENT_3D('',#5308,#5309,#5310);
#626=EDGE_LOOP('',(#5311,#5312,#5313,#5314));
#627=AXIS2_PLACEMENT_3D('',#5315,#5316,#5317);
#628=EDGE_LOOP('',(#5318,#5319,#5320,#5321));
#629=AXIS2_PLACEMENT_3D('',#5322,#5323,#5324);
#630=EDGE_LOOP('',(#5325,#5326,#5327,#5328));
#631=AXIS2_PLACEMENT_3D('',#5329,#5330,#5331);
#632=EDGE_LOOP('',(#5332,#5333,#5334,#5335));
#633=AXIS2_PLACEMENT_3D('',#5336,#5337,#5338);
#634=EDGE_LOOP('',(#5339,#5340,#5341,#5342,#5343,#5344,#5345));
#635=AXIS2_PLACEMENT_3D('',#5346,#5347,#5348);
#636=EDGE_LOOP('',(#5349,#5350,#5351,#5352,#5353));
#637=AXIS2_PLACEMENT_3D('',#5354,#5355,#5356);
#638=EDGE_LOOP('',(#5357,#5358,#5359,#5360));
#639=AXIS2_PLACEMENT_3D('',#5361,#5362,#5363);
#640=EDGE_LOOP('',(#5364,#5365,#5366,#5367));
#641=AXIS2_PLACEMENT_3D('',#5368,#5369,#5370);
#642=EDGE_LOOP('',(#5371,#5372,#5373,#5374));
#643=AXIS2_PLACEMENT_3D('',#5375,#5376,#5377);
#644=EDGE_LOOP('',(#5378,#5379,#5380,#5381));
#645=AXIS2_PLACEMENT_3D('',#5382,#5383,#5384);
#646=EDGE_LOOP('',(#5385,#5386,#5387,#5388));
#647=AXIS2_PLACEMENT_3D('',#5389,#5390,#5391);
#648=EDGE_LOOP('',(#5392,#5393,#5394,#5395));
#649=AXIS2_PLACEMENT_3D('',#5396,#5397,#5398);
#650=EDGE_LOOP('',(#5399,#5400,#5401,#5402));
#651=AXIS2_PLACEMENT_3D('',#5403,#5404,#5405);
#652=EDGE_LOOP('',(#5406,#5407,#5408,#5409));
#653=AXIS2_PLACEMENT_3D('',#5410,#5411,#5412);
#654=EDGE_LOOP('',(#5413,#5414,#5415,#5416,#5417));
#655=AXIS2_PLACEMENT_3D('',#5418,#5419,#5420);
#656=EDGE_LOOP('',(#5421,#5422,#5423,#5424));
#657=AXIS2_PLACEMENT_3D('',#5425,#5426,#5427);
#658=EDGE_LOOP('',(#5428,#5429,#5430,#5431));
#659=AXIS2_PLACEMENT_3D('',#5432,#5433,#5434);
#660=EDGE_LOOP('',(#5435,#5436,#5437,#5438));
#661=AXIS2_PLACEMENT_3D('',#5439,#5440,#5441);
#662=EDGE_LOOP('',(#5442,#5443,#5444,#5445));
#663=AXIS2_PLACEMENT_3D('',#5446,#5447,#5448);
#664=EDGE_LOOP('',(#5449,#5450,#5451,#5452));
#665=AXIS2_PLACEMENT_3D('',#5453,#5454,#5455);
#666=EDGE_LOOP('',(#5456,#5457,#5458,#5459));
#667=AXIS2_PLACEMENT_3D('',#5460,#5461,#5462);
#668=EDGE_LOOP('',(#5463,#5464,#5465,#5466));
#669=AXIS2_PLACEMENT_3D('',#5467,#5468,#5469);
#670=EDGE_LOOP('',(#5470,#5471,#5472,#5473,#5474));
#671=AXIS2_PLACEMENT_3D('',#5475,#5476,#5477);
#672=EDGE_LOOP('',(#5478,#5479,#5480,#5481,#5482,#5483,#5484,#5485,#5486,#5487,#5488,#5489,#5490,#5491,#5492,#5493,#5494,#5495,#5496,#5497,#5498));
#673=EDGE_LOOP('',(#5499,#5500));
#674=AXIS2_PLACEMENT_3D('',#5501,#5502,#5503);
#675=EDGE_LOOP('',(#5504,#5505,#5506,#5507));
#676=AXIS2_PLACEMENT_3D('',#5508,#5509,#5510);
#677=EDGE_LOOP('',(#5511,#5512,#5513,#5514));
#678=AXIS2_PLACEMENT_3D('',#5515,#5516,#5517);
#679=EDGE_LOOP('',(#5518,#5519,#5520,#5521,#5522,#5523,#5524,#5525,#5526));
#680=AXIS2_PLACEMENT_3D('',#5527,#5528,#5529);
#681=EDGE_LOOP('',(#5530,#5531,#5532,#5533));
#682=AXIS2_PLACEMENT_3D('',#5534,#5535,#5536);
#683=EDGE_LOOP('',(#5537,#5538,#5539,#5540));
#684=AXIS2_PLACEMENT_3D('',#5541,#5542,#5543);
#685=EDGE_LOOP('',(#5544,#5545,#5546,#5547,#5548,#5549,#5550,#5551,#5552,#5553,#5554,#5555,#5556,#5557,#5558,#5559,#5560,#5561,#5562,#5563,#5564));
#686=EDGE_LOOP('',(#5565,#5566,#5567));
#687=EDGE_LOOP('',(#5568,#5569,#5570));
#688=AXIS2_PLACEMENT_3D('',#5571,#5572,#5573);
#689=EDGE_LOOP('',(#5574,#5575,#5576,#5577,#5578,#5579,#5580,#5581,#5582,#5583,#5584,#5585,#5586,#5587,#5588,#5589));
#690=AXIS2_PLACEMENT_3D('',#5590,#5591,#5592);
#691=EDGE_LOOP('',(#5593,#5594,#5595,#5596));
#692=AXIS2_PLACEMENT_3D('',#5597,#5598,#5599);
#693=EDGE_LOOP('',(#5600,#5601,#5602,#5603,#5604,#5605,#5606,#5607,#5608,#5609,#5610,#5611));
#694=AXIS2_PLACEMENT_3D('',#5612,#5613,#5614);
#695=EDGE_LOOP('',(#5615,#5616,#5617,#5618,#5619,#5620));
#696=AXIS2_PLACEMENT_3D('',#5621,#5622,#5623);
#697=EDGE_LOOP('',(#5624,#5625,#5626,#5627,#5628,#5629));
#698=AXIS2_PLACEMENT_3D('',#5630,#5631,#5632);
#699=EDGE_LOOP('',(#5633,#5634,#5635,#5636));
#700=AXIS2_PLACEMENT_3D('',#5637,#5638,#5639);
#701=EDGE_LOOP('',(#5640,#5641,#5642,#5643,#5644,#5645,#5646,#5647));
#702=AXIS2_PLACEMENT_3D('',#5648,#5649,#5650);
#703=EDGE_LOOP('',(#5651,#5652,#5653,#5654,#5655,#5656));
#704=AXIS2_PLACEMENT_3D('',#5657,#5658,#5659);
#705=EDGE_LOOP('',(#5660,#5661,#5662,#5663,#5664,#5665));
#706=AXIS2_PLACEMENT_3D('',#5666,#5667,#5668);
#707=EDGE_LOOP('',(#5669,#5670,#5671,#5672));
#708=AXIS2_PLACEMENT_3D('',#5673,#5674,#5675);
#709=EDGE_LOOP('',(#5676,#5677,#5678,#5679));
#710=AXIS2_PLACEMENT_3D('',#5680,#5681,#5682);
#711=EDGE_LOOP('',(#5683,#5684,#5685,#5686));
#712=AXIS2_PLACEMENT_3D('',#5687,#5688,#5689);
#713=EDGE_LOOP('',(#5690,#5691,#5692,#5693));
#714=AXIS2_PLACEMENT_3D('',#5694,#5695,#5696);
#715=EDGE_LOOP('',(#5697,#5698,#5699));
#716=EDGE_LOOP('',(#5700,#5701,#5702));
#717=EDGE_LOOP('',(#5703,#5704,#5705,#5706,#5707,#5708,#5709,#5710,#5711,#5712));
#718=EDGE_LOOP('',(#5713,#5714,#5715,#5716));
#719=AXIS2_PLACEMENT_3D('',#5717,#5718,#5719);
#720=EDGE_LOOP('',(#5720,#5721,#5722,#5723,#5724,#5725,#5726,#5727));
#721=AXIS2_PLACEMENT_3D('',#5728,#5729,#5730);
#722=EDGE_LOOP('',(#5731,#5732,#5733,#5734));
#723=AXIS2_PLACEMENT_3D('',#5735,#5736,#5737);
#724=EDGE_LOOP('',(#5738,#5739,#5740,#5741));
#725=AXIS2_PLACEMENT_3D('',#5742,#5743,#5744);
#726=EDGE_LOOP('',(#5745,#5746,#5747,#5748));
#727=AXIS2_PLACEMENT_3D('',#5749,#5750,#5751);
#728=EDGE_LOOP('',(#5752,#5753,#5754,#5755,#5756,#5757,#5758,#5759,#5760));
#729=AXIS2_PLACEMENT_3D('',#5761,#5762,#5763);
#730=EDGE_LOOP('',(#5764,#5765,#5766,#5767,#5768,#5769,#5770));
#731=AXIS2_PLACEMENT_3D('',#5771,#5772,#5773);
#732=EDGE_LOOP('',(#5774,#5775,#5776,#5777));
#733=AXIS2_PLACEMENT_3D('',#5778,#5779,#5780);
#734=EDGE_LOOP('',(#5781,#5782,#5783,#5784));
#735=AXIS2_PLACEMENT_3D('',#5785,#5786,#5787);
#736=EDGE_LOOP('',(#5788,#5789,#5790,#5791));
#737=AXIS2_PLACEMENT_3D('',#5792,#5793,#5794);
#738=EDGE_LOOP('',(#5795,#5796,#5797,#5798));
#739=AXIS2_PLACEMENT_3D('',#5799,#5800,#5801);
#740=EDGE_LOOP('',(#5802,#5803,#5804,#5805));
#741=AXIS2_PLACEMENT_3D('',#5806,#5807,#5808);
#742=EDGE_LOOP('',(#5809,#5810,#5811,#5812));
#743=AXIS2_PLACEMENT_3D('',#5813,#5814,#5815);
#744=EDGE_LOOP('',(#5816,#5817,#5818,#5819));
#745=AXIS2_PLACEMENT_3D('',#5820,#5821,#5822);
#746=EDGE_LOOP('',(#5823,#5824,#5825,#5826));
#747=AXIS2_PLACEMENT_3D('',#5827,#5828,#5829);
#748=EDGE_LOOP('',(#5830,#5831,#5832,#5833,#5834));
#749=AXIS2_PLACEMENT_3D('',#5835,#5836,#5837);
#750=EDGE_LOOP('',(#5838,#5839,#5840,#5841));
#751=AXIS2_PLACEMENT_3D('',#5842,#5843,#5844);
#752=EDGE_LOOP('',(#5845,#5846,#5847,#5848));
#753=AXIS2_PLACEMENT_3D('',#5849,#5850,#5851);
#754=EDGE_LOOP('',(#5852,#5853,#5854,#5855,#5856,#5857,#5858));
#755=AXIS2_PLACEMENT_3D('',#5859,#5860,#5861);
#756=EDGE_LOOP('',(#5862,#5863,#5864,#5865));
#757=AXIS2_PLACEMENT_3D('',#5866,#5867,#5868);
#758=EDGE_LOOP('',(#5869,#5870,#5871,#5872));
#759=AXIS2_PLACEMENT_3D('',#5873,#5874,#5875);
#760=EDGE_LOOP('',(#5876,#5877,#5878,#5879,#5880));
#761=AXIS2_PLACEMENT_3D('',#5881,#5882,#5883);
#762=EDGE_LOOP('',(#5884,#5885,#5886,#5887));
#763=AXIS2_PLACEMENT_3D('',#5888,#5889,#5890);
#764=EDGE_LOOP('',(#5891,#5892,#5893,#5894));
#765=AXIS2_PLACEMENT_3D('',#5895,#5896,#5897);
#766=EDGE_LOOP('',(#5898,#5899,#5900,#5901));
#767=AXIS2_PLACEMENT_3D('',#5902,#5903,#5904);
#768=EDGE_LOOP('',(#5905,#5906,#5907,#5908,#5909));
#769=CARTESIAN_POINT('',(0.0173694840007214,0.0855103057117358,0.0923856422549288));
#770=CARTESIAN_POINT('',(0.0174041893422884,0.0855065247497828,0.0924425352615757));
#771=CARTESIAN_POINT('',(0.0174443402302044,0.0855050357172571,0.0924962566610615));
#772=CARTESIAN_POINT('',(0.0175339326081723,0.0855067008843045,0.0925952148727486));
#773=CARTESIAN_POINT('',(0.0175833717014885,0.0855098550392076,0.0926404490382164));
#774=CARTESIAN_POINT('',(0.017689564988965,0.0855206807705893,0.0927206244366107));
#775=CARTESIAN_POINT('',(0.0177463163425072,0.0855283520573305,0.0927555635252149));
#776=CARTESIAN_POINT('',(0.0178648663077396,0.0855479056864357,0.0928137518023862));
#777=CARTESIAN_POINT('',(0.0179266617484284,0.0855597875055919,0.0928369994346942));
#778=CARTESIAN_POINT('',(0.018052830338489,0.0855872875271134,0.0928708750331689));
#779=CARTESIAN_POINT('',(0.0181172001131645,0.0856029049937251,0.0928815020933026));
#780=CARTESIAN_POINT('',(0.0181815724605159,0.085620078650091,0.0928856066151421));
#781=CARTESIAN_POINT('',(0.0173785868624166,0.0854531814929208,0.0923599827366879));
#782=CARTESIAN_POINT('',(0.017413100392062,0.0854487473840662,0.092418036754113));
#783=CARTESIAN_POINT('',(0.0174532721542218,0.0854466193200044,0.0924728995759294));
#784=CARTESIAN_POINT('',(0.0175432866629875,0.0854470617586719,0.092573996853231));
#785=CARTESIAN_POINT('',(0.0175931268686569,0.0854496322470102,0.0926202284577782));
#786=CARTESIAN_POINT('',(0.0177004321035653,0.0854593658337139,0.0927021650169772));
#787=CARTESIAN_POINT('',(0.0177578941048344,0.0854665286555407,0.0927378676610945));
#788=CARTESIAN_POINT('',(0.0178780839530471,0.0854851523986016,0.0927972801177159));
#789=CARTESIAN_POINT('',(0.0179408084091264,0.0854966127925337,0.0928209882547721));
#790=CARTESIAN_POINT('',(0.0180689481585282,0.0855233607278215,0.0928554377552189));
#791=CARTESIAN_POINT('',(0.0181343598370903,0.0855386475127741,0.092866178146908));
#792=CARTESIAN_POINT('',(0.0181997742354952,0.0855555338498259,0.0928702142755598));
#793=CARTESIAN_POINT('',(0.0173873935696118,0.0853950976881125,0.0923338921240757));
#794=CARTESIAN_POINT('',(0.0174216652610255,0.0853900103068809,0.0923931163218731));
#795=CARTESIAN_POINT('',(0.0174618146912166,0.0853872396613735,0.0924491344675237));
#796=CARTESIAN_POINT('',(0.0175521791753657,0.0853864477078164,0.0925524023532359));
#797=CARTESIAN_POINT('',(0.0176023915355371,0.0853884264212796,0.0925996490180396));
#798=CARTESIAN_POINT('',(0.0177107635889982,0.0853970492598877,0.0926833805009929));
#799=CARTESIAN_POINT('',(0.0177689200528558,0.0854036931260344,0.0927198628257419));
#800=CARTESIAN_POINT('',(0.0178907269932862,0.0854213655204978,0.0927805261197817));
#801=CARTESIAN_POINT('',(0.0179543738408287,0.085432393520263,0.0928047052825293));
#802=CARTESIAN_POINT('',(0.0180844766283025,0.0854583684762122,0.0928397415611731));
#803=CARTESIAN_POINT('',(0.0181509286924695,0.0854733146566017,0.0928505976334615));
#804=CARTESIAN_POINT('',(0.0182173836351479,0.0854899048158543,0.0928545632558737));
#805=CARTESIAN_POINT('',(0.0174119968474469,0.0852243793840055,0.0922572071503715));
#806=CARTESIAN_POINT('',(0.0174454207441243,0.0852174070529463,0.0923198374979767));
#807=CARTESIAN_POINT('',(0.0174853770021214,0.0852127711532799,0.0923792343354036));
#808=CARTESIAN_POINT('',(0.0175765390352773,0.0852083801274215,0.0924888678407845));
#809=CARTESIAN_POINT('',(0.0176277416485308,0.0852086251460752,0.0925391007174794));
#810=CARTESIAN_POINT('',(0.017739065711804,0.0852139826397234,0.0926281212626757));
#811=CARTESIAN_POINT('',(0.0177991833047508,0.0852190949219616,0.0926669058529908));
#812=CARTESIAN_POINT('',(0.0179256016997087,0.0852339521539803,0.0927312652499894));
#813=CARTESIAN_POINT('',(0.0179918981243061,0.0852436965822798,0.0927568378309618));
#814=CARTESIAN_POINT('',(0.0181276578374364,0.085267372609025,0.0927936091679779));
#815=CARTESIAN_POINT('',(0.0181971164265748,0.0852813033810339,0.0928048066515869));
#816=CARTESIAN_POINT('',(0.0182665783908114,0.0852970097981045,0.0928085618830913));
#817=CARTESIAN_POINT('',(0.017427001124019,0.0851094235267659,0.0922055699082459));
#818=CARTESIAN_POINT('',(0.0174596871940674,0.0851012249159352,0.0922704532482531));
#819=CARTESIAN_POINT('',(0.0174993578742171,0.0850953616726488,0.0923321043892593));
#820=CARTESIAN_POINT('',(0.017590775116001,0.0850885827023499,0.092446006953199));
#821=CARTESIAN_POINT('',(0.0176425181777025,0.0850876672251922,0.0924982540329917));
#822=CARTESIAN_POINT('',(0.017755606074577,0.0850908251610699,0.0925908525240266));
#823=CARTESIAN_POINT('',(0.0178169465866527,0.0850948984441294,0.0926312004050514));
#824=CARTESIAN_POINT('',(0.0179462975680711,0.0851078368044962,0.0926980726939006));
#825=CARTESIAN_POINT('',(0.0180143030967541,0.0851167013784348,0.0927245945520581));
#826=CARTESIAN_POINT('',(0.0181537343830742,0.0851387962975896,0.0927625469507409));
#827=CARTESIAN_POINT('',(0.0182251548173473,0.0851520257902269,0.0927739760432232));
#828=CARTESIAN_POINT('',(0.0182965789982341,0.0851671209188911,0.0927775857310377));
#829=CARTESIAN_POINT('',(0.0174495019441428,0.0849181215397017,0.092119638272964));
#830=CARTESIAN_POINT('',(0.0174806861136544,0.0849079680005655,0.0921881916958038));
#831=CARTESIAN_POINT('',(0.0175196248457645,0.0849001203675743,0.0922535533680521));
#832=CARTESIAN_POINT('',(0.017611003777394,0.0848894403192323,0.0923745260149511));
#833=CARTESIAN_POINT('',(0.0176634398802135,0.0848866083789066,0.0924301315730534));
#834=CARTESIAN_POINT('',(0.0177791027415634,0.0848861055575388,0.0925287166766868));
#835=CARTESIAN_POINT('',(0.0178423243172379,0.0848884346954934,0.0925716918082892));
#836=CARTESIAN_POINT('',(0.0179762898396543,0.0848981330115166,0.0926427934148855));
#837=CARTESIAN_POINT('',(0.0180470277849783,0.0849055017516563,0.0926709167063775));
#838=CARTESIAN_POINT('',(0.0181923691506109,0.0849248976954793,0.0927108594585083));
#839=CARTESIAN_POINT('',(0.0182669660607591,0.0849369240269976,0.0927226771303776));
#840=CARTESIAN_POINT('',(0.0183415674157316,0.0849509684047017,0.0927260366158712));
#841=CARTESIAN_POINT('',(0.01745770408438,0.0848434629191012,0.0920861020185652));
#842=CARTESIAN_POINT('',(0.0174882378358597,0.0848325665816131,0.0921560691576532));
#843=CARTESIAN_POINT('',(0.0175268306928944,0.0848239581534097,0.092222869312887));
#844=CARTESIAN_POINT('',(0.0176180860441058,0.0848117727511067,0.0923465931403824));
#845=CARTESIAN_POINT('',(0.017670744200714,0.0848081963517733,0.0924035109407093));
#846=CARTESIAN_POINT('',(0.0177873274364723,0.0848062647748093,0.0925044400287287));
#847=CARTESIAN_POINT('',(0.017851246977475,0.0848079096848014,0.0925484465266622));
#848=CARTESIAN_POINT('',(0.0179869510477479,0.0848163325324465,0.0926212098510213));
#849=CARTESIAN_POINT('',(0.0180587291326168,0.0848231100660421,0.0926499632242774));
#850=CARTESIAN_POINT('',(0.0182063300837092,0.0848414367592642,0.0926906885903745));
#851=CARTESIAN_POINT('',(0.0182821459417057,0.084852985044741,0.0927026586500569));
#852=CARTESIAN_POINT('',(0.0183579665358185,0.0848666114799514,0.0927059186102723));
#853=CARTESIAN_POINT('',(0.0174731791587698,0.0846922128569172,0.092018161144921));
#854=CARTESIAN_POINT('',(0.0175022660114199,0.0846798571355398,0.092090951027909));
#855=CARTESIAN_POINT('',(0.0175400364303455,0.0846697385194256,0.0921606439221474));
#856=CARTESIAN_POINT('',(0.0176308222216985,0.0846545426820668,0.0922899233718041));
#857=CARTESIAN_POINT('',(0.0176838327550461,0.0846494662663376,0.0923495030453252));
#858=CARTESIAN_POINT('',(0.0178021118020683,0.0846446404157765,0.0924551978025455));
#859=CARTESIAN_POINT('',(0.0178673740145413,0.0846448912339619,0.0925013072601473));
#860=CARTESIAN_POINT('',(0.0180064791217726,0.0846507051870708,0.0925774620259755));
#861=CARTESIAN_POINT('',(0.0180803146078701,0.084656268008378,0.0926075032804477));
#862=CARTESIAN_POINT('',(0.0182324057486473,0.0846723919376215,0.0926498271335154));
#863=CARTESIAN_POINT('',(0.0183106533041503,0.0846829521830603,0.0926621074787792));
#864=CARTESIAN_POINT('',(0.0183889062302259,0.0846957137447405,0.0926651614735188));
#865=CARTESIAN_POINT('',(0.017480452090493,0.0846156214390785,0.0919837565363415));
#866=CARTESIAN_POINT('',(0.0175087424615201,0.0846025491327745,0.0920579554451678));
#867=CARTESIAN_POINT('',(0.0175460363165037,0.0845916811240874,0.0921291025942858));
#868=CARTESIAN_POINT('',(0.0176364761269692,0.084574980205593,0.0922611864840002));
#869=CARTESIAN_POINT('',(0.0176896169827199,0.0845691482323128,0.092322115788122));
#870=CARTESIAN_POINT('',(0.0178086714659666,0.0845628568635898,0.0924302322297909));
#871=CARTESIAN_POINT('',(0.0178745783844919,0.0845623978179328,0.0924774132807345));
#872=CARTESIAN_POINT('',(0.0180153459810001,0.0845668783452163,0.0925552977704209));
#873=CARTESIAN_POINT('',(0.0180901987290427,0.0845718176611074,0.0925859968244945));
#874=CARTESIAN_POINT('',(0.018244520474748,0.0845868080778751,0.0926291365508827));
#875=CARTESIAN_POINT('',(0.0183239807803501,0.0845968583298867,0.0926415747940825));
#876=CARTESIAN_POINT('',(0.0184034467996892,0.0846091729611089,0.0926445223487627));
#877=CARTESIAN_POINT('',(0.0174981247322843,0.0844142766149053,0.0918933129225563));
#878=CARTESIAN_POINT('',(0.0175241548764663,0.0843993859574615,0.0919711574746037));
#879=CARTESIAN_POINT('',(0.0175600380544119,0.0843865931824335,0.0920460970324139));
#880=CARTESIAN_POINT('',(0.0176492842853599,0.0843659931812814,0.0921855276780874));
#881=CARTESIAN_POINT('',(0.0177026415410925,0.0843581872797888,0.0922500097385972));
#882=CARTESIAN_POINT('',(0.017823517746864,0.0843480443081362,0.0923645165966508));
#883=CARTESIAN_POINT('',(0.0178910288561329,0.0843457078839444,0.0924145339816718));
#884=CARTESIAN_POINT('',(0.0180360155032017,0.0843466469635346,0.0924970012602061));
#885=CARTESIAN_POINT('',(0.0181134816428616,0.0843499223948984,0.0925294458151935));
#886=CARTESIAN_POINT('',(0.0182735625983445,0.0843618793796951,0.0925747487242191));
#887=CARTESIAN_POINT('',(0.0183561670411654,0.0843705601471276,0.0925876041444233));
#888=CARTESIAN_POINT('',(0.0184387781663579,0.0843816730905696,0.0925902654923456));
#889=CARTESIAN_POINT('',(0.0175077817546988,0.0842881982185244,0.0918366786206394));
#890=CARTESIAN_POINT('',(0.0175322343656504,0.0842722326288155,0.091916749080462));
#891=CARTESIAN_POINT('',(0.0175670803441211,0.0842582786311955,0.0919940336033723));
#892=CARTESIAN_POINT('',(0.0176553023862951,0.0842352930300083,0.0921380397091039));
#893=CARTESIAN_POINT('',(0.0177086722035706,0.0842262630366617,0.0922047511390769));
#894=CARTESIAN_POINT('',(0.017830477985074,0.0842137091835035,0.0923232831770094));
#895=CARTESIAN_POINT('',(0.01789890534136,0.0842101861957198,0.0923750954301272));
#896=CARTESIAN_POINT('',(0.0180463864975436,0.0842088725366056,0.0924604671003704));
#897=CARTESIAN_POINT('',(0.0181254298846538,0.0842110819432746,0.092494020500161));
#898=CARTESIAN_POINT('',(0.0182890152586,0.0842210872784601,0.0925406958851755));
#899=CARTESIAN_POINT('',(0.0183735457008357,0.0842288824864496,0.0925538145791248));
#900=CARTESIAN_POINT('',(0.0184580834966721,0.0842392169045499,0.0925562904906923));
#901=CARTESIAN_POINT('',(0.0175296235170387,0.0839560286114647,0.0916874678534489));
#902=CARTESIAN_POINT('',(0.0175494980121507,0.0839374278113336,0.0917732321737694));
#903=CARTESIAN_POINT('',(0.0175812053843616,0.083920552987539,0.0918566047209345));
#904=CARTESIAN_POINT('',(0.0176659980979073,0.0838914603135964,0.0920125898812941));
#905=CARTESIAN_POINT('',(0.0177190760105328,0.0838792449663454,0.0920851889438849));
#906=CARTESIAN_POINT('',(0.0178427787753783,0.0838603456142624,0.0922143975237081));
#907=CARTESIAN_POINT('',(0.0179133928334705,0.0838536632203839,0.0922709958212004));
#908=CARTESIAN_POINT('',(0.0180670763616569,0.0838463047082175,0.0923641250853812));
#909=CARTESIAN_POINT('',(0.0181501324457886,0.0838456291946254,0.0924006479656453));
#910=CARTESIAN_POINT('',(0.0183227139418406,0.083850326324277,0.0924509929826955));
#911=CARTESIAN_POINT('',(0.0184122243345742,0.0838556985237368,0.0924648107447143));
#912=CARTESIAN_POINT('',(0.0185017440618486,0.08386389796263,0.0924667780878692));
#913=CARTESIAN_POINT('',(0.0175398449727378,0.0837473152730578,0.0915937132426744));
#914=CARTESIAN_POINT('',(0.0175564318389248,0.0837272498077685,0.0916828891579688));
#915=CARTESIAN_POINT('',(0.0175857718045574,0.0837086741100792,0.0917699993519019));
#916=CARTESIAN_POINT('',(0.0176676982476024,0.0836759167231199,0.0919334377925324));
#917=CARTESIAN_POINT('',(0.0177202765515214,0.0836617382345982,0.0920097499344439));
#918=CARTESIAN_POINT('',(0.0178446342969361,0.0836388576290397,0.0921457366564996));
#919=CARTESIAN_POINT('',(0.0179164014086126,0.08363015772599,0.0922053978470776));
#920=CARTESIAN_POINT('',(0.0180736228238681,0.0836188945490618,0.0923035041881748));
#921=CARTESIAN_POINT('',(0.0181590615814847,0.0836163323361174,0.0923419396810152));
#922=CARTESIAN_POINT('',(0.018337065865761,0.0836175329961273,0.0923946427380985));
#923=CARTESIAN_POINT('',(0.0184296138137794,0.0836212956986506,0.0924089051097579));
#924=CARTESIAN_POINT('',(0.0185221725470157,0.0836280724841833,0.0924105335293557));
#925=CARTESIAN_POINT('',(0.0175538592437742,0.0833188804016904,0.0914012581820302));
#926=CARTESIAN_POINT('',(0.0175628758060462,0.0832963087435855,0.0914970278474326));
#927=CARTESIAN_POINT('',(0.0175865404375699,0.0832746045211482,0.0915915908760741));
#928=CARTESIAN_POINT('',(0.0176611047357389,0.0832347999750998,0.0917701446893384));
#929=CARTESIAN_POINT('',(0.0177119948823685,0.083216704654867,0.0918541129117503));
#930=CARTESIAN_POINT('',(0.0178365857425,0.083185682822798,0.0920041898032082));
#931=CARTESIAN_POINT('',(0.0179102706386716,0.0831727601913784,0.0920702795183416));
#932=CARTESIAN_POINT('',(0.0180740518180279,0.0831531982705322,0.0921788623383882));
#933=CARTESIAN_POINT('',(0.0181641273533271,0.083146561405356,0.0922213417318907));
#934=CARTESIAN_POINT('',(0.0183528702261897,0.0831401394085022,0.0922790131126671));
#935=CARTESIAN_POINT('',(0.0184515136764924,0.0831403550375762,0.0922941978131543));
#936=CARTESIAN_POINT('',(0.018550171475735,0.0831439834304445,0.0922950760987283));
#937=CARTESIAN_POINT('',(0.0175574407048248,0.0830990216044543,0.0913024960436365));
#938=CARTESIAN_POINT('',(0.0175621464722025,0.0830754230610194,0.0914014370611393));
#939=CARTESIAN_POINT('',(0.0175824758382736,0.0830523013031986,0.0914997107258395));
#940=CARTESIAN_POINT('',(0.0176524957170999,0.0830091265301355,0.0916859256170796));
#941=CARTESIAN_POINT('',(0.0177021761122547,0.0829890796365384,0.0917738403378428));
#942=CARTESIAN_POINT('',(0.0178263106354192,0.082953896028606,0.0919312392761766));
#943=CARTESIAN_POINT('',(0.0179007469816576,0.0829387642723006,0.0920007011091276));
#944=CARTESIAN_POINT('',(0.0180675305408981,0.0829147968870262,0.0921147948620327));
#945=CARTESIAN_POINT('',(0.0181598539377865,0.0829059646025264,0.0921594105613381));
#946=CARTESIAN_POINT('',(0.0183539042441335,0.0828954004457877,0.092219697912636));
#947=CARTESIAN_POINT('',(0.018455603481942,0.082893670002784,0.0922353609879503));
#948=CARTESIAN_POINT('',(0.0185573192012265,0.0828955647624691,0.0922358261799928));
#949=CARTESIAN_POINT('',(0.0175574505046926,0.0828791611773233,0.0912037326976155));
#950=CARTESIAN_POINT('',(0.0175574372165666,0.0828548657526845,0.0913055951503513));
#951=CARTESIAN_POINT('',(0.0175740072301778,0.082830574043769,0.0914074432566414));
#952=CARTESIAN_POINT('',(0.0176387023220869,0.0827843605799546,0.091601205402827));
#953=CARTESIAN_POINT('',(0.017686816946496,0.0827624462925527,0.0916930881332699));
#954=CARTESIAN_POINT('',(0.0178099009002131,0.0827231339100279,0.0918579207312804));
#955=CARTESIAN_POINT('',(0.0178848503407486,0.0827057421672766,0.0919308439640356));
#956=CARTESIAN_POINT('',(0.0180542748413074,0.0826771790359482,0.0920506120507215));
#957=CARTESIAN_POINT('',(0.0181487225245263,0.0826660122628033,0.092097437551681));
#958=CARTESIAN_POINT('',(0.0183479031213623,0.082650994340977,0.0921604173922442));
#959=CARTESIAN_POINT('',(0.0184526038499754,0.0826471456189973,0.0921765615551216));
#960=CARTESIAN_POINT('',(0.0185573236042364,0.0826471442922473,0.0921765748995415));
#961=EDGE_LOOP('',(#5910,#5911,#5912,#5913,#5914));
#962=CARTESIAN_POINT('',(0.0165569985094585,0.0891576760472942,0.0945079387429762));
#963=CARTESIAN_POINT('',(0.0165569985094585,0.0891576760472942,0.0945079387429762));
#964=CARTESIAN_POINT('',(0.0165569985094585,0.0891576760472942,0.0945079387429762));
#965=CARTESIAN_POINT('',(0.0165569985094585,0.0891576760472942,0.0945079387429762));
#966=CARTESIAN_POINT('',(0.0165569985094585,0.0891576760472942,0.0945079387429762));
#967=CARTESIAN_POINT('',(0.0165569985094585,0.0891576760472942,0.0945079387429762));
#968=CARTESIAN_POINT('',(0.0165578102322903,0.0891545917325236,0.0945057093441457));
#969=CARTESIAN_POINT('',(0.0165579454594564,0.0891546384775709,0.0945057431323562));
#970=CARTESIAN_POINT('',(0.0165580806866225,0.0891546852226181,0.0945057769205667));
#971=CARTESIAN_POINT('',(0.0165583511409547,0.0891547787127126,0.0945058444969876));
#972=CARTESIAN_POINT('',(0.0165584863681208,0.0891548254577599,0.0945058782851981));
#973=CARTESIAN_POINT('',(0.0165586215952869,0.0891548722028071,0.0945059120734085));
#974=CARTESIAN_POINT('',(0.016558621955218,0.0891515068387562,0.0945034807455664));
#975=CARTESIAN_POINT('',(0.0165588924095661,0.0891516001360019,0.0945035485888002));
#976=CARTESIAN_POINT('',(0.0165591628639142,0.0891516934902229,0.0945036163532103));
#977=CARTESIAN_POINT('',(0.0165597037726104,0.0891518803126154,0.094503751724383));
#978=CARTESIAN_POINT('',(0.0165599742269586,0.0891519737807868,0.0945038193311457));
#979=CARTESIAN_POINT('',(0.0165602446813067,0.0891520673059333,0.0945038868590848));
#980=CARTESIAN_POINT('',(0.0166599820448672,0.0887662222591219,0.0942252944165053));
#981=CARTESIAN_POINT('',(0.0166771382404046,0.0887721044928517,0.0942296480598328));
#982=CARTESIAN_POINT('',(0.0166942945246443,0.0887780010125275,0.0942339819389408));
#983=CARTESIAN_POINT('',(0.0167286071818443,0.088789822593233,0.0942426101463945));
#984=CARTESIAN_POINT('',(0.0167457635548044,0.0887957476542628,0.0942469044747404));
#985=CARTESIAN_POINT('',(0.0167629199277825,0.0888016869706511,0.0942511790166124));
#986=CARTESIAN_POINT('',(0.0167613633236967,0.088371991887064,0.0939593818505591));
#987=CARTESIAN_POINT('',(0.0167954022452949,0.0883806543021099,0.0939721806625432));
#988=CARTESIAN_POINT('',(0.0168294514875456,0.088390259888971,0.0939836749493543));
#989=CARTESIAN_POINT('',(0.0168975459112257,0.0884113027824917,0.0940041379578116));
#990=CARTESIAN_POINT('',(0.0169315919494393,0.0884227402947464,0.0940131070311961));
#991=CARTESIAN_POINT('',(0.0169656375475456,0.0884350858020501,0.0940208190873149));
#992=CARTESIAN_POINT('',(0.0169556775630446,0.0875752665069072,0.0934595726532133));
#993=CARTESIAN_POINT('',(0.0170183847770476,0.0875844029685893,0.0934973777127212));
#994=CARTESIAN_POINT('',(0.0170838531948735,0.0875977343345613,0.0935293782602354));
#995=CARTESIAN_POINT('',(0.0172176083983178,0.0876322125668696,0.0935804942477061));
#996=CARTESIAN_POINT('',(0.0172858917804048,0.0876533585270879,0.0935996084328246));
#997=CARTESIAN_POINT('',(0.0173541772918316,0.0876779726870112,0.093611888380323));
#998=CARTESIAN_POINT('',(0.0170487677570301,0.0871731981763987,0.0932250992080434));
#999=CARTESIAN_POINT('',(0.0171233560311042,0.0871801291273426,0.0932792815156894));
#1000=CARTESIAN_POINT('',(0.0172034055724851,0.0871935488310689,0.09332448512595));
#1001=CARTESIAN_POINT('',(0.0173690779905125,0.0872323519543838,0.0933942495036141));
#1002=CARTESIAN_POINT('',(0.017454693896917,0.0872577330435927,0.0934188086246105));
#1003=CARTESIAN_POINT('',(0.0175403138840035,0.087288230713611,0.0934322646548013));
#1004=CARTESIAN_POINT('',(0.0171884961444801,0.0865111562574531,0.0928685035919032));
#1005=CARTESIAN_POINT('',(0.0172747744614488,0.0865123177578547,0.0929546321582871));
#1006=CARTESIAN_POINT('',(0.017374875863524,0.0865237167057357,0.093026575127328));
#1007=CARTESIAN_POINT('',(0.0175899129887832,0.0865654940003158,0.0931329866981251));
#1008=CARTESIAN_POINT('',(0.0177047898837459,0.0865958607078849,0.0931674265764645));
#1009=CARTESIAN_POINT('',(0.017819700179544,0.0866337575176348,0.0931809092542334));
#1010=CARTESIAN_POINT('',(0.017239457678765,0.0862544272365914,0.0927372099067128));
#1011=CARTESIAN_POINT('',(0.0173284006487507,0.0862528569388258,0.0928368941151687));
#1012=CARTESIAN_POINT('',(0.0174353344726219,0.0862629616719712,0.0929203910543638));
#1013=CARTESIAN_POINT('',(0.0176687541828786,0.0863049069538561,0.0930424260406228));
#1014=CARTESIAN_POINT('',(0.017795149623698,0.0863367304915239,0.0930809183486261));
#1015=CARTESIAN_POINT('',(0.0179215963047247,0.0863769470300854,0.0930939632914835));
#1016=CARTESIAN_POINT('',(0.0173157955099258,0.085834773609059,0.09253420994267));
#1017=CARTESIAN_POINT('',(0.0174051695449119,0.0858286855915647,0.0926574100768469));
#1018=CARTESIAN_POINT('',(0.0175211320768012,0.0858361519942933,0.09276178041575));
#1019=CARTESIAN_POINT('',(0.0177828932312392,0.0858766685713813,0.0929119418998864));
#1020=CARTESIAN_POINT('',(0.0179285076699615,0.0859096899728651,0.0929576279254264));
#1021=CARTESIAN_POINT('',(0.0180742285687649,0.085952146477297,0.0929693339563616));
#1022=CARTESIAN_POINT('',(0.0173435967009646,0.0856727722320945,0.092458620279748));
#1023=CARTESIAN_POINT('',(0.0174321994652174,0.0856649308370275,0.0925912200729357));
#1024=CARTESIAN_POINT('',(0.0175511346098793,0.0856712551735006,0.092704122727971));
#1025=CARTESIAN_POINT('',(0.0178234269577854,0.0857108127048064,0.0928657613886058));
#1026=CARTESIAN_POINT('',(0.0179765536019138,0.0857440118884828,0.0929143616554663));
#1027=CARTESIAN_POINT('',(0.0181298143514052,0.0857869600654566,0.0929254030953316));
#1028=CARTESIAN_POINT('',(0.0173694855620343,0.0855103022768877,0.092385640712171));
#1029=CARTESIAN_POINT('',(0.0174562494056658,0.0855008498958863,0.0925278733654328));
#1030=CARTESIAN_POINT('',(0.0175775417000221,0.0855059744561166,0.0926498094023245));
#1031=CARTESIAN_POINT('',(0.017859885278745,0.0855441396317523,0.0928236348372052));
#1032=CARTESIAN_POINT('',(0.0180206444875511,0.0855771407664828,0.0928753444182435));
#1033=CARTESIAN_POINT('',(0.0181815755829042,0.0856200747690362,0.092885605689871));
#1034=EDGE_LOOP('',(#5915,#5916,#5917,#5918,#5919));
#1035=CARTESIAN_POINT('',(0.0175575488995849,0.0773276621061862,0.0898796331654988));
#1036=CARTESIAN_POINT('',(0.0175575356114589,0.0773033666815474,0.0899814956182346));
#1037=CARTESIAN_POINT('',(0.0175741056250701,0.0772790749726318,0.0900833437245247));
#1038=CARTESIAN_POINT('',(0.0176388007169792,0.0772328615088174,0.0902771058707103));
#1039=CARTESIAN_POINT('',(0.0176869153413883,0.0772109472214156,0.0903689886011532));
#1040=CARTESIAN_POINT('',(0.0178099992951054,0.0771716348388908,0.0905338211991637));
#1041=CARTESIAN_POINT('',(0.0178849487356409,0.0771542430961395,0.0906067444319189));
#1042=CARTESIAN_POINT('',(0.0180543732361997,0.0771256799648111,0.0907265125186048));
#1043=CARTESIAN_POINT('',(0.0181488209194186,0.0771145131916662,0.0907733380195643));
#1044=CARTESIAN_POINT('',(0.0183480015162546,0.0770994952698398,0.0908363178601275));
#1045=CARTESIAN_POINT('',(0.0184527022448677,0.0770956465478601,0.0908524620230049));
#1046=CARTESIAN_POINT('',(0.0185574219991287,0.0770956452211102,0.0908524753674248));
#1047=CARTESIAN_POINT('',(0.0175575486831851,0.0773119343564237,0.0898797676444679));
#1048=CARTESIAN_POINT('',(0.0175579312377498,0.0772876973874081,0.0899813850420687));
#1049=CARTESIAN_POINT('',(0.0175748165966566,0.0772632675813045,0.0900828769730615));
#1050=CARTESIAN_POINT('',(0.0176399583574156,0.0772163870445604,0.0902757861427422));
#1051=CARTESIAN_POINT('',(0.0176882043335851,0.077193943817502,0.0903671725104513));
#1052=CARTESIAN_POINT('',(0.0178113764420007,0.0771532240847638,0.0905309632863581));
#1053=CARTESIAN_POINT('',(0.0178862828622086,0.0771349540978677,0.0906033414838448));
#1054=CARTESIAN_POINT('',(0.0180554858787372,0.077104362733607,0.0907220578931504));
#1055=CARTESIAN_POINT('',(0.0181497553969238,0.0770920462550917,0.0907683771077693));
#1056=CARTESIAN_POINT('',(0.0183485057062459,0.0770745644105375,0.0908304543166361));
#1057=CARTESIAN_POINT('',(0.0184529546909574,0.0770694018460362,0.0908462023777316));
#1058=CARTESIAN_POINT('',(0.0185574224879116,0.0770680677978124,0.0908458978191234));
#1059=CARTESIAN_POINT('',(0.0175572701671357,0.0772960887228307,0.0898800305691563));
#1060=CARTESIAN_POINT('',(0.017558061681132,0.0772718979721702,0.089981387256673));
#1061=CARTESIAN_POINT('',(0.0175752679409626,0.0772473221052117,0.0900825067185805));
#1062=CARTESIAN_POINT('',(0.017640852537035,0.0771997672860315,0.090274531874657));
#1063=CARTESIAN_POINT('',(0.0176892204814658,0.077176795869418,0.0903654071462647));
#1064=CARTESIAN_POINT('',(0.0178124489580003,0.0771346778186827,0.0905281305163429));
#1065=CARTESIAN_POINT('',(0.0178872899659964,0.0771155378599394,0.0905999528350581));
#1066=CARTESIAN_POINT('',(0.0180562171130681,0.077082940003697,0.0907176013204599));
#1067=CARTESIAN_POINT('',(0.0181502764882158,0.0770694872741934,0.0907634088489471));
#1068=CARTESIAN_POINT('',(0.0183485274568936,0.0770495704935984,0.090824578696432));
#1069=CARTESIAN_POINT('',(0.0184526876408811,0.0770431096020301,0.0908399313253048));
#1070=CARTESIAN_POINT('',(0.0185568664137068,0.0770404576734518,0.0908393123986192));
#1071=CARTESIAN_POINT('',(0.0175536515455088,0.0771920730284517,0.0898826778611265));
#1072=CARTESIAN_POINT('',(0.0175571918865091,0.0771680974026846,0.0899822220584255));
#1073=CARTESIAN_POINT('',(0.0175765239675972,0.0771425163213213,0.0900807977219561));
#1074=CARTESIAN_POINT('',(0.0176449672356051,0.077090526684906,0.0902668423823831));
#1075=CARTESIAN_POINT('',(0.0176940682902774,0.0770641258437148,0.0903542839431137));
#1076=CARTESIAN_POINT('',(0.0178174571774003,0.077012977478175,0.0905098743608757));
#1077=CARTESIAN_POINT('',(0.017891726781885,0.0769882375787177,0.0905780002892275));
#1078=CARTESIAN_POINT('',(0.0180585045663584,0.0769427421406694,0.0906885809430341));
#1079=CARTESIAN_POINT('',(0.0181509881268122,0.0769219934216386,0.0907310193880518));
#1080=CARTESIAN_POINT('',(0.0183455397980192,0.0768864422086141,0.0907862501240087));
#1081=CARTESIAN_POINT('',(0.0184475791984465,0.0768716450862652,0.0907990343020078));
#1082=CARTESIAN_POINT('',(0.0185496356700554,0.0768605247771226,0.0907963952874715));
#1083=CARTESIAN_POINT('',(0.0175420422959487,0.0771006030077523,0.0898892177973486));
#1084=CARTESIAN_POINT('',(0.0175483151273988,0.0770763924596301,0.089986712767981));
#1085=CARTESIAN_POINT('',(0.0175696183082944,0.077049692105435,0.0900826010237524));
#1086=CARTESIAN_POINT('',(0.0176403640734509,0.076993714601297,0.0902625697187047));
#1087=CARTESIAN_POINT('',(0.0176897969293764,0.0769644451757389,0.0903466255705218));
#1088=CARTESIAN_POINT('',(0.0178123440730132,0.0769059834551125,0.090495350429942));
#1089=CARTESIAN_POINT('',(0.0178854415751503,0.0768767992535639,0.0905599991394328));
#1090=CARTESIAN_POINT('',(0.0180487287535144,0.0768211596378053,0.0906640810332465));
#1091=CARTESIAN_POINT('',(0.0181388960959156,0.0767947119553048,0.0907035000306098));
#1092=CARTESIAN_POINT('',(0.0183281956677154,0.0767469545218821,0.0907535681206217));
#1093=CARTESIAN_POINT('',(0.018427302021549,0.0767256514414734,0.0907642104101302));
#1094=CARTESIAN_POINT('',(0.0185264238611306,0.0767078912870563,0.0907599873295135));
#1095=CARTESIAN_POINT('',(0.0175072429513639,0.0769245174422107,0.0899144616118307));
#1096=CARTESIAN_POINT('',(0.0175190538582498,0.0768989774863516,0.0900065072385398));
#1097=CARTESIAN_POINT('',(0.0175441243682062,0.0768698540385627,0.090095840501015));
#1098=CARTESIAN_POINT('',(0.0176187170559246,0.0768068389495052,0.0902617456557038));
#1099=CARTESIAN_POINT('',(0.0176682306462709,0.076772954579888,0.0903382985503319));
#1100=CARTESIAN_POINT('',(0.017787620250491,0.0767032258686692,0.0904723208272849));
#1101=CARTESIAN_POINT('',(0.0178574825617874,0.0766673895891456,0.0905297748779747));
#1102=CARTESIAN_POINT('',(0.0180118017507316,0.0765967305012822,0.0906208548540164));
#1103=CARTESIAN_POINT('',(0.0180962409389217,0.0765619158788496,0.0906544703737546));
#1104=CARTESIAN_POINT('',(0.0182727430790348,0.0764961924005446,0.0906950968535809));
#1105=CARTESIAN_POINT('',(0.0183647858101559,0.0764652911768202,0.0907021031886545));
#1106=CARTESIAN_POINT('',(0.0184568408587341,0.0764376284555618,0.0906955173044299));
#1107=CARTESIAN_POINT('',(0.0174866454755029,0.0768421645242004,0.0899307317452293));
#1108=CARTESIAN_POINT('',(0.0175011470077435,0.0768156826813667,0.0900197005328078));
#1109=CARTESIAN_POINT('',(0.0175279730163834,0.0767853175516862,0.090105480175276));
#1110=CARTESIAN_POINT('',(0.0176041656195722,0.076719203193597,0.0902639675762382));
#1111=CARTESIAN_POINT('',(0.0176535242895296,0.076683460855828,0.0903366589953853));
#1112=CARTESIAN_POINT('',(0.0177709040228487,0.0766094099894927,0.0904632685823976));
#1113=CARTESIAN_POINT('',(0.0178389129340575,0.0765711091798188,0.0905171737129468));
#1114=CARTESIAN_POINT('',(0.0179882552115504,0.0764949623238199,0.0906019837537838));
#1115=CARTESIAN_POINT('',(0.0180695731466349,0.0764571242204433,0.0906328799440962));
#1116=CARTESIAN_POINT('',(0.0182391535407859,0.0763848894415828,0.0906692495813099));
#1117=CARTESIAN_POINT('',(0.0183273984930832,0.0763505003111885,0.0906747193042334));
#1118=CARTESIAN_POINT('',(0.0184156542402361,0.076319190706511,0.0906672630986639));
#1119=CARTESIAN_POINT('',(0.0174427541533692,0.0766782091607025,0.0899723352834217));
#1120=CARTESIAN_POINT('',(0.0174622872405321,0.0766497620202141,0.0900539103352423));
#1121=CARTESIAN_POINT('',(0.0174922621975335,0.0766173584230006,0.0901315876834781));
#1122=CARTESIAN_POINT('',(0.0175710005664433,0.0765469010670236,0.0902737445967451));
#1123=CARTESIAN_POINT('',(0.0176197574940119,0.0765088531193894,0.0903382125434619));
#1124=CARTESIAN_POINT('',(0.0177326482991566,0.0764297754352818,0.0904494462628173));
#1125=CARTESIAN_POINT('',(0.0177967729143478,0.0763887522215652,0.0904962029554718));
#1126=CARTESIAN_POINT('',(0.0179359160535564,0.0763066019512359,0.0905687479506988));
#1127=CARTESIAN_POINT('',(0.0180109231810419,0.0762654816741364,0.0905945303409251));
#1128=CARTESIAN_POINT('',(0.0181665893411271,0.0761860234460104,0.0906233258483895));
#1129=CARTESIAN_POINT('',(0.0182472356344924,0.0761476920583414,0.0906263366302944));
#1130=CARTESIAN_POINT('',(0.0183278900254804,0.0761120980304866,0.0906178575464669));
#1131=CARTESIAN_POINT('',(0.0174208003082914,0.07659983672573,0.0899953278831846));
#1132=CARTESIAN_POINT('',(0.01744263880482,0.0765704055021955,0.0900729440356799));
#1133=CARTESIAN_POINT('',(0.0174740104413092,0.0765371530147302,0.0901464005598612));
#1134=CARTESIAN_POINT('',(0.0175537617590341,0.0764651818963039,0.0902802149528907));
#1135=CARTESIAN_POINT('',(0.0176021356854477,0.076426468453048,0.0903405632780727));
#1136=CARTESIAN_POINT('',(0.017712718831448,0.076346116937722,0.0904442182928316));
#1137=CARTESIAN_POINT('',(0.0177749201088604,0.0763044846493601,0.0904875175988379));
#1138=CARTESIAN_POINT('',(0.0179090841471249,0.0762210276384104,0.0905542463984646));
#1139=CARTESIAN_POINT('',(0.0179810372938919,0.0761792089198417,0.0905776711462081));
#1140=CARTESIAN_POINT('',(0.0181299956893132,0.0760981236083901,0.0906031211185157));
#1141=CARTESIAN_POINT('',(0.0182069902753537,0.076058862849918,0.0906051445416847));
#1142=CARTESIAN_POINT('',(0.0182839917757626,0.0760221670635381,0.0905964021986231));
#1143=CARTESIAN_POINT('',(0.0173781468681413,0.0764336786937719,0.0900457389210127));
#1144=CARTESIAN_POINT('',(0.0174041465839588,0.0764030444612382,0.0901144791585377));
#1145=CARTESIAN_POINT('',(0.0174379475494068,0.076369165027033,0.0901788009159319));
#1146=CARTESIAN_POINT('',(0.0175192411775683,0.0762968276562676,0.0902949966893743));
#1147=CARTESIAN_POINT('',(0.0175667294863492,0.0762583735901296,0.090346864557661));
#1148=CARTESIAN_POINT('',(0.0176727124659959,0.0761790629631645,0.0904352306473572));
#1149=CARTESIAN_POINT('',(0.0177312014857809,0.0761382106403736,0.0904717242006315));
#1150=CARTESIAN_POINT('',(0.0178558827530159,0.0760564145398836,0.0905272867090144));
#1151=CARTESIAN_POINT('',(0.0179220683678783,0.0760154751307982,0.090546352734822));
#1152=CARTESIAN_POINT('',(0.0180584074458989,0.0759358208868262,0.0905659870819953));
#1153=CARTESIAN_POINT('',(0.0181285536648816,0.0758971103068692,0.0905665543753401));
#1154=CARTESIAN_POINT('',(0.0181987048183953,0.0758606073674741,0.0905578571349733));
#1155=CARTESIAN_POINT('',(0.0173578459380636,0.0763499192150795,0.090071933883243));
#1156=CARTESIAN_POINT('',(0.0173857128172199,0.0763189538131542,0.0901360118079281));
#1157=CARTESIAN_POINT('',(0.0174205684909697,0.0762851293460042,0.0901956387570487));
#1158=CARTESIAN_POINT('',(0.0175024440178483,0.0762135127716676,0.0903029209490129));
#1159=CARTESIAN_POINT('',(0.0175494601768055,0.0761757238717518,0.0903505714288926));
#1160=CARTESIAN_POINT('',(0.0176532118727016,0.0760981375206483,0.0904314395438524));
#1161=CARTESIAN_POINT('',(0.0177099427499829,0.0760583435364667,0.0904646535926825));
#1162=CARTESIAN_POINT('',(0.0178301788708754,0.075978808362715,0.0905149338552403));
#1163=CARTESIAN_POINT('',(0.0178936787278052,0.0759390707228028,0.0905319978420657));
#1164=CARTESIAN_POINT('',(0.0180241592583603,0.0758617058876548,0.0905490969892245));
#1165=CARTESIAN_POINT('',(0.0180911340936874,0.0758240821435109,0.0905491313953539));
#1166=CARTESIAN_POINT('',(0.0181581130355897,0.0757884877380362,0.0905406504374744));
#1167=CARTESIAN_POINT('',(0.0173220966699762,0.0761701546896038,0.0901197461215706));
#1168=CARTESIAN_POINT('',(0.0173530802932344,0.076140132814296,0.09017455952247));
#1169=CARTESIAN_POINT('',(0.01738963279678,0.0761080912781085,0.0902250977591278));
#1170=CARTESIAN_POINT('',(0.0174722884364345,0.076041354785022,0.0903154482443992));
#1171=CARTESIAN_POINT('',(0.0175183889737986,0.076006661911934,0.0903552576988998));
#1172=CARTESIAN_POINT('',(0.0176181387819474,0.075936125582907,0.0904224323607625));
#1173=CARTESIAN_POINT('',(0.0176717849294785,0.0759002843244731,0.090449795493623));
#1174=CARTESIAN_POINT('',(0.0177842995036666,0.0758290026624129,0.0904908969103468));
#1175=CARTESIAN_POINT('',(0.0178431644157918,0.0757935644765561,0.0905046339270031));
#1176=CARTESIAN_POINT('',(0.0179635656179362,0.0757246223987657,0.090517890604899));
#1177=CARTESIAN_POINT('',(0.0180250981518311,0.0756911206506582,0.0905174098597281));
#1178=CARTESIAN_POINT('',(0.0180866335306108,0.0756593108736066,0.0905098308712929));
#1179=CARTESIAN_POINT('',(0.0173066100244732,0.0760810112649735,0.0901411453582465));
#1180=CARTESIAN_POINT('',(0.0173388835452595,0.0760519458913335,0.0901915630944528));
#1181=CARTESIAN_POINT('',(0.0173761146000896,0.0760212777174701,0.0902378660183979));
#1182=CARTESIAN_POINT('',(0.0174590220428173,0.0759579358146916,0.0903204317863602));
#1183=CARTESIAN_POINT('',(0.0175046962811202,0.0759252637033288,0.0903566925225714));
#1184=CARTESIAN_POINT('',(0.0176026868721365,0.0758591938647827,0.0904177522774234));
#1185=CARTESIAN_POINT('',(0.0176550006922629,0.0758257978212093,0.0904425497377949));
#1186=CARTESIAN_POINT('',(0.0177642076872489,0.0757595872070171,0.0904797105645011));
#1187=CARTESIAN_POINT('',(0.0178210980448685,0.0757267743210468,0.0904920729823168));
#1188=CARTESIAN_POINT('',(0.0179372164599161,0.0756630134801697,0.0905038784249558));
#1189=CARTESIAN_POINT('',(0.0179964415247655,0.075632067145929,0.0905033211476646));
#1190=CARTESIAN_POINT('',(0.0180556689568438,0.0756026582741222,0.0904963145030381));
#1191=CARTESIAN_POINT('',(0.0172818145594781,0.075894106965515,0.0901704866617613));
#1192=CARTESIAN_POINT('',(0.0173160799121309,0.075868544801613,0.0902134537590118));
#1193=CARTESIAN_POINT('',(0.0173543269776733,0.0758421068360132,0.0902527121543859));
#1194=CARTESIAN_POINT('',(0.017437529551828,0.0757883405034557,0.0903225336946038));
#1195=CARTESIAN_POINT('',(0.0174824835697146,0.0757610130847915,0.0903530956084593));
#1196=CARTESIAN_POINT('',(0.0175776244553044,0.0757063586776012,0.0904045272183513));
#1197=CARTESIAN_POINT('',(0.0176278096232895,0.0756790326504441,0.0904253960079932));
#1198=CARTESIAN_POINT('',(0.017731767125213,0.0756252709127283,0.0904567605197703));
#1199=CARTESIAN_POINT('',(0.0177855376052085,0.0755988361459596,0.0904672556890435));
#1200=CARTESIAN_POINT('',(0.0178949034821319,0.0755477171728681,0.0904775302199162));
#1201=CARTESIAN_POINT('',(0.0179504969305584,0.0755230338627026,0.0904773093998405));
#1202=CARTESIAN_POINT('',(0.0180060920676947,0.075499627275318,0.090471733898668));
#1203=CARTESIAN_POINT('',(0.0172718986460191,0.0758023399521286,0.0901803000491205));
#1204=CARTESIAN_POINT('',(0.0173069328114393,0.0757789529799617,0.0902201343525723));
#1205=CARTESIAN_POINT('',(0.0173455596003636,0.0757550003826689,0.0902564792682951));
#1206=CARTESIAN_POINT('',(0.0174288394245714,0.0757066751547998,0.0903211051523057));
#1207=CARTESIAN_POINT('',(0.0174734912091441,0.0756823032357842,0.090349385157841));
#1208=CARTESIAN_POINT('',(0.017567480023476,0.075633863621374,0.0903970347409396));
#1209=CARTESIAN_POINT('',(0.0176168156436923,0.0756097966377738,0.0904164036081533));
#1210=CARTESIAN_POINT('',(0.0177186912918554,0.0755626813773615,0.090445650700443));
#1211=CARTESIAN_POINT('',(0.0177712297933168,0.0755396337915994,0.0904555284886319));
#1212=CARTESIAN_POINT('',(0.0178779347390232,0.0754952409115957,0.0904654967587395));
#1213=CARTESIAN_POINT('',(0.0179320995851886,0.0754738962673086,0.0904655870901965));
#1214=CARTESIAN_POINT('',(0.0179862658811116,0.0754537190149068,0.0904607816380065));
#1215=CARTESIAN_POINT('',(0.0172590283792412,0.0756309028236225,0.0901822821551782));
#1216=CARTESIAN_POINT('',(0.017295041592995,0.0756123062313998,0.0902182393554768));
#1217=CARTESIAN_POINT('',(0.0173341429977309,0.0755936112326489,0.0902510535002721));
#1218=CARTESIAN_POINT('',(0.0174174950214742,0.0755565122802936,0.0903095359993119));
#1219=CARTESIAN_POINT('',(0.0174617446790568,0.0755381087483777,0.090335203682417));
#1220=CARTESIAN_POINT('',(0.0175542294328334,0.0755020733559353,0.0903787193739285));
#1221=CARTESIAN_POINT('',(0.0176024634631376,0.0754844419041783,0.0903965668827112));
#1222=CARTESIAN_POINT('',(0.0177016487536862,0.0754504107194248,0.0904239734131444));
#1223=CARTESIAN_POINT('',(0.017752598871413,0.075434011371705,0.0904335321197056));
#1224=CARTESIAN_POINT('',(0.0178558769327872,0.075402871911794,0.0904441095722897));
#1225=CARTESIAN_POINT('',(0.0179082036871186,0.0753881321514326,0.0904451281959748));
#1226=CARTESIAN_POINT('',(0.0179605316028023,0.0753744139544446,0.0904418630666535));
#1227=CARTESIAN_POINT('',(0.0172548668756969,0.0755571608354822,0.0901790935901291));
#1228=CARTESIAN_POINT('',(0.0172911907003288,0.0755407957277905,0.0902138728290776));
#1229=CARTESIAN_POINT('',(0.017330439803337,0.0755245064678021,0.0902456408796738));
#1230=CARTESIAN_POINT('',(0.0174138063037417,0.0754924852775435,0.0903023599745099));
#1231=CARTESIAN_POINT('',(0.0174579228263972,0.0754767536798372,0.090327310424034));
#1232=CARTESIAN_POINT('',(0.0175499184905711,0.075446239950941,0.0903697689182034));
#1233=CARTESIAN_POINT('',(0.0175977966670116,0.0754314581362098,0.0903872765174445));
#1234=CARTESIAN_POINT('',(0.0176961157607483,0.0754032121642259,0.0904144102587151));
#1235=CARTESIAN_POINT('',(0.0177465556467712,0.0753897482994519,0.0904240361157937));
#1236=CARTESIAN_POINT('',(0.0178487341211149,0.0753644733080275,0.090435164661908));
#1237=CARTESIAN_POINT('',(0.0179004716377624,0.075352662442603,0.0904366672335776));
#1238=CARTESIAN_POINT('',(0.0179522102293795,0.0753418247646816,0.0904340890659484));
#1239=CARTESIAN_POINT('',(0.0172495791490307,0.0754049387912531,0.0901612778617585));
#1240=CARTESIAN_POINT('',(0.0172862957490864,0.0753932796107847,0.0901949746088985));
#1241=CARTESIAN_POINT('',(0.0173257306431954,0.0753820301761259,0.0902258599637358));
#1242=CARTESIAN_POINT('',(0.0174091125832819,0.0753606124915593,0.0902812842788533));
#1243=CARTESIAN_POINT('',(0.0174530588620437,0.0753504444352954,0.0903058227295835));
#1244=CARTESIAN_POINT('',(0.017544431993924,0.0753314260327617,0.0903479771938455));
#1245=CARTESIAN_POINT('',(0.0175918580065046,0.0753225758577718,0.0903655928196055));
#1246=CARTESIAN_POINT('',(0.0176890774277943,0.0753063986610808,0.0903934879014279));
#1247=CARTESIAN_POINT('',(0.0177388699423268,0.075299071784332,0.0904037671005774));
#1248=CARTESIAN_POINT('',(0.0178396536880001,0.0752861107869826,0.0904167476098809));
#1249=CARTESIAN_POINT('',(0.0178906439922638,0.0752804767816625,0.0904194488000011));
#1250=CARTESIAN_POINT('',(0.0179416352639143,0.0752757540776378,0.0904183290299758));
#1251=CARTESIAN_POINT('',(0.0172484791948306,0.0753266692504369,0.0901465578370039));
#1252=CARTESIAN_POINT('',(0.017285276495422,0.0753174684340468,0.0901803657195307));
#1253=CARTESIAN_POINT('',(0.0173247490327489,0.075308838065519,0.0902114282931443));
#1254=CARTESIAN_POINT('',(0.0174081325848497,0.0752929180424395,0.0902673452777091));
#1255=CARTESIAN_POINT('',(0.0174520428534623,0.0752856285310426,0.090292199188508));
#1256=CARTESIAN_POINT('',(0.0175432858550289,0.0752725593971823,0.0903351237554613));
#1257=CARTESIAN_POINT('',(0.0175906177715004,0.0752667798924326,0.0903531940277313));
#1258=CARTESIAN_POINT('',(0.0176876088649481,0.0752568650474483,0.0903821331916928));
#1259=CARTESIAN_POINT('',(0.0177372671740119,0.0752527297967537,0.0903930018246474));
#1260=CARTESIAN_POINT('',(0.0178377619995256,0.0752461997171542,0.0904072862215607));
#1261=CARTESIAN_POINT('',(0.0178885976167141,0.0752438049475342,0.090410701857914));
#1262=CARTESIAN_POINT('',(0.0179394341800788,0.0752423083883485,0.0904103515421962));
#1263=CARTESIAN_POINT('',(0.0172500172381718,0.0751249609173274,0.0900930143862741));
#1264=CARTESIAN_POINT('',(0.0172867012247367,0.0751217009806059,0.0901288903029373));
#1265=CARTESIAN_POINT('',(0.0173261204494816,0.0751194687690201,0.0901620931730931));
#1266=CARTESIAN_POINT('',(0.0174095003250076,0.0751171135629892,0.0902223706753281));
#1267=CARTESIAN_POINT('',(0.0174534601993912,0.075116990592396,0.0902494447467472));
#1268=CARTESIAN_POINT('',(0.0175448837747001,0.0751188581109079,0.0902968258444097));
#1269=CARTESIAN_POINT('',(0.0175923466243546,0.075120848584739,0.0903171324300923));
#1270=CARTESIAN_POINT('',(0.0176896558568124,0.0751268974554787,0.0903504994898478));
#1271=CARTESIAN_POINT('',(0.0177395013335596,0.0751309557983238,0.0903635596538484));
#1272=CARTESIAN_POINT('',(0.0178403992731517,0.0751410461335602,0.0903821258418889));
#1273=CARTESIAN_POINT('',(0.0178914507965361,0.0751470780343487,0.0903876316936551));
#1274=CARTESIAN_POINT('',(0.0179425032964572,0.075154026350074,0.0903892956107175));
#1275=CARTESIAN_POINT('',(0.0172556682268206,0.0750065761547157,0.0900445878526755));
#1276=CARTESIAN_POINT('',(0.0172919376635293,0.0750062957308539,0.0900836010905333));
#1277=CARTESIAN_POINT('',(0.0173311631637697,0.0750073724056561,0.0901198796231961));
#1278=CARTESIAN_POINT('',(0.0174145336041565,0.0750122178494678,0.0901860590891673));
#1279=CARTESIAN_POINT('',(0.017458677658794,0.0750159865782382,0.090215959336066));
#1280=CARTESIAN_POINT('',(0.0175507678345734,0.0750261276165122,0.0902686331265099));
#1281=CARTESIAN_POINT('',(0.0175987129800595,0.0750324998325847,0.0902914061251108));
#1282=CARTESIAN_POINT('',(0.0176971928307256,0.075047694903576,0.0903292555550339));
#1283=CARTESIAN_POINT('',(0.0177477264942405,0.0750565176139452,0.0903443315961367));
#1284=CARTESIAN_POINT('',(0.0178501060971509,0.075076399882289,0.0903664105632034));
#1285=CARTESIAN_POINT('',(0.0179019509546139,0.0750874592478926,0.0903734132631434));
#1286=CARTESIAN_POINT('',(0.0179537968977423,0.0750995022509521,0.0903762924281429));
#1287=CARTESIAN_POINT('',(0.0172714234507226,0.0748212202794621,0.0899479417256118));
#1288=CARTESIAN_POINT('',(0.0173064945039426,0.0748240031715964,0.0899938241496232));
#1289=CARTESIAN_POINT('',(0.0173451388368442,0.074828843328449,0.090036852032968));
#1290=CARTESIAN_POINT('',(0.0174284201640475,0.0748424972443263,0.0901159208653033));
#1291=CARTESIAN_POINT('',(0.0174730559185958,0.0748513108078356,0.0901519606486322));
#1292=CARTESIAN_POINT('',(0.0175669859016167,0.0748726528325425,0.090215981086979));
#1293=CARTESIAN_POINT('',(0.017616278733519,0.0748851809858836,0.090243960798983));
#1294=CARTESIAN_POINT('',(0.0177180501807248,0.0749135834397401,0.0902910290268781));
#1295=CARTESIAN_POINT('',(0.0177705272840085,0.0749294573290619,0.0903101168502287));
#1296=CARTESIAN_POINT('',(0.0178770998755206,0.0749640832825081,0.0903388339949217));
#1297=CARTESIAN_POINT('',(0.0179311937810531,0.0749828348441476,0.0903484628946225));
#1298=CARTESIAN_POINT('',(0.0179852891254289,0.0750027487736903,0.0903532196640425));
#1299=CARTESIAN_POINT('',(0.0172804297233952,0.0747489193687358,0.0899018421712779));
#1300=CARTESIAN_POINT('',(0.0173148033644051,0.0747522527090686,0.0899511831205132));
#1301=CARTESIAN_POINT('',(0.0173531035439152,0.0747579874887958,0.0899976176909919));
#1302=CARTESIAN_POINT('',(0.0174363156532247,0.0747740750888457,0.0900831791160489));
#1303=CARTESIAN_POINT('',(0.017481226126322,0.0747844276316815,0.0901223044929251));
#1304=CARTESIAN_POINT('',(0.017576202334046,0.0748094175287347,0.0901919855565619));
#1305=CARTESIAN_POINT('',(0.0176262664099601,0.0748240544534837,0.0902225400410884));
#1306=CARTESIAN_POINT('',(0.0177299275096826,0.0748571423711544,0.0902740941177431));
#1307=CARTESIAN_POINT('',(0.0177835227257366,0.0748755927961965,0.0902950928211922));
#1308=CARTESIAN_POINT('',(0.0178925101774937,0.0749157144751589,0.0903268584094468));
#1309=CARTESIAN_POINT('',(0.0179479005140736,0.0749373850407161,0.090337624747265));
#1310=CARTESIAN_POINT('',(0.0180032925056465,0.0749603176120004,0.0903431016683305));
#1311=CARTESIAN_POINT('',(0.017300054534303,0.0746227736337001,0.0898127162217962));
#1312=CARTESIAN_POINT('',(0.0173328592649187,0.0746260948395434,0.0898686972319122));
#1313=CARTESIAN_POINT('',(0.0173703623421,0.0746324882884756,0.0899217344307846));
#1314=CARTESIAN_POINT('',(0.0174533513296846,0.0746511796910939,0.0900199319327143));
#1315=CARTESIAN_POINT('',(0.0174988352679733,0.0746634772047577,0.0900650899224295));
#1316=CARTESIAN_POINT('',(0.0175960693329091,0.0746935151597522,0.0901458311758396));
#1317=CARTESIAN_POINT('',(0.0176478171528688,0.0747112548952976,0.0901814125384764));
#1318=CARTESIAN_POINT('',(0.0177556271638543,0.0747515116983939,0.0902416629704706));
#1319=CARTESIAN_POINT('',(0.0178116867998733,0.074774027820684,0.0902663306219208));
#1320=CARTESIAN_POINT('',(0.017926006727661,0.0748229926610066,0.0903038263735695));
#1321=CARTESIAN_POINT('',(0.0179842643116032,0.0748494402295001,0.0903166535918571));
#1322=CARTESIAN_POINT('',(0.018042524078995,0.0748773579414985,0.0903233199032687));
#1323=CARTESIAN_POINT('',(0.0173107172456965,0.0745685230234837,0.0897694159538136));
#1324=CARTESIAN_POINT('',(0.0173426472925084,0.0745712972101429,0.0898286049431011));
#1325=CARTESIAN_POINT('',(0.0173796959599966,0.0745774702825528,0.0898848625764764));
#1326=CARTESIAN_POINT('',(0.0174625310484297,0.0745963631474268,0.0899892483793714));
#1327=CARTESIAN_POINT('',(0.0175083151984316,0.0746090824203007,0.0900373737111526));
#1328=CARTESIAN_POINT('',(0.0176067661260039,0.0746405525005465,0.0901235507726312));
#1329=CARTESIAN_POINT('',(0.0176594302103834,0.0746593024482147,0.0901616001609441));
#1330=CARTESIAN_POINT('',(0.0177695085957549,0.0747020756605214,0.0902260883670516));
#1331=CARTESIAN_POINT('',(0.017826919889314,0.0747260977597906,0.0902525254333159));
#1332=CARTESIAN_POINT('',(0.0179441689443998,0.0747784445495454,0.090292720936175));
#1333=CARTESIAN_POINT('',(0.0180040035047643,0.0748067678156144,0.0903064782810239));
#1334=CARTESIAN_POINT('',(0.0180638405617448,0.0748366702806173,0.0903136181857465));
#1335=CARTESIAN_POINT('',(0.0173379348307769,0.0744480700267146,0.0896676985959406));
#1336=CARTESIAN_POINT('',(0.0173675602529644,0.0744488082389213,0.0897342300469264));
#1337=CARTESIAN_POINT('',(0.0174033810417425,0.0744536744981069,0.0897979369769872));
#1338=CARTESIAN_POINT('',(0.0174857195041439,0.0744714302431702,0.089916712605079));
#1339=CARTESIAN_POINT('',(0.0175322341047164,0.074484319062721,0.0899717769235833));
#1340=CARTESIAN_POINT('',(0.0176337601448086,0.0745175106044959,0.0900706761091368));
#1341=CARTESIAN_POINT('',(0.0176887678081997,0.0745378120947373,0.0901145073321677));
#1342=CARTESIAN_POINT('',(0.0178046815191138,0.0745848719593138,0.0901888780241638));
#1343=CARTESIAN_POINT('',(0.0178655832636003,0.0746116285934406,0.0902194147539989));
#1344=CARTESIAN_POINT('',(0.017990410179277,0.0746703388650309,0.0902657594483646));
#1345=CARTESIAN_POINT('',(0.0180543307211249,0.0747022903350629,0.0902815657059519));
#1346=CARTESIAN_POINT('',(0.0181182546422317,0.0747360884120297,0.0902896352942931));
#1347=CARTESIAN_POINT('',(0.0173548244152197,0.0743887166088076,0.0896121412800664));
#1348=CARTESIAN_POINT('',(0.0173829572717612,0.07438765482528,0.0896825048171617));
#1349=CARTESIAN_POINT('',(0.0174179570690396,0.0743910812542363,0.089750173277037));
#1350=CARTESIAN_POINT('',(0.017499897151288,0.0744067293662734,0.089876671459208));
#1351=CARTESIAN_POINT('',(0.0175468338324861,0.0744189503437825,0.0899354956693804));
#1352=CARTESIAN_POINT('',(0.0176502410790618,0.0744515573109703,0.0900412976457951));
#1353=CARTESIAN_POINT('',(0.0177067071130912,0.0744719418581274,0.0900882708047109));
#1354=CARTESIAN_POINT('',(0.0178262810328858,0.0745198289171737,0.0901679689718183));
#1355=CARTESIAN_POINT('',(0.0178893836892988,0.0745473293231081,0.0902006905099821));
#1356=CARTESIAN_POINT('',(0.0180190007431765,0.0746080377966319,0.0902502117504085));
#1357=CARTESIAN_POINT('',(0.0180855094778892,0.0746412432017666,0.0902670092950336));
#1358=CARTESIAN_POINT('',(0.018152022212201,0.0746764516461068,0.090275415610734));
#1359=CARTESIAN_POINT('',(0.0173878164844755,0.0742827952558957,0.0895117635645265));
#1360=CARTESIAN_POINT('',(0.0174128913081734,0.0742779925566839,0.0895886990023737));
#1361=CARTESIAN_POINT('',(0.0174461570273287,0.074278190433229,0.0896632596060436));
#1362=CARTESIAN_POINT('',(0.0175271219402691,0.0742885698563976,0.0898032839925364));
#1363=CARTESIAN_POINT('',(0.017574816467017,0.0742987507871553,0.0898687397559315));
#1364=CARTESIAN_POINT('',(0.0176818422136357,0.0743284960439323,0.0899867231793878));
#1365=CARTESIAN_POINT('',(0.0177411672810135,0.0743480586468039,0.0900392440850225));
#1366=CARTESIAN_POINT('',(0.0178679781325898,0.0743954184154909,0.0901282833941815));
#1367=CARTESIAN_POINT('',(0.0179354566370004,0.0744232128515081,0.0901647967008052));
#1368=CARTESIAN_POINT('',(0.01807462215412,0.0744854061453104,0.0902196825232134));
#1369=CARTESIAN_POINT('',(0.0181463011832878,0.0745198014257349,0.0902380518958103));
#1370=CARTESIAN_POINT('',(0.0182179855775222,0.0745564908338822,0.0902468121139082));
#1371=CARTESIAN_POINT('',(0.0174039411431,0.0742363457183892,0.0894668137974075));
#1372=CARTESIAN_POINT('',(0.017427449903093,0.074229589425465,0.0895465071015932));
#1373=CARTESIAN_POINT('',(0.0174598027829543,0.0742279883643175,0.089624014943548));
#1374=CARTESIAN_POINT('',(0.0175401924289165,0.0742351902054668,0.0897698728663649));
#1375=CARTESIAN_POINT('',(0.0175882239956983,0.0742439926194338,0.0898382135571353));
#1376=CARTESIAN_POINT('',(0.0176969901458749,0.0742714511061332,0.0899614985596325));
#1377=CARTESIAN_POINT('',(0.0177577177119766,0.0742901053854473,0.0900164349367836));
#1378=CARTESIAN_POINT('',(0.0178881092229277,0.0743361062252983,0.090109503515702));
#1379=CARTESIAN_POINT('',(0.0179577647656366,0.0743634497988113,0.0901476297274527));
#1380=CARTESIAN_POINT('',(0.0181016929094879,0.0744251289955433,0.0902047116849989));
#1381=CARTESIAN_POINT('',(0.018175956241872,0.0744594606231912,0.0902236637545343));
#1382=CARTESIAN_POINT('',(0.0182502256835561,0.0744962214983082,0.0902324413555909));
#1383=CARTESIAN_POINT('',(0.0174438337511375,0.074123185385999,0.0893601854283422));
#1384=CARTESIAN_POINT('',(0.0174632654981413,0.0741116411066748,0.0894460749810772));
#1385=CARTESIAN_POINT('',(0.0174931822959272,0.0741054049605269,0.0895302792418832));
#1386=CARTESIAN_POINT('',(0.0175718847229915,0.0741039710808411,0.0896894447170197));
#1387=CARTESIAN_POINT('',(0.0176206638355201,0.0741087734066848,0.0897643928665622));
#1388=CARTESIAN_POINT('',(0.0177336663106617,0.0741290681563916,0.0898997950505407));
#1389=CARTESIAN_POINT('',(0.0177978803619978,0.0741445588537235,0.0899602379762059));
#1390=CARTESIAN_POINT('',(0.0179372507630929,0.0741851330040408,0.090062394322381));
#1391=CARTESIAN_POINT('',(0.0180123956545951,0.0742102130661842,0.0901040993613294));
#1392=CARTESIAN_POINT('',(0.018168362662568,0.0742681969302972,0.0901658554417906));
#1393=CARTESIAN_POINT('',(0.018249171969934,0.0743010959142709,0.0901859014108258));
#1394=CARTESIAN_POINT('',(0.0183299894169154,0.0743367485070324,0.0901944155273599));
#1395=CARTESIAN_POINT('',(0.0174662339447528,0.074061311748667,0.0893049211534264));
#1396=CARTESIAN_POINT('',(0.0174831653730778,0.0740471284907636,0.0893936562475212));
#1397=CARTESIAN_POINT('',(0.0175115293222825,0.0740381007236832,0.0894810174475994));
#1398=CARTESIAN_POINT('',(0.0175890096783304,0.0740310175766371,0.0896465124436028));
#1399=CARTESIAN_POINT('',(0.0176381188302106,0.0740329628051607,0.0897246308232852));
#1400=CARTESIAN_POINT('',(0.0177534279198428,0.0740476715739293,0.0898658162578908));
#1401=CARTESIAN_POINT('',(0.0178196170992612,0.074060433679558,0.0899288701634018));
#1402=CARTESIAN_POINT('',(0.0179641544946928,0.0740958137998324,0.0900352243451755));
#1403=CARTESIAN_POINT('',(0.0180424892469558,0.0741184284458573,0.0900785147131561));
#1404=CARTESIAN_POINT('',(0.018205482644196,0.0741718155375952,0.0901421106161129));
#1405=CARTESIAN_POINT('',(0.0182901261176898,0.0742025829334627,0.0901624102182124));
#1406=CARTESIAN_POINT('',(0.0183747790673641,0.0742362760206747,0.0901704574693658));
#1407=CARTESIAN_POINT('',(0.0175043289777227,0.0739420212423334,0.0892077160889725));
#1408=CARTESIAN_POINT('',(0.0175165038277917,0.0739235735351298,0.0893010968012904));
#1409=CARTESIAN_POINT('',(0.0175418091654203,0.0739096110169358,0.08939363314182));
#1410=CARTESIAN_POINT('',(0.0176166070681699,0.0738917882499136,0.0895694642602973));
#1411=CARTESIAN_POINT('',(0.0176660911378482,0.0738879299686581,0.0896527391505332));
#1412=CARTESIAN_POINT('',(0.0177851861703757,0.0738906241256838,0.0898032116230255));
#1413=CARTESIAN_POINT('',(0.0178547836467319,0.0738971761985663,0.0898703921880089));
#1414=CARTESIAN_POINT('',(0.0180083970708209,0.0739201433147795,0.0899831593833253));
#1415=CARTESIAN_POINT('',(0.0180923956440453,0.0739365556917747,0.0900287332578349));
#1416=CARTESIAN_POINT('',(0.018267922344574,0.0739778852552096,0.0900945413259294));
#1417=CARTESIAN_POINT('',(0.0183594306296383,0.0740027976947862,0.0901147680679128));
#1418=CARTESIAN_POINT('',(0.0184509510205782,0.0740309343712201,0.0901214909438891));
#1419=CARTESIAN_POINT('',(0.0175201268749166,0.0738846847720861,0.0891656216425662));
#1420=CARTESIAN_POINT('',(0.0175300352438374,0.0738645796304579,0.0892608058753627));
#1421=CARTESIAN_POINT('',(0.0175538288437134,0.0738484432273135,0.0893553674805701));
#1422=CARTESIAN_POINT('',(0.0176271625332515,0.073825472557511,0.0895352225263881));
#1423=CARTESIAN_POINT('',(0.0176766936196942,0.0738186410663742,0.0896204939461939));
#1424=CARTESIAN_POINT('',(0.0177972791396535,0.0738148575303219,0.0897744901307309));
#1425=CARTESIAN_POINT('',(0.017868318798986,0.0738179058931642,0.0898431960402021));
#1426=CARTESIAN_POINT('',(0.0180258642617961,0.0738336137280811,0.0899581940555556));
#1427=CARTESIAN_POINT('',(0.0181123507782031,0.0738462712080442,0.0900044720767383));
#1428=CARTESIAN_POINT('',(0.0182934149682919,0.0738801071325423,0.0900706585660389));
#1429=CARTESIAN_POINT('',(0.0183879704836597,0.073901281357901,0.0900905589191539));
#1430=CARTESIAN_POINT('',(0.0184825394023952,0.0739258071092711,0.0900964209435977));
#1431=CARTESIAN_POINT('',(0.0175496936575238,0.0737428154545375,0.089070945453068));
#1432=CARTESIAN_POINT('',(0.0175543641483003,0.0737196448141317,0.0891699418048175));
#1433=CARTESIAN_POINT('',(0.0175745275708249,0.073698843197142,0.0892687399387108));
#1434=CARTESIAN_POINT('',(0.0176439806051312,0.0736638758513576,0.0894568818002706));
#1435=CARTESIAN_POINT('',(0.0176932602270329,0.0736497150484322,0.0895461986060309));
#1436=CARTESIAN_POINT('',(0.0178164018278481,0.0736293209277497,0.0897071357903354));
#1437=CARTESIAN_POINT('',(0.0178902461646605,0.073623090411453,0.089778733138693));
#1438=CARTESIAN_POINT('',(0.0180557108542502,0.0736191115172131,0.089897620749013));
#1439=CARTESIAN_POINT('',(0.0181473075347734,0.0736213635635719,0.0899448939889001));
#1440=CARTESIAN_POINT('',(0.0183398347468969,0.0736341183317562,0.0900107627131138));
#1441=CARTESIAN_POINT('',(0.0184407377512516,0.0736446190675569,0.0900293487481133));
#1442=CARTESIAN_POINT('',(0.0185416571656809,0.0736587481078879,0.0900327318599001));
#1443=CARTESIAN_POINT('',(0.017558540037023,0.0736590585942559,0.089023454312752));
#1444=CARTESIAN_POINT('',(0.0175604533927391,0.0736349950038915,0.0891241245883375));
#1445=CARTESIAN_POINT('',(0.0175785745166037,0.0736120692786726,0.0892247367627789));
#1446=CARTESIAN_POINT('',(0.0176455056006773,0.0735706675657514,0.0894162889878327));
#1447=CARTESIAN_POINT('',(0.0176943052286795,0.0735521979032481,0.0895071995600802));
#1448=CARTESIAN_POINT('',(0.0178179337323088,0.0735214650309045,0.0896706546866757));
#1449=CARTESIAN_POINT('',(0.0178927435615553,0.0735092064630286,0.0897431740811843));
#1450=CARTESIAN_POINT('',(0.0180612466600163,0.0734920536582055,0.0898629072713673));
#1451=CARTESIAN_POINT('',(0.0181549139871549,0.0734871619415876,0.0899101026267447));
#1452=CARTESIAN_POINT('',(0.0183521827348044,0.073485192909208,0.0899746653604552));
#1453=CARTESIAN_POINT('',(0.0184557537934805,0.0734881157578293,0.0899920227783371));
#1454=CARTESIAN_POINT('',(0.0185593428490127,0.073494796448949,0.0899936297171813));
#1455=CARTESIAN_POINT('',(0.0175565310520023,0.0734942850431656,0.0889393578544042));
#1456=CARTESIAN_POINT('',(0.0175538620838885,0.0734696592893212,0.0890428636785799));
#1457=CARTESIAN_POINT('',(0.017568297398752,0.0734434813975323,0.0891464169166279));
#1458=CARTESIAN_POINT('',(0.0176299231621969,0.0733906438011204,0.0893432311439764));
#1459=CARTESIAN_POINT('',(0.0176771029859637,0.0733639931339586,0.0894364583010974));
#1460=CARTESIAN_POINT('',(0.0177994601123524,0.0733128913773564,0.0896032009574508));
#1461=CARTESIAN_POINT('',(0.0178746163613821,0.0732884489864311,0.0896766877884917));
#1462=CARTESIAN_POINT('',(0.0180453431709267,0.0732442175562269,0.0897965197432339));
#1463=CARTESIAN_POINT('',(0.0181408843730918,0.0732244360033252,0.0898428442539112));
#1464=CARTESIAN_POINT('',(0.0183427378337926,0.0731915062920724,0.0899036607637458));
#1465=CARTESIAN_POINT('',(0.0184490153902418,0.0731783636584449,0.0899181422843383));
#1466=CARTESIAN_POINT('',(0.0185553133924733,0.0731691919063826,0.0899159685775029));
#1467=CARTESIAN_POINT('',(0.0175457599545828,0.0734129416264718,0.0889025972413025));
#1468=CARTESIAN_POINT('',(0.0175412459204447,0.0733886365531405,0.089007259253362));
#1469=CARTESIAN_POINT('',(0.017554023092506,0.0733613115355507,0.0891119367505969));
#1470=CARTESIAN_POINT('',(0.0176128481073922,0.0733034197627555,0.0893105994035194));
#1471=CARTESIAN_POINT('',(0.0176588853712865,0.073272863370722,0.0894045489058106));
#1472=CARTESIAN_POINT('',(0.0177794899085213,0.0732116537359877,0.0895720593091976));
#1473=CARTESIAN_POINT('',(0.0178540355130353,0.0731810114182939,0.0896455901419069));
#1474=CARTESIAN_POINT('',(0.0180239731157225,0.0731227804770215,0.089764668963471));
#1475=CARTESIAN_POINT('',(0.0181193345900797,0.0730952022173966,0.0898101955686721));
#1476=CARTESIAN_POINT('',(0.0183210700140457,0.0730459318650148,0.0898685569052484));
#1477=CARTESIAN_POINT('',(0.0184274077325884,0.0730242485115332,0.0898813811426006));
#1478=CARTESIAN_POINT('',(0.0185337667717867,0.0730066201410941,0.0898771904381582));
#1479=CARTESIAN_POINT('',(0.0175117742599146,0.0732840646349618,0.0888483614136828));
#1480=CARTESIAN_POINT('',(0.017504975657003,0.0732608168728299,0.0889546980336012));
#1481=CARTESIAN_POINT('',(0.0175153522032787,0.0732321174885974,0.0890609161259014));
#1482=CARTESIAN_POINT('',(0.0175693614597053,0.0731668382037943,0.0892619264491648));
#1483=CARTESIAN_POINT('',(0.0176129839033766,0.0731302706916032,0.08935668050189));
#1484=CARTESIAN_POINT('',(0.0177288680173514,0.0730531295374146,0.0895247049396256));
#1485=CARTESIAN_POINT('',(0.0178011076682082,0.0730125705237657,0.0895979434092282));
#1486=CARTESIAN_POINT('',(0.0179665711419849,0.072931744047011,0.0897151574742921));
#1487=CARTESIAN_POINT('',(0.0180597635282509,0.0728914919019921,0.0897591108020913));
#1488=CARTESIAN_POINT('',(0.0182572513923657,0.0728155447180786,0.0898130791465685));
#1489=CARTESIAN_POINT('',(0.0183615093508851,0.0727798640641498,0.0898230839051905));
#1490=CARTESIAN_POINT('',(0.0184657894042153,0.0727483527352608,0.0898155816763587));
#1491=CARTESIAN_POINT('',(0.0174947778735564,0.0732355568326212,0.0888289688320718));
#1492=CARTESIAN_POINT('',(0.0174872768261278,0.0732128452996701,0.088935893854484));
#1493=CARTESIAN_POINT('',(0.017496804945046,0.0731837393657347,0.0890426291229508));
#1494=CARTESIAN_POINT('',(0.0175489058774131,0.0731158327980931,0.0892443730701306));
#1495=CARTESIAN_POINT('',(0.0175914686019965,0.0730770452980094,0.0893393427090755));
#1496=CARTESIAN_POINT('',(0.0177050925345434,0.072993923721928,0.0895073808260572));
#1497=CARTESIAN_POINT('',(0.0177761317453461,0.0729496057134014,0.0895804167848394));
#1498=CARTESIAN_POINT('',(0.0179391108984147,0.0728601637754405,0.0896967575247498));
#1499=CARTESIAN_POINT('',(0.0180310192905591,0.072815057128247,0.0897400397884502));
#1500=CARTESIAN_POINT('',(0.0182259010751239,0.0727288639047418,0.0897922259863626));
#1501=CARTESIAN_POINT('',(0.018328836742565,0.0726877939767722,0.089801119815705));
#1502=CARTESIAN_POINT('',(0.0184317946455131,0.072650931635001,0.0897923411332277));
#1503=CARTESIAN_POINT('',(0.0174535248853392,0.0731422141617783,0.088792938405147));
#1504=CARTESIAN_POINT('',(0.0174449569523027,0.0731207148085118,0.0889009494245123));
#1505=CARTESIAN_POINT('',(0.0174529383855212,0.0730909736962473,0.0890086057203694));
#1506=CARTESIAN_POINT('',(0.0175011370831167,0.0730182206266287,0.0892115791032712));
#1507=CARTESIAN_POINT('',(0.0175413447059712,0.0729752232054373,0.0893068556163313));
#1508=CARTESIAN_POINT('',(0.017649631842155,0.0728806298143178,0.0894746956537462));
#1509=CARTESIAN_POINT('',(0.017717689699528,0.0728290527360233,0.0895472256252644));
#1510=CARTESIAN_POINT('',(0.0178742803934236,0.0727229065938706,0.0896616698121191));
#1511=CARTESIAN_POINT('',(0.0179627819160564,0.0726683587227759,0.0897035611461503));
#1512=CARTESIAN_POINT('',(0.0181506349925648,0.0725622021602447,0.0897521561594049));
#1513=CARTESIAN_POINT('',(0.0182499489819365,0.0725106146584512,0.089758850118376));
#1514=CARTESIAN_POINT('',(0.0183492851785124,0.0724633021900726,0.0897475784820937));
#1515=CARTESIAN_POINT('',(0.0174293566326077,0.0730974357425857,0.0887763164530189));
#1516=CARTESIAN_POINT('',(0.0174204227529301,0.0730766106088619,0.0888848244395158));
#1517=CARTESIAN_POINT('',(0.0174277061805998,0.0730466403622859,0.0889928842350642));
#1518=CARTESIAN_POINT('',(0.0174739149581896,0.0729716695852033,0.0891963533307004));
#1519=CARTESIAN_POINT('',(0.0175128309353348,0.0729266842476961,0.0892917213841576));
#1520=CARTESIAN_POINT('',(0.0176180519777916,0.0728266057559203,0.0894593507428323));
#1521=CARTESIAN_POINT('',(0.017684335703606,0.0727715328764138,0.0895315780651646));
#1522=CARTESIAN_POINT('',(0.0178370380770582,0.0726573082300443,0.0896450011467884));
#1523=CARTESIAN_POINT('',(0.0179234257568539,0.0725981795992098,0.0896861739100337));
#1524=CARTESIAN_POINT('',(0.018106875469159,0.0724823185588393,0.0897329627723549));
#1525=CARTESIAN_POINT('',(0.0182039002988656,0.0724256096129901,0.089738569381744));
#1526=CARTESIAN_POINT('',(0.0183009471691176,0.0723732048785296,0.089726082879882));
#1527=CARTESIAN_POINT('',(0.0173666613948871,0.0730005371186435,0.0887412807290003));
#1528=CARTESIAN_POINT('',(0.0173572393912245,0.0729813051181312,0.0888508340180233));
#1529=CARTESIAN_POINT('',(0.0173630839615041,0.0729509498532707,0.0889597156780849));
#1530=CARTESIAN_POINT('',(0.0174046610448408,0.0728713401859812,0.0891641286838525));
#1531=CARTESIAN_POINT('',(0.0174403848834005,0.0728221023691979,0.0892596174233951));
#1532=CARTESIAN_POINT('',(0.0175377620587081,0.0727101887283907,0.0894266289614076));
#1533=CARTESIAN_POINT('',(0.0175993950843235,0.0726475362107506,0.0894981169469166));
#1534=CARTESIAN_POINT('',(0.0177417509815394,0.0725157455656075,0.089609173333683));
#1535=CARTESIAN_POINT('',(0.0178224441622301,0.072446634877536,0.08964871858218));
#1536=CARTESIAN_POINT('',(0.0179939595251885,0.0723095996454873,0.0896914813957836));
#1537=CARTESIAN_POINT('',(0.0180847459357478,0.0722417036277554,0.0896946900403081));
#1538=CARTESIAN_POINT('',(0.0181755536786841,0.0721781703895669,0.0896795484420616));
#1539=CARTESIAN_POINT('',(0.0173261606994663,0.0729497614817826,0.0887236057126023));
#1540=CARTESIAN_POINT('',(0.0173167062209332,0.0729314625321546,0.0888336846217432));
#1541=CARTESIAN_POINT('',(0.0173218493648857,0.0729009866405039,0.0889429593171694));
#1542=CARTESIAN_POINT('',(0.0173607597120727,0.0728190633349644,0.089147772506085));
#1543=CARTESIAN_POINT('',(0.0173945186925062,0.0727676332155079,0.0892432677512704));
#1544=CARTESIAN_POINT('',(0.0174868962168437,0.0726495428864132,0.0894098368790347));
#1545=CARTESIAN_POINT('',(0.0175454952411378,0.0725829076000406,0.0894808755872335));
#1546=CARTESIAN_POINT('',(0.0176810080911978,0.0724418501952092,0.0895905767139916));
#1547=CARTESIAN_POINT('',(0.0177578932835753,0.0723674578431511,0.0896292159646737));
#1548=CARTESIAN_POINT('',(0.0179213854064942,0.0722191994547211,0.0896697829062768));
#1549=CARTESIAN_POINT('',(0.018007957792118,0.0721453647010978,0.0896717020261769));
#1550=CARTESIAN_POINT('',(0.0180945508834343,0.0720759200688413,0.0896551499392758));
#1551=CARTESIAN_POINT('',(0.0172360655049388,0.0728572981658634,0.0886921116936544));
#1552=CARTESIAN_POINT('',(0.0172269546950822,0.0728408004508158,0.0888031280506338));
#1553=CARTESIAN_POINT('',(0.0172308741677407,0.072810190263034,0.0889130823108172));
#1554=CARTESIAN_POINT('',(0.0172643335894734,0.0727241790202051,0.089118531211347));
#1555=CARTESIAN_POINT('',(0.0172938663106134,0.0726687965242629,0.0892139815102353));
#1556=CARTESIAN_POINT('',(0.0173752232638837,0.0725394898878185,0.0893796253424193));
#1557=CARTESIAN_POINT('',(0.0174270299238185,0.0724655936425828,0.0894497831235953));
#1558=CARTESIAN_POINT('',(0.0175470854439807,0.0723076034421809,0.0895568992377833));
#1559=CARTESIAN_POINT('',(0.0176153083744929,0.0722235435664073,0.0895938344488229));
#1560=CARTESIAN_POINT('',(0.0177604881270868,0.0720547219292497,0.0896303149514741));
#1561=CARTESIAN_POINT('',(0.0178374135935388,0.0719699965807799,0.0896298523647016));
#1562=CARTESIAN_POINT('',(0.017914358114186,0.0718897076806038,0.0896107125303199));
#1563=CARTESIAN_POINT('',(0.0171867986443205,0.0728157698671247,0.0886783421032433));
#1564=CARTESIAN_POINT('',(0.0171780590308706,0.0728001363876676,0.0887897686782026));
#1565=CARTESIAN_POINT('',(0.0171814577021931,0.0727695120073611,0.0889000084532538));
#1566=CARTESIAN_POINT('',(0.0172121484486142,0.0726817323100217,0.0891056923054985));
#1567=CARTESIAN_POINT('',(0.0172394338355087,0.0726245961062023,0.0892010915913268));
#1568=CARTESIAN_POINT('',(0.017314809023655,0.0724902686482589,0.0893662549352807));
#1569=CARTESIAN_POINT('',(0.0173628823998535,0.0724131066392497,0.0894359830251174));
#1570=CARTESIAN_POINT('',(0.017474381941122,0.072247479733116,0.0895418746718258));
#1571=CARTESIAN_POINT('',(0.0175377838095797,0.0721590508933203,0.0895780151668926));
#1572=CARTESIAN_POINT('',(0.017672745185441,0.071980925284766,0.0896126127640453));
#1573=CARTESIAN_POINT('',(0.0177442752838684,0.0718912672927132,0.0896110623290478));
#1574=CARTESIAN_POINT('',(0.0178158234200528,0.071806064681898,0.0895907498113941));
#1575=CARTESIAN_POINT('',(0.0170543846601246,0.0727246580735449,0.0886485432263087));
#1576=CARTESIAN_POINT('',(0.0170469690097951,0.0727109826061081,0.0887608591346161));
#1577=CARTESIAN_POINT('',(0.017049232845948,0.0726803792158624,0.088871704528923));
#1578=CARTESIAN_POINT('',(0.0170728616345536,0.0725887967623594,0.0890778493645813));
#1579=CARTESIAN_POINT('',(0.0170942213349172,0.072527838010492,0.089173103074889));
#1580=CARTESIAN_POINT('',(0.0171536001813807,0.0723825161759296,0.0893371409388852));
#1581=CARTESIAN_POINT('',(0.0171916061315793,0.0722981853159054,0.0894058887003557));
#1582=CARTESIAN_POINT('',(0.017279925414321,0.0721157710357629,0.0895090236447521));
#1583=CARTESIAN_POINT('',(0.0173302191203474,0.0720177280586198,0.0895433879439634));
#1584=CARTESIAN_POINT('',(0.0174373505300355,0.0718191161751783,0.0895738016945769));
#1585=CARTESIAN_POINT('',(0.0174941644271221,0.0717185912998228,0.08956984439286));
#1586=CARTESIAN_POINT('',(0.017550993422638,0.0716225612516987,0.0895469474805654));
#1587=CARTESIAN_POINT('',(0.016966520145604,0.0726813196503346,0.0886347743933872));
#1588=CARTESIAN_POINT('',(0.0169602543715338,0.0726686365242938,0.0887475027380822));
#1589=CARTESIAN_POINT('',(0.0169619854969677,0.0726380944507473,0.0888586156519013));
#1590=CARTESIAN_POINT('',(0.0169812437878404,0.0725447791259328,0.0890649259507964));
#1591=CARTESIAN_POINT('',(0.0169987666418824,0.0724820267388088,0.0891600772044914));
#1592=CARTESIAN_POINT('',(0.0170475981766515,0.0723314960016892,0.089323509370367));
#1593=CARTESIAN_POINT('',(0.0170788959255892,0.0722437513065055,0.0893917537381941));
#1594=CARTESIAN_POINT('',(0.0171516803413011,0.0720533195545626,0.089493508118578));
#1595=CARTESIAN_POINT('',(0.0171931507140988,0.0719506750722848,0.089526995377459));
#1596=CARTESIAN_POINT('',(0.0172815107641713,0.0717422459119355,0.089555366924941));
#1597=CARTESIAN_POINT('',(0.0173283806606498,0.0716365078311374,0.0895502448679173));
#1598=CARTESIAN_POINT('',(0.017375263532505,0.0715352812788032,0.0895261072291492));
#1599=CARTESIAN_POINT('',(0.016786908101343,0.0726225911466345,0.088616219903337));
#1600=CARTESIAN_POINT('',(0.0167832514355202,0.0726112698729995,0.0887295048283217));
#1601=CARTESIAN_POINT('',(0.016784104152576,0.0725808254598988,0.0888409749611654));
#1602=CARTESIAN_POINT('',(0.0167947303817852,0.0724851837492429,0.0890474949194321));
#1603=CARTESIAN_POINT('',(0.0168045014882078,0.072420008059299,0.089142498084635));
#1604=CARTESIAN_POINT('',(0.0168318373876398,0.0722624253289378,0.0893050895142649));
#1605=CARTESIAN_POINT('',(0.0168493959923255,0.0721700538881797,0.0893726410429237));
#1606=CARTESIAN_POINT('',(0.0168902777793407,0.071968749470642,0.089472504348623));
#1607=CARTESIAN_POINT('',(0.0169135917069556,0.0718598619696741,0.0895047935618566));
#1608=CARTESIAN_POINT('',(0.0169632878699993,0.0716381099242689,0.0895303818747028));
#1609=CARTESIAN_POINT('',(0.0169896588554041,0.0715252954741179,0.089523675191415));
#1610=CARTESIAN_POINT('',(0.0170160383054499,0.0714170146091108,0.0894978523392109));
#1611=CARTESIAN_POINT('',(0.0166931409309981,0.0726056119690349,0.088610932110996));
#1612=CARTESIAN_POINT('',(0.0166909644050796,0.0725946968362618,0.0887243760825194));
#1613=CARTESIAN_POINT('',(0.0166914546461814,0.0725642911662814,0.0888359454834561));
#1614=CARTESIAN_POINT('',(0.0166977123183997,0.0724679925275262,0.0890425152196065));
#1615=CARTESIAN_POINT('',(0.016703478331057,0.0724021213775239,0.089137468751434));
#1616=CARTESIAN_POINT('',(0.0167196220185148,0.0722425043606952,0.0892998024697203));
#1617=CARTESIAN_POINT('',(0.0167299960339471,0.0721487946589121,0.0893671458755266));
#1618=CARTESIAN_POINT('',(0.0167541561173642,0.0719443406074289,0.0894664476585516));
#1619=CARTESIAN_POINT('',(0.0167679367088673,0.0718336425816544,0.0894983835365227));
#1620=CARTESIAN_POINT('',(0.016797315181287,0.0716080243150001,0.089523155658021));
#1621=CARTESIAN_POINT('',(0.0168129064028459,0.0714931551932895,0.0895159862887961));
#1622=CARTESIAN_POINT('',(0.0168285036564356,0.0713828256153859,0.0894896733872791));
#1623=CARTESIAN_POINT('',(0.0165125738598287,0.0725982862799231,0.088608625030097));
#1624=CARTESIAN_POINT('',(0.0165132776819659,0.0725875452991152,0.0887221381029744));
#1625=CARTESIAN_POINT('',(0.0165130944276276,0.0725571554324416,0.0888337506343922));
#1626=CARTESIAN_POINT('',(0.0165109748248731,0.072460572001903,0.0890403419665275));
#1627=CARTESIAN_POINT('',(0.0165090389567575,0.0723944003482453,0.0891352739014157));
#1628=CARTESIAN_POINT('',(0.0165036375400488,0.0722339052438379,0.0892974955112538));
#1629=CARTESIAN_POINT('',(0.0165001732154006,0.0721396182018022,0.0893647483857633));
#1630=CARTESIAN_POINT('',(0.0164921154224573,0.0719338057795083,0.0894638058746689));
#1631=CARTESIAN_POINT('',(0.0164875237800291,0.0718223270882958,0.0894955880175765));
#1632=CARTESIAN_POINT('',(0.016477742632898,0.0715950419934289,0.0895200049466203));
#1633=CARTESIAN_POINT('',(0.0164725553445646,0.0714792871499371,0.089512634193684));
#1634=CARTESIAN_POINT('',(0.0164673693791941,0.0713680744586497,0.0894861079477588));
#1635=CARTESIAN_POINT('',(0.0164262962168521,0.0726057131401443,0.0886109163866542));
#1636=CARTESIAN_POINT('',(0.0164283887736182,0.0725947937802334,0.0887243602735205));
#1637=CARTESIAN_POINT('',(0.0164278938646588,0.0725643863455361,0.088835929563947));
#1638=CARTESIAN_POINT('',(0.0164217860469634,0.0724680893284888,0.0890424989944055));
#1639=CARTESIAN_POINT('',(0.0164161745249448,0.0724022215642256,0.0891374523307997));
#1640=CARTESIAN_POINT('',(0.016400481697005,0.0722426159895684,0.0892997855325742));
#1641=CARTESIAN_POINT('',(0.0163904039538845,0.0721489143404144,0.0893671286169533));
#1642=CARTESIAN_POINT('',(0.0163669449543513,0.071944479940785,0.0894664295918938));
#1643=CARTESIAN_POINT('',(0.0163535690238906,0.0718337935078384,0.0894983649828142));
#1644=CARTESIAN_POINT('',(0.0163250628024406,0.0716082003611195,0.0895231359381415));
#1645=CARTESIAN_POINT('',(0.0163099389832731,0.0714933447583966,0.0895159658894277));
#1646=CARTESIAN_POINT('',(0.0162948142268443,0.0713830287270737,0.0894896522111965));
#1647=CARTESIAN_POINT('',(0.0162886008505362,0.0726354508062996,0.0886202172813873));
#1648=CARTESIAN_POINT('',(0.0162928049223464,0.0726238321658491,0.0887333813451554));
#1649=CARTESIAN_POINT('',(0.0162917272452184,0.0725933670694753,0.0888447727742713));
#1650=CARTESIAN_POINT('',(0.0162791319385197,0.0724982357976813,0.0890512429740647));
#1651=CARTESIAN_POINT('',(0.0162676171493294,0.0724335910668562,0.0891462752015899));
#1652=CARTESIAN_POINT('',(0.0162354733465293,0.072277552774543,0.0893090415610645));
#1653=CARTESIAN_POINT('',(0.0162148515816834,0.0721861943870947,0.0893767390016296));
#1654=CARTESIAN_POINT('',(0.0161668723883897,0.0719872702910331,0.089477003084216));
#1655=CARTESIAN_POINT('',(0.0161395257797461,0.0718797494235826,0.0895095471242247));
#1656=CARTESIAN_POINT('',(0.0160812535321818,0.0716609136777024,0.0895357290622251));
#1657=CARTESIAN_POINT('',(0.0160503410342529,0.0715496481287701,0.0895293610579604));
#1658=CARTESIAN_POINT('',(0.0160194240543284,0.0714429113115561,0.0895038990053799));
#1659=CARTESIAN_POINT('',(0.016236522483983,0.0726511406247477,0.0886251402329763));
#1660=CARTESIAN_POINT('',(0.0162414990589372,0.0726391550151747,0.0887381563110782));
#1661=CARTESIAN_POINT('',(0.0162401797141263,0.0726086611730113,0.0888494532781465));
#1662=CARTESIAN_POINT('',(0.0162251002554987,0.0725141474626043,0.0890558695683542));
#1663=CARTESIAN_POINT('',(0.0162113435336161,0.0724501488412792,0.0891509424873038));
#1664=CARTESIAN_POINT('',(0.0161729711806867,0.0722959934146163,0.089313935479948));
#1665=CARTESIAN_POINT('',(0.016148364180849,0.0722058712629506,0.0893818189111273));
#1666=CARTESIAN_POINT('',(0.0160911259016664,0.0720098534774624,0.0894825894195479));
#1667=CARTESIAN_POINT('',(0.0160585074970423,0.0719040019073439,0.0895154538421746));
#1668=CARTESIAN_POINT('',(0.0159890067820638,0.0716887291451007,0.0895423791671051));
#1669=CARTESIAN_POINT('',(0.0159521401046179,0.0715793563447286,0.0895364340156233));
#1670=CARTESIAN_POINT('',(0.0159152676200563,0.0714745064902161,0.0895114212495207));
#1671=CARTESIAN_POINT('',(0.0161362123149336,0.0726902968467005,0.0886375435027259));
#1672=CARTESIAN_POINT('',(0.0161425862964497,0.072677412517113,0.0887501874222553));
#1673=CARTESIAN_POINT('',(0.0161407278057513,0.0726468614003895,0.0888612430870906));
#1674=CARTESIAN_POINT('',(0.0161207579234667,0.0725539104306521,0.089067510297338));
#1675=CARTESIAN_POINT('',(0.0161026509916123,0.0724915313260904,0.0891626757986107));
#1676=CARTESIAN_POINT('',(0.0160522589577755,0.072342081028143,0.0893262154716739));
#1677=CARTESIAN_POINT('',(0.0160199851093609,0.0722550431940832,0.0893945531369454));
#1678=CARTESIAN_POINT('',(0.0159449638489961,0.0720662698740753,0.0894965691011453));
#1679=CARTESIAN_POINT('',(0.0159022331907776,0.071964576524368,0.0895302246269678));
#1680=CARTESIAN_POINT('',(0.0158112069235623,0.071758175747579,0.0895589917487044));
#1681=CARTESIAN_POINT('',(0.0157629316425115,0.0716535143910001,0.0895540969223208));
#1682=CARTESIAN_POINT('',(0.0157146480565853,0.0715533609635179,0.0895302028221621));
#1683=CARTESIAN_POINT('',(0.0160881083673776,0.0727136393933254,0.0886449833526794));
#1684=CARTESIAN_POINT('',(0.0160951062625809,0.0727002259832699,0.0887574043173205));
#1685=CARTESIAN_POINT('',(0.0160929516223542,0.0726696463770383,0.0888683139726093));
#1686=CARTESIAN_POINT('',(0.0160705826193559,0.0725776354391749,0.0890744866509931));
#1687=CARTESIAN_POINT('',(0.0160503732311718,0.0725162245568163,0.0891697038497761));
#1688=CARTESIAN_POINT('',(0.0159942055806799,0.0723695815970542,0.0893335620476282));
#1689=CARTESIAN_POINT('',(0.0159582598088654,0.0722843821090418,0.0894021666267494));
#1690=CARTESIAN_POINT('',(0.0158747368717606,0.0720999241397114,0.0895049178796257));
#1691=CARTESIAN_POINT('',(0.0158271782800266,0.0720007066506011,0.0895390417146466));
#1692=CARTESIAN_POINT('',(0.0157258814779813,0.0717995870385205,0.0895689015665268));
#1693=CARTESIAN_POINT('',(0.0156721657936401,0.0716977296097105,0.0895646309451841));
#1694=CARTESIAN_POINT('',(0.0156184406345063,0.0716003709324763,0.0895414027168348));
#1695=CARTESIAN_POINT('',(0.0159507476653714,0.0727944272652249,0.0886710784816985));
#1696=CARTESIAN_POINT('',(0.0159593262854972,0.0727792339334345,0.0887827189543824));
#1697=CARTESIAN_POINT('',(0.0159561628243846,0.0727485988812546,0.0888931061728952));
#1698=CARTESIAN_POINT('',(0.0159267094164513,0.0726599053193446,0.0890989070315967));
#1699=CARTESIAN_POINT('',(0.0159004259242655,0.0726018662087718,0.0891942756475538));
#1700=CARTESIAN_POINT('',(0.015827716211385,0.0724649570309295,0.0893591781412774));
#1701=CARTESIAN_POINT('',(0.0157813059233759,0.0723861169015188,0.0894286759403236));
#1702=CARTESIAN_POINT('',(0.0156736201816484,0.0722165673984808,0.0895339151264702));
#1703=CARTESIAN_POINT('',(0.0156123683243033,0.072125895095779,0.0895696334856854));
#1704=CARTESIAN_POINT('',(0.0154819698126248,0.0719429927172914,0.0896032330408086));
#1705=CARTESIAN_POINT('',(0.015412851731303,0.0718508026286798,0.0896011068801224));
#1706=CARTESIAN_POINT('',(0.0153437209547473,0.0717630777979612,0.0895801744307765));
#1707=CARTESIAN_POINT('',(0.0158682836190919,0.0728626903745781,0.088693487545083));
#1708=CARTESIAN_POINT('',(0.0158775296156995,0.0728460468602559,0.0888044600308777));
#1709=CARTESIAN_POINT('',(0.0158735316072994,0.0728154105420278,0.0889143885768865));
#1710=CARTESIAN_POINT('',(0.0158394970952836,0.0727295880685901,0.0891198296623942));
#1711=CARTESIAN_POINT('',(0.0158094679498737,0.072674420408726,0.089215297895724));
#1712=CARTESIAN_POINT('',(0.0157267572016391,0.0725457558611742,0.0893810227377802));
#1713=CARTESIAN_POINT('',(0.0156740934720902,0.0724722866842869,0.0894512436007987));
#1714=CARTESIAN_POINT('',(0.0155520611470927,0.0723153077590282,0.0895585260130948));
#1715=CARTESIAN_POINT('',(0.01548271891895,0.0722318318085337,0.0895955644154968));
#1716=CARTESIAN_POINT('',(0.0153351661632979,0.0720642603129506,0.0896322801664418));
#1717=CARTESIAN_POINT('',(0.0152569875157827,0.0719802008378477,0.0896319495823303));
#1718=CARTESIAN_POINT('',(0.015178794409343,0.0719005765061221,0.0896129480175857));
#1719=CARTESIAN_POINT('',(0.0157566799582642,0.0729898049520418,0.0887373486695653));
#1720=CARTESIAN_POINT('',(0.0157660898883103,0.0729707721909578,0.0888470149131862));
#1721=CARTESIAN_POINT('',(0.0157603644987708,0.0729403929856619,0.0889559773276912));
#1722=CARTESIAN_POINT('',(0.015719275762746,0.0728602963262407,0.0891604622782077));
#1723=CARTESIAN_POINT('',(0.0156839210112631,0.0728105956076549,0.0892559420753014));
#1724=CARTESIAN_POINT('',(0.015587496243389,0.0726973763329682,0.0894228326976194));
#1725=CARTESIAN_POINT('',(0.0155264463944734,0.072633881425859,0.0894942086395095));
#1726=CARTESIAN_POINT('',(0.0153854154996227,0.0725001301225679,0.0896049396102851));
#1727=CARTESIAN_POINT('',(0.0153054639495991,0.0724299016591524,0.0896442714916416));
#1728=CARTESIAN_POINT('',(0.0151355202155585,0.0722904908951001,0.089686524132666));
#1729=CARTESIAN_POINT('',(0.0150455635739343,0.0722213377052639,0.0896894360555566));
#1730=CARTESIAN_POINT('',(0.0149555905119315,0.0721565530191749,0.0896739723887224));
#1731=CARTESIAN_POINT('',(0.015718457049284,0.0730432705955538,0.0887562521668232));
#1732=CARTESIAN_POINT('',(0.015727711353444,0.0730232993158375,0.0888653557005225));
#1733=CARTESIAN_POINT('',(0.0157212231006342,0.0729930836477787,0.0889738878561279));
#1734=CARTESIAN_POINT('',(0.0156774737114221,0.0729154763548768,0.0891779095895632));
#1735=CARTESIAN_POINT('',(0.015640221597329,0.0728681007090004,0.0892733571368134));
#1736=CARTESIAN_POINT('',(0.0155390487145438,0.0727613977184597,0.0894406600976202));
#1737=CARTESIAN_POINT('',(0.0154751488038937,0.0727020923325499,0.0895124810422845));
#1738=CARTESIAN_POINT('',(0.0153277307269543,0.0725780723705777,0.0896245865023002));
#1739=CARTESIAN_POINT('',(0.0152442429502567,0.0725133833093832,0.0896648479170054));
#1740=CARTESIAN_POINT('',(0.0150668668131686,0.072385734645673,0.0897093726980347));
#1741=CARTESIAN_POINT('',(0.0149730150169201,0.0723228012983693,0.0897136268832789));
#1742=CARTESIAN_POINT('',(0.0148791462501648,0.0722642061710893,0.0896996389927386));
#1743=CARTESIAN_POINT('',(0.0156537588832083,0.0731564268619883,0.0887980039153527));
#1744=CARTESIAN_POINT('',(0.0156621886608512,0.0731347171615521,0.0889058580680164));
#1745=CARTESIAN_POINT('',(0.0156539573128875,0.0731050515386614,0.0890133823858889));
#1746=CARTESIAN_POINT('',(0.0156050604399381,0.0730330058794806,0.0892161816673374));
#1747=CARTESIAN_POINT('',(0.0155644046548456,0.0729906401711016,0.089311416274379));
#1748=CARTESIAN_POINT('',(0.0154550622945008,0.0728977873129828,0.0894792900875085));
#1749=CARTESIAN_POINT('',(0.0153863974935748,0.0728473186174215,0.0895518958843652));
#1750=CARTESIAN_POINT('',(0.0152284843086035,0.0727437326623191,0.089666618643765));
#1751=CARTESIAN_POINT('',(0.0151392673689439,0.0726906359813857,0.0897087127709735));
#1752=CARTESIAN_POINT('',(0.014949932236581,0.0725875531758646,0.0897578283021745));
#1753=CARTESIAN_POINT('',(0.0148498517440486,0.0725375875225098,0.0897648399237354));
#1754=CARTESIAN_POINT('',(0.0147497536582974,0.0724918875326606,0.0897539268665146));
#1755=CARTESIAN_POINT('',(0.0156273821747622,0.0732158258169181,0.0888207366264473));
#1756=CARTESIAN_POINT('',(0.0156351466317423,0.0731933198866947,0.0889279079342532));
#1757=CARTESIAN_POINT('',(0.0156259395608434,0.0731640388258175,0.0890348579637667));
#1758=CARTESIAN_POINT('',(0.0155745663263542,0.0730950506148551,0.0892369026167063));
#1759=CARTESIAN_POINT('',(0.015532410191924,0.0730553569022069,0.0893319578447984));
#1760=CARTESIAN_POINT('',(0.0154196594344492,0.0729698027977235,0.0894999901959275));
#1761=CARTESIAN_POINT('',(0.0153490868110533,0.072923959054337,0.0895729345520567));
#1762=CARTESIAN_POINT('',(0.0151870803834789,0.0728310246166873,0.0896888947217738));
#1763=CARTESIAN_POINT('',(0.015095678184958,0.0727839519948399,0.0897318879176183));
#1764=CARTESIAN_POINT('',(0.0149018321408782,0.0726936117930292,0.0897833112583165));
#1765=CARTESIAN_POINT('',(0.0147994261103095,0.0726503617701859,0.0897917313650847));
#1766=CARTESIAN_POINT('',(0.0146970024137236,0.0726113353553157,0.0897824097326785));
#1767=CARTESIAN_POINT('',(0.015574218120266,0.0733770416510217,0.0888861717105415));
#1768=CARTESIAN_POINT('',(0.0155795149716243,0.0733528873793833,0.0889913444427536));
#1769=CARTESIAN_POINT('',(0.0155674385037076,0.0733250640622739,0.0890965125882897));
#1770=CARTESIAN_POINT('',(0.0155097911108856,0.0732649539321408,0.0892959693709347));
#1771=CARTESIAN_POINT('',(0.0154642307531258,0.073232678065379,0.0893902215602528));
#1772=CARTESIAN_POINT('',(0.0153443512534819,0.0731670120032083,0.0895580304716472));
#1773=CARTESIAN_POINT('',(0.0152700540585393,0.0731336337180286,0.0896315565199521));
#1774=CARTESIAN_POINT('',(0.0151004306336277,0.0730692214162113,0.0897502496984107));
#1775=CARTESIAN_POINT('',(0.015005135445887,0.0730381990401274,0.0897953951190933));
#1776=CARTESIAN_POINT('',(0.0148034350305021,0.0729817084582888,0.0898526135870059));
#1777=CARTESIAN_POINT('',(0.0146970667097491,0.0729562504200427,0.0898646761477429));
#1778=CARTESIAN_POINT('',(0.0145906811636167,0.0729348841990991,0.0898595661679484));
#1779=CARTESIAN_POINT('',(0.0155575546487472,0.0734835097690646,0.0889329371245781));
#1780=CARTESIAN_POINT('',(0.0155605513259236,0.0734587658813738,0.0890366641158323));
#1781=CARTESIAN_POINT('',(0.0155463512246657,0.0734323134563384,0.089140452324843));
#1782=CARTESIAN_POINT('',(0.0154849968407668,0.0733786493190885,0.0893376999275384));
#1783=CARTESIAN_POINT('',(0.015437853236626,0.0733514468224688,0.0894311251630773));
#1784=CARTESIAN_POINT('',(0.0153153871342891,0.0732990232313729,0.0895981700869443));
#1785=CARTESIAN_POINT('',(0.0152400858778965,0.0732738110697662,0.0896717608388192));
#1786=CARTESIAN_POINT('',(0.0150689334582645,0.073227898722305,0.0897916660334232));
#1787=CARTESIAN_POINT('',(0.0149731119501951,0.0732072062897251,0.0898379596884217));
#1788=CARTESIAN_POINT('',(0.014770628898128,0.073172400129193,0.0898985625584023));
#1789=CARTESIAN_POINT('',(0.0146640024226095,0.0731582921997152,0.089912861237908));
#1790=CARTESIAN_POINT('',(0.0145573596616307,0.0731481719874243,0.0899104335333824));
#1791=CARTESIAN_POINT('',(0.015557676025006,0.0736971689094973,0.0890433782883183));
#1792=CARTESIAN_POINT('',(0.0155546156943791,0.0736733274485399,0.0891433532354032));
#1793=CARTESIAN_POINT('',(0.0155355930970634,0.0736512239099101,0.0892432288393021));
#1794=CARTESIAN_POINT('',(0.015467414393678,0.073612556215788,0.0894334294158084));
#1795=CARTESIAN_POINT('',(0.0154182685305633,0.0735959977576186,0.089523725968113));
#1796=CARTESIAN_POINT('',(0.0152944725314649,0.0735699644455318,0.0896862558780732));
#1797=CARTESIAN_POINT('',(0.015219840928546,0.0735604933306622,0.0897584649411104));
#1798=CARTESIAN_POINT('',(0.0150521026933864,0.0735495018944075,0.0898780073667624));
#1799=CARTESIAN_POINT('',(0.0149590211416862,0.0735479830105266,0.0899253228428763));
#1800=CARTESIAN_POINT('',(0.0147631505473862,0.0735530074002793,0.0899906068185464));
#1801=CARTESIAN_POINT('',(0.0146603907761454,0.0735595496856225,0.0900085655210444));
#1802=CARTESIAN_POINT('',(0.0145576176743221,0.0735697973167143,0.0900109962978453));
#1803=CARTESIAN_POINT('',(0.0155742246145824,0.0738048330983265,0.0891070497766696));
#1804=CARTESIAN_POINT('',(0.0155673741322737,0.0737824968151294,0.0892047649203842));
#1805=CARTESIAN_POINT('',(0.0155456212111926,0.0737634131849094,0.0893021478162074));
#1806=CARTESIAN_POINT('',(0.0154742701854079,0.0737334282486281,0.0894875824461185));
#1807=CARTESIAN_POINT('',(0.0154246817721546,0.0737225308177149,0.0895756092664566));
#1808=CARTESIAN_POINT('',(0.0153021045856357,0.0737098631636049,0.0897344499120532));
#1809=CARTESIAN_POINT('',(0.0152291323245345,0.0737080944319117,0.0898052423993351));
#1810=CARTESIAN_POINT('',(0.0150663163144603,0.0737138034539469,0.0899232721575025));
#1811=CARTESIAN_POINT('',(0.0149764944313946,0.0737212801908009,0.0899704935597494));
#1812=CARTESIAN_POINT('',(0.0147880101523423,0.073744766428192,0.090037143662728));
#1813=CARTESIAN_POINT('',(0.0146893730358132,0.0737607725027817,0.0900565633728388));
#1814=CARTESIAN_POINT('',(0.0145907246210617,0.0737803052217751,0.090061209293264));
#1815=CARTESIAN_POINT('',(0.0156194126248775,0.0739709484707621,0.0892301614439278));
#1816=CARTESIAN_POINT('',(0.0156060808087277,0.0739534489432866,0.0893224820691717));
#1817=CARTESIAN_POINT('',(0.0155800125692641,0.0739406298034702,0.0894138357910594));
#1818=CARTESIAN_POINT('',(0.0155044930280819,0.0739253716929552,0.089587306816564));
#1819=CARTESIAN_POINT('',(0.0154550499469703,0.0739229343393433,0.0896694052977823));
#1820=CARTESIAN_POINT('',(0.0153367526050499,0.0739286296937378,0.089817765931326));
#1821=CARTESIAN_POINT('',(0.0152679111909598,0.0739367617309826,0.0898840119865435));
#1822=CARTESIAN_POINT('',(0.0151163463112472,0.0739629341834182,0.0899953401846274));
#1823=CARTESIAN_POINT('',(0.0150336392888595,0.0739809716961022,0.090040410245128));
#1824=CARTESIAN_POINT('',(0.0148609858606117,0.0740254958361702,0.0901057586783341));
#1825=CARTESIAN_POINT('',(0.0147710581773937,0.0740519775646263,0.090126029951415));
#1826=CARTESIAN_POINT('',(0.0146811224667263,0.0740816144839081,0.0901330869821714));
#1827=CARTESIAN_POINT('',(0.0156372973939383,0.0740259735459527,0.0892748032220947));
#1828=CARTESIAN_POINT('',(0.0156217308561041,0.0740104603815216,0.0893650338762663));
#1829=CARTESIAN_POINT('',(0.0155942235881791,0.0739999581519326,0.0894540466373318));
#1830=CARTESIAN_POINT('',(0.0155174395155164,0.0739897697153489,0.0896228323992559));
#1831=CARTESIAN_POINT('',(0.0154681703508626,0.0739900844700547,0.0897025886890086));
#1832=CARTESIAN_POINT('',(0.0153516491683341,0.0740014975068109,0.0898467328547339));
#1833=CARTESIAN_POINT('',(0.0152844087067289,0.0740125946045733,0.0899111064625285));
#1834=CARTESIAN_POINT('',(0.0151371095435931,0.0740447103274056,0.0900195372451047));
#1835=CARTESIAN_POINT('',(0.0150570654304307,0.0740657257145164,0.0900635836852853));
#1836=CARTESIAN_POINT('',(0.0148903056134938,0.0741160533639232,0.0901279718403544));
#1837=CARTESIAN_POINT('',(0.0148036064148026,0.0741453605840318,0.0901483071748143));
#1838=CARTESIAN_POINT('',(0.0147169002845971,0.0741776852516861,0.0901560056873075));
#1839=CARTESIAN_POINT('',(0.0156779376174259,0.074143003502109,0.0893779851741574));
#1840=CARTESIAN_POINT('',(0.0156577802871867,0.0741322353435402,0.0894628365535951));
#1841=CARTESIAN_POINT('',(0.0156274157488361,0.0741267709916214,0.0895459184062239));
#1842=CARTESIAN_POINT('',(0.0155483616629685,0.0741268148771001,0.0897028534467592));
#1843=CARTESIAN_POINT('',(0.0154996784182906,0.0741323230604354,0.0897766942033581));
#1844=CARTESIAN_POINT('',(0.0153873391915406,0.0741539235980189,0.0899100667068624));
#1845=CARTESIAN_POINT('',(0.0153236921294617,0.0741700141828127,0.0899695878923818));
#1846=CARTESIAN_POINT('',(0.0151858036733603,0.0742116618665525,0.0900702252001751));
#1847=CARTESIAN_POINT('',(0.0151115732068578,0.0742372156038062,0.0901113333516169));
#1848=CARTESIAN_POINT('',(0.0149576222251029,0.0742960202577884,0.0901723134887334));
#1849=CARTESIAN_POINT('',(0.014877913898933,0.0743292664525791,0.090192180638069));
#1850=CARTESIAN_POINT('',(0.0147982007379822,0.0743652118620044,0.0902007436534279));
#1851=CARTESIAN_POINT('',(0.0157008056781895,0.0742049016372712,0.0894367435954878));
#1852=CARTESIAN_POINT('',(0.0156782814568621,0.0741969308900995,0.089518294929565));
#1853=CARTESIAN_POINT('',(0.0156464925439773,0.0741942239089864,0.0895977728107638));
#1854=CARTESIAN_POINT('',(0.0155664294353826,0.0741994975543374,0.0897475123630534));
#1855=CARTESIAN_POINT('',(0.0155181607803982,0.074207477769777,0.0898177637822226));
#1856=CARTESIAN_POINT('',(0.0154082397944385,0.0742336037640841,0.0899445512111031));
#1857=CARTESIAN_POINT('',(0.0153465950314338,0.0742517477060683,0.0900010785458737));
#1858=CARTESIAN_POINT('',(0.0152138764726974,0.0742970288200291,0.090096797441988));
#1859=CARTESIAN_POINT('',(0.015142811791762,0.074324162846828,0.0901359824546989));
#1860=CARTESIAN_POINT('',(0.0149958088416757,0.0743856767839807,0.0901945055710037));
#1861=CARTESIAN_POINT('',(0.0149198806561063,0.0744200524412138,0.0902138396669402));
#1862=CARTESIAN_POINT('',(0.014843948639565,0.0744569457778017,0.0902226292676271));
#1863=CARTESIAN_POINT('',(0.0157415730578318,0.0743273152531118,0.0895538369348593));
#1864=CARTESIAN_POINT('',(0.0157151301031886,0.0743241613420134,0.0896280551157757));
#1865=CARTESIAN_POINT('',(0.0156810726840334,0.0743258184768309,0.0896997486322808));
#1866=CARTESIAN_POINT('',(0.01559961756095,0.074338656799632,0.0898341287306915));
#1867=CARTESIAN_POINT('',(0.0155522240623291,0.0743498373035082,0.0898968084261152));
#1868=CARTESIAN_POINT('',(0.0154467275611108,0.0743810974385824,0.0900096881883537));
#1869=CARTESIAN_POINT('',(0.0153886299869541,0.0744011754425657,0.0900598824734152));
#1870=CARTESIAN_POINT('',(0.0152649472648863,0.0744491130418834,0.0901450103154818));
#1871=CARTESIAN_POINT('',(0.0151993684700481,0.0744769701570019,0.0901799395124972));
#1872=CARTESIAN_POINT('',(0.0150643584357802,0.0745389178452742,0.0902326009755529));
#1873=CARTESIAN_POINT('',(0.0149949341250855,0.0745730052220489,0.0902503305424316));
#1874=CARTESIAN_POINT('',(0.0149255074383447,0.0746092628262344,0.0902589693618972));
#1875=CARTESIAN_POINT('',(0.0157587192775993,0.0743819271224244,0.0896063785050401));
#1876=CARTESIAN_POINT('',(0.0157307075031301,0.0743807568762347,0.0896771221949452));
#1877=CARTESIAN_POINT('',(0.0156957674645342,0.0743841065560281,0.0897451766953781));
#1878=CARTESIAN_POINT('',(0.0156138343024275,0.0743996681508131,0.0898724185213326));
#1879=CARTESIAN_POINT('',(0.0155668448298605,0.0744118793620425,0.0899316002350956));
#1880=CARTESIAN_POINT('',(0.0154632391956297,0.074444531820002,0.0900380525929177));
#1881=CARTESIAN_POINT('',(0.0154066276348474,0.0744649716125523,0.0900853185450005));
#1882=CARTESIAN_POINT('',(0.0152866975828905,0.0745130268338915,0.0901655085153701));
#1883=CARTESIAN_POINT('',(0.0152233844077443,0.0745406401323765,0.0901984290001863));
#1884=CARTESIAN_POINT('',(0.0150933145329416,0.0746016198606899,0.090248234469176));
#1885=CARTESIAN_POINT('',(0.0150265635933725,0.0746349835927282,0.0902651172581446));
#1886=CARTESIAN_POINT('',(0.0149598108012456,0.0746703650243108,0.0902735474486815));
#1887=CARTESIAN_POINT('',(0.0157930099646619,0.0745138171106211,0.0897244658970403));
#1888=CARTESIAN_POINT('',(0.0157620012221611,0.074515896826562,0.0897869399141874));
#1889=CARTESIAN_POINT('',(0.0157254275591143,0.0745217123873571,0.0898465057549273));
#1890=CARTESIAN_POINT('',(0.0156427388693952,0.0745405581047389,0.089957256800493));
#1891=CARTESIAN_POINT('',(0.0155966264386502,0.0745535876594406,0.0900084385860116));
#1892=CARTESIAN_POINT('',(0.0154968621684987,0.0745862937743562,0.0901002127729981));
#1893=CARTESIAN_POINT('',(0.015443213445446,0.0746059693086019,0.0901408023443812));
#1894=CARTESIAN_POINT('',(0.0153307019516966,0.0746511141370726,0.0902096409037251));
#1895=CARTESIAN_POINT('',(0.0152718426853822,0.0746765820249587,0.0902378877700021));
#1896=CARTESIAN_POINT('',(0.0151514590232564,0.0747322093323989,0.0902808219860253));
#1897=CARTESIAN_POINT('',(0.0150899383712656,0.0747623670248802,0.0902955080118029));
#1898=CARTESIAN_POINT('',(0.0150284167327916,0.0747942185023587,0.0903030969480857));
#1899=CARTESIAN_POINT('',(0.0158101165289767,0.0745909406168401,0.0897901929369815));
#1900=CARTESIAN_POINT('',(0.0157776866244845,0.0745942778185465,0.0898478298155668));
#1901=CARTESIAN_POINT('',(0.0157403673119696,0.0746008554428475,0.0899025112976627));
#1902=CARTESIAN_POINT('',(0.0156574074249976,0.0746202371930215,0.0900038519248716));
#1903=CARTESIAN_POINT('',(0.0156117689508591,0.0746330408381059,0.0900505085516029));
#1904=CARTESIAN_POINT('',(0.0155139526179081,0.0746643805629717,0.0901339940047577));
#1905=CARTESIAN_POINT('',(0.0154617772263293,0.0746829158682896,0.0901708207588915));
#1906=CARTESIAN_POINT('',(0.0153529211089449,0.0747250043728259,0.0902332220428791));
#1907=CARTESIAN_POINT('',(0.0152962431228554,0.0747485565333204,0.0902587950253756));
#1908=CARTESIAN_POINT('',(0.0151805895534935,0.0747997710569907,0.0902976999675689));
#1909=CARTESIAN_POINT('',(0.0151216168776427,0.0748274321566139,0.0903110309636872));
#1910=CARTESIAN_POINT('',(0.0150626435518637,0.0748566152856973,0.0903179837990977));
#1911=CARTESIAN_POINT('',(0.0158352368275404,0.0747533887986842,0.0899046840483081));
#1912=CARTESIAN_POINT('',(0.0158008000505044,0.0747567108025742,0.0899537905793003));
#1913=CARTESIAN_POINT('',(0.015762462700429,0.0747624115917686,0.0899999916729745));
#1914=CARTESIAN_POINT('',(0.0156792227440593,0.0747783880952543,0.0900851042787429));
#1915=CARTESIAN_POINT('',(0.0156343215784228,0.0747886635375305,0.0901240143392291));
#1916=CARTESIAN_POINT('',(0.015539402236674,0.0748134606355077,0.090193297289999));
#1917=CARTESIAN_POINT('',(0.0154893856991784,0.0748279818706486,0.0902236689999417));
#1918=CARTESIAN_POINT('',(0.0153858474460135,0.0748608064331638,0.0902749017846001));
#1919=CARTESIAN_POINT('',(0.0153323275149472,0.074879109204616,0.0902957619873527));
#1920=CARTESIAN_POINT('',(0.0152235063360025,0.0749189120123119,0.090327303337552));
#1921=CARTESIAN_POINT('',(0.015168206962169,0.0749404113746804,0.0903379839488104));
#1922=CARTESIAN_POINT('',(0.0151129073225312,0.0749631658621609,0.0903434039548319));
#1923=CARTESIAN_POINT('',(0.015844387623363,0.0748281496063386,0.0899519839663972));
#1924=CARTESIAN_POINT('',(0.0158092437516464,0.0748308644690343,0.0899975426550332));
#1925=CARTESIAN_POINT('',(0.0157705585552829,0.0748356055694007,0.0900402510741207));
#1926=CARTESIAN_POINT('',(0.0156872518952527,0.0748490035411672,0.0901187087625256));
#1927=CARTESIAN_POINT('',(0.0156426316528508,0.074857660224209,0.0901544568930689));
#1928=CARTESIAN_POINT('',(0.0155487785140854,0.0748786375182927,0.0902179387020061));
#1929=CARTESIAN_POINT('',(0.0154995469919113,0.0748909578319761,0.0902456714598092));
#1930=CARTESIAN_POINT('',(0.0153979309958171,0.0749189028636884,0.0902923041920318));
#1931=CARTESIAN_POINT('',(0.0153455480086214,0.0749345271839815,0.090311203490995));
#1932=CARTESIAN_POINT('',(0.0152391817975693,0.0749686234878566,0.0903396119853496));
#1933=CARTESIAN_POINT('',(0.0151852001292884,0.0749870949848787,0.0903491207701839));
#1934=CARTESIAN_POINT('',(0.0151312183023897,0.075006719990548,0.0903537945289259));
#1935=CARTESIAN_POINT('',(0.0158586442504907,0.0750012562422301,0.0900409349765024));
#1936=CARTESIAN_POINT('',(0.015822417810442,0.0750010144272664,0.0900802021754545));
#1937=CARTESIAN_POINT('',(0.0157832091632123,0.0750021555357016,0.0901167296742542));
#1938=CARTESIAN_POINT('',(0.0156998270504174,0.0750071782486261,0.090183380930013));
#1939=CARTESIAN_POINT('',(0.0156556544869492,0.0750110598068223,0.0902135039772784));
#1940=CARTESIAN_POINT('',(0.0155634714198548,0.075021469364031,0.0902665831822434));
#1941=CARTESIAN_POINT('',(0.0155154619118578,0.075027997260581,0.0902895387757233));
#1942=CARTESIAN_POINT('',(0.015416828986787,0.0750435389496827,0.0903277019689441));
#1943=CARTESIAN_POINT('',(0.0153662066338559,0.0750525525860155,0.0903429091639698));
#1944=CARTESIAN_POINT('',(0.0152636382061593,0.0750728426112938,0.0903651910850686));
#1945=CARTESIAN_POINT('',(0.0152116932373281,0.0750841187940003,0.0903722655759796));
#1946=CARTESIAN_POINT('',(0.015159748250589,0.0750963862084215,0.0903751847260989));
#1947=CARTESIAN_POINT('',(0.015863706121645,0.0751005472110313,0.0900825427248511));
#1948=CARTESIAN_POINT('',(0.0158271063043334,0.0750978983030255,0.0901190895091908));
#1949=CARTESIAN_POINT('',(0.0157877224544291,0.0750963449438253,0.0901529487444793));
#1950=CARTESIAN_POINT('',(0.0157043299586669,0.0750954682443667,0.09021448195676));
#1951=CARTESIAN_POINT('',(0.0156603221144993,0.0750961449154211,0.0902421553434061));
#1952=CARTESIAN_POINT('',(0.0155687371873521,0.0750997140348859,0.0902906536615809));
#1953=CARTESIAN_POINT('',(0.0155211609847363,0.0751026064521863,0.0903114781280443));
#1954=CARTESIAN_POINT('',(0.0154235804698495,0.0751105398495205,0.0903457796593061));
#1955=CARTESIAN_POINT('',(0.0153735770955177,0.0751155807567311,0.0903592563954526));
#1956=CARTESIAN_POINT('',(0.015272341579419,0.0751276925089812,0.0903785397162313));
#1957=CARTESIAN_POINT('',(0.0152211104106899,0.075134763241191,0.0903843461164892));
#1958=CARTESIAN_POINT('',(0.0151698792589012,0.0751427653209397,0.0903862480259199));
#1959=CARTESIAN_POINT('',(0.0158672435298194,0.075322127454284,0.0901479181631635));
#1960=CARTESIAN_POINT('',(0.0158303824275776,0.0753131418803462,0.0901814539111999));
#1961=CARTESIAN_POINT('',(0.015790875907693,0.0753047280858362,0.0902122615023029));
#1962=CARTESIAN_POINT('',(0.01570747598726,0.0752892385197592,0.0902677163540445));
#1963=CARTESIAN_POINT('',(0.0156635833181755,0.0752821628873244,0.0902923631296785));
#1964=CARTESIAN_POINT('',(0.0155724168054007,0.0752695140242993,0.0903349323178403));
#1965=CARTESIAN_POINT('',(0.015525143761196,0.0752639409082868,0.0903528543583443));
#1966=CARTESIAN_POINT('',(0.0154282996306155,0.0752544272330915,0.0903815640979186));
#1967=CARTESIAN_POINT('',(0.0153787293934497,0.0752504867612651,0.0903923515464443));
#1968=CARTESIAN_POINT('',(0.0152784266321909,0.0752443312665926,0.0904065455473404));
#1969=CARTESIAN_POINT('',(0.0152276949875979,0.0752421163018341,0.0904099519763643));
#1970=CARTESIAN_POINT('',(0.0151769633846534,0.0752407907816853,0.0904096292057856));
#1971=CARTESIAN_POINT('',(0.0158650698469483,0.0754431758194916,0.0901689046535948));
#1972=CARTESIAN_POINT('',(0.0158283669230306,0.0754302917783951,0.0902024635501828));
#1973=CARTESIAN_POINT('',(0.0157889336635164,0.0754177432279227,0.0902331806172898));
#1974=CARTESIAN_POINT('',(0.0157055353694673,0.0753936067946685,0.0902882096900127));
#1975=CARTESIAN_POINT('',(0.0156615711067402,0.0753820191248749,0.0903125211890696));
#1976=CARTESIAN_POINT('',(0.0155701473664127,0.0753600713019331,0.0903541668561124));
#1977=CARTESIAN_POINT('',(0.0155226887340124,0.0753497113406139,0.0903715006401345));
#1978=CARTESIAN_POINT('',(0.0154253947899528,0.0753304563966829,0.0903987823767107));
#1979=CARTESIAN_POINT('',(0.0153755603771608,0.0753215615804238,0.0904087300768421));
#1980=CARTESIAN_POINT('',(0.0152746891435274,0.0753054396126485,0.0904210044924813));
#1981=CARTESIAN_POINT('',(0.0152236532542518,0.0752982125982942,0.0904233310930015));
#1982=CARTESIAN_POINT('',(0.0151726173944613,0.0752919010879764,0.0904218190638869));
#1983=CARTESIAN_POINT('',(0.0158540390552118,0.0756724828031496,0.0901854976548986));
#1984=CARTESIAN_POINT('',(0.0158181597513852,0.075652636598421,0.0902219177551716));
#1985=CARTESIAN_POINT('',(0.0157791182340819,0.0756325949514329,0.0902551317498901));
#1986=CARTESIAN_POINT('',(0.0156957583848479,0.075592651911958,0.0903142587314958));
#1987=CARTESIAN_POINT('',(0.015651441055447,0.0755727509882845,0.0903401710103048));
#1988=CARTESIAN_POINT('',(0.0155587200779047,0.0755336169889915,0.0903839994391349));
#1989=CARTESIAN_POINT('',(0.0155103175438959,0.0755143843714479,0.0904019150636617));
#1990=CARTESIAN_POINT('',(0.0154107259500962,0.0754770961463619,0.0904292690554857));
#1991=CARTESIAN_POINT('',(0.0153595380863343,0.0754590409740788,0.0904387070938712));
#1992=CARTESIAN_POINT('',(0.0152557501515398,0.0754245849228588,0.0904488516436381));
#1993=CARTESIAN_POINT('',(0.0152031513265497,0.0754081844449011,0.0904495580314629));
#1994=CARTESIAN_POINT('',(0.0151505524409962,0.0753928275220727,0.090445888358371));
#1995=CARTESIAN_POINT('',(0.0158449904459396,0.0757810654855809,0.0901809181028426));
#1996=CARTESIAN_POINT('',(0.0158097946893162,0.0757582011108113,0.0902201995071536));
#1997=CARTESIAN_POINT('',(0.0157710821609836,0.0757348368480745,0.0902560292271589));
#1998=CARTESIAN_POINT('',(0.0156877654913748,0.0756877896125371,0.0903197385512634));
#1999=CARTESIAN_POINT('',(0.0156431625527471,0.0756641073008915,0.0903476172536095));
#2000=CARTESIAN_POINT('',(0.015549380795318,0.075617114241754,0.0903946083745969));
#2001=CARTESIAN_POINT('',(0.015500203325901,0.075593804151955,0.0904137201280434));
#2002=CARTESIAN_POINT('',(0.0153987215783028,0.07554823387096,0.0904426175870224));
#2003=CARTESIAN_POINT('',(0.0153464187573731,0.0755259743154173,0.0904524028828617));
#2004=CARTESIAN_POINT('',(0.0152402264612044,0.0754831520248983,0.0904623602568995));
#2005=CARTESIAN_POINT('',(0.0151863385091665,0.0754625898856244,0.0904625321925861));
#2006=CARTESIAN_POINT('',(0.0151324504118733,0.0754431746414936,0.0904578943926926));
#2007=CARTESIAN_POINT('',(0.0158205098942857,0.0760018847241801,0.0901571227610916));
#2008=CARTESIAN_POINT('',(0.0157872355542817,0.0759740127958774,0.0902039398413738));
#2009=CARTESIAN_POINT('',(0.0157494824536908,0.0759448792501893,0.0902468086675573));
#2010=CARTESIAN_POINT('',(0.0156663890133247,0.0758851322567868,0.0903231114501479));
#2011=CARTESIAN_POINT('',(0.0156210504889022,0.0758545200839172,0.0903565437698674));
#2012=CARTESIAN_POINT('',(0.0155244313457091,0.0757929127923776,0.0904127706752024));
#2013=CARTESIAN_POINT('',(0.0154731528304548,0.0757619189846488,0.0904355640546512));
#2014=CARTESIAN_POINT('',(0.0153665117405655,0.075700657650309,0.0904696925871461));
#2015=CARTESIAN_POINT('',(0.015311151482835,0.0756703914245331,0.090481027007187));
#2016=CARTESIAN_POINT('',(0.0151983512247627,0.0756116673933473,0.090491828740006));
#2017=CARTESIAN_POINT('',(0.0151409136724158,0.075583210832857,0.0904912958188655));
#2018=CARTESIAN_POINT('',(0.0150834756468798,0.075556166825873,0.0904848380038447));
#2019=CARTESIAN_POINT('',(0.0158042187980358,0.076105371689246,0.0901347880656199));
#2020=CARTESIAN_POINT('',(0.0157722699323232,0.0760760225307903,0.0901864469913957));
#2021=CARTESIAN_POINT('',(0.0157352004002829,0.0760449507920922,0.0902339352480217));
#2022=CARTESIAN_POINT('',(0.0156523247442526,0.0759806161662001,0.0903186645169734));
#2023=CARTESIAN_POINT('',(0.0156065208884043,0.0759473550201158,0.0903559032621868));
#2024=CARTESIAN_POINT('',(0.0155080347646822,0.0758799851271547,0.090418635618926));
#2025=CARTESIAN_POINT('',(0.015455355178248,0.0758458781977943,0.0904441275547816));
#2026=CARTESIAN_POINT('',(0.0153452510685141,0.0757781929768394,0.090482341428502));
#2027=CARTESIAN_POINT('',(0.0152878295338379,0.0757446165077018,0.0904950623475638));
#2028=CARTESIAN_POINT('',(0.0151705648171352,0.0756793462551539,0.0905072229985519));
#2029=CARTESIAN_POINT('',(0.015110724812896,0.075647654227579,0.0905066624082665));
#2030=CARTESIAN_POINT('',(0.015050884052623,0.0756175424945812,0.0904994725901177));
#2031=CARTESIAN_POINT('',(0.0157695395215821,0.0762925363361131,0.0900882298037772));
#2032=CARTESIAN_POINT('',(0.0157405574281247,0.0762616724628314,0.0901492223492553));
#2033=CARTESIAN_POINT('',(0.0157050800747781,0.0762282216708672,0.0902057931996684));
#2034=CARTESIAN_POINT('',(0.015622877412138,0.0761577803332728,0.0903073396596698));
#2035=CARTESIAN_POINT('',(0.0155761554098632,0.0761207925982257,0.0903523112455031));
#2036=CARTESIAN_POINT('',(0.0154737579913087,0.0760450873351597,0.0904284646974029));
#2037=CARTESIAN_POINT('',(0.0154180866779422,0.0760063728215799,0.0904596435487249));
#2038=CARTESIAN_POINT('',(0.0153005206370403,0.0759291069767639,0.0905066903972106));
#2039=CARTESIAN_POINT('',(0.015238630609854,0.0758905587183676,0.0905225565337811));
#2040=CARTESIAN_POINT('',(0.0151116597390507,0.0758155094880311,0.0905382038116104));
#2041=CARTESIAN_POINT('',(0.0150465839660556,0.0757790114991287,0.0905379843359674));
#2042=CARTESIAN_POINT('',(0.0149815066435306,0.0757444290605453,0.0905297275174489));
#2043=CARTESIAN_POINT('',(0.0157509694511833,0.07637427525127,0.0900635096891977));
#2044=CARTESIAN_POINT('',(0.0157236535571506,0.0763434718608803,0.0901290039903501));
#2045=CARTESIAN_POINT('',(0.0156891019021044,0.0763096876079357,0.0901900576971995));
#2046=CARTESIAN_POINT('',(0.0156073713102047,0.0762379571412156,0.0903000474665457));
#2047=CARTESIAN_POINT('',(0.0155601962735048,0.076200014343841,0.0903489783445175));
#2048=CARTESIAN_POINT('',(0.0154557380129267,0.0761219931078351,0.0904321199725828));
#2049=CARTESIAN_POINT('',(0.0153984597533032,0.076081918379818,0.090466326809288));
#2050=CARTESIAN_POINT('',(0.0152768499019952,0.0760017726415041,0.0905182016880605));
#2051=CARTESIAN_POINT('',(0.0152125240769054,0.0759617054402858,0.0905358672929687));
#2052=CARTESIAN_POINT('',(0.0150802476734195,0.0758837135808452,0.0905537208504766));
#2053=CARTESIAN_POINT('',(0.0150123033603147,0.0758457926293075,0.0905539079697204));
#2054=CARTESIAN_POINT('',(0.0149443569706146,0.0758099553330073,0.0905453514782134));
#2055=CARTESIAN_POINT('',(0.0157105395883781,0.0765391093133908,0.0900136183319902));
#2056=CARTESIAN_POINT('',(0.0156870483939222,0.0765090828788136,0.090088015813242));
#2057=CARTESIAN_POINT('',(0.015654691036338,0.0764754134403213,0.0901581146841946));
#2058=CARTESIAN_POINT('',(0.0155742578393091,0.0764028781665977,0.0902853899263875));
#2059=CARTESIAN_POINT('',(0.0155261872169863,0.0763640170257539,0.0903425581445609));
#2060=CARTESIAN_POINT('',(0.0154173184301135,0.0762835167011229,0.0904404306895952));
#2061=CARTESIAN_POINT('',(0.0153565272944565,0.0762418827188164,0.0904811287544982));
#2062=CARTESIAN_POINT('',(0.0152259942796007,0.0761584264010884,0.0905435406645101));
#2063=CARTESIAN_POINT('',(0.0151562608087615,0.076116609454228,0.0905652505225108));
#2064=CARTESIAN_POINT('',(0.0150121724322095,0.0760353881071588,0.0905883418693071));
#2065=CARTESIAN_POINT('',(0.0149378267976468,0.0759959889511648,0.0905897218900294));
#2066=CARTESIAN_POINT('',(0.0148634777122588,0.0759590217271464,0.0905808950618791));
#2067=CARTESIAN_POINT('',(0.0156890072485537,0.0766173096241499,0.0899896454822428));
#2068=CARTESIAN_POINT('',(0.0156676926240113,0.0765881608977775,0.0900681684122187));
#2069=CARTESIAN_POINT('',(0.0156366304582294,0.0765551559029687,0.0901425955101216));
#2070=CARTESIAN_POINT('',(0.015557078861748,0.0764836281748269,0.0902783300101863));
#2071=CARTESIAN_POINT('',(0.015508595365541,0.0764451107832801,0.0903396273716351));
#2072=CARTESIAN_POINT('',(0.0153974314004714,0.07636512963652,0.0904450260430221));
#2073=CARTESIAN_POINT('',(0.0153347591923764,0.076323671852799,0.0904891195662382));
#2074=CARTESIAN_POINT('',(0.0151993895078999,0.0762405780172728,0.0905571790293829));
#2075=CARTESIAN_POINT('',(0.0151267020723461,0.0761989481707131,0.0905811399496426));
#2076=CARTESIAN_POINT('',(0.014976138252369,0.0761182907945034,0.0906073414445006));
#2077=CARTESIAN_POINT('',(0.0148982730256593,0.076079269292346,0.090609580096888));
#2078=CARTESIAN_POINT('',(0.0148204034562655,0.0760428529327131,0.0906008841972906));
#2079=CARTESIAN_POINT('',(0.0156452714603929,0.0767785473196839,0.0899455078484553));
#2080=CARTESIAN_POINT('',(0.0156287301063991,0.0767512820660609,0.0900317687701346));
#2081=CARTESIAN_POINT('',(0.0156006005549967,0.07672003444421,0.090114523822371));
#2082=CARTESIAN_POINT('',(0.0155232834570033,0.0766519237387482,0.0902668345714788));
#2083=CARTESIAN_POINT('',(0.0154741032882087,0.0766150671635949,0.0903363758670989));
#2084=CARTESIAN_POINT('',(0.0153583881002035,0.076538521455612,0.0904570339536659));
#2085=CARTESIAN_POINT('',(0.0152918640729157,0.0764988396347047,0.090508139349631));
#2086=CARTESIAN_POINT('',(0.0151464646409121,0.0764196402403377,0.0905880865948292));
#2087=CARTESIAN_POINT('',(0.0150676030206044,0.0763801302344389,0.0906169209050581));
#2088=CARTESIAN_POINT('',(0.0149034571052727,0.0763042597980892,0.0906501601334697));
#2089=CARTESIAN_POINT('',(0.0148181883576097,0.0762679066237926,0.0906545619304488));
#2090=CARTESIAN_POINT('',(0.0147329131500773,0.0762345028745277,0.090646583608714));
#2091=CARTESIAN_POINT('',(0.0156241182819275,0.0768581001999575,0.0899273871120661));
#2092=CARTESIAN_POINT('',(0.0156101483244547,0.0768318394685381,0.0900169297791206));
#2093=CARTESIAN_POINT('',(0.0155836619495768,0.0768017621300668,0.0901033840219969));
#2094=CARTESIAN_POINT('',(0.0155077558395575,0.076736355775457,0.0902632914341311));
#2095=CARTESIAN_POINT('',(0.0154583441704638,0.0767010337245679,0.090336727706336));
#2096=CARTESIAN_POINT('',(0.0153405097489474,0.0766279504905042,0.0904647714374078));
#2097=CARTESIAN_POINT('',(0.0152720994788245,0.0765901971004129,0.0905193653797419));
#2098=CARTESIAN_POINT('',(0.0151216958180231,0.0765152599460778,0.0906053923060784));
#2099=CARTESIAN_POINT('',(0.0150397183386463,0.0764780841840631,0.0906368162209842));
#2100=CARTESIAN_POINT('',(0.0148686838324732,0.0764072678618334,0.0906740092046939));
#2101=CARTESIAN_POINT('',(0.0147796448884757,0.076373634877187,0.0906797743671523));
#2102=CARTESIAN_POINT('',(0.014690598234809,0.0763431126150133,0.090672482822882));
#2103=CARTESIAN_POINT('',(0.0155848935270351,0.0770318415738602,0.0898967562077908));
#2104=CARTESIAN_POINT('',(0.0155764544717182,0.0770072335091874,0.0899923742554545));
#2105=CARTESIAN_POINT('',(0.0155536365216444,0.0769796060791126,0.0900859237513442));
#2106=CARTESIAN_POINT('',(0.0154812379435043,0.0769207230447049,0.0902607624632704));
#2107=CARTESIAN_POINT('',(0.0154316666572959,0.0768894750648255,0.0903420292885291));
#2108=CARTESIAN_POINT('',(0.0153100936870438,0.0768260959591386,0.0904852054904175));
#2109=CARTESIAN_POINT('',(0.0152381076203509,0.0767939730593666,0.0905470965521581));
#2110=CARTESIAN_POINT('',(0.0150779918867877,0.0767316704537039,0.0906461170503911));
#2111=CARTESIAN_POINT('',(0.0149898827538562,0.0767014988565228,0.0906832338386168));
#2112=CARTESIAN_POINT('',(0.0148052141338112,0.0766457586481445,0.0907294648694195));
#2113=CARTESIAN_POINT('',(0.0147086783118045,0.0766201973188514,0.0907385732282295));
#2114=CARTESIAN_POINT('',(0.0146121319984816,0.0765980673051432,0.0907332823581846));
#2115=CARTESIAN_POINT('',(0.015569537281888,0.0771234479551331,0.0898873445502084));
#2116=CARTESIAN_POINT('',(0.0155639557257296,0.0770993191866913,0.0899853400657268));
#2117=CARTESIAN_POINT('',(0.015543137537405,0.0770729247181128,0.0900818907728952));
#2118=CARTESIAN_POINT('',(0.0154729199660443,0.0770179990504749,0.0902633609467667));
#2119=CARTESIAN_POINT('',(0.0154235304272842,0.0769894755711836,0.0903482550852309));
#2120=CARTESIAN_POINT('',(0.0153006667049946,0.0769329005496934,0.0904986782465675));
#2121=CARTESIAN_POINT('',(0.0152272097032861,0.0769048569925886,0.0905641862921667));
#2122=CARTESIAN_POINT('',(0.0150628992683378,0.0768518125924373,0.0906698692076627));
#2123=CARTESIAN_POINT('',(0.0149720687919662,0.0768268192699762,0.0907100293559684));
#2124=CARTESIAN_POINT('',(0.0147812824993625,0.0767821727886052,0.0907613567028868));
#2125=CARTESIAN_POINT('',(0.0146813533284258,0.0767625259967146,0.0907725167714712));
#2126=CARTESIAN_POINT('',(0.0145814121587846,0.0767464558764318,0.0907686708162973));
#2127=CARTESIAN_POINT('',(0.0155543405012319,0.0773110319156811,0.0898777100712725));
#2128=CARTESIAN_POINT('',(0.015554020761703,0.0772869659307163,0.0899795136052396));
#2129=CARTESIAN_POINT('',(0.0155371222704288,0.0772626132125679,0.0900811747659367));
#2130=CARTESIAN_POINT('',(0.0154718130195459,0.0772156990028454,0.0902743646141097));
#2131=CARTESIAN_POINT('',(0.0154234127618656,0.0771931450804991,0.0903658623839333));
#2132=CARTESIAN_POINT('',(0.0152998153876822,0.0771520407341002,0.0905298038890063));
#2133=CARTESIAN_POINT('',(0.0152246380895344,0.0771334969895287,0.0906022214075754));
#2134=CARTESIAN_POINT('',(0.0150548121428589,0.0771022408323946,0.0907209407231656));
#2135=CARTESIAN_POINT('',(0.0149601906998554,0.0770895335554676,0.0907672235535043));
#2136=CARTESIAN_POINT('',(0.0147606983593815,0.077071214055487,0.0908291588422995));
#2137=CARTESIAN_POINT('',(0.0146558594073376,0.0770656049188721,0.0908448014273841));
#2138=CARTESIAN_POINT('',(0.0145510057641814,0.077063830544286,0.0908443645392937));
#2139=CARTESIAN_POINT('',(0.0155564010666792,0.0774055294528994,0.0898785848999977));
#2140=CARTESIAN_POINT('',(0.015558387973269,0.077380965709377,0.0899816715392856));
#2141=CARTESIAN_POINT('',(0.0155433659361129,0.0773573738313099,0.0900852915132894));
#2142=CARTESIAN_POINT('',(0.015480803066192,0.0773144836224897,0.0902832854695738));
#2143=CARTESIAN_POINT('',(0.0154332728492044,0.0772951925824473,0.0903776259545823));
#2144=CARTESIAN_POINT('',(0.0153104493537885,0.0772628459729151,0.0905476070101872));
#2145=CARTESIAN_POINT('',(0.0152351768883786,0.0772497959467142,0.0906232188370419));
#2146=CARTESIAN_POINT('',(0.0150644059095419,0.0772312535410267,0.0907481636287036));
#2147=CARTESIAN_POINT('',(0.0149689363218074,0.0772257643989156,0.0907974754789784));
#2148=CARTESIAN_POINT('',(0.0147673342465062,0.0772229124909623,0.0908648748711874));
#2149=CARTESIAN_POINT('',(0.0146612359008488,0.0772255503272766,0.0908829510394872));
#2150=CARTESIAN_POINT('',(0.0145551217405499,0.0772321296727563,0.0908845064500402));
#2151=CARTESIAN_POINT('',(0.0155823273839832,0.0775949840120173,0.0898866287056091));
#2152=CARTESIAN_POINT('',(0.0155881346591308,0.0775687041266876,0.0899916395682638));
#2153=CARTESIAN_POINT('',(0.0155766032015696,0.0775461951192353,0.0900985231610575));
#2154=CARTESIAN_POINT('',(0.0155200671464083,0.0775110625584345,0.0903049172189665));
#2155=CARTESIAN_POINT('',(0.0154750730466258,0.077498445546152,0.0904043894928852));
#2156=CARTESIAN_POINT('',(0.0153563180697644,0.0774844312953108,0.0905855395028316));
#2157=CARTESIAN_POINT('',(0.0152825792060115,0.0774830367325171,0.090667183735408));
#2158=CARTESIAN_POINT('',(0.0151140541203057,0.0774916323019029,0.0908041219847499));
#2159=CARTESIAN_POINT('',(0.0150192991220362,0.0775016209605645,0.0908593906904776));
#2160=CARTESIAN_POINT('',(0.0148186655951027,0.0775319597606209,0.0909377832173091));
#2161=CARTESIAN_POINT('',(0.0147128242316031,0.0775523044276987,0.0909608925667255));
#2162=CARTESIAN_POINT('',(0.0146069655152046,0.0775767767717529,0.090966715706762));
#2163=CARTESIAN_POINT('',(0.0156088298983329,0.0776912121837933,0.089894598246645));
#2164=CARTESIAN_POINT('',(0.0156160909835465,0.0776636265484844,0.0900001829361306));
#2165=CARTESIAN_POINT('',(0.0156061708563758,0.077641404674195,0.0901083137843306));
#2166=CARTESIAN_POINT('',(0.0155530209833562,0.0776100423622384,0.0903182160564964));
#2167=CARTESIAN_POINT('',(0.0155098014643867,0.0776009079663277,0.090419947186964));
#2168=CARTESIAN_POINT('',(0.0153946543420033,0.0775967051004966,0.0906061969959188));
#2169=CARTESIAN_POINT('',(0.015322748879513,0.0776016374898744,0.0906906799318522));
#2170=CARTESIAN_POINT('',(0.015157894591528,0.0776250565666166,0.090833417241869));
#2171=CARTESIAN_POINT('',(0.0150649774587266,0.0776435388363135,0.0908916442339297));
#2172=CARTESIAN_POINT('',(0.014868009859087,0.0776921034808045,0.0909756515711108));
#2173=CARTESIAN_POINT('',(0.0147639972556707,0.0777221766275774,0.0910014158126627));
#2174=CARTESIAN_POINT('',(0.0146599669511858,0.0777564549680913,0.09100957803975));
#2175=CARTESIAN_POINT('',(0.015671296383374,0.077835469853364,0.0899094379006687));
#2176=CARTESIAN_POINT('',(0.0156800186569977,0.077805561459446,0.0900155979402229));
#2177=CARTESIAN_POINT('',(0.0156723163628272,0.0777835292388959,0.0901252974785741));
#2178=CARTESIAN_POINT('',(0.0156248980856777,0.0777576047188776,0.0903398885981249));
#2179=CARTESIAN_POINT('',(0.0155851916490071,0.0777537176416403,0.0904447370184148));
#2180=CARTESIAN_POINT('',(0.0154780881963928,0.0777645169492264,0.0906381788670376));
#2181=CARTESIAN_POINT('',(0.0154107127361151,0.0777792011816698,0.0907267333921881));
#2182=CARTESIAN_POINT('',(0.0152556170629672,0.0778255510435558,0.0908779149491914));
#2183=CARTESIAN_POINT('',(0.0151679280621685,0.0778572073798416,0.090940511580615));
#2184=CARTESIAN_POINT('',(0.0149817719600211,0.0779340571558788,0.0910329348703246));
#2185=CARTESIAN_POINT('',(0.014883342320266,0.0779792351742502,0.0910627429479607));
#2186=CARTESIAN_POINT('',(0.0147848952202143,0.0780287211805949,0.0910745331152705));
#2187=CARTESIAN_POINT('',(0.0156995528844006,0.0778876209140733,0.0899155467718025));
#2188=CARTESIAN_POINT('',(0.015708625566269,0.0778567807143354,0.0900218408233059));
#2189=CARTESIAN_POINT('',(0.0157016769563718,0.0778347571278568,0.0901320298095316));
#2190=CARTESIAN_POINT('',(0.0156564961514077,0.077810747289249,0.0903481695461227));
#2191=CARTESIAN_POINT('',(0.0156182731875311,0.077808765944198,0.0904540761688898));
#2192=CARTESIAN_POINT('',(0.0155147357596626,0.0778250679568182,0.0906500026682149));
#2193=CARTESIAN_POINT('',(0.0154494424467723,0.0778433480000208,0.0907399825467219));
#2194=CARTESIAN_POINT('',(0.0152989358460033,0.0778981730982194,0.0908941541467797));
#2195=CARTESIAN_POINT('',(0.0152137533030398,0.0779347069808311,0.090958314397136));
#2196=CARTESIAN_POINT('',(0.0150328304959798,0.0780220326037914,0.0910537809984617));
#2197=CARTESIAN_POINT('',(0.0149371271895022,0.0780728065409931,0.0910850678648275));
#2198=CARTESIAN_POINT('',(0.0148414066985329,0.0781279222089687,0.091098201130087));
#2199=CARTESIAN_POINT('',(0.0157647539526476,0.0779862432469734,0.0899279662564597));
#2200=CARTESIAN_POINT('',(0.015774164654394,0.0779535286182404,0.0900344294529261));
#2201=CARTESIAN_POINT('',(0.0157685754985752,0.0779314461957622,0.0901454541703189));
#2202=CARTESIAN_POINT('',(0.015728015921762,0.0779109873153203,0.090364351343634));
#2203=CARTESIAN_POINT('',(0.01569305400598,0.0779126151491539,0.0904721779346709));
#2204=CARTESIAN_POINT('',(0.0155976326760761,0.0779394066488486,0.0906726658080973));
#2205=CARTESIAN_POINT('',(0.0155371932678034,0.0779645647147802,0.0907652850855786));
#2206=CARTESIAN_POINT('',(0.0153975412335803,0.0780356262590728,0.0909250346743626));
#2207=CARTESIAN_POINT('',(0.0153183578854293,0.0780815148686907,0.0909921315185825));
#2208=CARTESIAN_POINT('',(0.0151500336471005,0.0781889373125782,0.0910933516854143));
#2209=CARTESIAN_POINT('',(0.0150609280451485,0.0782504486640744,0.0911274538056665));
#2210=CARTESIAN_POINT('',(0.0149718061591856,0.0783163614880707,0.0911431631837768));
#2211=CARTESIAN_POINT('',(0.0158018060122486,0.0780327335213368,0.0899342898867156));
#2212=CARTESIAN_POINT('',(0.0158112017868705,0.0779990747281975,0.0900407871431421));
#2213=CARTESIAN_POINT('',(0.0158062181594921,0.0779769241128238,0.090152157182476));
#2214=CARTESIAN_POINT('',(0.01576804642769,0.0779581017432397,0.0903722616354841));
#2215=CARTESIAN_POINT('',(0.0157348664163332,0.0779614339802586,0.090480949414102));
#2216=CARTESIAN_POINT('',(0.0156440078253262,0.0779932156651373,0.0906835133290307));
#2217=CARTESIAN_POINT('',(0.0155863485075694,0.0780216583882747,0.0907773465485396));
#2218=CARTESIAN_POINT('',(0.0154529816032632,0.0781004871279542,0.0909396843653039));
#2219=CARTESIAN_POINT('',(0.0153773022896846,0.0781508564564065,0.0910081545701303));
#2220=CARTESIAN_POINT('',(0.0152163675009596,0.0782679075006207,0.0911120861918338));
#2221=CARTESIAN_POINT('',(0.0151311461427118,0.0783345644330279,0.0911475255920565));
#2222=CARTESIAN_POINT('',(0.0150459091282438,0.0784056488018978,0.0911644689528369));
#2223=CARTESIAN_POINT('',(0.0159077278491951,0.0781436336357253,0.0899500484075046));
#2224=CARTESIAN_POINT('',(0.0159166663134397,0.0781076327797519,0.0900565624821649));
#2225=CARTESIAN_POINT('',(0.0159130780716433,0.0780852583427021,0.0901686868497478));
#2226=CARTESIAN_POINT('',(0.0158812527163675,0.0780702801951959,0.0903915381578443));
#2227=CARTESIAN_POINT('',(0.0158530225279589,0.0780776797456486,0.0905022167016574));
#2228=CARTESIAN_POINT('',(0.0157751066977592,0.0781214254589111,0.0907096249077264));
#2229=CARTESIAN_POINT('',(0.015725438004927,0.0781577621444155,0.090806309531665));
#2230=CARTESIAN_POINT('',(0.015610272880653,0.0782552779508078,0.0909747604721984));
#2231=CARTESIAN_POINT('',(0.0155448014991082,0.0783164359293023,0.0910464902143556));
#2232=CARTESIAN_POINT('',(0.0154054544856323,0.0784566749401789,0.0911568875106023));
#2233=CARTESIAN_POINT('',(0.0153316091625939,0.0785357255599431,0.0911955310999327));
#2234=CARTESIAN_POINT('',(0.0152577502186307,0.0786192623478305,0.0912154459972599));
#2235=CARTESIAN_POINT('',(0.0159816305135656,0.0782016019530999,0.0899589797035666));
#2236=CARTESIAN_POINT('',(0.0159898846049631,0.0781642843181927,0.0900654362146573));
#2237=CARTESIAN_POINT('',(0.0159869741695578,0.0781417298414617,0.0901778833704922));
#2238=CARTESIAN_POINT('',(0.0159591538958722,0.0781286996190394,0.0904020334227135));
#2239=CARTESIAN_POINT('',(0.015934250177171,0.0781382267388396,0.0905136870795235));
#2240=CARTESIAN_POINT('',(0.0158652756780301,0.0781882880919096,0.0907235161635677));
#2241=CARTESIAN_POINT('',(0.0158212200688156,0.0782288113375147,0.0908216454990323));
#2242=CARTESIAN_POINT('',(0.0157189609288441,0.0783362585993949,0.0909932290034599));
#2243=CARTESIAN_POINT('',(0.0156607798900592,0.0784031590270936,0.0910666454836182));
#2244=CARTESIAN_POINT('',(0.0155369031865805,0.0785557446161511,0.0911804200042654));
#2245=CARTESIAN_POINT('',(0.0154712347684958,0.0786413962766926,0.0912207530559034));
#2246=CARTESIAN_POINT('',(0.0154055543618863,0.0787315615033521,0.0912422499827986));
#2247=CARTESIAN_POINT('',(0.0161465090925319,0.078296727968167,0.089974025073702));
#2248=CARTESIAN_POINT('',(0.016152792032282,0.0782571959361364,0.0900803510938135));
#2249=CARTESIAN_POINT('',(0.0161510326036973,0.0782343086855017,0.0901932885756547));
#2250=CARTESIAN_POINT('',(0.016131630155774,0.0782244364315752,0.0904194938388908));
#2251=CARTESIAN_POINT('',(0.0161139914830982,0.0782374536387987,0.0905327110450687));
#2252=CARTESIAN_POINT('',(0.0160648546875455,0.0782979095867983,0.090746450322594));
#2253=CARTESIAN_POINT('',(0.0160333675711252,0.0783453348206691,0.0908469246078623));
#2254=CARTESIAN_POINT('',(0.0159601536108177,0.0784691675795085,0.0910236130960038));
#2255=CARTESIAN_POINT('',(0.0159184431660651,0.0785455474331618,0.0910997877981936));
#2256=CARTESIAN_POINT('',(0.015829581126631,0.0787185171058956,0.0912191028470354));
#2257=CARTESIAN_POINT('',(0.0157824494358446,0.0788150682711487,0.0912622165215816));
#2258=CARTESIAN_POINT('',(0.0157353096662784,0.0789161760931472,0.0912863258082186));
#2259=CARTESIAN_POINT('',(0.0162374659418886,0.0783325971106724,0.0899799608893613));
#2260=CARTESIAN_POINT('',(0.0162424464515854,0.0782921943399082,0.0900862132267705));
#2261=CARTESIAN_POINT('',(0.0162411472281686,0.0782691568395733,0.0901993089651393));
#2262=CARTESIAN_POINT('',(0.0162261381576526,0.0782604501357925,0.0904262378919978));
#2263=CARTESIAN_POINT('',(0.0162124316904878,0.0782747828915143,0.0905400200329382));
#2264=CARTESIAN_POINT('',(0.0161741850973256,0.0783391796948846,0.090755191776802));
#2265=CARTESIAN_POINT('',(0.016149653584126,0.0783892292583863,0.0908565329773248));
#2266=CARTESIAN_POINT('',(0.0160925844365453,0.078519300405089,0.091035122658399));
#2267=CARTESIAN_POINT('',(0.0160600596536166,0.078599292731786,0.0911123309659621));
#2268=CARTESIAN_POINT('',(0.0159907556829398,0.0787800322902941,0.0912337343560629));
#2269=CARTESIAN_POINT('',(0.0159539921018065,0.0788807388684584,0.0912779021298267));
#2270=CARTESIAN_POINT('',(0.0159172227280138,0.0789860170964096,0.091303007461463));
#2271=CARTESIAN_POINT('',(0.0164292381758753,0.0783776395917806,0.089987459495613));
#2272=CARTESIAN_POINT('',(0.016431290884522,0.0783361383622569,0.0900936159559881));
#2273=CARTESIAN_POINT('',(0.0164308138559851,0.0783129086126014,0.0902069069177729));
#2274=CARTESIAN_POINT('',(0.0164248552379157,0.0783056616834839,0.0904347381316411));
#2275=CARTESIAN_POINT('',(0.016419375002905,0.0783216461471449,0.0905492267475916));
#2276=CARTESIAN_POINT('',(0.0164040434046535,0.0783909941332788,0.0907661927041286));
#2277=CARTESIAN_POINT('',(0.016394195526448,0.0784443419406686,0.0908686208715234));
#2278=CARTESIAN_POINT('',(0.0163712689993945,0.0785822546637701,0.0910495963562905));
#2279=CARTESIAN_POINT('',(0.0163581955619345,0.0786667883259145,0.0911281026577528));
#2280=CARTESIAN_POINT('',(0.0163303329500496,0.078857295898717,0.0912521303461215));
#2281=CARTESIAN_POINT('',(0.016315550109002,0.0789632266363701,0.0912976236240902));
#2282=CARTESIAN_POINT('',(0.0163007664044306,0.0790737476792885,0.0913239822984534));
#2283=CARTESIAN_POINT('',(0.016532677210678,0.078385649424605,0.0899888332969087));
#2284=CARTESIAN_POINT('',(0.0165330546028039,0.0783439484567953,0.0900949696269393));
#2285=CARTESIAN_POINT('',(0.0165329427903539,0.0783206814456631,0.0902082921187658));
#2286=CARTESIAN_POINT('',(0.0165317535866307,0.078313690912143,0.0904362779671852));
#2287=CARTESIAN_POINT('',(0.0165306764638703,0.0783299689761955,0.0905508895867966));
#2288=CARTESIAN_POINT('',(0.0165276807289538,0.0784001998990047,0.0907681705217537));
#2289=CARTESIAN_POINT('',(0.0165257627931441,0.078454136820445,0.0908707905294376));
#2290=CARTESIAN_POINT('',(0.01652130677877,0.0785934511763324,0.0910521889040704));
#2291=CARTESIAN_POINT('',(0.0165187697062132,0.0786787969964448,0.0911309261062474));
#2292=CARTESIAN_POINT('',(0.0165133684389007,0.0788710516795031,0.0912554222126477));
#2293=CARTESIAN_POINT('',(0.01651050546354,0.0789779169144167,0.0913011528649918));
#2294=CARTESIAN_POINT('',(0.0165076443407721,0.0790893756192656,0.0913277367383652));
#2295=CARTESIAN_POINT('',(0.0166991968512751,0.078372795923589,0.0899867014973055));
#2296=CARTESIAN_POINT('',(0.0166969270427923,0.0783314112837925,0.0900928666655939));
#2297=CARTESIAN_POINT('',(0.0166974437194409,0.0783082011297774,0.0902061356865345));
#2298=CARTESIAN_POINT('',(0.0167039906777539,0.0783007960846551,0.090433869529334));
#2299=CARTESIAN_POINT('',(0.0167100194762494,0.0783166028705034,0.0905482827792562));
#2300=CARTESIAN_POINT('',(0.0167268950176149,0.0783854192454086,0.0907650585898142));
#2301=CARTESIAN_POINT('',(0.0167377379374506,0.0784384132506089,0.0908673720600564));
#2302=CARTESIAN_POINT('',(0.0167629882506267,0.0785754851680991,0.0910480967618169));
#2303=CARTESIAN_POINT('',(0.0167773899236895,0.0786595320396379,0.0911264670669849));
#2304=CARTESIAN_POINT('',(0.0168080915861656,0.0788489926536546,0.091250220716189));
#2305=CARTESIAN_POINT('',(0.0168243846203382,0.0789543634916271,0.0912955760353818));
#2306=CARTESIAN_POINT('',(0.0168406838428566,0.0790643225777818,0.0913218047310924));
#2307=CARTESIAN_POINT('',(0.0167635884551187,0.0783613699885079,0.0899847936667871));
#2308=CARTESIAN_POINT('',(0.0167603077879184,0.0783202668229836,0.0900909848293135));
#2309=CARTESIAN_POINT('',(0.0167610779208042,0.0782971074064579,0.0902042064768158));
#2310=CARTESIAN_POINT('',(0.0167706313490555,0.0782893340911105,0.0904317161787452));
#2311=CARTESIAN_POINT('',(0.016779412482959,0.0783047219497368,0.0905459528078401));
#2312=CARTESIAN_POINT('',(0.0168039753084568,0.0783722807286698,0.0907622786028986));
#2313=CARTESIAN_POINT('',(0.0168197514428303,0.0784244363795302,0.0908643188717429));
#2314=CARTESIAN_POINT('',(0.0168564816892426,0.0785595144625097,0.0910444429481107));
#2315=CARTESIAN_POINT('',(0.0168774274912804,0.0786424063641056,0.0911224860415946));
#2316=CARTESIAN_POINT('',(0.0169220753934084,0.0788293825951466,0.0912455773321392));
#2317=CARTESIAN_POINT('',(0.0169457673921943,0.0789334246636905,0.091290597706734));
#2318=CARTESIAN_POINT('',(0.0169694672464498,0.079042050347708,0.0913165093353631));
#2319=CARTESIAN_POINT('',(0.0168900632556665,0.0783256766523505,0.0899789151817378));
#2320=CARTESIAN_POINT('',(0.0168848906432197,0.0782854400513173,0.0900851791906727));
#2321=CARTESIAN_POINT('',(0.0168862347623569,0.0782624302566115,0.0901982434714712));
#2322=CARTESIAN_POINT('',(0.0169018026049557,0.0782534973228222,0.0904250344241253));
#2323=CARTESIAN_POINT('',(0.0169160228285476,0.0782675761912121,0.0905387101400813));
#2324=CARTESIAN_POINT('',(0.0169557081712073,0.0783312136372077,0.090753613965083));
#2325=CARTESIAN_POINT('',(0.0169811643685236,0.0783807579178679,0.0908547937893063));
#2326=CARTESIAN_POINT('',(0.0170403899920338,0.0785096283673471,0.091033031129674));
#2327=CARTESIAN_POINT('',(0.0170741461036063,0.078588925583227,0.0911100485995004));
#2328=CARTESIAN_POINT('',(0.0171460810624963,0.0787681701671155,0.0912310679662273));
#2329=CARTESIAN_POINT('',(0.0171842437379954,0.0788680772644734,0.0912750426727963));
#2330=CARTESIAN_POINT('',(0.0172224174813589,0.0789725530606228,0.0912999663912152));
#2331=CARTESIAN_POINT('',(0.016951701853429,0.0783014169355509,0.0899749461123379));
#2332=CARTESIAN_POINT('',(0.0169456557928514,0.0782617651634787,0.0900812569319765));
#2333=CARTESIAN_POINT('',(0.0169473192330583,0.078238854160765,0.0901942112174383));
#2334=CARTESIAN_POINT('',(0.0169658750415767,0.0782291300461507,0.0904205076371858));
#2335=CARTESIAN_POINT('',(0.0169827632545036,0.0782423191112127,0.0905337991383901));
#2336=CARTESIAN_POINT('',(0.0170298309258767,0.0783032936579446,0.0907477312339417));
#2337=CARTESIAN_POINT('',(0.0170599998444915,0.0783510655005005,0.0908483239624306));
#2338=CARTESIAN_POINT('',(0.0171301612727071,0.0784757235473739,0.0910252755379441));
#2339=CARTESIAN_POINT('',(0.0171701380712796,0.0785525818656691,0.091101594793962));
#2340=CARTESIAN_POINT('',(0.017255316800247,0.0787265809521086,0.0912212050162657));
#2341=CARTESIAN_POINT('',(0.0173004996569177,0.0788236827956902,0.0912644692218488));
#2342=CARTESIAN_POINT('',(0.0173456951147485,0.0789253430550797,0.0912887223167562));
#2343=CARTESIAN_POINT('',(0.0170565504080466,0.0782475613644222,0.0899663548685633));
#2344=CARTESIAN_POINT('',(0.0170491681822728,0.0782091768844775,0.090072748587467));
#2345=CARTESIAN_POINT('',(0.0170514964213561,0.0781864636950226,0.0901854356386804));
#2346=CARTESIAN_POINT('',(0.0170753091518637,0.0781749612407334,0.0904105894964534));
#2347=CARTESIAN_POINT('',(0.0170967883646058,0.0781861745253772,0.0905230064138712));
#2348=CARTESIAN_POINT('',(0.0171564508657789,0.0782412559365835,0.0907347440829918));
#2349=CARTESIAN_POINT('',(0.0171946209287839,0.0782851118607233,0.0908340179187651));
#2350=CARTESIAN_POINT('',(0.0172832997684371,0.0784004703223082,0.0910080932156123));
#2351=CARTESIAN_POINT('',(0.0173337888876753,0.0784719473025912,0.091082856106284));
#2352=CARTESIAN_POINT('',(0.0174413272755765,0.0786343739503306,0.0911993357014993));
#2353=CARTESIAN_POINT('',(0.0174983527062808,0.0787252876322221,0.0912410265978155));
#2354=CARTESIAN_POINT('',(0.0175553932496469,0.0788207358145485,0.0912637995825635));
#2355=CARTESIAN_POINT('',(0.0171009777206946,0.078220089771047,0.0899620354100028));
#2356=CARTESIAN_POINT('',(0.0170930845729258,0.0781823428546402,0.0900684654080782));
#2357=CARTESIAN_POINT('',(0.0170957394280834,0.078159724407551,0.0901810095527624));
#2358=CARTESIAN_POINT('',(0.0171218440527883,0.0781473085253322,0.0904055678014777));
#2359=CARTESIAN_POINT('',(0.0171452880646334,0.0781575138286366,0.0905175324036779));
#2360=CARTESIAN_POINT('',(0.0172103011418393,0.0782095944069041,0.0907281400486169));
#2361=CARTESIAN_POINT('',(0.0172518558684817,0.0782514582055225,0.0908267366656773));
#2362=CARTESIAN_POINT('',(0.0173483498069413,0.0783620877657733,0.0909993385009453));
#2363=CARTESIAN_POINT('',(0.0174032677371534,0.0784308291468324,0.0910733056721826));
#2364=CARTESIAN_POINT('',(0.0175202183978069,0.078587373404603,0.0911881876571921));
#2365=CARTESIAN_POINT('',(0.0175822253350626,0.0786751417808127,0.0912290771482282));
#2366=CARTESIAN_POINT('',(0.01764424841347,0.0787674321470242,0.0912510976056924));
#2367=CARTESIAN_POINT('',(0.0171857197223321,0.0781578100941299,0.089952523889193));
#2368=CARTESIAN_POINT('',(0.017177004378773,0.0781214699882108,0.0900590093193048));
#2369=CARTESIAN_POINT('',(0.0171804058818778,0.078099039780135,0.0901712003179695));
#2370=CARTESIAN_POINT('',(0.0172110591776817,0.0780845265269027,0.0903943520130895));
#2371=CARTESIAN_POINT('',(0.0172383042925432,0.0780924466434286,0.0905052641190787));
#2372=CARTESIAN_POINT('',(0.0173135608698012,0.0781377483282661,0.0907132636319318));
#2373=CARTESIAN_POINT('',(0.0173615559381331,0.0781751200366756,0.0908103057485357));
#2374=CARTESIAN_POINT('',(0.0174728705246823,0.078275094971344,0.0909795404200061));
#2375=CARTESIAN_POINT('',(0.0175361657940986,0.0783376764351792,0.091051696126191));
#2376=CARTESIAN_POINT('',(0.0176708988420939,0.0784809768330103,0.0911629542017492));
#2377=CARTESIAN_POINT('',(0.0177423072704929,0.0785616645721816,0.0912020323470518));
#2378=CARTESIAN_POINT('',(0.0178137337052297,0.078646844576163,0.0912223581239728));
#2379=CARTESIAN_POINT('',(0.0172257912974839,0.0781231055298377,0.0899473489035647));
#2380=CARTESIAN_POINT('',(0.0172167682167901,0.0780875321287051,0.090053853284004));
#2381=CARTESIAN_POINT('',(0.0172205885688041,0.0780651949532827,0.0901658345015063));
#2382=CARTESIAN_POINT('',(0.0172534869676804,0.0780495010639712,0.0903881773318651));
#2383=CARTESIAN_POINT('',(0.0172825578981566,0.0780561477453476,0.0904984908770011));
#2384=CARTESIAN_POINT('',(0.0173626783082634,0.0780976826971495,0.0907050163897988));
#2385=CARTESIAN_POINT('',(0.0174137104581994,0.0781325619952024,0.0908011837106373));
#2386=CARTESIAN_POINT('',(0.0175319874085858,0.0782266291770211,0.0909685301347133));
#2387=CARTESIAN_POINT('',(0.0175992066267804,0.0782857967353089,0.091039673062219));
#2388=CARTESIAN_POINT('',(0.0177422574458134,0.0784217580639916,0.0911489108369899));
#2389=CARTESIAN_POINT('',(0.0178180581062787,0.0784985224543489,0.0911869820715331));
#2390=CARTESIAN_POINT('',(0.0178938776036612,0.0785797619374849,0.0912063685597457));
#2391=CARTESIAN_POINT('',(0.0173220396997459,0.0780251490931697,0.0899333518846073));
#2392=CARTESIAN_POINT('',(0.0173125484627325,0.0779916579882066,0.0900398511223625));
#2393=CARTESIAN_POINT('',(0.0173175942906265,0.0779695277338433,0.0901511769597752));
#2394=CARTESIAN_POINT('',(0.017356198997228,0.0779504472108184,0.0903711153045553));
#2395=CARTESIAN_POINT('',(0.0173897496991253,0.0779535009845726,0.0904796812885161));
#2396=CARTESIAN_POINT('',(0.0174816187350754,0.0779844589941107,0.0906819474274435));
#2397=CARTESIAN_POINT('',(0.0175399176136947,0.0780123566993833,0.0907756048007969));
#2398=CARTESIAN_POINT('',(0.0176747645718592,0.0780898936036662,0.0909375651971722));
#2399=CARTESIAN_POINT('',(0.0177512840955707,0.0781395164289428,0.0910058339671846));
#2400=CARTESIAN_POINT('',(0.0179140107196634,0.078254962704928,0.0911093661950194));
#2401=CARTESIAN_POINT('',(0.0180001833608432,0.0783207617692419,0.0911446077607886));
#2402=CARTESIAN_POINT('',(0.0180863766657285,0.0783909845378343,0.0911613679828716));
#2403=CARTESIAN_POINT('',(0.0173731800574745,0.077957759504874,0.0899242469229816));
#2404=CARTESIAN_POINT('',(0.0173637251787273,0.0779256298627776,0.0900306924679277));
#2405=CARTESIAN_POINT('',(0.0173696530941333,0.0779035933160142,0.0901415131129913));
#2406=CARTESIAN_POINT('',(0.0174116200692419,0.0778821348703011,0.0903596927844939));
#2407=CARTESIAN_POINT('',(0.0174476503805975,0.0778827174489171,0.0904670064104832));
#2408=CARTESIAN_POINT('',(0.0175458316087532,0.0779064450219282,0.0906662568022668));
#2409=CARTESIAN_POINT('',(0.0176079620685336,0.0779295851109438,0.09075815211298));
#2410=CARTESIAN_POINT('',(0.0177514523135523,0.0779958735240931,0.0909163582258206));
#2411=CARTESIAN_POINT('',(0.0178327822047886,0.0780390081025739,0.0909826361184557));
#2412=CARTESIAN_POINT('',(0.0180056446060475,0.0781405122500891,0.0910822401346397));
#2413=CARTESIAN_POINT('',(0.0180971411045322,0.0781988607560755,0.0911155455458846));
#2414=CARTESIAN_POINT('',(0.0181886590598884,0.0782615950903303,0.0911305203805888));
#2415=CARTESIAN_POINT('',(0.017461166706088,0.0778048514618051,0.0899061116664524));
#2416=CARTESIAN_POINT('',(0.0174526058735805,0.0777754876191063,0.0900121877799225));
#2417=CARTESIAN_POINT('',(0.0174607215187435,0.0777534490550441,0.0901215992594578));
#2418=CARTESIAN_POINT('',(0.0175094287893598,0.0777264003112612,0.0903352889908632));
#2419=CARTESIAN_POINT('',(0.0175500106876742,0.07772139553765,0.090439524647068));
#2420=CARTESIAN_POINT('',(0.0176592496706132,0.0777289686108498,0.0906315330475568));
#2421=CARTESIAN_POINT('',(0.0177278849490182,0.0777415449854119,0.0907192675254901));
#2422=CARTESIAN_POINT('',(0.017885777750046,0.0777829269997008,0.090868733586285));
#2423=CARTESIAN_POINT('',(0.0179750037578906,0.0778117244466653,0.0909304353885192));
#2424=CARTESIAN_POINT('',(0.0181643831887677,0.0778824339781655,0.091021122107802));
#2425=CARTESIAN_POINT('',(0.0182644988141832,0.0779243320362642,0.0910500889642499));
#2426=CARTESIAN_POINT('',(0.0183646367658443,0.077970518178366,0.0910611179798522));
#2427=CARTESIAN_POINT('',(0.0174961612235044,0.0777192620318649,0.0898972171949118));
#2428=CARTESIAN_POINT('',(0.0174885144900597,0.0776912832770031,0.0900029639983838));
#2429=CARTESIAN_POINT('',(0.0174979504937376,0.0776691345257785,0.090111456034873));
#2430=CARTESIAN_POINT('',(0.0175499806807066,0.0776388554079457,0.0903223835661162));
#2431=CARTESIAN_POINT('',(0.0175925647498742,0.0776307309386871,0.0904247781665874));
#2432=CARTESIAN_POINT('',(0.017706334667939,0.0776293829793493,0.0906125328272702));
#2433=CARTESIAN_POINT('',(0.017777498425412,0.0776361598110688,0.0906978564980633));
#2434=CARTESIAN_POINT('',(0.0179408049693922,0.0776639043725068,0.0908423185091019));
#2435=CARTESIAN_POINT('',(0.0180329160552506,0.0776848668109451,0.0909014288620954));
#2436=CARTESIAN_POINT('',(0.0182282454451979,0.0777387548123303,0.0909871208838479));
#2437=CARTESIAN_POINT('',(0.018331425837059,0.0777716700332619,0.0910136859643726));
#2438=CARTESIAN_POINT('',(0.0184346285674985,0.0778088127145831,0.0910225584052136));
#2439=CARTESIAN_POINT('',(0.0175450057216525,0.0775335293355221,0.089883434497419));
#2440=CARTESIAN_POINT('',(0.0175402774436574,0.0775079034774787,0.0899879058563693));
#2441=CARTESIAN_POINT('',(0.0175528715981648,0.0774851038459665,0.0900938225660795));
#2442=CARTESIAN_POINT('',(0.0176114082650063,0.0774474991234609,0.0902976719670787));
#2443=CARTESIAN_POINT('',(0.0176573401966537,0.077432700840961,0.0903955679189696));
#2444=CARTESIAN_POINT('',(0.0177778108885733,0.0774126387831508,0.0905732532164896));
#2445=CARTESIAN_POINT('',(0.0178523278974658,0.0774073786934477,0.0906530105522634));
#2446=CARTESIAN_POINT('',(0.0180222692809943,0.0774069525215869,0.0907861693196797));
#2447=CARTESIAN_POINT('',(0.0181176629822951,0.0774117866176782,0.0908395467764057));
#2448=CARTESIAN_POINT('',(0.0183194965509697,0.0774310687229079,0.0909144218437516));
#2449=CARTESIAN_POINT('',(0.018425899993624,0.0774455133790065,0.0909359059893513));
#2450=CARTESIAN_POINT('',(0.0185323248667615,0.0774640290890592,0.0909403360930178));
#2451=CARTESIAN_POINT('',(0.0175575503368005,0.0774321176843358,0.0898787400257501));
#2452=CARTESIAN_POINT('',(0.0175549080662868,0.0774074340276854,0.0899822300079288));
#2453=CARTESIAN_POINT('',(0.0175693837195699,0.0773840594888574,0.0900864436462987));
#2454=CARTESIAN_POINT('',(0.0176311122680337,0.0773422763783732,0.0902858708211952));
#2455=CARTESIAN_POINT('',(0.0176783545219975,0.0773238750345565,0.0903810501361537));
#2456=CARTESIAN_POINT('',(0.0178008529978075,0.0772939095441436,0.0905528019776549));
#2457=CARTESIAN_POINT('',(0.017876088157106,0.077282350644697,0.0906293450527239));
#2458=CARTESIAN_POINT('',(0.0180469836400222,0.0772672579873251,0.0907560978365498));
#2459=CARTESIAN_POINT('',(0.0181426146032232,0.0772637269625212,0.0908062858294878));
#2460=CARTESIAN_POINT('',(0.0183446529471436,0.0772650731408963,0.090875260482858));
#2461=CARTESIAN_POINT('',(0.0184510256285267,0.0772699502813101,0.090894035348872));
#2462=CARTESIAN_POINT('',(0.0185574187528858,0.0772788002011892,0.0908961600407572));
#2463=CARTESIAN_POINT('',(0.0175575488995849,0.0773276621061862,0.0898796331654988));
#2464=CARTESIAN_POINT('',(0.0175575356114589,0.0773033666815474,0.0899814956182346));
#2465=CARTESIAN_POINT('',(0.0175741056250701,0.0772790749726318,0.0900833437245247));
#2466=CARTESIAN_POINT('',(0.0176388007169792,0.0772328615088174,0.0902771058707103));
#2467=CARTESIAN_POINT('',(0.0176869153413883,0.0772109472214156,0.0903689886011532));
#2468=CARTESIAN_POINT('',(0.0178099992951054,0.0771716348388908,0.0905338211991637));
#2469=CARTESIAN_POINT('',(0.0178849487356409,0.0771542430961395,0.0906067444319189));
#2470=CARTESIAN_POINT('',(0.0180543732361997,0.0771256799648111,0.0907265125186048));
#2471=CARTESIAN_POINT('',(0.0181488209194186,0.0771145131916662,0.0907733380195643));
#2472=CARTESIAN_POINT('',(0.0183480015162546,0.0770994952698398,0.0908363178601275));
#2473=CARTESIAN_POINT('',(0.0184527022448677,0.0770956465478601,0.0908524620230049));
#2474=CARTESIAN_POINT('',(0.0185574219991287,0.0770956452211102,0.0908524753674248));
#2475=EDGE_LOOP('',(#5920,#5921,#5922,#5923,#5924,#5925,#5926));
#2476=CARTESIAN_POINT('',(0.0145687970218494,0.0773327496423743,0.0909085073114196));
#2477=CARTESIAN_POINT('',(0.0146757062135304,0.0773224514769731,0.0909060650211357));
#2478=CARTESIAN_POINT('',(0.0147825984901142,0.0773162061094264,0.0908866388910185));
#2479=CARTESIAN_POINT('',(0.0149854161845336,0.0773124597512892,0.0908158058714268));
#2480=CARTESIAN_POINT('',(0.0150813053094244,0.0773149594310857,0.0907644116570736));
#2481=CARTESIAN_POINT('',(0.015252236497274,0.0773284488391365,0.0906349244610884));
#2482=CARTESIAN_POINT('',(0.0153272479731769,0.0773394361535465,0.0905568546503718));
#2483=CARTESIAN_POINT('',(0.0154486904544789,0.0773687722117259,0.0903820476469106));
#2484=CARTESIAN_POINT('',(0.0154950997285133,0.0773871157059932,0.0902853417347746));
#2485=CARTESIAN_POINT('',(0.0155545475652431,0.0774292774374443,0.0900832162486464));
#2486=CARTESIAN_POINT('',(0.0155675754901238,0.0774530881300527,0.0899778328437327));
#2487=CARTESIAN_POINT('',(0.0155632411681703,0.0774784109610893,0.0898735181269385));
#2488=CARTESIAN_POINT('',(0.0145493863537902,0.0771420288018615,0.090863015556463));
#2489=CARTESIAN_POINT('',(0.0146548914759708,0.07714072503333,0.0908627183552477));
#2490=CARTESIAN_POINT('',(0.0147603814783331,0.0771432967614653,0.0908461728460677));
#2491=CARTESIAN_POINT('',(0.0149610042293053,0.0771559011450838,0.0907821934310211));
#2492=CARTESIAN_POINT('',(0.0150561041890579,0.0771659314876214,0.0907347698872555));
#2493=CARTESIAN_POINT('',(0.0152265693475342,0.0771924333802546,0.0906136832312653));
#2494=CARTESIAN_POINT('',(0.0153019066647576,0.0772089003949378,0.0905400398003396));
#2495=CARTESIAN_POINT('',(0.0154254098342428,0.0772466298503235,0.0903737471862006));
#2496=CARTESIAN_POINT('',(0.015473555449376,0.0772678859896071,0.0902811250783802));
#2497=CARTESIAN_POINT('',(0.0155379112094485,0.0773130863798216,0.0900859842193574));
#2498=CARTESIAN_POINT('',(0.0155541107502882,0.0773370231892086,0.089983497286681));
#2499=CARTESIAN_POINT('',(0.0155535316907841,0.0773611239965214,0.0898811070446074));
#2500=CARTESIAN_POINT('',(0.014554901534716,0.0769485151811866,0.0908168609413423));
#2501=CARTESIAN_POINT('',(0.0146577732522625,0.0769557059235542,0.0908185894399883));
#2502=CARTESIAN_POINT('',(0.014760631652966,0.0769665991492616,0.0908047894844483));
#2503=CARTESIAN_POINT('',(0.0149566978654845,0.076994738899094,0.0907474155095042));
#2504=CARTESIAN_POINT('',(0.0150498764306608,0.0770119810346871,0.0907038499946344));
#2505=CARTESIAN_POINT('',(0.0152178046392241,0.0770511670300856,0.0905910295465992));
#2506=CARTESIAN_POINT('',(0.015292529218765,0.0770731048789456,0.0905217913903433));
#2507=CARTESIAN_POINT('',(0.0154165032640512,0.0771195933175642,0.0903641300961902));
#2508=CARTESIAN_POINT('',(0.015465734201236,0.0771441368448388,0.0902757304354482));
#2509=CARTESIAN_POINT('',(0.0155340695185971,0.0771935087071657,0.0900880597013577));
#2510=CARTESIAN_POINT('',(0.0155531636456206,0.0772183295961866,0.0899888166040817));
#2511=CARTESIAN_POINT('',(0.0155562850772249,0.0772421196018934,0.089888808682529));
#2512=CARTESIAN_POINT('',(0.0146427264320582,0.0763991083773916,0.0906858322432217));
#2513=CARTESIAN_POINT('',(0.0147352277048105,0.0764290290921623,0.0906929807618354));
#2514=CARTESIAN_POINT('',(0.014827720423416,0.0764621771332568,0.090686581602277));
#2515=CARTESIAN_POINT('',(0.015005157975676,0.0765320980824318,0.090647175267914));
#2516=CARTESIAN_POINT('',(0.0150900829910415,0.076568862415369,0.0906141722789212));
#2517=CARTESIAN_POINT('',(0.0152454245180133,0.0766428863008334,0.0905242191795997));
#2518=CARTESIAN_POINT('',(0.0153158236212619,0.0766801369214506,0.090467278907077));
#2519=CARTESIAN_POINT('',(0.0154363286370924,0.0767519843649737,0.0903340771908462));
#2520=CARTESIAN_POINT('',(0.0154864209471659,0.0767865726503482,0.0902578304614016));
#2521=CARTESIAN_POINT('',(0.0155621740155631,0.0768501920125363,0.090092235103714));
#2522=CARTESIAN_POINT('',(0.015587826073351,0.0768792156574602,0.0900029048979932));
#2523=CARTESIAN_POINT('',(0.0156001855902273,0.0769042529260453,0.0899106790553335));
#2524=CARTESIAN_POINT('',(0.0147913150208388,0.0760554143704532,0.0906038764571958));
#2525=CARTESIAN_POINT('',(0.014873656304408,0.0760977843646128,0.0906139929538414));
#2526=CARTESIAN_POINT('',(0.0149559915157535,0.0761431051223908,0.0906117194596817));
#2527=CARTESIAN_POINT('',(0.0151145322278363,0.0762361933764714,0.0905825456221756));
#2528=CARTESIAN_POINT('',(0.0151907229209113,0.0762839517700452,0.0905556479530066));
#2529=CARTESIAN_POINT('',(0.015331282127271,0.0763782635921511,0.0904792244988378));
#2530=CARTESIAN_POINT('',(0.0153956374993992,0.0764248078258653,0.0904297058528308));
#2531=CARTESIAN_POINT('',(0.0155077128979229,0.0765131365443069,0.090311740453412));
#2532=CARTESIAN_POINT('',(0.0155554224239508,0.0765549124353831,0.0902433047747077));
#2533=CARTESIAN_POINT('',(0.0156306305535128,0.0766305161289184,0.0900926310081153));
#2534=CARTESIAN_POINT('',(0.0156581220766438,0.0766643365862994,0.0900104071081677));
#2535=CARTESIAN_POINT('',(0.0156744724180125,0.0766928928265899,0.0899243664873869));
#2536=CARTESIAN_POINT('',(0.0152309752773224,0.0754917143758676,0.0904694845580341));
#2537=CARTESIAN_POINT('',(0.0152895413210396,0.0755532606031191,0.0904841717162438));
#2538=CARTESIAN_POINT('',(0.0153481048447213,0.0756173200459624,0.0904883023972993));
#2539=CARTESIAN_POINT('',(0.0154615350702461,0.0757463051183668,0.0904751683754914));
#2540=CARTESIAN_POINT('',(0.0155163942183055,0.0758112215917883,0.0904579044770016));
#2541=CARTESIAN_POINT('',(0.0156189397693879,0.0759376915038605,0.0904030640412521));
#2542=CARTESIAN_POINT('',(0.0156666193254983,0.0759992359846557,0.0903654911575145));
#2543=CARTESIAN_POINT('',(0.0157517790282376,0.0761149552700301,0.0902724176266241));
#2544=CARTESIAN_POINT('',(0.0157892534585673,0.0761691218914344,0.0902169232563815));
#2545=CARTESIAN_POINT('',(0.015851615559357,0.0762665607407371,0.0900915437482975));
#2546=CARTESIAN_POINT('',(0.0158764989991978,0.0763098260861564,0.090021667119612));
#2547=CARTESIAN_POINT('',(0.0158942903001673,0.0763462368290619,0.089946827928114));
#2548=CARTESIAN_POINT('',(0.0155209833848557,0.0752719221266579,0.0904170992853525));
#2549=CARTESIAN_POINT('',(0.0155659310115852,0.0753402506824282,0.0904334023342437));
#2550=CARTESIAN_POINT('',(0.015610877253339,0.075410930720912,0.0904398278738192));
#2551=CARTESIAN_POINT('',(0.0156981010069224,0.0755527386301311,0.0904325347352598));
#2552=CARTESIAN_POINT('',(0.0157403733306372,0.0756238578200825,0.0904188164857103));
#2553=CARTESIAN_POINT('',(0.0158197313914174,0.0757622457160637,0.0903720557452165));
#2554=CARTESIAN_POINT('',(0.0158568124075112,0.0758295059521573,0.0903390160828459));
#2555=CARTESIAN_POINT('',(0.0159235786209434,0.0759561104927662,0.0902555965638558));
#2556=CARTESIAN_POINT('',(0.0159532598451879,0.0760154470483377,0.0902052217663185));
#2557=CARTESIAN_POINT('',(0.016003457344045,0.0761226169049333,0.0900901609799521));
#2558=CARTESIAN_POINT('',(0.0160239706297363,0.0761704436447304,0.0900254819772399));
#2559=CARTESIAN_POINT('',(0.0160392895790952,0.0762110723714285,0.08995559336338));
#2560=CARTESIAN_POINT('',(0.0161677734889674,0.0750120151851519,0.0903551927171062));
#2561=CARTESIAN_POINT('',(0.016184194734714,0.0750882663401363,0.0903733816802361));
#2562=CARTESIAN_POINT('',(0.0162006163853739,0.0751666791377404,0.0903824901060245));
#2563=CARTESIAN_POINT('',(0.016232586776924,0.075323483526128,0.090382039088034));
#2564=CARTESIAN_POINT('',(0.016248133999474,0.0754018669962828,0.0903724796513944));
#2565=CARTESIAN_POINT('',(0.016277524966472,0.0755542541793723,0.090335216452873));
#2566=CARTESIAN_POINT('',(0.0162913673131309,0.0756282500017914,0.090307514590022));
#2567=CARTESIAN_POINT('',(0.0163166082803488,0.0757677470136544,0.0902354954981101));
#2568=CARTESIAN_POINT('',(0.0163280056972202,0.0758332409798458,0.090191181955716));
#2569=CARTESIAN_POINT('',(0.0163477461798548,0.0759520914748216,0.0900883895852128));
#2570=CARTESIAN_POINT('',(0.0163560882994808,0.0760054418478043,0.0900299160284886));
#2571=CARTESIAN_POINT('',(0.0163626789849311,0.0760512392397601,0.0899659778012462));
#2572=CARTESIAN_POINT('',(0.0165239100918525,0.07497256480496,0.0903458297838051));
#2573=CARTESIAN_POINT('',(0.0165254018895348,0.075049954829628,0.0903642884335314));
#2574=CARTESIAN_POINT('',(0.0165268947527804,0.0751294785333789,0.0903737840211349));
#2575=CARTESIAN_POINT('',(0.01652978608088,0.0752884512136183,0.0903743302135486));
#2576=CARTESIAN_POINT('',(0.0165311843448701,0.0753678921840677,0.0903653807880185));
#2577=CARTESIAN_POINT('',(0.0165337955604067,0.0755223459109647,0.0903295244345998));
#2578=CARTESIAN_POINT('',(0.0165350083299437,0.0755973508891482,0.0903026193070969));
#2579=CARTESIAN_POINT('',(0.0165371694639578,0.0757388218177339,0.090232322446406));
#2580=CARTESIAN_POINT('',(0.0165381176767047,0.0758052806435859,0.0901889342458942));
#2581=CARTESIAN_POINT('',(0.0165396874753672,0.0759260163158468,0.0900880450751483));
#2582=CARTESIAN_POINT('',(0.0165403089493786,0.0759802870815639,0.0900305491766463));
#2583=CARTESIAN_POINT('',(0.0165407464294244,0.0760269790945044,0.0899675703253265));
#2584=CARTESIAN_POINT('',(0.0172099127832702,0.0750853791226793,0.0903728268506409));
#2585=CARTESIAN_POINT('',(0.0171820433550616,0.0751593939205246,0.0903904766378043));
#2586=CARTESIAN_POINT('',(0.0171541766229818,0.0752356239609797,0.0903988208694709));
#2587=CARTESIAN_POINT('',(0.0171000117062622,0.0753881952948563,0.0903964250249605));
#2588=CARTESIAN_POINT('',(0.017073716402572,0.075464528309815,0.0903856850758058));
#2589=CARTESIAN_POINT('',(0.017024175117462,0.0756129640671593,0.0903457284899864));
#2590=CARTESIAN_POINT('',(0.0170009317711006,0.0756850587556822,0.0903165140157017));
#2591=CARTESIAN_POINT('',(0.0169588034987046,0.0758209169370245,0.0902412661661843));
#2592=CARTESIAN_POINT('',(0.0169399208134947,0.0758846730583159,0.0901952368659424));
#2593=CARTESIAN_POINT('',(0.0169075775822528,0.0760002269352507,0.0900889731660955));
#2594=CARTESIAN_POINT('',(0.0168941187566615,0.0760520184206583,0.0900287445227029));
#2595=CARTESIAN_POINT('',(0.0168837502261782,0.0760963571248787,0.0899631240004628));
#2596=CARTESIAN_POINT('',(0.0175388363655256,0.0752382648219281,0.0904093348441419));
#2597=CARTESIAN_POINT('',(0.0174965182306688,0.0753077398467259,0.0904258999557726));
#2598=CARTESIAN_POINT('',(0.0174542037596172,0.075379540227934,0.0904326970415811));
#2599=CARTESIAN_POINT('',(0.0173720393319623,0.0755234941563095,0.0904263405016379));
#2600=CARTESIAN_POINT('',(0.0173321940181288,0.0755956390204701,0.090413187194172));
#2601=CARTESIAN_POINT('',(0.0172572923709183,0.0757359488093088,0.0903676955928438));
#2602=CARTESIAN_POINT('',(0.0172222402788013,0.0758041052787166,0.090335359920419));
#2603=CARTESIAN_POINT('',(0.0171589729768448,0.0759323455039437,0.0902534094094473));
#2604=CARTESIAN_POINT('',(0.0171307613644023,0.0759924215351659,0.0902037993439316));
#2605=CARTESIAN_POINT('',(0.0170828278577862,0.0761008930834123,0.0900902343234227));
#2606=CARTESIAN_POINT('',(0.0170631087110061,0.0761492820658651,0.090026286015172));
#2607=CARTESIAN_POINT('',(0.017048215338791,0.0761903771941826,0.089957060377863));
#2608=CARTESIAN_POINT('',(0.0180507690875909,0.0756710825086247,0.0905126338697732));
#2609=CARTESIAN_POINT('',(0.0179836017150244,0.0757266142617738,0.0905258701011712));
#2610=CARTESIAN_POINT('',(0.0179164408844092,0.0757847973600495,0.0905279708968718));
#2611=CARTESIAN_POINT('',(0.0177866277436818,0.0759025081019702,0.0905097510878025));
#2612=CARTESIAN_POINT('',(0.0177239852713425,0.0759620265511957,0.0904894318433991));
#2613=CARTESIAN_POINT('',(0.017607422205027,0.0760783429787585,0.090427735387483));
#2614=CARTESIAN_POINT('',(0.0175535104491093,0.0761351318792313,0.0903863628769766));
#2615=CARTESIAN_POINT('',(0.017458037061357,0.076242111237675,0.0902853499282366));
#2616=CARTESIAN_POINT('',(0.017416482676077,0.0762922933496686,0.0902257172162061));
#2617=CARTESIAN_POINT('',(0.0173485236585139,0.0763826319458168,0.0900922126556777));
#2618=CARTESIAN_POINT('',(0.0173221241958392,0.0764227813815139,0.0900183510392936));
#2619=CARTESIAN_POINT('',(0.0173041911027949,0.0764565463371278,0.0899398678299651));
#2620=CARTESIAN_POINT('',(0.0182457648488028,0.0759342041403976,0.0905754169928188));
#2621=CARTESIAN_POINT('',(0.0181679168998656,0.0759809230476349,0.0905865498607812));
#2622=CARTESIAN_POINT('',(0.0180900773057764,0.0760304959409074,0.0905856977175982));
#2623=CARTESIAN_POINT('',(0.0179400202477402,0.0761316825832566,0.0905600636979299));
#2624=CARTESIAN_POINT('',(0.0178678158842872,0.0761832869931577,0.0905352839597073));
#2625=CARTESIAN_POINT('',(0.0177342585795349,0.07628470975158,0.0904635682574046));
#2626=CARTESIAN_POINT('',(0.0176729173259808,0.0763345187833914,0.0904166384899617));
#2627=CARTESIAN_POINT('',(0.0175655368334684,0.0764286639689685,0.0903040077013199));
#2628=CARTESIAN_POINT('',(0.0175195070382977,0.0764729915119421,0.0902383164981907));
#2629=CARTESIAN_POINT('',(0.0174461012493931,0.0765528985671162,0.0900929170731312));
#2630=CARTESIAN_POINT('',(0.0174187317816521,0.0765884708044241,0.090013221594277));
#2631=CARTESIAN_POINT('',(0.0174016946996906,0.0766183576218836,0.0899294086664843));
#2632=CARTESIAN_POINT('',(0.0184649286484582,0.0764361295922391,0.0906951608624991));
#2633=CARTESIAN_POINT('',(0.0183722717170968,0.0764642311916377,0.0907018513459415));
#2634=CARTESIAN_POINT('',(0.0182796272984646,0.076495595468882,0.0906948476404818));
#2635=CARTESIAN_POINT('',(0.018102013151856,0.0765622196431691,0.0906540214840096));
#2636=CARTESIAN_POINT('',(0.0180170639891941,0.0765974716171682,0.0906202037189076));
#2637=CARTESIAN_POINT('',(0.0178618971814212,0.0766689067215334,0.0905285448966053));
#2638=CARTESIAN_POINT('',(0.0177916975139928,0.0767050813896244,0.0904707144256375));
#2639=CARTESIAN_POINT('',(0.0176718661133565,0.0767753245794646,0.0903358235788242));
#2640=CARTESIAN_POINT('',(0.0176222482835708,0.0768093848061163,0.0902587788153189));
#2641=CARTESIAN_POINT('',(0.0175477127921345,0.0768725431138094,0.0900918538573702));
#2642=CARTESIAN_POINT('',(0.0175228038092253,0.0769016337584763,0.0900019930109209));
#2643=CARTESIAN_POINT('',(0.0175112875037538,0.0769270253019337,0.0899094473208211));
#2644=CARTESIAN_POINT('',(0.0185230382443546,0.0766581994182862,0.0907481347772831));
#2645=CARTESIAN_POINT('',(0.0184252543903967,0.0766775895186905,0.0907527467942365));
#2646=CARTESIAN_POINT('',(0.0183274850728411,0.0767004289099045,0.0907428852811557));
#2647=CARTESIAN_POINT('',(0.0181405089440431,0.0767509625817118,0.0906950625152341));
#2648=CARTESIAN_POINT('',(0.0180513263263747,0.0767786500211698,0.0906571073592161));
#2649=CARTESIAN_POINT('',(0.0178893585057156,0.076836404244673,0.0905564077506009));
#2650=CARTESIAN_POINT('',(0.0178165942843106,0.0768664632971802,0.0904936762350191));
#2651=CARTESIAN_POINT('',(0.017693863340085,0.0769262851151253,0.0903489118358807));
#2652=CARTESIAN_POINT('',(0.0176439125568003,0.0769560399459574,0.0902668976067305));
#2653=CARTESIAN_POINT('',(0.0175712131126545,0.0770126153307798,0.0900907543873567));
#2654=CARTESIAN_POINT('',(0.0175484739568817,0.077039428448782,0.0899966481469691));
#2655=CARTESIAN_POINT('',(0.0175403471261163,0.0770635909001837,0.0899006132492673));
#2656=CARTESIAN_POINT('',(0.0185690548638342,0.0771103388458403,0.0908559814918277));
#2657=CARTESIAN_POINT('',(0.0184638157533065,0.0771105051936296,0.0908560074391669));
#2658=CARTESIAN_POINT('',(0.0183585956424533,0.0771145178079018,0.0908399065192187));
#2659=CARTESIAN_POINT('',(0.0181584066526563,0.0771297994005875,0.0907770013308917));
#2660=CARTESIAN_POINT('',(0.0180634699211512,0.0771410656425722,0.0907302070790349));
#2661=CARTESIAN_POINT('',(0.0178931294228967,0.0771697133941928,0.0906104638655292));
#2662=CARTESIAN_POINT('',(0.0178177530327075,0.077187090061985,0.0905375340461284));
#2663=CARTESIAN_POINT('',(0.0176939110672478,0.0772262283229195,0.0903726246476237));
#2664=CARTESIAN_POINT('',(0.0176454654342057,0.0772479834498065,0.0902806714784404));
#2665=CARTESIAN_POINT('',(0.0175802393189135,0.0772937307220712,0.0900866852990231));
#2666=CARTESIAN_POINT('',(0.0175634694027679,0.0773177154132471,0.0899846834008953));
#2667=CARTESIAN_POINT('',(0.017563365258458,0.0773416415887014,0.089882622300395));
#2668=CARTESIAN_POINT('',(0.0185569534725129,0.077340325766131,0.0909108345700224));
#2669=CARTESIAN_POINT('',(0.0184493896307596,0.0773299717232718,0.090908350973927));
#2670=CARTESIAN_POINT('',(0.0183418472353287,0.0773236743524606,0.0908888663904212));
#2671=CARTESIAN_POINT('',(0.0181378141698628,0.0773197814989999,0.090817871996026));
#2672=CARTESIAN_POINT('',(0.0180413599844464,0.0773221863250166,0.0907663747210843));
#2673=CARTESIAN_POINT('',(0.0178694530133628,0.0773354047627982,0.0906366279428793));
#2674=CARTESIAN_POINT('',(0.0177940309999511,0.0773462157082338,0.0905584014497583));
#2675=CARTESIAN_POINT('',(0.01767197886208,0.0773751007125156,0.0903832246098626));
#2676=CARTESIAN_POINT('',(0.017625370641108,0.0773931694214113,0.0902863054000246));
#2677=CARTESIAN_POINT('',(0.017565775628234,0.0774346933743344,0.0900837045420385));
#2678=CARTESIAN_POINT('',(0.0175527996210366,0.0774581411442368,0.089978058976954));
#2679=CARTESIAN_POINT('',(0.0175573195591887,0.0774830758327751,0.0898734687130209));
#2680=CARTESIAN_POINT('',(0.0184444670344187,0.0778764099409395,0.0910386824431629));
#2681=CARTESIAN_POINT('',(0.0183358794811928,0.0778392962922201,0.0910298162244889));
#2682=CARTESIAN_POINT('',(0.018227318893528,0.0778067535333852,0.0910018210080612));
#2683=CARTESIAN_POINT('',(0.0180227186028857,0.0777544357485707,0.0909107521509548));
#2684=CARTESIAN_POINT('',(0.0179267250278228,0.0777346717446531,0.0908476987246561));
#2685=CARTESIAN_POINT('',(0.017758380627542,0.0777101089353626,0.0906937478386193));
#2686=CARTESIAN_POINT('',(0.0176860678207373,0.0777053150638087,0.0906028847069114));
#2687=CARTESIAN_POINT('',(0.0175734815383632,0.0777111861984787,0.0904037671436159));
#2688=CARTESIAN_POINT('',(0.0175332336023901,0.0777218495122151,0.0902955572292814));
#2689=CARTESIAN_POINT('',(0.0174894790473848,0.0777573748935586,0.0900742177621888));
#2690=CARTESIAN_POINT('',(0.0174859825486045,0.0777822288541914,0.0899611378209928));
#2691=CARTESIAN_POINT('',(0.0175010879863735,0.0778127495015876,0.0898521269839189));
#2692=CARTESIAN_POINT('',(0.0183090427390871,0.0781740820717628,0.0911096631734732));
#2693=CARTESIAN_POINT('',(0.0182037264717811,0.0781200834922691,0.091096770121723));
#2694=CARTESIAN_POINT('',(0.0180984400875504,0.0780709626817629,0.0910634854608425));
#2695=CARTESIAN_POINT('',(0.0179008525415799,0.0779883792891554,0.0909601698441901));
#2696=CARTESIAN_POINT('',(0.0178086024705617,0.0779549370271178,0.0908901650245709));
#2697=CARTESIAN_POINT('',(0.017648518677704,0.077907756954154,0.0907219785369117));
#2698=CARTESIAN_POINT('',(0.0175807264005153,0.0778940306285547,0.0906238395821608));
#2699=CARTESIAN_POINT('',(0.0174779742377181,0.0778879330533937,0.09041142666378));
#2700=CARTESIAN_POINT('',(0.0174430410432131,0.077895563090862,0.0902972067856994));
#2701=CARTESIAN_POINT('',(0.017410367458885,0.0779312374765368,0.090066672212361));
#2702=CARTESIAN_POINT('',(0.0174126357109671,0.0779592727755978,0.089950416374086));
#2703=CARTESIAN_POINT('',(0.0174333823055054,0.077995807706082,0.0898402719231909));
#2704=CARTESIAN_POINT('',(0.017905543439786,0.0787038149411335,0.0912359582204844));
#2705=CARTESIAN_POINT('',(0.0178176617008627,0.078616149343244,0.091215037452789));
#2706=CARTESIAN_POINT('',(0.0177298112116982,0.0785339419866658,0.0911713532445135));
#2707=CARTESIAN_POINT('',(0.0175661910773429,0.0783915013614524,0.0910443612920043));
#2708=CARTESIAN_POINT('',(0.017490474109283,0.0783313124107717,0.0909610935705573));
#2709=CARTESIAN_POINT('',(0.0173615905462805,0.0782410835362636,0.0907662922339583));
#2710=CARTESIAN_POINT('',(0.0173084655216625,0.0782110715971922,0.0906548201795583));
#2711=CARTESIAN_POINT('',(0.0172321324826749,0.0781852735123646,0.0904188477221276));
#2712=CARTESIAN_POINT('',(0.0172089492256747,0.0781894952406261,0.0902944220401966));
#2713=CARTESIAN_POINT('',(0.0171957481214472,0.0782315928671725,0.0900495804338044));
#2714=CARTESIAN_POINT('',(0.0172057348125096,0.0782694554734141,0.0899292422135118));
#2715=CARTESIAN_POINT('',(0.0172316441640266,0.0783215751106538,0.0898191645627748));
#2716=CARTESIAN_POINT('',(0.0176245698935392,0.0789241862050656,0.0912884827737405));
#2717=CARTESIAN_POINT('',(0.0175522919665443,0.0788200569646816,0.0912636372641079));
#2718=CARTESIAN_POINT('',(0.0174800428033382,0.0787216503816149,0.0912149588483007));
#2719=CARTESIAN_POINT('',(0.0173459568860591,0.0785502387758902,0.0910768474660137));
#2720=CARTESIAN_POINT('',(0.0172841677261057,0.0784772932607371,0.0909874626035934));
#2721=CARTESIAN_POINT('',(0.0171799533090085,0.078367266515619,0.0907807329438393));
#2722=CARTESIAN_POINT('',(0.017137565051595,0.078330223471605,0.0906634602119665));
#2723=CARTESIAN_POINT('',(0.0170783031382212,0.0782973299846503,0.0904177649086491));
#2724=CARTESIAN_POINT('',(0.0170614505374442,0.0783014909511048,0.0902894280445494));
#2725=CARTESIAN_POINT('',(0.0170557199958463,0.078350437533169,0.0900400204311809));
#2726=CARTESIAN_POINT('',(0.0170668441199327,0.0783952061522606,0.0899190367536217));
#2727=CARTESIAN_POINT('',(0.0170911621783233,0.0784570956561299,0.0898103766554578));
#2728=CARTESIAN_POINT('',(0.0169916768088909,0.0791947439567978,0.0913529315016893));
#2729=CARTESIAN_POINT('',(0.0169605467821604,0.0790693079202766,0.0913230094317788));
#2730=CARTESIAN_POINT('',(0.0169294325750448,0.0789499282394854,0.0912679105331308));
#2731=CARTESIAN_POINT('',(0.0168719833750792,0.0787411461521548,0.0911156107480299));
#2732=CARTESIAN_POINT('',(0.0168456715198185,0.0786518246391165,0.0910184690029155));
#2733=CARTESIAN_POINT('',(0.0168018894621473,0.0785166858427893,0.0907967568532849));
#2734=CARTESIAN_POINT('',(0.016784436913398,0.0784709209102652,0.0906722726017884));
#2735=CARTESIAN_POINT('',(0.0167610754372406,0.0784298471277422,0.0904147049600191));
#2736=CARTESIAN_POINT('',(0.0167551759665158,0.0784345541835799,0.0902817217114448));
#2737=CARTESIAN_POINT('',(0.0167558459246793,0.0784937512510379,0.090027293372832));
#2738=CARTESIAN_POINT('',(0.0167624151574788,0.0785482183230133,0.0899059472717372));
#2739=CARTESIAN_POINT('',(0.0167747215136085,0.0786234787000036,0.0897995692242106));
#2740=CARTESIAN_POINT('',(0.0166396459128192,0.0792424746478904,0.0913642699246945));
#2741=CARTESIAN_POINT('',(0.0166339978560528,0.0791128017052014,0.0913333406256813));
#2742=CARTESIAN_POINT('',(0.0166283551879072,0.0789892480838738,0.0912769832031461));
#2743=CARTESIAN_POINT('',(0.0166179023771049,0.0787730846100541,0.0911219450070258));
#2744=CARTESIAN_POINT('',(0.0166130960653609,0.0786805605691843,0.0910233257965651));
#2745=CARTESIAN_POINT('',(0.0166050236525272,0.0785406352157755,0.0907988196607973));
#2746=CARTESIAN_POINT('',(0.0166017605112739,0.0784932894494889,0.0906730218907861));
#2747=CARTESIAN_POINT('',(0.016597255808043,0.0784509994611025,0.0904133854147744));
#2748=CARTESIAN_POINT('',(0.0165960159003272,0.0784560720271406,0.0902796498224112));
#2749=CARTESIAN_POINT('',(0.0165957419639966,0.0785178843955793,0.0900245951336884));
#2750=CARTESIAN_POINT('',(0.0165967080410215,0.0785745996611621,0.0899033773403848));
#2751=CARTESIAN_POINT('',(0.0165987071024102,0.0786528309654232,0.089797647426935));
#2752=CARTESIAN_POINT('',(0.015960583814497,0.0791493401989537,0.0913419676495464));
#2753=CARTESIAN_POINT('',(0.0160025404301696,0.0790273917298879,0.091312886940849));
#2754=CARTESIAN_POINT('',(0.0160444840736743,0.0789114443629198,0.0912588523410028));
#2755=CARTESIAN_POINT('',(0.01612207603796,0.0787087882372695,0.0911089088172522));
#2756=CARTESIAN_POINT('',(0.0161576943460003,0.078622156991325,0.0910130572619651));
#2757=CARTESIAN_POINT('',(0.016217251682829,0.0784911663442551,0.0907938459714077));
#2758=CARTESIAN_POINT('',(0.0162411676745333,0.0784468570442311,0.0906705701144463));
#2759=CARTESIAN_POINT('',(0.0162736995148647,0.0784071972970396,0.0904150075897616));
#2760=CARTESIAN_POINT('',(0.0162823027796659,0.0784118620191405,0.0902828187172118));
#2761=CARTESIAN_POINT('',(0.016282897999846,0.0784694872795823,0.0900292814061684));
#2762=CARTESIAN_POINT('',(0.0162748897242959,0.0785224257784245,0.0899080299969404));
#2763=CARTESIAN_POINT('',(0.0162591740297451,0.078595555406064,0.0898013109879593));
#2764=CARTESIAN_POINT('',(0.015634162558583,0.0790099370226734,0.091308675726964));
#2765=CARTESIAN_POINT('',(0.0156977401836527,0.0788996143146496,0.0912823707231154));
#2766=CARTESIAN_POINT('',(0.0157612975891792,0.0787951150054529,0.0912318246373689));
#2767=CARTESIAN_POINT('',(0.0158790917990007,0.0786127836519933,0.091089531224682));
#2768=CARTESIAN_POINT('',(0.0159332852632148,0.0785350166242982,0.090997834945371));
#2769=CARTESIAN_POINT('',(0.0160243485347558,0.0784174535897207,0.0907865676772405));
#2770=CARTESIAN_POINT('',(0.0160611847873137,0.0783776994671692,0.090667072601314));
#2771=CARTESIAN_POINT('',(0.0161120785493272,0.0783419541439626,0.0904176048376778));
#2772=CARTESIAN_POINT('',(0.0161261172159283,0.0783459756355694,0.0902877219033537));
#2773=CARTESIAN_POINT('',(0.016129312139984,0.0783972229954775,0.0900364151880873));
#2774=CARTESIAN_POINT('',(0.0161184670386641,0.0784444305304195,0.0899150819588828));
#2775=CARTESIAN_POINT('',(0.0160959603732073,0.0785098266409689,0.0898068382028334));
#2776=CARTESIAN_POINT('',(0.0150867968927646,0.0785797877555243,0.0912060085293211));
#2777=CARTESIAN_POINT('',(0.0151809264965253,0.0785003066950589,0.0911870636162851));
#2778=CARTESIAN_POINT('',(0.0152750300135906,0.0784261452582102,0.0911459201446777));
#2779=CARTESIAN_POINT('',(0.0154506006849509,0.0782982177623543,0.091024670631407));
#2780=CARTESIAN_POINT('',(0.0155320137681852,0.0782444897075206,0.0909446010509412));
#2781=CARTESIAN_POINT('',(0.0156712059453454,0.0781645669445914,0.0907561682239779));
#2782=CARTESIAN_POINT('',(0.0157289421382421,0.0781383959268726,0.0906478617840917));
#2783=CARTESIAN_POINT('',(0.0158129674417139,0.0781170689574962,0.0904174149991507));
#2784=CARTESIAN_POINT('',(0.0158392305955744,0.0781219192643007,0.0902953442552409));
#2785=CARTESIAN_POINT('',(0.0158567348480579,0.078162001053294,0.0900536916376131));
#2786=CARTESIAN_POINT('',(0.0158479704323407,0.0781972205432068,0.0899341828981792));
#2787=CARTESIAN_POINT('',(0.0158222681952878,0.0782452984351621,0.0898239223155149));
#2788=CARTESIAN_POINT('',(0.0148667138306519,0.0782891905310568,0.0911366688730584));
#2789=CARTESIAN_POINT('',(0.0149698946931275,0.0782285800330551,0.0911222259977231));
#2790=CARTESIAN_POINT('',(0.0150730505072983,0.0781729663152772,0.0910869026688692));
#2791=CARTESIAN_POINT('',(0.0152663798509928,0.0780785457829253,0.0909788681222257));
#2792=CARTESIAN_POINT('',(0.0153565013135175,0.0780397632068325,0.0909061854321531));
#2793=CARTESIAN_POINT('',(0.0155123524580887,0.0779837858956772,0.0907325213125968));
#2794=CARTESIAN_POINT('',(0.0155780400793569,0.0779666053585426,0.0906315859325238));
#2795=CARTESIAN_POINT('',(0.0156766844573381,0.0779559309026967,0.0904140718796568));
#2796=CARTESIAN_POINT('',(0.0157096144372962,0.0779624394062095,0.0902975510414643));
#2797=CARTESIAN_POINT('',(0.0157385265155786,0.077998304887275,0.0900635052990446));
#2798=CARTESIAN_POINT('',(0.0157345004890324,0.0780276522308167,0.0899460428017949));
#2799=CARTESIAN_POINT('',(0.015712220351036,0.0780665905435614,0.089835473343311));
#2800=CARTESIAN_POINT('',(0.014644839060461,0.0777613185875985,0.0910107360982565));
#2801=CARTESIAN_POINT('',(0.0147533454505848,0.0777299847552231,0.0910032767558185));
#2802=CARTESIAN_POINT('',(0.014861830862686,0.0777031110966471,0.0909771463590056));
#2803=CARTESIAN_POINT('',(0.0150665788608829,0.0776612464899036,0.0908904582246465));
#2804=CARTESIAN_POINT('',(0.0151627972554946,0.0776462641674574,0.0908299190017202));
#2805=CARTESIAN_POINT('',(0.0153321168124054,0.0776298367889487,0.0906812199779308));
#2806=CARTESIAN_POINT('',(0.0154051813997927,0.0776283949761606,0.0905930920228479));
#2807=CARTESIAN_POINT('',(0.0155199094791559,0.077639188043152,0.0903991429576677));
#2808=CARTESIAN_POINT('',(0.0155615481366094,0.0776514204375476,0.0902933634514342));
#2809=CARTESIAN_POINT('',(0.0156086872487777,0.0776881740998735,0.0900760423553502));
#2810=CARTESIAN_POINT('',(0.0156141774127645,0.0777126874438083,0.0899645474551952));
#2811=CARTESIAN_POINT('',(0.0156012714980248,0.0777419666352656,0.0898564671138584));
#2812=CARTESIAN_POINT('',(0.0145907915104036,0.0775488579870708,0.09096005462966));
#2813=CARTESIAN_POINT('',(0.0146992916720844,0.0775283681498321,0.0909551817101559));
#2814=CARTESIAN_POINT('',(0.0148077728844132,0.077512132012804,0.0909324915097842));
#2815=CARTESIAN_POINT('',(0.0150130776987184,0.0774898584096846,0.0908538925788771));
#2816=CARTESIAN_POINT('',(0.0151098610372214,0.0774838249944347,0.0907979991443772));
#2817=CARTESIAN_POINT('',(0.0152813202892102,0.0774825697815204,0.0906589931837515));
#2818=CARTESIAN_POINT('',(0.0153559625499385,0.0774873479739892,0.0905759077826724));
#2819=CARTESIAN_POINT('',(0.0154750700377966,0.0775071733611179,0.0903914530103697));
#2820=CARTESIAN_POINT('',(0.0155195118404226,0.0775222164982168,0.0902901196847411));
#2821=CARTESIAN_POINT('',(0.015573398443327,0.0775609350846308,0.0900800798238754));
#2822=CARTESIAN_POINT('',(0.0155828325675875,0.0775846028726243,0.0899714143873861));
#2823=CARTESIAN_POINT('',(0.0155742431073404,0.0776113103951474,0.0898649190224514));
#2824=CARTESIAN_POINT('',(0.0145687970218494,0.0773327496423743,0.0909085073114196));
#2825=CARTESIAN_POINT('',(0.0146757062135304,0.0773224514769731,0.0909060650211357));
#2826=CARTESIAN_POINT('',(0.0147825984901142,0.0773162061094264,0.0908866388910185));
#2827=CARTESIAN_POINT('',(0.0149854161845336,0.0773124597512892,0.0908158058714268));
#2828=CARTESIAN_POINT('',(0.0150813053094244,0.0773149594310857,0.0907644116570736));
#2829=CARTESIAN_POINT('',(0.015252236497274,0.0773284488391365,0.0906349244610884));
#2830=CARTESIAN_POINT('',(0.0153272479731769,0.0773394361535465,0.0905568546503718));
#2831=CARTESIAN_POINT('',(0.0154486904544789,0.0773687722117259,0.0903820476469106));
#2832=CARTESIAN_POINT('',(0.0154950997285133,0.0773871157059932,0.0902853417347746));
#2833=CARTESIAN_POINT('',(0.0155545475652431,0.0774292774374443,0.0900832162486464));
#2834=CARTESIAN_POINT('',(0.0155675754901238,0.0774530881300527,0.0899778328437327));
#2835=CARTESIAN_POINT('',(0.0155632411681703,0.0774784109610893,0.0898735181269385));
#2836=EDGE_LOOP('',(#5927,#5928,#5929,#5930));
#2837=AXIS2_PLACEMENT_3D('',#5931,#5932,#5933);
#2838=EDGE_LOOP('',(#5934,#5935,#5936,#5937,#5938,#5939,#5940));
#2839=AXIS2_PLACEMENT_3D('',#5941,#5942,#5943);
#2840=EDGE_LOOP('',(#5944,#5945,#5946,#5947,#5948));
#2841=CARTESIAN_POINT('',(0.0173462806063928,0.0458018984311356,0.0717833393220316));
#2842=CARTESIAN_POINT('',(0.0173188569729365,0.0458182003497168,0.0717959684566284));
#2843=CARTESIAN_POINT('',(0.0172914335825191,0.0458355849076226,0.0718072004539322));
#2844=CARTESIAN_POINT('',(0.0172368773975004,0.0458723353923097,0.0718267513515999));
#2845=CARTESIAN_POINT('',(0.0172097447049309,0.0458917012503595,0.0718350702153995));
#2846=CARTESIAN_POINT('',(0.0171560571541414,0.0459322093280902,0.0718487067683704));
#2847=CARTESIAN_POINT('',(0.0171295023963287,0.0459533514720123,0.0718540244320385));
#2848=CARTESIAN_POINT('',(0.0170772518364144,0.0459971883090095,0.0718616022786237));
#2849=CARTESIAN_POINT('',(0.0170515561320326,0.0460198829201003,0.0718638624473686));
#2850=CARTESIAN_POINT('',(0.0170012957071126,0.0460665844430866,0.0718653013656282));
#2851=CARTESIAN_POINT('',(0.0169767310805721,0.0460905912676403,0.0718644801124519));
#2852=CARTESIAN_POINT('',(0.0169528619735092,0.0461151271721666,0.0718621224909534));
#2853=CARTESIAN_POINT('',(0.0173910968559018,0.0458490049889369,0.071819849909988));
#2854=CARTESIAN_POINT('',(0.0173620228200865,0.0458651894080786,0.0718323877638504));
#2855=CARTESIAN_POINT('',(0.017332949051503,0.0458825341313641,0.0718434282505465));
#2856=CARTESIAN_POINT('',(0.0172751303784484,0.0459193475369893,0.0718623891901165));
#2857=CARTESIAN_POINT('',(0.0172463855967331,0.0459388161406298,0.0718703096022893));
#2858=CARTESIAN_POINT('',(0.0171895497721805,0.0459796565320515,0.0718829402242951));
#2859=CARTESIAN_POINT('',(0.017161458850028,0.0460010282325949,0.0718876504068512));
#2860=CARTESIAN_POINT('',(0.0171062482605774,0.0460454325484044,0.0718938066607425));
#2861=CARTESIAN_POINT('',(0.0170791287105396,0.0460684650688753,0.0718952527185331));
#2862=CARTESIAN_POINT('',(0.0170261674480406,0.0461159299950472,0.0718948636870346));
#2863=CARTESIAN_POINT('',(0.0170003258480997,0.0461403622994612,0.0718930285980873));
#2864=CARTESIAN_POINT('',(0.0169752692657675,0.0461653561244528,0.0718895629534301));
#2865=CARTESIAN_POINT('',(0.0174329890786562,0.0458977550563364,0.0718576337068304));
#2866=CARTESIAN_POINT('',(0.0174023473285158,0.0459138168371563,0.0718700763090165));
#2867=CARTESIAN_POINT('',(0.0173717058726051,0.0459311196881684,0.0718809173111126));
#2868=CARTESIAN_POINT('',(0.0173107937917136,0.0459679977356748,0.0718992645248613));
#2869=CARTESIAN_POINT('',(0.0172805233146755,0.0459875728419933,0.0719067706914173));
#2870=CARTESIAN_POINT('',(0.0172207192694796,0.0460287580024696,0.0719183568026874));
#2871=CARTESIAN_POINT('',(0.017191185846602,0.0460503679560184,0.0719224367186868));
#2872=CARTESIAN_POINT('',(0.0171332131202112,0.0460953608340448,0.0719271202872949));
#2873=CARTESIAN_POINT('',(0.0171047739575773,0.0461187436486878,0.0719277239279187));
#2874=CARTESIAN_POINT('',(0.0170493337955103,0.046166998854238,0.0719254469057431));
#2875=CARTESIAN_POINT('',(0.0170223329308696,0.0461918711274033,0.0719225662478366));
#2876=CARTESIAN_POINT('',(0.0169962145156044,0.0462173374919522,0.0719179604723435));
#2877=CARTESIAN_POINT('',(0.0176095628667516,0.046120336991466,0.0720301440792804));
#2878=CARTESIAN_POINT('',(0.0175722081808861,0.0461358333228487,0.0720421475745712));
#2879=CARTESIAN_POINT('',(0.0175348539239845,0.0461529415402026,0.0720520709083714));
#2880=CARTESIAN_POINT('',(0.0174607193934485,0.0461901121526349,0.0720675991307277));
#2881=CARTESIAN_POINT('',(0.0174239394046463,0.046210174398935,0.0720732039543625));
#2882=CARTESIAN_POINT('',(0.0173515185118144,0.0462529381818206,0.0720800027119554));
#2883=CARTESIAN_POINT('',(0.0173158778863153,0.0462756395484097,0.0720811966141443));
#2884=CARTESIAN_POINT('',(0.0172462837570401,0.0463233264325339,0.072079148410173));
#2885=CARTESIAN_POINT('',(0.0172123305213964,0.046348311761381,0.0720759063058895));
#2886=CARTESIAN_POINT('',(0.0171466339283133,0.046400176569246,0.0720650287459143));
#2887=CARTESIAN_POINT('',(0.017114890824662,0.0464270558436844,0.0720573933257458));
#2888=CARTESIAN_POINT('',(0.0170844974760546,0.0464546727172274,0.0720476161654126));
#2889=CARTESIAN_POINT('',(0.0177202878668943,0.0463064085482169,0.0721743523086556));
#2890=CARTESIAN_POINT('',(0.017678430722871,0.046321417509296,0.0721859775065497));
#2891=CARTESIAN_POINT('',(0.0176365741506778,0.0463383538377516,0.0721951153839494));
#2892=CARTESIAN_POINT('',(0.0175536356172888,0.0463757622193625,0.072208242026741));
#2893=CARTESIAN_POINT('',(0.0175125541131309,0.0463962340582293,0.072212230710715));
#2894=CARTESIAN_POINT('',(0.0174319263004741,0.0464403295307539,0.0722149783530925));
#2895=CARTESIAN_POINT('',(0.0173923804374404,0.0464639529144587,0.0722137372856392));
#2896=CARTESIAN_POINT('',(0.0173155571195481,0.0465139099555609,0.0722060405541924));
#2897=CARTESIAN_POINT('',(0.0172782800910675,0.0465402433316598,0.0721995849205123));
#2898=CARTESIAN_POINT('',(0.0172066871757227,0.0465951292315246,0.0721815698628915));
#2899=CARTESIAN_POINT('',(0.0171723716889252,0.0466236814474774,0.0721700105251207));
#2900=CARTESIAN_POINT('',(0.0171398566877692,0.0466530772998407,0.0721560016592964));
#2901=CARTESIAN_POINT('',(0.0178768096165319,0.0466171864501085,0.0724152059144595));
#2902=CARTESIAN_POINT('',(0.0178281724527481,0.0466313470987104,0.0724261727962819));
#2903=CARTESIAN_POINT('',(0.0177795361895027,0.0466479743651617,0.0724339563890855));
#2904=CARTESIAN_POINT('',(0.0176834288666569,0.0466857623698876,0.0724429689227239));
#2905=CARTESIAN_POINT('',(0.017635958723369,0.046706922745135,0.0724441977745692));
#2906=CARTESIAN_POINT('',(0.0175433211582221,0.0467532683262585,0.0724400689864832));
#2907=CARTESIAN_POINT('',(0.0174981546199852,0.0467784530879167,0.0724347113823046));
#2908=CARTESIAN_POINT('',(0.0174112069596353,0.046832242614257,0.0724175353037876));
#2909=CARTESIAN_POINT('',(0.0173694266675282,0.0468608468640706,0.0724057169891316));
#2910=CARTESIAN_POINT('',(0.0172902535854581,0.0469207887821188,0.0723758996351381));
#2911=CARTESIAN_POINT('',(0.0172528615522228,0.0469521258770441,0.0723579008756702));
#2912=CARTESIAN_POINT('',(0.0172181120703601,0.046984453696417,0.0723370257831498));
#2913=CARTESIAN_POINT('',(0.0179310108170708,0.0467388904933825,0.0725095258608962));
#2914=CARTESIAN_POINT('',(0.017879907367252,0.0467527109832266,0.072520228803901));
#2915=CARTESIAN_POINT('',(0.017828804967729,0.0467692121192808,0.0725274722250926));
#2916=CARTESIAN_POINT('',(0.0177279311215792,0.0468071447136091,0.0725348497992054));
#2917=CARTESIAN_POINT('',(0.0176781608111783,0.0468285757414911,0.0725349838650228));
#2918=CARTESIAN_POINT('',(0.0175812478781853,0.0468758084690961,0.0725281367054561));
#2919=CARTESIAN_POINT('',(0.0175341063479112,0.0469016096343529,0.072521155552289));
#2920=CARTESIAN_POINT('',(0.0174436797488916,0.0469569094557199,0.0725002568502026));
#2921=CARTESIAN_POINT('',(0.017400395700537,0.0469864074870344,0.0724863395310516));
#2922=CARTESIAN_POINT('',(0.0173188130786871,0.0470483317742089,0.0724519277701781));
#2923=CARTESIAN_POINT('',(0.0172805154274618,0.0470807573309955,0.0724314337099782));
#2924=CARTESIAN_POINT('',(0.0172452105198143,0.0471142242857839,0.072407916315973));
#2925=CARTESIAN_POINT('',(0.0180295241134419,0.0469832076562591,0.0726988688699674));
#2926=CARTESIAN_POINT('',(0.0179737190746919,0.0469963269721733,0.0727090278047104));
#2927=CARTESIAN_POINT('',(0.0179179154404409,0.0470125629763577,0.0727151644421631));
#2928=CARTESIAN_POINT('',(0.0178079977905193,0.047050775864918,0.0727192059153677));
#2929=CARTESIAN_POINT('',(0.0177538854541502,0.0470727521626159,0.0727171106857001));
#2930=CARTESIAN_POINT('',(0.0176489896727233,0.047121778797667,0.0727047494640945));
#2931=CARTESIAN_POINT('',(0.0175982078308926,0.0471488283837568,0.0726944836565046));
#2932=CARTESIAN_POINT('',(0.0175015119301335,0.0472071813632008,0.0726660894081172));
#2933=CARTESIAN_POINT('',(0.0174555993501964,0.0472384838632982,0.0726479613959539));
#2934=CARTESIAN_POINT('',(0.0173700340642784,0.0473043938074447,0.0726043887336816));
#2935=CARTESIAN_POINT('',(0.0173303826686105,0.0473390002430943,0.0725789447436825));
#2936=CARTESIAN_POINT('',(0.017294462850306,0.0473747347205875,0.072550226171259));
#2937=CARTESIAN_POINT('',(0.0180737392449287,0.047105493134215,0.072793638018894));
#2938=CARTESIAN_POINT('',(0.0180157046977322,0.0471182525037261,0.0728035177132127));
#2939=CARTESIAN_POINT('',(0.0179576717586397,0.0471343499455899,0.0728090893801971));
#2940=CARTESIAN_POINT('',(0.0178434877524317,0.0471726982325495,0.0728114345652005));
#2941=CARTESIAN_POINT('',(0.0177873386863581,0.0471949484024007,0.0728082080374513));
#2942=CARTESIAN_POINT('',(0.0176787443987675,0.0472448793011903,0.0727930589211388));
#2943=CARTESIAN_POINT('',(0.0176263010813794,0.0472725591528509,0.0727811365921828));
#2944=CARTESIAN_POINT('',(0.0175268206854503,0.0473324507511512,0.0727489796322998));
#2945=CARTESIAN_POINT('',(0.0174797853529815,0.0473646614466855,0.0727287455581395));
#2946=CARTESIAN_POINT('',(0.0173926487538482,0.0474325692909429,0.0726806182501634));
#2947=CARTESIAN_POINT('',(0.0173525490190958,0.0474682652485042,0.0726527258525365));
#2948=CARTESIAN_POINT('',(0.017316568254961,0.0475051252086347,0.0726214546515218));
#2949=CARTESIAN_POINT('',(0.0181651278396435,0.0473830814828435,0.0730087629975775));
#2950=CARTESIAN_POINT('',(0.018102229119657,0.0473950007384139,0.0730179909920887));
#2951=CARTESIAN_POINT('',(0.0180393325427414,0.0474107683997594,0.0730222522956317));
#2952=CARTESIAN_POINT('',(0.0179158869152496,0.0474494107508225,0.0730206802742308));
#2953=CARTESIAN_POINT('',(0.0178553407334016,0.0474722845379108,0.0730148469790701));
#2954=CARTESIAN_POINT('',(0.0177388577410357,0.0475242834233451,0.0729932998689399));
#2955=CARTESIAN_POINT('',(0.0176829236389535,0.0475534073100431,0.0729775865462062));
#2956=CARTESIAN_POINT('',(0.0175777553400001,0.0476168177211063,0.0729368618613556));
#2957=CARTESIAN_POINT('',(0.0175285235910259,0.0476511027696898,0.07291185143584));
#2958=CARTESIAN_POINT('',(0.0174386014902342,0.0477235543723147,0.0728534618777981));
#2959=CARTESIAN_POINT('',(0.017397913235134,0.0477617192410836,0.0728200840917278));
#2960=CARTESIAN_POINT('',(0.0173622576466443,0.0478011118865344,0.0727831428460058));
#2961=CARTESIAN_POINT('',(0.0182100771549228,0.0475385572192013,0.0731292524814388));
#2962=CARTESIAN_POINT('',(0.0181445909135617,0.0475499899947321,0.0731381031312694));
#2963=CARTESIAN_POINT('',(0.0180791071652346,0.0475655624052787,0.0731416112138497));
#2964=CARTESIAN_POINT('',(0.0179507682574105,0.0476043602772774,0.0731377990687647));
#2965=CARTESIAN_POINT('',(0.0178879165476176,0.0476275846905019,0.073130478934499));
#2966=CARTESIAN_POINT('',(0.0177673673518202,0.0476807524498564,0.0731053002470225));
#2967=CARTESIAN_POINT('',(0.0177096731086738,0.0477106943636576,0.0730874423589543));
#2968=CARTESIAN_POINT('',(0.0176017585536711,0.047776093739745,0.0730419006720337));
#2969=CARTESIAN_POINT('',(0.0175515411490461,0.0478115494425338,0.073014218083957));
#2970=CARTESIAN_POINT('',(0.0174606013048644,0.0478865518602043,0.0729501338593262));
#2971=CARTESIAN_POINT('',(0.0174198813213535,0.0479260965582986,0.0729137339314565));
#2972=CARTESIAN_POINT('',(0.0173847295566438,0.0479668923831034,0.0728737030879476));
#2973=CARTESIAN_POINT('',(0.018275390658637,0.0477926364983536,0.0733261559222129));
#2974=CARTESIAN_POINT('',(0.0182058307293505,0.0478032436490524,0.0733343662088202));
#2975=CARTESIAN_POINT('',(0.0181362739689589,0.0478184763094577,0.0733366068388734));
#2976=CARTESIAN_POINT('',(0.0180002828905926,0.0478575093848649,0.0733290474416734));
#2977=CARTESIAN_POINT('',(0.0179338531664684,0.0478813084793349,0.0733192476664372));
#2978=CARTESIAN_POINT('',(0.0178071015786916,0.0479364050303314,0.073288045672056));
#2979=CARTESIAN_POINT('',(0.0177467839977105,0.0479677006244882,0.0732666445026357));
#2980=CARTESIAN_POINT('',(0.0176349680830911,0.0480363840942298,0.073213198999577));
#2981=CARTESIAN_POINT('',(0.0175834735290594,0.0480737696490661,0.0731811564664277));
#2982=CARTESIAN_POINT('',(0.0174916193547844,0.0481529533674098,0.0731078656108146));
#2983=CARTESIAN_POINT('',(0.0174512628417055,0.0481947488557732,0.0730666197590389));
#2984=CARTESIAN_POINT('',(0.0174173818182944,0.0482378116980361,0.07302169654033));
#2985=CARTESIAN_POINT('',(0.0182986413141271,0.047890708479762,0.0734021583507049));
#2986=CARTESIAN_POINT('',(0.0182275464380516,0.0479009896253288,0.073410115794434));
#2987=CARTESIAN_POINT('',(0.0181564550166155,0.047916086200478,0.0734118584650846));
#2988=CARTESIAN_POINT('',(0.0180175934962758,0.0479552055249091,0.0734028320043053));
#2989=CARTESIAN_POINT('',(0.0179498284794261,0.0479792268403399,0.0733920631992328));
#2990=CARTESIAN_POINT('',(0.0178207895175933,0.0480350723297857,0.0733585151031186));
#2991=CARTESIAN_POINT('',(0.0177595202964272,0.0480668944588289,0.0733357370347023));
#2992=CARTESIAN_POINT('',(0.0176463395981327,0.048136853615047,0.0732792331351328));
#2993=CARTESIAN_POINT('',(0.0175944322663876,0.0481749880814698,0.0732455093660258));
#2994=CARTESIAN_POINT('',(0.0175024050613282,0.0482557887924781,0.0731686886630251));
#2995=CARTESIAN_POINT('',(0.0174622885616747,0.048298452079891,0.0731255945346472));
#2996=CARTESIAN_POINT('',(0.0174290054128665,0.0483423837455231,0.0730788203473563));
#2997=CARTESIAN_POINT('',(0.01834175245086,0.0480874248664932,0.0735546063327081));
#2998=CARTESIAN_POINT('',(0.018267639806732,0.0480970358344592,0.0735620440193617));
#2999=CARTESIAN_POINT('',(0.0181935312475931,0.0481118483178252,0.0735627686447003));
#3000=CARTESIAN_POINT('',(0.0180490515065323,0.0481511301182559,0.0735507543406626));
#3001=CARTESIAN_POINT('',(0.0179786864924847,0.0481755977562931,0.073538015920342));
#3002=CARTESIAN_POINT('',(0.0178452472508514,0.0482329547669315,0.073499716210257));
#3003=CARTESIAN_POINT('',(0.0177821787210192,0.0482658416898538,0.0734741565505495));
#3004=CARTESIAN_POINT('',(0.0176665182169142,0.048338377218924,0.0734115021968392));
#3005=CARTESIAN_POINT('',(0.0176139311832878,0.0483780227281412,0.0733744101719112));
#3006=CARTESIAN_POINT('',(0.0175218911289285,0.0484620741441592,0.0732905612113136));
#3007=CARTESIAN_POINT('',(0.0174824420428368,0.0485064764627582,0.0732438078494398));
#3008=CARTESIAN_POINT('',(0.0174505575047717,0.0485521381785268,0.0731934011294458));
#3009=CARTESIAN_POINT('',(0.0183616120025279,0.0481860698005827,0.0736310522958507));
#3010=CARTESIAN_POINT('',(0.0182860165643293,0.0481953365957127,0.0736382230680262));
#3011=CARTESIAN_POINT('',(0.0182104255557228,0.0482100010729746,0.0736384276061509));
#3012=CARTESIAN_POINT('',(0.0180631980910776,0.0482493591023841,0.0736248925173603));
#3013=CARTESIAN_POINT('',(0.0179915684005265,0.0482740508436464,0.0736111535078525));
#3014=CARTESIAN_POINT('',(0.0178560163107916,0.0483321704410858,0.0735704482751126));
#3015=CARTESIAN_POINT('',(0.017792100142152,0.0483655956254814,0.0735434839164608));
#3016=CARTESIAN_POINT('',(0.0176753246781044,0.048439431846689,0.073477737488782));
#3017=CARTESIAN_POINT('',(0.0176224707528335,0.0484798394903989,0.0734389584342954));
#3018=CARTESIAN_POINT('',(0.0175305909491467,0.0485655246261053,0.073351611041303));
#3019=CARTESIAN_POINT('',(0.017491569299865,0.0486107981809029,0.073303046710045));
#3020=CARTESIAN_POINT('',(0.017460485537308,0.0486573211278486,0.0732508584124238));
#3021=CARTESIAN_POINT('',(0.0184091778078159,0.0484431530354784,0.0738302811659201));
#3022=CARTESIAN_POINT('',(0.0183297832810727,0.048451499425029,0.0738367381638096));
#3023=CARTESIAN_POINT('',(0.0182503941667883,0.0484657619299173,0.0738355598502927));
#3024=CARTESIAN_POINT('',(0.0180961596233011,0.0485053027944175,0.0738179973908831));
#3025=CARTESIAN_POINT('',(0.0180213226741664,0.048530578974434,0.0738016141994473));
#3026=CARTESIAN_POINT('',(0.0178804830670325,0.0485906984706849,0.073754575831433));
#3027=CARTESIAN_POINT('',(0.0178144881564637,0.0486255384789243,0.0737239232266061));
#3028=CARTESIAN_POINT('',(0.0176951182385633,0.0487027892919838,0.0736500971730291));
#3029=CARTESIAN_POINT('',(0.0176417498041569,0.0487451958490991,0.0736069277670326));
#3030=CARTESIAN_POINT('',(0.0175506969714664,0.0488351499320005,0.0735105366692941));
#3031=CARTESIAN_POINT('',(0.0175130175965626,0.048882692512593,0.0734573202611798));
#3032=CARTESIAN_POINT('',(0.0174842638966623,0.048931443363835,0.0734006002610038));
#3033=CARTESIAN_POINT('',(0.0184344495124942,0.0486019559454011,0.0739533462864309));
#3034=CARTESIAN_POINT('',(0.0183527721828785,0.0486097108103347,0.0739593445789282));
#3035=CARTESIAN_POINT('',(0.0182711009559745,0.0486237090930315,0.0739572851632807));
#3036=CARTESIAN_POINT('',(0.0181126888190882,0.0486633474039403,0.0739371721873333));
#3037=CARTESIAN_POINT('',(0.0180359576023778,0.0486889850001605,0.0739191198431076));
#3038=CARTESIAN_POINT('',(0.017892066392665,0.0487503521278613,0.073868106629265));
#3039=CARTESIAN_POINT('',(0.0178249152101054,0.0487860779021086,0.073835148862129));
#3040=CARTESIAN_POINT('',(0.0177042479785096,0.0488654622701736,0.0737563110798384));
#3041=CARTESIAN_POINT('',(0.0176507393275442,0.0489091160073319,0.073710435867846));
#3042=CARTESIAN_POINT('',(0.0175605989348236,0.049001718044847,0.0736085307134304));
#3043=CARTESIAN_POINT('',(0.0175239727337722,0.04905066068088,0.0735525069870139));
#3044=CARTESIAN_POINT('',(0.0174968969425665,0.0491007714072832,0.0734930970205808));
#3045=CARTESIAN_POINT('',(0.0184907272577116,0.0490158630422525,0.0742741043741842));
#3046=CARTESIAN_POINT('',(0.0184032230206034,0.0490220050383033,0.0742788520012568));
#3047=CARTESIAN_POINT('',(0.0183157269511025,0.049035264326414,0.0742744142055474));
#3048=CARTESIAN_POINT('',(0.0181467364382248,0.0490751053632758,0.0742474647873404));
#3049=CARTESIAN_POINT('',(0.018065255338397,0.0491016839505299,0.0742249552576387));
#3050=CARTESIAN_POINT('',(0.0179138974031434,0.0491663365103309,0.0741633970422118));
#3051=CARTESIAN_POINT('',(0.017844032532694,0.049204405372692,0.0741243531714816));
#3052=CARTESIAN_POINT('',(0.0177207162870735,0.0492894235067396,0.0740323957817181));
#3053=CARTESIAN_POINT('',(0.0176672746835943,0.0493363660674931,0.0739794894734255));
#3054=CARTESIAN_POINT('',(0.0175804916697776,0.0494359075202465,0.0738634297175094));
#3055=CARTESIAN_POINT('',(0.017547157171837,0.049488498557253,0.0738002853869906));
#3056=CARTESIAN_POINT('',(0.0175250285004289,0.0495421113549334,0.0737341817523522));
#3057=CARTESIAN_POINT('',(0.0185160984350455,0.0492715898776109,0.0744722790790128));
#3058=CARTESIAN_POINT('',(0.0184251143335161,0.0492766659683612,0.0744762002230435));
#3059=CARTESIAN_POINT('',(0.0183341399351714,0.0492894196347948,0.0744702129619659));
#3060=CARTESIAN_POINT('',(0.0181589170322399,0.0493293361307076,0.0744388551000448));
#3061=CARTESIAN_POINT('',(0.0180746846040086,0.0493564952772827,0.0744134873224025));
#3062=CARTESIAN_POINT('',(0.0179191902951062,0.0494232107966532,0.0743452328722242));
#3063=CARTESIAN_POINT('',(0.0178479427050814,0.0494627610455371,0.074302352392863));
#3064=CARTESIAN_POINT('',(0.0177237074921781,0.0495513311722082,0.0742022331677132));
#3065=CARTESIAN_POINT('',(0.0176707313282577,0.0496003429329552,0.0741450035354753));
#3066=CARTESIAN_POINT('',(0.017586982972641,0.0497042083530962,0.0740204112290959));
#3067=CARTESIAN_POINT('',(0.0175562185675849,0.049759052495368,0.0739530599259095));
#3068=CARTESIAN_POINT('',(0.017537709569782,0.0498147871342971,0.0738831319863335));
#3069=CARTESIAN_POINT('',(0.018550554906698,0.0497912366975747,0.0748749753970826));
#3070=CARTESIAN_POINT('',(0.0184526492446534,0.0497939579294284,0.0748770707327314));
#3071=CARTESIAN_POINT('',(0.0183547571308377,0.0498055459011794,0.0748677234004177));
#3072=CARTESIAN_POINT('',(0.018167315271541,0.0498454652642041,0.0748269295837926));
#3073=CARTESIAN_POINT('',(0.0180777884658602,0.0498737917494808,0.0747954880384675));
#3074=CARTESIAN_POINT('',(0.0179147307837591,0.0499447697709598,0.0747131752780949));
#3075=CARTESIAN_POINT('',(0.0178412198871248,0.0499874126177428,0.0746623140681427));
#3076=CARTESIAN_POINT('',(0.017716486714883,0.0500833839914535,0.0745454896154651));
#3077=CARTESIAN_POINT('',(0.0176652797648319,0.0501367007821049,0.0744795405983625));
#3078=CARTESIAN_POINT('',(0.0175895504051911,0.0502494692250492,0.0743381591638634));
#3079=CARTESIAN_POINT('',(0.0175650373659213,0.0503089070885928,0.0742627439894373));
#3080=CARTESIAN_POINT('',(0.0175549286221916,0.0503688747413245,0.0741858034069739));
#3081=CARTESIAN_POINT('',(0.0185590893560681,0.0500551645677617,0.0750795030455207));
#3082=CARTESIAN_POINT('',(0.0184577469900534,0.050056591285474,0.0750805947474635));
#3083=CARTESIAN_POINT('',(0.0183564205038198,0.0500675152014174,0.0750694304700729));
#3084=CARTESIAN_POINT('',(0.0181630066632754,0.0501073578149835,0.0750235946354184));
#3085=CARTESIAN_POINT('',(0.0180709464196409,0.0501362708991012,0.0749889294201505));
#3086=CARTESIAN_POINT('',(0.0179044888387867,0.0502094508929302,0.0748992405571485));
#3087=CARTESIAN_POINT('',(0.0178301148752928,0.0502537075460256,0.0748442293777644));
#3088=CARTESIAN_POINT('',(0.0177058465891968,0.0503535337824429,0.0747188573578315));
#3089=CARTESIAN_POINT('',(0.0176559697868295,0.0504090893937207,0.0746485139899849));
#3090=CARTESIAN_POINT('',(0.0175852842391756,0.0505264401452685,0.0744988922838715));
#3091=CARTESIAN_POINT('',(0.0175644855701816,0.0505882188607222,0.0744196348478512));
#3092=CARTESIAN_POINT('',(0.0175591911826346,0.0506502949732492,0.0743395291474384));
#3093=CARTESIAN_POINT('',(0.0185590667298036,0.0503180159246917,0.0752831952936224));
#3094=CARTESIAN_POINT('',(0.0184543469755426,0.0503180172514417,0.0752831819492025));
#3095=CARTESIAN_POINT('',(0.0183496459416978,0.0503281764906412,0.0752700604935399));
#3096=CARTESIAN_POINT('',(0.0181504641536204,0.0503678227435728,0.0752188775044118));
#3097=CARTESIAN_POINT('',(0.0180560155845844,0.0503973033509839,0.0751808242414542));
#3098=CARTESIAN_POINT('',(0.0178865888181499,0.0504727123518784,0.0750834950996265));
#3099=CARTESIAN_POINT('',(0.0178116379979219,0.0505186285602443,0.0750242349478848));
#3100=CARTESIAN_POINT('',(0.0176885509254945,0.0506224187506888,0.0748902869078915));
#3101=CARTESIAN_POINT('',(0.0176404345625715,0.0506802759616174,0.074815620663908));
#3102=CARTESIAN_POINT('',(0.0175757358043985,0.0508022876346225,0.0746581654931746));
#3103=CARTESIAN_POINT('',(0.0175591638636297,0.0508664223811933,0.0745754020091406));
#3104=CARTESIAN_POINT('',(0.0175591752242868,0.0509305672826466,0.0744926272629869));
#3105=EDGE_LOOP('',(#5949,#5950,#5951,#5952,#5953,#5954,#5955));
#3106=CARTESIAN_POINT('',(0.0170822966913101,0.0562916369200832,0.0783001439246974));
#3107=CARTESIAN_POINT('',(0.0170638860396308,0.0562414477869142,0.078411181562971));
#3108=CARTESIAN_POINT('',(0.0170575423404569,0.0561727159269734,0.0785157963227482));
#3109=CARTESIAN_POINT('',(0.0170698385189436,0.0560073726637226,0.0786981680378792));
#3110=CARTESIAN_POINT('',(0.0170884745926543,0.0559108124110601,0.0787758685746582));
#3111=CARTESIAN_POINT('',(0.0171482266028271,0.0557028478945264,0.078893891836479));
#3112=CARTESIAN_POINT('',(0.0171893240543873,0.0555915079666277,0.0789341780498049));
#3113=CARTESIAN_POINT('',(0.0172884572788083,0.0553690255845763,0.0789719037264753));
#3114=CARTESIAN_POINT('',(0.0173464623837816,0.0552579519576478,0.0789693315189916));
#3115=CARTESIAN_POINT('',(0.0174715804051545,0.0550510169767789,0.078921661532542));
#3116=CARTESIAN_POINT('',(0.0175386546150011,0.0549552196403134,0.078876578500779));
#3117=CARTESIAN_POINT('',(0.0176057520813234,0.0548735079809473,0.0788132666295883));
#3118=CARTESIAN_POINT('',(0.017049846420437,0.0562771958742512,0.0782808295423522));
#3119=CARTESIAN_POINT('',(0.0170320439725022,0.0562280550868549,0.0783929356496092));
#3120=CARTESIAN_POINT('',(0.0170256488188584,0.056159801659091,0.0784984217642681));
#3121=CARTESIAN_POINT('',(0.0170365356753089,0.0559942764851437,0.0786819261149362));
#3122=CARTESIAN_POINT('',(0.0170538142626901,0.0558970566821105,0.0787598867699285));
#3123=CARTESIAN_POINT('',(0.0171097098103056,0.0556868157190476,0.0788777093967801));
#3124=CARTESIAN_POINT('',(0.0171483092126158,0.0555738605252398,0.0789175343934678));
#3125=CARTESIAN_POINT('',(0.0172416023444187,0.0553475153842091,0.078953639436823));
#3126=CARTESIAN_POINT('',(0.0172962667713049,0.055234196449846,0.0789499081460404));
#3127=CARTESIAN_POINT('',(0.0174142546536681,0.0550225489914281,0.0788993801442627));
#3128=CARTESIAN_POINT('',(0.0174775410512592,0.0549242868641249,0.078852599276888));
#3129=CARTESIAN_POINT('',(0.0175408498502711,0.0548402123189934,0.0787874558070111));
#3130=CARTESIAN_POINT('',(0.0170162747343863,0.0562641069100486,0.0782633229202986));
#3131=CARTESIAN_POINT('',(0.0169992603324477,0.0562159789041755,0.0783764336605164));
#3132=CARTESIAN_POINT('',(0.0169929436684883,0.0561482110521143,0.0784827420420786));
#3133=CARTESIAN_POINT('',(0.0170025634790932,0.0559825957359453,0.0786673229424795));
#3134=CARTESIAN_POINT('',(0.0170184968909888,0.0558848009263256,0.0787455367805963));
#3135=CARTESIAN_POINT('',(0.0170704466806266,0.0556725126001076,0.0788631936176775));
#3136=CARTESIAN_POINT('',(0.0171064465268619,0.0555580865702751,0.0789025992091078));
#3137=CARTESIAN_POINT('',(0.0171936069349677,0.0553282034850553,0.0789372150019593));
#3138=CARTESIAN_POINT('',(0.0172447397618921,0.0552128195053287,0.0789324141928832));
#3139=CARTESIAN_POINT('',(0.0173551663344368,0.0549968290024307,0.0788792461412523));
#3140=CARTESIAN_POINT('',(0.0174144249422459,0.0548962911352557,0.0788308957937199));
#3141=CARTESIAN_POINT('',(0.0174737049470233,0.054810034036542,0.078764060437601));
#3142=CARTESIAN_POINT('',(0.0169265309456284,0.0562337655016391,0.0782227392584342));
#3143=CARTESIAN_POINT('',(0.0169119890105209,0.056188084320259,0.0783382365173141));
#3144=CARTESIAN_POINT('',(0.0169061872070494,0.0561215247084575,0.0784465029227777));
#3145=CARTESIAN_POINT('',(0.0169128635909475,0.0559558196842305,0.0786336593092327));
#3146=CARTESIAN_POINT('',(0.0169253395802168,0.0558567285592649,0.078712487984056));
#3147=CARTESIAN_POINT('',(0.0169668456488186,0.055639720199441,0.0788297862833776));
#3148=CARTESIAN_POINT('',(0.0169958620917249,0.055521874042895,0.0788682174776386));
#3149=CARTESIAN_POINT('',(0.0170664187585689,0.0552837312085115,0.0788993484181817));
#3150=CARTESIAN_POINT('',(0.0171079358060009,0.0551635125200086,0.078892037952647));
#3151=CARTESIAN_POINT('',(0.0171977200284004,0.0549373398209369,0.0788326704154828));
#3152=CARTESIAN_POINT('',(0.0172459577127647,0.0548314598710265,0.0787806327709162));
#3153=CARTESIAN_POINT('',(0.0172942138201536,0.0547400779893731,0.0787098245371911));
#3154=CARTESIAN_POINT('',(0.0168681778141169,0.0562185404445878,0.0782023728038498));
#3155=CARTESIAN_POINT('',(0.0168556015832205,0.0561741958388761,0.0783191309465225));
#3156=CARTESIAN_POINT('',(0.016850433201081,0.0561083332419159,0.0784284369153228));
#3157=CARTESIAN_POINT('',(0.0168556301509839,0.0559427141685205,0.0786169734785305));
#3158=CARTESIAN_POINT('',(0.0168659937498766,0.0558430127809892,0.0786961413653934));
#3159=CARTESIAN_POINT('',(0.0169008111622396,0.0556236644783631,0.0788132880796173));
#3160=CARTESIAN_POINT('',(0.0169252533694307,0.0555040905169741,0.0788512279410258));
#3161=CARTESIAN_POINT('',(0.0169848086464022,0.0552617388200719,0.0788805743641012));
#3162=CARTESIAN_POINT('',(0.0170199018643086,0.0551390416845072,0.0788719711595998));
#3163=CARTESIAN_POINT('',(0.0170958434540428,0.0549076337545606,0.0788094053135647));
#3164=CARTESIAN_POINT('',(0.0171366665121572,0.0547989999171284,0.0787554634739913));
#3165=CARTESIAN_POINT('',(0.0171775057760756,0.0547049745966832,0.0786826057337573));
#3166=CARTESIAN_POINT('',(0.0167483264947388,0.0561961804514913,0.0781724570636015));
#3167=CARTESIAN_POINT('',(0.0167402764620883,0.0561538572335682,0.0782911014736573));
#3168=CARTESIAN_POINT('',(0.0167368193653809,0.0560890673705581,0.078401965305982));
#3169=CARTESIAN_POINT('',(0.0167395767687536,0.0559236456503286,0.0785925767167245));
#3170=CARTESIAN_POINT('',(0.0167457903266487,0.0558230700451151,0.078672259481604));
#3171=CARTESIAN_POINT('',(0.0167670137383128,0.0556003011249261,0.0787891987606881));
#3172=CARTESIAN_POINT('',(0.0167820163498187,0.0554781835561476,0.0788264155093173));
#3173=CARTESIAN_POINT('',(0.0168186947430828,0.0552296159772955,0.0788531209402356));
#3174=CARTESIAN_POINT('',(0.0168403580098748,0.0551032504810595,0.0788426005364413));
#3175=CARTESIAN_POINT('',(0.0168872879527953,0.0548640854667442,0.0787752889189881));
#3176=CARTESIAN_POINT('',(0.016912538616527,0.0547513672622994,0.0787185205858253));
#3177=CARTESIAN_POINT('',(0.0169378005215561,0.0546534205283539,0.0786426218739996));
#3178=CARTESIAN_POINT('',(0.01668705961791,0.0561890600530891,0.0781629272501932));
#3179=CARTESIAN_POINT('',(0.0166815562798572,0.0561474171206643,0.0782821938926241));
#3180=CARTESIAN_POINT('',(0.016679169476468,0.0560829995334509,0.0783935732501237));
#3181=CARTESIAN_POINT('',(0.0166809652305466,0.0559176850649443,0.0785848752468679));
#3182=CARTESIAN_POINT('',(0.0166851471721416,0.0558168447979457,0.0786647323723607));
#3183=CARTESIAN_POINT('',(0.0166994899580495,0.0555929964661376,0.0787816150243671));
#3184=CARTESIAN_POINT('',(0.0167096458835222,0.0554700650608621,0.078818600522758));
#3185=CARTESIAN_POINT('',(0.0167344958556762,0.0552194964206063,0.0788444522934504));
#3186=CARTESIAN_POINT('',(0.0167491813801114,0.0550919449955146,0.0788333097120904));
#3187=CARTESIAN_POINT('',(0.0167810043544446,0.0548502670507278,0.0787644564362333));
#3188=CARTESIAN_POINT('',(0.0167981308907304,0.0547362232959627,0.0787067693208512));
#3189=CARTESIAN_POINT('',(0.0168152659348908,0.0546370033718623,0.0786298828562712));
#3190=CARTESIAN_POINT('',(0.0165225618081523,0.0561810902894201,0.0781522468131343));
#3191=CARTESIAN_POINT('',(0.016524073821341,0.056140206217665,0.0782722090219743));
#3192=CARTESIAN_POINT('',(0.0165247103784227,0.056076203162278,0.0783841643480002));
#3193=CARTESIAN_POINT('',(0.0165241432516354,0.0559110056168101,0.0785762371501093));
#3194=CARTESIAN_POINT('',(0.0165229397610182,0.0558098681469143,0.0786562883306055));
#3195=CARTESIAN_POINT('',(0.0165188618829678,0.0555848109181291,0.0787731055424259));
#3196=CARTESIAN_POINT('',(0.0165159888835822,0.0554609688393633,0.0788098312527153));
#3197=CARTESIAN_POINT('',(0.0165089780666497,0.0552081618865158,0.0788347258699742));
#3198=CARTESIAN_POINT('',(0.0165048426352758,0.0550792842696436,0.0788228861832334));
#3199=CARTESIAN_POINT('',(0.0164958922311993,0.0548347965426282,0.078752306138349));
#3200=CARTESIAN_POINT('',(0.0164910803047158,0.0547192708176021,0.0786935901399907));
#3201=CARTESIAN_POINT('',(0.0164862693828594,0.0546186275037448,0.078615597631351));
#3202=CARTESIAN_POINT('',(0.0164168941268102,0.0561879146316767,0.0781613566576118));
#3203=CARTESIAN_POINT('',(0.0164230794250661,0.0561463446349435,0.0782807036653232));
#3204=CARTESIAN_POINT('',(0.0164257981877777,0.0560819562976029,0.0783921474199545));
#3205=CARTESIAN_POINT('',(0.0164239178585597,0.0559166146526482,0.0785835304342065));
#3206=CARTESIAN_POINT('',(0.0164193194232116,0.0558157180259288,0.0786634040969242));
#3207=CARTESIAN_POINT('',(0.0164034580340787,0.0555916860176243,0.0787802641200839));
#3208=CARTESIAN_POINT('',(0.0163922005857561,0.0554686274186793,0.0788172104193776));
#3209=CARTESIAN_POINT('',(0.0163646277071,0.0552177582780932,0.0788429301067085));
#3210=CARTESIAN_POINT('',(0.0163483218436942,0.0550900337053945,0.0788316946651184));
#3211=CARTESIAN_POINT('',(0.0163129820752146,0.0548479940023745,0.0787626141000638));
#3212=CARTESIAN_POINT('',(0.016293960430473,0.0547337618067241,0.0787047926347248));
#3213=CARTESIAN_POINT('',(0.0162749348183038,0.0546343614214586,0.0786277613618183));
#3214=CARTESIAN_POINT('',(0.0162189441492047,0.0562236573473786,0.0782091210879894));
#3215=CARTESIAN_POINT('',(0.0162326680789621,0.0561788453356978,0.0783254487071616));
#3216=CARTESIAN_POINT('',(0.0162382663340651,0.0561127331180022,0.0784343974133716));
#3217=CARTESIAN_POINT('',(0.0162324346939647,0.0559470627293327,0.0786224541978582));
#3218=CARTESIAN_POINT('',(0.0162210067400467,0.0558475593826234,0.0787015000544388));
#3219=CARTESIAN_POINT('',(0.0161827128446426,0.0556289921002912,0.0788186830472537));
#3220=CARTESIAN_POINT('',(0.0161558596405317,0.0555100004766171,0.0788567814045909));
#3221=CARTESIAN_POINT('',(0.0160904678647918,0.0552690736076754,0.0788867163252654));
#3222=CARTESIAN_POINT('',(0.0160519510424594,0.0551472180605241,0.0788785429703412));
#3223=CARTESIAN_POINT('',(0.0159686214558357,0.0549175905358334,0.0788170444421276));
#3224=CARTESIAN_POINT('',(0.0159238364063637,0.0548098945100715,0.0787637395977566));
#3225=CARTESIAN_POINT('',(0.0158790390438446,0.0547167697063937,0.0786915679444463));
#3226=CARTESIAN_POINT('',(0.0161253900260087,0.0562520488446434,0.0782470709831517));
#3227=CARTESIAN_POINT('',(0.0161420360308025,0.0562047514831145,0.0783610528584466));
#3228=CARTESIAN_POINT('',(0.0161484567233193,0.0561373459005027,0.0784680677006859));
#3229=CARTESIAN_POINT('',(0.0161399710429891,0.0559715249253374,0.0786535570458696));
#3230=CARTESIAN_POINT('',(0.0161250674410682,0.0558731628545936,0.0787319719305249));
#3231=CARTESIAN_POINT('',(0.0160759823340775,0.0556589617487257,0.0788494370099327));
#3232=CARTESIAN_POINT('',(0.0160418167308868,0.0555431915315249,0.0788884494227393));
#3233=CARTESIAN_POINT('',(0.0159589204593549,0.0553101088032524,0.0789217043155405));
#3234=CARTESIAN_POINT('',(0.0159102166267372,0.0551928711348523,0.078915936052627));
#3235=CARTESIAN_POINT('',(0.0158049691081409,0.0549729965812479,0.0788603883537424));
#3236=CARTESIAN_POINT('',(0.0157484594852008,0.0548704302656019,0.078810626696252));
#3237=CARTESIAN_POINT('',(0.0156919341184419,0.0547822292934446,0.0787422690739656));
#3238=CARTESIAN_POINT('',(0.0159552612086173,0.0563267374144334,0.078346915482553));
#3239=CARTESIAN_POINT('',(0.0159751833060633,0.0562739842870053,0.0784553527746382));
#3240=CARTESIAN_POINT('',(0.0159814071792431,0.0562040762206013,0.0785578435725342));
#3241=CARTESIAN_POINT('',(0.0159656394377581,0.0560391556423645,0.0787374463338237));
#3242=CARTESIAN_POINT('',(0.0159436525721087,0.0559441923574291,0.0788145047161722));
#3243=CARTESIAN_POINT('',(0.0158743757868021,0.0557417561369441,0.078932993553028));
#3244=CARTESIAN_POINT('',(0.0158271066641896,0.0556343435647572,0.0789743886303368));
#3245=CARTESIAN_POINT('',(0.0157135453159601,0.0554212585179648,0.0790160281302022));
#3246=CARTESIAN_POINT('',(0.0156472871676642,0.0553156495380938,0.0790162600741423));
#3247=CARTESIAN_POINT('',(0.0155045593644287,0.0551201862574383,0.0789755104564757));
#3248=CARTESIAN_POINT('',(0.0154281325329153,0.055030390165465,0.0789345409740379));
#3249=CARTESIAN_POINT('',(0.015351685220188,0.0549544319512715,0.078875667937488));
#3250=CARTESIAN_POINT('',(0.0158784917603934,0.0563731102504244,0.0784089113650226));
#3251=CARTESIAN_POINT('',(0.0158987778296622,0.0563174053895436,0.0785141583990153));
#3252=CARTESIAN_POINT('',(0.0159039884314652,0.0562463060542838,0.0786140673045811));
#3253=CARTESIAN_POINT('',(0.0158835942670613,0.0560824669453138,0.0787903648444978));
#3254=CARTESIAN_POINT('',(0.0158579953848896,0.0559897737972372,0.0788667033183379));
#3255=CARTESIAN_POINT('',(0.0157792986091713,0.055794754863278,0.0789859413891599));
#3256=CARTESIAN_POINT('',(0.0157262232476677,0.0556924844885757,0.0790288070141053));
#3257=CARTESIAN_POINT('',(0.0155994622960131,0.0554915589042203,0.0790755116473343));
#3258=CARTESIAN_POINT('',(0.0155258129592195,0.0553929607191077,0.0790793372747758));
#3259=CARTESIAN_POINT('',(0.0153674700876755,0.0552121520613272,0.0790474302067118));
#3260=CARTESIAN_POINT('',(0.0152828218210149,0.0551299928494177,0.0790117064601102));
#3261=CARTESIAN_POINT('',(0.015198151748142,0.0550613497029099,0.0789585009840381));
#3262=CARTESIAN_POINT('',(0.0157497674151518,0.0564774186638086,0.0785483677144549));
#3263=CARTESIAN_POINT('',(0.0157684837918243,0.0564167434080202,0.0786473870780889));
#3264=CARTESIAN_POINT('',(0.0157702176739094,0.0563443300577805,0.078742331770008));
#3265=CARTESIAN_POINT('',(0.0157395142181999,0.0561848716066669,0.0789124859989315));
#3266=CARTESIAN_POINT('',(0.0157070848167467,0.056097867322205,0.0789876519919057));
#3267=CARTESIAN_POINT('',(0.0156120413980921,0.0559199237024287,0.0791089851010365));
#3268=CARTESIAN_POINT('',(0.0155494518402976,0.0558290298307865,0.079155121122105));
#3269=CARTESIAN_POINT('',(0.0154017948425529,0.0556544790008211,0.0792126932811653));
#3270=CARTESIAN_POINT('',(0.0153167653709539,0.0555708665726966,0.0792241145962874));
#3271=CARTESIAN_POINT('',(0.0151347053730549,0.0554211538908721,0.0792108210455316));
#3272=CARTESIAN_POINT('',(0.015037721647279,0.0553550917721673,0.0791861094560577));
#3273=CARTESIAN_POINT('',(0.014940715259064,0.055301844567853,0.0791448331140757));
#3274=CARTESIAN_POINT('',(0.0156972884120425,0.0565346100512861,0.0786248330197796));
#3275=CARTESIAN_POINT('',(0.0157141770472044,0.0564719043096772,0.078720832113041));
#3276=CARTESIAN_POINT('',(0.015713526039239,0.0563993384085154,0.0788134054158642));
#3277=CARTESIAN_POINT('',(0.0156772317808728,0.056243091543782,0.0789807277248363));
#3278=CARTESIAN_POINT('',(0.0156415973734118,0.056159448236221,0.0790554363707644));
#3279=CARTESIAN_POINT('',(0.0155395910595524,0.0559910288364974,0.0791780881802455));
#3280=CARTESIAN_POINT('',(0.0154732438617381,0.0559062932520909,0.0792260017095207));
#3281=CARTESIAN_POINT('',(0.0153177412253914,0.0557457973453985,0.0792893139568585));
#3282=CARTESIAN_POINT('',(0.0152286234082526,0.0556700755571787,0.0793046973040235));
#3283=CARTESIAN_POINT('',(0.0150382351065036,0.0555366364978324,0.0793010791702456));
#3284=CARTESIAN_POINT('',(0.0149370106625429,0.0554789512004462,0.0792820784205931));
#3285=CARTESIAN_POINT('',(0.0148357639427959,0.055433705861407,0.0792470024079436));
#3286=CARTESIAN_POINT('',(0.0156312740949468,0.0566344946297435,0.0787583831368528));
#3287=CARTESIAN_POINT('',(0.015644140343432,0.0565696973017856,0.0788499152182886));
#3288=CARTESIAN_POINT('',(0.0156391084801383,0.0564980310707,0.0789390550174945));
#3289=CARTESIAN_POINT('',(0.0155938194120492,0.0563490361276092,0.0791025078384521));
#3290=CARTESIAN_POINT('',(0.0155535720985322,0.0562717398273349,0.0791767852890331));
#3291=CARTESIAN_POINT('',(0.0154424114495902,0.0561202545782536,0.0793020722746238));
#3292=CARTESIAN_POINT('',(0.0153715223466756,0.0560460985493689,0.0793530545245961));
#3293=CARTESIAN_POINT('',(0.0152071191016945,0.0559093071044194,0.0794259486278737));
#3294=CARTESIAN_POINT('',(0.0151136407825087,0.0558467013855903,0.0794478445780452));
#3295=CARTESIAN_POINT('',(0.014914668702823,0.0557401135425924,0.0794600611009624));
#3296=CARTESIAN_POINT('',(0.0148092182899531,0.0556961545290995,0.0794503789585448));
#3297=CARTESIAN_POINT('',(0.0147037469926195,0.0556640012953937,0.079425447873563));
#3298=CARTESIAN_POINT('',(0.015610584850533,0.0566745580487404,0.0788119505429378));
#3299=CARTESIAN_POINT('',(0.0156216545813378,0.0566092455353766,0.0789018705118131));
#3300=CARTESIAN_POINT('',(0.0156148202281168,0.0565381994070727,0.0789897904384128));
#3301=CARTESIAN_POINT('',(0.0155661017667904,0.0563924782028266,0.0791519302437125));
#3302=CARTESIAN_POINT('',(0.0155242278517545,0.056317833498672,0.0792261163021151));
#3303=CARTESIAN_POINT('',(0.0154100749889204,0.0561732068271715,0.0793525338764913));
#3304=CARTESIAN_POINT('',(0.015337819879612,0.0561032549738925,0.0794047390051252));
#3305=CARTESIAN_POINT('',(0.0151709283659892,0.0559757839334304,0.0794813779003866));
#3306=CARTESIAN_POINT('',(0.0150763267968084,0.055918291261081,0.0795057956439795));
#3307=CARTESIAN_POINT('',(0.0148752532959019,0.0558221244539376,0.0795241272835909));
#3308=CARTESIAN_POINT('',(0.0147688233261678,0.0557834702940149,0.079518037302215));
#3309=CARTESIAN_POINT('',(0.0146623731902256,0.0557563721583065,0.0794970234463121));
#3310=CARTESIAN_POINT('',(0.0155793456359124,0.0567562147360497,0.0789211324413661));
#3311=CARTESIAN_POINT('',(0.0155866055436357,0.0566905175794923,0.0790081304494441));
#3312=CARTESIAN_POINT('',(0.0155761749679664,0.0566212610608443,0.0790938796020616));
#3313=CARTESIAN_POINT('',(0.0155210393928405,0.0564829464972347,0.0792538204404117));
#3314=CARTESIAN_POINT('',(0.0154763449588203,0.0564139148539954,0.0793279815684628));
#3315=CARTESIAN_POINT('',(0.0153574295676579,0.056283391810723,0.0794568476456626));
#3316=CARTESIAN_POINT('',(0.0152832313580701,0.0562219252939749,0.0795115279556588));
#3317=CARTESIAN_POINT('',(0.015113197725279,0.0561130683703653,0.0795956014072612));
#3318=CARTESIAN_POINT('',(0.0150173948120634,0.0560656986862704,0.0796249784484688));
#3319=CARTESIAN_POINT('',(0.0148143430059529,0.0559900712546209,0.0796553026930713));
#3320=CARTESIAN_POINT('',(0.0147071329282598,0.0559618278706941,0.079656244048447));
#3321=CARTESIAN_POINT('',(0.0145999043128227,0.0559446411716267,0.0796429107873161));
#3322=CARTESIAN_POINT('',(0.0155688113816914,0.0567975714055385,0.0789764305702692));
#3323=CARTESIAN_POINT('',(0.0155740710147952,0.056732000989365,0.0790621244545574));
#3324=CARTESIAN_POINT('',(0.0155618573769288,0.0566639048348467,0.0791469265853276));
#3325=CARTESIAN_POINT('',(0.0155037498605655,0.0565296961236999,0.0793059841749272));
#3326=CARTESIAN_POINT('',(0.0154578666190299,0.0564636080493372,0.0793802105810524));
#3327=CARTESIAN_POINT('',(0.0153371857831682,0.0563402881515195,0.0795103863399248));
#3328=CARTESIAN_POINT('',(0.0152624102452436,0.0562830787979401,0.0795663118996392));
#3329=CARTESIAN_POINT('',(0.0150917181114482,0.0561834645059703,0.0796540550817407));
#3330=CARTESIAN_POINT('',(0.0149958326978362,0.0561410776918116,0.0796858566449985));
#3331=CARTESIAN_POINT('',(0.0147928929039564,0.0560755144322495,0.0797220272550648));
#3332=CARTESIAN_POINT('',(0.0146858755899516,0.0560523498847023,0.0797263896476832));
#3333=CARTESIAN_POINT('',(0.0145788406421088,0.0560399938155708,0.0797167998287951));
#3334=CARTESIAN_POINT('',(0.0155563059996512,0.0568917393195185,0.0791023444327374));
#3335=CARTESIAN_POINT('',(0.0155570675447467,0.0568271473508077,0.0791854405092617));
#3336=CARTESIAN_POINT('',(0.0155410461283687,0.0567622306861606,0.0792684052630932));
#3337=CARTESIAN_POINT('',(0.015477016085127,0.0566381148180045,0.0794259315892951));
#3338=CARTESIAN_POINT('',(0.0154290180230817,0.0565789359720831,0.0795004672606708));
#3339=CARTESIAN_POINT('',(0.015305770510941,0.0564721341190124,0.079633767001583));
#3340=CARTESIAN_POINT('',(0.0152305413467666,0.0564245285855617,0.0796925091286959));
#3341=CARTESIAN_POINT('',(0.0150602571228832,0.0563455656504117,0.0797884074823279));
#3342=CARTESIAN_POINT('',(0.0149652300688754,0.0563142211202905,0.0798255478898455));
#3343=CARTESIAN_POINT('',(0.0147647321718198,0.05627086485591,0.0798745570399447));
#3344=CARTESIAN_POINT('',(0.0146592942925222,0.0562588601279737,0.0798864176494381));
#3345=CARTESIAN_POINT('',(0.0145538408934095,0.0562571090117929,0.0798850461780651));
#3346=CARTESIAN_POINT('',(0.0155572530374694,0.0569449533889308,0.0791734992208443));
#3347=CARTESIAN_POINT('',(0.0155555136638042,0.0568813967170924,0.0792553870560382));
#3348=CARTESIAN_POINT('',(0.0155375177900119,0.0568186523990168,0.0793375364064444));
#3349=CARTESIAN_POINT('',(0.0154707322515552,0.0567007598741517,0.0794945327110892));
#3350=CARTESIAN_POINT('',(0.0154219529471973,0.0566456298669147,0.0795693553537276));
#3351=CARTESIAN_POINT('',(0.0152982697851646,0.0565482437113468,0.0797045195269223));
#3352=CARTESIAN_POINT('',(0.0152233850766486,0.0565060025622576,0.0797648401078472));
#3353=CARTESIAN_POINT('',(0.0150546618131887,0.0564384343187996,0.0798652066724932));
#3354=CARTESIAN_POINT('',(0.0149608493634761,0.0564131175911987,0.079905237074657));
#3355=CARTESIAN_POINT('',(0.0147632560605318,0.0563818151040976,0.079961170443256));
#3356=CARTESIAN_POINT('',(0.0146595057708049,0.0563758340908016,0.0799770646893795));
#3357=CARTESIAN_POINT('',(0.014555741193824,0.0563798003357899,0.0799801240229553));
#3358=CARTESIAN_POINT('',(0.0155717492748472,0.0570301099125769,0.0792873674926762));
#3359=CARTESIAN_POINT('',(0.015566324085336,0.0569688921298345,0.0793676828093296));
#3360=CARTESIAN_POINT('',(0.0155456507239942,0.0569101462167512,0.0794488330125239));
#3361=CARTESIAN_POINT('',(0.0154756859126234,0.0568029276768764,0.0796054380633257));
#3362=CARTESIAN_POINT('',(0.0154264042964615,0.0567544700869898,0.0796808709153971));
#3363=CARTESIAN_POINT('',(0.0153037161441835,0.0566722521848794,0.0798191500193442));
#3364=CARTESIAN_POINT('',(0.01523032683843,0.0566385033884503,0.0798819768422283));
#3365=CARTESIAN_POINT('',(0.0150661181284132,0.0565887837283029,0.0799893007276913));
#3366=CARTESIAN_POINT('',(0.014975321778888,0.0565728198100404,0.0800337827009833));
#3367=CARTESIAN_POINT('',(0.0147845844292108,0.056560126558578,0.0801003462230602));
#3368=CARTESIAN_POINT('',(0.0146846702049547,0.0565633989685717,0.0801224183998316));
#3369=CARTESIAN_POINT('',(0.0145847436298831,0.0565761388121205,0.0801322772132419));
#3370=CARTESIAN_POINT('',(0.0155804192051574,0.0570625402811831,0.0793307326817152));
#3371=CARTESIAN_POINT('',(0.0155736667017767,0.0570023773434329,0.0794105359904056));
#3372=CARTESIAN_POINT('',(0.0155520902436777,0.0569452797662108,0.0794913792469956));
#3373=CARTESIAN_POINT('',(0.0154812124835962,0.0568422982630612,0.0796479452431666));
#3374=CARTESIAN_POINT('',(0.0154319207672607,0.0567964282392759,0.0797236468144011));
#3375=CARTESIAN_POINT('',(0.0153100218418324,0.0567200111303398,0.079863143794524));
#3376=CARTESIAN_POINT('',(0.015237431107905,0.0566894743488249,0.0799269203370856));
#3377=CARTESIAN_POINT('',(0.0150754311912707,0.0566464591574599,0.0800368473585446));
#3378=CARTESIAN_POINT('',(0.014986043898319,0.0566339865313445,0.0800829829626662));
#3379=CARTESIAN_POINT('',(0.0147984538087596,0.0566282166660431,0.0801534864091344));
#3380=CARTESIAN_POINT('',(0.0147002763570516,0.056634920174168,0.0801778447006554));
#3381=CARTESIAN_POINT('',(0.0146020872840958,0.0566509108897579,0.0801902229613075));
#3382=CARTESIAN_POINT('',(0.0156036356290656,0.0571259822998201,0.0794155668830914));
#3383=CARTESIAN_POINT('',(0.0155944932377967,0.0570681628668216,0.0794945152177247));
#3384=CARTESIAN_POINT('',(0.0155714230584421,0.0570145018846741,0.0795748812011729));
#3385=CARTESIAN_POINT('',(0.0154994075583795,0.0569200976239722,0.0797315541926771));
#3386=CARTESIAN_POINT('',(0.0154504712653757,0.0568793661548492,0.079807841566404));
#3387=CARTESIAN_POINT('',(0.0153309395871411,0.0568143347115406,0.0799497728322844));
#3388=CARTESIAN_POINT('',(0.0152603591756226,0.0567900428588819,0.0800153989317731));
#3389=CARTESIAN_POINT('',(0.0151036227112323,0.0567599857883718,0.0801303404295011));
#3390=CARTESIAN_POINT('',(0.0150174862873741,0.0567542243052171,0.0801796414110247));
#3391=CARTESIAN_POINT('',(0.0148370641056353,0.0567617242218069,0.0802576716713779));
#3392=CARTESIAN_POINT('',(0.0147428009403272,0.0567749846488832,0.0802863911529543));
#3393=CARTESIAN_POINT('',(0.0146485275531494,0.0567971840445948,0.0803035812635707));
#3394=CARTESIAN_POINT('',(0.0156183188283159,0.0571573693429625,0.079457537868244));
#3395=CARTESIAN_POINT('',(0.0156080995875638,0.057100852455047,0.0795361381896998));
#3396=CARTESIAN_POINT('',(0.0155844298209826,0.057049000083107,0.0796163310336352));
#3397=CARTESIAN_POINT('',(0.0155121825889818,0.0569589868052058,0.0797731507257052));
#3398=CARTESIAN_POINT('',(0.015463613838278,0.0569208367383009,0.0798497586553811));
#3399=CARTESIAN_POINT('',(0.0153456740655931,0.056861457544622,0.0799929207409052));
#3400=CARTESIAN_POINT('',(0.0152763172621309,0.0568402355565052,0.0800594576214259));
#3401=CARTESIAN_POINT('',(0.0151226665653045,0.0568165088016147,0.0801768401237094));
#3402=CARTESIAN_POINT('',(0.0150383911916902,0.0568140068701218,0.0802276715750269));
#3403=CARTESIAN_POINT('',(0.0148620320978276,0.0568279316770123,0.0803093332443577));
#3404=CARTESIAN_POINT('',(0.0147699696323583,0.0568443567085006,0.0803401535960755));
#3405=CARTESIAN_POINT('',(0.0146778976232071,0.0568695506354674,0.0803596645706061));
#3406=CARTESIAN_POINT('',(0.0156581274248641,0.0572263394259717,0.0795497662600637));
#3407=CARTESIAN_POINT('',(0.0156458354859994,0.0571729593836413,0.0796277443277024));
#3408=CARTESIAN_POINT('',(0.0156212094159529,0.0571252871776242,0.0797076754709103));
#3409=CARTESIAN_POINT('',(0.0155492773989642,0.0570452011510091,0.0798649936406249));
#3410=CARTESIAN_POINT('',(0.0155019794155786,0.0570127961674057,0.0799423632468852));
#3411=CARTESIAN_POINT('',(0.0153885351418482,0.0569658712035423,0.0800882788527289));
#3412=CARTESIAN_POINT('',(0.0153224013986318,0.0569513563808598,0.080156808687694));
#3413=CARTESIAN_POINT('',(0.0151766443126332,0.0569413862030546,0.0802794798287484));
#3414=CARTESIAN_POINT('',(0.0150970370843544,0.0569459319097858,0.0803336075361602));
#3415=CARTESIAN_POINT('',(0.0149307846437095,0.056973710487217,0.0804230755003569));
#3416=CARTESIAN_POINT('',(0.0148441578083834,0.0569969402398225,0.0804584058271158));
#3417=CARTESIAN_POINT('',(0.0147575228842169,0.057028569459691,0.0804829044701933));
#3418=CARTESIAN_POINT('',(0.0156849470325773,0.0572634804988913,0.0795994329397195));
#3419=CARTESIAN_POINT('',(0.0156717492765357,0.0572119852014896,0.0796771773222347));
#3420=CARTESIAN_POINT('',(0.0156468666201944,0.0571667106128223,0.0797570520412232));
#3421=CARTESIAN_POINT('',(0.0155756934553716,0.0570921686736743,0.0799147639506011));
#3422=CARTESIAN_POINT('',(0.0155294104611306,0.0570629091748556,0.0799925844744089));
#3423=CARTESIAN_POINT('',(0.0154190988318087,0.0570227150317119,0.0801400176572795));
#3424=CARTESIAN_POINT('',(0.0153550818356686,0.0570117846051609,0.0802096147312738));
#3425=CARTESIAN_POINT('',(0.0152143691162366,0.0570091130723147,0.0803350803147684));
#3426=CARTESIAN_POINT('',(0.0151376882355351,0.0570173722169846,0.0803909355551302));
#3427=CARTESIAN_POINT('',(0.0149777182470436,0.0570524231007277,0.0804844839270383));
#3428=CARTESIAN_POINT('',(0.0148944460110677,0.057079211105239,0.0805221671565899));
#3429=CARTESIAN_POINT('',(0.0148111664443027,0.0571142026926198,0.080549271870502));
#3430=CARTESIAN_POINT('',(0.0157470057958686,0.057333815865871,0.07969349011938));
#3431=CARTESIAN_POINT('',(0.0157325717760263,0.0572861792491678,0.0797709404497779));
#3432=CARTESIAN_POINT('',(0.0157077695414667,0.0572456595452581,0.0798508309100591));
#3433=CARTESIAN_POINT('',(0.0156392983255162,0.057181904481208,0.0800094694190785));
#3434=CARTESIAN_POINT('',(0.0155956359449406,0.0571586752482701,0.0800882021581474));
#3435=CARTESIAN_POINT('',(0.0154927469204732,0.0571312593270335,0.0802385584341459));
#3436=CARTESIAN_POINT('',(0.0154335301876601,0.0571270752548898,0.0803101674560085));
#3437=CARTESIAN_POINT('',(0.0153040122622692,0.0571380644668752,0.0804408471754333));
#3438=CARTESIAN_POINT('',(0.0152337235416309,0.0571532366592999,0.0804999052513306));
#3439=CARTESIAN_POINT('',(0.0150873798649119,0.0572017864520177,0.0806010028832239));
#3440=CARTESIAN_POINT('',(0.0150113389987674,0.0572351593366351,0.0806430326666731));
#3441=CARTESIAN_POINT('',(0.0149352921985373,0.0572763694263981,0.0806749572974077));
#3442=CARTESIAN_POINT('',(0.0157820807925845,0.0573669317829665,0.0797377757947243));
#3443=CARTESIAN_POINT('',(0.0157673136669004,0.0573212621952114,0.079815164754926));
#3444=CARTESIAN_POINT('',(0.0157428435498722,0.0572830925364607,0.0798951262680276));
#3445=CARTESIAN_POINT('',(0.0156763016969819,0.0572245656651269,0.080054294991028));
#3446=CARTESIAN_POINT('',(0.0156342360994261,0.0572042138411444,0.0801334874935545));
#3447=CARTESIAN_POINT('',(0.0155356161587332,0.057182830808834,0.0802852455935822));
#3448=CARTESIAN_POINT('',(0.0154790709088973,0.0571818015549925,0.0803577971655));
#3449=CARTESIAN_POINT('',(0.0153556771032078,0.0571991390915124,0.0804908914638209));
#3450=CARTESIAN_POINT('',(0.0152888399226609,0.057217504258192,0.0805514218855893));
#3451=CARTESIAN_POINT('',(0.0151498104051665,0.0572722680506981,0.0806559815437162));
#3452=CARTESIAN_POINT('',(0.0150776308837313,0.0573086615957138,0.0807000011081807));
#3453=CARTESIAN_POINT('',(0.0150054460657935,0.0573527222192658,0.0807341352423224));
#3454=CARTESIAN_POINT('',(0.0158837559068365,0.0574472644011074,0.0798452064164807));
#3455=CARTESIAN_POINT('',(0.0158688808156318,0.0574066328836777,0.0799225818874613));
#3456=CARTESIAN_POINT('',(0.0158460401719546,0.0573743592678584,0.0800028266047145));
#3457=CARTESIAN_POINT('',(0.015786022123328,0.057328775408629,0.0801634444831556));
#3458=CARTESIAN_POINT('',(0.0157488496647405,0.0573154688932392,0.0802438043390298));
#3459=CARTESIAN_POINT('',(0.015662769367519,0.0573087466636965,0.080399006501366));
#3460=CARTESIAN_POINT('',(0.0156138686116986,0.057315331453411,0.0804738359437863));
#3461=CARTESIAN_POINT('',(0.0155077532605191,0.0573479214540049,0.0806127171667284));
#3462=CARTESIAN_POINT('',(0.0154505473899352,0.0573739239113399,0.0806767574262441));
#3463=CARTESIAN_POINT('',(0.0153318243282201,0.0574435148949765,0.0807895553015428));
#3464=CARTESIAN_POINT('',(0.0152703168949565,0.057487097605367,0.0808383035473493));
#3465=CARTESIAN_POINT('',(0.0152088056914482,0.0575379389494268,0.080877693752071));
#3466=CARTESIAN_POINT('',(0.01595659387597,0.0574908630638151,0.0799035144403117));
#3467=CARTESIAN_POINT('',(0.01594241046457,0.0574532449938081,0.0799810243212103));
#3468=CARTESIAN_POINT('',(0.0159213346243647,0.0574243757552576,0.08006153870372));
#3469=CARTESIAN_POINT('',(0.0158668240892147,0.057386088915125,0.0802231135090151));
#3470=CARTESIAN_POINT('',(0.0158333936213584,0.0573766742774654,0.0803041613259693));
#3471=CARTESIAN_POINT('',(0.0157564433748293,0.0573779360706478,0.0804612781143396));
#3472=CARTESIAN_POINT('',(0.01571292956065,0.0573886123789214,0.0805373348249274));
#3473=CARTESIAN_POINT('',(0.0156187671776927,0.0574293260443812,0.080679283147011));
#3474=CARTESIAN_POINT('',(0.0155681259059806,0.0574593602016129,0.0807451636774885));
#3475=CARTESIAN_POINT('',(0.0154631475643534,0.0575367401727388,0.0808622653677491));
#3476=CARTESIAN_POINT('',(0.0154088186288466,0.0575840799278875,0.0809134773809233));
#3477=CARTESIAN_POINT('',(0.0153544867298266,0.0576384610962828,0.0809556116984975));
#3478=CARTESIAN_POINT('',(0.0161153989845966,0.0575613540791228,0.0799977937108931));
#3479=CARTESIAN_POINT('',(0.0161038585158943,0.0575288207343424,0.0800756274979111));
#3480=CARTESIAN_POINT('',(0.0160875014747054,0.0575056091053272,0.080156664096668));
#3481=CARTESIAN_POINT('',(0.0160462060778929,0.0574793227474719,0.0803199121695177));
#3482=CARTESIAN_POINT('',(0.0160212706099834,0.0574762498500861,0.0804021121272336));
#3483=CARTESIAN_POINT('',(0.0159644265221278,0.0574904377150249,0.0805623575307109));
#3484=CARTESIAN_POINT('',(0.0159325218736099,0.0575076974525852,0.0806403916691429));
#3485=CARTESIAN_POINT('',(0.0158637969924204,0.0575614291127826,0.0807872446564471));
#3486=CARTESIAN_POINT('',(0.0158269815591227,0.0575978972216137,0.0808560531391867));
#3487=CARTESIAN_POINT('',(0.0157508094569314,0.0576876789358453,0.0809799905833352));
#3488=CARTESIAN_POINT('',(0.0157114581063417,0.0577409861861213,0.0810351107911477));
#3489=CARTESIAN_POINT('',(0.0156721051930824,0.0578009870702651,0.081081602069036));
#3490=CARTESIAN_POINT('',(0.0162023174108237,0.0575887709827149,0.0800344664930024));
#3491=CARTESIAN_POINT('',(0.0161927358067412,0.0575583412769794,0.0801124895504226));
#3492=CARTESIAN_POINT('',(0.0161793546448972,0.0575374211957796,0.0801937805330722));
#3493=CARTESIAN_POINT('',(0.0161458371421432,0.0575159227435447,0.0803577544570848));
#3494=CARTESIAN_POINT('',(0.0161257030586489,0.0575153458243802,0.0804404262807312));
#3495=CARTESIAN_POINT('',(0.0160799539780648,0.057534571727472,0.0806019082692534));
#3496=CARTESIAN_POINT('',(0.0160543420619213,0.0575543732403669,0.0806807074847711));
#3497=CARTESIAN_POINT('',(0.0159992586374813,0.0576130990366702,0.0808294358600304));
#3498=CARTESIAN_POINT('',(0.0159697908385868,0.0576520193328365,0.080899354934326));
#3499=CARTESIAN_POINT('',(0.0159088613611421,0.0577465106670453,0.0810258780677828));
#3500=CARTESIAN_POINT('',(0.0158774037855885,0.0578020752934145,0.0810824735461101));
#3501=CARTESIAN_POINT('',(0.0158459452527892,0.0578642003153241,0.0811306119724264));
#3502=CARTESIAN_POINT('',(0.0164002792074483,0.0576282416659127,0.0800872728952617));
#3503=CARTESIAN_POINT('',(0.0163957579976718,0.0576008791331087,0.0801655878632681));
#3504=CARTESIAN_POINT('',(0.0163896102761302,0.0575832856512245,0.0802472607627027));
#3505=CARTESIAN_POINT('',(0.0163744357753633,0.0575687162622653,0.0804123028323832));
#3506=CARTESIAN_POINT('',(0.0163654099452588,0.0575717412786004,0.0804956614518421));
#3507=CARTESIAN_POINT('',(0.0163450299064101,0.057598222903739,0.0806589305057811));
#3508=CARTESIAN_POINT('',(0.0163336769715447,0.0576216778115798,0.0807388305019894));
#3509=CARTESIAN_POINT('',(0.0163093353895253,0.0576875723970983,0.080890250415315));
#3510=CARTESIAN_POINT('',(0.0162963482633695,0.0577300078546155,0.0809617606505361));
#3511=CARTESIAN_POINT('',(0.0162695307078683,0.0578312452605391,0.0810919860104116));
#3512=CARTESIAN_POINT('',(0.0162557019539576,0.0578900407301341,0.0811506928067883));
#3513=CARTESIAN_POINT('',(0.0162418734634601,0.057955205402489,0.0812011891789299));
#3514=CARTESIAN_POINT('',(0.0165147626021843,0.0576366552581077,0.0800985395724987));
#3515=CARTESIAN_POINT('',(0.0165135333589059,0.0576099752972063,0.0801769313652183));
#3516=CARTESIAN_POINT('',(0.0165118470260311,0.057593111566688,0.0802586975668422));
#3517=CARTESIAN_POINT('',(0.0165076642416693,0.057580046377977,0.0804239850195073));
#3518=CARTESIAN_POINT('',(0.0165051680598129,0.0575838457441413,0.0805074958351358));
#3519=CARTESIAN_POINT('',(0.0164995201510251,0.0576118762313832,0.0806711513167865));
#3520=CARTESIAN_POINT('',(0.0164963687881679,0.057636105582245,0.0807512856503797));
#3521=CARTESIAN_POINT('',(0.0164896057096251,0.057703512599124,0.0809032733749565));
#3522=CARTESIAN_POINT('',(0.0164859944299002,0.0577466860089189,0.0809751171700852));
#3523=CARTESIAN_POINT('',(0.0164785352345856,0.0578493357557673,0.0811061168142071));
#3524=CARTESIAN_POINT('',(0.0164746877998324,0.0579088056116002,0.0811652643923451));
#3525=CARTESIAN_POINT('',(0.0164708412372914,0.0579746043760212,0.0812162535134983));
#3526=CARTESIAN_POINT('',(0.0166884238281378,0.057628136861651,0.0800871743569665));
#3527=CARTESIAN_POINT('',(0.0166920583440975,0.0576007812339243,0.0801654970267938));
#3528=CARTESIAN_POINT('',(0.0166970405607654,0.0575831897563614,0.0802471763287404));
#3529=CARTESIAN_POINT('',(0.0167093945039454,0.0575686163069052,0.080412227858922));
#3530=CARTESIAN_POINT('',(0.0167167654421464,0.0575716352668438,0.0804955895318781));
#3531=CARTESIAN_POINT('',(0.0167334427006895,0.0575980989595841,0.0806588609472523));
#3532=CARTESIAN_POINT('',(0.0167427479568479,0.0576215419998344,0.0807387602482165));
#3533=CARTESIAN_POINT('',(0.0167627204111763,0.0576874095264143,0.0808901750972172));
#3534=CARTESIAN_POINT('',(0.0167733863348946,0.0577298298002703,0.0809616809620223));
#3535=CARTESIAN_POINT('',(0.0167954227231726,0.0578310360131195,0.0810918945214357));
#3536=CARTESIAN_POINT('',(0.0168067917815796,0.0578898154796955,0.0811505938886396));
#3537=CARTESIAN_POINT('',(0.0168181626930066,0.0579549648795954,0.0812010818842124));
#3538=CARTESIAN_POINT('',(0.0167504988110417,0.057620828645087,0.0800774112113723));
#3539=CARTESIAN_POINT('',(0.0167558432027787,0.0575928924439825,0.0801556738345814));
#3540=CARTESIAN_POINT('',(0.0167631873071303,0.0575746759497324,0.0802372778025977));
#3541=CARTESIAN_POINT('',(0.0167814222607351,0.057558807621633,0.0804021253405893));
#3542=CARTESIAN_POINT('',(0.0167923119374134,0.0575611568114225,0.0804853582526649));
#3543=CARTESIAN_POINT('',(0.0168169645211302,0.0575862761686009,0.0806482985620987));
#3544=CARTESIAN_POINT('',(0.016830725843091,0.0576090447096307,0.0807279954246283));
#3545=CARTESIAN_POINT('',(0.0168602704199963,0.0576735918871556,0.0808789172249554));
#3546=CARTESIAN_POINT('',(0.0168760517754282,0.0577153663482747,0.0809501324046386));
#3547=CARTESIAN_POINT('',(0.0169086600143693,0.0578153348638228,0.0810796700657209));
#3548=CARTESIAN_POINT('',(0.0169254848014493,0.0578735224529912,0.081137984171182));
#3549=CARTESIAN_POINT('',(0.0169423118040193,0.0579381151637395,0.0811880415186689));
#3550=CARTESIAN_POINT('',(0.0168718189750121,0.0575978898938098,0.0800467564086216));
#3551=CARTESIAN_POINT('',(0.0168802954019028,0.0575681674805349,0.080124848260844));
#3552=CARTESIAN_POINT('',(0.0168920958386326,0.057548015079121,0.0802062298611517));
#3553=CARTESIAN_POINT('',(0.0169216041921419,0.057528116467763,0.0803704572598787));
#3554=CARTESIAN_POINT('',(0.01693931014121,0.0575283715867283,0.0804532920714993));
#3555=CARTESIAN_POINT('',(0.0169795144765718,0.057549274085527,0.0806151972332186));
#3556=CARTESIAN_POINT('',(0.0170020101820197,0.0575699200646608,0.080694256751638));
#3557=CARTESIAN_POINT('',(0.0170503770074389,0.0576303032192242,0.080843620210391));
#3558=CARTESIAN_POINT('',(0.017076244902349,0.0576700363528151,0.0809139141577637));
#3559=CARTESIAN_POINT('',(0.0171297263936633,0.0577660877680666,0.0810413079201829));
#3560=CARTESIAN_POINT('',(0.0171573364239986,0.0578223996218993,0.0810983992116637));
#3561=CARTESIAN_POINT('',(0.0171849494488532,0.057885227633912,0.0811470905158168));
#3562=CARTESIAN_POINT('',(0.0169308337160507,0.0575822749110041,0.0800258855132714));
#3563=CARTESIAN_POINT('',(0.0169407242816397,0.057551348759038,0.0801038670902469));
#3564=CARTESIAN_POINT('',(0.016954609137161,0.0575298872589498,0.0801851020683884));
#3565=CARTESIAN_POINT('',(0.0169894863255751,0.057507256593787,0.0803489141146186));
#3566=CARTESIAN_POINT('',(0.0170104762809094,0.0575060889711793,0.0804314799697511));
#3567=CARTESIAN_POINT('',(0.0170582271803302,0.0575241218365026,0.0805926818780384));
#3568=CARTESIAN_POINT('',(0.0170849848700548,0.0575433210833032,0.0806713068961559));
#3569=CARTESIAN_POINT('',(0.0171425671938286,0.0576008630167318,0.0808196059463456));
#3570=CARTESIAN_POINT('',(0.0171733879039424,0.0576392017580688,0.0808892698256049));
#3571=CARTESIAN_POINT('',(0.0172371332032375,0.0577325758422885,0.0810151966680027));
#3572=CARTESIAN_POINT('',(0.0172700534487611,0.0577876047877337,0.0810714510085846));
#3573=CARTESIAN_POINT('',(0.0173029771044374,0.0578492256758072,0.0811192076011564));
#3574=CARTESIAN_POINT('',(0.0170758866426094,0.0575325199403991,0.0799593771020585));
#3575=CARTESIAN_POINT('',(0.0170888084965868,0.0574978761765272,0.0800370661109623));
#3576=CARTESIAN_POINT('',(0.0171074765377416,0.057472328410478,0.0801178812913197));
#3577=CARTESIAN_POINT('',(0.0171550791719312,0.0574411046027836,0.080280438823493));
#3578=CARTESIAN_POINT('',(0.0171840102889168,0.0574354308406948,0.0803621692187575));
#3579=CARTESIAN_POINT('',(0.0172502328460458,0.0574443294895766,0.0805211474298245));
#3580=CARTESIAN_POINT('',(0.0172875194519546,0.0574589012285406,0.0805983835504219));
#3581=CARTESIAN_POINT('',(0.0173679957765594,0.0575073253698637,0.0807432596208826));
#3582=CARTESIAN_POINT('',(0.0174111796213596,0.0575411741936281,0.0808108889102686));
#3583=CARTESIAN_POINT('',(0.017500604179532,0.0576259111609918,0.0809320722121259));
#3584=CARTESIAN_POINT('',(0.0175468383663471,0.0576767930565565,0.0809856173038878));
#3585=CARTESIAN_POINT('',(0.017593077137625,0.0577345102778641,0.0810303506428326));
#3586=CARTESIAN_POINT('',(0.0171592333701523,0.0574919492475335,0.0799051404457905));
#3587=CARTESIAN_POINT('',(0.0171734199341756,0.0574543683377211,0.0799826377082908));
#3588=CARTESIAN_POINT('',(0.0171944716185156,0.057425556232013,0.0800631481836885));
#3589=CARTESIAN_POINT('',(0.0172488817026946,0.0573874145326353,0.0802247373809851));
#3590=CARTESIAN_POINT('',(0.0172822358964114,0.0573780878646213,0.0803058035222673));
#3591=CARTESIAN_POINT('',(0.0173589898238768,0.0573795455549795,0.0804629819379893));
#3592=CARTESIAN_POINT('',(0.0174023836334412,0.0573903297525055,0.0805390819690458));
#3593=CARTESIAN_POINT('',(0.0174962755667749,0.0574312676222614,0.0806811419602641));
#3594=CARTESIAN_POINT('',(0.0175467664489103,0.0574614180598475,0.0807470908464359));
#3595=CARTESIAN_POINT('',(0.0176514304089792,0.0575390279786253,0.0808643512262116));
#3596=CARTESIAN_POINT('',(0.0177055954173297,0.057586481372944,0.0809156535682064));
#3597=CARTESIAN_POINT('',(0.0177597658470312,0.0576409700777623,0.0809578861110411));
#3598=CARTESIAN_POINT('',(0.0172677446997572,0.0574204647516082,0.0798095713453878));
#3599=CARTESIAN_POINT('',(0.0172825801382434,0.0573781511683605,0.079886954073417));
#3600=CARTESIAN_POINT('',(0.0173059633779174,0.0573439098380799,0.079967109520736));
#3601=CARTESIAN_POINT('',(0.0173681615445796,0.0572940074777473,0.0801272589448788));
#3602=CARTESIAN_POINT('',(0.0174069711297776,0.0572783507284568,0.0802072391479387));
#3603=CARTESIAN_POINT('',(0.0174972502765423,0.0572667383895441,0.0803613158259826));
#3604=CARTESIAN_POINT('',(0.0175487120866526,0.0572707837866435,0.0804353990479292));
#3605=CARTESIAN_POINT('',(0.0176606193536304,0.0572982871359299,0.0805723800373616));
#3606=CARTESIAN_POINT('',(0.0177210552031688,0.0573217427106545,0.0806352660201947));
#3607=CARTESIAN_POINT('',(0.0178465923021176,0.0573863891654067,0.0807453505466956));
#3608=CARTESIAN_POINT('',(0.0179116827746715,0.0574275744741865,0.0807925396168288));
#3609=CARTESIAN_POINT('',(0.0179767801444209,0.0574761545519692,0.0808301948679253));
#3610=CARTESIAN_POINT('',(0.0173012049763551,0.0573949275566919,0.0797754293757698));
#3611=CARTESIAN_POINT('',(0.0173160555168887,0.0573509860497547,0.0798528029067324));
#3612=CARTESIAN_POINT('',(0.0173400144990528,0.0573148509829384,0.079932857379109));
#3613=CARTESIAN_POINT('',(0.0174044146632168,0.0572608081437335,0.0800925303536753));
#3614=CARTESIAN_POINT('',(0.0174448501192457,0.0572429051670114,0.0801721346424683));
#3615=CARTESIAN_POINT('',(0.0175392652331273,0.0572266295389775,0.0803251131582749));
#3616=CARTESIAN_POINT('',(0.0175932365000703,0.0572282583196782,0.0803984737653813));
#3617=CARTESIAN_POINT('',(0.0177108008013234,0.0572509276788951,0.0805336236798627));
#3618=CARTESIAN_POINT('',(0.0177743833895067,0.0572719662222666,0.0805954009514366));
#3619=CARTESIAN_POINT('',(0.0179065485753062,0.0573319239047997,0.080702884451672));
#3620=CARTESIAN_POINT('',(0.0179751194305608,0.0573708376903268,0.0807485811041611));
#3621=CARTESIAN_POINT('',(0.0180436977104238,0.0574172756633214,0.0807845768448211));
#3622=CARTESIAN_POINT('',(0.0173629322986186,0.0573403818864242,0.0797025030994749));
#3623=CARTESIAN_POINT('',(0.0173774004415616,0.0572931475667871,0.0797799508343374));
#3624=CARTESIAN_POINT('',(0.0174021017083667,0.057253103192098,0.0798598666484369));
#3625=CARTESIAN_POINT('',(0.0174701167126841,0.0571903977875963,0.0800186352452197));
#3626=CARTESIAN_POINT('',(0.0175134239476796,0.0571677427437708,0.0800974728333478));
#3627=CARTESIAN_POINT('',(0.0176153888067984,0.057141525493199,0.0802481359238602));
#3628=CARTESIAN_POINT('',(0.0176740366862194,0.0571379657786407,0.0803199470049706));
#3629=CARTESIAN_POINT('',(0.0178022638744465,0.0571502079597281,0.0804511365199183));
#3630=CARTESIAN_POINT('',(0.0178718309306333,0.0571660086664516,0.0805105023932167));
#3631=CARTESIAN_POINT('',(0.0180166536839038,0.0572157797256371,0.0806123183159774));
#3632=CARTESIAN_POINT('',(0.0180918955436233,0.057249745298328,0.080654758612894));
#3633=CARTESIAN_POINT('',(0.0181671459744999,0.0572915144189998,0.0806871372204787));
#3634=CARTESIAN_POINT('',(0.017391037413443,0.0573114648962894,0.0796638410979463));
#3635=CARTESIAN_POINT('',(0.0174051061907117,0.057262572417534,0.07974137271997));
#3636=CARTESIAN_POINT('',(0.0174299698050919,0.0572205199107948,0.0798212515818683));
#3637=CARTESIAN_POINT('',(0.0174993850176289,0.0571533081234568,0.0799795944986424));
#3638=CARTESIAN_POINT('',(0.0175439297224684,0.0571281555028992,0.0800580428188397));
#3639=CARTESIAN_POINT('',(0.0176492879774043,0.0570966767077026,0.0802074927220566));
#3640=CARTESIAN_POINT('',(0.0177100910707469,0.05709035363907,0.0802784794505407));
#3641=CARTESIAN_POINT('',(0.0178432977300814,0.0570970194540331,0.0804075459635734));
#3642=CARTESIAN_POINT('',(0.0179156880786043,0.0571100076519065,0.0804656129149316));
#3643=CARTESIAN_POINT('',(0.0180665101382075,0.0571542968330148,0.0805643710698342));
#3644=CARTESIAN_POINT('',(0.0181449268856222,0.0571855933924193,0.0806050524476342));
#3645=CARTESIAN_POINT('',(0.0182233528215923,0.057224842992668,0.0806354790309488));
#3646=CARTESIAN_POINT('',(0.0174559244044839,0.0572331959686835,0.0795591939656848));
#3647=CARTESIAN_POINT('',(0.0174684407437966,0.0571801206539436,0.0796371094100825));
#3648=CARTESIAN_POINT('',(0.0174931841623437,0.0571328593734597,0.0797170178508952));
#3649=CARTESIAN_POINT('',(0.0175651367866294,0.0570537548076953,0.0798743999271131));
#3650=CARTESIAN_POINT('',(0.0176123381074283,0.0570219201553799,0.0799518562902294));
#3651=CARTESIAN_POINT('',(0.0177254019168482,0.056976234311344,0.0800980744015));
#3652=CARTESIAN_POINT('',(0.0177912520299447,0.0569623880766869,0.0801668200934039));
#3653=CARTESIAN_POINT('',(0.017936304850289,0.0569537905346868,0.080290057578047));
#3654=CARTESIAN_POINT('',(0.0180154916883128,0.0569590401108025,0.0803445358258599));
#3655=CARTESIAN_POINT('',(0.0181808333226902,0.0569882027982624,0.0804348286100372));
#3656=CARTESIAN_POINT('',(0.0182669700341501,0.0570121126504162,0.0804706332059392));
#3657=CARTESIAN_POINT('',(0.0183531176481729,0.0570443849896421,0.0804956539376122));
#3658=CARTESIAN_POINT('',(0.0174876093751101,0.0571823063564635,0.0794911520129655));
#3659=CARTESIAN_POINT('',(0.0174986703739966,0.0571268002921473,0.079569465269355));
#3660=CARTESIAN_POINT('',(0.017522807493159,0.0570763666114455,0.0796495154351543));
#3661=CARTESIAN_POINT('',(0.0175952299314113,0.0569898173709742,0.0798064535824092));
#3662=CARTESIAN_POINT('',(0.017643506782346,0.056953711868204,0.0798833232209216));
#3663=CARTESIAN_POINT('',(0.0177601906201667,0.0568988209371483,0.0800274890461017));
#3664=CARTESIAN_POINT('',(0.0178285839900642,0.0568800418486694,0.0800947683678271));
#3665=CARTESIAN_POINT('',(0.0179798084929518,0.0568613594692664,0.0802141376571441));
#3666=CARTESIAN_POINT('',(0.0180626219918877,0.0568614582770483,0.0802662136413827));
#3667=CARTESIAN_POINT('',(0.0182357936437612,0.0568805128770093,0.0803508237658504));
#3668=CARTESIAN_POINT('',(0.0183261316105888,0.0568994663560954,0.0803833479689601));
#3669=CARTESIAN_POINT('',(0.0184164816366016,0.0569270531025168,0.0804047382558356));
#3670=CARTESIAN_POINT('',(0.0175362924711259,0.0570723460944793,0.079344126796078));
#3671=CARTESIAN_POINT('',(0.0175434977916657,0.0570124157473866,0.079423731300272));
#3672=CARTESIAN_POINT('',(0.0175654191216642,0.056955751580647,0.0795044490119174));
#3673=CARTESIAN_POINT('',(0.0176367493771069,0.0568539633990548,0.0796609647090032));
#3674=CARTESIAN_POINT('',(0.0176861487760349,0.0568088529026462,0.0797367417998986));
#3675=CARTESIAN_POINT('',(0.017808043757967,0.056734179616401,0.0798766230962903));
#3676=CARTESIAN_POINT('',(0.0178805230932526,0.0567046267050279,0.0799407086102526));
#3677=CARTESIAN_POINT('',(0.0180421340181662,0.0566636886039414,0.0800514900124209));
#3678=CARTESIAN_POINT('',(0.0181312440819372,0.0566523087783469,0.0800981710740777));
#3679=CARTESIAN_POINT('',(0.0183181927944979,0.0566487176160865,0.0801699722686066));
#3680=CARTESIAN_POINT('',(0.0184160065505106,0.0566565066564881,0.0801950827591686));
#3681=CARTESIAN_POINT('',(0.0185138349659777,0.0566735269233565,0.0802082857563005));
#3682=CARTESIAN_POINT('',(0.0175516567224194,0.0570129949960393,0.0792647682969332));
#3683=CARTESIAN_POINT('',(0.0175563880011197,0.0569511354765796,0.0793453089604476));
#3684=CARTESIAN_POINT('',(0.0175766129084546,0.0568914543791241,0.0794265872007502));
#3685=CARTESIAN_POINT('',(0.0176461897796347,0.0567819104741449,0.0795831723309621));
#3686=CARTESIAN_POINT('',(0.0176955317583098,0.0567320632673111,0.0796584568174775));
#3687=CARTESIAN_POINT('',(0.0178187985606764,0.0566467720852598,0.0797961086415879));
#3688=CARTESIAN_POINT('',(0.0178927057446036,0.0566113402043402,0.0798584562580516));
#3689=CARTESIAN_POINT('',(0.0180582962645736,0.0565581319830414,0.0799644750901761));
#3690=CARTESIAN_POINT('',(0.0181499559285892,0.0565403631239112,0.0800081310818863));
#3691=CARTESIAN_POINT('',(0.0183426088824504,0.0565241030218815,0.0800727249223978));
#3692=CARTESIAN_POINT('',(0.0184435746438841,0.0565256139659036,0.0800936534472471));
#3693=CARTESIAN_POINT('',(0.0185445565259248,0.0565366860174586,0.0801022474074761));
#3694=CARTESIAN_POINT('',(0.0175633704931923,0.0568757221964797,0.079081217061083));
#3695=CARTESIAN_POINT('',(0.0175619064310931,0.0568107173262271,0.0791646226154856));
#3696=CARTESIAN_POINT('',(0.0175774052651175,0.0567450704169416,0.0792477916740199));
#3697=CARTESIAN_POINT('',(0.0176407831540978,0.0566189780071496,0.0794054269465803));
#3698=CARTESIAN_POINT('',(0.0176886515632825,0.0565585534647164,0.0794798668087533));
#3699=CARTESIAN_POINT('',(0.0178120045656694,0.0564489053272362,0.0796126189648508));
#3700=CARTESIAN_POINT('',(0.0178874685323228,0.0563996998804037,0.0796709090221596));
#3701=CARTESIAN_POINT('',(0.0180585036154591,0.0563173655921033,0.079765536477493));
#3702=CARTESIAN_POINT('',(0.0181540461731436,0.0562842502947361,0.0798018579642439));
#3703=CARTESIAN_POINT('',(0.0183557310817022,0.0562373660349213,0.0798489031865351));
#3704=CARTESIAN_POINT('',(0.0184618397760635,0.0562236046770681,0.0798596189202132));
#3705=CARTESIAN_POINT('',(0.0185679680098449,0.0562201874148188,0.0798569853360117));
#3706=CARTESIAN_POINT('',(0.0175527192226825,0.0567976646994337,0.078976841735527));
#3707=CARTESIAN_POINT('',(0.0175473860193389,0.0567318423026814,0.0790623925109607));
#3708=CARTESIAN_POINT('',(0.0175596111884603,0.0566635497242382,0.0791470753611712));
#3709=CARTESIAN_POINT('',(0.0176179009159589,0.0565290728284115,0.0793059642976072));
#3710=CARTESIAN_POINT('',(0.01766395475312,0.056462912916436,0.0793801414485258));
#3711=CARTESIAN_POINT('',(0.0177851111186034,0.0563395633874324,0.0795102971881045));
#3712=CARTESIAN_POINT('',(0.0178601914902664,0.0562823960487001,0.0795662520113543));
#3713=CARTESIAN_POINT('',(0.0180315919842051,0.0561829490501087,0.0796541245049395));
#3714=CARTESIAN_POINT('',(0.018127880814817,0.0561406872446886,0.0796860260450671));
#3715=CARTESIAN_POINT('',(0.0183316828230726,0.0560754134006898,0.0797224440287894));
#3716=CARTESIAN_POINT('',(0.0184391588198148,0.0560524129583357,0.0797269536556422));
#3717=CARTESIAN_POINT('',(0.0185466563379445,0.0560402165974265,0.0797175170440854));
#3718=CARTESIAN_POINT('',(0.0175045418110693,0.0566665920407644,0.0788015723084374));
#3719=CARTESIAN_POINT('',(0.0174930669152337,0.0566012708625247,0.0788917482126543));
#3720=CARTESIAN_POINT('',(0.0174995330031034,0.0565300138978702,0.0789798589563652));
#3721=CARTESIAN_POINT('',(0.0175476228912616,0.0563835199842373,0.0791421916855487));
#3722=CARTESIAN_POINT('',(0.0175892365273725,0.0563083137802563,0.0792163795520293));
#3723=CARTESIAN_POINT('',(0.0177029842033801,0.0561623038406695,0.0793425779512984));
#3724=CARTESIAN_POINT('',(0.0177750942862492,0.0560915306945257,0.0793945619262732));
#3725=CARTESIAN_POINT('',(0.0179417928033982,0.0559622716473545,0.0794705340003727));
#3726=CARTESIAN_POINT('',(0.0180363461594737,0.0559038127771774,0.0794945060634815));
#3727=CARTESIAN_POINT('',(0.0182373817806807,0.0558056919618827,0.0795117553122096));
#3728=CARTESIAN_POINT('',(0.0183438217567543,0.0557660504843345,0.0795050287737187));
#3729=CARTESIAN_POINT('',(0.0184502861822721,0.0557380129197958,0.079483316145266));
#3730=CARTESIAN_POINT('',(0.0174749410963012,0.0566126671633175,0.0787294629338476));
#3731=CARTESIAN_POINT('',(0.0174610603848971,0.0565481536482511,0.0788218703272539));
#3732=CARTESIAN_POINT('',(0.0174650778945784,0.0564761519770551,0.0789116762061857));
#3733=CARTESIAN_POINT('',(0.0175084447385585,0.0563253769759665,0.0790758563210525));
#3734=CARTESIAN_POINT('',(0.0175477843579226,0.0562466371718764,0.0791501940309547));
#3735=CARTESIAN_POINT('',(0.017657284935571,0.0560914165117647,0.0792748939879138));
#3736=CARTESIAN_POINT('',(0.0177274214483778,0.0560149701059051,0.0793252284552724));
#3737=CARTESIAN_POINT('',(0.0178904657011866,0.0558731002896689,0.079396125296509));
#3738=CARTESIAN_POINT('',(0.0179833370719494,0.0558077083107815,0.0794166718229957));
#3739=CARTESIAN_POINT('',(0.0181811860162422,0.0556954412990921,0.0794256090530964));
#3740=CARTESIAN_POINT('',(0.0182861194707892,0.0556485910850265,0.079413997662427));
#3741=CARTESIAN_POINT('',(0.0183910784447678,0.0556136826329975,0.0793869603483141));
#3742=CARTESIAN_POINT('',(0.0173975073983689,0.0565100361342382,0.0785922197185761));
#3743=CARTESIAN_POINT('',(0.0173798220649907,0.0564481934515795,0.0786895060377934));
#3744=CARTESIAN_POINT('',(0.017379433761965,0.0563756859560944,0.0787830930957952));
#3745=CARTESIAN_POINT('',(0.0174132910814631,0.0562180496550017,0.0789516334811156));
#3746=CARTESIAN_POINT('',(0.0174475282567024,0.0561329598583196,0.0790265450825004));
#3747=CARTESIAN_POINT('',(0.0175464994613478,0.0559604475989133,0.0791486541274728));
#3748=CARTESIAN_POINT('',(0.0176112089061086,0.0558730677649734,0.0791958213041705));
#3749=CARTESIAN_POINT('',(0.0177632946885156,0.0557065393295594,0.0792567107037444));
#3750=CARTESIAN_POINT('',(0.0178506332805055,0.0556274318282549,0.0792704177794307));
#3751=CARTESIAN_POINT('',(0.0180374028565538,0.0554870110062387,0.0792626997665807));
#3752=CARTESIAN_POINT('',(0.0181367875018215,0.0554257322960112,0.0792412764855824));
#3753=CARTESIAN_POINT('',(0.0182361990434062,0.0553770543773764,0.0792035679928551));
#3754=CARTESIAN_POINT('',(0.0173497230639892,0.0564616747395474,0.0785275468731539));
#3755=CARTESIAN_POINT('',(0.0173306671514275,0.056401696571859,0.0786274703032855));
#3756=CARTESIAN_POINT('',(0.0173283454930807,0.0563294383462194,0.0787231362008078));
#3757=CARTESIAN_POINT('',(0.0173574526364855,0.0561692574911798,0.0788941833185877));
#3758=CARTESIAN_POINT('',(0.0173888738073982,0.0560813765521136,0.0789695200290082));
#3759=CARTESIAN_POINT('',(0.0174815759453627,0.0559008443449177,0.0790905480935984));
#3760=CARTESIAN_POINT('',(0.0175428326893646,0.0558082400029201,0.0791362079216486));
#3761=CARTESIAN_POINT('',(0.0176876064867006,0.0556297404333466,0.0791921953058073));
#3762=CARTESIAN_POINT('',(0.0177710857331955,0.0555438915558319,0.0792025082284904));
#3763=CARTESIAN_POINT('',(0.017949940294875,0.0553895455602625,0.0791864945138774));
#3764=CARTESIAN_POINT('',(0.0180452689134359,0.0553210884788232,0.0791601719535304));
#3765=CARTESIAN_POINT('',(0.0181406247174465,0.0552655512865781,0.0791171474251029));
#3766=CARTESIAN_POINT('',(0.017233042288376,0.0563698069696873,0.0784046899742849));
#3767=CARTESIAN_POINT('',(0.0172127792337681,0.0563143291680796,0.0785101677267188));
#3768=CARTESIAN_POINT('',(0.0172074814960505,0.0562433285127661,0.0786102669310899));
#3769=CARTESIAN_POINT('',(0.0172274945019393,0.0560794323371014,0.0787868170647365));
#3770=CARTESIAN_POINT('',(0.0172527994618288,0.0559865836281911,0.0788632175790304));
#3771=CARTESIAN_POINT('',(0.0173307357620567,0.0557910410208166,0.0789824265990383));
#3772=CARTESIAN_POINT('',(0.0173833447253265,0.0556884028975608,0.0790252010246504));
#3773=CARTESIAN_POINT('',(0.0175090513986442,0.0554866023218759,0.0790715733438365));
#3774=CARTESIAN_POINT('',(0.0175821130494574,0.0553874973742767,0.079075157917113));
#3775=CARTESIAN_POINT('',(0.0177392218098597,0.055205627009729,0.0790426511601101));
#3776=CARTESIAN_POINT('',(0.0178232238672304,0.0551229133720776,0.079006569002617));
#3777=CARTESIAN_POINT('',(0.0179072524197097,0.0550537388440024,0.0789529748948362));
#3778=CARTESIAN_POINT('',(0.0171613686651633,0.0563268255939435,0.0783472075175332));
#3779=CARTESIAN_POINT('',(0.0171414759959446,0.0562740819437461,0.0784556416043035));
#3780=CARTESIAN_POINT('',(0.0171352576765098,0.0562041842822398,0.0785581331229314));
#3781=CARTESIAN_POINT('',(0.017150987967323,0.056039284283019,0.0787377449311288));
#3782=CARTESIAN_POINT('',(0.0171729318446564,0.0559443311648505,0.0788148116346607));
#3783=CARTESIAN_POINT('',(0.0172420809445387,0.0557419136935523,0.0789333237861768));
#3784=CARTESIAN_POINT('',(0.0172892654234076,0.0556345097039461,0.0789747338517536));
#3785=CARTESIAN_POINT('',(0.0174026292732863,0.0554214397541731,0.0790164085455405));
#3786=CARTESIAN_POINT('',(0.0174687746496119,0.0553158372954655,0.0790166606905767));
#3787=CARTESIAN_POINT('',(0.0176112667683397,0.0551203852665569,0.0789759548652023));
#3788=CARTESIAN_POINT('',(0.0176875707868614,0.0550305939162185,0.0789350089703405));
#3789=CARTESIAN_POINT('',(0.0177639001453823,0.0549546399296367,0.0788761601781792));
#3790=CARTESIAN_POINT('',(0.0170822966913101,0.0562916369200832,0.0783001439246974));
#3791=CARTESIAN_POINT('',(0.0170638860396308,0.0562414477869142,0.078411181562971));
#3792=CARTESIAN_POINT('',(0.0170575423404569,0.0561727159269734,0.0785157963227482));
#3793=CARTESIAN_POINT('',(0.0170698385189436,0.0560073726637226,0.0786981680378792));
#3794=CARTESIAN_POINT('',(0.0170884745926543,0.0559108124110601,0.0787758685746582));
#3795=CARTESIAN_POINT('',(0.0171482266028271,0.0557028478945264,0.078893891836479));
#3796=CARTESIAN_POINT('',(0.0171893240543873,0.0555915079666277,0.0789341780498049));
#3797=CARTESIAN_POINT('',(0.0172884572788083,0.0553690255845763,0.0789719037264753));
#3798=CARTESIAN_POINT('',(0.0173464623837816,0.0552579519576478,0.0789693315189916));
#3799=CARTESIAN_POINT('',(0.0174715804051545,0.0550510169767789,0.078921661532542));
#3800=CARTESIAN_POINT('',(0.0175386546150011,0.0549552196403134,0.078876578500779));
#3801=CARTESIAN_POINT('',(0.0176057520813234,0.0548735079809473,0.0788132666295883));
#3802=EDGE_LOOP('',(#5956,#5957,#5958,#5959));
#3803=AXIS2_PLACEMENT_3D('',#5960,#5961,#5962);
#3804=EDGE_LOOP('',(#5963,#5964,#5965,#5966,#5967));
#3805=AXIS2_PLACEMENT_3D('',#5968,#5969,#5970);
#3806=EDGE_LOOP('',(#5971,#5972,#5973,#5974,#5975,#5976,#5977,#5978,#5979,#5980));
#3807=AXIS2_PLACEMENT_3D('',#5981,#5982,#5983);
#3808=EDGE_LOOP('',(#5984,#5985,#5986,#5987,#5988));
#3809=AXIS2_PLACEMENT_3D('',#5989,#5990,#5991);
#3810=EDGE_LOOP('',(#5992,#5993,#5994,#5995,#5996));
#3811=AXIS2_PLACEMENT_3D('',#5997,#5998,#5999);
#3812=EDGE_LOOP('',(#6000,#6001,#6002,#6003,#6004,#6005,#6006,#6007));
#3813=AXIS2_PLACEMENT_3D('',#6008,#6009,#6010);
#3814=EDGE_LOOP('',(#6011,#6012,#6013,#6014,#6015,#6016));
#3815=AXIS2_PLACEMENT_3D('',#6017,#6018,#6019);
#3816=EDGE_LOOP('',(#6020,#6021,#6022,#6023,#6024));
#3817=AXIS2_PLACEMENT_3D('',#6025,#6026,#6027);
#3818=EDGE_LOOP('',(#6028,#6029,#6030,#6031,#6032));
#3819=AXIS2_PLACEMENT_3D('',#6033,#6034,#6035);
#3820=EDGE_LOOP('',(#6036,#6037,#6038,#6039,#6040,#6041,#6042,#6043));
#3821=AXIS2_PLACEMENT_3D('',#6044,#6045,#6046);
#3822=EDGE_LOOP('',(#6047,#6048,#6049,#6050));
#3823=AXIS2_PLACEMENT_3D('',#6051,#6052,#6053);
#3824=EDGE_LOOP('',(#6054,#6055,#6056,#6057));
#3825=AXIS2_PLACEMENT_3D('',#6058,#6059,#6060);
#3826=EDGE_LOOP('',(#6061,#6062,#6063,#6064,#6065));
#3827=AXIS2_PLACEMENT_3D('',#6066,#6067,#6068);
#3828=EDGE_LOOP('',(#6069,#6070,#6071,#6072,#6073));
#3829=AXIS2_PLACEMENT_3D('',#6074,#6075,#6076);
#3830=EDGE_LOOP('',(#6077,#6078,#6079,#6080,#6081,#6082));
#3831=AXIS2_PLACEMENT_3D('',#6083,#6084,#6085);
#3832=EDGE_LOOP('',(#6086,#6087,#6088,#6089,#6090,#6091,#6092,#6093));
#3833=AXIS2_PLACEMENT_3D('',#6094,#6095,#6096);
#3834=EDGE_LOOP('',(#6097,#6098,#6099,#6100));
#3835=AXIS2_PLACEMENT_3D('',#6101,#6102,#6103);
#3836=EDGE_LOOP('',(#6104,#6105,#6106,#6107));
#3837=AXIS2_PLACEMENT_3D('',#6108,#6109,#6110);
#3838=EDGE_LOOP('',(#6111,#6112));
#3839=EDGE_LOOP('',(#6113,#6114));
#3840=AXIS2_PLACEMENT_3D('',#6115,#6116,#6117);
#3841=EDGE_LOOP('',(#6118,#6119,#6120,#6121));
#3842=AXIS2_PLACEMENT_3D('',#6122,#6123,#6124);
#3843=EDGE_LOOP('',(#6125,#6126,#6127,#6128));
#3844=AXIS2_PLACEMENT_3D('',#6129,#6130,#6131);
#3845=EDGE_LOOP('',(#6132,#6133,#6134,#6135));
#3846=CARTESIAN_POINT('',(8.74775917046842E-05,0.110439352674583,0.0825972111845116));
#3847=CARTESIAN_POINT('',(8.74466970569949E-05,0.110478045538347,0.0826090660137264));
#3848=CARTESIAN_POINT('',(8.64612310808757E-05,0.110516754529088,0.0826198440517658));
#3849=CARTESIAN_POINT('',(8.2306906770529E-05,0.110592250323088,0.082637510971538));
#3850=CARTESIAN_POINT('',(7.92135319168226E-05,0.110628988828892,0.0826445100598509));
#3851=CARTESIAN_POINT('',(7.21209934581158E-05,0.110687893879762,0.0826524485323673));
#3852=CARTESIAN_POINT('',(6.88932385508852E-05,0.110710349186726,0.0826546722728145));
#3853=CARTESIAN_POINT('',(6.27686734445413E-05,0.110746239909817,0.0826567756637459));
#3854=CARTESIAN_POINT('',(6.02019124554542E-05,0.110759899989943,0.0826572224255036));
#3855=CARTESIAN_POINT('',(5.46315674223658E-05,0.110786853605622,0.0826573586161898));
#3856=CARTESIAN_POINT('',(5.16279925351091E-05,0.110800147046406,0.0826570480810773));
#3857=CARTESIAN_POINT('',(4.3237883239274E-05,0.110834139248685,0.0826552286893523));
#3858=CARTESIAN_POINT('',(3.75177073902978E-05,0.110854450499377,0.0826531203049522));
#3859=CARTESIAN_POINT('',(2.10079068259419E-05,0.110905828385162,0.0826449312710981));
#3860=CARTESIAN_POINT('',(9.21887753202522E-06,0.110935986735609,0.082637190582908));
#3861=CARTESIAN_POINT('',(-1.78415235212982E-05,0.110992683106021,0.0826160594211106));
#3862=CARTESIAN_POINT('',(-3.32030245699583E-05,0.111019060467467,0.0826025101552666));
#3863=CARTESIAN_POINT('',(-4.98566776694749E-05,0.111042494141922,0.0825865145011504));
#3864=CARTESIAN_POINT('',(8.7390753960186E-05,0.110443573732258,0.0825533717324862));
#3865=CARTESIAN_POINT('',(8.66431258225663E-05,0.110481765578772,0.0825627110742579));
#3866=CARTESIAN_POINT('',(8.48464026480382E-05,0.110519514013323,0.0825711566293398));
#3867=CARTESIAN_POINT('',(7.91143943943863E-05,0.110592249473523,0.0825847631960943));
#3868=CARTESIAN_POINT('',(7.52558905840597E-05,0.110627218117513,0.0825900215406877));
#3869=CARTESIAN_POINT('',(6.71147272857245E-05,0.11068265034516,0.0825956631860857));
#3870=CARTESIAN_POINT('',(6.3531328202227E-05,0.110703626868249,0.0825971326509636));
#3871=CARTESIAN_POINT('',(5.69561270752461E-05,0.110736932635987,0.0825982536747041));
#3872=CARTESIAN_POINT('',(5.42466310671077E-05,0.110749555064787,0.0825983809737937));
#3873=CARTESIAN_POINT('',(4.84654073482621E-05,0.110774366775559,0.0825980016848565));
#3874=CARTESIAN_POINT('',(4.53937150069695E-05,0.110786555997626,0.0825974951447935));
#3875=CARTESIAN_POINT('',(3.6938105212162E-05,0.11081762093831,0.0825953312138452));
#3876=CARTESIAN_POINT('',(3.12874308952686E-05,0.110836079562138,0.0825931733623694));
#3877=CARTESIAN_POINT('',(1.52895091590316E-05,0.110882596457559,0.0825852785866874));
#3878=CARTESIAN_POINT('',(4.14993772662595E-06,0.110909723574385,0.0825781438591214));
#3879=CARTESIAN_POINT('',(-2.09020330107627E-05,0.110960689268347,0.082558991631344));
#3880=CARTESIAN_POINT('',(-3.4885041439747E-05,0.110984388794696,0.0825468346696321));
#3881=CARTESIAN_POINT('',(-4.99062164757432E-05,0.111005571256583,0.0825324739557247));
#3882=CARTESIAN_POINT('',(9.3156701790661E-05,0.11044780243751,0.08250952500749));
#3883=CARTESIAN_POINT('',(9.23489056312681E-05,0.110485616198079,0.0825162652385326));
#3884=CARTESIAN_POINT('',(9.03968599909971E-05,0.110522571750785,0.0825222644186581));
#3885=CARTESIAN_POINT('',(8.43063375054792E-05,0.110592967178327,0.0825315254767447));
#3886=CARTESIAN_POINT('',(8.02471077776067E-05,0.110626415197251,0.0825348741074471));
#3887=CARTESIAN_POINT('',(7.18752853266035E-05,0.110678842168915,0.0825379020459356));
#3888=CARTESIAN_POINT('',(6.8226789376056E-05,0.110698534688614,0.0825384852492603));
#3889=CARTESIAN_POINT('',(6.16220863581326E-05,0.110729590634476,0.0825383968014752));
#3890=CARTESIAN_POINT('',(5.8919598044812E-05,0.110741308752203,0.0825381142761067));
#3891=CARTESIAN_POINT('',(5.31997200013177E-05,0.110764251901532,0.0825370342443447));
#3892=CARTESIAN_POINT('',(5.01823889733655E-05,0.110775476904016,0.0825362368006174));
#3893=CARTESIAN_POINT('',(4.19416020898434E-05,0.110803983982987,0.0825334778760154));
#3894=CARTESIAN_POINT('',(3.64951220779813E-05,0.110820822092656,0.082531113129897));
#3895=CARTESIAN_POINT('',(2.12572769458147E-05,0.110863085444946,0.0825231003729977));
#3896=CARTESIAN_POINT('',(1.08172327098182E-05,0.110887558623543,0.0825163153053869));
#3897=CARTESIAN_POINT('',(-1.23320202434874E-05,0.11093351275468,0.0824986527512612));
#3898=CARTESIAN_POINT('',(-2.50983487661894E-05,0.110954873968969,0.0824876566665852));
#3899=CARTESIAN_POINT('',(-3.87325937277455E-05,0.110974097344613,0.0824747313315502));
#3900=CARTESIAN_POINT('',(0.000115995705889587,0.110455982913446,0.0824248470918595));
#3901=CARTESIAN_POINT('',(0.000116340859749932,0.110493280221424,0.0824267360859968));
#3902=CARTESIAN_POINT('',(0.000115358639026585,0.110529016999565,0.0824281800034569));
#3903=CARTESIAN_POINT('',(0.000110944813350511,0.110595760586308,0.0824293158904651));
#3904=CARTESIAN_POINT('',(0.00010759921628986,0.11062681811154,0.0824290757291194));
#3905=CARTESIAN_POINT('',(0.000100378271203829,0.110674533103528,0.0824271148769365));
#3906=CARTESIAN_POINT('',(9.71709904563724E-05,0.110692214645108,0.0824259843421604));
#3907=CARTESIAN_POINT('',(9.13268523698233E-05,0.110719754460168,0.0824235058621602));
#3908=CARTESIAN_POINT('',(8.89274380348224E-05,0.110730060904981,0.082422398842031));
#3909=CARTESIAN_POINT('',(8.3848473799695E-05,0.110750090752941,0.0824198731765231));
#3910=CARTESIAN_POINT('',(8.11690158739933E-05,0.110759814173043,0.0824184546174087));
#3911=CARTESIAN_POINT('',(7.38680225574175E-05,0.110784342219066,0.0824143571615222));
#3912=CARTESIAN_POINT('',(6.90590225151318E-05,0.110798663666496,0.0824114418280423));
#3913=CARTESIAN_POINT('',(5.57004313672425E-05,0.110834328749405,0.0824027181586768));
#3914=CARTESIAN_POINT('',(4.66417496026753E-05,0.110854692490727,0.0823962199588019));
#3915=CARTESIAN_POINT('',(2.67801133008112E-05,0.110892882533628,0.0823805193254349));
#3916=CARTESIAN_POINT('',(1.59332596113214E-05,0.110910618176349,0.0823712364136108));
#3917=CARTESIAN_POINT('',(4.37681483114132E-06,0.110926791417175,0.0823605452641605));
#3918=CARTESIAN_POINT('',(0.000133066912183919,0.110459934021505,0.0823840227601913));
#3919=CARTESIAN_POINT('',(0.000134624678512468,0.110497092857036,0.0823836615493181));
#3920=CARTESIAN_POINT('',(0.000134766977832167,0.110532403692574,0.0823829990205875));
#3921=CARTESIAN_POINT('',(0.000132386943013661,0.110597835785368,0.0823803608990086));
#3922=CARTESIAN_POINT('',(0.000129954921224716,0.110628023798466,0.0823784448369544));
#3923=CARTESIAN_POINT('',(0.000124114149504905,0.110674033177841,0.0823741143021935));
#3924=CARTESIAN_POINT('',(0.000121412634825116,0.110690988299875,0.0823721584210305));
#3925=CARTESIAN_POINT('',(0.000116357654034234,0.110717262926415,0.0823685027597253));
#3926=CARTESIAN_POINT('',(0.000114253950766198,0.110727062492267,0.0823669823488496));
#3927=CARTESIAN_POINT('',(0.000109753836556661,0.110746048661497,0.0823637142576111));
#3928=CARTESIAN_POINT('',(0.000107357527515162,0.1107552352971,0.0823619666722586));
#3929=CARTESIAN_POINT('',(0.000100780554933279,0.1107783437764,0.0823571285727112));
#3930=CARTESIAN_POINT('',(9.64042508946956E-05,0.110791770160814,0.0823538711375405));
#3931=CARTESIAN_POINT('',(8.41632933077085E-05,0.110825093472439,0.0823445579924151));
#3932=CARTESIAN_POINT('',(7.57854843342293E-05,0.11084400366402,0.0823379984289331));
#3933=CARTESIAN_POINT('',(5.73068922333729E-05,0.110879444745891,0.0823227711661811));
#3934=CARTESIAN_POINT('',(4.7161947294377E-05,0.110895894714217,0.0823140401921398));
#3935=CARTESIAN_POINT('',(3.6295638930621E-05,0.110910978014569,0.0823041467482869));
#3936=CARTESIAN_POINT('',(0.000177333007160619,0.110467284931764,0.0823082245633515));
#3937=CARTESIAN_POINT('',(0.000182374195323861,0.110504385746503,0.082304180823512));
#3938=CARTESIAN_POINT('',(0.000185808355695294,0.110539214551326,0.0823001580427875));
#3939=CARTESIAN_POINT('',(0.00018940519321561,0.110603133514348,0.0822915750406209));
#3940=CARTESIAN_POINT('',(0.00018966986146521,0.110632309692946,0.0822870578899169));
#3941=CARTESIAN_POINT('',(0.00018780736351784,0.110676397870442,0.082279034809238));
#3942=CARTESIAN_POINT('',(0.000186538300103938,0.110692546890394,0.0822757886998305));
#3943=CARTESIAN_POINT('',(0.000183643103649436,0.110717443831479,0.0822702662399752));
#3944=CARTESIAN_POINT('',(0.00018232984296428,0.110726697231319,0.0822680830184852));
#3945=CARTESIAN_POINT('',(0.000179329764293402,0.110744570525133,0.0822636038321115));
#3946=CARTESIAN_POINT('',(0.000177643054359456,0.110753190461783,0.082261307965756));
#3947=CARTESIAN_POINT('',(0.000172807680826924,0.110774813578894,0.0822551969304459));
#3948=CARTESIAN_POINT('',(0.000169399368092533,0.110787316399623,0.0822513074218662));
#3949=CARTESIAN_POINT('',(0.000159442313039364,0.110818244859523,0.0822407406147564));
#3950=CARTESIAN_POINT('',(0.000152236029316997,0.110835689894752,0.0822338000325438));
#3951=CARTESIAN_POINT('',(0.000135706455598639,0.110868345050771,0.0822186075939684));
#3952=CARTESIAN_POINT('',(0.000126326438063639,0.110883481651347,0.0822103171491956));
#3953=CARTESIAN_POINT('',(0.000116050516995602,0.110897413828994,0.0822012394980199));
#3954=CARTESIAN_POINT('',(0.000204524310260634,0.110470684138536,0.082273256837883));
#3955=CARTESIAN_POINT('',(0.000211835226745021,0.110507865276965,0.0822677824403317));
#3956=CARTESIAN_POINT('',(0.000217435325417938,0.110542637879972,0.0822625079427218));
#3957=CARTESIAN_POINT('',(0.000224971915662441,0.110606355148154,0.0822517588451467));
#3958=CARTESIAN_POINT('',(0.000227017795968168,0.110635389056174,0.0822463191657262));
#3959=CARTESIAN_POINT('',(0.000227750071811851,0.110679261933495,0.082236977739651));
#3960=CARTESIAN_POINT('',(0.000227406359865691,0.110695331431069,0.0822332685304514));
#3961=CARTESIAN_POINT('',(0.000225879620573715,0.110720116216597,0.082227059298499));
#3962=CARTESIAN_POINT('',(0.000225060256470698,0.110729330479985,0.0822246277389403));
#3963=CARTESIAN_POINT('',(0.00022297972056541,0.110747134913286,0.0822196819828579));
#3964=CARTESIAN_POINT('',(0.00022171865310853,0.110755725121043,0.0822171678795417));
#3965=CARTESIAN_POINT('',(0.000217898828400859,0.110777282962095,0.0822105270667614));
#3966=CARTESIAN_POINT('',(0.000215024634591628,0.110789757637509,0.0822063490006702));
#3967=CARTESIAN_POINT('',(0.000206231078366626,0.110820633993485,0.0821951211995421));
#3968=CARTESIAN_POINT('',(0.000199514038184214,0.110838068074421,0.0821878624311999));
#3969=CARTESIAN_POINT('',(0.000183548468724005,0.110870687489745,0.0821722330751828));
#3970=CARTESIAN_POINT('',(0.000174230938203406,0.110885796960996,0.082163831338435));
#3971=CARTESIAN_POINT('',(0.000163855190822279,0.110899668382951,0.0821547712532352));
#3972=CARTESIAN_POINT('',(0.000267144340204571,0.110476695149118,0.0822116006192844));
#3973=CARTESIAN_POINT('',(0.00027968638530381,0.110514224111175,0.0822044518435123));
#3974=CARTESIAN_POINT('',(0.000290247655010206,0.110549230709044,0.0821979175505548));
#3975=CARTESIAN_POINT('',(0.000306719640718457,0.110613624887371,0.0821852069738124));
#3976=CARTESIAN_POINT('',(0.000312760109026085,0.110643094552726,0.0821790487599473));
#3977=CARTESIAN_POINT('',(0.000319204926785782,0.110688021414507,0.0821686985606509));
#3978=CARTESIAN_POINT('',(0.000320869560416945,0.110704577837312,0.0821646399310006));
#3979=CARTESIAN_POINT('',(0.000322253717574895,0.110730290198224,0.0821578766301522));
#3980=CARTESIAN_POINT('',(0.000322469327517044,0.11073989357909,0.0821552353240822));
#3981=CARTESIAN_POINT('',(0.000322280083087095,0.110758534231202,0.0821498646438982));
#3982=CARTESIAN_POINT('',(0.000321875318336336,0.110767571509202,0.0821471353373657));
#3983=CARTESIAN_POINT('',(0.000320042446501847,0.110790351288317,0.0821399160304298));
#3984=CARTESIAN_POINT('',(0.000318153228764187,0.110803635031128,0.0821353635615145));
#3985=CARTESIAN_POINT('',(0.00031131783334539,0.110836692240534,0.0821230814850248));
#3986=CARTESIAN_POINT('',(0.000305198894103445,0.11085554357693,0.0821150893386897));
#3987=CARTESIAN_POINT('',(0.000289313711583457,0.110890804206721,0.0820978809527169));
#3988=CARTESIAN_POINT('',(0.000279446506141867,0.110907121460307,0.0820886347578803));
#3989=CARTESIAN_POINT('',(0.000268113581187732,0.110921910963532,0.0820788095160875));
#3990=CARTESIAN_POINT('',(0.000302567994785522,0.110479306466033,0.0821849171203479));
#3991=CARTESIAN_POINT('',(0.000318069886327771,0.11051710279137,0.0821775258724241));
#3992=CARTESIAN_POINT('',(0.000331424361578606,0.110552399424396,0.0821709850048864));
#3993=CARTESIAN_POINT('',(0.000352887173231266,0.110617671793598,0.0821584823229745));
#3994=CARTESIAN_POINT('',(0.000361138261211383,0.110647719235959,0.0821525298613095));
#3995=CARTESIAN_POINT('',(0.000370696070470413,0.110693914823795,0.0821424921509984));
#3996=CARTESIAN_POINT('',(0.000373441793301155,0.110711037442439,0.08213854833636));
#3997=CARTESIAN_POINT('',(0.00037636532761981,0.110737789055359,0.0821319195515054));
#3998=CARTESIAN_POINT('',(0.000377120845743298,0.110747820489304,0.0821293175263716));
#3999=CARTESIAN_POINT('',(0.000377901075017226,0.110767365787032,0.0821239898391611));
#4000=CARTESIAN_POINT('',(0.000377925864900601,0.110776879631303,0.0821212642243527));
#4001=CARTESIAN_POINT('',(0.000377061663874814,0.110800945984574,0.0821139978517123));
#4002=CARTESIAN_POINT('',(0.000375621764637074,0.110815066512724,0.0821093604925969));
#4003=CARTESIAN_POINT('',(0.000369577571660258,0.110850355527515,0.0820966874109301));
#4004=CARTESIAN_POINT('',(0.000363565916277007,0.110870634324574,0.082088281264548));
#4005=CARTESIAN_POINT('',(0.000347195418805623,0.110908570597745,0.082069932532845));
#4006=CARTESIAN_POINT('',(0.000336715973355558,0.110926122216433,0.0820599537224529));
#4007=CARTESIAN_POINT('',(0.000324526276501942,0.11094189023865,0.0820493459114244));
#4008=CARTESIAN_POINT('',(0.000340881291994628,0.110481433365485,0.0821633002293073));
#4009=CARTESIAN_POINT('',(0.000359449872366256,0.110519571303201,0.0821563714219736));
#4010=CARTESIAN_POINT('',(0.000375643554070371,0.110555308378873,0.0821505518428134));
#4011=CARTESIAN_POINT('',(0.00040207597187937,0.110621932315333,0.0821396297836505));
#4012=CARTESIAN_POINT('',(0.000412474687709339,0.110652874089349,0.082134528276266));
#4013=CARTESIAN_POINT('',(0.000424971094592172,0.110700981534866,0.0821257369416457));
#4014=CARTESIAN_POINT('',(0.000428713463833271,0.110718948393768,0.0821222393792826));
#4015=CARTESIAN_POINT('',(0.000433014978389567,0.110747230814243,0.0821162215895626));
#4016=CARTESIAN_POINT('',(0.000434242525737424,0.110757888837488,0.0821138272216503));
#4017=CARTESIAN_POINT('',(0.000435846169819707,0.110778750576982,0.082108845582589));
#4018=CARTESIAN_POINT('',(0.000436222335762545,0.110788954237923,0.0821062583347751));
#4019=CARTESIAN_POINT('',(0.000436111865368502,0.110814874433949,0.0820992475591568));
#4020=CARTESIAN_POINT('',(0.000434977887466489,0.110830192620049,0.082094664495316));
#4021=CARTESIAN_POINT('',(0.00042932611222738,0.110868663591625,0.0820818343460698));
#4022=CARTESIAN_POINT('',(0.000423150604574063,0.110890965533229,0.0820730293468418));
#4023=CARTESIAN_POINT('',(0.000405718333405408,0.110932708491715,0.0820533154427699));
#4024=CARTESIAN_POINT('',(0.00039432080620649,0.110952025870792,0.0820423568198426));
#4025=CARTESIAN_POINT('',(0.000380971030420664,0.110969221796387,0.0820306200423531));
#4026=EDGE_LOOP('',(#6136,#6137,#6138,#6139));
#4027=CARTESIAN_POINT('',(0.0128323224181474,0.11049848513133,0.0821401988437226));
#4028=CARTESIAN_POINT('',(0.0128136242843605,0.110536572197151,0.0821333389565979));
#4029=CARTESIAN_POINT('',(0.0127973116815693,0.110572264899276,0.082127579493817));
#4030=CARTESIAN_POINT('',(0.0127706572527719,0.110638816368158,0.0821167556122543));
#4031=CARTESIAN_POINT('',(0.0127601553024081,0.110669729611177,0.0821116927580839));
#4032=CARTESIAN_POINT('',(0.012747495170823,0.110717802716108,0.0821029479473906));
#4033=CARTESIAN_POINT('',(0.0127436908525781,0.110735759273209,0.0820994643416987));
#4034=CARTESIAN_POINT('',(0.012739289910373,0.11076402981417,0.0820934626461033));
#4035=CARTESIAN_POINT('',(0.0127380244219965,0.110774684434231,0.0820910728887543));
#4036=CARTESIAN_POINT('',(0.0127363454136822,0.110795541692656,0.0820860973205552));
#4037=CARTESIAN_POINT('',(0.0127359318247739,0.110805744275521,0.0820835115332959));
#4038=CARTESIAN_POINT('',(0.0127359455973029,0.110831664641149,0.0820765005279056));
#4039=CARTESIAN_POINT('',(0.0127370207909307,0.110846985842935,0.0820719133784735));
#4040=CARTESIAN_POINT('',(0.0127425200200868,0.110885472036479,0.0820590626068148));
#4041=CARTESIAN_POINT('',(0.0127486020077594,0.110907790710496,0.0820502349388552));
#4042=CARTESIAN_POINT('',(0.012765847214201,0.110949581006372,0.0820304569030491));
#4043=CARTESIAN_POINT('',(0.0127771513488204,0.110968929374942,0.0820194562961876));
#4044=CARTESIAN_POINT('',(0.0127904106250692,0.110986161623914,0.0820076703085257));
#4045=CARTESIAN_POINT('',(0.0128707210723656,0.110496462949518,0.0821616738654344));
#4046=CARTESIAN_POINT('',(0.0128550888172054,0.11053421677438,0.0821543401962895));
#4047=CARTESIAN_POINT('',(0.0128416139254797,0.110569476783282,0.0821478489463696));
#4048=CARTESIAN_POINT('',(0.012819926893984,0.110634690249671,0.082135426064791));
#4049=CARTESIAN_POINT('',(0.0128115718429698,0.110664715023392,0.0821295043141397));
#4050=CARTESIAN_POINT('',(0.012801850887577,0.110710884294249,0.0821195022575351));
#4051=CARTESIAN_POINT('',(0.0127990438595339,0.110727999332966,0.0821155687120272));
#4052=CARTESIAN_POINT('',(0.0127960228024113,0.110754742831068,0.0821089509209641));
#4053=CARTESIAN_POINT('',(0.012795230280877,0.110764772151822,0.0821063517587394));
#4054=CARTESIAN_POINT('',(0.0127943769927965,0.110784315219674,0.0821010270925186));
#4055=CARTESIAN_POINT('',(0.0127943161477462,0.110793828947047,0.0820983016360814));
#4056=CARTESIAN_POINT('',(0.0127950877588021,0.110817897533325,0.0820910322382076));
#4057=CARTESIAN_POINT('',(0.01279647193948,0.110832021916559,0.0820863896563034));
#4058=CARTESIAN_POINT('',(0.0128023728503577,0.110867327237324,0.0820736944836347));
#4059=CARTESIAN_POINT('',(0.0128082979862053,0.11088762232901,0.0820652662616239));
#4060=CARTESIAN_POINT('',(0.0128244968723544,0.110925603061863,0.0820468572968474));
#4061=CARTESIAN_POINT('',(0.0128348913797616,0.110943183175082,0.0820368398826443));
#4062=CARTESIAN_POINT('',(0.012846998663457,0.110958984364523,0.0820261871373355));
#4063=CARTESIAN_POINT('',(0.0129062501770559,0.110493948488508,0.0821882261459603));
#4064=CARTESIAN_POINT('',(0.0128935793638402,0.110531443033098,0.0821811239982718));
#4065=CARTESIAN_POINT('',(0.012882898464296,0.110566420633793,0.0821746289900964));
#4066=CARTESIAN_POINT('',(0.0128662038346397,0.110630769537171,0.082161979750934));
#4067=CARTESIAN_POINT('',(0.0128600601963257,0.110660222570295,0.0821558440700772));
#4068=CARTESIAN_POINT('',(0.0128534545075193,0.110705131617143,0.0821455180060892));
#4069=CARTESIAN_POINT('',(0.0128517296783739,0.110721683413074,0.0821414656448338));
#4070=CARTESIAN_POINT('',(0.0128502503219069,0.110747391865073,0.0821347076397021));
#4071=CARTESIAN_POINT('',(0.0128499987262027,0.110756994608168,0.0821320671976715));
#4072=CARTESIAN_POINT('',(0.0128501172123688,0.110775635680355,0.0821266959483776));
#4073=CARTESIAN_POINT('',(0.0128504872048501,0.110784674015958,0.0821239652090267));
#4074=CARTESIAN_POINT('',(0.0128522311630865,0.110807458677717,0.0821167392871831));
#4075=CARTESIAN_POINT('',(0.0128540672560415,0.11082074750586,0.0821121799287634));
#4076=CARTESIAN_POINT('',(0.0128607669003604,0.110853823191623,0.0820998728208807));
#4077=CARTESIAN_POINT('',(0.0128668047473732,0.110872691122956,0.0820918581920631));
#4078=CARTESIAN_POINT('',(0.0128825298464099,0.110907994903182,0.0820745913467584));
#4079=CARTESIAN_POINT('',(0.0128923182000154,0.110924338988099,0.0820653088013804));
#4080=CARTESIAN_POINT('',(0.0129035742868723,0.110939159327041,0.0820554417839856));
#4081=CARTESIAN_POINT('',(0.0129691140061634,0.110488108772923,0.0822496502975793));
#4082=CARTESIAN_POINT('',(0.0129616814089713,0.110525269785337,0.0822442031663451));
#4083=CARTESIAN_POINT('',(0.0129559669265218,0.110560026943081,0.0822389495936628));
#4084=CARTESIAN_POINT('',(0.012948216700956,0.110623723343599,0.0822282287671753));
#4085=CARTESIAN_POINT('',(0.0129460714557781,0.110652751530414,0.0822227968387264));
#4086=CARTESIAN_POINT('',(0.0129451848572291,0.110696622197849,0.0822134584065605));
#4087=CARTESIAN_POINT('',(0.0129454709742249,0.110712692555187,0.0822097480325697));
#4088=CARTESIAN_POINT('',(0.0129469070652099,0.110737481385203,0.0822035333212267));
#4089=CARTESIAN_POINT('',(0.012947692270755,0.11074669783895,0.0822010987942136));
#4090=CARTESIAN_POINT('',(0.0129497058830846,0.110764507861075,0.0821961454665071));
#4091=CARTESIAN_POINT('',(0.0129509341857662,0.110773101467012,0.0821936267594066));
#4092=CARTESIAN_POINT('',(0.0129546705516345,0.110794669622838,0.0821869719723803));
#4093=CARTESIAN_POINT('',(0.0129574952039346,0.110807152077609,0.0821827833669733));
#4094=CARTESIAN_POINT('',(0.012966162841882,0.110838052269442,0.0821715232735121));
#4095=CARTESIAN_POINT('',(0.0129728053653879,0.110855504587197,0.0821642397982983));
#4096=CARTESIAN_POINT('',(0.0129886239018069,0.110888167390239,0.0821485516614826));
#4097=CARTESIAN_POINT('',(0.0129978690071381,0.110903302200898,0.0821401155954205));
#4098=CARTESIAN_POINT('',(0.0130081732631361,0.110917201852628,0.0821310172650953));
#4099=CARTESIAN_POINT('',(0.0129964436385696,0.11048478399137,0.0822845171932765));
#4100=CARTESIAN_POINT('',(0.0129912862566321,0.110521870884286,0.0822804923144392));
#4101=CARTESIAN_POINT('',(0.0129877421659262,0.110556690163266,0.0822764824391327));
#4102=CARTESIAN_POINT('',(0.0129839391126101,0.110620599024875,0.082267913122155));
#4103=CARTESIAN_POINT('',(0.0129835780844367,0.110649774349349,0.0822633971285997));
#4104=CARTESIAN_POINT('',(0.0129852905206701,0.110693867406903,0.0822553674365192));
#4105=CARTESIAN_POINT('',(0.0129865034751315,0.110710019814998,0.0822521167369246));
#4106=CARTESIAN_POINT('',(0.012989310242806,0.110734924539696,0.0822465837319872));
#4107=CARTESIAN_POINT('',(0.0129905901514029,0.11074418147941,0.0822443957147494));
#4108=CARTESIAN_POINT('',(0.0129935248344999,0.110762062874624,0.0822399055527629));
#4109=CARTESIAN_POINT('',(0.0129951795011974,0.110770687372507,0.0822376035069418));
#4110=CARTESIAN_POINT('',(0.0129999331864528,0.110792323579412,0.0822314747378457));
#4111=CARTESIAN_POINT('',(0.0130032929424911,0.110804835639069,0.0822275727125544));
#4112=CARTESIAN_POINT('',(0.0130131263695623,0.110835791114479,0.0822169693053794));
#4113=CARTESIAN_POINT('',(0.0130202592784176,0.110853255723796,0.082210002204592));
#4114=CARTESIAN_POINT('',(0.0130366433315995,0.110885955809415,0.0821947488963077));
#4115=CARTESIAN_POINT('',(0.0130459512608575,0.110901117920457,0.0821864238904734));
#4116=CARTESIAN_POINT('',(0.013056155460754,0.110915078055025,0.0821773083638303));
#4117=CARTESIAN_POINT('',(0.0130410096921959,0.11047755434374,0.0823601511059719));
#4118=CARTESIAN_POINT('',(0.013039349157576,0.110514708786046,0.0823597958469508));
#4119=CARTESIAN_POINT('',(0.0130391080058068,0.110550019098144,0.0823591340273659));
#4120=CARTESIAN_POINT('',(0.0130412996191547,0.110615457431585,0.0823564874510854));
#4121=CARTESIAN_POINT('',(0.0130436421108129,0.110645651962257,0.0823545625591553));
#4122=CARTESIAN_POINT('',(0.0130493411913821,0.110691677094407,0.0823502106828554));
#4123=CARTESIAN_POINT('',(0.0130519891534149,0.110708639518882,0.0823482449084925));
#4124=CARTESIAN_POINT('',(0.0130569588261249,0.110734927829836,0.0823445707078223));
#4125=CARTESIAN_POINT('',(0.0130590301294042,0.110744733094889,0.082343042575785));
#4126=CARTESIAN_POINT('',(0.0130634662734055,0.11076373146279,0.082339757958035));
#4127=CARTESIAN_POINT('',(0.013065831012492,0.110772924597585,0.0823380015677088));
#4128=CARTESIAN_POINT('',(0.0130723269314016,0.110796050922375,0.0823331392914548));
#4129=CARTESIAN_POINT('',(0.0130766544849312,0.110809489188215,0.082329865759569));
#4130=CARTESIAN_POINT('',(0.0130887698890905,0.110842845748124,0.0823205075703451));
#4131=CARTESIAN_POINT('',(0.0130970717200261,0.11086177870868,0.0823139171599185));
#4132=CARTESIAN_POINT('',(0.0131153970362288,0.110897270030682,0.08229862183286));
#4133=CARTESIAN_POINT('',(0.0131254646697323,0.110913747590712,0.0822898534781384));
#4134=CARTESIAN_POINT('',(0.0131362530905618,0.110928860451414,0.0822799199865245));
#4135=CARTESIAN_POINT('',(0.0130582425035366,0.110473650063271,0.0824009119965742));
#4136=CARTESIAN_POINT('',(0.0130578025134337,0.110510946299467,0.0824028024427388));
#4137=CARTESIAN_POINT('',(0.0130586924981282,0.110546685633311,0.0824042428977851));
#4138=CARTESIAN_POINT('',(0.0130629282593401,0.110613441027397,0.0824053627884451));
#4139=CARTESIAN_POINT('',(0.0130661881414406,0.11064450756961,0.0824051104110772));
#4140=CARTESIAN_POINT('',(0.0130732714890618,0.110692242088044,0.0824031231048625));
#4141=CARTESIAN_POINT('',(0.0130764262813298,0.110709932314336,0.082401980804214));
#4142=CARTESIAN_POINT('',(0.0130821860029391,0.110737487969547,0.082399480864301));
#4143=CARTESIAN_POINT('',(0.013084553159334,0.11074780092109,0.082398365028985));
#4144=CARTESIAN_POINT('',(0.0130895680438935,0.110767844547921,0.0823958206961439));
#4145=CARTESIAN_POINT('',(0.0130922156803574,0.110777575239911,0.0823943922852229));
#4146=CARTESIAN_POINT('',(0.013099434476183,0.110802123106549,0.0823902679767704));
#4147=CARTESIAN_POINT('',(0.0131041935428421,0.110816457615117,0.0823873349483267));
#4148=CARTESIAN_POINT('',(0.013117422355709,0.110852158991851,0.0823785621088242));
#4149=CARTESIAN_POINT('',(0.0131264013108179,0.110872547355917,0.0823720305505561));
#4150=CARTESIAN_POINT('',(0.0131461004006929,0.110910791402215,0.0823562567544868));
#4151=CARTESIAN_POINT('',(0.0131568643839904,0.110928556545369,0.0823469338760749));
#4152=CARTESIAN_POINT('',(0.0131683370077547,0.110944761222622,0.0823362001371919));
#4153=CARTESIAN_POINT('',(0.0130814168012621,0.110465532398986,0.0824855048162564));
#4154=CARTESIAN_POINT('',(0.0130821462824472,0.110503348258055,0.0824922422042935));
#4155=CARTESIAN_POINT('',(0.0130840196030965,0.110540309032677,0.082498234309874));
#4156=CARTESIAN_POINT('',(0.0130899521262247,0.11061072087259,0.0825074731328151));
#4157=CARTESIAN_POINT('',(0.0130939323810647,0.110644179866021,0.0825108068954785));
#4158=CARTESIAN_POINT('',(0.0131021721817504,0.110696629513812,0.0825138041128111));
#4159=CARTESIAN_POINT('',(0.013105769032975,0.110716331923959,0.0825143739167563));
#4160=CARTESIAN_POINT('',(0.0131122885520532,0.110747405785382,0.082514261197335));
#4161=CARTESIAN_POINT('',(0.0131149579747501,0.110759131236175,0.0825139687372771));
#4162=CARTESIAN_POINT('',(0.0131206111596478,0.110782089910599,0.0825128676724326));
#4163=CARTESIAN_POINT('',(0.0131235948634583,0.110793323104951,0.0825120591305287));
#4164=CARTESIAN_POINT('',(0.013131747530485,0.110821852562232,0.0825092698882479));
#4165=CARTESIAN_POINT('',(0.0131371392360201,0.110838705466847,0.082506885098237));
#4166=CARTESIAN_POINT('',(0.0131522318983069,0.110881010222583,0.0824988162487908));
#4167=CARTESIAN_POINT('',(0.0131625799209138,0.11090551177847,0.0824919927362045));
#4168=CARTESIAN_POINT('',(0.0131855381390466,0.110951528849807,0.0824742449119761));
#4169=CARTESIAN_POINT('',(0.0131982053420132,0.110972924782799,0.0824632017911085));
#4170=CARTESIAN_POINT('',(0.0132117391530552,0.110992185244902,0.082450226212092));
#4171=CARTESIAN_POINT('',(0.0130873564105136,0.110461319672708,0.082529329893263));
#4172=CARTESIAN_POINT('',(0.0130880343055073,0.11049951346517,0.0825386665987048));
#4173=CARTESIAN_POINT('',(0.0130897591891477,0.110537266706982,0.0825471056410077));
#4174=CARTESIAN_POINT('',(0.0130953428861055,0.110610017613979,0.0825606912807557));
#4175=CARTESIAN_POINT('',(0.0130991253291587,0.110644996688442,0.0825659354943567));
#4176=CARTESIAN_POINT('',(0.0131071359357756,0.110700450964481,0.0825715472690408));
#4177=CARTESIAN_POINT('',(0.0131106674633616,0.110721437199985,0.0825730035757359));
#4178=CARTESIAN_POINT('',(0.0131171558120521,0.110754760800461,0.0825741004400462));
#4179=CARTESIAN_POINT('',(0.0131198312893081,0.110767390580158,0.0825742177802894));
#4180=CARTESIAN_POINT('',(0.0131255433096651,0.110792217980082,0.0825738172360094));
#4181=CARTESIAN_POINT('',(0.013128579817738,0.110804415540306,0.0825732993995802));
#4182=CARTESIAN_POINT('',(0.0131369425228155,0.110835503439267,0.0825711043652249));
#4183=CARTESIAN_POINT('',(0.0131425347615198,0.110853977410525,0.0825689257213629));
#4184=CARTESIAN_POINT('',(0.0131583763160025,0.11090053776925,0.0825609720624817));
#4185=CARTESIAN_POINT('',(0.0131694153194981,0.110927695161515,0.0825537963183662));
#4186=CARTESIAN_POINT('',(0.0131942570431455,0.110978728964159,0.0825345518183314));
#4187=CARTESIAN_POINT('',(0.0132081302354719,0.111002466516338,0.0825223433399988));
#4188=CARTESIAN_POINT('',(0.0132230403042719,0.111023689836646,0.0825079272719334));
#4189=CARTESIAN_POINT('',(0.0130874432482579,0.110457098615034,0.0825731693452885));
#4190=CARTESIAN_POINT('',(0.0130874123536104,0.110495791478798,0.0825850241745033));
#4191=CARTESIAN_POINT('',(0.0130883319934103,0.110534503070153,0.0825957986892836));
#4192=CARTESIAN_POINT('',(0.0130923455051745,0.110610010013869,0.0826134505036465));
#4193=CARTESIAN_POINT('',(0.0130953644339395,0.110646756863432,0.0826204382880049));
#4194=CARTESIAN_POINT('',(0.0131023254408672,0.110705681098459,0.0826283507702158));
#4195=CARTESIAN_POINT('',(0.0131055000806172,0.110728145145178,0.0826305626702207));
#4196=CARTESIAN_POINT('',(0.0131115343742811,0.110764052466034,0.0826326435748368));
#4197=CARTESIAN_POINT('',(0.0131140654667033,0.110777719505117,0.082633080908741));
#4198=CARTESIAN_POINT('',(0.0131195626695304,0.11080468822884,0.0826331966313572));
#4199=CARTESIAN_POINT('',(0.0131225287711705,0.110817989818685,0.0826328750560615));
#4200=CARTESIAN_POINT('',(0.0131308192589738,0.110852004791247,0.0826310248156216));
#4201=CARTESIAN_POINT('',(0.0131364761235153,0.110872331572462,0.0826288953907831));
#4202=CARTESIAN_POINT('',(0.0131528151918622,0.110923754299449,0.082620645606982));
#4203=CARTESIAN_POINT('',(0.0131644931293843,0.110953944684087,0.0826128615195201));
#4204=CARTESIAN_POINT('',(0.0131913202970376,0.111010714615124,0.0825916306992854));
#4205=CARTESIAN_POINT('',(0.0132065595067952,0.111037133748864,0.0825780248411866));
#4206=CARTESIAN_POINT('',(0.0132230898430782,0.111060612721985,0.0825619678173592));
#4207=EDGE_LOOP('',(#6140,#6141,#6142,#6143,#6144));
#4208=AXIS2_PLACEMENT_3D('',#6145,#6146,#6147);
#4209=EDGE_LOOP('',(#6148,#6149,#6150,#6151,#6152));
#4210=AXIS2_PLACEMENT_3D('',#6153,#6154,#6155);
#4211=EDGE_LOOP('',(#6156,#6157,#6158,#6159,#6160,#6161));
#4212=AXIS2_PLACEMENT_3D('',#6162,#6163,#6164);
#4213=EDGE_LOOP('',(#6165,#6166,#6167,#6168));
#4214=AXIS2_PLACEMENT_3D('',#6169,#6170,#6171);
#4215=EDGE_LOOP('',(#6172,#6173,#6174,#6175));
#4216=AXIS2_PLACEMENT_3D('',#6176,#6177,#6178);
#4217=EDGE_LOOP('',(#6179,#6180,#6181));
#4218=CARTESIAN_POINT('',(0.000340881291994293,0.110481433365484,0.0821633002293075));
#4219=CARTESIAN_POINT('',(0.000322263280642403,0.110443193901663,0.0821702474816559));
#4220=CARTESIAN_POINT('',(0.000303014308899897,0.110403282519879,0.0821774111018649));
#4221=CARTESIAN_POINT('',(0.000264728598312974,0.1103205972538,0.0821927616826337));
#4222=CARTESIAN_POINT('',(0.000245703035633686,0.110277938905373,0.0822009160911801));
#4223=CARTESIAN_POINT('',(0.000215598988393796,0.11020505562186,0.0822156365795297));
#4224=CARTESIAN_POINT('',(0.000204221823107483,0.110176169665578,0.0822216500222874));
#4225=CARTESIAN_POINT('',(0.000186410543092118,0.110127824060454,0.082232066740361));
#4226=CARTESIAN_POINT('',(0.000179723449171995,0.110108892472712,0.0822362276556807));
#4227=CARTESIAN_POINT('',(0.000166791490338789,0.110070370001615,0.0822448672370099));
#4228=CARTESIAN_POINT('',(0.000160546772815334,0.110050779056261,0.0822493459479675));
#4229=CARTESIAN_POINT('',(0.000145040510807682,0.109999028665515,0.0822613994989327));
#4230=CARTESIAN_POINT('',(0.00013621837006886,0.109966377412646,0.0822692219889468));
#4231=CARTESIAN_POINT('',(0.000115771119876146,0.109879706644955,0.0822905041763492));
#4232=CARTESIAN_POINT('',(0.000105664997569392,0.109824602724444,0.0823045422187223));
#4233=CARTESIAN_POINT('',(9.19278327782401E-05,0.109712508610699,0.0823337124416252));
#4234=CARTESIAN_POINT('',(8.83128299529137E-05,0.109655534253732,0.0823488340300129));
#4235=CARTESIAN_POINT('',(8.82002687793701E-05,0.109596964695005,0.0823643867759756));
#4236=CARTESIAN_POINT('',(8.82002107553027E-05,0.109595199976044,0.0823648553889795));
#4237=CARTESIAN_POINT('',(8.82034860138754E-05,0.10959343544556,0.0823653239469801));
#4238=CARTESIAN_POINT('',(0.000302567994785283,0.110479306466032,0.082184917120348));
#4239=CARTESIAN_POINT('',(0.000286437833634254,0.110440397956824,0.08219256563808));
#4240=CARTESIAN_POINT('',(0.000269844992116923,0.110399816953416,0.0822001964949193));
#4241=CARTESIAN_POINT('',(0.000237008834368607,0.110315979860012,0.0822158422049051));
#4242=CARTESIAN_POINT('',(0.000220770572804976,0.110272835729066,0.0822238418941468));
#4243=CARTESIAN_POINT('',(0.000195189089525143,0.110199425019969,0.0822377273280257));
#4244=CARTESIAN_POINT('',(0.000185548481239794,0.110170399196003,0.0822432796924827));
#4245=CARTESIAN_POINT('',(0.000170492744173012,0.110121953265524,0.0822527094873592));
#4246=CARTESIAN_POINT('',(0.00016484934320939,0.110103013520933,0.0822564338299553));
#4247=CARTESIAN_POINT('',(0.000153951217909297,0.110064540286208,0.0822640868420574));
#4248=CARTESIAN_POINT('',(0.000148696611891371,0.110045006751923,0.0822680155437134));
#4249=CARTESIAN_POINT('',(0.00013566559295453,0.109993493381709,0.0822784966512778));
#4250=CARTESIAN_POINT('',(0.000128268955892126,0.109961074997772,0.0822852106131313));
#4251=CARTESIAN_POINT('',(0.000111153105872921,0.109875223364394,0.0823032905282241));
#4252=CARTESIAN_POINT('',(0.000102723135167161,0.109820837389094,0.0823150393946996));
#4253=CARTESIAN_POINT('',(9.12814905520535E-05,0.109710447775955,0.0823392636729024));
#4254=CARTESIAN_POINT('',(8.82822240562842E-05,0.10965445714814,0.0823517314717011));
#4255=CARTESIAN_POINT('',(8.82001012865981E-05,0.109596903475357,0.082364551451178));
#4256=CARTESIAN_POINT('',(8.8200404801733E-05,0.109595169368194,0.0823649377217762));
#4257=CARTESIAN_POINT('',(8.82034860138758E-05,0.10959343544556,0.0823653239469802));
#4258=CARTESIAN_POINT('',(0.00026714434020442,0.110476695149117,0.0822116006192845));
#4259=CARTESIAN_POINT('',(0.000253484270944987,0.110437028277079,0.0822193999875782));
#4260=CARTESIAN_POINT('',(0.000239481101670298,0.110395743608139,0.0822269517922886));
#4261=CARTESIAN_POINT('',(0.000211865221461609,0.110310764870494,0.0822418787211915));
#4262=CARTESIAN_POINT('',(0.00019825412024336,0.110267176608644,0.0822492545948174));
#4263=CARTESIAN_POINT('',(0.000176875403947226,0.110193332975919,0.0822616301622429));
#4264=CARTESIAN_POINT('',(0.000168834309684106,0.110164209960212,0.0822664828994308));
#4265=CARTESIAN_POINT('',(0.000156297605100718,0.110115735018822,0.0822745791347484));
#4266=CARTESIAN_POINT('',(0.000151603659185803,0.110096815019728,0.0822777434099953));
#4267=CARTESIAN_POINT('',(0.000142547912180583,0.110058445534208,0.0822841837390756));
#4268=CARTESIAN_POINT('',(0.000138186206002036,0.110038996016168,0.0822874598169969));
#4269=CARTESIAN_POINT('',(0.000127379128675934,0.109987784745848,0.0822961293302822));
#4270=CARTESIAN_POINT('',(0.000121254779326967,0.109955635132296,0.0823016149930344));
#4271=CARTESIAN_POINT('',(0.000107099241076029,0.109870679239198,0.0823162477647787));
#4272=CARTESIAN_POINT('',(0.00010014482546784,0.109817041099604,0.0823256232709277));
#4273=CARTESIAN_POINT('',(9.07184934592683E-05,0.109708386131619,0.0823448165903894));
#4274=CARTESIAN_POINT('',(8.82562974476914E-05,0.109653380033697,0.0823546289457279));
#4275=CARTESIAN_POINT('',(8.820000324547E-05,0.109596842255803,0.0823647161262521));
#4276=CARTESIAN_POINT('',(8.82005988481634E-05,0.109595138760345,0.0823650200545728));
#4277=CARTESIAN_POINT('',(8.82034860138762E-05,0.10959343544556,0.0823653239469804));
#4278=CARTESIAN_POINT('',(0.000204524310260626,0.110470684138535,0.082273256837883));
#4279=CARTESIAN_POINT('',(0.000195401535540068,0.110429359815353,0.0822803948011243));
#4280=CARTESIAN_POINT('',(0.000186108690282812,0.110386620578669,0.0822868540699136));
#4281=CARTESIAN_POINT('',(0.000167898371976142,0.110299387861626,0.0822986417686947));
#4282=CARTESIAN_POINT('',(0.000158978727806103,0.110254983745617,0.0823039991378264));
#4283=CARTESIAN_POINT('',(0.000145047451631831,0.11018043015723,0.0823122629030354));
#4284=CARTESIAN_POINT('',(0.000139826850223363,0.110151181788439,0.0823153348221066));
#4285=CARTESIAN_POINT('',(0.000131713682083179,0.110102762575986,0.0823202142020145));
#4286=CARTESIAN_POINT('',(0.000128682493634371,0.110083926208822,0.0823220637514416));
#4287=CARTESIAN_POINT('',(0.000122845703426409,0.110045849891346,0.0823257242007196));
#4288=CARTESIAN_POINT('',(0.000120040158688369,0.110026609927648,0.0823275351134355));
#4289=CARTESIAN_POINT('',(0.000113101007121581,0.109976103885257,0.0823322103693327));
#4290=CARTESIAN_POINT('',(0.000109181217489942,0.109944546985231,0.0823350553553848));
#4291=CARTESIAN_POINT('',(0.000100142555306437,0.109861499639344,0.082342419280974));
#4292=CARTESIAN_POINT('',(9.57251272602638E-05,0.109809402146155,0.0823469212872438));
#4293=CARTESIAN_POINT('',(8.97579753206851E-05,0.109704261730219,0.0823559247484549));
#4294=CARTESIAN_POINT('',(8.82138029184043E-05,0.109651225794727,0.0823604239379629));
#4295=CARTESIAN_POINT('',(8.81999460652862E-05,0.109596719816886,0.0823650454761434));
#4296=CARTESIAN_POINT('',(8.82009869410244E-05,0.109595077544645,0.0823651847201661));
#4297=CARTESIAN_POINT('',(8.82034860138769E-05,0.10959343544556,0.0823653239469807));
#4298=CARTESIAN_POINT('',(0.000177333007160667,0.110467284931764,0.0823082245633515));
#4299=CARTESIAN_POINT('',(0.000170276245377361,0.110425061575599,0.0823145511340844));
#4300=CARTESIAN_POINT('',(0.00016310312374955,0.110381571418861,0.0823199976970748));
#4301=CARTESIAN_POINT('',(0.000149076707469524,0.110293226271197,0.0823293662278052));
#4302=CARTESIAN_POINT('',(0.000142220891290743,0.110248450357243,0.0823333294179645));
#4303=CARTESIAN_POINT('',(0.000131533765802117,0.110173619623725,0.0823389918737902));
#4304=CARTESIAN_POINT('',(0.000127533999102596,0.110144343051858,0.0823409827951675));
#4305=CARTESIAN_POINT('',(0.000121325163239944,0.110096008521229,0.082343979126524));
#4306=CARTESIAN_POINT('',(0.000119007226187142,0.110077236020465,0.0823450740967133));
#4307=CARTESIAN_POINT('',(0.000114546934050817,0.110039349087047,0.0823471674810096));
#4308=CARTESIAN_POINT('',(0.000112404621487835,0.110020234646693,0.0823481659048416));
#4309=CARTESIAN_POINT('',(0.000107109396115958,0.109970131700556,0.0823506586073383));
#4310=CARTESIAN_POINT('',(0.000104121860790836,0.109938898730636,0.0823520912568315));
#4311=CARTESIAN_POINT('',(9.7239735375419E-05,0.109856864169406,0.0823556335484232));
#4312=CARTESIAN_POINT('',(9.38837397359749E-05,0.109805559484094,0.0823576354220709));
#4313=CARTESIAN_POINT('',(8.93604539637166E-05,0.109702198972729,0.0823614799902418));
#4314=CARTESIAN_POINT('',(8.819723499771E-05,0.1096501486702,0.082363321456171));
#4315=CARTESIAN_POINT('',(8.81999869262307E-05,0.109596658597522,0.0823652101509607));
#4316=CARTESIAN_POINT('',(8.8201180987455E-05,0.109595046936795,0.0823652670529627));
#4317=CARTESIAN_POINT('',(8.82034860138772E-05,0.10959343544556,0.0823653239469808));
#4318=CARTESIAN_POINT('',(0.000133066912184032,0.110459934021505,0.0823840227601911));
#4319=CARTESIAN_POINT('',(0.000129443165788055,0.110415815240728,0.0823880153808246));
#4320=CARTESIAN_POINT('',(0.000125774378749396,0.110370793482327,0.0823907564658741));
#4321=CARTESIAN_POINT('',(0.000118630548359556,0.110280249498683,0.0823940631865236));
#4322=CARTESIAN_POINT('',(0.00011515337010364,0.110234782890968,0.0823946914448551));
#4323=CARTESIAN_POINT('',(0.00010975470027085,0.110159508287006,0.0823943847882286));
#4324=CARTESIAN_POINT('',(0.000107739568285531,0.110130223609398,0.0823939480212497));
#4325=CARTESIAN_POINT('',(0.000104619186735134,0.110082137313592,0.0823927976757618));
#4326=CARTESIAN_POINT('',(0.000103456187409161,0.110063522985567,0.0823922493714363));
#4327=CARTESIAN_POINT('',(0.000101221759018437,0.110026073636494,0.0823909651300462));
#4328=CARTESIAN_POINT('',(0.000100150350246953,0.110007238615125,0.0823902291986557));
#4329=CARTESIAN_POINT('',(9.75062671008356E-05,0.109958010640787,0.0823881037782753));
#4330=CARTESIAN_POINT('',(9.60187967902328E-05,0.1099274628267,0.082386587084292));
#4331=CARTESIAN_POINT('',(9.26013550386552E-05,0.109847532641186,0.0823822333070777));
#4332=CARTESIAN_POINT('',(9.0944894122003E-05,0.109797843491747,0.0823791503354259));
#4333=CARTESIAN_POINT('',(8.87300110070347E-05,0.109698072812011,0.0823725918599515));
#4334=CARTESIAN_POINT('',(8.81734579102936E-05,0.109647994418684,0.0823691165162722));
#4335=CARTESIAN_POINT('',(8.82002075493242E-05,0.109596536158985,0.0823655395003384));
#4336=CARTESIAN_POINT('',(8.82015690803163E-05,0.109594985721096,0.082365431718556));
#4337=CARTESIAN_POINT('',(8.82034860138779E-05,0.109593435445559,0.0823653239469811));
#4338=CARTESIAN_POINT('',(0.000115995705889712,0.110455982913446,0.0824248470918592));
#4339=CARTESIAN_POINT('',(0.000113738102663951,0.110410867798055,0.0824273183391655));
#4340=CARTESIAN_POINT('',(0.000111453265072137,0.110365065322781,0.0824283676585275));
#4341=CARTESIAN_POINT('',(0.00010700714064076,0.110273434804073,0.0824280333361248));
#4342=CARTESIAN_POINT('',(0.000104844445234068,0.110227649208776,0.0824267214458351));
#4343=CARTESIAN_POINT('',(0.000101489717778974,0.110152207747009,0.0824230477103358));
#4344=CARTESIAN_POINT('',(0.000100238286530195,0.110122943119308,0.0824212644701729));
#4345=CARTESIAN_POINT('',(9.83019091695231E-05,0.11007502031176,0.0824178507710264));
#4346=CARTESIAN_POINT('',(9.75805612963789E-05,0.110056500268049,0.0824164138582133));
#4347=CARTESIAN_POINT('',(9.6195443721926E-05,0.110019299081393,0.0824133191992908));
#4348=CARTESIAN_POINT('',(9.55316865768351E-05,0.11000061793981,0.0824116614579657));
#4349=CARTESIAN_POINT('',(9.38947801675864E-05,0.109951861807131,0.0824071005849705));
#4350=CARTESIAN_POINT('',(9.29751086568534E-05,0.109921675205161,0.082404046926856));
#4351=CARTESIAN_POINT('',(9.08657952908586E-05,0.109842836587587,0.0823956187862428));
#4352=CARTESIAN_POINT('',(8.98474366859401E-05,0.109793970163375,0.0823899511086481));
#4353=CARTESIAN_POINT('',(8.84970892000404E-05,0.10969600940835,0.0823781484890999));
#4354=CARTESIAN_POINT('',(8.81662487435714E-05,0.109646917291694,0.0823720140581652));
#4355=CARTESIAN_POINT('',(8.82003873114733E-05,0.10959647493981,0.0823657041748988));
#4356=CARTESIAN_POINT('',(8.82017631267471E-05,0.109594955113246,0.0823655140513526));
#4357=CARTESIAN_POINT('',(8.82034860138783E-05,0.109593435445559,0.0823653239469813));
#4358=CARTESIAN_POINT('',(9.31567017907566E-05,0.11044780243751,0.0825095250074894));
#4359=CARTESIAN_POINT('',(9.27414666764892E-05,0.11040064432441,0.0825085765067232));
#4360=CARTESIAN_POINT('',(9.23196920972406E-05,0.11035326556135,0.0825058847987653));
#4361=CARTESIAN_POINT('',(9.14988933755984E-05,0.110259476009813,0.0824976298154307));
#4362=CARTESIAN_POINT('',(9.10996192666093E-05,0.110213079849817,0.0824921547251071));
#4363=CARTESIAN_POINT('',(9.04826095370316E-05,0.11013736114586,0.0824813525507866));
#4364=CARTESIAN_POINT('',(9.02530336835376E-05,0.110108161193513,0.0824767403636876));
#4365=CARTESIAN_POINT('',(8.98994028666351E-05,0.110060605301542,0.0824686058656018));
#4366=CARTESIAN_POINT('',(8.97680702714046E-05,0.11004228919655,0.0824653235326434));
#4367=CARTESIAN_POINT('',(8.95169112408706E-05,0.110005613955562,0.08245848449146));
#4368=CARTESIAN_POINT('',(8.9397087219138E-05,0.109987254822489,0.0824549277870331));
#4369=CARTESIAN_POINT('',(8.91032873558677E-05,0.109939476831247,0.0824453682563533));
#4370=CARTESIAN_POINT('',(8.89399893227644E-05,0.109910031250032,0.0824391780152037));
#4371=CARTESIAN_POINT('',(8.85715930434762E-05,0.109833414923953,0.0824224744439937));
#4372=CARTESIAN_POINT('',(8.84006247525659E-05,0.109786208656127,0.0824115953640818));
#4373=CARTESIAN_POINT('',(8.81953155928725E-05,0.109691882396568,0.0823892622700408));
#4374=CARTESIAN_POINT('',(8.81611891844206E-05,0.10964476304287,0.0823778091451398));
#4375=CARTESIAN_POINT('',(8.82008857364553E-05,0.109596352501652,0.0823660335237628));
#4376=CARTESIAN_POINT('',(8.82021512196088E-05,0.109594893897547,0.0823656787169459));
#4377=CARTESIAN_POINT('',(8.8203486013879E-05,0.109593435445559,0.0823653239469816));
#4378=CARTESIAN_POINT('',(8.73907539602423E-05,0.110443573732258,0.0825533717324856));
#4379=CARTESIAN_POINT('',(8.74512946835029E-05,0.110395369014138,0.0825505262457769));
#4380=CARTESIAN_POINT('',(8.75082906581158E-05,0.11034719463391,0.0825457864266106));
#4381=CARTESIAN_POINT('',(8.76146068872562E-05,0.110252332433556,0.0825332536237686));
#4382=CARTESIAN_POINT('',(8.76641037922825E-05,0.110205644594113,0.0825255561447527));
#4383=CARTESIAN_POINT('',(8.77406844379678E-05,0.110129815361354,0.0825109933951295));
#4384=CARTESIAN_POINT('',(8.77692128464116E-05,0.110100659983542,0.0825048989666957));
#4385=CARTESIAN_POINT('',(8.78142646919981E-05,0.110053307450054,0.0824943073147134));
#4386=CARTESIAN_POINT('',(8.7831278303445E-05,0.110035100976231,0.0824900682615014));
#4387=CARTESIAN_POINT('',(8.78647393329211E-05,0.109998703478753,0.0824812954056964));
#4388=CARTESIAN_POINT('',(8.78811867540311E-05,0.109980512457881,0.0824767616068254));
#4389=CARTESIAN_POINT('',(8.79232969649517E-05,0.109933240731258,0.0824646389922788));
#4390=CARTESIAN_POINT('',(8.79485676630836E-05,0.10990417494473,0.0824568491760641));
#4391=CARTESIAN_POINT('',(8.80129508505123E-05,0.109828689318578,0.082435944610633));
#4392=CARTESIAN_POINT('',(8.80512705763468E-05,0.109782320479174,0.082422438840961));
#4393=CARTESIAN_POINT('',(8.81264636902671E-05,0.10968981878801,0.0823948194230692));
#4394=CARTESIAN_POINT('',(8.8163338791992E-05,0.109643685921036,0.0823807066902214));
#4395=CARTESIAN_POINT('',(8.82012043992883E-05,0.109596291282667,0.0823661981980665));
#4396=CARTESIAN_POINT('',(8.82023452660397E-05,0.109594863289697,0.0823657610497425));
#4397=CARTESIAN_POINT('',(8.82034860138794E-05,0.109593435445559,0.0823653239469817));
#4398=CARTESIAN_POINT('',(8.74775917046768E-05,0.110439352674584,0.0825972111845109));
#4399=CARTESIAN_POINT('',(8.75360540971425E-05,0.110390100669731,0.0825924688663436));
#4400=CARTESIAN_POINT('',(8.759034982067E-05,0.110341130039951,0.0825856812267907));
#4401=CARTESIAN_POINT('',(8.76902220949293E-05,0.110245193995345,0.0825688713980793));
#4402=CARTESIAN_POINT('',(8.77360088173189E-05,0.110198213911666,0.0825589520260058));
#4403=CARTESIAN_POINT('',(8.78057884763646E-05,0.110122273268163,0.0825406295939247));
#4404=CARTESIAN_POINT('',(8.78315159374388E-05,0.110093162134751,0.082533053287969));
#4405=CARTESIAN_POINT('',(8.78717477884948E-05,0.110046012444016,0.0825200050798389));
#4406=CARTESIAN_POINT('',(8.78868431003868E-05,0.110027915408053,0.0825148095378008));
#4407=CARTESIAN_POINT('',(8.7916349992588E-05,0.109991795280332,0.0825041033248537));
#4408=CARTESIAN_POINT('',(8.79307615759834E-05,0.109973772191231,0.082498592657576));
#4409=CARTESIAN_POINT('',(8.79674422543881E-05,0.109927006281057,0.0824839075291099));
#4410=CARTESIAN_POINT('',(8.79892372506178E-05,0.10989832003409,0.0824745184709009));
#4411=CARTESIAN_POINT('',(8.80443099757665E-05,0.109823964516274,0.0824494136920946));
#4412=CARTESIAN_POINT('',(8.80766299377854E-05,0.10977843281277,0.082433281627524));
#4413=CARTESIAN_POINT('',(8.81395575100005E-05,0.109687755291533,0.0824003764239295));
#4414=CARTESIAN_POINT('',(8.81701677739948E-05,0.10964260880559,0.0823836042266491));
#4415=CARTESIAN_POINT('',(8.82015925123763E-05,0.109596230063777,0.0823663628722416));
#4416=CARTESIAN_POINT('',(8.82025393124707E-05,0.109594832681847,0.0823658433825392));
#4417=CARTESIAN_POINT('',(8.82034860138797E-05,0.109593435445559,0.0823653239469819));
#4418=EDGE_LOOP('',(#6182,#6183,#6184,#6185,#6186,#6187,#6188));
#4419=AXIS2_PLACEMENT_3D('',#6189,#6190,#6191);
#4420=EDGE_LOOP('',(#6192,#6193,#6194,#6195));
#4421=AXIS2_PLACEMENT_3D('',#6196,#6197,#6198);
#4422=EDGE_LOOP('',(#6199,#6200,#6201,#6202,#6203,#6204,#6205));
#4423=AXIS2_PLACEMENT_3D('',#6206,#6207,#6208);
#4424=EDGE_LOOP('',(#6209,#6210,#6211));
#4425=CARTESIAN_POINT('',(0.0130874432482579,0.110457098615034,0.0825731693452878));
#4426=CARTESIAN_POINT('',(0.0130875017106524,0.110407846608511,0.0825684270269596));
#4427=CARTESIAN_POINT('',(0.0130875560063776,0.11035887597708,0.0825616393871071));
#4428=CARTESIAN_POINT('',(0.0130876558786548,0.110262939929256,0.0825448295575924));
#4429=CARTESIAN_POINT('',(0.0130877016653784,0.11021595984401,0.0825349101850215));
#4430=CARTESIAN_POINT('',(0.0130877714450392,0.110140019197987,0.082516587752016));
#4431=CARTESIAN_POINT('',(0.0130877971725009,0.110110908063612,0.0825090114456769));
#4432=CARTESIAN_POINT('',(0.0130878374043528,0.110063758371323,0.0824959632368922));
#4433=CARTESIAN_POINT('',(0.013087852499665,0.110045661334766,0.0824907676945947));
#4434=CARTESIAN_POINT('',(0.0130878820065579,0.110009541205859,0.0824800614811178));
#4435=CARTESIAN_POINT('',(0.0130878964181416,0.109991518116167,0.0824745508135699));
#4436=CARTESIAN_POINT('',(0.0130879330988208,0.109944752204463,0.0824598656843925));
#4437=CARTESIAN_POINT('',(0.0130879548938174,0.109916065956561,0.0824504766257375));
#4438=CARTESIAN_POINT('',(0.0130880099665438,0.109841710436323,0.0824253718457747));
#4439=CARTESIAN_POINT('',(0.0130880422865065,0.109796178731342,0.0824092397804951));
#4440=CARTESIAN_POINT('',(0.0130881052140738,0.109705501216485,0.0823763345789484));
#4441=CARTESIAN_POINT('',(0.0130881358243325,0.109660354738319,0.0823595623845574));
#4442=CARTESIAN_POINT('',(0.0130881672490719,0.109613975994934,0.0823423210295632));
#4443=CARTESIAN_POINT('',(0.0130881681958594,0.109612578631589,0.0823418015467703));
#4444=CARTESIAN_POINT('',(0.0130881691425671,0.109611181386007,0.0823412821077577));
#4445=CARTESIAN_POINT('',(0.0130873564105135,0.110461319672708,0.0825293298932624));
#4446=CARTESIAN_POINT('',(0.0130874169512388,0.110413114952954,0.0825264844064572));
#4447=CARTESIAN_POINT('',(0.0130874739472152,0.110364940571093,0.0825217445870659));
#4448=CARTESIAN_POINT('',(0.0130875802634476,0.110270078367524,0.0825092117835822));
#4449=CARTESIAN_POINT('',(0.013087629760354,0.110223390526499,0.0825015143041554));
#4450=CARTESIAN_POINT('',(0.0130877063410018,0.110147561291175,0.0824869515537558));
#4451=CARTESIAN_POINT('',(0.013087734869411,0.110118405912377,0.0824808571249974));
#4452=CARTESIAN_POINT('',(0.0130877799212577,0.110071053377291,0.0824702654724577));
#4453=CARTESIAN_POINT('',(0.0130877969348696,0.110052846902854,0.0824660264190242));
#4454=CARTESIAN_POINT('',(0.0130878303958999,0.110016449404149,0.0824572535627658));
#4455=CARTESIAN_POINT('',(0.0130878468433214,0.109998258382666,0.082452719763663));
#4456=CARTESIAN_POINT('',(0.0130878889535334,0.109950986654454,0.0824405971485055));
#4457=CARTESIAN_POINT('',(0.0130879142242321,0.109921920866952,0.0824328073319071));
#4458=CARTESIAN_POINT('',(0.0130879786074211,0.109846435238278,0.0824119027654804));
#4459=CARTESIAN_POINT('',(0.013088016927148,0.109800066397332,0.0823983969951979));
#4460=CARTESIAN_POINT('',(0.0130880921202562,0.109707564712623,0.0823707775790012));
#4461=CARTESIAN_POINT('',(0.0130881289953516,0.109661431853596,0.0823566648485848));
#4462=CARTESIAN_POINT('',(0.0130881668609601,0.109614037213621,0.0823421563559357));
#4463=CARTESIAN_POINT('',(0.0130881680018117,0.109612609239642,0.0823417192134261));
#4464=CARTESIAN_POINT('',(0.0130881691425671,0.109611181386007,0.0823412821077577));
#4465=CARTESIAN_POINT('',(0.013081416801262,0.110465532398986,0.0824855048162559));
#4466=CARTESIAN_POINT('',(0.0130819572718857,0.110418375588897,0.0824845545479971));
#4467=CARTESIAN_POINT('',(0.0130824984366491,0.110370998138709,0.0824818610590508));
#4468=CARTESIAN_POINT('',(0.0130835447521069,0.110277211132713,0.0824736026222377));
#4469=CARTESIAN_POINT('',(0.0130840504390007,0.110230816206461,0.0824681258579756));
#4470=CARTESIAN_POINT('',(0.0130848342103252,0.110155099412065,0.0824573210924543));
#4471=CARTESIAN_POINT('',(0.0130851264443874,0.110125900171019,0.082452707940066));
#4472=CARTESIAN_POINT('',(0.0130855798182487,0.110078345379028,0.0824445719490642));
#4473=CARTESIAN_POINT('',(0.0130857490144648,0.110060029683648,0.0824412890601311));
#4474=CARTESIAN_POINT('',(0.0130860750034964,0.110023355229245,0.0824344489512062));
#4475=CARTESIAN_POINT('',(0.0130862317939045,0.110004996473137,0.0824308917350215));
#4476=CARTESIAN_POINT('',(0.0130866206729812,0.109957219412157,0.0824213309413005));
#4477=CARTESIAN_POINT('',(0.0130868414637127,0.10992777435424,0.0824151399895044));
#4478=CARTESIAN_POINT('',(0.0130873572471149,0.10985115923251,0.082398434782278));
#4479=CARTESIAN_POINT('',(0.0130876168543581,0.109803953550847,0.0823875549055577));
#4480=CARTESIAN_POINT('',(0.0130879970807402,0.109709628097119,0.0823652207299827));
#4481=CARTESIAN_POINT('',(0.013088117486997,0.109662508962485,0.082353767321266));
#4482=CARTESIAN_POINT('',(0.013088166403399,0.109614098432212,0.0823419916824366));
#4483=CARTESIAN_POINT('',(0.013088167807764,0.109612639847696,0.082341636880082));
#4484=CARTESIAN_POINT('',(0.0130881691425671,0.109611181386007,0.0823412821077577));
#4485=CARTESIAN_POINT('',(0.0130582425035365,0.11047365006327,0.0824009119965739));
#4486=CARTESIAN_POINT('',(0.0130606323939421,0.110428541290531,0.0824033746489955));
#4487=CARTESIAN_POINT('',(0.0130630461356804,0.110382745227598,0.0824044152788994));
#4488=CARTESIAN_POINT('',(0.0130677411406264,0.110291127184024,0.0824040640509267));
#4489=CARTESIAN_POINT('',(0.013070023961887,0.110245347655572,0.082402743939043));
#4490=CARTESIAN_POINT('',(0.0130735710313782,0.110169915612582,0.0823990574391814));
#4491=CARTESIAN_POINT('',(0.0130748957501599,0.110140654500468,0.0823972694345965));
#4492=CARTESIAN_POINT('',(0.0130769503165849,0.110092737139131,0.0823938483544254));
#4493=CARTESIAN_POINT('',(0.0130777169043545,0.110074219125895,0.0823924086897511));
#4494=CARTESIAN_POINT('',(0.0130791921253428,0.110037021842471,0.0823893087407621));
#4495=CARTESIAN_POINT('',(0.0130799007460194,0.110018342573612,0.0823876484612781));
#4496=CARTESIAN_POINT('',(0.0130816538766228,0.109969591066827,0.0823830813185217));
#4497=CARTESIAN_POINT('',(0.0130826446573108,0.109939407071679,0.0823800241270674));
#4498=CARTESIAN_POINT('',(0.0130849380151484,0.109860574461258,0.0823715878437539));
#4499=CARTESIAN_POINT('',(0.0130860688117531,0.109811710969071,0.0823659161912536));
#4500=CARTESIAN_POINT('',(0.0130876429361965,0.109713754212846,0.0823541081639075));
#4501=CARTESIAN_POINT('',(0.0130880851116116,0.109664663159869,0.0823479723044327));
#4502=CARTESIAN_POINT('',(0.0130881653493779,0.109614220869205,0.0823416623356954));
#4503=CARTESIAN_POINT('',(0.0130881674196686,0.109612701063802,0.0823414722133936));
#4504=CARTESIAN_POINT('',(0.0130881691425671,0.109611181386007,0.0823412821077577));
#4505=CARTESIAN_POINT('',(0.0130410096921957,0.11047755434374,0.0823601511059716));
#4506=CARTESIAN_POINT('',(0.0130447686184075,0.110433445639376,0.0823641300733944));
#4507=CARTESIAN_POINT('',(0.0130485704209441,0.11038843407734,0.0823668573425565));
#4508=CARTESIAN_POINT('',(0.0130559736042936,0.110297909948278,0.0823701371602613));
#4509=CARTESIAN_POINT('',(0.0130595771997703,0.110252453004723,0.0823707523234953));
#4510=CARTESIAN_POINT('',(0.0130651801884844,0.110177193416118,0.0823704253204598));
#4511=CARTESIAN_POINT('',(0.0130672736349376,0.110147914345956,0.0823699809550789));
#4512=CARTESIAN_POINT('',(0.0130705210109551,0.110099836740849,0.0823688188330398));
#4513=CARTESIAN_POINT('',(0.0130717327896543,0.110081225653887,0.0823682661367858));
#4514=CARTESIAN_POINT('',(0.013074064686267,0.110043782536808,0.0823669734503958));
#4515=CARTESIAN_POINT('',(0.0130751847839092,0.110024950506314,0.082366233466009));
#4516=CARTESIAN_POINT('',(0.0130779553768954,0.109975729921598,0.0823640980316517));
#4517=CARTESIAN_POINT('',(0.0130795206213606,0.109945186273569,0.0823625756919206));
#4518=CARTESIAN_POINT('',(0.0130831401438518,0.109865265691113,0.0823582089003772));
#4519=CARTESIAN_POINT('',(0.0130849208422839,0.109815581231857,0.0823551195719209));
#4520=CARTESIAN_POINT('',(0.0130873838310607,0.109715816944514,0.0823485524456151));
#4521=CARTESIAN_POINT('',(0.0130880642445809,0.109665740248364,0.0823450748149182));
#4522=CARTESIAN_POINT('',(0.013088164752918,0.109614282087607,0.0823414976624532));
#4523=CARTESIAN_POINT('',(0.0130881672256208,0.109612731671856,0.0823413898800495));
#4524=CARTESIAN_POINT('',(0.0130881691425671,0.109611181386007,0.0823412821077577));
#4525=CARTESIAN_POINT('',(0.0129964436385696,0.11048478399137,0.0822845171932764));
#4526=CARTESIAN_POINT('',(0.0130036390019004,0.110442580089006,0.0822908174066691));
#4527=CARTESIAN_POINT('',(0.013010950927479,0.110399109703939,0.0822962371814989));
#4528=CARTESIAN_POINT('',(0.0130252530421244,0.110310803223696,0.0823055533223165));
#4529=CARTESIAN_POINT('',(0.0130322456892713,0.110266046212293,0.0823094909015171));
#4530=CARTESIAN_POINT('',(0.0130431579442452,0.11019124496075,0.0823151134120266));
#4531=CARTESIAN_POINT('',(0.0130472449617377,0.110161979426841,0.0823170893779144));
#4532=CARTESIAN_POINT('',(0.0130535967746701,0.110113662040595,0.0823200624799267));
#4533=CARTESIAN_POINT('',(0.0130559699887828,0.110094895942883,0.082321148774419));
#4534=CARTESIAN_POINT('',(0.0130605414132585,0.110057021336979,0.0823232254556849));
#4535=CARTESIAN_POINT('',(0.0130627395811586,0.11003791282097,0.0823242158523406));
#4536=CARTESIAN_POINT('',(0.0130681807583717,0.109987824528897,0.0823266886992026));
#4537=CARTESIAN_POINT('',(0.0130712588313998,0.109956599837785,0.082328110131112));
#4538=CARTESIAN_POINT('',(0.0130783779515695,0.109874584386173,0.0823316265291597));
#4539=CARTESIAN_POINT('',(0.0130818813848003,0.109823289062563,0.0823336157171649));
#4540=CARTESIAN_POINT('',(0.0130867010301411,0.109719941311879,0.0823374430064131));
#4541=CARTESIAN_POINT('',(0.0130880131519602,0.109667894397339,0.0823392798941893));
#4542=CARTESIAN_POINT('',(0.0130881634210987,0.109614404524221,0.0823411683162258));
#4543=CARTESIAN_POINT('',(0.0130881668375254,0.109612792887962,0.0823412252133611));
#4544=CARTESIAN_POINT('',(0.0130881691425671,0.109611181386007,0.0823412821077577));
#4545=CARTESIAN_POINT('',(0.0129691140061634,0.110488108772923,0.0822496502975793));
#4546=CARTESIAN_POINT('',(0.0129783759073115,0.110446809544819,0.0822567542608629));
#4547=CARTESIAN_POINT('',(0.0129878092298092,0.110404095869279,0.0822631788981013));
#4548=CARTESIAN_POINT('',(0.0130063011131839,0.110316913250365,0.0822748987210049));
#4549=CARTESIAN_POINT('',(0.0130153617082205,0.110272533677088,0.0822802228380346));
#4550=CARTESIAN_POINT('',(0.0130295269446025,0.11019801843972,0.0822884346424139));
#4551=CARTESIAN_POINT('',(0.0130348387052612,0.110168784447267,0.0822914870832568));
#4552=CARTESIAN_POINT('',(0.0130431020264798,0.110120387588069,0.0822963361769923));
#4553=CARTESIAN_POINT('',(0.0130461914498173,0.110101559575263,0.082298174407151));
#4554=CARTESIAN_POINT('',(0.0130521456710418,0.110063499351908,0.0823018130505055));
#4555=CARTESIAN_POINT('',(0.0130550104119923,0.110044267127818,0.0823036134767771));
#4556=CARTESIAN_POINT('',(0.0130621046712312,0.109993780240099,0.0823082627797438));
#4557=CARTESIAN_POINT('',(0.0130661210969416,0.109962234172361,0.0823110930888284));
#4558=CARTESIAN_POINT('',(0.0130754136312991,0.109879211846695,0.0823184231133565));
#4559=CARTESIAN_POINT('',(0.0130799898974644,0.109827126628572,0.0823229084870448));
#4560=CARTESIAN_POINT('',(0.0130862773341443,0.109722002948008,0.0823318892842786));
#4561=CARTESIAN_POINT('',(0.0130879829263703,0.109668971457819,0.082336382462975));
#4562=CARTESIAN_POINT('',(0.0130881626857394,0.109614465742433,0.0823410036432405));
#4563=CARTESIAN_POINT('',(0.0130881666434777,0.109612823496016,0.0823411428800169));
#4564=CARTESIAN_POINT('',(0.0130881691425671,0.109611181386007,0.0823412821077577));
#4565=CARTESIAN_POINT('',(0.012906250177056,0.110493948488507,0.0821882261459604));
#4566=CARTESIAN_POINT('',(0.0129200472462428,0.110454319096204,0.0821959747359137));
#4567=CARTESIAN_POINT('',(0.0129341909129796,0.110413072848378,0.0822034744867561));
#4568=CARTESIAN_POINT('',(0.0129620937166991,0.110328169894825,0.0822182987411822));
#4569=CARTESIAN_POINT('',(0.0129758509578881,0.110284618991175,0.082225624000682));
#4570=CARTESIAN_POINT('',(0.0129974768261106,0.11021083406006,0.0822379200368834));
#4571=CARTESIAN_POINT('',(0.0130056152944412,0.110181733129513,0.0822427428521506));
#4572=CARTESIAN_POINT('',(0.0130183141559056,0.110133292634614,0.0822507924177236));
#4573=CARTESIAN_POINT('',(0.0130230714103217,0.11011438553635,0.0822539392142703));
#4574=CARTESIAN_POINT('',(0.0130322556368086,0.110076040948199,0.0822603458110377));
#4575=CARTESIAN_POINT('',(0.0130366825141442,0.110056603426438,0.0822636056356971));
#4576=CARTESIAN_POINT('',(0.013047661357363,0.110005421893435,0.0822722348589831));
#4577=CARTESIAN_POINT('',(0.0130538937048392,0.109973289146381,0.0822776976697902));
#4578=CARTESIAN_POINT('',(0.0130683351572281,0.109888372286867,0.0822922775555716));
#4579=CARTESIAN_POINT('',(0.0130754706159723,0.109834753378863,0.0823016270046485));
#4580=CARTESIAN_POINT('',(0.013085264480171,0.10972612465493,0.0823207847775449));
#4581=CARTESIAN_POINT('',(0.0130879131167938,0.109671125543147,0.0823305876793427));
#4582=CARTESIAN_POINT('',(0.0130881610761205,0.109614588178668,0.0823406742975269));
#4583=CARTESIAN_POINT('',(0.0130881662553822,0.109612884712122,0.0823409782133286));
#4584=CARTESIAN_POINT('',(0.0130881691425671,0.109611181386007,0.0823412821077577));
#4585=CARTESIAN_POINT('',(0.0128707210723658,0.110496462949517,0.0821616738654345));
#4586=CARTESIAN_POINT('',(0.0128869855790348,0.110457598660172,0.0821692624734669));
#4587=CARTESIAN_POINT('',(0.0129037172620301,0.110417063145838,0.0821768317009499));
#4588=CARTESIAN_POINT('',(0.0129368398300451,0.110333316087999,0.0821923554289462));
#4589=CARTESIAN_POINT('',(0.0129532252987004,0.110290216489257,0.0822002947849186));
#4590=CARTESIAN_POINT('',(0.0129790582922826,0.110216875961887,0.0822140851346295));
#4591=CARTESIAN_POINT('',(0.0129887985801687,0.110187876593129,0.0822196016567472));
#4592=CARTESIAN_POINT('',(0.0130040213008393,0.110139471993035,0.082228975455772));
#4593=CARTESIAN_POINT('',(0.0130097301257402,0.110120547744302,0.0822326788039969));
#4594=CARTESIAN_POINT('',(0.0130207614797286,0.110082104443364,0.0822402912605884));
#4595=CARTESIAN_POINT('',(0.0130260838907382,0.110062585346685,0.0822442004015422));
#4596=CARTESIAN_POINT('',(0.0130392941774657,0.110011107795667,0.0822546329795497));
#4597=CARTESIAN_POINT('',(0.0130468040761406,0.10997870975891,0.0822613193739297));
#4598=CARTESIAN_POINT('',(0.0130642210045271,0.109892905261801,0.0822793354257774));
#4599=CARTESIAN_POINT('',(0.0130728428228247,0.10983854256125,0.0822910527576296));
#4600=CARTESIAN_POINT('',(0.0130846753218777,0.109728184726149,0.0823152339917384));
#4601=CARTESIAN_POINT('',(0.0130878735328074,0.109672202567994,0.0823276903269246));
#4602=CARTESIAN_POINT('',(0.0130881602018609,0.10961464939669,0.0823405096247986));
#4603=CARTESIAN_POINT('',(0.0130881660613345,0.109612915320176,0.0823408958799844));
#4604=CARTESIAN_POINT('',(0.0130881691425671,0.109611181386007,0.0823412821077577));
#4605=CARTESIAN_POINT('',(0.0128323224181477,0.110498485131329,0.0821401988437228));
#4606=CARTESIAN_POINT('',(0.0128510703284317,0.110460296673533,0.0821470769926246));
#4607=CARTESIAN_POINT('',(0.0128704545573368,0.110420438027592,0.0821541691657249));
#4608=CARTESIAN_POINT('',(0.0129090223845512,0.110337857669352,0.08216937761592));
#4609=CARTESIAN_POINT('',(0.0129281943709836,0.110295251461821,0.0821774613831426));
#4610=CARTESIAN_POINT('',(0.0129585515295873,0.110222450709488,0.0821920700566184));
#4611=CARTESIAN_POINT('',(0.0129700296797267,0.110193595951248,0.0821980412315774));
#4612=CARTESIAN_POINT('',(0.0129880112907671,0.110145299204096,0.0822083917556339));
#4613=CARTESIAN_POINT('',(0.0129947653901182,0.110126385963796,0.0822125278133369));
#4614=CARTESIAN_POINT('',(0.0130078343396687,0.110087898984259,0.0822211193096409));
#4615=CARTESIAN_POINT('',(0.0130141490428155,0.110068325182622,0.0822255747937345));
#4616=CARTESIAN_POINT('',(0.0130298410096325,0.110016617377589,0.0822375706480605));
#4617=CARTESIAN_POINT('',(0.0130387811328364,0.109983990370142,0.0822453602893752));
#4618=CARTESIAN_POINT('',(0.013059543506847,0.109897375853001,0.0822665662657752));
#4619=CARTESIAN_POINT('',(0.0130698518860939,0.109842299797514,0.0822805665547625));
#4620=CARTESIAN_POINT('',(0.0130840028278066,0.109730243760244,0.0823096852003967));
#4621=CARTESIAN_POINT('',(0.0130878292697268,0.109673279571215,0.0823247930241524));
#4622=CARTESIAN_POINT('',(0.0130881592581507,0.109614710614618,0.0823403449521988));
#4623=CARTESIAN_POINT('',(0.0130881658672868,0.109612945928229,0.0823408135466403));
#4624=CARTESIAN_POINT('',(0.0130881691425671,0.109611181386007,0.0823412821077577));
#4625=EDGE_LOOP('',(#6212,#6213,#6214,#6215));
#4626=AXIS2_PLACEMENT_3D('',#6216,#6217,#6218);
#4627=EDGE_LOOP('',(#6219,#6220,#6221,#6222,#6223));
#4628=AXIS2_PLACEMENT_3D('',#6224,#6225,#6226);
#4629=EDGE_LOOP('',(#6227,#6228,#6229,#6230));
#4630=AXIS2_PLACEMENT_3D('',#6231,#6232,#6233);
#4631=EDGE_LOOP('',(#6234,#6235,#6236,#6237));
#4632=AXIS2_PLACEMENT_3D('',#6238,#6239,#6240);
#4633=EDGE_LOOP('',(#6241,#6242,#6243,#6244));
#4634=AXIS2_PLACEMENT_3D('',#6245,#6246,#6247);
#4635=EDGE_LOOP('',(#6248,#6249,#6250,#6251));
#4636=AXIS2_PLACEMENT_3D('',#6252,#6253,#6254);
#4637=EDGE_LOOP('',(#6255,#6256,#6257,#6258));
#4638=AXIS2_PLACEMENT_3D('',#6259,#6260,#6261);
#4639=EDGE_LOOP('',(#6262,#6263,#6264,#6265,#6266));
#4640=AXIS2_PLACEMENT_3D('',#6267,#6268,#6269);
#4641=EDGE_LOOP('',(#6270,#6271,#6272,#6273,#6274));
#4642=AXIS2_PLACEMENT_3D('',#6275,#6276,#6277);
#4643=EDGE_LOOP('',(#6278,#6279,#6280,#6281));
#4644=AXIS2_PLACEMENT_3D('',#6282,#6283,#6284);
#4645=EDGE_LOOP('',(#6285,#6286,#6287,#6288,#6289));
#4646=AXIS2_PLACEMENT_3D('',#6290,#6291,#6292);
#4647=EDGE_LOOP('',(#6293,#6294,#6295,#6296,#6297));
#4648=AXIS2_PLACEMENT_3D('',#6298,#6299,#6300);
#4649=EDGE_LOOP('',(#6301,#6302,#6303,#6304));
#4650=AXIS2_PLACEMENT_3D('',#6305,#6306,#6307);
#4651=EDGE_LOOP('',(#6308,#6309,#6310,#6311));
#4652=AXIS2_PLACEMENT_3D('',#6312,#6313,#6314);
#4653=EDGE_LOOP('',(#6315,#6316,#6317,#6318));
#4654=AXIS2_PLACEMENT_3D('',#6319,#6320,#6321);
#4655=EDGE_LOOP('',(#6322,#6323,#6324,#6325));
#4656=CARTESIAN_POINT('',(-0.00898903210152053,0.0570292597078329,0.0630114729263884));
#4657=CARTESIAN_POINT('',(-0.00898904221468226,0.0569435866248904,0.0629495468572566));
#4658=CARTESIAN_POINT('',(-0.00898905230865993,0.0568378693240221,0.0629158289201475));
#4659=CARTESIAN_POINT('',(-0.00898906862856551,0.0566264557078478,0.0629176019838094));
#4660=CARTESIAN_POINT('',(-0.00898907481131023,0.0565213188022856,0.0629530882929759));
#4661=CARTESIAN_POINT('',(-0.00898908087663398,0.056352074014123,0.0630797968671451));
#4662=CARTESIAN_POINT('',(-0.00898908074316388,0.0562884139606894,0.0631706838556775));
#4663=CARTESIAN_POINT('',(-0.00898907419459866,0.0562271713264719,0.0633730404736474));
#4664=CARTESIAN_POINT('',(-0.00898906779683132,0.0562297507963966,0.0634839746585574));
#4665=CARTESIAN_POINT('',(-0.00898905948924413,0.0562650417245252,0.0635836203589366));
#4666=CARTESIAN_POINT('',(-0.00726857019702768,0.0570291260920581,0.0630113768112269));
#4667=CARTESIAN_POINT('',(-0.00726858031035824,0.0569434515788988,0.0629494497083083));
#4668=CARTESIAN_POINT('',(-0.00726859040450278,0.0568377321695452,0.062915731715328));
#4669=CARTESIAN_POINT('',(-0.00726860672455429,0.0566263150428294,0.0629175070471038));
#4670=CARTESIAN_POINT('',(-0.00726861290727483,0.0565211767814964,0.0629529956739436));
#4671=CARTESIAN_POINT('',(-0.00726861897229121,0.0563519318512416,0.0630797099474068));
#4672=CARTESIAN_POINT('',(-0.00726861883853769,0.0562882730414796,0.063170600280306));
#4673=CARTESIAN_POINT('',(-0.00726861228925526,0.056227035812733,0.063372962221764));
#4674=CARTESIAN_POINT('',(-0.00726860589105719,0.0562296194408711,0.0634838983362977));
#4675=CARTESIAN_POINT('',(-0.00726859758308705,0.0562649151784639,0.0635835442054648));
#4676=CARTESIAN_POINT('',(-0.00554810829253483,0.0570289924762832,0.0630112806960654));
#4677=CARTESIAN_POINT('',(-0.00554811840603422,0.0569433165329053,0.0629493525593586));
#4678=CARTESIAN_POINT('',(-0.00554812850034563,0.0568375950150463,0.0629156345105353));
#4679=CARTESIAN_POINT('',(-0.00554814482054306,0.056626174377821,0.0629174121105398));
#4680=CARTESIAN_POINT('',(-0.0055481510032394,0.0565210347607738,0.0629529030551378));
#4681=CARTESIAN_POINT('',(-0.0055481570679484,0.0563517896886749,0.0630796230279965));
#4682=CARTESIAN_POINT('',(-0.00554815693391144,0.0562881321227775,0.0631705167052741));
#4683=CARTESIAN_POINT('',(-0.00554815038391179,0.0562269002999234,0.0633728839700182));
#4684=CARTESIAN_POINT('',(-0.00554814398528297,0.0562294880865002,0.0634838220139573));
#4685=CARTESIAN_POINT('',(-0.00554813567692989,0.0562647886336798,0.0635834680515694));
#4686=CARTESIAN_POINT('',(-0.00215931969277619,0.0570287292936964,0.063011091378323));
#4687=CARTESIAN_POINT('',(-0.00215932980660812,0.056943050533228,0.0629491612053718));
#4688=CARTESIAN_POINT('',(-0.00215933990124821,0.0568373248622277,0.0629154430466104));
#4689=CARTESIAN_POINT('',(-0.00215935622173304,0.0566258973104514,0.0629172251145473));
#4690=CARTESIAN_POINT('',(-0.0021593624043817,0.0565207550231799,0.0629527206245775));
#4691=CARTESIAN_POINT('',(-0.0021593684684852,0.0563515096721806,0.0630794518236766));
#4692=CARTESIAN_POINT('',(-0.00215936833388992,0.0562878545566903,0.0631703520883644));
#4693=CARTESIAN_POINT('',(-0.00215936178247751,0.056226633382597,0.0633727298379319));
#4694=CARTESIAN_POINT('',(-0.00215935538300026,0.0562292293604517,0.0634836716817702));
#4695=CARTESIAN_POINT('',(-0.00215934707389293,0.0562645393812659,0.0635833180504917));
#4696=CARTESIAN_POINT('',(-0.000490992997510388,0.0570285997268845,0.0630109981757422));
#4697=CARTESIAN_POINT('',(-0.000491003111506029,0.0569429195795346,0.0629490670003277));
#4698=CARTESIAN_POINT('',(-0.00049101320630794,0.0568371918638853,0.0629153487874693));
#4699=CARTESIAN_POINT('',(-0.000491029526934246,0.0566257609080415,0.0629171330551185));
#4700=CARTESIAN_POINT('',(-0.000491035709559435,0.0565206173062473,0.0629526308128333));
#4701=CARTESIAN_POINT('',(-0.00049104177336481,0.056351371818176,0.06307936753881));
#4702=CARTESIAN_POINT('',(-0.000491041638494658,0.0562877179092253,0.0631702710465517));
#4703=CARTESIAN_POINT('',(-0.000491035086386717,0.0562265019780119,0.0633726539577049));
#4704=CARTESIAN_POINT('',(-0.00049102868649176,0.0562291019887206,0.0634835976720633));
#4705=CARTESIAN_POINT('',(-0.000491020377013122,0.0562644166736081,0.0635832442034707));
#4706=CARTESIAN_POINT('',(0.00222003788229653,0.057028389180815,0.0630108467215483));
#4707=CARTESIAN_POINT('',(0.00222002776803486,0.0569427067797942,0.0629489139171393));
#4708=CARTESIAN_POINT('',(0.00222001767297,0.0568369757415805,0.0629151956164166));
#4709=CARTESIAN_POINT('',(0.0022200013521138,0.0566255392542112,0.0629169834587511));
#4710=CARTESIAN_POINT('',(0.00221999516952678,0.0565203935164177,0.0629524848690602));
#4711=CARTESIAN_POINT('',(0.00221998910620588,0.056351147805985,0.0630792305763112));
#4712=CARTESIAN_POINT('',(0.00221998924152274,0.0562874958579433,0.0631701393539997));
#4713=CARTESIAN_POINT('',(0.00221999579476094,0.0562262884469998,0.0633725306523676));
#4714=CARTESIAN_POINT('',(0.00222000219533467,0.0562288950113992,0.0634834774059679));
#4715=CARTESIAN_POINT('',(0.00222001050541667,0.0562642172755448,0.0635831242012144));
#4716=CARTESIAN_POINT('',(0.00326274206683765,0.0570283082015576,0.0630107884699353));
#4717=CARTESIAN_POINT('',(0.00326273195247366,0.056942624933735,0.0629488550389862));
#4718=CARTESIAN_POINT('',(0.00326272185730766,0.0568368926175978,0.0629151367044797));
#4719=CARTESIAN_POINT('',(0.00326270553636305,0.0566254540027191,0.0629169259217424));
#4720=CARTESIAN_POINT('',(0.00326269935379071,0.056520307443404,0.0629524287369341));
#4721=CARTESIAN_POINT('',(0.00326269329065616,0.0563510616475384,0.0630791778985769));
#4722=CARTESIAN_POINT('',(0.00326269342614483,0.0562874104537674,0.0631700887031828));
#4723=CARTESIAN_POINT('',(0.00326269997981777,0.0562262063200228,0.0633724832273453));
#4724=CARTESIAN_POINT('',(0.00326270638065256,0.0562288154051684,0.0634834311498106));
#4725=CARTESIAN_POINT('',(0.00326271469096662,0.0562641405844737,0.0635830780464082));
#4726=CARTESIAN_POINT('',(0.00495713636671697,0.0570281766102642,0.0630106938110641));
#4727=CARTESIAN_POINT('',(0.00495712625218671,0.0569424919338976,0.0629487593619936));
#4728=CARTESIAN_POINT('',(0.00495711615685637,0.056836757541137,0.0629150409726056));
#4729=CARTESIAN_POINT('',(0.00495709983576809,0.056625315469099,0.0629168324241797));
#4730=CARTESIAN_POINT('',(0.00495709365321962,0.0565201675748546,0.0629523375223404));
#4731=CARTESIAN_POINT('',(0.0049570875903879,0.0563509216403094,0.0630790922973911));
#4732=CARTESIAN_POINT('',(0.00495708772615577,0.0562872716723347,0.0631700063957217));
#4733=CARTESIAN_POINT('',(0.00495709428053515,0.0562260728642527,0.063372406161643));
#4734=CARTESIAN_POINT('',(0.00495710068179417,0.056228686045717,0.0634833559833702));
#4735=CARTESIAN_POINT('',(0.00495710899248533,0.0562640159621966,0.0635830030444578));
#4736=CARTESIAN_POINT('',(0.00560882648205518,0.0570281259982283,0.063010657403806));
#4737=CARTESIAN_POINT('',(0.00560881636746096,0.0569424407801104,0.0629487225631478));
#4738=CARTESIAN_POINT('',(0.00560880627206742,0.0568367055886409,0.0629150041526554));
#4739=CARTESIAN_POINT('',(0.00560878995092388,0.056625262186923,0.0629167964636016));
#4740=CARTESIAN_POINT('',(0.00560878376838458,0.0565201137792492,0.0629523024398448));
#4741=CARTESIAN_POINT('',(0.00560877770566934,0.056350867791401,0.0630790593739259));
#4742=CARTESIAN_POINT('',(0.0056087778415446,0.056287218294917,0.063169974739083));
#4743=CARTESIAN_POINT('',(0.00560878439619569,0.0562260215352395,0.0633723765210483));
#4744=CARTESIAN_POINT('',(0.00560879079761789,0.0562286362922527,0.0634833270732339));
#4745=CARTESIAN_POINT('',(0.00560879910845408,0.0562639680307508,0.063582974197538));
#4746=CARTESIAN_POINT('',(0.00691220671273158,0.0570280247741564,0.0630105845892897));
#4747=CARTESIAN_POINT('',(0.00691219659800946,0.0569423384725432,0.0629486489654613));
#4748=CARTESIAN_POINT('',(0.0069121865024895,0.0568366016836611,0.0629149305127685));
#4749=CARTESIAN_POINT('',(0.00691217018123545,0.0566251556226109,0.0629167245424798));
#4750=CARTESIAN_POINT('',(0.00691216399871452,0.056520006188102,0.0629522322749001));
#4751=CARTESIAN_POINT('',(0.00691215793623224,0.0563507600937197,0.0630789935270412));
#4752=CARTESIAN_POINT('',(0.00691215807232228,0.0562871115402658,0.0631699114258368));
#4753=CARTESIAN_POINT('',(0.0069121646275168,0.0562259188774896,0.0633723172398041));
#4754=CARTESIAN_POINT('',(0.00691217102926533,0.0562285367856433,0.0634832692528337));
#4755=CARTESIAN_POINT('',(0.00691217934039159,0.0562638721681883,0.0635829165034715));
#4756=CARTESIAN_POINT('',(0.00756389682806979,0.0570279741621205,0.0630105481820315));
#4757=CARTESIAN_POINT('',(0.00756388671328372,0.0569422873187561,0.0629486121666154));
#4758=CARTESIAN_POINT('',(0.00756387661770055,0.05683654973116,0.0629148936928264));
#4759=CARTESIAN_POINT('',(0.00756386029639124,0.0566251023404403,0.0629166885819419));
#4760=CARTESIAN_POINT('',(0.0075638541138795,0.0565199523925189,0.0629521971924682));
#4761=CARTESIAN_POINT('',(0.00756384805151369,0.0563507062449048,0.0630789606036668));
#4762=CARTESIAN_POINT('',(0.00756384818771113,0.0562870581629965,0.0631698797692908));
#4763=CARTESIAN_POINT('',(0.00756385474317736,0.0562258675487437,0.0633722875992422));
#4764=CARTESIAN_POINT('',(0.00756386114508907,0.0562284870325094,0.0634832403426667));
#4765=CARTESIAN_POINT('',(0.00756386945636035,0.0562638242371063,0.0635828876564226));
#4766=CARTESIAN_POINT('',(0.00925829112794911,0.0570278425708271,0.0630104535231604));
#4767=CARTESIAN_POINT('',(0.00925828101299678,0.0569421543189186,0.0629485164896229));
#4768=CARTESIAN_POINT('',(0.00925827091724926,0.056836414654673,0.0629147979609943));
#4769=CARTESIAN_POINT('',(0.0092582545957963,0.0566249638068484,0.0629165950845881));
#4770=CARTESIAN_POINT('',(0.00925824841330843,0.0565198125240849,0.0629521059782059));
#4771=CARTESIAN_POINT('',(0.00925824235124549,0.0563505662381618,0.0630788750029531));
#4772=CARTESIAN_POINT('',(0.00925824248772216,0.0562869193823353,0.0631697974623126));
#4773=CARTESIAN_POINT('',(0.00925824904389486,0.0562257340943638,0.063372210533711));
#4774=CARTESIAN_POINT('',(0.00925825544623081,0.0562283576747767,0.0634831651760676));
#4775=CARTESIAN_POINT('',(0.00925826375787917,0.0562636996167214,0.0635828126538015));
#4776=CARTESIAN_POINT('',(0.0103009953124902,0.0570277615915696,0.0630103952715474));
#4777=CARTESIAN_POINT('',(0.0103009851974356,0.0569420724728594,0.0629484576114698));
#4778=CARTESIAN_POINT('',(0.0103009751015869,0.0568363315306614,0.062914739049104));
#4779=CARTESIAN_POINT('',(0.0103009587800456,0.056624878555388,0.0629165375478108));
#4780=CARTESIAN_POINT('',(0.0103009525975724,0.0565197264511997,0.0629520498464469));
#4781=CARTESIAN_POINT('',(0.0103009465356958,0.0563504800802539,0.0630788223257412));
#4782=CARTESIAN_POINT('',(0.0103009466723443,0.0562868339790143,0.0631697468120301));
#4783=CARTESIAN_POINT('',(0.0103009532289518,0.0562256519689268,0.0633721631088773));
#4784=CARTESIAN_POINT('',(0.0103009596315488,0.0562282780704495,0.0634831189197335));
#4785=CARTESIAN_POINT('',(0.0103009679434292,0.0562636229277459,0.0635827664982516));
#4786=CARTESIAN_POINT('',(0.0128769165266325,0.0570275615384862,0.0630102513653772));
#4787=CARTESIAN_POINT('',(0.0128769064113251,0.0569418702784212,0.0629483121574893));
#4788=CARTESIAN_POINT('',(0.0128768963152266,0.0568361261791419,0.0629145935118044));
#4789=CARTESIAN_POINT('',(0.0128768799934669,0.0566246679482326,0.0629163954077043));
#4790=CARTESIAN_POINT('',(0.01287687381103,0.056519513814842,0.0629519111773848));
#4791=CARTESIAN_POINT('',(0.012876867749614,0.0563502672340809,0.0630786921909096));
#4792=CARTESIAN_POINT('',(0.012876867886687,0.0562866229971532,0.0631696216845495));
#4793=CARTESIAN_POINT('',(0.0128768744443685,0.0562254490851563,0.0633720459493854));
#4794=CARTESIAN_POINT('',(0.0128768808476105,0.0562280814150516,0.063483004646713));
#4795=CARTESIAN_POINT('',(0.0128768891600642,0.0562634334745646,0.0635826524738977));
#4796=CARTESIAN_POINT('',(0.0144101335562337,0.0570274424646602,0.0630101657108202));
#4797=CARTESIAN_POINT('',(0.0144101234407759,0.0569417499300312,0.0629482255816541));
#4798=CARTESIAN_POINT('',(0.0144101133445287,0.0568360039515994,0.0629145068863988));
#4799=CARTESIAN_POINT('',(0.0144100970226389,0.0566245425924919,0.062916310804444));
#4800=CARTESIAN_POINT('',(0.0144100908402237,0.0565193872513385,0.0629518286402034));
#4801=CARTESIAN_POINT('',(0.0144100847790817,0.0563501405458896,0.0630786147334952));
#4802=CARTESIAN_POINT('',(0.0144100849164075,0.0562864974187781,0.0631695472075855));
#4803=CARTESIAN_POINT('',(0.0144100914747283,0.0562253283272061,0.0633719762149125));
#4804=CARTESIAN_POINT('',(0.0144100978783542,0.0562279643644899,0.0634829366301323));
#4805=CARTESIAN_POINT('',(0.014410106191149,0.0562633207109542,0.0635825846050545));
#4806=CARTESIAN_POINT('',(0.0159433505858349,0.0570273233908343,0.0630100800562631));
#4807=CARTESIAN_POINT('',(0.0159433404702266,0.0569416295816453,0.0629481390058218));
#4808=CARTESIAN_POINT('',(0.0159433303738307,0.0568358817240531,0.0629144202610186));
#4809=CARTESIAN_POINT('',(0.015943314051811,0.0566244172367865,0.0629162262012914));
#4810=CARTESIAN_POINT('',(0.0159433078694174,0.0565192606879206,0.0629517461031884));
#4811=CARTESIAN_POINT('',(0.0159433018085496,0.0563500138579814,0.0630785372763055));
#4812=CARTESIAN_POINT('',(0.015943301946128,0.0562863718408345,0.0631694727308424));
#4813=CARTESIAN_POINT('',(0.0159433085050882,0.0562252075700012,0.0633719064804793));
#4814=CARTESIAN_POINT('',(0.015943314909098,0.0562278473148362,0.0634828686134101));
#4815=CARTESIAN_POINT('',(0.015943323222234,0.0562632079483305,0.0635825167357968));
#4816=EDGE_LOOP('',(#6326,#6327,#6328,#6329));
#4817=CARTESIAN_POINT('',(0.00856073353531708,0.055792537464894,0.0637500496735266));
#4818=CARTESIAN_POINT('',(0.00856074022454435,0.0557732410019717,0.0636956377304137));
#4819=CARTESIAN_POINT('',(0.0085607472447985,0.0557585289087088,0.0636390838625875));
#4820=CARTESIAN_POINT('',(0.00856076715279194,0.055731816402869,0.0634802008978686));
#4821=CARTESIAN_POINT('',(0.00856078028267735,0.0557305275902657,0.0633770365552694));
#4822=CARTESIAN_POINT('',(0.00856080160659902,0.0557539135225401,0.0632120231213156));
#4823=CARTESIAN_POINT('',(0.00856080981670259,0.0557691145373449,0.0631491060302361));
#4824=CARTESIAN_POINT('',(0.00856082579506247,0.0558111022665584,0.0630278911169065));
#4825=CARTESIAN_POINT('',(0.0085608335241404,0.0558376664874789,0.0629698786242118));
#4826=CARTESIAN_POINT('',(0.00856085033763141,0.0559099590578469,0.0628451230714058));
#4827=CARTESIAN_POINT('',(0.00856085922267037,0.0559588352942158,0.0627802575652312));
#4828=CARTESIAN_POINT('',(0.0085608727214083,0.0560518245636248,0.0626835721328427));
#4829=CARTESIAN_POINT('',(0.00856087778965792,0.0560922653075381,0.0626478200279909));
#4830=CARTESIAN_POINT('',(0.00856088718315303,0.0561791877660646,0.0625827471258316));
#4831=CARTESIAN_POINT('',(0.00856089147829332,0.0562254898276869,0.0625536447159749));
#4832=CARTESIAN_POINT('',(0.008560901373346,0.0563508605965486,0.0624884585312387));
#4833=CARTESIAN_POINT('',(0.00856090619294576,0.0564323871842888,0.0624587425968785));
#4834=CARTESIAN_POINT('',(0.00856091387693004,0.0566193522922409,0.0624170316046824));
#4835=CARTESIAN_POINT('',(0.00856091604938793,0.0567246383263148,0.0624104512501155));
#4836=CARTESIAN_POINT('',(0.00856091620353197,0.0569375293060099,0.0624304079942701));
#4837=CARTESIAN_POINT('',(0.00856091391140828,0.0570461589565937,0.0624591956836748));
#4838=CARTESIAN_POINT('',(0.00856090670946467,0.0572071949985986,0.0625317234020432));
#4839=CARTESIAN_POINT('',(0.00856090310870236,0.0572661637685969,0.0625658431135488));
#4840=CARTESIAN_POINT('',(0.00856089876581186,0.0573208332178155,0.0626053591899544));
#4841=CARTESIAN_POINT('',(0.00856073710449993,0.0558542231464547,0.0637281736776497));
#4842=CARTESIAN_POINT('',(0.0085607433558928,0.0558361891931252,0.0636773231441362));
#4843=CARTESIAN_POINT('',(0.00856074991665621,0.055822439531996,0.0636244707983396));
#4844=CARTESIAN_POINT('',(0.0085607685216593,0.0557974740500163,0.0634759866890316));
#4845=CARTESIAN_POINT('',(0.00856078079221956,0.0557962687675948,0.0633795741679982));
#4846=CARTESIAN_POINT('',(0.00856080072058027,0.0558181229968975,0.0632253600505296));
#4847=CARTESIAN_POINT('',(0.00856080839337851,0.0558323287429198,0.0631665604864722));
#4848=CARTESIAN_POINT('',(0.00856082332606218,0.0558715678268052,0.0630532781915653));
#4849=CARTESIAN_POINT('',(0.00856083054933298,0.0558963932334005,0.0629990621191326));
#4850=CARTESIAN_POINT('',(0.00856084626252743,0.0559639540573334,0.0628824706485439));
#4851=CARTESIAN_POINT('',(0.00856085456612795,0.0560096313927617,0.0628218499090278));
#4852=CARTESIAN_POINT('',(0.00856086718151189,0.0560965348517576,0.0627314914855501));
#4853=CARTESIAN_POINT('',(0.00856087191809819,0.0561343289527007,0.0626980789554236));
#4854=CARTESIAN_POINT('',(0.00856088069688785,0.056215562865271,0.062637264351943));
#4855=CARTESIAN_POINT('',(0.00856088471095606,0.0562588347816691,0.0626100663751711));
#4856=CARTESIAN_POINT('',(0.00856089395847543,0.0563760009858542,0.062549145952699));
#4857=CARTESIAN_POINT('',(0.00856089846267389,0.0564521923459109,0.062521374668926));
#4858=CARTESIAN_POINT('',(0.00856090564378153,0.0566269221607196,0.0624823935025683));
#4859=CARTESIAN_POINT('',(0.00856090767403918,0.0567253181047813,0.0624762440208554));
#4860=CARTESIAN_POINT('',(0.00856090781800231,0.0569242768992934,0.0624948954716083));
#4861=CARTESIAN_POINT('',(0.00856090567581432,0.0570257973739685,0.0625217997273307));
#4862=CARTESIAN_POINT('',(0.00856089894507449,0.057176294167519,0.0625895818447559));
#4863=CARTESIAN_POINT('',(0.00856089557991256,0.0572314035414657,0.0626214689776617));
#4864=CARTESIAN_POINT('',(0.00856089152119378,0.0572824948718055,0.0626583992794446));
#4865=CARTESIAN_POINT('',(0.00854772701055877,0.0559158847222102,0.0637063046307145));
#4866=CARTESIAN_POINT('',(0.00854773301261418,0.0558991127824188,0.0636590141053168));
#4867=CARTESIAN_POINT('',(0.00854773930397781,0.0558863251754852,0.0636098618250574));
#4868=CARTESIAN_POINT('',(0.00854775712409513,0.0558631060320267,0.0634717724797361));
#4869=CARTESIAN_POINT('',(0.00854776885423645,0.0558619842482067,0.063382109124177));
#4870=CARTESIAN_POINT('',(0.00854778786939278,0.0558823073789114,0.0632386900754193));
#4871=CARTESIAN_POINT('',(0.00854779518195035,0.0558955182483164,0.0631840064189419));
#4872=CARTESIAN_POINT('',(0.0085478093962426,0.0559320097692139,0.0630786536227307));
#4873=CARTESIAN_POINT('',(0.0085478162632908,0.0559550970459293,0.0630282324776156));
#4874=CARTESIAN_POINT('',(0.00854783118133999,0.0560179279854903,0.0629198018788672));
#4875=CARTESIAN_POINT('',(0.0085478390498598,0.0560604076785423,0.0628634242369454));
#4876=CARTESIAN_POINT('',(0.00854785097809944,0.0561412277211226,0.0627793903346224));
#4877=CARTESIAN_POINT('',(0.00854785544897744,0.0561763762201259,0.0627483164593263));
#4878=CARTESIAN_POINT('',(0.00854786371859698,0.0562519238241301,0.0626917584801964));
#4879=CARTESIAN_POINT('',(0.00854786749069712,0.0562921667870382,0.0626664641876954));
#4880=CARTESIAN_POINT('',(0.00854787615467002,0.056401131653229,0.0626098078501404));
#4881=CARTESIAN_POINT('',(0.00854788034607551,0.0564719898837281,0.0625839804522141));
#4882=CARTESIAN_POINT('',(0.00854788694893313,0.0566344892170384,0.0625477280378541));
#4883=CARTESIAN_POINT('',(0.00854788874251198,0.0567259977806894,0.0625420092591558));
#4884=CARTESIAN_POINT('',(0.00854788858289243,0.0569110298693954,0.0625593559286796));
#4885=CARTESIAN_POINT('',(0.00854788638367411,0.0570054439643526,0.0625843774906215));
#4886=CARTESIAN_POINT('',(0.00854787972545113,0.0571454056553579,0.0626474158721639));
#4887=CARTESIAN_POINT('',(0.00854787642662598,0.0571966571516044,0.0626770713040086));
#4888=CARTESIAN_POINT('',(0.00854787247089103,0.0572441717709234,0.062711416847681));
#4889=CARTESIAN_POINT('',(0.00849764046120777,0.0560298656340397,0.063665876677706));
#4890=CARTESIAN_POINT('',(0.0084976463517647,0.0560154266403019,0.063625166732266));
#4891=CARTESIAN_POINT('',(0.00849765249748478,0.0560044175179433,0.0635828539488847));
#4892=CARTESIAN_POINT('',(0.00849766982702886,0.0559844268459885,0.0634639791861474));
#4893=CARTESIAN_POINT('',(0.00849768114923958,0.0559834596529564,0.0633867916509842));
#4894=CARTESIAN_POINT('',(0.00849769937021754,0.0560009528953397,0.0632633273739716));
#4895=CARTESIAN_POINT('',(0.00849770634497728,0.0560123248574148,0.0632162520317219));
#4896=CARTESIAN_POINT('',(0.00849771983775065,0.0560437377107165,0.0631255570674105));
#4897=CARTESIAN_POINT('',(0.00849772632346472,0.0560636121346241,0.0630821509391084));
#4898=CARTESIAN_POINT('',(0.00849774033700391,0.05611770000952,0.0629888059428809));
#4899=CARTESIAN_POINT('',(0.00849774767237331,0.0561542688919432,0.0629402718086749));
#4900=CARTESIAN_POINT('',(0.00849775869378304,0.0562238437260485,0.062867929006393));
#4901=CARTESIAN_POINT('',(0.00849776279561307,0.0562541018071352,0.062841178220257));
#4902=CARTESIAN_POINT('',(0.00849777031936351,0.0563191381937886,0.062792488765372));
#4903=CARTESIAN_POINT('',(0.00849777371652157,0.0563537820829237,0.062770713501106));
#4904=CARTESIAN_POINT('',(0.00849778142003222,0.0564475866099498,0.0627219394638887));
#4905=CARTESIAN_POINT('',(0.00849778503784123,0.0565085864222595,0.0626997053876832));
#4906=CARTESIAN_POINT('',(0.00849779043159061,0.0566484774175441,0.0626684970794932));
#4907=CARTESIAN_POINT('',(0.00849779161228331,0.0567272544950111,0.0626635743929938));
#4908=CARTESIAN_POINT('',(0.00849779034716034,0.0568865428124042,0.0626785089325175));
#4909=CARTESIAN_POINT('',(0.00849778765866835,0.0569678206773859,0.0627000501475005));
#4910=CARTESIAN_POINT('',(0.00849778039519614,0.0570883082155171,0.0627543194029142));
#4911=CARTESIAN_POINT('',(0.00849777690515051,0.0571324284474116,0.0627798494016778));
#4912=CARTESIAN_POINT('',(0.00849777280385021,0.0571733315687025,0.0628094168925446));
#4913=CARTESIAN_POINT('',(0.00846058371271679,0.056082140123491,0.0636473336783061));
#4914=CARTESIAN_POINT('',(0.00846058974059519,0.0560687711456315,0.0636096417150777));
#4915=CARTESIAN_POINT('',(0.00846059600956272,0.0560585777552622,0.063570465671755));
#4916=CARTESIAN_POINT('',(0.00846061363206951,0.0560400679498067,0.0634604031675259));
#4917=CARTESIAN_POINT('',(0.00846062508597951,0.0560391717905183,0.0633889373793601));
#4918=CARTESIAN_POINT('',(0.0084606434248598,0.056055367359797,0.0632746249563113));
#4919=CARTESIAN_POINT('',(0.00846065042166813,0.0560658960157474,0.0632310390282832));
#4920=CARTESIAN_POINT('',(0.00846066391062359,0.056094979764287,0.0631470666324909));
#4921=CARTESIAN_POINT('',(0.00846067037093085,0.0561133807299377,0.0631068778349895));
#4922=CARTESIAN_POINT('',(0.00846068427455283,0.0561634588651674,0.0630204516372318));
#4923=CARTESIAN_POINT('',(0.00846069151162668,0.0561973169048699,0.062975514829005));
#4924=CARTESIAN_POINT('',(0.00846070231312364,0.0562617343704891,0.0629085340086668));
#4925=CARTESIAN_POINT('',(0.00846070631156296,0.0562897495591973,0.0628837659570539));
#4926=CARTESIAN_POINT('',(0.00846071359859394,0.0563499651712874,0.0628386853081996));
#4927=CARTESIAN_POINT('',(0.0084607168628092,0.0563820411422155,0.0628185240042231));
#4928=CARTESIAN_POINT('',(0.00846072418959183,0.0564688926303145,0.062773365083));
#4929=CARTESIAN_POINT('',(0.0084607275468155,0.0565253710309034,0.0627527790295822));
#4930=CARTESIAN_POINT('',(0.00846073231040742,0.0566548930606019,0.0627238840913653));
#4931=CARTESIAN_POINT('',(0.00846073311541558,0.0567278310390865,0.0627193264802727));
#4932=CARTESIAN_POINT('',(0.00846073104968123,0.0568753124157113,0.0627331546175691));
#4933=CARTESIAN_POINT('',(0.00846072792975511,0.0569505655971905,0.0627530995466675));
#4934=CARTESIAN_POINT('',(0.00846071998994286,0.0570621217456881,0.0628033468582686));
#4935=CARTESIAN_POINT('',(0.00846071624291947,0.0571029713964863,0.0628269847465971));
#4936=CARTESIAN_POINT('',(0.0084607118936671,0.0571408423321465,0.0628543608211458));
#4937=CARTESIAN_POINT('',(0.00836802869884382,0.0561693780232333,0.0636163845534822));
#4938=CARTESIAN_POINT('',(0.00836803528876719,0.0561577949932692,0.0635837290104608));
#4939=CARTESIAN_POINT('',(0.00836804209909378,0.0561489632117979,0.0635497876208977));
#4940=CARTESIAN_POINT('',(0.00836806112538153,0.0561329255210937,0.0634544313304818));
#4941=CARTESIAN_POINT('',(0.00836807336215808,0.0561321484046575,0.0633925143585831));
#4942=CARTESIAN_POINT('',(0.00836809274939925,0.0561461790373985,0.0632934753500704));
#4943=CARTESIAN_POINT('',(0.00836810009559021,0.0561553005757337,0.0632557129143995));
#4944=CARTESIAN_POINT('',(0.00836811415591397,0.0561804977689499,0.0631829599115893));
#4945=CARTESIAN_POINT('',(0.0083681208378525,0.0561964398909203,0.0631481406056956));
#4946=CARTESIAN_POINT('',(0.00836813509660603,0.0562398265579272,0.0630732614406167));
#4947=CARTESIAN_POINT('',(0.00836814242790536,0.0562691606226608,0.0630343283840153));
#4948=CARTESIAN_POINT('',(0.00836815320855543,0.0563249710937799,0.0629762964582139));
#4949=CARTESIAN_POINT('',(0.00836815715078227,0.0563492431446828,0.0629548375037048));
#4950=CARTESIAN_POINT('',(0.00836816422884205,0.0564014133651568,0.0629157797903066));
#4951=CARTESIAN_POINT('',(0.00836816734010228,0.0564292037108147,0.0628983121115028));
#4952=CARTESIAN_POINT('',(0.00836817415079321,0.0565044511560152,0.0628591866261292));
#4953=CARTESIAN_POINT('',(0.00836817707750981,0.0565533836555263,0.0628413510046955));
#4954=CARTESIAN_POINT('',(0.00836818065585666,0.056665600652212,0.062816316792273));
#4955=CARTESIAN_POINT('',(0.00836818066680195,0.0567287936114529,0.0628123683167697));
#4956=CARTESIAN_POINT('',(0.00836817674636815,0.0568565702403848,0.0628243495214178));
#4957=CARTESIAN_POINT('',(0.00836817254074384,0.0569217688424276,0.0628416300776011));
#4958=CARTESIAN_POINT('',(0.00836816276790079,0.057018419647792,0.0628851646219563));
#4959=CARTESIAN_POINT('',(0.0083681582930262,0.0570538111763173,0.0629056445550261));
#4960=CARTESIAN_POINT('',(0.00836815320994545,0.0570866219008938,0.0629293631850023));
#4961=CARTESIAN_POINT('',(0.00831256684990839,0.0562043071091351,0.0636039906052174));
#4962=CARTESIAN_POINT('',(0.00831257386329676,0.0561934393094716,0.0635733515182283));
#4963=CARTESIAN_POINT('',(0.00831258109047591,0.056185152870221,0.0635415059825756));
#4964=CARTESIAN_POINT('',(0.00831260122417875,0.056170105457992,0.0634520378612193));
#4965=CARTESIAN_POINT('',(0.00831261411006001,0.0561693763056494,0.0633939442021344));
#4966=CARTESIAN_POINT('',(0.00831263442469381,0.0561825405292005,0.0633010207465025));
#4967=CARTESIAN_POINT('',(0.00831264209710739,0.0561910988104945,0.0632655900985294));
#4968=CARTESIAN_POINT('',(0.00831265673059245,0.0562147400835728,0.0631973295077788));
#4969=CARTESIAN_POINT('',(0.00831266365865921,0.0562296977879914,0.0631646602511093));
#4970=CARTESIAN_POINT('',(0.00831267838064376,0.0562704053597115,0.0630944047795236));
#4971=CARTESIAN_POINT('',(0.00831268590362235,0.0562979280720964,0.0630578757878357));
#4972=CARTESIAN_POINT('',(0.00831269688226793,0.0563502923029697,0.0630034272559204));
#4973=CARTESIAN_POINT('',(0.00831270087133262,0.0563730655807727,0.0629832933628794));
#4974=CARTESIAN_POINT('',(0.00831270797664302,0.0564220143485685,0.0629466474107191));
#4975=CARTESIAN_POINT('',(0.00831271106773646,0.0564480886726693,0.0629302583376706));
#4976=CARTESIAN_POINT('',(0.0083127177389157,0.0565186896775249,0.0628935487997242));
#4977=CARTESIAN_POINT('',(0.0083127204958662,0.0565646006551721,0.0628768145058698));
#4978=CARTESIAN_POINT('',(0.00831272352000771,0.0566698883897977,0.0628533261305758));
#4979=CARTESIAN_POINT('',(0.00831272311340752,0.0567291792611088,0.0628496214751657));
#4980=CARTESIAN_POINT('',(0.00831271814123085,0.0568490658327738,0.0628608628741481));
#4981=CARTESIAN_POINT('',(0.00831271328290895,0.0569102384935599,0.0628770763900305));
#4982=CARTESIAN_POINT('',(0.00831270235629084,0.0570009212088527,0.0629179227491977));
#4983=CARTESIAN_POINT('',(0.00831269741176082,0.0570341273435155,0.0629371380787423));
#4984=CARTESIAN_POINT('',(0.00831269184408976,0.0570649120336423,0.0629593921183009));
#4985=CARTESIAN_POINT('',(0.00819163403353184,0.0562515208172081,0.0635872320323348));
#4986=CARTESIAN_POINT('',(0.00819164199810541,0.0562416202603154,0.0635593183899831));
#4987=CARTESIAN_POINT('',(0.0081916501707217,0.0562340714623346,0.0635303057022852));
#4988=CARTESIAN_POINT('',(0.00819167284238015,0.0562203640059406,0.0634487965423859));
#4989=CARTESIAN_POINT('',(0.00819168724640984,0.0562197005748722,0.0633958710888677));
#4990=CARTESIAN_POINT('',(0.00819170978367485,0.0562316948720221,0.0633112147861902));
#4991=CARTESIAN_POINT('',(0.00819171825275111,0.0562394922013262,0.0632789363991914));
#4992=CARTESIAN_POINT('',(0.00819173431841543,0.0562610309600155,0.0632167490851715));
#4993=CARTESIAN_POINT('',(0.00819174187962699,0.0562746582473552,0.0631869865460707));
#4994=CARTESIAN_POINT('',(0.00819175784061764,0.0563117447514018,0.0631229820948213));
#4995=CARTESIAN_POINT('',(0.00819176591657808,0.0563368190411162,0.0630897033669886));
#4996=CARTESIAN_POINT('',(0.00819177755674835,0.0563845246910278,0.063040099577123));
#4997=CARTESIAN_POINT('',(0.00819178174149668,0.0564052718859668,0.0630217571770017));
#4998=CARTESIAN_POINT('',(0.00819178909537475,0.0564498657066236,0.0629883719371449));
#4999=CARTESIAN_POINT('',(0.00819179223761253,0.0564736201665372,0.0629734411401575));
#5000=CARTESIAN_POINT('',(0.00819179884833512,0.0565379396385127,0.0629399979196973));
#5001=CARTESIAN_POINT('',(0.00819180138076948,0.0565797657402944,0.0629247525472004));
#5002=CARTESIAN_POINT('',(0.00819180350371527,0.0566756856247671,0.0629033538215533));
#5003=CARTESIAN_POINT('',(0.00819180234254414,0.0567297011670111,0.0628999785291669));
#5004=CARTESIAN_POINT('',(0.00819179535855239,0.0568389212475611,0.0629102190008549));
#5005=CARTESIAN_POINT('',(0.00819178920181914,0.0568946514353078,0.0629249894401335));
#5006=CARTESIAN_POINT('',(0.00819177591415862,0.0569772665928535,0.0629622007849282));
#5007=CARTESIAN_POINT('',(0.00819176999455812,0.0570075186540826,0.0629797061728238));
#5008=CARTESIAN_POINT('',(0.00819176340769172,0.0570355647963716,0.0629999799565837));
#5009=CARTESIAN_POINT('',(0.00812621064799105,0.0562637868628009,0.0635828740014998));
#5010=CARTESIAN_POINT('',(0.00812621913855514,0.0562541379383387,0.0635556682752195));
#5011=CARTESIAN_POINT('',(0.00812622783801726,0.0562467811497434,0.0635273914668648));
#5012=CARTESIAN_POINT('',(0.00812625193549279,0.0562334228450605,0.0634479499678629));
#5013=CARTESIAN_POINT('',(0.00812626720567646,0.0562327771463014,0.0633963673739516));
#5014=CARTESIAN_POINT('',(0.00812629103383868,0.0562444683878732,0.0633138594195204));
#5015=CARTESIAN_POINT('',(0.00812629997176905,0.0562520683220682,0.0632824002659821));
#5016=CARTESIAN_POINT('',(0.00812631689353595,0.0562730613144219,0.0632217914281129));
#5017=CARTESIAN_POINT('',(0.00812632484044016,0.0562863431259253,0.0631927844142735));
#5018=CARTESIAN_POINT('',(0.00812634157452609,0.0563224890825713,0.063130404831737));
#5019=CARTESIAN_POINT('',(0.00812635001052022,0.0563469272652643,0.0630979710248109));
#5020=CARTESIAN_POINT('',(0.00812636211255033,0.0563934224070249,0.0630496266781553));
#5021=CARTESIAN_POINT('',(0.00812636644559387,0.0564136430891397,0.0630317500050837));
#5022=CARTESIAN_POINT('',(0.00812637401993368,0.0564571051282025,0.062999212434197));
#5023=CARTESIAN_POINT('',(0.00812637723318194,0.0564802566578721,0.0629846607341242));
#5024=CARTESIAN_POINT('',(0.00812638392252481,0.0565429435077075,0.062952066599363));
#5025=CARTESIAN_POINT('',(0.00812638640027956,0.0565837078619019,0.0629372082351206));
#5026=CARTESIAN_POINT('',(0.00812638817713307,0.0566771928422765,0.0629163524999871));
#5027=CARTESIAN_POINT('',(0.00812638667991338,0.056729837217962,0.0629130626207132));
#5028=CARTESIAN_POINT('',(0.00812637873875168,0.056836285059676,0.0629230423635478));
#5029=CARTESIAN_POINT('',(0.00812637193830405,0.056890600856279,0.0629374373334534));
#5030=CARTESIAN_POINT('',(0.00812635744717224,0.0569711197197455,0.0629737032776938));
#5031=CARTESIAN_POINT('',(0.00812635102375754,0.0570006042635839,0.0629907639995933));
#5032=CARTESIAN_POINT('',(0.00812634390399001,0.0570279389700007,0.0630105228964625));
#5033=CARTESIAN_POINT('',(0.00806076080117904,0.0562637876914291,0.0635828656614467));
#5034=CARTESIAN_POINT('',(0.00806076975960051,0.056254139459532,0.0635556596895766));
#5035=CARTESIAN_POINT('',(0.00806077893086181,0.0562467834124609,0.0635273827553472));
#5036=CARTESIAN_POINT('',(0.00806080431420853,0.0562334271583427,0.0634479412721259));
#5037=CARTESIAN_POINT('',(0.00806082037582491,0.0562327827513036,0.0633963591002957));
#5038=CARTESIAN_POINT('',(0.00806084540095115,0.0562444757163253,0.0633138523825164));
#5039=CARTESIAN_POINT('',(0.00806085477823861,0.0562520762233182,0.0632823938366821));
#5040=CARTESIAN_POINT('',(0.00806087251204791,0.0562730700871681,0.0632217863794729));
#5041=CARTESIAN_POINT('',(0.00806088083006099,0.0562863521972825,0.0631927801328768));
#5042=CARTESIAN_POINT('',(0.00806089832112353,0.056322498481761,0.0631304023559663));
#5043=CARTESIAN_POINT('',(0.00806090712011649,0.0563469365996071,0.0630979696026356));
#5044=CARTESIAN_POINT('',(0.00806091970866352,0.0563934312338581,0.0630496268861152));
#5045=CARTESIAN_POINT('',(0.00806092420520562,0.0564136516056624,0.0630317508335796));
#5046=CARTESIAN_POINT('',(0.00806093204106111,0.0564571128346818,0.0629992143823246));
#5047=CARTESIAN_POINT('',(0.00806093535114528,0.0564802638654027,0.0629846631773313));
#5048=CARTESIAN_POINT('',(0.00806094219872222,0.056542949249686,0.062952070084857));
#5049=CARTESIAN_POINT('',(0.00806094468258693,0.0565837125435504,0.0629372121176728));
#5050=CARTESIAN_POINT('',(0.00806094627157169,0.0566771950977014,0.0629163566217006));
#5051=CARTESIAN_POINT('',(0.00806094453943773,0.0567298381149572,0.0629130664445746));
#5052=CARTESIAN_POINT('',(0.00806093586928332,0.0568362836054841,0.0629230448171406));
#5053=CARTESIAN_POINT('',(0.00806092855479671,0.0568905984312551,0.0629374386621875));
#5054=CARTESIAN_POINT('',(0.00806091307369026,0.0569711164531801,0.0629737025220354));
#5055=CARTESIAN_POINT('',(0.00806090623002578,0.057000600838571,0.06299076237807));
#5056=CARTESIAN_POINT('',(0.0080608986604452,0.0570279355635995,0.0630105204165743));
#5057=EDGE_LOOP('',(#6330,#6331,#6332,#6333,#6334,#6335,#6336,#6337));
#5058=EDGE_LOOP('',(#6338,#6339));
#5059=AXIS2_PLACEMENT_3D('',#6340,#6341,#6342);
#5060=EDGE_LOOP('',(#6343,#6344,#6345,#6346,#6347));
#5061=AXIS2_PLACEMENT_3D('',#6348,#6349,#6350);
#5062=EDGE_LOOP('',(#6351,#6352,#6353,#6354));
#5063=AXIS2_PLACEMENT_3D('',#6355,#6356,#6357);
#5064=EDGE_LOOP('',(#6358,#6359,#6360,#6361));
#5065=AXIS2_PLACEMENT_3D('',#6362,#6363,#6364);
#5066=EDGE_LOOP('',(#6365,#6366,#6367,#6368,#6369,#6370,#6371));
#5067=AXIS2_PLACEMENT_3D('',#6372,#6373,#6374);
#5068=EDGE_LOOP('',(#6375,#6376,#6377,#6378));
#5069=AXIS2_PLACEMENT_3D('',#6379,#6380,#6381);
#5070=EDGE_LOOP('',(#6382,#6383,#6384,#6385));
#5071=AXIS2_PLACEMENT_3D('',#6386,#6387,#6388);
#5072=FILL_AREA_STYLE_COLOUR('',#6389);
#5073=ORIENTED_EDGE('',*,*,#6390,.F.);
#5074=ORIENTED_EDGE('',*,*,#6391,.F.);
#5075=ORIENTED_EDGE('',*,*,#6392,.F.);
#5076=ORIENTED_EDGE('',*,*,#6393,.F.);
#5077=CARTESIAN_POINT('',(0.0205603571585864,0.0492892202261737,0.0660578387542867));
#5078=DIRECTION('',(-0.999999991800561,1.26695289235179E-05,-0.000127429823403553));
#5079=DIRECTION('',(3.74962974941227E-06,0.997564060204477,0.0697563314280423));
#5080=ORIENTED_EDGE('',*,*,#6394,.F.);
#5081=ORIENTED_EDGE('',*,*,#6395,.T.);
#5082=ORIENTED_EDGE('',*,*,#6396,.T.);
#5083=ORIENTED_EDGE('',*,*,#6397,.T.);
#5084=CARTESIAN_POINT('',(0.00658491472340985,0.0942930655808771,0.0874786714461947));
#5085=DIRECTION('',(-0.99999967637279,0.000652152317564536,0.000471117469149322));
#5086=DIRECTION('',(0.000462440328175595,-0.0132422006345231,0.99991221128222));
#5087=ORIENTED_EDGE('',*,*,#6398,.F.);
#5088=ORIENTED_EDGE('',*,*,#6399,.F.);
#5089=ORIENTED_EDGE('',*,*,#6400,.T.);
#5090=ORIENTED_EDGE('',*,*,#6401,.T.);
#5091=CARTESIAN_POINT('',(-0.00744053660700106,0.0522784864879291,0.07336702718698));
#5092=DIRECTION('',(-0.999999991800561,1.26695289235183E-05,-0.000127429823403553));
#5093=DIRECTION('',(-1.62571137839177E-05,-0.999602500042693,0.0281929360674782));
#5094=ORIENTED_EDGE('',*,*,#6402,.F.);
#5095=ORIENTED_EDGE('',*,*,#6403,.T.);
#5096=ORIENTED_EDGE('',*,*,#6404,.T.);
#5097=ORIENTED_EDGE('',*,*,#6405,.T.);
#5098=CARTESIAN_POINT('',(0.0120901397171055,0.111076580658502,0.0844898961350062));
#5099=DIRECTION('',(0.000756897205694309,0.564140132629499,0.825678713461472));
#5100=DIRECTION('',(0.705570197079265,0.584807716678744,-0.400213232548002));
#5101=ORIENTED_EDGE('',*,*,#6406,.F.);
#5102=ORIENTED_EDGE('',*,*,#6407,.F.);
#5103=ORIENTED_EDGE('',*,*,#6408,.T.);
#5104=ORIENTED_EDGE('',*,*,#6409,.T.);
#5105=CARTESIAN_POINT('',(0.00109016877694509,0.111061564862736,0.0845102392297334));
#5106=DIRECTION('',(-0.000756897205694361,-0.564140132629499,-0.825678713461472));
#5107=DIRECTION('',(-0.708639629219354,0.582877212858564,-0.397597825233097));
#5108=ORIENTED_EDGE('',*,*,#6410,.F.);
#5109=ORIENTED_EDGE('',*,*,#6411,.T.);
#5110=ORIENTED_EDGE('',*,*,#6412,.F.);
#5111=ORIENTED_EDGE('',*,*,#6413,.F.);
#5112=CARTESIAN_POINT('',(0.0171038001306556,0.105881635048833,0.0880347162108612));
#5113=DIRECTION('',(0.000756897205694237,0.564140132629499,0.825678713461472));
#5114=DIRECTION('',(0.999997358196405,0.00136507234235286,-0.00184937224793253));
#5115=ORIENTED_EDGE('',*,*,#6414,.F.);
#5116=ORIENTED_EDGE('',*,*,#6415,.T.);
#5117=ORIENTED_EDGE('',*,*,#6416,.F.);
#5118=ORIENTED_EDGE('',*,*,#6417,.F.);
#5119=CARTESIAN_POINT('',(-0.00389614439146888,0.105852968529644,0.0880735530280677));
#5120=DIRECTION('',(0.000756897205694237,0.564140132629499,0.825678713461472));
#5121=DIRECTION('',(0.999997358196405,0.00136507234235286,-0.00184937224793253));
#5122=ORIENTED_EDGE('',*,*,#6418,.F.);
#5123=ORIENTED_EDGE('',*,*,#6419,.T.);
#5124=ORIENTED_EDGE('',*,*,#6420,.T.);
#5125=ORIENTED_EDGE('',*,*,#6421,.F.);
#5126=CARTESIAN_POINT('',(0.0140856467929988,0.112786515895653,0.0833197636495096));
#5127=DIRECTION('',(-0.000756897205694203,-0.564140132629499,-0.825678713461472));
#5128=DIRECTION('',(0.708639629219347,-0.58287721285857,0.397597825233101));
#5129=ORIENTED_EDGE('',*,*,#6422,.F.);
#5130=ORIENTED_EDGE('',*,*,#6423,.T.);
#5131=ORIENTED_EDGE('',*,*,#6424,.F.);
#5132=ORIENTED_EDGE('',*,*,#6425,.F.);
#5133=CARTESIAN_POINT('',(0.0140889024174198,0.111547998997706,0.0841659700631036));
#5134=DIRECTION('',(-0.000756897205694256,-0.564140132629499,-0.825678713461472));
#5135=DIRECTION('',(-0.708639629219354,0.582877212858564,-0.397597825233097));
#5136=ORIENTED_EDGE('',*,*,#6426,.F.);
#5137=ORIENTED_EDGE('',*,*,#6427,.F.);
#5138=ORIENTED_EDGE('',*,*,#6428,.T.);
#5139=ORIENTED_EDGE('',*,*,#6429,.T.);
#5140=CARTESIAN_POINT('',(-0.000911057955526325,0.11152752291257,0.0841937106468225));
#5141=DIRECTION('',(0.000756897205694309,0.564140132629499,0.825678713461472));
#5142=DIRECTION('',(0.705570197079268,0.584807716678741,-0.400213232548001));
#5143=ORIENTED_EDGE('',*,*,#6430,.F.);
#5144=ORIENTED_EDGE('',*,*,#6431,.T.);
#5145=ORIENTED_EDGE('',*,*,#6432,.T.);
#5146=ORIENTED_EDGE('',*,*,#6433,.T.);
#5147=CARTESIAN_POINT('',(-0.00295767040232182,0.112763250473265,0.0833512831706116));
#5148=DIRECTION('',(-0.000756897205694256,-0.564140132629499,-0.825678713461472));
#5149=DIRECTION('',(-0.70557019707927,-0.584807716678739,0.400213232547999));
#5150=ORIENTED_EDGE('',*,*,#6434,.F.);
#5151=ORIENTED_EDGE('',*,*,#6435,.T.);
#5152=ORIENTED_EDGE('',*,*,#6436,.F.);
#5153=ORIENTED_EDGE('',*,*,#6437,.T.);
#5154=ORIENTED_EDGE('',*,*,#6438,.T.);
#5155=CARTESIAN_POINT('',(-0.00389614439146887,0.105852968529644,0.0880735530280675));
#5156=DIRECTION('',(0.000756897205694234,0.564140132629499,0.825678713461472));
#5157=DIRECTION('',(-0.999997358196405,-0.001365072342354,0.0018493722479333));
#5158=ORIENTED_EDGE('',*,*,#6439,.F.);
#5159=ORIENTED_EDGE('',*,*,#6440,.T.);
#5160=ORIENTED_EDGE('',*,*,#6441,.F.);
#5161=ORIENTED_EDGE('',*,*,#6442,.T.);
#5162=ORIENTED_EDGE('',*,*,#6443,.T.);
#5163=CARTESIAN_POINT('',(0.0171038001306556,0.105881635048833,0.0880347162108609));
#5164=DIRECTION('',(0.000756897205694234,0.564140132629499,0.825678713461472));
#5165=DIRECTION('',(-0.999997358196405,-0.001365072342354,0.0018493722479333));
#5166=ORIENTED_EDGE('',*,*,#6444,.F.);
#5167=ORIENTED_EDGE('',*,*,#6445,.F.);
#5168=ORIENTED_EDGE('',*,*,#6446,.F.);
#5169=ORIENTED_EDGE('',*,*,#6447,.F.);
#5170=CARTESIAN_POINT('',(-0.00743964261182934,0.0492895749729835,0.0660542707192314));
#5171=DIRECTION('',(-0.999999991800561,1.26695289235183E-05,-0.000127429823403553));
#5172=DIRECTION('',(-2.37275685542961E-05,-0.996194690941844,0.0871558212415339));
#5173=ORIENTED_EDGE('',*,*,#6448,.F.);
#5174=ORIENTED_EDGE('',*,*,#6449,.T.);
#5175=ORIENTED_EDGE('',*,*,#6450,.F.);
#5176=ORIENTED_EDGE('',*,*,#6451,.T.);
#5177=CARTESIAN_POINT('',(0.00856035725697965,0.0492893722605208,0.0660563095964059));
#5178=DIRECTION('',(0.999999991800562,-1.26695289235183E-05,0.000127429823403553));
#5179=DIRECTION('',(3.7496297494127E-06,0.997564060204477,0.0697563314280423));
#5180=ORIENTED_EDGE('',*,*,#6452,.F.);
#5181=ORIENTED_EDGE('',*,*,#6453,.F.);
#5182=ORIENTED_EDGE('',*,*,#6454,.T.);
#5183=ORIENTED_EDGE('',*,*,#6455,.F.);
#5184=CARTESIAN_POINT('',(-0.00766461644345701,0.110821373599659,0.0815334494004084));
#5185=DIRECTION('',(0.999997358196405,0.00136507234235247,-0.00184937224793229));
#5186=DIRECTION('',(0.0020699232168495,-0.184935151446851,0.982748546260541));
#5187=ORIENTED_EDGE('',*,*,#6456,.F.);
#5188=ORIENTED_EDGE('',*,*,#6457,.F.);
#5189=ORIENTED_EDGE('',*,*,#6433,.F.);
#5190=ORIENTED_EDGE('',*,*,#6458,.T.);
#5191=CARTESIAN_POINT('',(-0.00295888143785094,0.111860626261058,0.0820301972290728));
#5192=DIRECTION('',(0.999997358196405,0.00136507234234211,-0.00184937224793557));
#5193=DIRECTION('',(0.000999508923223607,-0.98274977809045,-0.184937488479441));
#5194=ORIENTED_EDGE('',*,*,#6459,.F.);
#5195=ORIENTED_EDGE('',*,*,#6458,.F.);
#5196=ORIENTED_EDGE('',*,*,#6460,.T.);
#5197=ORIENTED_EDGE('',*,*,#6461,.F.);
#5198=CARTESIAN_POINT('',(-0.012117426706184,0.111848124151188,0.0820471348332693));
#5199=DIRECTION('',(0.999997358196405,0.00136507234235399,-0.00184937224793333));
#5200=DIRECTION('',(0.000999508923235704,-0.982749778090451,-0.184937488479437));
#5201=ORIENTED_EDGE('',*,*,#6462,.F.);
#5202=ORIENTED_EDGE('',*,*,#6463,.T.);
#5203=ORIENTED_EDGE('',*,*,#6464,.F.);
#5204=ORIENTED_EDGE('',*,*,#6465,.T.);
#5205=ORIENTED_EDGE('',*,*,#6466,.T.);
#5206=CARTESIAN_POINT('',(0.00456035728977741,0.0492894229386364,0.0660557998771123));
#5207=DIRECTION('',(-0.999999991800561,1.26695289235175E-05,-0.00012742982340356));
#5208=DIRECTION('',(-3.7496297494114E-06,-0.997564060204477,-0.0697563314280423));
#5209=ORIENTED_EDGE('',*,*,#6467,.F.);
#5210=ORIENTED_EDGE('',*,*,#6468,.F.);
#5211=ORIENTED_EDGE('',*,*,#6469,.F.);
#5212=ORIENTED_EDGE('',*,*,#6470,.F.);
#5213=CARTESIAN_POINT('',(0.00956035724878021,0.0492893595909918,0.0660564370262293));
#5214=DIRECTION('',(-0.999999991800561,1.26695289235179E-05,-0.000127429823403553));
#5215=DIRECTION('',(-3.74962974941227E-06,-0.997564060204477,-0.0697563314280423));
#5216=ORIENTED_EDGE('',*,*,#6471,.F.);
#5217=ORIENTED_EDGE('',*,*,#6472,.T.);
#5218=ORIENTED_EDGE('',*,*,#6473,.F.);
#5219=ORIENTED_EDGE('',*,*,#6474,.T.);
#5220=CARTESIAN_POINT('',(0.00256035730617628,0.0492894482776943,0.0660555450174654));
#5221=DIRECTION('',(0.999999991800561,-1.26695289235174E-05,0.000127429823403546));
#5222=DIRECTION('',(3.74962974941227E-06,0.997564060204477,0.0697563314280423));
#5223=ORIENTED_EDGE('',*,*,#6475,.F.);
#5224=ORIENTED_EDGE('',*,*,#6476,.T.);
#5225=ORIENTED_EDGE('',*,*,#6477,.T.);
#5226=ORIENTED_EDGE('',*,*,#6478,.T.);
#5227=CARTESIAN_POINT('',(-0.0146783244242881,0.0927821638653508,0.0909583633544));
#5228=DIRECTION('',(-0.99999967637279,0.000652152317564342,0.000471117469149181));
#5229=DIRECTION('',(0.00046244032817546,-0.0132422006345197,0.99991221128222));
#5230=ORIENTED_EDGE('',*,*,#6479,.F.);
#5231=ORIENTED_EDGE('',*,*,#6480,.T.);
#5232=ORIENTED_EDGE('',*,*,#6481,.T.);
#5233=ORIENTED_EDGE('',*,*,#6482,.F.);
#5234=CARTESIAN_POINT('',(0.0205603571585864,0.0492892202261737,0.0660578387542867));
#5235=DIRECTION('',(-0.999999991800561,1.26695289235183E-05,-0.000127429823403553));
#5236=DIRECTION('',(2.37275685542961E-05,0.996194690941844,-0.0871558212415338));
#5237=ORIENTED_EDGE('',*,*,#6483,.F.);
#5238=ORIENTED_EDGE('',*,*,#6484,.T.);
#5239=ORIENTED_EDGE('',*,*,#6485,.T.);
#5240=ORIENTED_EDGE('',*,*,#6486,.T.);
#5241=ORIENTED_EDGE('',*,*,#6487,.T.);
#5242=ORIENTED_EDGE('',*,*,#6488,.T.);
#5243=CARTESIAN_POINT('',(0.0165586058539344,0.0588107464555971,0.0797441475768479));
#5244=DIRECTION('',(-0.999999991800561,1.26695289235183E-05,-0.000127429823403553));
#5245=DIRECTION('',(-0.000127861175540883,-0.0436193870087806,0.999048213415398));
#5246=ORIENTED_EDGE('',*,*,#6489,.F.);
#5247=ORIENTED_EDGE('',*,*,#6490,.F.);
#5248=ORIENTED_EDGE('',*,*,#6491,.T.);
#5249=ORIENTED_EDGE('',*,*,#6492,.T.);
#5250=CARTESIAN_POINT('',(0.0165585826120043,0.0681925117474301,0.0808593062800241));
#5251=DIRECTION('',(2.95078074792806E-05,-0.945518601933035,-0.325568076641257));
#5252=DIRECTION('',(0.707018661354166,-0.230220354211951,0.668672715910771));
#5253=ORIENTED_EDGE('',*,*,#6493,.F.);
#5254=ORIENTED_EDGE('',*,*,#6494,.F.);
#5255=ORIENTED_EDGE('',*,*,#6495,.T.);
#5256=ORIENTED_EDGE('',*,*,#6490,.T.);
#5257=CARTESIAN_POINT('',(0.0165581122420962,0.0737583086926753,0.0851038851015165));
#5258=DIRECTION('',(6.43813893384018E-05,-0.810449881391922,-0.585807976735428));
#5259=DIRECTION('',(0.707028500509036,-0.414237753937347,0.573164708160652));
#5260=ORIENTED_EDGE('',*,*,#6496,.F.);
#5261=ORIENTED_EDGE('',*,*,#6497,.T.);
#5262=ORIENTED_EDGE('',*,*,#6498,.T.);
#5263=ORIENTED_EDGE('',*,*,#6499,.F.);
#5264=CARTESIAN_POINT('',(0.0165575860510988,0.075235970040726,0.0893800604244508));
#5265=DIRECTION('',(-0.999999991800561,1.26695289235183E-05,-0.000127429823403553));
#5266=DIRECTION('',(-0.000127861175540883,-0.0436193870087806,0.999048213415398));
#5267=ORIENTED_EDGE('',*,*,#6500,.F.);
#5268=ORIENTED_EDGE('',*,*,#6501,.F.);
#5269=ORIENTED_EDGE('',*,*,#6502,.T.);
#5270=CARTESIAN_POINT('',(0.0165580533153359,0.0800110305484832,0.0861879782638617));
#5271=DIRECTION('',(0.000110697396368121,0.58580798013624,-0.810449873931007));
#5272=DIRECTION('',(0.707152299905655,-0.573083565653876,-0.414138686330536));
#5273=ORIENTED_EDGE('',*,*,#6503,.F.);
#5274=ORIENTED_EDGE('',*,*,#6504,.F.);
#5275=ORIENTED_EDGE('',*,*,#6505,.F.);
#5276=ORIENTED_EDGE('',*,*,#6506,.T.);
#5277=ORIENTED_EDGE('',*,*,#6507,.F.);
#5278=ORIENTED_EDGE('',*,*,#6508,.F.);
#5279=CARTESIAN_POINT('',(0.0165574456411499,0.0829405006204955,0.0912479333798845));
#5280=DIRECTION('',(-6.43813893383224E-05,0.810449881391922,0.585807976735428));
#5281=DIRECTION('',(0.707145993477981,0.414242718061141,-0.573016155480243));
#5282=ORIENTED_EDGE('',*,*,#6509,.F.);
#5283=ORIENTED_EDGE('',*,*,#6485,.F.);
#5284=ORIENTED_EDGE('',*,*,#6510,.T.);
#5285=ORIENTED_EDGE('',*,*,#6511,.F.);
#5286=CARTESIAN_POINT('',(0.016559126432111,0.0581256120573996,0.0755908144851367));
#5287=DIRECTION('',(-0.000124612062632718,-0.325568077731956,0.945518593806464));
#5288=DIRECTION('',(0.707085910217902,0.668573656455057,0.230301501223149));
#5289=ORIENTED_EDGE('',*,*,#6512,.F.);
#5290=ORIENTED_EDGE('',*,*,#6513,.F.);
#5291=ORIENTED_EDGE('',*,*,#6514,.F.);
#5292=ORIENTED_EDGE('',*,*,#6515,.T.);
#5293=ORIENTED_EDGE('',*,*,#6505,.T.);
#5294=CARTESIAN_POINT('',(0.0165587476475291,0.0646316836713047,0.0792101669172166));
#5295=DIRECTION('',(-2.95078074792541E-05,0.945518601933035,0.325568076641257));
#5296=DIRECTION('',(0.707194889423179,0.230202436792318,-0.668492502926261));
#5297=ORIENTED_EDGE('',*,*,#6516,.F.);
#5298=ORIENTED_EDGE('',*,*,#6517,.F.);
#5299=ORIENTED_EDGE('',*,*,#6518,.T.);
#5300=ORIENTED_EDGE('',*,*,#6519,.F.);
#5301=CARTESIAN_POINT('',(0.0185583148734533,0.0609252326371126,0.0822379627051934));
#5302=DIRECTION('',(6.80411868396004E-05,-0.790440608155272,-0.612538684777966));
#5303=DIRECTION('',(-0.707183486775531,-0.433121301615302,0.558835802467119));
#5304=ORIENTED_EDGE('',*,*,#6520,.F.);
#5305=ORIENTED_EDGE('',*,*,#6521,.T.);
#5306=ORIENTED_EDGE('',*,*,#6522,.F.);
#5307=ORIENTED_EDGE('',*,*,#6523,.F.);
#5308=CARTESIAN_POINT('',(0.00655716451816455,0.0832969083125222,0.102610491969195));
#5309=DIRECTION('',(-0.999999944945755,-0.000268800022634634,-0.000194563703176935));
#5310=DIRECTION('',(6.47945433219084E-05,0.416877285050584,-0.908962774271049));
#5311=ORIENTED_EDGE('',*,*,#6524,.F.);
#5312=ORIENTED_EDGE('',*,*,#6525,.T.);
#5313=ORIENTED_EDGE('',*,*,#6526,.T.);
#5314=ORIENTED_EDGE('',*,*,#6527,.T.);
#5315=CARTESIAN_POINT('',(0.0185575020853345,0.0799684750158745,0.0905096293693301));
#5316=DIRECTION('',(1.72404182765721E-05,-0.972714780296802,-0.232004215252466));
#5317=DIRECTION('',(-0.707196501763931,-0.164042795367406,0.687723105021858));
#5318=ORIENTED_EDGE('',*,*,#6528,.F.);
#5319=ORIENTED_EDGE('',*,*,#6529,.F.);
#5320=ORIENTED_EDGE('',*,*,#6530,.T.);
#5321=ORIENTED_EDGE('',*,*,#6531,.F.);
#5322=CARTESIAN_POINT('',(0.0175576524613372,0.0755874421592789,0.0888939179299156));
#5323=DIRECTION('',(-0.999999991800561,1.26695289235183E-05,-0.000127429823403553));
#5324=DIRECTION('',(3.27503626482265E-05,0.98730340217159,-0.158845808845614));
#5325=ORIENTED_EDGE('',*,*,#6532,.F.);
#5326=ORIENTED_EDGE('',*,*,#6487,.F.);
#5327=ORIENTED_EDGE('',*,*,#6533,.T.);
#5328=ORIENTED_EDGE('',*,*,#6534,.F.);
#5329=CARTESIAN_POINT('',(0.017558605845735,0.0588107337860682,0.0797442750066713));
#5330=DIRECTION('',(-0.999999991800561,1.26695289235183E-05,-0.000127429823403553));
#5331=DIRECTION('',(0.000108979205271746,-0.43837121966273,-0.898794004149418));
#5332=ORIENTED_EDGE('',*,*,#6535,.F.);
#5333=ORIENTED_EDGE('',*,*,#6536,.F.);
#5334=ORIENTED_EDGE('',*,*,#6537,.T.);
#5335=ORIENTED_EDGE('',*,*,#6538,.F.);
#5336=CARTESIAN_POINT('',(0.0175585310784974,0.058615392939429,0.0803115861629553));
#5337=DIRECTION('',(-0.999999991800561,1.26695289235183E-05,-0.000127429823403553));
#5338=DIRECTION('',(-6.72488637386799E-05,-0.898794010667003,0.438371214687637));
#5339=ORIENTED_EDGE('',*,*,#6539,.F.);
#5340=ORIENTED_EDGE('',*,*,#6540,.T.);
#5341=ORIENTED_EDGE('',*,*,#6541,.T.);
#5342=ORIENTED_EDGE('',*,*,#6542,.F.);
#5343=ORIENTED_EDGE('',*,*,#6498,.F.);
#5344=ORIENTED_EDGE('',*,*,#6543,.T.);
#5345=ORIENTED_EDGE('',*,*,#6544,.F.);
#5346=CARTESIAN_POINT('',(0.0190578328836875,0.0760870786124004,0.0875278335511772));
#5347=DIRECTION('',(-0.999999991800562,1.26695289235182E-05,-0.000127429823403553));
#5348=DIRECTION('',(-0.000121110604862649,-0.416877285548465,0.908962768283699));
#5349=ORIENTED_EDGE('',*,*,#6545,.F.);
#5350=ORIENTED_EDGE('',*,*,#6546,.F.);
#5351=ORIENTED_EDGE('',*,*,#6547,.T.);
#5352=ORIENTED_EDGE('',*,*,#6548,.F.);
#5353=ORIENTED_EDGE('',*,*,#6549,.F.);
#5354=CARTESIAN_POINT('',(0.0175575860428994,0.0752359573711971,0.0893801878542742));
#5355=DIRECTION('',(-0.999999991800561,1.26695289235183E-05,-0.000127429823403553));
#5356=DIRECTION('',(-0.000123799396614904,0.158845811716527,0.98730339449119));
#5357=ORIENTED_EDGE('',*,*,#6550,.F.);
#5358=ORIENTED_EDGE('',*,*,#6551,.F.);
#5359=ORIENTED_EDGE('',*,*,#6552,.T.);
#5360=ORIENTED_EDGE('',*,*,#6553,.F.);
#5361=CARTESIAN_POINT('',(0.00655793530584909,0.0708406181434687,0.0862016539182864));
#5362=DIRECTION('',(6.4381389338296E-05,-0.810449881391923,-0.585807976735427));
#5363=DIRECTION('',(-0.707185050268298,-0.414219836517715,0.572984495176146));
#5364=ORIENTED_EDGE('',*,*,#6554,.F.);
#5365=ORIENTED_EDGE('',*,*,#6534,.T.);
#5366=ORIENTED_EDGE('',*,*,#6555,.F.);
#5367=ORIENTED_EDGE('',*,*,#6556,.F.);
#5368=CARTESIAN_POINT('',(0.00655860593592878,0.0588108731508864,0.0797428732786139));
#5369=DIRECTION('',(-0.999999991800562,1.26695289245672E-05,-0.000127429823401402));
#5370=DIRECTION('',(0.000108979205269353,-0.438371219662734,-0.898794004149416));
#5371=ORIENTED_EDGE('',*,*,#6557,.F.);
#5372=ORIENTED_EDGE('',*,*,#6538,.T.);
#5373=ORIENTED_EDGE('',*,*,#6558,.F.);
#5374=ORIENTED_EDGE('',*,*,#6559,.F.);
#5375=CARTESIAN_POINT('',(0.0065585311686912,0.0586155323042472,0.0803101844348978));
#5376=DIRECTION('',(-0.999999991800562,1.26695289292099E-05,-0.000127429823406329));
#5377=DIRECTION('',(-6.72488637450121E-05,-0.898794010667004,0.438371214687635));
#5378=ORIENTED_EDGE('',*,*,#6560,.F.);
#5379=ORIENTED_EDGE('',*,*,#6553,.T.);
#5380=ORIENTED_EDGE('',*,*,#6561,.T.);
#5381=ORIENTED_EDGE('',*,*,#6559,.T.);
#5382=CARTESIAN_POINT('',(0.00655836446955687,0.0639570722523732,0.0821494236456955));
#5383=DIRECTION('',(2.95078074792806E-05,-0.945518601933035,-0.325568076641258));
#5384=DIRECTION('',(-0.707194889423177,-0.230202436792319,0.668492502926263));
#5385=ORIENTED_EDGE('',*,*,#6562,.F.);
#5386=ORIENTED_EDGE('',*,*,#6555,.T.);
#5387=ORIENTED_EDGE('',*,*,#6563,.T.);
#5388=ORIENTED_EDGE('',*,*,#6564,.T.);
#5389=CARTESIAN_POINT('',(0.00655838291743051,0.058228203205086,0.0814350701046799));
#5390=DIRECTION('',(-0.000124612062632665,-0.325568077731956,0.945518593806464));
#5391=DIRECTION('',(-0.707085910217904,-0.668573656455055,-0.230301501223148));
#5392=ORIENTED_EDGE('',*,*,#6565,.F.);
#5393=ORIENTED_EDGE('',*,*,#6566,.F.);
#5394=ORIENTED_EDGE('',*,*,#6567,.T.);
#5395=ORIENTED_EDGE('',*,*,#6568,.T.);
#5396=CARTESIAN_POINT('',(0.00655843748753551,0.0642084645990307,0.0816014125634836));
#5397=DIRECTION('',(2.95078074792806E-05,-0.945518601933035,-0.325568076641257));
#5398=DIRECTION('',(-0.70701866135417,0.230220354211949,-0.668672715910767));
#5399=ORIENTED_EDGE('',*,*,#6569,.F.);
#5400=ORIENTED_EDGE('',*,*,#6531,.T.);
#5401=ORIENTED_EDGE('',*,*,#6570,.F.);
#5402=ORIENTED_EDGE('',*,*,#6571,.F.);
#5403=CARTESIAN_POINT('',(0.00655765255153103,0.075587581524097,0.0888925162018582));
#5404=DIRECTION('',(-0.999999991800562,1.26695289279609E-05,-0.000127429823404267));
#5405=DIRECTION('',(3.27503626527256E-05,0.987303402171591,-0.158845808845608));
#5406=ORIENTED_EDGE('',*,*,#6572,.F.);
#5407=ORIENTED_EDGE('',*,*,#6570,.T.);
#5408=ORIENTED_EDGE('',*,*,#6573,.T.);
#5409=ORIENTED_EDGE('',*,*,#6566,.T.);
#5410=CARTESIAN_POINT('',(0.00655800554089448,0.0711440584706071,0.0856806565800497));
#5411=DIRECTION('',(6.43813893384018E-05,-0.810449881391922,-0.585807976735428));
#5412=DIRECTION('',(-0.707028500509037,0.414237753937347,-0.573164708160652));
#5413=ORIENTED_EDGE('',*,*,#6574,.F.);
#5414=ORIENTED_EDGE('',*,*,#6575,.T.);
#5415=ORIENTED_EDGE('',*,*,#6548,.T.);
#5416=ORIENTED_EDGE('',*,*,#6576,.T.);
#5417=ORIENTED_EDGE('',*,*,#6577,.T.);
#5418=CARTESIAN_POINT('',(0.00655748698511447,0.07471140799838,0.0901046791418269));
#5419=DIRECTION('',(0.000110697396368094,0.585807980136239,-0.810449873931007));
#5420=DIRECTION('',(-0.707152299905656,0.573083565653875,0.414138686330535));
#5421=ORIENTED_EDGE('',*,*,#6578,.F.);
#5422=ORIENTED_EDGE('',*,*,#6579,.F.);
#5423=ORIENTED_EDGE('',*,*,#6580,.T.);
#5424=ORIENTED_EDGE('',*,*,#6581,.F.);
#5425=CARTESIAN_POINT('',(0.0136193031514093,0.0969827810972765,0.0892678652316377));
#5426=DIRECTION('',(-0.999997358196405,-0.00136507234235231,0.00184937224793242));
#5427=DIRECTION('',(-0.00200504383278344,0.124594771429912,-0.99220568569806));
#5428=ORIENTED_EDGE('',*,*,#6582,.F.);
#5429=ORIENTED_EDGE('',*,*,#6583,.F.);
#5430=ORIENTED_EDGE('',*,*,#6584,.T.);
#5431=ORIENTED_EDGE('',*,*,#6585,.F.);
#5432=CARTESIAN_POINT('',(-0.0076287519965798,0.0989534325540209,0.0915799172995877));
#5433=DIRECTION('',(-0.999997358196405,-0.00136507234235246,0.00184937224793226));
#5434=DIRECTION('',(-0.00112401042695138,0.992206772557935,0.124597179304859));
#5435=ORIENTED_EDGE('',*,*,#6586,.F.);
#5436=ORIENTED_EDGE('',*,*,#6587,.F.);
#5437=ORIENTED_EDGE('',*,*,#6588,.T.);
#5438=ORIENTED_EDGE('',*,*,#6589,.F.);
#5439=CARTESIAN_POINT('',(0.00111631726491756,0.101938887197878,0.091915619049895));
#5440=DIRECTION('',(-0.000486748201661851,-0.660559945060546,-0.750773149531732));
#5441=DIRECTION('',(-0.705516411276554,-0.531841271126967,0.468392416404776));
#5442=ORIENTED_EDGE('',*,*,#6590,.F.);
#5443=ORIENTED_EDGE('',*,*,#6591,.F.);
#5444=ORIENTED_EDGE('',*,*,#6592,.T.);
#5445=ORIENTED_EDGE('',*,*,#6593,.F.);
#5446=CARTESIAN_POINT('',(0.012116288205078,0.101953902993644,0.0918952759551677));
#5447=DIRECTION('',(-0.000486748201661798,-0.660559945060546,-0.750773149531732));
#5448=DIRECTION('',(0.708693415022065,-0.529910767306782,0.465777009089865));
#5449=ORIENTED_EDGE('',*,*,#6594,.F.);
#5450=ORIENTED_EDGE('',*,*,#6595,.T.);
#5451=ORIENTED_EDGE('',*,*,#6596,.T.);
#5452=ORIENTED_EDGE('',*,*,#6597,.T.);
#5453=CARTESIAN_POINT('',(-0.00295374371098171,0.109906112864611,0.0833656023206542));
#5454=DIRECTION('',(-0.00217041628064583,0.825677931965165,-0.564137609062627));
#5455=DIRECTION('',(-0.707640120296115,-0.399872565231887,-0.582535313712542));
#5456=ORIENTED_EDGE('',*,*,#6598,.F.);
#5457=ORIENTED_EDGE('',*,*,#6599,.T.);
#5458=ORIENTED_EDGE('',*,*,#6600,.T.);
#5459=ORIENTED_EDGE('',*,*,#6601,.T.);
#5460=CARTESIAN_POINT('',(0.0140812190534717,0.113107602560534,0.081162587384767));
#5461=DIRECTION('',(-0.00217041628064478,0.825677931965165,-0.564137609062627));
#5462=DIRECTION('',(0.70656970600251,-0.397942061411706,-0.585150721027436));
#5463=ORIENTED_EDGE('',*,*,#6602,.F.);
#5464=ORIENTED_EDGE('',*,*,#6603,.F.);
#5465=ORIENTED_EDGE('',*,*,#6604,.F.);
#5466=ORIENTED_EDGE('',*,*,#6605,.T.);
#5467=CARTESIAN_POINT('',(0.0155603571995836,0.0492892835738183,0.0660572016051697));
#5468=DIRECTION('',(0.999999991800562,-1.26695289235179E-05,0.000127429823403553));
#5469=DIRECTION('',(-3.74962974941227E-06,-0.997564060204477,-0.0697563314280423));
#5470=ORIENTED_EDGE('',*,*,#6602,.T.);
#5471=ORIENTED_EDGE('',*,*,#6391,.T.);
#5472=ORIENTED_EDGE('',*,*,#6604,.T.);
#5473=ORIENTED_EDGE('',*,*,#6466,.F.);
#5474=ORIENTED_EDGE('',*,*,#6465,.F.);
#5475=CARTESIAN_POINT('',(0.0155603571995836,0.0492892835738183,0.0660572016051697));
#5476=DIRECTION('',(0.999999991800562,-1.26695289235179E-05,0.000127429823403553));
#5477=DIRECTION('',(-3.74962974941227E-06,-0.997564060204477,-0.0697563314280423));
#5478=ORIENTED_EDGE('',*,*,#6606,.F.);
#5479=ORIENTED_EDGE('',*,*,#6607,.T.);
#5480=ORIENTED_EDGE('',*,*,#6608,.F.);
#5481=ORIENTED_EDGE('',*,*,#6609,.F.);
#5482=ORIENTED_EDGE('',*,*,#6610,.T.);
#5483=ORIENTED_EDGE('',*,*,#6482,.T.);
#5484=ORIENTED_EDGE('',*,*,#6611,.T.);
#5485=ORIENTED_EDGE('',*,*,#6612,.T.);
#5486=ORIENTED_EDGE('',*,*,#6395,.F.);
#5487=ORIENTED_EDGE('',*,*,#6613,.F.);
#5488=ORIENTED_EDGE('',*,*,#6614,.F.);
#5489=ORIENTED_EDGE('',*,*,#6615,.F.);
#5490=ORIENTED_EDGE('',*,*,#6616,.F.);
#5491=ORIENTED_EDGE('',*,*,#6617,.F.);
#5492=ORIENTED_EDGE('',*,*,#6476,.F.);
#5493=ORIENTED_EDGE('',*,*,#6618,.F.);
#5494=ORIENTED_EDGE('',*,*,#6619,.F.);
#5495=ORIENTED_EDGE('',*,*,#6521,.F.);
#5496=ORIENTED_EDGE('',*,*,#6620,.F.);
#5497=ORIENTED_EDGE('',*,*,#6621,.T.);
#5498=ORIENTED_EDGE('',*,*,#6540,.F.);
#5499=ORIENTED_EDGE('',*,*,#6622,.T.);
#5500=ORIENTED_EDGE('',*,*,#6393,.T.);
#5501=CARTESIAN_POINT('',(0.0205622593118189,0.0711417023764876,0.0523000410034878));
#5502=DIRECTION('',(0.999999991800562,-1.26695289235183E-05,0.000127429823403553));
#5503=DIRECTION('',(2.37275685542961E-05,0.996194690941844,-0.0871558212415338));
#5504=ORIENTED_EDGE('',*,*,#6623,.T.);
#5505=ORIENTED_EDGE('',*,*,#6600,.F.);
#5506=ORIENTED_EDGE('',*,*,#6420,.F.);
#5507=ORIENTED_EDGE('',*,*,#6624,.T.);
#5508=CARTESIAN_POINT('',(0.0145671279653926,0.119831698041038,0.0785057429452741));
#5509=DIRECTION('',(0.999997358196405,0.00136507234235206,-0.00184937224793201));
#5510=DIRECTION('',(0.00217041628064477,-0.825677931965164,0.564137609062628));
#5511=ORIENTED_EDGE('',*,*,#6598,.T.);
#5512=ORIENTED_EDGE('',*,*,#6625,.T.);
#5513=ORIENTED_EDGE('',*,*,#6626,.T.);
#5514=ORIENTED_EDGE('',*,*,#6627,.T.);
#5515=CARTESIAN_POINT('',(0.0140812190534717,0.113107602560534,0.081162587384767));
#5516=DIRECTION('',(-0.00217041628064478,0.825677931965165,-0.564137609062627));
#5517=DIRECTION('',(0.70656970600251,-0.397942061411706,-0.585150721027436));
#5518=ORIENTED_EDGE('',*,*,#6628,.T.);
#5519=ORIENTED_EDGE('',*,*,#6596,.F.);
#5520=ORIENTED_EDGE('',*,*,#6629,.F.);
#5521=ORIENTED_EDGE('',*,*,#6630,.F.);
#5522=ORIENTED_EDGE('',*,*,#6631,.F.);
#5523=ORIENTED_EDGE('',*,*,#6632,.F.);
#5524=ORIENTED_EDGE('',*,*,#6633,.T.);
#5525=ORIENTED_EDGE('',*,*,#6634,.F.);
#5526=ORIENTED_EDGE('',*,*,#6626,.F.);
#5527=CARTESIAN_POINT('',(-0.0219029352734328,0.107781281243001,0.0842291892962525));
#5528=DIRECTION('',(0.000756897205694237,0.564140132629499,0.825678713461472));
#5529=DIRECTION('',(0.999997358196405,0.00136507234235273,-0.00184937224793244));
#5530=ORIENTED_EDGE('',*,*,#6594,.T.);
#5531=ORIENTED_EDGE('',*,*,#6635,.T.);
#5532=ORIENTED_EDGE('',*,*,#6636,.T.);
#5533=ORIENTED_EDGE('',*,*,#6637,.T.);
#5534=CARTESIAN_POINT('',(-0.00295374371098171,0.109906112864611,0.0833656023206542));
#5535=DIRECTION('',(-0.00217041628064583,0.825677931965165,-0.564137609062627));
#5536=DIRECTION('',(-0.707640120296115,-0.399872565231887,-0.582535313712542));
#5537=ORIENTED_EDGE('',*,*,#6638,.T.);
#5538=ORIENTED_EDGE('',*,*,#6639,.T.);
#5539=ORIENTED_EDGE('',*,*,#6640,.F.);
#5540=ORIENTED_EDGE('',*,*,#6636,.F.);
#5541=CARTESIAN_POINT('',(-0.0034594777251634,0.113450618998545,0.0828821026671784));
#5542=DIRECTION('',(0.999997358196405,0.00136507234235292,-0.0018493722479326));
#5543=DIRECTION('',(0.00122573541004444,0.36394413623413,0.931419971480909));
#5544=ORIENTED_EDGE('',*,*,#6429,.F.);
#5545=ORIENTED_EDGE('',*,*,#6641,.F.);
#5546=ORIENTED_EDGE('',*,*,#6431,.F.);
#5547=ORIENTED_EDGE('',*,*,#6642,.F.);
#5548=ORIENTED_EDGE('',*,*,#6639,.F.);
#5549=ORIENTED_EDGE('',*,*,#6643,.T.);
#5550=ORIENTED_EDGE('',*,*,#6644,.F.);
#5551=ORIENTED_EDGE('',*,*,#6477,.F.);
#5552=ORIENTED_EDGE('',*,*,#6617,.T.);
#5553=ORIENTED_EDGE('',*,*,#6645,.T.);
#5554=ORIENTED_EDGE('',*,*,#6624,.F.);
#5555=ORIENTED_EDGE('',*,*,#6419,.F.);
#5556=ORIENTED_EDGE('',*,*,#6646,.F.);
#5557=ORIENTED_EDGE('',*,*,#6423,.F.);
#5558=ORIENTED_EDGE('',*,*,#6647,.F.);
#5559=ORIENTED_EDGE('',*,*,#6648,.T.);
#5560=ORIENTED_EDGE('',*,*,#6649,.F.);
#5561=ORIENTED_EDGE('',*,*,#6650,.F.);
#5562=ORIENTED_EDGE('',*,*,#6651,.T.);
#5563=ORIENTED_EDGE('',*,*,#6652,.F.);
#5564=ORIENTED_EDGE('',*,*,#6653,.F.);
#5565=ORIENTED_EDGE('',*,*,#6438,.F.);
#5566=ORIENTED_EDGE('',*,*,#6437,.F.);
#5567=ORIENTED_EDGE('',*,*,#6654,.F.);
#5568=ORIENTED_EDGE('',*,*,#6443,.F.);
#5569=ORIENTED_EDGE('',*,*,#6442,.F.);
#5570=ORIENTED_EDGE('',*,*,#6655,.F.);
#5571=CARTESIAN_POINT('',(-0.0219013457893008,0.108965975521523,0.085963114594522));
#5572=DIRECTION('',(0.000756897205694234,0.564140132629499,0.825678713461472));
#5573=DIRECTION('',(0.999997358196405,0.00136507234235273,-0.00184937224793244));
#5574=ORIENTED_EDGE('',*,*,#6478,.F.);
#5575=ORIENTED_EDGE('',*,*,#6644,.T.);
#5576=ORIENTED_EDGE('',*,*,#6656,.T.);
#5577=ORIENTED_EDGE('',*,*,#6657,.T.);
#5578=ORIENTED_EDGE('',*,*,#6658,.T.);
#5579=ORIENTED_EDGE('',*,*,#6659,.F.);
#5580=ORIENTED_EDGE('',*,*,#6397,.F.);
#5581=ORIENTED_EDGE('',*,*,#6660,.T.);
#5582=ORIENTED_EDGE('',*,*,#6661,.F.);
#5583=ORIENTED_EDGE('',*,*,#6445,.T.);
#5584=ORIENTED_EDGE('',*,*,#6662,.T.);
#5585=ORIENTED_EDGE('',*,*,#6663,.F.);
#5586=ORIENTED_EDGE('',*,*,#6401,.F.);
#5587=ORIENTED_EDGE('',*,*,#6664,.T.);
#5588=ORIENTED_EDGE('',*,*,#6665,.F.);
#5589=ORIENTED_EDGE('',*,*,#6666,.F.);
#5590=CARTESIAN_POINT('',(-0.00743774045859682,0.0711420571232975,0.0522964729684325));
#5591=DIRECTION('',(-0.999999991800562,1.26695289235183E-05,-0.000127429823403553));
#5592=DIRECTION('',(-2.37275685542961E-05,-0.996194690941844,0.0871558212415338));
#5593=ORIENTED_EDGE('',*,*,#6667,.T.);
#5594=ORIENTED_EDGE('',*,*,#6615,.T.);
#5595=ORIENTED_EDGE('',*,*,#6668,.F.);
#5596=ORIENTED_EDGE('',*,*,#6657,.F.);
#5597=CARTESIAN_POINT('',(-0.010660782583393,0.11317259335608,0.0791859299805937));
#5598=DIRECTION('',(-0.000128003192418147,-0.0697564724805149,0.997564042135771));
#5599=DIRECTION('',(-3.74961151538758E-06,-0.99756405026773,-0.0697564735302911));
#5600=ORIENTED_EDGE('',*,*,#6667,.F.);
#5601=ORIENTED_EDGE('',*,*,#6656,.F.);
#5602=ORIENTED_EDGE('',*,*,#6643,.F.);
#5603=ORIENTED_EDGE('',*,*,#6638,.F.);
#5604=ORIENTED_EDGE('',*,*,#6635,.F.);
#5605=ORIENTED_EDGE('',*,*,#6597,.F.);
#5606=ORIENTED_EDGE('',*,*,#6628,.F.);
#5607=ORIENTED_EDGE('',*,*,#6625,.F.);
#5608=ORIENTED_EDGE('',*,*,#6601,.F.);
#5609=ORIENTED_EDGE('',*,*,#6623,.F.);
#5610=ORIENTED_EDGE('',*,*,#6645,.F.);
#5611=ORIENTED_EDGE('',*,*,#6616,.T.);
#5612=CARTESIAN_POINT('',(-0.00744085923903515,0.114231221315143,0.0798929415645101));
#5613=DIRECTION('',(-8.23492679146588E-05,-0.825678912012041,0.564140343777336));
#5614=DIRECTION('',(9.80687255432518E-05,-0.564140349645455,-0.825678906285264));
#5615=ORIENTED_EDGE('',*,*,#6669,.F.);
#5616=ORIENTED_EDGE('',*,*,#6579,.T.);
#5617=ORIENTED_EDGE('',*,*,#6670,.T.);
#5618=ORIENTED_EDGE('',*,*,#6671,.T.);
#5619=ORIENTED_EDGE('',*,*,#6593,.T.);
#5620=ORIENTED_EDGE('',*,*,#6672,.T.);
#5621=CARTESIAN_POINT('',(0.0121182230218528,0.0969807320088947,0.089270641294905));
#5622=DIRECTION('',(0.999997358196405,0.00136507234235247,-0.00184937224793229));
#5623=DIRECTION('',(0.00224648089229727,-0.750772066315142,0.660557535544401));
#5624=ORIENTED_EDGE('',*,*,#6649,.T.);
#5625=ORIENTED_EDGE('',*,*,#6673,.T.);
#5626=ORIENTED_EDGE('',*,*,#6591,.T.);
#5627=ORIENTED_EDGE('',*,*,#6674,.T.);
#5628=ORIENTED_EDGE('',*,*,#6583,.T.);
#5629=ORIENTED_EDGE('',*,*,#6675,.T.);
#5630=CARTESIAN_POINT('',(0.0121196965145651,0.098980390686106,0.0915433949704866));
#5631=DIRECTION('',(0.999997358196405,0.00136507234235247,-0.00184937224793229));
#5632=DIRECTION('',(0.00224648089229728,-0.750772066315138,0.660557535544405));
#5633=ORIENTED_EDGE('',*,*,#6590,.T.);
#5634=ORIENTED_EDGE('',*,*,#6671,.F.);
#5635=ORIENTED_EDGE('',*,*,#6676,.T.);
#5636=ORIENTED_EDGE('',*,*,#6674,.F.);
#5637=CARTESIAN_POINT('',(0.012116288205078,0.101953902993644,0.0918952759551677));
#5638=DIRECTION('',(-0.000486748201661798,-0.660559945060546,-0.750773149531732));
#5639=DIRECTION('',(0.708693415022065,-0.529910767306782,0.465777009089865));
#5640=ORIENTED_EDGE('',*,*,#6672,.F.);
#5641=ORIENTED_EDGE('',*,*,#6592,.F.);
#5642=ORIENTED_EDGE('',*,*,#6673,.F.);
#5643=ORIENTED_EDGE('',*,*,#6648,.F.);
#5644=ORIENTED_EDGE('',*,*,#6677,.F.);
#5645=ORIENTED_EDGE('',*,*,#6678,.F.);
#5646=ORIENTED_EDGE('',*,*,#6404,.F.);
#5647=ORIENTED_EDGE('',*,*,#6679,.F.);
#5648=CARTESIAN_POINT('',(0.0130830832223899,0.113761399009731,0.0826545995333047));
#5649=DIRECTION('',(-0.999997358196405,-0.00136507234235247,0.00184937224793229));
#5650=DIRECTION('',(0.00228499085430508,-0.677796469161819,0.735246030392934));
#5651=ORIENTED_EDGE('',*,*,#6680,.T.);
#5652=ORIENTED_EDGE('',*,*,#6681,.T.);
#5653=ORIENTED_EDGE('',*,*,#6682,.T.);
#5654=ORIENTED_EDGE('',*,*,#6589,.T.);
#5655=ORIENTED_EDGE('',*,*,#6683,.T.);
#5656=ORIENTED_EDGE('',*,*,#6581,.T.);
#5657=CARTESIAN_POINT('',(0.00111825208169237,0.0969657162131288,0.0892909843896323));
#5658=DIRECTION('',(-0.999997358196405,-0.00136507234235281,0.00184937224793266));
#5659=DIRECTION('',(0.00224648089229777,-0.750772066315145,0.660557535544398));
#5660=ORIENTED_EDGE('',*,*,#6651,.F.);
#5661=ORIENTED_EDGE('',*,*,#6684,.T.);
#5662=ORIENTED_EDGE('',*,*,#6585,.T.);
#5663=ORIENTED_EDGE('',*,*,#6587,.T.);
#5664=ORIENTED_EDGE('',*,*,#6685,.T.);
#5665=ORIENTED_EDGE('',*,*,#6686,.T.);
#5666=CARTESIAN_POINT('',(0.00111972557440468,0.0989653748903401,0.0915637380652139));
#5667=DIRECTION('',(-0.999997358196405,-0.00136507234235281,0.00184937224793266));
#5668=DIRECTION('',(0.00224648089229778,-0.750772066315138,0.660557535544405));
#5669=ORIENTED_EDGE('',*,*,#6586,.T.);
#5670=ORIENTED_EDGE('',*,*,#6682,.F.);
#5671=ORIENTED_EDGE('',*,*,#6687,.T.);
#5672=ORIENTED_EDGE('',*,*,#6685,.F.);
#5673=CARTESIAN_POINT('',(0.00111631726491756,0.101938887197878,0.091915619049895));
#5674=DIRECTION('',(-0.000486748201661851,-0.660559945060546,-0.750773149531732));
#5675=DIRECTION('',(-0.705516411276554,-0.531841271126967,0.468392416404776));
#5676=ORIENTED_EDGE('',*,*,#6676,.F.);
#5677=ORIENTED_EDGE('',*,*,#6688,.F.);
#5678=ORIENTED_EDGE('',*,*,#6588,.F.);
#5679=ORIENTED_EDGE('',*,*,#6584,.F.);
#5680=CARTESIAN_POINT('',(0.00661812945506411,0.100625970820786,0.0919185549678264));
#5681=DIRECTION('',(-0.00224648089229725,0.750772066315142,-0.660557535544401));
#5682=DIRECTION('',(-0.999997358196405,-0.00136507234235251,0.00184937224793221));
#5683=ORIENTED_EDGE('',*,*,#6582,.T.);
#5684=ORIENTED_EDGE('',*,*,#6684,.F.);
#5685=ORIENTED_EDGE('',*,*,#6650,.T.);
#5686=ORIENTED_EDGE('',*,*,#6675,.F.);
#5687=CARTESIAN_POINT('',(-0.0076287519965798,0.0989534325540209,0.0915799172995877));
#5688=DIRECTION('',(-0.999997358196405,-0.00136507234235246,0.00184937224793226));
#5689=DIRECTION('',(-0.00112401042695138,0.992206772557935,0.124597179304859));
#5690=ORIENTED_EDGE('',*,*,#6578,.T.);
#5691=ORIENTED_EDGE('',*,*,#6683,.F.);
#5692=ORIENTED_EDGE('',*,*,#6688,.T.);
#5693=ORIENTED_EDGE('',*,*,#6670,.F.);
#5694=CARTESIAN_POINT('',(0.0136193031514093,0.0969827810972765,0.0892678652316377));
#5695=DIRECTION('',(-0.999997358196405,-0.00136507234235231,0.00184937224793242));
#5696=DIRECTION('',(-0.00200504383278344,0.124594771429912,-0.99220568569806));
#5697=ORIENTED_EDGE('',*,*,#6689,.F.);
#5698=ORIENTED_EDGE('',*,*,#6690,.F.);
#5699=ORIENTED_EDGE('',*,*,#6415,.F.);
#5700=ORIENTED_EDGE('',*,*,#6691,.F.);
#5701=ORIENTED_EDGE('',*,*,#6692,.F.);
#5702=ORIENTED_EDGE('',*,*,#6411,.F.);
#5703=ORIENTED_EDGE('',*,*,#6693,.F.);
#5704=ORIENTED_EDGE('',*,*,#6680,.F.);
#5705=ORIENTED_EDGE('',*,*,#6580,.F.);
#5706=ORIENTED_EDGE('',*,*,#6669,.T.);
#5707=ORIENTED_EDGE('',*,*,#6679,.T.);
#5708=ORIENTED_EDGE('',*,*,#6403,.F.);
#5709=ORIENTED_EDGE('',*,*,#6694,.F.);
#5710=ORIENTED_EDGE('',*,*,#6695,.T.);
#5711=ORIENTED_EDGE('',*,*,#6696,.F.);
#5712=ORIENTED_EDGE('',*,*,#6409,.F.);
#5713=ORIENTED_EDGE('',*,*,#6697,.F.);
#5714=ORIENTED_EDGE('',*,*,#6658,.F.);
#5715=ORIENTED_EDGE('',*,*,#6668,.T.);
#5716=ORIENTED_EDGE('',*,*,#6614,.T.);
#5717=CARTESIAN_POINT('',(0.0206279300174366,0.0932637708421146,0.0905913075230416));
#5718=DIRECTION('',(-0.00075689720569446,-0.564140132629498,-0.825678713461472));
#5719=DIRECTION('',(-0.00217041628064577,0.825677931965165,-0.564137609062626));
#5720=ORIENTED_EDGE('',*,*,#6681,.F.);
#5721=ORIENTED_EDGE('',*,*,#6693,.T.);
#5722=ORIENTED_EDGE('',*,*,#6408,.F.);
#5723=ORIENTED_EDGE('',*,*,#6698,.F.);
#5724=ORIENTED_EDGE('',*,*,#6699,.F.);
#5725=ORIENTED_EDGE('',*,*,#6652,.T.);
#5726=ORIENTED_EDGE('',*,*,#6686,.F.);
#5727=ORIENTED_EDGE('',*,*,#6687,.F.);
#5728=CARTESIAN_POINT('',(8.31175658365822E-05,0.11374365306928,0.0826786413725278));
#5729=DIRECTION('',(0.999997358196405,0.00136507234235281,-0.00184937224793266));
#5730=DIRECTION('',(0.00228499085430559,-0.677796469161819,0.735246030392934));
#5731=ORIENTED_EDGE('',*,*,#6574,.T.);
#5732=ORIENTED_EDGE('',*,*,#6700,.T.);
#5733=ORIENTED_EDGE('',*,*,#6701,.T.);
#5734=ORIENTED_EDGE('',*,*,#6702,.T.);
#5735=CARTESIAN_POINT('',(0.00655748698511447,0.07471140799838,0.0901046791418269));
#5736=DIRECTION('',(0.000110697396368094,0.585807980136239,-0.810449873931007));
#5737=DIRECTION('',(-0.707152299905656,0.573083565653875,0.414138686330535));
#5738=ORIENTED_EDGE('',*,*,#6572,.T.);
#5739=ORIENTED_EDGE('',*,*,#6703,.T.);
#5740=ORIENTED_EDGE('',*,*,#6704,.T.);
#5741=ORIENTED_EDGE('',*,*,#6571,.T.);
#5742=CARTESIAN_POINT('',(0.00655800554089448,0.0711440584706071,0.0856806565800497));
#5743=DIRECTION('',(6.43813893384018E-05,-0.810449881391922,-0.585807976735428));
#5744=DIRECTION('',(-0.707028500509037,0.414237753937347,-0.573164708160652));
#5745=ORIENTED_EDGE('',*,*,#6569,.T.);
#5746=ORIENTED_EDGE('',*,*,#6700,.F.);
#5747=ORIENTED_EDGE('',*,*,#6577,.F.);
#5748=ORIENTED_EDGE('',*,*,#6705,.T.);
#5749=CARTESIAN_POINT('',(0.00655765255153103,0.075587581524097,0.0888925162018582));
#5750=DIRECTION('',(-0.999999991800562,1.26695289279609E-05,-0.000127429823404267));
#5751=DIRECTION('',(3.27503626527256E-05,0.987303402171591,-0.158845808845608));
#5752=ORIENTED_EDGE('',*,*,#6702,.F.);
#5753=ORIENTED_EDGE('',*,*,#6706,.T.);
#5754=ORIENTED_EDGE('',*,*,#6551,.T.);
#5755=ORIENTED_EDGE('',*,*,#6707,.T.);
#5756=ORIENTED_EDGE('',*,*,#6708,.T.);
#5757=ORIENTED_EDGE('',*,*,#6544,.T.);
#5758=ORIENTED_EDGE('',*,*,#6709,.T.);
#5759=ORIENTED_EDGE('',*,*,#6549,.T.);
#5760=ORIENTED_EDGE('',*,*,#6575,.F.);
#5761=CARTESIAN_POINT('',(0.00655783298618045,0.0760872369815119,0.0875262406783847));
#5762=DIRECTION('',(-0.999999991800561,1.26695289235183E-05,-0.000127429823403553));
#5763=DIRECTION('',(-0.000127861175540883,-0.0436193870087806,0.999048213415398));
#5764=ORIENTED_EDGE('',*,*,#6701,.F.);
#5765=ORIENTED_EDGE('',*,*,#6704,.F.);
#5766=ORIENTED_EDGE('',*,*,#6710,.F.);
#5767=ORIENTED_EDGE('',*,*,#6711,.F.);
#5768=ORIENTED_EDGE('',*,*,#6561,.F.);
#5769=ORIENTED_EDGE('',*,*,#6552,.F.);
#5770=ORIENTED_EDGE('',*,*,#6706,.F.);
#5771=CARTESIAN_POINT('',(0.00555808670632733,0.0677644408866355,0.0847076363635505));
#5772=DIRECTION('',(-0.999999991800562,1.26695289235183E-05,-0.000127429823403553));
#5773=DIRECTION('',(-2.3727568554296E-05,-0.996194690941844,0.0871558212415338));
#5774=ORIENTED_EDGE('',*,*,#6565,.T.);
#5775=ORIENTED_EDGE('',*,*,#6712,.T.);
#5776=ORIENTED_EDGE('',*,*,#6710,.T.);
#5777=ORIENTED_EDGE('',*,*,#6703,.F.);
#5778=CARTESIAN_POINT('',(0.00655843748753551,0.0642084645990307,0.0816014125634836));
#5779=DIRECTION('',(2.95078074792806E-05,-0.945518601933035,-0.325568076641257));
#5780=DIRECTION('',(-0.70701866135417,0.230220354211949,-0.668672715910767));
#5781=ORIENTED_EDGE('',*,*,#6562,.T.);
#5782=ORIENTED_EDGE('',*,*,#6713,.T.);
#5783=ORIENTED_EDGE('',*,*,#6711,.T.);
#5784=ORIENTED_EDGE('',*,*,#6556,.T.);
#5785=CARTESIAN_POINT('',(0.00655838291743051,0.058228203205086,0.0814350701046799));
#5786=DIRECTION('',(-0.000124612062632665,-0.325568077731956,0.945518593806464));
#5787=DIRECTION('',(-0.707085910217904,-0.668573656455055,-0.230301501223148));
#5788=ORIENTED_EDGE('',*,*,#6560,.T.);
#5789=ORIENTED_EDGE('',*,*,#6558,.T.);
#5790=ORIENTED_EDGE('',*,*,#6714,.T.);
#5791=ORIENTED_EDGE('',*,*,#6715,.T.);
#5792=CARTESIAN_POINT('',(0.00655836446955687,0.0639570722523732,0.0821494236456955));
#5793=DIRECTION('',(2.95078074792806E-05,-0.945518601933035,-0.325568076641258));
#5794=DIRECTION('',(-0.707194889423177,-0.230202436792319,0.668492502926263));
#5795=ORIENTED_EDGE('',*,*,#6557,.T.);
#5796=ORIENTED_EDGE('',*,*,#6713,.F.);
#5797=ORIENTED_EDGE('',*,*,#6564,.F.);
#5798=ORIENTED_EDGE('',*,*,#6716,.T.);
#5799=CARTESIAN_POINT('',(0.0065585311686912,0.0586155323042472,0.0803101844348978));
#5800=DIRECTION('',(-0.999999991800562,1.26695289292099E-05,-0.000127429823406329));
#5801=DIRECTION('',(-6.72488637450121E-05,-0.898794010667004,0.438371214687635));
#5802=ORIENTED_EDGE('',*,*,#6554,.T.);
#5803=ORIENTED_EDGE('',*,*,#6712,.F.);
#5804=ORIENTED_EDGE('',*,*,#6568,.F.);
#5805=ORIENTED_EDGE('',*,*,#6717,.T.);
#5806=CARTESIAN_POINT('',(0.00655860593592878,0.0588108731508864,0.0797428732786139));
#5807=DIRECTION('',(-0.999999991800562,1.26695289245672E-05,-0.000127429823401402));
#5808=DIRECTION('',(0.000108979205269353,-0.438371219662734,-0.898794004149416));
#5809=ORIENTED_EDGE('',*,*,#6567,.F.);
#5810=ORIENTED_EDGE('',*,*,#6718,.F.);
#5811=ORIENTED_EDGE('',*,*,#6719,.F.);
#5812=ORIENTED_EDGE('',*,*,#6720,.F.);
#5813=CARTESIAN_POINT('',(0.0175586910635281,0.0603986123421856,0.0792334046511246));
#5814=DIRECTION('',(0.000124612062632681,0.325568077731956,-0.945518593806464));
#5815=DIRECTION('',(2.95078074798243E-05,-0.945518601933035,-0.325568076641257));
#5816=ORIENTED_EDGE('',*,*,#6573,.F.);
#5817=ORIENTED_EDGE('',*,*,#6530,.F.);
#5818=ORIENTED_EDGE('',*,*,#6721,.F.);
#5819=ORIENTED_EDGE('',*,*,#6718,.T.);
#5820=CARTESIAN_POINT('',(0.017557903113344,0.0744114646522369,0.0868100173277135));
#5821=DIRECTION('',(0.00011069739636808,0.585807980136241,-0.810449873931007));
#5822=DIRECTION('',(6.43813893384219E-05,-0.810449881391922,-0.585807976735428));
#5823=ORIENTED_EDGE('',*,*,#6550,.T.);
#5824=ORIENTED_EDGE('',*,*,#6715,.F.);
#5825=ORIENTED_EDGE('',*,*,#6722,.T.);
#5826=ORIENTED_EDGE('',*,*,#6707,.F.);
#5827=CARTESIAN_POINT('',(0.00655793530584909,0.0708406181434687,0.0862016539182864));
#5828=DIRECTION('',(6.4381389338296E-05,-0.810449881391923,-0.585807976735427));
#5829=DIRECTION('',(-0.707185050268298,-0.414219836517715,0.572984495176146));
#5830=ORIENTED_EDGE('',*,*,#6545,.T.);
#5831=ORIENTED_EDGE('',*,*,#6709,.F.);
#5832=ORIENTED_EDGE('',*,*,#6543,.F.);
#5833=ORIENTED_EDGE('',*,*,#6497,.F.);
#5834=ORIENTED_EDGE('',*,*,#6723,.F.);
#5835=CARTESIAN_POINT('',(0.0175575860428994,0.0752359573711971,0.0893801878542742));
#5836=DIRECTION('',(-0.999999991800561,1.26695289235183E-05,-0.000127429823403553));
#5837=DIRECTION('',(-0.000123799396614904,0.158845811716527,0.98730339449119));
#5838=ORIENTED_EDGE('',*,*,#6539,.T.);
#5839=ORIENTED_EDGE('',*,*,#6708,.F.);
#5840=ORIENTED_EDGE('',*,*,#6724,.T.);
#5841=ORIENTED_EDGE('',*,*,#6606,.T.);
#5842=CARTESIAN_POINT('',(0.0190578328836875,0.0760870786124004,0.0875278335511772));
#5843=DIRECTION('',(-0.999999991800562,1.26695289235182E-05,-0.000127429823403553));
#5844=DIRECTION('',(-0.000121110604862649,-0.416877285548465,0.908962768283699));
#5845=ORIENTED_EDGE('',*,*,#6722,.F.);
#5846=ORIENTED_EDGE('',*,*,#6725,.F.);
#5847=ORIENTED_EDGE('',*,*,#6607,.F.);
#5848=ORIENTED_EDGE('',*,*,#6724,.F.);
#5849=CARTESIAN_POINT('',(0.0175576076668983,0.0729844528257693,0.0889866418276904));
#5850=DIRECTION('',(-0.00011069739636808,-0.58580798013624,0.810449873931007));
#5851=DIRECTION('',(-6.43813893384852E-05,0.810449881391923,0.585807976735428));
#5852=ORIENTED_EDGE('',*,*,#6714,.F.);
#5853=ORIENTED_EDGE('',*,*,#6537,.F.);
#5854=ORIENTED_EDGE('',*,*,#6726,.T.);
#5855=ORIENTED_EDGE('',*,*,#6727,.F.);
#5856=ORIENTED_EDGE('',*,*,#6728,.F.);
#5857=ORIENTED_EDGE('',*,*,#6608,.T.);
#5858=ORIENTED_EDGE('',*,*,#6725,.T.);
#5859=CARTESIAN_POINT('',(0.0175583705706832,0.0594400323400457,0.0816531528468773));
#5860=DIRECTION('',(-0.000124612062632681,-0.325568077731957,0.945518593806464));
#5861=DIRECTION('',(-2.95078074790718E-05,0.945518601933035,0.325568076641258));
#5862=ORIENTED_EDGE('',*,*,#6535,.T.);
#5863=ORIENTED_EDGE('',*,*,#6716,.F.);
#5864=ORIENTED_EDGE('',*,*,#6729,.T.);
#5865=ORIENTED_EDGE('',*,*,#6730,.F.);
#5866=CARTESIAN_POINT('',(0.0175585310784974,0.058615392939429,0.0803115861629553));
#5867=DIRECTION('',(-0.999999991800561,1.26695289235183E-05,-0.000127429823403553));
#5868=DIRECTION('',(-6.72488637386799E-05,-0.898794010667003,0.438371214687637));
#5869=ORIENTED_EDGE('',*,*,#6563,.F.);
#5870=ORIENTED_EDGE('',*,*,#6533,.F.);
#5871=ORIENTED_EDGE('',*,*,#6731,.F.);
#5872=ORIENTED_EDGE('',*,*,#6729,.F.);
#5873=CARTESIAN_POINT('',(0.0175584110518297,0.0572791926442177,0.0811206403988817));
#5874=DIRECTION('',(2.95078074792619E-05,-0.945518601933035,-0.325568076641257));
#5875=DIRECTION('',(-0.000124612062632562,-0.325568077731956,0.945518593806464));
#5876=ORIENTED_EDGE('',*,*,#6532,.T.);
#5877=ORIENTED_EDGE('',*,*,#6717,.F.);
#5878=ORIENTED_EDGE('',*,*,#6720,.T.);
#5879=ORIENTED_EDGE('',*,*,#6732,.F.);
#5880=ORIENTED_EDGE('',*,*,#6488,.F.);
#5881=CARTESIAN_POINT('',(0.017558605845735,0.0588107337860682,0.0797442750066713));
#5882=DIRECTION('',(-0.999999991800561,1.26695289235183E-05,-0.000127429823403553));
#5883=DIRECTION('',(0.000108979205271746,-0.43837121966273,-0.898794004149418));
#5884=ORIENTED_EDGE('',*,*,#6528,.T.);
#5885=ORIENTED_EDGE('',*,*,#6705,.F.);
#5886=ORIENTED_EDGE('',*,*,#6733,.T.);
#5887=ORIENTED_EDGE('',*,*,#6734,.F.);
#5888=CARTESIAN_POINT('',(0.0175576524613372,0.0755874421592789,0.0888939179299156));
#5889=DIRECTION('',(-0.999999991800561,1.26695289235183E-05,-0.000127429823403553));
#5890=DIRECTION('',(3.27503626482265E-05,0.98730340217159,-0.158845808845614));
#5891=ORIENTED_EDGE('',*,*,#6576,.F.);
#5892=ORIENTED_EDGE('',*,*,#6547,.F.);
#5893=ORIENTED_EDGE('',*,*,#6735,.F.);
#5894=ORIENTED_EDGE('',*,*,#6733,.F.);
#5895=CARTESIAN_POINT('',(0.0175573888246344,0.0753434376764256,0.0909385356797268));
#5896=DIRECTION('',(-6.43813893383222E-05,0.810449881391923,0.585807976735427));
#5897=DIRECTION('',(0.000110697396368733,0.58580798013624,-0.810449873931007));
#5898=ORIENTED_EDGE('',*,*,#6524,.T.);
#5899=ORIENTED_EDGE('',*,*,#6736,.T.);
#5900=ORIENTED_EDGE('',*,*,#6737,.T.);
#5901=ORIENTED_EDGE('',*,*,#6738,.T.);
#5902=CARTESIAN_POINT('',(0.0185575020853345,0.0799684750158745,0.0905096293693301));
#5903=DIRECTION('',(1.72404182765721E-05,-0.972714780296802,-0.232004215252466));
#5904=DIRECTION('',(-0.707196501763931,-0.164042795367406,0.687723105021858));
#5905=ORIENTED_EDGE('',*,*,#6739,.T.);
#5906=ORIENTED_EDGE('',*,*,#6507,.T.);
#5907=ORIENTED_EDGE('',*,*,#6525,.F.);
#5908=ORIENTED_EDGE('',*,*,#6738,.F.);
#5909=ORIENTED_EDGE('',*,*,#6740,.T.);
#5910=ORIENTED_EDGE('',*,*,#6739,.F.);
#5911=ORIENTED_EDGE('',*,*,#6741,.T.);
#5912=ORIENTED_EDGE('',*,*,#6523,.T.);
#5913=ORIENTED_EDGE('',*,*,#6742,.T.);
#5914=ORIENTED_EDGE('',*,*,#6508,.T.);
#5915=ORIENTED_EDGE('',*,*,#6743,.T.);
#5916=ORIENTED_EDGE('',*,*,#6744,.T.);
#5917=ORIENTED_EDGE('',*,*,#6736,.F.);
#5918=ORIENTED_EDGE('',*,*,#6527,.F.);
#5919=ORIENTED_EDGE('',*,*,#6745,.T.);
#5920=ORIENTED_EDGE('',*,*,#6746,.T.);
#5921=ORIENTED_EDGE('',*,*,#6499,.T.);
#5922=ORIENTED_EDGE('',*,*,#6542,.T.);
#5923=ORIENTED_EDGE('',*,*,#6747,.T.);
#5924=ORIENTED_EDGE('',*,*,#6743,.F.);
#5925=ORIENTED_EDGE('',*,*,#6501,.T.);
#5926=ORIENTED_EDGE('',*,*,#6748,.T.);
#5927=ORIENTED_EDGE('',*,*,#6520,.T.);
#5928=ORIENTED_EDGE('',*,*,#6741,.F.);
#5929=ORIENTED_EDGE('',*,*,#6749,.T.);
#5930=ORIENTED_EDGE('',*,*,#6620,.T.);
#5931=CARTESIAN_POINT('',(0.00655716451816455,0.0832969083125222,0.102610491969195));
#5932=DIRECTION('',(-0.999999944945755,-0.000268800022634634,-0.000194563703176935));
#5933=DIRECTION('',(6.47945433219084E-05,0.416877285050584,-0.908962774271049));
#5934=ORIENTED_EDGE('',*,*,#6740,.F.);
#5935=ORIENTED_EDGE('',*,*,#6737,.F.);
#5936=ORIENTED_EDGE('',*,*,#6744,.F.);
#5937=ORIENTED_EDGE('',*,*,#6747,.F.);
#5938=ORIENTED_EDGE('',*,*,#6541,.F.);
#5939=ORIENTED_EDGE('',*,*,#6621,.F.);
#5940=ORIENTED_EDGE('',*,*,#6749,.F.);
#5941=CARTESIAN_POINT('',(0.0205572867179042,0.0847273427919544,0.0926729882519326));
#5942=DIRECTION('',(-0.000126892256790766,-0.232004215547106,0.972714772102659));
#5943=DIRECTION('',(-1.72404182767699E-05,0.972714780296802,0.232004215252466));
#5944=ORIENTED_EDGE('',*,*,#6750,.F.);
#5945=ORIENTED_EDGE('',*,*,#6751,.T.);
#5946=ORIENTED_EDGE('',*,*,#6752,.T.);
#5947=ORIENTED_EDGE('',*,*,#6519,.T.);
#5948=ORIENTED_EDGE('',*,*,#6514,.T.);
#5949=ORIENTED_EDGE('',*,*,#6727,.T.);
#5950=ORIENTED_EDGE('',*,*,#6753,.T.);
#5951=ORIENTED_EDGE('',*,*,#6754,.T.);
#5952=ORIENTED_EDGE('',*,*,#6511,.T.);
#5953=ORIENTED_EDGE('',*,*,#6517,.T.);
#5954=ORIENTED_EDGE('',*,*,#6755,.T.);
#5955=ORIENTED_EDGE('',*,*,#6756,.T.);
#5956=ORIENTED_EDGE('',*,*,#6516,.T.);
#5957=ORIENTED_EDGE('',*,*,#6752,.F.);
#5958=ORIENTED_EDGE('',*,*,#6757,.T.);
#5959=ORIENTED_EDGE('',*,*,#6755,.F.);
#5960=CARTESIAN_POINT('',(0.0185583148734533,0.0609252326371126,0.0822379627051934));
#5961=DIRECTION('',(6.80411868396004E-05,-0.790440608155272,-0.612538684777966));
#5962=DIRECTION('',(-0.707183486775531,-0.433121301615302,0.558835802467119));
#5963=ORIENTED_EDGE('',*,*,#6512,.T.);
#5964=ORIENTED_EDGE('',*,*,#6504,.T.);
#5965=ORIENTED_EDGE('',*,*,#6758,.T.);
#5966=ORIENTED_EDGE('',*,*,#6759,.T.);
#5967=ORIENTED_EDGE('',*,*,#6760,.F.);
#5968=CARTESIAN_POINT('',(0.0165587476475291,0.0646316836713047,0.0792101669172166));
#5969=DIRECTION('',(-2.95078074792541E-05,0.945518601933035,0.325568076641257));
#5970=DIRECTION('',(0.707194889423179,0.230202436792318,-0.668492502926261));
#5971=ORIENTED_EDGE('',*,*,#6526,.F.);
#5972=ORIENTED_EDGE('',*,*,#6506,.F.);
#5973=ORIENTED_EDGE('',*,*,#6515,.F.);
#5974=ORIENTED_EDGE('',*,*,#6518,.F.);
#5975=ORIENTED_EDGE('',*,*,#6510,.F.);
#5976=ORIENTED_EDGE('',*,*,#6484,.F.);
#5977=ORIENTED_EDGE('',*,*,#6761,.F.);
#5978=ORIENTED_EDGE('',*,*,#6491,.F.);
#5979=ORIENTED_EDGE('',*,*,#6495,.F.);
#5980=ORIENTED_EDGE('',*,*,#6762,.F.);
#5981=CARTESIAN_POINT('',(0.0175592477347298,0.0780075097316757,0.0766156912042807));
#5982=DIRECTION('',(0.999999991800562,-1.26695289235183E-05,0.000127429823403553));
#5983=DIRECTION('',(2.3727568554296E-05,0.996194690941844,-0.0871558212415338));
#5984=ORIENTED_EDGE('',*,*,#6509,.T.);
#5985=ORIENTED_EDGE('',*,*,#6754,.F.);
#5986=ORIENTED_EDGE('',*,*,#6763,.T.);
#5987=ORIENTED_EDGE('',*,*,#6731,.T.);
#5988=ORIENTED_EDGE('',*,*,#6486,.F.);
#5989=CARTESIAN_POINT('',(0.016559126432111,0.0581256120573996,0.0755908144851367));
#5990=DIRECTION('',(-0.000124612062632718,-0.325568077731956,0.945518593806464));
#5991=DIRECTION('',(0.707085910217902,0.668573656455057,0.230301501223149));
#5992=ORIENTED_EDGE('',*,*,#6503,.T.);
#5993=ORIENTED_EDGE('',*,*,#6742,.F.);
#5994=ORIENTED_EDGE('',*,*,#6764,.T.);
#5995=ORIENTED_EDGE('',*,*,#6765,.T.);
#5996=ORIENTED_EDGE('',*,*,#6758,.F.);
#5997=CARTESIAN_POINT('',(0.0165574456411499,0.0829405006204955,0.0912479333798845));
#5998=DIRECTION('',(-6.43813893383224E-05,0.810449881391922,0.585807976735428));
#5999=DIRECTION('',(0.707145993477981,0.414242718061141,-0.573016155480243));
#6000=ORIENTED_EDGE('',*,*,#6759,.F.);
#6001=ORIENTED_EDGE('',*,*,#6765,.F.);
#6002=ORIENTED_EDGE('',*,*,#6766,.F.);
#6003=ORIENTED_EDGE('',*,*,#6664,.F.);
#6004=ORIENTED_EDGE('',*,*,#6400,.F.);
#6005=ORIENTED_EDGE('',*,*,#6767,.T.);
#6006=ORIENTED_EDGE('',*,*,#6768,.F.);
#6007=ORIENTED_EDGE('',*,*,#6769,.T.);
#6008=CARTESIAN_POINT('',(-0.00744065141996156,0.0537981818509089,0.0744191104461274));
#6009=DIRECTION('',(0.00012461206263242,0.325568077731956,-0.945518593806464));
#6010=DIRECTION('',(-0.999999991800562,1.26695289234141E-05,-0.000127429823403312));
#6011=ORIENTED_EDGE('',*,*,#6764,.F.);
#6012=ORIENTED_EDGE('',*,*,#6522,.T.);
#6013=ORIENTED_EDGE('',*,*,#6619,.T.);
#6014=ORIENTED_EDGE('',*,*,#6770,.F.);
#6015=ORIENTED_EDGE('',*,*,#6665,.T.);
#6016=ORIENTED_EDGE('',*,*,#6766,.T.);
#6017=CARTESIAN_POINT('',(-0.00744327237844472,0.0937121636371375,0.0977999990751018));
#6018=DIRECTION('',(-2.1893276471737E-07,-0.585807977960914,0.810449883063288));
#6019=DIRECTION('',(0.999999997275871,5.96926629356298E-05,4.34170843538722E-05));
#6020=ORIENTED_EDGE('',*,*,#6500,.T.);
#6021=ORIENTED_EDGE('',*,*,#6771,.T.);
#6022=ORIENTED_EDGE('',*,*,#6735,.T.);
#6023=ORIENTED_EDGE('',*,*,#6772,.T.);
#6024=ORIENTED_EDGE('',*,*,#6748,.F.);
#6025=CARTESIAN_POINT('',(0.0165580533153359,0.0800110305484832,0.0861879782638617));
#6026=DIRECTION('',(0.000110697396368121,0.58580798013624,-0.810449873931007));
#6027=DIRECTION('',(0.707152299905655,-0.573083565653876,-0.414138686330536));
#6028=ORIENTED_EDGE('',*,*,#6496,.T.);
#6029=ORIENTED_EDGE('',*,*,#6746,.F.);
#6030=ORIENTED_EDGE('',*,*,#6772,.F.);
#6031=ORIENTED_EDGE('',*,*,#6546,.T.);
#6032=ORIENTED_EDGE('',*,*,#6723,.T.);
#6033=CARTESIAN_POINT('',(0.0165575860510988,0.075235970040726,0.0893800604244508));
#6034=DIRECTION('',(-0.999999991800561,1.26695289235183E-05,-0.000127429823403553));
#6035=DIRECTION('',(-0.000127861175540883,-0.0436193870087806,0.999048213415398));
#6036=ORIENTED_EDGE('',*,*,#6745,.F.);
#6037=ORIENTED_EDGE('',*,*,#6762,.T.);
#6038=ORIENTED_EDGE('',*,*,#6494,.T.);
#6039=ORIENTED_EDGE('',*,*,#6773,.T.);
#6040=ORIENTED_EDGE('',*,*,#6529,.T.);
#6041=ORIENTED_EDGE('',*,*,#6734,.T.);
#6042=ORIENTED_EDGE('',*,*,#6771,.F.);
#6043=ORIENTED_EDGE('',*,*,#6502,.F.);
#6044=CARTESIAN_POINT('',(0.0165576524695367,0.0755874548288078,0.0888937905000922));
#6045=DIRECTION('',(-0.999999991800561,1.26695289235183E-05,-0.000127429823403553));
#6046=DIRECTION('',(-0.000127861175540883,-0.0436193870087806,0.999048213415398));
#6047=ORIENTED_EDGE('',*,*,#6493,.T.);
#6048=ORIENTED_EDGE('',*,*,#6774,.T.);
#6049=ORIENTED_EDGE('',*,*,#6721,.T.);
#6050=ORIENTED_EDGE('',*,*,#6773,.F.);
#6051=CARTESIAN_POINT('',(0.0165581122420962,0.0737583086926753,0.0851038851015165));
#6052=DIRECTION('',(6.43813893384018E-05,-0.810449881391922,-0.585807976735428));
#6053=DIRECTION('',(0.707028500509036,-0.414237753937347,0.573164708160652));
#6054=ORIENTED_EDGE('',*,*,#6489,.T.);
#6055=ORIENTED_EDGE('',*,*,#6775,.T.);
#6056=ORIENTED_EDGE('',*,*,#6719,.T.);
#6057=ORIENTED_EDGE('',*,*,#6774,.F.);
#6058=CARTESIAN_POINT('',(0.0165585826120043,0.0681925117474301,0.0808593062800241));
#6059=DIRECTION('',(2.95078074792806E-05,-0.945518601933035,-0.325568076641257));
#6060=DIRECTION('',(0.707018661354166,-0.230220354211951,0.668672715910771));
#6061=ORIENTED_EDGE('',*,*,#6483,.T.);
#6062=ORIENTED_EDGE('',*,*,#6732,.T.);
#6063=ORIENTED_EDGE('',*,*,#6775,.F.);
#6064=ORIENTED_EDGE('',*,*,#6492,.F.);
#6065=ORIENTED_EDGE('',*,*,#6761,.T.);
#6066=CARTESIAN_POINT('',(0.0165586058539344,0.0588107464555971,0.0797441475768479));
#6067=DIRECTION('',(-0.999999991800561,1.26695289235183E-05,-0.000127429823403553));
#6068=DIRECTION('',(-0.000127861175540883,-0.0436193870087806,0.999048213415398));
#6069=ORIENTED_EDGE('',*,*,#6753,.F.);
#6070=ORIENTED_EDGE('',*,*,#6726,.F.);
#6071=ORIENTED_EDGE('',*,*,#6536,.T.);
#6072=ORIENTED_EDGE('',*,*,#6730,.T.);
#6073=ORIENTED_EDGE('',*,*,#6763,.F.);
#6074=CARTESIAN_POINT('',(0.0165585310866968,0.058615405608958,0.0803114587331319));
#6075=DIRECTION('',(0.999999991800561,-1.26695289235183E-05,0.000127429823403553));
#6076=DIRECTION('',(0.000127861175540883,0.0436193870087806,-0.999048213415398));
#6077=ORIENTED_EDGE('',*,*,#6751,.F.);
#6078=ORIENTED_EDGE('',*,*,#6776,.F.);
#6079=ORIENTED_EDGE('',*,*,#6609,.T.);
#6080=ORIENTED_EDGE('',*,*,#6728,.T.);
#6081=ORIENTED_EDGE('',*,*,#6756,.F.);
#6082=ORIENTED_EDGE('',*,*,#6757,.F.);
#6083=CARTESIAN_POINT('',(0.017558890803615,0.0523618742585999,0.0768669117633043));
#6084=DIRECTION('',(-0.000108486283691791,-0.61253868842597,0.790440600812053));
#6085=DIRECTION('',(6.80411868395677E-05,-0.790440608155272,-0.612538684777966));
#6086=ORIENTED_EDGE('',*,*,#6479,.T.);
#6087=ORIENTED_EDGE('',*,*,#6610,.F.);
#6088=ORIENTED_EDGE('',*,*,#6776,.T.);
#6089=ORIENTED_EDGE('',*,*,#6750,.T.);
#6090=ORIENTED_EDGE('',*,*,#6513,.T.);
#6091=ORIENTED_EDGE('',*,*,#6760,.T.);
#6092=ORIENTED_EDGE('',*,*,#6769,.F.);
#6093=ORIENTED_EDGE('',*,*,#6777,.T.);
#6094=CARTESIAN_POINT('',(0.0205603571585864,0.0492892202261737,0.0660578387542867));
#6095=DIRECTION('',(-0.999999991800561,1.26695289235183E-05,-0.000127429823403553));
#6096=DIRECTION('',(2.37275685542961E-05,0.996194690941844,-0.0871558212415338));
#6097=ORIENTED_EDGE('',*,*,#6475,.T.);
#6098=ORIENTED_EDGE('',*,*,#6666,.T.);
#6099=ORIENTED_EDGE('',*,*,#6770,.T.);
#6100=ORIENTED_EDGE('',*,*,#6618,.T.);
#6101=CARTESIAN_POINT('',(-0.0146783244242881,0.0927821638653508,0.0909583633544));
#6102=DIRECTION('',(-0.99999967637279,0.000652152317564342,0.000471117469149181));
#6103=DIRECTION('',(0.00046244032817546,-0.0132422006345197,0.99991221128222));
#6104=ORIENTED_EDGE('',*,*,#6471,.T.);
#6105=ORIENTED_EDGE('',*,*,#6778,.T.);
#6106=ORIENTED_EDGE('',*,*,#6473,.T.);
#6107=ORIENTED_EDGE('',*,*,#6470,.T.);
#6108=CARTESIAN_POINT('',(0.00256035730617628,0.0492894482776943,0.0660555450174654));
#6109=DIRECTION('',(0.999999991800561,-1.26695289235174E-05,0.000127429823403546));
#6110=DIRECTION('',(3.74962974941227E-06,0.997564060204477,0.0697563314280423));
#6111=ORIENTED_EDGE('',*,*,#6463,.F.);
#6112=ORIENTED_EDGE('',*,*,#6779,.F.);
#6113=ORIENTED_EDGE('',*,*,#6474,.F.);
#6114=ORIENTED_EDGE('',*,*,#6778,.F.);
#6115=CARTESIAN_POINT('',(0.00256046072160034,0.0492880761582637,0.0652438605580645));
#6116=DIRECTION('',(-0.999999991800562,1.26695289235174E-05,-0.000127429823403546));
#6117=DIRECTION('',(-2.37275685542945E-05,-0.996194690941844,0.0871558212415338));
#6118=ORIENTED_EDGE('',*,*,#6467,.T.);
#6119=ORIENTED_EDGE('',*,*,#6472,.F.);
#6120=ORIENTED_EDGE('',*,*,#6469,.T.);
#6121=ORIENTED_EDGE('',*,*,#6451,.F.);
#6122=CARTESIAN_POINT('',(0.00956035724878021,0.0492893595909918,0.0660564370262293));
#6123=DIRECTION('',(-0.999999991800561,1.26695289235179E-05,-0.000127429823403553));
#6124=DIRECTION('',(-3.74962974941227E-06,-0.997564060204477,-0.0697563314280423));
#6125=ORIENTED_EDGE('',*,*,#6462,.T.);
#6126=ORIENTED_EDGE('',*,*,#6603,.T.);
#6127=ORIENTED_EDGE('',*,*,#6464,.T.);
#6128=ORIENTED_EDGE('',*,*,#6779,.T.);
#6129=CARTESIAN_POINT('',(0.00456035728977741,0.0492894229386364,0.0660557998771123));
#6130=DIRECTION('',(-0.999999991800561,1.26695289235175E-05,-0.00012742982340356));
#6131=DIRECTION('',(-3.7496297494114E-06,-0.997564060204477,-0.0697563314280423));
#6132=ORIENTED_EDGE('',*,*,#6780,.F.);
#6133=ORIENTED_EDGE('',*,*,#6781,.T.);
#6134=ORIENTED_EDGE('',*,*,#6782,.T.);
#6135=ORIENTED_EDGE('',*,*,#6783,.T.);
#6136=ORIENTED_EDGE('',*,*,#6784,.F.);
#6137=ORIENTED_EDGE('',*,*,#6785,.T.);
#6138=ORIENTED_EDGE('',*,*,#6786,.T.);
#6139=ORIENTED_EDGE('',*,*,#6787,.T.);
#6140=ORIENTED_EDGE('',*,*,#6627,.F.);
#6141=ORIENTED_EDGE('',*,*,#6788,.T.);
#6142=ORIENTED_EDGE('',*,*,#6789,.T.);
#6143=ORIENTED_EDGE('',*,*,#6421,.T.);
#6144=ORIENTED_EDGE('',*,*,#6599,.F.);
#6145=CARTESIAN_POINT('',(0.0140844357574697,0.111883891683446,0.0819986777079708));
#6146=DIRECTION('',(0.999997358196405,0.00136507234235505,-0.00184937224793402));
#6147=DIRECTION('',(0.00217041628064837,-0.825677931965166,0.564137609062626));
#6148=ORIENTED_EDGE('',*,*,#6788,.F.);
#6149=ORIENTED_EDGE('',*,*,#6634,.T.);
#6150=ORIENTED_EDGE('',*,*,#6784,.T.);
#6151=ORIENTED_EDGE('',*,*,#6790,.T.);
#6152=ORIENTED_EDGE('',*,*,#6425,.T.);
#6153=CARTESIAN_POINT('',(0.0140876913818906,0.110645374785498,0.0828448841215647));
#6154=DIRECTION('',(-0.000756897205694237,-0.564140132629499,-0.825678713461472));
#6155=DIRECTION('',(0.999997358196405,0.00136507234235447,-0.00184937224793363));
#6156=ORIENTED_EDGE('',*,*,#6780,.T.);
#6157=ORIENTED_EDGE('',*,*,#6630,.T.);
#6158=ORIENTED_EDGE('',*,*,#6791,.T.);
#6159=ORIENTED_EDGE('',*,*,#6461,.T.);
#6160=ORIENTED_EDGE('',*,*,#6427,.T.);
#6161=ORIENTED_EDGE('',*,*,#6792,.T.);
#6162=CARTESIAN_POINT('',(-0.000912268991055437,0.110624898700363,0.0828726247052837));
#6163=DIRECTION('',(0.000756897205694237,0.564140132629499,0.825678713461472));
#6164=DIRECTION('',(-0.999997358196405,-0.00136507234235447,0.00184937224793363));
#6165=ORIENTED_EDGE('',*,*,#6459,.T.);
#6166=ORIENTED_EDGE('',*,*,#6791,.F.);
#6167=ORIENTED_EDGE('',*,*,#6629,.T.);
#6168=ORIENTED_EDGE('',*,*,#6793,.F.);
#6169=CARTESIAN_POINT('',(-0.012117426706184,0.111848124151188,0.0820471348332693));
#6170=DIRECTION('',(0.999997358196405,0.00136507234235399,-0.00184937224793333));
#6171=DIRECTION('',(0.000999508923235704,-0.982749778090451,-0.184937488479437));
#6172=ORIENTED_EDGE('',*,*,#6456,.T.);
#6173=ORIENTED_EDGE('',*,*,#6793,.T.);
#6174=ORIENTED_EDGE('',*,*,#6595,.F.);
#6175=ORIENTED_EDGE('',*,*,#6637,.F.);
#6176=CARTESIAN_POINT('',(-0.00295888143785094,0.111860626261058,0.0820301972290728));
#6177=DIRECTION('',(0.999997358196405,0.00136507234234211,-0.00184937224793557));
#6178=DIRECTION('',(0.000999508923223607,-0.98274977809045,-0.184937488479441));
#6179=ORIENTED_EDGE('',*,*,#6698,.T.);
#6180=ORIENTED_EDGE('',*,*,#6794,.T.);
#6181=ORIENTED_EDGE('',*,*,#6782,.F.);
#6182=ORIENTED_EDGE('',*,*,#6794,.F.);
#6183=ORIENTED_EDGE('',*,*,#6407,.T.);
#6184=ORIENTED_EDGE('',*,*,#6795,.T.);
#6185=ORIENTED_EDGE('',*,*,#6453,.T.);
#6186=ORIENTED_EDGE('',*,*,#6796,.T.);
#6187=ORIENTED_EDGE('',*,*,#6631,.T.);
#6188=ORIENTED_EDGE('',*,*,#6783,.F.);
#6189=CARTESIAN_POINT('',(0.00108820084421029,0.109594800517899,0.082363474574733));
#6190=DIRECTION('',(0.000756897205694237,0.564140132629499,0.825678713461472));
#6191=DIRECTION('',(-0.999997358196405,-0.00136507234235447,0.00184937224793363));
#6192=ORIENTED_EDGE('',*,*,#6452,.T.);
#6193=ORIENTED_EDGE('',*,*,#6797,.F.);
#6194=ORIENTED_EDGE('',*,*,#6632,.T.);
#6195=ORIENTED_EDGE('',*,*,#6796,.F.);
#6196=CARTESIAN_POINT('',(-0.00766461644345701,0.110821373599659,0.0815334494004084));
#6197=DIRECTION('',(0.999997358196405,0.00136507234235247,-0.00184937224793229));
#6198=DIRECTION('',(0.0020699232168495,-0.184935151446851,0.982748546260541));
#6199=ORIENTED_EDGE('',*,*,#6405,.F.);
#6200=ORIENTED_EDGE('',*,*,#6798,.F.);
#6201=ORIENTED_EDGE('',*,*,#6785,.F.);
#6202=ORIENTED_EDGE('',*,*,#6633,.F.);
#6203=ORIENTED_EDGE('',*,*,#6797,.T.);
#6204=ORIENTED_EDGE('',*,*,#6455,.T.);
#6205=ORIENTED_EDGE('',*,*,#6799,.F.);
#6206=CARTESIAN_POINT('',(0.0120881717843707,0.109609816313665,0.0823431314800058));
#6207=DIRECTION('',(0.000756897205694237,0.564140132629499,0.825678713461472));
#6208=DIRECTION('',(-0.999997358196405,-0.00136507234235447,0.00184937224793363));
#6209=ORIENTED_EDGE('',*,*,#6798,.T.);
#6210=ORIENTED_EDGE('',*,*,#6678,.T.);
#6211=ORIENTED_EDGE('',*,*,#6786,.F.);
#6212=ORIENTED_EDGE('',*,*,#6448,.T.);
#6213=ORIENTED_EDGE('',*,*,#6468,.T.);
#6214=ORIENTED_EDGE('',*,*,#6450,.T.);
#6215=ORIENTED_EDGE('',*,*,#6800,.T.);
#6216=CARTESIAN_POINT('',(0.00856035725697965,0.0492893722605208,0.0660563095964059));
#6217=DIRECTION('',(0.999999991800562,-1.26695289235183E-05,0.000127429823403553));
#6218=DIRECTION('',(3.7496297494127E-06,0.997564060204477,0.0697563314280423));
#6219=ORIENTED_EDGE('',*,*,#6801,.F.);
#6220=ORIENTED_EDGE('',*,*,#6802,.T.);
#6221=ORIENTED_EDGE('',*,*,#6803,.F.);
#6222=ORIENTED_EDGE('',*,*,#6804,.T.);
#6223=ORIENTED_EDGE('',*,*,#6447,.T.);
#6224=CARTESIAN_POINT('',(0.00806035726107937,0.0492893785952852,0.0660562458814942));
#6225=DIRECTION('',(0.999999991800562,-1.26695289235183E-05,0.000127429823403553));
#6226=DIRECTION('',(0.000127861175540883,0.0436193870087806,-0.999048213415398));
#6227=ORIENTED_EDGE('',*,*,#6444,.T.);
#6228=ORIENTED_EDGE('',*,*,#6804,.F.);
#6229=ORIENTED_EDGE('',*,*,#6805,.F.);
#6230=ORIENTED_EDGE('',*,*,#6662,.F.);
#6231=CARTESIAN_POINT('',(-0.00743964261182934,0.0492895749729835,0.0660542707192314));
#6232=DIRECTION('',(-0.999999991800561,1.26695289235183E-05,-0.000127429823403553));
#6233=DIRECTION('',(-2.37275685542961E-05,-0.996194690941844,0.0871558212415339));
#6234=ORIENTED_EDGE('',*,*,#6439,.T.);
#6235=ORIENTED_EDGE('',*,*,#6655,.T.);
#6236=ORIENTED_EDGE('',*,*,#6441,.T.);
#6237=ORIENTED_EDGE('',*,*,#6413,.T.);
#6238=CARTESIAN_POINT('',(0.0171038001306556,0.105881635048833,0.0880347162108609));
#6239=DIRECTION('',(0.000756897205694234,0.564140132629499,0.825678713461472));
#6240=DIRECTION('',(-0.999997358196405,-0.001365072342354,0.0018493722479333));
#6241=ORIENTED_EDGE('',*,*,#6434,.T.);
#6242=ORIENTED_EDGE('',*,*,#6654,.T.);
#6243=ORIENTED_EDGE('',*,*,#6436,.T.);
#6244=ORIENTED_EDGE('',*,*,#6417,.T.);
#6245=CARTESIAN_POINT('',(-0.00389614439146887,0.105852968529644,0.0880735530280675));
#6246=DIRECTION('',(0.000756897205694234,0.564140132629499,0.825678713461472));
#6247=DIRECTION('',(-0.999997358196405,-0.001365072342354,0.0018493722479333));
#6248=ORIENTED_EDGE('',*,*,#6430,.T.);
#6249=ORIENTED_EDGE('',*,*,#6457,.T.);
#6250=ORIENTED_EDGE('',*,*,#6640,.T.);
#6251=ORIENTED_EDGE('',*,*,#6642,.T.);
#6252=CARTESIAN_POINT('',(-0.00295767040232182,0.112763250473265,0.0833512831706116));
#6253=DIRECTION('',(-0.000756897205694256,-0.564140132629499,-0.825678713461472));
#6254=DIRECTION('',(-0.70557019707927,-0.584807716678739,0.400213232547999));
#6255=ORIENTED_EDGE('',*,*,#6432,.F.);
#6256=ORIENTED_EDGE('',*,*,#6641,.T.);
#6257=ORIENTED_EDGE('',*,*,#6428,.F.);
#6258=ORIENTED_EDGE('',*,*,#6460,.F.);
#6259=CARTESIAN_POINT('',(-0.00231791847304214,0.112351283335863,0.0836321708395129));
#6260=DIRECTION('',(-0.0021704162806471,0.825677931965165,-0.564137609062627));
#6261=DIRECTION('',(-0.000756897205691725,-0.564140132629499,-0.825678713461472));
#6262=ORIENTED_EDGE('',*,*,#6426,.T.);
#6263=ORIENTED_EDGE('',*,*,#6653,.T.);
#6264=ORIENTED_EDGE('',*,*,#6699,.T.);
#6265=ORIENTED_EDGE('',*,*,#6781,.F.);
#6266=ORIENTED_EDGE('',*,*,#6792,.F.);
#6267=CARTESIAN_POINT('',(-0.000911057955526325,0.11152752291257,0.0841937106468225));
#6268=DIRECTION('',(0.000756897205694309,0.564140132629499,0.825678713461472));
#6269=DIRECTION('',(0.705570197079268,0.584807716678741,-0.400213232548001));
#6270=ORIENTED_EDGE('',*,*,#6422,.T.);
#6271=ORIENTED_EDGE('',*,*,#6790,.F.);
#6272=ORIENTED_EDGE('',*,*,#6787,.F.);
#6273=ORIENTED_EDGE('',*,*,#6677,.T.);
#6274=ORIENTED_EDGE('',*,*,#6647,.T.);
#6275=CARTESIAN_POINT('',(0.0140889024174198,0.111547998997706,0.0841659700631036));
#6276=DIRECTION('',(-0.000756897205694256,-0.564140132629499,-0.825678713461472));
#6277=DIRECTION('',(-0.708639629219354,0.582877212858564,-0.397597825233097));
#6278=ORIENTED_EDGE('',*,*,#6418,.T.);
#6279=ORIENTED_EDGE('',*,*,#6789,.F.);
#6280=ORIENTED_EDGE('',*,*,#6424,.T.);
#6281=ORIENTED_EDGE('',*,*,#6646,.T.);
#6282=CARTESIAN_POINT('',(0.0140856467929988,0.112786515895653,0.0833197636495096));
#6283=DIRECTION('',(-0.000756897205694203,-0.564140132629499,-0.825678713461472));
#6284=DIRECTION('',(0.708639629219347,-0.58287721285857,0.397597825233101));
#6285=ORIENTED_EDGE('',*,*,#6414,.T.);
#6286=ORIENTED_EDGE('',*,*,#6435,.F.);
#6287=ORIENTED_EDGE('',*,*,#6416,.T.);
#6288=ORIENTED_EDGE('',*,*,#6690,.T.);
#6289=ORIENTED_EDGE('',*,*,#6689,.T.);
#6290=CARTESIAN_POINT('',(-0.00389614439146888,0.105852968529644,0.0880735530280677));
#6291=DIRECTION('',(0.000756897205694237,0.564140132629499,0.825678713461472));
#6292=DIRECTION('',(0.999997358196405,0.00136507234235286,-0.00184937224793253));
#6293=ORIENTED_EDGE('',*,*,#6410,.T.);
#6294=ORIENTED_EDGE('',*,*,#6440,.F.);
#6295=ORIENTED_EDGE('',*,*,#6412,.T.);
#6296=ORIENTED_EDGE('',*,*,#6692,.T.);
#6297=ORIENTED_EDGE('',*,*,#6691,.T.);
#6298=CARTESIAN_POINT('',(0.0171038001306556,0.105881635048833,0.0880347162108612));
#6299=DIRECTION('',(0.000756897205694237,0.564140132629499,0.825678713461472));
#6300=DIRECTION('',(0.999997358196405,0.00136507234235286,-0.00184937224793253));
#6301=ORIENTED_EDGE('',*,*,#6406,.T.);
#6302=ORIENTED_EDGE('',*,*,#6696,.T.);
#6303=ORIENTED_EDGE('',*,*,#6806,.T.);
#6304=ORIENTED_EDGE('',*,*,#6795,.F.);
#6305=CARTESIAN_POINT('',(0.00109016877694509,0.111061564862736,0.0845102392297334));
#6306=DIRECTION('',(-0.000756897205694361,-0.564140132629499,-0.825678713461472));
#6307=DIRECTION('',(-0.708639629219354,0.582877212858564,-0.397597825233097));
#6308=ORIENTED_EDGE('',*,*,#6807,.F.);
#6309=ORIENTED_EDGE('',*,*,#6454,.F.);
#6310=ORIENTED_EDGE('',*,*,#6806,.F.);
#6311=ORIENTED_EDGE('',*,*,#6695,.F.);
#6312=CARTESIAN_POINT('',(0.00658798383074467,0.111894750692584,0.083935930073307));
#6313=DIRECTION('',(0.00217041628064526,-0.825677931965165,0.564137609062627));
#6314=DIRECTION('',(-0.999997358196405,-0.00136507234235121,0.00184937224793412));
#6315=ORIENTED_EDGE('',*,*,#6402,.T.);
#6316=ORIENTED_EDGE('',*,*,#6799,.T.);
#6317=ORIENTED_EDGE('',*,*,#6807,.T.);
#6318=ORIENTED_EDGE('',*,*,#6694,.T.);
#6319=CARTESIAN_POINT('',(0.0120901397171055,0.111076580658502,0.0844898961350062));
#6320=DIRECTION('',(0.000756897205694309,0.564140132629499,0.825678713461472));
#6321=DIRECTION('',(0.705570197079265,0.584807716678744,-0.400213232548002));
#6322=ORIENTED_EDGE('',*,*,#6808,.F.);
#6323=ORIENTED_EDGE('',*,*,#6446,.T.);
#6324=ORIENTED_EDGE('',*,*,#6661,.T.);
#6325=ORIENTED_EDGE('',*,*,#6809,.T.);
#6326=ORIENTED_EDGE('',*,*,#6810,.T.);
#6327=ORIENTED_EDGE('',*,*,#6811,.T.);
#6328=ORIENTED_EDGE('',*,*,#6801,.T.);
#6329=ORIENTED_EDGE('',*,*,#6808,.T.);
#6330=ORIENTED_EDGE('',*,*,#6811,.F.);
#6331=ORIENTED_EDGE('',*,*,#6812,.T.);
#6332=ORIENTED_EDGE('',*,*,#6813,.F.);
#6333=ORIENTED_EDGE('',*,*,#6480,.F.);
#6334=ORIENTED_EDGE('',*,*,#6777,.F.);
#6335=ORIENTED_EDGE('',*,*,#6768,.T.);
#6336=ORIENTED_EDGE('',*,*,#6814,.F.);
#6337=ORIENTED_EDGE('',*,*,#6802,.F.);
#6338=ORIENTED_EDGE('',*,*,#6800,.F.);
#6339=ORIENTED_EDGE('',*,*,#6449,.F.);
#6340=CARTESIAN_POINT('',(0.00856225941021217,0.0710982350234693,0.0532975600671888));
#6341=DIRECTION('',(-0.999999991800562,1.26695289235183E-05,-0.000127429823403553));
#6342=DIRECTION('',(-2.37275685542961E-05,-0.996194690941844,0.0871558212415338));
#6343=ORIENTED_EDGE('',*,*,#6767,.F.);
#6344=ORIENTED_EDGE('',*,*,#6399,.T.);
#6345=ORIENTED_EDGE('',*,*,#6815,.T.);
#6346=ORIENTED_EDGE('',*,*,#6803,.T.);
#6347=ORIENTED_EDGE('',*,*,#6814,.T.);
#6348=CARTESIAN_POINT('',(0.00805946326590765,0.0522782901102308,0.0733690023492427));
#6349=DIRECTION('',(0.999999991800561,-1.26695289235183E-05,0.000127429823403553));
#6350=DIRECTION('',(-0.000113163945787367,0.37834322973995,0.925665375664373));
#6351=ORIENTED_EDGE('',*,*,#6398,.T.);
#6352=ORIENTED_EDGE('',*,*,#6663,.T.);
#6353=ORIENTED_EDGE('',*,*,#6805,.T.);
#6354=ORIENTED_EDGE('',*,*,#6815,.F.);
#6355=CARTESIAN_POINT('',(-0.00744053660700106,0.0522784864879291,0.07336702718698));
#6356=DIRECTION('',(-0.999999991800561,1.26695289235183E-05,-0.000127429823403553));
#6357=DIRECTION('',(-1.62571137839177E-05,-0.999602500042693,0.0281929360674782));
#6358=ORIENTED_EDGE('',*,*,#6394,.T.);
#6359=ORIENTED_EDGE('',*,*,#6659,.T.);
#6360=ORIENTED_EDGE('',*,*,#6697,.T.);
#6361=ORIENTED_EDGE('',*,*,#6613,.T.);
#6362=CARTESIAN_POINT('',(0.00658491472340985,0.0942930655808771,0.0874786714461947));
#6363=DIRECTION('',(-0.99999967637279,0.000652152317564536,0.000471117469149322));
#6364=DIRECTION('',(0.000462440328175595,-0.0132422006345231,0.99991221128222));
#6365=ORIENTED_EDGE('',*,*,#6612,.F.);
#6366=ORIENTED_EDGE('',*,*,#6816,.F.);
#6367=ORIENTED_EDGE('',*,*,#6812,.F.);
#6368=ORIENTED_EDGE('',*,*,#6810,.F.);
#6369=ORIENTED_EDGE('',*,*,#6809,.F.);
#6370=ORIENTED_EDGE('',*,*,#6660,.F.);
#6371=ORIENTED_EDGE('',*,*,#6396,.F.);
#6372=CARTESIAN_POINT('',(-0.00747400950626349,0.0780453160059643,0.0782022626762436));
#6373=DIRECTION('',(-2.18932764716916E-07,-0.585807977960914,0.810449883063288));
#6374=DIRECTION('',(-3.32546527985724E-07,-0.81044988306322,-0.585807977960954));
#6375=ORIENTED_EDGE('',*,*,#6816,.T.);
#6376=ORIENTED_EDGE('',*,*,#6611,.F.);
#6377=ORIENTED_EDGE('',*,*,#6481,.F.);
#6378=ORIENTED_EDGE('',*,*,#6813,.T.);
#6379=CARTESIAN_POINT('',(0.0145611740534138,0.0527892957513117,0.0599948961198112));
#6380=DIRECTION('',(6.60645923559198E-05,-0.801408136601419,-0.598117876529795));
#6381=DIRECTION('',(-0.999999991800562,1.26695289237249E-05,-0.000127429823403398));
#6382=ORIENTED_EDGE('',*,*,#6390,.T.);
#6383=ORIENTED_EDGE('',*,*,#6622,.F.);
#6384=ORIENTED_EDGE('',*,*,#6392,.T.);
#6385=ORIENTED_EDGE('',*,*,#6605,.F.);
#6386=CARTESIAN_POINT('',(0.0205603571585864,0.0492892202261737,0.0660578387542867));
#6387=DIRECTION('',(-0.999999991800561,1.26695289235179E-05,-0.000127429823403553));
#6388=DIRECTION('',(3.74962974941227E-06,0.997564060204477,0.0697563314280423));
#6389=COLOUR_RGB('',0.686274528503418,0.686274528503418,0.560784339904785);
#6390=EDGE_CURVE('',#6817,#6818,#6819,.T.);
#6391=EDGE_CURVE('0:359',#6820,#6817,#6821,.T.);
#6392=EDGE_CURVE('',#6822,#6820,#6823,.T.);
#6393=EDGE_CURVE('0:410',#6818,#6822,#6824,.T.);
#6394=EDGE_CURVE('',#6825,#6826,#6827,.T.);
#6395=EDGE_CURVE('0:383',#6825,#6828,#6829,.T.);
#6396=EDGE_CURVE('0:1142',#6828,#6830,#6831,.T.);
#6397=EDGE_CURVE('0:536',#6830,#6826,#6832,.T.);
#6398=EDGE_CURVE('',#6833,#6834,#6835,.T.);
#6399=EDGE_CURVE('0:1139',#6836,#6833,#6837,.T.);
#6400=EDGE_CURVE('0:956',#6836,#6838,#6839,.T.);
#6401=EDGE_CURVE('0:548',#6838,#6834,#6840,.T.);
#6402=EDGE_CURVE('',#6841,#6842,#6843,.T.);
#6403=EDGE_CURVE('0:647',#6841,#6844,#6845,.T.);
#6404=EDGE_CURVE('0:596',#6844,#6846,#6847,.T.);
#6405=EDGE_CURVE('0:1070',#6846,#6842,#6848,.T.);
#6406=EDGE_CURVE('',#6849,#6850,#6851,.T.);
#6407=EDGE_CURVE('0:1058',#6852,#6849,#6853,.T.);
#6408=EDGE_CURVE('0:659',#6852,#6854,#6855,.T.);
#6409=EDGE_CURVE('0:653',#6854,#6850,#6856,.T.);
#6410=EDGE_CURVE('',#6857,#6858,#6859,.T.);
#6411=EDGE_CURVE('0:641',#6857,#6860,#6861,.F.);
#6412=EDGE_CURVE('',#6862,#6860,#6863,.T.);
#6413=EDGE_CURVE('0:1097',#6858,#6862,#6864,.T.);
#6414=EDGE_CURVE('',#6865,#6866,#6867,.T.);
#6415=EDGE_CURVE('0:638',#6865,#6868,#6869,.F.);
#6416=EDGE_CURVE('',#6870,#6868,#6871,.T.);
#6417=EDGE_CURVE('0:1100',#6866,#6870,#6872,.T.);
#6418=EDGE_CURVE('',#6873,#6874,#6875,.T.);
#6419=EDGE_CURVE('0:497',#6873,#6876,#6877,.T.);
#6420=EDGE_CURVE('0:419',#6876,#6878,#6879,.T.);
#6421=EDGE_CURVE('0:1034',#6874,#6878,#6880,.T.);
#6422=EDGE_CURVE('',#6881,#6882,#6883,.T.);
#6423=EDGE_CURVE('0:500',#6881,#6884,#6885,.T.);
#6424=EDGE_CURVE('0:1109',#6886,#6884,#6887,.T.);
#6425=EDGE_CURVE('0:1037',#6882,#6886,#6888,.T.);
#6426=EDGE_CURVE('',#6889,#6890,#6891,.T.);
#6427=EDGE_CURVE('0:1043',#6892,#6889,#6893,.T.);
#6428=EDGE_CURVE('0:1106',#6892,#6894,#6895,.T.);
#6429=EDGE_CURVE('0:476',#6894,#6890,#6896,.T.);
#6430=EDGE_CURVE('',#6897,#6898,#6899,.T.);
#6431=EDGE_CURVE('0:482',#6897,#6900,#6901,.T.);
#6432=EDGE_CURVE('0:1103',#6900,#6902,#6903,.T.);
#6433=EDGE_CURVE('0:1052',#6902,#6898,#6904,.T.);
#6434=EDGE_CURVE('',#6870,#6905,#6906,.T.);
#6435=EDGE_CURVE('0:1100',#6870,#6866,#6907,.T.);
#6436=EDGE_CURVE('',#6908,#6866,#6909,.T.);
#6437=EDGE_CURVE('0:518',#6908,#6910,#6911,.T.);
#6438=EDGE_CURVE('0:518',#6910,#6905,#6912,.T.);
#6439=EDGE_CURVE('',#6862,#6913,#6914,.T.);
#6440=EDGE_CURVE('0:1097',#6862,#6858,#6915,.T.);
#6441=EDGE_CURVE('',#6916,#6858,#6917,.T.);
#6442=EDGE_CURVE('0:521',#6916,#6918,#6919,.T.);
#6443=EDGE_CURVE('0:521',#6918,#6913,#6920,.T.);
#6444=EDGE_CURVE('',#6921,#6922,#6923,.T.);
#6445=EDGE_CURVE('0:545',#6924,#6921,#6925,.F.);
#6446=EDGE_CURVE('0:1094',#6926,#6924,#6927,.T.);
#6447=EDGE_CURVE('0:1088',#6922,#6926,#6928,.T.);
#6448=EDGE_CURVE('',#6929,#6930,#6931,.T.);
#6449=EDGE_CURVE('0:1076',#6929,#6932,#6933,.T.);
#6450=EDGE_CURVE('',#6934,#6932,#6935,.T.);
#6451=EDGE_CURVE('0:1004',#6934,#6930,#6936,.T.);
#6452=EDGE_CURVE('',#6937,#6938,#6939,.T.);
#6453=EDGE_CURVE('0:1061',#6940,#6937,#6941,.T.);
#6454=EDGE_CURVE('0:1067',#6940,#6942,#6943,.T.);
#6455=EDGE_CURVE('0:1064',#6938,#6942,#6944,.T.);
#6456=EDGE_CURVE('',#6945,#6946,#6947,.T.);
#6457=EDGE_CURVE('0:1052',#6898,#6945,#6948,.T.);
#6458=EDGE_CURVE('0:1046',#6902,#6946,#6949,.T.);
#6459=EDGE_CURVE('',#6946,#6950,#6951,.T.);
#6460=EDGE_CURVE('0:1049',#6902,#6892,#6952,.T.);
#6461=EDGE_CURVE('0:1040',#6950,#6892,#6953,.T.);
#6462=EDGE_CURVE('',#6954,#6955,#6956,.T.);
#6463=EDGE_CURVE('0:1001',#6954,#6957,#6958,.F.);
#6464=EDGE_CURVE('',#6959,#6957,#6960,.T.);
#6465=EDGE_CURVE('0:356',#6959,#6961,#6962,.T.);
#6466=EDGE_CURVE('0:356',#6961,#6955,#6963,.T.);
#6467=EDGE_CURVE('',#6934,#6964,#6965,.T.);
#6468=EDGE_CURVE('0:1004',#6930,#6934,#6966,.T.);
#6469=EDGE_CURVE('',#6967,#6930,#6968,.T.);
#6470=EDGE_CURVE('0:998',#6964,#6967,#6969,.T.);
#6471=EDGE_CURVE('',#6967,#6970,#6971,.T.);
#6472=EDGE_CURVE('0:998',#6967,#6964,#6972,.T.);
#6473=EDGE_CURVE('',#6973,#6964,#6974,.T.);
#6474=EDGE_CURVE('0:995',#6973,#6970,#6975,.T.);
#6475=EDGE_CURVE('',#6976,#6977,#6978,.T.);
#6476=EDGE_CURVE('0:398',#6976,#6979,#6980,.T.);
#6477=EDGE_CURVE('0:491',#6979,#6981,#6982,.T.);
#6478=EDGE_CURVE('0:524',#6981,#6977,#6983,.T.);
#6479=EDGE_CURVE('',#6984,#6985,#6986,.T.);
#6480=EDGE_CURVE('0:989',#6984,#6987,#6988,.F.);
#6481=EDGE_CURVE('0:992',#6987,#6989,#6990,.F.);
#6482=EDGE_CURVE('0:374',#6985,#6989,#6991,.T.);
#6483=EDGE_CURVE('',#6992,#6993,#6994,.T.);
#6484=EDGE_CURVE('0:929',#6992,#6995,#6996,.T.);
#6485=EDGE_CURVE('0:944',#6995,#6997,#6998,.T.);
#6486=EDGE_CURVE('0:944',#6997,#6999,#7000,.T.);
#6487=EDGE_CURVE('0:818',#6999,#7001,#7002,.T.);
#6488=EDGE_CURVE('0:818',#7001,#6993,#7003,.T.);
#6489=EDGE_CURVE('',#7004,#7005,#7006,.T.);
#6490=EDGE_CURVE('0:980',#7007,#7004,#7008,.T.);
#6491=EDGE_CURVE('0:932',#7007,#7009,#7010,.T.);
#6492=EDGE_CURVE('0:983',#7009,#7005,#7011,.T.);
#6493=EDGE_CURVE('',#7012,#7004,#7013,.T.);
#6494=EDGE_CURVE('0:977',#7014,#7012,#7015,.T.);
#6495=EDGE_CURVE('0:935',#7014,#7007,#7016,.T.);
#6496=EDGE_CURVE('',#7017,#7018,#7019,.T.);
#6497=EDGE_CURVE('0:773',#7017,#7020,#7021,.T.);
#6498=EDGE_CURVE('0:788',#7020,#7022,#7023,.T.);
#6499=EDGE_CURVE('0:866',#7018,#7022,#7024,.T.);
#6500=EDGE_CURVE('',#7025,#7026,#7027,.T.);
#6501=EDGE_CURVE('0:872',#7028,#7025,#7029,.T.);
#6502=EDGE_CURVE('0:971',#7028,#7026,#7030,.T.);
#6503=EDGE_CURVE('',#7031,#7032,#7033,.T.);
#6504=EDGE_CURVE('0:914',#7034,#7031,#7035,.T.);
#6505=EDGE_CURVE('0:914',#7036,#7034,#7037,.T.);
#6506=EDGE_CURVE('0:923',#7036,#7038,#7039,.T.);
#6507=EDGE_CURVE('0:845',#7040,#7038,#7041,.T.);
#6508=EDGE_CURVE('0:854',#7032,#7040,#7042,.T.);
#6509=EDGE_CURVE('',#6997,#7043,#7044,.T.);
#6510=EDGE_CURVE('0:926',#6995,#7045,#7046,.T.);
#6511=EDGE_CURVE('0:896',#7043,#7045,#7047,.T.);
#6512=EDGE_CURVE('',#7048,#7034,#7049,.T.);
#6513=EDGE_CURVE('0:920',#7050,#7048,#7051,.T.);
#6514=EDGE_CURVE('0:890',#7052,#7050,#7053,.T.);
#6515=EDGE_CURVE('0:911',#7052,#7036,#7054,.T.);
#6516=EDGE_CURVE('',#7055,#7056,#7057,.T.);
#6517=EDGE_CURVE('0:899',#7045,#7055,#7058,.T.);
#6518=EDGE_CURVE('0:908',#7045,#7052,#7059,.T.);
#6519=EDGE_CURVE('0:887',#7056,#7052,#7060,.T.);
#6520=EDGE_CURVE('',#7061,#7062,#7063,.T.);
#6521=EDGE_CURVE('0:404',#7061,#7064,#7065,.T.);
#6522=EDGE_CURVE('0:878',#7066,#7064,#7067,.T.);
#6523=EDGE_CURVE('0:851',#7062,#7066,#7068,.T.);
#6524=EDGE_CURVE('',#7069,#7070,#7071,.T.);
#6525=EDGE_CURVE('0:830',#7069,#7038,#7072,.T.);
#6526=EDGE_CURVE('0:833',#7038,#7073,#7074,.T.);
#6527=EDGE_CURVE('0:836',#7073,#7070,#7075,.T.);
#6528=EDGE_CURVE('',#7076,#7077,#7078,.T.);
#6529=EDGE_CURVE('0:824',#7079,#7076,#7080,.T.);
#6530=EDGE_CURVE('0:761',#7079,#7081,#7082,.T.);
#6531=EDGE_CURVE('0:695',#7077,#7081,#7083,.T.);
#6532=EDGE_CURVE('',#7001,#7084,#7085,.T.);
#6533=EDGE_CURVE('0:812',#6999,#7086,#7087,.T.);
#6534=EDGE_CURVE('0:749',#7084,#7086,#7088,.T.);
#6535=EDGE_CURVE('',#7089,#7090,#7091,.T.);
#6536=EDGE_CURVE('0:809',#7092,#7089,#7093,.T.);
#6537=EDGE_CURVE('0:794',#7092,#7094,#7095,.T.);
#6538=EDGE_CURVE('0:746',#7090,#7094,#7096,.T.);
#6539=EDGE_CURVE('',#7097,#7098,#7099,.T.);
#6540=EDGE_CURVE('0:362',#7097,#7100,#7101,.T.);
#6541=EDGE_CURVE('0:782',#7100,#7102,#7103,.T.);
#6542=EDGE_CURVE('0:785',#7022,#7102,#7104,.T.);
#6543=EDGE_CURVE('0:770',#7020,#7105,#7106,.T.);
#6544=EDGE_CURVE('0:704',#7098,#7105,#7107,.T.);
#6545=EDGE_CURVE('',#7108,#7109,#7110,.T.);
#6546=EDGE_CURVE('0:773',#7111,#7108,#7112,.T.);
#6547=EDGE_CURVE('0:776',#7111,#7113,#7114,.T.);
#6548=EDGE_CURVE('0:668',#7115,#7113,#7116,.T.);
#6549=EDGE_CURVE('0:707',#7109,#7115,#7117,.T.);
#6550=EDGE_CURVE('',#7118,#7119,#7120,.T.);
#6551=EDGE_CURVE('0:701',#7121,#7118,#7122,.T.);
#6552=EDGE_CURVE('0:719',#7121,#7123,#7124,.T.);
#6553=EDGE_CURVE('0:743',#7119,#7123,#7125,.F.);
#6554=EDGE_CURVE('',#7084,#7126,#7127,.T.);
#6555=EDGE_CURVE('0:728',#7128,#7086,#7129,.T.);
#6556=EDGE_CURVE('0:728',#7126,#7128,#7130,.T.);
#6557=EDGE_CURVE('',#7090,#7131,#7132,.T.);
#6558=EDGE_CURVE('0:737',#7133,#7094,#7134,.T.);
#6559=EDGE_CURVE('0:737',#7131,#7133,#7135,.T.);
#6560=EDGE_CURVE('',#7119,#7133,#7136,.T.);
#6561=EDGE_CURVE('0:716',#7123,#7131,#7137,.T.);
#6562=EDGE_CURVE('',#7128,#7138,#7139,.T.);
#6563=EDGE_CURVE('0:731',#7086,#7140,#7141,.T.);
#6564=EDGE_CURVE('0:734',#7140,#7138,#7142,.T.);
#6565=EDGE_CURVE('',#7143,#7144,#7145,.T.);
#6566=EDGE_CURVE('0:683',#7146,#7143,#7147,.T.);
#6567=EDGE_CURVE('0:722',#7146,#7148,#7149,.T.);
#6568=EDGE_CURVE('0:725',#7148,#7144,#7150,.T.);
#6569=EDGE_CURVE('',#7077,#7151,#7152,.T.);
#6570=EDGE_CURVE('0:689',#7153,#7081,#7154,.T.);
#6571=EDGE_CURVE('0:689',#7151,#7153,#7155,.T.);
#6572=EDGE_CURVE('',#7153,#7143,#7156,.T.);
#6573=EDGE_CURVE('0:692',#7081,#7146,#7157,.T.);
#6574=EDGE_CURVE('',#7158,#7159,#7160,.T.);
#6575=EDGE_CURVE('0:680',#7158,#7115,#7161,.T.);
#6576=EDGE_CURVE('0:671',#7113,#7162,#7163,.T.);
#6577=EDGE_CURVE('0:674',#7162,#7159,#7164,.T.);
#6578=EDGE_CURVE('',#7165,#7166,#7167,.T.);
#6579=EDGE_CURVE('0:566',#7168,#7165,#7169,.T.);
#6580=EDGE_CURVE('0:635',#7168,#7170,#7171,.T.);
#6581=EDGE_CURVE('0:611',#7166,#7170,#7172,.T.);
#6582=EDGE_CURVE('',#7173,#7174,#7175,.T.);
#6583=EDGE_CURVE('0:581',#7176,#7173,#7177,.T.);
#6584=EDGE_CURVE('0:632',#7176,#7178,#7179,.T.);
#6585=EDGE_CURVE('0:614',#7174,#7178,#7180,.T.);
#6586=EDGE_CURVE('',#7181,#7182,#7183,.T.);
#6587=EDGE_CURVE('0:617',#7178,#7181,#7184,.T.);
#6588=EDGE_CURVE('0:626',#7178,#7185,#7186,.T.);
#6589=EDGE_CURVE('0:608',#7182,#7185,#7187,.T.);
#6590=EDGE_CURVE('',#7188,#7189,#7190,.T.);
#6591=EDGE_CURVE('0:578',#7191,#7188,#7192,.T.);
#6592=EDGE_CURVE('0:587',#7191,#7193,#7194,.T.);
#6593=EDGE_CURVE('0:569',#7189,#7193,#7195,.T.);
#6594=EDGE_CURVE('',#7196,#7197,#7198,.T.);
#6595=EDGE_CURVE('0:464',#7196,#7199,#7200,.T.);
#6596=EDGE_CURVE('0:437',#7199,#7201,#7202,.T.);
#6597=EDGE_CURVE('0:458',#7201,#7197,#7203,.T.);
#6598=EDGE_CURVE('',#7204,#7205,#7206,.T.);
#6599=EDGE_CURVE('0:431',#7204,#6878,#7207,.T.);
#6600=EDGE_CURVE('0:416',#6878,#7208,#7209,.T.);
#6601=EDGE_CURVE('0:425',#7208,#7205,#7210,.T.);
#6602=EDGE_CURVE('',#6959,#6820,#7211,.T.);
#6603=EDGE_CURVE('0:356',#6955,#6959,#7212,.T.);
#6604=EDGE_CURVE('',#6817,#6955,#7213,.T.);
#6605=EDGE_CURVE('0:359',#6817,#6820,#7214,.T.);
#6606=EDGE_CURVE('0:362',#7215,#7097,#7216,.T.);
#6607=EDGE_CURVE('0:365',#7215,#7217,#7218,.T.);
#6608=EDGE_CURVE('0:368',#7219,#7217,#7220,.T.);
#6609=EDGE_CURVE('0:371',#7221,#7219,#7222,.T.);
#6610=EDGE_CURVE('0:374',#7221,#6985,#7223,.T.);
#6611=EDGE_CURVE('0:377',#6989,#7224,#7225,.T.);
#6612=EDGE_CURVE('0:380',#7224,#6828,#7226,.F.);
#6613=EDGE_CURVE('0:383',#7227,#6825,#7228,.T.);
#6614=EDGE_CURVE('0:386',#7229,#7227,#7230,.T.);
#6615=EDGE_CURVE('0:389',#7231,#7229,#7232,.F.);
#6616=EDGE_CURVE('0:392',#7233,#7231,#7234,.F.);
#6617=EDGE_CURVE('0:395',#6979,#7233,#7235,.T.);
#6618=EDGE_CURVE('0:398',#7236,#6976,#7237,.T.);
#6619=EDGE_CURVE('0:401',#7064,#7236,#7238,.F.);
#6620=EDGE_CURVE('0:404',#7239,#7061,#7240,.T.);
#6621=EDGE_CURVE('0:407',#7239,#7100,#7241,.F.);
#6622=EDGE_CURVE('0:410',#6822,#6818,#7242,.T.);
#6623=EDGE_CURVE('0:413',#7243,#7208,#7244,.F.);
#6624=EDGE_CURVE('0:422',#6876,#7243,#7245,.F.);
#6625=EDGE_CURVE('0:425',#7205,#7246,#7247,.T.);
#6626=EDGE_CURVE('0:428',#7246,#7248,#7249,.T.);
#6627=EDGE_CURVE('0:431',#7248,#7204,#7250,.T.);
#6628=EDGE_CURVE('0:434',#7246,#7201,#7251,.T.);
#6629=EDGE_CURVE('0:440',#7252,#7199,#7253,.T.);
#6630=EDGE_CURVE('0:443',#7254,#7252,#7255,.T.);
#6631=EDGE_CURVE('0:446',#7256,#7254,#7257,.T.);
#6632=EDGE_CURVE('0:449',#7258,#7256,#7259,.T.);
#6633=EDGE_CURVE('0:452',#7258,#7260,#7261,.F.);
#6634=EDGE_CURVE('0:455',#7248,#7260,#7262,.T.);
#6635=EDGE_CURVE('0:458',#7197,#7263,#7264,.T.);
#6636=EDGE_CURVE('0:461',#7263,#6945,#7265,.T.);
#6637=EDGE_CURVE('0:464',#6945,#7196,#7266,.T.);
#6638=EDGE_CURVE('0:467',#7263,#7267,#7268,.T.);
#6639=EDGE_CURVE('0:470',#7267,#7269,#7270,.T.);
#6640=EDGE_CURVE('0:473',#6945,#7269,#7271,.T.);
#6641=EDGE_CURVE('0:479',#6900,#6894,#7272,.T.);
#6642=EDGE_CURVE('0:482',#7269,#6897,#7273,.T.);
#6643=EDGE_CURVE('0:485',#7267,#7274,#7275,.T.);
#6644=EDGE_CURVE('0:488',#6981,#7274,#7276,.F.);
#6645=EDGE_CURVE('0:494',#7233,#7243,#7277,.T.);
#6646=EDGE_CURVE('0:497',#6884,#6873,#7278,.T.);
#6647=EDGE_CURVE('0:500',#7279,#6881,#7280,.T.);
#6648=EDGE_CURVE('0:503',#7279,#7281,#7282,.F.);
#6649=EDGE_CURVE('0:506',#7283,#7281,#7284,.T.);
#6650=EDGE_CURVE('0:509',#7285,#7283,#7286,.F.);
#6651=EDGE_CURVE('0:512',#7285,#7287,#7288,.F.);
#6652=EDGE_CURVE('0:515',#7289,#7287,#7290,.T.);
#6653=EDGE_CURVE('0:476',#6890,#7289,#7291,.T.);
#6654=EDGE_CURVE('0:518',#6905,#6908,#7292,.T.);
#6655=EDGE_CURVE('0:521',#6913,#6916,#7293,.T.);
#6656=EDGE_CURVE('0:527',#7274,#7294,#7295,.T.);
#6657=EDGE_CURVE('0:530',#7294,#7296,#7297,.T.);
#6658=EDGE_CURVE('0:533',#7296,#7298,#7299,.F.);
#6659=EDGE_CURVE('0:536',#6826,#7298,#7300,.T.);
#6660=EDGE_CURVE('0:539',#6830,#7301,#7302,.T.);
#6661=EDGE_CURVE('0:542',#6924,#7301,#7303,.F.);
#6662=EDGE_CURVE('0:545',#6921,#7304,#7305,.F.);
#6663=EDGE_CURVE('0:548',#6834,#7304,#7306,.T.);
#6664=EDGE_CURVE('0:551',#6838,#7307,#7308,.T.);
#6665=EDGE_CURVE('0:554',#7309,#7307,#7310,.T.);
#6666=EDGE_CURVE('0:524',#6977,#7309,#7311,.T.);
#6667=EDGE_CURVE('0:557',#7294,#7231,#7312,.F.);
#6668=EDGE_CURVE('0:560',#7296,#7229,#7313,.T.);
#6669=EDGE_CURVE('0:563',#7168,#7314,#7315,.F.);
#6670=EDGE_CURVE('0:566',#7165,#7316,#7317,.T.);
#6671=EDGE_CURVE('0:569',#7316,#7189,#7318,.T.);
#6672=EDGE_CURVE('0:572',#7193,#7314,#7319,.T.);
#6673=EDGE_CURVE('0:575',#7281,#7191,#7320,.T.);
#6674=EDGE_CURVE('0:578',#7188,#7176,#7321,.T.);
#6675=EDGE_CURVE('0:581',#7173,#7283,#7322,.T.);
#6676=EDGE_CURVE('0:584',#7316,#7176,#7323,.T.);
#6677=EDGE_CURVE('0:590',#7324,#7279,#7325,.T.);
#6678=EDGE_CURVE('0:593',#6846,#7324,#7326,.T.);
#6679=EDGE_CURVE('0:599',#7314,#6844,#7327,.F.);
#6680=EDGE_CURVE('0:602',#7170,#7328,#7329,.T.);
#6681=EDGE_CURVE('0:605',#7328,#7330,#7331,.T.);
#6682=EDGE_CURVE('0:608',#7330,#7182,#7332,.T.);
#6683=EDGE_CURVE('0:611',#7185,#7166,#7333,.T.);
#6684=EDGE_CURVE('0:614',#7285,#7174,#7334,.T.);
#6685=EDGE_CURVE('0:617',#7181,#7335,#7336,.T.);
#6686=EDGE_CURVE('0:620',#7335,#7287,#7337,.T.);
#6687=EDGE_CURVE('0:623',#7330,#7335,#7338,.T.);
#6688=EDGE_CURVE('0:629',#7185,#7316,#7339,.T.);
#6689=EDGE_CURVE('0:638',#7340,#6865,#7341,.F.);
#6690=EDGE_CURVE('0:638',#6868,#7340,#7342,.F.);
#6691=EDGE_CURVE('0:641',#7343,#6857,#7344,.F.);
#6692=EDGE_CURVE('0:641',#6860,#7343,#7345,.F.);
#6693=EDGE_CURVE('0:644',#7328,#6854,#7346,.T.);
#6694=EDGE_CURVE('0:647',#7347,#6841,#7348,.T.);
#6695=EDGE_CURVE('0:650',#7347,#7349,#7350,.F.);
#6696=EDGE_CURVE('0:653',#6850,#7349,#7351,.T.);
#6697=EDGE_CURVE('0:656',#7298,#7227,#7352,.T.);
#6698=EDGE_CURVE('0:662',#7353,#6852,#7354,.T.);
#6699=EDGE_CURVE('0:665',#7289,#7353,#7355,.T.);
#6700=EDGE_CURVE('0:674',#7159,#7151,#7356,.T.);
#6701=EDGE_CURVE('0:677',#7151,#7357,#7358,.T.);
#6702=EDGE_CURVE('0:680',#7357,#7158,#7359,.T.);
#6703=EDGE_CURVE('0:683',#7143,#7360,#7361,.T.);
#6704=EDGE_CURVE('0:686',#7360,#7151,#7362,.T.);
#6705=EDGE_CURVE('0:695',#7162,#7077,#7363,.T.);
#6706=EDGE_CURVE('0:698',#7357,#7121,#7364,.T.);
#6707=EDGE_CURVE('0:701',#7118,#7365,#7366,.T.);
#6708=EDGE_CURVE('0:704',#7365,#7098,#7367,.T.);
#6709=EDGE_CURVE('0:707',#7105,#7109,#7368,.T.);
#6710=EDGE_CURVE('0:710',#7126,#7360,#7369,.T.);
#6711=EDGE_CURVE('0:713',#7131,#7126,#7370,.T.);
#6712=EDGE_CURVE('0:725',#7144,#7126,#7371,.T.);
#6713=EDGE_CURVE('0:734',#7138,#7131,#7372,.T.);
#6714=EDGE_CURVE('0:740',#7094,#7373,#7374,.T.);
#6715=EDGE_CURVE('0:743',#7373,#7119,#7375,.F.);
#6716=EDGE_CURVE('0:746',#7140,#7090,#7376,.T.);
#6717=EDGE_CURVE('0:749',#7148,#7084,#7377,.T.);
#6718=EDGE_CURVE('0:752',#7378,#7146,#7379,.T.);
#6719=EDGE_CURVE('0:755',#7380,#7378,#7381,.T.);
#6720=EDGE_CURVE('0:758',#7148,#7380,#7382,.T.);
#6721=EDGE_CURVE('0:764',#7378,#7079,#7383,.T.);
#6722=EDGE_CURVE('0:767',#7373,#7365,#7384,.T.);
#6723=EDGE_CURVE('0:773',#7108,#7017,#7385,.T.);
#6724=EDGE_CURVE('0:779',#7365,#7215,#7386,.T.);
#6725=EDGE_CURVE('0:791',#7217,#7373,#7387,.T.);
#6726=EDGE_CURVE('0:797',#7092,#7388,#7389,.F.);
#6727=EDGE_CURVE('0:800',#7390,#7388,#7391,.T.);
#6728=EDGE_CURVE('0:803',#7219,#7390,#7392,.T.);
#6729=EDGE_CURVE('0:806',#7140,#7393,#7394,.T.);
#6730=EDGE_CURVE('0:809',#7089,#7393,#7395,.T.);
#6731=EDGE_CURVE('0:815',#7393,#6999,#7396,.T.);
#6732=EDGE_CURVE('0:818',#6993,#7380,#7397,.T.);
#6733=EDGE_CURVE('0:821',#7162,#7398,#7399,.T.);
#6734=EDGE_CURVE('0:824',#7076,#7398,#7400,.T.);
#6735=EDGE_CURVE('0:827',#7398,#7111,#7401,.T.);
#6736=EDGE_CURVE('0:836',#7070,#7402,#7403,.T.);
#6737=EDGE_CURVE('0:839',#7402,#7404,#7405,.T.);
#6738=EDGE_CURVE('0:830',#7404,#7069,#7406,.T.);
#6739=EDGE_CURVE('0:842',#7407,#7040,#7408,.T.);
#6740=EDGE_CURVE('0:848',#7404,#7407,#7409,.T.);
#6741=EDGE_CURVE('0:851',#7407,#7062,#7410,.T.);
#6742=EDGE_CURVE('0:854',#7066,#7032,#7411,.T.);
#6743=EDGE_CURVE('0:857',#7028,#7412,#7413,.T.);
#6744=EDGE_CURVE('0:860',#7412,#7402,#7414,.T.);
#6745=EDGE_CURVE('0:863',#7073,#7028,#7415,.T.);
#6746=EDGE_CURVE('0:866',#7416,#7018,#7417,.T.);
#6747=EDGE_CURVE('0:869',#7102,#7412,#7418,.T.);
#6748=EDGE_CURVE('0:872',#7025,#7416,#7419,.T.);
#6749=EDGE_CURVE('0:875',#7407,#7239,#7420,.T.);
#6750=EDGE_CURVE('0:881',#7421,#7050,#7422,.T.);
#6751=EDGE_CURVE('0:884',#7421,#7423,#7424,.T.);
#6752=EDGE_CURVE('0:887',#7423,#7056,#7425,.T.);
#6753=EDGE_CURVE('0:893',#7388,#7426,#7427,.T.);
#6754=EDGE_CURVE('0:896',#7426,#7043,#7428,.T.);
#6755=EDGE_CURVE('0:899',#7055,#7429,#7430,.T.);
#6756=EDGE_CURVE('0:902',#7429,#7390,#7431,.T.);
#6757=EDGE_CURVE('0:905',#7423,#7429,#7432,.T.);
#6758=EDGE_CURVE('0:914',#7031,#7433,#7434,.T.);
#6759=EDGE_CURVE('0:917',#7433,#7435,#7436,.T.);
#6760=EDGE_CURVE('0:920',#7048,#7435,#7437,.T.);
#6761=EDGE_CURVE('0:929',#7009,#6992,#7438,.T.);
#6762=EDGE_CURVE('0:938',#7073,#7014,#7439,.T.);
#6763=EDGE_CURVE('0:941',#7426,#7393,#7440,.T.);
#6764=EDGE_CURVE('0:947',#7066,#7441,#7442,.T.);
#6765=EDGE_CURVE('0:950',#7441,#7433,#7443,.T.);
#6766=EDGE_CURVE('0:953',#7307,#7441,#7444,.T.);
#6767=EDGE_CURVE('0:959',#6836,#7445,#7446,.F.);
#6768=EDGE_CURVE('0:962',#7447,#7445,#7448,.T.);
#6769=EDGE_CURVE('0:965',#7447,#7435,#7449,.T.);
#6770=EDGE_CURVE('0:968',#7309,#7236,#7450,.T.);
#6771=EDGE_CURVE('0:971',#7026,#7398,#7451,.T.);
#6772=EDGE_CURVE('0:974',#7111,#7416,#7452,.T.);
#6773=EDGE_CURVE('0:977',#7012,#7079,#7453,.T.);
#6774=EDGE_CURVE('0:980',#7004,#7378,#7454,.T.);
#6775=EDGE_CURVE('0:983',#7005,#7380,#7455,.T.);
#6776=EDGE_CURVE('0:986',#7221,#7421,#7456,.T.);
#6777=EDGE_CURVE('0:989',#7447,#6984,#7457,.F.);
#6778=EDGE_CURVE('0:995',#6970,#6973,#7458,.T.);
#6779=EDGE_CURVE('0:1001',#6957,#6954,#7459,.F.);
#6780=EDGE_CURVE('0:1007',#7460,#7254,#7461,.T.);
#6781=EDGE_CURVE('0:1010',#7460,#7353,#7462,.T.);
#6782=EDGE_CURVE('0:1013',#7353,#7463,#7464,.T.);
#6783=EDGE_CURVE('0:1016',#7463,#7254,#7465,.T.);
#6784=EDGE_CURVE('0:1019',#7260,#7466,#7467,.T.);
#6785=EDGE_CURVE('0:1022',#7260,#7468,#7469,.T.);
#6786=EDGE_CURVE('0:1025',#7468,#7324,#7470,.T.);
#6787=EDGE_CURVE('0:1028',#7324,#7466,#7471,.T.);
#6788=EDGE_CURVE('0:1031',#7248,#6886,#7472,.T.);
#6789=EDGE_CURVE('0:1034',#6886,#6874,#7473,.T.);
#6790=EDGE_CURVE('0:1037',#7466,#6882,#7474,.T.);
#6791=EDGE_CURVE('0:1040',#7252,#6950,#7475,.T.);
#6792=EDGE_CURVE('0:1043',#6889,#7460,#7476,.T.);
#6793=EDGE_CURVE('0:1046',#6946,#7199,#7477,.T.);
#6794=EDGE_CURVE('0:1055',#6852,#7463,#7478,.T.);
#6795=EDGE_CURVE('0:1058',#6849,#6940,#7479,.T.);
#6796=EDGE_CURVE('0:1061',#6937,#7256,#7480,.T.);
#6797=EDGE_CURVE('0:1064',#7258,#6938,#7481,.T.);
#6798=EDGE_CURVE('0:1073',#7468,#6846,#7482,.T.);
#6799=EDGE_CURVE('0:1070',#6842,#6942,#7483,.T.);
#6800=EDGE_CURVE('0:1076',#6932,#6929,#7484,.T.);
#6801=EDGE_CURVE('0:1079',#7485,#6926,#7486,.T.);
#6802=EDGE_CURVE('0:1082',#7485,#7487,#7488,.T.);
#6803=EDGE_CURVE('0:1085',#7489,#7487,#7490,.T.);
#6804=EDGE_CURVE('0:1088',#7489,#6922,#7491,.T.);
#6805=EDGE_CURVE('0:1091',#7304,#7489,#7492,.T.);
#6806=EDGE_CURVE('0:1112',#7349,#6940,#7493,.T.);
#6807=EDGE_CURVE('0:1115',#6942,#7347,#7494,.T.);
#6808=EDGE_CURVE('0:1118',#6926,#7495,#7496,.T.);
#6809=EDGE_CURVE('0:1121',#7301,#7495,#7497,.T.);
#6810=EDGE_CURVE('0:1124',#7495,#7498,#7499,.T.);
#6811=EDGE_CURVE('0:1127',#7498,#7485,#7500,.T.);
#6812=EDGE_CURVE('0:1130',#7498,#7501,#7502,.T.);
#6813=EDGE_CURVE('0:1133',#6987,#7501,#7503,.T.);
#6814=EDGE_CURVE('0:1136',#7487,#7445,#7504,.T.);
#6815=EDGE_CURVE('0:1139',#6833,#7489,#7505,.T.);
#6816=EDGE_CURVE('0:1145',#7501,#7224,#7506,.F.);
#6817=VERTEX_POINT('',#7507);
#6818=VERTEX_POINT('',#7508);
#6819=LINE('',#7509,#7510);
#6820=VERTEX_POINT('',#7511);
#6821=CIRCLE('',#7512,0.0042);
#6822=VERTEX_POINT('',#7513);
#6823=LINE('',#7514,#7515);
#6824=CIRCLE('',#7516,0.0042);
#6825=VERTEX_POINT('',#7517);
#6826=VERTEX_POINT('',#7518);
#6827=LINE('',#7519,#7520);
#6828=VERTEX_POINT('',#7521);
#6829=ELLIPSE('',#7522,0.00200000076719749,0.002);
#6830=VERTEX_POINT('',#7523);
#6831=LINE('',#7524,#7525);
#6832=ELLIPSE('',#7526,0.00200000076719749,0.002);
#6833=VERTEX_POINT('',#7527);
#6834=VERTEX_POINT('',#7528);
#6835=LINE('',#7529,#7530);
#6836=VERTEX_POINT('',#7531);
#6837=CIRCLE('',#7532,0.000499999999999993);
#6838=VERTEX_POINT('',#7533);
#6839=LINE('',#7534,#7535);
#6840=CIRCLE('',#7536,0.0005);
#6841=VERTEX_POINT('',#7537);
#6842=VERTEX_POINT('',#7538);
#6843=LINE('',#7539,#7540);
#6844=VERTEX_POINT('',#7541);
#6845=CIRCLE('',#7542,0.001);
#6846=VERTEX_POINT('',#7543);
#6847=LINE('',#7544,#7545);
#6848=CIRCLE('',#7546,0.001);
#6849=VERTEX_POINT('',#7547);
#6850=VERTEX_POINT('',#7548);
#6851=LINE('',#7549,#7550);
#6852=VERTEX_POINT('',#7551);
#6853=CIRCLE('',#7552,0.001);
#6854=VERTEX_POINT('',#7553);
#6855=LINE('',#7554,#7555);
#6856=CIRCLE('',#7556,0.001);
#6857=VERTEX_POINT('',#7557);
#6858=VERTEX_POINT('',#7558);
#6859=LINE('',#7559,#7560);
#6860=VERTEX_POINT('',#7561);
#6861=CIRCLE('',#7562,0.00115);
#6862=VERTEX_POINT('',#7563);
#6863=LINE('',#7564,#7565);
#6864=CIRCLE('',#7566,0.00115);
#6865=VERTEX_POINT('',#7567);
#6866=VERTEX_POINT('',#7568);
#6867=LINE('',#7569,#7570);
#6868=VERTEX_POINT('',#7571);
#6869=CIRCLE('',#7572,0.00115);
#6870=VERTEX_POINT('',#7573);
#6871=LINE('',#7574,#7575);
#6872=CIRCLE('',#7576,0.00115);
#6873=VERTEX_POINT('',#7577);
#6874=VERTEX_POINT('',#7578);
#6875=LINE('',#7579,#7580);
#6876=VERTEX_POINT('',#7581);
#6877=CIRCLE('',#7582,0.0005);
#6878=VERTEX_POINT('',#7583);
#6879=LINE('',#7584,#7585);
#6880=CIRCLE('',#7586,0.000499999999999993);
#6881=VERTEX_POINT('',#7587);
#6882=VERTEX_POINT('',#7588);
#6883=LINE('',#7589,#7590);
#6884=VERTEX_POINT('',#7591);
#6885=CIRCLE('',#7592,0.001);
#6886=VERTEX_POINT('',#7593);
#6887=LINE('',#7594,#7595);
#6888=CIRCLE('',#7596,0.001);
#6889=VERTEX_POINT('',#7597);
#6890=VERTEX_POINT('',#7598);
#6891=LINE('',#7599,#7600);
#6892=VERTEX_POINT('',#7601);
#6893=CIRCLE('',#7602,0.001);
#6894=VERTEX_POINT('',#7603);
#6895=LINE('',#7604,#7605);
#6896=CIRCLE('',#7606,0.001);
#6897=VERTEX_POINT('',#7607);
#6898=VERTEX_POINT('',#7608);
#6899=LINE('',#7609,#7610);
#6900=VERTEX_POINT('',#7611);
#6901=CIRCLE('',#7612,0.0005);
#6902=VERTEX_POINT('',#7613);
#6903=LINE('',#7614,#7615);
#6904=CIRCLE('',#7616,0.000500000000000002);
#6905=VERTEX_POINT('',#7617);
#6906=LINE('',#7618,#7619);
#6907=CIRCLE('',#7620,0.00115);
#6908=VERTEX_POINT('',#7621);
#6909=LINE('',#7622,#7623);
#6910=VERTEX_POINT('',#7624);
#6911=CIRCLE('',#7625,0.00185);
#6912=CIRCLE('',#7626,0.00185);
#6913=VERTEX_POINT('',#7627);
#6914=LINE('',#7628,#7629);
#6915=CIRCLE('',#7630,0.00115);
#6916=VERTEX_POINT('',#7631);
#6917=LINE('',#7632,#7633);
#6918=VERTEX_POINT('',#7634);
#6919=CIRCLE('',#7635,0.00185);
#6920=CIRCLE('',#7636,0.00185);
#6921=VERTEX_POINT('',#7637);
#6922=VERTEX_POINT('',#7638);
#6923=LINE('',#7639,#7640);
#6924=VERTEX_POINT('',#7641);
#6925=CIRCLE('',#7642,0.0074);
#6926=VERTEX_POINT('',#7643);
#6927=B_SPLINE_CURVE_WITH_KNOTS('',3,(#7644,#7645,#7646,#7647),.UNSPECIFIED.,.F.,.F.,(4,4),(-0.00199938692526179,0.0135007392508566),.UNSPECIFIED.);
#6928=CIRCLE('',#7648,0.00740000000000001);
#6929=VERTEX_POINT('',#7649);
#6930=VERTEX_POINT('',#7650);
#6931=LINE('',#7651,#7652);
#6932=VERTEX_POINT('',#7653);
#6933=CIRCLE('',#7654,0.0048);
#6934=VERTEX_POINT('',#7655);
#6935=LINE('',#7656,#7657);
#6936=CIRCLE('',#7658,0.0043);
#6937=VERTEX_POINT('',#7659);
#6938=VERTEX_POINT('',#7660);
#6939=LINE('',#7661,#7662);
#6940=VERTEX_POINT('',#7663);
#6941=CIRCLE('',#7664,0.0005);
#6942=VERTEX_POINT('',#7665);
#6943=LINE('',#7666,#7667);
#6944=CIRCLE('',#7668,0.0005);
#6945=VERTEX_POINT('',#7669);
#6946=VERTEX_POINT('',#7670);
#6947=CIRCLE('',#7671,0.0005);
#6948=CIRCLE('',#7672,0.000500000000000002);
#6949=CIRCLE('',#7673,0.000500000000000005);
#6950=VERTEX_POINT('',#7674);
#6951=LINE('',#7675,#7676);
#6952=LINE('',#7677,#7678);
#6953=CIRCLE('',#7679,0.0005);
#6954=VERTEX_POINT('',#7680);
#6955=VERTEX_POINT('',#7681);
#6956=LINE('',#7682,#7683);
#6957=VERTEX_POINT('',#7684);
#6958=CIRCLE('',#7685,0.00215);
#6959=VERTEX_POINT('',#7686);
#6960=LINE('',#7687,#7688);
#6961=VERTEX_POINT('',#7689);
#6962=CIRCLE('',#7690,0.00215);
#6963=CIRCLE('',#7691,0.00215);
#6964=VERTEX_POINT('',#7692);
#6965=LINE('',#7693,#7694);
#6966=CIRCLE('',#7695,0.0043);
#6967=VERTEX_POINT('',#7696);
#6968=LINE('',#7697,#7698);
#6969=CIRCLE('',#7699,0.0043);
#6970=VERTEX_POINT('',#7700);
#6971=LINE('',#7701,#7702);
#6972=CIRCLE('',#7703,0.0043);
#6973=VERTEX_POINT('',#7704);
#6974=LINE('',#7705,#7706);
#6975=CIRCLE('',#7707,0.0037);
#6976=VERTEX_POINT('',#7708);
#6977=VERTEX_POINT('',#7709);
#6978=LINE('',#7710,#7711);
#6979=VERTEX_POINT('',#7712);
#6980=ELLIPSE('',#7713,0.00500000191799373,0.005);
#6981=VERTEX_POINT('',#7714);
#6982=LINE('',#7715,#7716);
#6983=ELLIPSE('',#7717,0.00500000191799373,0.005);
#6984=VERTEX_POINT('',#7718);
#6985=VERTEX_POINT('',#7719);
#6986=LINE('',#7720,#7721);
#6987=VERTEX_POINT('',#7722);
#6988=CIRCLE('',#7723,0.007);
#6989=VERTEX_POINT('',#7724);
#6990=LINE('',#7725,#7726);
#6991=CIRCLE('',#7727,0.007);
#6992=VERTEX_POINT('',#7728);
#6993=VERTEX_POINT('',#7729);
#6994=CIRCLE('',#7730,0.001);
#6995=VERTEX_POINT('',#7731);
#6996=CIRCLE('',#7732,0.002);
#6997=VERTEX_POINT('',#7733);
#6998=CIRCLE('',#7734,0.000999999999999998);
#6999=VERTEX_POINT('',#7735);
#7000=CIRCLE('',#7736,0.000999999999999998);
#7001=VERTEX_POINT('',#7737);
#7002=CIRCLE('',#7738,0.001);
#7003=CIRCLE('',#7739,0.001);
#7004=VERTEX_POINT('',#7740);
#7005=VERTEX_POINT('',#7741);
#7006=LINE('',#7742,#7743);
#7007=VERTEX_POINT('',#7744);
#7008=ELLIPSE('',#7745,0.00101092242381821,0.001);
#7009=VERTEX_POINT('',#7746);
#7010=LINE('',#7747,#7748);
#7011=CIRCLE('',#7749,0.000999999999999998);
#7012=VERTEX_POINT('',#7750);
#7013=LINE('',#7751,#7752);
#7014=VERTEX_POINT('',#7753);
#7015=CIRCLE('',#7754,0.000999999999999998);
#7016=LINE('',#7755,#7756);
#7017=VERTEX_POINT('',#7757);
#7018=VERTEX_POINT('',#7758);
#7019=CIRCLE('',#7759,0.001);
#7020=VERTEX_POINT('',#7760);
#7021=CIRCLE('',#7761,0.001);
#7022=VERTEX_POINT('',#7762);
#7023=B_SPLINE_CURVE_WITH_KNOTS('',3,(#7763,#7764,#7765,#7766),.UNSPECIFIED.,.F.,.F.,(4,4),(0.00365668712373046,0.00372446135858191),.UNSPECIFIED.);
#7024=B_SPLINE_CURVE_WITH_KNOTS('',3,(#7767,#7768,#7769,#7770,#7771,#7772,#7773,#7774,#7775,#7776,#7777,#7778),.UNSPECIFIED.,.F.,.F.,(4,2,2,2,2,4),(-5.47900485018532E-06,0.0,0.00029006438783782,0.000585522179164554,0.000880928255515692,0.00117630364900243),.UNSPECIFIED.);
#7025=VERTEX_POINT('',#7779);
#7026=VERTEX_POINT('',#7780);
#7027=LINE('',#7781,#7782);
#7028=VERTEX_POINT('',#7783);
#7029=ELLIPSE('',#7784,0.00129713951010166,0.001);
#7030=CIRCLE('',#7785,0.000999999999999998);
#7031=VERTEX_POINT('',#7786);
#7032=VERTEX_POINT('',#7787);
#7033=LINE('',#7788,#7789);
#7034=VERTEX_POINT('',#7790);
#7035=ELLIPSE('',#7791,0.00101092242381822,0.001);
#7036=VERTEX_POINT('',#7792);
#7037=ELLIPSE('',#7793,0.00101092242381822,0.001);
#7038=VERTEX_POINT('',#7794);
#7039=LINE('',#7795,#7796);
#7040=VERTEX_POINT('',#7797);
#7041=ELLIPSE('',#7798,0.00494376253993243,0.001);
#7042=B_SPLINE_CURVE_WITH_KNOTS('',3,(#7799,#7800,#7801,#7802,#7803,#7804,#7805,#7806,#7807,#7808,#7809,#7810),.UNSPECIFIED.,.F.,.F.,(4,2,2,2,2,4),(-1.24120262274876E-05,0.0,0.00153748474940123,0.0030404149560715,0.00397974633524042,0.004566828447221),.UNSPECIFIED.);
#7043=VERTEX_POINT('',#7811);
#7044=LINE('',#7812,#7813);
#7045=VERTEX_POINT('',#7814);
#7046=LINE('',#7815,#7816);
#7047=B_SPLINE_CURVE_WITH_KNOTS('',3,(#7817,#7818,#7819,#7820,#7821,#7822,#7823,#7824,#7825,#7826,#7827,#7828,#7829,#7830),.UNSPECIFIED.,.F.,.F.,(4,2,2,2,2,2,4),(0.00222313876315833,0.00253003335449264,0.00283014997681963,0.00313026659914662,0.00361045319486982,0.00413361481077077,0.00426363142094029),.UNSPECIFIED.);
#7048=VERTEX_POINT('',#7831);
#7049=LINE('',#7832,#7833);
#7050=VERTEX_POINT('',#7834);
#7051=B_SPLINE_CURVE_WITH_KNOTS('',3,(#7835,#7836,#7837,#7838),.UNSPECIFIED.,.F.,.F.,(4,4),(0.00728491889132049,0.0080600902563964),.UNSPECIFIED.);
#7052=VERTEX_POINT('',#7839);
#7053=B_SPLINE_CURVE_WITH_KNOTS('',3,(#7840,#7841,#7842,#7843,#7844,#7845,#7846,#7847),.UNSPECIFIED.,.F.,.F.,(4,2,2,4),(-0.00589498773589828,-0.00513922007744978,-0.00392999182393219,-0.0025587642500726),.UNSPECIFIED.);
#7054=LINE('',#7848,#7849);
#7055=VERTEX_POINT('',#7850);
#7056=VERTEX_POINT('',#7851);
#7057=LINE('',#7852,#7853);
#7058=CIRCLE('',#7854,0.001);
#7059=LINE('',#7855,#7856);
#7060=CIRCLE('',#7857,0.000999999999999995);
#7061=VERTEX_POINT('',#7858);
#7062=VERTEX_POINT('',#7859);
#7063=LINE('',#7860,#7861);
#7064=VERTEX_POINT('',#7862);
#7065=ELLIPSE('',#7863,0.0100000004186604,0.01);
#7066=VERTEX_POINT('',#7864);
#7067=LINE('',#7865,#7866);
#7068=B_SPLINE_CURVE_WITH_KNOTS('',3,(#7867,#7868,#7869,#7870,#7871,#7872,#7873,#7874,#7875,#7876,#7877,#7878),.UNSPECIFIED.,.F.,.F.,(4,2,2,2,2,4),(-0.004566828447221,-0.00397974633524042,-0.0030404149560715,-0.00153748474940123,-0.0,1.24120262274876E-05),.UNSPECIFIED.);
#7069=VERTEX_POINT('',#7879);
#7070=VERTEX_POINT('',#7880);
#7071=LINE('',#7881,#7882);
#7072=CIRCLE('',#7883,0.000999999999999994);
#7073=VERTEX_POINT('',#7884);
#7074=LINE('',#7885,#7886);
#7075=CIRCLE('',#7887,0.000999999999999998);
#7076=VERTEX_POINT('',#7888);
#7077=VERTEX_POINT('',#7889);
#7078=LINE('',#7890,#7891);
#7079=VERTEX_POINT('',#7892);
#7080=CIRCLE('',#7893,0.000999999999999999);
#7081=VERTEX_POINT('',#7894);
#7082=LINE('',#7895,#7896);
#7083=CIRCLE('',#7897,0.000999999999999994);
#7084=VERTEX_POINT('',#7898);
#7085=LINE('',#7899,#7900);
#7086=VERTEX_POINT('',#7901);
#7087=LINE('',#7902,#7903);
#7088=CIRCLE('',#7904,0.000999999999999997);
#7089=VERTEX_POINT('',#7905);
#7090=VERTEX_POINT('',#7906);
#7091=LINE('',#7907,#7908);
#7092=VERTEX_POINT('',#7909);
#7093=CIRCLE('',#7910,0.001);
#7094=VERTEX_POINT('',#7911);
#7095=LINE('',#7912,#7913);
#7096=CIRCLE('',#7914,0.000999999999999997);
#7097=VERTEX_POINT('',#7915);
#7098=VERTEX_POINT('',#7916);
#7099=LINE('',#7917,#7918);
#7100=VERTEX_POINT('',#7919);
#7101=CIRCLE('',#7920,0.003);
#7102=VERTEX_POINT('',#7921);
#7103=LINE('',#7922,#7923);
#7104=B_SPLINE_CURVE_WITH_KNOTS('',3,(#7924,#7925,#7926,#7927,#7928,#7929,#7930,#7931,#7932,#7933,#7934,#7935),.UNSPECIFIED.,.F.,.F.,(4,2,2,2,2,4),(0.00114126852299353,0.00128379202131471,0.00153726730305343,0.00183495158514953,0.0021954872077684,0.00221202679411735),.UNSPECIFIED.);
#7105=VERTEX_POINT('',#7936);
#7106=LINE('',#7937,#7938);
#7107=CIRCLE('',#7939,0.003);
#7108=VERTEX_POINT('',#7940);
#7109=VERTEX_POINT('',#7941);
#7110=LINE('',#7942,#7943);
#7111=VERTEX_POINT('',#7944);
#7112=CIRCLE('',#7945,0.001);
#7113=VERTEX_POINT('',#7946);
#7114=LINE('',#7947,#7948);
#7115=VERTEX_POINT('',#7949);
#7116=ELLIPSE('',#7950,0.0014142135623731,0.001);
#7117=B_SPLINE_CURVE_WITH_KNOTS('',3,(#7951,#7952,#7953,#7954,#7955,#7956),.UNSPECIFIED.,.F.,.F.,(4,2,4),(0.00736679187505123,0.00738972175450441,0.00748718750555662),.UNSPECIFIED.);
#7118=VERTEX_POINT('',#7957);
#7119=VERTEX_POINT('',#7958);
#7120=LINE('',#7959,#7960);
#7121=VERTEX_POINT('',#7961);
#7122=CIRCLE('',#7962,0.001);
#7123=VERTEX_POINT('',#7963);
#7124=LINE('',#7964,#7965);
#7125=ELLIPSE('',#7966,0.00101092242381822,0.001);
#7126=VERTEX_POINT('',#7967);
#7127=CIRCLE('',#7968,0.001);
#7128=VERTEX_POINT('',#7969);
#7129=CIRCLE('',#7970,0.001);
#7130=CIRCLE('',#7971,0.001);
#7131=VERTEX_POINT('',#7972);
#7132=CIRCLE('',#7973,0.001);
#7133=VERTEX_POINT('',#7974);
#7134=CIRCLE('',#7975,0.001);
#7135=CIRCLE('',#7976,0.001);
#7136=LINE('',#7977,#7978);
#7137=LINE('',#7979,#7980);
#7138=VERTEX_POINT('',#7981);
#7139=LINE('',#7982,#7983);
#7140=VERTEX_POINT('',#7984);
#7141=LINE('',#7985,#7986);
#7142=CIRCLE('',#7987,0.000999999999999999);
#7143=VERTEX_POINT('',#7988);
#7144=VERTEX_POINT('',#7989);
#7145=LINE('',#7990,#7991);
#7146=VERTEX_POINT('',#7992);
#7147=ELLIPSE('',#7993,0.00101092242381822,0.001);
#7148=VERTEX_POINT('',#7994);
#7149=LINE('',#7995,#7996);
#7150=CIRCLE('',#7997,0.001);
#7151=VERTEX_POINT('',#7998);
#7152=CIRCLE('',#7999,0.001);
#7153=VERTEX_POINT('',#8000);
#7154=CIRCLE('',#8001,0.001);
#7155=CIRCLE('',#8002,0.001);
#7156=LINE('',#8003,#8004);
#7157=LINE('',#8005,#8006);
#7158=VERTEX_POINT('',#8007);
#7159=VERTEX_POINT('',#8008);
#7160=LINE('',#8009,#8010);
#7161=B_SPLINE_CURVE_WITH_KNOTS('',3,(#8011,#8012,#8013,#8014,#8015,#8016,#8017,#8018,#8019,#8020,#8021,#8022,#8023,#8024),.UNSPECIFIED.,.F.,.F.,(4,2,2,2,2,2,4),(-0.00157338835939356,-0.00156912040006775,-0.00130849098150578,-0.0010223662573563,-0.000668159007701628,-0.000332405634873393,-0.0),.UNSPECIFIED.);
#7162=VERTEX_POINT('',#8025);
#7163=LINE('',#8026,#8027);
#7164=CIRCLE('',#8028,0.000999999999999993);
#7165=VERTEX_POINT('',#8029);
#7166=VERTEX_POINT('',#8030);
#7167=LINE('',#8031,#8032);
#7168=VERTEX_POINT('',#8033);
#7169=CIRCLE('',#8034,0.00100000000000001);
#7170=VERTEX_POINT('',#8035);
#7171=LINE('',#8036,#8037);
#7172=CIRCLE('',#8038,0.00100000000000002);
#7173=VERTEX_POINT('',#8039);
#7174=VERTEX_POINT('',#8040);
#7175=LINE('',#8041,#8042);
#7176=VERTEX_POINT('',#8043);
#7177=CIRCLE('',#8044,0.00100000000000002);
#7178=VERTEX_POINT('',#8045);
#7179=LINE('',#8046,#8047);
#7180=CIRCLE('',#8048,0.00100000000000002);
#7181=VERTEX_POINT('',#8049);
#7182=VERTEX_POINT('',#8050);
#7183=LINE('',#8051,#8052);
#7184=CIRCLE('',#8053,0.00100000000000001);
#7185=VERTEX_POINT('',#8054);
#7186=LINE('',#8055,#8056);
#7187=CIRCLE('',#8057,0.001);
#7188=VERTEX_POINT('',#8058);
#7189=VERTEX_POINT('',#8059);
#7190=LINE('',#8060,#8061);
#7191=VERTEX_POINT('',#8062);
#7192=CIRCLE('',#8063,0.001);
#7193=VERTEX_POINT('',#8064);
#7194=LINE('',#8065,#8066);
#7195=CIRCLE('',#8067,0.00100000000000001);
#7196=VERTEX_POINT('',#8068);
#7197=VERTEX_POINT('',#8069);
#7198=LINE('',#8070,#8071);
#7199=VERTEX_POINT('',#8072);
#7200=CIRCLE('',#8073,0.000500000000000001);
#7201=VERTEX_POINT('',#8074);
#7202=LINE('',#8075,#8076);
#7203=ELLIPSE('',#8077,0.000500001268743484,0.000500000000000001);
#7204=VERTEX_POINT('',#8078);
#7205=VERTEX_POINT('',#8079);
#7206=LINE('',#8080,#8081);
#7207=CIRCLE('',#8082,0.000499999999386174);
#7208=VERTEX_POINT('',#8083);
#7209=LINE('',#8084,#8085);
#7210=ELLIPSE('',#8086,0.000500001268129678,0.000499999999386196);
#7211=LINE('',#8087,#8088);
#7212=CIRCLE('',#8089,0.00215);
#7213=LINE('',#8090,#8091);
#7214=CIRCLE('',#8092,0.0042);
#7215=VERTEX_POINT('',#8093);
#7216=CIRCLE('',#8094,0.003);
#7217=VERTEX_POINT('',#8095);
#7218=LINE('',#8096,#8097);
#7219=VERTEX_POINT('',#8098);
#7220=LINE('',#8099,#8100);
#7221=VERTEX_POINT('',#8101);
#7222=LINE('',#8102,#8103);
#7223=CIRCLE('',#8104,0.007);
#7224=VERTEX_POINT('',#8105);
#7225=LINE('',#8106,#8107);
#7226=LINE('',#8108,#8109);
#7227=VERTEX_POINT('',#8110);
#7228=ELLIPSE('',#8111,0.00200000076719749,0.002);
#7229=VERTEX_POINT('',#8112);
#7230=LINE('',#8113,#8114);
#7231=VERTEX_POINT('',#8115);
#7232=LINE('',#8116,#8117);
#7233=VERTEX_POINT('',#8118);
#7234=LINE('',#8119,#8120);
#7235=LINE('',#8121,#8122);
#7236=VERTEX_POINT('',#8123);
#7237=ELLIPSE('',#8124,0.00500000191799373,0.005);
#7238=LINE('',#8125,#8126);
#7239=VERTEX_POINT('',#8127);
#7240=ELLIPSE('',#8128,0.0100000004186604,0.01);
#7241=LINE('',#8129,#8130);
#7242=CIRCLE('',#8131,0.0042);
#7243=VERTEX_POINT('',#8132);
#7244=LINE('',#8133,#8134);
#7245=LINE('',#8135,#8136);
#7246=VERTEX_POINT('',#8137);
#7247=ELLIPSE('',#8138,0.000500001268129678,0.000499999999386196);
#7248=VERTEX_POINT('',#8139);
#7249=LINE('',#8140,#8141);
#7250=CIRCLE('',#8142,0.000499999999386174);
#7251=LINE('',#8143,#8144);
#7252=VERTEX_POINT('',#8145);
#7253=LINE('',#8146,#8147);
#7254=VERTEX_POINT('',#8148);
#7255=CIRCLE('',#8149,0.0015);
#7256=VERTEX_POINT('',#8150);
#7257=CIRCLE('',#8151,0.0015);
#7258=VERTEX_POINT('',#8152);
#7259=LINE('',#8153,#8154);
#7260=VERTEX_POINT('',#8155);
#7261=CIRCLE('',#8156,0.0015);
#7262=CIRCLE('',#8157,0.0015);
#7263=VERTEX_POINT('',#8158);
#7264=ELLIPSE('',#8159,0.000500001268743484,0.000500000000000001);
#7265=LINE('',#8160,#8161);
#7266=CIRCLE('',#8162,0.000500000000000001);
#7267=VERTEX_POINT('',#8163);
#7268=LINE('',#8164,#8165);
#7269=VERTEX_POINT('',#8166);
#7270=LINE('',#8167,#8168);
#7271=LINE('',#8169,#8170);
#7272=LINE('',#8171,#8172);
#7273=CIRCLE('',#8173,0.0005);
#7274=VERTEX_POINT('',#8174);
#7275=LINE('',#8175,#8176);
#7276=LINE('',#8177,#8178);
#7277=LINE('',#8179,#8180);
#7278=CIRCLE('',#8181,0.0005);
#7279=VERTEX_POINT('',#8182);
#7280=CIRCLE('',#8183,0.001);
#7281=VERTEX_POINT('',#8184);
#7282=LINE('',#8185,#8186);
#7283=VERTEX_POINT('',#8187);
#7284=B_SPLINE_CURVE_WITH_KNOTS('',3,(#8188,#8189,#8190,#8191,#8192,#8193,#8194,#8195,#8196,#8197,#8198,#8199,#8200,#8201,#8202,#8203),.UNSPECIFIED.,.F.,.F.,(4,3,3,3,3,4),(0.0,8.38520250828417E-06,0.000974273897204586,0.00135136310118806,0.00189405920181354,0.00194016259190089),.UNSPECIFIED.);
#7285=VERTEX_POINT('',#8204);
#7286=LINE('',#8205,#8206);
#7287=VERTEX_POINT('',#8207);
#7288=B_SPLINE_CURVE_WITH_KNOTS('',3,(#8208,#8209,#8210,#8211,#8212,#8213,#8214,#8215,#8216,#8217,#8218,#8219,#8220,#8221,#8222,#8223),.UNSPECIFIED.,.F.,.F.,(4,3,3,3,3,4),(0.00505522453533114,0.00559314813770651,0.00587187462771778,0.00667575666695596,0.00698700192472585,0.00699538712723297),.UNSPECIFIED.);
#7289=VERTEX_POINT('',#8224);
#7290=LINE('',#8225,#8226);
#7291=CIRCLE('',#8227,0.001);
#7292=CIRCLE('',#8228,0.00185);
#7293=CIRCLE('',#8229,0.00185);
#7294=VERTEX_POINT('',#8230);
#7295=LINE('',#8231,#8232);
#7296=VERTEX_POINT('',#8233);
#7297=LINE('',#8234,#8235);
#7298=VERTEX_POINT('',#8236);
#7299=LINE('',#8237,#8238);
#7300=ELLIPSE('',#8239,0.00200000076719749,0.002);
#7301=VERTEX_POINT('',#8240);
#7302=LINE('',#8241,#8242);
#7303=B_SPLINE_CURVE_WITH_KNOTS('',3,(#8243,#8244,#8245,#8246,#8247,#8248,#8249,#8250,#8251,#8252,#8253,#8254,#8255,#8256,#8257,#8258),.UNSPECIFIED.,.F.,.F.,(4,2,2,2,2,2,2,4),(-0.0012721445324372,-0.00112437786186473,-0.000976611191989049,-0.000781288958618754,-0.000585966724037358,-0.000390644485903047,-0.000195322243920723,-0.0),.UNSPECIFIED.);
#7304=VERTEX_POINT('',#8259);
#7305=CIRCLE('',#8260,0.0074);
#7306=CIRCLE('',#8261,0.0005);
#7307=VERTEX_POINT('',#8262);
#7308=LINE('',#8263,#8264);
#7309=VERTEX_POINT('',#8265);
#7310=LINE('',#8266,#8267);
#7311=ELLIPSE('',#8268,0.00500000191799373,0.005);
#7312=LINE('',#8269,#8270);
#7313=LINE('',#8271,#8272);
#7314=VERTEX_POINT('',#8273);
#7315=B_SPLINE_CURVE_WITH_KNOTS('',3,(#8274,#8275,#8276,#8277,#8278,#8279,#8280,#8281,#8282,#8283,#8284,#8285,#8286,#8287,#8288,#8289),.UNSPECIFIED.,.F.,.F.,(4,3,3,3,3,4),(0.00505522453533018,0.00559314813770157,0.00587187462775624,0.00667575671370151,0.00698700192472277,0.00699538712723106),.UNSPECIFIED.);
#7316=VERTEX_POINT('',#8290);
#7317=CIRCLE('',#8291,0.00100000000000001);
#7318=CIRCLE('',#8292,0.00100000000000001);
#7319=CIRCLE('',#8293,0.00200000000000001);
#7320=CIRCLE('',#8294,0.002);
#7321=CIRCLE('',#8295,0.001);
#7322=CIRCLE('',#8296,0.00100000000000002);
#7323=LINE('',#8297,#8298);
#7324=VERTEX_POINT('',#8299);
#7325=LINE('',#8300,#8301);
#7326=B_SPLINE_CURVE_WITH_KNOTS('',3,(#8302,#8303,#8304,#8305,#8306,#8307,#8308,#8309,#8310,#8311,#8312,#8313,#8314,#8315,#8316,#8317,#8318,#8319,#8320,#8321),.UNSPECIFIED.,.F.,.F.,(4,2,2,2,2,2,2,2,2,4),(-0.000877142363997552,-0.000872670337945754,-0.000728702887013495,-0.000584761575998652,-0.000494798256614376,-0.000438571181999203,-0.00038234410738403,-0.000292380787999753,-0.00014843947698491,-8.53585050661257E-16),.UNSPECIFIED.);
#7327=LINE('',#8322,#8323);
#7328=VERTEX_POINT('',#8324);
#7329=B_SPLINE_CURVE_WITH_KNOTS('',3,(#8325,#8326,#8327,#8328,#8329,#8330,#8331,#8332,#8333,#8334,#8335,#8336,#8337,#8338,#8339,#8340),.UNSPECIFIED.,.F.,.F.,(4,3,3,3,3,4),(0.0,8.38520250709649E-06,0.000974273897204479,0.0013513631011915,0.0018940592018166,0.00194016259190186),.UNSPECIFIED.);
#7330=VERTEX_POINT('',#8341);
#7331=CIRCLE('',#8342,0.00200000000000002);
#7332=CIRCLE('',#8343,0.001);
#7333=CIRCLE('',#8344,0.00100000000000002);
#7334=CIRCLE('',#8345,0.00100000000000002);
#7335=VERTEX_POINT('',#8346);
#7336=CIRCLE('',#8347,0.00100000000000001);
#7337=CIRCLE('',#8348,0.00200000000000002);
#7338=LINE('',#8349,#8350);
#7339=LINE('',#8351,#8352);
#7340=VERTEX_POINT('',#8353);
#7341=CIRCLE('',#8354,0.00115);
#7342=CIRCLE('',#8355,0.00115);
#7343=VERTEX_POINT('',#8356);
#7344=CIRCLE('',#8357,0.00115);
#7345=CIRCLE('',#8358,0.00115);
#7346=LINE('',#8359,#8360);
#7347=VERTEX_POINT('',#8361);
#7348=CIRCLE('',#8362,0.001);
#7349=VERTEX_POINT('',#8363);
#7350=LINE('',#8364,#8365);
#7351=CIRCLE('',#8366,0.001);
#7352=LINE('',#8367,#8368);
#7353=VERTEX_POINT('',#8369);
#7354=B_SPLINE_CURVE_WITH_KNOTS('',3,(#8370,#8371,#8372,#8373,#8374,#8375,#8376,#8377,#8378,#8379,#8380,#8381,#8382,#8383,#8384,#8385,#8386,#8387,#8388,#8389),.UNSPECIFIED.,.F.,.F.,(4,2,2,2,2,2,2,2,2,4),(-0.000872670337944981,-0.000724230865994721,-0.000580289559861135,-0.000490326243527643,-0.000434099170819211,-0.000377872098110779,-0.000287908781777288,-0.000143967475643702,-0.0,4.47199630655824E-06),.UNSPECIFIED.);
#7355=LINE('',#8390,#8391);
#7356=CIRCLE('',#8392,0.000999999999999993);
#7357=VERTEX_POINT('',#8393);
#7358=LINE('',#8394,#8395);
#7359=B_SPLINE_CURVE_WITH_KNOTS('',3,(#8396,#8397,#8398,#8399,#8400,#8401,#8402,#8403,#8404,#8405,#8406,#8407,#8408,#8409),.UNSPECIFIED.,.F.,.F.,(4,2,2,2,2,2,4),(-0.00157338835939356,-0.00156912040006775,-0.00130849098150578,-0.0010223662573563,-0.000668159007701628,-0.000332405634873393,-0.0),.UNSPECIFIED.);
#7360=VERTEX_POINT('',#8410);
#7361=ELLIPSE('',#8411,0.00101092242381822,0.001);
#7362=LINE('',#8412,#8413);
#7363=CIRCLE('',#8414,0.000999999999999994);
#7364=CIRCLE('',#8415,0.002);
#7365=VERTEX_POINT('',#8416);
#7366=CIRCLE('',#8417,0.001);
#7367=CIRCLE('',#8418,0.003);
#7368=B_SPLINE_CURVE_WITH_KNOTS('',3,(#8419,#8420,#8421,#8422,#8423,#8424,#8425,#8426),.UNSPECIFIED.,.F.,.F.,(4,2,2,4),(0.00704761727860148,0.00713408319455338,0.00723129377694964,0.00736679187505123),.UNSPECIFIED.);
#7369=LINE('',#8427,#8428);
#7370=LINE('',#8429,#8430);
#7371=CIRCLE('',#8431,0.001);
#7372=CIRCLE('',#8432,0.000999999999999999);
#7373=VERTEX_POINT('',#8433);
#7374=LINE('',#8434,#8435);
#7375=ELLIPSE('',#8436,0.00101092242381822,0.001);
#7376=CIRCLE('',#8437,0.000999999999999997);
#7377=CIRCLE('',#8438,0.000999999999999997);
#7378=VERTEX_POINT('',#8439);
#7379=LINE('',#8440,#8441);
#7380=VERTEX_POINT('',#8442);
#7381=LINE('',#8443,#8444);
#7382=LINE('',#8445,#8446);
#7383=LINE('',#8447,#8448);
#7384=LINE('',#8449,#8450);
#7385=CIRCLE('',#8451,0.001);
#7386=LINE('',#8452,#8453);
#7387=LINE('',#8454,#8455);
#7388=VERTEX_POINT('',#8456);
#7389=B_SPLINE_CURVE_WITH_KNOTS('',3,(#8457,#8458,#8459,#8460,#8461,#8462,#8463),.UNSPECIFIED.,.F.,.F.,(4,3,4),(0.00636939920665935,0.00697987395603979,0.00698825915854826),.UNSPECIFIED.);
#7390=VERTEX_POINT('',#8464);
#7391=B_SPLINE_CURVE_WITH_KNOTS('',3,(#8465,#8466,#8467,#8468),.UNSPECIFIED.,.F.,.F.,(4,4),(0.0,0.000318427151404974),.UNSPECIFIED.);
#7392=LINE('',#8469,#8470);
#7393=VERTEX_POINT('',#8471);
#7394=LINE('',#8472,#8473);
#7395=CIRCLE('',#8474,0.001);
#7396=LINE('',#8475,#8476);
#7397=CIRCLE('',#8477,0.001);
#7398=VERTEX_POINT('',#8478);
#7399=LINE('',#8479,#8480);
#7400=CIRCLE('',#8481,0.000999999999999999);
#7401=LINE('',#8482,#8483);
#7402=VERTEX_POINT('',#8484);
#7403=CIRCLE('',#8485,0.000999999999999998);
#7404=VERTEX_POINT('',#8486);
#7405=LINE('',#8487,#8488);
#7406=CIRCLE('',#8489,0.000999999999999994);
#7407=VERTEX_POINT('',#8490);
#7408=CIRCLE('',#8491,0.000999999999999994);
#7409=ELLIPSE('',#8492,0.00523839556078377,0.002);
#7410=B_SPLINE_CURVE_WITH_KNOTS('',3,(#8493,#8494,#8495,#8496,#8497,#8498,#8499,#8500,#8501,#8502,#8503,#8504),.UNSPECIFIED.,.F.,.F.,(4,2,2,2,2,4),(-0.004566828447221,-0.00397974633524042,-0.0030404149560715,-0.00153748474940123,-0.0,1.24120262274876E-05),.UNSPECIFIED.);
#7411=B_SPLINE_CURVE_WITH_KNOTS('',3,(#8505,#8506,#8507,#8508,#8509,#8510,#8511,#8512,#8513,#8514,#8515,#8516),.UNSPECIFIED.,.F.,.F.,(4,2,2,2,2,4),(-1.24120262274876E-05,0.0,0.00153748474940123,0.0030404149560715,0.00397974633524042,0.004566828447221),.UNSPECIFIED.);
#7412=VERTEX_POINT('',#8517);
#7413=CIRCLE('',#8518,0.000999999999839697);
#7414=B_SPLINE_CURVE_WITH_KNOTS('',3,(#8519,#8520,#8521,#8522),.UNSPECIFIED.,.F.,.F.,(4,4),(0.0201859921769799,0.020767098695321),.UNSPECIFIED.);
#7415=B_SPLINE_CURVE_WITH_KNOTS('',3,(#8523,#8524,#8525,#8526,#8527,#8528,#8529,#8530),.UNSPECIFIED.,.F.,.F.,(4,2,2,4),(-0.020767098695321,-0.0206820457367671,-0.0202130092423609,-0.02018599217698),.UNSPECIFIED.);
#7416=VERTEX_POINT('',#8531);
#7417=B_SPLINE_CURVE_WITH_KNOTS('',3,(#8532,#8533,#8534,#8535,#8536,#8537,#8538,#8539,#8540,#8541,#8542,#8543),.UNSPECIFIED.,.F.,.F.,(4,2,2,2,2,4),(-5.47900485018532E-06,0.0,0.00029006438783782,0.000585522179164554,0.000880928255515692,0.00117630364900243),.UNSPECIFIED.);
#7418=ELLIPSE('',#8544,0.00216392488517203,0.002);
#7419=ELLIPSE('',#8545,0.00129713951010166,0.001);
#7420=LINE('',#8546,#8547);
#7421=VERTEX_POINT('',#8548);
#7422=B_SPLINE_CURVE_WITH_KNOTS('',3,(#8549,#8550,#8551,#8552,#8553,#8554,#8555,#8556,#8557,#8558,#8559,#8560),.UNSPECIFIED.,.F.,.F.,(4,2,2,2,2,4),(0.0,0.000123365267320122,0.000248491094961006,0.000416945993843484,0.00071573645542133,0.00105923222683906),.UNSPECIFIED.);
#7423=VERTEX_POINT('',#8561);
#7424=B_SPLINE_CURVE_WITH_KNOTS('',3,(#8562,#8563,#8564,#8565,#8566,#8567,#8568,#8569,#8570,#8571,#8572,#8573,#8574,#8575,#8576,#8577),.UNSPECIFIED.,.F.,.F.,(4,2,2,2,2,2,2,4),(0.00154150413844596,0.00196499591196609,0.00256961003872489,0.00294749386794914,0.00332537769717339,0.00392999182393219,0.00489737442674627,0.00589498773589828),.UNSPECIFIED.);
#7425=CIRCLE('',#8578,0.000999999999999995);
#7426=VERTEX_POINT('',#8579);
#7427=B_SPLINE_CURVE_WITH_KNOTS('',3,(#8580,#8581,#8582,#8583,#8584,#8585,#8586,#8587,#8588,#8589,#8590,#8591,#8592,#8593),.UNSPECIFIED.,.F.,.F.,(4,2,2,2,2,2,4),(0.0,9.17866124513649E-05,0.00042121371379385,0.000752258150092595,0.00104168981786639,0.00138077169266044,0.00138754836403466),.UNSPECIFIED.);
#7428=B_SPLINE_CURVE_WITH_KNOTS('',3,(#8594,#8595,#8596,#8597,#8598,#8599,#8600,#8601,#8602,#8603,#8604,#8605,#8606,#8607),.UNSPECIFIED.,.F.,.F.,(4,2,2,2,2,2,4),(0.00222313876315833,0.00253003335449264,0.00283014997681963,0.00313026659914662,0.00361045319486982,0.00413361481077077,0.00426363142094029),.UNSPECIFIED.);
#7429=VERTEX_POINT('',#8608);
#7430=CIRCLE('',#8609,0.001);
#7431=B_SPLINE_CURVE_WITH_KNOTS('',3,(#8610,#8611,#8612,#8613,#8614,#8615,#8616,#8617,#8618,#8619),.UNSPECIFIED.,.F.,.F.,(4,3,3,4),(-0.00426363142094029,-0.00371701200799923,-0.00284242094729353,-0.00189690115947989),.UNSPECIFIED.);
#7432=LINE('',#8620,#8621);
#7433=VERTEX_POINT('',#8622);
#7434=ELLIPSE('',#8623,0.00101092242381822,0.001);
#7435=VERTEX_POINT('',#8624);
#7436=LINE('',#8625,#8626);
#7437=B_SPLINE_CURVE_WITH_KNOTS('',3,(#8627,#8628,#8629,#8630,#8631,#8632,#8633,#8634,#8635,#8636),.UNSPECIFIED.,.F.,.F.,(4,3,3,4),(0.0080600902563964,0.00866173284985491,0.00893092386996714,0.00926337544331341),.UNSPECIFIED.);
#7438=CIRCLE('',#8637,0.002);
#7439=CIRCLE('',#8638,0.002);
#7440=CIRCLE('',#8639,0.000999999999999998);
#7441=VERTEX_POINT('',#8640);
#7442=LINE('',#8641,#8642);
#7443=LINE('',#8643,#8644);
#7444=LINE('',#8645,#8646);
#7445=VERTEX_POINT('',#8647);
#7446=B_SPLINE_CURVE_WITH_KNOTS('',3,(#8648,#8649,#8650,#8651,#8652,#8653,#8654,#8655,#8656,#8657,#8658,#8659,#8660,#8661,#8662,#8663),.UNSPECIFIED.,.F.,.F.,(4,3,3,3,3,4),(0.00252759219246105,0.00272971000018174,0.00287247847349831,0.00314013569112439,0.0034881688580475,0.00349409805454539),.UNSPECIFIED.);
#7447=VERTEX_POINT('',#8664);
#7448=LINE('',#8665,#8666);
#7449=LINE('',#8667,#8668);
#7450=LINE('',#8669,#8670);
#7451=CIRCLE('',#8671,0.000999999999999998);
#7452=CIRCLE('',#8672,0.000999999999999993);
#7453=CIRCLE('',#8673,0.000999999999999998);
#7454=ELLIPSE('',#8674,0.00101092242381821,0.001);
#7455=CIRCLE('',#8675,0.000999999999999998);
#7456=LINE('',#8676,#8677);
#7457=CIRCLE('',#8678,0.007);
#7458=CIRCLE('',#8679,0.0037);
#7459=CIRCLE('',#8680,0.00215);
#7460=VERTEX_POINT('',#8681);
#7461=CIRCLE('',#8682,0.000499999999999998);
#7462=B_SPLINE_CURVE_WITH_KNOTS('',3,(#8683,#8684,#8685,#8686,#8687,#8688,#8689,#8690,#8691,#8692),.UNSPECIFIED.,.F.,.F.,(4,2,2,2,4),(-0.000874813513815683,-0.000762657935121364,-0.000583209009210455,-0.000296090727753,-0.0),.UNSPECIFIED.);
#7463=VERTEX_POINT('',#8693);
#7464=CIRCLE('',#8694,0.000500000000000001);
#7465=B_SPLINE_CURVE_WITH_KNOTS('',3,(#8695,#8696,#8697,#8698,#8699,#8700,#8701,#8702,#8703,#8704,#8705,#8706,#8707,#8708,#8709,#8710,#8711,#8712),.UNSPECIFIED.,.F.,.F.,(4,2,2,2,2,2,2,2,4),(0.0,0.0001480453638765,0.000291604504605227,0.000381328967560682,0.000437406756907841,0.000493484546255001,0.000583209009210455,0.000726768149939183,0.000874813513815683),.UNSPECIFIED.);
#7466=VERTEX_POINT('',#8713);
#7467=CIRCLE('',#8714,0.0005);
#7468=VERTEX_POINT('',#8715);
#7469=B_SPLINE_CURVE_WITH_KNOTS('',3,(#8716,#8717,#8718,#8719,#8720,#8721,#8722,#8723,#8724,#8725),.UNSPECIFIED.,.F.,.F.,(4,2,2,2,4),(3.11614526969448E-18,0.000112155578694341,0.000291604504605282,0.000578722786062787,0.000874813513815839),.UNSPECIFIED.);
#7470=CIRCLE('',#8726,0.000499999999999997);
#7471=B_SPLINE_CURVE_WITH_KNOTS('',3,(#8727,#8728,#8729,#8730,#8731,#8732,#8733,#8734,#8735,#8736,#8737,#8738,#8739,#8740,#8741,#8742,#8743,#8744),.UNSPECIFIED.,.F.,.F.,(4,2,2,2,2,2,2,2,4),(-0.000874813513815839,-0.000726768149939313,-0.00058320900921056,-0.00049348454625509,-0.000437406756907921,-0.000381328967560752,-0.000291604504605282,-0.000148045363876529,-3.11614526969448E-18),.UNSPECIFIED.);
#7472=CIRCLE('',#8745,0.0005);
#7473=CIRCLE('',#8746,0.000499999999999993);
#7474=CIRCLE('',#8747,0.001);
#7475=CIRCLE('',#8748,0.0005);
#7476=CIRCLE('',#8749,0.001);
#7477=CIRCLE('',#8750,0.000500000000000005);
#7478=B_SPLINE_CURVE_WITH_KNOTS('',3,(#8751,#8752,#8753,#8754,#8755,#8756,#8757,#8758,#8759,#8760,#8761,#8762),.UNSPECIFIED.,.F.,.F.,(4,2,2,2,2,4),(-4.47199630655824E-06,0.0,0.000292406947593963,0.000580289559861135,0.000760216192528117,0.000872670337944981),.UNSPECIFIED.);
#7479=CIRCLE('',#8763,0.001);
#7480=CIRCLE('',#8764,0.0005);
#7481=CIRCLE('',#8765,0.0005);
#7482=B_SPLINE_CURVE_WITH_KNOTS('',3,(#8766,#8767,#8768,#8769,#8770,#8771,#8772,#8773,#8774,#8775,#8776,#8777,#8778,#8779,#8780,#8781,#8782,#8783,#8784,#8785),.UNSPECIFIED.,.F.,.F.,(4,2,2,2,2,2,2,2,2,4),(8.53585050661257E-16,0.00014843947698491,0.000292380787999753,0.00038234410738403,0.000438571181999203,0.000494798256614376,0.000584761575998652,0.000728702887013495,0.000872670337945754,0.000877142363997552),.UNSPECIFIED.);
#7483=CIRCLE('',#8786,0.001);
#7484=CIRCLE('',#8787,0.0048);
#7485=VERTEX_POINT('',#8788);
#7486=CIRCLE('',#8789,0.000499999999999999);
#7487=VERTEX_POINT('',#8790);
#7488=CIRCLE('',#8791,0.00690000000000001);
#7489=VERTEX_POINT('',#8792);
#7490=CIRCLE('',#8793,0.000500000000000005);
#7491=CIRCLE('',#8794,0.00740000000000001);
#7492=LINE('',#8795,#8796);
#7493=LINE('',#8797,#8798);
#7494=LINE('',#8799,#8800);
#7495=VERTEX_POINT('',#8801);
#7496=B_SPLINE_CURVE_WITH_KNOTS('',3,(#8802,#8803,#8804,#8805,#8806,#8807,#8808,#8809,#8810,#8811,#8812,#8813,#8814,#8815,#8816,#8817,#8818,#8819,#8820,#8821,#8822,#8823,#8824,#8825),.UNSPECIFIED.,.F.,.F.,(4,2,2,2,2,2,2,2,2,2,2,4),(0.0,0.000173196760115355,0.000478783703382085,0.000669775542923791,0.000860767382465497,0.00109950718189263,0.0012611994145239,0.00142289164715517,0.0016815992193652,0.00199264013292875,0.00232003178400103,0.0025223988290478),.UNSPECIFIED.);
#7497=LINE('',#8826,#8827);
#7498=VERTEX_POINT('',#8828);
#7499=B_SPLINE_CURVE_WITH_KNOTS('',3,(#8829,#8830,#8831,#8832,#8833,#8834,#8835,#8836,#8837,#8838),.UNSPECIFIED.,.F.,.F.,(4,2,2,2,4),(-7.46919671760061E-06,0.0,0.000400253813457256,0.000710428440191078,0.000965397378965145),.UNSPECIFIED.);
#7500=B_SPLINE_CURVE_WITH_KNOTS('',3,(#8839,#8840,#8841,#8842,#8843,#8844,#8845,#8846,#8847,#8848,#8849,#8850,#8851,#8852,#8853,#8854,#8855,#8856),.UNSPECIFIED.,.F.,.F.,(4,2,2,2,2,2,2,2,4),(-0.00148070668692765,-0.00142289164715517,-0.0012611994145239,-0.00109950718189263,-0.000860767382465497,-0.000669775542923791,-0.000478783703382085,-0.000173196760115355,-0.0),.UNSPECIFIED.);
#7501=VERTEX_POINT('',#8857);
#7502=LINE('',#8858,#8859);
#7503=LINE('',#8860,#8861);
#7504=CIRCLE('',#8862,0.000999999999999998);
#7505=CIRCLE('',#8863,0.000499999999999993);
#7506=LINE('',#8864,#8865);
#7507=CARTESIAN_POINT('',(0.0170103729361394,0.0534790342558602,0.0663503629704114));
#7508=CARTESIAN_POINT('',(0.0205602450458569,0.0534789892806524,0.0663508153299912));
#7509=CARTESIAN_POINT('',(0.0205603729070314,0.0534789892790325,0.0663508153462845));
#7510=VECTOR('',#8866,1.0);
#7511=CARTESIAN_POINT('',(0.0170103414392495,0.0450994961501426,0.0657644097864158));
#7512=AXIS2_PLACEMENT_3D('',#8867,#8868,#8869);
#7513=CARTESIAN_POINT('',(0.020560213548967,0.0450994511749348,0.0657648621459956));
#7514=CARTESIAN_POINT('',(0.0205603414101415,0.0450994511733149,0.0657648621622889));
#7515=VECTOR('',#8870,1.0);
#7516=AXIS2_PLACEMENT_3D('',#8871,#8872,#8873);
#7517=CARTESIAN_POINT('',(0.0205578153725221,0.0942574693202808,0.0894719134247658));
#7518=CARTESIAN_POINT('',(-0.00744218630667741,0.0942757295921772,0.0894851047189621));
#7519=CARTESIAN_POINT('',(0.00655792965566488,0.0942665993811514,0.0894785090176276));
#7520=VECTOR('',#8874,1.0);
#7521=CARTESIAN_POINT('',(0.0205578491505968,0.0931123371401508,0.0890929883164806));
#7522=AXIS2_PLACEMENT_3D('',#8875,#8876,#8877);
#7523=CARTESIAN_POINT('',(-0.00744215252860278,0.0931305974120472,0.089106179610677));
#7524=CARTESIAN_POINT('',(0.00658491428554432,0.0931214496249552,0.0890995712123212));
#7525=VECTOR('',#8878,0.999999999999999);
#7526=AXIS2_PLACEMENT_3D('',#8879,#8880,#8881);
#7527=CARTESIAN_POINT('',(0.00805945513735075,0.0517784888602094,0.0733830988172764));
#7528=CARTESIAN_POINT('',(-0.00744067259673244,0.0517786852395277,0.0733811236387204));
#7529=CARTESIAN_POINT('',(0.000309393239333749,0.0517785870498436,0.0733821112282493));
#7530=VECTOR('',#8882,1.0);
#7531=CARTESIAN_POINT('',(0.00805940095987633,0.0521155060713648,0.0738417616461459));
#7532=AXIS2_PLACEMENT_3D('',#8883,#8884,#8885);
#7533=CARTESIAN_POINT('',(-0.00744072677420686,0.0521157024506831,0.0738397864675898));
#7534=CARTESIAN_POINT('',(-0.00744059891303238,0.0521157024490631,0.0738397864838832));
#7535=VECTOR('',#8886,0.999999999999999);
#7536=AXIS2_PLACEMENT_3D('',#8887,#8888,#8889);
#7537=CARTESIAN_POINT('',(0.0127919219061944,0.108838062679128,0.0799574473220301));
#7538=CARTESIAN_POINT('',(0.01279374198145,0.110194624030344,0.0819429182474578));
#7539=CARTESIAN_POINT('',(0.0127928319431159,0.109516342828305,0.0809501820142561));
#7540=VECTOR('',#8890,1.0);
#7541=CARTESIAN_POINT('',(0.0130863490673115,0.108254620034792,0.0803558111823302));
#7542=AXIS2_PLACEMENT_3D('',#8891,#8892,#8893);
#7543=CARTESIAN_POINT('',(0.0130881691425671,0.109611181386007,0.0823412821077578));
#7544=CARTESIAN_POINT('',(0.013090137075302,0.111077945730844,0.0844880467627582));
#7545=VECTOR('',#8894,1.0);
#7546=AXIS2_PLACEMENT_3D('',#8895,#8896,#8897);
#7547=CARTESIAN_POINT('',(0.00037956121499092,0.110177677730757,0.0819658767495));
#7548=CARTESIAN_POINT('',(0.000377741139735318,0.108821116379542,0.0799804058240722));
#7549=CARTESIAN_POINT('',(0.000378651177362454,0.109499397054647,0.0809731412860501));
#7550=VECTOR('',#8898,1.0);
#7551=CARTESIAN_POINT('',(8.82034860138822E-05,0.109593435445557,0.0823653239469809));
#7552=AXIS2_PLACEMENT_3D('',#8899,#8900,#8901);
#7553=CARTESIAN_POINT('',(8.63834107582787E-05,0.108236874094341,0.0803798530215532));
#7554=CARTESIAN_POINT('',(9.01714187486833E-05,0.111060199790394,0.0845120886019813));
#7555=VECTOR('',#8902,1.0);
#7556=AXIS2_PLACEMENT_3D('',#8903,#8904,#8905);
#7557=CARTESIAN_POINT('',(0.0182500090845911,0.103059879185975,0.0839003538523478));
#7558=CARTESIAN_POINT('',(0.0182532672645375,0.105488306789186,0.0874546143333527));
#7559=CARTESIAN_POINT('',(0.0182537970925815,0.105883204882027,0.0880325894327761));
#7560=VECTOR('',#8906,1.0);
#7561=CARTESIAN_POINT('',(0.0159500151607394,0.103056739519587,0.083904607408518));
#7562=AXIS2_PLACEMENT_3D('',#8907,#8908,#8909);
#7563=CARTESIAN_POINT('',(0.0159532733406858,0.105485167122799,0.087458867889523));
#7564=CARTESIAN_POINT('',(0.0159538031687298,0.105880065215639,0.0880368429889463));
#7565=VECTOR('',#8910,1.0);
#7566=AXIS2_PLACEMENT_3D('',#8911,#8912,#8913);
#7567=CARTESIAN_POINT('',(-0.00274993543753341,0.103031212666785,0.0839391906695544));
#7568=CARTESIAN_POINT('',(-0.002746677257587,0.105459640269997,0.0874934511505594));
#7569=CARTESIAN_POINT('',(-0.00274614742954301,0.105854538362837,0.0880714262499826));
#7570=VECTOR('',#8914,1.0);
#7571=CARTESIAN_POINT('',(-0.00504992936138515,0.103028073000398,0.0839434442257246));
#7572=AXIS2_PLACEMENT_3D('',#8915,#8916,#8917);
#7573=CARTESIAN_POINT('',(-0.00504667118143873,0.105456500603609,0.0874977047067296));
#7574=CARTESIAN_POINT('',(-0.00504614135339474,0.10585139869645,0.0880756798061529));
#7575=VECTOR('',#8918,1.0);
#7576=AXIS2_PLACEMENT_3D('',#8919,#8920,#8921);
#7577=CARTESIAN_POINT('',(0.0144399666076084,0.112495077289224,0.0835185625621262));
#7578=CARTESIAN_POINT('',(0.0144387555720793,0.111592453077016,0.0821974766205874));
#7579=CARTESIAN_POINT('',(0.0144399666076084,0.112495077289224,0.0835185625621262));
#7580=VECTOR('',#8922,1.0);
#7581=CARTESIAN_POINT('',(0.014585645472097,0.112787198431824,0.0833188389633857));
#7582=AXIS2_PLACEMENT_3D('',#8923,#8924,#8925);
#7583=CARTESIAN_POINT('',(0.0145844344365674,0.111884574219271,0.08199775302134));
#7584=CARTESIAN_POINT('',(0.014585645472097,0.112787198431824,0.0833188389633857));
#7585=VECTOR('',#8926,1.0);
#7586=AXIS2_PLACEMENT_3D('',#8927,#8928,#8929);
#7587=CARTESIAN_POINT('',(0.0133802627882004,0.112130876210564,0.0837683722378705));
#7588=CARTESIAN_POINT('',(0.0133790517526713,0.111228251998357,0.0824472862963316));
#7589=CARTESIAN_POINT('',(0.0133796166115092,0.111649259682549,0.0830634755424707));
#7590=VECTOR('',#8930,1.0);
#7591=CARTESIAN_POINT('',(0.0140867320011391,0.112373676929671,0.083601832454041));
#7592=AXIS2_PLACEMENT_3D('',#8931,#8932,#8933);
#7593=CARTESIAN_POINT('',(0.01408552096561,0.111471052717463,0.0822807465125021));
#7594=CARTESIAN_POINT('',(0.0140867320011391,0.112373676929671,0.083601832454041));
#7595=VECTOR('',#8934,1.0);
#7596=AXIS2_PLACEMENT_3D('',#8935,#8936,#8937);
#7597=CARTESIAN_POINT('',(-0.000206698793976204,0.111209706417042,0.0824724114727356));
#7598=CARTESIAN_POINT('',(-0.000205487758447066,0.112112330629249,0.0837934974142744));
#7599=CARTESIAN_POINT('',(-0.000206133934154049,0.111630714834788,0.0830886017925075));
#7600=VECTOR('',#8938,1.0);
#7601=CARTESIAN_POINT('',(-0.000914439407336091,0.111450576632328,0.082308487096221));
#7602=AXIS2_PLACEMENT_3D('',#8939,#8940,#8941);
#7603=CARTESIAN_POINT('',(-0.000913228371806974,0.112353200844535,0.0836295730377599));
#7604=CARTESIAN_POINT('',(-0.000913228371806976,0.112353200844536,0.0836295730377599));
#7605=VECTOR('',#8942,1.0);
#7606=AXIS2_PLACEMENT_3D('',#8943,#8944,#8945);
#7607=CARTESIAN_POINT('',(-0.00331045550086145,0.112470846614926,0.0835513897868857));
#7608=CARTESIAN_POINT('',(-0.00331166653639055,0.111568222402719,0.0822303038453468));
#7609=CARTESIAN_POINT('',(-0.00331106101827286,0.112019534772038,0.0828908472013601));
#7610=VECTOR('',#8946,1.0);
#7611=CARTESIAN_POINT('',(-0.0029565851941815,0.112350411507283,0.083633351975143));
#7612=AXIS2_PLACEMENT_3D('',#8947,#8948,#8949);
#7613=CARTESIAN_POINT('',(-0.00295779622971061,0.111447787295075,0.0823122660336041));
#7614=CARTESIAN_POINT('',(-0.0029565851941815,0.112350411507283,0.083633351975143));
#7615=VECTOR('',#8950,1.0);
#7616=AXIS2_PLACEMENT_3D('',#8951,#8952,#8953);
#7617=CARTESIAN_POINT('',(-0.00574613950413222,0.10585044314581,0.0880769743667262));
#7618=CARTESIAN_POINT('',(-0.00574613950413222,0.10585044314581,0.0880769743667262));
#7619=VECTOR('',#8954,1.0);
#7620=AXIS2_PLACEMENT_3D('',#8955,#8956,#8957);
#7621=CARTESIAN_POINT('',(-0.00204614927880552,0.105855493913477,0.0880701316894088));
#7622=CARTESIAN_POINT('',(-0.00204614927880552,0.105855493913477,0.0880701316894088));
#7623=VECTOR('',#8958,1.0);
#7624=CARTESIAN_POINT('',(-0.00211499470195021,0.106265050734893,0.0877903675064664));
#7625=AXIS2_PLACEMENT_3D('',#8959,#8960,#8961);
#7626=AXIS2_PLACEMENT_3D('',#8962,#8963,#8964);
#7627=CARTESIAN_POINT('',(0.0152538050179923,0.105879109665,0.0880381375495196));
#7628=CARTESIAN_POINT('',(0.0152538050179923,0.105879109665,0.0880381375495196));
#7629=VECTOR('',#8965,1.0);
#7630=AXIS2_PLACEMENT_3D('',#8966,#8967,#8968);
#7631=CARTESIAN_POINT('',(0.018953795243319,0.105884160432666,0.0880312948722023));
#7632=CARTESIAN_POINT('',(0.018953795243319,0.105884160432666,0.0880312948722023));
#7633=VECTOR('',#8969,1.0);
#7634=CARTESIAN_POINT('',(0.0188849498201743,0.106293717254082,0.0877515306892599));
#7635=AXIS2_PLACEMENT_3D('',#8970,#8971,#8972);
#7636=AXIS2_PLACEMENT_3D('',#8973,#8974,#8975);
#7637=CARTESIAN_POINT('',(-0.00743959488899652,0.0566614156875731,0.0654093176257507));
#7638=CARTESIAN_POINT('',(0.00806053284508667,0.0566612193082549,0.0654112928043068));
#7639=CARTESIAN_POINT('',(0.000311086659789075,0.0566613174900883,0.0654103052937398));
#7640=VECTOR('',#8976,1.0);
#7641=CARTESIAN_POINT('',(-0.0074393672552831,0.0562649278393918,0.0635835517288122));
#7642=AXIS2_PLACEMENT_3D('',#8977,#8978,#8979);
#7643=CARTESIAN_POINT('',(0.00806076080599415,0.0562637881934856,0.0635828654833989));
#7644=CARTESIAN_POINT('',(0.00806076080120809,0.056263788193486,0.0635828654833991));
#7645=CARTESIAN_POINT('',(0.00289405213849498,0.0562641682446638,0.0635830941718678));
#7646=CARTESIAN_POINT('',(-0.00227265652422792,0.0562645481266046,0.0635833229203729));
#7647=CARTESIAN_POINT('',(-0.0074393651869606,0.0562649278392398,0.0635835517287206));
#7648=AXIS2_PLACEMENT_3D('',#8980,#8981,#8982);
#7649=CARTESIAN_POINT('',(0.00856037525520245,0.0540776797495023,0.0663911399872605));
#7650=CARTESIAN_POINT('',(0.0080603733844873,0.0535789040541645,0.0663561981066348));
#7651=CARTESIAN_POINT('',(0.00856037525520245,0.0540776797495023,0.0663911399872605));
#7652=VECTOR('',#8983,1.0);
#7653=CARTESIAN_POINT('',(0.00856033925875686,0.0445010647715393,0.0657214792055513));
#7654=AXIS2_PLACEMENT_3D('',#8984,#8985,#8986);
#7655=CARTESIAN_POINT('',(0.00806034113767145,0.044999853136406,0.0657562936563536));
#7656=CARTESIAN_POINT('',(0.00856033925875685,0.0445010647715393,0.0657214792055513));
#7657=VECTOR('',#8987,1.0);
#7658=AXIS2_PLACEMENT_3D('',#8988,#8989,#8990);
#7659=CARTESIAN_POINT('',(0.00108598018139774,0.110740849840123,0.0820086424342694));
#7660=CARTESIAN_POINT('',(0.0120859511215582,0.110755865635889,0.0819882993395421));
#7661=CARTESIAN_POINT('',(0.00658591710408479,0.110748357671735,0.0819984709766882));
#7662=VECTOR('',#8991,1.0);
#7663=CARTESIAN_POINT('',(0.00108603042792964,0.110420478449864,0.0817993369656704));
#7664=AXIS2_PLACEMENT_3D('',#8992,#8993,#8994);
#7665=CARTESIAN_POINT('',(0.0120860013680901,0.11043549424563,0.0817789938709432));
#7666=CARTESIAN_POINT('',(-0.0076635312353167,0.110408534633677,0.0818155182049397));
#7667=VECTOR('',#8995,1.0);
#7668=AXIS2_PLACEMENT_3D('',#8996,#8997,#8998);
#7669=CARTESIAN_POINT('',(-0.00345888011694914,0.111859943724887,0.0820311219151968));
#7670=CARTESIAN_POINT('',(-0.0029583816833893,0.111369251372013,0.0819377284848331));
#7671=AXIS2_PLACEMENT_3D('',#8999,#9000,#9001);
#7672=AXIS2_PLACEMENT_3D('',#9002,#9003,#9004);
#7673=AXIS2_PLACEMENT_3D('',#9005,#9006,#9007);
#7674=CARTESIAN_POINT('',(-0.000915024861014792,0.111372040709265,0.08193394954745));
#7675=CARTESIAN_POINT('',(-0.00193676276228536,0.111370645959431,0.0819358391261611));
#7676=VECTOR('',#9008,1.0);
#7677=CARTESIAN_POINT('',(-0.0121163414980437,0.111435285185205,0.0823292036378006));
#7678=VECTOR('',#9009,1.0);
#7679=AXIS2_PLACEMENT_3D('',#9010,#9011,#9012);
#7680=CARTESIAN_POINT('',(0.00256036536788024,0.0514342110071339,0.0662055211300357));
#7681=CARTESIAN_POINT('',(0.0149603652662072,0.0514340539049753,0.0662071012598459));
#7682=CARTESIAN_POINT('',(0.00456036535148137,0.0514341856680761,0.0662057759896826));
#7683=VECTOR('',#9013,1.0);
#7684=CARTESIAN_POINT('',(0.00256034924447232,0.0471446855482547,0.0659055689048952));
#7685=AXIS2_PLACEMENT_3D('',#9014,#9015,#9016);
#7686=CARTESIAN_POINT('',(0.0149603491427993,0.047144528446096,0.0659071490347053));
#7687=CARTESIAN_POINT('',(0.00456034922807344,0.0471446602091968,0.065905823764542));
#7688=VECTOR('',#9017,1.0);
#7689=CARTESIAN_POINT('',(0.0149606324113658,0.0494392672858489,0.0639123624353197));
#7690=AXIS2_PLACEMENT_3D('',#9018,#9019,#9020);
#7691=AXIS2_PLACEMENT_3D('',#9021,#9022,#9023);
#7692=CARTESIAN_POINT('',(0.0031603411778487,0.0449999152170977,0.0657556692502189));
#7693=CARTESIAN_POINT('',(0.00561034115776007,0.0449998841767518,0.0657559814532863));
#7694=VECTOR('',#9024,1.0);
#7695=AXIS2_PLACEMENT_3D('',#9025,#9026,#9027);
#7696=CARTESIAN_POINT('',(0.00316037342466454,0.0535789661348562,0.0663555737005001));
#7697=CARTESIAN_POINT('',(0.00561037340457592,0.0535789350945103,0.0663558859035674));
#7698=VECTOR('',#9028,1.0);
#7699=AXIS2_PLACEMENT_3D('',#9029,#9030,#9031);
#7700=CARTESIAN_POINT('',(0.00256037117980636,0.0529804353004509,0.0663136434437492));
#7701=CARTESIAN_POINT('',(0.00256037117980636,0.0529804353004509,0.0663136434437492));
#7702=VECTOR('',#9032,1.0);
#7703=AXIS2_PLACEMENT_3D('',#9033,#9034,#9035);
#7704=CARTESIAN_POINT('',(0.00256034343254621,0.0455984612549377,0.0657974465911817));
#7705=CARTESIAN_POINT('',(0.00256034343254621,0.0455984612549377,0.0657974465911817));
#7706=VECTOR('',#9036,1.0);
#7707=AXIS2_PLACEMENT_3D('',#9037,#9038,#9039);
#7708=CARTESIAN_POINT('',(0.0205569711550743,0.0926929755829776,0.0959413255314797));
#7709=CARTESIAN_POINT('',(-0.00744303052412527,0.092711235854874,0.0959545168256761));
#7710=CARTESIAN_POINT('',(0.0065572581223308,0.0927021055312319,0.095947921042987));
#7711=VECTOR('',#9040,1.0);
#7712=CARTESIAN_POINT('',(0.0205571187435371,0.0955798881132015,0.0950701586664636));
#7713=AXIS2_PLACEMENT_3D('',#9041,#9042,#9043);
#7714=CARTESIAN_POINT('',(-0.0074428829356625,0.0955981483850979,0.0950833499606599));
#7715=CARTESIAN_POINT('',(-0.0146745399382596,0.0956028645284983,0.0950867569217073));
#7716=VECTOR('',#9044,0.999999999999999);
#7717=AXIS2_PLACEMENT_3D('',#9045,#9046,#9047);
#7718=CARTESIAN_POINT('',(0.00856019116399977,0.0423160094239279,0.0666664003450966));
#7719=CARTESIAN_POINT('',(0.020560063204432,0.0423158573912007,0.0666679294866841));
#7720=CARTESIAN_POINT('',(0.0205601910656065,0.0423158573895808,0.0666679295029775));
#7721=VECTOR('',#9048,1.0);
#7722=CARTESIAN_POINT('',(0.0085611741026104,0.052789371768485,0.0599941315408705));
#7723=AXIS2_PLACEMENT_3D('',#9049,#9050,#9051);
#7724=CARTESIAN_POINT('',(0.0205610461430427,0.0527892197357582,0.0599956606824583));
#7725=CARTESIAN_POINT('',(0.00656117411900928,0.0527893971075431,0.059993876681224));
#7726=VECTOR('',#9052,1.0);
#7727=AXIS2_PLACEMENT_3D('',#9053,#9054,#9055);
#7728=CARTESIAN_POINT('',(0.0175588615680861,0.0588979725600858,0.0777461785798405));
#7729=CARTESIAN_POINT('',(0.0165587337151099,0.0588543658426059,0.0787450993634325));
#7730=AXIS2_PLACEMENT_3D('',#9056,#9057,#9058);
#7731=CARTESIAN_POINT('',(0.0175586648613499,0.0569196965822021,0.0790931388533888));
#7732=AXIS2_PLACEMENT_3D('',#9059,#9060,#9061);
#7733=CARTESIAN_POINT('',(0.0172657507797673,0.0575882829081861,0.0793233129247886));
#7734=AXIS2_PLACEMENT_3D('',#9062,#9063,#9064);
#7735=CARTESIAN_POINT('',(0.0165586353617419,0.0578652278536641,0.0794185795002067));
#7736=AXIS2_PLACEMENT_3D('',#9065,#9066,#9067);
#7737=CARTESIAN_POINT('',(0.0165587148331397,0.0583723752359344,0.0788453535726985));
#7738=AXIS2_PLACEMENT_3D('',#9068,#9069,#9070);
#7739=AXIS2_PLACEMENT_3D('',#9071,#9072,#9073);
#7740=CARTESIAN_POINT('',(0.0172656226307739,0.0672779357849927,0.0812923365255984));
#7741=CARTESIAN_POINT('',(0.0172658737394139,0.0592316622568491,0.0785217831051458));
#7742=CARTESIAN_POINT('',(0.0172657468707177,0.0632969155733608,0.0799215617034836));
#7743=VECTOR('',#9074,1.0);
#7744=CARTESIAN_POINT('',(0.0175586008689381,0.0676072294590725,0.0806579092726455));
#7745=AXIS2_PLACEMENT_3D('',#9075,#9076,#9077);
#7746=CARTESIAN_POINT('',(0.0175588550698602,0.0594618699415321,0.0778532378190584));
#7747=CARTESIAN_POINT('',(0.0175585826038049,0.0681924990779012,0.0808594337098476));
#7748=VECTOR('',#9078,1.0);
#7749=AXIS2_PLACEMENT_3D('',#9079,#9080,#9081);
#7750=CARTESIAN_POINT('',(0.0172649023648384,0.0763448330351429,0.0878460554603908));
#7751=CARTESIAN_POINT('',(0.0172651407426052,0.073344070938738,0.0856770498096771));
#7752=VECTOR('',#9082,1.0);
#7753=CARTESIAN_POINT('',(0.0175578738561299,0.0767590581195513,0.0872730181820536));
#7754=AXIS2_PLACEMENT_3D('',#9083,#9084,#9085);
#7755=CARTESIAN_POINT('',(0.0175581122338968,0.0737582960231464,0.0851040125313399));
#7756=VECTOR('',#9086,1.0);
#7757=CARTESIAN_POINT('',(0.0165574581899233,0.0751923506537173,0.0903791086378662));
#7758=CARTESIAN_POINT('',(0.0165904456691489,0.0751923264962442,0.0903796565607499));
#7759=AXIS2_PLACEMENT_3D('',#9087,#9088,#9089);
#7760=CARTESIAN_POINT('',(0.0165574579978457,0.0751456953113237,0.0903759773169844));
#7761=AXIS2_PLACEMENT_3D('',#9090,#9091,#9092);
#7762=CARTESIAN_POINT('',(0.0165903801338851,0.0751479570973074,0.0903767281727531));
#7763=CARTESIAN_POINT('',(0.0165574579978458,0.0751456953113236,0.0903759773169843));
#7764=CARTESIAN_POINT('',(0.0165684311686992,0.0751456946210091,0.0903759807705718));
#7765=CARTESIAN_POINT('',(0.0165793889286291,0.0751464507587085,0.0903762312657343));
#7766=CARTESIAN_POINT('',(0.0165903801338851,0.0751479570973074,0.0903767281727531));
#7767=CARTESIAN_POINT('',(0.0165948968541347,0.0760469857082925,0.0899662824667596));
#7768=CARTESIAN_POINT('',(0.0165948694507337,0.0760459151213627,0.0899677618558325));
#7769=CARTESIAN_POINT('',(0.0165948422915938,0.0760448404933588,0.0899692383202201));
#7770=CARTESIAN_POINT('',(0.0165933902461399,0.0759866565365699,0.0900487217675458));
#7771=CARTESIAN_POINT('',(0.0165926069665171,0.0759185644459827,0.0901180661622977));
#7772=CARTESIAN_POINT('',(0.0165915099193477,0.0757631763869814,0.090236166815098));
#7773=CARTESIAN_POINT('',(0.0165912276787034,0.0756764023402008,0.0902838669836535));
#7774=CARTESIAN_POINT('',(0.0165908245735796,0.0754917438008807,0.090352376014166));
#7775=CARTESIAN_POINT('',(0.0165907110892607,0.0753948717422729,0.0903728146628756));
#7776=CARTESIAN_POINT('',(0.0165904590220394,0.0751983031889606,0.0903847363286864));
#7777=CARTESIAN_POINT('',(0.016590324005556,0.075099680884251,0.0903761571670389));
#7778=CARTESIAN_POINT('',(0.0165901204001721,0.0750039079486414,0.0903533141391854));
#7779=CARTESIAN_POINT('',(0.017264636311112,0.0764252031137166,0.0899418911775469));
#7780=CARTESIAN_POINT('',(0.0172646760066636,0.0766352710259377,0.0896512677672325));
#7781=CARTESIAN_POINT('',(0.0172646618865896,0.0765605479313035,0.0897546451958089));
#7782=VECTOR('',#9093,1.0);
#7783=CARTESIAN_POINT('',(0.0175195365838306,0.0769870361054624,0.0899055648061389));
#7784=AXIS2_PLACEMENT_3D('',#9094,#9095,#9096);
#7785=AXIS2_PLACEMENT_3D('',#9097,#9098,#9099);
#7786=CARTESIAN_POINT('',(0.0172658017583873,0.0681213868137355,0.0796639688985577));
#7787=CARTESIAN_POINT('',(0.0172643722986115,0.0861158015747489,0.0926706605470107));
#7788=CARTESIAN_POINT('',(0.0172645916346278,0.0833547433385566,0.0906749172244043));
#7789=VECTOR('',#9100,1.0);
#7790=CARTESIAN_POINT('',(0.017265840814805,0.0681213686236083,0.0796640039499032));
#7791=AXIS2_PLACEMENT_3D('',#9101,#9102,#9103);
#7792=CARTESIAN_POINT('',(0.0175586490094645,0.0677920675278903,0.0802985058495184));
#7793=AXIS2_PLACEMENT_3D('',#9104,#9105,#9106);
#7794=CARTESIAN_POINT('',(0.0175574505046926,0.0828791611773233,0.0912037326976155));
#7795=CARTESIAN_POINT('',(0.0175574456329504,0.0829404879509666,0.0912480608097079));
#7796=VECTOR('',#9107,1.0);
#7797=CARTESIAN_POINT('',(0.0173694855620343,0.0855103022768877,0.092385640712171));
#7798=AXIS2_PLACEMENT_3D('',#9108,#9109,#9110);
#7799=CARTESIAN_POINT('',(0.0165569985094585,0.0891576760472942,0.0945079387429762));
#7800=CARTESIAN_POINT('',(0.0165578102322903,0.0891545917325236,0.0945057093441457));
#7801=CARTESIAN_POINT('',(0.016558621955218,0.0891515068387562,0.0945034807455664));
#7802=CARTESIAN_POINT('',(0.0166599820448672,0.0887662222591219,0.0942252944165053));
#7803=CARTESIAN_POINT('',(0.0167613633236967,0.088371991887064,0.0939593818505591));
#7804=CARTESIAN_POINT('',(0.0169556775630446,0.0875752665069072,0.0934595726532133));
#7805=CARTESIAN_POINT('',(0.0170487677570301,0.0871731981763987,0.0932250992080434));
#7806=CARTESIAN_POINT('',(0.0171884961444801,0.0865111562574531,0.0928685035919032));
#7807=CARTESIAN_POINT('',(0.017239457678765,0.0862544272365914,0.0927372099067128));
#7808=CARTESIAN_POINT('',(0.0173157955099258,0.085834773609059,0.09253420994267));
#7809=CARTESIAN_POINT('',(0.0173435967009646,0.0856727722320945,0.092458620279748));
#7810=CARTESIAN_POINT('',(0.0173694855620343,0.0855103022768877,0.092385640712171));
#7811=CARTESIAN_POINT('',(0.0172656866449836,0.0574207291300898,0.0798099245619789));
#7812=CARTESIAN_POINT('',(0.0172657166271763,0.057499054039255,0.0795824524426013));
#7813=VECTOR('',#9111,1.0);
#7814=CARTESIAN_POINT('',(0.0175586606309853,0.0569086441073629,0.0791252375792248));
#7815=CARTESIAN_POINT('',(0.0175591264239116,0.0581255993878707,0.0755909419149601));
#7816=VECTOR('',#9112,0.999999999999999);
#7817=CARTESIAN_POINT('',(0.0171123371272905,0.0575116090672142,0.0799314216031626));
#7818=CARTESIAN_POINT('',(0.0171545078303538,0.0574912957509755,0.0799042659472885));
#7819=CARTESIAN_POINT('',(0.017194464545505,0.0574687398479242,0.0798741113196445));
#7820=CARTESIAN_POINT('',(0.0172677446997572,0.0574204647516082,0.0798095713453878));
#7821=CARTESIAN_POINT('',(0.0173012049763551,0.0573949275566919,0.0797754293757698));
#7822=CARTESIAN_POINT('',(0.0173629322986186,0.0573403818864242,0.0797025030994749));
#7823=CARTESIAN_POINT('',(0.017391037413443,0.0573114648962894,0.0796638410979463));
#7824=CARTESIAN_POINT('',(0.0174559244044839,0.0572331959686835,0.0795591939656848));
#7825=CARTESIAN_POINT('',(0.0174876093751101,0.0571823063564635,0.0794911520129655));
#7826=CARTESIAN_POINT('',(0.0175362924711259,0.0570723460944793,0.079344126796078));
#7827=CARTESIAN_POINT('',(0.0175516567224194,0.0570129949960393,0.0792647682969332));
#7828=CARTESIAN_POINT('',(0.0175580240692813,0.0569383765365836,0.0791649939024845));
#7829=CARTESIAN_POINT('',(0.0175586574719677,0.0569235033581421,0.079145106474733));
#7830=CARTESIAN_POINT('',(0.0175586583240649,0.0569086327088309,0.0791252223374606));
#7831=CARTESIAN_POINT('',(0.017266440565249,0.0489035645245654,0.0730467850976582));
#7832=CARTESIAN_POINT('',(0.0172659425369523,0.064861886108097,0.0785416744142904));
#7833=VECTOR('',#9113,1.0);
#7834=CARTESIAN_POINT('',(0.0174037395914735,0.0481246408623198,0.0729598753924106));
#7835=CARTESIAN_POINT('',(0.017403739592859,0.0481246408626059,0.0729598753915797));
#7836=CARTESIAN_POINT('',(0.0173756900521006,0.0483909065090877,0.0730047976353749));
#7837=CARTESIAN_POINT('',(0.0173343781716305,0.0486550588251767,0.0730330803971567));
#7838=CARTESIAN_POINT('',(0.0172664405651923,0.0489035645245534,0.0730467850975941));
#7839=CARTESIAN_POINT('',(0.0175591752242868,0.0509305672826468,0.0744926272629871));
#7840=CARTESIAN_POINT('',(0.0175591752242868,0.0509305672826466,0.074492627262987));
#7841=CARTESIAN_POINT('',(0.0175591873139442,0.0507182397755273,0.0743766438421168));
#7842=CARTESIAN_POINT('',(0.0175567396494865,0.0505052495476693,0.0742602980810667));
#7843=CARTESIAN_POINT('',(0.0175437815954298,0.0499512048975378,0.0739576506980014));
#7844=CARTESIAN_POINT('',(0.0175293564324077,0.049610009808418,0.0737712717110863));
#7845=CARTESIAN_POINT('',(0.0174831780650781,0.0488855437721065,0.0733755275665292));
#7846=CARTESIAN_POINT('',(0.0174498401852062,0.0485024984269026,0.0731662854305628));
#7847=CARTESIAN_POINT('',(0.0174039178875947,0.0481245421462751,0.072959821493935));
#7848=CARTESIAN_POINT('',(0.0175587476393297,0.0646316710017757,0.07921029434704));
#7849=VECTOR('',#9114,0.999999999999999);
#7850=CARTESIAN_POINT('',(0.0178514771360103,0.0564755101362187,0.0796842008115153));
#7851=CARTESIAN_POINT('',(0.0178519917293118,0.0504974333115024,0.0750515904952775));
#7852=CARTESIAN_POINT('',(0.0178517344326611,0.0534864717238607,0.0773678956533965));
#7853=VECTOR('',#9115,1.0);
#7854=AXIS2_PLACEMENT_3D('',#9116,#9117,#9118);
#7855=CARTESIAN_POINT('',(0.0175583148816528,0.0609252453066415,0.08223783527537));
#7856=VECTOR('',#9119,1.0);
#7857=AXIS2_PLACEMENT_3D('',#9120,#9121,#9122);
#7858=CARTESIAN_POINT('',(0.0205572130672608,0.0874694442024344,0.0935235880018585));
#7859=CARTESIAN_POINT('',(0.0174498719073611,0.0874686089490139,0.0935229834260225));
#7860=CARTESIAN_POINT('',(0.0185567319960167,0.0874689064730475,0.0935231987808317));
#7861=VECTOR('',#9123,1.0);
#7862=CARTESIAN_POINT('',(0.0205571089351681,0.0891587512771262,0.0945087170193165));
#7863=AXIS2_PLACEMENT_3D('',#9124,#9125,#9126);
#7864=CARTESIAN_POINT('',(0.0165569985094585,0.089157676047294,0.0945079387429761));
#7865=CARTESIAN_POINT('',(0.0065571667074922,0.0891549880921314,0.0945059931385624));
#7866=VECTOR('',#9127,0.999999999999999);
#7867=CARTESIAN_POINT('',(0.0181815755829042,0.0856200747690362,0.092885605689871));
#7868=CARTESIAN_POINT('',(0.0181298143514052,0.0857869600654566,0.0929254030953316));
#7869=CARTESIAN_POINT('',(0.0180742285687649,0.085952146477297,0.0929693339563616));
#7870=CARTESIAN_POINT('',(0.0179215963047247,0.0863769470300854,0.0930939632914835));
#7871=CARTESIAN_POINT('',(0.017819700179544,0.0866337575176348,0.0931809092542334));
#7872=CARTESIAN_POINT('',(0.0175403138840035,0.087288230713611,0.0934322646548013));
#7873=CARTESIAN_POINT('',(0.0173541772918316,0.0876779726870112,0.093611888380323));
#7874=CARTESIAN_POINT('',(0.0169656375475456,0.0884350858020501,0.0940208190873149));
#7875=CARTESIAN_POINT('',(0.0167629199277825,0.0888016869706511,0.0942511790166124));
#7876=CARTESIAN_POINT('',(0.0165602446813067,0.0891520673059333,0.0945038868590848));
#7877=CARTESIAN_POINT('',(0.0165586215952869,0.0891548722028071,0.0945059120734085));
#7878=CARTESIAN_POINT('',(0.0165569985094585,0.0891576760472942,0.0945079387429762));
#7879=CARTESIAN_POINT('',(0.0178502539947292,0.082715105712427,0.0918915832324607));
#7880=CARTESIAN_POINT('',(0.0178503523896215,0.0771636066412899,0.090567483700344));
#7881=CARTESIAN_POINT('',(0.0178503031921754,0.0799393561768585,0.0912295334664024));
#7882=VECTOR('',#9128,1.0);
#7883=AXIS2_PLACEMENT_3D('',#9129,#9130,#9131);
#7884=CARTESIAN_POINT('',(0.0175575488995849,0.0773276621061862,0.0898796331654988));
#7885=CARTESIAN_POINT('',(0.017557502093534,0.0799684876854034,0.0905095019395067));
#7886=VECTOR('',#9132,1.0);
#7887=AXIS2_PLACEMENT_3D('',#9133,#9134,#9135);
#7888=CARTESIAN_POINT('',(0.0165576852198993,0.0765747582309794,0.0887349446912466));
#7889=CARTESIAN_POINT('',(0.00655768530189367,0.0765748849262686,0.0887336703930126));
#7890=CARTESIAN_POINT('',(0.0115576840601411,0.0765748215786392,0.0887343075419765));
#7891=VECTOR('',#9136,1.0);
#7892=CARTESIAN_POINT('',(0.016557763166933,0.076173262808944,0.0880833406261612));
#7893=AXIS2_PLACEMENT_3D('',#9137,#9138,#9139);
#7894=CARTESIAN_POINT('',(0.00655776324892739,0.0761733895042333,0.0880820663279272));
#7895=CARTESIAN_POINT('',(0.0175577631587336,0.0761732501394151,0.0880834680559846));
#7896=VECTOR('',#9140,1.0);
#7897=AXIS2_PLACEMENT_3D('',#9141,#9142,#9143);
#7898=CARTESIAN_POINT('',(0.00655871491513406,0.0583725019312236,0.0788440792744645));
#7899=CARTESIAN_POINT('',(0.0115587131258779,0.0583724385836012,0.0788447164233587));
#7900=VECTOR('',#9144,1.0);
#7901=CARTESIAN_POINT('',(0.00655863544373626,0.0578653545489533,0.0794173052019726));
#7902=CARTESIAN_POINT('',(0.0175586353535425,0.0578652151841352,0.0794187069300301));
#7903=VECTOR('',#9145,0.999999999999999);
#7904=AXIS2_PLACEMENT_3D('',#9146,#9147,#9148);
#7905=CARTESIAN_POINT('',(0.0165584638378331,0.0577166115982909,0.0807498299478195));
#7906=CARTESIAN_POINT('',(0.00655846391982747,0.0577167382935802,0.0807485556495855));
#7907=CARTESIAN_POINT('',(0.0115584642239571,0.0577166749459312,0.0807491927987464));
#7908=VECTOR('',#9149,1.0);
#7909=CARTESIAN_POINT('',(0.0165584064746342,0.058289837531226,0.0812569773269383));
#7910=AXIS2_PLACEMENT_3D('',#9150,#9151,#9152);
#7911=CARTESIAN_POINT('',(0.00655840655662857,0.0582899642265152,0.0812557030287043));
#7912=CARTESIAN_POINT('',(0.0175584064664348,0.0582898248616971,0.0812571047567617));
#7913=VECTOR('',#9153,0.999999999999999);
#7914=AXIS2_PLACEMENT_3D('',#9154,#9155,#9156);
#7915=CARTESIAN_POINT('',(0.0205574695395737,0.0748364277514616,0.0902549130007635));
#7916=CARTESIAN_POINT('',(0.00655746965436586,0.0748366051248666,0.0902531289832358));
#7917=CARTESIAN_POINT('',(0.0135574724830285,0.0748365164381276,0.0902540209923674));
#7918=VECTOR('',#9157,1.0);
#7919=CARTESIAN_POINT('',(0.020557452194618,0.0753910469614657,0.0904461690122203));
#7920=AXIS2_PLACEMENT_3D('',#9158,#9159,#9160);
#7921=CARTESIAN_POINT('',(0.0177137863334145,0.0753910829893729,0.0904458066443788));
#7922=CARTESIAN_POINT('',(0.0190574522069171,0.0753910659657591,0.0904459778674852));
#7923=VECTOR('',#9161,1.0);
#7924=CARTESIAN_POINT('',(0.016590380133885,0.0751479570973074,0.0903767281727531));
#7925=CARTESIAN_POINT('',(0.016641839663783,0.0751485586521527,0.0903769337605952));
#7926=CARTESIAN_POINT('',(0.0166932512367213,0.07515057201013,0.0903776045769705));
#7927=CARTESIAN_POINT('',(0.0168359333355167,0.0751600745435598,0.0903807332657176));
#7928=CARTESIAN_POINT('',(0.0169267500241889,0.075170583591788,0.0903841735505981));
#7929=CARTESIAN_POINT('',(0.017122912609303,0.0752028492792227,0.0903943672659404));
#7930=CARTESIAN_POINT('',(0.0172275933285156,0.0752261773377195,0.0904015726849323));
#7931=CARTESIAN_POINT('',(0.0174557445478517,0.0752901863971017,0.0904200785962831));
#7932=CARTESIAN_POINT('',(0.0175781376804685,0.0753333889737882,0.0904318903273762));
#7933=CARTESIAN_POINT('',(0.0177028648471279,0.0753863867976758,0.0904446821058504));
#7934=CARTESIAN_POINT('',(0.0177083289924974,0.0753887270967287,0.0904452440236242));
#7935=CARTESIAN_POINT('',(0.0177137863334145,0.0753910829893729,0.0904458066443788));
#7936=CARTESIAN_POINT('',(0.00655745807984012,0.0751458220066129,0.0903747030187503));
#7937=CARTESIAN_POINT('',(0.0190574579773472,0.0751456636375013,0.0903762958915428));
#7938=VECTOR('',#9162,1.0);
#7939=AXIS2_PLACEMENT_3D('',#9163,#9164,#9165);
#7940=CARTESIAN_POINT('',(0.0165574622517022,0.0753948158524426,0.090367363818942));
#7941=CARTESIAN_POINT('',(0.00617269692504864,0.0753949474225356,0.0903660404901183));
#7942=CARTESIAN_POINT('',(0.0112808542182547,0.0753948827045812,0.0903666914217066));
#7943=VECTOR('',#9166,1.0);
#7944=CARTESIAN_POINT('',(0.0165575216697095,0.076046419922118,0.0899658684011862));
#7945=AXIS2_PLACEMENT_3D('',#9167,#9168,#9169);
#7946=CARTESIAN_POINT('',(0.00655752175170386,0.0760465466174072,0.0899645941029522));
#7947=CARTESIAN_POINT('',(0.0175575216615101,0.076046407252589,0.0899659958310096));
#7948=VECTOR('',#9170,1.0);
#7949=CARTESIAN_POINT('',(0.00600452340672417,0.075587462142516,0.0903149566920911));
#7950=AXIS2_PLACEMENT_3D('',#9171,#9172,#9173);
#7951=CARTESIAN_POINT('',(0.00617269692504864,0.0753949474225356,0.0903660404901183));
#7952=CARTESIAN_POINT('',(0.0061619146674639,0.0754063802981058,0.0903641997193406));
#7953=CARTESIAN_POINT('',(0.00615108420777381,0.0754180735108562,0.0903621132301742));
#7954=CARTESIAN_POINT('',(0.00609402159972037,0.075480680432118,0.0903497320855098));
#7955=CARTESIAN_POINT('',(0.00604866201445591,0.0755337902896856,0.0903351044161223));
#7956=CARTESIAN_POINT('',(0.00600452340672417,0.075587462142516,0.0903149566920911));
#7957=CARTESIAN_POINT('',(0.00585042654111942,0.0745014011847218,0.0897201249214229));
#7958=CARTESIAN_POINT('',(0.0058510965408112,0.0660672686454791,0.0836237798768082));
#7959=CARTESIAN_POINT('',(0.00585075025558079,0.070426398306951,0.0867746384134626));
#7960=VECTOR('',#9174,1.0);
#7961=CARTESIAN_POINT('',(0.00555761159958715,0.0749156336907684,0.0891470129964233));
#7962=AXIS2_PLACEMENT_3D('',#9175,#9176,#9177);
#7963=CARTESIAN_POINT('',(0.00555828834615166,0.0663965697411971,0.082989277977193));
#7964=CARTESIAN_POINT('',(0.00555793531404853,0.0708406308129976,0.086201526488463));
#7965=VECTOR('',#9178,1.0);
#7966=AXIS2_PLACEMENT_3D('',#9179,#9180,#9181);
#7967=CARTESIAN_POINT('',(0.00555860594412822,0.0588108858204153,0.0797427458487905));
#7968=AXIS2_PLACEMENT_3D('',#9182,#9183,#9184);
#7969=CARTESIAN_POINT('',(0.00585152002571087,0.0581422994944313,0.0795125717773908));
#7970=AXIS2_PLACEMENT_3D('',#9185,#9186,#9187);
#7971=AXIS2_PLACEMENT_3D('',#9188,#9189,#9190);
#7972=CARTESIAN_POINT('',(0.00555853117689064,0.0586155449737761,0.0803100570050744));
#7973=AXIS2_PLACEMENT_3D('',#9191,#9192,#9193);
#7974=CARTESIAN_POINT('',(0.00585133627926802,0.0583853298674549,0.0809786769378241));
#7975=AXIS2_PLACEMENT_3D('',#9194,#9195,#9196);
#7976=AXIS2_PLACEMENT_3D('',#9197,#9198,#9199);
#7977=CARTESIAN_POINT('',(0.0058511695801337,0.0637268698155808,0.0828179161486217));
#7978=VECTOR('',#9200,1.0);
#7979=CARTESIAN_POINT('',(0.00555836447775631,0.0639570849219021,0.0821492962158721));
#7980=VECTOR('',#9201,1.0);
#7981=CARTESIAN_POINT('',(0.0058514452584733,0.0579469586477921,0.0800798829336747));
#7982=CARTESIAN_POINT('',(0.00585148264209355,0.0580446290749502,0.0797962273443851));
#7983=VECTOR('',#9202,1.0);
#7984=CARTESIAN_POINT('',(0.00655856067649868,0.0576700137023142,0.0799846163582566));
#7985=CARTESIAN_POINT('',(0.00655841242523799,0.057282684603153,0.0811095020280386));
#7986=VECTOR('',#9203,1.0);
#7987=AXIS2_PLACEMENT_3D('',#9204,#9205,#9206);
#7988=CARTESIAN_POINT('',(0.00585133872766506,0.0670052815119434,0.0818164896790642));
#7989=CARTESIAN_POINT('',(0.00585158727457462,0.0590410935050983,0.0790742005627031));
#7990=CARTESIAN_POINT('',(0.00585141882618134,0.0644386849532427,0.0809327398475728));
#7991=VECTOR('',#9207,1.0);
#7992=CARTESIAN_POINT('',(0.00655848072021665,0.0671416719961127,0.0815537759532143));
#7993=AXIS2_PLACEMENT_3D('',#9208,#9209,#9210);
#7994=CARTESIAN_POINT('',(0.00655873054799141,0.0591364412286183,0.0787973546848074));
#7995=CARTESIAN_POINT('',(0.00655856209959814,0.0645340326767627,0.0806558939696772));
#7996=VECTOR('',#9211,1.0);
#7997=AXIS2_PLACEMENT_3D('',#9212,#9213,#9214);
#7998=CARTESIAN_POINT('',(0.00555765255973046,0.0755875941936259,0.0888923887720347));
#7999=AXIS2_PLACEMENT_3D('',#9215,#9216,#9217);
#8000=CARTESIAN_POINT('',(0.005850624051022,0.0760018192780344,0.0883193514936975));
#8001=AXIS2_PLACEMENT_3D('',#9218,#9219,#9220);
#8002=AXIS2_PLACEMENT_3D('',#9221,#9222,#9223);
#8003=CARTESIAN_POINT('',(0.00585097704038544,0.0715582962245444,0.0851074918718891));
#8004=VECTOR('',#9224,1.0);
#8005=CARTESIAN_POINT('',(0.00655811623829084,0.0717298664507434,0.0848702067061187));
#8006=VECTOR('',#9225,1.0);
#8007=CARTESIAN_POINT('',(0.00585038153796178,0.0755324352146668,0.090175794333751));
#8008=CARTESIAN_POINT('',(0.00585050025162537,0.0761606650897509,0.0893066548881887));
#8009=CARTESIAN_POINT('',(0.00585045207502787,0.0759057156853441,0.0896593706579742));
#8010=VECTOR('',#9226,1.0);
#8011=CARTESIAN_POINT('',(0.00555759051171295,0.0752592375655212,0.0893466614976982));
#8012=CARTESIAN_POINT('',(0.00555759029966273,0.0752596904519127,0.0893483705801917));
#8013=CARTESIAN_POINT('',(0.00555759289574962,0.0752601440559322,0.0893500794727168));
#8014=CARTESIAN_POINT('',(0.00555792867664882,0.0752883419340237,0.0894561321729888));
#8015=CARTESIAN_POINT('',(0.0055687467276063,0.0753187406297274,0.0895596404595881));
#8016=CARTESIAN_POINT('',(0.00561611035846721,0.0753854648821706,0.0897706600264992));
#8017=CARTESIAN_POINT('',(0.00565413767490265,0.0754207170970008,0.0898733997599479));
#8018=CARTESIAN_POINT('',(0.00576608066490499,0.0754959063900907,0.090082256584544));
#8019=CARTESIAN_POINT('',(0.00584555381758888,0.0755343549914086,0.0901817692026712));
#8020=CARTESIAN_POINT('',(0.00602673455341061,0.0755968684719054,0.0903390316183185));
#8021=CARTESIAN_POINT('',(0.00612598642026565,0.0756211994994596,0.0903977501437462));
#8022=CARTESIAN_POINT('',(0.0063367262845621,0.0756540000819087,0.0904762710379359));
#8023=CARTESIAN_POINT('',(0.00644693544877123,0.0756624445002408,0.0904960315275387));
#8024=CARTESIAN_POINT('',(0.00655773732406538,0.0756624285209288,0.0904960113086854));
#8025=CARTESIAN_POINT('',(0.00655758817014169,0.076398031405489,0.0894783241785936));
#8026=CARTESIAN_POINT('',(0.00655742260372513,0.0755218578797719,0.0906904871185623));
#8027=VECTOR('',#9227,1.0);
#8028=AXIS2_PLACEMENT_3D('',#9228,#9229,#9230);
#8029=CARTESIAN_POINT('',(0.0121162179780201,0.0971053267803246,0.088278435609207));
#8030=CARTESIAN_POINT('',(0.00111624703785959,0.0970903109845588,0.0882987787039342));
#8031=CARTESIAN_POINT('',(0.00661636763483105,0.0970978190669002,0.08828860690667));
#8032=VECTOR('',#9231,1.0);
#8033=CARTESIAN_POINT('',(0.0121174661246471,0.0964165918762652,0.0884449625814436));
#8034=AXIS2_PLACEMENT_3D('',#9232,#9233,#9234);
#8035=CARTESIAN_POINT('',(0.00111749518448668,0.0964015760804993,0.0884653056761708));
#8036=CARTESIAN_POINT('',(0.0136185462542036,0.096418640964647,0.0884421865181762));
#8037=VECTOR('',#9235,0.999999999999999);
#8038=AXIS2_PLACEMENT_3D('',#9236,#9237,#9238);
#8039=CARTESIAN_POINT('',(0.0121185725041382,0.0999725974586639,0.0916679921497915));
#8040=CARTESIAN_POINT('',(0.00111860156397773,0.099957581662898,0.0916883352445187));
#8041=CARTESIAN_POINT('',(0.00661875714005224,0.0999650897929886,0.091678163382565));
#8042=VECTOR('',#9239,1.0);
#8043=CARTESIAN_POINT('',(0.0121174500336728,0.0997311627524211,0.0908828374349422));
#8044=AXIS2_PLACEMENT_3D('',#9240,#9241,#9242);
#8045=CARTESIAN_POINT('',(0.00111747909351237,0.0997161469566552,0.0909031805296695));
#8046=CARTESIAN_POINT('',(-0.0076309984774721,0.0997042046203361,0.0909193597640433));
#8047=VECTOR('',#9243,1.0);
#8048=AXIS2_PLACEMENT_3D('',#9244,#9245,#9246);
#8049=CARTESIAN_POINT('',(0.000409716201343526,0.0999350777518434,0.0907110154105299));
#8050=CARTESIAN_POINT('',(0.00040824270863122,0.0979354190746321,0.0884382617349483));
#8051=CARTESIAN_POINT('',(0.000408979455260903,0.098935248784434,0.0895746389946298));
#8052=VECTOR('',#9247,1.0);
#8053=AXIS2_PLACEMENT_3D('',#9248,#9249,#9250);
#8054=CARTESIAN_POINT('',(0.00111600560080009,0.097716488279444,0.0886304268540879));
#8055=CARTESIAN_POINT('',(0.00111856374580986,0.101188115131563,0.0925761765854394));
#8056=VECTOR('',#9251,1.0);
#8057=AXIS2_PLACEMENT_3D('',#9252,#9253,#9254);
#8058=CARTESIAN_POINT('',(0.0128238969678026,0.0999520240514295,0.0906880569084877));
#8059=CARTESIAN_POINT('',(0.0128224234750903,0.0979523653742182,0.0884153032329061));
#8060=CARTESIAN_POINT('',(0.0128231602214467,0.0989521947132295,0.0895516800711579));
#8061=VECTOR('',#9255,1.0);
#8062=CARTESIAN_POINT('',(0.0131152009109769,0.100483299891079,0.0902204305271499));
#8063=AXIS2_PLACEMENT_3D('',#9256,#9257,#9258);
#8064=CARTESIAN_POINT('',(0.0131137274182647,0.0984836412138673,0.0879476768515683));
#8065=CARTESIAN_POINT('',(0.0131162855632744,0.101955268065986,0.0918934265829198));
#8066=VECTOR('',#9259,1.0);
#8067=AXIS2_PLACEMENT_3D('',#9260,#9261,#9262);
#8068=CARTESIAN_POINT('',(-0.003312701497999,0.111660689978442,0.0817389295722166));
#8069=CARTESIAN_POINT('',(-0.0033195676053519,0.114272720384935,0.0799542814288289));
#8070=CARTESIAN_POINT('',(-0.00331613451993915,0.112966693108446,0.0808466137494656));
#8071=VECTOR('',#9263,1.0);
#8072=CARTESIAN_POINT('',(-0.00295925988645379,0.111578556194743,0.0816173578723421));
#8073=AXIS2_PLACEMENT_3D('',#9264,#9265,#9266);
#8074=CARTESIAN_POINT('',(-0.00296612426512421,0.114189928969342,0.0798331590504994));
#8075=CARTESIAN_POINT('',(-0.00295412215958455,0.109624042798296,0.0829527629639234));
#8076=VECTOR('',#9267,0.999999999999999);
#8077=AXIS2_PLACEMENT_3D('',#9268,#9269,#9270);
#8078=CARTESIAN_POINT('',(0.0144377206106505,0.111684920652639,0.0817061023473083));
#8079=CARTESIAN_POINT('',(0.0144309412933708,0.114263934052785,0.0799440128000724));
#8080=CARTESIAN_POINT('',(0.0144345039060393,0.112908631530073,0.0808700120246125));
#8081=VECTOR('',#9271,1.0);
#8082=AXIS2_PLACEMENT_3D('',#9272,#9273,#9274);
#8083=CARTESIAN_POINT('',(0.0145776558353314,0.114463315219368,0.0802358495891817));
#8084=CARTESIAN_POINT('',(0.0145812177319561,0.113108285096705,0.0811616626986442));
#8085=VECTOR('',#9275,1.0);
#8086=AXIS2_PLACEMENT_3D('',#9276,#9277,#9278);
#8087=CARTESIAN_POINT('',(0.0155603468881018,0.046545982408256,0.0658653716937425));
#8088=VECTOR('',#9279,1.0);
#8089=AXIS2_PLACEMENT_3D('',#9280,#9281,#9282);
#8090=CARTESIAN_POINT('',(0.0155603675110654,0.0520325847393806,0.0662490315165968));
#8091=VECTOR('',#9283,1.0);
#8092=AXIS2_PLACEMENT_3D('',#9284,#9285,#9286);
#8093=CARTESIAN_POINT('',(0.0205575007791992,0.0743296356676983,0.0899593743177054));
#8094=AXIS2_PLACEMENT_3D('',#9287,#9288,#9289);
#8095=CARTESIAN_POINT('',(0.0205581679842448,0.0659306828704853,0.0838884578331703));
#8096=CARTESIAN_POINT('',(0.0205582009064931,0.0655162489399041,0.0835888974187159));
#8097=VECTOR('',#9290,1.0);
#8098=CARTESIAN_POINT('',(0.0205584211957402,0.0578170275521438,0.0810947030079113));
#8099=CARTESIAN_POINT('',(0.0205583483027767,0.0601527366016729,0.0818989519156473));
#8100=VECTOR('',#9291,0.999999999999999);
#8101=CARTESIAN_POINT('',(0.0205593603622931,0.0469066449478824,0.0726398850976378));
#8102=CARTESIAN_POINT('',(0.0205584211957402,0.0578170275521438,0.0810947030079113));
#8103=VECTOR('',#9292,1.0);
#8104=AXIS2_PLACEMENT_3D('',#9293,#9294,#9295);
#8105=CARTESIAN_POINT('',(0.0205610504962836,0.0528129546810578,0.0599638586268038));
#8106=CARTESIAN_POINT('',(0.0205619411699466,0.0576691275703977,0.0534571539116767));
#8107=VECTOR('',#9296,0.999999999999999);
#8108=CARTESIAN_POINT('',(0.0205596968622286,0.0698528565943762,0.0722806109551123));
#8109=VECTOR('',#9297,1.0);
#8110=CARTESIAN_POINT('',(0.0205578744079072,0.0954122343323704,0.0891234466787593));
#8111=AXIS2_PLACEMENT_3D('',#9298,#9299,#9300);
#8112=CARTESIAN_POINT('',(0.0205593542637645,0.110250080558099,0.0789855740155228));
#8113=CARTESIAN_POINT('',(0.0205577974890765,0.0946410039612586,0.0896503853717076));
#8114=VECTOR('',#9301,1.0);
#8115=CARTESIAN_POINT('',(0.0205593675205604,0.11377698006856,0.0792321988535765));
#8116=CARTESIAN_POINT('',(0.0205592831236075,0.0913236230189713,0.0776621071824949));
#8117=VECTOR('',#9302,0.999999999999999);
#8118=CARTESIAN_POINT('',(0.0205590918144861,0.1153629792778,0.0815534759848397));
#8119=CARTESIAN_POINT('',(0.0205615978501351,0.100947009054621,0.0604541829908237));
#8120=VECTOR('',#9303,1.0);
#8121=CARTESIAN_POINT('',(0.020557947877937,0.103893244219784,0.0893901061621771));
#8122=VECTOR('',#9304,1.0);
#8123=CARTESIAN_POINT('',(0.0205570556002609,0.0898301451326525,0.0949940127607668));
#8124=AXIS2_PLACEMENT_3D('',#9305,#9306,#9307);
#8125=CARTESIAN_POINT('',(0.0205575563546678,0.0835265168027556,0.0904376350712706));
#8126=VECTOR('',#9308,1.0);
#8127=CARTESIAN_POINT('',(0.0205572708837846,0.085620713356022,0.0928860679139717));
#8128=AXIS2_PLACEMENT_3D('',#9309,#9310,#9311);
#8129=CARTESIAN_POINT('',(0.0205574813764263,0.0737445917646207,0.0900534695759315));
#8130=VECTOR('',#9312,0.999999999999999);
#8131=AXIS2_PLACEMENT_3D('',#9313,#9314,#9315);
#8132=CARTESIAN_POINT('',(0.0145788668708609,0.115365939431922,0.0815569355312273));
#8133=CARTESIAN_POINT('',(0.014578098343515,0.114793130977089,0.0807185698119829));
#8134=VECTOR('',#9316,1.0);
#8135=CARTESIAN_POINT('',(0.0145813435618962,0.114423747304852,0.0822006804991689));
#8136=VECTOR('',#9317,0.999999999999999);
#8137=CARTESIAN_POINT('',(0.0140772762635184,0.114181492649171,0.0798232994824585));
#8138=AXIS2_PLACEMENT_3D('',#9318,#9319,#9320);
#8139=CARTESIAN_POINT('',(0.0140840573094806,0.111601821617132,0.0815858383512389));
#8140=CARTESIAN_POINT('',(0.0140808406048693,0.112825532494566,0.0807497480285431));
#8141=VECTOR('',#9321,1.0);
#8142=AXIS2_PLACEMENT_3D('',#9322,#9323,#9324);
#8143=CARTESIAN_POINT('',(-0.0146716034195884,0.114195723069513,0.0798399306432917));
#8144=VECTOR('',#9325,1.0);
#8145=CARTESIAN_POINT('',(-0.000915903064079254,0.111581345531996,0.081613578934959));
#8146=CARTESIAN_POINT('',(-0.00315925935809307,0.111578283180275,0.0816177277467917));
#8147=VECTOR('',#9326,1.0);
#8148=CARTESIAN_POINT('',(0.000380971030420638,0.110969221796387,0.082030620042353));
#8149=AXIS2_PLACEMENT_3D('',#9327,#9328,#9329);
#8150=CARTESIAN_POINT('',(0.00108532366839217,0.111115387482161,0.0819301075178698));
#8151=AXIS2_PLACEMENT_3D('',#9330,#9331,#9332);
#8152=CARTESIAN_POINT('',(0.0120852946085526,0.111130403277927,0.0819097644231425));
#8153=CARTESIAN_POINT('',(-0.00766423799485417,0.111103443665974,0.0819462887571391));
#8154=VECTOR('',#9333,1.0);
#8155=CARTESIAN_POINT('',(0.0127904106250691,0.110986161623914,0.0820076703085256));
#8156=AXIS2_PLACEMENT_3D('',#9334,#9335,#9336);
#8157=AXIS2_PLACEMENT_3D('',#9337,#9338,#9339);
#8158=CARTESIAN_POINT('',(-0.00346574694034577,0.114472246531429,0.0802462876567313));
#8159=AXIS2_PLACEMENT_3D('',#9340,#9341,#9342);
#8160=CARTESIAN_POINT('',(-0.00345374239007991,0.109905430328439,0.0833665270067781));
#8161=VECTOR('',#9343,0.999999999999999);
#8162=AXIS2_PLACEMENT_3D('',#9344,#9345,#9346);
#8163=CARTESIAN_POINT('',(-0.00346453590481666,0.115374870743637,0.0815673735982702));
#8164=CARTESIAN_POINT('',(-0.00346530443216259,0.114802062288803,0.0807290078790257));
#8165=VECTOR('',#9347,1.0);
#8166=CARTESIAN_POINT('',(-0.00345766908142002,0.112762567937094,0.0833522078567356));
#8167=CARTESIAN_POINT('',(-0.0034536165601403,0.11122089253624,0.084405544806796));
#8168=VECTOR('',#9348,1.0);
#8169=CARTESIAN_POINT('',(-0.00345766908142003,0.112762567937094,0.0833522078567356));
#8170=VECTOR('',#9349,1.0);
#8171=CARTESIAN_POINT('',(-0.0121140463702527,0.112337910877281,0.0836502875744441));
#8172=VECTOR('',#9350,0.999999999999999);
#8173=AXIS2_PLACEMENT_3D('',#9351,#9352,#9353);
#8174=CARTESIAN_POINT('',(-0.00744091030360219,0.115376839010914,0.0815696739217223));
#8175=CARTESIAN_POINT('',(-0.0146700139354565,0.115380417348035,0.0815738559415613));
#8176=VECTOR('',#9354,1.0);
#8177=CARTESIAN_POINT('',(-0.00744205424015121,0.103907103952897,0.0894063040990598));
#8178=VECTOR('',#9355,1.0);
#8179=CARTESIAN_POINT('',(-0.0146700139354565,0.115380417348035,0.0815738559415613));
#8180=VECTOR('',#9356,1.0);
#8181=AXIS2_PLACEMENT_3D('',#9357,#9358,#9359);
#8182=CARTESIAN_POINT('',(0.0130889050592234,0.111546633925363,0.0841678194353515));
#8183=AXIS2_PLACEMENT_3D('',#9360,#9361,#9362);
#8184=CARTESIAN_POINT('',(0.0131166914986956,0.10097601201993,0.0913901093103433));
#8185=CARTESIAN_POINT('',(0.0130893231717475,0.111387573984942,0.08427649582237));
#8186=VECTOR('',#9363,1.0);
#8187=CARTESIAN_POINT('',(0.0121204534117708,0.0995445308187354,0.0923690736839481));
#8188=CARTESIAN_POINT('',(0.0121204534117708,0.0995445308187354,0.0923690736839481));
#8189=CARTESIAN_POINT('',(0.0121224255280996,0.0995461653957797,0.0923679550609476));
#8190=CARTESIAN_POINT('',(0.0121247920657129,0.0995481268898624,0.0923666127122355));
#8191=CARTESIAN_POINT('',(0.0121267641523315,0.0995497614913438,0.0923654940725657));
#8192=CARTESIAN_POINT('',(0.0123539281555872,0.0997380506936175,0.0922366383401748));
#8193=CARTESIAN_POINT('',(0.0126174885681344,0.0999591230782395,0.092085350326466));
#8194=CARTESIAN_POINT('',(0.0128024690458829,0.100192209411184,0.0919259258871025));
#8195=CARTESIAN_POINT('',(0.0128746866228042,0.10028320782563,0.0918636855531332));
#8196=CARTESIAN_POINT('',(0.0129345248987449,0.100372317750727,0.0918027468664917));
#8197=CARTESIAN_POINT('',(0.0129866296945051,0.100473851630095,0.0917333266753046));
#8198=CARTESIAN_POINT('',(0.0130616174405985,0.100619976313147,0.0916334191026032));
#8199=CARTESIAN_POINT('',(0.013110033675788,0.100785757778986,0.091520105506511));
#8200=CARTESIAN_POINT('',(0.0131159869164949,0.100937619837884,0.0914163411891774));
#8201=CARTESIAN_POINT('',(0.0131164926591717,0.100950520899331,0.0914075261510858));
#8202=CARTESIAN_POINT('',(0.0131167248532117,0.100963323169335,0.0913987788624278));
#8203=CARTESIAN_POINT('',(0.0131166914986956,0.10097601201993,0.0913901093103433));
#8204=CARTESIAN_POINT('',(0.00112048247161038,0.0995295150229696,0.0923894167786753));
#8205=CARTESIAN_POINT('',(-0.00762799509937411,0.0995175726866504,0.0924055960130492));
#8206=VECTOR('',#9364,0.999999999999999);
#8207=CARTESIAN_POINT('',(0.000116725842142306,0.100958266079479,0.0914141511495663));
#8208=CARTESIAN_POINT('',(0.000116725842142318,0.100958266079479,0.0914141511495664));
#8209=CARTESIAN_POINT('',(0.000117115014857097,0.100810215530291,0.0915153054612005));
#8210=CARTESIAN_POINT('',(0.000158135288988382,0.100645871426275,0.0916275550020871));
#8211=CARTESIAN_POINT('',(0.000228742074753508,0.100497976003849,0.091728538955996));
#8212=CARTESIAN_POINT('',(0.000265327161335297,0.100421343612559,0.0917808640499242));
#8213=CARTESIAN_POINT('',(0.000307460619953954,0.100351043244862,0.0918288577397373));
#8214=CARTESIAN_POINT('',(0.000354240176051627,0.100283536994061,0.0918749381065248));
#8215=CARTESIAN_POINT('',(0.000489158263489012,0.10008884052817,0.0920078396445901));
#8216=CARTESIAN_POINT('',(0.000685770354881256,0.0998967876219377,0.0921388784313327));
#8217=CARTESIAN_POINT('',(0.000885752995238819,0.0997252896435059,0.092255870094581));
#8218=CARTESIAN_POINT('',(0.00096318182858678,0.0996588894381293,0.0923011666662262));
#8219=CARTESIAN_POINT('',(0.00104062513391843,0.0995952019283517,0.0923446097912656));
#8220=CARTESIAN_POINT('',(0.00111414427724857,0.0995347284288198,0.0923858605599448));
#8221=CARTESIAN_POINT('',(0.00111612494326743,0.0995330992231477,0.0923869718894831));
#8222=CARTESIAN_POINT('',(0.00111850177601185,0.0995311442041251,0.092388305465915));
#8223=CARTESIAN_POINT('',(0.00112048247161037,0.0995295150229696,0.0923894167786753));
#8224=CARTESIAN_POINT('',(8.89394026700749E-05,0.111528887984913,0.0841918612745746));
#8225=CARTESIAN_POINT('',(8.93575151942544E-05,0.111369828044491,0.0843005376615932));
#8226=VECTOR('',#9365,1.0);
#8227=AXIS2_PLACEMENT_3D('',#9366,#9367,#9368);
#8228=AXIS2_PLACEMENT_3D('',#9369,#9370,#9371);
#8229=AXIS2_PLACEMENT_3D('',#9372,#9373,#9374);
#8230=CARTESIAN_POINT('',(-0.00744063224985536,0.11377733481537,0.0792286308185212));
#8231=CARTESIAN_POINT('',(-0.00743840192028066,0.100947363801431,0.0604506149557685));
#8232=VECTOR('',#9375,1.0);
#8233=CARTESIAN_POINT('',(-0.00744064536195822,0.110288930114935,0.0789846977998008));
#8234=CARTESIAN_POINT('',(-0.00744071664680825,0.0913239777657811,0.0776585391474396));
#8235=VECTOR('',#9376,0.999999999999999);
#8236=CARTESIAN_POINT('',(-0.0074421272712923,0.0954304946042668,0.0891366379729557));
#8237=CARTESIAN_POINT('',(-0.00744220462901171,0.0946548636943716,0.0896665833085903));
#8238=VECTOR('',#9377,1.0);
#8239=AXIS2_PLACEMENT_3D('',#9378,#9379,#9380);
#8240=CARTESIAN_POINT('',(-0.00743928466214919,0.0570291393502101,0.063011386348345));
#8241=CARTESIAN_POINT('',(-0.00744028554898447,0.0696285663783882,0.0721184823266013));
#8242=VECTOR('',#9381,1.0);
#8243=CARTESIAN_POINT('',(-0.00743928466214919,0.0570291393502101,0.063011386348345));
#8244=CARTESIAN_POINT('',(-0.00743928149100801,0.0569892201900089,0.0629825320502479));
#8245=CARTESIAN_POINT('',(-0.0074392791428931,0.056945255533094,0.0629597341972265));
#8246=CARTESIAN_POINT('',(-0.00743927624507387,0.0568520878837076,0.0629277306260086));
#8247=CARTESIAN_POINT('',(-0.00743927571120966,0.0568033941658699,0.0629186998462213));
#8248=CARTESIAN_POINT('',(-0.0074392766364611,0.0566891047943931,0.0629145976584405));
#8249=CARTESIAN_POINT('',(-0.0074392787834273,0.0566242051890519,0.0629249933312538));
#8250=CARTESIAN_POINT('',(-0.00743928607609898,0.0565020438002025,0.0629700765325264));
#8251=CARTESIAN_POINT('',(-0.00743929115208256,0.0564459499463487,0.0630043330411056));
#8252=CARTESIAN_POINT('',(-0.00743930359192151,0.0563500506286733,0.0630924194824468));
#8253=CARTESIAN_POINT('',(-0.00743931083684526,0.0563111620149984,0.0631454072610729));
#8254=CARTESIAN_POINT('',(-0.00743932656111125,0.0562558847248118,0.0632633068879927));
#8255=CARTESIAN_POINT('',(-0.00743933489012096,0.0562400245297866,0.0633270915517732));
#8256=CARTESIAN_POINT('',(-0.00743935154426374,0.0562336464856107,0.0634571500842588));
#8257=CARTESIAN_POINT('',(-0.0074393597424917,0.0562431896142878,0.0635221805225896));
#8258=CARTESIAN_POINT('',(-0.00743936728760643,0.056264927739523,0.0635835517641892));
#8259=CARTESIAN_POINT('',(-0.00744060788620265,0.0520893148746791,0.0729041944828545));
#8260=AXIS2_PLACEMENT_3D('',#9382,#9383,#9384);
#8261=AXIS2_PLACEMENT_3D('',#9385,#9386,#9387);
#8262=CARTESIAN_POINT('',(-0.00744123027687691,0.0682494372593958,0.0793950753851999));
#8263=CARTESIAN_POINT('',(-0.00744084010814644,0.0557472615955894,0.0750902322267732));
#8264=VECTOR('',#9388,0.999999999999999);
#8265=CARTESIAN_POINT('',(-0.00744294607893869,0.0898484054045489,0.0950072040549631));
#8266=CARTESIAN_POINT('',(-0.00744180609631541,0.0754980039714194,0.0846344717961284));
#8267=VECTOR('',#9389,1.0);
#8268=AXIS2_PLACEMENT_3D('',#9390,#9391,#9392);
#8269=CARTESIAN_POINT('',(-0.00905078032335807,0.113777355215188,0.0792284256376349));
#8270=VECTOR('',#9393,1.0);
#8271=CARTESIAN_POINT('',(0.00499354507259622,0.110271677872276,0.0789850869081327));
#8272=VECTOR('',#9394,0.999999999999999);
#8273=CARTESIAN_POINT('',(0.0131137042115719,0.0978480730774596,0.0874659982078387));
#8274=CARTESIAN_POINT('',(0.0131137042115719,0.0978480730774596,0.0874659982078387));
#8275=CARTESIAN_POINT('',(0.0131140933842867,0.0977000225282725,0.0875671525194721));
#8276=CARTESIAN_POINT('',(0.0130739374068969,0.0975355676125089,0.0876795521858611));
#8277=CARTESIAN_POINT('',(0.0130041086549404,0.097387480484909,0.0877807958580417));
#8278=CARTESIAN_POINT('',(0.01296792670856,0.0973107487610801,0.087833255525665));
#8279=CARTESIAN_POINT('',(0.0129261631407626,0.0972403338675612,0.0878814043727267));
#8280=CARTESIAN_POINT('',(0.0128797388193825,0.0971727003863782,0.0879276571086411));
#8281=CARTESIAN_POINT('',(0.0127458452655179,0.0969776369608588,0.088061055788545));
#8282=CARTESIAN_POINT('',(0.0125502442450032,0.0967850486431816,0.0881928199325994));
#8283=CARTESIAN_POINT('',(0.0123511646404697,0.0966130059066213,0.0883105496178057));
#8284=CARTESIAN_POINT('',(0.0122740854585767,0.0965463947968808,0.0883561319256543));
#8285=CARTESIAN_POINT('',(0.0121969775440579,0.0964824963229882,0.0883998608673274));
#8286=CARTESIAN_POINT('',(0.0121237768652063,0.0964218225488748,0.0884413829700603));
#8287=CARTESIAN_POINT('',(0.0121218047785892,0.0964201879473922,0.0884425016097309));
#8288=CARTESIAN_POINT('',(0.0121194382409759,0.0964182264533095,0.0884438439584431));
#8289=CARTESIAN_POINT('',(0.0121174661246471,0.0964165918762652,0.0884449625814435));
#8290=CARTESIAN_POINT('',(0.0121159765409605,0.0977315040752098,0.0886100837593606));
#8291=AXIS2_PLACEMENT_3D('',#9395,#9396,#9397);
#8292=AXIS2_PLACEMENT_3D('',#9398,#9399,#9400);
#8293=AXIS2_PLACEMENT_3D('',#9401,#9402,#9403);
#8294=AXIS2_PLACEMENT_3D('',#9404,#9405,#9406);
#8295=AXIS2_PLACEMENT_3D('',#9407,#9408,#9409);
#8296=AXIS2_PLACEMENT_3D('',#9410,#9411,#9412);
#8297=CARTESIAN_POINT('',(0.0121185346859703,0.101203130927329,0.0925558334907121));
#8298=VECTOR('',#9413,1.0);
#8299=CARTESIAN_POINT('',(0.013087443248258,0.110457098615033,0.0825731693452891));
#8300=CARTESIAN_POINT('',(0.0130889050592233,0.111546633925363,0.0841678194353516));
#8301=VECTOR('',#9414,1.0);
#8302=CARTESIAN_POINT('',(0.0130881691425671,0.109611181386007,0.0823412821077577));
#8303=CARTESIAN_POINT('',(0.0130881681958594,0.109612578631589,0.0823418015467703));
#8304=CARTESIAN_POINT('',(0.0130881672490719,0.109613975994934,0.0823423210295632));
#8305=CARTESIAN_POINT('',(0.0130881358243325,0.109660354738319,0.0823595623845574));
#8306=CARTESIAN_POINT('',(0.0130881052140738,0.109705501216485,0.0823763345789484));
#8307=CARTESIAN_POINT('',(0.0130880422865065,0.109796178731342,0.0824092397804951));
#8308=CARTESIAN_POINT('',(0.0130880099665438,0.109841710436323,0.0824253718457747));
#8309=CARTESIAN_POINT('',(0.0130879548938174,0.109916065956561,0.0824504766257375));
#8310=CARTESIAN_POINT('',(0.0130879330988208,0.109944752204463,0.0824598656843925));
#8311=CARTESIAN_POINT('',(0.0130878964181416,0.109991518116167,0.0824745508135699));
#8312=CARTESIAN_POINT('',(0.0130878820065579,0.110009541205859,0.0824800614811178));
#8313=CARTESIAN_POINT('',(0.013087852499665,0.110045661334766,0.0824907676945947));
#8314=CARTESIAN_POINT('',(0.0130878374043528,0.110063758371323,0.0824959632368922));
#8315=CARTESIAN_POINT('',(0.0130877971725009,0.110110908063612,0.0825090114456769));
#8316=CARTESIAN_POINT('',(0.0130877714450392,0.110140019197987,0.082516587752016));
#8317=CARTESIAN_POINT('',(0.0130877016653784,0.11021595984401,0.0825349101850215));
#8318=CARTESIAN_POINT('',(0.0130876558786548,0.110262939929256,0.0825448295575924));
#8319=CARTESIAN_POINT('',(0.0130875560063776,0.11035887597708,0.0825616393871071));
#8320=CARTESIAN_POINT('',(0.0130875017106524,0.110407846608511,0.0825684270269596));
#8321=CARTESIAN_POINT('',(0.0130874432482579,0.110457098615034,0.0825731693452878));
#8322=CARTESIAN_POINT('',(0.0131025384304196,0.102095801576745,0.0845637728887843));
#8323=VECTOR('',#9415,1.0);
#8324=CARTESIAN_POINT('',(0.000113738555018625,0.0978303271370091,0.0874900400470618));
#8325=CARTESIAN_POINT('',(0.00111749518448667,0.0964015760804993,0.0884653056761708));
#8326=CARTESIAN_POINT('',(0.00111551448888815,0.0964032052616548,0.0884641943634105));
#8327=CARTESIAN_POINT('',(0.00111313765614376,0.0964051602806775,0.0884628607869785));
#8328=CARTESIAN_POINT('',(0.00111115699012642,0.0964067894863508,0.0884617494574394));
#8329=CARTESIAN_POINT('',(0.000883004728747537,0.0965944571473165,0.0883337357765548));
#8330=CARTESIAN_POINT('',(0.000618283969097504,0.0968148083880401,0.0881834247539497));
#8331=CARTESIAN_POINT('',(0.000432079419632043,0.0970473880252322,0.0880246867756871));
#8332=CARTESIAN_POINT('',(0.000359383957181588,0.0971381886223754,0.0879627144405784));
#8333=CARTESIAN_POINT('',(0.000299077635181281,0.0972271345409716,0.0879019979466083));
#8334=CARTESIAN_POINT('',(0.000246439421702152,0.0973285254381783,0.0878327714647467));
#8335=CARTESIAN_POINT('',(0.000170683995938283,0.0974744443453525,0.0877331426730204));
#8336=CARTESIAN_POINT('',(0.000121396549248531,0.0976400924382453,0.0876200097678834));
#8337=CARTESIAN_POINT('',(0.000114644970469715,0.0977919371540994,0.0875162689465525));
#8338=CARTESIAN_POINT('',(0.000114071406978523,0.0978048367422102,0.0875074559045055));
#8339=CARTESIAN_POINT('',(0.00011377190953476,0.097817638286415,0.087498709599146));
#8340=CARTESIAN_POINT('',(0.000113738555018615,0.0978303271370091,0.0874900400470618));
#8341=CARTESIAN_POINT('',(0.000113761761711385,0.0984658952734168,0.0879717186907914));
#8342=AXIS2_PLACEMENT_3D('',#9416,#9417,#9418);
#8343=AXIS2_PLACEMENT_3D('',#9419,#9420,#9421);
#8344=AXIS2_PLACEMENT_3D('',#9422,#9423,#9424);
#8345=AXIS2_PLACEMENT_3D('',#9425,#9426,#9427);
#8346=CARTESIAN_POINT('',(0.000115235254423664,0.100465553950628,0.090244472366373));
#8347=AXIS2_PLACEMENT_3D('',#9428,#9429,#9430);
#8348=AXIS2_PLACEMENT_3D('',#9431,#9432,#9433);
#8349=CARTESIAN_POINT('',(0.000116319906721154,0.101937522125536,0.0919174684221429));
#8350=VECTOR('',#9434,1.0);
#8351=CARTESIAN_POINT('',(0.013617056670517,0.0977335531635916,0.0886073076960933));
#8352=VECTOR('',#9435,0.999999999999999);
#8353=CARTESIAN_POINT('',(-0.00493554897499601,0.103442922609077,0.0836598958144123));
#8354=AXIS2_PLACEMENT_3D('',#9436,#9437,#9438);
#8355=AXIS2_PLACEMENT_3D('',#9439,#9440,#9441);
#8356=CARTESIAN_POINT('',(0.0160643955471285,0.103471589128266,0.0836210589972057));
#8357=AXIS2_PLACEMENT_3D('',#9442,#9443,#9444);
#8358=AXIS2_PLACEMENT_3D('',#9445,#9446,#9447);
#8359=CARTESIAN_POINT('',(0.00010257277386632,0.102078055636294,0.0845878147280074));
#8360=VECTOR('',#9448,1.0);
#8361=CARTESIAN_POINT('',(0.0120841812928345,0.109078932894415,0.0797935229455154));
#8362=AXIS2_PLACEMENT_3D('',#9449,#9450,#9451);
#8363=CARTESIAN_POINT('',(0.00108421035267404,0.109063917098649,0.0798138660402427));
#8364=CARTESIAN_POINT('',(0.013585261422391,0.109080981982797,0.0797907468822481));
#8365=VECTOR('',#9452,1.0);
#8366=AXIS2_PLACEMENT_3D('',#9453,#9454,#9455);
#8367=CARTESIAN_POINT('',(0.00658642851782124,0.0954213458461361,0.0891300288731176));
#8368=VECTOR('',#9456,0.999999999999999);
#8369=CARTESIAN_POINT('',(8.74775917046851E-05,0.110439352674582,0.0825972111845122));
#8370=CARTESIAN_POINT('',(8.74775917046768E-05,0.110439352674584,0.0825972111845109));
#8371=CARTESIAN_POINT('',(8.75360540971425E-05,0.110390100669731,0.0825924688663436));
#8372=CARTESIAN_POINT('',(8.759034982067E-05,0.110341130039951,0.0825856812267907));
#8373=CARTESIAN_POINT('',(8.76902220949293E-05,0.110245193995345,0.0825688713980793));
#8374=CARTESIAN_POINT('',(8.77360088173189E-05,0.110198213911666,0.0825589520260058));
#8375=CARTESIAN_POINT('',(8.78057884763646E-05,0.110122273268163,0.0825406295939247));
#8376=CARTESIAN_POINT('',(8.78315159374388E-05,0.110093162134751,0.082533053287969));
#8377=CARTESIAN_POINT('',(8.78717477884948E-05,0.110046012444016,0.0825200050798389));
#8378=CARTESIAN_POINT('',(8.78868431003868E-05,0.110027915408053,0.0825148095378008));
#8379=CARTESIAN_POINT('',(8.7916349992588E-05,0.109991795280332,0.0825041033248537));
#8380=CARTESIAN_POINT('',(8.79307615759834E-05,0.109973772191231,0.082498592657576));
#8381=CARTESIAN_POINT('',(8.79674422543881E-05,0.109927006281057,0.0824839075291099));
#8382=CARTESIAN_POINT('',(8.79892372506178E-05,0.10989832003409,0.0824745184709009));
#8383=CARTESIAN_POINT('',(8.80443099757665E-05,0.109823964516274,0.0824494136920946));
#8384=CARTESIAN_POINT('',(8.80766299377854E-05,0.10977843281277,0.082433281627524));
#8385=CARTESIAN_POINT('',(8.81395575100005E-05,0.109687755291533,0.0824003764239295));
#8386=CARTESIAN_POINT('',(8.81701677739948E-05,0.10964260880559,0.0823836042266491));
#8387=CARTESIAN_POINT('',(8.82015925123763E-05,0.109596230063777,0.0823663628722416));
#8388=CARTESIAN_POINT('',(8.82025393124707E-05,0.109594832681847,0.0823658433825392));
#8389=CARTESIAN_POINT('',(8.82034860138797E-05,0.109593435445559,0.0823653239469819));
#8390=CARTESIAN_POINT('',(8.89394026700767E-05,0.111528887984913,0.0841918612745746));
#8391=VECTOR('',#9457,1.0);
#8392=AXIS2_PLACEMENT_3D('',#9458,#9459,#9460);
#8393=CARTESIAN_POINT('',(0.00555759051171295,0.0752592375655212,0.0893466614976982));
#8394=CARTESIAN_POINT('',(0.0055574869933139,0.0747114206679089,0.0901045517120035));
#8395=VECTOR('',#9461,1.0);
#8396=CARTESIAN_POINT('',(0.00555759051171295,0.0752592375655212,0.0893466614976982));
#8397=CARTESIAN_POINT('',(0.00555759029966273,0.0752596904519127,0.0893483705801917));
#8398=CARTESIAN_POINT('',(0.00555759289574962,0.0752601440559322,0.0893500794727168));
#8399=CARTESIAN_POINT('',(0.00555792867664882,0.0752883419340237,0.0894561321729888));
#8400=CARTESIAN_POINT('',(0.0055687467276063,0.0753187406297274,0.0895596404595881));
#8401=CARTESIAN_POINT('',(0.00561611035846721,0.0753854648821706,0.0897706600264992));
#8402=CARTESIAN_POINT('',(0.00565413767490265,0.0754207170970008,0.0898733997599479));
#8403=CARTESIAN_POINT('',(0.00576608066490499,0.0754959063900907,0.090082256584544));
#8404=CARTESIAN_POINT('',(0.00584555381758888,0.0755343549914086,0.0901817692026712));
#8405=CARTESIAN_POINT('',(0.00602673455341061,0.0755968684719054,0.0903390316183185));
#8406=CARTESIAN_POINT('',(0.00612598642026565,0.0756211994994596,0.0903977501437462));
#8407=CARTESIAN_POINT('',(0.0063367262845621,0.0756540000819087,0.0904762710379359));
#8408=CARTESIAN_POINT('',(0.00644693544877123,0.0756624445002408,0.0904960315275387));
#8409=CARTESIAN_POINT('',(0.00655773732406538,0.0756624285209288,0.0904960113086854));
#8410=CARTESIAN_POINT('',(0.00555836048950082,0.0666759878378636,0.0824509169320171));
#8411=AXIS2_PLACEMENT_3D('',#9462,#9463,#9464);
#8412=CARTESIAN_POINT('',(0.00555800554909391,0.071144071140136,0.0856805291502263));
#8413=VECTOR('',#9465,1.0);
#8414=AXIS2_PLACEMENT_3D('',#9466,#9467,#9468);
#8415=AXIS2_PLACEMENT_3D('',#9469,#9470,#9471);
#8416=CARTESIAN_POINT('',(0.00655750089399135,0.0743298130411032,0.0899575903001777));
#8417=AXIS2_PLACEMENT_3D('',#9472,#9473,#9474);
#8418=AXIS2_PLACEMENT_3D('',#9475,#9476,#9477);
#8419=CARTESIAN_POINT('',(0.00655745807984012,0.0751458220066129,0.0903747030187503));
#8420=CARTESIAN_POINT('',(0.00652863610809248,0.0751458223717737,0.0903746993459715));
#8421=CARTESIAN_POINT('',(0.00649959820625532,0.0751512935713177,0.0903752396079944));
#8422=CARTESIAN_POINT('',(0.00643546396184571,0.0751750700425437,0.09037698635793));
#8423=CARTESIAN_POINT('',(0.00639876300937869,0.0751952867363254,0.0903784053325128));
#8424=CARTESIAN_POINT('',(0.00629839387719892,0.0752688589813868,0.0903791340897052));
#8425=CARTESIAN_POINT('',(0.00623641184334802,0.075327387848193,0.0903769180413903));
#8426=CARTESIAN_POINT('',(0.00617269692504864,0.0753949474225356,0.0903660404901183));
#8427=CARTESIAN_POINT('',(0.00555843749573495,0.0642084772685596,0.0816012851336602));
#8428=VECTOR('',#9478,1.0);
#8429=CARTESIAN_POINT('',(0.00555838292562995,0.058228215874615,0.0814349426748565));
#8430=VECTOR('',#9479,1.0);
#8431=AXIS2_PLACEMENT_3D('',#9480,#9481,#9482);
#8432=AXIS2_PLACEMENT_3D('',#9483,#9484,#9485);
#8433=CARTESIAN_POINT('',(0.00655816809903694,0.0659308602438902,0.0838866738156426));
#8434=CARTESIAN_POINT('',(0.00655823985749424,0.0636315041746412,0.0830949422395019));
#8435=VECTOR('',#9486,1.0);
#8436=AXIS2_PLACEMENT_3D('',#9487,#9488,#9489);
#8437=AXIS2_PLACEMENT_3D('',#9490,#9491,#9492);
#8438=AXIS2_PLACEMENT_3D('',#9493,#9494,#9495);
#8439=CARTESIAN_POINT('',(0.0165584806382223,0.0671415453008234,0.0815550502514484));
#8440=CARTESIAN_POINT('',(0.0175584806300228,0.0671415326312945,0.0815551776812717));
#8441=VECTOR('',#9496,1.0);
#8442=CARTESIAN_POINT('',(0.016558730465997,0.0591363145333291,0.0787986289830415));
#8443=CARTESIAN_POINT('',(0.0165584579999417,0.0678669436696982,0.0818048248738306));
#8444=VECTOR('',#9497,1.0);
#8445=CARTESIAN_POINT('',(0.0175587304577976,0.0591363018638002,0.0787987564128649));
#8446=VECTOR('',#9498,0.999999999999999);
#8447=CARTESIAN_POINT('',(0.0165580015446998,0.0731725007125391,0.0859143349754475));
#8448=VECTOR('',#9499,1.0);
#8449=CARTESIAN_POINT('',(0.00655782460845272,0.0702548101633325,0.0870121037922174));
#8450=VECTOR('',#9500,1.0);
#8451=AXIS2_PLACEMENT_3D('',#9501,#9502,#9503);
#8452=CARTESIAN_POINT('',(0.0190575007914984,0.0743296546719917,0.0899591831729703));
#8453=VECTOR('',#9504,1.0);
#8454=CARTESIAN_POINT('',(0.0175581680088431,0.065930720879072,0.0838880755437001));
#8455=VECTOR('',#9505,1.0);
#8456=CARTESIAN_POINT('',(0.0170135517040507,0.0578352370168794,0.0811005058413694));
#8457=CARTESIAN_POINT('',(0.0170135517040508,0.0578352370168792,0.0811005058413693));
#8458=CARTESIAN_POINT('',(0.0168700522198264,0.0579952857163301,0.0811555961018869));
#8459=CARTESIAN_POINT('',(0.0167086235101528,0.0581478026753459,0.0812080906139239));
#8460=CARTESIAN_POINT('',(0.0165647311453755,0.0582838574738684,0.0812549190621288));
#8461=CARTESIAN_POINT('',(0.0165627547055321,0.0582857262604792,0.0812555622763187));
#8462=CARTESIAN_POINT('',(0.0165603829441227,0.0582879687726452,0.0812563341224039));
#8463=CARTESIAN_POINT('',(0.0165584064746342,0.058289837531226,0.0812569773269383));
#8464=CARTESIAN_POINT('',(0.0173836215047471,0.0578170677753603,0.0810942984437438));
#8465=CARTESIAN_POINT('',(0.0173836215047454,0.0578170677755432,0.0810942984435084));
#8466=CARTESIAN_POINT('',(0.0172774791218137,0.0578170691299336,0.0810942849211144));
#8467=CARTESIAN_POINT('',(0.0171543482761645,0.0578263177365468,0.0810974532434535));
#8468=CARTESIAN_POINT('',(0.0170135517040511,0.0578352370168793,0.0811005058413693));
#8469=CARTESIAN_POINT('',(0.0175584212203385,0.0578170655607306,0.0810943207184411));
#8470=VECTOR('',#9506,0.999999999999999);
#8471=CARTESIAN_POINT('',(0.0165585605945043,0.0576698870070249,0.0799858906564906));
#8472=CARTESIAN_POINT('',(0.0175585605863049,0.057669874337496,0.079986018086314));
#8473=VECTOR('',#9507,0.999999999999999);
#8474=AXIS2_PLACEMENT_3D('',#9508,#9509,#9510);
#8475=CARTESIAN_POINT('',(0.0165590969243035,0.0590711306593327,0.0759163825617779));
#8476=VECTOR('',#9511,0.999999999999999);
#8477=AXIS2_PLACEMENT_3D('',#9512,#9513,#9514);
#8478=CARTESIAN_POINT('',(0.0165575880881473,0.0763979047101997,0.0894795984768276));
#8479=CARTESIAN_POINT('',(0.0175575880799479,0.0763978920406708,0.089479725906651));
#8480=VECTOR('',#9515,1.0);
#8481=AXIS2_PLACEMENT_3D('',#9516,#9517,#9518);
#8482=CARTESIAN_POINT('',(0.0165581176967252,0.0792005806670913,0.0856021702871262));
#8483=VECTOR('',#9519,1.0);
#8484=CARTESIAN_POINT('',(0.0185574219991287,0.0770956452211102,0.0908524753674248));
#8485=AXIS2_PLACEMENT_3D('',#9520,#9521,#9522);
#8486=CARTESIAN_POINT('',(0.0185573236042364,0.0826471442922473,0.0921765748995415));
#8487=CARTESIAN_POINT('',(0.0185573751930777,0.0797364708003274,0.0914823441414328));
#8488=VECTOR('',#9523,1.0);
#8489=AXIS2_PLACEMENT_3D('',#9524,#9525,#9526);
#8490=CARTESIAN_POINT('',(0.0181815755829042,0.0856200747690362,0.0928856056898709));
#8491=AXIS2_PLACEMENT_3D('',#9527,#9528,#9529);
#8492=AXIS2_PLACEMENT_3D('',#9530,#9531,#9532);
#8493=CARTESIAN_POINT('',(0.0181815755829042,0.0856200747690362,0.092885605689871));
#8494=CARTESIAN_POINT('',(0.0181298143514052,0.0857869600654566,0.0929254030953316));
#8495=CARTESIAN_POINT('',(0.0180742285687649,0.085952146477297,0.0929693339563616));
#8496=CARTESIAN_POINT('',(0.0179215963047247,0.0863769470300854,0.0930939632914835));
#8497=CARTESIAN_POINT('',(0.017819700179544,0.0866337575176348,0.0931809092542334));
#8498=CARTESIAN_POINT('',(0.0175403138840035,0.087288230713611,0.0934322646548013));
#8499=CARTESIAN_POINT('',(0.0173541772918316,0.0876779726870112,0.093611888380323));
#8500=CARTESIAN_POINT('',(0.0169656375475456,0.0884350858020501,0.0940208190873149));
#8501=CARTESIAN_POINT('',(0.0167629199277825,0.0888016869706511,0.0942511790166124));
#8502=CARTESIAN_POINT('',(0.0165602446813067,0.0891520673059333,0.0945038868590848));
#8503=CARTESIAN_POINT('',(0.0165586215952869,0.0891548722028071,0.0945059120734085));
#8504=CARTESIAN_POINT('',(0.0165569985094585,0.0891576760472942,0.0945079387429762));
#8505=CARTESIAN_POINT('',(0.0165569985094585,0.0891576760472942,0.0945079387429762));
#8506=CARTESIAN_POINT('',(0.0165578102322903,0.0891545917325236,0.0945057093441457));
#8507=CARTESIAN_POINT('',(0.016558621955218,0.0891515068387562,0.0945034807455664));
#8508=CARTESIAN_POINT('',(0.0166599820448672,0.0887662222591219,0.0942252944165053));
#8509=CARTESIAN_POINT('',(0.0167613633236967,0.088371991887064,0.0939593818505591));
#8510=CARTESIAN_POINT('',(0.0169556775630446,0.0875752665069072,0.0934595726532133));
#8511=CARTESIAN_POINT('',(0.0170487677570301,0.0871731981763987,0.0932250992080434));
#8512=CARTESIAN_POINT('',(0.0171884961444801,0.0865111562574531,0.0928685035919032));
#8513=CARTESIAN_POINT('',(0.017239457678765,0.0862544272365914,0.0927372099067128));
#8514=CARTESIAN_POINT('',(0.0173157955099258,0.085834773609059,0.09253420994267));
#8515=CARTESIAN_POINT('',(0.0173435967009646,0.0856727722320945,0.092458620279748));
#8516=CARTESIAN_POINT('',(0.0173694855620343,0.0855103022768877,0.092385640712171));
#8517=CARTESIAN_POINT('',(0.0184814225686468,0.0765337134046359,0.0907184379314255));
#8518=AXIS2_PLACEMENT_3D('',#9533,#9534,#9535);
#8519=CARTESIAN_POINT('',(0.0184814225686468,0.0765337134046358,0.0907184379314255));
#8520=CARTESIAN_POINT('',(0.0185308970338097,0.0767171606615792,0.0907621987707679));
#8521=CARTESIAN_POINT('',(0.0185574253386352,0.0769072282546711,0.0908075356468363));
#8522=CARTESIAN_POINT('',(0.0185574219991287,0.0770956452211102,0.0908524753674248));
#8523=CARTESIAN_POINT('',(0.0175575488995849,0.0773276621061862,0.0898796331654988));
#8524=CARTESIAN_POINT('',(0.0175575486831851,0.0773119343564237,0.0898797676444679));
#8525=CARTESIAN_POINT('',(0.0175572701671357,0.0772960887228307,0.0898800305691563));
#8526=CARTESIAN_POINT('',(0.0175536515455088,0.0771920730284517,0.0898826778611265));
#8527=CARTESIAN_POINT('',(0.0175420422959487,0.0771006030077523,0.0898892177973486));
#8528=CARTESIAN_POINT('',(0.0175218131743169,0.0769982431396158,0.0899038922172177));
#8529=CARTESIAN_POINT('',(0.0175206870721998,0.0769926531256564,0.0899047156694807));
#8530=CARTESIAN_POINT('',(0.0175195370065979,0.0769870459923449,0.0899055640361102));
#8531=CARTESIAN_POINT('',(0.0165948968541359,0.0760469857082926,0.0899662824667596));
#8532=CARTESIAN_POINT('',(0.0165948968541347,0.0760469857082925,0.0899662824667596));
#8533=CARTESIAN_POINT('',(0.0165948694507337,0.0760459151213627,0.0899677618558325));
#8534=CARTESIAN_POINT('',(0.0165948422915938,0.0760448404933588,0.0899692383202201));
#8535=CARTESIAN_POINT('',(0.0165933902461399,0.0759866565365699,0.0900487217675458));
#8536=CARTESIAN_POINT('',(0.0165926069665171,0.0759185644459827,0.0901180661622977));
#8537=CARTESIAN_POINT('',(0.0165915099193477,0.0757631763869814,0.090236166815098));
#8538=CARTESIAN_POINT('',(0.0165912276787034,0.0756764023402008,0.0902838669836535));
#8539=CARTESIAN_POINT('',(0.0165908245735796,0.0754917438008807,0.090352376014166));
#8540=CARTESIAN_POINT('',(0.0165907110892607,0.0753948717422729,0.0903728146628756));
#8541=CARTESIAN_POINT('',(0.0165904590220394,0.0751983031889606,0.0903847363286864));
#8542=CARTESIAN_POINT('',(0.016590324005556,0.075099680884251,0.0903761571670389));
#8543=CARTESIAN_POINT('',(0.0165901204001721,0.0750039079486414,0.0903533141391854));
#8544=AXIS2_PLACEMENT_3D('',#9536,#9537,#9538);
#8545=AXIS2_PLACEMENT_3D('',#9539,#9540,#9541);
#8546=CARTESIAN_POINT('',(0.00655843344073246,0.0856169504679933,0.0928833442481687));
#8547=VECTOR('',#9542,0.999999999999999);
#8548=CARTESIAN_POINT('',(0.0179984280976549,0.0469066773947016,0.0726395587592743));
#8549=CARTESIAN_POINT('',(0.0179984280968584,0.046906677393688,0.0726395587584887));
#8550=CARTESIAN_POINT('',(0.0179573063414222,0.0469066779146813,0.0726395535183506));
#8551=CARTESIAN_POINT('',(0.0179176731581708,0.046913760726871,0.0726421269431663));
#8552=CARTESIAN_POINT('',(0.0178412219620466,0.0469438536252446,0.0726528962404869));
#8553=CARTESIAN_POINT('',(0.0178070419322672,0.0469660740179717,0.0726607930326329));
#8554=CARTESIAN_POINT('',(0.0177354278237854,0.0470290898901944,0.0726826666864223));
#8555=CARTESIAN_POINT('',(0.017697445217097,0.0470766726273911,0.0726988926632627));
#8556=CARTESIAN_POINT('',(0.0175990881209528,0.0472429574635274,0.072752619632099));
#8557=CARTESIAN_POINT('',(0.0175493445776103,0.0473797042624348,0.0727936895082391));
#8558=CARTESIAN_POINT('',(0.0174644585367894,0.0476969293496167,0.0728761841836563));
#8559=CARTESIAN_POINT('',(0.017427302122411,0.0479009688212719,0.0729221392071238));
#8560=CARTESIAN_POINT('',(0.0174037395867532,0.0481246408568033,0.0729598753923584));
#8561=CARTESIAN_POINT('',(0.0185590667298036,0.0503180159246917,0.0752831952936224));
#8562=CARTESIAN_POINT('',(0.0179984272059276,0.046906667870075,0.0726395513782022));
#8563=CARTESIAN_POINT('',(0.0180404742850991,0.0470136634472339,0.0727224715773472));
#8564=CARTESIAN_POINT('',(0.0180787943977505,0.0471208479115614,0.0728055376399179));
#8565=CARTESIAN_POINT('',(0.0181651278396435,0.0473830814828435,0.0730087629975775));
#8566=CARTESIAN_POINT('',(0.0182100771549228,0.0475385572192013,0.0731292524814388));
#8567=CARTESIAN_POINT('',(0.018275390658637,0.0477926364983536,0.0733261559222129));
#8568=CARTESIAN_POINT('',(0.0182986413141271,0.047890708479762,0.0734021583507049));
#8569=CARTESIAN_POINT('',(0.01834175245086,0.0480874248664932,0.0735546063327081));
#8570=CARTESIAN_POINT('',(0.0183616120025279,0.0481860698005827,0.0736310522958507));
#8571=CARTESIAN_POINT('',(0.0184091778078159,0.0484431530354784,0.0738302811659201));
#8572=CARTESIAN_POINT('',(0.0184344495124942,0.0486019559454011,0.0739533462864309));
#8573=CARTESIAN_POINT('',(0.0184907272577116,0.0490158630422525,0.0742741043741842));
#8574=CARTESIAN_POINT('',(0.0185160984350455,0.0492715898776109,0.0744722790790128));
#8575=CARTESIAN_POINT('',(0.018550554906698,0.0497912366975747,0.0748749753970826));
#8576=CARTESIAN_POINT('',(0.0185590893560681,0.0500551645677617,0.0750795030455207));
#8577=CARTESIAN_POINT('',(0.0185590667298036,0.0503180159246917,0.0752831952936224));
#8578=AXIS2_PLACEMENT_3D('',#9543,#9544,#9545);
#8579=CARTESIAN_POINT('',(0.0171123579407761,0.0575116519607061,0.0799314789607638));
#8580=CARTESIAN_POINT('',(0.0170101662557242,0.0579226709843989,0.081176082622058));
#8581=CARTESIAN_POINT('',(0.0170111484825056,0.0578984994294889,0.0811573514160716));
#8582=CARTESIAN_POINT('',(0.0170120538798397,0.0578751367207152,0.0811375990503466));
#8583=CARTESIAN_POINT('',(0.0170159423750152,0.0577718835656947,0.0810425334913563));
#8584=CARTESIAN_POINT('',(0.0170181722067406,0.057702983392045,0.0809564736786238));
#8585=CARTESIAN_POINT('',(0.017023313993415,0.0575918457725379,0.0807663481455004));
#8586=CARTESIAN_POINT('',(0.0170261424243603,0.057549602093577,0.0806619656484568));
#8587=CARTESIAN_POINT('',(0.0170362076662875,0.0574984554794603,0.0804534516109151));
#8588=CARTESIAN_POINT('',(0.0170426545975217,0.0574869088704667,0.080354509171986));
#8589=CARTESIAN_POINT('',(0.0170665985123684,0.0574841179622474,0.0801380858655786));
#8590=CARTESIAN_POINT('',(0.0170848103263088,0.0574966940902685,0.0800324223652212));
#8591=CARTESIAN_POINT('',(0.0171112795579316,0.0575110690321094,0.0799353865554903));
#8592=CARTESIAN_POINT('',(0.0171118316969775,0.0575113681551936,0.0799333776895374));
#8593=CARTESIAN_POINT('',(0.0171123581243679,0.0575116518722826,0.0799314788425556));
#8594=CARTESIAN_POINT('',(0.0171123371272905,0.0575116090672142,0.0799314216031626));
#8595=CARTESIAN_POINT('',(0.0171545078303538,0.0574912957509755,0.0799042659472885));
#8596=CARTESIAN_POINT('',(0.017194464545505,0.0574687398479242,0.0798741113196445));
#8597=CARTESIAN_POINT('',(0.0172677446997572,0.0574204647516082,0.0798095713453878));
#8598=CARTESIAN_POINT('',(0.0173012049763551,0.0573949275566919,0.0797754293757698));
#8599=CARTESIAN_POINT('',(0.0173629322986186,0.0573403818864242,0.0797025030994749));
#8600=CARTESIAN_POINT('',(0.017391037413443,0.0573114648962894,0.0796638410979463));
#8601=CARTESIAN_POINT('',(0.0174559244044839,0.0572331959686835,0.0795591939656848));
#8602=CARTESIAN_POINT('',(0.0174876093751101,0.0571823063564635,0.0794911520129655));
#8603=CARTESIAN_POINT('',(0.0175362924711259,0.0570723460944793,0.079344126796078));
#8604=CARTESIAN_POINT('',(0.0175516567224194,0.0570129949960393,0.0792647682969332));
#8605=CARTESIAN_POINT('',(0.0175580240692813,0.0569383765365836,0.0791649939024845));
#8606=CARTESIAN_POINT('',(0.0175586574719677,0.0569235033581421,0.079145106474733));
#8607=CARTESIAN_POINT('',(0.0175586583240649,0.0569086327088309,0.0791252223374606));
#8608=CARTESIAN_POINT('',(0.0185585521365021,0.0562960927494081,0.0799158056098602));
#8609=AXIS2_PLACEMENT_3D('',#9546,#9547,#9548);
#8610=CARTESIAN_POINT('',(0.0185585521365022,0.0562960927494081,0.0799158056098602));
#8611=CARTESIAN_POINT('',(0.0185585397389576,0.0564401161431396,0.0800274141219525));
#8612=CARTESIAN_POINT('',(0.018536137210294,0.0565843070656843,0.0801391493846922));
#8613=CARTESIAN_POINT('',(0.0184916097648496,0.0567243554785164,0.0802476714423986));
#8614=CARTESIAN_POINT('',(0.0184203658521384,0.0569484329390476,0.0804213067347283));
#8615=CARTESIAN_POINT('',(0.0182915267353142,0.0571625241806876,0.0805871954693747));
#8616=CARTESIAN_POINT('',(0.0181129654397565,0.057346663128386,0.080729866351847));
#8617=CARTESIAN_POINT('',(0.0179199229472445,0.0575457356167506,0.0808841077437194));
#8618=CARTESIAN_POINT('',(0.0176684443349601,0.0577093619229993,0.0810108726909384));
#8619=CARTESIAN_POINT('',(0.017383621504747,0.0578170677753601,0.0810942984437436));
#8620=CARTESIAN_POINT('',(0.0185582063871696,0.0603126939486867,0.0830284033060054));
#8621=VECTOR('',#9549,1.0);
#8622=CARTESIAN_POINT('',(0.0165587692565792,0.0682577770251973,0.0794011100110688));
#8623=AXIS2_PLACEMENT_3D('',#9550,#9551,#9552);
#8624=CARTESIAN_POINT('',(0.016559345806666,0.0497833840219781,0.0730398680588996));
#8625=CARTESIAN_POINT('',(0.0165588722595918,0.0649572517490366,0.0782646483234102));
#8626=VECTOR('',#9553,0.999999999999999);
#8627=CARTESIAN_POINT('',(0.0172664405651832,0.0489035645245868,0.0730467850975959));
#8628=CARTESIAN_POINT('',(0.0172137113370722,0.0490964402291598,0.0730574218908736));
#8629=CARTESIAN_POINT('',(0.0171469530730756,0.0492803968446367,0.0730593702293564));
#8630=CARTESIAN_POINT('',(0.0170425718974381,0.049446524551194,0.0730556238435105));
#8631=CARTESIAN_POINT('',(0.016995868962081,0.0495208545392689,0.0730539476100812));
#8632=CARTESIAN_POINT('',(0.0169405269090994,0.0495931712924995,0.0730510532514077));
#8633=CARTESIAN_POINT('',(0.0168691175683679,0.0496552031409126,0.0730477969451407));
#8634=CARTESIAN_POINT('',(0.0167809268565532,0.0497318126266,0.0730437753988748));
#8635=CARTESIAN_POINT('',(0.0166701629968728,0.0497833826179764,0.0730398821803147));
#8636=CARTESIAN_POINT('',(0.016559345806666,0.0497833840219781,0.0730398680588996));
#8637=AXIS2_PLACEMENT_3D('',#9554,#9555,#9556);
#8638=AXIS2_PLACEMENT_3D('',#9557,#9558,#9559);
#8639=AXIS2_PLACEMENT_3D('',#9560,#9561,#9562);
#8640=CARTESIAN_POINT('',(0.0165586587781169,0.068257777006702,0.0794011099901401));
#8641=CARTESIAN_POINT('',(0.0165574458600826,0.0835263085984564,0.0904374834968212));
#8642=VECTOR('',#9563,1.0);
#8643=CARTESIAN_POINT('',(-0.0074383603967038,0.0682494382566535,0.0793950761068112));
#8644=VECTOR('',#9564,1.0);
#8645=CARTESIAN_POINT('',(-0.0074383603967038,0.0682494382566535,0.0793950761068112));
#8646=VECTOR('',#9565,1.0);
#8647=CARTESIAN_POINT('',(0.0085594265102875,0.0512966566075756,0.073559875136025));
#8648=CARTESIAN_POINT('',(0.0085594265102875,0.0512966566075756,0.073559875136025));
#8649=CARTESIAN_POINT('',(0.00855942452226971,0.0513603586565696,0.0735818095046632));
#8650=CARTESIAN_POINT('',(0.00854674627745414,0.0514353851599861,0.0736076415240376));
#8651=CARTESIAN_POINT('',(0.00852711300887563,0.0514971903903715,0.0736289201785665));
#8652=CARTESIAN_POINT('',(0.00851324480095877,0.0515408472976208,0.0736439506256883));
#8653=CARTESIAN_POINT('',(0.00849424594614858,0.0515862344591042,0.0736595761707893));
#8654=CARTESIAN_POINT('',(0.00847118398194861,0.0516304370293044,0.0736747932930186));
#8655=CARTESIAN_POINT('',(0.00842794823789839,0.0517133064239045,0.0737033218084642));
#8656=CARTESIAN_POINT('',(0.00837817120880781,0.0517819730044894,0.0737269590420137));
#8657=CARTESIAN_POINT('',(0.0083177671216026,0.0518529714919467,0.0737513978147219));
#8658=CARTESIAN_POINT('',(0.00823922402849425,0.0519452904238091,0.0737831754127138));
#8659=CARTESIAN_POINT('',(0.00814590529033582,0.0520337111965139,0.0738136088198928));
#8660=CARTESIAN_POINT('',(0.00806387312713514,0.0521112775375423,0.0738403062349555));
#8661=CARTESIAN_POINT('',(0.00806247560281468,0.0521125989807868,0.073840761060055));
#8662=CARTESIAN_POINT('',(0.00806079852611965,0.0521141846677587,0.0738413068347005));
#8663=CARTESIAN_POINT('',(0.00805940095987633,0.0521155060713648,0.0738417616461459));
#8664=CARTESIAN_POINT('',(0.00855947373343603,0.0497834853765896,0.0730388486366058));
#8665=CARTESIAN_POINT('',(0.00855920857376449,0.0582799960743897,0.0759644311057284));
#8666=VECTOR('',#9566,0.999999999999999);
#8667=CARTESIAN_POINT('',(0.0205594736350428,0.0497833333422425,0.0730403777944866));
#8668=VECTOR('',#9567,0.999999999999999);
#8669=CARTESIAN_POINT('',(-0.0146783255189519,0.0898531239755462,0.0950106127697164));
#8670=VECTOR('',#9568,0.999999999999999);
#8671=AXIS2_PLACEMENT_3D('',#9569,#9570,#9571);
#8672=AXIS2_PLACEMENT_3D('',#9572,#9573,#9574);
#8673=AXIS2_PLACEMENT_3D('',#9575,#9576,#9577);
#8674=AXIS2_PLACEMENT_3D('',#9578,#9579,#9580);
#8675=AXIS2_PLACEMENT_3D('',#9581,#9582,#9583);
#8676=CARTESIAN_POINT('',(0.0190588923647203,0.0469066639581052,0.0726396938932643));
#8677=VECTOR('',#9584,1.0);
#8678=AXIS2_PLACEMENT_3D('',#9585,#9586,#9587);
#8679=AXIS2_PLACEMENT_3D('',#9588,#9589,#9590);
#8680=AXIS2_PLACEMENT_3D('',#9591,#9592,#9593);
#8681=CARTESIAN_POINT('',(-4.98566776694917E-05,0.111042494141922,0.0825865145011504));
#8682=AXIS2_PLACEMENT_3D('',#9594,#9595,#9596);
#8683=CARTESIAN_POINT('',(-4.98566776694969E-05,0.111042494141922,0.0825865145011505));
#8684=CARTESIAN_POINT('',(-3.72402738062251E-05,0.111024741358244,0.0825986324209354));
#8685=CARTESIAN_POINT('',(-2.5362267530458E-05,0.111005308038826,0.082609351088944));
#8686=CARTESIAN_POINT('',(3.20515648998595E-06,0.110950958797427,0.0826331259202221));
#8687=CARTESIAN_POINT('',(1.84679375083213E-05,0.110913732675283,0.0826436714197359));
#8688=CARTESIAN_POINT('',(5.1487538637038E-05,0.110810976903712,0.0826600494874441));
#8689=CARTESIAN_POINT('',(6.55466919905938E-05,0.110741068019352,0.0826593521328372));
#8690=CARTESIAN_POINT('',(8.36030199066161E-05,0.110593938318927,0.0826400449350807));
#8691=CARTESIAN_POINT('',(8.74158024093035E-05,0.110516738402111,0.0826209208429413));
#8692=CARTESIAN_POINT('',(8.74775917046842E-05,0.110439352674583,0.0825972111845116));
#8693=CARTESIAN_POINT('',(0.000340881291994612,0.110481433365485,0.0821633002293073));
#8694=AXIS2_PLACEMENT_3D('',#9597,#9598,#9599);
#8695=CARTESIAN_POINT('',(0.000340881291994628,0.110481433365485,0.0821633002293073));
#8696=CARTESIAN_POINT('',(0.000359449872366256,0.110519571303201,0.0821563714219736));
#8697=CARTESIAN_POINT('',(0.000375643554070371,0.110555308378873,0.0821505518428134));
#8698=CARTESIAN_POINT('',(0.00040207597187937,0.110621932315333,0.0821396297836505));
#8699=CARTESIAN_POINT('',(0.000412474687709339,0.110652874089349,0.082134528276266));
#8700=CARTESIAN_POINT('',(0.000424971094592172,0.110700981534866,0.0821257369416457));
#8701=CARTESIAN_POINT('',(0.000428713463833271,0.110718948393768,0.0821222393792826));
#8702=CARTESIAN_POINT('',(0.000433014978389567,0.110747230814243,0.0821162215895626));
#8703=CARTESIAN_POINT('',(0.000434242525737424,0.110757888837488,0.0821138272216503));
#8704=CARTESIAN_POINT('',(0.000435846169819707,0.110778750576982,0.082108845582589));
#8705=CARTESIAN_POINT('',(0.000436222335762545,0.110788954237923,0.0821062583347751));
#8706=CARTESIAN_POINT('',(0.000436111865368502,0.110814874433949,0.0820992475591568));
#8707=CARTESIAN_POINT('',(0.000434977887466489,0.110830192620049,0.082094664495316));
#8708=CARTESIAN_POINT('',(0.00042932611222738,0.110868663591625,0.0820818343460698));
#8709=CARTESIAN_POINT('',(0.000423150604574063,0.110890965533229,0.0820730293468418));
#8710=CARTESIAN_POINT('',(0.000405718333405408,0.110932708491715,0.0820533154427699));
#8711=CARTESIAN_POINT('',(0.00039432080620649,0.110952025870792,0.0820423568198426));
#8712=CARTESIAN_POINT('',(0.000380971030420664,0.110969221796387,0.0820306200423531));
#8713=CARTESIAN_POINT('',(0.0132230898430782,0.111060612721985,0.0825619678173592));
#8714=AXIS2_PLACEMENT_3D('',#9600,#9601,#9602);
#8715=CARTESIAN_POINT('',(0.0128323224181473,0.11049848513133,0.0821401988437226));
#8716=CARTESIAN_POINT('',(0.0127904106250691,0.110986161623914,0.0820076703085256));
#8717=CARTESIAN_POINT('',(0.0127803657188201,0.110973106889844,0.0820165990870574));
#8718=CARTESIAN_POINT('',(0.012771439420675,0.1109588427086,0.0820250791154248));
#8719=CARTESIAN_POINT('',(0.0127518339378236,0.110918857551403,0.0820457503210264));
#8720=CARTESIAN_POINT('',(0.0127433660553415,0.110891392989332,0.0820570855650212));
#8721=CARTESIAN_POINT('',(0.0127323675970294,0.110814420602244,0.0820827871083386));
#8722=CARTESIAN_POINT('',(0.0127364002991987,0.110761078425698,0.0820950044897949));
#8723=CARTESIAN_POINT('',(0.0127673600543686,0.110641242957479,0.0821169449143474));
#8724=CARTESIAN_POINT('',(0.0127949261505736,0.110574659262972,0.0821264790694732));
#8725=CARTESIAN_POINT('',(0.0128323224181473,0.11049848513133,0.0821401988437226));
#8726=AXIS2_PLACEMENT_3D('',#9603,#9604,#9605);
#8727=CARTESIAN_POINT('',(0.0130874432482579,0.110457098615034,0.0825731693452885));
#8728=CARTESIAN_POINT('',(0.0130874123536104,0.110495791478798,0.0825850241745033));
#8729=CARTESIAN_POINT('',(0.0130883319934103,0.110534503070153,0.0825957986892836));
#8730=CARTESIAN_POINT('',(0.0130923455051745,0.110610010013869,0.0826134505036465));
#8731=CARTESIAN_POINT('',(0.0130953644339395,0.110646756863432,0.0826204382880049));
#8732=CARTESIAN_POINT('',(0.0131023254408672,0.110705681098459,0.0826283507702158));
#8733=CARTESIAN_POINT('',(0.0131055000806172,0.110728145145178,0.0826305626702207));
#8734=CARTESIAN_POINT('',(0.0131115343742811,0.110764052466034,0.0826326435748368));
#8735=CARTESIAN_POINT('',(0.0131140654667033,0.110777719505117,0.082633080908741));
#8736=CARTESIAN_POINT('',(0.0131195626695304,0.11080468822884,0.0826331966313572));
#8737=CARTESIAN_POINT('',(0.0131225287711705,0.110817989818685,0.0826328750560615));
#8738=CARTESIAN_POINT('',(0.0131308192589738,0.110852004791247,0.0826310248156216));
#8739=CARTESIAN_POINT('',(0.0131364761235153,0.110872331572462,0.0826288953907831));
#8740=CARTESIAN_POINT('',(0.0131528151918622,0.110923754299449,0.082620645606982));
#8741=CARTESIAN_POINT('',(0.0131644931293843,0.110953944684087,0.0826128615195201));
#8742=CARTESIAN_POINT('',(0.0131913202970376,0.111010714615124,0.0825916306992854));
#8743=CARTESIAN_POINT('',(0.0132065595067952,0.111037133748864,0.0825780248411866));
#8744=CARTESIAN_POINT('',(0.0132230898430782,0.111060612721985,0.0825619678173592));
#8745=AXIS2_PLACEMENT_3D('',#9606,#9607,#9608);
#8746=AXIS2_PLACEMENT_3D('',#9609,#9610,#9611);
#8747=AXIS2_PLACEMENT_3D('',#9612,#9613,#9614);
#8748=AXIS2_PLACEMENT_3D('',#9615,#9616,#9617);
#8749=AXIS2_PLACEMENT_3D('',#9618,#9619,#9620);
#8750=AXIS2_PLACEMENT_3D('',#9621,#9622,#9623);
#8751=CARTESIAN_POINT('',(8.82034860138822E-05,0.109593435445557,0.0823653239469809));
#8752=CARTESIAN_POINT('',(8.82002107552978E-05,0.109595199976044,0.0823648553889797));
#8753=CARTESIAN_POINT('',(8.82002687793756E-05,0.109596964695007,0.082364386775973));
#8754=CARTESIAN_POINT('',(8.84253911266012E-05,0.109714103812419,0.0823332812840907));
#8755=CARTESIAN_POINT('',(0.000103670592543073,0.109829911136715,0.0823026701535147));
#8756=CARTESIAN_POINT('',(0.000155010791779923,0.110044491117337,0.0822501043449496));
#8757=CARTESIAN_POINT('',(0.000190126333036998,0.110143385151195,0.082228092377364));
#8758=CARTESIAN_POINT('',(0.000250334427516781,0.110289151718222,0.0821986514006647));
#8759=CARTESIAN_POINT('',(0.000274252447586896,0.110341777771448,0.0821887479505892));
#8760=CARTESIAN_POINT('',(0.00031231592998917,0.110422536680097,0.0821739497509311));
#8761=CARTESIAN_POINT('',(0.000326776737939819,0.110452464074711,0.0821685632992684));
#8762=CARTESIAN_POINT('',(0.000340881291994276,0.110481433365484,0.0821633002293074));
#8763=AXIS2_PLACEMENT_3D('',#9624,#9625,#9626);
#8764=AXIS2_PLACEMENT_3D('',#9627,#9628,#9629);
#8765=AXIS2_PLACEMENT_3D('',#9630,#9631,#9632);
#8766=CARTESIAN_POINT('',(0.0128323224181477,0.110498485131329,0.0821401988437228));
#8767=CARTESIAN_POINT('',(0.0128510703284317,0.110460296673533,0.0821470769926246));
#8768=CARTESIAN_POINT('',(0.0128704545573368,0.110420438027592,0.0821541691657249));
#8769=CARTESIAN_POINT('',(0.0129090223845512,0.110337857669352,0.08216937761592));
#8770=CARTESIAN_POINT('',(0.0129281943709836,0.110295251461821,0.0821774613831426));
#8771=CARTESIAN_POINT('',(0.0129585515295873,0.110222450709488,0.0821920700566184));
#8772=CARTESIAN_POINT('',(0.0129700296797267,0.110193595951248,0.0821980412315774));
#8773=CARTESIAN_POINT('',(0.0129880112907671,0.110145299204096,0.0822083917556339));
#8774=CARTESIAN_POINT('',(0.0129947653901182,0.110126385963796,0.0822125278133369));
#8775=CARTESIAN_POINT('',(0.0130078343396687,0.110087898984259,0.0822211193096409));
#8776=CARTESIAN_POINT('',(0.0130141490428155,0.110068325182622,0.0822255747937345));
#8777=CARTESIAN_POINT('',(0.0130298410096325,0.110016617377589,0.0822375706480605));
#8778=CARTESIAN_POINT('',(0.0130387811328364,0.109983990370142,0.0822453602893752));
#8779=CARTESIAN_POINT('',(0.013059543506847,0.109897375853001,0.0822665662657752));
#8780=CARTESIAN_POINT('',(0.0130698518860939,0.109842299797514,0.0822805665547625));
#8781=CARTESIAN_POINT('',(0.0130840028278066,0.109730243760244,0.0823096852003967));
#8782=CARTESIAN_POINT('',(0.0130878292697268,0.109673279571215,0.0823247930241524));
#8783=CARTESIAN_POINT('',(0.0130881592581507,0.109614710614618,0.0823403449521988));
#8784=CARTESIAN_POINT('',(0.0130881658672868,0.109612945928229,0.0823408135466403));
#8785=CARTESIAN_POINT('',(0.0130881691425671,0.109611181386007,0.0823412821077577));
#8786=AXIS2_PLACEMENT_3D('',#9633,#9634,#9635);
#8787=AXIS2_PLACEMENT_3D('',#9636,#9637,#9638);
#8788=CARTESIAN_POINT('',(0.00856073353534614,0.0557925379669508,0.063750049495479));
#8789=AXIS2_PLACEMENT_3D('',#9639,#9640,#9641);
#8790=CARTESIAN_POINT('',(0.00855957642575372,0.0518999405457264,0.07244340068849));
#8791=AXIS2_PLACEMENT_3D('',#9642,#9643,#9644);
#8792=CARTESIAN_POINT('',(0.00805951984788054,0.0520891184953608,0.0729061696614105));
#8793=AXIS2_PLACEMENT_3D('',#9645,#9646,#9647);
#8794=AXIS2_PLACEMENT_3D('',#9648,#9649,#9650);
#8795=CARTESIAN_POINT('',(-0.00744048002502816,0.0520893148730591,0.0729041944991478));
#8796=VECTOR('',#9651,0.999999999999999);
#8797=CARTESIAN_POINT('',(0.00108799836066445,0.111887242794701,0.0839461016206707));
#8798=VECTOR('',#9652,1.0);
#8799=CARTESIAN_POINT('',(0.0120879693008249,0.111902258590467,0.0839257585259435));
#8800=VECTOR('',#9653,1.0);
#8801=CARTESIAN_POINT('',(0.0080608986604452,0.0570279355635995,0.0630105204165744));
#8802=CARTESIAN_POINT('',(0.00806076080117904,0.0562637876914291,0.0635828656614467));
#8803=CARTESIAN_POINT('',(0.00806076975960051,0.056254139459532,0.0635556596895766));
#8804=CARTESIAN_POINT('',(0.00806077893086181,0.0562467834124609,0.0635273827553472));
#8805=CARTESIAN_POINT('',(0.00806080431420853,0.0562334271583427,0.0634479412721259));
#8806=CARTESIAN_POINT('',(0.00806082037582491,0.0562327827513036,0.0633963591002957));
#8807=CARTESIAN_POINT('',(0.00806084540095115,0.0562444757163253,0.0633138523825164));
#8808=CARTESIAN_POINT('',(0.00806085477823861,0.0562520762233182,0.0632823938366821));
#8809=CARTESIAN_POINT('',(0.00806087251204791,0.0562730700871681,0.0632217863794729));
#8810=CARTESIAN_POINT('',(0.00806088083006099,0.0562863521972825,0.0631927801328768));
#8811=CARTESIAN_POINT('',(0.00806089832112353,0.056322498481761,0.0631304023559663));
#8812=CARTESIAN_POINT('',(0.00806090712011649,0.0563469365996071,0.0630979696026356));
#8813=CARTESIAN_POINT('',(0.00806091970866352,0.0563934312338581,0.0630496268861152));
#8814=CARTESIAN_POINT('',(0.00806092420520562,0.0564136516056624,0.0630317508335796));
#8815=CARTESIAN_POINT('',(0.00806093204106111,0.0564571128346818,0.0629992143823246));
#8816=CARTESIAN_POINT('',(0.00806093535114528,0.0564802638654027,0.0629846631773313));
#8817=CARTESIAN_POINT('',(0.00806094219872222,0.056542949249686,0.062952070084857));
#8818=CARTESIAN_POINT('',(0.00806094468258693,0.0565837125435504,0.0629372121176728));
#8819=CARTESIAN_POINT('',(0.00806094627157169,0.0566771950977014,0.0629163566217006));
#8820=CARTESIAN_POINT('',(0.00806094453943773,0.0567298381149572,0.0629130664445746));
#8821=CARTESIAN_POINT('',(0.00806093586928332,0.0568362836054841,0.0629230448171406));
#8822=CARTESIAN_POINT('',(0.00806092855479671,0.0568905984312551,0.0629374386621875));
#8823=CARTESIAN_POINT('',(0.00806091307369026,0.0569711164531801,0.0629737025220354));
#8824=CARTESIAN_POINT('',(0.00806090623002578,0.057000600838571,0.06299076237807));
#8825=CARTESIAN_POINT('',(0.0080608986604452,0.0570279355635995,0.0630105204165743));
#8826=CARTESIAN_POINT('',(-0.00743915680097181,0.0570291393402801,0.0630113863412019));
#8827=VECTOR('',#9654,1.0);
#8828=CARTESIAN_POINT('',(0.00856089917708902,0.0563261173028231,0.0625032334954264));
#8829=CARTESIAN_POINT('',(0.0080608986604452,0.0570279355635995,0.0630105204165744));
#8830=CARTESIAN_POINT('',(0.00806265928031253,0.0570265088528906,0.0630094891644914));
#8831=CARTESIAN_POINT('',(0.00806182301749313,0.057027186541879,0.0630099790102439));
#8832=CARTESIAN_POINT('',(0.0081579295078355,0.0569493055541257,0.0629536852357985));
#8833=CARTESIAN_POINT('',(0.00825529484117496,0.0568703653495553,0.0628966258404317));
#8834=CARTESIAN_POINT('',(0.00840428778277773,0.0567142340645849,0.0627837713362398));
#8835=CARTESIAN_POINT('',(0.0084694073744817,0.0566321402682939,0.0627244324584683));
#8836=CARTESIAN_POINT('',(0.00854745791628299,0.0564599795328219,0.0625999915555194));
#8837=CARTESIAN_POINT('',(0.00856089420226444,0.0563887416976142,0.0625484995507348));
#8838=CARTESIAN_POINT('',(0.00856089917708905,0.0563261173041182,0.0625032334953124));
#8839=CARTESIAN_POINT('',(0.00856089917559632,0.0563260781105512,0.0625032413127453));
#8840=CARTESIAN_POINT('',(0.00856089794228702,0.0563084108319082,0.062511163109719));
#8841=CARTESIAN_POINT('',(0.00856089664488949,0.0562909508369336,0.0625196084451558));
#8842=CARTESIAN_POINT('',(0.00856089147829332,0.0562254898276869,0.0625536447159749));
#8843=CARTESIAN_POINT('',(0.00856088718315303,0.0561791877660646,0.0625827471258316));
#8844=CARTESIAN_POINT('',(0.00856087778965792,0.0560922653075381,0.0626478200279909));
#8845=CARTESIAN_POINT('',(0.0085608727214083,0.0560518245636248,0.0626835721328427));
#8846=CARTESIAN_POINT('',(0.00856085922267037,0.0559588352942158,0.0627802575652312));
#8847=CARTESIAN_POINT('',(0.00856085033763141,0.0559099590578469,0.0628451230714058));
#8848=CARTESIAN_POINT('',(0.0085608335241404,0.0558376664874789,0.0629698786242118));
#8849=CARTESIAN_POINT('',(0.00856082579506247,0.0558111022665584,0.0630278911169065));
#8850=CARTESIAN_POINT('',(0.00856080981670259,0.0557691145373449,0.0631491060302361));
#8851=CARTESIAN_POINT('',(0.00856080160659902,0.0557539135225401,0.0632120231213156));
#8852=CARTESIAN_POINT('',(0.00856078028267735,0.0557305275902657,0.0633770365552694));
#8853=CARTESIAN_POINT('',(0.00856076715279194,0.055731816402869,0.0634802008978686));
#8854=CARTESIAN_POINT('',(0.0085607472447985,0.0557585289087088,0.0636390838625875));
#8855=CARTESIAN_POINT('',(0.00856074022454435,0.0557732410019717,0.0636956377304137));
#8856=CARTESIAN_POINT('',(0.00856073353531708,0.055792537464894,0.0637500496735266));
#8857=CARTESIAN_POINT('',(0.00856117831040053,0.0528123136799916,0.0599633920579123));
#8858=CARTESIAN_POINT('',(0.00855982467504172,0.0698522320053847,0.072280156249168));
#8859=VECTOR('',#9655,1.0);
#8860=CARTESIAN_POINT('',(0.0085611741026104,0.052789371768485,0.0599941315408705));
#8861=VECTOR('',#9656,1.0);
#8862=AXIS2_PLACEMENT_3D('',#9657,#9658,#9659);
#8863=AXIS2_PLACEMENT_3D('',#9660,#9661,#9662);
#8864=CARTESIAN_POINT('',(0.00354461080706674,0.052812045708378,0.0599631970079734));
#8865=VECTOR('',#9663,1.0);
#8866=DIRECTION('',(0.999999991800562,-1.26695289235179E-05,0.000127429823403553));
#8867=CARTESIAN_POINT('',(0.0170103571876944,0.0492892652030014,0.0660573863784136));
#8868=DIRECTION('',(0.999999991800561,-1.26695289235179E-05,0.000127429823403553));
#8869=DIRECTION('',(3.74962974941227E-06,0.997564060204477,0.0697563314280423));
#8870=DIRECTION('',(-0.999999991800562,1.26695289235179E-05,-0.000127429823403553));
#8871=CARTESIAN_POINT('',(0.0205602292974119,0.0492892202277936,0.0660578387379934));
#8872=DIRECTION('',(-0.999999991800561,1.26695289235183E-05,-0.000127429823403553));
#8873=DIRECTION('',(3.7496297494127E-06,0.997564060204477,0.0697563314280423));
#8874=DIRECTION('',(-0.99999967637279,0.000652152317564536,0.000471117469149322));
#8875=CARTESIAN_POINT('',(0.0205580705454032,0.094283952951975,0.0874720884462573));
#8876=DIRECTION('',(0.999999991800562,-1.26695289235183E-05,0.000127429823403553));
#8877=DIRECTION('',(-7.7829651071903E-05,0.730088320959991,0.683352791419166));
#8878=DIRECTION('',(-0.99999967637279,0.000652152317564536,0.000471117469149322));
#8879=CARTESIAN_POINT('',(-0.00744193113379633,0.0943022132238714,0.0874852797404537));
#8880=DIRECTION('',(-0.999999991800562,1.26695289235183E-05,-0.000127429823403553));
#8881=DIRECTION('',(-7.7829651071903E-05,0.730088320959991,0.683352791419166));
#8882=DIRECTION('',(-0.999999991800562,1.26695289235183E-05,-0.000127429823403553));
#8883=CARTESIAN_POINT('',(0.00805946326590765,0.0522782901102308,0.0733690023492427));
#8884=DIRECTION('',(0.999999991800561,-1.26695289235183E-05,0.000127429823403553));
#8885=DIRECTION('',(-0.000113163945787367,0.378343229739955,0.925665375664371));
#8886=DIRECTION('',(-0.999999991800562,1.26695289234332E-05,-0.000127429823403305));
#8887=CARTESIAN_POINT('',(-0.00744066446817554,0.052278486489549,0.0733670271706866));
#8888=DIRECTION('',(0.999999991800561,-1.26695289235183E-05,0.000127429823403553));
#8889=DIRECTION('',(-1.62571137839177E-05,-0.999602500042693,0.0281929360674782));
#8890=DIRECTION('',(0.000756897205694262,0.564140132629499,0.825678713461472));
#8891=CARTESIAN_POINT('',(0.0120863517091151,0.10825325496245,0.0803576605545781));
#8892=DIRECTION('',(-0.000756897205694441,-0.564140132629498,-0.825678713461472));
#8893=DIRECTION('',(0.705570197079265,0.584807716678744,-0.400213232548002));
#8894=DIRECTION('',(0.000756897205694261,0.564140132629499,0.825678713461472));
#8895=CARTESIAN_POINT('',(0.0120881717843707,0.109609816313665,0.0823431314800058));
#8896=DIRECTION('',(0.000756897205694309,0.564140132629499,0.825678713461472));
#8897=DIRECTION('',(0.705570197079265,0.584807716678744,-0.400213232548002));
#8898=DIRECTION('',(-0.000756897205694345,-0.564140132629499,-0.825678713461472));
#8899=CARTESIAN_POINT('',(0.00108820084421029,0.109594800517899,0.082363474574733));
#8900=DIRECTION('',(-0.000756897205694282,-0.564140132629499,-0.825678713461472));
#8901=DIRECTION('',(-0.708639629219352,0.582877212858566,-0.397597825233098));
#8902=DIRECTION('',(-0.000756897205694354,-0.564140132629499,-0.825678713461472));
#8903=CARTESIAN_POINT('',(0.00108638076895469,0.108238239166684,0.0803780036493053));
#8904=DIRECTION('',(-0.000756897205694441,-0.564140132629498,-0.825678713461472));
#8905=DIRECTION('',(-0.708639629219354,0.582877212858564,-0.397597825233096));
#8906=DIRECTION('',(0.000756897205694237,0.564140132629499,0.825678713461472));
#8907=CARTESIAN_POINT('',(0.0171000121226652,0.103058309352781,0.0839024806304329));
#8908=DIRECTION('',(0.00075689720569446,0.564140132629498,0.825678713461472));
#8909=DIRECTION('',(0.999997358196405,0.00136507234235274,-0.00184937224793271));
#8910=DIRECTION('',(-0.000756897205694237,-0.564140132629499,-0.825678713461472));
#8911=CARTESIAN_POINT('',(0.0171032703026117,0.105486736955992,0.0874567411114379));
#8912=DIRECTION('',(-0.000756897205694234,-0.564140132629499,-0.825678713461472));
#8913=DIRECTION('',(-0.999997358196405,-0.00136507234235479,0.00184937224793385));
#8914=DIRECTION('',(0.000756897205694237,0.564140132629499,0.825678713461472));
#8915=CARTESIAN_POINT('',(-0.00389993239945928,0.103029642833592,0.0839413174476395));
#8916=DIRECTION('',(0.00075689720569446,0.564140132629498,0.825678713461472));
#8917=DIRECTION('',(0.999997358196405,0.00136507234235274,-0.00184937224793271));
#8918=DIRECTION('',(-0.000756897205694237,-0.564140132629499,-0.825678713461472));
#8919=CARTESIAN_POINT('',(-0.00389667421951286,0.105458070436803,0.0874955779286445));
#8920=DIRECTION('',(-0.000756897205694234,-0.564140132629499,-0.825678713461472));
#8921=DIRECTION('',(-0.999997358196405,-0.00136507234235479,0.00184937224793385));
#8922=DIRECTION('',(-0.000756897205694234,-0.564140132629499,-0.825678713461472));
#8923=CARTESIAN_POINT('',(0.0140856467929988,0.112786515895653,0.0833197636495096));
#8924=DIRECTION('',(0.000756897205694203,0.564140132629499,0.825678713461472));
#8925=DIRECTION('',(0.708639629219347,-0.58287721285857,0.397597825233101));
#8926=DIRECTION('',(-0.000756897205694243,-0.564140132629499,-0.825678713461472));
#8927=CARTESIAN_POINT('',(0.0140844357574697,0.111883891683446,0.0819986777079708));
#8928=DIRECTION('',(0.000756897205694197,0.564140132629499,0.825678713461472));
#8929=DIRECTION('',(0.708639629219357,-0.582877212858562,0.397597825233095));
#8930=DIRECTION('',(-0.000756897205694234,-0.564140132629499,-0.825678713461472));
#8931=CARTESIAN_POINT('',(0.0140889024174198,0.111547998997706,0.0841659700631036));
#8932=DIRECTION('',(-0.000756897205694256,-0.564140132629499,-0.825678713461472));
#8933=DIRECTION('',(-0.708639629219354,0.582877212858564,-0.397597825233097));
#8934=DIRECTION('',(0.000756897205694243,0.564140132629499,0.825678713461472));
#8935=CARTESIAN_POINT('',(0.0140876913818906,0.110645374785498,0.0828448841215647));
#8936=DIRECTION('',(-0.000756897205694203,-0.564140132629499,-0.825678713461472));
#8937=DIRECTION('',(-0.527912345121713,0.701473531069414,-0.478793735419649));
#8938=DIRECTION('',(0.000756897205694345,0.564140132629499,0.825678713461472));
#8939=CARTESIAN_POINT('',(-0.000912268991055437,0.110624898700363,0.0828726247052837));
#8940=DIRECTION('',(-0.000756897205694229,-0.564140132629499,-0.825678713461472));
#8941=DIRECTION('',(0.524220716378187,0.702909772606394,-0.480739526245105));
#8942=DIRECTION('',(0.000756897205694354,0.564140132629499,0.825678713461472));
#8943=CARTESIAN_POINT('',(-0.000911057955526325,0.11152752291257,0.0841937106468224));
#8944=DIRECTION('',(-0.000756897205694229,-0.564140132629499,-0.825678713461472));
#8945=DIRECTION('',(0.705570197079268,0.584807716678741,-0.400213232548001));
#8946=DIRECTION('',(-0.000756897205694237,-0.564140132629499,-0.825678713461472));
#8947=CARTESIAN_POINT('',(-0.00295767040232182,0.112763250473265,0.0833512831706117));
#8948=DIRECTION('',(0.000756897205694282,0.564140132629499,0.825678713461472));
#8949=DIRECTION('',(-0.70557019707927,-0.584807716678739,0.400213232547999));
#8950=DIRECTION('',(-0.00075689720569424,-0.564140132629499,-0.825678713461472));
#8951=CARTESIAN_POINT('',(-0.00295888143785091,0.111860626261058,0.0820301972290728));
#8952=DIRECTION('',(-0.000756897205678793,-0.564140132629486,-0.825678713461481));
#8953=DIRECTION('',(-0.70557019707927,-0.584807716678752,0.400213232547982));
#8954=DIRECTION('',(-0.706569706002503,0.397942061411702,0.585150721027447));
#8955=CARTESIAN_POINT('',(-0.00389667421951286,0.105458070436803,0.0874955779286445));
#8956=DIRECTION('',(-0.000756897205694234,-0.564140132629499,-0.825678713461472));
#8957=DIRECTION('',(-0.999997358196405,-0.00136507234235479,0.00184937224793385));
#8958=DIRECTION('',(-0.707640120296117,-0.399872565231881,-0.582535313712544));
#8959=CARTESIAN_POINT('',(-0.00389614439146887,0.105852968529644,0.0880735530280675));
#8960=DIRECTION('',(0.000756897205694234,0.564140132629499,0.825678713461472));
#8961=DIRECTION('',(-0.999997358196405,-0.001365072342354,0.0018493722479333));
#8962=CARTESIAN_POINT('',(-0.00389614439146887,0.105852968529644,0.0880735530280675));
#8963=DIRECTION('',(0.000756897205694234,0.564140132629499,0.825678713461472));
#8964=DIRECTION('',(-0.999997358196405,-0.001365072342354,0.0018493722479333));
#8965=DIRECTION('',(-0.706569706002504,0.397942061411708,0.585150721027442));
#8966=CARTESIAN_POINT('',(0.0171032703026117,0.105486736955992,0.0874567411114379));
#8967=DIRECTION('',(-0.000756897205694234,-0.564140132629499,-0.825678713461472));
#8968=DIRECTION('',(-0.999997358196405,-0.00136507234235479,0.00184937224793385));
#8969=DIRECTION('',(-0.707640120296118,-0.399872565231886,-0.58253531371254));
#8970=CARTESIAN_POINT('',(0.0171038001306556,0.105881635048833,0.0880347162108609));
#8971=DIRECTION('',(0.000756897205694234,0.564140132629499,0.825678713461472));
#8972=DIRECTION('',(-0.999997358196405,-0.001365072342354,0.0018493722479333));
#8973=CARTESIAN_POINT('',(0.0171038001306556,0.105881635048833,0.0880347162108609));
#8974=DIRECTION('',(0.000756897205694234,0.564140132629499,0.825678713461472));
#8975=DIRECTION('',(-0.999997358196405,-0.001365072342354,0.0018493722479333));
#8976=DIRECTION('',(0.999999991800562,-1.26695289235183E-05,0.000127429823403553));
#8977=CARTESIAN_POINT('',(-0.00743977047300382,0.0492895749746035,0.0660542707029381));
#8978=DIRECTION('',(-0.999999991800562,1.26695289234305E-05,-0.000127429823403538));
#8979=DIRECTION('',(-2.37275685542073E-05,-0.996194690941844,0.0871558212415339));
#8980=CARTESIAN_POINT('',(0.00806035726107937,0.0492893785952852,0.0660562458814942));
#8981=DIRECTION('',(-0.999999991800562,1.26695289235183E-05,-0.000127429823403553));
#8982=DIRECTION('',(-4.05126500664363E-05,0.912685051161397,0.408663670694184));
#8983=DIRECTION('',(-0.707109426777292,-0.705375352928755,-0.0494152814757197));
#8984=CARTESIAN_POINT('',(0.00856035725697965,0.0492893722605208,0.0660563095964059));
#8985=DIRECTION('',(-0.999999991800562,1.26695289235183E-05,-0.000127429823403553));
#8986=DIRECTION('',(3.74962974941271E-06,0.997564060204477,0.0697563314280423));
#8987=DIRECTION('',(0.707104124000046,-0.705393270348387,-0.0492350684912115));
#8988=CARTESIAN_POINT('',(0.00806035726107937,0.0492893785952852,0.0660562458814942));
#8989=DIRECTION('',(0.999999991800562,-1.26695289235183E-05,0.000127429823403553));
#8990=DIRECTION('',(3.74962974941275E-06,0.997564060204477,0.069756331428042));
#8991=DIRECTION('',(0.999997358196405,0.00136507234235247,-0.00184937224793229));
#8992=CARTESIAN_POINT('',(0.00108494521978932,0.110833317415847,0.0815172681611391));
#8993=DIRECTION('',(-0.999997358196405,-0.00136507234235159,0.00184937224793128));
#8994=DIRECTION('',(0.00217041628064396,-0.825677931965166,0.564137609062626));
#8995=DIRECTION('',(0.999997358196405,0.00136507234235247,-0.00184937224793228));
#8996=CARTESIAN_POINT('',(0.0120849161599498,0.110848333211612,0.0814969250664119));
#8997=DIRECTION('',(0.999997358196405,0.00136507234235374,-0.00184937224793353));
#8998=DIRECTION('',(0.000756897205694572,0.564140132629498,0.825678713461472));
#8999=CARTESIAN_POINT('',(-0.00295888143785094,0.111860626261058,0.0820301972290728));
#9000=DIRECTION('',(0.00206992321685082,-0.18493515144686,0.982748546260539));
#9001=DIRECTION('',(-5.6105381214696E-20,-0.982750651600731,-0.184935547633055));
#9002=CARTESIAN_POINT('',(-0.00295888143785091,0.111860626261058,0.0820301972290728));
#9003=DIRECTION('',(-0.000756897205678793,-0.564140132629486,-0.825678713461481));
#9004=DIRECTION('',(-0.70557019707927,-0.584807716678752,0.400213232547982));
#9005=CARTESIAN_POINT('',(-0.00295888143785092,0.111860626261058,0.0820301972290728));
#9006=DIRECTION('',(0.999997358196405,0.00136507234235399,-0.00184937224793333));
#9007=DIRECTION('',(0.000999508923235696,-0.98274977809045,-0.184937488479441));
#9008=DIRECTION('',(0.999997358196405,0.00136507234235399,-0.00184937224793333));
#9009=DIRECTION('',(0.999997358196405,0.00136507234235399,-0.00184937224793333));
#9010=CARTESIAN_POINT('',(-0.00091552461547641,0.111863415598311,0.0820264182916897));
#9011=DIRECTION('',(-0.999997358196405,-0.00136507234235397,0.00184937224793312));
#9012=DIRECTION('',(-0.0007568972056941,-0.564140132629498,-0.825678713461472));
#9013=DIRECTION('',(0.999999991800562,-1.26695289235175E-05,0.00012742982340356));
#9014=CARTESIAN_POINT('',(0.00256035730617628,0.0492894482776943,0.0660555450174655));
#9015=DIRECTION('',(0.999999991800562,-1.26695289235174E-05,0.000127429823403546));
#9016=DIRECTION('',(-3.74962974941227E-06,-0.997564060204477,-0.0697563314280423));
#9017=DIRECTION('',(-0.999999991800562,1.26695289235175E-05,-0.00012742982340356));
#9018=CARTESIAN_POINT('',(0.0149603572045033,0.0492892911755356,0.0660571251472757));
#9019=DIRECTION('',(0.999999991800561,-1.26695289235175E-05,0.00012742982340356));
#9020=DIRECTION('',(-3.7496297494114E-06,-0.997564060204477,-0.0697563314280423));
#9021=CARTESIAN_POINT('',(0.0149603572045033,0.0492892911755356,0.0660571251472757));
#9022=DIRECTION('',(0.999999991800561,-1.26695289235175E-05,0.00012742982340356));
#9023=DIRECTION('',(-3.7496297494114E-06,-0.997564060204477,-0.0697563314280423));
#9024=DIRECTION('',(-0.999999991800562,1.26695289235179E-05,-0.000127429823403553));
#9025=CARTESIAN_POINT('',(0.00806035726107937,0.0492893785952852,0.0660562458814942));
#9026=DIRECTION('',(0.999999991800562,-1.26695289235183E-05,0.000127429823403553));
#9027=DIRECTION('',(3.74962974941275E-06,0.997564060204477,0.069756331428042));
#9028=DIRECTION('',(0.999999991800562,-1.26695289235179E-05,0.000127429823403553));
#9029=CARTESIAN_POINT('',(0.00316035730125662,0.049289440675977,0.0660556214753595));
#9030=DIRECTION('',(-0.999999991800561,1.26695289235174E-05,-0.000127429823403546));
#9031=DIRECTION('',(3.74962974941214E-06,0.997564060204477,0.0697563314280433));
#9032=DIRECTION('',(-0.707109426777292,-0.705375352928755,-0.0494152814757164));
#9033=CARTESIAN_POINT('',(0.00316035730125662,0.049289440675977,0.0660556214753595));
#9034=DIRECTION('',(-0.999999991800561,1.26695289235174E-05,-0.000127429823403546));
#9035=DIRECTION('',(3.74962974941214E-06,0.997564060204477,0.0697563314280433));
#9036=DIRECTION('',(0.707104124000046,-0.705393270348388,-0.0492350684912136));
#9037=CARTESIAN_POINT('',(0.00256035730617629,0.0492894482776943,0.0660555450174654));
#9038=DIRECTION('',(0.999999991800561,-1.26695289235174E-05,0.000127429823403546));
#9039=DIRECTION('',(3.74962974941227E-06,0.997564060204477,0.0697563314280423));
#9040=DIRECTION('',(-0.99999967637279,0.000652152317564342,0.000471117469149181));
#9041=CARTESIAN_POINT('',(0.020557609087277,0.092759184662213,0.0909417630852086));
#9042=DIRECTION('',(-0.999999991800562,1.26695289235183E-05,-0.000127429823403553));
#9043=DIRECTION('',(-7.78296510981288E-05,0.730088320783759,0.683352791607451));
#9044=DIRECTION('',(-0.99999967637279,0.000652152317564342,0.000471117469149181));
#9045=CARTESIAN_POINT('',(-0.00744239259192257,0.0927774449341094,0.0909549543794049));
#9046=DIRECTION('',(0.999999991800562,-1.26695289235183E-05,0.000127429823403553));
#9047=DIRECTION('',(-7.78296510981288E-05,0.730088320783759,0.683352791607451));
#9048=DIRECTION('',(0.999999991800562,-1.26695289235183E-05,0.000127429823403553));
#9049=CARTESIAN_POINT('',(0.00856035725697965,0.0492893722605208,0.0660563095964059));
#9050=DIRECTION('',(-0.999999991800562,1.26695289235183E-05,-0.000127429823403553));
#9051=DIRECTION('',(2.37275685542961E-05,0.996194690941844,-0.0871558212415338));
#9052=DIRECTION('',(-0.999999991800562,1.26695289237249E-05,-0.000127429823403398));
#9053=CARTESIAN_POINT('',(0.0205602292974119,0.0492892202277936,0.0660578387379934));
#9054=DIRECTION('',(0.999999991800561,-1.26695289235183E-05,0.000127429823403553));
#9055=DIRECTION('',(2.37275685542961E-05,0.996194690941844,-0.0871558212415338));
#9056=CARTESIAN_POINT('',(0.0165588615762855,0.0588979852296147,0.0777460511500171));
#9057=DIRECTION('',(-7.0990594523555E-06,-0.99904822151709,-0.0436193882710672));
#9058=DIRECTION('',(0.000127861175540883,0.0436193870087808,-0.999048213415398));
#9059=CARTESIAN_POINT('',(0.017558605845735,0.0588107337860682,0.0797442750066713));
#9060=DIRECTION('',(-0.999999991800561,1.26695289235183E-05,-0.000127429823403553));
#9061=DIRECTION('',(0.000108979205271745,-0.438371219662742,-0.898794004149412));
#9062=CARTESIAN_POINT('',(0.0165586648695494,0.0569197092517311,0.0790930114235654));
#9063=DIRECTION('',(-0.000124612062632676,-0.325568077731956,0.945518593806464));
#9064=DIRECTION('',(0.999999991800562,-1.2669528927048E-05,0.000127429823402332));
#9065=CARTESIAN_POINT('',(0.0165586648695494,0.0569197092517311,0.0790930114235654));
#9066=DIRECTION('',(-0.000124612062632676,-0.325568077731956,0.945518593806464));
#9067=DIRECTION('',(0.999999991800562,-1.2669528927048E-05,0.000127429823402332));
#9068=CARTESIAN_POINT('',(0.0165586058539344,0.0588107464555971,0.0797441475768479));
#9069=DIRECTION('',(0.999999991800561,-1.26695289235183E-05,0.000127429823403553));
#9070=DIRECTION('',(0.000108979205271745,-0.438371219662742,-0.898794004149412));
#9071=CARTESIAN_POINT('',(0.0165586058539344,0.0588107464555971,0.0797441475768479));
#9072=DIRECTION('',(0.999999991800561,-1.26695289235183E-05,0.000127429823403553));
#9073=DIRECTION('',(0.000108979205271745,-0.438371219662742,-0.898794004149412));
#9074=DIRECTION('',(2.95078074792619E-05,-0.945518601933035,-0.325568076641257));
#9075=CARTESIAN_POINT('',(0.0165586008771376,0.0676072421286014,0.0806577818428221));
#9076=DIRECTION('',(4.74573472111317E-05,-0.887573957655614,-0.46066524444476));
#9077=DIRECTION('',(-0.000118939804303079,-0.460665246715045,0.887573949776744));
#9078=DIRECTION('',(2.95078074792619E-05,-0.945518601933035,-0.325568076641257));
#9079=CARTESIAN_POINT('',(0.0165588550780597,0.059461882611061,0.077853110389235));
#9080=DIRECTION('',(2.95078074792619E-05,-0.945518601933036,-0.325568076641257));
#9081=DIRECTION('',(0.999999991800562,-1.26695289227422E-05,0.000127429823401299));
#9082=DIRECTION('',(6.43813893383223E-05,-0.810449881391923,-0.585807976735428));
#9083=CARTESIAN_POINT('',(0.0165578738643294,0.0767590707890803,0.0872728907522302));
#9084=DIRECTION('',(6.43813893383611E-05,-0.81044988139192,-0.585807976735432));
#9085=DIRECTION('',(0.999999991800562,-1.2669528921655E-05,0.00012742982340104));
#9086=DIRECTION('',(6.43813893383223E-05,-0.810449881391923,-0.585807976735428));
#9087=CARTESIAN_POINT('',(0.0165573303287477,0.0751487312667085,0.0913781568512816));
#9088=DIRECTION('',(-7.0990594523555E-06,-0.99904822151709,-0.0436193882710672));
#9089=DIRECTION('',(-0.000127861175540883,-0.0436193870087808,0.999048213415398));
#9090=CARTESIAN_POINT('',(0.0165575860510988,0.075235970040726,0.0893800604244508));
#9091=DIRECTION('',(0.999999991800561,-1.26695289235183E-05,0.000127429823403553));
#9092=DIRECTION('',(-0.000110724420681338,0.414379529012082,0.910104166387468));
#9093=DIRECTION('',(0.00011069739636808,0.58580798013624,-0.810449873931007));
#9094=CARTESIAN_POINT('',(0.0165575486802287,0.0773405136027659,0.0898825679508848));
#9095=DIRECTION('',(0.000126345635576902,-0.0645792407036334,-0.997912574180185));
#9096=DIRECTION('',(-2.08724034606835E-05,-0.997912582098064,0.0645792385733802));
#9097=CARTESIAN_POINT('',(0.016557523706758,0.0772083545915916,0.090065406453563));
#9098=DIRECTION('',(0.00011069739636808,0.58580798013624,-0.810449873931007));
#9099=DIRECTION('',(0.999999991800562,-1.26695289218152E-05,0.000127429823404784));
#9100=DIRECTION('',(-6.43813893383223E-05,0.810449881391923,0.585807976735428));
#9101=CARTESIAN_POINT('',(0.0165586490176639,0.0677920801974193,0.080298378419695));
#9102=DIRECTION('',(-4.74573472111307E-05,0.887573957655617,0.460665244444754));
#9103=DIRECTION('',(-0.00011893980433732,-0.460665246715039,0.887573949776747));
#9104=CARTESIAN_POINT('',(0.0165586490176639,0.0677920801974193,0.080298378419695));
#9105=DIRECTION('',(-4.74573472111307E-05,0.887573957655617,0.460665244444754));
#9106=DIRECTION('',(-0.00011893980433732,-0.460665246715039,0.887573949776747));
#9107=DIRECTION('',(-6.43813893383223E-05,0.810449881391923,0.585807976735428));
#9108=CARTESIAN_POINT('',(0.0165574505128921,0.0828791738468522,0.091203605267792));
#9109=DIRECTION('',(0.00012143189331408,0.409764772849443,-0.912191216898047));
#9110=DIRECTION('',(-4.06592196354357E-05,0.912191224892636,0.409764771028086));
#9111=DIRECTION('',(-0.000124612062632681,-0.325568077731956,0.945518593806464));
#9112=DIRECTION('',(-0.000124612062632681,-0.325568077731956,0.945518593806464));
#9113=DIRECTION('',(-2.9507807479262E-05,0.945518601933035,0.325568076641257));
#9114=DIRECTION('',(-2.9507807479262E-05,0.945518601933035,0.325568076641257));
#9115=DIRECTION('',(6.80411868396535E-05,-0.790440608155272,-0.612538684777966));
#9116=CARTESIAN_POINT('',(0.0185586606227858,0.056908631437834,0.0791253650090482));
#9117=DIRECTION('',(-6.80411868095919E-05,0.790440608155276,0.612538684777961));
#9118=DIRECTION('',(-0.999999991800561,1.26695289175615E-05,-0.00012742982334679));
#9119=DIRECTION('',(6.80411868396535E-05,-0.790440608155272,-0.612538684777966));
#9120=CARTESIAN_POINT('',(0.0185591752160873,0.0509305546131176,0.0744927546928103));
#9121=DIRECTION('',(6.8041186820923E-05,-0.790440608155269,-0.61253868477797));
#9122=DIRECTION('',(-0.000108486283689064,-0.612538688425973,0.79044060081205));
#9123=DIRECTION('',(-0.999999944945755,-0.000268800022634634,-0.000194563703176935));
#9124=CARTESIAN_POINT('',(0.0205560019612166,0.0833006712005509,0.102613215634998));
#9125=DIRECTION('',(0.999999991800562,-1.26695289235183E-05,0.000127429823403553));
#9126=DIRECTION('',(-1.72404182887134E-05,0.97271478027458,0.232004215345636));
#9127=DIRECTION('',(0.999999944945755,0.000268800022634634,0.000194563703176935));
#9128=DIRECTION('',(1.72404182765593E-05,-0.972714780296802,-0.232004215252466));
#9129=CARTESIAN_POINT('',(0.0185574504964932,0.0828791485077944,0.0912038601274389));
#9130=DIRECTION('',(1.72404182765593E-05,-0.972714780296802,-0.232004215252466));
#9131=DIRECTION('',(-0.000126892256792355,-0.232004215547105,0.972714772102659));
#9132=DIRECTION('',(1.72404182765593E-05,-0.972714780296802,-0.232004215252466));
#9133=CARTESIAN_POINT('',(0.0185575488913855,0.0773276494366573,0.0898797605953222));
#9134=DIRECTION('',(-1.72404182765593E-05,0.972714780296802,0.232004215252466));
#9135=DIRECTION('',(-0.999999991800562,1.26695289230337E-05,-0.000127429823401521));
#9136=DIRECTION('',(-0.999999991800562,1.26695289235183E-05,-0.000127429823403553));
#9137=CARTESIAN_POINT('',(0.0165576524695367,0.0755874548288078,0.0888937905000922));
#9138=DIRECTION('',(0.999999991800561,-1.26695289235183E-05,0.000127429823403553));
#9139=DIRECTION('',(3.27503626482259E-05,0.987303402171591,-0.158845808845609));
#9140=DIRECTION('',(-0.999999991800562,1.26695289235183E-05,-0.000127429823403553));
#9141=CARTESIAN_POINT('',(0.00655765255153102,0.075587581524097,0.0888925162018582));
#9142=DIRECTION('',(-0.999999991800561,1.26695289235183E-05,-0.000127429823403553));
#9143=DIRECTION('',(3.27503626482258E-05,0.987303402171591,-0.158845808845608));
#9144=DIRECTION('',(-0.999999991800562,1.26695289235183E-05,-0.000127429823403553));
#9145=DIRECTION('',(-0.999999991800562,1.26695289235183E-05,-0.000127429823403553));
#9146=CARTESIAN_POINT('',(0.00655860593592878,0.0588108731508864,0.0797428732786139));
#9147=DIRECTION('',(-0.999999991800561,1.26695289235183E-05,-0.000127429823403553));
#9148=DIRECTION('',(0.000108979205271745,-0.438371219662734,-0.898794004149416));
#9149=DIRECTION('',(-0.999999991800562,1.26695289235183E-05,-0.000127429823403553));
#9150=CARTESIAN_POINT('',(0.0165585310866968,0.058615405608958,0.0803114587331319));
#9151=DIRECTION('',(0.999999991800561,-1.26695289235183E-05,0.000127429823403553));
#9152=DIRECTION('',(-6.72488637386776E-05,-0.898794010667012,0.438371214687618));
#9153=DIRECTION('',(-0.999999991800562,1.26695289235183E-05,-0.000127429823403553));
#9154=CARTESIAN_POINT('',(0.00655853116869121,0.0586155323042472,0.0803101844348978));
#9155=DIRECTION('',(-0.999999991800561,1.26695289235183E-05,-0.000127429823403553));
#9156=DIRECTION('',(-6.72488637386797E-05,-0.898794010667004,0.438371214687635));
#9157=DIRECTION('',(-0.999999991800562,1.26695289235182E-05,-0.000127429823403553));
#9158=CARTESIAN_POINT('',(0.0205578328713883,0.076087059608107,0.0875280246959124));
#9159=DIRECTION('',(-0.999999991800561,1.26695289235183E-05,-0.000127429823403553));
#9160=DIRECTION('',(-0.000121110604862649,-0.416877285548465,0.908962768283699));
#9161=DIRECTION('',(-0.999999991800562,1.26695289235182E-05,-0.000127429823403553));
#9162=DIRECTION('',(-0.999999991800562,1.26695289235182E-05,-0.000127429823403553));
#9163=CARTESIAN_POINT('',(0.00655783298618045,0.0760872369815119,0.0875262406783847));
#9164=DIRECTION('',(-0.999999991800561,1.26695289235183E-05,-0.000127429823403553));
#9165=DIRECTION('',(-0.000119232094593587,-0.455146939413615,0.890416334826651));
#9166=DIRECTION('',(-0.999999991800562,1.26695289235183E-05,-0.000127429823403553));
#9167=CARTESIAN_POINT('',(0.0165575860510988,0.075235970040726,0.0893800604244508));
#9168=DIRECTION('',(0.999999991800561,-1.26695289235183E-05,0.000127429823403553));
#9169=DIRECTION('',(-0.000110724420681338,0.414379529012082,0.910104166387468));
#9170=DIRECTION('',(-0.999999991800562,1.26695289235183E-05,-0.000127429823403553));
#9171=CARTESIAN_POINT('',(0.0065575861330932,0.0752360967360153,0.0893787861262167));
#9172=DIRECTION('',(-0.707028500509041,0.414237753937343,-0.573164708160649));
#9173=DIRECTION('',(-0.707185050268297,-0.414219836517716,0.572984495176146));
#9174=DIRECTION('',(6.43813893383222E-05,-0.810449881391923,-0.585807976735427));
#9175=CARTESIAN_POINT('',(0.00655761159138771,0.0749156210212395,0.0891471404262467));
#9176=DIRECTION('',(-6.43813893383094E-05,0.810449881391923,0.585807976735427));
#9177=DIRECTION('',(-0.999999991800561,1.26695289216963E-05,-0.00012742982340101));
#9178=DIRECTION('',(6.43813893383222E-05,-0.810449881391923,-0.585807976735427));
#9179=CARTESIAN_POINT('',(0.00655828833795222,0.0663965570716681,0.0829894054070164));
#9180=DIRECTION('',(-4.7457347211127E-05,0.887573957655632,0.460665244444727));
#9181=DIRECTION('',(-0.000118939804337783,-0.460665246715012,0.887573949776761));
#9182=CARTESIAN_POINT('',(0.00655860593592878,0.0588108731508864,0.0797428732786139));
#9183=DIRECTION('',(6.7248863738678E-05,0.89879401066701,-0.438371214687621));
#9184=DIRECTION('',(0.0,-0.438371215678868,-0.898794012699368));
#9185=CARTESIAN_POINT('',(0.00655860593592878,0.0588108731508864,0.0797428732786139));
#9186=DIRECTION('',(-0.000124612062632681,-0.325568077731956,0.945518593806464));
#9187=DIRECTION('',(-0.999999991800561,1.26695289270498E-05,-0.000127429823402337));
#9188=CARTESIAN_POINT('',(0.00655860593592878,0.0588108731508864,0.0797428732786139));
#9189=DIRECTION('',(-0.000124612062632681,-0.325568077731956,0.945518593806464));
#9190=DIRECTION('',(-0.999999991800561,1.26695289270498E-05,-0.000127429823402337));
#9191=CARTESIAN_POINT('',(0.0065585311686912,0.0586155323042472,0.0803101844348978));
#9192=DIRECTION('',(0.000108979205271744,-0.438371219662749,-0.898794004149408));
#9193=DIRECTION('',(-5.90777455556844E-21,-0.898794009486657,0.438371222265899));
#9194=CARTESIAN_POINT('',(0.0065585311686912,0.0586155323042472,0.0803101844348978));
#9195=DIRECTION('',(-2.95078074792621E-05,0.945518601933035,0.325568076641258));
#9196=DIRECTION('',(-0.999999991800561,1.26695289227421E-05,-0.000127429823401298));
#9197=CARTESIAN_POINT('',(0.0065585311686912,0.0586155323042472,0.0803101844348978));
#9198=DIRECTION('',(-2.95078074792621E-05,0.945518601933035,0.325568076641258));
#9199=DIRECTION('',(-0.999999991800561,1.26695289227421E-05,-0.000127429823401298));
#9200=DIRECTION('',(2.95078074792621E-05,-0.945518601933035,-0.325568076641258));
#9201=DIRECTION('',(2.95078074792621E-05,-0.945518601933035,-0.325568076641258));
#9202=DIRECTION('',(-0.000124612062632681,-0.325568077731956,0.945518593806464));
#9203=DIRECTION('',(-0.000124612062632681,-0.325568077731956,0.945518593806464));
#9204=CARTESIAN_POINT('',(0.0065585311686912,0.0586155323042472,0.0803101844348978));
#9205=DIRECTION('',(0.000124612062632681,0.325568077731956,-0.945518593806464));
#9206=DIRECTION('',(2.9507807478707E-05,-0.945518601933035,-0.325568076641257));
#9207=DIRECTION('',(2.95078074792619E-05,-0.945518601933035,-0.325568076641257));
#9208=CARTESIAN_POINT('',(0.00655836048130138,0.0666759751683347,0.0824510443618405));
#9209=DIRECTION('',(-4.74573472111248E-05,0.88757395765564,0.46066524444471));
#9210=DIRECTION('',(0.0001189398043114,0.460665246714995,-0.88757394977677));
#9211=DIRECTION('',(2.95078074792619E-05,-0.945518601933035,-0.325568076641257));
#9212=CARTESIAN_POINT('',(0.00655860593592878,0.0588108731508864,0.0797428732786139));
#9213=DIRECTION('',(-2.95078074792619E-05,0.945518601933035,0.325568076641257));
#9214=DIRECTION('',(0.000124612062634734,0.325568077731956,-0.945518593806464));
#9215=CARTESIAN_POINT('',(0.00655765255153103,0.075587581524097,0.0888925162018582));
#9216=DIRECTION('',(-0.000123799396614903,0.158845811716532,0.987303394491189));
#9217=DIRECTION('',(-3.35558936905682E-21,0.987303402057039,-0.15884581293379));
#9218=CARTESIAN_POINT('',(0.00655765255153103,0.075587581524097,0.0888925162018582));
#9219=DIRECTION('',(6.43813893383223E-05,-0.810449881391922,-0.585807976735428));
#9220=DIRECTION('',(-0.999999991800561,1.26695289216858E-05,-0.000127429823401017));
#9221=CARTESIAN_POINT('',(0.00655765255153103,0.075587581524097,0.0888925162018582));
#9222=DIRECTION('',(6.43813893383223E-05,-0.810449881391922,-0.585807976735428));
#9223=DIRECTION('',(-0.999999991800561,1.26695289216858E-05,-0.000127429823401017));
#9224=DIRECTION('',(6.43813893383223E-05,-0.810449881391923,-0.585807976735428));
#9225=DIRECTION('',(6.43813893383223E-05,-0.810449881391923,-0.585807976735428));
#9226=DIRECTION('',(0.00011069739636808,0.58580798013624,-0.810449873931007));
#9227=DIRECTION('',(0.00011069739636808,0.585807980136239,-0.810449873931007));
#9228=CARTESIAN_POINT('',(0.00655765255153103,0.075587581524097,0.0888925162018582));
#9229=DIRECTION('',(-0.00011069739636808,-0.58580798013624,0.810449873931007));
#9230=DIRECTION('',(-6.43813893403891E-05,0.810449881391923,0.585807976735427));
#9231=DIRECTION('',(-0.999997358196405,-0.00136507234235231,0.00184937224793242));
#9232=CARTESIAN_POINT('',(0.0121182230218528,0.0969807320088947,0.089270641294905));
#9233=DIRECTION('',(0.999997358196405,0.00136507234235247,-0.00184937224793229));
#9234=DIRECTION('',(0.00224648089229727,-0.750772066315142,0.660557535544401));
#9235=DIRECTION('',(-0.999997358196405,-0.00136507234235231,0.00184937224793242));
#9236=CARTESIAN_POINT('',(0.00111825208169238,0.0969657162131288,0.0892909843896323));
#9237=DIRECTION('',(-0.999997358196405,-0.00136507234235281,0.00184937224793266));
#9238=DIRECTION('',(0.00224648089229777,-0.750772066315148,0.660557535544394));
#9239=DIRECTION('',(-0.999997358196405,-0.00136507234235246,0.00184937224793226));
#9240=CARTESIAN_POINT('',(0.0121196965145651,0.098980390686106,0.0915433949704866));
#9241=DIRECTION('',(0.999997358196405,0.00136507234235247,-0.00184937224793229));
#9242=DIRECTION('',(0.00224648089229728,-0.750772066315135,0.660557535544409));
#9243=DIRECTION('',(-0.999997358196405,-0.00136507234235246,0.00184937224793226));
#9244=CARTESIAN_POINT('',(0.00111972557440468,0.0989653748903401,0.0915637380652139));
#9245=DIRECTION('',(-0.999997358196405,-0.00136507234235281,0.00184937224793266));
#9246=DIRECTION('',(0.00224648089229778,-0.750772066315135,0.660557535544409));
#9247=DIRECTION('',(-0.000486748201661887,-0.660559945060546,-0.750773149531732));
#9248=CARTESIAN_POINT('',(0.00111523261262008,0.10046691902297,0.0902426229941251));
#9249=DIRECTION('',(-0.000486748201661898,-0.660559945060543,-0.750773149531735));
#9250=DIRECTION('',(0.00224648089229822,-0.750772066315145,0.660557535544397));
#9251=DIRECTION('',(-0.000486748201661886,-0.660559945060546,-0.750773149531732));
#9252=CARTESIAN_POINT('',(0.00111375911990777,0.0984672603457591,0.0879698693185435));
#9253=DIRECTION('',(0.000486748201661896,0.660559945060543,0.750773149531734));
#9254=DIRECTION('',(-0.999997358196405,-0.00136507234233627,0.0018493722479181));
#9255=DIRECTION('',(-0.000486748201661838,-0.660559945060546,-0.750773149531732));
#9256=CARTESIAN_POINT('',(0.0121152035527806,0.100481934818736,0.0902222798993978));
#9257=DIRECTION('',(-0.000486748201661827,-0.66055994506055,-0.750773149531728));
#9258=DIRECTION('',(0.999997358196405,0.00136507234234351,-0.00184937224792441));
#9259=DIRECTION('',(-0.000486748201661839,-0.660559945060546,-0.750773149531732));
#9260=CARTESIAN_POINT('',(0.0121137300600682,0.098482276141525,0.0879495262238162));
#9261=DIRECTION('',(0.000486748201661837,0.660559945060547,0.750773149531731));
#9262=DIRECTION('',(0.00224648089229734,-0.750772066315142,0.660557535544401));
#9263=DIRECTION('',(-0.00217041628064579,0.825677931965165,-0.564137609062627));
#9264=CARTESIAN_POINT('',(-0.00295888143785094,0.111860626261058,0.0820301972290728));
#9265=DIRECTION('',(0.00217041628064579,-0.825677931965165,0.564137609062627));
#9266=DIRECTION('',(-0.999997358196405,-0.00136507234235433,0.00184937224793051));
#9267=DIRECTION('',(-0.00217041628064579,0.825677931965165,-0.564137609062627));
#9268=CARTESIAN_POINT('',(-0.00296574581652137,0.114471999035657,0.0802459984072302));
#9269=DIRECTION('',(8.23492679146588E-05,0.825678912012041,-0.564140343777336));
#9270=DIRECTION('',(-0.999999710162488,0.000494990346256031,0.000578497620505584));
#9271=DIRECTION('',(-0.00217041628064476,0.825677931965165,-0.564137609062627));
#9272=CARTESIAN_POINT('',(0.014084435758083,0.1118838916831,0.0819986777074629));
#9273=DIRECTION('',(0.00217041628064476,-0.825677931965165,0.564137609062627));
#9274=DIRECTION('',(-0.000756897205696052,-0.564140132629499,-0.825678713461472));
#9275=DIRECTION('',(-0.00217041628064476,0.825677931965165,-0.564137609062627));
#9276=CARTESIAN_POINT('',(0.0140776547121208,0.11446356271514,0.0802361388386824));
#9277=DIRECTION('',(8.23492679146588E-05,0.825678912012041,-0.564140343777336));
#9278=DIRECTION('',(0.999999710162583,-0.000494990275635506,-0.000578497517144981));
#9279=DIRECTION('',(0.707104124000047,-0.705393270348387,-0.0492350684912116));
#9280=CARTESIAN_POINT('',(0.0149603572045033,0.0492892911755356,0.0660571251472757));
#9281=DIRECTION('',(0.999999991800561,-1.26695289235175E-05,0.00012742982340356));
#9282=DIRECTION('',(-3.7496297494114E-06,-0.997564060204477,-0.0697563314280423));
#9283=DIRECTION('',(-0.707109426777292,-0.705375352928755,-0.0494152814757197));
#9284=CARTESIAN_POINT('',(0.0170103571876944,0.0492892652030014,0.0660573863784136));
#9285=DIRECTION('',(0.999999991800561,-1.26695289235179E-05,0.000127429823403553));
#9286=DIRECTION('',(3.74962974941227E-06,0.997564060204477,0.0697563314280423));
#9287=CARTESIAN_POINT('',(0.0205578328713883,0.076087059608107,0.0875280246959124));
#9288=DIRECTION('',(-0.999999991800561,1.26695289235183E-05,-0.000127429823403553));
#9289=DIRECTION('',(-0.000121110604862649,-0.416877285548465,0.908962768283699));
#9290=DIRECTION('',(6.43813893383223E-05,-0.810449881391923,-0.585807976735428));
#9291=DIRECTION('',(-2.95078074792621E-05,0.945518601933035,0.325568076641258));
#9292=DIRECTION('',(-6.80411868395677E-05,0.790440608155272,0.612538684777966));
#9293=CARTESIAN_POINT('',(0.0205602292974119,0.0492892202277936,0.0660578387379934));
#9294=DIRECTION('',(0.999999991800561,-1.26695289235183E-05,0.000127429823403553));
#9295=DIRECTION('',(2.37275685542961E-05,0.996194690941844,-0.0871558212415338));
#9296=DIRECTION('',(0.000109701169057657,0.598117880044164,-0.801408129193315));
#9297=DIRECTION('',(6.43813893383224E-05,-0.810449881391923,-0.585807976735428));
#9298=CARTESIAN_POINT('',(0.0205580705454032,0.094283952951975,0.0874720884462573));
#9299=DIRECTION('',(0.999999991800562,-1.26695289235183E-05,0.000127429823403553));
#9300=DIRECTION('',(-7.7829651071903E-05,0.730088320959991,0.683352791419166));
#9301=DIRECTION('',(-8.23492679148588E-05,-0.825678912012041,0.564140343777336));
#9302=DIRECTION('',(3.74961151545418E-06,0.99756405026773,0.0697564735302911));
#9303=DIRECTION('',(-9.80687255433213E-05,0.564140349645455,0.825678906285264));
#9304=DIRECTION('',(8.23492679148589E-05,0.82567891201204,-0.564140343777336));
#9305=CARTESIAN_POINT('',(0.020557609087277,0.092759184662213,0.0909417630852086));
#9306=DIRECTION('',(-0.999999991800562,1.26695289235183E-05,-0.000127429823403553));
#9307=DIRECTION('',(-7.78296510981288E-05,0.730088320783759,0.683352791607451));
#9308=DIRECTION('',(6.43813893383223E-05,-0.810449881391923,-0.585807976735428));
#9309=CARTESIAN_POINT('',(0.0205560019612166,0.0833006712005509,0.102613215634998));
#9310=DIRECTION('',(0.999999991800562,-1.26695289235183E-05,0.000127429823403553));
#9311=DIRECTION('',(-1.72404182887134E-05,0.97271478027458,0.232004215345636));
#9312=DIRECTION('',(-1.72404182765593E-05,0.972714780296802,0.232004215252466));
#9313=CARTESIAN_POINT('',(0.0205602292974119,0.0492892202277936,0.0660578387379934));
#9314=DIRECTION('',(-0.999999991800561,1.26695289235183E-05,-0.000127429823403553));
#9315=DIRECTION('',(3.7496297494127E-06,0.997564060204477,0.0697563314280423));
#9316=DIRECTION('',(0.000756897205694258,0.564140132629498,0.825678713461472));
#9317=DIRECTION('',(0.00217041628064476,-0.825677931965165,0.564137609062627));
#9318=CARTESIAN_POINT('',(0.0140776547121208,0.11446356271514,0.0802361388386824));
#9319=DIRECTION('',(8.23492679146588E-05,0.825678912012041,-0.564140343777336));
#9320=DIRECTION('',(0.999999710162583,-0.000494990275635506,-0.000578497517144981));
#9321=DIRECTION('',(0.00217041628064476,-0.825677931965165,0.564137609062627));
#9322=CARTESIAN_POINT('',(0.014084435758083,0.1118838916831,0.0819986777074629));
#9323=DIRECTION('',(0.00217041628064476,-0.825677931965165,0.564137609062627));
#9324=DIRECTION('',(-0.000756897205696052,-0.564140132629499,-0.825678713461472));
#9325=DIRECTION('',(-0.999999710162567,0.000494990287410722,0.000578497534379254));
#9326=DIRECTION('',(-0.999997358196405,-0.00136507234235291,0.00184937224793259));
#9327=CARTESIAN_POINT('',(-0.000912647439658286,0.110342828634048,0.0824597853485529));
#9328=DIRECTION('',(0.000756897205694179,0.564140132629499,0.825678713461472));
#9329=DIRECTION('',(0.524220716378187,0.702909772606394,-0.480739526245105));
#9330=CARTESIAN_POINT('',(0.00108857929281313,0.109876870584214,0.0827763139314638));
#9331=DIRECTION('',(0.00075689720569425,0.564140132629499,0.825678713461472));
#9332=DIRECTION('',(-0.708639629219352,0.582877212858566,-0.397597825233098));
#9333=DIRECTION('',(-0.999997358196405,-0.00136507234235247,0.00184937224793228));
#9334=CARTESIAN_POINT('',(0.0120885502329736,0.109891886379979,0.0827559708367366));
#9335=DIRECTION('',(0.000756897205694203,0.564140132629499,0.825678713461472));
#9336=DIRECTION('',(0.70557019707926,0.584807716678748,-0.400213232548005));
#9337=CARTESIAN_POINT('',(0.0140873129332878,0.110363304719183,0.082432044764834));
#9338=DIRECTION('',(0.000756897205694321,0.564140132629499,0.825678713461472));
#9339=DIRECTION('',(-0.527912345121713,0.701473531069414,-0.478793735419649));
#9340=CARTESIAN_POINT('',(-0.00296574581652137,0.114471999035657,0.0802459984072302));
#9341=DIRECTION('',(8.23492679146588E-05,0.825678912012041,-0.564140343777336));
#9342=DIRECTION('',(-0.999999710162488,0.000494990346256031,0.000578497620505584));
#9343=DIRECTION('',(0.00217041628064579,-0.825677931965164,0.564137609062628));
#9344=CARTESIAN_POINT('',(-0.00295888143785094,0.111860626261058,0.0820301972290728));
#9345=DIRECTION('',(0.00217041628064579,-0.825677931965165,0.564137609062627));
#9346=DIRECTION('',(-0.999997358196405,-0.00136507234235433,0.00184937224793051));
#9347=DIRECTION('',(0.000756897205694261,0.564140132629499,0.825678713461472));
#9348=DIRECTION('',(0.00217041628064579,-0.825677931965165,0.564137609062627));
#9349=DIRECTION('',(0.000756897205678798,0.564140132629486,0.825678713461481));
#9350=DIRECTION('',(0.999997358196405,0.001365072342354,-0.00184937224793331));
#9351=CARTESIAN_POINT('',(-0.00295767040232182,0.112763250473265,0.0833512831706117));
#9352=DIRECTION('',(0.000756897205694282,0.564140132629499,0.825678713461472));
#9353=DIRECTION('',(-0.70557019707927,-0.584807716678739,0.400213232547999));
#9354=DIRECTION('',(-0.999999710162567,0.00049499028741072,0.000578497534379251));
#9355=DIRECTION('',(-8.23492679148589E-05,-0.82567891201204,0.564140343777336));
#9356=DIRECTION('',(-0.999999710162567,0.00049499028741072,0.000578497534379251));
#9357=CARTESIAN_POINT('',(0.0140856467929988,0.112786515895653,0.0833197636495096));
#9358=DIRECTION('',(0.000756897205694203,0.564140132629499,0.825678713461472));
#9359=DIRECTION('',(0.708639629219347,-0.58287721285857,0.397597825233101));
#9360=CARTESIAN_POINT('',(0.0140889024174198,0.111547998997706,0.0841659700631036));
#9361=DIRECTION('',(-0.000756897205694256,-0.564140132629499,-0.825678713461472));
#9362=DIRECTION('',(-0.708639629219354,0.582877212858564,-0.397597825233097));
#9363=DIRECTION('',(-0.00217041628064525,0.825677931965165,-0.564137609062627));
#9364=DIRECTION('',(-0.999997358196405,-0.00136507234235246,0.00184937224793226));
#9365=DIRECTION('',(0.00217041628064574,-0.825677931965165,0.564137609062627));
#9366=CARTESIAN_POINT('',(-0.000911057955526325,0.11152752291257,0.0841937106468224));
#9367=DIRECTION('',(-0.000756897205694229,-0.564140132629499,-0.825678713461472));
#9368=DIRECTION('',(0.705570197079268,0.584807716678741,-0.400213232548001));
#9369=CARTESIAN_POINT('',(-0.00389614439146887,0.105852968529644,0.0880735530280675));
#9370=DIRECTION('',(0.000756897205694234,0.564140132629499,0.825678713461472));
#9371=DIRECTION('',(-0.999997358196405,-0.001365072342354,0.0018493722479333));
#9372=CARTESIAN_POINT('',(0.0171038001306556,0.105881635048833,0.0880347162108609));
#9373=DIRECTION('',(0.000756897205694234,0.564140132629499,0.825678713461472));
#9374=DIRECTION('',(-0.999997358196405,-0.001365072342354,0.0018493722479333));
#9375=DIRECTION('',(9.80687255433213E-05,-0.564140349645455,-0.825678906285264));
#9376=DIRECTION('',(-3.74961151545418E-06,-0.99756405026773,-0.0697564735302911));
#9377=DIRECTION('',(8.23492679148588E-05,0.825678912012041,-0.564140343777336));
#9378=CARTESIAN_POINT('',(-0.00744193113379633,0.0943022132238714,0.0874852797404537));
#9379=DIRECTION('',(-0.999999991800562,1.26695289235183E-05,-0.000127429823403553));
#9380=DIRECTION('',(-7.7829651071903E-05,0.730088320959991,0.683352791419166));
#9381=DIRECTION('',(6.43813893383224E-05,-0.810449881391923,-0.585807976735428));
#9382=CARTESIAN_POINT('',(-0.00743977047300382,0.0492895749746035,0.0660542707029381));
#9383=DIRECTION('',(-0.999999991800562,1.26695289234305E-05,-0.000127429823403538));
#9384=DIRECTION('',(-2.37275685542073E-05,-0.996194690941844,0.0871558212415339));
#9385=CARTESIAN_POINT('',(-0.00744066446817554,0.052278486489549,0.0733670271706866));
#9386=DIRECTION('',(0.999999991800561,-1.26695289235183E-05,0.000127429823403553));
#9387=DIRECTION('',(-1.62571137839177E-05,-0.999602500042693,0.0281929360674782));
#9388=DIRECTION('',(-2.9507807479347E-05,0.945518601933035,0.325568076641257));
#9389=DIRECTION('',(6.43813893383223E-05,-0.810449881391923,-0.585807976735428));
#9390=CARTESIAN_POINT('',(-0.00744239259192257,0.0927774449341094,0.0909549543794049));
#9391=DIRECTION('',(0.999999991800562,-1.26695289235183E-05,0.000127429823403553));
#9392=DIRECTION('',(-7.78296510981288E-05,0.730088320783759,0.683352791607451));
#9393=DIRECTION('',(-0.999999991800562,1.26695289234056E-05,-0.000127429823403363));
#9394=DIRECTION('',(0.999999036955562,-0.00138748285506391,3.12933889257853E-05));
#9395=CARTESIAN_POINT('',(0.0121182230218528,0.0969807320088947,0.089270641294905));
#9396=DIRECTION('',(0.999997358196405,0.00136507234235247,-0.00184937224793229));
#9397=DIRECTION('',(0.00224648089229727,-0.750772066315142,0.660557535544401));
#9398=CARTESIAN_POINT('',(0.0121137300600682,0.098482276141525,0.0879495262238162));
#9399=DIRECTION('',(0.000486748201661837,0.660559945060547,0.750773149531731));
#9400=DIRECTION('',(0.00224648089229734,-0.750772066315142,0.660557535544401));
#9401=CARTESIAN_POINT('',(0.0131182203800492,0.0969820970812371,0.0892687919226571));
#9402=DIRECTION('',(-0.999997358196405,-0.00136507234235247,0.00184937224793229));
#9403=DIRECTION('',(0.00224648089229727,-0.750772066315142,0.660557535544401));
#9404=CARTESIAN_POINT('',(0.0131196938727616,0.0989817557584483,0.0915415455982387));
#9405=DIRECTION('',(-0.999997358196405,-0.00136507234235247,0.00184937224793229));
#9406=DIRECTION('',(0.00224648089229728,-0.750772066315139,0.660557535544405));
#9407=CARTESIAN_POINT('',(0.0121152035527806,0.100481934818736,0.0902222798993978));
#9408=DIRECTION('',(-0.000486748201661827,-0.66055994506055,-0.750773149531728));
#9409=DIRECTION('',(0.999997358196405,0.00136507234234351,-0.00184937224792441));
#9410=CARTESIAN_POINT('',(0.0121196965145651,0.098980390686106,0.0915433949704866));
#9411=DIRECTION('',(0.999997358196405,0.00136507234235247,-0.00184937224793229));
#9412=DIRECTION('',(0.00224648089229728,-0.750772066315135,0.660557535544409));
#9413=DIRECTION('',(0.000486748201661838,0.660559945060546,0.750773149531732));
#9414=DIRECTION('',(0.000756897205694243,0.564140132629499,0.825678713461472));
#9415=DIRECTION('',(0.00217041628064525,-0.825677931965165,0.564137609062626));
#9416=CARTESIAN_POINT('',(0.00011825472349596,0.0969643511407865,0.0892928337618802));
#9417=DIRECTION('',(0.999997358196405,0.00136507234235281,-0.00184937224793266));
#9418=DIRECTION('',(0.00224648089229777,-0.750772066315145,0.660557535544398));
#9419=CARTESIAN_POINT('',(0.00111375911990777,0.0984672603457591,0.0879698693185435));
#9420=DIRECTION('',(0.000486748201661896,0.660559945060543,0.750773149531734));
#9421=DIRECTION('',(-0.999997358196405,-0.00136507234233627,0.0018493722479181));
#9422=CARTESIAN_POINT('',(0.00111825208169238,0.0969657162131288,0.0892909843896323));
#9423=DIRECTION('',(-0.999997358196405,-0.00136507234235281,0.00184937224793266));
#9424=DIRECTION('',(0.00224648089229777,-0.750772066315148,0.660557535544394));
#9425=CARTESIAN_POINT('',(0.00111972557440468,0.0989653748903401,0.0915637380652139));
#9426=DIRECTION('',(-0.999997358196405,-0.00136507234235281,0.00184937224793266));
#9427=DIRECTION('',(0.00224648089229778,-0.750772066315135,0.660557535544409));
#9428=CARTESIAN_POINT('',(0.00111523261262008,0.10046691902297,0.0902426229941251));
#9429=DIRECTION('',(-0.000486748201661898,-0.660559945060543,-0.750773149531735));
#9430=DIRECTION('',(0.00224648089229822,-0.750772066315145,0.660557535544397));
#9431=CARTESIAN_POINT('',(0.000119728216208274,0.0989640098179977,0.0915655874374618));
#9432=DIRECTION('',(0.999997358196405,0.00136507234235281,-0.00184937224793266));
#9433=DIRECTION('',(0.00224648089229778,-0.750772066315138,0.660557535544405));
#9434=DIRECTION('',(0.000486748201661887,0.660559945060546,0.750773149531732));
#9435=DIRECTION('',(0.999997358196405,0.00136507234235232,-0.00184937224793242));
#9436=CARTESIAN_POINT('',(-0.00389993239945928,0.103029642833592,0.0839413174476395));
#9437=DIRECTION('',(0.00075689720569446,0.564140132629498,0.825678713461472));
#9438=DIRECTION('',(0.999997358196405,0.00136507234235274,-0.00184937224793271));
#9439=CARTESIAN_POINT('',(-0.00389993239945928,0.103029642833592,0.0839413174476395));
#9440=DIRECTION('',(0.00075689720569446,0.564140132629498,0.825678713461472));
#9441=DIRECTION('',(0.999997358196405,0.00136507234235274,-0.00184937224793271));
#9442=CARTESIAN_POINT('',(0.0171000121226652,0.103058309352781,0.0839024806304329));
#9443=DIRECTION('',(0.00075689720569446,0.564140132629498,0.825678713461472));
#9444=DIRECTION('',(0.999997358196405,0.00136507234235274,-0.00184937224793271));
#9445=CARTESIAN_POINT('',(0.0171000121226652,0.103058309352781,0.0839024806304329));
#9446=DIRECTION('',(0.00075689720569446,0.564140132629498,0.825678713461472));
#9447=DIRECTION('',(0.999997358196405,0.00136507234235274,-0.00184937224793271));
#9448=DIRECTION('',(-0.00217041628064575,0.825677931965165,-0.564137609062626));
#9449=CARTESIAN_POINT('',(0.0120863517091151,0.10825325496245,0.0803576605545781));
#9450=DIRECTION('',(-0.000756897205694441,-0.564140132629498,-0.825678713461472));
#9451=DIRECTION('',(0.705570197079265,0.584807716678744,-0.400213232548002));
#9452=DIRECTION('',(0.999997358196405,0.00136507234235236,-0.00184937224793246));
#9453=CARTESIAN_POINT('',(0.00108638076895469,0.108238239166684,0.0803780036493053));
#9454=DIRECTION('',(-0.000756897205694441,-0.564140132629498,-0.825678713461472));
#9455=DIRECTION('',(-0.708639629219354,0.582877212858564,-0.397597825233096));
#9456=DIRECTION('',(0.99999967637279,-0.000652152317564536,-0.000471117469149322));
#9457=DIRECTION('',(-0.000756897205694354,-0.564140132629499,-0.825678713461472));
#9458=CARTESIAN_POINT('',(0.00655765255153103,0.075587581524097,0.0888925162018582));
#9459=DIRECTION('',(-0.00011069739636808,-0.58580798013624,0.810449873931007));
#9460=DIRECTION('',(-6.43813893403891E-05,0.810449881391923,0.585807976735427));
#9461=DIRECTION('',(-0.00011069739636808,-0.585807980136239,0.810449873931007));
#9462=CARTESIAN_POINT('',(0.00655836048130138,0.0666759751683347,0.0824510443618405));
#9463=DIRECTION('',(-4.74573472111248E-05,0.88757395765564,0.46066524444471));
#9464=DIRECTION('',(0.0001189398043114,0.460665246714995,-0.88757394977677));
#9465=DIRECTION('',(-6.43813893383223E-05,0.810449881391923,0.585807976735428));
#9466=CARTESIAN_POINT('',(0.00655765255153102,0.075587581524097,0.0888925162018582));
#9467=DIRECTION('',(-0.999999991800561,1.26695289235183E-05,-0.000127429823403553));
#9468=DIRECTION('',(3.27503626482258E-05,0.987303402171591,-0.158845808845608));
#9469=CARTESIAN_POINT('',(0.00555783299437989,0.0760872496510409,0.0875261132485613));
#9470=DIRECTION('',(0.999999991800561,-1.26695289235183E-05,0.000127429823403553));
#9471=DIRECTION('',(-0.000119232094593587,-0.455146939413615,0.890416334826651));
#9472=CARTESIAN_POINT('',(0.00655761159138771,0.0749156210212395,0.0891471404262467));
#9473=DIRECTION('',(-6.43813893383094E-05,0.810449881391923,0.585807976735427));
#9474=DIRECTION('',(-0.999999991800561,1.26695289216963E-05,-0.00012742982340101));
#9475=CARTESIAN_POINT('',(0.00655783298618045,0.0760872369815119,0.0875262406783847));
#9476=DIRECTION('',(-0.999999991800561,1.26695289235183E-05,-0.000127429823403553));
#9477=DIRECTION('',(-0.000119232094593587,-0.455146939413615,0.890416334826651));
#9478=DIRECTION('',(-2.95078074792619E-05,0.945518601933035,0.325568076641257));
#9479=DIRECTION('',(0.000124612062632681,0.325568077731956,-0.945518593806464));
#9480=CARTESIAN_POINT('',(0.00655860593592878,0.0588108731508864,0.0797428732786139));
#9481=DIRECTION('',(-2.95078074792619E-05,0.945518601933035,0.325568076641257));
#9482=DIRECTION('',(0.000124612062634734,0.325568077731956,-0.945518593806464));
#9483=CARTESIAN_POINT('',(0.0065585311686912,0.0586155323042472,0.0803101844348978));
#9484=DIRECTION('',(0.000124612062632681,0.325568077731956,-0.945518593806464));
#9485=DIRECTION('',(2.9507807478707E-05,-0.945518601933035,-0.325568076641257));
#9486=DIRECTION('',(-2.95078074792621E-05,0.945518601933035,0.325568076641258));
#9487=CARTESIAN_POINT('',(0.00655828833795222,0.0663965570716681,0.0829894054070164));
#9488=DIRECTION('',(-4.7457347211127E-05,0.887573957655632,0.460665244444727));
#9489=DIRECTION('',(-0.000118939804337783,-0.460665246715012,0.887573949776761));
#9490=CARTESIAN_POINT('',(0.00655853116869121,0.0586155323042472,0.0803101844348978));
#9491=DIRECTION('',(-0.999999991800561,1.26695289235183E-05,-0.000127429823403553));
#9492=DIRECTION('',(-6.72488637386797E-05,-0.898794010667004,0.438371214687635));
#9493=CARTESIAN_POINT('',(0.00655860593592878,0.0588108731508864,0.0797428732786139));
#9494=DIRECTION('',(-0.999999991800561,1.26695289235183E-05,-0.000127429823403553));
#9495=DIRECTION('',(0.000108979205271745,-0.438371219662734,-0.898794004149416));
#9496=DIRECTION('',(-0.999999991800562,1.26695289235182E-05,-0.000127429823403553));
#9497=DIRECTION('',(-2.95078074792619E-05,0.945518601933035,0.325568076641257));
#9498=DIRECTION('',(0.999999991800562,-1.26695289235183E-05,0.000127429823403553));
#9499=DIRECTION('',(-6.43813893383223E-05,0.810449881391923,0.585807976735428));
#9500=DIRECTION('',(-6.43813893383223E-05,0.810449881391923,0.585807976735428));
#9501=CARTESIAN_POINT('',(0.0165575860510988,0.075235970040726,0.0893800604244508));
#9502=DIRECTION('',(0.999999991800561,-1.26695289235183E-05,0.000127429823403553));
#9503=DIRECTION('',(-0.000110724420681338,0.414379529012082,0.910104166387468));
#9504=DIRECTION('',(0.999999991800562,-1.26695289235182E-05,0.000127429823403553));
#9505=DIRECTION('',(-0.999999991800562,1.26695289235182E-05,-0.000127429823403553));
#9506=DIRECTION('',(-0.999999991800562,1.26695289235183E-05,-0.000127429823403553));
#9507=DIRECTION('',(0.999999991800562,-1.26695289235183E-05,0.000127429823403553));
#9508=CARTESIAN_POINT('',(0.0165585310866968,0.058615405608958,0.0803114587331319));
#9509=DIRECTION('',(0.999999991800561,-1.26695289235183E-05,0.000127429823403553));
#9510=DIRECTION('',(-6.72488637386776E-05,-0.898794010667012,0.438371214687618));
#9511=DIRECTION('',(0.000124612062632681,0.325568077731956,-0.945518593806464));
#9512=CARTESIAN_POINT('',(0.0165586058539344,0.0588107464555971,0.0797441475768479));
#9513=DIRECTION('',(0.999999991800561,-1.26695289235183E-05,0.000127429823403553));
#9514=DIRECTION('',(0.000108979205271745,-0.438371219662742,-0.898794004149412));
#9515=DIRECTION('',(0.999999991800562,-1.26695289235183E-05,0.000127429823403553));
#9516=CARTESIAN_POINT('',(0.0165576524695367,0.0755874548288078,0.0888937905000922));
#9517=DIRECTION('',(0.999999991800561,-1.26695289235183E-05,0.000127429823403553));
#9518=DIRECTION('',(3.27503626482259E-05,0.987303402171591,-0.158845808845609));
#9519=DIRECTION('',(-0.00011069739636808,-0.585807980136239,0.810449873931007));
#9520=CARTESIAN_POINT('',(0.0185575488913855,0.0773276494366573,0.0898797605953222));
#9521=DIRECTION('',(-1.72404182765593E-05,0.972714780296802,0.232004215252466));
#9522=DIRECTION('',(-0.999999991800562,1.26695289230337E-05,-0.000127429823401521));
#9523=DIRECTION('',(-1.72404182765593E-05,0.972714780296802,0.232004215252466));
#9524=CARTESIAN_POINT('',(0.0185574504964932,0.0828791485077944,0.0912038601274389));
#9525=DIRECTION('',(1.72404182765593E-05,-0.972714780296802,-0.232004215252466));
#9526=DIRECTION('',(-0.000126892256792355,-0.232004215547105,0.972714772102659));
#9527=CARTESIAN_POINT('',(0.018181702475161,0.0858520789845833,0.0919128909177683));
#9528=DIRECTION('',(0.264527693157826,-0.938072608128748,-0.223707133169971));
#9529=DIRECTION('',(-0.000126892256792355,-0.232004215547104,0.972714772102659));
#9530=CARTESIAN_POINT('',(0.0165573236206353,0.0826471696313051,0.0921763200398947));
#9531=DIRECTION('',(-0.000126892256790766,-0.232004215547106,0.972714772102659));
#9532=DIRECTION('',(-1.72404182766199E-05,0.972714780296802,0.232004215252466));
#9533=CARTESIAN_POINT('',(0.0184815494609307,0.0767657176202027,0.0897457231593276));
#9534=DIRECTION('',(0.253746477522537,0.940871094745628,0.224442215764031));
#9535=DIRECTION('',(-0.962012877254288,0.221318485295183,0.159841646837022));
#9536=CARTESIAN_POINT('',(0.0165574217879719,0.0771085093872188,0.0908552827229875));
#9537=DIRECTION('',(-0.000126892256790766,-0.232004215547106,0.972714772102659));
#9538=DIRECTION('',(1.72404182739682E-05,-0.972714780296802,-0.232004215252466));
#9539=CARTESIAN_POINT('',(0.0165575486802287,0.0773405136027659,0.0898825679508848));
#9540=DIRECTION('',(0.000126345635576902,-0.0645792407036334,-0.997912574180185));
#9541=DIRECTION('',(-2.08724034606835E-05,-0.997912582098064,0.0645792385733802));
#9542=DIRECTION('',(0.999999944945755,0.000268800022634634,0.000194563703176935));
#9543=CARTESIAN_POINT('',(0.0185591752160873,0.0509305546131176,0.0744927546928103));
#9544=DIRECTION('',(6.8041186820923E-05,-0.790440608155269,-0.61253868477797));
#9545=DIRECTION('',(-0.000108486283689064,-0.612538688425973,0.79044060081205));
#9546=CARTESIAN_POINT('',(0.0185586606227858,0.056908631437834,0.0791253650090482));
#9547=DIRECTION('',(-6.80411868095919E-05,0.790440608155276,0.612538684777961));
#9548=DIRECTION('',(-0.999999991800561,1.26695289175615E-05,-0.00012742982334679));
#9549=DIRECTION('',(-6.80411868396535E-05,0.790440608155272,0.612538684777966));
#9550=CARTESIAN_POINT('',(0.0165586490176639,0.0677920801974193,0.080298378419695));
#9551=DIRECTION('',(-4.74573472111307E-05,0.887573957655617,0.460665244444754));
#9552=DIRECTION('',(-0.00011893980433732,-0.460665246715039,0.887573949776747));
#9553=DIRECTION('',(2.9507807479262E-05,-0.945518601933035,-0.325568076641257));
#9554=CARTESIAN_POINT('',(0.017558605845735,0.0588107337860682,0.0797442750066713));
#9555=DIRECTION('',(-0.999999991800561,1.26695289235183E-05,-0.000127429823403553));
#9556=DIRECTION('',(0.000108979205271745,-0.438371219662742,-0.898794004149412));
#9557=CARTESIAN_POINT('',(0.0175576524613372,0.0755874421592789,0.0888939179299156));
#9558=DIRECTION('',(-0.999999991800561,1.26695289235183E-05,-0.000127429823403553));
#9559=DIRECTION('',(3.27503626482259E-05,0.987303402171591,-0.158845808845609));
#9560=CARTESIAN_POINT('',(0.0165585901023118,0.0567243684050919,0.0796603225798493));
#9561=DIRECTION('',(-0.000124612062632681,-0.325568077731956,0.945518593806464));
#9562=DIRECTION('',(0.999999991800562,-1.26695289270497E-05,0.000127429823402337));
#9563=DIRECTION('',(6.43813893383223E-05,-0.810449881391923,-0.585807976735428));
#9564=DIRECTION('',(0.999999908013188,0.000347491045476474,0.000251443011731254));
#9565=DIRECTION('',(0.999999908013188,0.000347491045476474,0.000251443011731254));
#9566=DIRECTION('',(-2.9507807479262E-05,0.945518601933035,0.325568076641257));
#9567=DIRECTION('',(0.999999991800562,-1.26695289235178E-05,0.000127429823403546));
#9568=DIRECTION('',(0.99999967637279,-0.000652152317564342,-0.000471117469149181));
#9569=CARTESIAN_POINT('',(0.016557523706758,0.0772083545915916,0.090065406453563));
#9570=DIRECTION('',(0.00011069739636808,0.58580798013624,-0.810449873931007));
#9571=DIRECTION('',(0.999999991800562,-1.26695289218152E-05,0.000127429823404784));
#9572=CARTESIAN_POINT('',(0.0165574572883202,0.0768568698035099,0.0905516763779216));
#9573=DIRECTION('',(-0.00011069739636808,-0.58580798013624,0.810449873931007));
#9574=DIRECTION('',(6.4381389337787E-05,-0.810449881391923,-0.585807976735427));
#9575=CARTESIAN_POINT('',(0.0165578738643294,0.0767590707890803,0.0872728907522302));
#9576=DIRECTION('',(6.43813893383611E-05,-0.81044988139192,-0.585807976735432));
#9577=DIRECTION('',(0.999999991800562,-1.2669528921655E-05,0.00012742982340104));
#9578=CARTESIAN_POINT('',(0.0165586008771376,0.0676072421286014,0.0806577818428221));
#9579=DIRECTION('',(4.74573472111317E-05,-0.887573957655614,-0.46066524444476));
#9580=DIRECTION('',(-0.000118939804303079,-0.460665246715045,0.887573949776744));
#9581=CARTESIAN_POINT('',(0.0165588550780597,0.059461882611061,0.077853110389235));
#9582=DIRECTION('',(2.95078074792619E-05,-0.945518601933036,-0.325568076641257));
#9583=DIRECTION('',(0.999999991800562,-1.26695289227422E-05,0.000127429823401299));
#9584=DIRECTION('',(-0.999999991800562,1.26695289235183E-05,-0.000127429823403553));
#9585=CARTESIAN_POINT('',(0.00856035725697965,0.0492893722605208,0.0660563095964059));
#9586=DIRECTION('',(-0.999999991800562,1.26695289235183E-05,-0.000127429823403553));
#9587=DIRECTION('',(2.37275685542961E-05,0.996194690941844,-0.0871558212415338));
#9588=CARTESIAN_POINT('',(0.00256035730617629,0.0492894482776943,0.0660555450174654));
#9589=DIRECTION('',(0.999999991800561,-1.26695289235174E-05,0.000127429823403546));
#9590=DIRECTION('',(3.74962974941227E-06,0.997564060204477,0.0697563314280423));
#9591=CARTESIAN_POINT('',(0.00256035730617628,0.0492894482776943,0.0660555450174655));
#9592=DIRECTION('',(0.999999991800562,-1.26695289235174E-05,0.000127429823403546));
#9593=DIRECTION('',(-3.74962974941227E-06,-0.997564060204477,-0.0697563314280423));
#9594=CARTESIAN_POINT('',(0.000381349479023477,0.111251291862702,0.0824434593990838));
#9595=DIRECTION('',(0.50620591544047,-0.712292045403867,0.486205320032033));
#9596=DIRECTION('',(-0.862412313385944,-0.417595441559351,0.286110204133222));
#9597=CARTESIAN_POINT('',(0.000587476270802883,0.110440035210756,0.082596286498387));
#9598=DIRECTION('',(0.00118154002843082,-0.995395716623334,-0.0958434728663393));
#9599=DIRECTION('',(-0.999997358196395,-0.00136507234605054,0.00184937225044784));
#9600=CARTESIAN_POINT('',(0.012790789073672,0.111268231690228,0.0824205096652564));
#9601=DIRECTION('',(-0.502457566556411,-0.713668947663361,0.488070719211141));
#9602=DIRECTION('',(-0.000756897205692903,-0.5641401326295,-0.825678713461471));
#9603=CARTESIAN_POINT('',(0.0125874445691598,0.110456416078864,0.0825740940314118));
#9604=DIRECTION('',(0.00118154002158161,-0.995395716623336,-0.0958434728663984));
#9605=DIRECTION('',(0.489755697975161,0.0841381049321346,-0.867790375378347));
#9606=CARTESIAN_POINT('',(0.0140844357574697,0.111883891683446,0.0819986777079708));
#9607=DIRECTION('',(-0.999997358196405,-0.00136507234235505,0.00184937224793402));
#9608=DIRECTION('',(0.00217041628064837,-0.825677931965166,0.564137609062626));
#9609=CARTESIAN_POINT('',(0.0140844357574697,0.111883891683446,0.0819986777079708));
#9610=DIRECTION('',(0.000756897205694197,0.564140132629499,0.825678713461472));
#9611=DIRECTION('',(0.708639629219357,-0.582877212858562,0.397597825233095));
#9612=CARTESIAN_POINT('',(0.0140876913818906,0.110645374785498,0.0828448841215647));
#9613=DIRECTION('',(-0.000756897205694203,-0.564140132629499,-0.825678713461472));
#9614=DIRECTION('',(-0.527912345121713,0.701473531069414,-0.478793735419649));
#9615=CARTESIAN_POINT('',(-0.00091552461547641,0.111863415598311,0.0820264182916897));
#9616=DIRECTION('',(-0.999997358196405,-0.00136507234235397,0.00184937224793312));
#9617=DIRECTION('',(-0.0007568972056941,-0.564140132629498,-0.825678713461472));
#9618=CARTESIAN_POINT('',(-0.000912268991055437,0.110624898700363,0.0828726247052837));
#9619=DIRECTION('',(-0.000756897205694229,-0.564140132629499,-0.825678713461472));
#9620=DIRECTION('',(0.524220716378187,0.702909772606394,-0.480739526245105));
#9621=CARTESIAN_POINT('',(-0.00295888143785092,0.111860626261058,0.0820301972290728));
#9622=DIRECTION('',(0.999997358196405,0.00136507234235399,-0.00184937224793333));
#9623=DIRECTION('',(0.000999508923235696,-0.98274977809045,-0.184937488479441));
#9624=CARTESIAN_POINT('',(0.00108820084421029,0.109594800517899,0.082363474574733));
#9625=DIRECTION('',(-0.000756897205694282,-0.564140132629499,-0.825678713461472));
#9626=DIRECTION('',(-0.708639629219352,0.582877212858566,-0.397597825233098));
#9627=CARTESIAN_POINT('',(0.00108494521978932,0.110833317415847,0.0815172681611391));
#9628=DIRECTION('',(-0.999997358196405,-0.00136507234235159,0.00184937224793128));
#9629=DIRECTION('',(0.00217041628064396,-0.825677931965166,0.564137609062626));
#9630=CARTESIAN_POINT('',(0.0120849161599498,0.110848333211612,0.0814969250664119));
#9631=DIRECTION('',(0.999997358196405,0.00136507234235374,-0.00184937224793353));
#9632=DIRECTION('',(0.000756897205694572,0.564140132629498,0.825678713461472));
#9633=CARTESIAN_POINT('',(0.0120881717843707,0.109609816313665,0.0823431314800058));
#9634=DIRECTION('',(0.000756897205694309,0.564140132629499,0.825678713461472));
#9635=DIRECTION('',(0.705570197079265,0.584807716678744,-0.400213232548002));
#9636=CARTESIAN_POINT('',(0.00856035725697965,0.0492893722605208,0.0660563095964059));
#9637=DIRECTION('',(-0.999999991800562,1.26695289235183E-05,-0.000127429823403553));
#9638=DIRECTION('',(3.74962974941271E-06,0.997564060204477,0.0697563314280423));
#9639=CARTESIAN_POINT('',(0.0080607335394168,0.0557925437996584,0.0637499859586149));
#9640=DIRECTION('',(-0.000115866380939285,0.334240598543712,0.942487776504355));
#9641=DIRECTION('',(0.999999991800562,-1.26695289199829E-05,0.000127429823402249));
#9642=CARTESIAN_POINT('',(0.00856035725697965,0.0492893722605208,0.0660563095964059));
#9643=DIRECTION('',(0.999999991800562,-1.26695289235183E-05,0.000127429823403553));
#9644=DIRECTION('',(-4.05126500664363E-05,0.912685051161397,0.408663670694184));
#9645=CARTESIAN_POINT('',(0.00805957642985343,0.0518999468804908,0.0724433369735784));
#9646=DIRECTION('',(5.99399552021707E-05,0.925665382494898,-0.378343225204014));
#9647=DIRECTION('',(-0.000113163945790472,0.37834322973995,0.925665375664373));
#9648=CARTESIAN_POINT('',(0.00806035726107937,0.0492893785952852,0.0660562458814942));
#9649=DIRECTION('',(-0.999999991800562,1.26695289235183E-05,-0.000127429823403553));
#9650=DIRECTION('',(-4.05126500664363E-05,0.912685051161397,0.408663670694184));
#9651=DIRECTION('',(0.999999991800562,-1.26695289235183E-05,0.000127429823403553));
#9652=DIRECTION('',(0.000756897205694354,0.564140132629499,0.825678713461472));
#9653=DIRECTION('',(-0.000756897205694261,-0.564140132629499,-0.825678713461472));
#9654=DIRECTION('',(0.99999999542375,-7.76627334028551E-05,-5.58659048514255E-05));
#9655=DIRECTION('',(6.43813893383224E-05,-0.810449881391923,-0.585807976735428));
#9656=DIRECTION('',(0.000109701169057657,0.598117880044163,-0.801408129193315));
#9657=CARTESIAN_POINT('',(0.00855946326180793,0.0522782837754663,0.0733690660641544));
#9658=DIRECTION('',(-0.999999991800561,1.26695289235183E-05,-0.000127429823403553));
#9659=DIRECTION('',(-0.000113163945787367,0.378343229739951,0.925665375664372));
#9660=CARTESIAN_POINT('',(0.00805946326590765,0.0522782901102308,0.0733690023492427));
#9661=DIRECTION('',(0.999999991800561,-1.26695289235183E-05,0.000127429823403553));
#9662=DIRECTION('',(-0.000113163945787367,0.378343229739955,0.925665375664371));
#9663=DIRECTION('',(-0.999999997817423,-5.34173243269858E-05,-3.88811549916063E-05));
#9664=PRESENTATION_LAYER_ASSIGNMENT('9','Layer0',(#25));
ENDSEC;
END-ISO-10303-21;
