ISO-10303-21;
HEADER;
FILE_DESCRIPTION(('STEP AP214'),'1');
FILE_NAME('Front_foot_supp_M6.stp','2026-07-17T20:40:13',(' '),(' '),'Spatial InterOp 3D',' ',' ');
FILE_SCHEMA(('AUTOMOTIVE_DESIGN { 1 0 10303 214 1 1 1 1 }'));
ENDSEC;
DATA;
#1=MECHANICAL_DESIGN_GEOMETRIC_PRESENTATION_REPRESENTATION(' ',(#10),#6);
#2=PRODUCT_DEFINITION_CONTEXT('',#11,'design');
#3=APPLICATION_PROTOCOL_DEFINITION('INTERNATIONAL STANDARD','automotive_design',1994,#11);
#4=PRODUCT_CATEGORY_RELATIONSHIP('NONE','NONE',#12,#13);
#5=SHAPE_DEFINITION_REPRESENTATION(#14,#15);
#6= (GEOMETRIC_REPRESENTATION_CONTEXT(3)GLOBAL_UNCERTAINTY_ASSIGNED_CONTEXT((#18))GLOBAL_UNIT_ASSIGNED_CONTEXT((#20,#21,#22))REPRESENTATION_CONTEXT('NONE','WORKSPACE'));
#10=STYLED_ITEM('',(#24),#25);
#11=APPLICATION_CONTEXT(' ');
#12=PRODUCT_CATEGORY('part','NONE');
#13=PRODUCT_RELATED_PRODUCT_CATEGORY('detail',' ',(#26));
#14=PRODUCT_DEFINITION_SHAPE('NONE','NONE',#27);
#15=ADVANCED_BREP_SHAPE_REPRESENTATION('Front_foot_supp_M6',(#25,#28),#6);
#18=UNCERTAINTY_MEASURE_WITH_UNIT(LENGTH_MEASURE(1.0E-08),#20,'','');
#20= (CONVERSION_BASED_UNIT('METRE',#31)LENGTH_UNIT()NAMED_UNIT(#34));
#21= (NAMED_UNIT(#36)PLANE_ANGLE_UNIT()SI_UNIT($,.RADIAN.));
#22= (NAMED_UNIT(#36)SOLID_ANGLE_UNIT()SI_UNIT($,.STERADIAN.));
#24=PRESENTATION_STYLE_ASSIGNMENT((#42));
#25=MANIFOLD_SOLID_BREP('Front_foot_supp_M6',#43);
#26=PRODUCT('Front_foot_supp_M6','','PART--DESC',(#44));
#27=PRODUCT_DEFINITION('','NONE',#45,#2);
#28=AXIS2_PLACEMENT_3D('',#46,#47,#48);
#31=LENGTH_MEASURE_WITH_UNIT(LENGTH_MEASURE(1.0),#49);
#34=DIMENSIONAL_EXPONENTS(1.0,0.0,0.0,0.0,0.0,0.0,0.0);
#36=DIMENSIONAL_EXPONENTS(0.0,0.0,0.0,0.0,0.0,0.0,0.0);
#42=SURFACE_STYLE_USAGE(.BOTH.,#50);
#43=CLOSED_SHELL('',(#51,#52,#53,#54,#55,#56,#57,#58,#59,#60,#61,#62,#63,#64,#65,#66,#67,#68,#69,#70,#71,#72,#73,#74,#75,#76,#77,#78,#79,#80,#81,#82,#83,#84,#85,#86,#87,#88,#89,#90,#91,#92,#93,#94,#95,#96,#97,#98,#99,#100,#101,#102,#103,#104,#105,#106,#107,#108,#109,#110,#111,#112,#113,#114,#115,#116,#117,#118,#119,#120,#121,#122,#123,#124,#125,#126,#127,#128,#129,#130,#131,#132,#133,#134,#135,#136,#137,#138,#139,#140,#141,#142,#143,#144,#145,#146,#147,#148,#149,#150,#151,#152,#153,#154,#155,#156,#157,#158));
#44=PRODUCT_CONTEXT('',#11,'mechanical');
#45=PRODUCT_DEFINITION_FORMATION_WITH_SPECIFIED_SOURCE(' ','NONE',#26,.NOT_KNOWN.);
#46=CARTESIAN_POINT('',(0.0,0.0,0.0));
#47=DIRECTION('',(0.0,0.0,1.0));
#48=DIRECTION('',(1.0,0.0,0.0));
#49= (NAMED_UNIT(#34)LENGTH_UNIT()SI_UNIT($,.METRE.));
#50=SURFACE_SIDE_STYLE('',(#160));
#51=ADVANCED_FACE('0:35278',(#161),#162,.F.);
#52=ADVANCED_FACE('0:35275',(#163),#164,.F.);
#53=ADVANCED_FACE('0:35272',(#165),#166,.F.);
#54=ADVANCED_FACE('0:35269',(#167),#168,.F.);
#55=ADVANCED_FACE('0:35266',(#169),#170,.F.);
#56=ADVANCED_FACE('0:35263',(#171),#172,.F.);
#57=ADVANCED_FACE('0:35260',(#173),#174,.F.);
#58=ADVANCED_FACE('0:35257',(#175),#176,.F.);
#59=ADVANCED_FACE('0:35254',(#177),#178,.F.);
#60=ADVANCED_FACE('0:35251',(#179),#180,.T.);
#61=ADVANCED_FACE('0:35248',(#181),#182,.F.);
#62=ADVANCED_FACE('0:35242',(#183),#184,.F.);
#63=ADVANCED_FACE('0:35239',(#185),#186,.T.);
#64=ADVANCED_FACE('0:35233',(#187),#188,.T.);
#65=ADVANCED_FACE('0:35227',(#189),#190,.T.);
#66=ADVANCED_FACE('0:35218',(#191),#192,.T.);
#67=ADVANCED_FACE('0:35212',(#193),#194,.T.);
#68=ADVANCED_FACE('0:35206',(#195),#196,.T.);
#69=ADVANCED_FACE('0:35203',(#197),#198,.T.);
#70=ADVANCED_FACE('0:35197',(#199),#200,.T.);
#71=ADVANCED_FACE('0:35194',(#201),#202,.T.);
#72=ADVANCED_FACE('0:35185',(#203),#204,.F.);
#73=ADVANCED_FACE('0:35182',(#205),#206,.F.);
#74=ADVANCED_FACE('0:35179',(#207),#208,.T.);
#75=ADVANCED_FACE('0:35173',(#209),#210,.T.);
#76=ADVANCED_FACE('0:35167',(#211),#212,.T.);
#77=ADVANCED_FACE('0:35161',(#213),#214,.T.);
#78=ADVANCED_FACE('0:35158',(#215),#216,.T.);
#79=ADVANCED_FACE('0:35155',(#217),#218,.T.);
#80=ADVANCED_FACE('0:35152',(#219),#220,.T.);
#81=ADVANCED_FACE('0:35107',(#221),#222,.T.);
#82=ADVANCED_FACE('0:35095',(#223),#224,.T.);
#83=ADVANCED_FACE('0:35083',(#225),#226,.T.);
#84=ADVANCED_FACE('0:35059',(#227),#228,.T.);
#85=ADVANCED_FACE('0:35056',(#229),#230,.F.);
#86=ADVANCED_FACE('0:35059',(#231),#232,.T.);
#87=ADVANCED_FACE('0:35062',(#233),#234,.F.);
#88=ADVANCED_FACE('0:35065',(#235),#236,.T.);
#89=ADVANCED_FACE('0:35068',(#237),#238,.F.);
#90=ADVANCED_FACE('0:35071',(#239),#240,.T.);
#91=ADVANCED_FACE('0:35074',(#241),#242,.F.);
#92=ADVANCED_FACE('0:35077',(#243),#244,.T.);
#93=ADVANCED_FACE('0:35080',(#245),#246,.F.);
#94=ADVANCED_FACE('0:35083',(#247),#248,.T.);
#95=ADVANCED_FACE('0:35086',(#249),#250,.F.);
#96=ADVANCED_FACE('0:35089',(#251),#252,.T.);
#97=ADVANCED_FACE('0:35092',(#253),#254,.F.);
#98=ADVANCED_FACE('0:35095',(#255),#256,.T.);
#99=ADVANCED_FACE('0:35098',(#257),#258,.F.);
#100=ADVANCED_FACE('0:35101',(#259),#260,.T.);
#101=ADVANCED_FACE('0:35104',(#261),#262,.F.);
#102=ADVANCED_FACE('0:35107',(#263),#264,.T.);
#103=ADVANCED_FACE('0:35110',(#265),#266,.F.);
#104=ADVANCED_FACE('0:35113',(#267),#268,.T.);
#105=ADVANCED_FACE('0:35116',(#269),#270,.F.);
#106=ADVANCED_FACE('0:35119',(#271),#272,.T.);
#107=ADVANCED_FACE('0:35122',(#273),#274,.F.);
#108=ADVANCED_FACE('0:35125',(#275),#276,.T.);
#109=ADVANCED_FACE('0:35128',(#277),#278,.T.);
#110=ADVANCED_FACE('0:35131',(#279),#280,.T.);
#111=ADVANCED_FACE('0:35134',(#281,#282),#283,.T.);
#112=ADVANCED_FACE('0:35137',(#284,#285),#286,.T.);
#113=ADVANCED_FACE('0:35140',(#287),#288,.T.);
#114=ADVANCED_FACE('0:35143',(#289),#290,.T.);
#115=ADVANCED_FACE('0:35146',(#291),#292,.T.);
#116=ADVANCED_FACE('0:35149',(#293),#294,.T.);
#117=ADVANCED_FACE('0:35152',(#295),#296,.T.);
#118=ADVANCED_FACE('0:35155',(#297),#298,.T.);
#119=ADVANCED_FACE('0:35158',(#299),#300,.T.);
#120=ADVANCED_FACE('0:35161',(#301),#302,.T.);
#121=ADVANCED_FACE('0:35164',(#303),#304,.T.);
#122=ADVANCED_FACE('0:35167',(#305),#306,.T.);
#123=ADVANCED_FACE('0:35170',(#307),#308,.T.);
#124=ADVANCED_FACE('0:35173',(#309),#310,.T.);
#125=ADVANCED_FACE('0:35176',(#311),#312,.T.);
#126=ADVANCED_FACE('0:35179',(#313),#314,.T.);
#127=ADVANCED_FACE('0:35182',(#315),#316,.F.);
#128=ADVANCED_FACE('0:35185',(#317),#318,.F.);
#129=ADVANCED_FACE('0:35188',(#319,#320,#321,#322,#323,#324),#325,.T.);
#130=ADVANCED_FACE('0:35191',(#326),#327,.T.);
#131=ADVANCED_FACE('0:35194',(#328),#329,.T.);
#132=ADVANCED_FACE('0:35197',(#330),#331,.T.);
#133=ADVANCED_FACE('0:35200',(#332),#333,.T.);
#134=ADVANCED_FACE('0:35206',(#334),#335,.T.);
#135=ADVANCED_FACE('0:35209',(#336),#337,.T.);
#136=ADVANCED_FACE('0:35212',(#338),#339,.T.);
#137=ADVANCED_FACE('0:35215',(#340),#341,.T.);
#138=ADVANCED_FACE('0:35218',(#342),#343,.T.);
#139=ADVANCED_FACE('0:35221',(#344),#345,.T.);
#140=ADVANCED_FACE('0:35224',(#346),#347,.T.);
#141=ADVANCED_FACE('0:35227',(#348),#349,.T.);
#142=ADVANCED_FACE('0:35230',(#350),#351,.T.);
#143=ADVANCED_FACE('0:35233',(#352),#353,.T.);
#144=ADVANCED_FACE('0:35236',(#354),#355,.T.);
#145=ADVANCED_FACE('0:35239',(#356),#357,.T.);
#146=ADVANCED_FACE('0:35242',(#358),#359,.F.);
#147=ADVANCED_FACE('0:35245',(#360,#361,#362,#363,#364),#365,.F.);
#148=ADVANCED_FACE('0:35248',(#366),#367,.F.);
#149=ADVANCED_FACE('0:35251',(#368),#369,.T.);
#150=ADVANCED_FACE('0:35254',(#370),#371,.F.);
#151=ADVANCED_FACE('0:35257',(#372),#373,.F.);
#152=ADVANCED_FACE('0:35260',(#374),#375,.F.);
#153=ADVANCED_FACE('0:35263',(#376),#377,.F.);
#154=ADVANCED_FACE('0:35266',(#378),#379,.F.);
#155=ADVANCED_FACE('0:35269',(#380),#381,.F.);
#156=ADVANCED_FACE('0:35272',(#382),#383,.F.);
#157=ADVANCED_FACE('0:35275',(#384),#385,.F.);
#158=ADVANCED_FACE('0:35278',(#386),#387,.F.);
#160=SURFACE_STYLE_FILL_AREA(#388);
#161=FACE_OUTER_BOUND('',#389,.T.);
#162=TOROIDAL_SURFACE('',#390,0.015,0.001);
#163=FACE_OUTER_BOUND('',#391,.T.);
#164=CYLINDRICAL_SURFACE('',#392,0.00199999999999999);
#165=FACE_OUTER_BOUND('',#393,.T.);
#166=CONICAL_SURFACE('',#394,0.0038,0.785398163397448);
#167=FACE_OUTER_BOUND('',#395,.T.);
#168=CYLINDRICAL_SURFACE('',#396,0.002);
#169=FACE_OUTER_BOUND('',#397,.T.);
#170=CONICAL_SURFACE('',#398,0.00379999999999999,0.785398163397448);
#171=FACE_OUTER_BOUND('',#399,.T.);
#172=CYLINDRICAL_SURFACE('',#400,0.00200000000000001);
#173=FACE_OUTER_BOUND('',#401,.T.);
#174=CONICAL_SURFACE('',#402,0.00380000000000001,0.785398163397448);
#175=FACE_OUTER_BOUND('',#403,.T.);
#176=CYLINDRICAL_SURFACE('',#404,0.00200000000000001);
#177=FACE_OUTER_BOUND('',#405,.T.);
#178=CONICAL_SURFACE('',#406,0.00380000000000001,0.785398163397448);
#179=FACE_OUTER_BOUND('',#407,.T.);
#180=CYLINDRICAL_SURFACE('',#408,0.005);
#181=FACE_OUTER_BOUND('',#409,.T.);
#182=CYLINDRICAL_SURFACE('',#410,0.001);
#183=FACE_OUTER_BOUND('',#411,.T.);
#184=CYLINDRICAL_SURFACE('',#412,0.001);
#185=FACE_OUTER_BOUND('',#413,.T.);
#186=CYLINDRICAL_SURFACE('',#414,0.005);
#187=FACE_OUTER_BOUND('',#415,.T.);
#188=CYLINDRICAL_SURFACE('',#416,0.005);
#189=FACE_OUTER_BOUND('',#417,.T.);
#190=CYLINDRICAL_SURFACE('',#418,0.005);
#191=FACE_OUTER_BOUND('',#419,.T.);
#192=CYLINDRICAL_SURFACE('',#420,0.001);
#193=FACE_OUTER_BOUND('',#421,.T.);
#194=CYLINDRICAL_SURFACE('',#422,0.001);
#195=FACE_OUTER_BOUND('',#423,.T.);
#196=CYLINDRICAL_SURFACE('',#424,0.001);
#197=FACE_OUTER_BOUND('',#425,.T.);
#198=TOROIDAL_SURFACE('',#426,0.002,0.001);
#199=FACE_OUTER_BOUND('',#427,.T.);
#200=CYLINDRICAL_SURFACE('',#428,0.001);
#201=FACE_OUTER_BOUND('',#429,.T.);
#202=CYLINDRICAL_SURFACE('',#430,0.001);
#203=FACE_OUTER_BOUND('',#431,.T.);
#204=CYLINDRICAL_SURFACE('',#432,0.0035);
#205=FACE_OUTER_BOUND('',#433,.T.);
#206=CONICAL_SURFACE('',#434,0.0041,0.785398163397448);
#207=FACE_OUTER_BOUND('',#435,.T.);
#208=CYLINDRICAL_SURFACE('',#436,0.014);
#209=FACE_OUTER_BOUND('',#437,.T.);
#210=CYLINDRICAL_SURFACE('',#438,0.001);
#211=FACE_OUTER_BOUND('',#439,.T.);
#212=CYLINDRICAL_SURFACE('',#440,0.001);
#213=FACE_OUTER_BOUND('',#441,.T.);
#214=CYLINDRICAL_SURFACE('',#442,0.001);
#215=FACE_OUTER_BOUND('',#443,.T.);
#216=CYLINDRICAL_SURFACE('',#444,0.001);
#217=FACE_OUTER_BOUND('',#445,.T.);
#218=TOROIDAL_SURFACE('',#446,0.013,0.001);
#219=FACE_OUTER_BOUND('',#447,.T.);
#220=CYLINDRICAL_SURFACE('',#448,0.001);
#221=FACE_OUTER_BOUND('',#449,.T.);
#222=CYLINDRICAL_SURFACE('',#450,0.000399999999999999);
#223=FACE_OUTER_BOUND('',#451,.T.);
#224=CYLINDRICAL_SURFACE('',#452,0.000399999999999993);
#225=FACE_OUTER_BOUND('',#453,.T.);
#226=CYLINDRICAL_SURFACE('',#454,0.000399999999999996);
#227=FACE_OUTER_BOUND('',#455,.T.);
#228=CYLINDRICAL_SURFACE('',#456,0.000399999999999994);
#229=FACE_OUTER_BOUND('',#457,.T.);
#230=PLANE('',#458);
#231=FACE_OUTER_BOUND('',#459,.T.);
#232=CYLINDRICAL_SURFACE('',#460,0.000399999999999994);
#233=FACE_OUTER_BOUND('',#461,.T.);
#234=PLANE('',#462);
#235=FACE_OUTER_BOUND('',#463,.T.);
#236=PLANE('',#464);
#237=FACE_OUTER_BOUND('',#465,.T.);
#238=PLANE('',#466);
#239=FACE_OUTER_BOUND('',#467,.T.);
#240=CYLINDRICAL_SURFACE('',#468,0.000400000000000007);
#241=FACE_OUTER_BOUND('',#469,.T.);
#242=PLANE('',#470);
#243=FACE_OUTER_BOUND('',#471,.T.);
#244=PLANE('',#472);
#245=FACE_OUTER_BOUND('',#473,.T.);
#246=PLANE('',#474);
#247=FACE_OUTER_BOUND('',#475,.T.);
#248=CYLINDRICAL_SURFACE('',#476,0.000399999999999996);
#249=FACE_OUTER_BOUND('',#477,.T.);
#250=PLANE('',#478);
#251=FACE_OUTER_BOUND('',#479,.T.);
#252=PLANE('',#480);
#253=FACE_OUTER_BOUND('',#481,.T.);
#254=PLANE('',#482);
#255=FACE_OUTER_BOUND('',#483,.T.);
#256=CYLINDRICAL_SURFACE('',#484,0.000399999999999993);
#257=FACE_OUTER_BOUND('',#485,.T.);
#258=PLANE('',#486);
#259=FACE_OUTER_BOUND('',#487,.T.);
#260=PLANE('',#488);
#261=FACE_OUTER_BOUND('',#489,.T.);
#262=PLANE('',#490);
#263=FACE_OUTER_BOUND('',#491,.T.);
#264=CYLINDRICAL_SURFACE('',#492,0.000399999999999999);
#265=FACE_OUTER_BOUND('',#493,.T.);
#266=PLANE('',#494);
#267=FACE_OUTER_BOUND('',#495,.T.);
#268=PLANE('',#496);
#269=FACE_OUTER_BOUND('',#497,.T.);
#270=PLANE('',#498);
#271=FACE_OUTER_BOUND('',#499,.T.);
#272=CYLINDRICAL_SURFACE('',#500,0.000399999999999994);
#273=FACE_OUTER_BOUND('',#501,.T.);
#274=PLANE('',#502);
#275=FACE_OUTER_BOUND('',#503,.T.);
#276=PLANE('',#504);
#277=FACE_OUTER_BOUND('',#505,.T.);
#278=PLANE('',#506);
#279=FACE_OUTER_BOUND('',#507,.T.);
#280=PLANE('',#508);
#281=FACE_BOUND('',#509,.T.);
#282=FACE_OUTER_BOUND('',#510,.T.);
#283=PLANE('',#511);
#284=FACE_BOUND('',#512,.T.);
#285=FACE_OUTER_BOUND('',#513,.T.);
#286=PLANE('',#514);
#287=FACE_OUTER_BOUND('',#515,.T.);
#288=PLANE('',#516);
#289=FACE_OUTER_BOUND('',#517,.T.);
#290=PLANE('',#518);
#291=FACE_OUTER_BOUND('',#519,.T.);
#292=PLANE('',#520);
#293=FACE_OUTER_BOUND('',#521,.T.);
#294=PLANE('',#522);
#295=FACE_OUTER_BOUND('',#523,.T.);
#296=CYLINDRICAL_SURFACE('',#524,0.001);
#297=FACE_OUTER_BOUND('',#525,.T.);
#298=TOROIDAL_SURFACE('',#526,0.013,0.001);
#299=FACE_OUTER_BOUND('',#527,.T.);
#300=CYLINDRICAL_SURFACE('',#528,0.001);
#301=FACE_OUTER_BOUND('',#529,.T.);
#302=CYLINDRICAL_SURFACE('',#530,0.001);
#303=FACE_OUTER_BOUND('',#531,.T.);
#304=PLANE('',#532);
#305=FACE_OUTER_BOUND('',#533,.T.);
#306=CYLINDRICAL_SURFACE('',#534,0.001);
#307=FACE_OUTER_BOUND('',#535,.T.);
#308=PLANE('',#536);
#309=FACE_OUTER_BOUND('',#537,.T.);
#310=CYLINDRICAL_SURFACE('',#538,0.001);
#311=FACE_OUTER_BOUND('',#539,.T.);
#312=PLANE('',#540);
#313=FACE_OUTER_BOUND('',#541,.T.);
#314=CYLINDRICAL_SURFACE('',#542,0.014);
#315=FACE_OUTER_BOUND('',#543,.T.);
#316=CONICAL_SURFACE('',#544,0.0041,0.785398163397448);
#317=FACE_OUTER_BOUND('',#545,.T.);
#318=CYLINDRICAL_SURFACE('',#546,0.0035);
#319=FACE_BOUND('',#547,.T.);
#320=FACE_BOUND('',#548,.T.);
#321=FACE_BOUND('',#549,.T.);
#322=FACE_OUTER_BOUND('',#550,.T.);
#323=FACE_BOUND('',#551,.T.);
#324=FACE_BOUND('',#552,.T.);
#325=PLANE('',#553);
#326=FACE_OUTER_BOUND('',#554,.T.);
#327=TOROIDAL_SURFACE('',#555,0.004,0.001);
#328=FACE_OUTER_BOUND('',#556,.T.);
#329=CYLINDRICAL_SURFACE('',#557,0.001);
#330=FACE_OUTER_BOUND('',#558,.T.);
#331=CYLINDRICAL_SURFACE('',#559,0.001);
#332=FACE_OUTER_BOUND('',#560,.T.);
#333=TOROIDAL_SURFACE('',#561,0.004,0.001);
#334=FACE_OUTER_BOUND('',#562,.T.);
#335=CYLINDRICAL_SURFACE('',#563,0.001);
#336=FACE_OUTER_BOUND('',#564,.T.);
#337=TOROIDAL_SURFACE('',#565,0.004,0.001);
#338=FACE_OUTER_BOUND('',#566,.T.);
#339=CYLINDRICAL_SURFACE('',#567,0.001);
#340=FACE_OUTER_BOUND('',#568,.T.);
#341=TOROIDAL_SURFACE('',#569,0.004,0.001);
#342=FACE_OUTER_BOUND('',#570,.T.);
#343=CYLINDRICAL_SURFACE('',#571,0.001);
#344=FACE_OUTER_BOUND('',#572,.T.);
#345=TOROIDAL_SURFACE('',#573,0.002,0.001);
#346=FACE_OUTER_BOUND('',#574,.T.);
#347=PLANE('',#575);
#348=FACE_OUTER_BOUND('',#576,.T.);
#349=CYLINDRICAL_SURFACE('',#577,0.005);
#350=FACE_OUTER_BOUND('',#578,.T.);
#351=PLANE('',#579);
#352=FACE_OUTER_BOUND('',#580,.T.);
#353=CYLINDRICAL_SURFACE('',#581,0.005);
#354=FACE_OUTER_BOUND('',#582,.T.);
#355=PLANE('',#583);
#356=FACE_OUTER_BOUND('',#584,.T.);
#357=CYLINDRICAL_SURFACE('',#585,0.005);
#358=FACE_OUTER_BOUND('',#586,.T.);
#359=CYLINDRICAL_SURFACE('',#587,0.001);
#360=FACE_OUTER_BOUND('',#588,.T.);
#361=FACE_BOUND('',#589,.T.);
#362=FACE_BOUND('',#590,.T.);
#363=FACE_BOUND('',#591,.T.);
#364=FACE_BOUND('',#592,.T.);
#365=PLANE('',#593);
#366=FACE_OUTER_BOUND('',#594,.T.);
#367=CYLINDRICAL_SURFACE('',#595,0.001);
#368=FACE_OUTER_BOUND('',#596,.T.);
#369=CYLINDRICAL_SURFACE('',#597,0.005);
#370=FACE_OUTER_BOUND('',#598,.T.);
#371=CONICAL_SURFACE('',#599,0.00380000000000001,0.785398163397448);
#372=FACE_OUTER_BOUND('',#600,.T.);
#373=CYLINDRICAL_SURFACE('',#601,0.00200000000000001);
#374=FACE_OUTER_BOUND('',#602,.T.);
#375=CONICAL_SURFACE('',#603,0.00380000000000001,0.785398163397448);
#376=FACE_OUTER_BOUND('',#604,.T.);
#377=CYLINDRICAL_SURFACE('',#605,0.00200000000000001);
#378=FACE_OUTER_BOUND('',#606,.T.);
#379=CONICAL_SURFACE('',#607,0.00379999999999999,0.785398163397448);
#380=FACE_OUTER_BOUND('',#608,.T.);
#381=CYLINDRICAL_SURFACE('',#609,0.002);
#382=FACE_OUTER_BOUND('',#610,.T.);
#383=CONICAL_SURFACE('',#611,0.0038,0.785398163397448);
#384=FACE_OUTER_BOUND('',#612,.T.);
#385=CYLINDRICAL_SURFACE('',#613,0.00199999999999999);
#386=FACE_OUTER_BOUND('',#614,.T.);
#387=TOROIDAL_SURFACE('',#615,0.015,0.001);
#388=FILL_AREA_STYLE('',(#616));
#389=EDGE_LOOP('',(#617,#618,#619,#620,#621));
#390=AXIS2_PLACEMENT_3D('',#622,#623,#624);
#391=EDGE_LOOP('',(#625,#626,#627,#628));
#392=AXIS2_PLACEMENT_3D('',#629,#630,#631);
#393=EDGE_LOOP('',(#632,#633,#634,#635));
#394=AXIS2_PLACEMENT_3D('',#636,#637,#638);
#395=EDGE_LOOP('',(#639,#640,#641,#642));
#396=AXIS2_PLACEMENT_3D('',#643,#644,#645);
#397=EDGE_LOOP('',(#646,#647,#648,#649));
#398=AXIS2_PLACEMENT_3D('',#650,#651,#652);
#399=EDGE_LOOP('',(#653,#654,#655,#656));
#400=AXIS2_PLACEMENT_3D('',#657,#658,#659);
#401=EDGE_LOOP('',(#660,#661,#662,#663));
#402=AXIS2_PLACEMENT_3D('',#664,#665,#666);
#403=EDGE_LOOP('',(#667,#668,#669,#670));
#404=AXIS2_PLACEMENT_3D('',#671,#672,#673);
#405=EDGE_LOOP('',(#674,#675,#676,#677));
#406=AXIS2_PLACEMENT_3D('',#678,#679,#680);
#407=EDGE_LOOP('',(#681,#682,#683,#684));
#408=AXIS2_PLACEMENT_3D('',#685,#686,#687);
#409=EDGE_LOOP('',(#688,#689,#690,#691));
#410=AXIS2_PLACEMENT_3D('',#692,#693,#694);
#411=EDGE_LOOP('',(#695,#696,#697,#698));
#412=AXIS2_PLACEMENT_3D('',#699,#700,#701);
#413=EDGE_LOOP('',(#702,#703,#704,#705));
#414=AXIS2_PLACEMENT_3D('',#706,#707,#708);
#415=EDGE_LOOP('',(#709,#710,#711,#712));
#416=AXIS2_PLACEMENT_3D('',#713,#714,#715);
#417=EDGE_LOOP('',(#716,#717,#718,#719));
#418=AXIS2_PLACEMENT_3D('',#720,#721,#722);
#419=EDGE_LOOP('',(#723,#724,#725,#726));
#420=AXIS2_PLACEMENT_3D('',#727,#728,#729);
#421=EDGE_LOOP('',(#730,#731,#732,#733));
#422=AXIS2_PLACEMENT_3D('',#734,#735,#736);
#423=EDGE_LOOP('',(#737,#738,#739,#740));
#424=AXIS2_PLACEMENT_3D('',#741,#742,#743);
#425=EDGE_LOOP('',(#744,#745,#746,#747,#748,#749,#750));
#426=AXIS2_PLACEMENT_3D('',#751,#752,#753);
#427=EDGE_LOOP('',(#754,#755,#756,#757));
#428=AXIS2_PLACEMENT_3D('',#758,#759,#760);
#429=EDGE_LOOP('',(#761,#762,#763,#764));
#430=AXIS2_PLACEMENT_3D('',#765,#766,#767);
#431=EDGE_LOOP('',(#768,#769,#770,#771));
#432=AXIS2_PLACEMENT_3D('',#772,#773,#774);
#433=EDGE_LOOP('',(#775,#776,#777,#778));
#434=AXIS2_PLACEMENT_3D('',#779,#780,#781);
#435=EDGE_LOOP('',(#782,#783,#784,#785));
#436=AXIS2_PLACEMENT_3D('',#786,#787,#788);
#437=EDGE_LOOP('',(#789,#790,#791,#792));
#438=AXIS2_PLACEMENT_3D('',#793,#794,#795);
#439=EDGE_LOOP('',(#796,#797,#798,#799));
#440=AXIS2_PLACEMENT_3D('',#800,#801,#802);
#441=EDGE_LOOP('',(#803,#804,#805,#806));
#442=AXIS2_PLACEMENT_3D('',#807,#808,#809);
#443=EDGE_LOOP('',(#810,#811,#812,#813));
#444=AXIS2_PLACEMENT_3D('',#814,#815,#816);
#445=EDGE_LOOP('',(#817,#818,#819,#820,#821));
#446=AXIS2_PLACEMENT_3D('',#822,#823,#824);
#447=EDGE_LOOP('',(#825,#826,#827,#828));
#448=AXIS2_PLACEMENT_3D('',#829,#830,#831);
#449=EDGE_LOOP('',(#832,#833,#834,#835));
#450=AXIS2_PLACEMENT_3D('',#836,#837,#838);
#451=EDGE_LOOP('',(#839,#840,#841,#842));
#452=AXIS2_PLACEMENT_3D('',#843,#844,#845);
#453=EDGE_LOOP('',(#846,#847,#848,#849));
#454=AXIS2_PLACEMENT_3D('',#850,#851,#852);
#455=EDGE_LOOP('',(#853,#854,#855,#856));
#456=AXIS2_PLACEMENT_3D('',#857,#858,#859);
#457=EDGE_LOOP('',(#860,#861,#862,#863));
#458=AXIS2_PLACEMENT_3D('',#864,#865,#866);
#459=EDGE_LOOP('',(#867,#868,#869,#870));
#460=AXIS2_PLACEMENT_3D('',#871,#872,#873);
#461=EDGE_LOOP('',(#874,#875,#876,#877));
#462=AXIS2_PLACEMENT_3D('',#878,#879,#880);
#463=EDGE_LOOP('',(#881,#882,#883,#884,#885,#886,#887));
#464=AXIS2_PLACEMENT_3D('',#888,#889,#890);
#465=EDGE_LOOP('',(#891,#892,#893,#894));
#466=AXIS2_PLACEMENT_3D('',#895,#896,#897);
#467=EDGE_LOOP('',(#898,#899,#900,#901));
#468=AXIS2_PLACEMENT_3D('',#902,#903,#904);
#469=EDGE_LOOP('',(#905,#906,#907,#908));
#470=AXIS2_PLACEMENT_3D('',#909,#910,#911);
#471=EDGE_LOOP('',(#912,#913,#914,#915,#916,#917));
#472=AXIS2_PLACEMENT_3D('',#918,#919,#920);
#473=EDGE_LOOP('',(#921,#922,#923,#924));
#474=AXIS2_PLACEMENT_3D('',#925,#926,#927);
#475=EDGE_LOOP('',(#928,#929,#930,#931));
#476=AXIS2_PLACEMENT_3D('',#932,#933,#934);
#477=EDGE_LOOP('',(#935,#936,#937,#938));
#478=AXIS2_PLACEMENT_3D('',#939,#940,#941);
#479=EDGE_LOOP('',(#942,#943,#944,#945,#946,#947,#948));
#480=AXIS2_PLACEMENT_3D('',#949,#950,#951);
#481=EDGE_LOOP('',(#952,#953,#954,#955));
#482=AXIS2_PLACEMENT_3D('',#956,#957,#958);
#483=EDGE_LOOP('',(#959,#960,#961,#962));
#484=AXIS2_PLACEMENT_3D('',#963,#964,#965);
#485=EDGE_LOOP('',(#966,#967,#968,#969));
#486=AXIS2_PLACEMENT_3D('',#970,#971,#972);
#487=EDGE_LOOP('',(#973,#974,#975,#976,#977,#978,#979));
#488=AXIS2_PLACEMENT_3D('',#980,#981,#982);
#489=EDGE_LOOP('',(#983,#984,#985,#986));
#490=AXIS2_PLACEMENT_3D('',#987,#988,#989);
#491=EDGE_LOOP('',(#990,#991,#992,#993));
#492=AXIS2_PLACEMENT_3D('',#994,#995,#996);
#493=EDGE_LOOP('',(#997,#998,#999,#1000));
#494=AXIS2_PLACEMENT_3D('',#1001,#1002,#1003);
#495=EDGE_LOOP('',(#1004,#1005,#1006,#1007,#1008,#1009,#1010));
#496=AXIS2_PLACEMENT_3D('',#1011,#1012,#1013);
#497=EDGE_LOOP('',(#1014,#1015,#1016,#1017));
#498=AXIS2_PLACEMENT_3D('',#1018,#1019,#1020);
#499=EDGE_LOOP('',(#1021,#1022,#1023,#1024));
#500=AXIS2_PLACEMENT_3D('',#1025,#1026,#1027);
#501=EDGE_LOOP('',(#1028,#1029,#1030,#1031));
#502=AXIS2_PLACEMENT_3D('',#1032,#1033,#1034);
#503=EDGE_LOOP('',(#1035,#1036,#1037,#1038,#1039,#1040));
#504=AXIS2_PLACEMENT_3D('',#1041,#1042,#1043);
#505=EDGE_LOOP('',(#1044,#1045,#1046,#1047,#1048,#1049));
#506=AXIS2_PLACEMENT_3D('',#1050,#1051,#1052);
#507=EDGE_LOOP('',(#1053,#1054,#1055,#1056,#1057,#1058,#1059));
#508=AXIS2_PLACEMENT_3D('',#1060,#1061,#1062);
#509=EDGE_LOOP('',(#1063,#1064));
#510=EDGE_LOOP('',(#1065,#1066,#1067,#1068,#1069,#1070));
#511=AXIS2_PLACEMENT_3D('',#1071,#1072,#1073);
#512=EDGE_LOOP('',(#1074,#1075,#1076,#1077,#1078,#1079));
#513=EDGE_LOOP('',(#1080,#1081,#1082,#1083,#1084));
#514=AXIS2_PLACEMENT_3D('',#1085,#1086,#1087);
#515=EDGE_LOOP('',(#1088,#1089,#1090,#1091,#1092,#1093));
#516=AXIS2_PLACEMENT_3D('',#1094,#1095,#1096);
#517=EDGE_LOOP('',(#1097,#1098,#1099,#1100,#1101,#1102,#1103));
#518=AXIS2_PLACEMENT_3D('',#1104,#1105,#1106);
#519=EDGE_LOOP('',(#1107,#1108,#1109,#1110,#1111,#1112,#1113));
#520=AXIS2_PLACEMENT_3D('',#1114,#1115,#1116);
#521=EDGE_LOOP('',(#1117,#1118,#1119,#1120,#1121,#1122,#1123));
#522=AXIS2_PLACEMENT_3D('',#1124,#1125,#1126);
#523=EDGE_LOOP('',(#1127,#1128,#1129,#1130));
#524=AXIS2_PLACEMENT_3D('',#1131,#1132,#1133);
#525=EDGE_LOOP('',(#1134,#1135,#1136,#1137,#1138));
#526=AXIS2_PLACEMENT_3D('',#1139,#1140,#1141);
#527=EDGE_LOOP('',(#1142,#1143,#1144,#1145));
#528=AXIS2_PLACEMENT_3D('',#1146,#1147,#1148);
#529=EDGE_LOOP('',(#1149,#1150,#1151,#1152));
#530=AXIS2_PLACEMENT_3D('',#1153,#1154,#1155);
#531=EDGE_LOOP('',(#1156,#1157,#1158,#1159));
#532=AXIS2_PLACEMENT_3D('',#1160,#1161,#1162);
#533=EDGE_LOOP('',(#1163,#1164,#1165,#1166));
#534=AXIS2_PLACEMENT_3D('',#1167,#1168,#1169);
#535=EDGE_LOOP('',(#1170,#1171,#1172,#1173,#1174,#1175,#1176,#1177,#1178,#1179));
#536=AXIS2_PLACEMENT_3D('',#1180,#1181,#1182);
#537=EDGE_LOOP('',(#1183,#1184,#1185,#1186));
#538=AXIS2_PLACEMENT_3D('',#1187,#1188,#1189);
#539=EDGE_LOOP('',(#1190,#1191,#1192,#1193));
#540=AXIS2_PLACEMENT_3D('',#1194,#1195,#1196);
#541=EDGE_LOOP('',(#1197,#1198,#1199,#1200));
#542=AXIS2_PLACEMENT_3D('',#1201,#1202,#1203);
#543=EDGE_LOOP('',(#1204,#1205,#1206,#1207));
#544=AXIS2_PLACEMENT_3D('',#1208,#1209,#1210);
#545=EDGE_LOOP('',(#1211,#1212,#1213,#1214));
#546=AXIS2_PLACEMENT_3D('',#1215,#1216,#1217);
#547=EDGE_LOOP('',(#1218,#1219));
#548=EDGE_LOOP('',(#1220,#1221));
#549=EDGE_LOOP('',(#1222,#1223));
#550=EDGE_LOOP('',(#1224,#1225,#1226,#1227,#1228,#1229,#1230,#1231,#1232,#1233,#1234,#1235));
#551=EDGE_LOOP('',(#1236,#1237));
#552=EDGE_LOOP('',(#1238,#1239));
#553=AXIS2_PLACEMENT_3D('',#1240,#1241,#1242);
#554=EDGE_LOOP('',(#1243,#1244,#1245,#1246,#1247,#1248,#1249));
#555=AXIS2_PLACEMENT_3D('',#1250,#1251,#1252);
#556=EDGE_LOOP('',(#1253,#1254,#1255,#1256));
#557=AXIS2_PLACEMENT_3D('',#1257,#1258,#1259);
#558=EDGE_LOOP('',(#1260,#1261,#1262,#1263));
#559=AXIS2_PLACEMENT_3D('',#1264,#1265,#1266);
#560=EDGE_LOOP('',(#1267,#1268,#1269,#1270,#1271,#1272,#1273));
#561=AXIS2_PLACEMENT_3D('',#1274,#1275,#1276);
#562=EDGE_LOOP('',(#1277,#1278,#1279,#1280));
#563=AXIS2_PLACEMENT_3D('',#1281,#1282,#1283);
#564=EDGE_LOOP('',(#1284,#1285,#1286,#1287,#1288,#1289,#1290));
#565=AXIS2_PLACEMENT_3D('',#1291,#1292,#1293);
#566=EDGE_LOOP('',(#1294,#1295,#1296,#1297));
#567=AXIS2_PLACEMENT_3D('',#1298,#1299,#1300);
#568=EDGE_LOOP('',(#1301,#1302,#1303,#1304,#1305,#1306,#1307));
#569=AXIS2_PLACEMENT_3D('',#1308,#1309,#1310);
#570=EDGE_LOOP('',(#1311,#1312,#1313,#1314));
#571=AXIS2_PLACEMENT_3D('',#1315,#1316,#1317);
#572=EDGE_LOOP('',(#1318,#1319,#1320,#1321,#1322,#1323,#1324));
#573=AXIS2_PLACEMENT_3D('',#1325,#1326,#1327);
#574=EDGE_LOOP('',(#1328,#1329,#1330,#1331));
#575=AXIS2_PLACEMENT_3D('',#1332,#1333,#1334);
#576=EDGE_LOOP('',(#1335,#1336,#1337,#1338));
#577=AXIS2_PLACEMENT_3D('',#1339,#1340,#1341);
#578=EDGE_LOOP('',(#1342,#1343,#1344,#1345));
#579=AXIS2_PLACEMENT_3D('',#1346,#1347,#1348);
#580=EDGE_LOOP('',(#1349,#1350,#1351,#1352));
#581=AXIS2_PLACEMENT_3D('',#1353,#1354,#1355);
#582=EDGE_LOOP('',(#1356,#1357,#1358,#1359));
#583=AXIS2_PLACEMENT_3D('',#1360,#1361,#1362);
#584=EDGE_LOOP('',(#1363,#1364,#1365,#1366));
#585=AXIS2_PLACEMENT_3D('',#1367,#1368,#1369);
#586=EDGE_LOOP('',(#1370,#1371,#1372,#1373));
#587=AXIS2_PLACEMENT_3D('',#1374,#1375,#1376);
#588=EDGE_LOOP('',(#1377,#1378,#1379,#1380,#1381,#1382,#1383,#1384,#1385,#1386,#1387,#1388,#1389));
#589=EDGE_LOOP('',(#1390,#1391));
#590=EDGE_LOOP('',(#1392,#1393));
#591=EDGE_LOOP('',(#1394,#1395));
#592=EDGE_LOOP('',(#1396,#1397));
#593=AXIS2_PLACEMENT_3D('',#1398,#1399,#1400);
#594=EDGE_LOOP('',(#1401,#1402,#1403,#1404));
#595=AXIS2_PLACEMENT_3D('',#1405,#1406,#1407);
#596=EDGE_LOOP('',(#1408,#1409,#1410,#1411));
#597=AXIS2_PLACEMENT_3D('',#1412,#1413,#1414);
#598=EDGE_LOOP('',(#1415,#1416,#1417,#1418));
#599=AXIS2_PLACEMENT_3D('',#1419,#1420,#1421);
#600=EDGE_LOOP('',(#1422,#1423,#1424,#1425));
#601=AXIS2_PLACEMENT_3D('',#1426,#1427,#1428);
#602=EDGE_LOOP('',(#1429,#1430,#1431,#1432));
#603=AXIS2_PLACEMENT_3D('',#1433,#1434,#1435);
#604=EDGE_LOOP('',(#1436,#1437,#1438,#1439));
#605=AXIS2_PLACEMENT_3D('',#1440,#1441,#1442);
#606=EDGE_LOOP('',(#1443,#1444,#1445,#1446));
#607=AXIS2_PLACEMENT_3D('',#1447,#1448,#1449);
#608=EDGE_LOOP('',(#1450,#1451,#1452,#1453));
#609=AXIS2_PLACEMENT_3D('',#1454,#1455,#1456);
#610=EDGE_LOOP('',(#1457,#1458,#1459,#1460));
#611=AXIS2_PLACEMENT_3D('',#1461,#1462,#1463);
#612=EDGE_LOOP('',(#1464,#1465,#1466,#1467));
#613=AXIS2_PLACEMENT_3D('',#1468,#1469,#1470);
#614=EDGE_LOOP('',(#1471,#1472,#1473,#1474,#1475));
#615=AXIS2_PLACEMENT_3D('',#1476,#1477,#1478);
#616=FILL_AREA_STYLE_COLOUR('',#1479);
#617=ORIENTED_EDGE('',*,*,#1480,.F.);
#618=ORIENTED_EDGE('',*,*,#1481,.T.);
#619=ORIENTED_EDGE('',*,*,#1482,.T.);
#620=ORIENTED_EDGE('',*,*,#1483,.T.);
#621=ORIENTED_EDGE('',*,*,#1484,.T.);
#622=CARTESIAN_POINT('',(-0.000166554021319921,0.00679983262538861,0.182987219809854));
#623=DIRECTION('',(-1.02386147236979E-05,-0.999999999946749,-1.29343783326258E-06));
#624=DIRECTION('',(0.0,1.29343783333037E-06,-0.999999999999164));
#625=ORIENTED_EDGE('',*,*,#1485,.F.);
#626=ORIENTED_EDGE('',*,*,#1486,.T.);
#627=ORIENTED_EDGE('',*,*,#1487,.F.);
#628=ORIENTED_EDGE('',*,*,#1488,.F.);
#629=CARTESIAN_POINT('',(-0.0211665140881272,0.0107000373402314,0.190947297161411));
#630=DIRECTION('',(1.02386147236979E-05,0.999999999946749,1.29343783326258E-06));
#631=DIRECTION('',(-0.999999999947585,1.02386147237065E-05,2.13981339843481E-27));
#632=ORIENTED_EDGE('',*,*,#1489,.F.);
#633=ORIENTED_EDGE('',*,*,#1490,.T.);
#634=ORIENTED_EDGE('',*,*,#1491,.F.);
#635=ORIENTED_EDGE('',*,*,#1492,.T.);
#636=CARTESIAN_POINT('',(-0.0211665192074346,0.0102000373402581,0.190947296514692));
#637=DIRECTION('',(1.02386147236979E-05,0.999999999946749,1.29343783326258E-06));
#638=DIRECTION('',(0.999999999947585,-1.02386147237065E-05,-2.6949936157466E-22));
#639=ORIENTED_EDGE('',*,*,#1493,.F.);
#640=ORIENTED_EDGE('',*,*,#1494,.T.);
#641=ORIENTED_EDGE('',*,*,#1495,.F.);
#642=ORIENTED_EDGE('',*,*,#1496,.F.);
#643=CARTESIAN_POINT('',(0.0145863828519751,0.0106996977955631,0.170447302457337));
#644=DIRECTION('',(1.02386147236979E-05,0.999999999946749,1.29343783326258E-06));
#645=DIRECTION('',(-0.999999999947586,1.02386147237065E-05,0.0));
#646=ORIENTED_EDGE('',*,*,#1497,.F.);
#647=ORIENTED_EDGE('',*,*,#1498,.T.);
#648=ORIENTED_EDGE('',*,*,#1499,.F.);
#649=ORIENTED_EDGE('',*,*,#1500,.T.);
#650=CARTESIAN_POINT('',(0.0145863777326677,0.0101996977955898,0.170447301810618));
#651=DIRECTION('',(1.02386147236979E-05,0.999999999946749,1.29343783326258E-06));
#652=DIRECTION('',(0.999999999947585,-1.02386147237065E-05,-2.69494856704348E-22));
#653=ORIENTED_EDGE('',*,*,#1501,.F.);
#654=ORIENTED_EDGE('',*,*,#1502,.T.);
#655=ORIENTED_EDGE('',*,*,#1503,.F.);
#656=ORIENTED_EDGE('',*,*,#1504,.F.);
#657=CARTESIAN_POINT('',(0.0208334724074102,0.0106996073185513,0.190947297152969));
#658=DIRECTION('',(1.02386147236979E-05,0.999999999946749,1.29343783326258E-06));
#659=DIRECTION('',(-0.999999999947585,1.02386147237065E-05,0.0));
#660=ORIENTED_EDGE('',*,*,#1505,.F.);
#661=ORIENTED_EDGE('',*,*,#1506,.T.);
#662=ORIENTED_EDGE('',*,*,#1507,.F.);
#663=ORIENTED_EDGE('',*,*,#1508,.T.);
#664=CARTESIAN_POINT('',(0.0208334672881029,0.0101996073185779,0.19094729650625));
#665=DIRECTION('',(1.02386147236979E-05,0.999999999946749,1.29343783326258E-06));
#666=DIRECTION('',(0.999999999947585,-1.02386147237065E-05,-2.69560177323877E-22));
#667=ORIENTED_EDGE('',*,*,#1509,.F.);
#668=ORIENTED_EDGE('',*,*,#1510,.T.);
#669=ORIENTED_EDGE('',*,*,#1511,.F.);
#670=ORIENTED_EDGE('',*,*,#1512,.F.);
#671=CARTESIAN_POINT('',(-0.0149182807845208,0.0106999998824467,0.170447302463267));
#672=DIRECTION('',(1.02386147236979E-05,0.999999999946749,1.29343783326258E-06));
#673=DIRECTION('',(-0.999999999947585,1.02386147237065E-05,0.0));
#674=ORIENTED_EDGE('',*,*,#1513,.F.);
#675=ORIENTED_EDGE('',*,*,#1514,.T.);
#676=ORIENTED_EDGE('',*,*,#1515,.F.);
#677=ORIENTED_EDGE('',*,*,#1516,.T.);
#678=CARTESIAN_POINT('',(-0.0149182859038281,0.0101999998824733,0.170447301816548));
#679=DIRECTION('',(1.02386147236979E-05,0.999999999946749,1.29343783326258E-06));
#680=DIRECTION('',(0.999999999947585,-1.02386147237065E-05,-2.69542157842628E-22));
#681=ORIENTED_EDGE('',*,*,#1517,.F.);
#682=ORIENTED_EDGE('',*,*,#1518,.F.);
#683=ORIENTED_EDGE('',*,*,#1519,.T.);
#684=ORIENTED_EDGE('',*,*,#1520,.T.);
#685=CARTESIAN_POINT('',(0.0243857736742419,0.00379956836083276,0.192947288227532));
#686=DIRECTION('',(1.02386147237129E-05,0.999999999946749,1.29343783326258E-06));
#687=DIRECTION('',(0.819152044353749,-9.12886764559674E-06,0.573576436185917));
#688=ORIENTED_EDGE('',*,*,#1521,.F.);
#689=ORIENTED_EDGE('',*,*,#1522,.F.);
#690=ORIENTED_EDGE('',*,*,#1523,.T.);
#691=ORIENTED_EDGE('',*,*,#1524,.T.);
#692=CARTESIAN_POINT('',(0.0148334324755719,0.00679967946535701,0.182663237476352));
#693=DIRECTION('',(-1.87755844793621E-10,1.29343783525273E-06,-0.999999999999164));
#694=DIRECTION('',(-0.707099541355583,0.707114020942795,9.14740790597608E-07));
#695=ORIENTED_EDGE('',*,*,#1525,.F.);
#696=ORIENTED_EDGE('',*,*,#1526,.F.);
#697=ORIENTED_EDGE('',*,*,#1527,.T.);
#698=ORIENTED_EDGE('',*,*,#1483,.F.);
#699=CARTESIAN_POINT('',(-0.0151665540198941,0.00679998179875429,0.186393533635343));
#700=DIRECTION('',(-1.87755890748391E-10,1.29343783525273E-06,-0.999999999999164));
#701=DIRECTION('',(0.707114020943386,0.707099541354993,9.14456535256303E-07));
#702=ORIENTED_EDGE('',*,*,#1528,.F.);
#703=ORIENTED_EDGE('',*,*,#1529,.F.);
#704=ORIENTED_EDGE('',*,*,#1530,.T.);
#705=ORIENTED_EDGE('',*,*,#1531,.T.);
#706=CARTESIAN_POINT('',(-0.0247178128906187,0.00380007111353717,0.192947288237402));
#707=DIRECTION('',(1.02386147236829E-05,0.999999999946749,1.29343783326258E-06));
#708=DIRECTION('',(-0.819152044138365,7.64509671720043E-06,0.573576436515213));
#709=ORIENTED_EDGE('',*,*,#1532,.F.);
#710=ORIENTED_EDGE('',*,*,#1533,.F.);
#711=ORIENTED_EDGE('',*,*,#1534,.T.);
#712=ORIENTED_EDGE('',*,*,#1535,.T.);
#713=CARTESIAN_POINT('',(-0.0161644436739507,0.0107000139348662,0.169447302463518));
#714=DIRECTION('',(1.02386147236829E-05,0.999999999946749,1.29343783326258E-06));
#715=DIRECTION('',(-0.573576436474783,6.9321503931452E-06,-0.819152044173018));
#716=ORIENTED_EDGE('',*,*,#1536,.F.);
#717=ORIENTED_EDGE('',*,*,#1537,.F.);
#718=ORIENTED_EDGE('',*,*,#1538,.T.);
#719=ORIENTED_EDGE('',*,*,#1539,.T.);
#720=CARTESIAN_POINT('',(0.0158325457416325,0.0106996863300193,0.169447302457087));
#721=DIRECTION('',(1.02386147237129E-05,0.999999999946749,1.29343783326258E-06));
#722=DIRECTION('',(0.573576436167182,-4.8131058993464E-06,-0.819152044403594));
#723=ORIENTED_EDGE('',*,*,#1540,.F.);
#724=ORIENTED_EDGE('',*,*,#1541,.T.);
#725=ORIENTED_EDGE('',*,*,#1542,.T.);
#726=ORIENTED_EDGE('',*,*,#1543,.F.);
#727=CARTESIAN_POINT('',(0.0261830229913937,0.00879954478583892,0.196947294694357));
#728=DIRECTION('',(0.999999999947585,-1.02386147234465E-05,-2.00998856446745E-10));
#729=DIRECTION('',(-7.23966113765224E-06,-0.707107695747564,0.707105866587286));
#730=ORIENTED_EDGE('',*,*,#1544,.F.);
#731=ORIENTED_EDGE('',*,*,#1545,.T.);
#732=ORIENTED_EDGE('',*,*,#1546,.T.);
#733=ORIENTED_EDGE('',*,*,#1547,.F.);
#734=CARTESIAN_POINT('',(0.0211183416181386,0.00879962855357504,0.172274740659377));
#735=DIRECTION('',(-0.342020143484175,4.71724646441739E-06,-0.939692620716376));
#736=DIRECTION('',(0.664455784514532,-0.707113271518638,-0.241845677379991));
#737=ORIENTED_EDGE('',*,*,#1548,.F.);
#738=ORIENTED_EDGE('',*,*,#1549,.T.);
#739=ORIENTED_EDGE('',*,*,#1550,.T.);
#740=ORIENTED_EDGE('',*,*,#1551,.F.);
#741=CARTESIAN_POINT('',(-0.0002795683679858,0.00879985646940134,0.165447300002797));
#742=DIRECTION('',(-0.999999999947585,1.02386147234465E-05,2.00999070638056E-10));
#743=DIRECTION('',(-7.23992666466564E-06,-0.707105866550218,-0.707107695784629));
#744=ORIENTED_EDGE('',*,*,#1552,.T.);
#745=ORIENTED_EDGE('',*,*,#1553,.T.);
#746=ORIENTED_EDGE('',*,*,#1554,.T.);
#747=ORIENTED_EDGE('',*,*,#1555,.F.);
#748=ORIENTED_EDGE('',*,*,#1556,.F.);
#749=ORIENTED_EDGE('',*,*,#1526,.T.);
#750=ORIENTED_EDGE('',*,*,#1557,.T.);
#751=CARTESIAN_POINT('',(-0.0151665540179126,0.00679996814812377,0.196947292115792));
#752=DIRECTION('',(1.87755844793543E-10,-1.29343783525273E-06,0.999999999999164));
#753=DIRECTION('',(1.0,0.0,-1.877558447937E-10));
#754=ORIENTED_EDGE('',*,*,#1558,.F.);
#755=ORIENTED_EDGE('',*,*,#1559,.T.);
#756=ORIENTED_EDGE('',*,*,#1560,.T.);
#757=ORIENTED_EDGE('',*,*,#1561,.F.);
#758=CARTESIAN_POINT('',(-0.0214928115702315,0.00880006468160593,0.172391599438578));
#759=DIRECTION('',(-0.342020143131309,2.28637848593316E-06,0.939692620853868));
#760=DIRECTION('',(-0.664470264193161,-0.707099665156817,-0.241845677112881));
#761=ORIENTED_EDGE('',*,*,#1562,.F.);
#762=ORIENTED_EDGE('',*,*,#1555,.T.);
#763=ORIENTED_EDGE('',*,*,#1563,.T.);
#764=ORIENTED_EDGE('',*,*,#1564,.F.);
#765=CARTESIAN_POINT('',(0.0261830229913937,0.00879954478583892,0.196947294694357));
#766=DIRECTION('',(-0.999999999947585,1.02386147234465E-05,2.00998856446745E-10));
#767=DIRECTION('',(-7.23966113765224E-06,-0.707107695747564,0.707105866587286));
#768=ORIENTED_EDGE('',*,*,#1565,.F.);
#769=ORIENTED_EDGE('',*,*,#1566,.F.);
#770=ORIENTED_EDGE('',*,*,#1567,.F.);
#771=ORIENTED_EDGE('',*,*,#1568,.F.);
#772=CARTESIAN_POINT('',(-0.00016621102741464,-0.00970013689991084,0.18298726314006));
#773=DIRECTION('',(1.02386147236979E-05,0.999999999946749,1.29343783326258E-06));
#774=DIRECTION('',(-0.999999999947585,1.02386147237065E-05,5.70616906247368E-27));
#775=ORIENTED_EDGE('',*,*,#1569,.F.);
#776=ORIENTED_EDGE('',*,*,#1570,.T.);
#777=ORIENTED_EDGE('',*,*,#1571,.F.);
#778=ORIENTED_EDGE('',*,*,#1572,.T.);
#779=CARTESIAN_POINT('',(-0.000166052336974445,0.00579907314650676,0.182987283187325));
#780=DIRECTION('',(-1.02386147236979E-05,-0.999999999946749,-1.29343783326258E-06));
#781=DIRECTION('',(0.999999999947585,-1.02386147237065E-05,-4.42333875233131E-22));
#782=ORIENTED_EDGE('',*,*,#1573,.F.);
#783=ORIENTED_EDGE('',*,*,#1574,.F.);
#784=ORIENTED_EDGE('',*,*,#1575,.T.);
#785=ORIENTED_EDGE('',*,*,#1576,.F.);
#786=CARTESIAN_POINT('',(-0.00016649668507747,0.0123998326248721,0.182987227053105));
#787=DIRECTION('',(-1.02386147236979E-05,-0.999999999946749,-1.29343783326258E-06));
#788=DIRECTION('',(-1.87758686210722E-10,1.29343783525276E-06,-0.999999999999163));
#789=ORIENTED_EDGE('',*,*,#1577,.F.);
#790=ORIENTED_EDGE('',*,*,#1578,.F.);
#791=ORIENTED_EDGE('',*,*,#1579,.T.);
#792=ORIENTED_EDGE('',*,*,#1580,.F.);
#793=CARTESIAN_POINT('',(0.0128333751421162,0.00119968146750503,0.196947284866912));
#794=DIRECTION('',(1.02386147236979E-05,0.999999999946749,1.29343783326258E-06));
#795=DIRECTION('',(0.707106781282248,-8.1543925652559E-06,0.707106781043829));
#796=ORIENTED_EDGE('',*,*,#1581,.F.);
#797=ORIENTED_EDGE('',*,*,#1582,.F.);
#798=ORIENTED_EDGE('',*,*,#1583,.T.);
#799=ORIENTED_EDGE('',*,*,#1553,.F.);
#800=CARTESIAN_POINT('',(-0.0131666430939655,-0.00190005232848534,0.196947280862481));
#801=DIRECTION('',(1.02386147236979E-05,0.999999999946749,1.29343783326258E-06));
#802=DIRECTION('',(-0.707106781016717,6.32519523655495E-06,0.707106781328088));
#803=ORIENTED_EDGE('',*,*,#1584,.F.);
#804=ORIENTED_EDGE('',*,*,#1585,.T.);
#805=ORIENTED_EDGE('',*,*,#1586,.T.);
#806=ORIENTED_EDGE('',*,*,#1582,.T.);
#807=CARTESIAN_POINT('',(0.0307199593397936,0.000299498333457182,0.196947283699223));
#808=DIRECTION('',(-0.999999999947585,1.02386147234465E-05,2.00998856446745E-10));
#809=DIRECTION('',(-7.23966113765224E-06,-0.707107695747564,0.707105866587286));
#810=ORIENTED_EDGE('',*,*,#1587,.F.);
#811=ORIENTED_EDGE('',*,*,#1588,.F.);
#812=ORIENTED_EDGE('',*,*,#1589,.T.);
#813=ORIENTED_EDGE('',*,*,#1578,.T.);
#814=CARTESIAN_POINT('',(0.012833365929363,0.000299667689469518,0.207599458831549));
#815=DIRECTION('',(1.8775584479352E-10,-1.29343783525273E-06,0.999999999999164));
#816=DIRECTION('',(0.707099541355583,-0.707114020942795,-9.14740790597608E-07));
#817=ORIENTED_EDGE('',*,*,#1590,.F.);
#818=ORIENTED_EDGE('',*,*,#1576,.T.);
#819=ORIENTED_EDGE('',*,*,#1588,.T.);
#820=ORIENTED_EDGE('',*,*,#1591,.T.);
#821=ORIENTED_EDGE('',*,*,#1592,.T.);
#822=CARTESIAN_POINT('',(-0.000166620572315625,0.000299832625734716,0.182987211402508));
#823=DIRECTION('',(-1.02386147236979E-05,-0.999999999946749,-1.29343783326258E-06));
#824=DIRECTION('',(0.0,1.29343783333037E-06,-0.999999999999163));
#825=ORIENTED_EDGE('',*,*,#1593,.F.);
#826=ORIENTED_EDGE('',*,*,#1594,.T.);
#827=ORIENTED_EDGE('',*,*,#1595,.T.);
#828=ORIENTED_EDGE('',*,*,#1596,.T.);
#829=CARTESIAN_POINT('',(-0.0131666205663128,0.000299929068407902,0.211329754989736));
#830=DIRECTION('',(-1.87755890748391E-10,1.29343783525273E-06,-0.999999999999164));
#831=DIRECTION('',(-0.707114020943384,-0.707099541354994,-9.14456535256305E-07));
#832=ORIENTED_EDGE('',*,*,#1597,.F.);
#833=ORIENTED_EDGE('',*,*,#1598,.T.);
#834=ORIENTED_EDGE('',*,*,#1599,.F.);
#835=ORIENTED_EDGE('',*,*,#1600,.F.);
#836=CARTESIAN_POINT('',(0.00433722857773143,0.000799783149562253,0.185587276720086));
#837=DIRECTION('',(1.0238614723496E-05,0.999999999946749,1.29343782955326E-06));
#838=DIRECTION('',(-0.999999999947585,1.02386147235046E-05,0.0));
#839=ORIENTED_EDGE('',*,*,#1601,.F.);
#840=ORIENTED_EDGE('',*,*,#1602,.F.);
#841=ORIENTED_EDGE('',*,*,#1603,.F.);
#842=ORIENTED_EDGE('',*,*,#1604,.T.);
#843=CARTESIAN_POINT('',(-0.00466943562129929,0.000799875365326976,0.185587276721896));
#844=DIRECTION('',(1.0238614723496E-05,0.999999999946749,1.29343782955326E-06));
#845=DIRECTION('',(-0.999999999947585,1.02386147235046E-05,0.0));
#846=ORIENTED_EDGE('',*,*,#1605,.F.);
#847=ORIENTED_EDGE('',*,*,#1606,.F.);
#848=ORIENTED_EDGE('',*,*,#1607,.F.);
#849=ORIENTED_EDGE('',*,*,#1608,.T.);
#850=CARTESIAN_POINT('',(-0.00466943562213097,0.000799882091203694,0.1803872767219));
#851=DIRECTION('',(1.0238614723496E-05,0.999999999946749,1.29343782955326E-06));
#852=DIRECTION('',(-0.999999999947585,1.02386147235046E-05,2.67476674036836E-27));
#853=ORIENTED_EDGE('',*,*,#1609,.F.);
#854=ORIENTED_EDGE('',*,*,#1610,.T.);
#855=ORIENTED_EDGE('',*,*,#1611,.F.);
#856=ORIENTED_EDGE('',*,*,#1612,.F.);
#857=CARTESIAN_POINT('',(0.00433722857661046,0.000799789875439024,0.18038727672009));
#858=DIRECTION('',(1.0238614723496E-05,0.999999999946749,1.29343782955326E-06));
#859=DIRECTION('',(-0.999999999947585,1.02386147235046E-05,0.0));
#860=ORIENTED_EDGE('',*,*,#1613,.T.);
#861=ORIENTED_EDGE('',*,*,#1614,.F.);
#862=ORIENTED_EDGE('',*,*,#1615,.T.);
#863=ORIENTED_EDGE('',*,*,#1616,.F.);
#864=CARTESIAN_POINT('',(0.00416398765319842,-0.0027009511392564,0.180487272192257));
#865=DIRECTION('',(0.866025403645167,-8.22018153243968E-06,-0.500000000173655));
#866=DIRECTION('',(0.500000000136397,-6.2394573852681E-06,0.866025403683213));
#867=ORIENTED_EDGE('',*,*,#1609,.T.);
#868=ORIENTED_EDGE('',*,*,#1617,.F.);
#869=ORIENTED_EDGE('',*,*,#1613,.F.);
#870=ORIENTED_EDGE('',*,*,#1618,.T.);
#871=CARTESIAN_POINT('',(0.00433722857661046,0.000799789875439024,0.18038727672009));
#872=DIRECTION('',(1.0238614723496E-05,0.999999999946749,1.29343782955326E-06));
#873=DIRECTION('',(-0.999999999947585,1.02386147235046E-05,0.0));
#874=ORIENTED_EDGE('',*,*,#1611,.T.);
#875=ORIENTED_EDGE('',*,*,#1619,.F.);
#876=ORIENTED_EDGE('',*,*,#1620,.F.);
#877=ORIENTED_EDGE('',*,*,#1621,.F.);
#878=CARTESIAN_POINT('',(0.00416398765319842,-0.0027009511392564,0.180487272192257));
#879=DIRECTION('',(0.866025403645167,-8.22018153243968E-06,-0.500000000173655));
#880=DIRECTION('',(0.500000000136397,-6.2394573852681E-06,0.866025403683213));
#881=ORIENTED_EDGE('',*,*,#1616,.T.);
#882=ORIENTED_EDGE('',*,*,#1622,.F.);
#883=ORIENTED_EDGE('',*,*,#1623,.T.);
#884=ORIENTED_EDGE('',*,*,#1624,.F.);
#885=ORIENTED_EDGE('',*,*,#1619,.T.);
#886=ORIENTED_EDGE('',*,*,#1610,.F.);
#887=ORIENTED_EDGE('',*,*,#1618,.F.);
#888=CARTESIAN_POINT('',(0.0165555394153356,4.96388269051878E-05,0.200450024197816));
#889=DIRECTION('',(-0.612379675391214,-0.707100968602791,0.353552476117402));
#890=DIRECTION('',(0.499994596696631,0.0,0.866028523360618));
#891=ORIENTED_EDGE('',*,*,#1625,.T.);
#892=ORIENTED_EDGE('',*,*,#1626,.F.);
#893=ORIENTED_EDGE('',*,*,#1627,.T.);
#894=ORIENTED_EDGE('',*,*,#1628,.F.);
#895=CARTESIAN_POINT('',(0.00854436063350727,-0.00270100641906832,0.17798727219111));
#896=DIRECTION('',(-1.87758361145216E-10,1.29343783525276E-06,-0.999999999999164));
#897=DIRECTION('',(0.999999999947585,-1.02386147234465E-05,-2.01001372799424E-10));
#898=ORIENTED_EDGE('',*,*,#1629,.F.);
#899=ORIENTED_EDGE('',*,*,#1630,.F.);
#900=ORIENTED_EDGE('',*,*,#1625,.F.);
#901=ORIENTED_EDGE('',*,*,#1631,.T.);
#902=CARTESIAN_POINT('',(-0.000166103523248442,0.000799839346259722,0.177787276720872));
#903=DIRECTION('',(1.0238614723496E-05,0.999999999946749,1.29343782955326E-06));
#904=DIRECTION('',(-0.999999999947585,1.02386147235046E-05,0.0));
#905=ORIENTED_EDGE('',*,*,#1629,.T.);
#906=ORIENTED_EDGE('',*,*,#1632,.F.);
#907=ORIENTED_EDGE('',*,*,#1615,.F.);
#908=ORIENTED_EDGE('',*,*,#1633,.F.);
#909=CARTESIAN_POINT('',(0.00854436063350727,-0.00270100641906832,0.17798727219111));
#910=DIRECTION('',(-1.87758361145216E-10,1.29343783525276E-06,-0.999999999999164));
#911=DIRECTION('',(0.999999999947585,-1.02386147234465E-05,-2.01001372799424E-10));
#912=ORIENTED_EDGE('',*,*,#1628,.T.);
#913=ORIENTED_EDGE('',*,*,#1634,.T.);
#914=ORIENTED_EDGE('',*,*,#1635,.T.);
#915=ORIENTED_EDGE('',*,*,#1622,.T.);
#916=ORIENTED_EDGE('',*,*,#1632,.T.);
#917=ORIENTED_EDGE('',*,*,#1631,.F.);
#918=CARTESIAN_POINT('',(0.00854438879845631,4.97508742369097E-05,0.177237275749043));
#919=DIRECTION('',(-7.23966113587281E-06,-0.707107695747554,0.707105866587297));
#920=DIRECTION('',(0.999999999947587,-5.98943515555248E-22,1.02384402075945E-05));
#921=ORIENTED_EDGE('',*,*,#1607,.T.);
#922=ORIENTED_EDGE('',*,*,#1636,.F.);
#923=ORIENTED_EDGE('',*,*,#1637,.T.);
#924=ORIENTED_EDGE('',*,*,#1638,.F.);
#925=CARTESIAN_POINT('',(-0.00449626638419208,-0.0027008624702519,0.180487272193998));
#926=DIRECTION('',(-0.866025403832926,9.51361936769244E-06,-0.499999999825509));
#927=DIRECTION('',(0.499999999811189,-3.99915733817841E-06,-0.866025403884215));
#928=ORIENTED_EDGE('',*,*,#1605,.T.);
#929=ORIENTED_EDGE('',*,*,#1639,.T.);
#930=ORIENTED_EDGE('',*,*,#1640,.F.);
#931=ORIENTED_EDGE('',*,*,#1641,.F.);
#932=CARTESIAN_POINT('',(-0.00466943562213097,0.000799882091203694,0.1803872767219));
#933=DIRECTION('',(1.0238614723496E-05,0.999999999946749,1.29343782955326E-06));
#934=DIRECTION('',(-0.999999999947585,1.02386147235046E-05,2.67476674036836E-27));
#935=ORIENTED_EDGE('',*,*,#1640,.T.);
#936=ORIENTED_EDGE('',*,*,#1642,.F.);
#937=ORIENTED_EDGE('',*,*,#1627,.F.);
#938=ORIENTED_EDGE('',*,*,#1643,.F.);
#939=CARTESIAN_POINT('',(-0.00449626638419208,-0.0027008624702519,0.180487272193998));
#940=DIRECTION('',(-0.866025403832926,9.51361936769244E-06,-0.499999999825509));
#941=DIRECTION('',(0.499999999811189,-3.99915733817841E-06,-0.866025403884215));
#942=ORIENTED_EDGE('',*,*,#1638,.T.);
#943=ORIENTED_EDGE('',*,*,#1644,.F.);
#944=ORIENTED_EDGE('',*,*,#1645,.T.);
#945=ORIENTED_EDGE('',*,*,#1634,.F.);
#946=ORIENTED_EDGE('',*,*,#1642,.T.);
#947=ORIENTED_EDGE('',*,*,#1639,.F.);
#948=ORIENTED_EDGE('',*,*,#1608,.F.);
#949=CARTESIAN_POINT('',(-0.0147101368114713,4.99638226515477E-05,0.19667826706324));
#950=DIRECTION('',(0.612365195936177,-0.707113508293664,0.353552475871226));
#951=DIRECTION('',(0.500003463248937,0.0,-0.8660234042675));
#952=ORIENTED_EDGE('',*,*,#1603,.T.);
#953=ORIENTED_EDGE('',*,*,#1646,.F.);
#954=ORIENTED_EDGE('',*,*,#1647,.T.);
#955=ORIENTED_EDGE('',*,*,#1648,.F.);
#956=CARTESIAN_POINT('',(-0.00449626638325326,-0.00270086893744108,0.185487272193993));
#957=DIRECTION('',(-0.866025403645167,8.22018153243968E-06,0.500000000173655));
#958=DIRECTION('',(-0.500000000136397,6.2394573852681E-06,-0.866025403683213));
#959=ORIENTED_EDGE('',*,*,#1601,.T.);
#960=ORIENTED_EDGE('',*,*,#1649,.T.);
#961=ORIENTED_EDGE('',*,*,#1650,.F.);
#962=ORIENTED_EDGE('',*,*,#1651,.F.);
#963=CARTESIAN_POINT('',(-0.00466943562129929,0.000799875365326976,0.185587276721896));
#964=DIRECTION('',(1.0238614723496E-05,0.999999999946749,1.29343782955326E-06));
#965=DIRECTION('',(-0.999999999947585,1.02386147235046E-05,0.0));
#966=ORIENTED_EDGE('',*,*,#1650,.T.);
#967=ORIENTED_EDGE('',*,*,#1652,.F.);
#968=ORIENTED_EDGE('',*,*,#1637,.F.);
#969=ORIENTED_EDGE('',*,*,#1653,.F.);
#970=CARTESIAN_POINT('',(-0.00449626638325326,-0.00270086893744108,0.185487272193993));
#971=DIRECTION('',(-0.866025403645167,8.22018153243968E-06,0.500000000173655));
#972=DIRECTION('',(-0.500000000136397,6.2394573852681E-06,-0.866025403683213));
#973=ORIENTED_EDGE('',*,*,#1648,.T.);
#974=ORIENTED_EDGE('',*,*,#1654,.F.);
#975=ORIENTED_EDGE('',*,*,#1655,.T.);
#976=ORIENTED_EDGE('',*,*,#1644,.T.);
#977=ORIENTED_EDGE('',*,*,#1652,.T.);
#978=ORIENTED_EDGE('',*,*,#1649,.F.);
#979=ORIENTED_EDGE('',*,*,#1604,.F.);
#980=CARTESIAN_POINT('',(0.00659624727341617,4.97333589928109E-05,0.206200024199813));
#981=DIRECTION('',(0.612365195803413,-0.707112593694998,-0.353554305314729));
#982=DIRECTION('',(-0.500005403753834,0.0,-0.866022283903229));
#983=ORIENTED_EDGE('',*,*,#1656,.T.);
#984=ORIENTED_EDGE('',*,*,#1657,.F.);
#985=ORIENTED_EDGE('',*,*,#1620,.T.);
#986=ORIENTED_EDGE('',*,*,#1658,.F.);
#987=CARTESIAN_POINT('',(0.00416398765413715,-0.00270095760644557,0.185487272192253));
#988=DIRECTION('',(0.866025403832925,-9.51361936769243E-06,0.499999999825511));
#989=DIRECTION('',(-0.49999999981119,3.99915733817842E-06,0.866025403884214));
#990=ORIENTED_EDGE('',*,*,#1597,.T.);
#991=ORIENTED_EDGE('',*,*,#1659,.F.);
#992=ORIENTED_EDGE('',*,*,#1656,.F.);
#993=ORIENTED_EDGE('',*,*,#1660,.T.);
#994=CARTESIAN_POINT('',(0.00433722857773143,0.000799783149562253,0.185587276720086));
#995=DIRECTION('',(1.0238614723496E-05,0.999999999946749,1.29343782955326E-06));
#996=DIRECTION('',(-0.999999999947585,1.02386147235046E-05,0.0));
#997=ORIENTED_EDGE('',*,*,#1599,.T.);
#998=ORIENTED_EDGE('',*,*,#1661,.F.);
#999=ORIENTED_EDGE('',*,*,#1662,.F.);
#1000=ORIENTED_EDGE('',*,*,#1663,.F.);
#1001=CARTESIAN_POINT('',(0.00416398765413715,-0.00270095760644557,0.185487272192253));
#1002=DIRECTION('',(0.866025403832925,-9.51361936769243E-06,0.499999999825511));
#1003=DIRECTION('',(-0.49999999981119,3.99915733817842E-06,0.866025403884214));
#1004=ORIENTED_EDGE('',*,*,#1658,.T.);
#1005=ORIENTED_EDGE('',*,*,#1624,.T.);
#1006=ORIENTED_EDGE('',*,*,#1664,.T.);
#1007=ORIENTED_EDGE('',*,*,#1665,.F.);
#1008=ORIENTED_EDGE('',*,*,#1661,.T.);
#1009=ORIENTED_EDGE('',*,*,#1598,.F.);
#1010=ORIENTED_EDGE('',*,*,#1660,.F.);
#1011=CARTESIAN_POINT('',(-0.00475084466739271,4.98544160288106E-05,0.202428267061233));
#1012=DIRECTION('',(-0.612379675523983,-0.707100054004122,-0.353554305068556));
#1013=DIRECTION('',(-0.499996536505239,0.0,0.866027403424837));
#1014=ORIENTED_EDGE('',*,*,#1666,.T.);
#1015=ORIENTED_EDGE('',*,*,#1667,.F.);
#1016=ORIENTED_EDGE('',*,*,#1662,.T.);
#1017=ORIENTED_EDGE('',*,*,#1668,.F.);
#1018=CARTESIAN_POINT('',(0.00854436063538482,-0.00270101935344667,0.187987272191102));
#1019=DIRECTION('',(1.87758361145216E-10,-1.29343783525276E-06,0.999999999999164));
#1020=DIRECTION('',(-0.999999999947585,1.02386147234465E-05,2.01001372799424E-10));
#1021=ORIENTED_EDGE('',*,*,#1669,.F.);
#1022=ORIENTED_EDGE('',*,*,#1670,.F.);
#1023=ORIENTED_EDGE('',*,*,#1666,.F.);
#1024=ORIENTED_EDGE('',*,*,#1671,.T.);
#1025=CARTESIAN_POINT('',(-0.000166103521295771,0.000799825894506275,0.188187276720863));
#1026=DIRECTION('',(1.0238614723496E-05,0.999999999946749,1.29343782955326E-06));
#1027=DIRECTION('',(-0.999999999947585,1.02386147235046E-05,0.0));
#1028=ORIENTED_EDGE('',*,*,#1669,.T.);
#1029=ORIENTED_EDGE('',*,*,#1672,.F.);
#1030=ORIENTED_EDGE('',*,*,#1647,.F.);
#1031=ORIENTED_EDGE('',*,*,#1673,.F.);
#1032=CARTESIAN_POINT('',(0.00854436063538482,-0.00270101935344667,0.187987272191102));
#1033=DIRECTION('',(1.87758361145216E-10,-1.29343783525276E-06,0.999999999999164));
#1034=DIRECTION('',(-0.999999999947585,1.02386147234465E-05,2.01001372799424E-10));
#1035=ORIENTED_EDGE('',*,*,#1668,.T.);
#1036=ORIENTED_EDGE('',*,*,#1665,.T.);
#1037=ORIENTED_EDGE('',*,*,#1674,.T.);
#1038=ORIENTED_EDGE('',*,*,#1654,.T.);
#1039=ORIENTED_EDGE('',*,*,#1672,.T.);
#1040=ORIENTED_EDGE('',*,*,#1671,.F.);
#1041=CARTESIAN_POINT('',(0.00854438880061552,4.97359997018235E-05,0.188737275749034));
#1042=DIRECTION('',(-7.2399266662936E-06,-0.707105866550227,-0.707107695784621));
#1043=DIRECTION('',(-0.999999999947584,-5.98941966164844E-22,1.02387892382935E-05));
#1044=ORIENTED_EDGE('',*,*,#1670,.T.);
#1045=ORIENTED_EDGE('',*,*,#1673,.T.);
#1046=ORIENTED_EDGE('',*,*,#1675,.F.);
#1047=ORIENTED_EDGE('',*,*,#1676,.T.);
#1048=ORIENTED_EDGE('',*,*,#1677,.F.);
#1049=ORIENTED_EDGE('',*,*,#1667,.T.);
#1050=CARTESIAN_POINT('',(-0.0467432554300678,0.00549954395337086,0.187687282808401));
#1051=DIRECTION('',(-7.23992666629415E-06,-0.707105866550281,-0.707107695784567));
#1052=DIRECTION('',(-0.999999999947584,-5.98941966164891E-22,1.02387892382951E-05));
#1053=ORIENTED_EDGE('',*,*,#1659,.T.);
#1054=ORIENTED_EDGE('',*,*,#1600,.T.);
#1055=ORIENTED_EDGE('',*,*,#1663,.T.);
#1056=ORIENTED_EDGE('',*,*,#1677,.T.);
#1057=ORIENTED_EDGE('',*,*,#1678,.T.);
#1058=ORIENTED_EDGE('',*,*,#1679,.F.);
#1059=ORIENTED_EDGE('',*,*,#1657,.T.);
#1060=CARTESIAN_POINT('',(-0.0818618503565283,0.00549971441688308,0.333888550486691));
#1061=DIRECTION('',(-0.612379675524008,-0.707100054004093,-0.35355430506857));
#1062=DIRECTION('',(-0.499996536505239,0.0,0.866027403424837));
#1063=ORIENTED_EDGE('',*,*,#1572,.F.);
#1064=ORIENTED_EDGE('',*,*,#1680,.F.);
#1065=ORIENTED_EDGE('',*,*,#1676,.F.);
#1066=ORIENTED_EDGE('',*,*,#1681,.F.);
#1067=ORIENTED_EDGE('',*,*,#1682,.F.);
#1068=ORIENTED_EDGE('',*,*,#1683,.F.);
#1069=ORIENTED_EDGE('',*,*,#1684,.F.);
#1070=ORIENTED_EDGE('',*,*,#1678,.F.);
#1071=CARTESIAN_POINT('',(-0.102030952318035,0.00579967979307213,0.520312269532435));
#1072=DIRECTION('',(-1.02386147236979E-05,-0.999999999946749,-1.29343783326258E-06));
#1073=DIRECTION('',(-0.999999999947585,1.02386147234465E-05,2.00998856447751E-10));
#1074=ORIENTED_EDGE('',*,*,#1655,.F.);
#1075=ORIENTED_EDGE('',*,*,#1674,.F.);
#1076=ORIENTED_EDGE('',*,*,#1664,.F.);
#1077=ORIENTED_EDGE('',*,*,#1623,.F.);
#1078=ORIENTED_EDGE('',*,*,#1635,.F.);
#1079=ORIENTED_EDGE('',*,*,#1645,.F.);
#1080=ORIENTED_EDGE('',*,*,#1685,.F.);
#1081=ORIENTED_EDGE('',*,*,#1686,.F.);
#1082=ORIENTED_EDGE('',*,*,#1592,.F.);
#1083=ORIENTED_EDGE('',*,*,#1687,.F.);
#1084=ORIENTED_EDGE('',*,*,#1688,.F.);
#1085=CARTESIAN_POINT('',(0.0085443811309692,-0.000700320206581739,0.232192261125089));
#1086=DIRECTION('',(-1.02386147236979E-05,-0.999999999946749,-1.29343783326258E-06));
#1087=DIRECTION('',(-0.999999999947585,1.02386147234465E-05,2.00998856447751E-10));
#1088=ORIENTED_EDGE('',*,*,#1630,.T.);
#1089=ORIENTED_EDGE('',*,*,#1633,.T.);
#1090=ORIENTED_EDGE('',*,*,#1689,.F.);
#1091=ORIENTED_EDGE('',*,*,#1683,.T.);
#1092=ORIENTED_EDGE('',*,*,#1690,.F.);
#1093=ORIENTED_EDGE('',*,*,#1626,.T.);
#1094=CARTESIAN_POINT('',(-0.0467432554318327,0.00549955611168652,0.178287282808409));
#1095=DIRECTION('',(-7.23966113587187E-06,-0.707107695747463,0.707105866587388));
#1096=DIRECTION('',(0.999999999947587,0.0,1.02384402075919E-05));
#1097=ORIENTED_EDGE('',*,*,#1606,.T.);
#1098=ORIENTED_EDGE('',*,*,#1641,.T.);
#1099=ORIENTED_EDGE('',*,*,#1643,.T.);
#1100=ORIENTED_EDGE('',*,*,#1690,.T.);
#1101=ORIENTED_EDGE('',*,*,#1682,.T.);
#1102=ORIENTED_EDGE('',*,*,#1691,.T.);
#1103=ORIENTED_EDGE('',*,*,#1636,.T.);
#1104=CARTESIAN_POINT('',(-0.0900024891525576,0.00549980384490513,0.329188550488331));
#1105=DIRECTION('',(0.612365195936186,-0.707113508293654,0.353552475871231));
#1106=DIRECTION('',(0.500003463248937,0.0,-0.8660234042675));
#1107=ORIENTED_EDGE('',*,*,#1602,.T.);
#1108=ORIENTED_EDGE('',*,*,#1651,.T.);
#1109=ORIENTED_EDGE('',*,*,#1653,.T.);
#1110=ORIENTED_EDGE('',*,*,#1691,.F.);
#1111=ORIENTED_EDGE('',*,*,#1681,.T.);
#1112=ORIENTED_EDGE('',*,*,#1675,.T.);
#1113=ORIENTED_EDGE('',*,*,#1646,.T.);
#1114=CARTESIAN_POINT('',(0.0560635145766955,0.00549835930419587,0.289779754860488));
#1115=DIRECTION('',(0.612365195803407,-0.707112593695005,-0.353554305314726));
#1116=DIRECTION('',(-0.500005403753834,0.0,-0.866022283903229));
#1117=ORIENTED_EDGE('',*,*,#1617,.T.);
#1118=ORIENTED_EDGE('',*,*,#1612,.T.);
#1119=ORIENTED_EDGE('',*,*,#1621,.T.);
#1120=ORIENTED_EDGE('',*,*,#1679,.T.);
#1121=ORIENTED_EDGE('',*,*,#1684,.T.);
#1122=ORIENTED_EDGE('',*,*,#1689,.T.);
#1123=ORIENTED_EDGE('',*,*,#1614,.T.);
#1124=CARTESIAN_POINT('',(0.0642041533709601,0.00549828203448947,0.285079754858855));
#1125=DIRECTION('',(-0.612379675391203,-0.707100968602804,0.353552476117396));
#1126=DIRECTION('',(0.499994596696631,0.0,0.866028523360618));
#1127=ORIENTED_EDGE('',*,*,#1593,.T.);
#1128=ORIENTED_EDGE('',*,*,#1692,.T.);
#1129=ORIENTED_EDGE('',*,*,#1685,.T.);
#1130=ORIENTED_EDGE('',*,*,#1693,.T.);
#1131=CARTESIAN_POINT('',(-0.0131666205663128,0.000299929068407902,0.211329754989736));
#1132=DIRECTION('',(-1.87755890748391E-10,1.29343783525273E-06,-0.999999999999164));
#1133=DIRECTION('',(-0.707114020943384,-0.707099541354994,-9.14456535256305E-07));
#1134=ORIENTED_EDGE('',*,*,#1590,.T.);
#1135=ORIENTED_EDGE('',*,*,#1686,.T.);
#1136=ORIENTED_EDGE('',*,*,#1692,.F.);
#1137=ORIENTED_EDGE('',*,*,#1596,.F.);
#1138=ORIENTED_EDGE('',*,*,#1694,.T.);
#1139=CARTESIAN_POINT('',(-0.000166620572315625,0.000299832625734716,0.182987211402508));
#1140=DIRECTION('',(-1.02386147236979E-05,-0.999999999946749,-1.29343783326258E-06));
#1141=DIRECTION('',(0.0,1.29343783333037E-06,-0.999999999999163));
#1142=ORIENTED_EDGE('',*,*,#1587,.T.);
#1143=ORIENTED_EDGE('',*,*,#1695,.F.);
#1144=ORIENTED_EDGE('',*,*,#1687,.T.);
#1145=ORIENTED_EDGE('',*,*,#1591,.F.);
#1146=CARTESIAN_POINT('',(0.012833365929363,0.000299667689469518,0.207599458831549));
#1147=DIRECTION('',(1.8775584479352E-10,-1.29343783525273E-06,0.999999999999164));
#1148=DIRECTION('',(0.707099541355583,-0.707114020942795,-9.14740790597608E-07));
#1149=ORIENTED_EDGE('',*,*,#1584,.T.);
#1150=ORIENTED_EDGE('',*,*,#1693,.F.);
#1151=ORIENTED_EDGE('',*,*,#1688,.T.);
#1152=ORIENTED_EDGE('',*,*,#1695,.T.);
#1153=CARTESIAN_POINT('',(0.0307199593397936,0.000299498333457182,0.196947283699223));
#1154=DIRECTION('',(-0.999999999947585,1.02386147234465E-05,2.00998856446745E-10));
#1155=DIRECTION('',(-7.23966113765224E-06,-0.707107695747564,0.707105866587286));
#1156=ORIENTED_EDGE('',*,*,#1595,.F.);
#1157=ORIENTED_EDGE('',*,*,#1696,.F.);
#1158=ORIENTED_EDGE('',*,*,#1697,.F.);
#1159=ORIENTED_EDGE('',*,*,#1698,.T.);
#1160=CARTESIAN_POINT('',(-0.0141666308087921,-0.000700033708567672,0.190467246263345));
#1161=DIRECTION('',(-0.999999999947585,1.02386147234465E-05,2.00998902402534E-10));
#1162=DIRECTION('',(1.87755890748291E-10,-1.2934378352561E-06,0.999999999999164));
#1163=ORIENTED_EDGE('',*,*,#1581,.T.);
#1164=ORIENTED_EDGE('',*,*,#1552,.F.);
#1165=ORIENTED_EDGE('',*,*,#1696,.T.);
#1166=ORIENTED_EDGE('',*,*,#1594,.F.);
#1167=CARTESIAN_POINT('',(-0.0131666430939655,-0.00190005232848534,0.196947280862481));
#1168=DIRECTION('',(1.02386147236979E-05,0.999999999946749,1.29343783326258E-06));
#1169=DIRECTION('',(-0.707106781016717,6.32519523655495E-06,0.707106781328088));
#1170=ORIENTED_EDGE('',*,*,#1586,.F.);
#1171=ORIENTED_EDGE('',*,*,#1699,.F.);
#1172=ORIENTED_EDGE('',*,*,#1700,.F.);
#1173=ORIENTED_EDGE('',*,*,#1701,.F.);
#1174=ORIENTED_EDGE('',*,*,#1702,.F.);
#1175=ORIENTED_EDGE('',*,*,#1703,.T.);
#1176=ORIENTED_EDGE('',*,*,#1530,.F.);
#1177=ORIENTED_EDGE('',*,*,#1563,.F.);
#1178=ORIENTED_EDGE('',*,*,#1554,.F.);
#1179=ORIENTED_EDGE('',*,*,#1583,.F.);
#1180=CARTESIAN_POINT('',(0.0528954925055184,-0.00310073000658223,0.197947279297076));
#1181=DIRECTION('',(1.87755844793543E-10,-1.29343783525273E-06,0.999999999999164));
#1182=DIRECTION('',(0.999999999947585,-1.02386147234484E-05,-2.00998856447754E-10));
#1183=ORIENTED_EDGE('',*,*,#1577,.T.);
#1184=ORIENTED_EDGE('',*,*,#1704,.F.);
#1185=ORIENTED_EDGE('',*,*,#1699,.T.);
#1186=ORIENTED_EDGE('',*,*,#1585,.F.);
#1187=CARTESIAN_POINT('',(0.0128333751421162,0.00119968146750503,0.196947284866912));
#1188=DIRECTION('',(1.02386147236979E-05,0.999999999946749,1.29343783326258E-06));
#1189=DIRECTION('',(0.707106781282248,-8.1543925652559E-06,0.707106781043829));
#1190=ORIENTED_EDGE('',*,*,#1589,.F.);
#1191=ORIENTED_EDGE('',*,*,#1575,.F.);
#1192=ORIENTED_EDGE('',*,*,#1523,.F.);
#1193=ORIENTED_EDGE('',*,*,#1579,.F.);
#1194=CARTESIAN_POINT('',(0.0138334191654897,0.00549968925984054,0.18300666197111));
#1195=DIRECTION('',(0.999999999947585,-1.02386147234465E-05,-2.00998856447751E-10));
#1196=DIRECTION('',(1.02386147236979E-05,0.999999999946749,1.29343783326258E-06));
#1197=ORIENTED_EDGE('',*,*,#1573,.T.);
#1198=ORIENTED_EDGE('',*,*,#1694,.F.);
#1199=ORIENTED_EDGE('',*,*,#1698,.F.);
#1200=ORIENTED_EDGE('',*,*,#1481,.F.);
#1201=CARTESIAN_POINT('',(-0.00016649668507747,0.0123998326248721,0.182987227053105));
#1202=DIRECTION('',(-1.02386147236979E-05,-0.999999999946749,-1.29343783326258E-06));
#1203=DIRECTION('',(-1.87758686210722E-10,1.29343783525276E-06,-0.999999999999163));
#1204=ORIENTED_EDGE('',*,*,#1569,.T.);
#1205=ORIENTED_EDGE('',*,*,#1680,.T.);
#1206=ORIENTED_EDGE('',*,*,#1571,.T.);
#1207=ORIENTED_EDGE('',*,*,#1568,.T.);
#1208=CARTESIAN_POINT('',(-0.000166052336974445,0.00579907314650676,0.182987283187325));
#1209=DIRECTION('',(-1.02386147236979E-05,-0.999999999946749,-1.29343783326258E-06));
#1210=DIRECTION('',(0.999999999947585,-1.02386147237065E-05,-4.42333875233131E-22));
#1211=ORIENTED_EDGE('',*,*,#1565,.T.);
#1212=ORIENTED_EDGE('',*,*,#1570,.F.);
#1213=ORIENTED_EDGE('',*,*,#1567,.T.);
#1214=ORIENTED_EDGE('',*,*,#1705,.F.);
#1215=CARTESIAN_POINT('',(-0.00016621102741464,-0.00970013689991084,0.18298726314006));
#1216=DIRECTION('',(1.02386147236979E-05,0.999999999946749,1.29343783326258E-06));
#1217=DIRECTION('',(-0.999999999947585,1.02386147237065E-05,5.70616906247368E-27));
#1218=ORIENTED_EDGE('',*,*,#1516,.F.);
#1219=ORIENTED_EDGE('',*,*,#1706,.F.);
#1220=ORIENTED_EDGE('',*,*,#1500,.F.);
#1221=ORIENTED_EDGE('',*,*,#1707,.F.);
#1222=ORIENTED_EDGE('',*,*,#1566,.T.);
#1223=ORIENTED_EDGE('',*,*,#1705,.T.);
#1224=ORIENTED_EDGE('',*,*,#1531,.F.);
#1225=ORIENTED_EDGE('',*,*,#1703,.F.);
#1226=ORIENTED_EDGE('',*,*,#1708,.F.);
#1227=ORIENTED_EDGE('',*,*,#1520,.F.);
#1228=ORIENTED_EDGE('',*,*,#1709,.T.);
#1229=ORIENTED_EDGE('',*,*,#1710,.F.);
#1230=ORIENTED_EDGE('',*,*,#1539,.F.);
#1231=ORIENTED_EDGE('',*,*,#1711,.T.);
#1232=ORIENTED_EDGE('',*,*,#1712,.F.);
#1233=ORIENTED_EDGE('',*,*,#1535,.F.);
#1234=ORIENTED_EDGE('',*,*,#1713,.T.);
#1235=ORIENTED_EDGE('',*,*,#1714,.F.);
#1236=ORIENTED_EDGE('',*,*,#1492,.F.);
#1237=ORIENTED_EDGE('',*,*,#1715,.F.);
#1238=ORIENTED_EDGE('',*,*,#1508,.F.);
#1239=ORIENTED_EDGE('',*,*,#1716,.F.);
#1240=CARTESIAN_POINT('',(0.00854449273186964,0.0101996797928379,0.232192275223561));
#1241=DIRECTION('',(1.02386147236979E-05,0.999999999946749,1.29343783326258E-06));
#1242=DIRECTION('',(0.999999999947585,-1.02386147234465E-05,-2.00998856447751E-10));
#1243=ORIENTED_EDGE('',*,*,#1717,.T.);
#1244=ORIENTED_EDGE('',*,*,#1561,.T.);
#1245=ORIENTED_EDGE('',*,*,#1718,.T.);
#1246=ORIENTED_EDGE('',*,*,#1719,.T.);
#1247=ORIENTED_EDGE('',*,*,#1564,.T.);
#1248=ORIENTED_EDGE('',*,*,#1529,.T.);
#1249=ORIENTED_EDGE('',*,*,#1720,.T.);
#1250=CARTESIAN_POINT('',(-0.0247177616975451,0.00880007111311384,0.192947294704591));
#1251=DIRECTION('',(1.02386147236979E-05,0.999999999946749,1.29343783326258E-06));
#1252=DIRECTION('',(0.0,-1.29343783333037E-06,0.999999999999164));
#1253=ORIENTED_EDGE('',*,*,#1562,.T.);
#1254=ORIENTED_EDGE('',*,*,#1719,.F.);
#1255=ORIENTED_EDGE('',*,*,#1721,.T.);
#1256=ORIENTED_EDGE('',*,*,#1556,.T.);
#1257=CARTESIAN_POINT('',(0.0261830229913937,0.00879954478583892,0.196947294694357));
#1258=DIRECTION('',(-0.999999999947585,1.02386147234465E-05,2.00998856446745E-10));
#1259=DIRECTION('',(-7.23966113765224E-06,-0.707107695747564,0.707105866587286));
#1260=ORIENTED_EDGE('',*,*,#1558,.T.);
#1261=ORIENTED_EDGE('',*,*,#1717,.F.);
#1262=ORIENTED_EDGE('',*,*,#1722,.T.);
#1263=ORIENTED_EDGE('',*,*,#1723,.T.);
#1264=CARTESIAN_POINT('',(-0.0214928115702315,0.00880006468160593,0.172391599438578));
#1265=DIRECTION('',(-0.342020143131309,2.28637848593316E-06,0.939692620853868));
#1266=DIRECTION('',(-0.664470264193161,-0.707099665156817,-0.241845677112881));
#1267=ORIENTED_EDGE('',*,*,#1724,.T.);
#1268=ORIENTED_EDGE('',*,*,#1551,.T.);
#1269=ORIENTED_EDGE('',*,*,#1725,.T.);
#1270=ORIENTED_EDGE('',*,*,#1559,.F.);
#1271=ORIENTED_EDGE('',*,*,#1723,.F.);
#1272=ORIENTED_EDGE('',*,*,#1533,.T.);
#1273=ORIENTED_EDGE('',*,*,#1726,.T.);
#1274=CARTESIAN_POINT('',(-0.0161644631273187,0.00880001393496738,0.169447300005986));
#1275=DIRECTION('',(1.02386147236979E-05,0.999999999946749,1.29343783326258E-06));
#1276=DIRECTION('',(0.0,-1.29343783333037E-06,0.999999999999164));
#1277=ORIENTED_EDGE('',*,*,#1548,.T.);
#1278=ORIENTED_EDGE('',*,*,#1724,.F.);
#1279=ORIENTED_EDGE('',*,*,#1727,.T.);
#1280=ORIENTED_EDGE('',*,*,#1728,.T.);
#1281=CARTESIAN_POINT('',(-0.0002795683679858,0.00879985646940134,0.165447300002797));
#1282=DIRECTION('',(-0.999999999947585,1.02386147234465E-05,2.00999070638056E-10));
#1283=DIRECTION('',(-7.23992666466564E-06,-0.707105866550218,-0.707107695784629));
#1284=ORIENTED_EDGE('',*,*,#1729,.T.);
#1285=ORIENTED_EDGE('',*,*,#1547,.T.);
#1286=ORIENTED_EDGE('',*,*,#1730,.T.);
#1287=ORIENTED_EDGE('',*,*,#1549,.F.);
#1288=ORIENTED_EDGE('',*,*,#1728,.F.);
#1289=ORIENTED_EDGE('',*,*,#1537,.T.);
#1290=ORIENTED_EDGE('',*,*,#1731,.T.);
#1291=CARTESIAN_POINT('',(0.0158325262882646,0.00879968633012043,0.169447299999555));
#1292=DIRECTION('',(1.02386147236979E-05,0.999999999946749,1.29343783326258E-06));
#1293=DIRECTION('',(0.0,-1.29343783333037E-06,0.999999999999164));
#1294=ORIENTED_EDGE('',*,*,#1544,.T.);
#1295=ORIENTED_EDGE('',*,*,#1729,.F.);
#1296=ORIENTED_EDGE('',*,*,#1732,.T.);
#1297=ORIENTED_EDGE('',*,*,#1733,.T.);
#1298=CARTESIAN_POINT('',(0.0211183416181386,0.00879962855357504,0.172274740659377));
#1299=DIRECTION('',(-0.342020143484175,4.71724646441739E-06,-0.939692620716376));
#1300=DIRECTION('',(0.664455784514532,-0.707113271518638,-0.241845677379991));
#1301=ORIENTED_EDGE('',*,*,#1734,.T.);
#1302=ORIENTED_EDGE('',*,*,#1543,.T.);
#1303=ORIENTED_EDGE('',*,*,#1735,.T.);
#1304=ORIENTED_EDGE('',*,*,#1545,.F.);
#1305=ORIENTED_EDGE('',*,*,#1733,.F.);
#1306=ORIENTED_EDGE('',*,*,#1518,.T.);
#1307=ORIENTED_EDGE('',*,*,#1736,.T.);
#1308=CARTESIAN_POINT('',(0.0243858248673155,0.00879956836040943,0.192947294694721));
#1309=DIRECTION('',(1.02386147236979E-05,0.999999999946749,1.29343783326258E-06));
#1310=DIRECTION('',(0.0,-1.29343783333037E-06,0.999999999999164));
#1311=ORIENTED_EDGE('',*,*,#1540,.T.);
#1312=ORIENTED_EDGE('',*,*,#1734,.F.);
#1313=ORIENTED_EDGE('',*,*,#1701,.T.);
#1314=ORIENTED_EDGE('',*,*,#1737,.T.);
#1315=CARTESIAN_POINT('',(0.0261830229913937,0.00879954478583892,0.196947294694357));
#1316=DIRECTION('',(0.999999999947585,-1.02386147234465E-05,-2.00998856446745E-10));
#1317=DIRECTION('',(-7.23966113765224E-06,-0.707107695747564,0.707105866587286));
#1318=ORIENTED_EDGE('',*,*,#1704,.T.);
#1319=ORIENTED_EDGE('',*,*,#1580,.T.);
#1320=ORIENTED_EDGE('',*,*,#1522,.T.);
#1321=ORIENTED_EDGE('',*,*,#1738,.T.);
#1322=ORIENTED_EDGE('',*,*,#1541,.F.);
#1323=ORIENTED_EDGE('',*,*,#1737,.F.);
#1324=ORIENTED_EDGE('',*,*,#1700,.T.);
#1325=CARTESIAN_POINT('',(0.0148334324782538,0.00679966098982031,0.196947292109762));
#1326=DIRECTION('',(-1.87755844793543E-10,1.29343783525273E-06,-0.999999999999164));
#1327=DIRECTION('',(-1.0,0.0,1.877558447937E-10));
#1328=ORIENTED_EDGE('',*,*,#1732,.F.);
#1329=ORIENTED_EDGE('',*,*,#1739,.F.);
#1330=ORIENTED_EDGE('',*,*,#1709,.F.);
#1331=ORIENTED_EDGE('',*,*,#1519,.F.);
#1332=CARTESIAN_POINT('',(0.0213619538056777,0.0106996289755276,0.170020204254575));
#1333=DIRECTION('',(0.939692620672438,-9.17876890891075E-06,-0.342020143514261));
#1334=DIRECTION('',(0.342020143484176,-4.71724646428716E-06,0.939692620716376));
#1335=ORIENTED_EDGE('',*,*,#1536,.T.);
#1336=ORIENTED_EDGE('',*,*,#1710,.T.);
#1337=ORIENTED_EDGE('',*,*,#1739,.T.);
#1338=ORIENTED_EDGE('',*,*,#1731,.F.);
#1339=CARTESIAN_POINT('',(0.0158325457416325,0.0106996863300193,0.169447302457087));
#1340=DIRECTION('',(1.02386147237129E-05,0.999999999946749,1.29343783326258E-06));
#1341=DIRECTION('',(0.573576436167182,-4.8131058993464E-06,-0.819152044403594));
#1342=ORIENTED_EDGE('',*,*,#1727,.F.);
#1343=ORIENTED_EDGE('',*,*,#1740,.F.);
#1344=ORIENTED_EDGE('',*,*,#1711,.F.);
#1345=ORIENTED_EDGE('',*,*,#1538,.F.);
#1346=CARTESIAN_POINT('',(-2.95489148186828E-05,0.0106998552030843,0.164447302460279));
#1347=DIRECTION('',(-1.87756058982765E-10,1.29343783525273E-06,-0.999999999999164));
#1348=DIRECTION('',(0.999999999947585,-1.02386147234723E-05,-2.00999070637007E-10));
#1349=ORIENTED_EDGE('',*,*,#1532,.T.);
#1350=ORIENTED_EDGE('',*,*,#1712,.T.);
#1351=ORIENTED_EDGE('',*,*,#1740,.T.);
#1352=ORIENTED_EDGE('',*,*,#1726,.F.);
#1353=CARTESIAN_POINT('',(-0.0161644436739507,0.0107000139348662,0.169447302463518));
#1354=DIRECTION('',(1.02386147236829E-05,0.999999999946749,1.29343783326258E-06));
#1355=DIRECTION('',(-0.573576436474783,6.9321503931452E-06,-0.819152044173018));
#1356=ORIENTED_EDGE('',*,*,#1722,.F.);
#1357=ORIENTED_EDGE('',*,*,#1741,.F.);
#1358=ORIENTED_EDGE('',*,*,#1713,.F.);
#1359=ORIENTED_EDGE('',*,*,#1534,.F.);
#1360=CARTESIAN_POINT('',(-0.0216938517377808,0.0107000698073322,0.170020204263229));
#1361=DIRECTION('',(-0.939692620800871,1.00635324964745E-05,-0.342020143136506));
#1362=DIRECTION('',(0.342020143131309,-2.28637848596506E-06,-0.939692620853868));
#1363=ORIENTED_EDGE('',*,*,#1528,.T.);
#1364=ORIENTED_EDGE('',*,*,#1714,.T.);
#1365=ORIENTED_EDGE('',*,*,#1741,.T.);
#1366=ORIENTED_EDGE('',*,*,#1720,.F.);
#1367=CARTESIAN_POINT('',(-0.0247178128906187,0.00380007111353717,0.192947288237402));
#1368=DIRECTION('',(1.02386147236829E-05,0.999999999946749,1.29343783326258E-06));
#1369=DIRECTION('',(-0.819152044138365,7.64509671720043E-06,0.573576436515213));
#1370=ORIENTED_EDGE('',*,*,#1525,.T.);
#1371=ORIENTED_EDGE('',*,*,#1482,.F.);
#1372=ORIENTED_EDGE('',*,*,#1697,.T.);
#1373=ORIENTED_EDGE('',*,*,#1557,.F.);
#1374=CARTESIAN_POINT('',(-0.0151665540198941,0.00679998179875429,0.186393533635343));
#1375=DIRECTION('',(-1.87755890748391E-10,1.29343783525273E-06,-0.999999999999164));
#1376=DIRECTION('',(0.707114020943386,0.707099541354993,9.14456535256303E-07));
#1377=ORIENTED_EDGE('',*,*,#1542,.F.);
#1378=ORIENTED_EDGE('',*,*,#1742,.F.);
#1379=ORIENTED_EDGE('',*,*,#1743,.F.);
#1380=ORIENTED_EDGE('',*,*,#1484,.F.);
#1381=ORIENTED_EDGE('',*,*,#1527,.F.);
#1382=ORIENTED_EDGE('',*,*,#1721,.F.);
#1383=ORIENTED_EDGE('',*,*,#1718,.F.);
#1384=ORIENTED_EDGE('',*,*,#1560,.F.);
#1385=ORIENTED_EDGE('',*,*,#1725,.F.);
#1386=ORIENTED_EDGE('',*,*,#1550,.F.);
#1387=ORIENTED_EDGE('',*,*,#1730,.F.);
#1388=ORIENTED_EDGE('',*,*,#1546,.F.);
#1389=ORIENTED_EDGE('',*,*,#1735,.F.);
#1390=ORIENTED_EDGE('',*,*,#1744,.F.);
#1391=ORIENTED_EDGE('',*,*,#1486,.F.);
#1392=ORIENTED_EDGE('',*,*,#1745,.F.);
#1393=ORIENTED_EDGE('',*,*,#1494,.F.);
#1394=ORIENTED_EDGE('',*,*,#1746,.F.);
#1395=ORIENTED_EDGE('',*,*,#1510,.F.);
#1396=ORIENTED_EDGE('',*,*,#1747,.F.);
#1397=ORIENTED_EDGE('',*,*,#1502,.F.);
#1398=CARTESIAN_POINT('',(-0.000529578603419506,0.00779983720556044,0.182319812596853));
#1399=DIRECTION('',(1.02386147236979E-05,0.999999999946749,1.29343783326258E-06));
#1400=DIRECTION('',(0.999999999947585,-1.02386147234465E-05,-2.00998856447751E-10));
#1401=ORIENTED_EDGE('',*,*,#1521,.T.);
#1402=ORIENTED_EDGE('',*,*,#1748,.T.);
#1403=ORIENTED_EDGE('',*,*,#1742,.T.);
#1404=ORIENTED_EDGE('',*,*,#1738,.F.);
#1405=CARTESIAN_POINT('',(0.0148334324755719,0.00679967946535701,0.182663237476352));
#1406=DIRECTION('',(-1.87755844793621E-10,1.29343783525273E-06,-0.999999999999164));
#1407=DIRECTION('',(-0.707099541355583,0.707114020942795,9.14740790597608E-07));
#1408=ORIENTED_EDGE('',*,*,#1517,.T.);
#1409=ORIENTED_EDGE('',*,*,#1708,.T.);
#1410=ORIENTED_EDGE('',*,*,#1702,.T.);
#1411=ORIENTED_EDGE('',*,*,#1736,.F.);
#1412=CARTESIAN_POINT('',(0.0243857736742419,0.00379956836083276,0.192947288227532));
#1413=DIRECTION('',(1.02386147237129E-05,0.999999999946749,1.29343783326258E-06));
#1414=DIRECTION('',(0.819152044353749,-9.12886764559674E-06,0.573576436185917));
#1415=ORIENTED_EDGE('',*,*,#1513,.T.);
#1416=ORIENTED_EDGE('',*,*,#1706,.T.);
#1417=ORIENTED_EDGE('',*,*,#1515,.T.);
#1418=ORIENTED_EDGE('',*,*,#1512,.T.);
#1419=CARTESIAN_POINT('',(-0.0149182859038281,0.0101999998824733,0.170447301816548));
#1420=DIRECTION('',(1.02386147236979E-05,0.999999999946749,1.29343783326258E-06));
#1421=DIRECTION('',(0.999999999947585,-1.02386147237065E-05,-2.69542157842628E-22));
#1422=ORIENTED_EDGE('',*,*,#1509,.T.);
#1423=ORIENTED_EDGE('',*,*,#1514,.F.);
#1424=ORIENTED_EDGE('',*,*,#1511,.T.);
#1425=ORIENTED_EDGE('',*,*,#1746,.T.);
#1426=CARTESIAN_POINT('',(-0.0149182807845208,0.0106999998824467,0.170447302463267));
#1427=DIRECTION('',(1.02386147236979E-05,0.999999999946749,1.29343783326258E-06));
#1428=DIRECTION('',(-0.999999999947585,1.02386147237065E-05,0.0));
#1429=ORIENTED_EDGE('',*,*,#1505,.T.);
#1430=ORIENTED_EDGE('',*,*,#1716,.T.);
#1431=ORIENTED_EDGE('',*,*,#1507,.T.);
#1432=ORIENTED_EDGE('',*,*,#1504,.T.);
#1433=CARTESIAN_POINT('',(0.0208334672881029,0.0101996073185779,0.19094729650625));
#1434=DIRECTION('',(1.02386147236979E-05,0.999999999946749,1.29343783326258E-06));
#1435=DIRECTION('',(0.999999999947585,-1.02386147237065E-05,-2.69560177323877E-22));
#1436=ORIENTED_EDGE('',*,*,#1501,.T.);
#1437=ORIENTED_EDGE('',*,*,#1506,.F.);
#1438=ORIENTED_EDGE('',*,*,#1503,.T.);
#1439=ORIENTED_EDGE('',*,*,#1747,.T.);
#1440=CARTESIAN_POINT('',(0.0208334724074102,0.0106996073185513,0.190947297152969));
#1441=DIRECTION('',(1.02386147236979E-05,0.999999999946749,1.29343783326258E-06));
#1442=DIRECTION('',(-0.999999999947585,1.02386147237065E-05,0.0));
#1443=ORIENTED_EDGE('',*,*,#1497,.T.);
#1444=ORIENTED_EDGE('',*,*,#1707,.T.);
#1445=ORIENTED_EDGE('',*,*,#1499,.T.);
#1446=ORIENTED_EDGE('',*,*,#1496,.T.);
#1447=CARTESIAN_POINT('',(0.0145863777326677,0.0101996977955898,0.170447301810618));
#1448=DIRECTION('',(1.02386147236979E-05,0.999999999946749,1.29343783326258E-06));
#1449=DIRECTION('',(0.999999999947585,-1.02386147237065E-05,-2.69494856704348E-22));
#1450=ORIENTED_EDGE('',*,*,#1493,.T.);
#1451=ORIENTED_EDGE('',*,*,#1498,.F.);
#1452=ORIENTED_EDGE('',*,*,#1495,.T.);
#1453=ORIENTED_EDGE('',*,*,#1745,.T.);
#1454=CARTESIAN_POINT('',(0.0145863828519751,0.0106996977955631,0.170447302457337));
#1455=DIRECTION('',(1.02386147236979E-05,0.999999999946749,1.29343783326258E-06));
#1456=DIRECTION('',(-0.999999999947586,1.02386147237065E-05,0.0));
#1457=ORIENTED_EDGE('',*,*,#1489,.T.);
#1458=ORIENTED_EDGE('',*,*,#1715,.T.);
#1459=ORIENTED_EDGE('',*,*,#1491,.T.);
#1460=ORIENTED_EDGE('',*,*,#1488,.T.);
#1461=CARTESIAN_POINT('',(-0.0211665192074346,0.0102000373402581,0.190947296514692));
#1462=DIRECTION('',(1.02386147236979E-05,0.999999999946749,1.29343783326258E-06));
#1463=DIRECTION('',(0.999999999947585,-1.02386147237065E-05,-2.6949936157466E-22));
#1464=ORIENTED_EDGE('',*,*,#1485,.T.);
#1465=ORIENTED_EDGE('',*,*,#1490,.F.);
#1466=ORIENTED_EDGE('',*,*,#1487,.T.);
#1467=ORIENTED_EDGE('',*,*,#1744,.T.);
#1468=CARTESIAN_POINT('',(-0.0211665140881272,0.0107000373402314,0.190947297161411));
#1469=DIRECTION('',(1.02386147236979E-05,0.999999999946749,1.29343783326258E-06));
#1470=DIRECTION('',(-0.999999999947585,1.02386147237065E-05,2.13981339843481E-27));
#1471=ORIENTED_EDGE('',*,*,#1480,.T.);
#1472=ORIENTED_EDGE('',*,*,#1743,.T.);
#1473=ORIENTED_EDGE('',*,*,#1748,.F.);
#1474=ORIENTED_EDGE('',*,*,#1524,.F.);
#1475=ORIENTED_EDGE('',*,*,#1574,.T.);
#1476=CARTESIAN_POINT('',(-0.000166554021319921,0.00679983262538861,0.182987219809854));
#1477=DIRECTION('',(-1.02386147236979E-05,-0.999999999946749,-1.29343783326258E-06));
#1478=DIRECTION('',(0.0,1.29343783333037E-06,-0.999999999999164));
#1479=COLOUR_RGB('',0.686274528503418,0.686274528503418,0.560784339904785);
#1480=EDGE_CURVE('',#1749,#1750,#1751,.T.);
#1481=EDGE_CURVE('0:35617',#1749,#1752,#1753,.T.);
#1482=EDGE_CURVE('0:35764',#1752,#1754,#1755,.T.);
#1483=EDGE_CURVE('0:35764',#1754,#1756,#1757,.T.);
#1484=EDGE_CURVE('0:35770',#1756,#1750,#1758,.T.);
#1485=EDGE_CURVE('',#1759,#1760,#1761,.T.);
#1486=EDGE_CURVE('0:35773',#1759,#1762,#1763,.T.);
#1487=EDGE_CURVE('',#1764,#1762,#1765,.T.);
#1488=EDGE_CURVE('0:35797',#1760,#1764,#1766,.T.);
#1489=EDGE_CURVE('',#1764,#1767,#1768,.T.);
#1490=EDGE_CURVE('0:35797',#1764,#1760,#1769,.T.);
#1491=EDGE_CURVE('',#1770,#1760,#1771,.T.);
#1492=EDGE_CURVE('0:35653',#1770,#1767,#1772,.T.);
#1493=EDGE_CURVE('',#1773,#1774,#1775,.T.);
#1494=EDGE_CURVE('0:35776',#1773,#1776,#1777,.F.);
#1495=EDGE_CURVE('',#1778,#1776,#1779,.T.);
#1496=EDGE_CURVE('0:35794',#1774,#1778,#1780,.T.);
#1497=EDGE_CURVE('',#1778,#1781,#1782,.T.);
#1498=EDGE_CURVE('0:35794',#1778,#1774,#1783,.T.);
#1499=EDGE_CURVE('',#1784,#1774,#1785,.T.);
#1500=EDGE_CURVE('0:35629',#1784,#1781,#1786,.T.);
#1501=EDGE_CURVE('',#1787,#1788,#1789,.T.);
#1502=EDGE_CURVE('0:35782',#1787,#1790,#1791,.T.);
#1503=EDGE_CURVE('',#1792,#1790,#1793,.T.);
#1504=EDGE_CURVE('0:35791',#1788,#1792,#1794,.T.);
#1505=EDGE_CURVE('',#1792,#1795,#1796,.T.);
#1506=EDGE_CURVE('0:35791',#1792,#1788,#1797,.T.);
#1507=EDGE_CURVE('',#1798,#1788,#1799,.T.);
#1508=EDGE_CURVE('0:35656',#1798,#1795,#1800,.T.);
#1509=EDGE_CURVE('',#1801,#1802,#1803,.T.);
#1510=EDGE_CURVE('0:35779',#1801,#1804,#1805,.F.);
#1511=EDGE_CURVE('',#1806,#1804,#1807,.T.);
#1512=EDGE_CURVE('0:35788',#1802,#1806,#1808,.T.);
#1513=EDGE_CURVE('',#1806,#1809,#1810,.T.);
#1514=EDGE_CURVE('0:35788',#1806,#1802,#1811,.T.);
#1515=EDGE_CURVE('',#1812,#1802,#1813,.T.);
#1516=EDGE_CURVE('0:35626',#1812,#1809,#1814,.T.);
#1517=EDGE_CURVE('',#1815,#1816,#1817,.T.);
#1518=EDGE_CURVE('0:35731',#1818,#1815,#1819,.T.);
#1519=EDGE_CURVE('0:35746',#1818,#1820,#1821,.T.);
#1520=EDGE_CURVE('0:35635',#1820,#1816,#1822,.T.);
#1521=EDGE_CURVE('',#1823,#1824,#1825,.T.);
#1522=EDGE_CURVE('0:35740',#1826,#1823,#1827,.T.);
#1523=EDGE_CURVE('0:35614',#1826,#1828,#1829,.T.);
#1524=EDGE_CURVE('0:35785',#1828,#1824,#1830,.T.);
#1525=EDGE_CURVE('',#1831,#1754,#1832,.T.);
#1526=EDGE_CURVE('0:35695',#1833,#1831,#1834,.T.);
#1527=EDGE_CURVE('0:35761',#1833,#1756,#1835,.T.);
#1528=EDGE_CURVE('',#1836,#1837,#1838,.T.);
#1529=EDGE_CURVE('0:35668',#1839,#1836,#1840,.T.);
#1530=EDGE_CURVE('0:35596',#1839,#1841,#1842,.T.);
#1531=EDGE_CURVE('0:35632',#1841,#1837,#1843,.T.);
#1532=EDGE_CURVE('',#1844,#1845,#1846,.T.);
#1533=EDGE_CURVE('0:35692',#1847,#1844,#1848,.T.);
#1534=EDGE_CURVE('0:35755',#1847,#1849,#1850,.T.);
#1535=EDGE_CURVE('0:35647',#1849,#1845,#1851,.F.);
#1536=EDGE_CURVE('',#1852,#1853,#1854,.T.);
#1537=EDGE_CURVE('0:35713',#1855,#1852,#1856,.T.);
#1538=EDGE_CURVE('0:35749',#1855,#1857,#1858,.T.);
#1539=EDGE_CURVE('0:35641',#1857,#1853,#1859,.F.);
#1540=EDGE_CURVE('',#1860,#1861,#1862,.T.);
#1541=EDGE_CURVE('0:35734',#1860,#1863,#1864,.T.);
#1542=EDGE_CURVE('0:35737',#1863,#1865,#1866,.T.);
#1543=EDGE_CURVE('0:35725',#1861,#1865,#1867,.T.);
#1544=EDGE_CURVE('',#1868,#1869,#1870,.T.);
#1545=EDGE_CURVE('0:35716',#1868,#1871,#1872,.T.);
#1546=EDGE_CURVE('0:35719',#1871,#1873,#1874,.T.);
#1547=EDGE_CURVE('0:35707',#1869,#1873,#1875,.T.);
#1548=EDGE_CURVE('',#1876,#1877,#1878,.T.);
#1549=EDGE_CURVE('0:35698',#1876,#1879,#1880,.T.);
#1550=EDGE_CURVE('0:35701',#1879,#1881,#1882,.T.);
#1551=EDGE_CURVE('0:35686',#1877,#1881,#1883,.T.);
#1552=EDGE_CURVE('0:35578',#1884,#1885,#1886,.T.);
#1553=EDGE_CURVE('0:35578',#1885,#1887,#1888,.T.);
#1554=EDGE_CURVE('0:35602',#1887,#1889,#1890,.T.);
#1555=EDGE_CURVE('0:35671',#1891,#1889,#1892,.T.);
#1556=EDGE_CURVE('0:35671',#1833,#1891,#1893,.T.);
#1557=EDGE_CURVE('0:35695',#1831,#1884,#1894,.T.);
#1558=EDGE_CURVE('',#1895,#1896,#1897,.T.);
#1559=EDGE_CURVE('0:35677',#1895,#1898,#1899,.T.);
#1560=EDGE_CURVE('0:35680',#1898,#1900,#1901,.T.);
#1561=EDGE_CURVE('0:35659',#1896,#1900,#1902,.T.);
#1562=EDGE_CURVE('',#1891,#1903,#1904,.T.);
#1563=EDGE_CURVE('0:35599',#1889,#1839,#1905,.T.);
#1564=EDGE_CURVE('0:35665',#1903,#1839,#1906,.T.);
#1565=EDGE_CURVE('',#1907,#1908,#1909,.T.);
#1566=EDGE_CURVE('0:35623',#1910,#1907,#1911,.T.);
#1567=EDGE_CURVE('',#1912,#1910,#1913,.T.);
#1568=EDGE_CURVE('0:35620',#1908,#1912,#1914,.T.);
#1569=EDGE_CURVE('',#1912,#1915,#1916,.T.);
#1570=EDGE_CURVE('0:35620',#1912,#1908,#1917,.T.);
#1571=EDGE_CURVE('',#1918,#1908,#1919,.T.);
#1572=EDGE_CURVE('0:35494',#1918,#1915,#1920,.T.);
#1573=EDGE_CURVE('',#1749,#1921,#1922,.T.);
#1574=EDGE_CURVE('0:35617',#1828,#1749,#1923,.T.);
#1575=EDGE_CURVE('0:35611',#1828,#1924,#1925,.T.);
#1576=EDGE_CURVE('0:35542',#1921,#1924,#1926,.T.);
#1577=EDGE_CURVE('',#1927,#1928,#1929,.T.);
#1578=EDGE_CURVE('0:35554',#1930,#1927,#1931,.T.);
#1579=EDGE_CURVE('0:35605',#1930,#1826,#1932,.T.);
#1580=EDGE_CURVE('0:35608',#1928,#1826,#1933,.T.);
#1581=EDGE_CURVE('',#1934,#1885,#1935,.T.);
#1582=EDGE_CURVE('0:35563',#1936,#1934,#1937,.T.);
#1583=EDGE_CURVE('0:35575',#1936,#1887,#1938,.T.);
#1584=EDGE_CURVE('',#1927,#1934,#1939,.T.);
#1585=EDGE_CURVE('0:35557',#1927,#1940,#1941,.T.);
#1586=EDGE_CURVE('0:35560',#1940,#1936,#1942,.T.);
#1587=EDGE_CURVE('',#1943,#1927,#1944,.T.);
#1588=EDGE_CURVE('0:35545',#1924,#1943,#1945,.T.);
#1589=EDGE_CURVE('0:35551',#1924,#1930,#1946,.T.);
#1590=EDGE_CURVE('',#1921,#1947,#1948,.T.);
#1591=EDGE_CURVE('0:35545',#1943,#1949,#1950,.T.);
#1592=EDGE_CURVE('0:35512',#1949,#1947,#1951,.T.);
#1593=EDGE_CURVE('',#1934,#1952,#1953,.T.);
#1594=EDGE_CURVE('0:35533',#1934,#1954,#1955,.T.);
#1595=EDGE_CURVE('0:35536',#1954,#1956,#1957,.T.);
#1596=EDGE_CURVE('0:35539',#1956,#1952,#1958,.T.);
#1597=EDGE_CURVE('',#1959,#1960,#1961,.T.);
#1598=EDGE_CURVE('0:35434',#1959,#1962,#1963,.F.);
#1599=EDGE_CURVE('0:35428',#1964,#1962,#1965,.T.);
#1600=EDGE_CURVE('0:35431',#1960,#1964,#1966,.T.);
#1601=EDGE_CURVE('',#1967,#1968,#1969,.T.);
#1602=EDGE_CURVE('0:35401',#1970,#1967,#1971,.T.);
#1603=EDGE_CURVE('0:35386',#1972,#1970,#1973,.T.);
#1604=EDGE_CURVE('0:35404',#1972,#1968,#1974,.F.);
#1605=EDGE_CURVE('',#1975,#1976,#1977,.T.);
#1606=EDGE_CURVE('0:35368',#1978,#1975,#1979,.T.);
#1607=EDGE_CURVE('0:35353',#1980,#1978,#1981,.T.);
#1608=EDGE_CURVE('0:35371',#1980,#1976,#1982,.F.);
#1609=EDGE_CURVE('',#1983,#1984,#1985,.T.);
#1610=EDGE_CURVE('0:35299',#1983,#1986,#1987,.F.);
#1611=EDGE_CURVE('0:35293',#1988,#1986,#1989,.T.);
#1612=EDGE_CURVE('0:35296',#1984,#1988,#1990,.T.);
#1613=EDGE_CURVE('0:35281',#1991,#1992,#1993,.T.);
#1614=EDGE_CURVE('0:35284',#1994,#1992,#1995,.T.);
#1615=EDGE_CURVE('0:35287',#1994,#1996,#1997,.T.);
#1616=EDGE_CURVE('0:35290',#1991,#1996,#1998,.T.);
#1617=EDGE_CURVE('0:35296',#1992,#1984,#1999,.T.);
#1618=EDGE_CURVE('0:35299',#1991,#1983,#2000,.F.);
#1619=EDGE_CURVE('0:35302',#2001,#1986,#2002,.T.);
#1620=EDGE_CURVE('0:35305',#2003,#2001,#2004,.F.);
#1621=EDGE_CURVE('0:35308',#1988,#2003,#2005,.T.);
#1622=EDGE_CURVE('0:35311',#2006,#1996,#2007,.F.);
#1623=EDGE_CURVE('0:35314',#2006,#2008,#2009,.T.);
#1624=EDGE_CURVE('0:35317',#2001,#2008,#2010,.F.);
#1625=EDGE_CURVE('0:35320',#2011,#2012,#2013,.T.);
#1626=EDGE_CURVE('0:35323',#2014,#2012,#2015,.T.);
#1627=EDGE_CURVE('0:35326',#2014,#2016,#2017,.F.);
#1628=EDGE_CURVE('0:35329',#2011,#2016,#2018,.T.);
#1629=EDGE_CURVE('0:35332',#2019,#2020,#2021,.T.);
#1630=EDGE_CURVE('0:35335',#2012,#2019,#2022,.T.);
#1631=EDGE_CURVE('0:35338',#2011,#2020,#2023,.F.);
#1632=EDGE_CURVE('0:35341',#1996,#2020,#2024,.T.);
#1633=EDGE_CURVE('0:35344',#2019,#1994,#2025,.T.);
#1634=EDGE_CURVE('0:35347',#2016,#2026,#2027,.F.);
#1635=EDGE_CURVE('0:35350',#2026,#2006,#2028,.T.);
#1636=EDGE_CURVE('0:35356',#2029,#1978,#2030,.T.);
#1637=EDGE_CURVE('0:35359',#2029,#2031,#2032,.T.);
#1638=EDGE_CURVE('0:35362',#1980,#2031,#2033,.T.);
#1639=EDGE_CURVE('0:35371',#1976,#2034,#2035,.F.);
#1640=EDGE_CURVE('0:35365',#2036,#2034,#2037,.T.);
#1641=EDGE_CURVE('0:35368',#1975,#2036,#2038,.T.);
#1642=EDGE_CURVE('0:35374',#2016,#2034,#2039,.T.);
#1643=EDGE_CURVE('0:35377',#2036,#2014,#2040,.T.);
#1644=EDGE_CURVE('0:35380',#2041,#2031,#2042,.F.);
#1645=EDGE_CURVE('0:35383',#2041,#2026,#2043,.T.);
#1646=EDGE_CURVE('0:35389',#2044,#1970,#2045,.T.);
#1647=EDGE_CURVE('0:35392',#2044,#2046,#2047,.T.);
#1648=EDGE_CURVE('0:35395',#1972,#2046,#2048,.T.);
#1649=EDGE_CURVE('0:35404',#1968,#2049,#2050,.F.);
#1650=EDGE_CURVE('0:35398',#2051,#2049,#2052,.T.);
#1651=EDGE_CURVE('0:35401',#1967,#2051,#2053,.T.);
#1652=EDGE_CURVE('0:35407',#2031,#2049,#2054,.T.);
#1653=EDGE_CURVE('0:35410',#2051,#2029,#2055,.T.);
#1654=EDGE_CURVE('0:35413',#2056,#2046,#2057,.F.);
#1655=EDGE_CURVE('0:35416',#2056,#2041,#2058,.T.);
#1656=EDGE_CURVE('0:35419',#2059,#2060,#2061,.T.);
#1657=EDGE_CURVE('0:35422',#2003,#2060,#2062,.T.);
#1658=EDGE_CURVE('0:35425',#2059,#2001,#2063,.T.);
#1659=EDGE_CURVE('0:35431',#2060,#1960,#2064,.T.);
#1660=EDGE_CURVE('0:35434',#2059,#1959,#2065,.F.);
#1661=EDGE_CURVE('0:35437',#2066,#1962,#2067,.T.);
#1662=EDGE_CURVE('0:35440',#2068,#2066,#2069,.F.);
#1663=EDGE_CURVE('0:35443',#1964,#2068,#2070,.T.);
#1664=EDGE_CURVE('0:35446',#2008,#2071,#2072,.T.);
#1665=EDGE_CURVE('0:35449',#2066,#2071,#2073,.F.);
#1666=EDGE_CURVE('0:35452',#2074,#2075,#2076,.T.);
#1667=EDGE_CURVE('0:35455',#2068,#2075,#2077,.T.);
#1668=EDGE_CURVE('0:35458',#2074,#2066,#2078,.T.);
#1669=EDGE_CURVE('0:35461',#2079,#2080,#2081,.T.);
#1670=EDGE_CURVE('0:35464',#2075,#2079,#2082,.T.);
#1671=EDGE_CURVE('0:35467',#2074,#2080,#2083,.F.);
#1672=EDGE_CURVE('0:35470',#2046,#2080,#2084,.T.);
#1673=EDGE_CURVE('0:35473',#2079,#2044,#2085,.T.);
#1674=EDGE_CURVE('0:35476',#2071,#2056,#2086,.T.);
#1675=EDGE_CURVE('0:35479',#2087,#2044,#2088,.T.);
#1676=EDGE_CURVE('0:35482',#2087,#2089,#2090,.T.);
#1677=EDGE_CURVE('0:35485',#2068,#2089,#2091,.T.);
#1678=EDGE_CURVE('0:35488',#2089,#2092,#2093,.T.);
#1679=EDGE_CURVE('0:35491',#2003,#2092,#2094,.T.);
#1680=EDGE_CURVE('0:35494',#1915,#1918,#2095,.T.);
#1681=EDGE_CURVE('0:35497',#2096,#2087,#2097,.T.);
#1682=EDGE_CURVE('0:35500',#2098,#2096,#2099,.T.);
#1683=EDGE_CURVE('0:35503',#2100,#2098,#2101,.T.);
#1684=EDGE_CURVE('0:35506',#2092,#2100,#2102,.T.);
#1685=EDGE_CURVE('0:35509',#2103,#2104,#2105,.T.);
#1686=EDGE_CURVE('0:35512',#1947,#2103,#2106,.T.);
#1687=EDGE_CURVE('0:35515',#2107,#1949,#2108,.T.);
#1688=EDGE_CURVE('0:35518',#2104,#2107,#2109,.T.);
#1689=EDGE_CURVE('0:35521',#2100,#1994,#2110,.T.);
#1690=EDGE_CURVE('0:35524',#2014,#2098,#2111,.T.);
#1691=EDGE_CURVE('0:35527',#2096,#2029,#2112,.T.);
#1692=EDGE_CURVE('0:35539',#1952,#2103,#2113,.T.);
#1693=EDGE_CURVE('0:35530',#2104,#1934,#2114,.F.);
#1694=EDGE_CURVE('0:35542',#1956,#1921,#2115,.T.);
#1695=EDGE_CURVE('0:35548',#2107,#1927,#2116,.F.);
#1696=EDGE_CURVE('0:35566',#1884,#1954,#2117,.T.);
#1697=EDGE_CURVE('0:35569',#1752,#1884,#2118,.T.);
#1698=EDGE_CURVE('0:35572',#1752,#1956,#2119,.T.);
#1699=EDGE_CURVE('0:35581',#2120,#1940,#2121,.T.);
#1700=EDGE_CURVE('0:35584',#2122,#2120,#2123,.T.);
#1701=EDGE_CURVE('0:35587',#2124,#2122,#2125,.T.);
#1702=EDGE_CURVE('0:35590',#2126,#2124,#2127,.T.);
#1703=EDGE_CURVE('0:35593',#2126,#1841,#2128,.F.);
#1704=EDGE_CURVE('0:35608',#2120,#1928,#2129,.T.);
#1705=EDGE_CURVE('0:35623',#1907,#1910,#2130,.T.);
#1706=EDGE_CURVE('0:35626',#1809,#1812,#2131,.T.);
#1707=EDGE_CURVE('0:35629',#1781,#1784,#2132,.T.);
#1708=EDGE_CURVE('0:35635',#1816,#2126,#2133,.T.);
#1709=EDGE_CURVE('0:35638',#1820,#2134,#2135,.T.);
#1710=EDGE_CURVE('0:35641',#1853,#2134,#2136,.F.);
#1711=EDGE_CURVE('0:35644',#1857,#2137,#2138,.T.);
#1712=EDGE_CURVE('0:35647',#1845,#2137,#2139,.F.);
#1713=EDGE_CURVE('0:35650',#1849,#2140,#2141,.T.);
#1714=EDGE_CURVE('0:35632',#1837,#2140,#2142,.T.);
#1715=EDGE_CURVE('0:35653',#1767,#1770,#2143,.T.);
#1716=EDGE_CURVE('0:35656',#1795,#1798,#2144,.T.);
#1717=EDGE_CURVE('0:35659',#2145,#1896,#2146,.T.);
#1718=EDGE_CURVE('0:35662',#1900,#2147,#2148,.T.);
#1719=EDGE_CURVE('0:35665',#2147,#1903,#2149,.T.);
#1720=EDGE_CURVE('0:35668',#1836,#2145,#2150,.T.);
#1721=EDGE_CURVE('0:35674',#2147,#1833,#2151,.T.);
#1722=EDGE_CURVE('0:35683',#2145,#1847,#2152,.T.);
#1723=EDGE_CURVE('0:35677',#1847,#1895,#2153,.T.);
#1724=EDGE_CURVE('0:35686',#2154,#1877,#2155,.T.);
#1725=EDGE_CURVE('0:35689',#1881,#1898,#2156,.T.);
#1726=EDGE_CURVE('0:35692',#1844,#2154,#2157,.T.);
#1727=EDGE_CURVE('0:35704',#2154,#1855,#2158,.T.);
#1728=EDGE_CURVE('0:35698',#1855,#1876,#2159,.T.);
#1729=EDGE_CURVE('0:35707',#2160,#1869,#2161,.T.);
#1730=EDGE_CURVE('0:35710',#1873,#1879,#2162,.T.);
#1731=EDGE_CURVE('0:35713',#1852,#2160,#2163,.T.);
#1732=EDGE_CURVE('0:35722',#2160,#1818,#2164,.T.);
#1733=EDGE_CURVE('0:35716',#1818,#1868,#2165,.T.);
#1734=EDGE_CURVE('0:35725',#2124,#1861,#2166,.T.);
#1735=EDGE_CURVE('0:35728',#1865,#1871,#2167,.T.);
#1736=EDGE_CURVE('0:35731',#1815,#2124,#2168,.T.);
#1737=EDGE_CURVE('0:35734',#2122,#1860,#2169,.T.);
#1738=EDGE_CURVE('0:35740',#1823,#1863,#2170,.T.);
#1739=EDGE_CURVE('0:35743',#2134,#2160,#2171,.T.);
#1740=EDGE_CURVE('0:35752',#2137,#2154,#2172,.T.);
#1741=EDGE_CURVE('0:35758',#2140,#2145,#2173,.T.);
#1742=EDGE_CURVE('0:35767',#2174,#1863,#2175,.T.);
#1743=EDGE_CURVE('0:35770',#1750,#2174,#2176,.T.);
#1744=EDGE_CURVE('0:35773',#1762,#1759,#2177,.T.);
#1745=EDGE_CURVE('0:35776',#1776,#1773,#2178,.F.);
#1746=EDGE_CURVE('0:35779',#1804,#1801,#2179,.F.);
#1747=EDGE_CURVE('0:35782',#1790,#1787,#2180,.T.);
#1748=EDGE_CURVE('0:35785',#1824,#2174,#2181,.T.);
#1749=VERTEX_POINT('',#2182);
#1750=VERTEX_POINT('',#2183);
#1751=CIRCLE('',#2184,0.001);
#1752=VERTEX_POINT('',#2185);
#1753=CIRCLE('',#2186,0.014);
#1754=VERTEX_POINT('',#2187);
#1755=CIRCLE('',#2188,0.001);
#1756=VERTEX_POINT('',#2189);
#1757=CIRCLE('',#2190,0.001);
#1758=CIRCLE('',#2191,0.015);
#1759=VERTEX_POINT('',#2192);
#1760=VERTEX_POINT('',#2193);
#1761=LINE('',#2194,#2195);
#1762=VERTEX_POINT('',#2196);
#1763=CIRCLE('',#2197,0.00199999999999999);
#1764=VERTEX_POINT('',#2198);
#1765=LINE('',#2199,#2200);
#1766=CIRCLE('',#2201,0.00199999999999999);
#1767=VERTEX_POINT('',#2202);
#1768=LINE('',#2203,#2204);
#1769=CIRCLE('',#2205,0.00199999999999999);
#1770=VERTEX_POINT('',#2206);
#1771=LINE('',#2207,#2208);
#1772=CIRCLE('',#2209,0.0038);
#1773=VERTEX_POINT('',#2210);
#1774=VERTEX_POINT('',#2211);
#1775=LINE('',#2212,#2213);
#1776=VERTEX_POINT('',#2214);
#1777=CIRCLE('',#2215,0.002);
#1778=VERTEX_POINT('',#2216);
#1779=LINE('',#2217,#2218);
#1780=CIRCLE('',#2219,0.00199999999999999);
#1781=VERTEX_POINT('',#2220);
#1782=LINE('',#2221,#2222);
#1783=CIRCLE('',#2223,0.00199999999999999);
#1784=VERTEX_POINT('',#2224);
#1785=LINE('',#2225,#2226);
#1786=CIRCLE('',#2227,0.00379999999999999);
#1787=VERTEX_POINT('',#2228);
#1788=VERTEX_POINT('',#2229);
#1789=LINE('',#2230,#2231);
#1790=VERTEX_POINT('',#2232);
#1791=CIRCLE('',#2233,0.00200000000000001);
#1792=VERTEX_POINT('',#2234);
#1793=LINE('',#2235,#2236);
#1794=CIRCLE('',#2237,0.00200000000000001);
#1795=VERTEX_POINT('',#2238);
#1796=LINE('',#2239,#2240);
#1797=CIRCLE('',#2241,0.00200000000000001);
#1798=VERTEX_POINT('',#2242);
#1799=LINE('',#2243,#2244);
#1800=CIRCLE('',#2245,0.00380000000000001);
#1801=VERTEX_POINT('',#2246);
#1802=VERTEX_POINT('',#2247);
#1803=LINE('',#2248,#2249);
#1804=VERTEX_POINT('',#2250);
#1805=CIRCLE('',#2251,0.00200000000000001);
#1806=VERTEX_POINT('',#2252);
#1807=LINE('',#2253,#2254);
#1808=CIRCLE('',#2255,0.00200000000000001);
#1809=VERTEX_POINT('',#2256);
#1810=LINE('',#2257,#2258);
#1811=CIRCLE('',#2259,0.00200000000000001);
#1812=VERTEX_POINT('',#2260);
#1813=LINE('',#2261,#2262);
#1814=CIRCLE('',#2263,0.00380000000000001);
#1815=VERTEX_POINT('',#2264);
#1816=VERTEX_POINT('',#2265);
#1817=LINE('',#2266,#2267);
#1818=VERTEX_POINT('',#2268);
#1819=CIRCLE('',#2269,0.005);
#1820=VERTEX_POINT('',#2270);
#1821=LINE('',#2271,#2272);
#1822=CIRCLE('',#2273,0.005);
#1823=VERTEX_POINT('',#2274);
#1824=VERTEX_POINT('',#2275);
#1825=LINE('',#2276,#2277);
#1826=VERTEX_POINT('',#2278);
#1827=CIRCLE('',#2279,0.001);
#1828=VERTEX_POINT('',#2280);
#1829=LINE('',#2281,#2282);
#1830=B_SPLINE_CURVE_WITH_KNOTS('',3,(#2283,#2284,#2285,#2286,#2287,#2288,#2289,#2290,#2291,#2292,#2293,#2294),.UNSPECIFIED.,.F.,.F.,(4,2,2,2,2,4),(-0.00155998093854678,-0.0011693365282742,-0.000778692067556689,-0.000388047509437644,-0.0,1.56961742666725E-05),.UNSPECIFIED.);
#1831=VERTEX_POINT('',#2295);
#1832=LINE('',#2296,#2297);
#1833=VERTEX_POINT('',#2298);
#1834=CIRCLE('',#2299,0.001);
#1835=LINE('',#2300,#2301);
#1836=VERTEX_POINT('',#2302);
#1837=VERTEX_POINT('',#2303);
#1838=LINE('',#2304,#2305);
#1839=VERTEX_POINT('',#2306);
#1840=CIRCLE('',#2307,0.005);
#1841=VERTEX_POINT('',#2308);
#1842=LINE('',#2309,#2310);
#1843=CIRCLE('',#2311,0.005);
#1844=VERTEX_POINT('',#2312);
#1845=VERTEX_POINT('',#2313);
#1846=LINE('',#2314,#2315);
#1847=VERTEX_POINT('',#2316);
#1848=CIRCLE('',#2317,0.005);
#1849=VERTEX_POINT('',#2318);
#1850=LINE('',#2319,#2320);
#1851=CIRCLE('',#2321,0.005);
#1852=VERTEX_POINT('',#2322);
#1853=VERTEX_POINT('',#2323);
#1854=LINE('',#2324,#2325);
#1855=VERTEX_POINT('',#2326);
#1856=CIRCLE('',#2327,0.005);
#1857=VERTEX_POINT('',#2328);
#1858=LINE('',#2329,#2330);
#1859=CIRCLE('',#2331,0.005);
#1860=VERTEX_POINT('',#2332);
#1861=VERTEX_POINT('',#2333);
#1862=LINE('',#2334,#2335);
#1863=VERTEX_POINT('',#2336);
#1864=CIRCLE('',#2337,0.001);
#1865=VERTEX_POINT('',#2338);
#1866=LINE('',#2339,#2340);
#1867=CIRCLE('',#2341,0.001);
#1868=VERTEX_POINT('',#2342);
#1869=VERTEX_POINT('',#2343);
#1870=LINE('',#2344,#2345);
#1871=VERTEX_POINT('',#2346);
#1872=CIRCLE('',#2347,0.000999999999999989);
#1873=VERTEX_POINT('',#2348);
#1874=LINE('',#2349,#2350);
#1875=CIRCLE('',#2351,0.001);
#1876=VERTEX_POINT('',#2352);
#1877=VERTEX_POINT('',#2353);
#1878=LINE('',#2354,#2355);
#1879=VERTEX_POINT('',#2356);
#1880=CIRCLE('',#2357,0.001);
#1881=VERTEX_POINT('',#2358);
#1882=LINE('',#2359,#2360);
#1883=CIRCLE('',#2361,0.001);
#1884=VERTEX_POINT('',#2362);
#1885=VERTEX_POINT('',#2363);
#1886=CIRCLE('',#2364,0.001);
#1887=VERTEX_POINT('',#2365);
#1888=CIRCLE('',#2366,0.001);
#1889=VERTEX_POINT('',#2367);
#1890=CIRCLE('',#2368,0.002);
#1891=VERTEX_POINT('',#2369);
#1892=CIRCLE('',#2370,0.000999999999999999);
#1893=CIRCLE('',#2371,0.000999999999999999);
#1894=CIRCLE('',#2372,0.001);
#1895=VERTEX_POINT('',#2373);
#1896=VERTEX_POINT('',#2374);
#1897=LINE('',#2375,#2376);
#1898=VERTEX_POINT('',#2377);
#1899=CIRCLE('',#2378,0.00100000000000001);
#1900=VERTEX_POINT('',#2379);
#1901=LINE('',#2380,#2381);
#1902=CIRCLE('',#2382,0.001);
#1903=VERTEX_POINT('',#2383);
#1904=LINE('',#2384,#2385);
#1905=LINE('',#2386,#2387);
#1906=CIRCLE('',#2388,0.000999999999999999);
#1907=VERTEX_POINT('',#2389);
#1908=VERTEX_POINT('',#2390);
#1909=LINE('',#2391,#2392);
#1910=VERTEX_POINT('',#2393);
#1911=CIRCLE('',#2394,0.0035);
#1912=VERTEX_POINT('',#2395);
#1913=LINE('',#2396,#2397);
#1914=CIRCLE('',#2398,0.0035);
#1915=VERTEX_POINT('',#2399);
#1916=LINE('',#2400,#2401);
#1917=CIRCLE('',#2402,0.0035);
#1918=VERTEX_POINT('',#2403);
#1919=LINE('',#2404,#2405);
#1920=CIRCLE('',#2406,0.0041);
#1921=VERTEX_POINT('',#2407);
#1922=LINE('',#2408,#2409);
#1923=CIRCLE('',#2410,0.014);
#1924=VERTEX_POINT('',#2411);
#1925=LINE('',#2412,#2413);
#1926=CIRCLE('',#2414,0.014);
#1927=VERTEX_POINT('',#2415);
#1928=VERTEX_POINT('',#2416);
#1929=LINE('',#2417,#2418);
#1930=VERTEX_POINT('',#2419);
#1931=ELLIPSE('',#2420,0.0014142135623731,0.001);
#1932=LINE('',#2421,#2422);
#1933=CIRCLE('',#2423,0.001);
#1934=VERTEX_POINT('',#2424);
#1935=LINE('',#2425,#2426);
#1936=VERTEX_POINT('',#2427);
#1937=ELLIPSE('',#2428,0.0014142135623731,0.001);
#1938=LINE('',#2429,#2430);
#1939=LINE('',#2431,#2432);
#1940=VERTEX_POINT('',#2433);
#1941=ELLIPSE('',#2434,0.0014142135623731,0.001);
#1942=LINE('',#2435,#2436);
#1943=VERTEX_POINT('',#2437);
#1944=LINE('',#2438,#2439);
#1945=B_SPLINE_CURVE_WITH_KNOTS('',3,(#2440,#2441,#2442,#2443,#2444,#2445,#2446,#2447,#2448,#2449,#2450,#2451),.UNSPECIFIED.,.F.,.F.,(4,2,2,2,2,4),(0.0,0.000390644385154223,0.000781288819191202,0.00117193335152976,0.00155921676098798,0.00157567000658256),.UNSPECIFIED.);
#1946=LINE('',#2452,#2453);
#1947=VERTEX_POINT('',#2454);
#1948=CIRCLE('',#2455,0.001);
#1949=VERTEX_POINT('',#2456);
#1950=B_SPLINE_CURVE_WITH_KNOTS('',3,(#2457,#2458,#2459,#2460,#2461,#2462,#2463,#2464,#2465,#2466,#2467,#2468),.UNSPECIFIED.,.F.,.F.,(4,2,2,2,2,4),(0.0,0.000390644385154223,0.000781288819191202,0.00117193335152976,0.00155921676098798,0.00157567000658256),.UNSPECIFIED.);
#1951=CIRCLE('',#2469,0.013);
#1952=VERTEX_POINT('',#2470);
#1953=LINE('',#2471,#2472);
#1954=VERTEX_POINT('',#2473);
#1955=ELLIPSE('',#2474,0.0014142135623731,0.001);
#1956=VERTEX_POINT('',#2475);
#1957=LINE('',#2476,#2477);
#1958=CIRCLE('',#2478,0.000999999999999997);
#1959=VERTEX_POINT('',#2479);
#1960=VERTEX_POINT('',#2480);
#1961=LINE('',#2481,#2482);
#1962=VERTEX_POINT('',#2483);
#1963=ELLIPSE('',#2484,0.00056568542494924,0.000399999999999998);
#1964=VERTEX_POINT('',#2485);
#1965=LINE('',#2486,#2487);
#1966=ELLIPSE('',#2488,0.000565685424949262,0.000399999999999999);
#1967=VERTEX_POINT('',#2489);
#1968=VERTEX_POINT('',#2490);
#1969=LINE('',#2491,#2492);
#1970=VERTEX_POINT('',#2493);
#1971=ELLIPSE('',#2494,0.000565685424949224,0.000399999999999993);
#1972=VERTEX_POINT('',#2495);
#1973=LINE('',#2496,#2497);
#1974=ELLIPSE('',#2498,0.000565685424949229,0.000399999999999993);
#1975=VERTEX_POINT('',#2499);
#1976=VERTEX_POINT('',#2500);
#1977=LINE('',#2501,#2502);
#1978=VERTEX_POINT('',#2503);
#1979=ELLIPSE('',#2504,0.000565685424949237,0.000399999999999995);
#1980=VERTEX_POINT('',#2505);
#1981=LINE('',#2506,#2507);
#1982=ELLIPSE('',#2508,0.000565685424949229,0.000399999999999995);
#1983=VERTEX_POINT('',#2509);
#1984=VERTEX_POINT('',#2510);
#1985=LINE('',#2511,#2512);
#1986=VERTEX_POINT('',#2513);
#1987=ELLIPSE('',#2514,0.000565685424949228,0.000399999999999994);
#1988=VERTEX_POINT('',#2515);
#1989=LINE('',#2516,#2517);
#1990=ELLIPSE('',#2518,0.000565685424949217,0.000399999999999994);
#1991=VERTEX_POINT('',#2519);
#1992=VERTEX_POINT('',#2520);
#1993=LINE('',#2521,#2522);
#1994=VERTEX_POINT('',#2523);
#1995=LINE('',#2524,#2525);
#1996=VERTEX_POINT('',#2526);
#1997=LINE('',#2527,#2528);
#1998=LINE('',#2529,#2530);
#1999=ELLIPSE('',#2531,0.000565685424949217,0.000399999999999994);
#2000=ELLIPSE('',#2532,0.000565685424949228,0.000399999999999994);
#2001=VERTEX_POINT('',#2533);
#2002=LINE('',#2534,#2535);
#2003=VERTEX_POINT('',#2536);
#2004=LINE('',#2537,#2538);
#2005=LINE('',#2539,#2540);
#2006=VERTEX_POINT('',#2541);
#2007=LINE('',#2542,#2543);
#2008=VERTEX_POINT('',#2544);
#2009=LINE('',#2545,#2546);
#2010=LINE('',#2547,#2548);
#2011=VERTEX_POINT('',#2549);
#2012=VERTEX_POINT('',#2550);
#2013=LINE('',#2551,#2552);
#2014=VERTEX_POINT('',#2553);
#2015=LINE('',#2554,#2555);
#2016=VERTEX_POINT('',#2556);
#2017=LINE('',#2557,#2558);
#2018=LINE('',#2559,#2560);
#2019=VERTEX_POINT('',#2561);
#2020=VERTEX_POINT('',#2562);
#2021=LINE('',#2563,#2564);
#2022=ELLIPSE('',#2565,0.000565685424949322,0.000400000000000007);
#2023=ELLIPSE('',#2566,0.000565685424949249,0.000400000000000007);
#2024=LINE('',#2567,#2568);
#2025=LINE('',#2569,#2570);
#2026=VERTEX_POINT('',#2571);
#2027=LINE('',#2572,#2573);
#2028=LINE('',#2574,#2575);
#2029=VERTEX_POINT('',#2576);
#2030=LINE('',#2577,#2578);
#2031=VERTEX_POINT('',#2579);
#2032=LINE('',#2580,#2581);
#2033=LINE('',#2582,#2583);
#2034=VERTEX_POINT('',#2584);
#2035=ELLIPSE('',#2585,0.000565685424949229,0.000399999999999995);
#2036=VERTEX_POINT('',#2586);
#2037=LINE('',#2587,#2588);
#2038=ELLIPSE('',#2589,0.000565685424949237,0.000399999999999995);
#2039=LINE('',#2590,#2591);
#2040=LINE('',#2592,#2593);
#2041=VERTEX_POINT('',#2594);
#2042=LINE('',#2595,#2596);
#2043=LINE('',#2597,#2598);
#2044=VERTEX_POINT('',#2599);
#2045=LINE('',#2600,#2601);
#2046=VERTEX_POINT('',#2602);
#2047=LINE('',#2603,#2604);
#2048=LINE('',#2605,#2606);
#2049=VERTEX_POINT('',#2607);
#2050=ELLIPSE('',#2608,0.000565685424949229,0.000399999999999993);
#2051=VERTEX_POINT('',#2609);
#2052=LINE('',#2610,#2611);
#2053=ELLIPSE('',#2612,0.000565685424949224,0.000399999999999993);
#2054=LINE('',#2613,#2614);
#2055=LINE('',#2615,#2616);
#2056=VERTEX_POINT('',#2617);
#2057=LINE('',#2618,#2619);
#2058=LINE('',#2620,#2621);
#2059=VERTEX_POINT('',#2622);
#2060=VERTEX_POINT('',#2623);
#2061=LINE('',#2624,#2625);
#2062=LINE('',#2626,#2627);
#2063=LINE('',#2628,#2629);
#2064=ELLIPSE('',#2630,0.000565685424949262,0.000399999999999999);
#2065=ELLIPSE('',#2631,0.00056568542494924,0.000399999999999998);
#2066=VERTEX_POINT('',#2632);
#2067=LINE('',#2633,#2634);
#2068=VERTEX_POINT('',#2635);
#2069=LINE('',#2636,#2637);
#2070=LINE('',#2638,#2639);
#2071=VERTEX_POINT('',#2640);
#2072=LINE('',#2641,#2642);
#2073=LINE('',#2643,#2644);
#2074=VERTEX_POINT('',#2645);
#2075=VERTEX_POINT('',#2646);
#2076=LINE('',#2647,#2648);
#2077=LINE('',#2649,#2650);
#2078=LINE('',#2651,#2652);
#2079=VERTEX_POINT('',#2653);
#2080=VERTEX_POINT('',#2654);
#2081=LINE('',#2655,#2656);
#2082=ELLIPSE('',#2657,0.000565685424949189,0.000399999999999994);
#2083=ELLIPSE('',#2658,0.000565685424949233,0.000399999999999994);
#2084=LINE('',#2659,#2660);
#2085=LINE('',#2661,#2662);
#2086=LINE('',#2663,#2664);
#2087=VERTEX_POINT('',#2665);
#2088=LINE('',#2666,#2667);
#2089=VERTEX_POINT('',#2668);
#2090=LINE('',#2669,#2670);
#2091=LINE('',#2671,#2672);
#2092=VERTEX_POINT('',#2673);
#2093=LINE('',#2674,#2675);
#2094=LINE('',#2676,#2677);
#2095=CIRCLE('',#2678,0.0041);
#2096=VERTEX_POINT('',#2679);
#2097=LINE('',#2680,#2681);
#2098=VERTEX_POINT('',#2682);
#2099=LINE('',#2683,#2684);
#2100=VERTEX_POINT('',#2685);
#2101=LINE('',#2686,#2687);
#2102=LINE('',#2688,#2689);
#2103=VERTEX_POINT('',#2690);
#2104=VERTEX_POINT('',#2691);
#2105=LINE('',#2692,#2693);
#2106=CIRCLE('',#2694,0.013);
#2107=VERTEX_POINT('',#2695);
#2108=LINE('',#2696,#2697);
#2109=LINE('',#2698,#2699);
#2110=LINE('',#2700,#2701);
#2111=LINE('',#2702,#2703);
#2112=LINE('',#2704,#2705);
#2113=CIRCLE('',#2706,0.000999999999999997);
#2114=ELLIPSE('',#2707,0.00141421356237309,0.001);
#2115=CIRCLE('',#2708,0.014);
#2116=ELLIPSE('',#2709,0.0014142135623731,0.001);
#2117=LINE('',#2710,#2711);
#2118=LINE('',#2712,#2713);
#2119=LINE('',#2714,#2715);
#2120=VERTEX_POINT('',#2716);
#2121=LINE('',#2717,#2718);
#2122=VERTEX_POINT('',#2719);
#2123=CIRCLE('',#2720,0.002);
#2124=VERTEX_POINT('',#2721);
#2125=LINE('',#2722,#2723);
#2126=VERTEX_POINT('',#2724);
#2127=LINE('',#2725,#2726);
#2128=LINE('',#2727,#2728);
#2129=CIRCLE('',#2729,0.001);
#2130=CIRCLE('',#2730,0.0035);
#2131=CIRCLE('',#2731,0.00380000000000001);
#2132=CIRCLE('',#2732,0.00379999999999999);
#2133=CIRCLE('',#2733,0.005);
#2134=VERTEX_POINT('',#2734);
#2135=LINE('',#2735,#2736);
#2136=CIRCLE('',#2737,0.005);
#2137=VERTEX_POINT('',#2738);
#2138=LINE('',#2739,#2740);
#2139=CIRCLE('',#2741,0.005);
#2140=VERTEX_POINT('',#2742);
#2141=LINE('',#2743,#2744);
#2142=CIRCLE('',#2745,0.005);
#2143=CIRCLE('',#2746,0.0038);
#2144=CIRCLE('',#2747,0.00380000000000001);
#2145=VERTEX_POINT('',#2748);
#2146=CIRCLE('',#2749,0.001);
#2147=VERTEX_POINT('',#2750);
#2148=CIRCLE('',#2751,0.004);
#2149=CIRCLE('',#2752,0.000999999999999999);
#2150=CIRCLE('',#2753,0.005);
#2151=LINE('',#2754,#2755);
#2152=LINE('',#2756,#2757);
#2153=CIRCLE('',#2758,0.00100000000000001);
#2154=VERTEX_POINT('',#2759);
#2155=CIRCLE('',#2760,0.001);
#2156=CIRCLE('',#2761,0.004);
#2157=CIRCLE('',#2762,0.005);
#2158=LINE('',#2763,#2764);
#2159=CIRCLE('',#2765,0.001);
#2160=VERTEX_POINT('',#2766);
#2161=CIRCLE('',#2767,0.001);
#2162=CIRCLE('',#2768,0.004);
#2163=CIRCLE('',#2769,0.005);
#2164=LINE('',#2770,#2771);
#2165=CIRCLE('',#2772,0.000999999999999989);
#2166=CIRCLE('',#2773,0.001);
#2167=CIRCLE('',#2774,0.004);
#2168=CIRCLE('',#2775,0.005);
#2169=CIRCLE('',#2776,0.001);
#2170=CIRCLE('',#2777,0.001);
#2171=LINE('',#2778,#2779);
#2172=LINE('',#2780,#2781);
#2173=LINE('',#2782,#2783);
#2174=VERTEX_POINT('',#2784);
#2175=LINE('',#2785,#2786);
#2176=CIRCLE('',#2787,0.015);
#2177=CIRCLE('',#2788,0.00199999999999999);
#2178=CIRCLE('',#2789,0.002);
#2179=CIRCLE('',#2790,0.00200000000000001);
#2180=CIRCLE('',#2791,0.00200000000000001);
#2181=B_SPLINE_CURVE_WITH_KNOTS('',3,(#2792,#2793,#2794,#2795,#2796,#2797,#2798,#2799,#2800,#2801,#2802,#2803),.UNSPECIFIED.,.F.,.F.,(4,2,2,2,2,4),(-0.00155998093854678,-0.0011693365282742,-0.000778692067556689,-0.000388047509437644,-0.0,1.56961742666725E-05),.UNSPECIFIED.);
#2182=CARTESIAN_POINT('',(-0.000166554023948544,0.00679985073351831,0.168987219809865));
#2183=CARTESIAN_POINT('',(-0.000166543782705199,0.00779985202690286,0.167987221103304));
#2184=AXIS2_PLACEMENT_3D('',#2804,#2805,#2806);
#2185=CARTESIAN_POINT('',(-0.0141665540205861,0.00679997596599474,0.182987219812668));
#2186=AXIS2_PLACEMENT_3D('',#2807,#2808,#2809);
#2187=CARTESIAN_POINT('',(-0.0144594399995903,0.00750708574596446,0.182987220727325));
#2188=AXIS2_PLACEMENT_3D('',#2810,#2811,#2812);
#2189=CARTESIAN_POINT('',(-0.015166543781919,0.00779998620455622,0.182987221106306));
#2190=AXIS2_PLACEMENT_3D('',#2813,#2814,#2815);
#2191=AXIS2_PLACEMENT_3D('',#2816,#2817,#2818);
#2192=CARTESIAN_POINT('',(-0.0231665437800051,0.00780005781761532,0.190947293410441));
#2193=CARTESIAN_POINT('',(-0.0231665376368363,0.00840005781758337,0.190947294186504));
#2194=CARTESIAN_POINT('',(-0.0231665407084207,0.00810005781759934,0.190947293798472));
#2195=VECTOR('',#2819,1.0);
#2196=CARTESIAN_POINT('',(-0.0191665437802148,0.00780001686315642,0.190947293410441));
#2197=AXIS2_PLACEMENT_3D('',#2820,#2821,#2822);
#2198=CARTESIAN_POINT('',(-0.0191665376370459,0.00840001686312447,0.190947294186504));
#2199=CARTESIAN_POINT('',(-0.0191665407086304,0.00810001686314045,0.190947293798472));
#2200=VECTOR('',#2823,1.0);
#2201=AXIS2_PLACEMENT_3D('',#2824,#2825,#2826);
#2202=CARTESIAN_POINT('',(-0.0173665192076338,0.0101999984335221,0.190947296514692));
#2203=CARTESIAN_POINT('',(-0.0173665192076338,0.0101999984335221,0.190947296514692));
#2204=VECTOR('',#2827,1.0);
#2205=AXIS2_PLACEMENT_3D('',#2828,#2829,#2830);
#2206=CARTESIAN_POINT('',(-0.0249665192072354,0.010200076246994,0.190947296514692));
#2207=CARTESIAN_POINT('',(-0.0249665192072354,0.010200076246994,0.190947296514692));
#2208=VECTOR('',#2831,1.0);
#2209=AXIS2_PLACEMENT_3D('',#2832,#2833,#2834);
#2210=CARTESIAN_POINT('',(0.0125863531600972,0.007799718272947,0.170447298706367));
#2211=CARTESIAN_POINT('',(0.0125863593032661,0.00839971827291506,0.17044729948243));
#2212=CARTESIAN_POINT('',(0.0125863562316816,0.00809971827293103,0.170447299094398));
#2213=VECTOR('',#2835,1.0);
#2214=CARTESIAN_POINT('',(0.0165863531598876,0.00779967731848811,0.170447298706367));
#2215=AXIS2_PLACEMENT_3D('',#2836,#2837,#2838);
#2216=CARTESIAN_POINT('',(0.0165863593030564,0.00839967731845616,0.17044729948243));
#2217=CARTESIAN_POINT('',(0.016586356231472,0.00809967731847214,0.170447299094398));
#2218=VECTOR('',#2839,1.0);
#2219=AXIS2_PLACEMENT_3D('',#2840,#2841,#2842);
#2220=CARTESIAN_POINT('',(0.0183863777324685,0.0101996588888538,0.170447301810618));
#2221=CARTESIAN_POINT('',(0.0183863777324685,0.0101996588888538,0.170447301810618));
#2222=VECTOR('',#2843,1.0);
#2223=AXIS2_PLACEMENT_3D('',#2844,#2845,#2846);
#2224=CARTESIAN_POINT('',(0.0107863777328669,0.0101997367023257,0.170447301810618));
#2225=CARTESIAN_POINT('',(0.0107863777328669,0.0101997367023257,0.170447301810618));
#2226=VECTOR('',#2847,1.0);
#2227=AXIS2_PLACEMENT_3D('',#2848,#2849,#2850);
#2228=CARTESIAN_POINT('',(0.0188334427155323,0.00779962779593518,0.190947293401999));
#2229=CARTESIAN_POINT('',(0.0188334488587012,0.00839962779590323,0.190947294178062));
#2230=CARTESIAN_POINT('',(0.0188334457871168,0.0080996277959192,0.190947293790031));
#2231=VECTOR('',#2851,1.0);
#2232=CARTESIAN_POINT('',(0.0228334427153227,0.00779958684147628,0.190947293401999));
#2233=AXIS2_PLACEMENT_3D('',#2852,#2853,#2854);
#2234=CARTESIAN_POINT('',(0.0228334488584915,0.00839958684144433,0.190947294178062));
#2235=CARTESIAN_POINT('',(0.0228334457869071,0.00809958684146031,0.190947293790031));
#2236=VECTOR('',#2855,1.0);
#2237=AXIS2_PLACEMENT_3D('',#2856,#2857,#2858);
#2238=CARTESIAN_POINT('',(0.0246334672879037,0.010199568411842,0.19094729650625));
#2239=CARTESIAN_POINT('',(0.0246334672879037,0.010199568411842,0.19094729650625));
#2240=VECTOR('',#2859,1.0);
#2241=AXIS2_PLACEMENT_3D('',#2860,#2861,#2862);
#2242=CARTESIAN_POINT('',(0.017033467288302,0.0101996462253139,0.19094729650625));
#2243=CARTESIAN_POINT('',(0.017033467288302,0.0101996462253139,0.19094729650625));
#2244=VECTOR('',#2863,1.0);
#2245=AXIS2_PLACEMENT_3D('',#2864,#2865,#2866);
#2246=CARTESIAN_POINT('',(-0.0169183104763986,0.00780002035983054,0.170447298712297));
#2247=CARTESIAN_POINT('',(-0.0169183043332298,0.00840002035979859,0.17044729948836));
#2248=CARTESIAN_POINT('',(-0.0169183074048142,0.00810002035981457,0.170447299100329));
#2249=VECTOR('',#2867,1.0);
#2250=CARTESIAN_POINT('',(-0.0129183104766083,0.00779997940537164,0.170447298712297));
#2251=AXIS2_PLACEMENT_3D('',#2868,#2869,#2870);
#2252=CARTESIAN_POINT('',(-0.0129183043334394,0.0083999794053397,0.17044729948836));
#2253=CARTESIAN_POINT('',(-0.0129183074050239,0.00809997940535567,0.170447299100329));
#2254=VECTOR('',#2871,1.0);
#2255=AXIS2_PLACEMENT_3D('',#2872,#2873,#2874);
#2256=CARTESIAN_POINT('',(-0.0111182859040273,0.0101999609757373,0.170447301816548));
#2257=CARTESIAN_POINT('',(-0.0111182859040273,0.0101999609757373,0.170447301816548));
#2258=VECTOR('',#2875,1.0);
#2259=AXIS2_PLACEMENT_3D('',#2876,#2877,#2878);
#2260=CARTESIAN_POINT('',(-0.018718285903629,0.0102000387892092,0.170447301816548));
#2261=CARTESIAN_POINT('',(-0.018718285903629,0.0102000387892092,0.170447301816548));
#2262=VECTOR('',#2879,1.0);
#2263=AXIS2_PLACEMENT_3D('',#2880,#2881,#2882);
#2264=CARTESIAN_POINT('',(0.0284815850890843,0.0087995227160712,0.195815176875651));
#2265=CARTESIAN_POINT('',(0.0284815994231449,0.0101995227159967,0.195815178686464));
#2266=CARTESIAN_POINT('',(0.0284815922561012,0.00949952140663892,0.195815177781056));
#2267=VECTOR('',#2883,1.0);
#2268=CARTESIAN_POINT('',(0.0290842879706777,0.00879952246656489,0.19123719397715));
#2269=AXIS2_PLACEMENT_3D('',#2884,#2885,#2886);
#2270=CARTESIAN_POINT('',(0.0290843023047383,0.0101995224664903,0.191237195787963));
#2271=CARTESIAN_POINT('',(0.0290842367776041,0.00379952246698822,0.191237187509961));
#2272=VECTOR('',#2887,1.0);
#2273=AXIS2_PLACEMENT_3D('',#2888,#2889,#2890);
#2274=CARTESIAN_POINT('',(0.0141263329368982,0.0075067750107631,0.196947293024503));
#2275=CARTESIAN_POINT('',(0.0141263329342735,0.00750679309265992,0.182967574536946));
#2276=CARTESIAN_POINT('',(0.0141263329355858,0.00750678405202157,0.189957194065495));
#2277=VECTOR('',#2891,1.0);
#2278=CARTESIAN_POINT('',(0.0138334324783062,0.00679967122843503,0.196947292109963));
#2279=AXIS2_PLACEMENT_3D('',#2892,#2893,#2894);
#2280=CARTESIAN_POINT('',(0.0138334324756815,0.00679968931007014,0.182967775961502));
#2281=CARTESIAN_POINT('',(0.0138334324756243,0.00679968970397173,0.182663237476553));
#2282=VECTOR('',#2895,1.0);
#2283=CARTESIAN_POINT('',(0.0138334324756815,0.00679968931007014,0.182967775961502));
#2284=CARTESIAN_POINT('',(0.0138334338089006,0.00692990410513178,0.182967776129927));
#2285=CARTESIAN_POINT('',(0.0138588689685934,0.00705887371356077,0.182967758612782));
#2286=CARTESIAN_POINT('',(0.0139577436062184,0.00729980395606969,0.1829676904481));
#2287=CARTESIAN_POINT('',(0.014030237793754,0.0074094611609498,0.182967640464259));
#2288=CARTESIAN_POINT('',(0.0142131789553534,0.00759481520635639,0.182967514954696));
#2289=CARTESIAN_POINT('',(0.0143218769212728,0.00766873995246193,0.182967440644579));
#2290=CARTESIAN_POINT('',(0.0145606945390216,0.00777042374360069,0.182967278425475));
#2291=CARTESIAN_POINT('',(0.0146884140386559,0.0077975271834651,0.182967192150042));
#2292=CARTESIAN_POINT('',(0.0148229786800065,0.00779963811777786,0.182967101828586));
#2293=CARTESIAN_POINT('',(0.0148282106567377,0.00779967912584744,0.182967098172895));
#2294=CARTESIAN_POINT('',(0.0148334427136489,0.00779967907228506,0.182967094662804));
#2295=CARTESIAN_POINT('',(-0.0144594399969692,0.00750706768947876,0.196947293030249));
#2296=CARTESIAN_POINT('',(-0.0144594399982798,0.00750707671772161,0.189967256878787));
#2297=VECTOR('',#2896,1.0);
#2298=CARTESIAN_POINT('',(-0.0151665437792979,0.00779996814807052,0.19694729340923));
#2299=AXIS2_PLACEMENT_3D('',#2897,#2898,#2899);
#2300=CARTESIAN_POINT('',(-0.0151665437812794,0.00779998179870104,0.186393534928781));
#2301=VECTOR('',#2900,1.0);
#2302=CARTESIAN_POINT('',(-0.028813521918237,0.00880010933859742,0.195815176887167));
#2303=CARTESIAN_POINT('',(-0.0288135075841763,0.0102001093385229,0.19581517869798));
#2304=CARTESIAN_POINT('',(-0.0288135147512159,0.00950010843604619,0.195815177792572));
#2305=VECTOR('',#2901,1.0);
#2306=CARTESIAN_POINT('',(-0.0247177616966063,0.00880006464592466,0.197947294704587));
#2307=AXIS2_PLACEMENT_3D('',#2902,#2903,#2904);
#2308=CARTESIAN_POINT('',(-0.0247177473625457,0.0102000646458501,0.1979472965154));
#2309=CARTESIAN_POINT('',(-0.02471781288968,0.00380006464634799,0.197947288237398));
#2310=VECTOR('',#2905,1.0);
#2311=AXIS2_PLACEMENT_3D('',#2906,#2907,#2908);
#2312=CARTESIAN_POINT('',(-0.0190323453096926,0.00880004859571935,0.165351539785121));
#2313=CARTESIAN_POINT('',(-0.019032330975632,0.0102000485956448,0.165351541595934));
#2314=CARTESIAN_POINT('',(-0.0190323381426623,0.00950004859568208,0.165351540690528));
#2315=VECTOR('',#2909,1.0);
#2316=CARTESIAN_POINT('',(-0.0208629262313231,0.00880006425262986,0.167737199290304));
#2317=AXIS2_PLACEMENT_3D('',#2910,#2911,#2912);
#2318=CARTESIAN_POINT('',(-0.0208629118972624,0.0102000642525553,0.167737201101117));
#2319=CARTESIAN_POINT('',(-0.0208629067779551,0.0107000642525287,0.167737201747836));
#2320=VECTOR('',#2913,1.0);
#2321=AXIS2_PLACEMENT_3D('',#2914,#2915,#2916);
#2322=CARTESIAN_POINT('',(0.0187004084691005,0.00879966226459093,0.165351539777537));
#2323=CARTESIAN_POINT('',(0.0187004228031611,0.0101996622645164,0.16535154158835));
#2324=CARTESIAN_POINT('',(0.0187004156361308,0.00949966226455366,0.165351540682944));
#2325=VECTOR('',#2917,1.0);
#2326=CARTESIAN_POINT('',(0.0158325262873258,0.00879969279730961,0.164447299999559));
#2327=AXIS2_PLACEMENT_3D('',#2918,#2919,#2920);
#2328=CARTESIAN_POINT('',(0.0158325406213864,0.0101996927972351,0.164447301810372));
#2329=CARTESIAN_POINT('',(0.0158325457406937,0.0106996927972084,0.164447302457091));
#2330=VECTOR('',#2921,1.0);
#2331=AXIS2_PLACEMENT_3D('',#2922,#2923,#2924);
#2332=CARTESIAN_POINT('',(0.0148334457158221,0.00809255329396624,0.197654400563225));
#2333=CARTESIAN_POINT('',(0.0243858176284054,0.00809245549091052,0.197654400561305));
#2334=CARTESIAN_POINT('',(0.0196096316721138,0.00809250439243838,0.197654400562265));
#2335=VECTOR('',#2925,1.0);
#2336=CARTESIAN_POINT('',(0.0148334427168685,0.00779966098976706,0.1969472934032));
#2337=AXIS2_PLACEMENT_3D('',#2926,#2927,#2928);
#2338=CARTESIAN_POINT('',(0.0243858146294518,0.00779956318671134,0.19694729340128));
#2339=CARTESIAN_POINT('',(0.026183012752779,0.00779954478589218,0.196947293400919));
#2340=VECTOR('',#2929,1.0);
#2341=AXIS2_PLACEMENT_3D('',#2930,#2931,#2932);
#2342=CARTESIAN_POINT('',(0.0288090511345198,0.00809241837381517,0.191337368443284));
#2343=CARTESIAN_POINT('',(0.0202557525554688,0.00809253634352616,0.167837373748118));
#2344=CARTESIAN_POINT('',(0.0217827974026532,0.0080925152820564,0.172032894981997));
#2345=VECTOR('',#2933,1.0);
#2346=CARTESIAN_POINT('',(0.0281445851113906,0.00779953164538705,0.191579212827226));
#2347=AXIS2_PLACEMENT_3D('',#2934,#2935,#2936);
#2348=CARTESIAN_POINT('',(0.0195912865323396,0.00779964961509804,0.16807921813206));
#2349=CARTESIAN_POINT('',(0.0211183313795239,0.00779962855362829,0.172274739365939));
#2350=VECTOR('',#2937,1.0);
#2351=AXIS2_PLACEMENT_3D('',#2938,#2939,#2940);
#2352=CARTESIAN_POINT('',(0.0158325190475869,0.00809258563732155,0.164740192303774));
#2353=CARTESIAN_POINT('',(-0.0161644703679964,0.0080929132421685,0.164740192310205));
#2354=CARTESIAN_POINT('',(-0.000279575607912465,0.00809275060285113,0.164740192307012));
#2355=VECTOR('',#2941,1.0);
#2356=CARTESIAN_POINT('',(0.0158325160488988,0.00779969150392502,0.165447298706121));
#2357=AXIS2_PLACEMENT_3D('',#2942,#2943,#2944);
#2358=CARTESIAN_POINT('',(-0.0161644733666844,0.00780001910877197,0.165447298712552));
#2359=CARTESIAN_POINT('',(-0.000279578606600524,0.00779985646945459,0.165447298709359));
#2360=VECTOR('',#2945,1.0);
#2361=AXIS2_PLACEMENT_3D('',#2946,#2947,#2948);
#2362=CARTESIAN_POINT('',(-0.0141665540179388,0.00679996302881641,0.196947292115598));
#2363=CARTESIAN_POINT('',(-0.0138736607990342,0.00679995399608956,0.197654398896718));
#2364=AXIS2_PLACEMENT_3D('',#2949,#2950,#2951);
#2365=CARTESIAN_POINT('',(-0.0131665540177773,0.00679995661607121,0.197947292115403));
#2366=AXIS2_PLACEMENT_3D('',#2952,#2953,#2954);
#2367=CARTESIAN_POINT('',(-0.0151665335404954,0.00879996685457943,0.197947294702667));
#2368=AXIS2_PLACEMENT_3D('',#2955,#2956,#2957);
#2369=CARTESIAN_POINT('',(-0.0151665407803443,0.0080928604522697,0.197654400569255));
#2370=AXIS2_PLACEMENT_3D('',#2958,#2959,#2960);
#2371=AXIS2_PLACEMENT_3D('',#2961,#2962,#2963);
#2372=AXIS2_PLACEMENT_3D('',#2964,#2965,#2966);
#2373=CARTESIAN_POINT('',(-0.0205877038747153,0.00809295452394054,0.167837373756328));
#2374=CARTESIAN_POINT('',(-0.0291410024449418,0.008093011702087,0.191337368454932));
#2375=CARTESIAN_POINT('',(-0.0221572818344246,0.0080929650164491,0.172149753761465));
#2376=VECTOR('',#2967,1.0);
#2377=CARTESIAN_POINT('',(-0.0199232438491369,0.00780005418915062,0.168079218140003));
#2378=AXIS2_PLACEMENT_3D('',#2968,#2969,#2970);
#2379=CARTESIAN_POINT('',(-0.0284765424193633,0.00780011136729707,0.191579212838607));
#2380=CARTESIAN_POINT('',(-0.0214928218088462,0.00780006468165918,0.17239159814514));
#2381=VECTOR('',#2971,1.0);
#2382=AXIS2_PLACEMENT_3D('',#2972,#2973,#2974);
#2383=CARTESIAN_POINT('',(-0.0247177689364552,0.00809295824361493,0.197654400571175));
#2384=CARTESIAN_POINT('',(-0.0199421548583998,0.00809290934794231,0.197654400570215));
#2385=VECTOR('',#2975,1.0);
#2386=CARTESIAN_POINT('',(0.0261830229915815,0.00879954349240109,0.197947294694356));
#2387=VECTOR('',#2976,1.0);
#2388=AXIS2_PLACEMENT_3D('',#2977,#2978,#2979);
#2389=CARTESIAN_POINT('',(-0.00366600727911025,0.010199868455034,0.182987288879434));
#2390=CARTESIAN_POINT('',(-0.00366604619362216,0.00639910898162635,0.182987283963388));
#2391=CARTESIAN_POINT('',(-0.00366602673636621,0.00829948871833017,0.182987286421411));
#2392=VECTOR('',#2980,1.0);
#2393=CARTESIAN_POINT('',(0.00333399272052285,0.0101997967847309,0.182987288879434));
#2394=AXIS2_PLACEMENT_3D('',#2981,#2982,#2983);
#2395=CARTESIAN_POINT('',(0.00333395380601094,0.00639903731132328,0.182987283963388));
#2396=CARTESIAN_POINT('',(0.00333397326326689,0.0082994170480271,0.182987286421411));
#2397=VECTOR('',#2984,1.0);
#2398=AXIS2_PLACEMENT_3D('',#2985,#2986,#2987);
#2399=CARTESIAN_POINT('',(0.00393394766281066,0.0057990311681864,0.182987283187325));
#2400=CARTESIAN_POINT('',(0.00393394766281066,0.0057990311681864,0.182987283187325));
#2401=VECTOR('',#2988,1.0);
#2402=AXIS2_PLACEMENT_3D('',#2989,#2990,#2991);
#2403=CARTESIAN_POINT('',(-0.00426605233675954,0.00579911512482713,0.182987283187325));
#2404=CARTESIAN_POINT('',(-0.00426605233675954,0.00579911512482713,0.182987283187325));
#2405=VECTOR('',#2992,1.0);
#2406=AXIS2_PLACEMENT_3D('',#2993,#2994,#2995);
#2407=CARTESIAN_POINT('',(-0.000166620572315627,0.000299850733864382,0.168987211402519));
#2408=CARTESIAN_POINT('',(-0.000166587299533136,0.00354984226183471,0.168987215606181));
#2409=VECTOR('',#2996,1.0);
#2410=AXIS2_PLACEMENT_3D('',#2997,#2998,#2999);
#2411=CARTESIAN_POINT('',(0.0138333659246858,0.00029968931041624,0.182967767554156));
#2412=CARTESIAN_POINT('',(0.0138334898119239,0.0123996893095536,0.182967783204753));
#2413=VECTOR('',#3000,0.999999999999999);
#2414=AXIS2_PLACEMENT_3D('',#3001,#3002,#3003);
#2415=CARTESIAN_POINT('',(0.0135404654688513,-0.000407433468145603,0.197654389569263));
#2416=CARTESIAN_POINT('',(0.0135405392596409,0.00679967331265719,0.197654398891208));
#2417=CARTESIAN_POINT('',(0.0135404819233984,0.00119967331311246,0.197654391647956));
#2418=VECTOR('',#3004,1.0);
#2419=CARTESIAN_POINT('',(0.0138333659273105,0.000299671228781133,0.196947283702617));
#2420=AXIS2_PLACEMENT_3D('',#3005,#3006,#3007);
#2421=CARTESIAN_POINT('',(0.0138333751420638,0.0011996712288903,0.196947284866711));
#2422=VECTOR('',#3008,1.0);
#2423=AXIS2_PLACEMENT_3D('',#3009,#3010,#3011);
#2424=CARTESIAN_POINT('',(-0.0138737345898238,-0.000407152784713229,0.197654389574774));
#2425=CARTESIAN_POINT('',(-0.01387369769439,0.00319640441504235,0.197654394235751));
#2426=VECTOR('',#3012,1.0);
#2427=CARTESIAN_POINT('',(-0.0131666205688254,0.000299946377802587,0.197947283708043));
#2428=AXIS2_PLACEMENT_3D('',#3013,#3014,#3015);
#2429=CARTESIAN_POINT('',(-0.0131666430937778,-0.00190005362192317,0.19794728086248));
#2430=VECTOR('',#3016,1.0);
#2431=CARTESIAN_POINT('',(-0.000166636680933897,-0.00040729312640772,0.197654389572019));
#2432=VECTOR('',#3017,1.0);
#2433=CARTESIAN_POINT('',(0.0128333659275507,0.000299680173958022,0.197947283702817));
#2434=AXIS2_PLACEMENT_3D('',#3018,#3019,#3020);
#2435=CARTESIAN_POINT('',(0.0307199593399813,0.000299497040019346,0.197947283699222));
#2436=VECTOR('',#3021,1.0);
#2437=CARTESIAN_POINT('',(0.0135404654660938,-0.000407414472176299,0.182967971106584));
#2438=CARTESIAN_POINT('',(0.0135404654674725,-0.000407423970028549,0.190311077974162));
#2439=VECTOR('',#3022,1.0);
#2440=CARTESIAN_POINT('',(0.0138333659246858,0.000299689310416237,0.182967767554159));
#2441=CARTESIAN_POINT('',(0.0138333645914667,0.000169474515371762,0.182967767385763));
#2442=CARTESIAN_POINT('',(0.0138079294317538,4.05049068754656E-05,0.182967784858294));
#2443=CARTESIAN_POINT('',(0.0137090547943638,-0.00020042533505875,0.182967853390195));
#2444=CARTESIAN_POINT('',(0.0136365606073306,-0.000310082539273697,0.182967903804361));
#2445=CARTESIAN_POINT('',(0.0134536194476027,-0.000495436583715423,0.182968031930395));
#2446=CARTESIAN_POINT('',(0.0133449214833143,-0.000569361329132847,0.182968108433003));
#2447=CARTESIAN_POINT('',(0.0131063382053187,-0.000670945345172775,0.182968277699343));
#2448=CARTESIAN_POINT('',(0.0129788850993842,-0.000698042677062614,0.182968368741828));
#2449=CARTESIAN_POINT('',(0.0128443244221854,-0.000700255445928524,0.182968465645141));
#2450=CARTESIAN_POINT('',(0.0128388401006903,-0.000700300507978363,0.182968469596362));
#2451=CARTESIAN_POINT('',(0.0128333556861153,-0.000700300451830621,0.182968473548636));
#2452=CARTESIAN_POINT('',(0.0138333659293105,0.000299657450854795,0.207599458831348));
#2453=VECTOR('',#3023,1.0);
#2454=CARTESIAN_POINT('',(-0.00016663081093035,-0.000700150559520199,0.169987210109081));
#2455=AXIS2_PLACEMENT_3D('',#3024,#3025,#3026);
#2456=CARTESIAN_POINT('',(0.0128333556861153,-0.000700300451830621,0.182968473548636));
#2457=CARTESIAN_POINT('',(0.0138333659246858,0.000299689310416237,0.182967767554159));
#2458=CARTESIAN_POINT('',(0.0138333645914667,0.000169474515371762,0.182967767385763));
#2459=CARTESIAN_POINT('',(0.0138079294317538,4.05049068754656E-05,0.182967784858294));
#2460=CARTESIAN_POINT('',(0.0137090547943638,-0.00020042533505875,0.182967853390195));
#2461=CARTESIAN_POINT('',(0.0136365606073306,-0.000310082539273697,0.182967903804361));
#2462=CARTESIAN_POINT('',(0.0134536194476027,-0.000495436583715423,0.182968031930395));
#2463=CARTESIAN_POINT('',(0.0133449214833143,-0.000569361329132847,0.182968108433003));
#2464=CARTESIAN_POINT('',(0.0131063382053187,-0.000670945345172775,0.182968277699343));
#2465=CARTESIAN_POINT('',(0.0129788850993842,-0.000698042677062614,0.182968368741828));
#2466=CARTESIAN_POINT('',(0.0128443244221854,-0.000700255445928524,0.182968465645141));
#2467=CARTESIAN_POINT('',(0.0128388401006903,-0.000700300507978363,0.182968469596362));
#2468=CARTESIAN_POINT('',(0.0128333556861153,-0.000700300451830621,0.182968473548636));
#2469=AXIS2_PLACEMENT_3D('',#3027,#3028,#3029);
#2470=CARTESIAN_POINT('',(-0.0138737345925776,-0.000407133813628871,0.182987210490664));
#2471=CARTESIAN_POINT('',(-0.0138737345912007,-0.000407143299170463,0.19032079957539));
#2472=VECTOR('',#3030,1.0);
#2473=CARTESIAN_POINT('',(-0.0141666205689607,0.000299957909855146,0.196947283708245));
#2474=AXIS2_PLACEMENT_3D('',#3031,#3032,#3033);
#2475=CARTESIAN_POINT('',(-0.0141666205715818,0.000299975966340845,0.182987211405322));
#2476=CARTESIAN_POINT('',(-0.0141666205662603,0.000299939307022625,0.211329754989937));
#2477=VECTOR('',#3034,1.0);
#2478=AXIS2_PLACEMENT_3D('',#3035,#3036,#3037);
#2479=CARTESIAN_POINT('',(0.00393723007678964,0.000946197406554331,0.185587276909458));
#2480=CARTESIAN_POINT('',(0.00393727511891846,0.00534543793271008,0.185587282599602));
#2481=CARTESIAN_POINT('',(0.0039372285777524,0.000799787245008143,0.185587276720086));
#2482=VECTOR('',#3038,1.0);
#2483=CARTESIAN_POINT('',(0.00399081841627338,0.000799786437634875,0.185787276720155));
#2484=AXIS2_PLACEMENT_3D('',#3039,#3040,#3041);
#2485=CARTESIAN_POINT('',(0.0039908634584022,0.00519902696379061,0.185787282410299));
#2486=CARTESIAN_POINT('',(0.00399081841627338,0.000799786437634868,0.185787276720155));
#2487=VECTOR('',#3042,0.999999999999999);
#2488=AXIS2_PLACEMENT_3D('',#3043,#3044,#3045);
#2489=CARTESIAN_POINT('',(-0.00426938908015421,0.00534552195750263,0.185587282601412));
#2490=CARTESIAN_POINT('',(-0.00426943412228303,0.000946281431346851,0.185587276911268));
#2491=CARTESIAN_POINT('',(-0.00426943562132027,0.000799871269881086,0.185587276721896));
#2492=VECTOR('',#3046,1.0);
#2493=CARTESIAN_POINT('',(-0.00432298041763733,0.00519911208603494,0.18578728241197));
#2494=AXIS2_PLACEMENT_3D('',#3047,#3048,#3049);
#2495=CARTESIAN_POINT('',(-0.00432302545976614,0.000799871559879201,0.185787276721826));
#2496=CARTESIAN_POINT('',(-0.00432302545976614,0.000799871559879229,0.185787276721826));
#2497=VECTOR('',#3050,0.999999999999999);
#2498=AXIS2_PLACEMENT_3D('',#3051,#3052,#3053);
#2499=CARTESIAN_POINT('',(-0.00426938908098588,0.00534552868345969,0.180387282601417));
#2500=CARTESIAN_POINT('',(-0.00426943412311471,0.000946288157303988,0.180387276911273));
#2501=CARTESIAN_POINT('',(-0.00426943562215194,0.000799877995757805,0.1803872767219));
#2502=VECTOR('',#3054,1.0);
#2503=CARTESIAN_POINT('',(-0.004669390579927,0.00519912209998429,0.180787282412044));
#2504=AXIS2_PLACEMENT_3D('',#3055,#3056,#3057);
#2505=CARTESIAN_POINT('',(-0.00466943562205586,0.000799881573828569,0.1807872767219));
#2506=CARTESIAN_POINT('',(-0.00466943562205586,0.00079988157382856,0.1807872767219));
#2507=VECTOR('',#3058,0.999999999999999);
#2508=AXIS2_PLACEMENT_3D('',#3059,#3060,#3061);
#2509=CARTESIAN_POINT('',(0.00393723007566867,0.000946204132350653,0.180387276909462));
#2510=CARTESIAN_POINT('',(0.00393727511779749,0.00534544465850639,0.180387282599606));
#2511=CARTESIAN_POINT('',(0.00393722857663143,0.000799793970884913,0.18038727672009));
#2512=VECTOR('',#3062,1.0);
#2513=CARTESIAN_POINT('',(0.00433722857668553,0.000799789358063879,0.18078727672009));
#2514=AXIS2_PLACEMENT_3D('',#3063,#3064,#3065);
#2515=CARTESIAN_POINT('',(0.00433727361881436,0.00519902988421961,0.180787282410234));
#2516=CARTESIAN_POINT('',(0.00433722857668553,0.000799789358063891,0.18078727672009));
#2517=VECTOR('',#3066,0.999999999999999);
#2518=AXIS2_PLACEMENT_3D('',#3067,#3068,#3069);
#2519=CARTESIAN_POINT('',(0.00399081841507728,0.000799793680886762,0.18018727672016));
#2520=CARTESIAN_POINT('',(0.00399086345720611,0.00519903420704249,0.180187282410304));
#2521=CARTESIAN_POINT('',(0.00399081841507728,0.000799793680886769,0.18018727672016));
#2522=VECTOR('',#3070,0.999999999999999);
#2523=CARTESIAN_POINT('',(0.00272069286457009,0.00519905005739306,0.177987282410436));
#2524=CARTESIAN_POINT('',(0.0644639579204692,0.00519827956845098,0.284929754470772));
#2525=VECTOR('',#3071,0.999999999999999);
#2526=CARTESIAN_POINT('',(0.00272064782244127,0.000799809531237327,0.177987276720292));
#2527=CARTESIAN_POINT('',(0.00272061197961598,-0.002700939959722,0.17798727219229));
#2528=VECTOR('',#3072,0.999999999999999);
#2529=CARTESIAN_POINT('',(0.0159060280415628,0.0007996449920014,0.200825025168024));
#2530=VECTOR('',#3073,0.999999999999999);
#2531=AXIS2_PLACEMENT_3D('',#3074,#3075,#3076);
#2532=AXIS2_PLACEMENT_3D('',#3077,#3078,#3079);
#2533=CARTESIAN_POINT('',(0.00560739916932154,0.000799773507713316,0.182987276719958));
#2534=CARTESIAN_POINT('',(0.0159060280415628,0.0007996449920014,0.200825025168024));
#2535=VECTOR('',#3080,0.999999999999999);
#2536=CARTESIAN_POINT('',(0.00560744421145036,0.00519901403386905,0.182987282410102));
#2537=CARTESIAN_POINT('',(0.00560736332656621,-0.0027009691510184,0.182987272191965));
#2538=VECTOR('',#3081,1.0);
#2539=CARTESIAN_POINT('',(0.0644639579204692,0.00519827956845098,0.284929754470772));
#2540=VECTOR('',#3082,0.999999999999999);
#2541=CARTESIAN_POINT('',(0.0035866578679766,-0.000700197395426497,0.176487274779962));
#2542=CARTESIAN_POINT('',(0.00162417731400986,0.00269899461114366,0.179886455486913));
#2543=VECTOR('',#3083,1.0);
#2544=CARTESIAN_POINT('',(0.00733943461887754,-0.00070024422600771,0.182987274779453));
#2545=CARTESIAN_POINT('',(0.023076053061913,-0.000700440601927985,0.210243897451494));
#2546=VECTOR('',#3084,1.0);
#2547=CARTESIAN_POINT('',(0.00614709434554173,0.00033237410469214,0.182987276115304));
#2548=VECTOR('',#3085,0.999999999999999);
#2549=CARTESIAN_POINT('',(-0.000512513684706514,0.000799842634332337,0.177987276720941));
#2550=CARTESIAN_POINT('',(-0.000512468642577674,0.00519908316048807,0.177987282411086));
#2551=CARTESIAN_POINT('',(-0.000512491163510587,0.00299947574095466,0.17798727956603));
#2552=VECTOR('',#3086,0.999999999999999);
#2553=CARTESIAN_POINT('',(-0.00305280982673422,0.00519910917006272,0.177987282411596));
#2554=CARTESIAN_POINT('',(-0.0467432585034735,0.00519955649973384,0.177987282420378));
#2555=VECTOR('',#3087,1.0);
#2556=CARTESIAN_POINT('',(-0.00305285486886305,0.000799868643907001,0.177987276721452));
#2557=CARTESIAN_POINT('',(-0.00305289071168833,-0.00270088084705233,0.17798727219345));
#2558=VECTOR('',#3088,1.0);
#2559=CARTESIAN_POINT('',(0.00854439647755817,0.000799749904118597,0.177987276719121));
#2560=VECTOR('',#3089,1.0);
#2561=CARTESIAN_POINT('',(0.000180351680413548,0.00519907606696771,0.177987282410946));
#2562=CARTESIAN_POINT('',(0.000180306638284731,0.000799835540811977,0.177987276720802));
#2563=CARTESIAN_POINT('',(0.000180329159480626,0.0029994686474343,0.177987279565891));
#2564=VECTOR('',#3090,0.999999999999999);
#2565=AXIS2_PLACEMENT_3D('',#3091,#3092,#3093);
#2566=AXIS2_PLACEMENT_3D('',#3094,#3095,#3096);
#2567=CARTESIAN_POINT('',(0.00854439647755817,0.000799749904118597,0.177987276719121));
#2568=VECTOR('',#3097,1.0);
#2569=CARTESIAN_POINT('',(-0.0467432585034735,0.00519955649973384,0.177987282420378));
#2570=VECTOR('',#3098,1.0);
#2571=CARTESIAN_POINT('',(-0.00391889563080584,-0.000700120548955931,0.176487274781471));
#2572=CARTESIAN_POINT('',(-0.00102306106197549,0.00431548697027921,0.181502924924042));
#2573=VECTOR('',#3099,0.999999999999999);
#2574=CARTESIAN_POINT('',(0.00854438111935445,-0.000700248155644775,0.176487274778966));
#2575=VECTOR('',#3100,1.0);
#2576=CARTESIAN_POINT('',(-0.00593956117173692,0.00519913225920838,0.182987282412423));
#2577=CARTESIAN_POINT('',(-0.0902622998452919,0.00519980669900692,0.329038550100352));
#2578=VECTOR('',#3101,1.0);
#2579=CARTESIAN_POINT('',(-0.00593960621386574,0.000799891733052659,0.182987276722279));
#2580=CARTESIAN_POINT('',(-0.00593964205662108,-0.00270085092567907,0.182987272194286));
#2581=VECTOR('',#3102,1.0);
#2582=CARTESIAN_POINT('',(-0.0140606100796356,0.00079995668739709,0.197053268033187));
#2583=VECTOR('',#3103,1.0);
#2584=CARTESIAN_POINT('',(-0.00432302546067291,0.00079987880313109,0.180187276721831));
#2585=AXIS2_PLACEMENT_3D('',#3104,#3105,#3106);
#2586=CARTESIAN_POINT('',(-0.00432298041854406,0.00519911932928681,0.180187282411975));
#2587=CARTESIAN_POINT('',(-0.0043230254606729,0.000799878803131079,0.180187276721831));
#2588=VECTOR('',#3107,0.999999999999999);
#2589=AXIS2_PLACEMENT_3D('',#3108,#3109,#3110);
#2590=CARTESIAN_POINT('',(-0.0140606100796356,0.00079995668739709,0.197053268033187));
#2591=VECTOR('',#3111,1.0);
#2592=CARTESIAN_POINT('',(-0.0902622998452919,0.00519980669900692,0.329038550100352));
#2593=VECTOR('',#3112,1.0);
#2594=CARTESIAN_POINT('',(-0.00767167237926593,-0.000700090533066576,0.18298727478247));
#2595=CARTESIAN_POINT('',(-0.00523494278429466,0.00141013553843013,0.182987277511459));
#2596=VECTOR('',#3113,1.0);
#2597=CARTESIAN_POINT('',(-0.0201418533124065,-0.000699990792635368,0.204586261748891));
#2598=VECTOR('',#3114,0.999999999999999);
#2599=CARTESIAN_POINT('',(-0.00305280982514599,0.00519909623568438,0.187987282411588));
#2600=CARTESIAN_POINT('',(0.0558037038840175,0.00519836177026631,0.289929754472508));
#2601=VECTOR('',#3115,0.999999999999999);
#2602=CARTESIAN_POINT('',(-0.00305285486727481,0.000799855709528639,0.187987276721444));
#2603=CARTESIAN_POINT('',(-0.0030528907101001,-0.00270089378143069,0.187987272193442));
#2604=VECTOR('',#3116,0.999999999999999);
#2605=CARTESIAN_POINT('',(0.00724577400511109,0.000799727193816721,0.205825025169761));
#2606=VECTOR('',#3117,0.999999999999999);
#2607=CARTESIAN_POINT('',(-0.00466943562137442,0.000799875882702084,0.185187276721896));
#2608=AXIS2_PLACEMENT_3D('',#3118,#3119,#3120);
#2609=CARTESIAN_POINT('',(-0.00466939057924563,0.00519911640885782,0.18518728241204));
#2610=CARTESIAN_POINT('',(-0.00466943562137442,0.000799875882702106,0.185187276721896));
#2611=VECTOR('',#3121,0.999999999999999);
#2612=AXIS2_PLACEMENT_3D('',#3122,#3123,#3124);
#2613=CARTESIAN_POINT('',(0.00724577400511109,0.000799727193816721,0.205825025169761));
#2614=VECTOR('',#3125,0.999999999999999);
#2615=CARTESIAN_POINT('',(0.0558037038840175,0.00519836177026631,0.289929754472508));
#2616=VECTOR('',#3126,0.999999999999999);
#2617=CARTESIAN_POINT('',(-0.00391889562865429,-0.000700137363647787,0.18948727478146));
#2618=CARTESIAN_POINT('',(-0.00406688419306295,-0.000956455347074685,0.189743593617035));
#2619=VECTOR('',#3127,1.0);
#2620=CARTESIAN_POINT('',(0.0118177228145258,-0.00070033373956806,0.216743897453752));
#2621=VECTOR('',#3128,0.999999999999999);
#2622=CARTESIAN_POINT('',(0.00433722857765635,0.000799783666937396,0.185187276720086));
#2623=CARTESIAN_POINT('',(0.00433727361978518,0.00519902419309313,0.18518728241023));
#2624=CARTESIAN_POINT('',(0.00433722857765635,0.000799783666937387,0.185187276720086));
#2625=VECTOR('',#3129,0.999999999999999);
#2626=CARTESIAN_POINT('',(-0.0816020458069629,0.00519971156281324,0.334038550098607));
#2627=VECTOR('',#3130,1.0);
#2628=CARTESIAN_POINT('',(-0.00540035604130635,0.000799861551203396,0.202053268031443));
#2629=VECTOR('',#3131,1.0);
#2630=AXIS2_PLACEMENT_3D('',#3132,#3133,#3134);
#2631=AXIS2_PLACEMENT_3D('',#3135,#3136,#3137);
#2632=CARTESIAN_POINT('',(0.00272064782460817,0.000799796596858965,0.187987276720283));
#2633=CARTESIAN_POINT('',(-0.00540035604130635,0.000799861551203396,0.202053268031443));
#2634=VECTOR('',#3138,1.0);
#2635=CARTESIAN_POINT('',(0.002720692866737,0.0051990371230147,0.187987282410427));
#2636=CARTESIAN_POINT('',(0.00272061198178288,-0.00270095289410035,0.187987272192281));
#2637=VECTOR('',#3139,1.0);
#2638=CARTESIAN_POINT('',(-0.0816020458069629,0.00519971156281324,0.334038550098607));
#2639=VECTOR('',#3140,1.0);
#2640=CARTESIAN_POINT('',(0.00358665787070672,-0.000700214210118358,0.189487274779951));
#2641=CARTESIAN_POINT('',(-0.00888352306257849,-0.000700114469687143,0.211086261746622));
#2642=VECTOR('',#3141,1.0);
#2643=CARTESIAN_POINT('',(0.00466789249360634,-0.00257301421576965,0.191360058870276));
#2644=VECTOR('',#3142,1.0);
#2645=CARTESIAN_POINT('',(0.000180306640162285,0.000799822606433661,0.187987276720794));
#2646=CARTESIAN_POINT('',(0.000180351682291124,0.00519906313258936,0.187987282410938));
#2647=CARTESIAN_POINT('',(0.000180329161355563,0.00299945545436841,0.187987279565882));
#2648=VECTOR('',#3143,0.999999999999999);
#2649=CARTESIAN_POINT('',(-0.0467432585015959,0.00519954356535549,0.18798728242037));
#2650=VECTOR('',#3144,1.0);
#2651=CARTESIAN_POINT('',(0.00854439647943575,0.00079973696974028,0.187987276719113));
#2652=VECTOR('',#3145,1.0);
#2653=CARTESIAN_POINT('',(-0.000512468640700114,0.00519907022610972,0.187987282411077));
#2654=CARTESIAN_POINT('',(-0.000512513682828931,0.00079982969995402,0.187987276720933));
#2655=CARTESIAN_POINT('',(-0.000512491161635685,0.00299946254788877,0.187987279566021));
#2656=VECTOR('',#3146,0.999999999999999);
#2657=AXIS2_PLACEMENT_3D('',#3147,#3148,#3149);
#2658=AXIS2_PLACEMENT_3D('',#3150,#3151,#3152);
#2659=CARTESIAN_POINT('',(0.00854439647943575,0.00079973696974028,0.187987276719113));
#2660=VECTOR('',#3153,1.0);
#2661=CARTESIAN_POINT('',(-0.0467432585015959,0.00519954356535549,0.18798728242037));
#2662=VECTOR('',#3154,1.0);
#2663=CARTESIAN_POINT('',(0.0085443811217953,-0.000700264970336633,0.189487274778955));
#2664=VECTOR('',#3155,1.0);
#2665=CARTESIAN_POINT('',(-0.00270639352059423,0.00579909346495494,0.187387283187581));
#2666=CARTESIAN_POINT('',(-0.0144333698589888,-0.0145121713869192,0.207698615565784));
#2667=VECTOR('',#3156,1.0);
#2668=CARTESIAN_POINT('',(0.00237428884829767,0.00579904144580563,0.18738728318656));
#2669=CARTESIAN_POINT('',(-0.0467432523585397,0.00579954434138624,0.187387283196433));
#2670=VECTOR('',#3157,1.0);
#2671=CARTESIAN_POINT('',(0.0110850491824954,-0.00928881428653154,0.202475010700113));
#2672=VECTOR('',#3158,0.999999999999999);
#2673=CARTESIAN_POINT('',(0.004914630031628,0.00579902112735746,0.182987283186304));
#2674=CARTESIAN_POINT('',(-0.0821216549060937,0.00579971727095291,0.333738550874774));
#2675=VECTOR('',#3159,1.0);
#2676=CARTESIAN_POINT('',(-0.00279025470958925,0.0124717851005575,0.182987291818557));
#2677=VECTOR('',#3160,1.0);
#2678=AXIS2_PLACEMENT_3D('',#3161,#3162,#3163);
#2679=CARTESIAN_POINT('',(-0.00524673470557685,0.00579912516565607,0.182987283188346));
#2680=CARTESIAN_POINT('',(0.0563233252693735,0.00579835683812543,0.289629755248467));
#2681=VECTOR('',#3164,0.999999999999999);
#2682=CARTESIAN_POINT('',(-0.00270639352195703,0.00579910484720789,0.178587283187589));
#2683=CARTESIAN_POINT('',(-0.0897426784598233,0.00579980099080335,0.32933855087631));
#2684=VECTOR('',#3165,1.0);
#2685=CARTESIAN_POINT('',(0.00237428884635587,0.00579905282805859,0.178587283186567));
#2686=CARTESIAN_POINT('',(-0.046743252360192,0.00579955572363919,0.17858728319644));
#2687=VECTOR('',#3166,1.0);
#2688=CARTESIAN_POINT('',(0.0639443488214509,0.00579828450052795,0.285229755246939));
#2689=VECTOR('',#3167,0.999999999999999);
#2690=CARTESIAN_POINT('',(-0.013166630810249,-0.000700034272220628,0.182987210111683));
#2691=CARTESIAN_POINT('',(-0.0131666308076278,-0.000700052328706327,0.196947282414606));
#2692=CARTESIAN_POINT('',(-0.0131666308049275,-0.000700070931538848,0.211329753696299));
#2693=VECTOR('',#3168,1.0);
#2694=AXIS2_PLACEMENT_3D('',#3169,#3170,#3171);
#2695=CARTESIAN_POINT('',(0.0128333556887482,-0.000700318532550892,0.19694728240938));
#2696=CARTESIAN_POINT('',(0.0128333556907482,-0.000700332310477232,0.207599457538112));
#2697=VECTOR('',#3172,1.0);
#2698=CARTESIAN_POINT('',(0.0307199491011789,-0.000700501666489568,0.196947282405785));
#2699=VECTOR('',#3173,1.0);
#2700=CARTESIAN_POINT('',(-0.0097811527370977,0.0268533658418996,0.199641526211498));
#2701=VECTOR('',#3174,1.0);
#2702=CARTESIAN_POINT('',(0.00643357214483546,0.0216295949647501,0.194417907834851));
#2703=VECTOR('',#3175,1.0);
#2704=CARTESIAN_POINT('',(-0.0120939709363131,-0.000130632671083656,0.182987275519859));
#2705=VECTOR('',#3176,1.0);
#2706=AXIS2_PLACEMENT_3D('',#3177,#3178,#3179);
#2707=AXIS2_PLACEMENT_3D('',#3180,#3181,#3182);
#2708=AXIS2_PLACEMENT_3D('',#3183,#3184,#3185);
#2709=AXIS2_PLACEMENT_3D('',#3186,#3187,#3188);
#2710=CARTESIAN_POINT('',(-0.0141666430939131,-0.00190004208987062,0.196947280862682));
#2711=VECTOR('',#3189,1.0);
#2712=CARTESIAN_POINT('',(-0.0141665540199466,0.00679997156013957,0.186393533635142));
#2713=VECTOR('',#3190,1.0);
#2714=CARTESIAN_POINT('',(-0.0141665821768611,0.00404996771308056,0.182987216255703));
#2715=VECTOR('',#3191,0.999999999999999);
#2716=CARTESIAN_POINT('',(0.0128334324785464,0.00679968017361192,0.197947292110163));
#2717=CARTESIAN_POINT('',(0.012833375142304,0.00119968017406719,0.197947284866911));
#2718=VECTOR('',#3192,1.0);
#2719=CARTESIAN_POINT('',(0.014833452955671,0.00879965969627597,0.197947294696637));
#2720=AXIS2_PLACEMENT_3D('',#3193,#3194,#3195);
#2721=CARTESIAN_POINT('',(0.0243858248682543,0.00879956189322026,0.197947294694717));
#2722=CARTESIAN_POINT('',(0.0261830229915815,0.00879954349240109,0.197947294694356));
#2723=VECTOR('',#3196,1.0);
#2724=CARTESIAN_POINT('',(0.0243858392023149,0.0101995618931457,0.19794729650553));
#2725=CARTESIAN_POINT('',(0.0243857736751807,0.00379956189364359,0.197947288227528));
#2726=VECTOR('',#3197,1.0);
#2727=CARTESIAN_POINT('',(0.0307200607022671,0.0101994970394922,0.197947296504257));
#2728=VECTOR('',#3198,1.0);
#2729=AXIS2_PLACEMENT_3D('',#3199,#3200,#3201);
#2730=AXIS2_PLACEMENT_3D('',#3202,#3203,#3204);
#2731=AXIS2_PLACEMENT_3D('',#3205,#3206,#3207);
#2732=AXIS2_PLACEMENT_3D('',#3208,#3209,#3210);
#2733=AXIS2_PLACEMENT_3D('',#3211,#3212,#3213);
#2734=CARTESIAN_POINT('',(0.0205310037256874,0.0101996404362013,0.167737201092797));
#2735=CARTESIAN_POINT('',(0.030603129253897,0.0101995015183644,0.195410138532593));
#2736=VECTOR('',#3214,1.0);
#2737=AXIS2_PLACEMENT_3D('',#3215,#3216,#3217);
#2738=CARTESIAN_POINT('',(-0.0161644487941969,0.010200020402082,0.164447301816804));
#2739=CARTESIAN_POINT('',(0.00425746934251203,0.0101998113099303,0.164447301812699));
#2740=VECTOR('',#3218,1.0);
#2741=AXIS2_PLACEMENT_3D('',#3219,#3220,#3221);
#2742=CARTESIAN_POINT('',(-0.0294162104674889,0.0102001214307018,0.191237195799721));
#2743=CARTESIAN_POINT('',(-0.0299161086990681,0.0102001247724832,0.19261065490389));
#2744=VECTOR('',#3222,1.0);
#2745=AXIS2_PLACEMENT_3D('',#3223,#3224,#3225);
#2746=AXIS2_PLACEMENT_3D('',#3226,#3227,#3228);
#2747=AXIS2_PLACEMENT_3D('',#3229,#3230,#3231);
#2748=CARTESIAN_POINT('',(-0.0294162248015495,0.00880012143077632,0.191237193988908));
#2749=AXIS2_PLACEMENT_3D('',#3232,#3233,#3234);
#2750=CARTESIAN_POINT('',(-0.0247177719354088,0.00780006593941575,0.19694729341115));
#2751=AXIS2_PLACEMENT_3D('',#3235,#3236,#3237);
#2752=AXIS2_PLACEMENT_3D('',#3238,#3239,#3240);
#2753=AXIS2_PLACEMENT_3D('',#3241,#3242,#3243);
#2754=CARTESIAN_POINT('',(0.026183012752779,0.00779954478589218,0.196947293400919));
#2755=VECTOR('',#3244,1.0);
#2756=CARTESIAN_POINT('',(-0.0224325041910324,0.00880007474513842,0.172049579295441));
#2757=VECTOR('',#3245,1.0);
#2758=AXIS2_PLACEMENT_3D('',#3246,#3247,#3248);
#2759=CARTESIAN_POINT('',(-0.0161644631282575,0.00880002040215656,0.164447300005991));
#2760=AXIS2_PLACEMENT_3D('',#3249,#3250,#3251);
#2761=AXIS2_PLACEMENT_3D('',#3252,#3253,#3254);
#2762=AXIS2_PLACEMENT_3D('',#3255,#3256,#3257);
#2763=CARTESIAN_POINT('',(-0.000279568368173556,0.00879985776283918,0.164447300002798));
#2764=VECTOR('',#3258,1.0);
#2765=AXIS2_PLACEMENT_3D('',#3259,#3260,#3261);
#2766=CARTESIAN_POINT('',(0.0205309893916267,0.00879964043627588,0.167737199281984));
#2767=AXIS2_PLACEMENT_3D('',#3262,#3263,#3264);
#2768=AXIS2_PLACEMENT_3D('',#3265,#3266,#3267);
#2769=AXIS2_PLACEMENT_3D('',#3268,#3269,#3270);
#2770=CARTESIAN_POINT('',(0.022058034238811,0.00879961937480613,0.171932720515862));
#2771=VECTOR('',#3271,1.0);
#2772=AXIS2_PLACEMENT_3D('',#3272,#3273,#3274);
#2773=AXIS2_PLACEMENT_3D('',#3275,#3276,#3277);
#2774=AXIS2_PLACEMENT_3D('',#3278,#3279,#3280);
#2775=AXIS2_PLACEMENT_3D('',#3281,#3282,#3283);
#2776=AXIS2_PLACEMENT_3D('',#3284,#3285,#3286);
#2777=AXIS2_PLACEMENT_3D('',#3287,#3288,#3289);
#2778=CARTESIAN_POINT('',(0.0205310088449947,0.0106996404361747,0.167737201739516));
#2779=VECTOR('',#3290,1.0);
#2780=CARTESIAN_POINT('',(-0.0161644436748895,0.0107000204020554,0.164447302463523));
#2781=VECTOR('',#3291,1.0);
#2782=CARTESIAN_POINT('',(-0.0294162759946231,0.00380012143119965,0.191237187521719));
#2783=VECTOR('',#3292,1.0);
#2784=CARTESIAN_POINT('',(0.0148334427136489,0.00779967907228506,0.182967094662804));
#2785=CARTESIAN_POINT('',(0.0148334427141866,0.00779967946530376,0.18266323876979));
#2786=VECTOR('',#3293,1.0);
#2787=AXIS2_PLACEMENT_3D('',#3294,#3295,#3296);
#2788=AXIS2_PLACEMENT_3D('',#3297,#3298,#3299);
#2789=AXIS2_PLACEMENT_3D('',#3300,#3301,#3302);
#2790=AXIS2_PLACEMENT_3D('',#3303,#3304,#3305);
#2791=AXIS2_PLACEMENT_3D('',#3306,#3307,#3308);
#2792=CARTESIAN_POINT('',(0.0138334324756815,0.00679968931007014,0.182967775961502));
#2793=CARTESIAN_POINT('',(0.0138334338089006,0.00692990410513178,0.182967776129927));
#2794=CARTESIAN_POINT('',(0.0138588689685934,0.00705887371356077,0.182967758612782));
#2795=CARTESIAN_POINT('',(0.0139577436062184,0.00729980395606969,0.1829676904481));
#2796=CARTESIAN_POINT('',(0.014030237793754,0.0074094611609498,0.182967640464259));
#2797=CARTESIAN_POINT('',(0.0142131789553534,0.00759481520635639,0.182967514954696));
#2798=CARTESIAN_POINT('',(0.0143218769212728,0.00766873995246193,0.182967440644579));
#2799=CARTESIAN_POINT('',(0.0145606945390216,0.00777042374360069,0.182967278425475));
#2800=CARTESIAN_POINT('',(0.0146884140386559,0.0077975271834651,0.182967192150042));
#2801=CARTESIAN_POINT('',(0.0148229786800065,0.00779963811777786,0.182967101828586));
#2802=CARTESIAN_POINT('',(0.0148282106567377,0.00779967912584744,0.182967098172895));
#2803=CARTESIAN_POINT('',(0.0148334427136489,0.00779967907228506,0.182967094662804));
#2804=CARTESIAN_POINT('',(-0.000166554021319923,0.00679985202695611,0.167987219809866));
#2805=DIRECTION('',(-0.999999999947585,1.02386147236894E-05,1.32431336174359E-11));
#2806=DIRECTION('',(-1.21972911603347E-16,1.29343783333037E-06,-0.999999999999164));
#2807=CARTESIAN_POINT('',(-0.000166554021319921,0.00679983262538861,0.182987219809854));
#2808=DIRECTION('',(1.02386147236979E-05,0.999999999946749,1.29343783326258E-06));
#2809=DIRECTION('',(-0.000694423410080616,1.30054745521833E-06,-0.999999758887189));
#2810=CARTESIAN_POINT('',(-0.0151665540205337,0.00679998620460947,0.182987219812869));
#2811=DIRECTION('',(1.87754627632065E-10,-1.29343783524585E-06,0.999999999999164));
#2812=DIRECTION('',(0.999999999947585,-1.02386147234068E-05,-2.00997639286151E-10));
#2813=CARTESIAN_POINT('',(-0.0151665540205337,0.00679998620460947,0.182987219812869));
#2814=DIRECTION('',(1.87754627632065E-10,-1.29343783524585E-06,0.999999999999164));
#2815=DIRECTION('',(0.999999999947585,-1.02386147234068E-05,-2.00997639286151E-10));
#2816=CARTESIAN_POINT('',(-0.000166543782705197,0.00779983262533536,0.182987221103291));
#2817=DIRECTION('',(-1.02386147236979E-05,-0.999999999946749,-1.29343783326258E-06));
#2818=DIRECTION('',(-0.000694423410080616,1.30054745521833E-06,-0.999999758887189));
#2819=DIRECTION('',(1.02386147236979E-05,0.999999999946749,1.29343783326258E-06));
#2820=CARTESIAN_POINT('',(-0.0211665437801099,0.00780003734038587,0.190947293410441));
#2821=DIRECTION('',(-1.02386147236979E-05,-0.999999999946749,-1.29343783326258E-06));
#2822=DIRECTION('',(-0.999999999947585,1.02386147237065E-05,2.13981339843481E-27));
#2823=DIRECTION('',(-1.02386147236979E-05,-0.999999999946749,-1.29343783326258E-06));
#2824=CARTESIAN_POINT('',(-0.0211665376369411,0.00840003734035392,0.190947294186504));
#2825=DIRECTION('',(-1.02386147236979E-05,-0.999999999946749,-1.29343783326258E-06));
#2826=DIRECTION('',(0.999999999947585,-1.02386147237065E-05,6.55418464187204E-15));
#2827=DIRECTION('',(0.707114020943386,0.707099541354992,9.14598657778425E-07));
#2828=CARTESIAN_POINT('',(-0.0211665376369411,0.00840003734035392,0.190947294186504));
#2829=DIRECTION('',(-1.02386147236979E-05,-0.999999999946749,-1.29343783326258E-06));
#2830=DIRECTION('',(0.999999999947585,-1.02386147237065E-05,6.55418464187204E-15));
#2831=DIRECTION('',(0.707099541355584,-0.707114020942794,-9.14598657778425E-07));
#2832=CARTESIAN_POINT('',(-0.0211665192074346,0.0102000373402581,0.190947296514692));
#2833=DIRECTION('',(1.02386147236979E-05,0.999999999946749,1.29343783326258E-06));
#2834=DIRECTION('',(0.999999999947585,-1.02386147237065E-05,-2.69499361574209E-22));
#2835=DIRECTION('',(1.02386147236979E-05,0.999999999946749,1.29343783326258E-06));
#2836=CARTESIAN_POINT('',(0.0145863531599924,0.00779969779571756,0.170447298706367));
#2837=DIRECTION('',(1.02386147236979E-05,0.999999999946749,1.29343783326258E-06));
#2838=DIRECTION('',(-0.999999999947586,1.02386147237065E-05,0.0));
#2839=DIRECTION('',(-1.02386147236979E-05,-0.999999999946749,-1.29343783326258E-06));
#2840=CARTESIAN_POINT('',(0.0145863593031612,0.00839969779568561,0.17044729948243));
#2841=DIRECTION('',(-1.02386147236979E-05,-0.999999999946749,-1.29343783326258E-06));
#2842=DIRECTION('',(0.999999999947585,-1.02386147237065E-05,6.55418133311534E-15));
#2843=DIRECTION('',(0.707114020943386,0.707099541354992,9.14598657778425E-07));
#2844=CARTESIAN_POINT('',(0.0145863593031612,0.00839969779568561,0.17044729948243));
#2845=DIRECTION('',(-1.02386147236979E-05,-0.999999999946749,-1.29343783326258E-06));
#2846=DIRECTION('',(0.999999999947585,-1.02386147237065E-05,6.55418133311534E-15));
#2847=DIRECTION('',(0.707099541355584,-0.707114020942794,-9.14598657778425E-07));
#2848=CARTESIAN_POINT('',(0.0145863777326677,0.0101996977955898,0.170447301810618));
#2849=DIRECTION('',(1.02386147236979E-05,0.999999999946749,1.29343783326258E-06));
#2850=DIRECTION('',(0.999999999947585,-1.02386147237065E-05,-2.69494856703897E-22));
#2851=DIRECTION('',(1.02386147236979E-05,0.999999999946749,1.29343783326258E-06));
#2852=CARTESIAN_POINT('',(0.0208334427154275,0.00779960731870573,0.190947293401999));
#2853=DIRECTION('',(-1.02386147236979E-05,-0.999999999946749,-1.29343783326258E-06));
#2854=DIRECTION('',(-0.999999999947585,1.02386147237065E-05,0.0));
#2855=DIRECTION('',(-1.02386147236979E-05,-0.999999999946749,-1.29343783326258E-06));
#2856=CARTESIAN_POINT('',(0.0208334488585964,0.00839960731867378,0.190947294178062));
#2857=DIRECTION('',(-1.02386147236979E-05,-0.999999999946749,-1.29343783326258E-06));
#2858=DIRECTION('',(0.999999999947585,-1.02386147237065E-05,6.55418464175643E-15));
#2859=DIRECTION('',(0.707114020943386,0.707099541354992,9.14598657778425E-07));
#2860=CARTESIAN_POINT('',(0.0208334488585964,0.00839960731867378,0.190947294178062));
#2861=DIRECTION('',(-1.02386147236979E-05,-0.999999999946749,-1.29343783326258E-06));
#2862=DIRECTION('',(0.999999999947585,-1.02386147237065E-05,6.55418464175643E-15));
#2863=DIRECTION('',(0.707099541355584,-0.707114020942794,-9.14598657778425E-07));
#2864=CARTESIAN_POINT('',(0.0208334672881029,0.0101996073185779,0.19094729650625));
#2865=DIRECTION('',(1.02386147236979E-05,0.999999999946749,1.29343783326258E-06));
#2866=DIRECTION('',(0.999999999947585,-1.02386147237065E-05,-2.69560177323426E-22));
#2867=DIRECTION('',(1.02386147236979E-05,0.999999999946749,1.29343783326258E-06));
#2868=CARTESIAN_POINT('',(-0.0149183104765035,0.00779999988260109,0.170447298712297));
#2869=DIRECTION('',(1.02386147236979E-05,0.999999999946749,1.29343783326258E-06));
#2870=DIRECTION('',(-0.999999999947585,1.02386147237065E-05,0.0));
#2871=DIRECTION('',(-1.02386147236979E-05,-0.999999999946749,-1.29343783326258E-06));
#2872=CARTESIAN_POINT('',(-0.0149183043333346,0.00839999988256915,0.17044729948836));
#2873=DIRECTION('',(-1.02386147236979E-05,-0.999999999946749,-1.29343783326258E-06));
#2874=DIRECTION('',(0.999999999947585,-1.02386147237065E-05,6.55418133301257E-15));
#2875=DIRECTION('',(0.707114020943386,0.707099541354992,9.14598657778425E-07));
#2876=CARTESIAN_POINT('',(-0.0149183043333346,0.00839999988256915,0.17044729948836));
#2877=DIRECTION('',(-1.02386147236979E-05,-0.999999999946749,-1.29343783326258E-06));
#2878=DIRECTION('',(0.999999999947585,-1.02386147237065E-05,6.55418133301257E-15));
#2879=DIRECTION('',(0.707099541355584,-0.707114020942794,-9.14598657778425E-07));
#2880=CARTESIAN_POINT('',(-0.0149182859038281,0.0101999998824733,0.170447301816548));
#2881=DIRECTION('',(1.02386147236979E-05,0.999999999946749,1.29343783326258E-06));
#2882=DIRECTION('',(0.999999999947585,-1.02386147237065E-05,-2.69542157842177E-22));
#2883=DIRECTION('',(1.02386147237129E-05,0.999999999946749,1.29343783326258E-06));
#2884=CARTESIAN_POINT('',(0.0243858248673155,0.00879956836040943,0.192947294694721));
#2885=DIRECTION('',(-1.02386147236979E-05,-0.999999999946749,-1.29343783326258E-06));
#2886=DIRECTION('',(0.819152044353748,-9.12886764558444E-06,0.573576436185919));
#2887=DIRECTION('',(1.02386147237129E-05,0.999999999946749,1.29343783326258E-06));
#2888=CARTESIAN_POINT('',(0.0243858392013761,0.0101995683603349,0.192947296505534));
#2889=DIRECTION('',(-1.02386147236979E-05,-0.999999999946749,-1.29343783326258E-06));
#2890=DIRECTION('',(0.819152044353749,-9.12886764558445E-06,0.573576436185917));
#2891=DIRECTION('',(-1.87755844793543E-10,1.29343783525273E-06,-0.999999999999164));
#2892=CARTESIAN_POINT('',(0.0148334324782538,0.00679966098982031,0.196947292109762));
#2893=DIRECTION('',(-1.87755844793621E-10,1.29343783525273E-06,-0.999999999999164));
#2894=DIRECTION('',(-0.707099541355584,0.707114020942794,9.14740790597607E-07));
#2895=DIRECTION('',(-1.87755844793543E-10,1.29343783525273E-06,-0.999999999999164));
#2896=DIRECTION('',(-1.87755890748325E-10,1.29343783525273E-06,-0.999999999999164));
#2897=CARTESIAN_POINT('',(-0.0151665540179126,0.00679996814812377,0.196947292115792));
#2898=DIRECTION('',(-1.8775584479352E-10,1.29343783525273E-06,-0.999999999999164));
#2899=DIRECTION('',(0.707114020943386,0.707099541354993,9.14456535288798E-07));
#2900=DIRECTION('',(-1.87755890748325E-10,1.29343783525273E-06,-0.999999999999164));
#2901=DIRECTION('',(1.02386147236829E-05,0.999999999946749,1.29343783326258E-06));
#2902=CARTESIAN_POINT('',(-0.0247177616975451,0.00880007111311384,0.192947294704591));
#2903=DIRECTION('',(-1.02386147236979E-05,-0.999999999946749,-1.29343783326258E-06));
#2904=DIRECTION('',(-0.819152044138366,7.64509671721272E-06,0.573576436515213));
#2905=DIRECTION('',(1.02386147236829E-05,0.999999999946749,1.29343783326258E-06));
#2906=CARTESIAN_POINT('',(-0.0247177473634845,0.0102000711130393,0.192947296515404));
#2907=DIRECTION('',(-1.02386147236979E-05,-0.999999999946749,-1.29343783326258E-06));
#2908=DIRECTION('',(-0.819152044138365,7.64509671721272E-06,0.573576436515213));
#2909=DIRECTION('',(1.02386147236829E-05,0.999999999946749,1.29343783326258E-06));
#2910=CARTESIAN_POINT('',(-0.0161644631273187,0.00880001393496738,0.169447300005986));
#2911=DIRECTION('',(-1.02386147236979E-05,-0.999999999946749,-1.29343783326258E-06));
#2912=DIRECTION('',(-0.573576436474782,6.93215039315379E-06,-0.819152044173019));
#2913=DIRECTION('',(1.02386147236829E-05,0.999999999946749,1.29343783326258E-06));
#2914=CARTESIAN_POINT('',(-0.0161644487932581,0.0102000139348928,0.169447301816799));
#2915=DIRECTION('',(1.02386147236979E-05,0.999999999946749,1.29343783326258E-06));
#2916=DIRECTION('',(-0.573576436474783,6.9321503931538E-06,-0.819152044173018));
#2917=DIRECTION('',(1.02386147237129E-05,0.999999999946749,1.29343783326258E-06));
#2918=CARTESIAN_POINT('',(0.0158325262882646,0.00879968633012043,0.169447299999555));
#2919=DIRECTION('',(-1.02386147236979E-05,-0.999999999946749,-1.29343783326258E-06));
#2920=DIRECTION('',(0.57357643616718,-4.81310589933778E-06,-0.819152044403596));
#2921=DIRECTION('',(1.02386147237129E-05,0.999999999946749,1.29343783326258E-06));
#2922=CARTESIAN_POINT('',(0.0158325406223252,0.0101996863300459,0.169447301810368));
#2923=DIRECTION('',(1.02386147236979E-05,0.999999999946749,1.29343783326258E-06));
#2924=DIRECTION('',(0.573576436167182,-4.8131058993378E-06,-0.819152044403594));
#2925=DIRECTION('',(0.999999999947585,-1.02386147234465E-05,-2.00998856447751E-10));
#2926=CARTESIAN_POINT('',(0.0148334529554833,0.0087996609897138,0.196947294696638));
#2927=DIRECTION('',(0.999999999947585,-1.02386147234465E-05,-2.00998856447751E-10));
#2928=DIRECTION('',(1.87755844785861E-10,-1.29343783600299E-06,0.999999999999164));
#2929=DIRECTION('',(0.999999999947585,-1.02386147234465E-05,-2.00998856447751E-10));
#2930=CARTESIAN_POINT('',(0.0243858248680666,0.00879956318665809,0.196947294694718));
#2931=DIRECTION('',(0.999999999947585,-1.02386147234081E-05,-2.00999102344807E-10));
#2932=DIRECTION('',(1.87756090682966E-10,-1.29343783600299E-06,0.999999999999164));
#2933=DIRECTION('',(-0.342020143484176,4.71724646440178E-06,-0.939692620716376));
#2934=CARTESIAN_POINT('',(0.0281445953500053,0.0087995316453338,0.191579214120664));
#2935=DIRECTION('',(-0.342020143484175,4.71724646440178E-06,-0.939692620716376));
#2936=DIRECTION('',(0.939692620672438,-9.17876890986499E-06,-0.342020143514261));
#2937=DIRECTION('',(-0.342020143484176,4.71724646440178E-06,-0.939692620716376));
#2938=CARTESIAN_POINT('',(0.0195912967709543,0.00879964961504479,0.168079219425498));
#2939=DIRECTION('',(-0.342020143484175,4.71724646440009E-06,-0.939692620716377));
#2940=DIRECTION('',(0.939692620672438,-9.17876890813013E-06,-0.34202014351426));
#2941=DIRECTION('',(-0.999999999947585,1.02386147234465E-05,2.00999070636974E-10));
#2942=CARTESIAN_POINT('',(0.0158325262875135,0.00879969150387177,0.165447299999558));
#2943=DIRECTION('',(-0.999999999947585,1.02386147234465E-05,2.00999070636974E-10));
#2944=DIRECTION('',(-1.87756058975084E-10,1.29343783600296E-06,-0.999999999999164));
#2945=DIRECTION('',(-0.999999999947585,1.02386147234465E-05,2.00999070636974E-10));
#2946=CARTESIAN_POINT('',(-0.0161644631280697,0.00880001910871872,0.16544730000599));
#2947=DIRECTION('',(-0.999999999947585,1.02386147234536E-05,2.00999210765024E-10));
#2948=DIRECTION('',(-1.87756199120886E-10,1.29343783426827E-06,-0.999999999999164));
#2949=CARTESIAN_POINT('',(-0.0131665540180174,0.00679994767089432,0.19694729211539));
#2950=DIRECTION('',(1.02386147237321E-05,0.999999999946749,1.29343783307078E-06));
#2951=DIRECTION('',(-0.999999999947585,1.02386147234807E-05,2.0100587860848E-10));
#2952=CARTESIAN_POINT('',(-0.0131665540180174,0.00679994767089432,0.19694729211539));
#2953=DIRECTION('',(1.02386147237321E-05,0.999999999946749,1.29343783307078E-06));
#2954=DIRECTION('',(-0.999999999947585,1.02386147234807E-05,2.0100587860848E-10));
#2955=CARTESIAN_POINT('',(-0.0151665540177249,0.00679996685468593,0.197947292115791));
#2956=DIRECTION('',(1.8775584479352E-10,-1.29343783525273E-06,0.999999999999164));
#2957=DIRECTION('',(0.707114020943386,0.707099541354993,9.14456535288798E-07));
#2958=CARTESIAN_POINT('',(-0.0151665335406832,0.00879996814801726,0.196947294702668));
#2959=DIRECTION('',(-0.999999999947585,1.02386147234465E-05,2.00998856447751E-10));
#2960=DIRECTION('',(-1.02386147236979E-05,-0.999999999946749,-1.29343782906411E-06));
#2961=CARTESIAN_POINT('',(-0.0151665335406832,0.00879996814801726,0.196947294702668));
#2962=DIRECTION('',(-0.999999999947585,1.02386147234465E-05,2.00998856447751E-10));
#2963=DIRECTION('',(-1.02386147236979E-05,-0.999999999946749,-1.29343782906411E-06));
#2964=CARTESIAN_POINT('',(-0.0151665540179126,0.00679996814812377,0.196947292115792));
#2965=DIRECTION('',(-1.8775584479352E-10,1.29343783525273E-06,-0.999999999999164));
#2966=DIRECTION('',(0.707114020943386,0.707099541354993,9.14456535288798E-07));
#2967=DIRECTION('',(-0.342020143131309,2.28637848593719E-06,0.939692620853868));
#2968=CARTESIAN_POINT('',(-0.0199232336105222,0.00880005418909737,0.16807921943344));
#2969=DIRECTION('',(-0.342020143131309,2.28637848593719E-06,0.939692620853868));
#2970=DIRECTION('',(-0.939692620800871,1.00635324969122E-05,-0.342020143136506));
#2971=DIRECTION('',(-0.342020143131309,2.28637848593719E-06,0.939692620853868));
#2972=CARTESIAN_POINT('',(-0.0284765321807486,0.00880011136724382,0.191579214132045));
#2973=DIRECTION('',(-0.34202014313131,2.28637848592033E-06,0.939692620853868));
#2974=DIRECTION('',(-0.939692620800871,1.00635324969122E-05,-0.342020143136506));
#2975=DIRECTION('',(-0.999999999947585,1.02386147234465E-05,2.00998856447751E-10));
#2976=DIRECTION('',(-0.999999999947585,1.02386147234465E-05,2.00998856447751E-10));
#2977=CARTESIAN_POINT('',(-0.0247177616967941,0.0088000659393625,0.196947294704588));
#2978=DIRECTION('',(-0.999999999947585,1.02386147234296E-05,2.00999156554915E-10));
#2979=DIRECTION('',(-1.02386147236811E-05,-0.999999999946749,-1.29343782906411E-06));
#2980=DIRECTION('',(-1.02386147236979E-05,-0.999999999946749,-1.29343783326258E-06));
#2981=CARTESIAN_POINT('',(-0.000166007279293703,0.0101998326198825,0.182987288879434));
#2982=DIRECTION('',(-1.02386147236979E-05,-0.999999999946749,-1.29343783326258E-06));
#2983=DIRECTION('',(-0.999999999947585,1.02386147237065E-05,3.26066803569105E-27));
#2984=DIRECTION('',(1.02386147236979E-05,0.999999999946749,1.29343783326258E-06));
#2985=CARTESIAN_POINT('',(-0.00016604619380561,0.00639907314647481,0.182987283963388));
#2986=DIRECTION('',(1.02386147236979E-05,0.999999999946749,1.29343783326258E-06));
#2987=DIRECTION('',(0.999999999947585,-1.02386147237065E-05,-3.89180421803576E-15));
#2988=DIRECTION('',(0.707099541355584,-0.707114020942794,-9.14598658156336E-07));
#2989=CARTESIAN_POINT('',(-0.00016604619380561,0.00639907314647481,0.182987283963388));
#2990=DIRECTION('',(1.02386147236979E-05,0.999999999946749,1.29343783326258E-06));
#2991=DIRECTION('',(0.999999999947585,-1.02386147237065E-05,-3.89180421803576E-15));
#2992=DIRECTION('',(0.707114020943386,0.707099541354992,9.14598658156336E-07));
#2993=CARTESIAN_POINT('',(-0.000166052336974445,0.00579907314650677,0.182987283187325));
#2994=DIRECTION('',(-1.02386147236979E-05,-0.999999999946749,-1.29343783326258E-06));
#2995=DIRECTION('',(0.999999999947585,-1.02386147237065E-05,-4.4233387523239E-22));
#2996=DIRECTION('',(-1.02386147236979E-05,-0.999999999946749,-1.29343783326258E-06));
#2997=CARTESIAN_POINT('',(-0.000166554021319921,0.00679983262538861,0.182987219809854));
#2998=DIRECTION('',(1.02386147236979E-05,0.999999999946749,1.29343783326258E-06));
#2999=DIRECTION('',(-0.000694423410080616,1.30054745521833E-06,-0.999999758887189));
#3000=DIRECTION('',(-1.02386147236979E-05,-0.999999999946749,-1.29343783326258E-06));
#3001=CARTESIAN_POINT('',(-0.000166620572315625,0.000299832625734716,0.182987211402508));
#3002=DIRECTION('',(-1.02386147236979E-05,-0.999999999946749,-1.29343783326258E-06));
#3003=DIRECTION('',(-0.000694423410080617,1.30054745521833E-06,-0.999999758887189));
#3004=DIRECTION('',(1.02386147236979E-05,0.999999999946749,1.29343783326258E-06));
#3005=CARTESIAN_POINT('',(0.0128333659273629,0.000299681467395856,0.196947283702818));
#3006=DIRECTION('',(-7.23992666949001E-06,-0.707105866550232,-0.707107695784616));
#3007=DIRECTION('',(-7.23966114266015E-06,-0.707107695747554,0.707105866587296));
#3008=DIRECTION('',(1.02386147236979E-05,0.999999999946749,1.29343783326258E-06));
#3009=CARTESIAN_POINT('',(0.0128334324783586,0.00679968146704975,0.196947292110164));
#3010=DIRECTION('',(1.02386147237321E-05,0.999999999946749,1.293437833035E-06));
#3011=DIRECTION('',(1.87756060708884E-10,-1.29343783502516E-06,0.999999999999164));
#3012=DIRECTION('',(1.02386147236979E-05,0.999999999946749,1.29343783326258E-06));
#3013=CARTESIAN_POINT('',(-0.0131666205690132,0.000299947671240421,0.196947283708044));
#3014=DIRECTION('',(0.707099541355581,-0.707114020942797,-9.14740790744139E-07));
#3015=DIRECTION('',(-0.707114020943389,-0.70709954135499,-9.14456535404399E-07));
#3016=DIRECTION('',(1.02386147236979E-05,0.999999999946749,1.29343783326258E-06));
#3017=DIRECTION('',(-0.999999999947585,1.02386147234465E-05,2.00998856447751E-10));
#3018=CARTESIAN_POINT('',(0.0128333659273629,0.000299681467395856,0.196947283702818));
#3019=DIRECTION('',(-0.707114020943385,-0.707099541354993,-9.14456535129991E-07));
#3020=DIRECTION('',(0.707099541355585,-0.707114020942793,-9.14740790600974E-07));
#3021=DIRECTION('',(-0.999999999947585,1.02386147234465E-05,2.00998856447751E-10));
#3022=DIRECTION('',(1.87755844793543E-10,-1.29343783525273E-06,0.999999999999164));
#3023=DIRECTION('',(1.87755844793543E-10,-1.29343783525273E-06,0.999999999999164));
#3024=CARTESIAN_POINT('',(-0.000166620572315627,0.000299849440426549,0.169987211402519));
#3025=DIRECTION('',(-0.999999999947585,1.02386147236894E-05,1.32431336172773E-11));
#3026=DIRECTION('',(-1.21972753033432E-16,1.29343783333037E-06,-0.999999999999164));
#3027=CARTESIAN_POINT('',(-0.000166630810930349,-0.000700167374212033,0.18298721010907));
#3028=DIRECTION('',(1.02386147236979E-05,0.999999999946749,1.29343783326258E-06));
#3029=DIRECTION('',(-0.000694423410080617,1.30054745521833E-06,-0.999999758887189));
#3030=DIRECTION('',(-1.87755890748325E-10,1.29343783525273E-06,-0.999999999999164));
#3031=CARTESIAN_POINT('',(-0.0131666205690131,0.000299947671240421,0.196947283708044));
#3032=DIRECTION('',(-7.23992666949001E-06,-0.707105866550232,-0.707107695784616));
#3033=DIRECTION('',(-7.23966114258349E-06,-0.707107695747555,0.707105866587296));
#3034=DIRECTION('',(-1.87755890748325E-10,1.29343783525273E-06,-0.999999999999164));
#3035=CARTESIAN_POINT('',(-0.0131666205716342,0.000299965727726122,0.182987211405121));
#3036=DIRECTION('',(1.87755890748325E-10,-1.29343783525273E-06,0.999999999999164));
#3037=DIRECTION('',(-0.999999999947585,1.02386147238947E-05,2.00998902403114E-10));
#3038=DIRECTION('',(1.0238614723496E-05,0.999999999946749,1.29343782955326E-06));
#3039=CARTESIAN_POINT('',(0.00433722653000849,0.000599783149572909,0.185587276461398));
#3040=DIRECTION('',(-0.612379675523983,-0.707100054004122,-0.353554305068556));
#3041=DIRECTION('',(-0.612365195936174,0.707113508293665,-0.35355247587123));
#3042=DIRECTION('',(-1.0238614723496E-05,-0.999999999946749,-1.29343782955326E-06));
#3043=CARTESIAN_POINT('',(0.00433727157213732,0.00499902367572863,0.185587282151542));
#3044=DIRECTION('',(0.612379675524008,0.707100054004093,0.35355430506857));
#3045=DIRECTION('',(-0.612365195936149,0.707113508293693,-0.353552475871216));
#3046=DIRECTION('',(-1.0238614723496E-05,-0.999999999946749,-1.29343782955326E-06));
#3047=CARTESIAN_POINT('',(-0.00466939262689341,0.0049991158914934,0.185587282153352));
#3048=DIRECTION('',(-0.612365195803407,0.707112593695005,0.353554305314726));
#3049=DIRECTION('',(-0.612379675391219,-0.707100968602782,0.353552476117411));
#3050=DIRECTION('',(1.0238614723496E-05,0.999999999946749,1.29343782955326E-06));
#3051=CARTESIAN_POINT('',(-0.00466943766902224,0.000599875365337621,0.185587276463208));
#3052=DIRECTION('',(0.612365195803413,-0.707112593694998,-0.353554305314729));
#3053=DIRECTION('',(-0.612379675391214,-0.707100968602789,0.353552476117407));
#3054=DIRECTION('',(-1.0238614723496E-05,-0.999999999946749,-1.29343782955326E-06));
#3055=CARTESIAN_POINT('',(-0.00466939262772509,0.00499912261737005,0.180387282153357));
#3056=DIRECTION('',(-0.612365195936186,0.707113508293654,-0.353552475871231));
#3057=DIRECTION('',(-0.612379675523977,-0.707100054004133,-0.353554305068545));
#3058=DIRECTION('',(1.0238614723496E-05,0.999999999946749,1.29343782955326E-06));
#3059=CARTESIAN_POINT('',(-0.00466943766985392,0.000599882091214346,0.180387276463213));
#3060=DIRECTION('',(0.612365195936177,-0.707113508293664,0.353552475871226));
#3061=DIRECTION('',(-0.612379675523985,-0.707100054004123,-0.35355430506855));
#3062=DIRECTION('',(1.0238614723496E-05,0.999999999946749,1.29343782955326E-06));
#3063=CARTESIAN_POINT('',(0.00433722652888752,0.00059978987544964,0.180387276461402));
#3064=DIRECTION('',(-0.612379675391214,-0.707100968602791,0.353552476117402));
#3065=DIRECTION('',(-0.612365195803417,0.707112593694996,0.353554305314726));
#3066=DIRECTION('',(-1.0238614723496E-05,-0.999999999946749,-1.29343782955326E-06));
#3067=CARTESIAN_POINT('',(0.00433727157101634,0.00499903040160539,0.180387282151546));
#3068=DIRECTION('',(0.612379675391203,0.707100968602804,-0.353552476117396));
#3069=DIRECTION('',(-0.612365195803428,0.707112593694983,0.353554305314732));
#3070=DIRECTION('',(1.0238614723496E-05,0.999999999946749,1.29343782955326E-06));
#3071=DIRECTION('',(0.500000000136397,-6.2394573852681E-06,0.866025403683213));
#3072=DIRECTION('',(-1.02386147236979E-05,-0.999999999946749,-1.29343783326258E-06));
#3073=DIRECTION('',(-0.500000000136397,6.2394573852681E-06,-0.866025403683213));
#3074=CARTESIAN_POINT('',(0.00433727157101634,0.00499903040160539,0.180387282151546));
#3075=DIRECTION('',(0.612379675391203,0.707100968602804,-0.353552476117396));
#3076=DIRECTION('',(-0.612365195803428,0.707112593694983,0.353554305314732));
#3077=CARTESIAN_POINT('',(0.00433722652888752,0.00059978987544964,0.180387276461402));
#3078=DIRECTION('',(-0.612379675391214,-0.707100968602791,0.353552476117402));
#3079=DIRECTION('',(-0.612365195803417,0.707112593694996,0.353554305314726));
#3080=DIRECTION('',(-0.500000000136397,6.2394573852681E-06,-0.866025403683213));
#3081=DIRECTION('',(1.02386147236979E-05,0.999999999946749,1.29343783326258E-06));
#3082=DIRECTION('',(0.500000000136397,-6.2394573852681E-06,0.866025403683213));
#3083=DIRECTION('',(0.377957770119795,-0.654656693751909,-0.654654517537221));
#3084=DIRECTION('',(0.500000000136397,-6.2394573852681E-06,0.866025403683213));
#3085=DIRECTION('',(-0.75592224323212,0.654661410338353,8.46905776344845E-07));
#3086=DIRECTION('',(1.0238614723496E-05,0.999999999946749,1.29343782955326E-06));
#3087=DIRECTION('',(0.999999999947585,-1.02386147234465E-05,-2.01001372799424E-10));
#3088=DIRECTION('',(1.02386147236979E-05,0.999999999946749,1.29343783326258E-06));
#3089=DIRECTION('',(-0.999999999947585,1.02386147234465E-05,2.01001372799424E-10));
#3090=DIRECTION('',(-1.0238614723496E-05,-0.999999999946749,-1.29343782955326E-06));
#3091=CARTESIAN_POINT('',(-0.000166060528842561,0.00499907987242602,0.177787282152329));
#3092=DIRECTION('',(7.23966113587187E-06,0.707107695747463,-0.707105866587388));
#3093=DIRECTION('',(7.23978453671808E-06,0.707105866550325,0.707107695784524));
#3094=CARTESIAN_POINT('',(-0.000166105570971387,0.000599839346270366,0.177787276462184));
#3095=DIRECTION('',(-7.2396611358728E-06,-0.707107695747554,0.707105866587297));
#3096=DIRECTION('',(7.23978453671715E-06,0.707105866550234,0.707107695784615));
#3097=DIRECTION('',(-0.999999999947585,1.02386147234465E-05,2.01001372799424E-10));
#3098=DIRECTION('',(0.999999999947585,-1.02386147234465E-05,-2.01001372799424E-10));
#3099=DIRECTION('',(0.377971175859054,0.654648954086672,0.654654517385278));
#3100=DIRECTION('',(0.999999999947585,-1.02386147234465E-05,-2.01001372799424E-10));
#3101=DIRECTION('',(0.499999999811189,-3.99915733817841E-06,-0.866025403884215));
#3102=DIRECTION('',(-1.02386147236979E-05,-0.999999999946749,-1.29343783326258E-06));
#3103=DIRECTION('',(-0.499999999811189,3.99915733817841E-06,0.866025403884215));
#3104=CARTESIAN_POINT('',(-0.00466943766985392,0.000599882091214346,0.180387276463213));
#3105=DIRECTION('',(0.612365195936177,-0.707113508293664,0.353552475871226));
#3106=DIRECTION('',(-0.612379675523985,-0.707100054004123,-0.35355430506855));
#3107=DIRECTION('',(-1.0238614723496E-05,-0.999999999946749,-1.29343782955326E-06));
#3108=CARTESIAN_POINT('',(-0.00466939262772509,0.00499912261737005,0.180387282153357));
#3109=DIRECTION('',(-0.612365195936186,0.707113508293654,-0.353552475871231));
#3110=DIRECTION('',(-0.612379675523977,-0.707100054004133,-0.353554305068545));
#3111=DIRECTION('',(-0.499999999811189,3.99915733817841E-06,0.866025403884215));
#3112=DIRECTION('',(0.499999999811189,-3.99915733817841E-06,-0.866025403884215));
#3113=DIRECTION('',(-0.755935648725546,-0.654645931007878,-8.46601885447653E-07));
#3114=DIRECTION('',(0.499999999811189,-3.99915733817841E-06,-0.866025403884215));
#3115=DIRECTION('',(-0.500000000136397,6.2394573852681E-06,-0.866025403683213));
#3116=DIRECTION('',(-1.02386147236979E-05,-0.999999999946749,-1.29343783326258E-06));
#3117=DIRECTION('',(0.500000000136397,-6.2394573852681E-06,0.866025403683213));
#3118=CARTESIAN_POINT('',(-0.00466943766902224,0.000599875365337621,0.185587276463208));
#3119=DIRECTION('',(0.612365195803413,-0.707112593694998,-0.353554305314729));
#3120=DIRECTION('',(-0.612379675391214,-0.707100968602789,0.353552476117407));
#3121=DIRECTION('',(-1.0238614723496E-05,-0.999999999946749,-1.29343782955326E-06));
#3122=CARTESIAN_POINT('',(-0.00466939262689341,0.0049991158914934,0.185587282153352));
#3123=DIRECTION('',(-0.612365195803407,0.707112593695005,0.353554305314726));
#3124=DIRECTION('',(-0.612379675391219,-0.707100968602782,0.353552476117411));
#3125=DIRECTION('',(0.500000000136397,-6.2394573852681E-06,0.866025403683213));
#3126=DIRECTION('',(-0.500000000136397,6.2394573852681E-06,-0.866025403683213));
#3127=DIRECTION('',(-0.377971175613215,-0.654650647594326,0.654652824029572));
#3128=DIRECTION('',(-0.500000000136397,6.2394573852681E-06,-0.866025403683213));
#3129=DIRECTION('',(1.0238614723496E-05,0.999999999946749,1.29343782955326E-06));
#3130=DIRECTION('',(-0.49999999981119,3.99915733817843E-06,0.866025403884214));
#3131=DIRECTION('',(0.49999999981119,-3.99915733817843E-06,-0.866025403884214));
#3132=CARTESIAN_POINT('',(0.00433727157213732,0.00499902367572863,0.185587282151542));
#3133=DIRECTION('',(0.612379675524008,0.707100054004093,0.35355430506857));
#3134=DIRECTION('',(-0.612365195936149,0.707113508293693,-0.353552475871216));
#3135=CARTESIAN_POINT('',(0.00433722653000849,0.000599783149572909,0.185587276461398));
#3136=DIRECTION('',(-0.612379675523983,-0.707100054004122,-0.353554305068556));
#3137=DIRECTION('',(-0.612365195936174,0.707113508293665,-0.35355247587123));
#3138=DIRECTION('',(0.49999999981119,-3.99915733817843E-06,-0.866025403884214));
#3139=DIRECTION('',(1.02386147236979E-05,0.999999999946749,1.29343783326258E-06));
#3140=DIRECTION('',(-0.49999999981119,3.99915733817843E-06,0.866025403884214));
#3141=DIRECTION('',(-0.49999999981119,3.99915733817842E-06,0.866025403884214));
#3142=DIRECTION('',(-0.377957770365619,0.654658387259564,-0.654652823877631));
#3143=DIRECTION('',(1.0238614723496E-05,0.999999999946749,1.29343782955326E-06));
#3144=DIRECTION('',(-0.999999999947585,1.02386147234465E-05,2.01001372799424E-10));
#3145=DIRECTION('',(0.999999999947585,-1.02386147234465E-05,-2.01001372799424E-10));
#3146=DIRECTION('',(-1.0238614723496E-05,-0.999999999946749,-1.29343782955326E-06));
#3147=CARTESIAN_POINT('',(-0.00016606052688989,0.00499906642067267,0.18818728215232));
#3148=DIRECTION('',(7.23992666629416E-06,0.707105866550281,0.707107695784567));
#3149=DIRECTION('',(-7.23980326516325E-06,-0.707107695747504,0.707105866587345));
#3150=CARTESIAN_POINT('',(-0.000166105569018715,0.000599825894516917,0.188187276462176));
#3151=DIRECTION('',(-7.2399266662936E-06,-0.707105866550227,-0.707107695784621));
#3152=DIRECTION('',(-7.23980326516381E-06,-0.707107695747559,0.707105866587291));
#3153=DIRECTION('',(0.999999999947585,-1.02386147234465E-05,-2.01001372799424E-10));
#3154=DIRECTION('',(-0.999999999947585,1.02386147234465E-05,2.01001372799424E-10));
#3155=DIRECTION('',(-0.999999999947585,1.02386147234465E-05,2.01001372799424E-10));
#3156=DIRECTION('',(-0.377971175613153,-0.654650647594293,0.654652824029641));
#3157=DIRECTION('',(0.999999999947585,-1.02386147234465E-05,-2.01001372799424E-10));
#3158=DIRECTION('',(-0.377957770365491,0.65465838725955,-0.654652823877719));
#3159=DIRECTION('',(0.49999999981119,-3.99915733817843E-06,-0.866025403884214));
#3160=DIRECTION('',(-0.755922243232113,0.654661410338361,8.46905853052262E-07));
#3161=CARTESIAN_POINT('',(-0.000166052336974445,0.00579907314650677,0.182987283187325));
#3162=DIRECTION('',(-1.02386147236979E-05,-0.999999999946749,-1.29343783326258E-06));
#3163=DIRECTION('',(0.999999999947585,-1.02386147237065E-05,-4.4233387523239E-22));
#3164=DIRECTION('',(0.500000000136397,-6.2394573852681E-06,0.866025403683213));
#3165=DIRECTION('',(-0.499999999811189,3.99915733817841E-06,0.866025403884215));
#3166=DIRECTION('',(-0.999999999947585,1.02386147234465E-05,2.01001372799424E-10));
#3167=DIRECTION('',(-0.500000000136397,6.2394573852681E-06,-0.866025403683213));
#3168=DIRECTION('',(1.87755890748325E-10,-1.29343783525273E-06,0.999999999999164));
#3169=CARTESIAN_POINT('',(-0.000166630810930349,-0.000700167374212033,0.18298721010907));
#3170=DIRECTION('',(1.02386147236979E-05,0.999999999946749,1.29343783326258E-06));
#3171=DIRECTION('',(-0.000694423410080617,1.30054745521833E-06,-0.999999758887189));
#3172=DIRECTION('',(-1.87755844793543E-10,1.29343783525273E-06,-0.999999999999164));
#3173=DIRECTION('',(0.999999999947585,-1.02386147234465E-05,-2.00998856447751E-10));
#3174=DIRECTION('',(0.377957770119945,-0.65465669375195,-0.654654517537093));
#3175=DIRECTION('',(0.377971175859161,0.654648954086725,0.654654517385162));
#3176=DIRECTION('',(-0.755935648725544,-0.65464593100788,-8.46601854563262E-07));
#3177=CARTESIAN_POINT('',(-0.0131666205716342,0.000299965727726122,0.182987211405121));
#3178=DIRECTION('',(1.87755890748325E-10,-1.29343783525273E-06,0.999999999999164));
#3179=DIRECTION('',(-0.999999999947585,1.02386147238947E-05,2.00998902403114E-10));
#3180=CARTESIAN_POINT('',(-0.0131666205690131,0.000299947671240421,0.196947283708044));
#3181=DIRECTION('',(0.70710678128225,-8.15439256208131E-06,0.707106781043826));
#3182=DIRECTION('',(-0.707106781016719,6.32519523967633E-06,0.707106781328086));
#3183=CARTESIAN_POINT('',(-0.000166620572315625,0.000299832625734716,0.182987211402508));
#3184=DIRECTION('',(-1.02386147236979E-05,-0.999999999946749,-1.29343783326258E-06));
#3185=DIRECTION('',(-0.000694423410080617,1.30054745521833E-06,-0.999999758887189));
#3186=CARTESIAN_POINT('',(0.0128333659273629,0.000299681467395856,0.196947283702818));
#3187=DIRECTION('',(0.707106781016722,-6.32519523931793E-06,-0.707106781328083));
#3188=DIRECTION('',(0.707106781282248,-8.1543925675983E-06,0.707106781043829));
#3189=DIRECTION('',(-1.02386147236979E-05,-0.999999999946749,-1.29343783326258E-06));
#3190=DIRECTION('',(1.87755890748325E-10,-1.29343783525273E-06,0.999999999999164));
#3191=DIRECTION('',(-1.02386147236979E-05,-0.999999999946749,-1.29343783326258E-06));
#3192=DIRECTION('',(-1.02386147236979E-05,-0.999999999946749,-1.29343783326258E-06));
#3193=CARTESIAN_POINT('',(0.0148334324784416,0.00679965969638247,0.197947292109761));
#3194=DIRECTION('',(1.8775584479352E-10,-1.29343783525273E-06,0.999999999999164));
#3195=DIRECTION('',(-0.707099541355584,0.707114020942794,9.14740790597607E-07));
#3196=DIRECTION('',(-0.999999999947585,1.02386147234465E-05,2.00998856447751E-10));
#3197=DIRECTION('',(-1.02386147237129E-05,-0.999999999946749,-1.29343783326258E-06));
#3198=DIRECTION('',(0.999999999947585,-1.02386147234465E-05,-2.00998856447751E-10));
#3199=CARTESIAN_POINT('',(0.0128334324783586,0.00679968146704975,0.196947292110164));
#3200=DIRECTION('',(1.02386147237321E-05,0.999999999946749,1.293437833035E-06));
#3201=DIRECTION('',(1.87756060708884E-10,-1.29343783502516E-06,0.999999999999164));
#3202=CARTESIAN_POINT('',(-0.000166007279293703,0.0101998326198825,0.182987288879434));
#3203=DIRECTION('',(-1.02386147236979E-05,-0.999999999946749,-1.29343783326258E-06));
#3204=DIRECTION('',(-0.999999999947585,1.02386147237065E-05,3.26066803569105E-27));
#3205=CARTESIAN_POINT('',(-0.0149182859038281,0.0101999998824733,0.170447301816548));
#3206=DIRECTION('',(1.02386147236979E-05,0.999999999946749,1.29343783326258E-06));
#3207=DIRECTION('',(0.999999999947585,-1.02386147237065E-05,-2.69542157842177E-22));
#3208=CARTESIAN_POINT('',(0.0145863777326677,0.0101996977955898,0.170447301810618));
#3209=DIRECTION('',(1.02386147236979E-05,0.999999999946749,1.29343783326258E-06));
#3210=DIRECTION('',(0.999999999947585,-1.02386147237065E-05,-2.69494856703897E-22));
#3211=CARTESIAN_POINT('',(0.0243858392013761,0.0101995683603349,0.192947296505534));
#3212=DIRECTION('',(-1.02386147236979E-05,-0.999999999946749,-1.29343783326258E-06));
#3213=DIRECTION('',(0.819152044353749,-9.12886764558445E-06,0.573576436185917));
#3214=DIRECTION('',(-0.342020143484176,4.71724646440178E-06,-0.939692620716376));
#3215=CARTESIAN_POINT('',(0.0158325406223252,0.0101996863300459,0.169447301810368));
#3216=DIRECTION('',(1.02386147236979E-05,0.999999999946749,1.29343783326258E-06));
#3217=DIRECTION('',(0.573576436167182,-4.8131058993378E-06,-0.819152044403594));
#3218=DIRECTION('',(-0.999999999947585,1.02386147234465E-05,2.00999070636974E-10));
#3219=CARTESIAN_POINT('',(-0.0161644487932581,0.0102000139348928,0.169447301816799));
#3220=DIRECTION('',(1.02386147236979E-05,0.999999999946749,1.29343783326258E-06));
#3221=DIRECTION('',(-0.573576436474783,6.9321503931538E-06,-0.819152044173018));
#3222=DIRECTION('',(-0.342020143131309,2.28637848593719E-06,0.939692620853868));
#3223=CARTESIAN_POINT('',(-0.0247177473634845,0.0102000711130393,0.192947296515404));
#3224=DIRECTION('',(-1.02386147236979E-05,-0.999999999946749,-1.29343783326258E-06));
#3225=DIRECTION('',(-0.819152044138365,7.64509671721272E-06,0.573576436515213));
#3226=CARTESIAN_POINT('',(-0.0211665192074346,0.0102000373402581,0.190947296514692));
#3227=DIRECTION('',(1.02386147236979E-05,0.999999999946749,1.29343783326258E-06));
#3228=DIRECTION('',(0.999999999947585,-1.02386147237065E-05,-2.69499361574209E-22));
#3229=CARTESIAN_POINT('',(0.0208334672881029,0.0101996073185779,0.19094729650625));
#3230=DIRECTION('',(1.02386147236979E-05,0.999999999946749,1.29343783326258E-06));
#3231=DIRECTION('',(0.999999999947585,-1.02386147237065E-05,-2.69560177323426E-22));
#3232=CARTESIAN_POINT('',(-0.0284765321807486,0.00880011136724382,0.191579214132045));
#3233=DIRECTION('',(-0.34202014313131,2.28637848592033E-06,0.939692620853868));
#3234=DIRECTION('',(-0.939692620800871,1.00635324969122E-05,-0.342020143136506));
#3235=CARTESIAN_POINT('',(-0.0247177719361599,0.00780007111316709,0.192947293411153));
#3236=DIRECTION('',(1.02386147236979E-05,0.999999999946749,1.29343783326258E-06));
#3237=DIRECTION('',(-0.819152044138366,7.64509671721272E-06,0.573576436515213));
#3238=CARTESIAN_POINT('',(-0.0247177616967941,0.0088000659393625,0.196947294704588));
#3239=DIRECTION('',(-0.999999999947585,1.02386147234296E-05,2.00999156554915E-10));
#3240=DIRECTION('',(-1.02386147236811E-05,-0.999999999946749,-1.29343782906411E-06));
#3241=CARTESIAN_POINT('',(-0.0247177616975451,0.00880007111311384,0.192947294704591));
#3242=DIRECTION('',(-1.02386147236979E-05,-0.999999999946749,-1.29343783326258E-06));
#3243=DIRECTION('',(-0.819152044138366,7.64509671721272E-06,0.573576436515213));
#3244=DIRECTION('',(0.999999999947585,-1.02386147234465E-05,-2.00998856447751E-10));
#3245=DIRECTION('',(0.342020143131309,-2.28637848593719E-06,-0.939692620853868));
#3246=CARTESIAN_POINT('',(-0.0199232336105222,0.00880005418909737,0.16807921943344));
#3247=DIRECTION('',(-0.342020143131309,2.28637848593719E-06,0.939692620853868));
#3248=DIRECTION('',(-0.939692620800871,1.00635324969122E-05,-0.342020143136506));
#3249=CARTESIAN_POINT('',(-0.0161644631280697,0.00880001910871872,0.16544730000599));
#3250=DIRECTION('',(-0.999999999947585,1.02386147234536E-05,2.00999210765024E-10));
#3251=DIRECTION('',(-1.87756199120886E-10,1.29343783426827E-06,-0.999999999999164));
#3252=CARTESIAN_POINT('',(-0.0161644733659334,0.00780001393502063,0.169447298712549));
#3253=DIRECTION('',(1.02386147236979E-05,0.999999999946749,1.29343783326258E-06));
#3254=DIRECTION('',(-0.573576436474782,6.93215039315379E-06,-0.819152044173019));
#3255=CARTESIAN_POINT('',(-0.0161644631273187,0.00880001393496738,0.169447300005986));
#3256=DIRECTION('',(-1.02386147236979E-05,-0.999999999946749,-1.29343783326258E-06));
#3257=DIRECTION('',(-0.573576436474782,6.93215039315379E-06,-0.819152044173019));
#3258=DIRECTION('',(0.999999999947585,-1.02386147234465E-05,-2.00999070636974E-10));
#3259=CARTESIAN_POINT('',(0.0158325262875135,0.00879969150387177,0.165447299999558));
#3260=DIRECTION('',(-0.999999999947585,1.02386147234465E-05,2.00999070636974E-10));
#3261=DIRECTION('',(-1.87756058975084E-10,1.29343783600296E-06,-0.999999999999164));
#3262=CARTESIAN_POINT('',(0.0195912967709543,0.00879964961504479,0.168079219425498));
#3263=DIRECTION('',(-0.342020143484175,4.71724646440009E-06,-0.939692620716377));
#3264=DIRECTION('',(0.939692620672438,-9.17876890813013E-06,-0.34202014351426));
#3265=CARTESIAN_POINT('',(0.0158325160496498,0.00779968633017368,0.169447298706117));
#3266=DIRECTION('',(1.02386147236979E-05,0.999999999946749,1.29343783326258E-06));
#3267=DIRECTION('',(0.57357643616718,-4.81310589933778E-06,-0.819152044403596));
#3268=CARTESIAN_POINT('',(0.0158325262882646,0.00879968633012043,0.169447299999555));
#3269=DIRECTION('',(-1.02386147236979E-05,-0.999999999946749,-1.29343783326258E-06));
#3270=DIRECTION('',(0.57357643616718,-4.81310589933778E-06,-0.819152044403596));
#3271=DIRECTION('',(0.342020143484176,-4.71724646440178E-06,0.939692620716376));
#3272=CARTESIAN_POINT('',(0.0281445953500053,0.0087995316453338,0.191579214120664));
#3273=DIRECTION('',(-0.342020143484175,4.71724646440178E-06,-0.939692620716376));
#3274=DIRECTION('',(0.939692620672438,-9.17876890986499E-06,-0.342020143514261));
#3275=CARTESIAN_POINT('',(0.0243858248680666,0.00879956318665809,0.196947294694718));
#3276=DIRECTION('',(0.999999999947585,-1.02386147234081E-05,-2.00999102344807E-10));
#3277=DIRECTION('',(1.87756090682966E-10,-1.29343783600299E-06,0.999999999999164));
#3278=CARTESIAN_POINT('',(0.0243858146287008,0.00779956836046268,0.192947293401283));
#3279=DIRECTION('',(1.02386147236979E-05,0.999999999946749,1.29343783326258E-06));
#3280=DIRECTION('',(0.819152044353748,-9.12886764558445E-06,0.573576436185919));
#3281=CARTESIAN_POINT('',(0.0243858248673155,0.00879956836040943,0.192947294694721));
#3282=DIRECTION('',(-1.02386147236979E-05,-0.999999999946749,-1.29343783326258E-06));
#3283=DIRECTION('',(0.819152044353748,-9.12886764558444E-06,0.573576436185919));
#3284=CARTESIAN_POINT('',(0.0148334529554833,0.0087996609897138,0.196947294696638));
#3285=DIRECTION('',(0.999999999947585,-1.02386147234465E-05,-2.00998856447751E-10));
#3286=DIRECTION('',(1.87755844785861E-10,-1.29343783600299E-06,0.999999999999164));
#3287=CARTESIAN_POINT('',(0.0148334324782538,0.00679966098982031,0.196947292109762));
#3288=DIRECTION('',(-1.87755844793621E-10,1.29343783525273E-06,-0.999999999999164));
#3289=DIRECTION('',(-0.707099541355584,0.707114020942794,9.14740790597607E-07));
#3290=DIRECTION('',(-1.02386147237129E-05,-0.999999999946749,-1.29343783326258E-06));
#3291=DIRECTION('',(-1.02386147236829E-05,-0.999999999946749,-1.29343783326258E-06));
#3292=DIRECTION('',(-1.02386147236829E-05,-0.999999999946749,-1.29343783326258E-06));
#3293=DIRECTION('',(1.87755844793543E-10,-1.29343783525273E-06,0.999999999999164));
#3294=CARTESIAN_POINT('',(-0.000166543782705197,0.00779983262533536,0.182987221103291));
#3295=DIRECTION('',(-1.02386147236979E-05,-0.999999999946749,-1.29343783326258E-06));
#3296=DIRECTION('',(-0.000694423410080616,1.30054745521833E-06,-0.999999758887189));
#3297=CARTESIAN_POINT('',(-0.0211665437801099,0.00780003734038587,0.190947293410441));
#3298=DIRECTION('',(-1.02386147236979E-05,-0.999999999946749,-1.29343783326258E-06));
#3299=DIRECTION('',(-0.999999999947585,1.02386147237065E-05,2.13981339843481E-27));
#3300=CARTESIAN_POINT('',(0.0145863531599924,0.00779969779571756,0.170447298706367));
#3301=DIRECTION('',(1.02386147236979E-05,0.999999999946749,1.29343783326258E-06));
#3302=DIRECTION('',(-0.999999999947586,1.02386147237065E-05,0.0));
#3303=CARTESIAN_POINT('',(-0.0149183104765035,0.00779999988260109,0.170447298712297));
#3304=DIRECTION('',(1.02386147236979E-05,0.999999999946749,1.29343783326258E-06));
#3305=DIRECTION('',(-0.999999999947585,1.02386147237065E-05,0.0));
#3306=CARTESIAN_POINT('',(0.0208334427154275,0.00779960731870573,0.190947293401999));
#3307=DIRECTION('',(-1.02386147236979E-05,-0.999999999946749,-1.29343783326258E-06));
#3308=DIRECTION('',(-0.999999999947585,1.02386147237065E-05,0.0));
#3309=PRESENTATION_LAYER_ASSIGNMENT('9','Layer0',(#25));
ENDSEC;
END-ISO-10303-21;
