ISO-10303-21;
HEADER;
FILE_DESCRIPTION(('STEP AP214'),'1');
FILE_NAME('Front_foot_supp_M8.stp','2026-07-17T20:40:35',(' '),(' '),'Spatial InterOp 3D',' ',' ');
FILE_SCHEMA(('AUTOMOTIVE_DESIGN { 1 0 10303 214 1 1 1 1 }'));
ENDSEC;
DATA;
#1=MECHANICAL_DESIGN_GEOMETRIC_PRESENTATION_REPRESENTATION(' ',(#10),#6);
#2=PRODUCT_DEFINITION_CONTEXT('',#11,'design');
#3=APPLICATION_PROTOCOL_DEFINITION('INTERNATIONAL STANDARD','automotive_design',1994,#11);
#4=PRODUCT_CATEGORY_RELATIONSHIP('NONE','NONE',#12,#13);
#5=SHAPE_DEFINITION_REPRESENTATION(#14,#15);
#6= (GEOMETRIC_REPRESENTATION_CONTEXT(3)GLOBAL_UNCERTAINTY_ASSIGNED_CONTEXT((#18))GLOBAL_UNIT_ASSIGNED_CONTEXT((#20,#21,#22))REPRESENTATION_CONTEXT('NONE','WORKSPACE'));
#10=STYLED_ITEM('',(#24),#25);
#11=APPLICATION_CONTEXT(' ');
#12=PRODUCT_CATEGORY('part','NONE');
#13=PRODUCT_RELATED_PRODUCT_CATEGORY('detail',' ',(#26));
#14=PRODUCT_DEFINITION_SHAPE('NONE','NONE',#27);
#15=ADVANCED_BREP_SHAPE_REPRESENTATION('Front_foot_supp_M8',(#25,#28),#6);
#18=UNCERTAINTY_MEASURE_WITH_UNIT(LENGTH_MEASURE(1.0E-08),#20,'','');
#20= (CONVERSION_BASED_UNIT('METRE',#31)LENGTH_UNIT()NAMED_UNIT(#34));
#21= (NAMED_UNIT(#36)PLANE_ANGLE_UNIT()SI_UNIT($,.RADIAN.));
#22= (NAMED_UNIT(#36)SOLID_ANGLE_UNIT()SI_UNIT($,.STERADIAN.));
#24=PRESENTATION_STYLE_ASSIGNMENT((#42));
#25=MANIFOLD_SOLID_BREP('Front_foot_supp_M8',#43);
#26=PRODUCT('Front_foot_supp_M8','','PART--DESC',(#44));
#27=PRODUCT_DEFINITION('','NONE',#45,#2);
#28=AXIS2_PLACEMENT_3D('',#46,#47,#48);
#31=LENGTH_MEASURE_WITH_UNIT(LENGTH_MEASURE(1.0),#49);
#34=DIMENSIONAL_EXPONENTS(1.0,0.0,0.0,0.0,0.0,0.0,0.0);
#36=DIMENSIONAL_EXPONENTS(0.0,0.0,0.0,0.0,0.0,0.0,0.0);
#42=SURFACE_STYLE_USAGE(.BOTH.,#50);
#43=CLOSED_SHELL('',(#51,#52,#53,#54,#55,#56,#57,#58,#59,#60,#61,#62,#63,#64,#65,#66,#67,#68,#69,#70,#71,#72,#73,#74,#75,#76,#77,#78,#79,#80,#81,#82,#83,#84,#85,#86,#87,#88,#89,#90,#91,#92,#93,#94,#95,#96,#97,#98,#99,#100,#101,#102,#103,#104,#105,#106,#107,#108,#109,#110,#111,#112,#113,#114,#115,#116,#117,#118,#119,#120,#121,#122,#123,#124,#125,#126,#127,#128,#129,#130,#131,#132,#133,#134,#135,#136,#137,#138,#139,#140,#141,#142,#143,#144,#145,#146,#147,#148,#149,#150,#151,#152,#153,#154,#155,#156,#157,#158,#159,#160,#161,#162));
#44=PRODUCT_CONTEXT('',#11,'mechanical');
#45=PRODUCT_DEFINITION_FORMATION_WITH_SPECIFIED_SOURCE(' ','NONE',#26,.NOT_KNOWN.);
#46=CARTESIAN_POINT('',(0.0,0.0,0.0));
#47=DIRECTION('',(0.0,0.0,1.0));
#48=DIRECTION('',(1.0,0.0,0.0));
#49= (NAMED_UNIT(#34)LENGTH_UNIT()SI_UNIT($,.METRE.));
#50=SURFACE_SIDE_STYLE('',(#164));
#51=ADVANCED_FACE('0:36414',(#165),#166,.T.);
#52=ADVANCED_FACE('0:36411',(#167),#168,.F.);
#53=ADVANCED_FACE('0:36408',(#169),#170,.F.);
#54=ADVANCED_FACE('0:36405',(#171),#172,.F.);
#55=ADVANCED_FACE('0:36402',(#173),#174,.F.);
#56=ADVANCED_FACE('0:36399',(#175),#176,.F.);
#57=ADVANCED_FACE('0:36396',(#177),#178,.F.);
#58=ADVANCED_FACE('0:36393',(#179),#180,.F.);
#59=ADVANCED_FACE('0:36390',(#181),#182,.F.);
#60=ADVANCED_FACE('0:36387',(#183),#184,.F.);
#61=ADVANCED_FACE('0:36384',(#185),#186,.T.);
#62=ADVANCED_FACE('0:36381',(#187),#188,.F.);
#63=ADVANCED_FACE('0:36372',(#189),#190,.F.);
#64=ADVANCED_FACE('0:36369',(#191),#192,.T.);
#65=ADVANCED_FACE('0:36363',(#193),#194,.T.);
#66=ADVANCED_FACE('0:36357',(#195),#196,.T.);
#67=ADVANCED_FACE('0:36351',(#197),#198,.T.);
#68=ADVANCED_FACE('0:36345',(#199),#200,.T.);
#69=ADVANCED_FACE('0:36339',(#201),#202,.T.);
#70=ADVANCED_FACE('0:36333',(#203),#204,.T.);
#71=ADVANCED_FACE('0:36330',(#205),#206,.T.);
#72=ADVANCED_FACE('0:36324',(#207),#208,.T.);
#73=ADVANCED_FACE('0:36321',(#209),#210,.T.);
#74=ADVANCED_FACE('0:36312',(#211),#212,.F.);
#75=ADVANCED_FACE('0:36309',(#213),#214,.F.);
#76=ADVANCED_FACE('0:36279',(#215),#216,.T.);
#77=ADVANCED_FACE('0:36273',(#217),#218,.T.);
#78=ADVANCED_FACE('0:36270',(#219),#220,.T.);
#79=ADVANCED_FACE('0:36267',(#221),#222,.T.);
#80=ADVANCED_FACE('0:36264',(#223),#224,.T.);
#81=ADVANCED_FACE('0:36261',(#225),#226,.T.);
#82=ADVANCED_FACE('0:36258',(#227),#228,.T.);
#83=ADVANCED_FACE('0:36249',(#229),#230,.T.);
#84=ADVANCED_FACE('0:36225',(#231),#232,.T.);
#85=ADVANCED_FACE('0:36213',(#233),#234,.T.);
#86=ADVANCED_FACE('0:36201',(#235),#236,.T.);
#87=ADVANCED_FACE('0:36186',(#237),#238,.F.);
#88=ADVANCED_FACE('0:36189',(#239),#240,.T.);
#89=ADVANCED_FACE('0:36192',(#241),#242,.F.);
#90=ADVANCED_FACE('0:36195',(#243),#244,.T.);
#91=ADVANCED_FACE('0:36198',(#245),#246,.F.);
#92=ADVANCED_FACE('0:36201',(#247),#248,.T.);
#93=ADVANCED_FACE('0:36204',(#249),#250,.F.);
#94=ADVANCED_FACE('0:36207',(#251),#252,.T.);
#95=ADVANCED_FACE('0:36210',(#253),#254,.F.);
#96=ADVANCED_FACE('0:36213',(#255),#256,.T.);
#97=ADVANCED_FACE('0:36216',(#257),#258,.F.);
#98=ADVANCED_FACE('0:36219',(#259),#260,.T.);
#99=ADVANCED_FACE('0:36222',(#261),#262,.F.);
#100=ADVANCED_FACE('0:36225',(#263),#264,.T.);
#101=ADVANCED_FACE('0:36228',(#265),#266,.F.);
#102=ADVANCED_FACE('0:36231',(#267),#268,.T.);
#103=ADVANCED_FACE('0:36234',(#269),#270,.F.);
#104=ADVANCED_FACE('0:36237',(#271),#272,.T.);
#105=ADVANCED_FACE('0:36240',(#273),#274,.F.);
#106=ADVANCED_FACE('0:36243',(#275),#276,.T.);
#107=ADVANCED_FACE('0:36246',(#277),#278,.F.);
#108=ADVANCED_FACE('0:36249',(#279),#280,.T.);
#109=ADVANCED_FACE('0:36252',(#281),#282,.F.);
#110=ADVANCED_FACE('0:36255',(#283),#284,.T.);
#111=ADVANCED_FACE('0:36258',(#285),#286,.T.);
#112=ADVANCED_FACE('0:36261',(#287),#288,.T.);
#113=ADVANCED_FACE('0:36264',(#289),#290,.T.);
#114=ADVANCED_FACE('0:36267',(#291),#292,.T.);
#115=ADVANCED_FACE('0:36270',(#293),#294,.T.);
#116=ADVANCED_FACE('0:36273',(#295),#296,.T.);
#117=ADVANCED_FACE('0:36276',(#297),#298,.T.);
#118=ADVANCED_FACE('0:36279',(#299),#300,.T.);
#119=ADVANCED_FACE('0:36282',(#301),#302,.T.);
#120=ADVANCED_FACE('0:36285',(#303,#304),#305,.T.);
#121=ADVANCED_FACE('0:36288',(#306),#307,.T.);
#122=ADVANCED_FACE('0:36291',(#308),#309,.T.);
#123=ADVANCED_FACE('0:36294',(#310),#311,.T.);
#124=ADVANCED_FACE('0:36297',(#312),#313,.T.);
#125=ADVANCED_FACE('0:36300',(#314),#315,.T.);
#126=ADVANCED_FACE('0:36303',(#316),#317,.T.);
#127=ADVANCED_FACE('0:36306',(#318,#319),#320,.T.);
#128=ADVANCED_FACE('0:36309',(#321),#322,.F.);
#129=ADVANCED_FACE('0:36312',(#323),#324,.F.);
#130=ADVANCED_FACE('0:36315',(#325,#326,#327,#328,#329,#330),#331,.T.);
#131=ADVANCED_FACE('0:36318',(#332),#333,.T.);
#132=ADVANCED_FACE('0:36321',(#334),#335,.T.);
#133=ADVANCED_FACE('0:36324',(#336),#337,.T.);
#134=ADVANCED_FACE('0:36327',(#338),#339,.T.);
#135=ADVANCED_FACE('0:36333',(#340),#341,.T.);
#136=ADVANCED_FACE('0:36336',(#342),#343,.T.);
#137=ADVANCED_FACE('0:36339',(#344),#345,.T.);
#138=ADVANCED_FACE('0:36342',(#346),#347,.T.);
#139=ADVANCED_FACE('0:36345',(#348),#349,.T.);
#140=ADVANCED_FACE('0:36348',(#350),#351,.T.);
#141=ADVANCED_FACE('0:36351',(#352),#353,.T.);
#142=ADVANCED_FACE('0:36354',(#354),#355,.T.);
#143=ADVANCED_FACE('0:36357',(#356),#357,.T.);
#144=ADVANCED_FACE('0:36360',(#358),#359,.T.);
#145=ADVANCED_FACE('0:36363',(#360),#361,.T.);
#146=ADVANCED_FACE('0:36366',(#362),#363,.T.);
#147=ADVANCED_FACE('0:36369',(#364),#365,.T.);
#148=ADVANCED_FACE('0:36372',(#366),#367,.F.);
#149=ADVANCED_FACE('0:36375',(#368,#369,#370,#371,#372),#373,.F.);
#150=ADVANCED_FACE('0:36378',(#374),#375,.T.);
#151=ADVANCED_FACE('0:36381',(#376),#377,.F.);
#152=ADVANCED_FACE('0:36384',(#378),#379,.T.);
#153=ADVANCED_FACE('0:36387',(#380),#381,.F.);
#154=ADVANCED_FACE('0:36390',(#382),#383,.F.);
#155=ADVANCED_FACE('0:36393',(#384),#385,.F.);
#156=ADVANCED_FACE('0:36396',(#386),#387,.F.);
#157=ADVANCED_FACE('0:36399',(#388),#389,.F.);
#158=ADVANCED_FACE('0:36402',(#390),#391,.F.);
#159=ADVANCED_FACE('0:36405',(#392),#393,.F.);
#160=ADVANCED_FACE('0:36408',(#394),#395,.F.);
#161=ADVANCED_FACE('0:36411',(#396),#397,.F.);
#162=ADVANCED_FACE('0:36414',(#398),#399,.T.);
#164=SURFACE_STYLE_FILL_AREA(#400);
#165=FACE_OUTER_BOUND('',#401,.T.);
#166=CYLINDRICAL_SURFACE('',#402,0.014);
#167=FACE_OUTER_BOUND('',#403,.T.);
#168=TOROIDAL_SURFACE('',#404,0.015,0.001);
#169=FACE_OUTER_BOUND('',#405,.T.);
#170=CYLINDRICAL_SURFACE('',#406,0.00199999999999999);
#171=FACE_OUTER_BOUND('',#407,.T.);
#172=CONICAL_SURFACE('',#408,0.0038,0.785398163397448);
#173=FACE_OUTER_BOUND('',#409,.T.);
#174=CYLINDRICAL_SURFACE('',#410,0.002);
#175=FACE_OUTER_BOUND('',#411,.T.);
#176=CONICAL_SURFACE('',#412,0.00379999999999999,0.785398163397448);
#177=FACE_OUTER_BOUND('',#413,.T.);
#178=CYLINDRICAL_SURFACE('',#414,0.00200000000000001);
#179=FACE_OUTER_BOUND('',#415,.T.);
#180=CONICAL_SURFACE('',#416,0.00380000000000001,0.785398163397448);
#181=FACE_OUTER_BOUND('',#417,.T.);
#182=CYLINDRICAL_SURFACE('',#418,0.00200000000000001);
#183=FACE_OUTER_BOUND('',#419,.T.);
#184=CONICAL_SURFACE('',#420,0.00380000000000001,0.785398163397448);
#185=FACE_OUTER_BOUND('',#421,.T.);
#186=CYLINDRICAL_SURFACE('',#422,0.005);
#187=FACE_OUTER_BOUND('',#423,.T.);
#188=CYLINDRICAL_SURFACE('',#424,0.001);
#189=FACE_OUTER_BOUND('',#425,.T.);
#190=CYLINDRICAL_SURFACE('',#426,0.001);
#191=FACE_OUTER_BOUND('',#427,.T.);
#192=CYLINDRICAL_SURFACE('',#428,0.005);
#193=FACE_OUTER_BOUND('',#429,.T.);
#194=CYLINDRICAL_SURFACE('',#430,0.005);
#195=FACE_OUTER_BOUND('',#431,.T.);
#196=CYLINDRICAL_SURFACE('',#432,0.005);
#197=FACE_OUTER_BOUND('',#433,.T.);
#198=CYLINDRICAL_SURFACE('',#434,0.001);
#199=FACE_OUTER_BOUND('',#435,.T.);
#200=CYLINDRICAL_SURFACE('',#436,0.001);
#201=FACE_OUTER_BOUND('',#437,.T.);
#202=CYLINDRICAL_SURFACE('',#438,0.001);
#203=FACE_OUTER_BOUND('',#439,.T.);
#204=CYLINDRICAL_SURFACE('',#440,0.001);
#205=FACE_OUTER_BOUND('',#441,.T.);
#206=TOROIDAL_SURFACE('',#442,0.002,0.001);
#207=FACE_OUTER_BOUND('',#443,.T.);
#208=CYLINDRICAL_SURFACE('',#444,0.001);
#209=FACE_OUTER_BOUND('',#445,.T.);
#210=CYLINDRICAL_SURFACE('',#446,0.001);
#211=FACE_OUTER_BOUND('',#447,.T.);
#212=CYLINDRICAL_SURFACE('',#448,0.0045);
#213=FACE_OUTER_BOUND('',#449,.T.);
#214=CONICAL_SURFACE('',#450,0.0051,0.785398163397448);
#215=FACE_OUTER_BOUND('',#451,.T.);
#216=CYLINDRICAL_SURFACE('',#452,0.001);
#217=FACE_OUTER_BOUND('',#453,.T.);
#218=SPHERICAL_SURFACE('',#454,0.001);
#219=FACE_OUTER_BOUND('',#455,.T.);
#220=CYLINDRICAL_SURFACE('',#456,0.001);
#221=FACE_OUTER_BOUND('',#457,.T.);
#222=SPHERICAL_SURFACE('',#458,0.001);
#223=FACE_OUTER_BOUND('',#459,.T.);
#224=CYLINDRICAL_SURFACE('',#460,0.001);
#225=FACE_OUTER_BOUND('',#461,.T.);
#226=CYLINDRICAL_SURFACE('',#462,0.001);
#227=FACE_OUTER_BOUND('',#463,.T.);
#228=TOROIDAL_SURFACE('',#464,0.013,0.001);
#229=FACE_OUTER_BOUND('',#465,.T.);
#230=CYLINDRICAL_SURFACE('',#466,0.000399999999999999);
#231=FACE_OUTER_BOUND('',#467,.T.);
#232=CYLINDRICAL_SURFACE('',#468,0.000399999999999998);
#233=FACE_OUTER_BOUND('',#469,.T.);
#234=CYLINDRICAL_SURFACE('',#470,0.000400000000000006);
#235=FACE_OUTER_BOUND('',#471,.T.);
#236=CYLINDRICAL_SURFACE('',#472,0.000399999999999999);
#237=FACE_OUTER_BOUND('',#473,.T.);
#238=PLANE('',#474);
#239=FACE_OUTER_BOUND('',#475,.T.);
#240=CYLINDRICAL_SURFACE('',#476,0.000400000000000003);
#241=FACE_OUTER_BOUND('',#477,.T.);
#242=PLANE('',#478);
#243=FACE_OUTER_BOUND('',#479,.T.);
#244=PLANE('',#480);
#245=FACE_OUTER_BOUND('',#481,.T.);
#246=PLANE('',#482);
#247=FACE_OUTER_BOUND('',#483,.T.);
#248=CYLINDRICAL_SURFACE('',#484,0.000399999999999999);
#249=FACE_OUTER_BOUND('',#485,.T.);
#250=PLANE('',#486);
#251=FACE_OUTER_BOUND('',#487,.T.);
#252=PLANE('',#488);
#253=FACE_OUTER_BOUND('',#489,.T.);
#254=PLANE('',#490);
#255=FACE_OUTER_BOUND('',#491,.T.);
#256=CYLINDRICAL_SURFACE('',#492,0.000400000000000006);
#257=FACE_OUTER_BOUND('',#493,.T.);
#258=PLANE('',#494);
#259=FACE_OUTER_BOUND('',#495,.T.);
#260=PLANE('',#496);
#261=FACE_OUTER_BOUND('',#497,.T.);
#262=PLANE('',#498);
#263=FACE_OUTER_BOUND('',#499,.T.);
#264=CYLINDRICAL_SURFACE('',#500,0.000399999999999998);
#265=FACE_OUTER_BOUND('',#501,.T.);
#266=PLANE('',#502);
#267=FACE_OUTER_BOUND('',#503,.T.);
#268=PLANE('',#504);
#269=FACE_OUTER_BOUND('',#505,.T.);
#270=PLANE('',#506);
#271=FACE_OUTER_BOUND('',#507,.T.);
#272=CYLINDRICAL_SURFACE('',#508,0.000400000000000007);
#273=FACE_OUTER_BOUND('',#509,.T.);
#274=PLANE('',#510);
#275=FACE_OUTER_BOUND('',#511,.T.);
#276=PLANE('',#512);
#277=FACE_OUTER_BOUND('',#513,.T.);
#278=PLANE('',#514);
#279=FACE_OUTER_BOUND('',#515,.T.);
#280=CYLINDRICAL_SURFACE('',#516,0.000399999999999999);
#281=FACE_OUTER_BOUND('',#517,.T.);
#282=PLANE('',#518);
#283=FACE_OUTER_BOUND('',#519,.T.);
#284=PLANE('',#520);
#285=FACE_OUTER_BOUND('',#521,.T.);
#286=TOROIDAL_SURFACE('',#522,0.013,0.001);
#287=FACE_OUTER_BOUND('',#523,.T.);
#288=CYLINDRICAL_SURFACE('',#524,0.001);
#289=FACE_OUTER_BOUND('',#525,.T.);
#290=CYLINDRICAL_SURFACE('',#526,0.001);
#291=FACE_OUTER_BOUND('',#527,.T.);
#292=SPHERICAL_SURFACE('',#528,0.001);
#293=FACE_OUTER_BOUND('',#529,.T.);
#294=CYLINDRICAL_SURFACE('',#530,0.001);
#295=FACE_OUTER_BOUND('',#531,.T.);
#296=SPHERICAL_SURFACE('',#532,0.001);
#297=FACE_OUTER_BOUND('',#533,.T.);
#298=PLANE('',#534);
#299=FACE_OUTER_BOUND('',#535,.T.);
#300=CYLINDRICAL_SURFACE('',#536,0.001);
#301=FACE_OUTER_BOUND('',#537,.T.);
#302=PLANE('',#538);
#303=FACE_BOUND('',#539,.T.);
#304=FACE_OUTER_BOUND('',#540,.T.);
#305=PLANE('',#541);
#306=FACE_OUTER_BOUND('',#542,.T.);
#307=PLANE('',#543);
#308=FACE_OUTER_BOUND('',#544,.T.);
#309=PLANE('',#545);
#310=FACE_OUTER_BOUND('',#546,.T.);
#311=PLANE('',#547);
#312=FACE_OUTER_BOUND('',#548,.T.);
#313=PLANE('',#549);
#314=FACE_OUTER_BOUND('',#550,.T.);
#315=PLANE('',#551);
#316=FACE_OUTER_BOUND('',#552,.T.);
#317=PLANE('',#553);
#318=FACE_BOUND('',#554,.T.);
#319=FACE_OUTER_BOUND('',#555,.T.);
#320=PLANE('',#556);
#321=FACE_OUTER_BOUND('',#557,.T.);
#322=CONICAL_SURFACE('',#558,0.0051,0.785398163397448);
#323=FACE_OUTER_BOUND('',#559,.T.);
#324=CYLINDRICAL_SURFACE('',#560,0.0045);
#325=FACE_BOUND('',#561,.T.);
#326=FACE_BOUND('',#562,.T.);
#327=FACE_BOUND('',#563,.T.);
#328=FACE_OUTER_BOUND('',#564,.T.);
#329=FACE_BOUND('',#565,.T.);
#330=FACE_BOUND('',#566,.T.);
#331=PLANE('',#567);
#332=FACE_OUTER_BOUND('',#568,.T.);
#333=TOROIDAL_SURFACE('',#569,0.004,0.001);
#334=FACE_OUTER_BOUND('',#570,.T.);
#335=CYLINDRICAL_SURFACE('',#571,0.001);
#336=FACE_OUTER_BOUND('',#572,.T.);
#337=CYLINDRICAL_SURFACE('',#573,0.001);
#338=FACE_OUTER_BOUND('',#574,.T.);
#339=TOROIDAL_SURFACE('',#575,0.004,0.001);
#340=FACE_OUTER_BOUND('',#576,.T.);
#341=CYLINDRICAL_SURFACE('',#577,0.001);
#342=FACE_OUTER_BOUND('',#578,.T.);
#343=TOROIDAL_SURFACE('',#579,0.004,0.001);
#344=FACE_OUTER_BOUND('',#580,.T.);
#345=CYLINDRICAL_SURFACE('',#581,0.001);
#346=FACE_OUTER_BOUND('',#582,.T.);
#347=TOROIDAL_SURFACE('',#583,0.004,0.001);
#348=FACE_OUTER_BOUND('',#584,.T.);
#349=CYLINDRICAL_SURFACE('',#585,0.001);
#350=FACE_OUTER_BOUND('',#586,.T.);
#351=TOROIDAL_SURFACE('',#587,0.002,0.001);
#352=FACE_OUTER_BOUND('',#588,.T.);
#353=CYLINDRICAL_SURFACE('',#589,0.001);
#354=FACE_OUTER_BOUND('',#590,.T.);
#355=PLANE('',#591);
#356=FACE_OUTER_BOUND('',#592,.T.);
#357=CYLINDRICAL_SURFACE('',#593,0.005);
#358=FACE_OUTER_BOUND('',#594,.T.);
#359=PLANE('',#595);
#360=FACE_OUTER_BOUND('',#596,.T.);
#361=CYLINDRICAL_SURFACE('',#597,0.005);
#362=FACE_OUTER_BOUND('',#598,.T.);
#363=PLANE('',#599);
#364=FACE_OUTER_BOUND('',#600,.T.);
#365=CYLINDRICAL_SURFACE('',#601,0.005);
#366=FACE_OUTER_BOUND('',#602,.T.);
#367=CYLINDRICAL_SURFACE('',#603,0.001);
#368=FACE_OUTER_BOUND('',#604,.T.);
#369=FACE_BOUND('',#605,.T.);
#370=FACE_BOUND('',#606,.T.);
#371=FACE_BOUND('',#607,.T.);
#372=FACE_BOUND('',#608,.T.);
#373=PLANE('',#609);
#374=FACE_OUTER_BOUND('',#610,.T.);
#375=PLANE('',#611);
#376=FACE_OUTER_BOUND('',#612,.T.);
#377=CYLINDRICAL_SURFACE('',#613,0.001);
#378=FACE_OUTER_BOUND('',#614,.T.);
#379=CYLINDRICAL_SURFACE('',#615,0.005);
#380=FACE_OUTER_BOUND('',#616,.T.);
#381=CONICAL_SURFACE('',#617,0.00380000000000001,0.785398163397448);
#382=FACE_OUTER_BOUND('',#618,.T.);
#383=CYLINDRICAL_SURFACE('',#619,0.00200000000000001);
#384=FACE_OUTER_BOUND('',#620,.T.);
#385=CONICAL_SURFACE('',#621,0.00380000000000001,0.785398163397448);
#386=FACE_OUTER_BOUND('',#622,.T.);
#387=CYLINDRICAL_SURFACE('',#623,0.00200000000000001);
#388=FACE_OUTER_BOUND('',#624,.T.);
#389=CONICAL_SURFACE('',#625,0.00379999999999999,0.785398163397448);
#390=FACE_OUTER_BOUND('',#626,.T.);
#391=CYLINDRICAL_SURFACE('',#627,0.002);
#392=FACE_OUTER_BOUND('',#628,.T.);
#393=CONICAL_SURFACE('',#629,0.0038,0.785398163397448);
#394=FACE_OUTER_BOUND('',#630,.T.);
#395=CYLINDRICAL_SURFACE('',#631,0.00199999999999999);
#396=FACE_OUTER_BOUND('',#632,.T.);
#397=TOROIDAL_SURFACE('',#633,0.015,0.001);
#398=FACE_OUTER_BOUND('',#634,.T.);
#399=CYLINDRICAL_SURFACE('',#635,0.014);
#400=FILL_AREA_STYLE('',(#636));
#401=EDGE_LOOP('',(#637,#638,#639,#640));
#402=AXIS2_PLACEMENT_3D('',#641,#642,#643);
#403=EDGE_LOOP('',(#644,#645,#646,#647,#648));
#404=AXIS2_PLACEMENT_3D('',#649,#650,#651);
#405=EDGE_LOOP('',(#652,#653,#654,#655));
#406=AXIS2_PLACEMENT_3D('',#656,#657,#658);
#407=EDGE_LOOP('',(#659,#660,#661,#662));
#408=AXIS2_PLACEMENT_3D('',#663,#664,#665);
#409=EDGE_LOOP('',(#666,#667,#668,#669));
#410=AXIS2_PLACEMENT_3D('',#670,#671,#672);
#411=EDGE_LOOP('',(#673,#674,#675,#676));
#412=AXIS2_PLACEMENT_3D('',#677,#678,#679);
#413=EDGE_LOOP('',(#680,#681,#682,#683));
#414=AXIS2_PLACEMENT_3D('',#684,#685,#686);
#415=EDGE_LOOP('',(#687,#688,#689,#690));
#416=AXIS2_PLACEMENT_3D('',#691,#692,#693);
#417=EDGE_LOOP('',(#694,#695,#696,#697));
#418=AXIS2_PLACEMENT_3D('',#698,#699,#700);
#419=EDGE_LOOP('',(#701,#702,#703,#704));
#420=AXIS2_PLACEMENT_3D('',#705,#706,#707);
#421=EDGE_LOOP('',(#708,#709,#710,#711));
#422=AXIS2_PLACEMENT_3D('',#712,#713,#714);
#423=EDGE_LOOP('',(#715,#716,#717,#718));
#424=AXIS2_PLACEMENT_3D('',#719,#720,#721);
#425=EDGE_LOOP('',(#722,#723,#724,#725));
#426=AXIS2_PLACEMENT_3D('',#726,#727,#728);
#427=EDGE_LOOP('',(#729,#730,#731,#732));
#428=AXIS2_PLACEMENT_3D('',#733,#734,#735);
#429=EDGE_LOOP('',(#736,#737,#738,#739));
#430=AXIS2_PLACEMENT_3D('',#740,#741,#742);
#431=EDGE_LOOP('',(#743,#744,#745,#746));
#432=AXIS2_PLACEMENT_3D('',#747,#748,#749);
#433=EDGE_LOOP('',(#750,#751,#752,#753));
#434=AXIS2_PLACEMENT_3D('',#754,#755,#756);
#435=EDGE_LOOP('',(#757,#758,#759,#760));
#436=AXIS2_PLACEMENT_3D('',#761,#762,#763);
#437=EDGE_LOOP('',(#764,#765,#766,#767));
#438=AXIS2_PLACEMENT_3D('',#768,#769,#770);
#439=EDGE_LOOP('',(#771,#772,#773,#774));
#440=AXIS2_PLACEMENT_3D('',#775,#776,#777);
#441=EDGE_LOOP('',(#778,#779,#780,#781,#782,#783,#784));
#442=AXIS2_PLACEMENT_3D('',#785,#786,#787);
#443=EDGE_LOOP('',(#788,#789,#790,#791));
#444=AXIS2_PLACEMENT_3D('',#792,#793,#794);
#445=EDGE_LOOP('',(#795,#796,#797,#798));
#446=AXIS2_PLACEMENT_3D('',#799,#800,#801);
#447=EDGE_LOOP('',(#802,#803,#804,#805));
#448=AXIS2_PLACEMENT_3D('',#806,#807,#808);
#449=EDGE_LOOP('',(#809,#810,#811,#812));
#450=AXIS2_PLACEMENT_3D('',#813,#814,#815);
#451=EDGE_LOOP('',(#816,#817,#818,#819));
#452=AXIS2_PLACEMENT_3D('',#820,#821,#822);
#453=EDGE_LOOP('',(#823,#824,#825,#826));
#454=AXIS2_PLACEMENT_3D('',#827,#828,#829);
#455=EDGE_LOOP('',(#830,#831,#832,#833));
#456=AXIS2_PLACEMENT_3D('',#834,#835,#836);
#457=EDGE_LOOP('',(#837,#838,#839,#840));
#458=AXIS2_PLACEMENT_3D('',#841,#842,#843);
#459=EDGE_LOOP('',(#844,#845,#846,#847));
#460=AXIS2_PLACEMENT_3D('',#848,#849,#850);
#461=EDGE_LOOP('',(#851,#852,#853,#854));
#462=AXIS2_PLACEMENT_3D('',#855,#856,#857);
#463=EDGE_LOOP('',(#858,#859,#860,#861,#862));
#464=AXIS2_PLACEMENT_3D('',#863,#864,#865);
#465=EDGE_LOOP('',(#866,#867,#868,#869));
#466=AXIS2_PLACEMENT_3D('',#870,#871,#872);
#467=EDGE_LOOP('',(#873,#874,#875,#876));
#468=AXIS2_PLACEMENT_3D('',#877,#878,#879);
#469=EDGE_LOOP('',(#880,#881,#882,#883));
#470=AXIS2_PLACEMENT_3D('',#884,#885,#886);
#471=EDGE_LOOP('',(#887,#888,#889,#890));
#472=AXIS2_PLACEMENT_3D('',#891,#892,#893);
#473=EDGE_LOOP('',(#894,#895,#896,#897));
#474=AXIS2_PLACEMENT_3D('',#898,#899,#900);
#475=EDGE_LOOP('',(#901,#902,#903,#904));
#476=AXIS2_PLACEMENT_3D('',#905,#906,#907);
#477=EDGE_LOOP('',(#908,#909,#910,#911));
#478=AXIS2_PLACEMENT_3D('',#912,#913,#914);
#479=EDGE_LOOP('',(#915,#916,#917,#918,#919,#920));
#480=AXIS2_PLACEMENT_3D('',#921,#922,#923);
#481=EDGE_LOOP('',(#924,#925,#926,#927));
#482=AXIS2_PLACEMENT_3D('',#928,#929,#930);
#483=EDGE_LOOP('',(#931,#932,#933,#934));
#484=AXIS2_PLACEMENT_3D('',#935,#936,#937);
#485=EDGE_LOOP('',(#938,#939,#940,#941));
#486=AXIS2_PLACEMENT_3D('',#942,#943,#944);
#487=EDGE_LOOP('',(#945,#946,#947,#948,#949,#950,#951));
#488=AXIS2_PLACEMENT_3D('',#952,#953,#954);
#489=EDGE_LOOP('',(#955,#956,#957,#958));
#490=AXIS2_PLACEMENT_3D('',#959,#960,#961);
#491=EDGE_LOOP('',(#962,#963,#964,#965));
#492=AXIS2_PLACEMENT_3D('',#966,#967,#968);
#493=EDGE_LOOP('',(#969,#970,#971,#972));
#494=AXIS2_PLACEMENT_3D('',#973,#974,#975);
#495=EDGE_LOOP('',(#976,#977,#978,#979,#980,#981,#982));
#496=AXIS2_PLACEMENT_3D('',#983,#984,#985);
#497=EDGE_LOOP('',(#986,#987,#988,#989));
#498=AXIS2_PLACEMENT_3D('',#990,#991,#992);
#499=EDGE_LOOP('',(#993,#994,#995,#996));
#500=AXIS2_PLACEMENT_3D('',#997,#998,#999);
#501=EDGE_LOOP('',(#1000,#1001,#1002,#1003));
#502=AXIS2_PLACEMENT_3D('',#1004,#1005,#1006);
#503=EDGE_LOOP('',(#1007,#1008,#1009,#1010,#1011,#1012,#1013));
#504=AXIS2_PLACEMENT_3D('',#1014,#1015,#1016);
#505=EDGE_LOOP('',(#1017,#1018,#1019,#1020));
#506=AXIS2_PLACEMENT_3D('',#1021,#1022,#1023);
#507=EDGE_LOOP('',(#1024,#1025,#1026,#1027));
#508=AXIS2_PLACEMENT_3D('',#1028,#1029,#1030);
#509=EDGE_LOOP('',(#1031,#1032,#1033,#1034));
#510=AXIS2_PLACEMENT_3D('',#1035,#1036,#1037);
#511=EDGE_LOOP('',(#1038,#1039,#1040,#1041,#1042,#1043));
#512=AXIS2_PLACEMENT_3D('',#1044,#1045,#1046);
#513=EDGE_LOOP('',(#1047,#1048,#1049,#1050));
#514=AXIS2_PLACEMENT_3D('',#1051,#1052,#1053);
#515=EDGE_LOOP('',(#1054,#1055,#1056,#1057));
#516=AXIS2_PLACEMENT_3D('',#1058,#1059,#1060);
#517=EDGE_LOOP('',(#1061,#1062,#1063,#1064));
#518=AXIS2_PLACEMENT_3D('',#1065,#1066,#1067);
#519=EDGE_LOOP('',(#1068,#1069,#1070,#1071,#1072,#1073,#1074));
#520=AXIS2_PLACEMENT_3D('',#1075,#1076,#1077);
#521=EDGE_LOOP('',(#1078,#1079,#1080,#1081,#1082));
#522=AXIS2_PLACEMENT_3D('',#1083,#1084,#1085);
#523=EDGE_LOOP('',(#1086,#1087,#1088,#1089));
#524=AXIS2_PLACEMENT_3D('',#1090,#1091,#1092);
#525=EDGE_LOOP('',(#1093,#1094,#1095,#1096));
#526=AXIS2_PLACEMENT_3D('',#1097,#1098,#1099);
#527=EDGE_LOOP('',(#1100,#1101,#1102,#1103));
#528=AXIS2_PLACEMENT_3D('',#1104,#1105,#1106);
#529=EDGE_LOOP('',(#1107,#1108,#1109,#1110));
#530=AXIS2_PLACEMENT_3D('',#1111,#1112,#1113);
#531=EDGE_LOOP('',(#1114,#1115,#1116,#1117));
#532=AXIS2_PLACEMENT_3D('',#1118,#1119,#1120);
#533=EDGE_LOOP('',(#1121,#1122,#1123,#1124));
#534=AXIS2_PLACEMENT_3D('',#1125,#1126,#1127);
#535=EDGE_LOOP('',(#1128,#1129,#1130,#1131));
#536=AXIS2_PLACEMENT_3D('',#1132,#1133,#1134);
#537=EDGE_LOOP('',(#1135,#1136,#1137,#1138,#1139,#1140,#1141,#1142,#1143,#1144));
#538=AXIS2_PLACEMENT_3D('',#1145,#1146,#1147);
#539=EDGE_LOOP('',(#1148,#1149,#1150,#1151,#1152,#1153));
#540=EDGE_LOOP('',(#1154,#1155,#1156,#1157,#1158));
#541=AXIS2_PLACEMENT_3D('',#1159,#1160,#1161);
#542=EDGE_LOOP('',(#1162,#1163,#1164,#1165,#1166,#1167));
#543=AXIS2_PLACEMENT_3D('',#1168,#1169,#1170);
#544=EDGE_LOOP('',(#1171,#1172,#1173,#1174,#1175,#1176,#1177));
#545=AXIS2_PLACEMENT_3D('',#1178,#1179,#1180);
#546=EDGE_LOOP('',(#1181,#1182,#1183,#1184,#1185,#1186,#1187));
#547=AXIS2_PLACEMENT_3D('',#1188,#1189,#1190);
#548=EDGE_LOOP('',(#1191,#1192,#1193,#1194,#1195,#1196));
#549=AXIS2_PLACEMENT_3D('',#1197,#1198,#1199);
#550=EDGE_LOOP('',(#1200,#1201,#1202,#1203,#1204,#1205,#1206));
#551=AXIS2_PLACEMENT_3D('',#1207,#1208,#1209);
#552=EDGE_LOOP('',(#1210,#1211,#1212,#1213,#1214,#1215,#1216));
#553=AXIS2_PLACEMENT_3D('',#1217,#1218,#1219);
#554=EDGE_LOOP('',(#1220,#1221));
#555=EDGE_LOOP('',(#1222,#1223,#1224,#1225,#1226,#1227));
#556=AXIS2_PLACEMENT_3D('',#1228,#1229,#1230);
#557=EDGE_LOOP('',(#1231,#1232,#1233,#1234));
#558=AXIS2_PLACEMENT_3D('',#1235,#1236,#1237);
#559=EDGE_LOOP('',(#1238,#1239,#1240,#1241));
#560=AXIS2_PLACEMENT_3D('',#1242,#1243,#1244);
#561=EDGE_LOOP('',(#1245,#1246));
#562=EDGE_LOOP('',(#1247,#1248));
#563=EDGE_LOOP('',(#1249,#1250));
#564=EDGE_LOOP('',(#1251,#1252,#1253,#1254,#1255,#1256,#1257,#1258,#1259,#1260,#1261,#1262));
#565=EDGE_LOOP('',(#1263,#1264));
#566=EDGE_LOOP('',(#1265,#1266));
#567=AXIS2_PLACEMENT_3D('',#1267,#1268,#1269);
#568=EDGE_LOOP('',(#1270,#1271,#1272,#1273,#1274,#1275,#1276));
#569=AXIS2_PLACEMENT_3D('',#1277,#1278,#1279);
#570=EDGE_LOOP('',(#1280,#1281,#1282,#1283));
#571=AXIS2_PLACEMENT_3D('',#1284,#1285,#1286);
#572=EDGE_LOOP('',(#1287,#1288,#1289,#1290));
#573=AXIS2_PLACEMENT_3D('',#1291,#1292,#1293);
#574=EDGE_LOOP('',(#1294,#1295,#1296,#1297,#1298,#1299,#1300));
#575=AXIS2_PLACEMENT_3D('',#1301,#1302,#1303);
#576=EDGE_LOOP('',(#1304,#1305,#1306,#1307));
#577=AXIS2_PLACEMENT_3D('',#1308,#1309,#1310);
#578=EDGE_LOOP('',(#1311,#1312,#1313,#1314,#1315,#1316,#1317));
#579=AXIS2_PLACEMENT_3D('',#1318,#1319,#1320);
#580=EDGE_LOOP('',(#1321,#1322,#1323,#1324));
#581=AXIS2_PLACEMENT_3D('',#1325,#1326,#1327);
#582=EDGE_LOOP('',(#1328,#1329,#1330,#1331,#1332,#1333,#1334));
#583=AXIS2_PLACEMENT_3D('',#1335,#1336,#1337);
#584=EDGE_LOOP('',(#1338,#1339,#1340,#1341));
#585=AXIS2_PLACEMENT_3D('',#1342,#1343,#1344);
#586=EDGE_LOOP('',(#1345,#1346,#1347,#1348,#1349,#1350,#1351));
#587=AXIS2_PLACEMENT_3D('',#1352,#1353,#1354);
#588=EDGE_LOOP('',(#1355,#1356,#1357,#1358));
#589=AXIS2_PLACEMENT_3D('',#1359,#1360,#1361);
#590=EDGE_LOOP('',(#1362,#1363,#1364,#1365));
#591=AXIS2_PLACEMENT_3D('',#1366,#1367,#1368);
#592=EDGE_LOOP('',(#1369,#1370,#1371,#1372));
#593=AXIS2_PLACEMENT_3D('',#1373,#1374,#1375);
#594=EDGE_LOOP('',(#1376,#1377,#1378,#1379));
#595=AXIS2_PLACEMENT_3D('',#1380,#1381,#1382);
#596=EDGE_LOOP('',(#1383,#1384,#1385,#1386));
#597=AXIS2_PLACEMENT_3D('',#1387,#1388,#1389);
#598=EDGE_LOOP('',(#1390,#1391,#1392,#1393));
#599=AXIS2_PLACEMENT_3D('',#1394,#1395,#1396);
#600=EDGE_LOOP('',(#1397,#1398,#1399,#1400));
#601=AXIS2_PLACEMENT_3D('',#1401,#1402,#1403);
#602=EDGE_LOOP('',(#1404,#1405,#1406,#1407));
#603=AXIS2_PLACEMENT_3D('',#1408,#1409,#1410);
#604=EDGE_LOOP('',(#1411,#1412,#1413,#1414,#1415,#1416,#1417,#1418,#1419,#1420,#1421,#1422,#1423));
#605=EDGE_LOOP('',(#1424,#1425));
#606=EDGE_LOOP('',(#1426,#1427));
#607=EDGE_LOOP('',(#1428,#1429));
#608=EDGE_LOOP('',(#1430,#1431));
#609=AXIS2_PLACEMENT_3D('',#1432,#1433,#1434);
#610=EDGE_LOOP('',(#1435,#1436,#1437,#1438));
#611=AXIS2_PLACEMENT_3D('',#1439,#1440,#1441);
#612=EDGE_LOOP('',(#1442,#1443,#1444,#1445));
#613=AXIS2_PLACEMENT_3D('',#1446,#1447,#1448);
#614=EDGE_LOOP('',(#1449,#1450,#1451,#1452));
#615=AXIS2_PLACEMENT_3D('',#1453,#1454,#1455);
#616=EDGE_LOOP('',(#1456,#1457,#1458,#1459));
#617=AXIS2_PLACEMENT_3D('',#1460,#1461,#1462);
#618=EDGE_LOOP('',(#1463,#1464,#1465,#1466));
#619=AXIS2_PLACEMENT_3D('',#1467,#1468,#1469);
#620=EDGE_LOOP('',(#1470,#1471,#1472,#1473));
#621=AXIS2_PLACEMENT_3D('',#1474,#1475,#1476);
#622=EDGE_LOOP('',(#1477,#1478,#1479,#1480));
#623=AXIS2_PLACEMENT_3D('',#1481,#1482,#1483);
#624=EDGE_LOOP('',(#1484,#1485,#1486,#1487));
#625=AXIS2_PLACEMENT_3D('',#1488,#1489,#1490);
#626=EDGE_LOOP('',(#1491,#1492,#1493,#1494));
#627=AXIS2_PLACEMENT_3D('',#1495,#1496,#1497);
#628=EDGE_LOOP('',(#1498,#1499,#1500,#1501));
#629=AXIS2_PLACEMENT_3D('',#1502,#1503,#1504);
#630=EDGE_LOOP('',(#1505,#1506,#1507,#1508));
#631=AXIS2_PLACEMENT_3D('',#1509,#1510,#1511);
#632=EDGE_LOOP('',(#1512,#1513,#1514,#1515,#1516));
#633=AXIS2_PLACEMENT_3D('',#1517,#1518,#1519);
#634=EDGE_LOOP('',(#1520,#1521,#1522,#1523));
#635=AXIS2_PLACEMENT_3D('',#1524,#1525,#1526);
#636=FILL_AREA_STYLE_COLOUR('',#1527);
#637=ORIENTED_EDGE('',*,*,#1528,.F.);
#638=ORIENTED_EDGE('',*,*,#1529,.F.);
#639=ORIENTED_EDGE('',*,*,#1530,.T.);
#640=ORIENTED_EDGE('',*,*,#1531,.F.);
#641=CARTESIAN_POINT('',(-0.00016649668507747,0.0123998326248721,0.182987227053105));
#642=DIRECTION('',(-1.02386147236979E-05,-0.999999999946749,-1.29343783326258E-06));
#643=DIRECTION('',(-1.87758686210722E-10,1.29343783525276E-06,-0.999999999999163));
#644=ORIENTED_EDGE('',*,*,#1532,.F.);
#645=ORIENTED_EDGE('',*,*,#1533,.T.);
#646=ORIENTED_EDGE('',*,*,#1534,.T.);
#647=ORIENTED_EDGE('',*,*,#1535,.T.);
#648=ORIENTED_EDGE('',*,*,#1536,.T.);
#649=CARTESIAN_POINT('',(-0.000166554021319921,0.00679983262538861,0.182987219809854));
#650=DIRECTION('',(-1.02386147236979E-05,-0.999999999946749,-1.29343783326258E-06));
#651=DIRECTION('',(0.0,1.29343783333037E-06,-0.999999999999164));
#652=ORIENTED_EDGE('',*,*,#1537,.F.);
#653=ORIENTED_EDGE('',*,*,#1538,.T.);
#654=ORIENTED_EDGE('',*,*,#1539,.F.);
#655=ORIENTED_EDGE('',*,*,#1540,.F.);
#656=CARTESIAN_POINT('',(-0.0211665140881272,0.0107000373402314,0.190947297161411));
#657=DIRECTION('',(1.02386147236979E-05,0.999999999946749,1.29343783326258E-06));
#658=DIRECTION('',(-0.999999999947585,1.02386147237065E-05,2.13981339843481E-27));
#659=ORIENTED_EDGE('',*,*,#1541,.F.);
#660=ORIENTED_EDGE('',*,*,#1542,.T.);
#661=ORIENTED_EDGE('',*,*,#1543,.F.);
#662=ORIENTED_EDGE('',*,*,#1544,.T.);
#663=CARTESIAN_POINT('',(-0.0211665192074346,0.0102000373402581,0.190947296514692));
#664=DIRECTION('',(1.02386147236979E-05,0.999999999946749,1.29343783326258E-06));
#665=DIRECTION('',(0.999999999947585,-1.02386147237065E-05,-2.6949936157466E-22));
#666=ORIENTED_EDGE('',*,*,#1545,.F.);
#667=ORIENTED_EDGE('',*,*,#1546,.T.);
#668=ORIENTED_EDGE('',*,*,#1547,.F.);
#669=ORIENTED_EDGE('',*,*,#1548,.F.);
#670=CARTESIAN_POINT('',(0.0145863828519751,0.0106996977955631,0.170447302457337));
#671=DIRECTION('',(1.02386147236979E-05,0.999999999946749,1.29343783326258E-06));
#672=DIRECTION('',(-0.999999999947586,1.02386147237065E-05,0.0));
#673=ORIENTED_EDGE('',*,*,#1549,.F.);
#674=ORIENTED_EDGE('',*,*,#1550,.T.);
#675=ORIENTED_EDGE('',*,*,#1551,.F.);
#676=ORIENTED_EDGE('',*,*,#1552,.T.);
#677=CARTESIAN_POINT('',(0.0145863777326677,0.0101996977955898,0.170447301810618));
#678=DIRECTION('',(1.02386147236979E-05,0.999999999946749,1.29343783326258E-06));
#679=DIRECTION('',(0.999999999947585,-1.02386147237065E-05,-2.69494856704348E-22));
#680=ORIENTED_EDGE('',*,*,#1553,.F.);
#681=ORIENTED_EDGE('',*,*,#1554,.T.);
#682=ORIENTED_EDGE('',*,*,#1555,.F.);
#683=ORIENTED_EDGE('',*,*,#1556,.F.);
#684=CARTESIAN_POINT('',(0.0208334724074102,0.0106996073185513,0.190947297152969));
#685=DIRECTION('',(1.02386147236979E-05,0.999999999946749,1.29343783326258E-06));
#686=DIRECTION('',(-0.999999999947585,1.02386147237065E-05,0.0));
#687=ORIENTED_EDGE('',*,*,#1557,.F.);
#688=ORIENTED_EDGE('',*,*,#1558,.T.);
#689=ORIENTED_EDGE('',*,*,#1559,.F.);
#690=ORIENTED_EDGE('',*,*,#1560,.T.);
#691=CARTESIAN_POINT('',(0.0208334672881029,0.0101996073185779,0.19094729650625));
#692=DIRECTION('',(1.02386147236979E-05,0.999999999946749,1.29343783326258E-06));
#693=DIRECTION('',(0.999999999947585,-1.02386147237065E-05,-2.69560177323877E-22));
#694=ORIENTED_EDGE('',*,*,#1561,.F.);
#695=ORIENTED_EDGE('',*,*,#1562,.T.);
#696=ORIENTED_EDGE('',*,*,#1563,.F.);
#697=ORIENTED_EDGE('',*,*,#1564,.F.);
#698=CARTESIAN_POINT('',(-0.0149182807845208,0.0106999998824467,0.170447302463267));
#699=DIRECTION('',(1.02386147236979E-05,0.999999999946749,1.29343783326258E-06));
#700=DIRECTION('',(-0.999999999947585,1.02386147237065E-05,0.0));
#701=ORIENTED_EDGE('',*,*,#1565,.F.);
#702=ORIENTED_EDGE('',*,*,#1566,.T.);
#703=ORIENTED_EDGE('',*,*,#1567,.F.);
#704=ORIENTED_EDGE('',*,*,#1568,.T.);
#705=CARTESIAN_POINT('',(-0.0149182859038281,0.0101999998824733,0.170447301816548));
#706=DIRECTION('',(1.02386147236979E-05,0.999999999946749,1.29343783326258E-06));
#707=DIRECTION('',(0.999999999947585,-1.02386147237065E-05,-2.69542157842628E-22));
#708=ORIENTED_EDGE('',*,*,#1569,.F.);
#709=ORIENTED_EDGE('',*,*,#1570,.F.);
#710=ORIENTED_EDGE('',*,*,#1571,.T.);
#711=ORIENTED_EDGE('',*,*,#1572,.T.);
#712=CARTESIAN_POINT('',(0.0243857736742419,0.00379956836083276,0.192947288227532));
#713=DIRECTION('',(1.02386147237129E-05,0.999999999946749,1.29343783326258E-06));
#714=DIRECTION('',(0.819152044353749,-9.12886764559674E-06,0.573576436185917));
#715=ORIENTED_EDGE('',*,*,#1573,.F.);
#716=ORIENTED_EDGE('',*,*,#1574,.F.);
#717=ORIENTED_EDGE('',*,*,#1575,.T.);
#718=ORIENTED_EDGE('',*,*,#1576,.T.);
#719=CARTESIAN_POINT('',(0.0148334324755719,0.00679967946535701,0.182663237476352));
#720=DIRECTION('',(-1.87755844793621E-10,1.29343783525273E-06,-0.999999999999164));
#721=DIRECTION('',(-0.707099541355583,0.707114020942795,9.14740790597608E-07));
#722=ORIENTED_EDGE('',*,*,#1577,.F.);
#723=ORIENTED_EDGE('',*,*,#1578,.F.);
#724=ORIENTED_EDGE('',*,*,#1579,.T.);
#725=ORIENTED_EDGE('',*,*,#1535,.F.);
#726=CARTESIAN_POINT('',(-0.0151665540198941,0.00679998179875429,0.186393533635343));
#727=DIRECTION('',(-1.87755890748391E-10,1.29343783525273E-06,-0.999999999999164));
#728=DIRECTION('',(0.707114020943386,0.707099541354993,9.14456535256303E-07));
#729=ORIENTED_EDGE('',*,*,#1580,.F.);
#730=ORIENTED_EDGE('',*,*,#1581,.F.);
#731=ORIENTED_EDGE('',*,*,#1582,.T.);
#732=ORIENTED_EDGE('',*,*,#1583,.T.);
#733=CARTESIAN_POINT('',(-0.0247178128906187,0.00380007111353717,0.192947288237402));
#734=DIRECTION('',(1.02386147236829E-05,0.999999999946749,1.29343783326258E-06));
#735=DIRECTION('',(-0.819152044138365,7.64509671720043E-06,0.573576436515213));
#736=ORIENTED_EDGE('',*,*,#1584,.F.);
#737=ORIENTED_EDGE('',*,*,#1585,.F.);
#738=ORIENTED_EDGE('',*,*,#1586,.T.);
#739=ORIENTED_EDGE('',*,*,#1587,.T.);
#740=CARTESIAN_POINT('',(-0.0161644436739507,0.0107000139348662,0.169447302463518));
#741=DIRECTION('',(1.02386147236829E-05,0.999999999946749,1.29343783326258E-06));
#742=DIRECTION('',(-0.573576436474783,6.9321503931452E-06,-0.819152044173018));
#743=ORIENTED_EDGE('',*,*,#1588,.F.);
#744=ORIENTED_EDGE('',*,*,#1589,.F.);
#745=ORIENTED_EDGE('',*,*,#1590,.T.);
#746=ORIENTED_EDGE('',*,*,#1591,.T.);
#747=CARTESIAN_POINT('',(0.0158325457416325,0.0106996863300193,0.169447302457087));
#748=DIRECTION('',(1.02386147237129E-05,0.999999999946749,1.29343783326258E-06));
#749=DIRECTION('',(0.573576436167182,-4.8131058993464E-06,-0.819152044403594));
#750=ORIENTED_EDGE('',*,*,#1592,.F.);
#751=ORIENTED_EDGE('',*,*,#1593,.F.);
#752=ORIENTED_EDGE('',*,*,#1594,.T.);
#753=ORIENTED_EDGE('',*,*,#1595,.F.);
#754=CARTESIAN_POINT('',(0.0128333751421162,0.00119968146750503,0.196947284866912));
#755=DIRECTION('',(1.02386147236979E-05,0.999999999946749,1.29343783326258E-06));
#756=DIRECTION('',(0.707106781282248,-8.1543925652559E-06,0.707106781043829));
#757=ORIENTED_EDGE('',*,*,#1596,.F.);
#758=ORIENTED_EDGE('',*,*,#1597,.T.);
#759=ORIENTED_EDGE('',*,*,#1598,.T.);
#760=ORIENTED_EDGE('',*,*,#1599,.F.);
#761=CARTESIAN_POINT('',(0.0261830229913937,0.00879954478583892,0.196947294694357));
#762=DIRECTION('',(0.999999999947585,-1.02386147234465E-05,-2.00998856446745E-10));
#763=DIRECTION('',(-7.23966113765224E-06,-0.707107695747564,0.707105866587286));
#764=ORIENTED_EDGE('',*,*,#1600,.F.);
#765=ORIENTED_EDGE('',*,*,#1601,.T.);
#766=ORIENTED_EDGE('',*,*,#1602,.T.);
#767=ORIENTED_EDGE('',*,*,#1603,.F.);
#768=CARTESIAN_POINT('',(0.0211183416181386,0.00879962855357504,0.172274740659377));
#769=DIRECTION('',(-0.342020143484175,4.71724646441739E-06,-0.939692620716376));
#770=DIRECTION('',(0.664455784514532,-0.707113271518638,-0.241845677379991));
#771=ORIENTED_EDGE('',*,*,#1604,.F.);
#772=ORIENTED_EDGE('',*,*,#1605,.T.);
#773=ORIENTED_EDGE('',*,*,#1606,.T.);
#774=ORIENTED_EDGE('',*,*,#1607,.F.);
#775=CARTESIAN_POINT('',(-0.0002795683679858,0.00879985646940134,0.165447300002797));
#776=DIRECTION('',(-0.999999999947585,1.02386147234465E-05,2.00999070638056E-10));
#777=DIRECTION('',(-7.23992666466564E-06,-0.707105866550218,-0.707107695784629));
#778=ORIENTED_EDGE('',*,*,#1608,.T.);
#779=ORIENTED_EDGE('',*,*,#1609,.T.);
#780=ORIENTED_EDGE('',*,*,#1610,.T.);
#781=ORIENTED_EDGE('',*,*,#1611,.F.);
#782=ORIENTED_EDGE('',*,*,#1612,.F.);
#783=ORIENTED_EDGE('',*,*,#1578,.T.);
#784=ORIENTED_EDGE('',*,*,#1613,.T.);
#785=CARTESIAN_POINT('',(-0.0151665540179126,0.00679996814812377,0.196947292115792));
#786=DIRECTION('',(1.87755844793543E-10,-1.29343783525273E-06,0.999999999999164));
#787=DIRECTION('',(1.0,0.0,-1.877558447937E-10));
#788=ORIENTED_EDGE('',*,*,#1614,.F.);
#789=ORIENTED_EDGE('',*,*,#1615,.T.);
#790=ORIENTED_EDGE('',*,*,#1616,.T.);
#791=ORIENTED_EDGE('',*,*,#1617,.F.);
#792=CARTESIAN_POINT('',(-0.0214928115702315,0.00880006468160593,0.172391599438578));
#793=DIRECTION('',(-0.342020143131309,2.28637848593316E-06,0.939692620853868));
#794=DIRECTION('',(-0.664470264193161,-0.707099665156817,-0.241845677112881));
#795=ORIENTED_EDGE('',*,*,#1618,.F.);
#796=ORIENTED_EDGE('',*,*,#1611,.T.);
#797=ORIENTED_EDGE('',*,*,#1619,.T.);
#798=ORIENTED_EDGE('',*,*,#1620,.F.);
#799=CARTESIAN_POINT('',(0.0261830229913937,0.00879954478583892,0.196947294694357));
#800=DIRECTION('',(-0.999999999947585,1.02386147234465E-05,2.00998856446745E-10));
#801=DIRECTION('',(-7.23966113765224E-06,-0.707107695747564,0.707105866587286));
#802=ORIENTED_EDGE('',*,*,#1621,.F.);
#803=ORIENTED_EDGE('',*,*,#1622,.F.);
#804=ORIENTED_EDGE('',*,*,#1623,.F.);
#805=ORIENTED_EDGE('',*,*,#1624,.F.);
#806=CARTESIAN_POINT('',(-0.00016621102741464,-0.00970013689991084,0.18298726314006));
#807=DIRECTION('',(1.02386147236979E-05,0.999999999946749,1.29343783326258E-06));
#808=DIRECTION('',(-0.999999999947585,1.02386147237065E-05,5.70616906247368E-27));
#809=ORIENTED_EDGE('',*,*,#1625,.F.);
#810=ORIENTED_EDGE('',*,*,#1626,.T.);
#811=ORIENTED_EDGE('',*,*,#1627,.F.);
#812=ORIENTED_EDGE('',*,*,#1628,.T.);
#813=CARTESIAN_POINT('',(-0.000166047217667083,0.00629907314648014,0.182987283834044));
#814=DIRECTION('',(-1.02386147236979E-05,-0.999999999946749,-1.29343783326258E-06));
#815=DIRECTION('',(0.999999999947585,-1.02386147237065E-05,-8.71556906035113E-22));
#816=ORIENTED_EDGE('',*,*,#1629,.F.);
#817=ORIENTED_EDGE('',*,*,#1630,.F.);
#818=ORIENTED_EDGE('',*,*,#1631,.T.);
#819=ORIENTED_EDGE('',*,*,#1609,.F.);
#820=CARTESIAN_POINT('',(-0.0131666430939655,-0.00190005232848534,0.196947280862481));
#821=DIRECTION('',(1.02386147236979E-05,0.999999999946749,1.29343783326258E-06));
#822=DIRECTION('',(-0.707106781016717,6.32519523655495E-06,0.707106781328088));
#823=ORIENTED_EDGE('',*,*,#1632,.F.);
#824=ORIENTED_EDGE('',*,*,#1633,.F.);
#825=ORIENTED_EDGE('',*,*,#1634,.F.);
#826=ORIENTED_EDGE('',*,*,#1593,.T.);
#827=CARTESIAN_POINT('',(0.0128333659273629,0.000299681467395856,0.196947283702818));
#828=DIRECTION('',(1.02386147237042E-05,0.999999999946749,1.29343783326888E-06));
#829=DIRECTION('',(0.707106781282249,-8.15439256526483E-06,0.707106781043827));
#830=ORIENTED_EDGE('',*,*,#1635,.F.);
#831=ORIENTED_EDGE('',*,*,#1636,.F.);
#832=ORIENTED_EDGE('',*,*,#1637,.T.);
#833=ORIENTED_EDGE('',*,*,#1634,.T.);
#834=CARTESIAN_POINT('',(0.012833365929363,0.000299667689469518,0.207599458831549));
#835=DIRECTION('',(1.8775584479352E-10,-1.29343783525273E-06,0.999999999999164));
#836=DIRECTION('',(0.707099541355583,-0.707114020942795,-9.14740790597608E-07));
#837=ORIENTED_EDGE('',*,*,#1638,.F.);
#838=ORIENTED_EDGE('',*,*,#1639,.F.);
#839=ORIENTED_EDGE('',*,*,#1640,.F.);
#840=ORIENTED_EDGE('',*,*,#1630,.T.);
#841=CARTESIAN_POINT('',(-0.0131666205690131,0.000299947671240421,0.196947283708044));
#842=DIRECTION('',(1.02386147239672E-05,0.999999999946749,1.29343783299332E-06));
#843=DIRECTION('',(-0.707106781016712,6.32519523693568E-06,0.707106781328093));
#844=ORIENTED_EDGE('',*,*,#1641,.F.);
#845=ORIENTED_EDGE('',*,*,#1642,.T.);
#846=ORIENTED_EDGE('',*,*,#1643,.T.);
#847=ORIENTED_EDGE('',*,*,#1640,.T.);
#848=CARTESIAN_POINT('',(0.0307199593397936,0.000299498333457182,0.196947283699223));
#849=DIRECTION('',(-0.999999999947585,1.02386147234465E-05,2.00998856446745E-10));
#850=DIRECTION('',(-7.23966113765224E-06,-0.707107695747564,0.707105866587286));
#851=ORIENTED_EDGE('',*,*,#1644,.F.);
#852=ORIENTED_EDGE('',*,*,#1645,.F.);
#853=ORIENTED_EDGE('',*,*,#1646,.T.);
#854=ORIENTED_EDGE('',*,*,#1647,.T.);
#855=CARTESIAN_POINT('',(-0.0131666205663128,0.000299929068407902,0.211329754989736));
#856=DIRECTION('',(1.87755890748391E-10,-1.29343783525273E-06,0.999999999999164));
#857=DIRECTION('',(-0.707114020943384,-0.707099541354994,-9.14456535256305E-07));
#858=ORIENTED_EDGE('',*,*,#1648,.F.);
#859=ORIENTED_EDGE('',*,*,#1531,.T.);
#860=ORIENTED_EDGE('',*,*,#1636,.T.);
#861=ORIENTED_EDGE('',*,*,#1649,.T.);
#862=ORIENTED_EDGE('',*,*,#1650,.T.);
#863=CARTESIAN_POINT('',(-0.000166620572315625,0.000299832625734716,0.182987211402508));
#864=DIRECTION('',(-1.02386147236979E-05,-0.999999999946749,-1.29343783326258E-06));
#865=DIRECTION('',(0.0,1.29343783333037E-06,-0.999999999999163));
#866=ORIENTED_EDGE('',*,*,#1651,.F.);
#867=ORIENTED_EDGE('',*,*,#1652,.F.);
#868=ORIENTED_EDGE('',*,*,#1653,.F.);
#869=ORIENTED_EDGE('',*,*,#1654,.T.);
#870=CARTESIAN_POINT('',(-0.00601177923792239,0.000385674544257265,0.186362276186406));
#871=DIRECTION('',(1.02386147236909E-05,0.999999999946749,1.29343783585451E-06));
#872=DIRECTION('',(-0.999999999947585,1.02386147236994E-05,2.67476675339901E-27));
#873=ORIENTED_EDGE('',*,*,#1655,.F.);
#874=ORIENTED_EDGE('',*,*,#1656,.T.);
#875=ORIENTED_EDGE('',*,*,#1657,.F.);
#876=ORIENTED_EDGE('',*,*,#1658,.F.);
#877=CARTESIAN_POINT('',(0.00567956371269938,0.000385554841101223,0.186362276184056));
#878=DIRECTION('',(1.02386147236909E-05,0.999999999946749,1.29343783585451E-06));
#879=DIRECTION('',(-0.999999999947585,1.02386147236994E-05,0.0));
#880=ORIENTED_EDGE('',*,*,#1659,.F.);
#881=ORIENTED_EDGE('',*,*,#1660,.T.);
#882=ORIENTED_EDGE('',*,*,#1661,.F.);
#883=ORIENTED_EDGE('',*,*,#1662,.F.);
#884=CARTESIAN_POINT('',(0.0056795637112874,0.000385563571806595,0.179612276184061));
#885=DIRECTION('',(1.02386147236909E-05,0.999999999946749,1.29343783585451E-06));
#886=DIRECTION('',(-0.999999999947585,1.02386147236994E-05,0.0));
#887=ORIENTED_EDGE('',*,*,#1663,.F.);
#888=ORIENTED_EDGE('',*,*,#1664,.F.);
#889=ORIENTED_EDGE('',*,*,#1665,.F.);
#890=ORIENTED_EDGE('',*,*,#1666,.T.);
#891=CARTESIAN_POINT('',(-0.00601177923904506,0.000385683274962707,0.179612276186411));
#892=DIRECTION('',(1.02386147236909E-05,0.999999999946749,1.29343783585451E-06));
#893=DIRECTION('',(-0.999999999947585,1.02386147236994E-05,0.0));
#894=ORIENTED_EDGE('',*,*,#1667,.T.);
#895=ORIENTED_EDGE('',*,*,#1668,.F.);
#896=ORIENTED_EDGE('',*,*,#1669,.T.);
#897=ORIENTED_EDGE('',*,*,#1670,.F.);
#898=CARTESIAN_POINT('',(0.00854436063321624,-0.00270100441423968,0.176437272191112));
#899=DIRECTION('',(-1.87758361145216E-10,1.29343783525276E-06,-0.999999999999164));
#900=DIRECTION('',(0.999999999947585,-1.02386147234465E-05,-2.01001372799424E-10));
#901=ORIENTED_EDGE('',*,*,#1671,.F.);
#902=ORIENTED_EDGE('',*,*,#1672,.F.);
#903=ORIENTED_EDGE('',*,*,#1667,.F.);
#904=ORIENTED_EDGE('',*,*,#1673,.T.);
#905=CARTESIAN_POINT('',(-0.000166107764512543,0.000385627788737335,0.176237276185114));
#906=DIRECTION('',(1.02386147236909E-05,0.999999999946749,1.29343783585451E-06));
#907=DIRECTION('',(-0.999999999947585,1.02386147236994E-05,0.0));
#908=ORIENTED_EDGE('',*,*,#1671,.T.);
#909=ORIENTED_EDGE('',*,*,#1674,.F.);
#910=ORIENTED_EDGE('',*,*,#1675,.F.);
#911=ORIENTED_EDGE('',*,*,#1676,.F.);
#912=CARTESIAN_POINT('',(0.00854436063321624,-0.00270100441423968,0.176437272191112));
#913=DIRECTION('',(-1.87758361145216E-10,1.29343783525276E-06,-0.999999999999164));
#914=DIRECTION('',(0.999999999947585,-1.02386147234465E-05,-2.01001372799424E-10));
#915=ORIENTED_EDGE('',*,*,#1670,.T.);
#916=ORIENTED_EDGE('',*,*,#1677,.F.);
#917=ORIENTED_EDGE('',*,*,#1678,.T.);
#918=ORIENTED_EDGE('',*,*,#1679,.T.);
#919=ORIENTED_EDGE('',*,*,#1674,.T.);
#920=ORIENTED_EDGE('',*,*,#1673,.F.);
#921=CARTESIAN_POINT('',(0.00854438667771763,-0.000157354169989739,0.175894382262351));
#922=DIRECTION('',(-7.23966113587286E-06,-0.70710769574756,0.707105866587291));
#923=DIRECTION('',(0.999999999947587,0.0,1.02384402075947E-05));
#924=ORIENTED_EDGE('',*,*,#1665,.T.);
#925=ORIENTED_EDGE('',*,*,#1680,.F.);
#926=ORIENTED_EDGE('',*,*,#1681,.T.);
#927=ORIENTED_EDGE('',*,*,#1682,.F.);
#928=CARTESIAN_POINT('',(-0.00583860576013311,-0.00270084772414188,0.179712272194268));
#929=DIRECTION('',(-0.866025403832926,9.51361936769244E-06,-0.499999999825509));
#930=DIRECTION('',(0.499999999811189,-3.99915733817841E-06,-0.866025403884215));
#931=ORIENTED_EDGE('',*,*,#1663,.T.);
#932=ORIENTED_EDGE('',*,*,#1683,.T.);
#933=ORIENTED_EDGE('',*,*,#1684,.F.);
#934=ORIENTED_EDGE('',*,*,#1685,.F.);
#935=CARTESIAN_POINT('',(-0.00601177923904506,0.000385683274962707,0.179612276186411));
#936=DIRECTION('',(1.02386147236909E-05,0.999999999946749,1.29343783585451E-06));
#937=DIRECTION('',(-0.999999999947585,1.02386147236994E-05,0.0));
#938=ORIENTED_EDGE('',*,*,#1684,.T.);
#939=ORIENTED_EDGE('',*,*,#1686,.F.);
#940=ORIENTED_EDGE('',*,*,#1669,.F.);
#941=ORIENTED_EDGE('',*,*,#1687,.F.);
#942=CARTESIAN_POINT('',(-0.00583860576013311,-0.00270084772414188,0.179712272194268));
#943=DIRECTION('',(-0.866025403832926,9.51361936769244E-06,-0.499999999825509));
#944=DIRECTION('',(0.499999999811189,-3.99915733817841E-06,-0.866025403884215));
#945=ORIENTED_EDGE('',*,*,#1682,.T.);
#946=ORIENTED_EDGE('',*,*,#1688,.T.);
#947=ORIENTED_EDGE('',*,*,#1689,.T.);
#948=ORIENTED_EDGE('',*,*,#1677,.T.);
#949=ORIENTED_EDGE('',*,*,#1686,.T.);
#950=ORIENTED_EDGE('',*,*,#1683,.F.);
#951=ORIENTED_EDGE('',*,*,#1666,.F.);
#952=CARTESIAN_POINT('',(-0.0158731185740853,-0.00015713018274904,0.196006820186188));
#953=DIRECTION('',(0.612365195936175,-0.707113508293667,0.353552475871225));
#954=DIRECTION('',(0.500003463248937,0.0,-0.8660234042675));
#955=ORIENTED_EDGE('',*,*,#1690,.T.);
#956=ORIENTED_EDGE('',*,*,#1691,.F.);
#957=ORIENTED_EDGE('',*,*,#1675,.T.);
#958=ORIENTED_EDGE('',*,*,#1692,.F.);
#959=CARTESIAN_POINT('',(0.00550632702884842,-0.00270096388053778,0.179712272191988));
#960=DIRECTION('',(0.866025403645167,-8.22018153243968E-06,-0.500000000173655));
#961=DIRECTION('',(0.500000000136397,-6.2394573852681E-06,0.866025403683213));
#962=ORIENTED_EDGE('',*,*,#1659,.T.);
#963=ORIENTED_EDGE('',*,*,#1693,.F.);
#964=ORIENTED_EDGE('',*,*,#1690,.F.);
#965=ORIENTED_EDGE('',*,*,#1694,.T.);
#966=CARTESIAN_POINT('',(0.0056795637112874,0.000385563571806595,0.179612276184061));
#967=DIRECTION('',(1.02386147236909E-05,0.999999999946749,1.29343783585451E-06));
#968=DIRECTION('',(-0.999999999947585,1.02386147236994E-05,0.0));
#969=ORIENTED_EDGE('',*,*,#1661,.T.);
#970=ORIENTED_EDGE('',*,*,#1695,.F.);
#971=ORIENTED_EDGE('',*,*,#1696,.F.);
#972=ORIENTED_EDGE('',*,*,#1697,.F.);
#973=CARTESIAN_POINT('',(0.00550632702884842,-0.00270096388053778,0.179712272191988));
#974=DIRECTION('',(0.866025403645167,-8.22018153243968E-06,-0.500000000173655));
#975=DIRECTION('',(0.500000000136397,-6.2394573852681E-06,0.866025403683213));
#976=ORIENTED_EDGE('',*,*,#1692,.T.);
#977=ORIENTED_EDGE('',*,*,#1679,.F.);
#978=ORIENTED_EDGE('',*,*,#1698,.T.);
#979=ORIENTED_EDGE('',*,*,#1699,.F.);
#980=ORIENTED_EDGE('',*,*,#1695,.T.);
#981=ORIENTED_EDGE('',*,*,#1660,.F.);
#982=ORIENTED_EDGE('',*,*,#1694,.F.);
#983=CARTESIAN_POINT('',(0.0177185169367243,-0.000157478993096372,0.199778577320296));
#984=DIRECTION('',(-0.612379675391212,-0.707100968602793,0.353552476117401));
#985=DIRECTION('',(0.499994596696631,0.0,0.866028523360618));
#986=ORIENTED_EDGE('',*,*,#1700,.T.);
#987=ORIENTED_EDGE('',*,*,#1701,.F.);
#988=ORIENTED_EDGE('',*,*,#1696,.T.);
#989=ORIENTED_EDGE('',*,*,#1702,.F.);
#990=CARTESIAN_POINT('',(0.00550632703007818,-0.0027009723525556,0.186262272191982));
#991=DIRECTION('',(0.866025403832925,-9.51361936769243E-06,0.499999999825511));
#992=DIRECTION('',(-0.49999999981119,3.99915733817842E-06,0.866025403884214));
#993=ORIENTED_EDGE('',*,*,#1655,.T.);
#994=ORIENTED_EDGE('',*,*,#1703,.F.);
#995=ORIENTED_EDGE('',*,*,#1700,.F.);
#996=ORIENTED_EDGE('',*,*,#1704,.T.);
#997=CARTESIAN_POINT('',(0.00567956371269938,0.000385554841101223,0.186362276184056));
#998=DIRECTION('',(1.02386147236909E-05,0.999999999946749,1.29343783585451E-06));
#999=DIRECTION('',(-0.999999999947585,1.02386147236994E-05,0.0));
#1000=ORIENTED_EDGE('',*,*,#1657,.T.);
#1001=ORIENTED_EDGE('',*,*,#1705,.F.);
#1002=ORIENTED_EDGE('',*,*,#1706,.F.);
#1003=ORIENTED_EDGE('',*,*,#1707,.F.);
#1004=CARTESIAN_POINT('',(0.00550632703007818,-0.0027009723525556,0.186262272191982));
#1005=DIRECTION('',(0.866025403832925,-9.51361936769243E-06,0.499999999825511));
#1006=DIRECTION('',(-0.49999999981119,3.99915733817842E-06,0.866025403884214));
#1007=ORIENTED_EDGE('',*,*,#1702,.T.);
#1008=ORIENTED_EDGE('',*,*,#1699,.T.);
#1009=ORIENTED_EDGE('',*,*,#1708,.T.);
#1010=ORIENTED_EDGE('',*,*,#1709,.F.);
#1011=ORIENTED_EDGE('',*,*,#1705,.T.);
#1012=ORIENTED_EDGE('',*,*,#1656,.F.);
#1013=ORIENTED_EDGE('',*,*,#1704,.F.);
#1014=CARTESIAN_POINT('',(-0.00358786714575183,-0.000157265140921637,0.203099713402526));
#1015=DIRECTION('',(-0.612379675523986,-0.707100054004119,-0.353554305068557));
#1016=DIRECTION('',(-0.499996536505239,0.0,0.866027403424837));
#1017=ORIENTED_EDGE('',*,*,#1710,.T.);
#1018=ORIENTED_EDGE('',*,*,#1711,.F.);
#1019=ORIENTED_EDGE('',*,*,#1706,.T.);
#1020=ORIENTED_EDGE('',*,*,#1712,.F.);
#1021=CARTESIAN_POINT('',(0.00854436063567585,-0.00270102135827532,0.189537272191101));
#1022=DIRECTION('',(1.87758361145216E-10,-1.29343783525276E-06,0.999999999999164));
#1023=DIRECTION('',(-0.999999999947585,1.02386147234465E-05,2.01001372799424E-10));
#1024=ORIENTED_EDGE('',*,*,#1713,.F.);
#1025=ORIENTED_EDGE('',*,*,#1714,.F.);
#1026=ORIENTED_EDGE('',*,*,#1710,.F.);
#1027=ORIENTED_EDGE('',*,*,#1715,.T.);
#1028=CARTESIAN_POINT('',(-0.000166107761977805,0.000385610327326523,0.189737276185102));
#1029=DIRECTION('',(1.02386147236909E-05,0.999999999946749,1.29343783585451E-06));
#1030=DIRECTION('',(-0.999999999947585,1.02386147236994E-05,0.0));
#1031=ORIENTED_EDGE('',*,*,#1713,.T.);
#1032=ORIENTED_EDGE('',*,*,#1716,.F.);
#1033=ORIENTED_EDGE('',*,*,#1717,.F.);
#1034=ORIENTED_EDGE('',*,*,#1718,.F.);
#1035=CARTESIAN_POINT('',(0.00854436063567585,-0.00270102135827532,0.189537272191101));
#1036=DIRECTION('',(1.87758361145216E-10,-1.29343783525276E-06,0.999999999999164));
#1037=DIRECTION('',(-0.999999999947585,1.02386147234465E-05,2.01001372799424E-10));
#1038=ORIENTED_EDGE('',*,*,#1712,.T.);
#1039=ORIENTED_EDGE('',*,*,#1709,.T.);
#1040=ORIENTED_EDGE('',*,*,#1719,.T.);
#1041=ORIENTED_EDGE('',*,*,#1720,.F.);
#1042=ORIENTED_EDGE('',*,*,#1716,.T.);
#1043=ORIENTED_EDGE('',*,*,#1715,.F.);
#1044=CARTESIAN_POINT('',(0.00854438668038112,-0.000157372518422627,0.190080168699966));
#1045=DIRECTION('',(-7.2399266662935E-06,-0.707105866550217,-0.707107695784631));
#1046=DIRECTION('',(-0.999999999947584,0.0,1.02387892382932E-05));
#1047=ORIENTED_EDGE('',*,*,#1653,.T.);
#1048=ORIENTED_EDGE('',*,*,#1721,.F.);
#1049=ORIENTED_EDGE('',*,*,#1717,.T.);
#1050=ORIENTED_EDGE('',*,*,#1722,.F.);
#1051=CARTESIAN_POINT('',(-0.00583860575890327,-0.0027008561961597,0.186262272194263));
#1052=DIRECTION('',(-0.866025403645167,8.22018153243968E-06,0.500000000173655));
#1053=DIRECTION('',(-0.500000000136397,6.2394573852681E-06,-0.866025403683213));
#1054=ORIENTED_EDGE('',*,*,#1651,.T.);
#1055=ORIENTED_EDGE('',*,*,#1723,.T.);
#1056=ORIENTED_EDGE('',*,*,#1724,.F.);
#1057=ORIENTED_EDGE('',*,*,#1725,.F.);
#1058=CARTESIAN_POINT('',(-0.00601177923792239,0.000385674544257265,0.186362276186406));
#1059=DIRECTION('',(1.02386147236909E-05,0.999999999946749,1.29343783585451E-06));
#1060=DIRECTION('',(-0.999999999947585,1.02386147236994E-05,2.67476675339901E-27));
#1061=ORIENTED_EDGE('',*,*,#1724,.T.);
#1062=ORIENTED_EDGE('',*,*,#1726,.F.);
#1063=ORIENTED_EDGE('',*,*,#1681,.F.);
#1064=ORIENTED_EDGE('',*,*,#1727,.F.);
#1065=CARTESIAN_POINT('',(-0.00583860575890327,-0.0027008561961597,0.186262272194263));
#1066=DIRECTION('',(-0.866025403645167,8.22018153243968E-06,0.500000000173655));
#1067=DIRECTION('',(-0.500000000136397,6.2394573852681E-06,-0.866025403683213));
#1068=ORIENTED_EDGE('',*,*,#1722,.T.);
#1069=ORIENTED_EDGE('',*,*,#1720,.T.);
#1070=ORIENTED_EDGE('',*,*,#1728,.T.);
#1071=ORIENTED_EDGE('',*,*,#1688,.F.);
#1072=ORIENTED_EDGE('',*,*,#1726,.T.);
#1073=ORIENTED_EDGE('',*,*,#1723,.F.);
#1074=ORIENTED_EDGE('',*,*,#1654,.F.);
#1075=CARTESIAN_POINT('',(0.00543326551105436,-0.000157362383356677,0.206871470541573));
#1076=DIRECTION('',(0.612365195803419,-0.707112593694991,-0.353554305314732));
#1077=DIRECTION('',(-0.500005403753834,0.0,-0.866022283903229));
#1078=ORIENTED_EDGE('',*,*,#1648,.T.);
#1079=ORIENTED_EDGE('',*,*,#1729,.T.);
#1080=ORIENTED_EDGE('',*,*,#1645,.T.);
#1081=ORIENTED_EDGE('',*,*,#1730,.T.);
#1082=ORIENTED_EDGE('',*,*,#1731,.T.);
#1083=CARTESIAN_POINT('',(-0.000166620572315625,0.000299832625734716,0.182987211402508));
#1084=DIRECTION('',(-1.02386147236979E-05,-0.999999999946749,-1.29343783326258E-06));
#1085=DIRECTION('',(0.0,1.29343783333037E-06,-0.999999999999163));
#1086=ORIENTED_EDGE('',*,*,#1644,.T.);
#1087=ORIENTED_EDGE('',*,*,#1732,.T.);
#1088=ORIENTED_EDGE('',*,*,#1733,.T.);
#1089=ORIENTED_EDGE('',*,*,#1730,.F.);
#1090=CARTESIAN_POINT('',(-0.0131666205663128,0.000299929068407902,0.211329754989736));
#1091=DIRECTION('',(1.87755890748391E-10,-1.29343783525273E-06,0.999999999999164));
#1092=DIRECTION('',(-0.707114020943384,-0.707099541354994,-9.14456535256305E-07));
#1093=ORIENTED_EDGE('',*,*,#1641,.T.);
#1094=ORIENTED_EDGE('',*,*,#1639,.T.);
#1095=ORIENTED_EDGE('',*,*,#1734,.T.);
#1096=ORIENTED_EDGE('',*,*,#1735,.T.);
#1097=CARTESIAN_POINT('',(0.0307199593397936,0.000299498333457182,0.196947283699223));
#1098=DIRECTION('',(-0.999999999947585,1.02386147234465E-05,2.00998856446745E-10));
#1099=DIRECTION('',(-7.23966113765224E-06,-0.707107695747564,0.707105866587286));
#1100=ORIENTED_EDGE('',*,*,#1638,.T.);
#1101=ORIENTED_EDGE('',*,*,#1736,.T.);
#1102=ORIENTED_EDGE('',*,*,#1732,.F.);
#1103=ORIENTED_EDGE('',*,*,#1647,.F.);
#1104=CARTESIAN_POINT('',(-0.0131666205690131,0.000299947671240421,0.196947283708044));
#1105=DIRECTION('',(1.02386147239672E-05,0.999999999946749,1.29343783299332E-06));
#1106=DIRECTION('',(-0.707106781016712,6.32519523693568E-06,0.707106781328093));
#1107=ORIENTED_EDGE('',*,*,#1635,.T.);
#1108=ORIENTED_EDGE('',*,*,#1633,.T.);
#1109=ORIENTED_EDGE('',*,*,#1737,.T.);
#1110=ORIENTED_EDGE('',*,*,#1649,.F.);
#1111=CARTESIAN_POINT('',(0.012833365929363,0.000299667689469518,0.207599458831549));
#1112=DIRECTION('',(1.8775584479352E-10,-1.29343783525273E-06,0.999999999999164));
#1113=DIRECTION('',(0.707099541355583,-0.707114020942795,-9.14740790597608E-07));
#1114=ORIENTED_EDGE('',*,*,#1632,.T.);
#1115=ORIENTED_EDGE('',*,*,#1738,.T.);
#1116=ORIENTED_EDGE('',*,*,#1642,.F.);
#1117=ORIENTED_EDGE('',*,*,#1735,.F.);
#1118=CARTESIAN_POINT('',(0.0128333659273629,0.000299681467395856,0.196947283702818));
#1119=DIRECTION('',(1.02386147237042E-05,0.999999999946749,1.29343783326888E-06));
#1120=DIRECTION('',(0.707106781282249,-8.15439256526483E-06,0.707106781043827));
#1121=ORIENTED_EDGE('',*,*,#1733,.F.);
#1122=ORIENTED_EDGE('',*,*,#1739,.F.);
#1123=ORIENTED_EDGE('',*,*,#1740,.F.);
#1124=ORIENTED_EDGE('',*,*,#1741,.T.);
#1125=CARTESIAN_POINT('',(-0.0141666308087921,-0.000700033708567672,0.190467246263345));
#1126=DIRECTION('',(-0.999999999947585,1.02386147234465E-05,2.00998902402534E-10));
#1127=DIRECTION('',(1.87755890748291E-10,-1.2934378352561E-06,0.999999999999164));
#1128=ORIENTED_EDGE('',*,*,#1629,.T.);
#1129=ORIENTED_EDGE('',*,*,#1608,.F.);
#1130=ORIENTED_EDGE('',*,*,#1739,.T.);
#1131=ORIENTED_EDGE('',*,*,#1736,.F.);
#1132=CARTESIAN_POINT('',(-0.0131666430939655,-0.00190005232848534,0.196947280862481));
#1133=DIRECTION('',(1.02386147236979E-05,0.999999999946749,1.29343783326258E-06));
#1134=DIRECTION('',(-0.707106781016717,6.32519523655495E-06,0.707106781328088));
#1135=ORIENTED_EDGE('',*,*,#1643,.F.);
#1136=ORIENTED_EDGE('',*,*,#1742,.F.);
#1137=ORIENTED_EDGE('',*,*,#1743,.F.);
#1138=ORIENTED_EDGE('',*,*,#1744,.F.);
#1139=ORIENTED_EDGE('',*,*,#1745,.F.);
#1140=ORIENTED_EDGE('',*,*,#1746,.T.);
#1141=ORIENTED_EDGE('',*,*,#1582,.F.);
#1142=ORIENTED_EDGE('',*,*,#1619,.F.);
#1143=ORIENTED_EDGE('',*,*,#1610,.F.);
#1144=ORIENTED_EDGE('',*,*,#1631,.F.);
#1145=CARTESIAN_POINT('',(0.0528954925055184,-0.00310073000658223,0.197947279297076));
#1146=DIRECTION('',(1.87755844793543E-10,-1.29343783525273E-06,0.999999999999164));
#1147=DIRECTION('',(0.999999999947585,-1.02386147234484E-05,-2.00998856447754E-10));
#1148=ORIENTED_EDGE('',*,*,#1678,.F.);
#1149=ORIENTED_EDGE('',*,*,#1689,.F.);
#1150=ORIENTED_EDGE('',*,*,#1728,.F.);
#1151=ORIENTED_EDGE('',*,*,#1719,.F.);
#1152=ORIENTED_EDGE('',*,*,#1708,.F.);
#1153=ORIENTED_EDGE('',*,*,#1698,.F.);
#1154=ORIENTED_EDGE('',*,*,#1650,.F.);
#1155=ORIENTED_EDGE('',*,*,#1737,.F.);
#1156=ORIENTED_EDGE('',*,*,#1734,.F.);
#1157=ORIENTED_EDGE('',*,*,#1646,.F.);
#1158=ORIENTED_EDGE('',*,*,#1729,.F.);
#1159=CARTESIAN_POINT('',(0.0085443811309692,-0.000700320206581739,0.232192261125089));
#1160=DIRECTION('',(-1.02386147236979E-05,-0.999999999946749,-1.29343783326258E-06));
#1161=DIRECTION('',(-0.999999999947585,1.02386147234465E-05,2.00998856447751E-10));
#1162=ORIENTED_EDGE('',*,*,#1672,.T.);
#1163=ORIENTED_EDGE('',*,*,#1676,.T.);
#1164=ORIENTED_EDGE('',*,*,#1747,.F.);
#1165=ORIENTED_EDGE('',*,*,#1748,.T.);
#1166=ORIENTED_EDGE('',*,*,#1749,.T.);
#1167=ORIENTED_EDGE('',*,*,#1668,.T.);
#1168=CARTESIAN_POINT('',(-0.0467432503128164,0.00599955811648854,0.176737283455129));
#1169=DIRECTION('',(-7.23966113587255E-06,-0.707107695747529,0.707105866587322));
#1170=DIRECTION('',(0.999999999947587,0.0,1.02384402075938E-05));
#1171=ORIENTED_EDGE('',*,*,#1664,.T.);
#1172=ORIENTED_EDGE('',*,*,#1685,.T.);
#1173=ORIENTED_EDGE('',*,*,#1687,.T.);
#1174=ORIENTED_EDGE('',*,*,#1749,.F.);
#1175=ORIENTED_EDGE('',*,*,#1750,.T.);
#1176=ORIENTED_EDGE('',*,*,#1751,.T.);
#1177=ORIENTED_EDGE('',*,*,#1680,.T.);
#1178=CARTESIAN_POINT('',(-0.0913448234091913,0.00599981859098853,0.328413551135321));
#1179=DIRECTION('',(0.612365195936191,-0.707113508293648,0.353552475871234));
#1180=DIRECTION('',(0.500003463248937,0.0,-0.8660234042675));
#1181=ORIENTED_EDGE('',*,*,#1652,.T.);
#1182=ORIENTED_EDGE('',*,*,#1725,.T.);
#1183=ORIENTED_EDGE('',*,*,#1727,.T.);
#1184=ORIENTED_EDGE('',*,*,#1751,.F.);
#1185=ORIENTED_EDGE('',*,*,#1752,.T.);
#1186=ORIENTED_EDGE('',*,*,#1753,.T.);
#1187=ORIENTED_EDGE('',*,*,#1721,.T.);
#1188=CARTESIAN_POINT('',(0.0547211803203528,0.00599837204545062,0.290554755507476));
#1189=DIRECTION('',(0.612365195803438,-0.707112593694969,-0.353554305314743));
#1190=DIRECTION('',(-0.500005403753834,0.0,-0.866022283903229));
#1191=ORIENTED_EDGE('',*,*,#1714,.T.);
#1192=ORIENTED_EDGE('',*,*,#1718,.T.);
#1193=ORIENTED_EDGE('',*,*,#1753,.F.);
#1194=ORIENTED_EDGE('',*,*,#1754,.T.);
#1195=ORIENTED_EDGE('',*,*,#1755,.T.);
#1196=ORIENTED_EDGE('',*,*,#1711,.T.);
#1197=CARTESIAN_POINT('',(-0.0467432503104694,0.00599954194851559,0.189237283455119));
#1198=DIRECTION('',(-7.23992666629449E-06,-0.707105866550314,-0.707107695784534));
#1199=DIRECTION('',(-0.999999999947584,-5.98941966164919E-22,1.02387892382961E-05));
#1200=ORIENTED_EDGE('',*,*,#1703,.T.);
#1201=ORIENTED_EDGE('',*,*,#1658,.T.);
#1202=ORIENTED_EDGE('',*,*,#1707,.T.);
#1203=ORIENTED_EDGE('',*,*,#1755,.F.);
#1204=ORIENTED_EDGE('',*,*,#1756,.T.);
#1205=ORIENTED_EDGE('',*,*,#1757,.T.);
#1206=ORIENTED_EDGE('',*,*,#1701,.T.);
#1207=CARTESIAN_POINT('',(-0.0805195058612799,0.00599969967074643,0.334663551133139));
#1208=DIRECTION('',(-0.612379675523975,-0.707100054004131,-0.353554305068551));
#1209=DIRECTION('',(-0.499996536505239,0.0,0.866027403424837));
#1210=ORIENTED_EDGE('',*,*,#1693,.T.);
#1211=ORIENTED_EDGE('',*,*,#1662,.T.);
#1212=ORIENTED_EDGE('',*,*,#1697,.T.);
#1213=ORIENTED_EDGE('',*,*,#1757,.F.);
#1214=ORIENTED_EDGE('',*,*,#1758,.T.);
#1215=ORIENTED_EDGE('',*,*,#1747,.T.);
#1216=ORIENTED_EDGE('',*,*,#1691,.T.);
#1217=CARTESIAN_POINT('',(0.0655464978659175,0.00599826929318147,0.284304755505305));
#1218=DIRECTION('',(-0.612379675391203,-0.707100968602803,0.353552476117396));
#1219=DIRECTION('',(0.499994596696632,0.0,0.866028523360618));
#1220=ORIENTED_EDGE('',*,*,#1628,.F.);
#1221=ORIENTED_EDGE('',*,*,#1759,.F.);
#1222=ORIENTED_EDGE('',*,*,#1748,.F.);
#1223=ORIENTED_EDGE('',*,*,#1758,.F.);
#1224=ORIENTED_EDGE('',*,*,#1756,.F.);
#1225=ORIENTED_EDGE('',*,*,#1754,.F.);
#1226=ORIENTED_EDGE('',*,*,#1752,.F.);
#1227=ORIENTED_EDGE('',*,*,#1750,.F.);
#1228=CARTESIAN_POINT('',(-0.102030947198728,0.0062996797930455,0.520312270179154));
#1229=DIRECTION('',(-1.02386147236979E-05,-0.999999999946749,-1.29343783326258E-06));
#1230=DIRECTION('',(-0.999999999947585,1.02386147234465E-05,2.00998856447751E-10));
#1231=ORIENTED_EDGE('',*,*,#1625,.T.);
#1232=ORIENTED_EDGE('',*,*,#1759,.T.);
#1233=ORIENTED_EDGE('',*,*,#1627,.T.);
#1234=ORIENTED_EDGE('',*,*,#1624,.T.);
#1235=CARTESIAN_POINT('',(-0.000166047217667083,0.00629907314648014,0.182987283834044));
#1236=DIRECTION('',(-1.02386147236979E-05,-0.999999999946749,-1.29343783326258E-06));
#1237=DIRECTION('',(0.999999999947585,-1.02386147237065E-05,-8.71556906035113E-22));
#1238=ORIENTED_EDGE('',*,*,#1621,.T.);
#1239=ORIENTED_EDGE('',*,*,#1626,.F.);
#1240=ORIENTED_EDGE('',*,*,#1623,.T.);
#1241=ORIENTED_EDGE('',*,*,#1760,.F.);
#1242=CARTESIAN_POINT('',(-0.00016621102741464,-0.00970013689991084,0.18298726314006));
#1243=DIRECTION('',(1.02386147236979E-05,0.999999999946749,1.29343783326258E-06));
#1244=DIRECTION('',(-0.999999999947585,1.02386147237065E-05,5.70616906247368E-27));
#1245=ORIENTED_EDGE('',*,*,#1568,.F.);
#1246=ORIENTED_EDGE('',*,*,#1761,.F.);
#1247=ORIENTED_EDGE('',*,*,#1552,.F.);
#1248=ORIENTED_EDGE('',*,*,#1762,.F.);
#1249=ORIENTED_EDGE('',*,*,#1622,.T.);
#1250=ORIENTED_EDGE('',*,*,#1760,.T.);
#1251=ORIENTED_EDGE('',*,*,#1583,.F.);
#1252=ORIENTED_EDGE('',*,*,#1746,.F.);
#1253=ORIENTED_EDGE('',*,*,#1763,.F.);
#1254=ORIENTED_EDGE('',*,*,#1572,.F.);
#1255=ORIENTED_EDGE('',*,*,#1764,.T.);
#1256=ORIENTED_EDGE('',*,*,#1765,.F.);
#1257=ORIENTED_EDGE('',*,*,#1591,.F.);
#1258=ORIENTED_EDGE('',*,*,#1766,.T.);
#1259=ORIENTED_EDGE('',*,*,#1767,.F.);
#1260=ORIENTED_EDGE('',*,*,#1587,.F.);
#1261=ORIENTED_EDGE('',*,*,#1768,.T.);
#1262=ORIENTED_EDGE('',*,*,#1769,.F.);
#1263=ORIENTED_EDGE('',*,*,#1544,.F.);
#1264=ORIENTED_EDGE('',*,*,#1770,.F.);
#1265=ORIENTED_EDGE('',*,*,#1560,.F.);
#1266=ORIENTED_EDGE('',*,*,#1771,.F.);
#1267=CARTESIAN_POINT('',(0.00854449273186964,0.0101996797928379,0.232192275223561));
#1268=DIRECTION('',(1.02386147236979E-05,0.999999999946749,1.29343783326258E-06));
#1269=DIRECTION('',(0.999999999947585,-1.02386147234465E-05,-2.00998856447751E-10));
#1270=ORIENTED_EDGE('',*,*,#1772,.T.);
#1271=ORIENTED_EDGE('',*,*,#1617,.T.);
#1272=ORIENTED_EDGE('',*,*,#1773,.T.);
#1273=ORIENTED_EDGE('',*,*,#1774,.T.);
#1274=ORIENTED_EDGE('',*,*,#1620,.T.);
#1275=ORIENTED_EDGE('',*,*,#1581,.T.);
#1276=ORIENTED_EDGE('',*,*,#1775,.T.);
#1277=CARTESIAN_POINT('',(-0.0247177616975451,0.00880007111311384,0.192947294704591));
#1278=DIRECTION('',(1.02386147236979E-05,0.999999999946749,1.29343783326258E-06));
#1279=DIRECTION('',(0.0,-1.29343783333037E-06,0.999999999999164));
#1280=ORIENTED_EDGE('',*,*,#1618,.T.);
#1281=ORIENTED_EDGE('',*,*,#1774,.F.);
#1282=ORIENTED_EDGE('',*,*,#1776,.T.);
#1283=ORIENTED_EDGE('',*,*,#1612,.T.);
#1284=CARTESIAN_POINT('',(0.0261830229913937,0.00879954478583892,0.196947294694357));
#1285=DIRECTION('',(-0.999999999947585,1.02386147234465E-05,2.00998856446745E-10));
#1286=DIRECTION('',(-7.23966113765224E-06,-0.707107695747564,0.707105866587286));
#1287=ORIENTED_EDGE('',*,*,#1614,.T.);
#1288=ORIENTED_EDGE('',*,*,#1772,.F.);
#1289=ORIENTED_EDGE('',*,*,#1777,.T.);
#1290=ORIENTED_EDGE('',*,*,#1778,.T.);
#1291=CARTESIAN_POINT('',(-0.0214928115702315,0.00880006468160593,0.172391599438578));
#1292=DIRECTION('',(-0.342020143131309,2.28637848593316E-06,0.939692620853868));
#1293=DIRECTION('',(-0.664470264193161,-0.707099665156817,-0.241845677112881));
#1294=ORIENTED_EDGE('',*,*,#1779,.T.);
#1295=ORIENTED_EDGE('',*,*,#1607,.T.);
#1296=ORIENTED_EDGE('',*,*,#1780,.T.);
#1297=ORIENTED_EDGE('',*,*,#1615,.F.);
#1298=ORIENTED_EDGE('',*,*,#1778,.F.);
#1299=ORIENTED_EDGE('',*,*,#1585,.T.);
#1300=ORIENTED_EDGE('',*,*,#1781,.T.);
#1301=CARTESIAN_POINT('',(-0.0161644631273187,0.00880001393496738,0.169447300005986));
#1302=DIRECTION('',(1.02386147236979E-05,0.999999999946749,1.29343783326258E-06));
#1303=DIRECTION('',(0.0,-1.29343783333037E-06,0.999999999999164));
#1304=ORIENTED_EDGE('',*,*,#1604,.T.);
#1305=ORIENTED_EDGE('',*,*,#1779,.F.);
#1306=ORIENTED_EDGE('',*,*,#1782,.T.);
#1307=ORIENTED_EDGE('',*,*,#1783,.T.);
#1308=CARTESIAN_POINT('',(-0.0002795683679858,0.00879985646940134,0.165447300002797));
#1309=DIRECTION('',(-0.999999999947585,1.02386147234465E-05,2.00999070638056E-10));
#1310=DIRECTION('',(-7.23992666466564E-06,-0.707105866550218,-0.707107695784629));
#1311=ORIENTED_EDGE('',*,*,#1784,.T.);
#1312=ORIENTED_EDGE('',*,*,#1603,.T.);
#1313=ORIENTED_EDGE('',*,*,#1785,.T.);
#1314=ORIENTED_EDGE('',*,*,#1605,.F.);
#1315=ORIENTED_EDGE('',*,*,#1783,.F.);
#1316=ORIENTED_EDGE('',*,*,#1589,.T.);
#1317=ORIENTED_EDGE('',*,*,#1786,.T.);
#1318=CARTESIAN_POINT('',(0.0158325262882646,0.00879968633012043,0.169447299999555));
#1319=DIRECTION('',(1.02386147236979E-05,0.999999999946749,1.29343783326258E-06));
#1320=DIRECTION('',(0.0,-1.29343783333037E-06,0.999999999999164));
#1321=ORIENTED_EDGE('',*,*,#1600,.T.);
#1322=ORIENTED_EDGE('',*,*,#1784,.F.);
#1323=ORIENTED_EDGE('',*,*,#1787,.T.);
#1324=ORIENTED_EDGE('',*,*,#1788,.T.);
#1325=CARTESIAN_POINT('',(0.0211183416181386,0.00879962855357504,0.172274740659377));
#1326=DIRECTION('',(-0.342020143484175,4.71724646441739E-06,-0.939692620716376));
#1327=DIRECTION('',(0.664455784514532,-0.707113271518638,-0.241845677379991));
#1328=ORIENTED_EDGE('',*,*,#1789,.T.);
#1329=ORIENTED_EDGE('',*,*,#1599,.T.);
#1330=ORIENTED_EDGE('',*,*,#1790,.T.);
#1331=ORIENTED_EDGE('',*,*,#1601,.F.);
#1332=ORIENTED_EDGE('',*,*,#1788,.F.);
#1333=ORIENTED_EDGE('',*,*,#1570,.T.);
#1334=ORIENTED_EDGE('',*,*,#1791,.T.);
#1335=CARTESIAN_POINT('',(0.0243858248673155,0.00879956836040943,0.192947294694721));
#1336=DIRECTION('',(1.02386147236979E-05,0.999999999946749,1.29343783326258E-06));
#1337=DIRECTION('',(0.0,-1.29343783333037E-06,0.999999999999164));
#1338=ORIENTED_EDGE('',*,*,#1596,.T.);
#1339=ORIENTED_EDGE('',*,*,#1789,.F.);
#1340=ORIENTED_EDGE('',*,*,#1744,.T.);
#1341=ORIENTED_EDGE('',*,*,#1792,.T.);
#1342=CARTESIAN_POINT('',(0.0261830229913937,0.00879954478583892,0.196947294694357));
#1343=DIRECTION('',(0.999999999947585,-1.02386147234465E-05,-2.00998856446745E-10));
#1344=DIRECTION('',(-7.23966113765224E-06,-0.707107695747564,0.707105866587286));
#1345=ORIENTED_EDGE('',*,*,#1793,.T.);
#1346=ORIENTED_EDGE('',*,*,#1595,.T.);
#1347=ORIENTED_EDGE('',*,*,#1574,.T.);
#1348=ORIENTED_EDGE('',*,*,#1794,.T.);
#1349=ORIENTED_EDGE('',*,*,#1597,.F.);
#1350=ORIENTED_EDGE('',*,*,#1792,.F.);
#1351=ORIENTED_EDGE('',*,*,#1743,.T.);
#1352=CARTESIAN_POINT('',(0.0148334324782538,0.00679966098982031,0.196947292109762));
#1353=DIRECTION('',(-1.87755844793543E-10,1.29343783525273E-06,-0.999999999999164));
#1354=DIRECTION('',(-1.0,0.0,1.877558447937E-10));
#1355=ORIENTED_EDGE('',*,*,#1592,.T.);
#1356=ORIENTED_EDGE('',*,*,#1793,.F.);
#1357=ORIENTED_EDGE('',*,*,#1742,.T.);
#1358=ORIENTED_EDGE('',*,*,#1738,.F.);
#1359=CARTESIAN_POINT('',(0.0128333751421162,0.00119968146750503,0.196947284866912));
#1360=DIRECTION('',(1.02386147236979E-05,0.999999999946749,1.29343783326258E-06));
#1361=DIRECTION('',(0.707106781282248,-8.1543925652559E-06,0.707106781043829));
#1362=ORIENTED_EDGE('',*,*,#1787,.F.);
#1363=ORIENTED_EDGE('',*,*,#1795,.F.);
#1364=ORIENTED_EDGE('',*,*,#1764,.F.);
#1365=ORIENTED_EDGE('',*,*,#1571,.F.);
#1366=CARTESIAN_POINT('',(0.0213619538056777,0.0106996289755276,0.170020204254575));
#1367=DIRECTION('',(0.939692620672438,-9.17876890891075E-06,-0.342020143514261));
#1368=DIRECTION('',(0.342020143484176,-4.71724646428716E-06,0.939692620716376));
#1369=ORIENTED_EDGE('',*,*,#1588,.T.);
#1370=ORIENTED_EDGE('',*,*,#1765,.T.);
#1371=ORIENTED_EDGE('',*,*,#1795,.T.);
#1372=ORIENTED_EDGE('',*,*,#1786,.F.);
#1373=CARTESIAN_POINT('',(0.0158325457416325,0.0106996863300193,0.169447302457087));
#1374=DIRECTION('',(1.02386147237129E-05,0.999999999946749,1.29343783326258E-06));
#1375=DIRECTION('',(0.573576436167182,-4.8131058993464E-06,-0.819152044403594));
#1376=ORIENTED_EDGE('',*,*,#1782,.F.);
#1377=ORIENTED_EDGE('',*,*,#1796,.F.);
#1378=ORIENTED_EDGE('',*,*,#1766,.F.);
#1379=ORIENTED_EDGE('',*,*,#1590,.F.);
#1380=CARTESIAN_POINT('',(-2.95489148186828E-05,0.0106998552030843,0.164447302460279));
#1381=DIRECTION('',(-1.87756058982765E-10,1.29343783525273E-06,-0.999999999999164));
#1382=DIRECTION('',(0.999999999947585,-1.02386147234723E-05,-2.00999070637007E-10));
#1383=ORIENTED_EDGE('',*,*,#1584,.T.);
#1384=ORIENTED_EDGE('',*,*,#1767,.T.);
#1385=ORIENTED_EDGE('',*,*,#1796,.T.);
#1386=ORIENTED_EDGE('',*,*,#1781,.F.);
#1387=CARTESIAN_POINT('',(-0.0161644436739507,0.0107000139348662,0.169447302463518));
#1388=DIRECTION('',(1.02386147236829E-05,0.999999999946749,1.29343783326258E-06));
#1389=DIRECTION('',(-0.573576436474783,6.9321503931452E-06,-0.819152044173018));
#1390=ORIENTED_EDGE('',*,*,#1777,.F.);
#1391=ORIENTED_EDGE('',*,*,#1797,.F.);
#1392=ORIENTED_EDGE('',*,*,#1768,.F.);
#1393=ORIENTED_EDGE('',*,*,#1586,.F.);
#1394=CARTESIAN_POINT('',(-0.0216938517377808,0.0107000698073322,0.170020204263229));
#1395=DIRECTION('',(-0.939692620800871,1.00635324964745E-05,-0.342020143136506));
#1396=DIRECTION('',(0.342020143131309,-2.28637848596506E-06,-0.939692620853868));
#1397=ORIENTED_EDGE('',*,*,#1580,.T.);
#1398=ORIENTED_EDGE('',*,*,#1769,.T.);
#1399=ORIENTED_EDGE('',*,*,#1797,.T.);
#1400=ORIENTED_EDGE('',*,*,#1775,.F.);
#1401=CARTESIAN_POINT('',(-0.0247178128906187,0.00380007111353717,0.192947288237402));
#1402=DIRECTION('',(1.02386147236829E-05,0.999999999946749,1.29343783326258E-06));
#1403=DIRECTION('',(-0.819152044138365,7.64509671720043E-06,0.573576436515213));
#1404=ORIENTED_EDGE('',*,*,#1577,.T.);
#1405=ORIENTED_EDGE('',*,*,#1534,.F.);
#1406=ORIENTED_EDGE('',*,*,#1740,.T.);
#1407=ORIENTED_EDGE('',*,*,#1613,.F.);
#1408=CARTESIAN_POINT('',(-0.0151665540198941,0.00679998179875429,0.186393533635343));
#1409=DIRECTION('',(-1.87755890748391E-10,1.29343783525273E-06,-0.999999999999164));
#1410=DIRECTION('',(0.707114020943386,0.707099541354993,9.14456535256303E-07));
#1411=ORIENTED_EDGE('',*,*,#1598,.F.);
#1412=ORIENTED_EDGE('',*,*,#1798,.F.);
#1413=ORIENTED_EDGE('',*,*,#1799,.F.);
#1414=ORIENTED_EDGE('',*,*,#1536,.F.);
#1415=ORIENTED_EDGE('',*,*,#1579,.F.);
#1416=ORIENTED_EDGE('',*,*,#1776,.F.);
#1417=ORIENTED_EDGE('',*,*,#1773,.F.);
#1418=ORIENTED_EDGE('',*,*,#1616,.F.);
#1419=ORIENTED_EDGE('',*,*,#1780,.F.);
#1420=ORIENTED_EDGE('',*,*,#1606,.F.);
#1421=ORIENTED_EDGE('',*,*,#1785,.F.);
#1422=ORIENTED_EDGE('',*,*,#1602,.F.);
#1423=ORIENTED_EDGE('',*,*,#1790,.F.);
#1424=ORIENTED_EDGE('',*,*,#1800,.F.);
#1425=ORIENTED_EDGE('',*,*,#1538,.F.);
#1426=ORIENTED_EDGE('',*,*,#1801,.F.);
#1427=ORIENTED_EDGE('',*,*,#1546,.F.);
#1428=ORIENTED_EDGE('',*,*,#1802,.F.);
#1429=ORIENTED_EDGE('',*,*,#1562,.F.);
#1430=ORIENTED_EDGE('',*,*,#1803,.F.);
#1431=ORIENTED_EDGE('',*,*,#1554,.F.);
#1432=CARTESIAN_POINT('',(-0.000529578603419506,0.00779983720556044,0.182319812596853));
#1433=DIRECTION('',(1.02386147236979E-05,0.999999999946749,1.29343783326258E-06));
#1434=DIRECTION('',(0.999999999947585,-1.02386147234465E-05,-2.00998856447751E-10));
#1435=ORIENTED_EDGE('',*,*,#1637,.F.);
#1436=ORIENTED_EDGE('',*,*,#1530,.F.);
#1437=ORIENTED_EDGE('',*,*,#1575,.F.);
#1438=ORIENTED_EDGE('',*,*,#1594,.F.);
#1439=CARTESIAN_POINT('',(0.0138334191654897,0.00549968925984054,0.18300666197111));
#1440=DIRECTION('',(0.999999999947585,-1.02386147234465E-05,-2.00998856447751E-10));
#1441=DIRECTION('',(1.02386147236979E-05,0.999999999946749,1.29343783326258E-06));
#1442=ORIENTED_EDGE('',*,*,#1573,.T.);
#1443=ORIENTED_EDGE('',*,*,#1804,.T.);
#1444=ORIENTED_EDGE('',*,*,#1798,.T.);
#1445=ORIENTED_EDGE('',*,*,#1794,.F.);
#1446=CARTESIAN_POINT('',(0.0148334324755719,0.00679967946535701,0.182663237476352));
#1447=DIRECTION('',(-1.87755844793621E-10,1.29343783525273E-06,-0.999999999999164));
#1448=DIRECTION('',(-0.707099541355583,0.707114020942795,9.14740790597608E-07));
#1449=ORIENTED_EDGE('',*,*,#1569,.T.);
#1450=ORIENTED_EDGE('',*,*,#1763,.T.);
#1451=ORIENTED_EDGE('',*,*,#1745,.T.);
#1452=ORIENTED_EDGE('',*,*,#1791,.F.);
#1453=CARTESIAN_POINT('',(0.0243857736742419,0.00379956836083276,0.192947288227532));
#1454=DIRECTION('',(1.02386147237129E-05,0.999999999946749,1.29343783326258E-06));
#1455=DIRECTION('',(0.819152044353749,-9.12886764559674E-06,0.573576436185917));
#1456=ORIENTED_EDGE('',*,*,#1565,.T.);
#1457=ORIENTED_EDGE('',*,*,#1761,.T.);
#1458=ORIENTED_EDGE('',*,*,#1567,.T.);
#1459=ORIENTED_EDGE('',*,*,#1564,.T.);
#1460=CARTESIAN_POINT('',(-0.0149182859038281,0.0101999998824733,0.170447301816548));
#1461=DIRECTION('',(1.02386147236979E-05,0.999999999946749,1.29343783326258E-06));
#1462=DIRECTION('',(0.999999999947585,-1.02386147237065E-05,-2.69542157842628E-22));
#1463=ORIENTED_EDGE('',*,*,#1561,.T.);
#1464=ORIENTED_EDGE('',*,*,#1566,.F.);
#1465=ORIENTED_EDGE('',*,*,#1563,.T.);
#1466=ORIENTED_EDGE('',*,*,#1802,.T.);
#1467=CARTESIAN_POINT('',(-0.0149182807845208,0.0106999998824467,0.170447302463267));
#1468=DIRECTION('',(1.02386147236979E-05,0.999999999946749,1.29343783326258E-06));
#1469=DIRECTION('',(-0.999999999947585,1.02386147237065E-05,0.0));
#1470=ORIENTED_EDGE('',*,*,#1557,.T.);
#1471=ORIENTED_EDGE('',*,*,#1771,.T.);
#1472=ORIENTED_EDGE('',*,*,#1559,.T.);
#1473=ORIENTED_EDGE('',*,*,#1556,.T.);
#1474=CARTESIAN_POINT('',(0.0208334672881029,0.0101996073185779,0.19094729650625));
#1475=DIRECTION('',(1.02386147236979E-05,0.999999999946749,1.29343783326258E-06));
#1476=DIRECTION('',(0.999999999947585,-1.02386147237065E-05,-2.69560177323877E-22));
#1477=ORIENTED_EDGE('',*,*,#1553,.T.);
#1478=ORIENTED_EDGE('',*,*,#1558,.F.);
#1479=ORIENTED_EDGE('',*,*,#1555,.T.);
#1480=ORIENTED_EDGE('',*,*,#1803,.T.);
#1481=CARTESIAN_POINT('',(0.0208334724074102,0.0106996073185513,0.190947297152969));
#1482=DIRECTION('',(1.02386147236979E-05,0.999999999946749,1.29343783326258E-06));
#1483=DIRECTION('',(-0.999999999947585,1.02386147237065E-05,0.0));
#1484=ORIENTED_EDGE('',*,*,#1549,.T.);
#1485=ORIENTED_EDGE('',*,*,#1762,.T.);
#1486=ORIENTED_EDGE('',*,*,#1551,.T.);
#1487=ORIENTED_EDGE('',*,*,#1548,.T.);
#1488=CARTESIAN_POINT('',(0.0145863777326677,0.0101996977955898,0.170447301810618));
#1489=DIRECTION('',(1.02386147236979E-05,0.999999999946749,1.29343783326258E-06));
#1490=DIRECTION('',(0.999999999947585,-1.02386147237065E-05,-2.69494856704348E-22));
#1491=ORIENTED_EDGE('',*,*,#1545,.T.);
#1492=ORIENTED_EDGE('',*,*,#1550,.F.);
#1493=ORIENTED_EDGE('',*,*,#1547,.T.);
#1494=ORIENTED_EDGE('',*,*,#1801,.T.);
#1495=CARTESIAN_POINT('',(0.0145863828519751,0.0106996977955631,0.170447302457337));
#1496=DIRECTION('',(1.02386147236979E-05,0.999999999946749,1.29343783326258E-06));
#1497=DIRECTION('',(-0.999999999947586,1.02386147237065E-05,0.0));
#1498=ORIENTED_EDGE('',*,*,#1541,.T.);
#1499=ORIENTED_EDGE('',*,*,#1770,.T.);
#1500=ORIENTED_EDGE('',*,*,#1543,.T.);
#1501=ORIENTED_EDGE('',*,*,#1540,.T.);
#1502=CARTESIAN_POINT('',(-0.0211665192074346,0.0102000373402581,0.190947296514692));
#1503=DIRECTION('',(1.02386147236979E-05,0.999999999946749,1.29343783326258E-06));
#1504=DIRECTION('',(0.999999999947585,-1.02386147237065E-05,-2.6949936157466E-22));
#1505=ORIENTED_EDGE('',*,*,#1537,.T.);
#1506=ORIENTED_EDGE('',*,*,#1542,.F.);
#1507=ORIENTED_EDGE('',*,*,#1539,.T.);
#1508=ORIENTED_EDGE('',*,*,#1800,.T.);
#1509=CARTESIAN_POINT('',(-0.0211665140881272,0.0107000373402314,0.190947297161411));
#1510=DIRECTION('',(1.02386147236979E-05,0.999999999946749,1.29343783326258E-06));
#1511=DIRECTION('',(-0.999999999947585,1.02386147237065E-05,2.13981339843481E-27));
#1512=ORIENTED_EDGE('',*,*,#1532,.T.);
#1513=ORIENTED_EDGE('',*,*,#1799,.T.);
#1514=ORIENTED_EDGE('',*,*,#1804,.F.);
#1515=ORIENTED_EDGE('',*,*,#1576,.F.);
#1516=ORIENTED_EDGE('',*,*,#1529,.T.);
#1517=CARTESIAN_POINT('',(-0.000166554021319921,0.00679983262538861,0.182987219809854));
#1518=DIRECTION('',(-1.02386147236979E-05,-0.999999999946749,-1.29343783326258E-06));
#1519=DIRECTION('',(0.0,1.29343783333037E-06,-0.999999999999164));
#1520=ORIENTED_EDGE('',*,*,#1528,.T.);
#1521=ORIENTED_EDGE('',*,*,#1731,.F.);
#1522=ORIENTED_EDGE('',*,*,#1741,.F.);
#1523=ORIENTED_EDGE('',*,*,#1533,.F.);
#1524=CARTESIAN_POINT('',(-0.00016649668507747,0.0123998326248721,0.182987227053105));
#1525=DIRECTION('',(-1.02386147236979E-05,-0.999999999946749,-1.29343783326258E-06));
#1526=DIRECTION('',(-1.87758686210722E-10,1.29343783525276E-06,-0.999999999999163));
#1527=COLOUR_RGB('',0.686274528503418,0.686274528503418,0.560784339904785);
#1528=EDGE_CURVE('',#1805,#1806,#1807,.T.);
#1529=EDGE_CURVE('0:36933',#1808,#1805,#1809,.T.);
#1530=EDGE_CURVE('0:36912',#1808,#1810,#1811,.T.);
#1531=EDGE_CURVE('0:36618',#1806,#1810,#1812,.T.);
#1532=EDGE_CURVE('',#1805,#1813,#1814,.T.);
#1533=EDGE_CURVE('0:36933',#1805,#1815,#1816,.T.);
#1534=EDGE_CURVE('0:36891',#1815,#1817,#1818,.T.);
#1535=EDGE_CURVE('0:36891',#1817,#1819,#1820,.T.);
#1536=EDGE_CURVE('0:36897',#1819,#1813,#1821,.T.);
#1537=EDGE_CURVE('',#1822,#1823,#1824,.T.);
#1538=EDGE_CURVE('0:36900',#1822,#1825,#1826,.T.);
#1539=EDGE_CURVE('',#1827,#1825,#1828,.T.);
#1540=EDGE_CURVE('0:36930',#1823,#1827,#1829,.T.);
#1541=EDGE_CURVE('',#1827,#1830,#1831,.T.);
#1542=EDGE_CURVE('0:36930',#1827,#1823,#1832,.T.);
#1543=EDGE_CURVE('',#1833,#1823,#1834,.T.);
#1544=EDGE_CURVE('0:36774',#1833,#1830,#1835,.T.);
#1545=EDGE_CURVE('',#1836,#1837,#1838,.T.);
#1546=EDGE_CURVE('0:36903',#1836,#1839,#1840,.F.);
#1547=EDGE_CURVE('',#1841,#1839,#1842,.T.);
#1548=EDGE_CURVE('0:36927',#1837,#1841,#1843,.T.);
#1549=EDGE_CURVE('',#1841,#1844,#1845,.T.);
#1550=EDGE_CURVE('0:36927',#1841,#1837,#1846,.T.);
#1551=EDGE_CURVE('',#1847,#1837,#1848,.T.);
#1552=EDGE_CURVE('0:36750',#1847,#1844,#1849,.T.);
#1553=EDGE_CURVE('',#1850,#1851,#1852,.T.);
#1554=EDGE_CURVE('0:36909',#1850,#1853,#1854,.T.);
#1555=EDGE_CURVE('',#1855,#1853,#1856,.T.);
#1556=EDGE_CURVE('0:36924',#1851,#1855,#1857,.T.);
#1557=EDGE_CURVE('',#1855,#1858,#1859,.T.);
#1558=EDGE_CURVE('0:36924',#1855,#1851,#1860,.T.);
#1559=EDGE_CURVE('',#1861,#1851,#1862,.T.);
#1560=EDGE_CURVE('0:36777',#1861,#1858,#1863,.T.);
#1561=EDGE_CURVE('',#1864,#1865,#1866,.T.);
#1562=EDGE_CURVE('0:36906',#1864,#1867,#1868,.F.);
#1563=EDGE_CURVE('',#1869,#1867,#1870,.T.);
#1564=EDGE_CURVE('0:36921',#1865,#1869,#1871,.T.);
#1565=EDGE_CURVE('',#1869,#1872,#1873,.T.);
#1566=EDGE_CURVE('0:36921',#1869,#1865,#1874,.T.);
#1567=EDGE_CURVE('',#1875,#1865,#1876,.T.);
#1568=EDGE_CURVE('0:36747',#1875,#1872,#1877,.T.);
#1569=EDGE_CURVE('',#1878,#1879,#1880,.T.);
#1570=EDGE_CURVE('0:36852',#1881,#1878,#1882,.T.);
#1571=EDGE_CURVE('0:36873',#1881,#1883,#1884,.T.);
#1572=EDGE_CURVE('0:36756',#1883,#1879,#1885,.T.);
#1573=EDGE_CURVE('',#1886,#1887,#1888,.T.);
#1574=EDGE_CURVE('0:36864',#1889,#1886,#1890,.T.);
#1575=EDGE_CURVE('0:36915',#1889,#1808,#1891,.T.);
#1576=EDGE_CURVE('0:36918',#1808,#1887,#1892,.T.);
#1577=EDGE_CURVE('',#1893,#1817,#1894,.T.);
#1578=EDGE_CURVE('0:36816',#1895,#1893,#1896,.T.);
#1579=EDGE_CURVE('0:36888',#1895,#1819,#1897,.T.);
#1580=EDGE_CURVE('',#1898,#1899,#1900,.T.);
#1581=EDGE_CURVE('0:36789',#1901,#1898,#1902,.T.);
#1582=EDGE_CURVE('0:36693',#1901,#1903,#1904,.T.);
#1583=EDGE_CURVE('0:36753',#1903,#1899,#1905,.T.);
#1584=EDGE_CURVE('',#1906,#1907,#1908,.T.);
#1585=EDGE_CURVE('0:36813',#1909,#1906,#1910,.T.);
#1586=EDGE_CURVE('0:36882',#1909,#1911,#1912,.T.);
#1587=EDGE_CURVE('0:36768',#1911,#1907,#1913,.F.);
#1588=EDGE_CURVE('',#1914,#1915,#1916,.T.);
#1589=EDGE_CURVE('0:36834',#1917,#1914,#1918,.T.);
#1590=EDGE_CURVE('0:36876',#1917,#1919,#1920,.T.);
#1591=EDGE_CURVE('0:36762',#1919,#1915,#1921,.F.);
#1592=EDGE_CURVE('',#1922,#1923,#1924,.T.);
#1593=EDGE_CURVE('0:36660',#1925,#1922,#1926,.T.);
#1594=EDGE_CURVE('0:36867',#1925,#1889,#1927,.T.);
#1595=EDGE_CURVE('0:36861',#1923,#1889,#1928,.T.);
#1596=EDGE_CURVE('',#1929,#1930,#1931,.T.);
#1597=EDGE_CURVE('0:36855',#1929,#1932,#1933,.T.);
#1598=EDGE_CURVE('0:36858',#1932,#1934,#1935,.T.);
#1599=EDGE_CURVE('0:36846',#1930,#1934,#1936,.T.);
#1600=EDGE_CURVE('',#1937,#1938,#1939,.T.);
#1601=EDGE_CURVE('0:36837',#1937,#1940,#1941,.T.);
#1602=EDGE_CURVE('0:36840',#1940,#1942,#1943,.T.);
#1603=EDGE_CURVE('0:36828',#1938,#1942,#1944,.T.);
#1604=EDGE_CURVE('',#1945,#1946,#1947,.T.);
#1605=EDGE_CURVE('0:36819',#1945,#1948,#1949,.T.);
#1606=EDGE_CURVE('0:36822',#1948,#1950,#1951,.T.);
#1607=EDGE_CURVE('0:36807',#1946,#1950,#1952,.T.);
#1608=EDGE_CURVE('0:36675',#1953,#1954,#1955,.T.);
#1609=EDGE_CURVE('0:36675',#1954,#1956,#1957,.T.);
#1610=EDGE_CURVE('0:36699',#1956,#1958,#1959,.T.);
#1611=EDGE_CURVE('0:36792',#1960,#1958,#1961,.T.);
#1612=EDGE_CURVE('0:36792',#1895,#1960,#1962,.T.);
#1613=EDGE_CURVE('0:36816',#1893,#1953,#1963,.T.);
#1614=EDGE_CURVE('',#1964,#1965,#1966,.T.);
#1615=EDGE_CURVE('0:36798',#1964,#1967,#1968,.T.);
#1616=EDGE_CURVE('0:36801',#1967,#1969,#1970,.T.);
#1617=EDGE_CURVE('0:36780',#1965,#1969,#1971,.T.);
#1618=EDGE_CURVE('',#1960,#1972,#1973,.T.);
#1619=EDGE_CURVE('0:36696',#1958,#1901,#1974,.T.);
#1620=EDGE_CURVE('0:36786',#1972,#1901,#1975,.T.);
#1621=EDGE_CURVE('',#1976,#1977,#1978,.T.);
#1622=EDGE_CURVE('0:36744',#1979,#1976,#1980,.T.);
#1623=EDGE_CURVE('',#1981,#1979,#1982,.T.);
#1624=EDGE_CURVE('0:36741',#1977,#1981,#1983,.T.);
#1625=EDGE_CURVE('',#1981,#1984,#1985,.T.);
#1626=EDGE_CURVE('0:36741',#1981,#1977,#1986,.T.);
#1627=EDGE_CURVE('',#1987,#1977,#1988,.T.);
#1628=EDGE_CURVE('0:36738',#1987,#1984,#1989,.T.);
#1629=EDGE_CURVE('',#1990,#1954,#1991,.T.);
#1630=EDGE_CURVE('0:36648',#1992,#1990,#1993,.T.);
#1631=EDGE_CURVE('0:36672',#1992,#1956,#1994,.T.);
#1632=EDGE_CURVE('',#1995,#1922,#1996,.T.);
#1633=EDGE_CURVE('0:36651',#1997,#1995,#1998,.T.);
#1634=EDGE_CURVE('0:36651',#1925,#1997,#1999,.T.);
#1635=EDGE_CURVE('',#2000,#1997,#2001,.T.);
#1636=EDGE_CURVE('0:36621',#1810,#2000,#2002,.T.);
#1637=EDGE_CURVE('0:36657',#1810,#1925,#2003,.T.);
#1638=EDGE_CURVE('',#2004,#1990,#2005,.T.);
#1639=EDGE_CURVE('0:36642',#2006,#2004,#2007,.T.);
#1640=EDGE_CURVE('0:36642',#1992,#2006,#2008,.T.);
#1641=EDGE_CURVE('',#2009,#2006,#2010,.T.);
#1642=EDGE_CURVE('0:36636',#2009,#2011,#2012,.T.);
#1643=EDGE_CURVE('0:36639',#2011,#1992,#2013,.T.);
#1644=EDGE_CURVE('',#2014,#2015,#2016,.T.);
#1645=EDGE_CURVE('0:36615',#2017,#2014,#2018,.T.);
#1646=EDGE_CURVE('0:36633',#2017,#2004,#2019,.T.);
#1647=EDGE_CURVE('0:36627',#2004,#2015,#2020,.T.);
#1648=EDGE_CURVE('',#1806,#2021,#2022,.T.);
#1649=EDGE_CURVE('0:36621',#2000,#2023,#2024,.T.);
#1650=EDGE_CURVE('0:36624',#2023,#2021,#2025,.T.);
#1651=EDGE_CURVE('',#2026,#2027,#2028,.T.);
#1652=EDGE_CURVE('0:36600',#2029,#2026,#2030,.T.);
#1653=EDGE_CURVE('0:36588',#2031,#2029,#2032,.T.);
#1654=EDGE_CURVE('0:36603',#2031,#2027,#2033,.F.);
#1655=EDGE_CURVE('',#2034,#2035,#2036,.T.);
#1656=EDGE_CURVE('0:36537',#2034,#2037,#2038,.F.);
#1657=EDGE_CURVE('0:36531',#2039,#2037,#2040,.T.);
#1658=EDGE_CURVE('0:36534',#2035,#2039,#2041,.T.);
#1659=EDGE_CURVE('',#2042,#2043,#2044,.T.);
#1660=EDGE_CURVE('0:36504',#2042,#2045,#2046,.F.);
#1661=EDGE_CURVE('0:36498',#2047,#2045,#2048,.T.);
#1662=EDGE_CURVE('0:36501',#2043,#2047,#2049,.T.);
#1663=EDGE_CURVE('',#2050,#2051,#2052,.T.);
#1664=EDGE_CURVE('0:36471',#2053,#2050,#2054,.T.);
#1665=EDGE_CURVE('0:36456',#2055,#2053,#2056,.T.);
#1666=EDGE_CURVE('0:36474',#2055,#2051,#2057,.F.);
#1667=EDGE_CURVE('0:36417',#2058,#2059,#2060,.T.);
#1668=EDGE_CURVE('0:36420',#2061,#2059,#2062,.T.);
#1669=EDGE_CURVE('0:36423',#2061,#2063,#2064,.T.);
#1670=EDGE_CURVE('0:36426',#2058,#2063,#2065,.T.);
#1671=EDGE_CURVE('0:36429',#2066,#2067,#2068,.T.);
#1672=EDGE_CURVE('0:36432',#2059,#2066,#2069,.T.);
#1673=EDGE_CURVE('0:36435',#2058,#2067,#2070,.F.);
#1674=EDGE_CURVE('0:36438',#2071,#2067,#2072,.T.);
#1675=EDGE_CURVE('0:36441',#2073,#2071,#2074,.T.);
#1676=EDGE_CURVE('0:36444',#2066,#2073,#2075,.T.);
#1677=EDGE_CURVE('0:36447',#2076,#2063,#2077,.F.);
#1678=EDGE_CURVE('0:36450',#2076,#2078,#2079,.T.);
#1679=EDGE_CURVE('0:36453',#2078,#2071,#2080,.F.);
#1680=EDGE_CURVE('0:36459',#2081,#2053,#2082,.T.);
#1681=EDGE_CURVE('0:36462',#2081,#2083,#2084,.F.);
#1682=EDGE_CURVE('0:36465',#2055,#2083,#2085,.T.);
#1683=EDGE_CURVE('0:36474',#2051,#2086,#2087,.F.);
#1684=EDGE_CURVE('0:36468',#2088,#2086,#2089,.T.);
#1685=EDGE_CURVE('0:36471',#2050,#2088,#2090,.T.);
#1686=EDGE_CURVE('0:36477',#2063,#2086,#2091,.T.);
#1687=EDGE_CURVE('0:36480',#2088,#2061,#2092,.T.);
#1688=EDGE_CURVE('0:36483',#2083,#2093,#2094,.F.);
#1689=EDGE_CURVE('0:36486',#2093,#2076,#2095,.T.);
#1690=EDGE_CURVE('0:36489',#2096,#2097,#2098,.T.);
#1691=EDGE_CURVE('0:36492',#2073,#2097,#2099,.T.);
#1692=EDGE_CURVE('0:36495',#2096,#2071,#2100,.T.);
#1693=EDGE_CURVE('0:36501',#2097,#2043,#2101,.T.);
#1694=EDGE_CURVE('0:36504',#2096,#2042,#2102,.F.);
#1695=EDGE_CURVE('0:36507',#2103,#2045,#2104,.T.);
#1696=EDGE_CURVE('0:36510',#2105,#2103,#2106,.F.);
#1697=EDGE_CURVE('0:36513',#2047,#2105,#2107,.T.);
#1698=EDGE_CURVE('0:36516',#2078,#2108,#2109,.T.);
#1699=EDGE_CURVE('0:36519',#2103,#2108,#2110,.F.);
#1700=EDGE_CURVE('0:36522',#2111,#2112,#2113,.T.);
#1701=EDGE_CURVE('0:36525',#2105,#2112,#2114,.T.);
#1702=EDGE_CURVE('0:36528',#2111,#2103,#2115,.T.);
#1703=EDGE_CURVE('0:36534',#2112,#2035,#2116,.T.);
#1704=EDGE_CURVE('0:36537',#2111,#2034,#2117,.F.);
#1705=EDGE_CURVE('0:36540',#2118,#2037,#2119,.T.);
#1706=EDGE_CURVE('0:36543',#2120,#2118,#2121,.F.);
#1707=EDGE_CURVE('0:36546',#2039,#2120,#2122,.T.);
#1708=EDGE_CURVE('0:36549',#2108,#2123,#2124,.T.);
#1709=EDGE_CURVE('0:36552',#2118,#2123,#2125,.F.);
#1710=EDGE_CURVE('0:36555',#2126,#2127,#2128,.T.);
#1711=EDGE_CURVE('0:36558',#2120,#2127,#2129,.T.);
#1712=EDGE_CURVE('0:36561',#2126,#2118,#2130,.T.);
#1713=EDGE_CURVE('0:36564',#2131,#2132,#2133,.T.);
#1714=EDGE_CURVE('0:36567',#2127,#2131,#2134,.T.);
#1715=EDGE_CURVE('0:36570',#2126,#2132,#2135,.F.);
#1716=EDGE_CURVE('0:36573',#2136,#2132,#2137,.T.);
#1717=EDGE_CURVE('0:36576',#2138,#2136,#2139,.F.);
#1718=EDGE_CURVE('0:36579',#2131,#2138,#2140,.T.);
#1719=EDGE_CURVE('0:36582',#2123,#2141,#2142,.T.);
#1720=EDGE_CURVE('0:36585',#2136,#2141,#2143,.F.);
#1721=EDGE_CURVE('0:36591',#2138,#2029,#2144,.T.);
#1722=EDGE_CURVE('0:36594',#2031,#2136,#2145,.T.);
#1723=EDGE_CURVE('0:36603',#2027,#2146,#2147,.F.);
#1724=EDGE_CURVE('0:36597',#2148,#2146,#2149,.T.);
#1725=EDGE_CURVE('0:36600',#2026,#2148,#2150,.T.);
#1726=EDGE_CURVE('0:36606',#2083,#2146,#2151,.T.);
#1727=EDGE_CURVE('0:36609',#2148,#2081,#2152,.T.);
#1728=EDGE_CURVE('0:36612',#2141,#2093,#2153,.T.);
#1729=EDGE_CURVE('0:36624',#2021,#2017,#2154,.T.);
#1730=EDGE_CURVE('0:36615',#2014,#2155,#2156,.T.);
#1731=EDGE_CURVE('0:36618',#2155,#1806,#2157,.T.);
#1732=EDGE_CURVE('0:36627',#2015,#2158,#2159,.T.);
#1733=EDGE_CURVE('0:36630',#2158,#2155,#2160,.T.);
#1734=EDGE_CURVE('0:36645',#2004,#1995,#2161,.T.);
#1735=EDGE_CURVE('0:36636',#1995,#2009,#2162,.T.);
#1736=EDGE_CURVE('0:36648',#1990,#2158,#2163,.T.);
#1737=EDGE_CURVE('0:36654',#1995,#2023,#2164,.T.);
#1738=EDGE_CURVE('0:36660',#1922,#2011,#2165,.T.);
#1739=EDGE_CURVE('0:36663',#1953,#2158,#2166,.T.);
#1740=EDGE_CURVE('0:36666',#1815,#1953,#2167,.T.);
#1741=EDGE_CURVE('0:36669',#1815,#2155,#2168,.T.);
#1742=EDGE_CURVE('0:36678',#2169,#2011,#2170,.T.);
#1743=EDGE_CURVE('0:36681',#2171,#2169,#2172,.T.);
#1744=EDGE_CURVE('0:36684',#2173,#2171,#2174,.T.);
#1745=EDGE_CURVE('0:36687',#2175,#2173,#2176,.T.);
#1746=EDGE_CURVE('0:36690',#2175,#1903,#2177,.F.);
#1747=EDGE_CURVE('0:36702',#2178,#2073,#2179,.T.);
#1748=EDGE_CURVE('0:36705',#2178,#2180,#2181,.T.);
#1749=EDGE_CURVE('0:36708',#2180,#2061,#2182,.T.);
#1750=EDGE_CURVE('0:36711',#2180,#2183,#2184,.T.);
#1751=EDGE_CURVE('0:36714',#2183,#2081,#2185,.T.);
#1752=EDGE_CURVE('0:36717',#2183,#2186,#2187,.T.);
#1753=EDGE_CURVE('0:36720',#2186,#2138,#2188,.T.);
#1754=EDGE_CURVE('0:36723',#2186,#2189,#2190,.T.);
#1755=EDGE_CURVE('0:36726',#2189,#2120,#2191,.T.);
#1756=EDGE_CURVE('0:36729',#2189,#2192,#2193,.T.);
#1757=EDGE_CURVE('0:36732',#2192,#2105,#2194,.T.);
#1758=EDGE_CURVE('0:36735',#2192,#2178,#2195,.T.);
#1759=EDGE_CURVE('0:36738',#1984,#1987,#2196,.T.);
#1760=EDGE_CURVE('0:36744',#1976,#1979,#2197,.T.);
#1761=EDGE_CURVE('0:36747',#1872,#1875,#2198,.T.);
#1762=EDGE_CURVE('0:36750',#1844,#1847,#2199,.T.);
#1763=EDGE_CURVE('0:36756',#1879,#2175,#2200,.T.);
#1764=EDGE_CURVE('0:36759',#1883,#2201,#2202,.T.);
#1765=EDGE_CURVE('0:36762',#1915,#2201,#2203,.F.);
#1766=EDGE_CURVE('0:36765',#1919,#2204,#2205,.T.);
#1767=EDGE_CURVE('0:36768',#1907,#2204,#2206,.F.);
#1768=EDGE_CURVE('0:36771',#1911,#2207,#2208,.T.);
#1769=EDGE_CURVE('0:36753',#1899,#2207,#2209,.T.);
#1770=EDGE_CURVE('0:36774',#1830,#1833,#2210,.T.);
#1771=EDGE_CURVE('0:36777',#1858,#1861,#2211,.T.);
#1772=EDGE_CURVE('0:36780',#2212,#1965,#2213,.T.);
#1773=EDGE_CURVE('0:36783',#1969,#2214,#2215,.T.);
#1774=EDGE_CURVE('0:36786',#2214,#1972,#2216,.T.);
#1775=EDGE_CURVE('0:36789',#1898,#2212,#2217,.T.);
#1776=EDGE_CURVE('0:36795',#2214,#1895,#2218,.T.);
#1777=EDGE_CURVE('0:36804',#2212,#1909,#2219,.T.);
#1778=EDGE_CURVE('0:36798',#1909,#1964,#2220,.T.);
#1779=EDGE_CURVE('0:36807',#2221,#1946,#2222,.T.);
#1780=EDGE_CURVE('0:36810',#1950,#1967,#2223,.T.);
#1781=EDGE_CURVE('0:36813',#1906,#2221,#2224,.T.);
#1782=EDGE_CURVE('0:36825',#2221,#1917,#2225,.T.);
#1783=EDGE_CURVE('0:36819',#1917,#1945,#2226,.T.);
#1784=EDGE_CURVE('0:36828',#2227,#1938,#2228,.T.);
#1785=EDGE_CURVE('0:36831',#1942,#1948,#2229,.T.);
#1786=EDGE_CURVE('0:36834',#1914,#2227,#2230,.T.);
#1787=EDGE_CURVE('0:36843',#2227,#1881,#2231,.T.);
#1788=EDGE_CURVE('0:36837',#1881,#1937,#2232,.T.);
#1789=EDGE_CURVE('0:36846',#2173,#1930,#2233,.T.);
#1790=EDGE_CURVE('0:36849',#1934,#1940,#2234,.T.);
#1791=EDGE_CURVE('0:36852',#1878,#2173,#2235,.T.);
#1792=EDGE_CURVE('0:36855',#2171,#1929,#2236,.T.);
#1793=EDGE_CURVE('0:36861',#2169,#1923,#2237,.T.);
#1794=EDGE_CURVE('0:36864',#1886,#1932,#2238,.T.);
#1795=EDGE_CURVE('0:36870',#2201,#2227,#2239,.T.);
#1796=EDGE_CURVE('0:36879',#2204,#2221,#2240,.T.);
#1797=EDGE_CURVE('0:36885',#2207,#2212,#2241,.T.);
#1798=EDGE_CURVE('0:36894',#2242,#1932,#2243,.T.);
#1799=EDGE_CURVE('0:36897',#1813,#2242,#2244,.T.);
#1800=EDGE_CURVE('0:36900',#1825,#1822,#2245,.T.);
#1801=EDGE_CURVE('0:36903',#1839,#1836,#2246,.F.);
#1802=EDGE_CURVE('0:36906',#1867,#1864,#2247,.F.);
#1803=EDGE_CURVE('0:36909',#1853,#1850,#2248,.T.);
#1804=EDGE_CURVE('0:36918',#1887,#2242,#2249,.T.);
#1805=VERTEX_POINT('',#2250);
#1806=VERTEX_POINT('',#2251);
#1807=LINE('',#2252,#2253);
#1808=VERTEX_POINT('',#2254);
#1809=CIRCLE('',#2255,0.014);
#1810=VERTEX_POINT('',#2256);
#1811=LINE('',#2257,#2258);
#1812=CIRCLE('',#2259,0.014);
#1813=VERTEX_POINT('',#2260);
#1814=CIRCLE('',#2261,0.001);
#1815=VERTEX_POINT('',#2262);
#1816=CIRCLE('',#2263,0.014);
#1817=VERTEX_POINT('',#2264);
#1818=CIRCLE('',#2265,0.001);
#1819=VERTEX_POINT('',#2266);
#1820=CIRCLE('',#2267,0.001);
#1821=CIRCLE('',#2268,0.015);
#1822=VERTEX_POINT('',#2269);
#1823=VERTEX_POINT('',#2270);
#1824=LINE('',#2271,#2272);
#1825=VERTEX_POINT('',#2273);
#1826=CIRCLE('',#2274,0.00199999999999999);
#1827=VERTEX_POINT('',#2275);
#1828=LINE('',#2276,#2277);
#1829=CIRCLE('',#2278,0.00199999999999999);
#1830=VERTEX_POINT('',#2279);
#1831=LINE('',#2280,#2281);
#1832=CIRCLE('',#2282,0.00199999999999999);
#1833=VERTEX_POINT('',#2283);
#1834=LINE('',#2284,#2285);
#1835=CIRCLE('',#2286,0.0038);
#1836=VERTEX_POINT('',#2287);
#1837=VERTEX_POINT('',#2288);
#1838=LINE('',#2289,#2290);
#1839=VERTEX_POINT('',#2291);
#1840=CIRCLE('',#2292,0.002);
#1841=VERTEX_POINT('',#2293);
#1842=LINE('',#2294,#2295);
#1843=CIRCLE('',#2296,0.00199999999999999);
#1844=VERTEX_POINT('',#2297);
#1845=LINE('',#2298,#2299);
#1846=CIRCLE('',#2300,0.00199999999999999);
#1847=VERTEX_POINT('',#2301);
#1848=LINE('',#2302,#2303);
#1849=CIRCLE('',#2304,0.00379999999999999);
#1850=VERTEX_POINT('',#2305);
#1851=VERTEX_POINT('',#2306);
#1852=LINE('',#2307,#2308);
#1853=VERTEX_POINT('',#2309);
#1854=CIRCLE('',#2310,0.00200000000000001);
#1855=VERTEX_POINT('',#2311);
#1856=LINE('',#2312,#2313);
#1857=CIRCLE('',#2314,0.00200000000000001);
#1858=VERTEX_POINT('',#2315);
#1859=LINE('',#2316,#2317);
#1860=CIRCLE('',#2318,0.00200000000000001);
#1861=VERTEX_POINT('',#2319);
#1862=LINE('',#2320,#2321);
#1863=CIRCLE('',#2322,0.00380000000000001);
#1864=VERTEX_POINT('',#2323);
#1865=VERTEX_POINT('',#2324);
#1866=LINE('',#2325,#2326);
#1867=VERTEX_POINT('',#2327);
#1868=CIRCLE('',#2328,0.00200000000000001);
#1869=VERTEX_POINT('',#2329);
#1870=LINE('',#2330,#2331);
#1871=CIRCLE('',#2332,0.00200000000000001);
#1872=VERTEX_POINT('',#2333);
#1873=LINE('',#2334,#2335);
#1874=CIRCLE('',#2336,0.00200000000000001);
#1875=VERTEX_POINT('',#2337);
#1876=LINE('',#2338,#2339);
#1877=CIRCLE('',#2340,0.00380000000000001);
#1878=VERTEX_POINT('',#2341);
#1879=VERTEX_POINT('',#2342);
#1880=LINE('',#2343,#2344);
#1881=VERTEX_POINT('',#2345);
#1882=CIRCLE('',#2346,0.005);
#1883=VERTEX_POINT('',#2347);
#1884=LINE('',#2348,#2349);
#1885=CIRCLE('',#2350,0.005);
#1886=VERTEX_POINT('',#2351);
#1887=VERTEX_POINT('',#2352);
#1888=LINE('',#2353,#2354);
#1889=VERTEX_POINT('',#2355);
#1890=CIRCLE('',#2356,0.001);
#1891=LINE('',#2357,#2358);
#1892=B_SPLINE_CURVE_WITH_KNOTS('',3,(#2359,#2360,#2361,#2362,#2363,#2364,#2365,#2366,#2367,#2368,#2369,#2370),.UNSPECIFIED.,.F.,.F.,(4,2,2,2,2,4),(-0.00155998093854678,-0.0011693365282742,-0.000778692067556689,-0.000388047509437644,-0.0,1.56961742666725E-05),.UNSPECIFIED.);
#1893=VERTEX_POINT('',#2371);
#1894=LINE('',#2372,#2373);
#1895=VERTEX_POINT('',#2374);
#1896=CIRCLE('',#2375,0.001);
#1897=LINE('',#2376,#2377);
#1898=VERTEX_POINT('',#2378);
#1899=VERTEX_POINT('',#2379);
#1900=LINE('',#2380,#2381);
#1901=VERTEX_POINT('',#2382);
#1902=CIRCLE('',#2383,0.005);
#1903=VERTEX_POINT('',#2384);
#1904=LINE('',#2385,#2386);
#1905=CIRCLE('',#2387,0.005);
#1906=VERTEX_POINT('',#2388);
#1907=VERTEX_POINT('',#2389);
#1908=LINE('',#2390,#2391);
#1909=VERTEX_POINT('',#2392);
#1910=CIRCLE('',#2393,0.005);
#1911=VERTEX_POINT('',#2394);
#1912=LINE('',#2395,#2396);
#1913=CIRCLE('',#2397,0.005);
#1914=VERTEX_POINT('',#2398);
#1915=VERTEX_POINT('',#2399);
#1916=LINE('',#2400,#2401);
#1917=VERTEX_POINT('',#2402);
#1918=CIRCLE('',#2403,0.005);
#1919=VERTEX_POINT('',#2404);
#1920=LINE('',#2405,#2406);
#1921=CIRCLE('',#2407,0.005);
#1922=VERTEX_POINT('',#2408);
#1923=VERTEX_POINT('',#2409);
#1924=LINE('',#2410,#2411);
#1925=VERTEX_POINT('',#2412);
#1926=CIRCLE('',#2413,0.000999999999999998);
#1927=LINE('',#2414,#2415);
#1928=CIRCLE('',#2416,0.001);
#1929=VERTEX_POINT('',#2417);
#1930=VERTEX_POINT('',#2418);
#1931=LINE('',#2419,#2420);
#1932=VERTEX_POINT('',#2421);
#1933=CIRCLE('',#2422,0.001);
#1934=VERTEX_POINT('',#2423);
#1935=LINE('',#2424,#2425);
#1936=CIRCLE('',#2426,0.001);
#1937=VERTEX_POINT('',#2427);
#1938=VERTEX_POINT('',#2428);
#1939=LINE('',#2429,#2430);
#1940=VERTEX_POINT('',#2431);
#1941=CIRCLE('',#2432,0.000999999999999989);
#1942=VERTEX_POINT('',#2433);
#1943=LINE('',#2434,#2435);
#1944=CIRCLE('',#2436,0.001);
#1945=VERTEX_POINT('',#2437);
#1946=VERTEX_POINT('',#2438);
#1947=LINE('',#2439,#2440);
#1948=VERTEX_POINT('',#2441);
#1949=CIRCLE('',#2442,0.001);
#1950=VERTEX_POINT('',#2443);
#1951=LINE('',#2444,#2445);
#1952=CIRCLE('',#2446,0.001);
#1953=VERTEX_POINT('',#2447);
#1954=VERTEX_POINT('',#2448);
#1955=CIRCLE('',#2449,0.001);
#1956=VERTEX_POINT('',#2450);
#1957=CIRCLE('',#2451,0.001);
#1958=VERTEX_POINT('',#2452);
#1959=CIRCLE('',#2453,0.002);
#1960=VERTEX_POINT('',#2454);
#1961=CIRCLE('',#2455,0.000999999999999999);
#1962=CIRCLE('',#2456,0.000999999999999999);
#1963=CIRCLE('',#2457,0.001);
#1964=VERTEX_POINT('',#2458);
#1965=VERTEX_POINT('',#2459);
#1966=LINE('',#2460,#2461);
#1967=VERTEX_POINT('',#2462);
#1968=CIRCLE('',#2463,0.00100000000000001);
#1969=VERTEX_POINT('',#2464);
#1970=LINE('',#2465,#2466);
#1971=CIRCLE('',#2467,0.001);
#1972=VERTEX_POINT('',#2468);
#1973=LINE('',#2469,#2470);
#1974=LINE('',#2471,#2472);
#1975=CIRCLE('',#2473,0.000999999999999999);
#1976=VERTEX_POINT('',#2474);
#1977=VERTEX_POINT('',#2475);
#1978=LINE('',#2476,#2477);
#1979=VERTEX_POINT('',#2478);
#1980=CIRCLE('',#2479,0.0045);
#1981=VERTEX_POINT('',#2480);
#1982=LINE('',#2481,#2482);
#1983=CIRCLE('',#2483,0.0045);
#1984=VERTEX_POINT('',#2484);
#1985=LINE('',#2485,#2486);
#1986=CIRCLE('',#2487,0.0045);
#1987=VERTEX_POINT('',#2488);
#1988=LINE('',#2489,#2490);
#1989=CIRCLE('',#2491,0.0051);
#1990=VERTEX_POINT('',#2492);
#1991=LINE('',#2493,#2494);
#1992=VERTEX_POINT('',#2495);
#1993=CIRCLE('',#2496,0.00100000000000001);
#1994=LINE('',#2497,#2498);
#1995=VERTEX_POINT('',#2499);
#1996=CIRCLE('',#2500,0.001);
#1997=VERTEX_POINT('',#2501);
#1998=CIRCLE('',#2502,0.001);
#1999=CIRCLE('',#2503,0.001);
#2000=VERTEX_POINT('',#2504);
#2001=LINE('',#2505,#2506);
#2002=B_SPLINE_CURVE_WITH_KNOTS('',3,(#2507,#2508,#2509,#2510,#2511,#2512,#2513,#2514,#2515,#2516,#2517,#2518),.UNSPECIFIED.,.F.,.F.,(4,2,2,2,2,4),(0.0,0.000390644385154637,0.00078128881917987,0.00117193335155265,0.00155921676096005,0.00157567000656664),.UNSPECIFIED.);
#2003=LINE('',#2519,#2520);
#2004=VERTEX_POINT('',#2521);
#2005=CIRCLE('',#2522,0.001);
#2006=VERTEX_POINT('',#2523);
#2007=CIRCLE('',#2524,0.000999999999999977);
#2008=CIRCLE('',#2525,0.000999999999999977);
#2009=VERTEX_POINT('',#2526);
#2010=LINE('',#2527,#2528);
#2011=VERTEX_POINT('',#2529);
#2012=CIRCLE('',#2530,0.001);
#2013=LINE('',#2531,#2532);
#2014=VERTEX_POINT('',#2533);
#2015=VERTEX_POINT('',#2534);
#2016=LINE('',#2535,#2536);
#2017=VERTEX_POINT('',#2537);
#2018=CIRCLE('',#2538,0.001);
#2019=LINE('',#2539,#2540);
#2020=CIRCLE('',#2541,0.001);
#2021=VERTEX_POINT('',#2542);
#2022=CIRCLE('',#2543,0.001);
#2023=VERTEX_POINT('',#2544);
#2024=B_SPLINE_CURVE_WITH_KNOTS('',3,(#2545,#2546,#2547,#2548,#2549,#2550,#2551,#2552,#2553,#2554,#2555,#2556),.UNSPECIFIED.,.F.,.F.,(4,2,2,2,2,4),(0.0,0.000390644385154637,0.00078128881917987,0.00117193335155265,0.00155921676096005,0.00157567000656664),.UNSPECIFIED.);
#2025=CIRCLE('',#2557,0.013);
#2026=VERTEX_POINT('',#2558);
#2027=VERTEX_POINT('',#2559);
#2028=LINE('',#2560,#2561);
#2029=VERTEX_POINT('',#2562);
#2030=ELLIPSE('',#2563,0.000565685424949259,0.000399999999999999);
#2031=VERTEX_POINT('',#2564);
#2032=LINE('',#2565,#2566);
#2033=ELLIPSE('',#2567,0.000565685424949241,0.000399999999999999);
#2034=VERTEX_POINT('',#2568);
#2035=VERTEX_POINT('',#2569);
#2036=LINE('',#2570,#2571);
#2037=VERTEX_POINT('',#2572);
#2038=ELLIPSE('',#2573,0.000565685424949239,0.000399999999999998);
#2039=VERTEX_POINT('',#2574);
#2040=LINE('',#2575,#2576);
#2041=ELLIPSE('',#2577,0.000565685424949229,0.000399999999999998);
#2042=VERTEX_POINT('',#2578);
#2043=VERTEX_POINT('',#2579);
#2044=LINE('',#2580,#2581);
#2045=VERTEX_POINT('',#2582);
#2046=ELLIPSE('',#2583,0.000565685424949245,0.000400000000000006);
#2047=VERTEX_POINT('',#2584);
#2048=LINE('',#2585,#2586);
#2049=ELLIPSE('',#2587,0.000565685424949237,0.000400000000000006);
#2050=VERTEX_POINT('',#2588);
#2051=VERTEX_POINT('',#2589);
#2052=LINE('',#2590,#2591);
#2053=VERTEX_POINT('',#2592);
#2054=ELLIPSE('',#2593,0.000565685424949248,0.000399999999999999);
#2055=VERTEX_POINT('',#2594);
#2056=LINE('',#2595,#2596);
#2057=ELLIPSE('',#2597,0.000565685424949233,0.000399999999999999);
#2058=VERTEX_POINT('',#2598);
#2059=VERTEX_POINT('',#2599);
#2060=LINE('',#2600,#2601);
#2061=VERTEX_POINT('',#2602);
#2062=LINE('',#2603,#2604);
#2063=VERTEX_POINT('',#2605);
#2064=LINE('',#2606,#2607);
#2065=LINE('',#2608,#2609);
#2066=VERTEX_POINT('',#2610);
#2067=VERTEX_POINT('',#2611);
#2068=LINE('',#2612,#2613);
#2069=ELLIPSE('',#2614,0.000565685424949266,0.000400000000000003);
#2070=ELLIPSE('',#2615,0.000565685424949242,0.000400000000000003);
#2071=VERTEX_POINT('',#2616);
#2072=LINE('',#2617,#2618);
#2073=VERTEX_POINT('',#2619);
#2074=LINE('',#2620,#2621);
#2075=LINE('',#2622,#2623);
#2076=VERTEX_POINT('',#2624);
#2077=LINE('',#2625,#2626);
#2078=VERTEX_POINT('',#2627);
#2079=LINE('',#2628,#2629);
#2080=LINE('',#2630,#2631);
#2081=VERTEX_POINT('',#2632);
#2082=LINE('',#2633,#2634);
#2083=VERTEX_POINT('',#2635);
#2084=LINE('',#2636,#2637);
#2085=LINE('',#2638,#2639);
#2086=VERTEX_POINT('',#2640);
#2087=ELLIPSE('',#2641,0.000565685424949233,0.000399999999999999);
#2088=VERTEX_POINT('',#2642);
#2089=LINE('',#2643,#2644);
#2090=ELLIPSE('',#2645,0.000565685424949248,0.000399999999999999);
#2091=LINE('',#2646,#2647);
#2092=LINE('',#2648,#2649);
#2093=VERTEX_POINT('',#2650);
#2094=LINE('',#2651,#2652);
#2095=LINE('',#2653,#2654);
#2096=VERTEX_POINT('',#2655);
#2097=VERTEX_POINT('',#2656);
#2098=LINE('',#2657,#2658);
#2099=LINE('',#2659,#2660);
#2100=LINE('',#2661,#2662);
#2101=ELLIPSE('',#2663,0.000565685424949237,0.000400000000000006);
#2102=ELLIPSE('',#2664,0.000565685424949245,0.000400000000000006);
#2103=VERTEX_POINT('',#2665);
#2104=LINE('',#2666,#2667);
#2105=VERTEX_POINT('',#2668);
#2106=LINE('',#2669,#2670);
#2107=LINE('',#2671,#2672);
#2108=VERTEX_POINT('',#2673);
#2109=LINE('',#2674,#2675);
#2110=LINE('',#2676,#2677);
#2111=VERTEX_POINT('',#2678);
#2112=VERTEX_POINT('',#2679);
#2113=LINE('',#2680,#2681);
#2114=LINE('',#2682,#2683);
#2115=LINE('',#2684,#2685);
#2116=ELLIPSE('',#2686,0.000565685424949229,0.000399999999999998);
#2117=ELLIPSE('',#2687,0.000565685424949239,0.000399999999999998);
#2118=VERTEX_POINT('',#2688);
#2119=LINE('',#2689,#2690);
#2120=VERTEX_POINT('',#2691);
#2121=LINE('',#2692,#2693);
#2122=LINE('',#2694,#2695);
#2123=VERTEX_POINT('',#2696);
#2124=LINE('',#2697,#2698);
#2125=LINE('',#2699,#2700);
#2126=VERTEX_POINT('',#2701);
#2127=VERTEX_POINT('',#2702);
#2128=LINE('',#2703,#2704);
#2129=LINE('',#2705,#2706);
#2130=LINE('',#2707,#2708);
#2131=VERTEX_POINT('',#2709);
#2132=VERTEX_POINT('',#2710);
#2133=LINE('',#2711,#2712);
#2134=ELLIPSE('',#2713,0.000565685424949178,0.000400000000000007);
#2135=ELLIPSE('',#2714,0.000565685424949256,0.000400000000000007);
#2136=VERTEX_POINT('',#2715);
#2137=LINE('',#2716,#2717);
#2138=VERTEX_POINT('',#2718);
#2139=LINE('',#2719,#2720);
#2140=LINE('',#2721,#2722);
#2141=VERTEX_POINT('',#2723);
#2142=LINE('',#2724,#2725);
#2143=LINE('',#2726,#2727);
#2144=LINE('',#2728,#2729);
#2145=LINE('',#2730,#2731);
#2146=VERTEX_POINT('',#2732);
#2147=ELLIPSE('',#2733,0.000565685424949241,0.000399999999999999);
#2148=VERTEX_POINT('',#2734);
#2149=LINE('',#2735,#2736);
#2150=ELLIPSE('',#2737,0.000565685424949259,0.000399999999999999);
#2151=LINE('',#2738,#2739);
#2152=LINE('',#2740,#2741);
#2153=LINE('',#2742,#2743);
#2154=CIRCLE('',#2744,0.013);
#2155=VERTEX_POINT('',#2745);
#2156=CIRCLE('',#2746,0.001);
#2157=CIRCLE('',#2747,0.014);
#2158=VERTEX_POINT('',#2748);
#2159=CIRCLE('',#2749,0.001);
#2160=LINE('',#2750,#2751);
#2161=LINE('',#2752,#2753);
#2162=CIRCLE('',#2754,0.001);
#2163=CIRCLE('',#2755,0.00100000000000001);
#2164=LINE('',#2756,#2757);
#2165=CIRCLE('',#2758,0.000999999999999998);
#2166=LINE('',#2759,#2760);
#2167=LINE('',#2761,#2762);
#2168=LINE('',#2763,#2764);
#2169=VERTEX_POINT('',#2765);
#2170=LINE('',#2766,#2767);
#2171=VERTEX_POINT('',#2768);
#2172=CIRCLE('',#2769,0.002);
#2173=VERTEX_POINT('',#2770);
#2174=LINE('',#2771,#2772);
#2175=VERTEX_POINT('',#2773);
#2176=LINE('',#2774,#2775);
#2177=LINE('',#2776,#2777);
#2178=VERTEX_POINT('',#2778);
#2179=LINE('',#2779,#2780);
#2180=VERTEX_POINT('',#2781);
#2181=LINE('',#2782,#2783);
#2182=LINE('',#2784,#2785);
#2183=VERTEX_POINT('',#2786);
#2184=LINE('',#2787,#2788);
#2185=LINE('',#2789,#2790);
#2186=VERTEX_POINT('',#2791);
#2187=LINE('',#2792,#2793);
#2188=LINE('',#2794,#2795);
#2189=VERTEX_POINT('',#2796);
#2190=LINE('',#2797,#2798);
#2191=LINE('',#2799,#2800);
#2192=VERTEX_POINT('',#2801);
#2193=LINE('',#2802,#2803);
#2194=LINE('',#2804,#2805);
#2195=LINE('',#2806,#2807);
#2196=CIRCLE('',#2808,0.0051);
#2197=CIRCLE('',#2809,0.0045);
#2198=CIRCLE('',#2810,0.00380000000000001);
#2199=CIRCLE('',#2811,0.00379999999999999);
#2200=CIRCLE('',#2812,0.005);
#2201=VERTEX_POINT('',#2813);
#2202=LINE('',#2814,#2815);
#2203=CIRCLE('',#2816,0.005);
#2204=VERTEX_POINT('',#2817);
#2205=LINE('',#2818,#2819);
#2206=CIRCLE('',#2820,0.005);
#2207=VERTEX_POINT('',#2821);
#2208=LINE('',#2822,#2823);
#2209=CIRCLE('',#2824,0.005);
#2210=CIRCLE('',#2825,0.0038);
#2211=CIRCLE('',#2826,0.00380000000000001);
#2212=VERTEX_POINT('',#2827);
#2213=CIRCLE('',#2828,0.001);
#2214=VERTEX_POINT('',#2829);
#2215=CIRCLE('',#2830,0.004);
#2216=CIRCLE('',#2831,0.000999999999999999);
#2217=CIRCLE('',#2832,0.005);
#2218=LINE('',#2833,#2834);
#2219=LINE('',#2835,#2836);
#2220=CIRCLE('',#2837,0.00100000000000001);
#2221=VERTEX_POINT('',#2838);
#2222=CIRCLE('',#2839,0.001);
#2223=CIRCLE('',#2840,0.004);
#2224=CIRCLE('',#2841,0.005);
#2225=LINE('',#2842,#2843);
#2226=CIRCLE('',#2844,0.001);
#2227=VERTEX_POINT('',#2845);
#2228=CIRCLE('',#2846,0.001);
#2229=CIRCLE('',#2847,0.004);
#2230=CIRCLE('',#2848,0.005);
#2231=LINE('',#2849,#2850);
#2232=CIRCLE('',#2851,0.000999999999999989);
#2233=CIRCLE('',#2852,0.001);
#2234=CIRCLE('',#2853,0.004);
#2235=CIRCLE('',#2854,0.005);
#2236=CIRCLE('',#2855,0.001);
#2237=CIRCLE('',#2856,0.001);
#2238=CIRCLE('',#2857,0.001);
#2239=LINE('',#2858,#2859);
#2240=LINE('',#2860,#2861);
#2241=LINE('',#2862,#2863);
#2242=VERTEX_POINT('',#2864);
#2243=LINE('',#2865,#2866);
#2244=CIRCLE('',#2867,0.015);
#2245=CIRCLE('',#2868,0.00199999999999999);
#2246=CIRCLE('',#2869,0.002);
#2247=CIRCLE('',#2870,0.00200000000000001);
#2248=CIRCLE('',#2871,0.00200000000000001);
#2249=B_SPLINE_CURVE_WITH_KNOTS('',3,(#2872,#2873,#2874,#2875,#2876,#2877,#2878,#2879,#2880,#2881,#2882,#2883),.UNSPECIFIED.,.F.,.F.,(4,2,2,2,2,4),(-0.00155998093854678,-0.0011693365282742,-0.000778692067556689,-0.000388047509437644,-0.0,1.56961742666725E-05),.UNSPECIFIED.);
#2250=CARTESIAN_POINT('',(-0.000166554021319923,0.00679985073351828,0.168987219809865));
#2251=CARTESIAN_POINT('',(-0.000166620572315627,0.000299850733864382,0.168987211402519));
#2252=CARTESIAN_POINT('',(-0.000166587299533136,0.00354984226183471,0.168987215606181));
#2253=VECTOR('',#2884,1.0);
#2254=CARTESIAN_POINT('',(0.0138334324756815,0.00679968931007014,0.182967775961502));
#2255=AXIS2_PLACEMENT_3D('',#2885,#2886,#2887);
#2256=CARTESIAN_POINT('',(0.0138333659246858,0.00029968931041624,0.182967767554156));
#2257=CARTESIAN_POINT('',(0.0138334898119239,0.0123996893095536,0.182967783204753));
#2258=VECTOR('',#2888,0.999999999999999);
#2259=AXIS2_PLACEMENT_3D('',#2889,#2890,#2891);
#2260=CARTESIAN_POINT('',(-0.000166543782705199,0.00779985202690286,0.167987221103304));
#2261=AXIS2_PLACEMENT_3D('',#2892,#2893,#2894);
#2262=CARTESIAN_POINT('',(-0.0141665540205861,0.00679997596599474,0.182987219812668));
#2263=AXIS2_PLACEMENT_3D('',#2895,#2896,#2897);
#2264=CARTESIAN_POINT('',(-0.0144594399995903,0.00750708574596446,0.182987220727325));
#2265=AXIS2_PLACEMENT_3D('',#2898,#2899,#2900);
#2266=CARTESIAN_POINT('',(-0.015166543781919,0.00779998620455622,0.182987221106306));
#2267=AXIS2_PLACEMENT_3D('',#2901,#2902,#2903);
#2268=AXIS2_PLACEMENT_3D('',#2904,#2905,#2906);
#2269=CARTESIAN_POINT('',(-0.0231665437800051,0.00780005781761532,0.190947293410441));
#2270=CARTESIAN_POINT('',(-0.0231665376368363,0.00840005781758337,0.190947294186504));
#2271=CARTESIAN_POINT('',(-0.0231665407084207,0.00810005781759934,0.190947293798472));
#2272=VECTOR('',#2907,1.0);
#2273=CARTESIAN_POINT('',(-0.0191665437802148,0.00780001686315642,0.190947293410441));
#2274=AXIS2_PLACEMENT_3D('',#2908,#2909,#2910);
#2275=CARTESIAN_POINT('',(-0.0191665376370459,0.00840001686312447,0.190947294186504));
#2276=CARTESIAN_POINT('',(-0.0191665407086304,0.00810001686314045,0.190947293798472));
#2277=VECTOR('',#2911,1.0);
#2278=AXIS2_PLACEMENT_3D('',#2912,#2913,#2914);
#2279=CARTESIAN_POINT('',(-0.0173665192076338,0.0101999984335221,0.190947296514692));
#2280=CARTESIAN_POINT('',(-0.0173665192076338,0.0101999984335221,0.190947296514692));
#2281=VECTOR('',#2915,1.0);
#2282=AXIS2_PLACEMENT_3D('',#2916,#2917,#2918);
#2283=CARTESIAN_POINT('',(-0.0249665192072354,0.010200076246994,0.190947296514692));
#2284=CARTESIAN_POINT('',(-0.0249665192072354,0.010200076246994,0.190947296514692));
#2285=VECTOR('',#2919,1.0);
#2286=AXIS2_PLACEMENT_3D('',#2920,#2921,#2922);
#2287=CARTESIAN_POINT('',(0.0125863531600972,0.007799718272947,0.170447298706367));
#2288=CARTESIAN_POINT('',(0.0125863593032661,0.00839971827291506,0.17044729948243));
#2289=CARTESIAN_POINT('',(0.0125863562316816,0.00809971827293103,0.170447299094398));
#2290=VECTOR('',#2923,1.0);
#2291=CARTESIAN_POINT('',(0.0165863531598876,0.00779967731848811,0.170447298706367));
#2292=AXIS2_PLACEMENT_3D('',#2924,#2925,#2926);
#2293=CARTESIAN_POINT('',(0.0165863593030564,0.00839967731845616,0.17044729948243));
#2294=CARTESIAN_POINT('',(0.016586356231472,0.00809967731847214,0.170447299094398));
#2295=VECTOR('',#2927,1.0);
#2296=AXIS2_PLACEMENT_3D('',#2928,#2929,#2930);
#2297=CARTESIAN_POINT('',(0.0183863777324685,0.0101996588888538,0.170447301810618));
#2298=CARTESIAN_POINT('',(0.0183863777324685,0.0101996588888538,0.170447301810618));
#2299=VECTOR('',#2931,1.0);
#2300=AXIS2_PLACEMENT_3D('',#2932,#2933,#2934);
#2301=CARTESIAN_POINT('',(0.0107863777328669,0.0101997367023257,0.170447301810618));
#2302=CARTESIAN_POINT('',(0.0107863777328669,0.0101997367023257,0.170447301810618));
#2303=VECTOR('',#2935,1.0);
#2304=AXIS2_PLACEMENT_3D('',#2936,#2937,#2938);
#2305=CARTESIAN_POINT('',(0.0188334427155323,0.00779962779593518,0.190947293401999));
#2306=CARTESIAN_POINT('',(0.0188334488587012,0.00839962779590323,0.190947294178062));
#2307=CARTESIAN_POINT('',(0.0188334457871168,0.0080996277959192,0.190947293790031));
#2308=VECTOR('',#2939,1.0);
#2309=CARTESIAN_POINT('',(0.0228334427153227,0.00779958684147628,0.190947293401999));
#2310=AXIS2_PLACEMENT_3D('',#2940,#2941,#2942);
#2311=CARTESIAN_POINT('',(0.0228334488584915,0.00839958684144433,0.190947294178062));
#2312=CARTESIAN_POINT('',(0.0228334457869071,0.00809958684146031,0.190947293790031));
#2313=VECTOR('',#2943,1.0);
#2314=AXIS2_PLACEMENT_3D('',#2944,#2945,#2946);
#2315=CARTESIAN_POINT('',(0.0246334672879037,0.010199568411842,0.19094729650625));
#2316=CARTESIAN_POINT('',(0.0246334672879037,0.010199568411842,0.19094729650625));
#2317=VECTOR('',#2947,1.0);
#2318=AXIS2_PLACEMENT_3D('',#2948,#2949,#2950);
#2319=CARTESIAN_POINT('',(0.017033467288302,0.0101996462253139,0.19094729650625));
#2320=CARTESIAN_POINT('',(0.017033467288302,0.0101996462253139,0.19094729650625));
#2321=VECTOR('',#2951,1.0);
#2322=AXIS2_PLACEMENT_3D('',#2952,#2953,#2954);
#2323=CARTESIAN_POINT('',(-0.0169183104763986,0.00780002035983054,0.170447298712297));
#2324=CARTESIAN_POINT('',(-0.0169183043332298,0.00840002035979859,0.17044729948836));
#2325=CARTESIAN_POINT('',(-0.0169183074048142,0.00810002035981457,0.170447299100329));
#2326=VECTOR('',#2955,1.0);
#2327=CARTESIAN_POINT('',(-0.0129183104766083,0.00779997940537164,0.170447298712297));
#2328=AXIS2_PLACEMENT_3D('',#2956,#2957,#2958);
#2329=CARTESIAN_POINT('',(-0.0129183043334394,0.0083999794053397,0.17044729948836));
#2330=CARTESIAN_POINT('',(-0.0129183074050239,0.00809997940535567,0.170447299100329));
#2331=VECTOR('',#2959,1.0);
#2332=AXIS2_PLACEMENT_3D('',#2960,#2961,#2962);
#2333=CARTESIAN_POINT('',(-0.0111182859040273,0.0101999609757373,0.170447301816548));
#2334=CARTESIAN_POINT('',(-0.0111182859040273,0.0101999609757373,0.170447301816548));
#2335=VECTOR('',#2963,1.0);
#2336=AXIS2_PLACEMENT_3D('',#2964,#2965,#2966);
#2337=CARTESIAN_POINT('',(-0.018718285903629,0.0102000387892092,0.170447301816548));
#2338=CARTESIAN_POINT('',(-0.018718285903629,0.0102000387892092,0.170447301816548));
#2339=VECTOR('',#2967,1.0);
#2340=AXIS2_PLACEMENT_3D('',#2968,#2969,#2970);
#2341=CARTESIAN_POINT('',(0.0284815850890843,0.0087995227160712,0.195815176875651));
#2342=CARTESIAN_POINT('',(0.0284815994231449,0.0101995227159967,0.195815178686464));
#2343=CARTESIAN_POINT('',(0.0284815922561012,0.00949952140663892,0.195815177781056));
#2344=VECTOR('',#2971,1.0);
#2345=CARTESIAN_POINT('',(0.0290842879706777,0.00879952246656489,0.19123719397715));
#2346=AXIS2_PLACEMENT_3D('',#2972,#2973,#2974);
#2347=CARTESIAN_POINT('',(0.0290843023047383,0.0101995224664903,0.191237195787963));
#2348=CARTESIAN_POINT('',(0.0290842367776041,0.00379952246698822,0.191237187509961));
#2349=VECTOR('',#2975,1.0);
#2350=AXIS2_PLACEMENT_3D('',#2976,#2977,#2978);
#2351=CARTESIAN_POINT('',(0.0141263329368982,0.0075067750107631,0.196947293024503));
#2352=CARTESIAN_POINT('',(0.0141263329342735,0.00750679309265992,0.182967574536946));
#2353=CARTESIAN_POINT('',(0.0141263329355858,0.00750678405202157,0.189957194065495));
#2354=VECTOR('',#2979,1.0);
#2355=CARTESIAN_POINT('',(0.0138334324783062,0.00679967122843503,0.196947292109963));
#2356=AXIS2_PLACEMENT_3D('',#2980,#2981,#2982);
#2357=CARTESIAN_POINT('',(0.0138334324756243,0.00679968970397173,0.182663237476553));
#2358=VECTOR('',#2983,1.0);
#2359=CARTESIAN_POINT('',(0.0138334324756815,0.00679968931007014,0.182967775961502));
#2360=CARTESIAN_POINT('',(0.0138334338089006,0.00692990410513178,0.182967776129927));
#2361=CARTESIAN_POINT('',(0.0138588689685934,0.00705887371356077,0.182967758612782));
#2362=CARTESIAN_POINT('',(0.0139577436062184,0.00729980395606969,0.1829676904481));
#2363=CARTESIAN_POINT('',(0.014030237793754,0.0074094611609498,0.182967640464259));
#2364=CARTESIAN_POINT('',(0.0142131789553534,0.00759481520635639,0.182967514954696));
#2365=CARTESIAN_POINT('',(0.0143218769212728,0.00766873995246193,0.182967440644579));
#2366=CARTESIAN_POINT('',(0.0145606945390216,0.00777042374360069,0.182967278425475));
#2367=CARTESIAN_POINT('',(0.0146884140386559,0.0077975271834651,0.182967192150042));
#2368=CARTESIAN_POINT('',(0.0148229786800065,0.00779963811777786,0.182967101828586));
#2369=CARTESIAN_POINT('',(0.0148282106567377,0.00779967912584744,0.182967098172895));
#2370=CARTESIAN_POINT('',(0.0148334427136489,0.00779967907228506,0.182967094662804));
#2371=CARTESIAN_POINT('',(-0.0144594399969692,0.00750706768947876,0.196947293030249));
#2372=CARTESIAN_POINT('',(-0.0144594399982798,0.00750707671772161,0.189967256878787));
#2373=VECTOR('',#2984,1.0);
#2374=CARTESIAN_POINT('',(-0.0151665437792979,0.00779996814807052,0.19694729340923));
#2375=AXIS2_PLACEMENT_3D('',#2985,#2986,#2987);
#2376=CARTESIAN_POINT('',(-0.0151665437812794,0.00779998179870104,0.186393534928781));
#2377=VECTOR('',#2988,1.0);
#2378=CARTESIAN_POINT('',(-0.028813521918237,0.00880010933859742,0.195815176887167));
#2379=CARTESIAN_POINT('',(-0.0288135075841763,0.0102001093385229,0.19581517869798));
#2380=CARTESIAN_POINT('',(-0.0288135147512159,0.00950010843604619,0.195815177792572));
#2381=VECTOR('',#2989,1.0);
#2382=CARTESIAN_POINT('',(-0.0247177616966063,0.00880006464592466,0.197947294704587));
#2383=AXIS2_PLACEMENT_3D('',#2990,#2991,#2992);
#2384=CARTESIAN_POINT('',(-0.0247177473625457,0.0102000646458501,0.1979472965154));
#2385=CARTESIAN_POINT('',(-0.02471781288968,0.00380006464634799,0.197947288237398));
#2386=VECTOR('',#2993,1.0);
#2387=AXIS2_PLACEMENT_3D('',#2994,#2995,#2996);
#2388=CARTESIAN_POINT('',(-0.0190323453096926,0.00880004859571935,0.165351539785121));
#2389=CARTESIAN_POINT('',(-0.019032330975632,0.0102000485956448,0.165351541595934));
#2390=CARTESIAN_POINT('',(-0.0190323381426623,0.00950004859568208,0.165351540690528));
#2391=VECTOR('',#2997,1.0);
#2392=CARTESIAN_POINT('',(-0.0208629262313231,0.00880006425262986,0.167737199290304));
#2393=AXIS2_PLACEMENT_3D('',#2998,#2999,#3000);
#2394=CARTESIAN_POINT('',(-0.0208629118972624,0.0102000642525553,0.167737201101117));
#2395=CARTESIAN_POINT('',(-0.0208629067779551,0.0107000642525287,0.167737201747836));
#2396=VECTOR('',#3001,1.0);
#2397=AXIS2_PLACEMENT_3D('',#3002,#3003,#3004);
#2398=CARTESIAN_POINT('',(0.0187004084691005,0.00879966226459093,0.165351539777537));
#2399=CARTESIAN_POINT('',(0.0187004228031611,0.0101996622645164,0.16535154158835));
#2400=CARTESIAN_POINT('',(0.0187004156361308,0.00949966226455366,0.165351540682944));
#2401=VECTOR('',#3005,1.0);
#2402=CARTESIAN_POINT('',(0.0158325262873258,0.00879969279730961,0.164447299999559));
#2403=AXIS2_PLACEMENT_3D('',#3006,#3007,#3008);
#2404=CARTESIAN_POINT('',(0.0158325406213864,0.0101996927972351,0.164447301810372));
#2405=CARTESIAN_POINT('',(0.0158325457406937,0.0106996927972084,0.164447302457091));
#2406=VECTOR('',#3009,1.0);
#2407=AXIS2_PLACEMENT_3D('',#3010,#3011,#3012);
#2408=CARTESIAN_POINT('',(0.0135404727086452,0.000299673313003291,0.197654390483862));
#2409=CARTESIAN_POINT('',(0.0135405392596409,0.00679967331265719,0.197654398891208));
#2410=CARTESIAN_POINT('',(0.0135404819233985,0.00119967331311246,0.197654391647956));
#2411=VECTOR('',#3013,1.0);
#2412=CARTESIAN_POINT('',(0.0138333659273105,0.000299671228781133,0.196947283702617));
#2413=AXIS2_PLACEMENT_3D('',#3014,#3015,#3016);
#2414=CARTESIAN_POINT('',(0.0138333751420638,0.0011996712288903,0.196947284866711));
#2415=VECTOR('',#3017,1.0);
#2416=AXIS2_PLACEMENT_3D('',#3018,#3019,#3020);
#2417=CARTESIAN_POINT('',(0.0148334457158221,0.00809255329396624,0.197654400563225));
#2418=CARTESIAN_POINT('',(0.0243858176284054,0.00809245549091052,0.197654400561305));
#2419=CARTESIAN_POINT('',(0.0196096316721138,0.00809250439243838,0.197654400562265));
#2420=VECTOR('',#3021,1.0);
#2421=CARTESIAN_POINT('',(0.0148334427168685,0.00779966098976706,0.1969472934032));
#2422=AXIS2_PLACEMENT_3D('',#3022,#3023,#3024);
#2423=CARTESIAN_POINT('',(0.0243858146294518,0.00779956318671134,0.19694729340128));
#2424=CARTESIAN_POINT('',(0.026183012752779,0.00779954478589218,0.196947293400919));
#2425=VECTOR('',#3025,1.0);
#2426=AXIS2_PLACEMENT_3D('',#3026,#3027,#3028);
#2427=CARTESIAN_POINT('',(0.0288090511345198,0.00809241837381517,0.191337368443284));
#2428=CARTESIAN_POINT('',(0.0202557525554688,0.00809253634352616,0.167837373748118));
#2429=CARTESIAN_POINT('',(0.0217827974026532,0.0080925152820564,0.172032894981997));
#2430=VECTOR('',#3029,1.0);
#2431=CARTESIAN_POINT('',(0.0281445851113906,0.00779953164538705,0.191579212827226));
#2432=AXIS2_PLACEMENT_3D('',#3030,#3031,#3032);
#2433=CARTESIAN_POINT('',(0.0195912865323396,0.00779964961509804,0.16807921813206));
#2434=CARTESIAN_POINT('',(0.0211183313795239,0.00779962855362829,0.172274739365939));
#2435=VECTOR('',#3033,1.0);
#2436=AXIS2_PLACEMENT_3D('',#3034,#3035,#3036);
#2437=CARTESIAN_POINT('',(0.0158325190475869,0.00809258563732155,0.164740192303774));
#2438=CARTESIAN_POINT('',(-0.0161644703679964,0.0080929132421685,0.164740192310205));
#2439=CARTESIAN_POINT('',(-0.000279575607912465,0.00809275060285113,0.164740192307012));
#2440=VECTOR('',#3037,1.0);
#2441=CARTESIAN_POINT('',(0.0158325160488988,0.00779969150392502,0.165447298706121));
#2442=AXIS2_PLACEMENT_3D('',#3038,#3039,#3040);
#2443=CARTESIAN_POINT('',(-0.0161644733666844,0.00780001910877197,0.165447298712552));
#2444=CARTESIAN_POINT('',(-0.000279578606600524,0.00779985646945459,0.165447298709359));
#2445=VECTOR('',#3041,1.0);
#2446=AXIS2_PLACEMENT_3D('',#3042,#3043,#3044);
#2447=CARTESIAN_POINT('',(-0.0141665540179388,0.00679996302881641,0.196947292115598));
#2448=CARTESIAN_POINT('',(-0.0138736607990342,0.00679995399608956,0.197654398896718));
#2449=AXIS2_PLACEMENT_3D('',#3045,#3046,#3047);
#2450=CARTESIAN_POINT('',(-0.0131665540177773,0.00679995661607121,0.197947292115403));
#2451=AXIS2_PLACEMENT_3D('',#3048,#3049,#3050);
#2452=CARTESIAN_POINT('',(-0.0151665335404954,0.00879996685457943,0.197947294702667));
#2453=AXIS2_PLACEMENT_3D('',#3051,#3052,#3053);
#2454=CARTESIAN_POINT('',(-0.0151665407803443,0.0080928604522697,0.197654400569255));
#2455=AXIS2_PLACEMENT_3D('',#3054,#3055,#3056);
#2456=AXIS2_PLACEMENT_3D('',#3057,#3058,#3059);
#2457=AXIS2_PLACEMENT_3D('',#3060,#3061,#3062);
#2458=CARTESIAN_POINT('',(-0.0205877038747153,0.00809295452394054,0.167837373756328));
#2459=CARTESIAN_POINT('',(-0.0291410024449418,0.008093011702087,0.191337368454932));
#2460=CARTESIAN_POINT('',(-0.0221572818344246,0.0080929650164491,0.172149753761465));
#2461=VECTOR('',#3063,1.0);
#2462=CARTESIAN_POINT('',(-0.0199232438491369,0.00780005418915062,0.168079218140003));
#2463=AXIS2_PLACEMENT_3D('',#3064,#3065,#3066);
#2464=CARTESIAN_POINT('',(-0.0284765424193633,0.00780011136729707,0.191579212838607));
#2465=CARTESIAN_POINT('',(-0.0214928218088462,0.00780006468165918,0.17239159814514));
#2466=VECTOR('',#3067,1.0);
#2467=AXIS2_PLACEMENT_3D('',#3068,#3069,#3070);
#2468=CARTESIAN_POINT('',(-0.0247177689364552,0.00809295824361493,0.197654400571175));
#2469=CARTESIAN_POINT('',(-0.0199421548583998,0.00809290934794231,0.197654400570215));
#2470=VECTOR('',#3071,1.0);
#2471=CARTESIAN_POINT('',(0.0261830229915815,0.00879954349240109,0.197947294694356));
#2472=VECTOR('',#3072,1.0);
#2473=AXIS2_PLACEMENT_3D('',#3073,#3074,#3075);
#2474=CARTESIAN_POINT('',(-0.00466600727905784,0.0101998786936487,0.182987288879434));
#2475=CARTESIAN_POINT('',(-0.00466604107426238,0.00689911922021445,0.182987284610107));
#2476=CARTESIAN_POINT('',(-0.00466602417666011,0.00854949895693158,0.18298728674477));
#2477=VECTOR('',#3076,1.0);
#2478=CARTESIAN_POINT('',(0.00433399272047043,0.0101997865461162,0.182987288879434));
#2479=AXIS2_PLACEMENT_3D('',#3077,#3078,#3079);
#2480=CARTESIAN_POINT('',(0.00433395892526589,0.00689902707268193,0.182987284610107));
#2481=CARTESIAN_POINT('',(0.00433397582286816,0.00854940680939907,0.18298728674477));
#2482=VECTOR('',#3080,1.0);
#2483=AXIS2_PLACEMENT_3D('',#3081,#3082,#3083);
#2484=CARTESIAN_POINT('',(0.0049339527820656,0.00629902092954505,0.182987283834044));
#2485=CARTESIAN_POINT('',(0.0049339527820656,0.00629902092954505,0.182987283834044));
#2486=VECTOR('',#3084,1.0);
#2487=AXIS2_PLACEMENT_3D('',#3085,#3086,#3087);
#2488=CARTESIAN_POINT('',(-0.00526604721739977,0.00629912536341523,0.182987283834044));
#2489=CARTESIAN_POINT('',(-0.00526604721739977,0.00629912536341523,0.182987283834044));
#2490=VECTOR('',#3088,1.0);
#2491=AXIS2_PLACEMENT_3D('',#3089,#3090,#3091);
#2492=CARTESIAN_POINT('',(-0.0138737273500299,0.000299953996435658,0.197654390489372));
#2493=CARTESIAN_POINT('',(-0.013873694074532,0.00354995399626261,0.197654394693045));
#2494=VECTOR('',#3092,1.0);
#2495=CARTESIAN_POINT('',(-0.0131666205688254,0.000299946377802587,0.197947283708043));
#2496=AXIS2_PLACEMENT_3D('',#3093,#3094,#3095);
#2497=CARTESIAN_POINT('',(-0.0131666430937778,-0.00190005362192317,0.19794728086248));
#2498=VECTOR('',#3096,1.0);
#2499=CARTESIAN_POINT('',(0.0128333556887482,-0.000700318532550892,0.19694728240938));
#2500=AXIS2_PLACEMENT_3D('',#3097,#3098,#3099);
#2501=CARTESIAN_POINT('',(0.0135404654687185,-0.00040743255354694,0.196947282788077));
#2502=AXIS2_PLACEMENT_3D('',#3100,#3101,#3102);
#2503=AXIS2_PLACEMENT_3D('',#3103,#3104,#3105);
#2504=CARTESIAN_POINT('',(0.0135404654660938,-0.0004074144721763,0.182967971106583));
#2505=CARTESIAN_POINT('',(0.0135404654674062,-0.000407423512729808,0.18995752504084));
#2506=VECTOR('',#3106,1.0);
#2507=CARTESIAN_POINT('',(0.0138333659246858,0.000299689310416237,0.182967767554159));
#2508=CARTESIAN_POINT('',(0.0138333645914667,0.000169474515371625,0.182967767385763));
#2509=CARTESIAN_POINT('',(0.0138079294317535,4.05049068748237E-05,0.182967784858294));
#2510=CARTESIAN_POINT('',(0.0137090547943656,-0.000200425335054358,0.182967853390195));
#2511=CARTESIAN_POINT('',(0.0136365606073434,-0.00031008253926006,0.182967903804362));
#2512=CARTESIAN_POINT('',(0.0134536194475838,-0.000495436583735204,0.182968031930395));
#2513=CARTESIAN_POINT('',(0.0133449214832891,-0.000569361329154078,0.182968108433003));
#2514=CARTESIAN_POINT('',(0.0131063382052333,-0.000670945345198674,0.182968277699344));
#2515=CARTESIAN_POINT('',(0.0129788850992256,-0.000698042677065212,0.182968368741731));
#2516=CARTESIAN_POINT('',(0.0128443244221875,-0.000700255445928491,0.18296846564516));
#2517=CARTESIAN_POINT('',(0.0128388401006883,-0.000700300507978363,0.182968469596362));
#2518=CARTESIAN_POINT('',(0.0128333556861153,-0.000700300451830621,0.182968473548637));
#2519=CARTESIAN_POINT('',(0.0138333659293105,0.000299657450854795,0.207599458831348));
#2520=VECTOR('',#3107,1.0);
#2521=CARTESIAN_POINT('',(-0.0131666308076279,-0.000700052328706327,0.196947282414606));
#2522=AXIS2_PLACEMENT_3D('',#3108,#3109,#3110);
#2523=CARTESIAN_POINT('',(-0.0131666278086743,-0.00040716002450713,0.197654389574632));
#2524=AXIS2_PLACEMENT_3D('',#3111,#3112,#3113);
#2525=AXIS2_PLACEMENT_3D('',#3114,#3115,#3116);
#2526=CARTESIAN_POINT('',(0.0128333586877018,-0.000407426228351707,0.197654389569406));
#2527=CARTESIAN_POINT('',(-0.000166634560486246,-0.000407293126429426,0.197654389572019));
#2528=VECTOR('',#3117,1.0);
#2529=CARTESIAN_POINT('',(0.0128333659275507,0.000299680173958022,0.197947283702817));
#2530=AXIS2_PLACEMENT_3D('',#3118,#3119,#3120);
#2531=CARTESIAN_POINT('',(0.0307199593399813,0.000299497040019346,0.197947283699222));
#2532=VECTOR('',#3121,1.0);
#2533=CARTESIAN_POINT('',(-0.0138737345925776,-0.000407133813628872,0.182987210490664));
#2534=CARTESIAN_POINT('',(-0.0138737345899565,-0.000407151870114573,0.196947282793588));
#2535=CARTESIAN_POINT('',(-0.0138737345912671,-0.000407142841871723,0.189967246642126));
#2536=VECTOR('',#3122,1.0);
#2537=CARTESIAN_POINT('',(-0.013166630810249,-0.000700034272220628,0.182987210111683));
#2538=AXIS2_PLACEMENT_3D('',#3123,#3124,#3125);
#2539=CARTESIAN_POINT('',(-0.0131666308049275,-0.000700070931538848,0.211329753696299));
#2540=VECTOR('',#3126,0.999999999999999);
#2541=AXIS2_PLACEMENT_3D('',#3127,#3128,#3129);
#2542=CARTESIAN_POINT('',(-0.00016663081093035,-0.000700150559520199,0.169987210109081));
#2543=AXIS2_PLACEMENT_3D('',#3130,#3131,#3132);
#2544=CARTESIAN_POINT('',(0.0128333556861153,-0.000700300451830621,0.182968473548637));
#2545=CARTESIAN_POINT('',(0.0138333659246858,0.000299689310416237,0.182967767554159));
#2546=CARTESIAN_POINT('',(0.0138333645914667,0.000169474515371625,0.182967767385763));
#2547=CARTESIAN_POINT('',(0.0138079294317535,4.05049068748237E-05,0.182967784858294));
#2548=CARTESIAN_POINT('',(0.0137090547943656,-0.000200425335054358,0.182967853390195));
#2549=CARTESIAN_POINT('',(0.0136365606073434,-0.00031008253926006,0.182967903804362));
#2550=CARTESIAN_POINT('',(0.0134536194475838,-0.000495436583735204,0.182968031930395));
#2551=CARTESIAN_POINT('',(0.0133449214832891,-0.000569361329154078,0.182968108433003));
#2552=CARTESIAN_POINT('',(0.0131063382052333,-0.000670945345198674,0.182968277699344));
#2553=CARTESIAN_POINT('',(0.0129788850992256,-0.000698042677065212,0.182968368741731));
#2554=CARTESIAN_POINT('',(0.0128443244221875,-0.000700255445928491,0.18296846564516));
#2555=CARTESIAN_POINT('',(0.0128388401006883,-0.000700300507978363,0.182968469596362));
#2556=CARTESIAN_POINT('',(0.0128333556861153,-0.000700300451830621,0.182968473548637));
#2557=AXIS2_PLACEMENT_3D('',#3133,#3134,#3135);
#2558=CARTESIAN_POINT('',(-0.00561172333649686,0.00584553469875733,0.186362283248401));
#2559=CARTESIAN_POINT('',(-0.00561177773890613,0.000532080610277159,0.186362276375778));
#2560=CARTESIAN_POINT('',(-0.00561177923794336,0.000385670448811375,0.186362276186406));
#2561=VECTOR('',#3136,1.0);
#2562=CARTESIAN_POINT('',(-0.00566531467397995,0.00569912482728969,0.186562283058958));
#2563=AXIS2_PLACEMENT_3D('',#3137,#3138,#3139);
#2564=CARTESIAN_POINT('',(-0.00566536907638923,0.000385670738809529,0.186562276186336));
#2565=CARTESIAN_POINT('',(-0.00566536907638923,0.000385670738809516,0.186562276186336));
#2566=VECTOR('',#3140,0.999999999999999);
#2567=AXIS2_PLACEMENT_3D('',#3141,#3142,#3143);
#2568=CARTESIAN_POINT('',(0.00527956521175758,0.000531969098093281,0.186362276373428));
#2569=CARTESIAN_POINT('',(0.00527961961416685,0.00584542318657341,0.186362283246051));
#2570=CARTESIAN_POINT('',(0.00527956371272035,0.000385558936547113,0.186362276184056));
#2571=VECTOR('',#3144,1.0);
#2572=CARTESIAN_POINT('',(0.00533315355124131,0.000385558129173827,0.186562276184125));
#2573=AXIS2_PLACEMENT_3D('',#3145,#3146,#3147);
#2574=CARTESIAN_POINT('',(0.00533320795365059,0.00569901221765397,0.186562283056748));
#2575=CARTESIAN_POINT('',(0.00533315355124132,0.000385558129173836,0.186562276184125));
#2576=VECTOR('',#3148,0.999999999999999);
#2577=AXIS2_PLACEMENT_3D('',#3149,#3150,#3151);
#2578=CARTESIAN_POINT('',(0.0052795652103456,0.000531977828718264,0.179612276373434));
#2579=CARTESIAN_POINT('',(0.00527961961275487,0.00584543191719844,0.179612283246056));
#2580=CARTESIAN_POINT('',(0.00527956371130836,0.000385567667252485,0.179612276184061));
#2581=VECTOR('',#3152,1.0);
#2582=CARTESIAN_POINT('',(0.00567956371136249,0.00038556305443146,0.180012276184061));
#2583=AXIS2_PLACEMENT_3D('',#3153,#3154,#3155);
#2584=CARTESIAN_POINT('',(0.00567961811377179,0.00569901714291161,0.180012283056683));
#2585=CARTESIAN_POINT('',(0.00567956371136249,0.00038556305443146,0.180012276184061));
#2586=VECTOR('',#3156,0.999999999999999);
#2587=AXIS2_PLACEMENT_3D('',#3157,#3158,#3159);
#2588=CARTESIAN_POINT('',(-0.00561172333761953,0.00584554342954314,0.179612283248406));
#2589=CARTESIAN_POINT('',(-0.00561177774002879,0.000532089341063006,0.179612276375784));
#2590=CARTESIAN_POINT('',(-0.00561177923906603,0.000385679179516817,0.179612276186411));
#2591=VECTOR('',#3160,1.0);
#2592=CARTESIAN_POINT('',(-0.00601172483656069,0.00569913684606769,0.180012283059033));
#2593=AXIS2_PLACEMENT_3D('',#3161,#3162,#3163);
#2594=CARTESIAN_POINT('',(-0.00601177923897,0.000385682757587543,0.180012276186411));
#2595=CARTESIAN_POINT('',(-0.00601177923897,0.000385682757587571,0.180012276186411));
#2596=VECTOR('',#3164,0.999999999999999);
#2597=AXIS2_PLACEMENT_3D('',#3165,#3166,#3167);
#2598=CARTESIAN_POINT('',(-0.000512517925970624,0.000385631076809887,0.176437276185183));
#2599=CARTESIAN_POINT('',(-0.000512463523561344,0.00569908516529009,0.176437283057806));
#2600=CARTESIAN_POINT('',(-0.000512490724587588,0.00304237554582638,0.176437279621517));
#2601=VECTOR('',#3168,0.999999999999999);
#2602=CARTESIAN_POINT('',(-0.0039476976249149,0.00569912033732854,0.176437283058496));
#2603=CARTESIAN_POINT('',(-0.0467432533844572,0.00569955850453586,0.176437283067098));
#2604=VECTOR('',#3169,1.0);
#2605=CARTESIAN_POINT('',(-0.00394775202732417,0.000385666248848339,0.176437276185874));
#2606=CARTESIAN_POINT('',(-0.00394778362917637,-0.00270086967975989,0.176437272193631));
#2607=VECTOR('',#3170,1.0);
#2608=CARTESIAN_POINT('',(0.00854439223629407,0.000385538346596147,0.176437276183363));
#2609=VECTOR('',#3171,1.0);
#2610=CARTESIAN_POINT('',(0.0001803567994299,0.00569907807176973,0.176437283057667));
#2611=CARTESIAN_POINT('',(0.000180302397020643,0.000385623983289528,0.176437276185044));
#2612=CARTESIAN_POINT('',(0.000180329598403679,0.00304236845230602,0.176437279621378));
#2613=VECTOR('',#3172,0.999999999999999);
#2614=AXIS2_PLACEMENT_3D('',#3173,#3174,#3175);
#2615=AXIS2_PLACEMENT_3D('',#3176,#3177,#3178);
#2616=CARTESIAN_POINT('',(0.00361553649837418,0.000385588811251128,0.176437276184354));
#2617=CARTESIAN_POINT('',(0.00854439223629407,0.000385538346596147,0.176437276183363));
#2618=VECTOR('',#3179,1.0);
#2619=CARTESIAN_POINT('',(0.00361559090078345,0.00569904289973128,0.176437283056976));
#2620=CARTESIAN_POINT('',(0.00361550489652197,-0.00270094711735716,0.176437272192111));
#2621=VECTOR('',#3180,0.999999999999999);
#2622=CARTESIAN_POINT('',(-0.0467432533844572,0.00569955850453586,0.176437283067098));
#2623=VECTOR('',#3181,1.0);
#2624=CARTESIAN_POINT('',(-0.00457464223649056,-0.000700112365949931,0.175351488343976));
#2625=CARTESIAN_POINT('',(-0.00168762101391232,0.00430023037048044,0.180351873574021));
#2626=VECTOR('',#3182,1.0);
#2627=CARTESIAN_POINT('',(0.00424240447323483,-0.000700202640294195,0.175351488342204));
#2628=CARTESIAN_POINT('',(0.00854438111971904,-0.000700246686575628,0.17535148834134));
#2629=VECTOR('',#3183,0.999999999999999);
#2630=CARTESIAN_POINT('',(0.00228873695293172,0.00268372440300152,0.178735404136624));
#2631=VECTOR('',#3184,1.0);
#2632=CARTESIAN_POINT('',(-0.00772934188682359,0.00569915058410935,0.182987283059501));
#2633=CARTESIAN_POINT('',(-0.0916046341019256,0.00569982144509031,0.328263550747342));
#2634=VECTOR('',#3185,1.0);
#2635=CARTESIAN_POINT('',(-0.00772939628923286,0.000385696495629195,0.182987276186879));
#2636=CARTESIAN_POINT('',(-0.00772942789101511,-0.00270083260075147,0.182987272194645));
#2637=VECTOR('',#3186,1.0);
#2638=CARTESIAN_POINT('',(-0.0154029536965497,0.000385757871156064,0.196278267497698));
#2639=VECTOR('',#3187,1.0);
#2640=CARTESIAN_POINT('',(-0.00566536907758702,0.000385679986890064,0.179412276186342));
#2641=AXIS2_PLACEMENT_3D('',#3188,#3189,#3190);
#2642=CARTESIAN_POINT('',(-0.00566531467517772,0.00569913407537021,0.179412283058964));
#2643=CARTESIAN_POINT('',(-0.00566536907758702,0.000385679986890094,0.179412276186342));
#2644=VECTOR('',#3191,0.999999999999999);
#2645=AXIS2_PLACEMENT_3D('',#3192,#3193,#3194);
#2646=CARTESIAN_POINT('',(-0.0154029536965497,0.000385757871156064,0.196278267497698));
#2647=VECTOR('',#3195,1.0);
#2648=CARTESIAN_POINT('',(-0.0916046341019256,0.00569982144509031,0.328263550747342));
#2649=VECTOR('',#3196,1.0);
#2650=CARTESIAN_POINT('',(-0.00898316559020882,-0.000700077105192876,0.182987274782734));
#2651=CARTESIAN_POINT('',(-0.00656406253144446,0.00139488425398994,0.182987277491982));
#2652=VECTOR('',#3197,1.0);
#2653=CARTESIAN_POINT('',(-0.0163432834516209,-0.000700018236654144,0.195735372874677));
#2654=VECTOR('',#3198,1.0);
#2655=CARTESIAN_POINT('',(0.00533315354975422,0.000385567377254342,0.179412276184131));
#2656=CARTESIAN_POINT('',(0.0053332079521635,0.00569902146573449,0.179412283056754));
#2657=CARTESIAN_POINT('',(0.00533315354975422,0.000385567377254344,0.179412276184131));
#2658=VECTOR('',#3199,0.999999999999999);
#2659=CARTESIAN_POINT('',(0.0658063024154266,0.00569826682714298,0.284154755117222));
#2660=VECTOR('',#3200,0.999999999999999);
#2661=CARTESIAN_POINT('',(0.0172483631762397,0.00038541868836898,0.200050024631996));
#2662=VECTOR('',#3201,0.999999999999999);
#2663=AXIS2_PLACEMENT_3D('',#3202,#3203,#3204);
#2664=AXIS2_PLACEMENT_3D('',#3205,#3206,#3207);
#2665=CARTESIAN_POINT('',(0.0073971807627425,0.000385541620434672,0.182987276183838));
#2666=CARTESIAN_POINT('',(0.0172483631762397,0.00038541868836898,0.200050024631996));
#2667=VECTOR('',#3208,0.999999999999999);
#2668=CARTESIAN_POINT('',(0.00739723516515177,0.00569899570891482,0.182987283056461));
#2669=CARTESIAN_POINT('',(0.00739714916096025,-0.002700987475946,0.182987272191605));
#2670=VECTOR('',#3209,1.0);
#2671=CARTESIAN_POINT('',(0.0658063024154266,0.00569826682714298,0.284154755117222));
#2672=VECTOR('',#3210,0.999999999999999);
#2673=CARTESIAN_POINT('',(0.00865092782982046,-0.00070025765388141,0.182987274779189));
#2674=CARTESIAN_POINT('',(0.0240596729700135,-0.000700449938298684,0.209676004232484));
#2675=VECTOR('',#3211,1.0);
#2676=CARTESIAN_POINT('',(0.00747621378010894,0.000317095603565028,0.182987276095293));
#2677=VECTOR('',#3212,0.999999999999999);
#2678=CARTESIAN_POINT('',(0.00567956371262427,0.000385555358476349,0.185962276184056));
#2679=CARTESIAN_POINT('',(0.00567961811503355,0.00569900944695649,0.185962283056679));
#2680=CARTESIAN_POINT('',(0.00567956371262429,0.000385555358476359,0.185962276184056));
#2681=VECTOR('',#3213,0.999999999999999);
#2682=CARTESIAN_POINT('',(-0.0802597013117144,0.0056996968166766,0.334813550745056));
#2683=VECTOR('',#3214,1.0);
#2684=CARTESIAN_POINT('',(-0.00405802090633839,0.000385633242742349,0.202828267495413));
#2685=VECTOR('',#3215,1.0);
#2686=AXIS2_PLACEMENT_3D('',#3216,#3217,#3218);
#2687=AXIS2_PLACEMENT_3D('',#3219,#3220,#3221);
#2688=CARTESIAN_POINT('',(0.00361553650112311,0.000385571867215495,0.189537276184343));
#2689=CARTESIAN_POINT('',(-0.00405802090633839,0.000385633242742349,0.202828267495413));
#2690=VECTOR('',#3222,1.0);
#2691=CARTESIAN_POINT('',(0.00361559090353238,0.00569902595569563,0.189537283056965));
#2692=CARTESIAN_POINT('',(0.00361550489927091,-0.0027009640613928,0.1895372721921));
#2693=VECTOR('',#3223,1.0);
#2694=CARTESIAN_POINT('',(-0.0802597013117144,0.0056996968166766,0.334813550745056));
#2695=VECTOR('',#3224,1.0);
#2696=CARTESIAN_POINT('',(0.00424240447639148,-0.00070022239312436,0.190623061217445));
#2697=CARTESIAN_POINT('',(-0.00789990315426468,-0.000700125275126995,0.211654154965238));
#2698=VECTOR('',#3225,1.0);
#2699=CARTESIAN_POINT('',(0.00533245213296051,-0.0025882874015385,0.192511110180809));
#2700=VECTOR('',#3226,1.0);
#2701=CARTESIAN_POINT('',(0.000180302399480268,0.000385607039253912,0.189537276185033));
#2702=CARTESIAN_POINT('',(0.000180356801889547,0.00569906112773409,0.189537283057656));
#2703=CARTESIAN_POINT('',(0.000180329600860655,0.00304235124958279,0.189537279621367));
#2704=VECTOR('',#3227,0.999999999999999);
#2705=CARTESIAN_POINT('',(-0.0467432533819975,0.00569954156050022,0.189537283067087));
#2706=VECTOR('',#3228,1.0);
#2707=CARTESIAN_POINT('',(0.00854439223875369,0.000385521402560532,0.189537276183352));
#2708=VECTOR('',#3229,1.0);
#2709=CARTESIAN_POINT('',(-0.000512463521101722,0.00569906822125445,0.189537283057795));
#2710=CARTESIAN_POINT('',(-0.000512517923510978,0.000385614132774272,0.189537276185172));
#2711=CARTESIAN_POINT('',(-0.000512490722130592,0.00304235834310315,0.189537279621506));
#2712=VECTOR('',#3230,0.999999999999999);
#2713=AXIS2_PLACEMENT_3D('',#3231,#3232,#3233);
#2714=AXIS2_PLACEMENT_3D('',#3234,#3235,#3236);
#2715=CARTESIAN_POINT('',(-0.00394775202515387,0.000385649304812727,0.189537276185863));
#2716=CARTESIAN_POINT('',(0.00854439223875369,0.000385521402560532,0.189537276183352));
#2717=VECTOR('',#3237,1.0);
#2718=CARTESIAN_POINT('',(-0.0039476976227446,0.0056991033932929,0.189537283058485));
#2719=CARTESIAN_POINT('',(-0.00394778362700607,-0.00270088662379553,0.18953727219362));
#2720=VECTOR('',#3238,0.999999999999999);
#2721=CARTESIAN_POINT('',(-0.0467432533819975,0.00569954156050022,0.189537283067087));
#2722=VECTOR('',#3239,1.0);
#2723=CARTESIAN_POINT('',(-0.00457464223391249,-0.000700132118780089,0.190623061219217));
#2724=CARTESIAN_POINT('',(0.00854438112258639,-0.000700266439405789,0.190623061216581));
#2725=VECTOR('',#3240,0.999999999999999);
#2726=CARTESIAN_POINT('',(-0.00473144414456749,-0.000971714924500116,0.190894644927835));
#2727=VECTOR('',#3241,1.0);
#2728=CARTESIAN_POINT('',(0.0544613696276749,0.00569837451152106,0.290704755119496));
#2729=VECTOR('',#3242,0.999999999999999);
#2730=CARTESIAN_POINT('',(0.00590343038848799,0.000385526372747049,0.20660002463427));
#2731=VECTOR('',#3243,0.999999999999999);
#2732=CARTESIAN_POINT('',(-0.0060117792379975,0.000385675061632411,0.185962276186406));
#2733=AXIS2_PLACEMENT_3D('',#3244,#3245,#3246);
#2734=CARTESIAN_POINT('',(-0.00601172483558822,0.00569912915011257,0.185962283059028));
#2735=CARTESIAN_POINT('',(-0.00601177923799751,0.000385675061632401,0.185962276186406));
#2736=VECTOR('',#3247,0.999999999999999);
#2737=AXIS2_PLACEMENT_3D('',#3248,#3249,#3250);
#2738=CARTESIAN_POINT('',(0.00590343038848799,0.000385526372747049,0.20660002463427));
#2739=VECTOR('',#3251,0.999999999999999);
#2740=CARTESIAN_POINT('',(0.0544613696276749,0.00569837451152106,0.290704755119496));
#2741=VECTOR('',#3252,0.999999999999999);
#2742=CARTESIAN_POINT('',(0.0108341029064252,-0.000700324403197363,0.217311790672762));
#2743=VECTOR('',#3253,1.0);
#2744=AXIS2_PLACEMENT_3D('',#3254,#3255,#3256);
#2745=CARTESIAN_POINT('',(-0.0141666205715818,0.000299975966340843,0.182987211405322));
#2746=AXIS2_PLACEMENT_3D('',#3257,#3258,#3259);
#2747=AXIS2_PLACEMENT_3D('',#3260,#3261,#3262);
#2748=CARTESIAN_POINT('',(-0.0141666205689607,0.000299957909855144,0.196947283708245));
#2749=AXIS2_PLACEMENT_3D('',#3263,#3264,#3265);
#2750=CARTESIAN_POINT('',(-0.0141666205662603,0.000299939307022625,0.211329754989937));
#2751=VECTOR('',#3266,0.999999999999999);
#2752=CARTESIAN_POINT('',(0.0307199491011789,-0.000700501666489568,0.196947282405785));
#2753=VECTOR('',#3267,1.0);
#2754=AXIS2_PLACEMENT_3D('',#3268,#3269,#3270);
#2755=AXIS2_PLACEMENT_3D('',#3271,#3272,#3273);
#2756=CARTESIAN_POINT('',(0.0128333556907482,-0.000700332310477232,0.207599457538112));
#2757=VECTOR('',#3274,1.0);
#2758=AXIS2_PLACEMENT_3D('',#3275,#3276,#3277);
#2759=CARTESIAN_POINT('',(-0.0141666430939131,-0.00190004208987062,0.196947280862682));
#2760=VECTOR('',#3278,1.0);
#2761=CARTESIAN_POINT('',(-0.0141665540199466,0.00679997156013957,0.186393533635142));
#2762=VECTOR('',#3279,1.0);
#2763=CARTESIAN_POINT('',(-0.0141665821768611,0.00404996771308056,0.182987216255703));
#2764=VECTOR('',#3280,0.999999999999999);
#2765=CARTESIAN_POINT('',(0.0128334324785464,0.00679968017361192,0.197947292110163));
#2766=CARTESIAN_POINT('',(0.012833375142304,0.00119968017406719,0.197947284866911));
#2767=VECTOR('',#3281,1.0);
#2768=CARTESIAN_POINT('',(0.014833452955671,0.00879965969627597,0.197947294696637));
#2769=AXIS2_PLACEMENT_3D('',#3282,#3283,#3284);
#2770=CARTESIAN_POINT('',(0.0243858248682543,0.00879956189322026,0.197947294694717));
#2771=CARTESIAN_POINT('',(0.0261830229915815,0.00879954349240109,0.197947294694356));
#2772=VECTOR('',#3285,1.0);
#2773=CARTESIAN_POINT('',(0.0243858392023149,0.0101995618931457,0.19794729650553));
#2774=CARTESIAN_POINT('',(0.0243857736751807,0.00379956189364359,0.197947288227528));
#2775=VECTOR('',#3286,1.0);
#2776=CARTESIAN_POINT('',(0.0307200607022671,0.0101994970394922,0.197947296504257));
#2777=VECTOR('',#3287,1.0);
#2778=CARTESIAN_POINT('',(0.0032691868825693,0.00629904567039681,0.177037283833108));
#2779=CARTESIAN_POINT('',(0.0032691868825693,0.00629904567039681,0.177037283833108));
#2780=VECTOR('',#3288,0.999999999999999);
#2781=CARTESIAN_POINT('',(-0.00360128132013779,0.00629911601447371,0.177037283834489));
#2782=CARTESIAN_POINT('',(-0.0467432472411757,0.00629955772844121,0.17703728384316));
#2783=VECTOR('',#3289,1.0);
#2784=CARTESIAN_POINT('',(-0.00360128132013779,0.00629911601447371,0.177037283834489));
#2785=VECTOR('',#3290,1.0);
#2786=CARTESIAN_POINT('',(-0.00703651542066355,0.00629914349055704,0.182987283835425));
#2787=CARTESIAN_POINT('',(-0.091085012716457,0.00629981573688674,0.3285635515233));
#2788=VECTOR('',#3291,1.0);
#2789=CARTESIAN_POINT('',(-0.00703651542066355,0.00629914349055704,0.182987283835425));
#2790=VECTOR('',#3292,1.0);
#2791=CARTESIAN_POINT('',(-0.00360128131819291,0.00629910062256347,0.188937283834479));
#2792=CARTESIAN_POINT('',(0.0549809910130308,0.00629836957938019,0.290404755895455));
#2793=VECTOR('',#3293,0.999999999999999);
#2794=CARTESIAN_POINT('',(-0.00360128131819291,0.00629910062256347,0.188937283834479));
#2795=VECTOR('',#3294,1.0);
#2796=CARTESIAN_POINT('',(0.00326918688509302,0.00629903027848657,0.188937283833098));
#2797=CARTESIAN_POINT('',(-0.0467432472389413,0.00629954233653097,0.18893728384315));
#2798=VECTOR('',#3295,1.0);
#2799=CARTESIAN_POINT('',(0.00326918688509302,0.00629903027848657,0.188937283833098));
#2800=VECTOR('',#3296,0.999999999999999);
#2801=CARTESIAN_POINT('',(0.00670442098532934,0.00629900280240323,0.182987283832663));
#2802=CARTESIAN_POINT('',(-0.0807793104108454,0.00629970252481627,0.334513551521223));
#2803=VECTOR('',#3297,1.0);
#2804=CARTESIAN_POINT('',(0.00670442098532934,0.00629900280240323,0.182987283832663));
#2805=VECTOR('',#3298,1.0);
#2806=CARTESIAN_POINT('',(0.0652866933164083,0.00629827175921995,0.284454755893388));
#2807=VECTOR('',#3299,0.999999999999999);
#2808=AXIS2_PLACEMENT_3D('',#3300,#3301,#3302);
#2809=AXIS2_PLACEMENT_3D('',#3303,#3304,#3305);
#2810=AXIS2_PLACEMENT_3D('',#3306,#3307,#3308);
#2811=AXIS2_PLACEMENT_3D('',#3309,#3310,#3311);
#2812=AXIS2_PLACEMENT_3D('',#3312,#3313,#3314);
#2813=CARTESIAN_POINT('',(0.0205310037256874,0.0101996404362013,0.167737201092797));
#2814=CARTESIAN_POINT('',(0.030603129253897,0.0101995015183644,0.195410138532593));
#2815=VECTOR('',#3315,1.0);
#2816=AXIS2_PLACEMENT_3D('',#3316,#3317,#3318);
#2817=CARTESIAN_POINT('',(-0.0161644487941969,0.010200020402082,0.164447301816804));
#2818=CARTESIAN_POINT('',(0.00425746934251203,0.0101998113099303,0.164447301812699));
#2819=VECTOR('',#3319,1.0);
#2820=AXIS2_PLACEMENT_3D('',#3320,#3321,#3322);
#2821=CARTESIAN_POINT('',(-0.0294162104674889,0.0102001214307018,0.191237195799721));
#2822=CARTESIAN_POINT('',(-0.0299161086990681,0.0102001247724832,0.19261065490389));
#2823=VECTOR('',#3323,1.0);
#2824=AXIS2_PLACEMENT_3D('',#3324,#3325,#3326);
#2825=AXIS2_PLACEMENT_3D('',#3327,#3328,#3329);
#2826=AXIS2_PLACEMENT_3D('',#3330,#3331,#3332);
#2827=CARTESIAN_POINT('',(-0.0294162248015495,0.00880012143077632,0.191237193988908));
#2828=AXIS2_PLACEMENT_3D('',#3333,#3334,#3335);
#2829=CARTESIAN_POINT('',(-0.0247177719354088,0.00780006593941575,0.19694729341115));
#2830=AXIS2_PLACEMENT_3D('',#3336,#3337,#3338);
#2831=AXIS2_PLACEMENT_3D('',#3339,#3340,#3341);
#2832=AXIS2_PLACEMENT_3D('',#3342,#3343,#3344);
#2833=CARTESIAN_POINT('',(0.026183012752779,0.00779954478589218,0.196947293400919));
#2834=VECTOR('',#3345,1.0);
#2835=CARTESIAN_POINT('',(-0.0224325041910324,0.00880007474513842,0.172049579295441));
#2836=VECTOR('',#3346,1.0);
#2837=AXIS2_PLACEMENT_3D('',#3347,#3348,#3349);
#2838=CARTESIAN_POINT('',(-0.0161644631282575,0.00880002040215656,0.164447300005991));
#2839=AXIS2_PLACEMENT_3D('',#3350,#3351,#3352);
#2840=AXIS2_PLACEMENT_3D('',#3353,#3354,#3355);
#2841=AXIS2_PLACEMENT_3D('',#3356,#3357,#3358);
#2842=CARTESIAN_POINT('',(-0.000279568368173556,0.00879985776283918,0.164447300002798));
#2843=VECTOR('',#3359,1.0);
#2844=AXIS2_PLACEMENT_3D('',#3360,#3361,#3362);
#2845=CARTESIAN_POINT('',(0.0205309893916267,0.00879964043627588,0.167737199281984));
#2846=AXIS2_PLACEMENT_3D('',#3363,#3364,#3365);
#2847=AXIS2_PLACEMENT_3D('',#3366,#3367,#3368);
#2848=AXIS2_PLACEMENT_3D('',#3369,#3370,#3371);
#2849=CARTESIAN_POINT('',(0.022058034238811,0.00879961937480613,0.171932720515862));
#2850=VECTOR('',#3372,1.0);
#2851=AXIS2_PLACEMENT_3D('',#3373,#3374,#3375);
#2852=AXIS2_PLACEMENT_3D('',#3376,#3377,#3378);
#2853=AXIS2_PLACEMENT_3D('',#3379,#3380,#3381);
#2854=AXIS2_PLACEMENT_3D('',#3382,#3383,#3384);
#2855=AXIS2_PLACEMENT_3D('',#3385,#3386,#3387);
#2856=AXIS2_PLACEMENT_3D('',#3388,#3389,#3390);
#2857=AXIS2_PLACEMENT_3D('',#3391,#3392,#3393);
#2858=CARTESIAN_POINT('',(0.0205310088449947,0.0106996404361747,0.167737201739516));
#2859=VECTOR('',#3394,1.0);
#2860=CARTESIAN_POINT('',(-0.0161644436748895,0.0107000204020554,0.164447302463523));
#2861=VECTOR('',#3395,1.0);
#2862=CARTESIAN_POINT('',(-0.0294162759946231,0.00380012143119965,0.191237187521719));
#2863=VECTOR('',#3396,1.0);
#2864=CARTESIAN_POINT('',(0.0148334427136489,0.00779967907228506,0.182967094662804));
#2865=CARTESIAN_POINT('',(0.0148334427141866,0.00779967946530376,0.18266323876979));
#2866=VECTOR('',#3397,1.0);
#2867=AXIS2_PLACEMENT_3D('',#3398,#3399,#3400);
#2868=AXIS2_PLACEMENT_3D('',#3401,#3402,#3403);
#2869=AXIS2_PLACEMENT_3D('',#3404,#3405,#3406);
#2870=AXIS2_PLACEMENT_3D('',#3407,#3408,#3409);
#2871=AXIS2_PLACEMENT_3D('',#3410,#3411,#3412);
#2872=CARTESIAN_POINT('',(0.0138334324756815,0.00679968931007014,0.182967775961502));
#2873=CARTESIAN_POINT('',(0.0138334338089006,0.00692990410513178,0.182967776129927));
#2874=CARTESIAN_POINT('',(0.0138588689685934,0.00705887371356077,0.182967758612782));
#2875=CARTESIAN_POINT('',(0.0139577436062184,0.00729980395606969,0.1829676904481));
#2876=CARTESIAN_POINT('',(0.014030237793754,0.0074094611609498,0.182967640464259));
#2877=CARTESIAN_POINT('',(0.0142131789553534,0.00759481520635639,0.182967514954696));
#2878=CARTESIAN_POINT('',(0.0143218769212728,0.00766873995246193,0.182967440644579));
#2879=CARTESIAN_POINT('',(0.0145606945390216,0.00777042374360069,0.182967278425475));
#2880=CARTESIAN_POINT('',(0.0146884140386559,0.0077975271834651,0.182967192150042));
#2881=CARTESIAN_POINT('',(0.0148229786800065,0.00779963811777786,0.182967101828586));
#2882=CARTESIAN_POINT('',(0.0148282106567377,0.00779967912584744,0.182967098172895));
#2883=CARTESIAN_POINT('',(0.0148334427136489,0.00779967907228506,0.182967094662804));
#2884=DIRECTION('',(-1.02386147236979E-05,-0.999999999946749,-1.29343783326258E-06));
#2885=CARTESIAN_POINT('',(-0.000166554021319921,0.00679983262538861,0.182987219809854));
#2886=DIRECTION('',(1.02386147236979E-05,0.999999999946749,1.29343783326258E-06));
#2887=DIRECTION('',(-0.000694423410080616,1.30054745521833E-06,-0.999999758887189));
#2888=DIRECTION('',(-1.02386147236979E-05,-0.999999999946749,-1.29343783326258E-06));
#2889=CARTESIAN_POINT('',(-0.000166620572315625,0.000299832625734716,0.182987211402508));
#2890=DIRECTION('',(-1.02386147236979E-05,-0.999999999946749,-1.29343783326258E-06));
#2891=DIRECTION('',(-0.000694423410080174,1.30054745521833E-06,-0.999999758887189));
#2892=CARTESIAN_POINT('',(-0.000166554021319923,0.00679985202695611,0.167987219809866));
#2893=DIRECTION('',(-0.999999999947585,1.02386147236894E-05,1.32431336174359E-11));
#2894=DIRECTION('',(-1.21972911603347E-16,1.29343783333037E-06,-0.999999999999164));
#2895=CARTESIAN_POINT('',(-0.000166554021319921,0.00679983262538861,0.182987219809854));
#2896=DIRECTION('',(1.02386147236979E-05,0.999999999946749,1.29343783326258E-06));
#2897=DIRECTION('',(-0.000694423410080616,1.30054745521833E-06,-0.999999758887189));
#2898=CARTESIAN_POINT('',(-0.0151665540205337,0.00679998620460947,0.182987219812869));
#2899=DIRECTION('',(1.87754627632065E-10,-1.29343783524585E-06,0.999999999999164));
#2900=DIRECTION('',(0.999999999947585,-1.02386147234068E-05,-2.00997639286151E-10));
#2901=CARTESIAN_POINT('',(-0.0151665540205337,0.00679998620460947,0.182987219812869));
#2902=DIRECTION('',(1.87754627632065E-10,-1.29343783524585E-06,0.999999999999164));
#2903=DIRECTION('',(0.999999999947585,-1.02386147234068E-05,-2.00997639286151E-10));
#2904=CARTESIAN_POINT('',(-0.000166543782705197,0.00779983262533536,0.182987221103291));
#2905=DIRECTION('',(-1.02386147236979E-05,-0.999999999946749,-1.29343783326258E-06));
#2906=DIRECTION('',(-0.000694423410080616,1.30054745521833E-06,-0.999999758887189));
#2907=DIRECTION('',(1.02386147236979E-05,0.999999999946749,1.29343783326258E-06));
#2908=CARTESIAN_POINT('',(-0.0211665437801099,0.00780003734038587,0.190947293410441));
#2909=DIRECTION('',(-1.02386147236979E-05,-0.999999999946749,-1.29343783326258E-06));
#2910=DIRECTION('',(-0.999999999947585,1.02386147237065E-05,2.13981339843481E-27));
#2911=DIRECTION('',(-1.02386147236979E-05,-0.999999999946749,-1.29343783326258E-06));
#2912=CARTESIAN_POINT('',(-0.0211665376369411,0.00840003734035392,0.190947294186504));
#2913=DIRECTION('',(-1.02386147236979E-05,-0.999999999946749,-1.29343783326258E-06));
#2914=DIRECTION('',(0.999999999947585,-1.02386147237065E-05,6.55418464187204E-15));
#2915=DIRECTION('',(0.707114020943386,0.707099541354992,9.14598657778425E-07));
#2916=CARTESIAN_POINT('',(-0.0211665376369411,0.00840003734035392,0.190947294186504));
#2917=DIRECTION('',(-1.02386147236979E-05,-0.999999999946749,-1.29343783326258E-06));
#2918=DIRECTION('',(0.999999999947585,-1.02386147237065E-05,6.55418464187204E-15));
#2919=DIRECTION('',(0.707099541355584,-0.707114020942794,-9.14598657778425E-07));
#2920=CARTESIAN_POINT('',(-0.0211665192074346,0.0102000373402581,0.190947296514692));
#2921=DIRECTION('',(1.02386147236979E-05,0.999999999946749,1.29343783326258E-06));
#2922=DIRECTION('',(0.999999999947585,-1.02386147237065E-05,-2.69499361574209E-22));
#2923=DIRECTION('',(1.02386147236979E-05,0.999999999946749,1.29343783326258E-06));
#2924=CARTESIAN_POINT('',(0.0145863531599924,0.00779969779571756,0.170447298706367));
#2925=DIRECTION('',(1.02386147236979E-05,0.999999999946749,1.29343783326258E-06));
#2926=DIRECTION('',(-0.999999999947586,1.02386147237065E-05,0.0));
#2927=DIRECTION('',(-1.02386147236979E-05,-0.999999999946749,-1.29343783326258E-06));
#2928=CARTESIAN_POINT('',(0.0145863593031612,0.00839969779568561,0.17044729948243));
#2929=DIRECTION('',(-1.02386147236979E-05,-0.999999999946749,-1.29343783326258E-06));
#2930=DIRECTION('',(0.999999999947585,-1.02386147237065E-05,6.55418133311534E-15));
#2931=DIRECTION('',(0.707114020943386,0.707099541354992,9.14598657778425E-07));
#2932=CARTESIAN_POINT('',(0.0145863593031612,0.00839969779568561,0.17044729948243));
#2933=DIRECTION('',(-1.02386147236979E-05,-0.999999999946749,-1.29343783326258E-06));
#2934=DIRECTION('',(0.999999999947585,-1.02386147237065E-05,6.55418133311534E-15));
#2935=DIRECTION('',(0.707099541355584,-0.707114020942794,-9.14598657778425E-07));
#2936=CARTESIAN_POINT('',(0.0145863777326677,0.0101996977955898,0.170447301810618));
#2937=DIRECTION('',(1.02386147236979E-05,0.999999999946749,1.29343783326258E-06));
#2938=DIRECTION('',(0.999999999947585,-1.02386147237065E-05,-2.69494856703897E-22));
#2939=DIRECTION('',(1.02386147236979E-05,0.999999999946749,1.29343783326258E-06));
#2940=CARTESIAN_POINT('',(0.0208334427154275,0.00779960731870573,0.190947293401999));
#2941=DIRECTION('',(-1.02386147236979E-05,-0.999999999946749,-1.29343783326258E-06));
#2942=DIRECTION('',(-0.999999999947585,1.02386147237065E-05,0.0));
#2943=DIRECTION('',(-1.02386147236979E-05,-0.999999999946749,-1.29343783326258E-06));
#2944=CARTESIAN_POINT('',(0.0208334488585964,0.00839960731867378,0.190947294178062));
#2945=DIRECTION('',(-1.02386147236979E-05,-0.999999999946749,-1.29343783326258E-06));
#2946=DIRECTION('',(0.999999999947585,-1.02386147237065E-05,6.55418464175643E-15));
#2947=DIRECTION('',(0.707114020943386,0.707099541354992,9.14598657778425E-07));
#2948=CARTESIAN_POINT('',(0.0208334488585964,0.00839960731867378,0.190947294178062));
#2949=DIRECTION('',(-1.02386147236979E-05,-0.999999999946749,-1.29343783326258E-06));
#2950=DIRECTION('',(0.999999999947585,-1.02386147237065E-05,6.55418464175643E-15));
#2951=DIRECTION('',(0.707099541355584,-0.707114020942794,-9.14598657778425E-07));
#2952=CARTESIAN_POINT('',(0.0208334672881029,0.0101996073185779,0.19094729650625));
#2953=DIRECTION('',(1.02386147236979E-05,0.999999999946749,1.29343783326258E-06));
#2954=DIRECTION('',(0.999999999947585,-1.02386147237065E-05,-2.69560177323426E-22));
#2955=DIRECTION('',(1.02386147236979E-05,0.999999999946749,1.29343783326258E-06));
#2956=CARTESIAN_POINT('',(-0.0149183104765035,0.00779999988260109,0.170447298712297));
#2957=DIRECTION('',(1.02386147236979E-05,0.999999999946749,1.29343783326258E-06));
#2958=DIRECTION('',(-0.999999999947585,1.02386147237065E-05,0.0));
#2959=DIRECTION('',(-1.02386147236979E-05,-0.999999999946749,-1.29343783326258E-06));
#2960=CARTESIAN_POINT('',(-0.0149183043333346,0.00839999988256915,0.17044729948836));
#2961=DIRECTION('',(-1.02386147236979E-05,-0.999999999946749,-1.29343783326258E-06));
#2962=DIRECTION('',(0.999999999947585,-1.02386147237065E-05,6.55418133301257E-15));
#2963=DIRECTION('',(0.707114020943386,0.707099541354992,9.14598657778425E-07));
#2964=CARTESIAN_POINT('',(-0.0149183043333346,0.00839999988256915,0.17044729948836));
#2965=DIRECTION('',(-1.02386147236979E-05,-0.999999999946749,-1.29343783326258E-06));
#2966=DIRECTION('',(0.999999999947585,-1.02386147237065E-05,6.55418133301257E-15));
#2967=DIRECTION('',(0.707099541355584,-0.707114020942794,-9.14598657778425E-07));
#2968=CARTESIAN_POINT('',(-0.0149182859038281,0.0101999998824733,0.170447301816548));
#2969=DIRECTION('',(1.02386147236979E-05,0.999999999946749,1.29343783326258E-06));
#2970=DIRECTION('',(0.999999999947585,-1.02386147237065E-05,-2.69542157842177E-22));
#2971=DIRECTION('',(1.02386147237129E-05,0.999999999946749,1.29343783326258E-06));
#2972=CARTESIAN_POINT('',(0.0243858248673155,0.00879956836040943,0.192947294694721));
#2973=DIRECTION('',(-1.02386147236979E-05,-0.999999999946749,-1.29343783326258E-06));
#2974=DIRECTION('',(0.819152044353748,-9.12886764558444E-06,0.573576436185919));
#2975=DIRECTION('',(1.02386147237129E-05,0.999999999946749,1.29343783326258E-06));
#2976=CARTESIAN_POINT('',(0.0243858392013761,0.0101995683603349,0.192947296505534));
#2977=DIRECTION('',(-1.02386147236979E-05,-0.999999999946749,-1.29343783326258E-06));
#2978=DIRECTION('',(0.819152044353749,-9.12886764558445E-06,0.573576436185917));
#2979=DIRECTION('',(-1.87755844793543E-10,1.29343783525273E-06,-0.999999999999164));
#2980=CARTESIAN_POINT('',(0.0148334324782538,0.00679966098982031,0.196947292109762));
#2981=DIRECTION('',(-1.87755844793621E-10,1.29343783525273E-06,-0.999999999999164));
#2982=DIRECTION('',(-0.707099541355584,0.707114020942794,9.14740790597607E-07));
#2983=DIRECTION('',(-1.87755844793543E-10,1.29343783525273E-06,-0.999999999999164));
#2984=DIRECTION('',(-1.87755890748325E-10,1.29343783525273E-06,-0.999999999999164));
#2985=CARTESIAN_POINT('',(-0.0151665540179126,0.00679996814812377,0.196947292115792));
#2986=DIRECTION('',(-1.8775584479352E-10,1.29343783525273E-06,-0.999999999999164));
#2987=DIRECTION('',(0.707114020943386,0.707099541354993,9.14456535288798E-07));
#2988=DIRECTION('',(-1.87755890748325E-10,1.29343783525273E-06,-0.999999999999164));
#2989=DIRECTION('',(1.02386147236829E-05,0.999999999946749,1.29343783326258E-06));
#2990=CARTESIAN_POINT('',(-0.0247177616975451,0.00880007111311384,0.192947294704591));
#2991=DIRECTION('',(-1.02386147236979E-05,-0.999999999946749,-1.29343783326258E-06));
#2992=DIRECTION('',(-0.819152044138366,7.64509671721272E-06,0.573576436515213));
#2993=DIRECTION('',(1.02386147236829E-05,0.999999999946749,1.29343783326258E-06));
#2994=CARTESIAN_POINT('',(-0.0247177473634845,0.0102000711130393,0.192947296515404));
#2995=DIRECTION('',(-1.02386147236979E-05,-0.999999999946749,-1.29343783326258E-06));
#2996=DIRECTION('',(-0.819152044138365,7.64509671721272E-06,0.573576436515213));
#2997=DIRECTION('',(1.02386147236829E-05,0.999999999946749,1.29343783326258E-06));
#2998=CARTESIAN_POINT('',(-0.0161644631273187,0.00880001393496738,0.169447300005986));
#2999=DIRECTION('',(-1.02386147236979E-05,-0.999999999946749,-1.29343783326258E-06));
#3000=DIRECTION('',(-0.573576436474782,6.93215039315379E-06,-0.819152044173019));
#3001=DIRECTION('',(1.02386147236829E-05,0.999999999946749,1.29343783326258E-06));
#3002=CARTESIAN_POINT('',(-0.0161644487932581,0.0102000139348928,0.169447301816799));
#3003=DIRECTION('',(1.02386147236979E-05,0.999999999946749,1.29343783326258E-06));
#3004=DIRECTION('',(-0.573576436474783,6.9321503931538E-06,-0.819152044173018));
#3005=DIRECTION('',(1.02386147237129E-05,0.999999999946749,1.29343783326258E-06));
#3006=CARTESIAN_POINT('',(0.0158325262882646,0.00879968633012043,0.169447299999555));
#3007=DIRECTION('',(-1.02386147236979E-05,-0.999999999946749,-1.29343783326258E-06));
#3008=DIRECTION('',(0.57357643616718,-4.81310589933778E-06,-0.819152044403596));
#3009=DIRECTION('',(1.02386147237129E-05,0.999999999946749,1.29343783326258E-06));
#3010=CARTESIAN_POINT('',(0.0158325406223252,0.0101996863300459,0.169447301810368));
#3011=DIRECTION('',(1.02386147236979E-05,0.999999999946749,1.29343783326258E-06));
#3012=DIRECTION('',(0.573576436167182,-4.8131058993378E-06,-0.819152044403594));
#3013=DIRECTION('',(1.02386147236979E-05,0.999999999946749,1.29343783326258E-06));
#3014=CARTESIAN_POINT('',(0.0128333659273629,0.000299681467395856,0.196947283702818));
#3015=DIRECTION('',(-1.02386147236979E-05,-0.999999999946749,-1.29343783326258E-06));
#3016=DIRECTION('',(0.707106781282249,-8.15439256525592E-06,0.707106781043827));
#3017=DIRECTION('',(1.02386147236979E-05,0.999999999946749,1.29343783326258E-06));
#3018=CARTESIAN_POINT('',(0.0128334324783586,0.00679968146704975,0.196947292110164));
#3019=DIRECTION('',(1.02386147237321E-05,0.999999999946749,1.293437833035E-06));
#3020=DIRECTION('',(1.87756060708884E-10,-1.29343783502516E-06,0.999999999999164));
#3021=DIRECTION('',(0.999999999947585,-1.02386147234465E-05,-2.00998856447751E-10));
#3022=CARTESIAN_POINT('',(0.0148334529554833,0.0087996609897138,0.196947294696638));
#3023=DIRECTION('',(0.999999999947585,-1.02386147234465E-05,-2.00998856447751E-10));
#3024=DIRECTION('',(1.87755844785861E-10,-1.29343783600299E-06,0.999999999999164));
#3025=DIRECTION('',(0.999999999947585,-1.02386147234465E-05,-2.00998856447751E-10));
#3026=CARTESIAN_POINT('',(0.0243858248680666,0.00879956318665809,0.196947294694718));
#3027=DIRECTION('',(0.999999999947585,-1.02386147234081E-05,-2.00999102344807E-10));
#3028=DIRECTION('',(1.87756090682966E-10,-1.29343783600299E-06,0.999999999999164));
#3029=DIRECTION('',(-0.342020143484176,4.71724646440178E-06,-0.939692620716376));
#3030=CARTESIAN_POINT('',(0.0281445953500053,0.0087995316453338,0.191579214120664));
#3031=DIRECTION('',(-0.342020143484175,4.71724646440178E-06,-0.939692620716376));
#3032=DIRECTION('',(0.939692620672438,-9.17876890986499E-06,-0.342020143514261));
#3033=DIRECTION('',(-0.342020143484176,4.71724646440178E-06,-0.939692620716376));
#3034=CARTESIAN_POINT('',(0.0195912967709543,0.00879964961504479,0.168079219425498));
#3035=DIRECTION('',(-0.342020143484175,4.71724646440009E-06,-0.939692620716377));
#3036=DIRECTION('',(0.939692620672438,-9.17876890813013E-06,-0.34202014351426));
#3037=DIRECTION('',(-0.999999999947585,1.02386147234465E-05,2.00999070636974E-10));
#3038=CARTESIAN_POINT('',(0.0158325262875135,0.00879969150387177,0.165447299999558));
#3039=DIRECTION('',(-0.999999999947585,1.02386147234465E-05,2.00999070636974E-10));
#3040=DIRECTION('',(-1.87756058975084E-10,1.29343783600296E-06,-0.999999999999164));
#3041=DIRECTION('',(-0.999999999947585,1.02386147234465E-05,2.00999070636974E-10));
#3042=CARTESIAN_POINT('',(-0.0161644631280697,0.00880001910871872,0.16544730000599));
#3043=DIRECTION('',(-0.999999999947585,1.02386147234536E-05,2.00999210765024E-10));
#3044=DIRECTION('',(-1.87756199120886E-10,1.29343783426827E-06,-0.999999999999164));
#3045=CARTESIAN_POINT('',(-0.0131665540180174,0.00679994767089432,0.19694729211539));
#3046=DIRECTION('',(1.02386147237321E-05,0.999999999946749,1.29343783307078E-06));
#3047=DIRECTION('',(-0.999999999947585,1.02386147234807E-05,2.0100587860848E-10));
#3048=CARTESIAN_POINT('',(-0.0131665540180174,0.00679994767089432,0.19694729211539));
#3049=DIRECTION('',(1.02386147237321E-05,0.999999999946749,1.29343783307078E-06));
#3050=DIRECTION('',(-0.999999999947585,1.02386147234807E-05,2.0100587860848E-10));
#3051=CARTESIAN_POINT('',(-0.0151665540177249,0.00679996685468593,0.197947292115791));
#3052=DIRECTION('',(1.8775584479352E-10,-1.29343783525273E-06,0.999999999999164));
#3053=DIRECTION('',(0.707114020943386,0.707099541354993,9.14456535288798E-07));
#3054=CARTESIAN_POINT('',(-0.0151665335406832,0.00879996814801726,0.196947294702668));
#3055=DIRECTION('',(-0.999999999947585,1.02386147234465E-05,2.00998856447751E-10));
#3056=DIRECTION('',(-1.02386147236979E-05,-0.999999999946749,-1.29343782906411E-06));
#3057=CARTESIAN_POINT('',(-0.0151665335406832,0.00879996814801726,0.196947294702668));
#3058=DIRECTION('',(-0.999999999947585,1.02386147234465E-05,2.00998856447751E-10));
#3059=DIRECTION('',(-1.02386147236979E-05,-0.999999999946749,-1.29343782906411E-06));
#3060=CARTESIAN_POINT('',(-0.0151665540179126,0.00679996814812377,0.196947292115792));
#3061=DIRECTION('',(-1.8775584479352E-10,1.29343783525273E-06,-0.999999999999164));
#3062=DIRECTION('',(0.707114020943386,0.707099541354993,9.14456535288798E-07));
#3063=DIRECTION('',(-0.342020143131309,2.28637848593719E-06,0.939692620853868));
#3064=CARTESIAN_POINT('',(-0.0199232336105222,0.00880005418909737,0.16807921943344));
#3065=DIRECTION('',(-0.342020143131309,2.28637848593719E-06,0.939692620853868));
#3066=DIRECTION('',(-0.939692620800871,1.00635324969122E-05,-0.342020143136506));
#3067=DIRECTION('',(-0.342020143131309,2.28637848593719E-06,0.939692620853868));
#3068=CARTESIAN_POINT('',(-0.0284765321807486,0.00880011136724382,0.191579214132045));
#3069=DIRECTION('',(-0.34202014313131,2.28637848592033E-06,0.939692620853868));
#3070=DIRECTION('',(-0.939692620800871,1.00635324969122E-05,-0.342020143136506));
#3071=DIRECTION('',(-0.999999999947585,1.02386147234465E-05,2.00998856447751E-10));
#3072=DIRECTION('',(-0.999999999947585,1.02386147234465E-05,2.00998856447751E-10));
#3073=CARTESIAN_POINT('',(-0.0247177616967941,0.0088000659393625,0.196947294704588));
#3074=DIRECTION('',(-0.999999999947585,1.02386147234296E-05,2.00999156554915E-10));
#3075=DIRECTION('',(-1.02386147236811E-05,-0.999999999946749,-1.29343782906411E-06));
#3076=DIRECTION('',(-1.02386147236979E-05,-0.999999999946749,-1.29343783326258E-06));
#3077=CARTESIAN_POINT('',(-0.000166007279293703,0.0101998326198825,0.182987288879434));
#3078=DIRECTION('',(-1.02386147236979E-05,-0.999999999946749,-1.29343783326258E-06));
#3079=DIRECTION('',(-0.999999999947585,1.02386147237065E-05,3.80411270830942E-27));
#3080=DIRECTION('',(1.02386147236979E-05,0.999999999946749,1.29343783326258E-06));
#3081=CARTESIAN_POINT('',(-0.000166041074498249,0.00689907314644819,0.182987284610107));
#3082=DIRECTION('',(1.02386147236979E-05,0.999999999946749,1.29343783326258E-06));
#3083=DIRECTION('',(0.999999999947585,-1.02386147237065E-05,-3.02695917355717E-15));
#3084=DIRECTION('',(0.707099541355584,-0.707114020942795,-9.14598659094937E-07));
#3085=CARTESIAN_POINT('',(-0.000166041074498249,0.00689907314644819,0.182987284610107));
#3086=DIRECTION('',(1.02386147236979E-05,0.999999999946749,1.29343783326258E-06));
#3087=DIRECTION('',(0.999999999947585,-1.02386147237065E-05,-3.02695917355717E-15));
#3088=DIRECTION('',(0.707114020943386,0.707099541354992,9.14598659094937E-07));
#3089=CARTESIAN_POINT('',(-0.000166047217667083,0.00629907314648014,0.182987283834044));
#3090=DIRECTION('',(-1.02386147236979E-05,-0.999999999946749,-1.29343783326258E-06));
#3091=DIRECTION('',(0.999999999947585,-1.02386147237065E-05,-8.71556906033655E-22));
#3092=DIRECTION('',(1.02386147236979E-05,0.999999999946749,1.29343783326258E-06));
#3093=CARTESIAN_POINT('',(-0.0131666205690131,0.000299947671240421,0.196947283708044));
#3094=DIRECTION('',(-1.02386147236979E-05,-0.999999999946749,-1.29343783326258E-06));
#3095=DIRECTION('',(-0.707106781016712,6.32519523655489E-06,0.707106781328093));
#3096=DIRECTION('',(1.02386147236979E-05,0.999999999946749,1.29343783326258E-06));
#3097=CARTESIAN_POINT('',(0.0128333659273629,0.000299681467395856,0.196947283702818));
#3098=DIRECTION('',(-0.707106781016719,6.32519523655498E-06,0.707106781328086));
#3099=DIRECTION('',(-5.8490502026181E-22,0.999999999959992,-8.94517688604535E-06));
#3100=CARTESIAN_POINT('',(0.0128333659273629,0.000299681467395856,0.196947283702818));
#3101=DIRECTION('',(-1.87755844793543E-10,1.29343783525273E-06,-0.999999999999164));
#3102=DIRECTION('',(0.999999999947585,-1.02386147235694E-05,-2.0099885644791E-10));
#3103=CARTESIAN_POINT('',(0.0128333659273629,0.000299681467395856,0.196947283702818));
#3104=DIRECTION('',(-1.87755844793543E-10,1.29343783525273E-06,-0.999999999999164));
#3105=DIRECTION('',(0.999999999947585,-1.02386147235694E-05,-2.0099885644791E-10));
#3106=DIRECTION('',(1.87755844793543E-10,-1.29343783525273E-06,0.999999999999164));
#3107=DIRECTION('',(1.87755844793543E-10,-1.29343783525273E-06,0.999999999999164));
#3108=CARTESIAN_POINT('',(-0.0131666205690131,0.000299947671240421,0.196947283708044));
#3109=DIRECTION('',(-0.70710678128226,8.15439256525602E-06,-0.707106781043816));
#3110=DIRECTION('',(0.0,-0.999999999933506,-1.15320525602604E-05));
#3111=CARTESIAN_POINT('',(-0.0131666205690132,0.000299947671240421,0.196947283708044));
#3112=DIRECTION('',(0.999999999947585,-1.02386147234465E-05,-2.00998856447751E-10));
#3113=DIRECTION('',(1.87755844789193E-10,-1.29343783567762E-06,0.999999999999164));
#3114=CARTESIAN_POINT('',(-0.0131666205690132,0.000299947671240421,0.196947283708044));
#3115=DIRECTION('',(0.999999999947585,-1.02386147234465E-05,-2.00998856447751E-10));
#3116=DIRECTION('',(1.87755844789193E-10,-1.29343783567762E-06,0.999999999999164));
#3117=DIRECTION('',(-0.999999999947585,1.02386147234465E-05,2.00998856447751E-10));
#3118=CARTESIAN_POINT('',(0.0128333659273629,0.000299681467395856,0.196947283702818));
#3119=DIRECTION('',(-0.999999999947585,1.02386147234465E-05,2.00998856447751E-10));
#3120=DIRECTION('',(-1.02386147236979E-05,-0.999999999946749,-1.2934378290641E-06));
#3121=DIRECTION('',(-0.999999999947585,1.02386147234465E-05,2.00998856447751E-10));
#3122=DIRECTION('',(1.87755890748325E-10,-1.29343783525273E-06,0.999999999999164));
#3123=CARTESIAN_POINT('',(-0.0131666205716342,0.00029996572772612,0.182987211405121));
#3124=DIRECTION('',(-1.87754629864757E-10,1.29343783524585E-06,-0.999999999999164));
#3125=DIRECTION('',(-1.02386147234068E-05,-0.999999999946749,-1.29343783325571E-06));
#3126=DIRECTION('',(1.87755890748325E-10,-1.29343783525273E-06,0.999999999999164));
#3127=CARTESIAN_POINT('',(-0.0131666205690131,0.000299947671240421,0.196947283708044));
#3128=DIRECTION('',(-1.87755890748325E-10,1.29343783525273E-06,-0.999999999999164));
#3129=DIRECTION('',(-1.02386147234068E-05,-0.999999999946749,-1.29343783326258E-06));
#3130=CARTESIAN_POINT('',(-0.000166620572315627,0.000299849440426549,0.169987211402519));
#3131=DIRECTION('',(-0.999999999947585,1.02386147236894E-05,1.32431336172773E-11));
#3132=DIRECTION('',(-1.21972753033432E-16,1.29343783333037E-06,-0.999999999999164));
#3133=CARTESIAN_POINT('',(-0.000166630810930349,-0.000700167374212033,0.18298721010907));
#3134=DIRECTION('',(1.02386147236979E-05,0.999999999946749,1.29343783326258E-06));
#3135=DIRECTION('',(-0.000694423410080174,1.30054745521833E-06,-0.999999758887189));
#3136=DIRECTION('',(-1.02386147236909E-05,-0.999999999946749,-1.29343783585451E-06));
#3137=CARTESIAN_POINT('',(-0.00601172688323607,0.00549912863274808,0.186362282800341));
#3138=DIRECTION('',(-0.612365195803438,0.707112593694969,0.353554305314743));
#3139=DIRECTION('',(-0.612379675391193,-0.707100968602817,0.353552476117386));
#3140=DIRECTION('',(1.02386147236909E-05,0.999999999946749,1.29343783585451E-06));
#3141=CARTESIAN_POINT('',(-0.00601178128564534,0.000185674544267923,0.186362275927718));
#3142=DIRECTION('',(0.612365195803419,-0.707112593694991,-0.353554305314732));
#3143=DIRECTION('',(-0.612379675391212,-0.707100968602795,0.353552476117397));
#3144=DIRECTION('',(1.02386147236909E-05,0.999999999946749,1.29343783585451E-06));
#3145=CARTESIAN_POINT('',(0.00567956166497644,0.000185554841111862,0.186362275925368));
#3146=DIRECTION('',(-0.612379675523986,-0.707100054004119,-0.353554305068557));
#3147=DIRECTION('',(-0.612365195936175,0.707113508293668,-0.353552475871222));
#3148=DIRECTION('',(-1.02386147236909E-05,-0.999999999946749,-1.29343783585451E-06));
#3149=CARTESIAN_POINT('',(0.0056796160673857,0.00549900892959201,0.186362282797991));
#3150=DIRECTION('',(0.612379675523975,0.707100054004131,0.353554305068551));
#3151=DIRECTION('',(-0.612365195936186,0.707113508293655,-0.353552475871228));
#3152=DIRECTION('',(1.02386147236909E-05,0.999999999946749,1.29343783585451E-06));
#3153=CARTESIAN_POINT('',(0.00567956166356446,0.000185563571817237,0.179612275925374));
#3154=DIRECTION('',(-0.612379675391212,-0.707100968602793,0.353552476117401));
#3155=DIRECTION('',(-0.612365195803415,0.707112593694994,0.353554305314734));
#3156=DIRECTION('',(-1.02386147236909E-05,-0.999999999946749,-1.29343783585451E-06));
#3157=CARTESIAN_POINT('',(0.00567961606597373,0.00549901766029741,0.179612282797996));
#3158=DIRECTION('',(0.612379675391204,0.707100968602803,-0.353552476117396));
#3159=DIRECTION('',(-0.612365195803424,0.707112593694984,0.353554305314739));
#3160=DIRECTION('',(-1.02386147236909E-05,-0.999999999946749,-1.29343783585451E-06));
#3161=CARTESIAN_POINT('',(-0.00601172688435874,0.00549913736345348,0.179612282800346));
#3162=DIRECTION('',(-0.612365195936191,0.707113508293648,-0.353552475871234));
#3163=DIRECTION('',(-0.612379675523967,-0.707100054004139,-0.353554305068549));
#3164=DIRECTION('',(1.02386147236909E-05,0.999999999946749,1.29343783585451E-06));
#3165=CARTESIAN_POINT('',(-0.00601178128676801,0.000185683274973369,0.179612275927724));
#3166=DIRECTION('',(0.612365195936175,-0.707113508293667,0.353552475871225));
#3167=DIRECTION('',(-0.612379675523984,-0.70710005400412,-0.353554305068558));
#3168=DIRECTION('',(1.02386147236909E-05,0.999999999946749,1.29343783585451E-06));
#3169=DIRECTION('',(0.999999999947585,-1.02386147234465E-05,-2.01001372799424E-10));
#3170=DIRECTION('',(-1.02386147236979E-05,-0.999999999946749,-1.29343783326258E-06));
#3171=DIRECTION('',(-0.999999999947585,1.02386147234465E-05,2.01001372799424E-10));
#3172=DIRECTION('',(-1.02386147236909E-05,-0.999999999946749,-1.29343783585451E-06));
#3173=CARTESIAN_POINT('',(-0.000166055409826221,0.00549908187722812,0.176237282799049));
#3174=DIRECTION('',(7.23966113587255E-06,0.707107695747529,-0.707105866587322));
#3175=DIRECTION('',(7.23978453685519E-06,0.707105866550259,0.70710769578459));
#3176=CARTESIAN_POINT('',(-0.000166109812235487,0.00018562778874796,0.176237275926426));
#3177=DIRECTION('',(-7.23966113587286E-06,-0.70710769574756,0.707105866587291));
#3178=DIRECTION('',(7.23978453685487E-06,0.707105866550228,0.707107695784621));
#3179=DIRECTION('',(-0.999999999947585,1.02386147234465E-05,2.01001372799424E-10));
#3180=DIRECTION('',(-1.02386147236979E-05,-0.999999999946749,-1.29343783326258E-06));
#3181=DIRECTION('',(0.999999999947585,-1.02386147234465E-05,-2.01001372799424E-10));
#3182=DIRECTION('',(-0.377971175859051,-0.654648954086667,-0.654654517385284));
#3183=DIRECTION('',(0.999999999947585,-1.02386147234465E-05,-2.01001372799426E-10));
#3184=DIRECTION('',(0.377957770119791,-0.654656693751905,-0.654654517537227));
#3185=DIRECTION('',(0.499999999811189,-3.99915733817841E-06,-0.866025403884215));
#3186=DIRECTION('',(1.02386147236979E-05,0.999999999946749,1.29343783326258E-06));
#3187=DIRECTION('',(-0.499999999811189,3.99915733817841E-06,0.866025403884215));
#3188=CARTESIAN_POINT('',(-0.00601178128676801,0.000185683274973369,0.179612275927724));
#3189=DIRECTION('',(0.612365195936175,-0.707113508293667,0.353552475871225));
#3190=DIRECTION('',(-0.612379675523984,-0.70710005400412,-0.353554305068558));
#3191=DIRECTION('',(-1.02386147236909E-05,-0.999999999946749,-1.29343783585451E-06));
#3192=CARTESIAN_POINT('',(-0.00601172688435874,0.00549913736345348,0.179612282800346));
#3193=DIRECTION('',(-0.612365195936191,0.707113508293648,-0.353552475871234));
#3194=DIRECTION('',(-0.612379675523967,-0.707100054004139,-0.353554305068549));
#3195=DIRECTION('',(-0.499999999811189,3.99915733817841E-06,0.866025403884215));
#3196=DIRECTION('',(0.499999999811189,-3.99915733817841E-06,-0.866025403884215));
#3197=DIRECTION('',(0.755935648725544,0.65464593100788,8.4660190315582E-07));
#3198=DIRECTION('',(0.499999999811189,-3.99915733817841E-06,-0.866025403884215));
#3199=DIRECTION('',(1.02386147236909E-05,0.999999999946749,1.29343783585451E-06));
#3200=DIRECTION('',(0.500000000136397,-6.2394573852681E-06,0.866025403683213));
#3201=DIRECTION('',(-0.500000000136397,6.2394573852681E-06,-0.866025403683213));
#3202=CARTESIAN_POINT('',(0.00567961606597373,0.00549901766029741,0.179612282797996));
#3203=DIRECTION('',(0.612379675391204,0.707100968602803,-0.353552476117396));
#3204=DIRECTION('',(-0.612365195803424,0.707112593694984,0.353554305314739));
#3205=CARTESIAN_POINT('',(0.00567956166356446,0.000185563571817237,0.179612275925374));
#3206=DIRECTION('',(-0.612379675391212,-0.707100968602793,0.353552476117401));
#3207=DIRECTION('',(-0.612365195803415,0.707112593694994,0.353554305314734));
#3208=DIRECTION('',(-0.500000000136397,6.2394573852681E-06,-0.866025403683213));
#3209=DIRECTION('',(1.02386147236979E-05,0.999999999946749,1.29343783326258E-06));
#3210=DIRECTION('',(0.500000000136397,-6.2394573852681E-06,0.866025403683213));
#3211=DIRECTION('',(0.500000000136397,-6.2394573852681E-06,0.866025403683213));
#3212=DIRECTION('',(-0.75592224323212,0.654661410338354,8.46905785240892E-07));
#3213=DIRECTION('',(1.02386147236909E-05,0.999999999946749,1.29343783585451E-06));
#3214=DIRECTION('',(-0.49999999981119,3.99915733817843E-06,0.866025403884214));
#3215=DIRECTION('',(0.49999999981119,-3.99915733817843E-06,-0.866025403884214));
#3216=CARTESIAN_POINT('',(0.0056796160673857,0.00549900892959201,0.186362282797991));
#3217=DIRECTION('',(0.612379675523975,0.707100054004131,0.353554305068551));
#3218=DIRECTION('',(-0.612365195936186,0.707113508293655,-0.353552475871228));
#3219=CARTESIAN_POINT('',(0.00567956166497644,0.000185554841111862,0.186362275925368));
#3220=DIRECTION('',(-0.612379675523986,-0.707100054004119,-0.353554305068557));
#3221=DIRECTION('',(-0.612365195936175,0.707113508293668,-0.353552475871222));
#3222=DIRECTION('',(0.49999999981119,-3.99915733817843E-06,-0.866025403884214));
#3223=DIRECTION('',(1.02386147236979E-05,0.999999999946749,1.29343783326258E-06));
#3224=DIRECTION('',(-0.49999999981119,3.99915733817843E-06,0.866025403884214));
#3225=DIRECTION('',(-0.49999999981119,3.99915733817843E-06,0.866025403884214));
#3226=DIRECTION('',(-0.377957770365626,0.65465838725957,-0.65465282387762));
#3227=DIRECTION('',(1.02386147236909E-05,0.999999999946749,1.29343783585451E-06));
#3228=DIRECTION('',(-0.999999999947585,1.02386147234465E-05,2.01001372799424E-10));
#3229=DIRECTION('',(0.999999999947585,-1.02386147234465E-05,-2.01001372799424E-10));
#3230=DIRECTION('',(-1.02386147236909E-05,-0.999999999946749,-1.29343783585451E-06));
#3231=CARTESIAN_POINT('',(-0.000166055407291482,0.0054990644158174,0.189737282799037));
#3232=DIRECTION('',(7.23992666629449E-06,0.707105866550314,0.707107695784534));
#3233=DIRECTION('',(-7.2398032653007E-06,-0.707107695747471,0.707105866587378));
#3234=CARTESIAN_POINT('',(-0.000166109809700749,0.000185610327337177,0.189737275926415));
#3235=DIRECTION('',(-7.2399266662935E-06,-0.707105866550217,-0.707107695784631));
#3236=DIRECTION('',(-7.23980326530169E-06,-0.707107695747568,0.707105866587281));
#3237=DIRECTION('',(0.999999999947585,-1.02386147234465E-05,-2.01001372799424E-10));
#3238=DIRECTION('',(1.02386147236979E-05,0.999999999946749,1.29343783326258E-06));
#3239=DIRECTION('',(-0.999999999947585,1.02386147234465E-05,2.01001372799424E-10));
#3240=DIRECTION('',(-0.999999999947585,1.02386147234465E-05,2.01001372799422E-10));
#3241=DIRECTION('',(0.377971175613216,0.654650647594334,-0.654652824029563));
#3242=DIRECTION('',(-0.500000000136397,6.2394573852681E-06,-0.866025403683213));
#3243=DIRECTION('',(0.500000000136397,-6.2394573852681E-06,0.866025403683213));
#3244=CARTESIAN_POINT('',(-0.00601178128564534,0.000185674544267923,0.186362275927718));
#3245=DIRECTION('',(0.612365195803419,-0.707112593694991,-0.353554305314732));
#3246=DIRECTION('',(-0.612379675391212,-0.707100968602795,0.353552476117397));
#3247=DIRECTION('',(-1.02386147236909E-05,-0.999999999946749,-1.29343783585451E-06));
#3248=CARTESIAN_POINT('',(-0.00601172688323607,0.00549912863274808,0.186362282800341));
#3249=DIRECTION('',(-0.612365195803438,0.707112593694969,0.353554305314743));
#3250=DIRECTION('',(-0.612379675391193,-0.707100968602817,0.353552476117386));
#3251=DIRECTION('',(0.500000000136397,-6.2394573852681E-06,0.866025403683213));
#3252=DIRECTION('',(-0.500000000136397,6.2394573852681E-06,-0.866025403683213));
#3253=DIRECTION('',(-0.500000000136397,6.2394573852681E-06,-0.866025403683213));
#3254=CARTESIAN_POINT('',(-0.000166630810930349,-0.000700167374212033,0.18298721010907));
#3255=DIRECTION('',(1.02386147236979E-05,0.999999999946749,1.29343783326258E-06));
#3256=DIRECTION('',(-0.000694423410080174,1.30054745521833E-06,-0.999999758887189));
#3257=CARTESIAN_POINT('',(-0.0131666205716342,0.00029996572772612,0.182987211405121));
#3258=DIRECTION('',(-1.87754629864757E-10,1.29343783524585E-06,-0.999999999999164));
#3259=DIRECTION('',(-1.02386147234068E-05,-0.999999999946749,-1.29343783325571E-06));
#3260=CARTESIAN_POINT('',(-0.000166620572315625,0.000299832625734716,0.182987211402508));
#3261=DIRECTION('',(-1.02386147236979E-05,-0.999999999946749,-1.29343783326258E-06));
#3262=DIRECTION('',(-0.000694423410080174,1.30054745521833E-06,-0.999999758887189));
#3263=CARTESIAN_POINT('',(-0.0131666205690131,0.000299947671240421,0.196947283708044));
#3264=DIRECTION('',(-1.87755890748325E-10,1.29343783525273E-06,-0.999999999999164));
#3265=DIRECTION('',(-1.02386147234068E-05,-0.999999999946749,-1.29343783326258E-06));
#3266=DIRECTION('',(-1.87755890748325E-10,1.29343783525273E-06,-0.999999999999164));
#3267=DIRECTION('',(0.999999999947585,-1.02386147234465E-05,-2.00998856447751E-10));
#3268=CARTESIAN_POINT('',(0.0128333659273629,0.000299681467395856,0.196947283702818));
#3269=DIRECTION('',(-0.999999999947585,1.02386147234465E-05,2.00998856447751E-10));
#3270=DIRECTION('',(-1.02386147236979E-05,-0.999999999946749,-1.2934378290641E-06));
#3271=CARTESIAN_POINT('',(-0.0131666205690131,0.000299947671240421,0.196947283708044));
#3272=DIRECTION('',(-1.02386147236979E-05,-0.999999999946749,-1.29343783326258E-06));
#3273=DIRECTION('',(-0.707106781016712,6.32519523655489E-06,0.707106781328093));
#3274=DIRECTION('',(-1.87755844793543E-10,1.29343783525273E-06,-0.999999999999164));
#3275=CARTESIAN_POINT('',(0.0128333659273629,0.000299681467395856,0.196947283702818));
#3276=DIRECTION('',(-1.02386147236979E-05,-0.999999999946749,-1.29343783326258E-06));
#3277=DIRECTION('',(0.707106781282249,-8.15439256525592E-06,0.707106781043827));
#3278=DIRECTION('',(-1.02386147236979E-05,-0.999999999946749,-1.29343783326258E-06));
#3279=DIRECTION('',(1.87755890748325E-10,-1.29343783525273E-06,0.999999999999164));
#3280=DIRECTION('',(-1.02386147236979E-05,-0.999999999946749,-1.29343783326258E-06));
#3281=DIRECTION('',(-1.02386147236979E-05,-0.999999999946749,-1.29343783326258E-06));
#3282=CARTESIAN_POINT('',(0.0148334324784416,0.00679965969638247,0.197947292109761));
#3283=DIRECTION('',(1.8775584479352E-10,-1.29343783525273E-06,0.999999999999164));
#3284=DIRECTION('',(-0.707099541355584,0.707114020942794,9.14740790597607E-07));
#3285=DIRECTION('',(-0.999999999947585,1.02386147234465E-05,2.00998856447751E-10));
#3286=DIRECTION('',(-1.02386147237129E-05,-0.999999999946749,-1.29343783326258E-06));
#3287=DIRECTION('',(0.999999999947585,-1.02386147234465E-05,-2.00998856447751E-10));
#3288=DIRECTION('',(0.377957770119827,-0.65465669375193,-0.654654517537181));
#3289=DIRECTION('',(-0.999999999947585,1.02386147234465E-05,2.01001372799424E-10));
#3290=DIRECTION('',(-0.377971175859059,-0.654648954086684,-0.654654517385262));
#3291=DIRECTION('',(-0.499999999811189,3.99915733817841E-06,0.866025403884215));
#3292=DIRECTION('',(-0.75593564872553,-0.654645931007896,-8.46601906895988E-07));
#3293=DIRECTION('',(0.500000000136397,-6.2394573852681E-06,0.866025403683213));
#3294=DIRECTION('',(-0.377971175613074,-0.654650647594295,0.654652824029684));
#3295=DIRECTION('',(0.999999999947585,-1.02386147234465E-05,-2.01001372799424E-10));
#3296=DIRECTION('',(0.377957770365505,-0.654658387259506,0.654652823877755));
#3297=DIRECTION('',(0.49999999981119,-3.99915733817843E-06,-0.866025403884214));
#3298=DIRECTION('',(0.755922243232131,-0.654661410338341,-8.46905744419527E-07));
#3299=DIRECTION('',(-0.500000000136397,6.2394573852681E-06,-0.866025403683213));
#3300=CARTESIAN_POINT('',(-0.000166047217667083,0.00629907314648014,0.182987283834044));
#3301=DIRECTION('',(-1.02386147236979E-05,-0.999999999946749,-1.29343783326258E-06));
#3302=DIRECTION('',(0.999999999947585,-1.02386147237065E-05,-8.71556906033655E-22));
#3303=CARTESIAN_POINT('',(-0.000166007279293703,0.0101998326198825,0.182987288879434));
#3304=DIRECTION('',(-1.02386147236979E-05,-0.999999999946749,-1.29343783326258E-06));
#3305=DIRECTION('',(-0.999999999947585,1.02386147237065E-05,3.80411270830942E-27));
#3306=CARTESIAN_POINT('',(-0.0149182859038281,0.0101999998824733,0.170447301816548));
#3307=DIRECTION('',(1.02386147236979E-05,0.999999999946749,1.29343783326258E-06));
#3308=DIRECTION('',(0.999999999947585,-1.02386147237065E-05,-2.69542157842177E-22));
#3309=CARTESIAN_POINT('',(0.0145863777326677,0.0101996977955898,0.170447301810618));
#3310=DIRECTION('',(1.02386147236979E-05,0.999999999946749,1.29343783326258E-06));
#3311=DIRECTION('',(0.999999999947585,-1.02386147237065E-05,-2.69494856703897E-22));
#3312=CARTESIAN_POINT('',(0.0243858392013761,0.0101995683603349,0.192947296505534));
#3313=DIRECTION('',(-1.02386147236979E-05,-0.999999999946749,-1.29343783326258E-06));
#3314=DIRECTION('',(0.819152044353749,-9.12886764558445E-06,0.573576436185917));
#3315=DIRECTION('',(-0.342020143484176,4.71724646440178E-06,-0.939692620716376));
#3316=CARTESIAN_POINT('',(0.0158325406223252,0.0101996863300459,0.169447301810368));
#3317=DIRECTION('',(1.02386147236979E-05,0.999999999946749,1.29343783326258E-06));
#3318=DIRECTION('',(0.573576436167182,-4.8131058993378E-06,-0.819152044403594));
#3319=DIRECTION('',(-0.999999999947585,1.02386147234465E-05,2.00999070636974E-10));
#3320=CARTESIAN_POINT('',(-0.0161644487932581,0.0102000139348928,0.169447301816799));
#3321=DIRECTION('',(1.02386147236979E-05,0.999999999946749,1.29343783326258E-06));
#3322=DIRECTION('',(-0.573576436474783,6.9321503931538E-06,-0.819152044173018));
#3323=DIRECTION('',(-0.342020143131309,2.28637848593719E-06,0.939692620853868));
#3324=CARTESIAN_POINT('',(-0.0247177473634845,0.0102000711130393,0.192947296515404));
#3325=DIRECTION('',(-1.02386147236979E-05,-0.999999999946749,-1.29343783326258E-06));
#3326=DIRECTION('',(-0.819152044138365,7.64509671721272E-06,0.573576436515213));
#3327=CARTESIAN_POINT('',(-0.0211665192074346,0.0102000373402581,0.190947296514692));
#3328=DIRECTION('',(1.02386147236979E-05,0.999999999946749,1.29343783326258E-06));
#3329=DIRECTION('',(0.999999999947585,-1.02386147237065E-05,-2.69499361574209E-22));
#3330=CARTESIAN_POINT('',(0.0208334672881029,0.0101996073185779,0.19094729650625));
#3331=DIRECTION('',(1.02386147236979E-05,0.999999999946749,1.29343783326258E-06));
#3332=DIRECTION('',(0.999999999947585,-1.02386147237065E-05,-2.69560177323426E-22));
#3333=CARTESIAN_POINT('',(-0.0284765321807486,0.00880011136724382,0.191579214132045));
#3334=DIRECTION('',(-0.34202014313131,2.28637848592033E-06,0.939692620853868));
#3335=DIRECTION('',(-0.939692620800871,1.00635324969122E-05,-0.342020143136506));
#3336=CARTESIAN_POINT('',(-0.0247177719361599,0.00780007111316709,0.192947293411153));
#3337=DIRECTION('',(1.02386147236979E-05,0.999999999946749,1.29343783326258E-06));
#3338=DIRECTION('',(-0.819152044138366,7.64509671721272E-06,0.573576436515213));
#3339=CARTESIAN_POINT('',(-0.0247177616967941,0.0088000659393625,0.196947294704588));
#3340=DIRECTION('',(-0.999999999947585,1.02386147234296E-05,2.00999156554915E-10));
#3341=DIRECTION('',(-1.02386147236811E-05,-0.999999999946749,-1.29343782906411E-06));
#3342=CARTESIAN_POINT('',(-0.0247177616975451,0.00880007111311384,0.192947294704591));
#3343=DIRECTION('',(-1.02386147236979E-05,-0.999999999946749,-1.29343783326258E-06));
#3344=DIRECTION('',(-0.819152044138366,7.64509671721272E-06,0.573576436515213));
#3345=DIRECTION('',(0.999999999947585,-1.02386147234465E-05,-2.00998856447751E-10));
#3346=DIRECTION('',(0.342020143131309,-2.28637848593719E-06,-0.939692620853868));
#3347=CARTESIAN_POINT('',(-0.0199232336105222,0.00880005418909737,0.16807921943344));
#3348=DIRECTION('',(-0.342020143131309,2.28637848593719E-06,0.939692620853868));
#3349=DIRECTION('',(-0.939692620800871,1.00635324969122E-05,-0.342020143136506));
#3350=CARTESIAN_POINT('',(-0.0161644631280697,0.00880001910871872,0.16544730000599));
#3351=DIRECTION('',(-0.999999999947585,1.02386147234536E-05,2.00999210765024E-10));
#3352=DIRECTION('',(-1.87756199120886E-10,1.29343783426827E-06,-0.999999999999164));
#3353=CARTESIAN_POINT('',(-0.0161644733659334,0.00780001393502063,0.169447298712549));
#3354=DIRECTION('',(1.02386147236979E-05,0.999999999946749,1.29343783326258E-06));
#3355=DIRECTION('',(-0.573576436474782,6.93215039315379E-06,-0.819152044173019));
#3356=CARTESIAN_POINT('',(-0.0161644631273187,0.00880001393496738,0.169447300005986));
#3357=DIRECTION('',(-1.02386147236979E-05,-0.999999999946749,-1.29343783326258E-06));
#3358=DIRECTION('',(-0.573576436474782,6.93215039315379E-06,-0.819152044173019));
#3359=DIRECTION('',(0.999999999947585,-1.02386147234465E-05,-2.00999070636974E-10));
#3360=CARTESIAN_POINT('',(0.0158325262875135,0.00879969150387177,0.165447299999558));
#3361=DIRECTION('',(-0.999999999947585,1.02386147234465E-05,2.00999070636974E-10));
#3362=DIRECTION('',(-1.87756058975084E-10,1.29343783600296E-06,-0.999999999999164));
#3363=CARTESIAN_POINT('',(0.0195912967709543,0.00879964961504479,0.168079219425498));
#3364=DIRECTION('',(-0.342020143484175,4.71724646440009E-06,-0.939692620716377));
#3365=DIRECTION('',(0.939692620672438,-9.17876890813013E-06,-0.34202014351426));
#3366=CARTESIAN_POINT('',(0.0158325160496498,0.00779968633017368,0.169447298706117));
#3367=DIRECTION('',(1.02386147236979E-05,0.999999999946749,1.29343783326258E-06));
#3368=DIRECTION('',(0.57357643616718,-4.81310589933778E-06,-0.819152044403596));
#3369=CARTESIAN_POINT('',(0.0158325262882646,0.00879968633012043,0.169447299999555));
#3370=DIRECTION('',(-1.02386147236979E-05,-0.999999999946749,-1.29343783326258E-06));
#3371=DIRECTION('',(0.57357643616718,-4.81310589933778E-06,-0.819152044403596));
#3372=DIRECTION('',(0.342020143484176,-4.71724646440178E-06,0.939692620716376));
#3373=CARTESIAN_POINT('',(0.0281445953500053,0.0087995316453338,0.191579214120664));
#3374=DIRECTION('',(-0.342020143484175,4.71724646440178E-06,-0.939692620716376));
#3375=DIRECTION('',(0.939692620672438,-9.17876890986499E-06,-0.342020143514261));
#3376=CARTESIAN_POINT('',(0.0243858248680666,0.00879956318665809,0.196947294694718));
#3377=DIRECTION('',(0.999999999947585,-1.02386147234081E-05,-2.00999102344807E-10));
#3378=DIRECTION('',(1.87756090682966E-10,-1.29343783600299E-06,0.999999999999164));
#3379=CARTESIAN_POINT('',(0.0243858146287008,0.00779956836046268,0.192947293401283));
#3380=DIRECTION('',(1.02386147236979E-05,0.999999999946749,1.29343783326258E-06));
#3381=DIRECTION('',(0.819152044353748,-9.12886764558445E-06,0.573576436185919));
#3382=CARTESIAN_POINT('',(0.0243858248673155,0.00879956836040943,0.192947294694721));
#3383=DIRECTION('',(-1.02386147236979E-05,-0.999999999946749,-1.29343783326258E-06));
#3384=DIRECTION('',(0.819152044353748,-9.12886764558444E-06,0.573576436185919));
#3385=CARTESIAN_POINT('',(0.0148334529554833,0.0087996609897138,0.196947294696638));
#3386=DIRECTION('',(0.999999999947585,-1.02386147234465E-05,-2.00998856447751E-10));
#3387=DIRECTION('',(1.87755844785861E-10,-1.29343783600299E-06,0.999999999999164));
#3388=CARTESIAN_POINT('',(0.0128334324783586,0.00679968146704975,0.196947292110164));
#3389=DIRECTION('',(1.02386147237321E-05,0.999999999946749,1.293437833035E-06));
#3390=DIRECTION('',(1.87756060708884E-10,-1.29343783502516E-06,0.999999999999164));
#3391=CARTESIAN_POINT('',(0.0148334324782538,0.00679966098982031,0.196947292109762));
#3392=DIRECTION('',(-1.87755844793621E-10,1.29343783525273E-06,-0.999999999999164));
#3393=DIRECTION('',(-0.707099541355584,0.707114020942794,9.14740790597607E-07));
#3394=DIRECTION('',(-1.02386147237129E-05,-0.999999999946749,-1.29343783326258E-06));
#3395=DIRECTION('',(-1.02386147236829E-05,-0.999999999946749,-1.29343783326258E-06));
#3396=DIRECTION('',(-1.02386147236829E-05,-0.999999999946749,-1.29343783326258E-06));
#3397=DIRECTION('',(1.87755844793543E-10,-1.29343783525273E-06,0.999999999999164));
#3398=CARTESIAN_POINT('',(-0.000166543782705197,0.00779983262533536,0.182987221103291));
#3399=DIRECTION('',(-1.02386147236979E-05,-0.999999999946749,-1.29343783326258E-06));
#3400=DIRECTION('',(-0.000694423410080616,1.30054745521833E-06,-0.999999758887189));
#3401=CARTESIAN_POINT('',(-0.0211665437801099,0.00780003734038587,0.190947293410441));
#3402=DIRECTION('',(-1.02386147236979E-05,-0.999999999946749,-1.29343783326258E-06));
#3403=DIRECTION('',(-0.999999999947585,1.02386147237065E-05,2.13981339843481E-27));
#3404=CARTESIAN_POINT('',(0.0145863531599924,0.00779969779571756,0.170447298706367));
#3405=DIRECTION('',(1.02386147236979E-05,0.999999999946749,1.29343783326258E-06));
#3406=DIRECTION('',(-0.999999999947586,1.02386147237065E-05,0.0));
#3407=CARTESIAN_POINT('',(-0.0149183104765035,0.00779999988260109,0.170447298712297));
#3408=DIRECTION('',(1.02386147236979E-05,0.999999999946749,1.29343783326258E-06));
#3409=DIRECTION('',(-0.999999999947585,1.02386147237065E-05,0.0));
#3410=CARTESIAN_POINT('',(0.0208334427154275,0.00779960731870573,0.190947293401999));
#3411=DIRECTION('',(-1.02386147236979E-05,-0.999999999946749,-1.29343783326258E-06));
#3412=DIRECTION('',(-0.999999999947585,1.02386147237065E-05,0.0));
#3413=PRESENTATION_LAYER_ASSIGNMENT('9','Layer0',(#25));
ENDSEC;
END-ISO-10303-21;
