ISO-10303-21;
HEADER;
FILE_DESCRIPTION(('STEP AP214'),'1');
FILE_NAME('Rear_foot_supp_M6.stp','2026-07-17T20:44:34',(' '),(' '),'Spatial InterOp 3D',' ',' ');
FILE_SCHEMA(('AUTOMOTIVE_DESIGN { 1 0 10303 214 1 1 1 1 }'));
ENDSEC;
DATA;
#1=MECHANICAL_DESIGN_GEOMETRIC_PRESENTATION_REPRESENTATION(' ',(#10),#6);
#2=PRODUCT_DEFINITION_CONTEXT('',#11,'design');
#3=APPLICATION_PROTOCOL_DEFINITION('INTERNATIONAL STANDARD','automotive_design',1994,#11);
#4=PRODUCT_CATEGORY_RELATIONSHIP('NONE','NONE',#12,#13);
#5=SHAPE_DEFINITION_REPRESENTATION(#14,#15);
#6= (GEOMETRIC_REPRESENTATION_CONTEXT(3)GLOBAL_UNCERTAINTY_ASSIGNED_CONTEXT((#18))GLOBAL_UNIT_ASSIGNED_CONTEXT((#20,#21,#22))REPRESENTATION_CONTEXT('NONE','WORKSPACE'));
#10=STYLED_ITEM('',(#24),#25);
#11=APPLICATION_CONTEXT(' ');
#12=PRODUCT_CATEGORY('part','NONE');
#13=PRODUCT_RELATED_PRODUCT_CATEGORY('detail',' ',(#26));
#14=PRODUCT_DEFINITION_SHAPE('NONE','NONE',#27);
#15=ADVANCED_BREP_SHAPE_REPRESENTATION('Rear_foot_supp_M6',(#25,#28),#6);
#18=UNCERTAINTY_MEASURE_WITH_UNIT(LENGTH_MEASURE(1.0E-08),#20,'','');
#20= (CONVERSION_BASED_UNIT('METRE',#31)LENGTH_UNIT()NAMED_UNIT(#34));
#21= (NAMED_UNIT(#36)PLANE_ANGLE_UNIT()SI_UNIT($,.RADIAN.));
#22= (NAMED_UNIT(#36)SOLID_ANGLE_UNIT()SI_UNIT($,.STERADIAN.));
#24=PRESENTATION_STYLE_ASSIGNMENT((#42));
#25=MANIFOLD_SOLID_BREP('Rear_foot_supp_M6',#43);
#26=PRODUCT('Rear_foot_supp_M6','','PART--DESC',(#44));
#27=PRODUCT_DEFINITION('','NONE',#45,#2);
#28=AXIS2_PLACEMENT_3D('',#46,#47,#48);
#31=LENGTH_MEASURE_WITH_UNIT(LENGTH_MEASURE(1.0),#49);
#34=DIMENSIONAL_EXPONENTS(1.0,0.0,0.0,0.0,0.0,0.0,0.0);
#36=DIMENSIONAL_EXPONENTS(0.0,0.0,0.0,0.0,0.0,0.0,0.0);
#42=SURFACE_STYLE_USAGE(.BOTH.,#50);
#43=CLOSED_SHELL('',(#51,#52,#53,#54,#55,#56,#57,#58,#59,#60,#61,#62,#63,#64,#65,#66,#67,#68,#69,#70,#71,#72,#73,#74,#75,#76,#77,#78,#79,#80,#81,#82,#83,#84,#85,#86,#87,#88,#89,#90,#91,#92,#93,#94,#95,#96,#97,#98,#99,#100,#101,#102,#103,#104,#105,#106,#107,#108,#109,#110,#111,#112,#113,#114,#115,#116,#117,#118,#119,#120,#121,#122,#123,#124,#125));
#44=PRODUCT_CONTEXT('',#11,'mechanical');
#45=PRODUCT_DEFINITION_FORMATION_WITH_SPECIFIED_SOURCE(' ','NONE',#26,.NOT_KNOWN.);
#46=CARTESIAN_POINT('',(0.0,0.0,0.0));
#47=DIRECTION('',(0.0,0.0,1.0));
#48=DIRECTION('',(1.0,0.0,0.0));
#49= (NAMED_UNIT(#34)LENGTH_UNIT()SI_UNIT($,.METRE.));
#50=SURFACE_SIDE_STYLE('',(#127));
#51=ADVANCED_FACE('1:6439',(#128),#129,.T.);
#52=ADVANCED_FACE('1:6430',(#130),#131,.T.);
#53=ADVANCED_FACE('1:6496',(#132),#133,.T.);
#54=ADVANCED_FACE('1:6493',(#134),#135,.T.);
#55=ADVANCED_FACE('1:6490',(#136),#137,.T.);
#56=ADVANCED_FACE('1:6484',(#138),#139,.T.);
#57=ADVANCED_FACE('1:6481',(#140),#141,.T.);
#58=ADVANCED_FACE('1:6478',(#142),#143,.T.);
#59=ADVANCED_FACE('1:6472',(#144),#145,.F.);
#60=ADVANCED_FACE('1:6469',(#146),#147,.T.);
#61=ADVANCED_FACE('1:6466',(#148),#149,.F.);
#62=ADVANCED_FACE('1:6463',(#150),#151,.T.);
#63=ADVANCED_FACE('1:6457',(#152),#153,.T.);
#64=ADVANCED_FACE('1:6448',(#154),#155,.T.);
#65=ADVANCED_FACE('1:6442',(#156),#157,.F.);
#66=ADVANCED_FACE('1:6436',(#158),#159,.F.);
#67=ADVANCED_FACE('1:6385',(#160),#161,.T.);
#68=ADVANCED_FACE('1:6373',(#162),#163,.T.);
#69=ADVANCED_FACE('1:6361',(#164),#165,.T.);
#70=ADVANCED_FACE('1:6337',(#166),#167,.T.);
#71=ADVANCED_FACE('1:6334',(#168),#169,.T.);
#72=ADVANCED_FACE('1:6337',(#170),#171,.T.);
#73=ADVANCED_FACE('1:6340',(#172),#173,.T.);
#74=ADVANCED_FACE('1:6343',(#174),#175,.T.);
#75=ADVANCED_FACE('1:6346',(#176),#177,.T.);
#76=ADVANCED_FACE('1:6349',(#178),#179,.T.);
#77=ADVANCED_FACE('1:6352',(#180),#181,.T.);
#78=ADVANCED_FACE('1:6355',(#182),#183,.T.);
#79=ADVANCED_FACE('1:6358',(#184),#185,.T.);
#80=ADVANCED_FACE('1:6361',(#186),#187,.T.);
#81=ADVANCED_FACE('1:6364',(#188),#189,.T.);
#82=ADVANCED_FACE('1:6367',(#190),#191,.T.);
#83=ADVANCED_FACE('1:6370',(#192),#193,.T.);
#84=ADVANCED_FACE('1:6373',(#194),#195,.T.);
#85=ADVANCED_FACE('1:6376',(#196),#197,.T.);
#86=ADVANCED_FACE('1:6379',(#198),#199,.T.);
#87=ADVANCED_FACE('1:6382',(#200),#201,.T.);
#88=ADVANCED_FACE('1:6385',(#202),#203,.T.);
#89=ADVANCED_FACE('1:6388',(#204),#205,.T.);
#90=ADVANCED_FACE('1:6391',(#206),#207,.T.);
#91=ADVANCED_FACE('1:6394',(#208),#209,.T.);
#92=ADVANCED_FACE('1:6397',(#210),#211,.T.);
#93=ADVANCED_FACE('1:6400',(#212),#213,.T.);
#94=ADVANCED_FACE('1:6403',(#214),#215,.T.);
#95=ADVANCED_FACE('1:6406',(#216),#217,.T.);
#96=ADVANCED_FACE('1:6409',(#218),#219,.T.);
#97=ADVANCED_FACE('1:6412',(#220,#221),#222,.T.);
#98=ADVANCED_FACE('1:6415',(#223),#224,.T.);
#99=ADVANCED_FACE('1:6418',(#225),#226,.T.);
#100=ADVANCED_FACE('1:6421',(#227),#228,.T.);
#101=ADVANCED_FACE('1:6424',(#229),#230,.T.);
#102=ADVANCED_FACE('1:6427',(#231,#232),#233,.T.);
#103=ADVANCED_FACE('1:6430',(#234),#235,.T.);
#104=ADVANCED_FACE('1:6433',(#236,#237,#238,#239),#240,.T.);
#105=ADVANCED_FACE('1:6436',(#241),#242,.F.);
#106=ADVANCED_FACE('1:6439',(#243),#244,.T.);
#107=ADVANCED_FACE('1:6442',(#245),#246,.F.);
#108=ADVANCED_FACE('1:6445',(#247),#248,.T.);
#109=ADVANCED_FACE('1:6448',(#249),#250,.T.);
#110=ADVANCED_FACE('1:6451',(#251),#252,.T.);
#111=ADVANCED_FACE('1:6454',(#253),#254,.T.);
#112=ADVANCED_FACE('1:6457',(#255),#256,.T.);
#113=ADVANCED_FACE('1:6460',(#257),#258,.T.);
#114=ADVANCED_FACE('1:6463',(#259),#260,.T.);
#115=ADVANCED_FACE('1:6466',(#261),#262,.F.);
#116=ADVANCED_FACE('1:6469',(#263),#264,.T.);
#117=ADVANCED_FACE('1:6472',(#265),#266,.F.);
#118=ADVANCED_FACE('1:6475',(#267,#268),#269,.F.);
#119=ADVANCED_FACE('1:6478',(#270),#271,.T.);
#120=ADVANCED_FACE('1:6481',(#272),#273,.T.);
#121=ADVANCED_FACE('1:6484',(#274),#275,.T.);
#122=ADVANCED_FACE('1:6487',(#276,#277),#278,.F.);
#123=ADVANCED_FACE('1:6490',(#279),#280,.T.);
#124=ADVANCED_FACE('1:6493',(#281),#282,.T.);
#125=ADVANCED_FACE('1:6496',(#283),#284,.T.);
#127=SURFACE_STYLE_FILL_AREA(#285);
#128=FACE_OUTER_BOUND('',#286,.T.);
#129=B_SPLINE_SURFACE_WITH_KNOTS('',3,3,((#287,#288,#289,#290),(#291,#292,#293,#294),(#295,#296,#297,#298),(#299,#300,#301,#302),(#303,#304,#305,#306),(#307,#308,#309,#310),(#311,#312,#313,#314),(#315,#316,#317,#318),(#319,#320,#321,#322),(#323,#324,#325,#326),(#327,#328,#329,#330),(#331,#332,#333,#334),(#335,#336,#337,#338),(#339,#340,#341,#342),(#343,#344,#345,#346),(#347,#348,#349,#350),(#351,#352,#353,#354),(#355,#356,#357,#358),(#359,#360,#361,#362),(#363,#364,#365,#366),(#367,#368,#369,#370),(#371,#372,#373,#374),(#375,#376,#377,#378),(#379,#380,#381,#382),(#383,#384,#385,#386),(#387,#388,#389,#390),(#391,#392,#393,#394),(#395,#396,#397,#398),(#399,#400,#401,#402),(#403,#404,#405,#406),(#407,#408,#409,#410),(#411,#412,#413,#414),(#415,#416,#417,#418),(#419,#420,#421,#422)),.UNSPECIFIED.,.T.,.F.,.F.,(4,2,2,2,2,2,2,2,2,2,2,2,2,2,2,2,4),(4,4),(-3.14159265358979,-2.92438810386804,-2.47871850638231,-2.03304890889506,-1.5873793116145,-1.14170983940161,-0.696116806863965,-0.299999999744375,0.0,0.299999999744375,0.696116806866624,1.14170983941497,1.58737931161171,2.03304890890065,2.47871850638988,2.92438810387332,3.14159265358979),(0.0,1.0),.UNSPECIFIED.);
#130=FACE_OUTER_BOUND('',#423,.T.);
#131=B_SPLINE_SURFACE_WITH_KNOTS('',3,3,((#424,#425,#426,#427),(#428,#429,#430,#431),(#432,#433,#434,#435),(#436,#437,#438,#439),(#440,#441,#442,#443),(#444,#445,#446,#447),(#448,#449,#450,#451),(#452,#453,#454,#455),(#456,#457,#458,#459),(#460,#461,#462,#463),(#464,#465,#466,#467),(#468,#469,#470,#471),(#472,#473,#474,#475),(#476,#477,#478,#479),(#480,#481,#482,#483),(#484,#485,#486,#487),(#488,#489,#490,#491),(#492,#493,#494,#495),(#496,#497,#498,#499),(#500,#501,#502,#503),(#504,#505,#506,#507),(#508,#509,#510,#511),(#512,#513,#514,#515),(#516,#517,#518,#519),(#520,#521,#522,#523),(#524,#525,#526,#527),(#528,#529,#530,#531),(#532,#533,#534,#535),(#536,#537,#538,#539),(#540,#541,#542,#543),(#544,#545,#546,#547),(#548,#549,#550,#551),(#552,#553,#554,#555),(#556,#557,#558,#559)),.UNSPECIFIED.,.T.,.F.,.F.,(4,2,2,2,2,2,2,2,2,2,2,2,2,2,2,2,4),(4,4),(-3.14159265358979,-2.92438810386229,-2.47871850638931,-2.03304890889344,-1.58737931161229,-1.14170983940675,-0.696116806864287,-0.299999999744392,0.0,0.299999999744392,0.696116806864669,1.141709839407,1.58737931161871,2.03304890890426,2.47871850639292,2.9243881038713,3.14159265358979),(0.0,1.0),.UNSPECIFIED.);
#132=FACE_OUTER_BOUND('',#560,.T.);
#133=CYLINDRICAL_SURFACE('',#561,0.001);
#134=FACE_OUTER_BOUND('',#562,.T.);
#135=CYLINDRICAL_SURFACE('',#563,0.001);
#136=FACE_OUTER_BOUND('',#564,.T.);
#137=TOROIDAL_SURFACE('',#565,0.006,0.001);
#138=FACE_OUTER_BOUND('',#566,.T.);
#139=CYLINDRICAL_SURFACE('',#567,0.001);
#140=FACE_OUTER_BOUND('',#568,.T.);
#141=CYLINDRICAL_SURFACE('',#569,0.001);
#142=FACE_OUTER_BOUND('',#570,.T.);
#143=TOROIDAL_SURFACE('',#571,0.006,0.001);
#144=FACE_OUTER_BOUND('',#572,.T.);
#145=CONICAL_SURFACE('',#573,0.0041,0.785398163397448);
#146=FACE_OUTER_BOUND('',#574,.T.);
#147=TOROIDAL_SURFACE('',#575,0.014,0.001);
#148=FACE_OUTER_BOUND('',#576,.T.);
#149=CYLINDRICAL_SURFACE('',#577,0.0035);
#150=FACE_OUTER_BOUND('',#578,.T.);
#151=CYLINDRICAL_SURFACE('',#579,0.015);
#152=FACE_OUTER_BOUND('',#580,.T.);
#153=CYLINDRICAL_SURFACE('',#581,0.007);
#154=FACE_OUTER_BOUND('',#582,.T.);
#155=CYLINDRICAL_SURFACE('',#583,0.007);
#156=FACE_OUTER_BOUND('',#584,.T.);
#157=CYLINDRICAL_SURFACE('',#585,0.002);
#158=FACE_OUTER_BOUND('',#586,.T.);
#159=CYLINDRICAL_SURFACE('',#587,0.002);
#160=FACE_OUTER_BOUND('',#588,.T.);
#161=CYLINDRICAL_SURFACE('',#589,0.000400000000000006);
#162=FACE_OUTER_BOUND('',#590,.T.);
#163=CYLINDRICAL_SURFACE('',#591,0.000399999999999999);
#164=FACE_OUTER_BOUND('',#592,.T.);
#165=CYLINDRICAL_SURFACE('',#593,0.000400000000000005);
#166=FACE_OUTER_BOUND('',#594,.T.);
#167=CYLINDRICAL_SURFACE('',#595,0.0004);
#168=FACE_OUTER_BOUND('',#596,.T.);
#169=PLANE('',#597);
#170=FACE_OUTER_BOUND('',#598,.T.);
#171=CYLINDRICAL_SURFACE('',#599,0.0004);
#172=FACE_OUTER_BOUND('',#600,.T.);
#173=PLANE('',#601);
#174=FACE_OUTER_BOUND('',#602,.T.);
#175=PLANE('',#603);
#176=FACE_OUTER_BOUND('',#604,.T.);
#177=PLANE('',#605);
#178=FACE_OUTER_BOUND('',#606,.T.);
#179=CYLINDRICAL_SURFACE('',#607,0.000400000000000001);
#180=FACE_OUTER_BOUND('',#608,.T.);
#181=PLANE('',#609);
#182=FACE_OUTER_BOUND('',#610,.T.);
#183=PLANE('',#611);
#184=FACE_OUTER_BOUND('',#612,.T.);
#185=PLANE('',#613);
#186=FACE_OUTER_BOUND('',#614,.T.);
#187=CYLINDRICAL_SURFACE('',#615,0.000400000000000005);
#188=FACE_OUTER_BOUND('',#616,.T.);
#189=PLANE('',#617);
#190=FACE_OUTER_BOUND('',#618,.T.);
#191=PLANE('',#619);
#192=FACE_OUTER_BOUND('',#620,.T.);
#193=PLANE('',#621);
#194=FACE_OUTER_BOUND('',#622,.T.);
#195=CYLINDRICAL_SURFACE('',#623,0.000399999999999999);
#196=FACE_OUTER_BOUND('',#624,.T.);
#197=PLANE('',#625);
#198=FACE_OUTER_BOUND('',#626,.T.);
#199=PLANE('',#627);
#200=FACE_OUTER_BOUND('',#628,.T.);
#201=PLANE('',#629);
#202=FACE_OUTER_BOUND('',#630,.T.);
#203=CYLINDRICAL_SURFACE('',#631,0.000400000000000006);
#204=FACE_OUTER_BOUND('',#632,.T.);
#205=PLANE('',#633);
#206=FACE_OUTER_BOUND('',#634,.T.);
#207=PLANE('',#635);
#208=FACE_OUTER_BOUND('',#636,.T.);
#209=PLANE('',#637);
#210=FACE_OUTER_BOUND('',#638,.T.);
#211=CYLINDRICAL_SURFACE('',#639,0.0004);
#212=FACE_OUTER_BOUND('',#640,.T.);
#213=PLANE('',#641);
#214=FACE_OUTER_BOUND('',#642,.T.);
#215=PLANE('',#643);
#216=FACE_OUTER_BOUND('',#644,.T.);
#217=PLANE('',#645);
#218=FACE_OUTER_BOUND('',#646,.T.);
#219=PLANE('',#647);
#220=FACE_OUTER_BOUND('',#648,.T.);
#221=FACE_BOUND('',#649,.T.);
#222=PLANE('',#650);
#223=FACE_OUTER_BOUND('',#651,.T.);
#224=PLANE('',#652);
#225=FACE_OUTER_BOUND('',#653,.T.);
#226=PLANE('',#654);
#227=FACE_OUTER_BOUND('',#655,.T.);
#228=PLANE('',#656);
#229=FACE_OUTER_BOUND('',#657,.T.);
#230=PLANE('',#658);
#231=FACE_OUTER_BOUND('',#659,.T.);
#232=FACE_BOUND('',#660,.T.);
#233=PLANE('',#661);
#234=FACE_OUTER_BOUND('',#662,.T.);
#235=B_SPLINE_SURFACE_WITH_KNOTS('',3,3,((#663,#664,#665,#666),(#667,#668,#669,#670),(#671,#672,#673,#674),(#675,#676,#677,#678),(#679,#680,#681,#682),(#683,#684,#685,#686),(#687,#688,#689,#690),(#691,#692,#693,#694),(#695,#696,#697,#698),(#699,#700,#701,#702),(#703,#704,#705,#706),(#707,#708,#709,#710),(#711,#712,#713,#714),(#715,#716,#717,#718),(#719,#720,#721,#722),(#723,#724,#725,#726),(#727,#728,#729,#730),(#731,#732,#733,#734),(#735,#736,#737,#738),(#739,#740,#741,#742),(#743,#744,#745,#746),(#747,#748,#749,#750),(#751,#752,#753,#754),(#755,#756,#757,#758),(#759,#760,#761,#762),(#763,#764,#765,#766),(#767,#768,#769,#770),(#771,#772,#773,#774),(#775,#776,#777,#778),(#779,#780,#781,#782),(#783,#784,#785,#786),(#787,#788,#789,#790),(#791,#792,#793,#794),(#795,#796,#797,#798)),.UNSPECIFIED.,.T.,.F.,.F.,(4,2,2,2,2,2,2,2,2,2,2,2,2,2,2,2,4),(4,4),(-3.14159265358979,-2.92438810386229,-2.47871850638931,-2.03304890889344,-1.58737931161229,-1.14170983940675,-0.696116806864287,-0.299999999744392,0.0,0.299999999744392,0.696116806864669,1.141709839407,1.58737931161871,2.03304890890426,2.47871850639292,2.9243881038713,3.14159265358979),(0.0,1.0),.UNSPECIFIED.);
#236=FACE_BOUND('',#799,.T.);
#237=FACE_BOUND('',#800,.T.);
#238=FACE_OUTER_BOUND('',#801,.T.);
#239=FACE_BOUND('',#802,.T.);
#240=PLANE('',#803);
#241=FACE_OUTER_BOUND('',#804,.T.);
#242=CYLINDRICAL_SURFACE('',#805,0.002);
#243=FACE_OUTER_BOUND('',#806,.T.);
#244=B_SPLINE_SURFACE_WITH_KNOTS('',3,3,((#807,#808,#809,#810),(#811,#812,#813,#814),(#815,#816,#817,#818),(#819,#820,#821,#822),(#823,#824,#825,#826),(#827,#828,#829,#830),(#831,#832,#833,#834),(#835,#836,#837,#838),(#839,#840,#841,#842),(#843,#844,#845,#846),(#847,#848,#849,#850),(#851,#852,#853,#854),(#855,#856,#857,#858),(#859,#860,#861,#862),(#863,#864,#865,#866),(#867,#868,#869,#870),(#871,#872,#873,#874),(#875,#876,#877,#878),(#879,#880,#881,#882),(#883,#884,#885,#886),(#887,#888,#889,#890),(#891,#892,#893,#894),(#895,#896,#897,#898),(#899,#900,#901,#902),(#903,#904,#905,#906),(#907,#908,#909,#910),(#911,#912,#913,#914),(#915,#916,#917,#918),(#919,#920,#921,#922),(#923,#924,#925,#926),(#927,#928,#929,#930),(#931,#932,#933,#934),(#935,#936,#937,#938),(#939,#940,#941,#942)),.UNSPECIFIED.,.T.,.F.,.F.,(4,2,2,2,2,2,2,2,2,2,2,2,2,2,2,2,4),(4,4),(-3.14159265358979,-2.92438810386804,-2.47871850638231,-2.03304890889506,-1.5873793116145,-1.14170983940161,-0.696116806863965,-0.299999999744375,0.0,0.299999999744375,0.696116806866624,1.14170983941497,1.58737931161171,2.03304890890065,2.47871850638988,2.92438810387332,3.14159265358979),(0.0,1.0),.UNSPECIFIED.);
#245=FACE_OUTER_BOUND('',#943,.T.);
#246=CYLINDRICAL_SURFACE('',#944,0.002);
#247=FACE_OUTER_BOUND('',#945,.T.);
#248=PLANE('',#946);
#249=FACE_OUTER_BOUND('',#947,.T.);
#250=CYLINDRICAL_SURFACE('',#948,0.007);
#251=FACE_OUTER_BOUND('',#949,.T.);
#252=PLANE('',#950);
#253=FACE_OUTER_BOUND('',#951,.T.);
#254=PLANE('',#952);
#255=FACE_OUTER_BOUND('',#953,.T.);
#256=CYLINDRICAL_SURFACE('',#954,0.007);
#257=FACE_OUTER_BOUND('',#955,.T.);
#258=PLANE('',#956);
#259=FACE_OUTER_BOUND('',#957,.T.);
#260=CYLINDRICAL_SURFACE('',#958,0.015);
#261=FACE_OUTER_BOUND('',#959,.T.);
#262=CYLINDRICAL_SURFACE('',#960,0.0035);
#263=FACE_OUTER_BOUND('',#961,.T.);
#264=TOROIDAL_SURFACE('',#962,0.014,0.001);
#265=FACE_OUTER_BOUND('',#963,.T.);
#266=CONICAL_SURFACE('',#964,0.0041,0.785398163397448);
#267=FACE_OUTER_BOUND('',#965,.T.);
#268=FACE_BOUND('',#966,.T.);
#269=PLANE('',#967);
#270=FACE_OUTER_BOUND('',#968,.T.);
#271=TOROIDAL_SURFACE('',#969,0.006,0.001);
#272=FACE_OUTER_BOUND('',#970,.T.);
#273=CYLINDRICAL_SURFACE('',#971,0.001);
#274=FACE_OUTER_BOUND('',#972,.T.);
#275=CYLINDRICAL_SURFACE('',#973,0.001);
#276=FACE_OUTER_BOUND('',#974,.T.);
#277=FACE_BOUND('',#975,.T.);
#278=PLANE('',#976);
#279=FACE_OUTER_BOUND('',#977,.T.);
#280=TOROIDAL_SURFACE('',#978,0.006,0.001);
#281=FACE_OUTER_BOUND('',#979,.T.);
#282=CYLINDRICAL_SURFACE('',#980,0.001);
#283=FACE_OUTER_BOUND('',#981,.T.);
#284=CYLINDRICAL_SURFACE('',#982,0.001);
#285=FILL_AREA_STYLE('',(#983));
#286=EDGE_LOOP('',(#984,#985,#986,#987,#988));
#287=CARTESIAN_POINT('',(0.0872157922522105,0.0105008253654841,-0.0628664582173039));
#288=CARTESIAN_POINT('',(0.0878771952145534,0.00983416557884692,-0.0627829034895906));
#289=CARTESIAN_POINT('',(0.0885385981768962,0.00916750579220971,-0.0626993487618774));
#290=CARTESIAN_POINT('',(0.0892000011392391,0.0085008460055725,-0.0626157940341641));
#291=CARTESIAN_POINT('',(0.0871794949436009,0.0105008253654846,-0.062579135786883));
#292=CARTESIAN_POINT('',(0.0878469474573787,0.00983416557884745,-0.0625434681309066));
#293=CARTESIAN_POINT('',(0.0885143999711565,0.00916750579221032,-0.0625078004749301));
#294=CARTESIAN_POINT('',(0.0891818524849343,0.00850084600557319,-0.0624721328189536));
#295=CARTESIAN_POINT('',(0.0871745249475954,0.0105008250396319,-0.0622878665959182));
#296=CARTESIAN_POINT('',(0.0878428057940419,0.00983416519868595,-0.0623007438051024));
#297=CARTESIAN_POINT('',(0.0885110866404884,0.00916750535774003,-0.0623136210142866));
#298=CARTESIAN_POINT('',(0.0891793674869349,0.00850084551679411,-0.0623264982234708));
#299=CARTESIAN_POINT('',(0.0872553186093737,0.0105008230740211,-0.0614077349379242));
#300=CARTESIAN_POINT('',(0.0879101338455305,0.0098341629054734,-0.0615673007567732));
#301=CARTESIAN_POINT('',(0.0885649490816874,0.00916750273692569,-0.0617268665756222));
#302=CARTESIAN_POINT('',(0.0892197643178442,0.00850084256837797,-0.0618864323944712));
#303=CARTESIAN_POINT('',(0.0874436024354751,0.0105008203972878,-0.0608286829594001));
#304=CARTESIAN_POINT('',(0.0880670370339575,0.00983415978261789,-0.0610847574413353));
#305=CARTESIAN_POINT('',(0.0886904716324399,0.00916749916794797,-0.0613408319232705));
#306=CARTESIAN_POINT('',(0.0893139062309223,0.00850083855327804,-0.0615969064052057));
#307=CARTESIAN_POINT('',(0.0880517824619872,0.0105008128497068,-0.0598076365208206));
#308=CARTESIAN_POINT('',(0.0885738537227433,0.00983415097710665,-0.0602338854091824));
#309=CARTESIAN_POINT('',(0.0890959249834994,0.00916748910450654,-0.0606601342975443));
#310=CARTESIAN_POINT('',(0.0896179962442556,0.00850082723190644,-0.0610863831859062));
#311=CARTESIAN_POINT('',(0.0884712825459481,0.0105008079837748,-0.0593663070830838));
#312=CARTESIAN_POINT('',(0.0889234371260607,0.00983414530018606,-0.0598661108777331));
#313=CARTESIAN_POINT('',(0.0893755917061733,0.00916748261659731,-0.0603659146723823));
#314=CARTESIAN_POINT('',(0.0898277462862859,0.00850081993300855,-0.0608657184670315));
#315=CARTESIAN_POINT('',(0.0894601913963367,0.0105007970061492,-0.0587071575859682));
#316=CARTESIAN_POINT('',(0.0897475278347554,0.00983413249295618,-0.059316819630132));
#317=CARTESIAN_POINT('',(0.090034864273174,0.00916746797976315,-0.0599264816742957));
#318=CARTESIAN_POINT('',(0.0903222007115926,0.00850080346657012,-0.0605361437184595));
#319=CARTESIAN_POINT('',(0.0900289560720526,0.0105007909016054,-0.0584897668400876));
#320=CARTESIAN_POINT('',(0.0902214983978727,0.00983412537098842,-0.0591356606752289));
#321=CARTESIAN_POINT('',(0.0904140407236928,0.00916745984037142,-0.0597815545103701));
#322=CARTESIAN_POINT('',(0.090606583049513,0.00850079430975443,-0.0604274483455113));
#323=CARTESIAN_POINT('',(0.0912054047577189,0.010500778638477,-0.0583212828141739));
#324=CARTESIAN_POINT('',(0.0912018723026365,0.00983411106400523,-0.0589952573202954));
#325=CARTESIAN_POINT('',(0.0911983398475541,0.00916744348953349,-0.059669231826417));
#326=CARTESIAN_POINT('',(0.0911948073924717,0.00850077591506175,-0.0603432063325386));
#327=CARTESIAN_POINT('',(0.0918123225191741,0.0105007724878795,-0.0583702991942317));
#328=CARTESIAN_POINT('',(0.0917076371038702,0.00983410388830816,-0.0590361043036743));
#329=CARTESIAN_POINT('',(0.0916029516885663,0.00916743528873684,-0.0597019094131169));
#330=CARTESIAN_POINT('',(0.0914982662732623,0.00850076668916552,-0.0603677145225595));
#331=CARTESIAN_POINT('',(0.0929463880314452,0.0105007613358741,-0.0587253641908232));
#332=CARTESIAN_POINT('',(0.0926526916974675,0.00983409087763525,-0.0593319918008291));
#333=CARTESIAN_POINT('',(0.0923589953634898,0.00916742041939637,-0.059938619410835));
#334=CARTESIAN_POINT('',(0.092065299029512,0.0085007499611575,-0.0605452470208409));
#335=CARTESIAN_POINT('',(0.0934728114083088,0.010500756341526,-0.0590311368915841));
#336=CARTESIAN_POINT('',(0.0930913778448708,0.00983408505089573,-0.0595868023847944));
#337=CARTESIAN_POINT('',(0.0927099442814329,0.0091674137602655,-0.0601424678780046));
#338=CARTESIAN_POINT('',(0.0923285107179949,0.00850074246963526,-0.0606981333712149));
#339=CARTESIAN_POINT('',(0.0942947236466135,0.0105007489147035,-0.0597953176236268));
#340=CARTESIAN_POINT('',(0.0937763047101501,0.00983407638626951,-0.0602236196614934));
#341=CARTESIAN_POINT('',(0.0932578857736867,0.00916740385783553,-0.06065192169936));
#342=CARTESIAN_POINT('',(0.0927394668372233,0.00850073132940155,-0.0610802237372266));
#343=CARTESIAN_POINT('',(0.0946092212505593,0.0105007462600188,-0.0602323970458159));
#344=CARTESIAN_POINT('',(0.0940383860467807,0.00983407328913732,-0.0605878525133165));
#345=CARTESIAN_POINT('',(0.0934675508430021,0.00916740031825588,-0.0609433079808171));
#346=CARTESIAN_POINT('',(0.0928967156392234,0.00850072734737444,-0.0612987634483177));
#347=CARTESIAN_POINT('',(0.0949924804169309,0.0105007434293597,-0.0610777286338478));
#348=CARTESIAN_POINT('',(0.0943577686854333,0.00983406998670172,-0.0612922955033419));
#349=CARTESIAN_POINT('',(0.0937230569539358,0.00916739654404376,-0.0615068623728359));
#350=CARTESIAN_POINT('',(0.0930883452224382,0.00850072310138581,-0.06172142924233));
#351=CARTESIAN_POINT('',(0.0951025763569703,0.0105007428055573,-0.0614669452644936));
#352=CARTESIAN_POINT('',(0.0944495153021349,0.00983406925893225,-0.0616166426955464));
#353=CARTESIAN_POINT('',(0.0937964542472996,0.00916739571230724,-0.0617663401265992));
#354=CARTESIAN_POINT('',(0.0931433931924643,0.00850072216568222,-0.0619160375576521));
#355=CARTESIAN_POINT('',(0.0952028430648964,0.010500742805556,-0.0622606370095628));
#356=CARTESIAN_POINT('',(0.0945330708920734,0.00983406925893078,-0.0622780524831041));
#357=CARTESIAN_POINT('',(0.0938632987192504,0.00916739571230555,-0.0622954679566454));
#358=CARTESIAN_POINT('',(0.0931935265464273,0.00850072216568033,-0.0623128834301867));
#359=CARTESIAN_POINT('',(0.0951930003546804,0.0105007434293571,-0.0626650054339482));
#360=CARTESIAN_POINT('',(0.0945248686335579,0.00983406998669877,-0.0626150261700923));
#361=CARTESIAN_POINT('',(0.0938567369124354,0.0091673965440404,-0.0625650469062362));
#362=CARTESIAN_POINT('',(0.093188605191313,0.00850072310138203,-0.0625150676423802));
#363=CARTESIAN_POINT('',(0.0950320076761064,0.0105007462600134,-0.0635790921036819));
#364=CARTESIAN_POINT('',(0.0943907080680699,0.00983407328913111,-0.0633767650615381));
#365=CARTESIAN_POINT('',(0.0937494084600334,0.00916740031824879,-0.0631744380193944));
#366=CARTESIAN_POINT('',(0.093108108851997,0.00850072734736647,-0.0629721109772507));
#367=CARTESIAN_POINT('',(0.0948360879780236,0.0105007489146967,-0.064080652305548));
#368=CARTESIAN_POINT('',(0.0942274416529919,0.00983407638626157,-0.0637947318964277));
#369=CARTESIAN_POINT('',(0.0936187953279601,0.00916740385782645,-0.0635088114873075));
#370=CARTESIAN_POINT('',(0.0930101490029284,0.00850073132939133,-0.0632228910781872));
#371=CARTESIAN_POINT('',(0.0942300419324749,0.0105007563415164,-0.0650252263415108));
#372=CARTESIAN_POINT('',(0.093722403281676,0.00983408505088462,-0.0645818769263999));
#373=CARTESIAN_POINT('',(0.093214764630877,0.0091674137602528,-0.0641385275112891));
#374=CARTESIAN_POINT('',(0.092707125980078,0.00850074246962097,-0.0636951780961782));
#375=CARTESIAN_POINT('',(0.093796199822848,0.0105007613358634,-0.0654523089332564));
#376=CARTESIAN_POINT('',(0.0933608681903031,0.00983409087762278,-0.0649377790861901));
#377=CARTESIAN_POINT('',(0.0929255365577583,0.00916742041938212,-0.0644232492391238));
#378=CARTESIAN_POINT('',(0.0924902049252134,0.00850074996114146,-0.0639087193920575));
#379=CARTESIAN_POINT('',(0.0927860643290864,0.0105007724878672,-0.0660782498427303));
#380=CARTESIAN_POINT('',(0.0925190886121304,0.00983410388829387,-0.0654593965107565));
#381=CARTESIAN_POINT('',(0.0922521128951744,0.00916743528872051,-0.0648405431787827));
#382=CARTESIAN_POINT('',(0.0919851371782185,0.00850076668914715,-0.0642216898468089));
#383=CARTESIAN_POINT('',(0.092210403943774,0.0105007786384643,-0.0662766607684314));
#384=CARTESIAN_POINT('',(0.0920393716243491,0.00983411106399048,-0.0656247389488434));
#385=CARTESIAN_POINT('',(0.0918683393049242,0.00916744348951664,-0.0649728171292554));
#386=CARTESIAN_POINT('',(0.0916973069854992,0.0085007759150428,-0.0643208953096674));
#387=CARTESIAN_POINT('',(0.0910290153230235,0.0105007909015928,-0.0664060412295951));
#388=CARTESIAN_POINT('',(0.0910548811070152,0.00983412537097374,-0.0657325559998184));
#389=CARTESIAN_POINT('',(0.0910807468910068,0.00916745984035465,-0.0650590707700417));
#390=CARTESIAN_POINT('',(0.0911066126749985,0.00850079430973556,-0.064385585540265));
#391=CARTESIAN_POINT('',(0.0904240565343036,0.0105007970061371,-0.0663369264214735));
#392=CARTESIAN_POINT('',(0.090550748783061,0.00983413249294204,-0.0656749603263864));
#393=CARTESIAN_POINT('',(0.0906774410318185,0.00916746797974699,-0.0650129942312992));
#394=CARTESIAN_POINT('',(0.090804133280576,0.00850080346655194,-0.0643510281362121));
#395=CARTESIAN_POINT('',(0.0893022921400166,0.0105008079837644,-0.0659444172907928));
#396=CARTESIAN_POINT('',(0.0896159451211178,0.00983414530017387,-0.0653478693841572));
#397=CARTESIAN_POINT('',(0.089929598102219,0.00916748261658337,-0.0647513214775216));
#398=CARTESIAN_POINT('',(0.0902432510833202,0.00850081993299287,-0.064154773570886));
#399=CARTESIAN_POINT('',(0.0887862171558697,0.0105008128496975,-0.0656212786149933));
#400=CARTESIAN_POINT('',(0.0891858826343121,0.00983415097709587,-0.0650785871543264));
#401=CARTESIAN_POINT('',(0.0895855481127545,0.00916748910449422,-0.0645358956936595));
#402=CARTESIAN_POINT('',(0.0899852135911969,0.00850082723189258,-0.0639932042329926));
#403=CARTESIAN_POINT('',(0.0879432200438991,0.0105008203972815,-0.0647835587073914));
#404=CARTESIAN_POINT('',(0.0884833850409775,0.00983415978261056,-0.0643804872313281));
#405=CARTESIAN_POINT('',(0.0890235500380559,0.00916749916793959,-0.0639774157552647));
#406=CARTESIAN_POINT('',(0.0895637150351343,0.00850083855326861,-0.0635743442792013));
#407=CARTESIAN_POINT('',(0.0876168469722887,0.0105008230740166,-0.0642695230946877));
#408=CARTESIAN_POINT('',(0.088211407481293,0.0098341629054681,-0.0639521242207428));
#409=CARTESIAN_POINT('',(0.0888059679902974,0.00916750273691962,-0.0636347253467979));
#410=CARTESIAN_POINT('',(0.0894005284993017,0.00850084256837115,-0.063317326472853));
#411=CARTESIAN_POINT('',(0.0873197114951209,0.01050082503963,-0.0634371350485355));
#412=CARTESIAN_POINT('',(0.0879637945836464,0.00983416519868382,-0.0632584675156168));
#413=CARTESIAN_POINT('',(0.088607877672172,0.0091675053577376,-0.0630797999826981));
#414=CARTESIAN_POINT('',(0.0892519607606976,0.00850084551679137,-0.0629011324497794));
#415=CARTESIAN_POINT('',(0.0872520895608192,0.0105008253654837,-0.0631537806477178));
#416=CARTESIAN_POINT('',(0.0879074429717273,0.00983416557884639,-0.0630223388482689));
#417=CARTESIAN_POINT('',(0.0885627963826353,0.00916750579220911,-0.06289089704882));
#418=CARTESIAN_POINT('',(0.0892181497935434,0.00850084600557182,-0.062759455249371));
#419=CARTESIAN_POINT('',(0.0872157922522105,0.0105008253654841,-0.0628664582173039));
#420=CARTESIAN_POINT('',(0.0878771952145534,0.00983416557884692,-0.0627829034895906));
#421=CARTESIAN_POINT('',(0.0885385981768962,0.00916750579220971,-0.0626993487618774));
#422=CARTESIAN_POINT('',(0.0892000011392391,0.0085008460055725,-0.0626157940341641));
#423=EDGE_LOOP('',(#989,#990,#991,#992,#993));
#424=CARTESIAN_POINT('',(0.05793152099407,0.0105011630732394,-0.092150729459929));
#425=CARTESIAN_POINT('',(0.0585929239564128,0.00983450328660216,-0.0920671747322157));
#426=CARTESIAN_POINT('',(0.0592543269187557,0.00916784349996495,-0.0919836200045024));
#427=CARTESIAN_POINT('',(0.0599157298810986,0.00850118371332774,-0.0919000652767891));
#428=CARTESIAN_POINT('',(0.0578952236854594,0.0105011630732398,-0.0918634070295005));
#429=CARTESIAN_POINT('',(0.0585626761992374,0.00983450328660269,-0.0918277393735253));
#430=CARTESIAN_POINT('',(0.0592301287130154,0.00916784349996556,-0.0917920717175501));
#431=CARTESIAN_POINT('',(0.0598975812267933,0.00850118371332843,-0.0917564040615749));
#432=CARTESIAN_POINT('',(0.0578902536894546,0.0105011627473871,-0.0915721378385279));
#433=CARTESIAN_POINT('',(0.0585585345359012,0.00983450290644119,-0.0915850150477146));
#434=CARTESIAN_POINT('',(0.0592268153823477,0.00916784306549527,-0.0915978922569014));
#435=CARTESIAN_POINT('',(0.0598950962287942,0.00850118322454935,-0.0916107694660881));
#436=CARTESIAN_POINT('',(0.0579710473512371,0.0105011607817764,-0.0906920061805436));
#437=CARTESIAN_POINT('',(0.0586258625873933,0.00983450061322864,-0.0908515719993936));
#438=CARTESIAN_POINT('',(0.0592806778235495,0.00916784044468093,-0.0910111378182435));
#439=CARTESIAN_POINT('',(0.0599354930597056,0.00850118027613321,-0.0911707036370935));
#440=CARTESIAN_POINT('',(0.0581593311773325,0.0105011581050431,-0.0901129542020368));
#441=CARTESIAN_POINT('',(0.0587827657758152,0.00983449749037313,-0.0903690286839701));
#442=CARTESIAN_POINT('',(0.059406200374298,0.0091678368757032,-0.0906251031659033));
#443=CARTESIAN_POINT('',(0.0600296349727807,0.00850117626103328,-0.0908811776478366));
#444=CARTESIAN_POINT('',(0.0587675112038347,0.010501150557462,-0.0890919077634577));
#445=CARTESIAN_POINT('',(0.0592895824645928,0.00983448868486189,-0.0895181566518176));
#446=CARTESIAN_POINT('',(0.0598116537253509,0.00916782681226178,-0.0899444055401774));
#447=CARTESIAN_POINT('',(0.0603337249861091,0.00850116493966168,-0.0903706544285373));
#448=CARTESIAN_POINT('',(0.0591870112878029,0.0105011456915301,-0.0886505783257109));
#449=CARTESIAN_POINT('',(0.0596391658679163,0.0098344830079413,-0.0891503821203598));
#450=CARTESIAN_POINT('',(0.0600913204480296,0.00916782032435254,-0.0896501859150087));
#451=CARTESIAN_POINT('',(0.060543475028143,0.00850115764076378,-0.0901499897096576));
#452=CARTESIAN_POINT('',(0.0601759201382028,0.0105011347139045,-0.08799142882859));
#453=CARTESIAN_POINT('',(0.0604632565766203,0.00983447020071142,-0.0886010908727543));
#454=CARTESIAN_POINT('',(0.0607505930150378,0.00916780568751839,-0.0892107529169186));
#455=CARTESIAN_POINT('',(0.0610379294534554,0.00850114117432536,-0.089820414961083));
#456=CARTESIAN_POINT('',(0.0607446848139198,0.0105011286093607,-0.0877740380827102));
#457=CARTESIAN_POINT('',(0.0609372271397387,0.00983446307874366,-0.0884199319178519));
#458=CARTESIAN_POINT('',(0.0611297694655575,0.00916779754812666,-0.0890658257529935));
#459=CARTESIAN_POINT('',(0.0613223117913764,0.00850113201750967,-0.0897117195881352));
#460=CARTESIAN_POINT('',(0.0619211334995776,0.0105011163462322,-0.0876055540568004));
#461=CARTESIAN_POINT('',(0.0619176010444953,0.00983444877176047,-0.0882795285629217));
#462=CARTESIAN_POINT('',(0.0619140685894131,0.00916778119728873,-0.0889535030690431));
#463=CARTESIAN_POINT('',(0.0619105361343308,0.00850111362281699,-0.0896274775751644));
#464=CARTESIAN_POINT('',(0.0625280512610225,0.0105011101956347,-0.0876545704368564));
#465=CARTESIAN_POINT('',(0.0624233658457204,0.0098344415960634,-0.0883203755462991));
#466=CARTESIAN_POINT('',(0.0623186804304183,0.00916777299649208,-0.0889861806557418));
#467=CARTESIAN_POINT('',(0.0622139950151162,0.00850110439692076,-0.0896519857651845));
#468=CARTESIAN_POINT('',(0.0636621167732921,0.0105010990436294,-0.0880096354334411));
#469=CARTESIAN_POINT('',(0.0633684204393165,0.00983442858539049,-0.0886162630434482));
#470=CARTESIAN_POINT('',(0.0630747241053409,0.00916775812715161,-0.0892228906534553));
#471=CARTESIAN_POINT('',(0.0627810277713652,0.00850108766891274,-0.0898295182634624));
#472=CARTESIAN_POINT('',(0.0641885401501625,0.0105010940492812,-0.0883154081342041));
#473=CARTESIAN_POINT('',(0.0638071065867255,0.00983442275865097,-0.0888710736274152));
#474=CARTESIAN_POINT('',(0.0634256730232885,0.00916775146802074,-0.0894267391206263));
#475=CARTESIAN_POINT('',(0.0630442394598515,0.0085010801773905,-0.0899824046138374));
#476=CARTESIAN_POINT('',(0.0650104523884724,0.0105010866224587,-0.0890795888662511));
#477=CARTESIAN_POINT('',(0.0644920334520091,0.00983441409402475,-0.0895078909041178));
#478=CARTESIAN_POINT('',(0.0639736145155458,0.00916774156559077,-0.0899361929419846));
#479=CARTESIAN_POINT('',(0.0634551955790825,0.00850106903715679,-0.0903644949798513));
#480=CARTESIAN_POINT('',(0.0653249499924186,0.010501083967774,-0.0895166682884405));
#481=CARTESIAN_POINT('',(0.06475411478864,0.00983441099689256,-0.0898721237559412));
#482=CARTESIAN_POINT('',(0.0641832795848614,0.00916773802601112,-0.0902275792234419));
#483=CARTESIAN_POINT('',(0.0636124443810828,0.00850106505512968,-0.0905830346909425));
#484=CARTESIAN_POINT('',(0.0657082091587904,0.0105010811371149,-0.0903619998764728));
#485=CARTESIAN_POINT('',(0.0650734974272928,0.00983440769445696,-0.0905765667459669));
#486=CARTESIAN_POINT('',(0.0644387856957952,0.009167734251799,-0.090791133615461));
#487=CARTESIAN_POINT('',(0.0638040739642977,0.00850106080914105,-0.0910057004849551));
#488=CARTESIAN_POINT('',(0.0658183050988297,0.0105010805133125,-0.0907512165071186));
#489=CARTESIAN_POINT('',(0.0651652440439944,0.00983440696668749,-0.0909009139381715));
#490=CARTESIAN_POINT('',(0.0645121829891591,0.00916773342006248,-0.0910506113692243));
#491=CARTESIAN_POINT('',(0.0638591219343238,0.00850105987343746,-0.0912003088002772));
#492=CARTESIAN_POINT('',(0.0659185718067559,0.0105010805133112,-0.0915449082521879));
#493=CARTESIAN_POINT('',(0.0652487996339329,0.00983440696668602,-0.0915623237257292));
#494=CARTESIAN_POINT('',(0.0645790274611098,0.00916773342006079,-0.0915797391992705));
#495=CARTESIAN_POINT('',(0.0639092552882868,0.00850105987343557,-0.0915971546728118));
#496=CARTESIAN_POINT('',(0.0659087290965399,0.0105010811371124,-0.0919492766765734));
#497=CARTESIAN_POINT('',(0.0652405973754174,0.00983440769445401,-0.0918992974127174));
#498=CARTESIAN_POINT('',(0.0645724656542949,0.00916773425179564,-0.0918493181488614));
#499=CARTESIAN_POINT('',(0.0639043339331724,0.00850106080913727,-0.0917993388850054));
#500=CARTESIAN_POINT('',(0.0657477364179663,0.0105010839677687,-0.0928633633463044));
#501=CARTESIAN_POINT('',(0.0651064368099298,0.00983441099688635,-0.0926610363041611));
#502=CARTESIAN_POINT('',(0.0644651372018932,0.00916773802600403,-0.0924587092620178));
#503=CARTESIAN_POINT('',(0.0638238375938567,0.0085010650551217,-0.0922563822198745));
#504=CARTESIAN_POINT('',(0.065551816719885,0.0105010866224519,-0.0933649235481681));
#505=CARTESIAN_POINT('',(0.0649431703948529,0.00983441409401681,-0.0930790031390487));
#506=CARTESIAN_POINT('',(0.0643345240698209,0.00916774156558169,-0.0927930827299293));
#507=CARTESIAN_POINT('',(0.0637258777447888,0.00850106903714657,-0.0925071623208098));
#508=CARTESIAN_POINT('',(0.064945770674344,0.0105010940492717,-0.0943094975841232));
#509=CARTESIAN_POINT('',(0.0644381320235434,0.00983442275863986,-0.0938661481690144));
#510=CARTESIAN_POINT('',(0.0639304933727428,0.00916775146800804,-0.0934227987539057));
#511=CARTESIAN_POINT('',(0.0634228547219423,0.00850108017737621,-0.0929794493387969));
#512=CARTESIAN_POINT('',(0.0645119285647253,0.0105010990436187,-0.0947365801758649));
#513=CARTESIAN_POINT('',(0.0640765969321775,0.00983442858537802,-0.0942220503288014));
#514=CARTESIAN_POINT('',(0.0636412652996297,0.00916775812713736,-0.0937075204817378));
#515=CARTESIAN_POINT('',(0.0632059336670818,0.0085010876688967,-0.0931929906346743));
#516=CARTESIAN_POINT('',(0.0635017930709585,0.0105011101956225,-0.0953625210853531));
#517=CARTESIAN_POINT('',(0.0632348173540004,0.00983444159604911,-0.0947436677533797));
#518=CARTESIAN_POINT('',(0.0629678416370423,0.00916777299647575,-0.0941248144214063));
#519=CARTESIAN_POINT('',(0.0627008659200843,0.00850110439690239,-0.0935059610894328));
#520=CARTESIAN_POINT('',(0.0629261326856259,0.0105011163462196,-0.0955609320110616));
#521=CARTESIAN_POINT('',(0.0627551003662023,0.00983444877174572,-0.0949090101914727));
#522=CARTESIAN_POINT('',(0.0625840680467786,0.00916778119727188,-0.0942570883718838));
#523=CARTESIAN_POINT('',(0.062413035727355,0.00850111362279804,-0.093605166552295));
#524=CARTESIAN_POINT('',(0.0617447440648592,0.0105011286093481,-0.0956903124722185));
#525=CARTESIAN_POINT('',(0.0617706098488548,0.00983446307872898,-0.0950168272424421));
#526=CARTESIAN_POINT('',(0.0617964756328505,0.00916779754810989,-0.0943433420126657));
#527=CARTESIAN_POINT('',(0.0618223414168461,0.0085011320174908,-0.0936698567828893));
#528=CARTESIAN_POINT('',(0.0611397852761444,0.0105011347138923,-0.0956211976640943));
#529=CARTESIAN_POINT('',(0.061266477524905,0.00983447020069728,-0.0949592315690079));
#530=CARTESIAN_POINT('',(0.0613931697736656,0.00916780568750223,-0.0942972654739215));
#531=CARTESIAN_POINT('',(0.0615198620224262,0.00850114117430718,-0.0936352993788351));
#532=CARTESIAN_POINT('',(0.0600180208818639,0.0105011456915196,-0.0952286885334113));
#533=CARTESIAN_POINT('',(0.0603316738629671,0.00983448300792911,-0.0946321406267768));
#534=CARTESIAN_POINT('',(0.0606453268440703,0.00916782032433861,-0.0940355927201423));
#535=CARTESIAN_POINT('',(0.0609589798251735,0.00850115764074811,-0.0934390448135078));
#536=CARTESIAN_POINT('',(0.0595019458977188,0.0105011505574528,-0.0949055498576105));
#537=CARTESIAN_POINT('',(0.0599016113761629,0.00983448868485111,-0.0943628583969449));
#538=CARTESIAN_POINT('',(0.060301276854607,0.00916782681224946,-0.0938201669362793));
#539=CARTESIAN_POINT('',(0.0607009423330511,0.00850116493964782,-0.0932774754756137));
#540=CARTESIAN_POINT('',(0.058658948785756,0.0105011581050368,-0.0940678299500114));
#541=CARTESIAN_POINT('',(0.0591991137828349,0.0098344974903658,-0.0936647584739489));
#542=CARTESIAN_POINT('',(0.0597392787799137,0.00916783687569483,-0.0932616869978864));
#543=CARTESIAN_POINT('',(0.0602794437769925,0.00850117626102385,-0.0928586155218239));
#544=CARTESIAN_POINT('',(0.0583325757141498,0.0105011607817718,-0.0935537943373137));
#545=CARTESIAN_POINT('',(0.0589271362231538,0.00983450061322333,-0.0932363954633686));
#546=CARTESIAN_POINT('',(0.0595216967321579,0.00916784044467486,-0.0929189965894236));
#547=CARTESIAN_POINT('',(0.060116257241162,0.00850118027612639,-0.0926015977154785));
#548=CARTESIAN_POINT('',(0.0580354402369816,0.0105011627473853,-0.0927214062911658));
#549=CARTESIAN_POINT('',(0.058679523325507,0.00983450290643906,-0.0925427387582463));
#550=CARTESIAN_POINT('',(0.0593236064140324,0.00916784306549284,-0.0923640712253267));
#551=CARTESIAN_POINT('',(0.0599676895025577,0.00850118322454661,-0.0921854036924071));
#552=CARTESIAN_POINT('',(0.057967818302679,0.0105011630732389,-0.0924380518903456));
#553=CARTESIAN_POINT('',(0.058623171713587,0.00983450328660163,-0.0923066100908962));
#554=CARTESIAN_POINT('',(0.059278525124495,0.00916784349996434,-0.0921751682914468));
#555=CARTESIAN_POINT('',(0.0599338785354031,0.00850118371332706,-0.0920437264919974));
#556=CARTESIAN_POINT('',(0.05793152099407,0.0105011630732394,-0.092150729459929));
#557=CARTESIAN_POINT('',(0.0585929239564128,0.00983450328660216,-0.0920671747322157));
#558=CARTESIAN_POINT('',(0.0592543269187557,0.00916784349996495,-0.0919836200045024));
#559=CARTESIAN_POINT('',(0.0599157298810986,0.00850118371332774,-0.0919000652767891));
#560=EDGE_LOOP('',(#994,#995,#996,#997));
#561=AXIS2_PLACEMENT_3D('',#998,#999,#1000);
#562=EDGE_LOOP('',(#1001,#1002,#1003,#1004));
#563=AXIS2_PLACEMENT_3D('',#1005,#1006,#1007);
#564=EDGE_LOOP('',(#1008,#1009,#1010,#1011,#1012,#1013));
#565=AXIS2_PLACEMENT_3D('',#1014,#1015,#1016);
#566=EDGE_LOOP('',(#1017,#1018,#1019,#1020));
#567=AXIS2_PLACEMENT_3D('',#1021,#1022,#1023);
#568=EDGE_LOOP('',(#1024,#1025,#1026,#1027));
#569=AXIS2_PLACEMENT_3D('',#1028,#1029,#1030);
#570=EDGE_LOOP('',(#1031,#1032,#1033,#1034,#1035));
#571=AXIS2_PLACEMENT_3D('',#1036,#1037,#1038);
#572=EDGE_LOOP('',(#1039,#1040,#1041,#1042));
#573=AXIS2_PLACEMENT_3D('',#1043,#1044,#1045);
#574=EDGE_LOOP('',(#1046,#1047,#1048,#1049,#1050));
#575=AXIS2_PLACEMENT_3D('',#1051,#1052,#1053);
#576=EDGE_LOOP('',(#1054,#1055,#1056,#1057));
#577=AXIS2_PLACEMENT_3D('',#1058,#1059,#1060);
#578=EDGE_LOOP('',(#1061,#1062,#1063,#1064,#1065,#1066,#1067,#1068,#1069,#1070,#1071,#1072,#1073));
#579=AXIS2_PLACEMENT_3D('',#1074,#1075,#1076);
#580=EDGE_LOOP('',(#1077,#1078,#1079,#1080,#1081));
#581=AXIS2_PLACEMENT_3D('',#1082,#1083,#1084);
#582=EDGE_LOOP('',(#1085,#1086,#1087,#1088,#1089));
#583=AXIS2_PLACEMENT_3D('',#1090,#1091,#1092);
#584=EDGE_LOOP('',(#1093,#1094,#1095,#1096,#1097));
#585=AXIS2_PLACEMENT_3D('',#1098,#1099,#1100);
#586=EDGE_LOOP('',(#1101,#1102,#1103,#1104,#1105));
#587=AXIS2_PLACEMENT_3D('',#1106,#1107,#1108);
#588=EDGE_LOOP('',(#1109,#1110,#1111,#1112));
#589=AXIS2_PLACEMENT_3D('',#1113,#1114,#1115);
#590=EDGE_LOOP('',(#1116,#1117,#1118,#1119));
#591=AXIS2_PLACEMENT_3D('',#1120,#1121,#1122);
#592=EDGE_LOOP('',(#1123,#1124,#1125,#1126));
#593=AXIS2_PLACEMENT_3D('',#1127,#1128,#1129);
#594=EDGE_LOOP('',(#1130,#1131,#1132,#1133));
#595=AXIS2_PLACEMENT_3D('',#1134,#1135,#1136);
#596=EDGE_LOOP('',(#1137,#1138,#1139,#1140));
#597=AXIS2_PLACEMENT_3D('',#1141,#1142,#1143);
#598=EDGE_LOOP('',(#1144,#1145,#1146,#1147));
#599=AXIS2_PLACEMENT_3D('',#1148,#1149,#1150);
#600=EDGE_LOOP('',(#1151,#1152,#1153,#1154));
#601=AXIS2_PLACEMENT_3D('',#1155,#1156,#1157);
#602=EDGE_LOOP('',(#1158,#1159,#1160,#1161,#1162,#1163,#1164));
#603=AXIS2_PLACEMENT_3D('',#1165,#1166,#1167);
#604=EDGE_LOOP('',(#1168,#1169,#1170,#1171));
#605=AXIS2_PLACEMENT_3D('',#1172,#1173,#1174);
#606=EDGE_LOOP('',(#1175,#1176,#1177,#1178));
#607=AXIS2_PLACEMENT_3D('',#1179,#1180,#1181);
#608=EDGE_LOOP('',(#1182,#1183,#1184,#1185));
#609=AXIS2_PLACEMENT_3D('',#1186,#1187,#1188);
#610=EDGE_LOOP('',(#1189,#1190,#1191,#1192,#1193,#1194));
#611=AXIS2_PLACEMENT_3D('',#1195,#1196,#1197);
#612=EDGE_LOOP('',(#1198,#1199,#1200,#1201));
#613=AXIS2_PLACEMENT_3D('',#1202,#1203,#1204);
#614=EDGE_LOOP('',(#1205,#1206,#1207,#1208));
#615=AXIS2_PLACEMENT_3D('',#1209,#1210,#1211);
#616=EDGE_LOOP('',(#1212,#1213,#1214,#1215));
#617=AXIS2_PLACEMENT_3D('',#1216,#1217,#1218);
#618=EDGE_LOOP('',(#1219,#1220,#1221,#1222,#1223,#1224,#1225));
#619=AXIS2_PLACEMENT_3D('',#1226,#1227,#1228);
#620=EDGE_LOOP('',(#1229,#1230,#1231,#1232));
#621=AXIS2_PLACEMENT_3D('',#1233,#1234,#1235);
#622=EDGE_LOOP('',(#1236,#1237,#1238,#1239));
#623=AXIS2_PLACEMENT_3D('',#1240,#1241,#1242);
#624=EDGE_LOOP('',(#1243,#1244,#1245,#1246));
#625=AXIS2_PLACEMENT_3D('',#1247,#1248,#1249);
#626=EDGE_LOOP('',(#1250,#1251,#1252,#1253,#1254,#1255,#1256));
#627=AXIS2_PLACEMENT_3D('',#1257,#1258,#1259);
#628=EDGE_LOOP('',(#1260,#1261,#1262,#1263));
#629=AXIS2_PLACEMENT_3D('',#1264,#1265,#1266);
#630=EDGE_LOOP('',(#1267,#1268,#1269,#1270));
#631=AXIS2_PLACEMENT_3D('',#1271,#1272,#1273);
#632=EDGE_LOOP('',(#1274,#1275,#1276,#1277));
#633=AXIS2_PLACEMENT_3D('',#1278,#1279,#1280);
#634=EDGE_LOOP('',(#1281,#1282,#1283,#1284,#1285,#1286,#1287));
#635=AXIS2_PLACEMENT_3D('',#1288,#1289,#1290);
#636=EDGE_LOOP('',(#1291,#1292,#1293,#1294));
#637=AXIS2_PLACEMENT_3D('',#1295,#1296,#1297);
#638=EDGE_LOOP('',(#1298,#1299,#1300,#1301));
#639=AXIS2_PLACEMENT_3D('',#1302,#1303,#1304);
#640=EDGE_LOOP('',(#1305,#1306,#1307,#1308));
#641=AXIS2_PLACEMENT_3D('',#1309,#1310,#1311);
#642=EDGE_LOOP('',(#1312,#1313,#1314,#1315,#1316,#1317));
#643=AXIS2_PLACEMENT_3D('',#1318,#1319,#1320);
#644=EDGE_LOOP('',(#1321,#1322,#1323,#1324,#1325,#1326));
#645=AXIS2_PLACEMENT_3D('',#1327,#1328,#1329);
#646=EDGE_LOOP('',(#1330,#1331,#1332,#1333,#1334,#1335,#1336));
#647=AXIS2_PLACEMENT_3D('',#1337,#1338,#1339);
#648=EDGE_LOOP('',(#1340,#1341,#1342));
#649=EDGE_LOOP('',(#1343,#1344,#1345,#1346,#1347,#1348));
#650=AXIS2_PLACEMENT_3D('',#1349,#1350,#1351);
#651=EDGE_LOOP('',(#1352,#1353,#1354,#1355,#1356,#1357,#1358));
#652=AXIS2_PLACEMENT_3D('',#1359,#1360,#1361);
#653=EDGE_LOOP('',(#1362,#1363,#1364,#1365,#1366,#1367,#1368));
#654=AXIS2_PLACEMENT_3D('',#1369,#1370,#1371);
#655=EDGE_LOOP('',(#1372,#1373,#1374,#1375,#1376,#1377));
#656=AXIS2_PLACEMENT_3D('',#1378,#1379,#1380);
#657=EDGE_LOOP('',(#1381,#1382,#1383,#1384,#1385,#1386,#1387));
#658=AXIS2_PLACEMENT_3D('',#1388,#1389,#1390);
#659=EDGE_LOOP('',(#1391,#1392,#1393,#1394,#1395,#1396));
#660=EDGE_LOOP('',(#1397,#1398));
#661=AXIS2_PLACEMENT_3D('',#1399,#1400,#1401);
#662=EDGE_LOOP('',(#1402,#1403,#1404,#1405,#1406));
#663=CARTESIAN_POINT('',(0.05793152099407,0.0105011630732394,-0.092150729459929));
#664=CARTESIAN_POINT('',(0.0585929239564128,0.00983450328660216,-0.0920671747322157));
#665=CARTESIAN_POINT('',(0.0592543269187557,0.00916784349996495,-0.0919836200045024));
#666=CARTESIAN_POINT('',(0.0599157298810986,0.00850118371332774,-0.0919000652767891));
#667=CARTESIAN_POINT('',(0.0578952236854594,0.0105011630732398,-0.0918634070295005));
#668=CARTESIAN_POINT('',(0.0585626761992374,0.00983450328660269,-0.0918277393735253));
#669=CARTESIAN_POINT('',(0.0592301287130154,0.00916784349996556,-0.0917920717175501));
#670=CARTESIAN_POINT('',(0.0598975812267933,0.00850118371332843,-0.0917564040615749));
#671=CARTESIAN_POINT('',(0.0578902536894546,0.0105011627473871,-0.0915721378385279));
#672=CARTESIAN_POINT('',(0.0585585345359012,0.00983450290644119,-0.0915850150477146));
#673=CARTESIAN_POINT('',(0.0592268153823477,0.00916784306549527,-0.0915978922569014));
#674=CARTESIAN_POINT('',(0.0598950962287942,0.00850118322454935,-0.0916107694660881));
#675=CARTESIAN_POINT('',(0.0579710473512371,0.0105011607817764,-0.0906920061805436));
#676=CARTESIAN_POINT('',(0.0586258625873933,0.00983450061322864,-0.0908515719993936));
#677=CARTESIAN_POINT('',(0.0592806778235495,0.00916784044468093,-0.0910111378182435));
#678=CARTESIAN_POINT('',(0.0599354930597056,0.00850118027613321,-0.0911707036370935));
#679=CARTESIAN_POINT('',(0.0581593311773325,0.0105011581050431,-0.0901129542020368));
#680=CARTESIAN_POINT('',(0.0587827657758152,0.00983449749037313,-0.0903690286839701));
#681=CARTESIAN_POINT('',(0.059406200374298,0.0091678368757032,-0.0906251031659033));
#682=CARTESIAN_POINT('',(0.0600296349727807,0.00850117626103328,-0.0908811776478366));
#683=CARTESIAN_POINT('',(0.0587675112038347,0.010501150557462,-0.0890919077634577));
#684=CARTESIAN_POINT('',(0.0592895824645928,0.00983448868486189,-0.0895181566518176));
#685=CARTESIAN_POINT('',(0.0598116537253509,0.00916782681226178,-0.0899444055401774));
#686=CARTESIAN_POINT('',(0.0603337249861091,0.00850116493966168,-0.0903706544285373));
#687=CARTESIAN_POINT('',(0.0591870112878029,0.0105011456915301,-0.0886505783257109));
#688=CARTESIAN_POINT('',(0.0596391658679163,0.0098344830079413,-0.0891503821203598));
#689=CARTESIAN_POINT('',(0.0600913204480296,0.00916782032435254,-0.0896501859150087));
#690=CARTESIAN_POINT('',(0.060543475028143,0.00850115764076378,-0.0901499897096576));
#691=CARTESIAN_POINT('',(0.0601759201382028,0.0105011347139045,-0.08799142882859));
#692=CARTESIAN_POINT('',(0.0604632565766203,0.00983447020071142,-0.0886010908727543));
#693=CARTESIAN_POINT('',(0.0607505930150378,0.00916780568751839,-0.0892107529169186));
#694=CARTESIAN_POINT('',(0.0610379294534554,0.00850114117432536,-0.089820414961083));
#695=CARTESIAN_POINT('',(0.0607446848139198,0.0105011286093607,-0.0877740380827102));
#696=CARTESIAN_POINT('',(0.0609372271397387,0.00983446307874366,-0.0884199319178519));
#697=CARTESIAN_POINT('',(0.0611297694655575,0.00916779754812666,-0.0890658257529935));
#698=CARTESIAN_POINT('',(0.0613223117913764,0.00850113201750967,-0.0897117195881352));
#699=CARTESIAN_POINT('',(0.0619211334995776,0.0105011163462322,-0.0876055540568004));
#700=CARTESIAN_POINT('',(0.0619176010444953,0.00983444877176047,-0.0882795285629217));
#701=CARTESIAN_POINT('',(0.0619140685894131,0.00916778119728873,-0.0889535030690431));
#702=CARTESIAN_POINT('',(0.0619105361343308,0.00850111362281699,-0.0896274775751644));
#703=CARTESIAN_POINT('',(0.0625280512610225,0.0105011101956347,-0.0876545704368564));
#704=CARTESIAN_POINT('',(0.0624233658457204,0.0098344415960634,-0.0883203755462991));
#705=CARTESIAN_POINT('',(0.0623186804304183,0.00916777299649208,-0.0889861806557418));
#706=CARTESIAN_POINT('',(0.0622139950151162,0.00850110439692076,-0.0896519857651845));
#707=CARTESIAN_POINT('',(0.0636621167732921,0.0105010990436294,-0.0880096354334411));
#708=CARTESIAN_POINT('',(0.0633684204393165,0.00983442858539049,-0.0886162630434482));
#709=CARTESIAN_POINT('',(0.0630747241053409,0.00916775812715161,-0.0892228906534553));
#710=CARTESIAN_POINT('',(0.0627810277713652,0.00850108766891274,-0.0898295182634624));
#711=CARTESIAN_POINT('',(0.0641885401501625,0.0105010940492812,-0.0883154081342041));
#712=CARTESIAN_POINT('',(0.0638071065867255,0.00983442275865097,-0.0888710736274152));
#713=CARTESIAN_POINT('',(0.0634256730232885,0.00916775146802074,-0.0894267391206263));
#714=CARTESIAN_POINT('',(0.0630442394598515,0.0085010801773905,-0.0899824046138374));
#715=CARTESIAN_POINT('',(0.0650104523884724,0.0105010866224587,-0.0890795888662511));
#716=CARTESIAN_POINT('',(0.0644920334520091,0.00983441409402475,-0.0895078909041178));
#717=CARTESIAN_POINT('',(0.0639736145155458,0.00916774156559077,-0.0899361929419846));
#718=CARTESIAN_POINT('',(0.0634551955790825,0.00850106903715679,-0.0903644949798513));
#719=CARTESIAN_POINT('',(0.0653249499924186,0.010501083967774,-0.0895166682884405));
#720=CARTESIAN_POINT('',(0.06475411478864,0.00983441099689256,-0.0898721237559412));
#721=CARTESIAN_POINT('',(0.0641832795848614,0.00916773802601112,-0.0902275792234419));
#722=CARTESIAN_POINT('',(0.0636124443810828,0.00850106505512968,-0.0905830346909425));
#723=CARTESIAN_POINT('',(0.0657082091587904,0.0105010811371149,-0.0903619998764728));
#724=CARTESIAN_POINT('',(0.0650734974272928,0.00983440769445696,-0.0905765667459669));
#725=CARTESIAN_POINT('',(0.0644387856957952,0.009167734251799,-0.090791133615461));
#726=CARTESIAN_POINT('',(0.0638040739642977,0.00850106080914105,-0.0910057004849551));
#727=CARTESIAN_POINT('',(0.0658183050988297,0.0105010805133125,-0.0907512165071186));
#728=CARTESIAN_POINT('',(0.0651652440439944,0.00983440696668749,-0.0909009139381715));
#729=CARTESIAN_POINT('',(0.0645121829891591,0.00916773342006248,-0.0910506113692243));
#730=CARTESIAN_POINT('',(0.0638591219343238,0.00850105987343746,-0.0912003088002772));
#731=CARTESIAN_POINT('',(0.0659185718067559,0.0105010805133112,-0.0915449082521879));
#732=CARTESIAN_POINT('',(0.0652487996339329,0.00983440696668602,-0.0915623237257292));
#733=CARTESIAN_POINT('',(0.0645790274611098,0.00916773342006079,-0.0915797391992705));
#734=CARTESIAN_POINT('',(0.0639092552882868,0.00850105987343557,-0.0915971546728118));
#735=CARTESIAN_POINT('',(0.0659087290965399,0.0105010811371124,-0.0919492766765734));
#736=CARTESIAN_POINT('',(0.0652405973754174,0.00983440769445401,-0.0918992974127174));
#737=CARTESIAN_POINT('',(0.0645724656542949,0.00916773425179564,-0.0918493181488614));
#738=CARTESIAN_POINT('',(0.0639043339331724,0.00850106080913727,-0.0917993388850054));
#739=CARTESIAN_POINT('',(0.0657477364179663,0.0105010839677687,-0.0928633633463044));
#740=CARTESIAN_POINT('',(0.0651064368099298,0.00983441099688635,-0.0926610363041611));
#741=CARTESIAN_POINT('',(0.0644651372018932,0.00916773802600403,-0.0924587092620178));
#742=CARTESIAN_POINT('',(0.0638238375938567,0.0085010650551217,-0.0922563822198745));
#743=CARTESIAN_POINT('',(0.065551816719885,0.0105010866224519,-0.0933649235481681));
#744=CARTESIAN_POINT('',(0.0649431703948529,0.00983441409401681,-0.0930790031390487));
#745=CARTESIAN_POINT('',(0.0643345240698209,0.00916774156558169,-0.0927930827299293));
#746=CARTESIAN_POINT('',(0.0637258777447888,0.00850106903714657,-0.0925071623208098));
#747=CARTESIAN_POINT('',(0.064945770674344,0.0105010940492717,-0.0943094975841232));
#748=CARTESIAN_POINT('',(0.0644381320235434,0.00983442275863986,-0.0938661481690144));
#749=CARTESIAN_POINT('',(0.0639304933727428,0.00916775146800804,-0.0934227987539057));
#750=CARTESIAN_POINT('',(0.0634228547219423,0.00850108017737621,-0.0929794493387969));
#751=CARTESIAN_POINT('',(0.0645119285647253,0.0105010990436187,-0.0947365801758649));
#752=CARTESIAN_POINT('',(0.0640765969321775,0.00983442858537802,-0.0942220503288014));
#753=CARTESIAN_POINT('',(0.0636412652996297,0.00916775812713736,-0.0937075204817378));
#754=CARTESIAN_POINT('',(0.0632059336670818,0.0085010876688967,-0.0931929906346743));
#755=CARTESIAN_POINT('',(0.0635017930709585,0.0105011101956225,-0.0953625210853531));
#756=CARTESIAN_POINT('',(0.0632348173540004,0.00983444159604911,-0.0947436677533797));
#757=CARTESIAN_POINT('',(0.0629678416370423,0.00916777299647575,-0.0941248144214063));
#758=CARTESIAN_POINT('',(0.0627008659200843,0.00850110439690239,-0.0935059610894328));
#759=CARTESIAN_POINT('',(0.0629261326856259,0.0105011163462196,-0.0955609320110616));
#760=CARTESIAN_POINT('',(0.0627551003662023,0.00983444877174572,-0.0949090101914727));
#761=CARTESIAN_POINT('',(0.0625840680467786,0.00916778119727188,-0.0942570883718838));
#762=CARTESIAN_POINT('',(0.062413035727355,0.00850111362279804,-0.093605166552295));
#763=CARTESIAN_POINT('',(0.0617447440648592,0.0105011286093481,-0.0956903124722185));
#764=CARTESIAN_POINT('',(0.0617706098488548,0.00983446307872898,-0.0950168272424421));
#765=CARTESIAN_POINT('',(0.0617964756328505,0.00916779754810989,-0.0943433420126657));
#766=CARTESIAN_POINT('',(0.0618223414168461,0.0085011320174908,-0.0936698567828893));
#767=CARTESIAN_POINT('',(0.0611397852761444,0.0105011347138923,-0.0956211976640943));
#768=CARTESIAN_POINT('',(0.061266477524905,0.00983447020069728,-0.0949592315690079));
#769=CARTESIAN_POINT('',(0.0613931697736656,0.00916780568750223,-0.0942972654739215));
#770=CARTESIAN_POINT('',(0.0615198620224262,0.00850114117430718,-0.0936352993788351));
#771=CARTESIAN_POINT('',(0.0600180208818639,0.0105011456915196,-0.0952286885334113));
#772=CARTESIAN_POINT('',(0.0603316738629671,0.00983448300792911,-0.0946321406267768));
#773=CARTESIAN_POINT('',(0.0606453268440703,0.00916782032433861,-0.0940355927201423));
#774=CARTESIAN_POINT('',(0.0609589798251735,0.00850115764074811,-0.0934390448135078));
#775=CARTESIAN_POINT('',(0.0595019458977188,0.0105011505574528,-0.0949055498576105));
#776=CARTESIAN_POINT('',(0.0599016113761629,0.00983448868485111,-0.0943628583969449));
#777=CARTESIAN_POINT('',(0.060301276854607,0.00916782681224946,-0.0938201669362793));
#778=CARTESIAN_POINT('',(0.0607009423330511,0.00850116493964782,-0.0932774754756137));
#779=CARTESIAN_POINT('',(0.058658948785756,0.0105011581050368,-0.0940678299500114));
#780=CARTESIAN_POINT('',(0.0591991137828349,0.0098344974903658,-0.0936647584739489));
#781=CARTESIAN_POINT('',(0.0597392787799137,0.00916783687569483,-0.0932616869978864));
#782=CARTESIAN_POINT('',(0.0602794437769925,0.00850117626102385,-0.0928586155218239));
#783=CARTESIAN_POINT('',(0.0583325757141498,0.0105011607817718,-0.0935537943373137));
#784=CARTESIAN_POINT('',(0.0589271362231538,0.00983450061322333,-0.0932363954633686));
#785=CARTESIAN_POINT('',(0.0595216967321579,0.00916784044467486,-0.0929189965894236));
#786=CARTESIAN_POINT('',(0.060116257241162,0.00850118027612639,-0.0926015977154785));
#787=CARTESIAN_POINT('',(0.0580354402369816,0.0105011627473853,-0.0927214062911658));
#788=CARTESIAN_POINT('',(0.058679523325507,0.00983450290643906,-0.0925427387582463));
#789=CARTESIAN_POINT('',(0.0593236064140324,0.00916784306549284,-0.0923640712253267));
#790=CARTESIAN_POINT('',(0.0599676895025577,0.00850118322454661,-0.0921854036924071));
#791=CARTESIAN_POINT('',(0.057967818302679,0.0105011630732389,-0.0924380518903456));
#792=CARTESIAN_POINT('',(0.058623171713587,0.00983450328660163,-0.0923066100908962));
#793=CARTESIAN_POINT('',(0.059278525124495,0.00916784349996434,-0.0921751682914468));
#794=CARTESIAN_POINT('',(0.0599338785354031,0.00850118371332706,-0.0920437264919974));
#795=CARTESIAN_POINT('',(0.05793152099407,0.0105011630732394,-0.092150729459929));
#796=CARTESIAN_POINT('',(0.0585929239564128,0.00983450328660216,-0.0920671747322157));
#797=CARTESIAN_POINT('',(0.0592543269187557,0.00916784349996495,-0.0919836200045024));
#798=CARTESIAN_POINT('',(0.0599157298810986,0.00850118371332774,-0.0919000652767891));
#799=EDGE_LOOP('',(#1407,#1408));
#800=EDGE_LOOP('',(#1409,#1410,#1411));
#801=EDGE_LOOP('',(#1412,#1413,#1414,#1415,#1416,#1417,#1418,#1419,#1420,#1421));
#802=EDGE_LOOP('',(#1422,#1423));
#803=AXIS2_PLACEMENT_3D('',#1424,#1425,#1426);
#804=EDGE_LOOP('',(#1427,#1428,#1429,#1430,#1431));
#805=AXIS2_PLACEMENT_3D('',#1432,#1433,#1434);
#806=EDGE_LOOP('',(#1435,#1436,#1437,#1438,#1439));
#807=CARTESIAN_POINT('',(0.0872157922522105,0.0105008253654841,-0.0628664582173039));
#808=CARTESIAN_POINT('',(0.0878771952145534,0.00983416557884692,-0.0627829034895906));
#809=CARTESIAN_POINT('',(0.0885385981768962,0.00916750579220971,-0.0626993487618774));
#810=CARTESIAN_POINT('',(0.0892000011392391,0.0085008460055725,-0.0626157940341641));
#811=CARTESIAN_POINT('',(0.0871794949436009,0.0105008253654846,-0.062579135786883));
#812=CARTESIAN_POINT('',(0.0878469474573787,0.00983416557884745,-0.0625434681309066));
#813=CARTESIAN_POINT('',(0.0885143999711565,0.00916750579221032,-0.0625078004749301));
#814=CARTESIAN_POINT('',(0.0891818524849343,0.00850084600557319,-0.0624721328189536));
#815=CARTESIAN_POINT('',(0.0871745249475954,0.0105008250396319,-0.0622878665959182));
#816=CARTESIAN_POINT('',(0.0878428057940419,0.00983416519868595,-0.0623007438051024));
#817=CARTESIAN_POINT('',(0.0885110866404884,0.00916750535774003,-0.0623136210142866));
#818=CARTESIAN_POINT('',(0.0891793674869349,0.00850084551679411,-0.0623264982234708));
#819=CARTESIAN_POINT('',(0.0872553186093737,0.0105008230740211,-0.0614077349379242));
#820=CARTESIAN_POINT('',(0.0879101338455305,0.0098341629054734,-0.0615673007567732));
#821=CARTESIAN_POINT('',(0.0885649490816874,0.00916750273692569,-0.0617268665756222));
#822=CARTESIAN_POINT('',(0.0892197643178442,0.00850084256837797,-0.0618864323944712));
#823=CARTESIAN_POINT('',(0.0874436024354751,0.0105008203972878,-0.0608286829594001));
#824=CARTESIAN_POINT('',(0.0880670370339575,0.00983415978261789,-0.0610847574413353));
#825=CARTESIAN_POINT('',(0.0886904716324399,0.00916749916794797,-0.0613408319232705));
#826=CARTESIAN_POINT('',(0.0893139062309223,0.00850083855327804,-0.0615969064052057));
#827=CARTESIAN_POINT('',(0.0880517824619872,0.0105008128497068,-0.0598076365208206));
#828=CARTESIAN_POINT('',(0.0885738537227433,0.00983415097710665,-0.0602338854091824));
#829=CARTESIAN_POINT('',(0.0890959249834994,0.00916748910450654,-0.0606601342975443));
#830=CARTESIAN_POINT('',(0.0896179962442556,0.00850082723190644,-0.0610863831859062));
#831=CARTESIAN_POINT('',(0.0884712825459481,0.0105008079837748,-0.0593663070830838));
#832=CARTESIAN_POINT('',(0.0889234371260607,0.00983414530018606,-0.0598661108777331));
#833=CARTESIAN_POINT('',(0.0893755917061733,0.00916748261659731,-0.0603659146723823));
#834=CARTESIAN_POINT('',(0.0898277462862859,0.00850081993300855,-0.0608657184670315));
#835=CARTESIAN_POINT('',(0.0894601913963367,0.0105007970061492,-0.0587071575859682));
#836=CARTESIAN_POINT('',(0.0897475278347554,0.00983413249295618,-0.059316819630132));
#837=CARTESIAN_POINT('',(0.090034864273174,0.00916746797976315,-0.0599264816742957));
#838=CARTESIAN_POINT('',(0.0903222007115926,0.00850080346657012,-0.0605361437184595));
#839=CARTESIAN_POINT('',(0.0900289560720526,0.0105007909016054,-0.0584897668400876));
#840=CARTESIAN_POINT('',(0.0902214983978727,0.00983412537098842,-0.0591356606752289));
#841=CARTESIAN_POINT('',(0.0904140407236928,0.00916745984037142,-0.0597815545103701));
#842=CARTESIAN_POINT('',(0.090606583049513,0.00850079430975443,-0.0604274483455113));
#843=CARTESIAN_POINT('',(0.0912054047577189,0.010500778638477,-0.0583212828141739));
#844=CARTESIAN_POINT('',(0.0912018723026365,0.00983411106400523,-0.0589952573202954));
#845=CARTESIAN_POINT('',(0.0911983398475541,0.00916744348953349,-0.059669231826417));
#846=CARTESIAN_POINT('',(0.0911948073924717,0.00850077591506175,-0.0603432063325386));
#847=CARTESIAN_POINT('',(0.0918123225191741,0.0105007724878795,-0.0583702991942317));
#848=CARTESIAN_POINT('',(0.0917076371038702,0.00983410388830816,-0.0590361043036743));
#849=CARTESIAN_POINT('',(0.0916029516885663,0.00916743528873684,-0.0597019094131169));
#850=CARTESIAN_POINT('',(0.0914982662732623,0.00850076668916552,-0.0603677145225595));
#851=CARTESIAN_POINT('',(0.0929463880314452,0.0105007613358741,-0.0587253641908232));
#852=CARTESIAN_POINT('',(0.0926526916974675,0.00983409087763525,-0.0593319918008291));
#853=CARTESIAN_POINT('',(0.0923589953634898,0.00916742041939637,-0.059938619410835));
#854=CARTESIAN_POINT('',(0.092065299029512,0.0085007499611575,-0.0605452470208409));
#855=CARTESIAN_POINT('',(0.0934728114083088,0.010500756341526,-0.0590311368915841));
#856=CARTESIAN_POINT('',(0.0930913778448708,0.00983408505089573,-0.0595868023847944));
#857=CARTESIAN_POINT('',(0.0927099442814329,0.0091674137602655,-0.0601424678780046));
#858=CARTESIAN_POINT('',(0.0923285107179949,0.00850074246963526,-0.0606981333712149));
#859=CARTESIAN_POINT('',(0.0942947236466135,0.0105007489147035,-0.0597953176236268));
#860=CARTESIAN_POINT('',(0.0937763047101501,0.00983407638626951,-0.0602236196614934));
#861=CARTESIAN_POINT('',(0.0932578857736867,0.00916740385783553,-0.06065192169936));
#862=CARTESIAN_POINT('',(0.0927394668372233,0.00850073132940155,-0.0610802237372266));
#863=CARTESIAN_POINT('',(0.0946092212505593,0.0105007462600188,-0.0602323970458159));
#864=CARTESIAN_POINT('',(0.0940383860467807,0.00983407328913732,-0.0605878525133165));
#865=CARTESIAN_POINT('',(0.0934675508430021,0.00916740031825588,-0.0609433079808171));
#866=CARTESIAN_POINT('',(0.0928967156392234,0.00850072734737444,-0.0612987634483177));
#867=CARTESIAN_POINT('',(0.0949924804169309,0.0105007434293597,-0.0610777286338478));
#868=CARTESIAN_POINT('',(0.0943577686854333,0.00983406998670172,-0.0612922955033419));
#869=CARTESIAN_POINT('',(0.0937230569539358,0.00916739654404376,-0.0615068623728359));
#870=CARTESIAN_POINT('',(0.0930883452224382,0.00850072310138581,-0.06172142924233));
#871=CARTESIAN_POINT('',(0.0951025763569703,0.0105007428055573,-0.0614669452644936));
#872=CARTESIAN_POINT('',(0.0944495153021349,0.00983406925893225,-0.0616166426955464));
#873=CARTESIAN_POINT('',(0.0937964542472996,0.00916739571230724,-0.0617663401265992));
#874=CARTESIAN_POINT('',(0.0931433931924643,0.00850072216568222,-0.0619160375576521));
#875=CARTESIAN_POINT('',(0.0952028430648964,0.010500742805556,-0.0622606370095628));
#876=CARTESIAN_POINT('',(0.0945330708920734,0.00983406925893078,-0.0622780524831041));
#877=CARTESIAN_POINT('',(0.0938632987192504,0.00916739571230555,-0.0622954679566454));
#878=CARTESIAN_POINT('',(0.0931935265464273,0.00850072216568033,-0.0623128834301867));
#879=CARTESIAN_POINT('',(0.0951930003546804,0.0105007434293571,-0.0626650054339482));
#880=CARTESIAN_POINT('',(0.0945248686335579,0.00983406998669877,-0.0626150261700923));
#881=CARTESIAN_POINT('',(0.0938567369124354,0.0091673965440404,-0.0625650469062362));
#882=CARTESIAN_POINT('',(0.093188605191313,0.00850072310138203,-0.0625150676423802));
#883=CARTESIAN_POINT('',(0.0950320076761064,0.0105007462600134,-0.0635790921036819));
#884=CARTESIAN_POINT('',(0.0943907080680699,0.00983407328913111,-0.0633767650615381));
#885=CARTESIAN_POINT('',(0.0937494084600334,0.00916740031824879,-0.0631744380193944));
#886=CARTESIAN_POINT('',(0.093108108851997,0.00850072734736647,-0.0629721109772507));
#887=CARTESIAN_POINT('',(0.0948360879780236,0.0105007489146967,-0.064080652305548));
#888=CARTESIAN_POINT('',(0.0942274416529919,0.00983407638626157,-0.0637947318964277));
#889=CARTESIAN_POINT('',(0.0936187953279601,0.00916740385782645,-0.0635088114873075));
#890=CARTESIAN_POINT('',(0.0930101490029284,0.00850073132939133,-0.0632228910781872));
#891=CARTESIAN_POINT('',(0.0942300419324749,0.0105007563415164,-0.0650252263415108));
#892=CARTESIAN_POINT('',(0.093722403281676,0.00983408505088462,-0.0645818769263999));
#893=CARTESIAN_POINT('',(0.093214764630877,0.0091674137602528,-0.0641385275112891));
#894=CARTESIAN_POINT('',(0.092707125980078,0.00850074246962097,-0.0636951780961782));
#895=CARTESIAN_POINT('',(0.093796199822848,0.0105007613358634,-0.0654523089332564));
#896=CARTESIAN_POINT('',(0.0933608681903031,0.00983409087762278,-0.0649377790861901));
#897=CARTESIAN_POINT('',(0.0929255365577583,0.00916742041938212,-0.0644232492391238));
#898=CARTESIAN_POINT('',(0.0924902049252134,0.00850074996114146,-0.0639087193920575));
#899=CARTESIAN_POINT('',(0.0927860643290864,0.0105007724878672,-0.0660782498427303));
#900=CARTESIAN_POINT('',(0.0925190886121304,0.00983410388829387,-0.0654593965107565));
#901=CARTESIAN_POINT('',(0.0922521128951744,0.00916743528872051,-0.0648405431787827));
#902=CARTESIAN_POINT('',(0.0919851371782185,0.00850076668914715,-0.0642216898468089));
#903=CARTESIAN_POINT('',(0.092210403943774,0.0105007786384643,-0.0662766607684314));
#904=CARTESIAN_POINT('',(0.0920393716243491,0.00983411106399048,-0.0656247389488434));
#905=CARTESIAN_POINT('',(0.0918683393049242,0.00916744348951664,-0.0649728171292554));
#906=CARTESIAN_POINT('',(0.0916973069854992,0.0085007759150428,-0.0643208953096674));
#907=CARTESIAN_POINT('',(0.0910290153230235,0.0105007909015928,-0.0664060412295951));
#908=CARTESIAN_POINT('',(0.0910548811070152,0.00983412537097374,-0.0657325559998184));
#909=CARTESIAN_POINT('',(0.0910807468910068,0.00916745984035465,-0.0650590707700417));
#910=CARTESIAN_POINT('',(0.0911066126749985,0.00850079430973556,-0.064385585540265));
#911=CARTESIAN_POINT('',(0.0904240565343036,0.0105007970061371,-0.0663369264214735));
#912=CARTESIAN_POINT('',(0.090550748783061,0.00983413249294204,-0.0656749603263864));
#913=CARTESIAN_POINT('',(0.0906774410318185,0.00916746797974699,-0.0650129942312992));
#914=CARTESIAN_POINT('',(0.090804133280576,0.00850080346655194,-0.0643510281362121));
#915=CARTESIAN_POINT('',(0.0893022921400166,0.0105008079837644,-0.0659444172907928));
#916=CARTESIAN_POINT('',(0.0896159451211178,0.00983414530017387,-0.0653478693841572));
#917=CARTESIAN_POINT('',(0.089929598102219,0.00916748261658337,-0.0647513214775216));
#918=CARTESIAN_POINT('',(0.0902432510833202,0.00850081993299287,-0.064154773570886));
#919=CARTESIAN_POINT('',(0.0887862171558697,0.0105008128496975,-0.0656212786149933));
#920=CARTESIAN_POINT('',(0.0891858826343121,0.00983415097709587,-0.0650785871543264));
#921=CARTESIAN_POINT('',(0.0895855481127545,0.00916748910449422,-0.0645358956936595));
#922=CARTESIAN_POINT('',(0.0899852135911969,0.00850082723189258,-0.0639932042329926));
#923=CARTESIAN_POINT('',(0.0879432200438991,0.0105008203972815,-0.0647835587073914));
#924=CARTESIAN_POINT('',(0.0884833850409775,0.00983415978261056,-0.0643804872313281));
#925=CARTESIAN_POINT('',(0.0890235500380559,0.00916749916793959,-0.0639774157552647));
#926=CARTESIAN_POINT('',(0.0895637150351343,0.00850083855326861,-0.0635743442792013));
#927=CARTESIAN_POINT('',(0.0876168469722887,0.0105008230740166,-0.0642695230946877));
#928=CARTESIAN_POINT('',(0.088211407481293,0.0098341629054681,-0.0639521242207428));
#929=CARTESIAN_POINT('',(0.0888059679902974,0.00916750273691962,-0.0636347253467979));
#930=CARTESIAN_POINT('',(0.0894005284993017,0.00850084256837115,-0.063317326472853));
#931=CARTESIAN_POINT('',(0.0873197114951209,0.01050082503963,-0.0634371350485355));
#932=CARTESIAN_POINT('',(0.0879637945836464,0.00983416519868382,-0.0632584675156168));
#933=CARTESIAN_POINT('',(0.088607877672172,0.0091675053577376,-0.0630797999826981));
#934=CARTESIAN_POINT('',(0.0892519607606976,0.00850084551679137,-0.0629011324497794));
#935=CARTESIAN_POINT('',(0.0872520895608192,0.0105008253654837,-0.0631537806477178));
#936=CARTESIAN_POINT('',(0.0879074429717273,0.00983416557884639,-0.0630223388482689));
#937=CARTESIAN_POINT('',(0.0885627963826353,0.00916750579220911,-0.06289089704882));
#938=CARTESIAN_POINT('',(0.0892181497935434,0.00850084600557182,-0.062759455249371));
#939=CARTESIAN_POINT('',(0.0872157922522105,0.0105008253654841,-0.0628664582173039));
#940=CARTESIAN_POINT('',(0.0878771952145534,0.00983416557884692,-0.0627829034895906));
#941=CARTESIAN_POINT('',(0.0885385981768962,0.00916750579220971,-0.0626993487618774));
#942=CARTESIAN_POINT('',(0.0892000011392391,0.0085008460055725,-0.0626157940341641));
#943=EDGE_LOOP('',(#1440,#1441,#1442,#1443,#1444));
#944=AXIS2_PLACEMENT_3D('',#1445,#1446,#1447);
#945=EDGE_LOOP('',(#1448,#1449,#1450,#1451));
#946=AXIS2_PLACEMENT_3D('',#1452,#1453,#1454);
#947=EDGE_LOOP('',(#1455,#1456,#1457,#1458));
#948=AXIS2_PLACEMENT_3D('',#1459,#1460,#1461);
#949=EDGE_LOOP('',(#1462,#1463,#1464,#1465));
#950=AXIS2_PLACEMENT_3D('',#1466,#1467,#1468);
#951=EDGE_LOOP('',(#1469,#1470,#1471,#1472));
#952=AXIS2_PLACEMENT_3D('',#1473,#1474,#1475);
#953=EDGE_LOOP('',(#1476,#1477,#1478,#1479));
#954=AXIS2_PLACEMENT_3D('',#1480,#1481,#1482);
#955=EDGE_LOOP('',(#1483,#1484,#1485,#1486));
#956=AXIS2_PLACEMENT_3D('',#1487,#1488,#1489);
#957=EDGE_LOOP('',(#1490,#1491,#1492,#1493,#1494,#1495,#1496,#1497,#1498,#1499,#1500,#1501,#1502));
#958=AXIS2_PLACEMENT_3D('',#1503,#1504,#1505);
#959=EDGE_LOOP('',(#1506,#1507,#1508,#1509,#1510));
#960=AXIS2_PLACEMENT_3D('',#1511,#1512,#1513);
#961=EDGE_LOOP('',(#1514,#1515,#1516,#1517,#1518,#1519));
#962=AXIS2_PLACEMENT_3D('',#1520,#1521,#1522);
#963=EDGE_LOOP('',(#1523,#1524,#1525,#1526));
#964=AXIS2_PLACEMENT_3D('',#1527,#1528,#1529);
#965=EDGE_LOOP('',(#1530,#1531,#1532,#1533,#1534,#1535));
#966=EDGE_LOOP('',(#1536,#1537));
#967=AXIS2_PLACEMENT_3D('',#1538,#1539,#1540);
#968=EDGE_LOOP('',(#1541,#1542,#1543,#1544,#1545,#1546));
#969=AXIS2_PLACEMENT_3D('',#1547,#1548,#1549);
#970=EDGE_LOOP('',(#1550,#1551,#1552,#1553));
#971=AXIS2_PLACEMENT_3D('',#1554,#1555,#1556);
#972=EDGE_LOOP('',(#1557,#1558,#1559,#1560));
#973=AXIS2_PLACEMENT_3D('',#1561,#1562,#1563);
#974=EDGE_LOOP('',(#1564,#1565,#1566,#1567,#1568,#1569));
#975=EDGE_LOOP('',(#1570,#1571));
#976=AXIS2_PLACEMENT_3D('',#1572,#1573,#1574);
#977=EDGE_LOOP('',(#1575,#1576,#1577,#1578,#1579));
#978=AXIS2_PLACEMENT_3D('',#1580,#1581,#1582);
#979=EDGE_LOOP('',(#1583,#1584,#1585,#1586));
#980=AXIS2_PLACEMENT_3D('',#1587,#1588,#1589);
#981=EDGE_LOOP('',(#1590,#1591,#1592,#1593));
#982=AXIS2_PLACEMENT_3D('',#1594,#1595,#1596);
#983=FILL_AREA_STYLE_COLOUR('',#1597);
#984=ORIENTED_EDGE('',*,*,#1598,.F.);
#985=ORIENTED_EDGE('',*,*,#1599,.T.);
#986=ORIENTED_EDGE('',*,*,#1600,.T.);
#987=ORIENTED_EDGE('',*,*,#1601,.T.);
#988=ORIENTED_EDGE('',*,*,#1602,.T.);
#989=ORIENTED_EDGE('',*,*,#1603,.F.);
#990=ORIENTED_EDGE('',*,*,#1604,.T.);
#991=ORIENTED_EDGE('',*,*,#1605,.T.);
#992=ORIENTED_EDGE('',*,*,#1606,.T.);
#993=ORIENTED_EDGE('',*,*,#1607,.T.);
#994=ORIENTED_EDGE('',*,*,#1608,.F.);
#995=ORIENTED_EDGE('',*,*,#1609,.T.);
#996=ORIENTED_EDGE('',*,*,#1610,.T.);
#997=ORIENTED_EDGE('',*,*,#1611,.F.);
#998=CARTESIAN_POINT('',(0.122908169009407,0.00870028173267209,0.0748999016258302));
#999=DIRECTION('',(-0.375097247254253,5.03947427202611E-06,-0.926985466486333));
#1000=DIRECTION('',(-0.655484949177462,-0.707100413028612,0.265232892561586));
#1001=ORIENTED_EDGE('',*,*,#1612,.F.);
#1002=ORIENTED_EDGE('',*,*,#1613,.T.);
#1003=ORIENTED_EDGE('',*,*,#1614,.T.);
#1004=ORIENTED_EDGE('',*,*,#1615,.F.);
#1005=CARTESIAN_POINT('',(0.171894251166339,0.00869994629552542,-0.0535272025638517));
#1006=DIRECTION('',(-0.926985466584361,9.97621201761787E-06,-0.375097246913184));
#1007=DIRECTION('',(0.265226567097816,-0.707108648955988,-0.655478624119159));
#1008=ORIENTED_EDGE('',*,*,#1616,.F.);
#1009=ORIENTED_EDGE('',*,*,#1617,.T.);
#1010=ORIENTED_EDGE('',*,*,#1618,.T.);
#1011=ORIENTED_EDGE('',*,*,#1619,.T.);
#1012=ORIENTED_EDGE('',*,*,#1615,.T.);
#1013=ORIENTED_EDGE('',*,*,#1620,.T.);
#1014=CARTESIAN_POINT('',(0.0620469888129984,0.00870112009920521,-0.0915034243699184));
#1015=DIRECTION('',(-1.02386147236979E-05,-0.999999999946749,-1.29343783326254E-06));
#1016=DIRECTION('',(-0.999999999947585,1.02386147237065E-05,3.49148336092711E-15));
#1017=ORIENTED_EDGE('',*,*,#1621,.F.);
#1018=ORIENTED_EDGE('',*,*,#1622,.T.);
#1019=ORIENTED_EDGE('',*,*,#1623,.T.);
#1020=ORIENTED_EDGE('',*,*,#1624,.F.);
#1021=CARTESIAN_POINT('',(0.148863762069825,0.00870002956797399,0.0643971787018255));
#1022=DIRECTION('',(0.375097247254256,-5.03947427207905E-06,0.926985466486333));
#1023=DIRECTION('',(0.655470469589666,-0.707113149269177,-0.265234721758916));
#1024=ORIENTED_EDGE('',*,*,#1625,.F.);
#1025=ORIENTED_EDGE('',*,*,#1626,.T.);
#1026=ORIENTED_EDGE('',*,*,#1627,.T.);
#1027=ORIENTED_EDGE('',*,*,#1628,.F.);
#1028=CARTESIAN_POINT('',(0.161391528252967,0.00870002025691282,-0.027571609498013));
#1029=DIRECTION('',(0.926985466584364,-9.97621201767081E-06,0.375097246913176));
#1030=DIRECTION('',(-0.265241046685615,-0.707104913341796,0.655476794921842));
#1031=ORIENTED_EDGE('',*,*,#1629,.F.);
#1032=ORIENTED_EDGE('',*,*,#1630,.T.);
#1033=ORIENTED_EDGE('',*,*,#1631,.T.);
#1034=ORIENTED_EDGE('',*,*,#1624,.T.);
#1035=ORIENTED_EDGE('',*,*,#1632,.T.);
#1036=CARTESIAN_POINT('',(0.0910383668455714,0.00870078576911004,-0.0625120463471222));
#1037=DIRECTION('',(-1.02386147236979E-05,-0.999999999946749,-1.29343783326254E-06));
#1038=DIRECTION('',(-0.999999999947585,1.02386147237065E-05,3.49148336092711E-15));
#1039=ORIENTED_EDGE('',*,*,#1633,.F.);
#1040=ORIENTED_EDGE('',*,*,#1634,.T.);
#1041=ORIENTED_EDGE('',*,*,#1635,.F.);
#1042=ORIENTED_EDGE('',*,*,#1636,.T.);
#1043=CARTESIAN_POINT('',(0.0765426237277474,0.00530019346072869,-0.0770078018326239));
#1044=DIRECTION('',(-8.15439256402641E-06,-0.999999999946749,6.32519523814005E-06));
#1045=DIRECTION('',(-0.707106781149483,1.02386147237065E-05,0.707106781149486));
#1046=ORIENTED_EDGE('',*,*,#1637,.F.);
#1047=ORIENTED_EDGE('',*,*,#1638,.T.);
#1048=ORIENTED_EDGE('',*,*,#1639,.T.);
#1049=ORIENTED_EDGE('',*,*,#1640,.F.);
#1050=ORIENTED_EDGE('',*,*,#1641,.T.);
#1051=CARTESIAN_POINT('',(0.0765425918249213,0.000300952934604911,-0.077007746223398));
#1052=DIRECTION('',(-1.02386147236979E-05,-0.999999999946749,-1.29343783326254E-06));
#1053=DIRECTION('',(0.0,1.29343783333033E-06,-0.999999999999163));
#1054=ORIENTED_EDGE('',*,*,#1642,.F.);
#1055=ORIENTED_EDGE('',*,*,#1643,.F.);
#1056=ORIENTED_EDGE('',*,*,#1644,.F.);
#1057=ORIENTED_EDGE('',*,*,#1645,.F.);
#1058=CARTESIAN_POINT('',(0.0765426433044826,0.00770095293421088,-0.0770078170178963));
#1059=DIRECTION('',(8.15439256402641E-06,0.999999999946749,-6.32519523814005E-06));
#1060=DIRECTION('',(0.707106781149483,-1.02386147237065E-05,-0.707106781149487));
#1061=ORIENTED_EDGE('',*,*,#1646,.F.);
#1062=ORIENTED_EDGE('',*,*,#1647,.T.);
#1063=ORIENTED_EDGE('',*,*,#1626,.F.);
#1064=ORIENTED_EDGE('',*,*,#1648,.F.);
#1065=ORIENTED_EDGE('',*,*,#1649,.T.);
#1066=ORIENTED_EDGE('',*,*,#1650,.F.);
#1067=ORIENTED_EDGE('',*,*,#1651,.F.);
#1068=ORIENTED_EDGE('',*,*,#1609,.F.);
#1069=ORIENTED_EDGE('',*,*,#1652,.F.);
#1070=ORIENTED_EDGE('',*,*,#1653,.T.);
#1071=ORIENTED_EDGE('',*,*,#1654,.F.);
#1072=ORIENTED_EDGE('',*,*,#1655,.F.);
#1073=ORIENTED_EDGE('',*,*,#1639,.F.);
#1074=CARTESIAN_POINT('',(0.0765425959203671,0.00070095293458361,-0.0770077457060229));
#1075=DIRECTION('',(1.02386147236979E-05,0.999999999946749,1.29343783326254E-06));
#1076=DIRECTION('',(0.999999999947585,-1.02386147237065E-05,-3.55271367861519E-15));
#1077=ORIENTED_EDGE('',*,*,#1656,.F.);
#1078=ORIENTED_EDGE('',*,*,#1617,.F.);
#1079=ORIENTED_EDGE('',*,*,#1657,.F.);
#1080=ORIENTED_EDGE('',*,*,#1658,.T.);
#1081=ORIENTED_EDGE('',*,*,#1659,.T.);
#1082=CARTESIAN_POINT('',(0.0620469997683162,0.00977112009914822,-0.0915034229859399));
#1083=DIRECTION('',(1.02386147236979E-05,0.999999999946749,1.29343783326254E-06));
#1084=DIRECTION('',(-0.707106781282268,8.15439256525607E-06,-0.707106781043808));
#1085=ORIENTED_EDGE('',*,*,#1660,.F.);
#1086=ORIENTED_EDGE('',*,*,#1661,.F.);
#1087=ORIENTED_EDGE('',*,*,#1632,.F.);
#1088=ORIENTED_EDGE('',*,*,#1662,.T.);
#1089=ORIENTED_EDGE('',*,*,#1663,.T.);
#1090=CARTESIAN_POINT('',(0.0910383778008892,0.00977078576905305,-0.0625120449631437));
#1091=DIRECTION('',(1.02386147236979E-05,0.999999999946749,1.29343783326254E-06));
#1092=DIRECTION('',(0.707106781282268,-8.15439256525607E-06,0.707106781043808));
#1093=ORIENTED_EDGE('',*,*,#1664,.F.);
#1094=ORIENTED_EDGE('',*,*,#1665,.T.);
#1095=ORIENTED_EDGE('',*,*,#1666,.F.);
#1096=ORIENTED_EDGE('',*,*,#1599,.F.);
#1097=ORIENTED_EDGE('',*,*,#1667,.F.);
#1098=CARTESIAN_POINT('',(0.0911842386951163,0.00770079560690056,-0.0623651262293064));
#1099=DIRECTION('',(1.02386147236979E-05,-0.999999999946749,1.29343783326251E-06));
#1100=DIRECTION('',(0.999999999947585,1.02386147237065E-05,-3.55429215597108E-15));
#1101=ORIENTED_EDGE('',*,*,#1668,.F.);
#1102=ORIENTED_EDGE('',*,*,#1669,.T.);
#1103=ORIENTED_EDGE('',*,*,#1670,.F.);
#1104=ORIENTED_EDGE('',*,*,#1604,.F.);
#1105=ORIENTED_EDGE('',*,*,#1671,.F.);
#1106=CARTESIAN_POINT('',(0.0618999674372119,0.00770111025055054,-0.0916493974719016));
#1107=DIRECTION('',(1.02386147236979E-05,-0.999999999946749,1.29343783326251E-06));
#1108=DIRECTION('',(0.999999999947586,1.02386147237065E-05,-3.55429215597637E-15));
#1109=ORIENTED_EDGE('',*,*,#1672,.F.);
#1110=ORIENTED_EDGE('',*,*,#1673,.F.);
#1111=ORIENTED_EDGE('',*,*,#1674,.F.);
#1112=ORIENTED_EDGE('',*,*,#1675,.T.);
#1113=CARTESIAN_POINT('',(0.0728656317747201,0.000800995337557014,-0.0806847286376311));
#1114=DIRECTION('',(1.02386147253276E-05,0.999999999946749,1.29343783474628E-06));
#1115=DIRECTION('',(-0.999999999947585,1.02386147253361E-05,0.0));
#1116=ORIENTED_EDGE('',*,*,#1676,.F.);
#1117=ORIENTED_EDGE('',*,*,#1677,.T.);
#1118=ORIENTED_EDGE('',*,*,#1678,.F.);
#1119=ORIENTED_EDGE('',*,*,#1679,.F.);
#1120=CARTESIAN_POINT('',(0.0815654013350071,0.000800903248840251,-0.0783536324109118));
#1121=DIRECTION('',(1.02386147253276E-05,0.999999999946749,1.29343783474628E-06));
#1122=DIRECTION('',(-0.999999999947585,1.02386147253361E-05,2.67476675110725E-27));
#1123=ORIENTED_EDGE('',*,*,#1680,.F.);
#1124=ORIENTED_EDGE('',*,*,#1681,.T.);
#1125=ORIENTED_EDGE('',*,*,#1682,.F.);
#1126=ORIENTED_EDGE('',*,*,#1683,.F.);
#1127=CARTESIAN_POINT('',(0.080219542299804,0.000800910531874335,-0.0733308181142907));
#1128=DIRECTION('',(1.02386147253276E-05,0.999999999946749,1.29343783474628E-06));
#1129=DIRECTION('',(-0.999999999947585,1.02386147253361E-05,0.0));
#1130=ORIENTED_EDGE('',*,*,#1684,.F.);
#1131=ORIENTED_EDGE('',*,*,#1685,.F.);
#1132=ORIENTED_EDGE('',*,*,#1686,.F.);
#1133=ORIENTED_EDGE('',*,*,#1687,.T.);
#1134=CARTESIAN_POINT('',(0.0715197727425318,0.000801002620591086,-0.0756619143402052));
#1135=DIRECTION('',(1.02386147253276E-05,0.999999999946749,1.29343783474628E-06));
#1136=DIRECTION('',(-0.999999999947585,1.02386147253361E-05,0.0));
#1137=ORIENTED_EDGE('',*,*,#1686,.T.);
#1138=ORIENTED_EDGE('',*,*,#1688,.F.);
#1139=ORIENTED_EDGE('',*,*,#1689,.F.);
#1140=ORIENTED_EDGE('',*,*,#1690,.F.);
#1141=CARTESIAN_POINT('',(0.071712891858902,-0.00729883912646323,-0.0757136269146811));
#1142=DIRECTION('',(0.965925826199969,-9.51361936769244E-06,-0.258819045260193));
#1143=DIRECTION('',(-0.258819045271906,0.0,-0.965925826243682));
#1144=ORIENTED_EDGE('',*,*,#1684,.T.);
#1145=ORIENTED_EDGE('',*,*,#1691,.T.);
#1146=ORIENTED_EDGE('',*,*,#1692,.F.);
#1147=ORIENTED_EDGE('',*,*,#1693,.F.);
#1148=CARTESIAN_POINT('',(0.0715197727425318,0.000801002620591086,-0.0756619143402052));
#1149=DIRECTION('',(1.02386147253276E-05,0.999999999946749,1.29343783474628E-06));
#1150=DIRECTION('',(-0.999999999947585,1.02386147253361E-05,0.0));
#1151=ORIENTED_EDGE('',*,*,#1692,.T.);
#1152=ORIENTED_EDGE('',*,*,#1694,.F.);
#1153=ORIENTED_EDGE('',*,*,#1695,.T.);
#1154=ORIENTED_EDGE('',*,*,#1696,.F.);
#1155=CARTESIAN_POINT('',(0.071712891858902,-0.00729883912646323,-0.0757136269146811));
#1156=DIRECTION('',(0.965925826199969,-9.51361936769244E-06,-0.258819045260193));
#1157=DIRECTION('',(-0.258819045271906,0.0,-0.965925826243682));
#1158=ORIENTED_EDGE('',*,*,#1690,.T.);
#1159=ORIENTED_EDGE('',*,*,#1697,.T.);
#1160=ORIENTED_EDGE('',*,*,#1698,.T.);
#1161=ORIENTED_EDGE('',*,*,#1699,.F.);
#1162=ORIENTED_EDGE('',*,*,#1694,.T.);
#1163=ORIENTED_EDGE('',*,*,#1691,.F.);
#1164=ORIENTED_EDGE('',*,*,#1687,.F.);
#1165=CARTESIAN_POINT('',(0.112193138686199,5.03870955049918E-05,0.0782582181774465));
#1166=DIRECTION('',(0.683005476158733,-0.707113522915594,-0.183013620386791));
#1167=DIRECTION('',(-0.258822811753537,-1.96263428541175E-17,-0.965924817010099));
#1168=ORIENTED_EDGE('',*,*,#1700,.T.);
#1169=ORIENTED_EDGE('',*,*,#1701,.F.);
#1170=ORIENTED_EDGE('',*,*,#1702,.F.);
#1171=ORIENTED_EDGE('',*,*,#1703,.F.);
#1172=CARTESIAN_POINT('',(0.0752484257654956,-0.00729884559365241,-0.0721780930094151));
#1173=DIRECTION('',(0.258819044881245,-8.22018153243968E-06,-0.965925826313381));
#1174=DIRECTION('',(-0.965925826346016,0.0,-0.25881904488999));
#1175=ORIENTED_EDGE('',*,*,#1704,.F.);
#1176=ORIENTED_EDGE('',*,*,#1705,.F.);
#1177=ORIENTED_EDGE('',*,*,#1700,.F.);
#1178=ORIENTED_EDGE('',*,*,#1706,.T.);
#1179=CARTESIAN_POINT('',(0.0751967280037279,0.000800960217714815,-0.0719849590774755));
#1180=DIRECTION('',(1.02386147253276E-05,0.999999999946749,1.29343783474628E-06));
#1181=DIRECTION('',(-0.999999999947585,1.02386147253361E-05,-2.67476675110589E-27));
#1182=ORIENTED_EDGE('',*,*,#1704,.T.);
#1183=ORIENTED_EDGE('',*,*,#1707,.F.);
#1184=ORIENTED_EDGE('',*,*,#1689,.T.);
#1185=ORIENTED_EDGE('',*,*,#1708,.F.);
#1186=CARTESIAN_POINT('',(0.0752484257654956,-0.00729884559365241,-0.0721780930094151));
#1187=DIRECTION('',(0.258819044881245,-8.22018153243968E-06,-0.965925826313381));
#1188=DIRECTION('',(-0.965925826346016,0.0,-0.25881904488999));
#1189=ORIENTED_EDGE('',*,*,#1703,.T.);
#1190=ORIENTED_EDGE('',*,*,#1709,.T.);
#1191=ORIENTED_EDGE('',*,*,#1710,.T.);
#1192=ORIENTED_EDGE('',*,*,#1697,.F.);
#1193=ORIENTED_EDGE('',*,*,#1707,.T.);
#1194=ORIENTED_EDGE('',*,*,#1706,.F.);
#1195=CARTESIAN_POINT('',(0.153325705550294,5.01324710991853E-05,-0.0504809543679679));
#1196=DIRECTION('',(0.183004837933202,-0.707110182595479,-0.683011287580835));
#1197=DIRECTION('',(-0.965928472596817,0.0,-0.258809168745583));
#1198=ORIENTED_EDGE('',*,*,#1711,.T.);
#1199=ORIENTED_EDGE('',*,*,#1712,.F.);
#1200=ORIENTED_EDGE('',*,*,#1713,.F.);
#1201=ORIENTED_EDGE('',*,*,#1714,.F.);
#1202=CARTESIAN_POINT('',(0.0698957172474092,-0.00729889316174924,-0.0632898505866298));
#1203=DIRECTION('',(-0.707106781318724,1.29343783525276E-06,-0.707106781053189));
#1204=DIRECTION('',(-0.70710678105378,0.0,0.707106781319315));
#1205=ORIENTED_EDGE('',*,*,#1680,.T.);
#1206=ORIENTED_EDGE('',*,*,#1715,.F.);
#1207=ORIENTED_EDGE('',*,*,#1711,.F.);
#1208=ORIENTED_EDGE('',*,*,#1716,.T.);
#1209=CARTESIAN_POINT('',(0.080219542299804,0.000800910531874335,-0.0733308181142907));
#1210=DIRECTION('',(1.02386147253276E-05,0.999999999946749,1.29343783474628E-06));
#1211=DIRECTION('',(-0.999999999947585,1.02386147253361E-05,0.0));
#1212=ORIENTED_EDGE('',*,*,#1682,.T.);
#1213=ORIENTED_EDGE('',*,*,#1717,.F.);
#1214=ORIENTED_EDGE('',*,*,#1702,.T.);
#1215=ORIENTED_EDGE('',*,*,#1718,.F.);
#1216=CARTESIAN_POINT('',(0.0698957172474092,-0.00729889316174924,-0.0632898505866298));
#1217=DIRECTION('',(-0.707106781318724,1.29343783525276E-06,-0.707106781053189));
#1218=DIRECTION('',(-0.70710678105378,0.0,0.707106781319315));
#1219=ORIENTED_EDGE('',*,*,#1714,.T.);
#1220=ORIENTED_EDGE('',*,*,#1719,.T.);
#1221=ORIENTED_EDGE('',*,*,#1720,.T.);
#1222=ORIENTED_EDGE('',*,*,#1709,.F.);
#1223=ORIENTED_EDGE('',*,*,#1717,.T.);
#1224=ORIENTED_EDGE('',*,*,#1681,.F.);
#1225=ORIENTED_EDGE('',*,*,#1716,.F.);
#1226=CARTESIAN_POINT('',(0.0202427234023412,5.14460290143536E-05,-0.0125761831057403));
#1227=DIRECTION('',(-0.500005524632682,-0.707103440852026,-0.499999199271381));
#1228=DIRECTION('',(-0.707102308487662,0.0,0.707111253857142));
#1229=ORIENTED_EDGE('',*,*,#1721,.T.);
#1230=ORIENTED_EDGE('',*,*,#1722,.F.);
#1231=ORIENTED_EDGE('',*,*,#1723,.F.);
#1232=ORIENTED_EDGE('',*,*,#1724,.F.);
#1233=CARTESIAN_POINT('',(0.0813721501209017,-0.00729893426265691,-0.078301817367283));
#1234=DIRECTION('',(-0.965925826199969,9.51361936769244E-06,0.258819045260193));
#1235=DIRECTION('',(0.258819045271906,0.0,0.965925826243682));
#1236=ORIENTED_EDGE('',*,*,#1676,.T.);
#1237=ORIENTED_EDGE('',*,*,#1725,.F.);
#1238=ORIENTED_EDGE('',*,*,#1721,.F.);
#1239=ORIENTED_EDGE('',*,*,#1726,.T.);
#1240=CARTESIAN_POINT('',(0.0815654013350071,0.000800903248840251,-0.0783536324109118));
#1241=DIRECTION('',(1.02386147253276E-05,0.999999999946749,1.29343783474628E-06));
#1242=DIRECTION('',(-0.999999999947585,1.02386147253361E-05,2.67476675110725E-27));
#1243=ORIENTED_EDGE('',*,*,#1678,.T.);
#1244=ORIENTED_EDGE('',*,*,#1727,.F.);
#1245=ORIENTED_EDGE('',*,*,#1713,.T.);
#1246=ORIENTED_EDGE('',*,*,#1728,.F.);
#1247=CARTESIAN_POINT('',(0.0813721501209017,-0.00729893426265691,-0.078301817367283));
#1248=DIRECTION('',(-0.965925826199969,9.51361936769244E-06,0.258819045260193));
#1249=DIRECTION('',(0.258819045271906,0.0,0.965925826243682));
#1250=ORIENTED_EDGE('',*,*,#1724,.T.);
#1251=ORIENTED_EDGE('',*,*,#1729,.F.);
#1252=ORIENTED_EDGE('',*,*,#1730,.T.);
#1253=ORIENTED_EDGE('',*,*,#1719,.F.);
#1254=ORIENTED_EDGE('',*,*,#1727,.T.);
#1255=ORIENTED_EDGE('',*,*,#1677,.F.);
#1256=ORIENTED_EDGE('',*,*,#1726,.F.);
#1257=CARTESIAN_POINT('',(0.123301285687494,5.02772132805127E-05,0.0752817991569537));
#1258=DIRECTION('',(-0.683019927499398,-0.707100039382477,0.183011783620667));
#1259=DIRECTION('',(0.258815278858316,0.0,0.965926835443292));
#1260=ORIENTED_EDGE('',*,*,#1674,.T.);
#1261=ORIENTED_EDGE('',*,*,#1731,.F.);
#1262=ORIENTED_EDGE('',*,*,#1695,.F.);
#1263=ORIENTED_EDGE('',*,*,#1732,.F.);
#1264=CARTESIAN_POINT('',(0.062824649434222,-0.00729888022737089,-0.0703609183971617));
#1265=DIRECTION('',(0.707106781318724,-1.29343783525276E-06,0.707106781053189));
#1266=DIRECTION('',(0.70710678105378,0.0,-0.707106781319315));
#1267=ORIENTED_EDGE('',*,*,#1672,.T.);
#1268=ORIENTED_EDGE('',*,*,#1733,.T.);
#1269=ORIENTED_EDGE('',*,*,#1734,.F.);
#1270=ORIENTED_EDGE('',*,*,#1735,.F.);
#1271=CARTESIAN_POINT('',(0.0728656317747201,0.000800995337557014,-0.0806847286376311));
#1272=DIRECTION('',(1.02386147253276E-05,0.999999999946749,1.29343783474628E-06));
#1273=DIRECTION('',(-0.999999999947585,1.02386147253361E-05,0.0));
#1274=ORIENTED_EDGE('',*,*,#1734,.T.);
#1275=ORIENTED_EDGE('',*,*,#1736,.F.);
#1276=ORIENTED_EDGE('',*,*,#1737,.T.);
#1277=ORIENTED_EDGE('',*,*,#1738,.F.);
#1278=CARTESIAN_POINT('',(0.062824649434222,-0.00729888022737089,-0.0703609183971617));
#1279=DIRECTION('',(0.707106781318724,-1.29343783525276E-06,0.707106781053189));
#1280=DIRECTION('',(0.70710678105378,0.0,-0.707106781319315));
#1281=ORIENTED_EDGE('',*,*,#1732,.T.);
#1282=ORIENTED_EDGE('',*,*,#1699,.T.);
#1283=ORIENTED_EDGE('',*,*,#1739,.T.);
#1284=ORIENTED_EDGE('',*,*,#1740,.F.);
#1285=ORIENTED_EDGE('',*,*,#1736,.T.);
#1286=ORIENTED_EDGE('',*,*,#1733,.F.);
#1287=ORIENTED_EDGE('',*,*,#1675,.F.);
#1288=CARTESIAN_POINT('',(0.0121109954176259,5.15398045288652E-05,-0.0207079110881077));
#1289=DIRECTION('',(0.49999447552222,-0.707110121477005,0.500000800551395));
#1290=DIRECTION('',(0.707111253664551,3.92524968904631E-17,-0.707102308680255));
#1291=ORIENTED_EDGE('',*,*,#1741,.T.);
#1292=ORIENTED_EDGE('',*,*,#1742,.F.);
#1293=ORIENTED_EDGE('',*,*,#1737,.F.);
#1294=ORIENTED_EDGE('',*,*,#1743,.F.);
#1295=CARTESIAN_POINT('',(0.0778366162143081,-0.00729892779546773,-0.081837351272549));
#1296=DIRECTION('',(-0.258819044881245,8.22018153243968E-06,0.965925826313381));
#1297=DIRECTION('',(0.965925826346016,0.0,0.25881904488999));
#1298=ORIENTED_EDGE('',*,*,#1744,.F.);
#1299=ORIENTED_EDGE('',*,*,#1745,.F.);
#1300=ORIENTED_EDGE('',*,*,#1741,.F.);
#1301=ORIENTED_EDGE('',*,*,#1746,.T.);
#1302=CARTESIAN_POINT('',(0.0778884460713418,0.000800945651646659,-0.0820305876715011));
#1303=DIRECTION('',(1.02386147253276E-05,0.999999999946749,1.29343783474628E-06));
#1304=DIRECTION('',(-0.999999999947585,1.02386147253361E-05,0.0));
#1305=ORIENTED_EDGE('',*,*,#1744,.T.);
#1306=ORIENTED_EDGE('',*,*,#1747,.F.);
#1307=ORIENTED_EDGE('',*,*,#1723,.T.);
#1308=ORIENTED_EDGE('',*,*,#1748,.F.);
#1309=CARTESIAN_POINT('',(0.0778366162143081,-0.00729892779546773,-0.081837351272549));
#1310=DIRECTION('',(-0.258819044881245,8.22018153243968E-06,0.965925826313381));
#1311=DIRECTION('',(0.965925826346016,0.0,0.25881904488999));
#1312=ORIENTED_EDGE('',*,*,#1743,.T.);
#1313=ORIENTED_EDGE('',*,*,#1740,.T.);
#1314=ORIENTED_EDGE('',*,*,#1749,.T.);
#1315=ORIENTED_EDGE('',*,*,#1729,.T.);
#1316=ORIENTED_EDGE('',*,*,#1747,.T.);
#1317=ORIENTED_EDGE('',*,*,#1746,.F.);
#1318=CARTESIAN_POINT('',(0.15630212456736,5.01163643892039E-05,-0.0615891013709532));
#1319=DIRECTION('',(-0.183020565594064,-0.707103379687324,0.683014116255582));
#1320=DIRECTION('',(0.965923180001649,-1.96260613229783E-17,0.258828920979675));
#1321=ORIENTED_EDGE('',*,*,#1745,.T.);
#1322=ORIENTED_EDGE('',*,*,#1748,.T.);
#1323=ORIENTED_EDGE('',*,*,#1750,.F.);
#1324=ORIENTED_EDGE('',*,*,#1751,.T.);
#1325=ORIENTED_EDGE('',*,*,#1752,.F.);
#1326=ORIENTED_EDGE('',*,*,#1742,.T.);
#1327=CARTESIAN_POINT('',(0.234370029095892,0.00499914318775758,-0.0395838715437693));
#1328=DIRECTION('',(-0.18301846776204,-0.70710096860276,0.683017174497885));
#1329=DIRECTION('',(0.965924211450087,1.96259944019383E-17,0.258825071688442));
#1330=ORIENTED_EDGE('',*,*,#1725,.T.);
#1331=ORIENTED_EDGE('',*,*,#1679,.T.);
#1332=ORIENTED_EDGE('',*,*,#1728,.T.);
#1333=ORIENTED_EDGE('',*,*,#1753,.T.);
#1334=ORIENTED_EDGE('',*,*,#1754,.T.);
#1335=ORIENTED_EDGE('',*,*,#1750,.T.);
#1336=ORIENTED_EDGE('',*,*,#1722,.T.);
#1337=CARTESIAN_POINT('',(0.110105059546204,0.00500059719090112,0.0300895192690942));
#1338=DIRECTION('',(-0.68301846785544,-0.707100054004182,0.183017174592141));
#1339=DIRECTION('',(0.258822908122443,1.96259690167284E-17,0.965924791187721));
#1340=ORIENTED_EDGE('',*,*,#1755,.F.);
#1341=ORIENTED_EDGE('',*,*,#1756,.F.);
#1342=ORIENTED_EDGE('',*,*,#1641,.F.);
#1343=ORIENTED_EDGE('',*,*,#1730,.F.);
#1344=ORIENTED_EDGE('',*,*,#1749,.F.);
#1345=ORIENTED_EDGE('',*,*,#1739,.F.);
#1346=ORIENTED_EDGE('',*,*,#1698,.F.);
#1347=ORIENTED_EDGE('',*,*,#1710,.F.);
#1348=ORIENTED_EDGE('',*,*,#1720,.F.);
#1349=CARTESIAN_POINT('',(0.162144441538797,-0.000700320207210102,0.229692268756372));
#1350=DIRECTION('',(-1.02386147236979E-05,-0.999999999946749,-1.29343783326254E-06));
#1351=DIRECTION('',(-0.999999999947585,1.02386147234465E-05,2.0100240916143E-10));
#1352=ORIENTED_EDGE('',*,*,#1673,.T.);
#1353=ORIENTED_EDGE('',*,*,#1735,.T.);
#1354=ORIENTED_EDGE('',*,*,#1738,.T.);
#1355=ORIENTED_EDGE('',*,*,#1752,.T.);
#1356=ORIENTED_EDGE('',*,*,#1757,.T.);
#1357=ORIENTED_EDGE('',*,*,#1758,.F.);
#1358=ORIENTED_EDGE('',*,*,#1731,.T.);
#1359=CARTESIAN_POINT('',(0.103484047207459,0.00499976131767095,-0.110596029620234));
#1360=DIRECTION('',(0.499994234067225,-0.707107695747499,0.500004472494188));
#1361=DIRECTION('',(0.707114020819984,-3.92523622354257E-17,-0.707099541478989));
#1362=ORIENTED_EDGE('',*,*,#1685,.T.);
#1363=ORIENTED_EDGE('',*,*,#1693,.T.);
#1364=ORIENTED_EDGE('',*,*,#1696,.T.);
#1365=ORIENTED_EDGE('',*,*,#1758,.T.);
#1366=ORIENTED_EDGE('',*,*,#1759,.T.);
#1367=ORIENTED_EDGE('',*,*,#1760,.F.);
#1368=ORIENTED_EDGE('',*,*,#1688,.T.);
#1369=CARTESIAN_POINT('',(0.101025356779924,0.00500068661892318,0.03252241829454));
#1370=DIRECTION('',(0.683006935802978,-0.707113508293621,-0.183008229415276));
#1371=DIRECTION('',(-0.258815182343729,0.0,-0.965926861303889));
#1372=ORIENTED_EDGE('',*,*,#1705,.T.);
#1373=ORIENTED_EDGE('',*,*,#1708,.T.);
#1374=ORIENTED_EDGE('',*,*,#1760,.T.);
#1375=ORIENTED_EDGE('',*,*,#1761,.T.);
#1376=ORIENTED_EDGE('',*,*,#1762,.F.);
#1377=ORIENTED_EDGE('',*,*,#1701,.T.);
#1378=CARTESIAN_POINT('',(0.231937130074008,0.00499922045746399,-0.0305041687764235));
#1379=DIRECTION('',(0.18300693570947,-0.707112593695017,-0.683008229320947));
#1380=DIRECTION('',(-0.965927441230889,0.0,-0.258813017982378));
#1381=ORIENTED_EDGE('',*,*,#1715,.T.);
#1382=ORIENTED_EDGE('',*,*,#1683,.T.);
#1383=ORIENTED_EDGE('',*,*,#1718,.T.);
#1384=ORIENTED_EDGE('',*,*,#1762,.T.);
#1385=ORIENTED_EDGE('',*,*,#1763,.T.);
#1386=ORIENTED_EDGE('',*,*,#1753,.F.);
#1387=ORIENTED_EDGE('',*,*,#1712,.T.);
#1388=CARTESIAN_POINT('',(0.110130850951855,0.0049997491593553,-0.103949225878334));
#1389=DIRECTION('',(-0.500005766119709,-0.707105866550274,-0.499995527317224));
#1390=DIRECTION('',(-0.70709954123218,0.0,0.707114021066787));
#1391=ORIENTED_EDGE('',*,*,#1751,.F.);
#1392=ORIENTED_EDGE('',*,*,#1754,.F.);
#1393=ORIENTED_EDGE('',*,*,#1763,.F.);
#1394=ORIENTED_EDGE('',*,*,#1761,.F.);
#1395=ORIENTED_EDGE('',*,*,#1759,.F.);
#1396=ORIENTED_EDGE('',*,*,#1757,.F.);
#1397=ORIENTED_EDGE('',*,*,#1636,.F.);
#1398=ORIENTED_EDGE('',*,*,#1764,.F.);
#1399=CARTESIAN_POINT('',(0.371195346138788,0.00529875994843009,0.0762209339733922));
#1400=DIRECTION('',(-8.15439256402642E-06,-0.999999999946749,6.32519523814005E-06));
#1401=DIRECTION('',(-0.707106781007355,1.02386147234465E-05,0.707106781291615));
#1402=ORIENTED_EDGE('',*,*,#1603,.T.);
#1403=ORIENTED_EDGE('',*,*,#1765,.T.);
#1404=ORIENTED_EDGE('',*,*,#1606,.F.);
#1405=ORIENTED_EDGE('',*,*,#1766,.T.);
#1406=ORIENTED_EDGE('',*,*,#1671,.T.);
#1407=ORIENTED_EDGE('',*,*,#1767,.F.);
#1408=ORIENTED_EDGE('',*,*,#1602,.F.);
#1409=ORIENTED_EDGE('',*,*,#1768,.T.);
#1410=ORIENTED_EDGE('',*,*,#1643,.T.);
#1411=ORIENTED_EDGE('',*,*,#1769,.T.);
#1412=ORIENTED_EDGE('',*,*,#1770,.T.);
#1413=ORIENTED_EDGE('',*,*,#1771,.F.);
#1414=ORIENTED_EDGE('',*,*,#1772,.F.);
#1415=ORIENTED_EDGE('',*,*,#1659,.F.);
#1416=ORIENTED_EDGE('',*,*,#1773,.F.);
#1417=ORIENTED_EDGE('',*,*,#1650,.T.);
#1418=ORIENTED_EDGE('',*,*,#1774,.F.);
#1419=ORIENTED_EDGE('',*,*,#1775,.F.);
#1420=ORIENTED_EDGE('',*,*,#1663,.F.);
#1421=ORIENTED_EDGE('',*,*,#1776,.F.);
#1422=ORIENTED_EDGE('',*,*,#1765,.F.);
#1423=ORIENTED_EDGE('',*,*,#1607,.F.);
#1424=CARTESIAN_POINT('',(0.162144556211282,0.0104996797921935,0.229692283242876));
#1425=DIRECTION('',(1.02386147236979E-05,0.999999999946749,1.29343783326254E-06));
#1426=DIRECTION('',(0.999999999947585,-1.02386147234465E-05,-2.0100240916143E-10));
#1427=ORIENTED_EDGE('',*,*,#1668,.T.);
#1428=ORIENTED_EDGE('',*,*,#1766,.F.);
#1429=ORIENTED_EDGE('',*,*,#1605,.F.);
#1430=ORIENTED_EDGE('',*,*,#1670,.T.);
#1431=ORIENTED_EDGE('',*,*,#1777,.T.);
#1432=CARTESIAN_POINT('',(0.0618999674372119,0.00770111025055054,-0.0916493974719016));
#1433=DIRECTION('',(1.02386147236979E-05,-0.999999999946749,1.29343783326251E-06));
#1434=DIRECTION('',(0.999999999947586,1.02386147237065E-05,-3.55429215597637E-15));
#1435=ORIENTED_EDGE('',*,*,#1598,.T.);
#1436=ORIENTED_EDGE('',*,*,#1767,.T.);
#1437=ORIENTED_EDGE('',*,*,#1601,.F.);
#1438=ORIENTED_EDGE('',*,*,#1778,.T.);
#1439=ORIENTED_EDGE('',*,*,#1667,.T.);
#1440=ORIENTED_EDGE('',*,*,#1664,.T.);
#1441=ORIENTED_EDGE('',*,*,#1778,.F.);
#1442=ORIENTED_EDGE('',*,*,#1600,.F.);
#1443=ORIENTED_EDGE('',*,*,#1666,.T.);
#1444=ORIENTED_EDGE('',*,*,#1779,.T.);
#1445=CARTESIAN_POINT('',(0.0911842386951163,0.00770079560690056,-0.0623651262293064));
#1446=DIRECTION('',(1.02386147236979E-05,-0.999999999946749,1.29343783326251E-06));
#1447=DIRECTION('',(0.999999999947585,1.02386147237065E-05,-3.55429215597108E-15));
#1448=ORIENTED_EDGE('',*,*,#1623,.F.);
#1449=ORIENTED_EDGE('',*,*,#1780,.T.);
#1450=ORIENTED_EDGE('',*,*,#1776,.T.);
#1451=ORIENTED_EDGE('',*,*,#1662,.F.);
#1452=CARTESIAN_POINT('',(0.0904474649452446,0.00920081784589988,-0.0826341934210894));
#1453=DIRECTION('',(0.926985466443488,-9.00588207509372E-06,-0.375097247285879));
#1454=DIRECTION('',(-0.37509724730109,0.0,-0.92698546648108));
#1455=ORIENTED_EDGE('',*,*,#1660,.T.);
#1456=ORIENTED_EDGE('',*,*,#1775,.T.);
#1457=ORIENTED_EDGE('',*,*,#1781,.F.);
#1458=ORIENTED_EDGE('',*,*,#1782,.F.);
#1459=CARTESIAN_POINT('',(0.0910383778008892,0.00977078576905305,-0.0625120449631437));
#1460=DIRECTION('',(1.02386147236979E-05,0.999999999946749,1.29343783326254E-06));
#1461=DIRECTION('',(0.707106781282268,-8.15439256525607E-06,0.707106781043808));
#1462=ORIENTED_EDGE('',*,*,#1783,.F.);
#1463=ORIENTED_EDGE('',*,*,#1781,.T.);
#1464=ORIENTED_EDGE('',*,*,#1774,.T.);
#1465=ORIENTED_EDGE('',*,*,#1649,.F.);
#1466=CARTESIAN_POINT('',(0.0709162242450007,0.00920099255630283,-0.0631029527122441));
#1467=DIRECTION('',(-0.375097246906105,2.64147812170802E-06,0.926985466637144));
#1468=DIRECTION('',(9.94910626171735E-21,-0.99999999999594,2.84953563649696E-06));
#1469=ORIENTED_EDGE('',*,*,#1610,.F.);
#1470=ORIENTED_EDGE('',*,*,#1651,.T.);
#1471=ORIENTED_EDGE('',*,*,#1773,.T.);
#1472=ORIENTED_EDGE('',*,*,#1658,.F.);
#1473=CARTESIAN_POINT('',(0.06263790095194,0.00920108802236213,-0.0713812760025131));
#1474=DIRECTION('',(-0.926985466443489,9.00588207509372E-06,0.375097247285876));
#1475=DIRECTION('',(0.375097247301088,0.0,0.926985466481081));
#1476=ORIENTED_EDGE('',*,*,#1656,.T.);
#1477=ORIENTED_EDGE('',*,*,#1772,.T.);
#1478=ORIENTED_EDGE('',*,*,#1784,.F.);
#1479=ORIENTED_EDGE('',*,*,#1618,.F.);
#1480=CARTESIAN_POINT('',(0.0620469997683162,0.00977112009914822,-0.0915034229859399));
#1481=DIRECTION('',(1.02386147236979E-05,0.999999999946749,1.29343783326254E-06));
#1482=DIRECTION('',(-0.707106781282268,8.15439256525607E-06,-0.707106781043808));
#1483=ORIENTED_EDGE('',*,*,#1785,.F.);
#1484=ORIENTED_EDGE('',*,*,#1784,.T.);
#1485=ORIENTED_EDGE('',*,*,#1771,.T.);
#1486=ORIENTED_EDGE('',*,*,#1786,.F.);
#1487=CARTESIAN_POINT('',(0.082169141652184,0.00920091331195918,-0.0909125167113584));
#1488=DIRECTION('',(0.375097246906114,-2.64147812170812E-06,-0.92698546663714));
#1489=DIRECTION('',(-9.94910626171777E-21,0.99999999999594,-2.84953563649707E-06));
#1490=ORIENTED_EDGE('',*,*,#1646,.T.);
#1491=ORIENTED_EDGE('',*,*,#1638,.F.);
#1492=ORIENTED_EDGE('',*,*,#1787,.F.);
#1493=ORIENTED_EDGE('',*,*,#1654,.T.);
#1494=ORIENTED_EDGE('',*,*,#1788,.T.);
#1495=ORIENTED_EDGE('',*,*,#1613,.F.);
#1496=ORIENTED_EDGE('',*,*,#1789,.F.);
#1497=ORIENTED_EDGE('',*,*,#1786,.T.);
#1498=ORIENTED_EDGE('',*,*,#1770,.F.);
#1499=ORIENTED_EDGE('',*,*,#1780,.F.);
#1500=ORIENTED_EDGE('',*,*,#1622,.F.);
#1501=ORIENTED_EDGE('',*,*,#1790,.F.);
#1502=ORIENTED_EDGE('',*,*,#1791,.T.);
#1503=CARTESIAN_POINT('',(0.0765425959203671,0.00070095293458361,-0.0770077457060229));
#1504=DIRECTION('',(1.02386147236979E-05,0.999999999946749,1.29343783326254E-06));
#1505=DIRECTION('',(0.999999999947585,-1.02386147237065E-05,-3.55271367861519E-15));
#1506=ORIENTED_EDGE('',*,*,#1642,.T.);
#1507=ORIENTED_EDGE('',*,*,#1634,.F.);
#1508=ORIENTED_EDGE('',*,*,#1644,.T.);
#1509=ORIENTED_EDGE('',*,*,#1768,.F.);
#1510=ORIENTED_EDGE('',*,*,#1769,.F.);
#1511=CARTESIAN_POINT('',(0.0765426433044826,0.00770095293421088,-0.0770078170178963));
#1512=DIRECTION('',(8.15439256402641E-06,0.999999999946749,-6.32519523814005E-06));
#1513=DIRECTION('',(0.707106781149483,-1.02386147237065E-05,-0.707106781149487));
#1514=ORIENTED_EDGE('',*,*,#1637,.T.);
#1515=ORIENTED_EDGE('',*,*,#1756,.T.);
#1516=ORIENTED_EDGE('',*,*,#1755,.T.);
#1517=ORIENTED_EDGE('',*,*,#1640,.T.);
#1518=ORIENTED_EDGE('',*,*,#1655,.T.);
#1519=ORIENTED_EDGE('',*,*,#1787,.T.);
#1520=CARTESIAN_POINT('',(0.0765425918249213,0.000300952934604911,-0.077007746223398));
#1521=DIRECTION('',(-1.02386147236979E-05,-0.999999999946749,-1.29343783326254E-06));
#1522=DIRECTION('',(0.0,1.29343783333033E-06,-0.999999999999163));
#1523=ORIENTED_EDGE('',*,*,#1633,.T.);
#1524=ORIENTED_EDGE('',*,*,#1764,.T.);
#1525=ORIENTED_EDGE('',*,*,#1635,.T.);
#1526=ORIENTED_EDGE('',*,*,#1645,.T.);
#1527=CARTESIAN_POINT('',(0.0765426237277474,0.00530019346072869,-0.0770078018326239));
#1528=DIRECTION('',(-8.15439256402641E-06,-0.999999999946749,6.32519523814005E-06));
#1529=DIRECTION('',(-0.707106781149483,1.02386147237065E-05,0.707106781149486));
#1530=ORIENTED_EDGE('',*,*,#1627,.F.);
#1531=ORIENTED_EDGE('',*,*,#1647,.F.);
#1532=ORIENTED_EDGE('',*,*,#1791,.F.);
#1533=ORIENTED_EDGE('',*,*,#1792,.F.);
#1534=ORIENTED_EDGE('',*,*,#1630,.F.);
#1535=ORIENTED_EDGE('',*,*,#1793,.F.);
#1536=ORIENTED_EDGE('',*,*,#1665,.F.);
#1537=ORIENTED_EDGE('',*,*,#1779,.F.);
#1538=CARTESIAN_POINT('',(0.162144527543161,0.00769967979234262,0.22969227962125));
#1539=DIRECTION('',(1.02386147236979E-05,0.999999999946749,1.29343783326254E-06));
#1540=DIRECTION('',(0.999999999947585,-1.02386147234465E-05,-2.0100240916143E-10));
#1541=ORIENTED_EDGE('',*,*,#1629,.T.);
#1542=ORIENTED_EDGE('',*,*,#1661,.T.);
#1543=ORIENTED_EDGE('',*,*,#1782,.T.);
#1544=ORIENTED_EDGE('',*,*,#1794,.T.);
#1545=ORIENTED_EDGE('',*,*,#1628,.T.);
#1546=ORIENTED_EDGE('',*,*,#1793,.T.);
#1547=CARTESIAN_POINT('',(0.0910383668455714,0.00870078576911004,-0.0625120463471222));
#1548=DIRECTION('',(-1.02386147236979E-05,-0.999999999946749,-1.29343783326254E-06));
#1549=DIRECTION('',(-0.999999999947585,1.02386147237065E-05,3.49148336092711E-15));
#1550=ORIENTED_EDGE('',*,*,#1625,.T.);
#1551=ORIENTED_EDGE('',*,*,#1794,.F.);
#1552=ORIENTED_EDGE('',*,*,#1783,.T.);
#1553=ORIENTED_EDGE('',*,*,#1648,.T.);
#1554=CARTESIAN_POINT('',(0.161391528252967,0.00870002025691282,-0.027571609498013));
#1555=DIRECTION('',(0.926985466584364,-9.97621201767081E-06,0.375097246913176));
#1556=DIRECTION('',(-0.265241046685615,-0.707104913341796,0.655476794921842));
#1557=ORIENTED_EDGE('',*,*,#1621,.T.);
#1558=ORIENTED_EDGE('',*,*,#1631,.F.);
#1559=ORIENTED_EDGE('',*,*,#1792,.T.);
#1560=ORIENTED_EDGE('',*,*,#1790,.T.);
#1561=CARTESIAN_POINT('',(0.148863762069825,0.00870002956797399,0.0643971787018255));
#1562=DIRECTION('',(0.375097247254256,-5.03947427207905E-06,0.926985466486333));
#1563=DIRECTION('',(0.655470469589666,-0.707113149269177,-0.265234721758916));
#1564=ORIENTED_EDGE('',*,*,#1614,.F.);
#1565=ORIENTED_EDGE('',*,*,#1788,.F.);
#1566=ORIENTED_EDGE('',*,*,#1653,.F.);
#1567=ORIENTED_EDGE('',*,*,#1795,.F.);
#1568=ORIENTED_EDGE('',*,*,#1796,.F.);
#1569=ORIENTED_EDGE('',*,*,#1620,.F.);
#1570=ORIENTED_EDGE('',*,*,#1669,.F.);
#1571=ORIENTED_EDGE('',*,*,#1777,.F.);
#1572=CARTESIAN_POINT('',(0.162144527543161,0.00769967979234262,0.22969227962125));
#1573=DIRECTION('',(1.02386147236979E-05,0.999999999946749,1.29343783326254E-06));
#1574=DIRECTION('',(0.999999999947585,-1.02386147234465E-05,-2.0100240916143E-10));
#1575=ORIENTED_EDGE('',*,*,#1616,.T.);
#1576=ORIENTED_EDGE('',*,*,#1796,.T.);
#1577=ORIENTED_EDGE('',*,*,#1797,.T.);
#1578=ORIENTED_EDGE('',*,*,#1611,.T.);
#1579=ORIENTED_EDGE('',*,*,#1657,.T.);
#1580=CARTESIAN_POINT('',(0.0620469888129984,0.00870112009920521,-0.0915034243699184));
#1581=DIRECTION('',(-1.02386147236979E-05,-0.999999999946749,-1.29343783326254E-06));
#1582=DIRECTION('',(-0.999999999947585,1.02386147237065E-05,3.49148336092711E-15));
#1583=ORIENTED_EDGE('',*,*,#1612,.T.);
#1584=ORIENTED_EDGE('',*,*,#1619,.F.);
#1585=ORIENTED_EDGE('',*,*,#1785,.T.);
#1586=ORIENTED_EDGE('',*,*,#1789,.T.);
#1587=CARTESIAN_POINT('',(0.171894251166339,0.00869994629552542,-0.0535272025638517));
#1588=DIRECTION('',(-0.926985466584361,9.97621201761787E-06,-0.375097246913184));
#1589=DIRECTION('',(0.265226567097816,-0.707108648955988,-0.655478624119159));
#1590=ORIENTED_EDGE('',*,*,#1608,.T.);
#1591=ORIENTED_EDGE('',*,*,#1797,.F.);
#1592=ORIENTED_EDGE('',*,*,#1795,.T.);
#1593=ORIENTED_EDGE('',*,*,#1652,.T.);
#1594=CARTESIAN_POINT('',(0.122908169009407,0.00870028173267209,0.0748999016258302));
#1595=DIRECTION('',(-0.375097247254253,5.03947427202611E-06,-0.926985466486333));
#1596=DIRECTION('',(-0.655484949177462,-0.707100413028612,0.265232892561586));
#1597=COLOUR_RGB('',0.686274528503418,0.686274528503418,0.560784339904785);
#1598=EDGE_CURVE('',#1798,#1799,#1800,.T.);
#1599=EDGE_CURVE('1:6778',#1798,#1801,#1802,.T.);
#1600=EDGE_CURVE('1:6778',#1801,#1803,#1804,.T.);
#1601=EDGE_CURVE('',#1803,#1805,#1806,.T.);
#1602=EDGE_CURVE('1:6745',#1805,#1799,#1807,.T.);
#1603=EDGE_CURVE('',#1808,#1809,#1810,.T.);
#1604=EDGE_CURVE('1:6742',#1808,#1811,#1812,.T.);
#1605=EDGE_CURVE('1:6742',#1811,#1813,#1814,.T.);
#1606=EDGE_CURVE('',#1813,#1815,#1816,.T.);
#1607=EDGE_CURVE('1:6739',#1815,#1809,#1817,.T.);
#1608=EDGE_CURVE('',#1818,#1819,#1820,.T.);
#1609=EDGE_CURVE('1:6826',#1818,#1821,#1822,.F.);
#1610=EDGE_CURVE('1:6805',#1821,#1823,#1824,.T.);
#1611=EDGE_CURVE('1:6874',#1819,#1823,#1825,.T.);
#1612=EDGE_CURVE('',#1826,#1827,#1828,.T.);
#1613=EDGE_CURVE('1:6832',#1826,#1829,#1830,.F.);
#1614=EDGE_CURVE('1:6865',#1829,#1831,#1832,.T.);
#1615=EDGE_CURVE('1:6877',#1827,#1831,#1833,.T.);
#1616=EDGE_CURVE('',#1834,#1835,#1836,.T.);
#1617=EDGE_CURVE('1:6814',#1834,#1837,#1838,.T.);
#1618=EDGE_CURVE('1:6814',#1837,#1839,#1840,.T.);
#1619=EDGE_CURVE('1:6877',#1839,#1827,#1841,.T.);
#1620=EDGE_CURVE('1:6871',#1831,#1835,#1842,.T.);
#1621=EDGE_CURVE('',#1843,#1844,#1845,.T.);
#1622=EDGE_CURVE('1:6835',#1843,#1846,#1847,.F.);
#1623=EDGE_CURVE('1:6784',#1846,#1848,#1849,.T.);
#1624=EDGE_CURVE('1:6859',#1844,#1848,#1850,.T.);
#1625=EDGE_CURVE('',#1851,#1852,#1853,.T.);
#1626=EDGE_CURVE('1:6841',#1851,#1854,#1855,.F.);
#1627=EDGE_CURVE('1:6850',#1854,#1856,#1857,.T.);
#1628=EDGE_CURVE('1:6862',#1852,#1856,#1858,.T.);
#1629=EDGE_CURVE('',#1859,#1860,#1861,.T.);
#1630=EDGE_CURVE('1:6856',#1859,#1862,#1863,.T.);
#1631=EDGE_CURVE('1:6859',#1862,#1844,#1864,.T.);
#1632=EDGE_CURVE('1:6793',#1848,#1860,#1865,.T.);
#1633=EDGE_CURVE('',#1866,#1867,#1868,.T.);
#1634=EDGE_CURVE('1:6847',#1866,#1869,#1870,.T.);
#1635=EDGE_CURVE('',#1871,#1869,#1872,.T.);
#1636=EDGE_CURVE('1:6736',#1871,#1867,#1873,.T.);
#1637=EDGE_CURVE('',#1874,#1875,#1876,.T.);
#1638=EDGE_CURVE('1:6844',#1874,#1877,#1878,.T.);
#1639=EDGE_CURVE('1:6844',#1877,#1879,#1880,.T.);
#1640=EDGE_CURVE('',#1881,#1879,#1882,.T.);
#1641=EDGE_CURVE('1:6712',#1881,#1875,#1883,.T.);
#1642=EDGE_CURVE('',#1884,#1869,#1885,.T.);
#1643=EDGE_CURVE('1:6748',#1886,#1884,#1887,.F.);
#1644=EDGE_CURVE('',#1866,#1886,#1888,.T.);
#1645=EDGE_CURVE('1:6847',#1869,#1866,#1889,.T.);
#1646=EDGE_CURVE('',#1890,#1877,#1891,.T.);
#1647=EDGE_CURVE('1:6838',#1890,#1854,#1892,.T.);
#1648=EDGE_CURVE('1:6841',#1893,#1851,#1894,.F.);
#1649=EDGE_CURVE('1:6802',#1893,#1895,#1896,.F.);
#1650=EDGE_CURVE('1:6763',#1897,#1895,#1898,.F.);
#1651=EDGE_CURVE('1:6808',#1821,#1897,#1899,.F.);
#1652=EDGE_CURVE('1:6826',#1900,#1818,#1901,.F.);
#1653=EDGE_CURVE('1:6829',#1900,#1902,#1903,.T.);
#1654=EDGE_CURVE('',#1904,#1902,#1905,.T.);
#1655=EDGE_CURVE('1:6844',#1879,#1904,#1906,.T.);
#1656=EDGE_CURVE('',#1837,#1907,#1908,.T.);
#1657=EDGE_CURVE('1:6814',#1823,#1834,#1909,.T.);
#1658=EDGE_CURVE('1:6811',#1823,#1910,#1911,.T.);
#1659=EDGE_CURVE('1:6757',#1910,#1907,#1912,.F.);
#1660=EDGE_CURVE('',#1913,#1914,#1915,.T.);
#1661=EDGE_CURVE('1:6793',#1860,#1913,#1916,.T.);
#1662=EDGE_CURVE('1:6790',#1848,#1917,#1918,.T.);
#1663=EDGE_CURVE('1:6769',#1917,#1914,#1919,.F.);
#1664=EDGE_CURVE('',#1920,#1921,#1922,.T.);
#1665=EDGE_CURVE('1:6781',#1920,#1923,#1924,.F.);
#1666=EDGE_CURVE('',#1801,#1923,#1925,.T.);
#1667=EDGE_CURVE('1:6778',#1921,#1798,#1926,.T.);
#1668=EDGE_CURVE('',#1927,#1928,#1929,.T.);
#1669=EDGE_CURVE('1:6775',#1927,#1930,#1931,.F.);
#1670=EDGE_CURVE('',#1811,#1930,#1932,.T.);
#1671=EDGE_CURVE('1:6742',#1928,#1808,#1933,.T.);
#1672=EDGE_CURVE('',#1934,#1935,#1936,.T.);
#1673=EDGE_CURVE('1:6649',#1937,#1934,#1938,.T.);
#1674=EDGE_CURVE('1:6637',#1939,#1937,#1940,.T.);
#1675=EDGE_CURVE('1:6652',#1939,#1935,#1941,.F.);
#1676=EDGE_CURVE('',#1942,#1943,#1944,.T.);
#1677=EDGE_CURVE('1:6622',#1942,#1945,#1946,.F.);
#1678=EDGE_CURVE('1:6616',#1947,#1945,#1948,.T.);
#1679=EDGE_CURVE('1:6619',#1943,#1947,#1949,.T.);
#1680=EDGE_CURVE('',#1950,#1951,#1952,.T.);
#1681=EDGE_CURVE('1:6589',#1950,#1953,#1954,.F.);
#1682=EDGE_CURVE('1:6583',#1955,#1953,#1956,.T.);
#1683=EDGE_CURVE('1:6586',#1951,#1955,#1957,.T.);
#1684=EDGE_CURVE('',#1958,#1959,#1960,.T.);
#1685=EDGE_CURVE('1:6514',#1961,#1958,#1962,.T.);
#1686=EDGE_CURVE('1:6499',#1963,#1961,#1964,.T.);
#1687=EDGE_CURVE('1:6517',#1963,#1959,#1965,.F.);
#1688=EDGE_CURVE('1:6502',#1966,#1961,#1967,.T.);
#1689=EDGE_CURVE('1:6505',#1968,#1966,#1969,.T.);
#1690=EDGE_CURVE('1:6508',#1963,#1968,#1970,.T.);
#1691=EDGE_CURVE('1:6517',#1959,#1971,#1972,.F.);
#1692=EDGE_CURVE('1:6511',#1973,#1971,#1974,.T.);
#1693=EDGE_CURVE('1:6514',#1958,#1973,#1975,.T.);
#1694=EDGE_CURVE('1:6520',#1976,#1971,#1977,.T.);
#1695=EDGE_CURVE('1:6523',#1976,#1978,#1979,.T.);
#1696=EDGE_CURVE('1:6526',#1973,#1978,#1980,.T.);
#1697=EDGE_CURVE('1:6529',#1968,#1981,#1982,.F.);
#1698=EDGE_CURVE('1:6532',#1981,#1983,#1984,.T.);
#1699=EDGE_CURVE('1:6535',#1976,#1983,#1985,.F.);
#1700=EDGE_CURVE('1:6538',#1986,#1987,#1988,.T.);
#1701=EDGE_CURVE('1:6541',#1989,#1987,#1990,.T.);
#1702=EDGE_CURVE('1:6544',#1991,#1989,#1992,.T.);
#1703=EDGE_CURVE('1:6547',#1986,#1991,#1993,.T.);
#1704=EDGE_CURVE('1:6550',#1994,#1995,#1996,.T.);
#1705=EDGE_CURVE('1:6553',#1987,#1994,#1997,.T.);
#1706=EDGE_CURVE('1:6556',#1986,#1995,#1998,.F.);
#1707=EDGE_CURVE('1:6559',#1968,#1995,#1999,.T.);
#1708=EDGE_CURVE('1:6562',#1994,#1966,#2000,.T.);
#1709=EDGE_CURVE('1:6565',#1991,#2001,#2002,.F.);
#1710=EDGE_CURVE('1:6568',#2001,#1981,#2003,.T.);
#1711=EDGE_CURVE('1:6571',#2004,#2005,#2006,.T.);
#1712=EDGE_CURVE('1:6574',#2007,#2005,#2008,.T.);
#1713=EDGE_CURVE('1:6577',#2009,#2007,#2010,.T.);
#1714=EDGE_CURVE('1:6580',#2004,#2009,#2011,.T.);
#1715=EDGE_CURVE('1:6586',#2005,#1951,#2012,.T.);
#1716=EDGE_CURVE('1:6589',#2004,#1950,#2013,.F.);
#1717=EDGE_CURVE('1:6592',#1991,#1953,#2014,.T.);
#1718=EDGE_CURVE('1:6595',#1955,#1989,#2015,.T.);
#1719=EDGE_CURVE('1:6598',#2009,#2016,#2017,.F.);
#1720=EDGE_CURVE('1:6601',#2016,#2001,#2018,.T.);
#1721=EDGE_CURVE('1:6604',#2019,#2020,#2021,.T.);
#1722=EDGE_CURVE('1:6607',#2022,#2020,#2023,.T.);
#1723=EDGE_CURVE('1:6610',#2024,#2022,#2025,.F.);
#1724=EDGE_CURVE('1:6613',#2019,#2024,#2026,.T.);
#1725=EDGE_CURVE('1:6619',#2020,#1943,#2027,.T.);
#1726=EDGE_CURVE('1:6622',#2019,#1942,#2028,.F.);
#1727=EDGE_CURVE('1:6625',#2009,#1945,#2029,.T.);
#1728=EDGE_CURVE('1:6628',#1947,#2007,#2030,.T.);
#1729=EDGE_CURVE('1:6631',#2031,#2024,#2032,.F.);
#1730=EDGE_CURVE('1:6634',#2031,#2016,#2033,.T.);
#1731=EDGE_CURVE('1:6640',#1978,#1937,#2034,.T.);
#1732=EDGE_CURVE('1:6643',#1939,#1976,#2035,.T.);
#1733=EDGE_CURVE('1:6652',#1935,#2036,#2037,.F.);
#1734=EDGE_CURVE('1:6646',#2038,#2036,#2039,.T.);
#1735=EDGE_CURVE('1:6649',#1934,#2038,#2040,.T.);
#1736=EDGE_CURVE('1:6655',#2041,#2036,#2042,.T.);
#1737=EDGE_CURVE('1:6658',#2041,#2043,#2044,.T.);
#1738=EDGE_CURVE('1:6661',#2038,#2043,#2045,.T.);
#1739=EDGE_CURVE('1:6664',#1983,#2046,#2047,.T.);
#1740=EDGE_CURVE('1:6667',#2041,#2046,#2048,.F.);
#1741=EDGE_CURVE('1:6670',#2049,#2050,#2051,.T.);
#1742=EDGE_CURVE('1:6673',#2043,#2050,#2052,.T.);
#1743=EDGE_CURVE('1:6676',#2049,#2041,#2053,.T.);
#1744=EDGE_CURVE('1:6679',#2054,#2055,#2056,.T.);
#1745=EDGE_CURVE('1:6682',#2050,#2054,#2057,.T.);
#1746=EDGE_CURVE('1:6685',#2049,#2055,#2058,.F.);
#1747=EDGE_CURVE('1:6688',#2024,#2055,#2059,.T.);
#1748=EDGE_CURVE('1:6691',#2054,#2022,#2060,.T.);
#1749=EDGE_CURVE('1:6694',#2046,#2031,#2061,.T.);
#1750=EDGE_CURVE('1:6697',#2062,#2022,#2063,.T.);
#1751=EDGE_CURVE('1:6700',#2062,#2064,#2065,.T.);
#1752=EDGE_CURVE('1:6703',#2043,#2064,#2066,.T.);
#1753=EDGE_CURVE('1:6706',#2007,#2067,#2068,.T.);
#1754=EDGE_CURVE('1:6709',#2067,#2062,#2069,.T.);
#1755=EDGE_CURVE('1:6712',#2070,#1881,#2071,.T.);
#1756=EDGE_CURVE('1:6712',#1875,#2070,#2072,.T.);
#1757=EDGE_CURVE('1:6715',#2064,#2073,#2074,.T.);
#1758=EDGE_CURVE('1:6718',#1978,#2073,#2075,.T.);
#1759=EDGE_CURVE('1:6721',#2073,#2076,#2077,.T.);
#1760=EDGE_CURVE('1:6724',#1966,#2076,#2078,.T.);
#1761=EDGE_CURVE('1:6727',#2076,#2079,#2080,.T.);
#1762=EDGE_CURVE('1:6730',#1989,#2079,#2081,.T.);
#1763=EDGE_CURVE('1:6733',#2079,#2067,#2082,.T.);
#1764=EDGE_CURVE('1:6736',#1867,#1871,#2083,.T.);
#1765=EDGE_CURVE('1:6739',#1809,#1815,#2084,.T.);
#1766=EDGE_CURVE('1:6742',#1813,#1928,#2085,.T.);
#1767=EDGE_CURVE('1:6745',#1799,#1805,#2086,.T.);
#1768=EDGE_CURVE('1:6748',#2087,#1886,#2088,.F.);
#1769=EDGE_CURVE('1:6748',#1884,#2087,#2089,.F.);
#1770=EDGE_CURVE('1:6751',#2090,#2091,#2092,.F.);
#1771=EDGE_CURVE('1:6754',#2093,#2091,#2094,.F.);
#1772=EDGE_CURVE('1:6757',#1907,#2093,#2095,.F.);
#1773=EDGE_CURVE('1:6760',#1897,#1910,#2096,.F.);
#1774=EDGE_CURVE('1:6766',#2097,#1895,#2098,.F.);
#1775=EDGE_CURVE('1:6769',#1914,#2097,#2099,.F.);
#1776=EDGE_CURVE('1:6772',#2090,#1917,#2100,.F.);
#1777=EDGE_CURVE('1:6775',#1930,#1927,#2101,.F.);
#1778=EDGE_CURVE('1:6778',#1803,#1921,#2102,.T.);
#1779=EDGE_CURVE('1:6781',#1923,#1920,#2103,.F.);
#1780=EDGE_CURVE('1:6787',#1846,#2090,#2104,.F.);
#1781=EDGE_CURVE('1:6796',#2105,#2097,#2106,.T.);
#1782=EDGE_CURVE('1:6793',#1913,#2105,#2107,.T.);
#1783=EDGE_CURVE('1:6799',#2105,#1893,#2108,.T.);
#1784=EDGE_CURVE('1:6817',#1839,#2093,#2109,.T.);
#1785=EDGE_CURVE('1:6820',#1839,#2110,#2111,.T.);
#1786=EDGE_CURVE('1:6823',#2110,#2091,#2112,.F.);
#1787=EDGE_CURVE('1:6844',#1904,#1874,#2113,.T.);
#1788=EDGE_CURVE('1:6829',#1902,#1829,#2114,.T.);
#1789=EDGE_CURVE('1:6832',#2110,#1826,#2115,.F.);
#1790=EDGE_CURVE('1:6835',#2116,#1843,#2117,.F.);
#1791=EDGE_CURVE('1:6838',#2116,#1890,#2118,.T.);
#1792=EDGE_CURVE('1:6853',#1862,#2116,#2119,.T.);
#1793=EDGE_CURVE('1:6856',#1856,#1859,#2120,.T.);
#1794=EDGE_CURVE('1:6862',#2105,#1852,#2121,.T.);
#1795=EDGE_CURVE('1:6868',#2122,#1900,#2123,.T.);
#1796=EDGE_CURVE('1:6871',#1835,#2122,#2124,.T.);
#1797=EDGE_CURVE('1:6874',#2122,#1819,#2125,.T.);
#1798=VERTEX_POINT('',#2126);
#1799=VERTEX_POINT('',#2127);
#1800=B_SPLINE_CURVE_WITH_KNOTS('',1,(#2128,#2129),.UNSPECIFIED.,.F.,.F.,(2,2),(-1.0,-0.0),.UNSPECIFIED.);
#1801=VERTEX_POINT('',#2130);
#1802=B_SPLINE_CURVE_WITH_KNOTS('',3,(#2131,#2132,#2133,#2134,#2135,#2136,#2137,#2138),.UNSPECIFIED.,.F.,.F.,(4,2,2,4),(-3.14159265358979,-2.82575608994532,-1.13549584682393,-0.12566385879291),.UNSPECIFIED.);
#1803=VERTEX_POINT('',#2139);
#1804=B_SPLINE_CURVE_WITH_KNOTS('',3,(#2140,#2141,#2142,#2143),.UNSPECIFIED.,.F.,.F.,(4,4),(-0.12566385879291,-1.30022725835333E-15),.UNSPECIFIED.);
#1805=VERTEX_POINT('',#2144);
#1806=B_SPLINE_CURVE_WITH_KNOTS('',1,(#2145,#2146),.UNSPECIFIED.,.F.,.F.,(2,2),(-1.0,-0.0),.UNSPECIFIED.);
#1807=B_SPLINE_CURVE_WITH_KNOTS('',3,(#2147,#2148,#2149,#2150,#2151,#2152,#2153,#2154,#2155,#2156,#2157,#2158,#2159,#2160,#2161,#2162,#2163,#2164),.UNSPECIFIED.,.F.,.F.,(4,2,2,2,2,2,2,2,4),(4.88498130835069E-15,0.299999999744375,0.696116806866624,1.14170983941497,1.58737931161171,2.03304890890065,2.47871850638988,2.92438810387332,3.14159265358979),.UNSPECIFIED.);
#1808=VERTEX_POINT('',#2165);
#1809=VERTEX_POINT('',#2166);
#1810=B_SPLINE_CURVE_WITH_KNOTS('',1,(#2167,#2168),.UNSPECIFIED.,.F.,.F.,(2,2),(-1.0,-0.0),.UNSPECIFIED.);
#1811=VERTEX_POINT('',#2169);
#1812=B_SPLINE_CURVE_WITH_KNOTS('',3,(#2170,#2171,#2172,#2173,#2174,#2175,#2176,#2177),.UNSPECIFIED.,.F.,.F.,(4,2,2,4),(-3.14159265358979,-2.82575608994567,-1.13549584682425,-0.12566385879291),.UNSPECIFIED.);
#1813=VERTEX_POINT('',#2178);
#1814=B_SPLINE_CURVE_WITH_KNOTS('',3,(#2179,#2180,#2181,#2182),.UNSPECIFIED.,.F.,.F.,(4,4),(-0.12566385879291,5.52377660535756E-15),.UNSPECIFIED.);
#1815=VERTEX_POINT('',#2183);
#1816=B_SPLINE_CURVE_WITH_KNOTS('',1,(#2184,#2185),.UNSPECIFIED.,.F.,.F.,(2,2),(-1.0,-0.0),.UNSPECIFIED.);
#1817=B_SPLINE_CURVE_WITH_KNOTS('',3,(#2186,#2187,#2188,#2189,#2190,#2191,#2192,#2193,#2194,#2195,#2196,#2197,#2198,#2199,#2200,#2201,#2202,#2203),.UNSPECIFIED.,.F.,.F.,(4,2,2,2,2,2,2,2,4),(-5.77315972805081E-15,0.299999999744392,0.696116806864669,1.141709839407,1.58737931161871,2.03304890890426,2.47871850639292,2.9243881038713,3.14159265358979),.UNSPECIFIED.);
#1818=VERTEX_POINT('',#2204);
#1819=VERTEX_POINT('',#2205);
#1820=LINE('',#2206,#2207);
#1821=VERTEX_POINT('',#2208);
#1822=B_SPLINE_CURVE_WITH_KNOTS('',3,(#2209,#2210,#2211,#2212,#2213,#2214,#2215,#2216,#2217,#2218,#2219,#2220,#2221,#2222,#2223,#2224,#2225,#2226,#2227),.UNSPECIFIED.,.F.,.F.,(4,3,3,3,3,3,4),(0.0,1.73591228906758E-05,0.00189068025931191,0.00260375040129044,0.0031949761087425,0.00480580014533703,0.00527249940663517),.UNSPECIFIED.);
#1823=VERTEX_POINT('',#2228);
#1824=LINE('',#2229,#2230);
#1825=CIRCLE('',#2231,0.000999999999999999);
#1826=VERTEX_POINT('',#2232);
#1827=VERTEX_POINT('',#2233);
#1828=LINE('',#2234,#2235);
#1829=VERTEX_POINT('',#2236);
#1830=B_SPLINE_CURVE_WITH_KNOTS('',3,(#2237,#2238,#2239,#2240,#2241,#2242,#2243,#2244,#2245,#2246,#2247,#2248,#2249),.UNSPECIFIED.,.F.,.F.,(4,3,3,3,4),(0.0105044189697796,0.0129349680435185,0.0155057141782428,0.0157989118114907,0.0158162709343756),.UNSPECIFIED.);
#1831=VERTEX_POINT('',#2250);
#1832=LINE('',#2251,#2252);
#1833=CIRCLE('',#2253,0.000999999999999996);
#1834=VERTEX_POINT('',#2254);
#1835=VERTEX_POINT('',#2255);
#1836=CIRCLE('',#2256,0.001);
#1837=VERTEX_POINT('',#2257);
#1838=CIRCLE('',#2258,0.007);
#1839=VERTEX_POINT('',#2259);
#1840=CIRCLE('',#2260,0.007);
#1841=CIRCLE('',#2261,0.000999999999999996);
#1842=CIRCLE('',#2262,0.006);
#1843=VERTEX_POINT('',#2263);
#1844=VERTEX_POINT('',#2264);
#1845=LINE('',#2265,#2266);
#1846=VERTEX_POINT('',#2267);
#1847=B_SPLINE_CURVE_WITH_KNOTS('',3,(#2268,#2269,#2270,#2271,#2272,#2273,#2274,#2275,#2276,#2277,#2278,#2279,#2280),.UNSPECIFIED.,.F.,.F.,(4,3,3,3,4),(0.0,1.73591228876424E-05,0.00266460554374111,0.00509515461748633,0.00531185196459458),.UNSPECIFIED.);
#1848=VERTEX_POINT('',#2281);
#1849=LINE('',#2282,#2283);
#1850=CIRCLE('',#2284,0.000999999999999999);
#1851=VERTEX_POINT('',#2285);
#1852=VERTEX_POINT('',#2286);
#1853=LINE('',#2287,#2288);
#1854=VERTEX_POINT('',#2289);
#1855=B_SPLINE_CURVE_WITH_KNOTS('',3,(#2290,#2291,#2292,#2293,#2294,#2295,#2296,#2297,#2298,#2299,#2300,#2301,#2302),.UNSPECIFIED.,.F.,.F.,(4,3,3,3,4),(0.010544004312898,0.0129745533866384,0.0155452996177503,0.0158384971546072,0.0158558562774935),.UNSPECIFIED.);
#1856=VERTEX_POINT('',#2303);
#1857=LINE('',#2304,#2305);
#1858=CIRCLE('',#2306,0.001);
#1859=VERTEX_POINT('',#2307);
#1860=VERTEX_POINT('',#2308);
#1861=CIRCLE('',#2309,0.001);
#1862=VERTEX_POINT('',#2310);
#1863=CIRCLE('',#2311,0.006);
#1864=CIRCLE('',#2312,0.000999999999999999);
#1865=CIRCLE('',#2313,0.007);
#1866=VERTEX_POINT('',#2314);
#1867=VERTEX_POINT('',#2315);
#1868=LINE('',#2316,#2317);
#1869=VERTEX_POINT('',#2318);
#1870=CIRCLE('',#2319,0.00350000000000001);
#1871=VERTEX_POINT('',#2320);
#1872=LINE('',#2321,#2322);
#1873=CIRCLE('',#2323,0.0041);
#1874=VERTEX_POINT('',#2324);
#1875=VERTEX_POINT('',#2325);
#1876=CIRCLE('',#2326,0.001);
#1877=VERTEX_POINT('',#2327);
#1878=CIRCLE('',#2328,0.015);
#1879=VERTEX_POINT('',#2329);
#1880=CIRCLE('',#2330,0.015);
#1881=VERTEX_POINT('',#2331);
#1882=CIRCLE('',#2332,0.001);
#1883=CIRCLE('',#2333,0.014);
#1884=VERTEX_POINT('',#2334);
#1885=LINE('',#2335,#2336);
#1886=VERTEX_POINT('',#2337);
#1887=CIRCLE('',#2338,0.00350000000010918);
#1888=LINE('',#2339,#2340);
#1889=CIRCLE('',#2341,0.00350000000000001);
#1890=VERTEX_POINT('',#2342);
#1891=LINE('',#2343,#2344);
#1892=CIRCLE('',#2345,0.015);
#1893=VERTEX_POINT('',#2346);
#1894=B_SPLINE_CURVE_WITH_KNOTS('',3,(#2347,#2348,#2349,#2350,#2351,#2352,#2353,#2354,#2355,#2356,#2357,#2358,#2359),.UNSPECIFIED.,.F.,.F.,(4,3,3,3,4),(0.010544004312898,0.0129745533866384,0.0155452996177503,0.0158384971546072,0.0158558562774935),.UNSPECIFIED.);
#1895=VERTEX_POINT('',#2360);
#1896=LINE('',#2361,#2362);
#1897=VERTEX_POINT('',#2363);
#1898=CIRCLE('',#2364,0.015);
#1899=LINE('',#2365,#2366);
#1900=VERTEX_POINT('',#2367);
#1901=B_SPLINE_CURVE_WITH_KNOTS('',3,(#2368,#2369,#2370,#2371,#2372,#2373,#2374,#2375,#2376,#2377,#2378,#2379,#2380,#2381,#2382,#2383,#2384,#2385,#2386),.UNSPECIFIED.,.F.,.F.,(4,3,3,3,3,3,4),(0.0,1.73591228906758E-05,0.00189068025931191,0.00260375040129044,0.0031949761087425,0.00480580014533703,0.00527249940663517),.UNSPECIFIED.);
#1902=VERTEX_POINT('',#2387);
#1903=CIRCLE('',#2388,0.015);
#1904=VERTEX_POINT('',#2389);
#1905=LINE('',#2390,#2391);
#1906=CIRCLE('',#2392,0.015);
#1907=VERTEX_POINT('',#2393);
#1908=LINE('',#2394,#2395);
#1909=CIRCLE('',#2396,0.007);
#1910=VERTEX_POINT('',#2397);
#1911=LINE('',#2398,#2399);
#1912=CIRCLE('',#2400,0.007);
#1913=VERTEX_POINT('',#2401);
#1914=VERTEX_POINT('',#2402);
#1915=LINE('',#2403,#2404);
#1916=CIRCLE('',#2405,0.007);
#1917=VERTEX_POINT('',#2406);
#1918=LINE('',#2407,#2408);
#1919=CIRCLE('',#2409,0.007);
#1920=VERTEX_POINT('',#2410);
#1921=VERTEX_POINT('',#2411);
#1922=LINE('',#2412,#2413);
#1923=VERTEX_POINT('',#2414);
#1924=CIRCLE('',#2415,0.00200000000041931);
#1925=LINE('',#2416,#2417);
#1926=B_SPLINE_CURVE_WITH_KNOTS('',3,(#2418,#2419,#2420,#2421),.UNSPECIFIED.,.F.,.F.,(4,4),(3.01592879479894,3.14159265358979),.UNSPECIFIED.);
#1927=VERTEX_POINT('',#2422);
#1928=VERTEX_POINT('',#2423);
#1929=LINE('',#2424,#2425);
#1930=VERTEX_POINT('',#2426);
#1931=CIRCLE('',#2427,0.00200000000041931);
#1932=LINE('',#2428,#2429);
#1933=B_SPLINE_CURVE_WITH_KNOTS('',3,(#2430,#2431,#2432,#2433),.UNSPECIFIED.,.F.,.F.,(4,4),(3.01592879479892,3.14159265358979),.UNSPECIFIED.);
#1934=VERTEX_POINT('',#2434);
#1935=VERTEX_POINT('',#2435);
#1936=LINE('',#2436,#2437);
#1937=VERTEX_POINT('',#2438);
#1938=ELLIPSE('',#2439,0.000565689306135661,0.000400000000000006);
#1939=VERTEX_POINT('',#2440);
#1940=LINE('',#2441,#2442);
#1941=ELLIPSE('',#2443,0.000565687365530263,0.000400000000000006);
#1942=VERTEX_POINT('',#2444);
#1943=VERTEX_POINT('',#2445);
#1944=LINE('',#2446,#2447);
#1945=VERTEX_POINT('',#2448);
#1946=ELLIPSE('',#2449,0.0005656854132518,0.000399999999999999);
#1947=VERTEX_POINT('',#2450);
#1948=LINE('',#2451,#2452);
#1949=ELLIPSE('',#2453,0.00056568540157197,0.000399999999999999);
#1950=VERTEX_POINT('',#2454);
#1951=VERTEX_POINT('',#2455);
#1952=LINE('',#2456,#2457);
#1953=VERTEX_POINT('',#2458);
#1954=ELLIPSE('',#2459,0.000565683484388196,0.000400000000000005);
#1955=VERTEX_POINT('',#2460);
#1956=LINE('',#2461,#2462);
#1957=ELLIPSE('',#2463,0.00056568154385139,0.000400000000000005);
#1958=VERTEX_POINT('',#2464);
#1959=VERTEX_POINT('',#2465);
#1960=LINE('',#2466,#2467);
#1961=VERTEX_POINT('',#2468);
#1962=ELLIPSE('',#2469,0.000565685448361785,0.0004);
#1963=VERTEX_POINT('',#2470);
#1964=LINE('',#2471,#2472);
#1965=ELLIPSE('',#2473,0.000565685436646672,0.000399999999999999);
#1966=VERTEX_POINT('',#2474);
#1967=LINE('',#2475,#2476);
#1968=VERTEX_POINT('',#2477);
#1969=LINE('',#2478,#2479);
#1970=LINE('',#2480,#2481);
#1971=VERTEX_POINT('',#2482);
#1972=ELLIPSE('',#2483,0.000565685436646672,0.000399999999999999);
#1973=VERTEX_POINT('',#2484);
#1974=LINE('',#2485,#2486);
#1975=ELLIPSE('',#2487,0.000565685448361785,0.0004);
#1976=VERTEX_POINT('',#2488);
#1977=LINE('',#2489,#2490);
#1978=VERTEX_POINT('',#2491);
#1979=LINE('',#2492,#2493);
#1980=LINE('',#2494,#2495);
#1981=VERTEX_POINT('',#2496);
#1982=LINE('',#2497,#2498);
#1983=VERTEX_POINT('',#2499);
#1984=LINE('',#2500,#2501);
#1985=LINE('',#2502,#2503);
#1986=VERTEX_POINT('',#2504);
#1987=VERTEX_POINT('',#2505);
#1988=LINE('',#2506,#2507);
#1989=VERTEX_POINT('',#2508);
#1990=LINE('',#2509,#2510);
#1991=VERTEX_POINT('',#2511);
#1992=LINE('',#2512,#2513);
#1993=LINE('',#2514,#2515);
#1994=VERTEX_POINT('',#2516);
#1995=VERTEX_POINT('',#2517);
#1996=LINE('',#2518,#2519);
#1997=ELLIPSE('',#2520,0.000565681567245952,0.000400000000000001);
#1998=ELLIPSE('',#2521,0.000565683496085504,0.000400000000000001);
#1999=LINE('',#2522,#2523);
#2000=LINE('',#2524,#2525);
#2001=VERTEX_POINT('',#2526);
#2002=LINE('',#2527,#2528);
#2003=LINE('',#2529,#2530);
#2004=VERTEX_POINT('',#2531);
#2005=VERTEX_POINT('',#2532);
#2006=LINE('',#2533,#2534);
#2007=VERTEX_POINT('',#2535);
#2008=LINE('',#2536,#2537);
#2009=VERTEX_POINT('',#2538);
#2010=LINE('',#2539,#2540);
#2011=LINE('',#2541,#2542);
#2012=ELLIPSE('',#2543,0.00056568154385139,0.000400000000000005);
#2013=ELLIPSE('',#2544,0.000565683484388196,0.000400000000000005);
#2014=LINE('',#2545,#2546);
#2015=LINE('',#2547,#2548);
#2016=VERTEX_POINT('',#2549);
#2017=LINE('',#2550,#2551);
#2018=LINE('',#2552,#2553);
#2019=VERTEX_POINT('',#2554);
#2020=VERTEX_POINT('',#2555);
#2021=LINE('',#2556,#2557);
#2022=VERTEX_POINT('',#2558);
#2023=LINE('',#2559,#2560);
#2024=VERTEX_POINT('',#2561);
#2025=LINE('',#2562,#2563);
#2026=LINE('',#2564,#2565);
#2027=ELLIPSE('',#2566,0.00056568540157197,0.000399999999999999);
#2028=ELLIPSE('',#2567,0.0005656854132518,0.000399999999999999);
#2029=LINE('',#2568,#2569);
#2030=LINE('',#2570,#2571);
#2031=VERTEX_POINT('',#2572);
#2032=LINE('',#2573,#2574);
#2033=LINE('',#2575,#2576);
#2034=LINE('',#2577,#2578);
#2035=LINE('',#2579,#2580);
#2036=VERTEX_POINT('',#2581);
#2037=ELLIPSE('',#2582,0.000565687365530263,0.000400000000000006);
#2038=VERTEX_POINT('',#2583);
#2039=LINE('',#2584,#2585);
#2040=ELLIPSE('',#2586,0.000565689306135661,0.000400000000000006);
#2041=VERTEX_POINT('',#2587);
#2042=LINE('',#2588,#2589);
#2043=VERTEX_POINT('',#2590);
#2044=LINE('',#2591,#2592);
#2045=LINE('',#2593,#2594);
#2046=VERTEX_POINT('',#2595);
#2047=LINE('',#2596,#2597);
#2048=LINE('',#2598,#2599);
#2049=VERTEX_POINT('',#2600);
#2050=VERTEX_POINT('',#2601);
#2051=LINE('',#2602,#2603);
#2052=LINE('',#2604,#2605);
#2053=LINE('',#2606,#2607);
#2054=VERTEX_POINT('',#2608);
#2055=VERTEX_POINT('',#2609);
#2056=LINE('',#2610,#2611);
#2057=ELLIPSE('',#2612,0.000565689282740441,0.0004);
#2058=ELLIPSE('',#2613,0.000565687353832711,0.0004);
#2059=LINE('',#2614,#2615);
#2060=LINE('',#2616,#2617);
#2061=LINE('',#2618,#2619);
#2062=VERTEX_POINT('',#2620);
#2063=LINE('',#2621,#2622);
#2064=VERTEX_POINT('',#2623);
#2065=LINE('',#2624,#2625);
#2066=LINE('',#2626,#2627);
#2067=VERTEX_POINT('',#2628);
#2068=LINE('',#2629,#2630);
#2069=LINE('',#2631,#2632);
#2070=VERTEX_POINT('',#2633);
#2071=CIRCLE('',#2634,0.014);
#2072=CIRCLE('',#2635,0.014);
#2073=VERTEX_POINT('',#2636);
#2074=LINE('',#2637,#2638);
#2075=LINE('',#2639,#2640);
#2076=VERTEX_POINT('',#2641);
#2077=LINE('',#2642,#2643);
#2078=LINE('',#2644,#2645);
#2079=VERTEX_POINT('',#2646);
#2080=LINE('',#2647,#2648);
#2081=LINE('',#2649,#2650);
#2082=LINE('',#2651,#2652);
#2083=CIRCLE('',#2653,0.0041);
#2084=B_SPLINE_CURVE_WITH_KNOTS('',3,(#2654,#2655,#2656,#2657,#2658,#2659,#2660,#2661,#2662,#2663,#2664,#2665,#2666,#2667,#2668,#2669,#2670,#2671),.UNSPECIFIED.,.F.,.F.,(4,2,2,2,2,2,2,2,4),(-3.14159265358979,-2.92438810386229,-2.47871850638931,-2.03304890889344,-1.58737931161229,-1.14170983940675,-0.696116806864287,-0.299999999744392,-5.77315972805081E-15),.UNSPECIFIED.);
#2085=B_SPLINE_CURVE_WITH_KNOTS('',3,(#2672,#2673,#2674,#2675,#2676,#2677,#2678,#2679,#2680,#2681,#2682,#2683),.UNSPECIFIED.,.F.,.F.,(4,2,2,2,2,4),(5.52377660535756E-15,0.364792655955698,1.59359265490873,2.36159265425437,2.8415926538454,3.01592879479892),.UNSPECIFIED.);
#2086=B_SPLINE_CURVE_WITH_KNOTS('',3,(#2684,#2685,#2686,#2687,#2688,#2689,#2690,#2691,#2692,#2693,#2694,#2695,#2696,#2697,#2698,#2699,#2700,#2701),.UNSPECIFIED.,.F.,.F.,(4,2,2,2,2,2,2,2,4),(-3.14159265358979,-2.92438810386804,-2.47871850638231,-2.03304890889506,-1.5873793116145,-1.14170983940161,-0.696116806863965,-0.299999999744375,4.88498130835069E-15),.UNSPECIFIED.);
#2087=VERTEX_POINT('',#2702);
#2088=CIRCLE('',#2703,0.00350000000010918);
#2089=CIRCLE('',#2704,0.00350000000010918);
#2090=VERTEX_POINT('',#2705);
#2091=VERTEX_POINT('',#2706);
#2092=CIRCLE('',#2707,0.015);
#2093=VERTEX_POINT('',#2708);
#2094=LINE('',#2709,#2710);
#2095=CIRCLE('',#2711,0.007);
#2096=LINE('',#2712,#2713);
#2097=VERTEX_POINT('',#2714);
#2098=LINE('',#2715,#2716);
#2099=CIRCLE('',#2717,0.007);
#2100=LINE('',#2718,#2719);
#2101=CIRCLE('',#2720,0.00200000000041931);
#2102=B_SPLINE_CURVE_WITH_KNOTS('',3,(#2721,#2722,#2723,#2724,#2725,#2726,#2727,#2728,#2729,#2730,#2731,#2732),.UNSPECIFIED.,.F.,.F.,(4,2,2,2,2,4),(-1.30022725835333E-15,0.364792655955999,1.5935926549089,2.36159265425446,2.84159265384543,3.01592879479894),.UNSPECIFIED.);
#2103=CIRCLE('',#2733,0.00200000000041931);
#2104=LINE('',#2734,#2735);
#2105=VERTEX_POINT('',#2736);
#2106=LINE('',#2737,#2738);
#2107=CIRCLE('',#2739,0.007);
#2108=LINE('',#2740,#2741);
#2109=LINE('',#2742,#2743);
#2110=VERTEX_POINT('',#2744);
#2111=LINE('',#2745,#2746);
#2112=LINE('',#2747,#2748);
#2113=CIRCLE('',#2749,0.015);
#2114=CIRCLE('',#2750,0.015);
#2115=B_SPLINE_CURVE_WITH_KNOTS('',3,(#2751,#2752,#2753,#2754,#2755,#2756,#2757,#2758,#2759,#2760,#2761,#2762,#2763),.UNSPECIFIED.,.F.,.F.,(4,3,3,3,4),(0.0105044189697796,0.0129349680435185,0.0155057141782428,0.0157989118114907,0.0158162709343756),.UNSPECIFIED.);
#2116=VERTEX_POINT('',#2764);
#2117=B_SPLINE_CURVE_WITH_KNOTS('',3,(#2765,#2766,#2767,#2768,#2769,#2770,#2771,#2772,#2773,#2774,#2775,#2776,#2777),.UNSPECIFIED.,.F.,.F.,(4,3,3,3,4),(0.0,1.73591228876424E-05,0.00266460554374111,0.00509515461748633,0.00531185196459458),.UNSPECIFIED.);
#2118=CIRCLE('',#2778,0.015);
#2119=LINE('',#2779,#2780);
#2120=CIRCLE('',#2781,0.006);
#2121=CIRCLE('',#2782,0.001);
#2122=VERTEX_POINT('',#2783);
#2123=LINE('',#2784,#2785);
#2124=CIRCLE('',#2786,0.006);
#2125=CIRCLE('',#2787,0.000999999999999999);
#2126=CARTESIAN_POINT('',(0.0892000011392391,0.0085008460055725,-0.0626157940341641));
#2127=CARTESIAN_POINT('',(0.0872157922522105,0.0105008253654841,-0.0628664582173039));
#2128=CARTESIAN_POINT('',(0.0892000011392391,0.0085008460055725,-0.0626157940341641));
#2129=CARTESIAN_POINT('',(0.0872157922522105,0.0105008253654841,-0.0628664582173039));
#2130=CARTESIAN_POINT('',(0.0931842305050763,0.00850072265393853,-0.0623651272639379));
#2131=CARTESIAN_POINT('',(0.0892000011392391,0.0085008460055725,-0.0626157940341641));
#2132=CARTESIAN_POINT('',(0.089226391049661,0.00850084600557151,-0.0628246914288051));
#2133=CARTESIAN_POINT('',(0.0892860368207469,0.00850084496765079,-0.0630293525957635));
#2134=CARTESIAN_POINT('',(0.089857502243414,0.00850083210651565,-0.0642385094659231));
#2135=CARTESIAN_POINT('',(0.0912940930614881,0.00850078960853761,-0.064658094548902));
#2136=CARTESIAN_POINT('',(0.0928182815787687,0.0085007390758646,-0.0637004564521648));
#2137=CARTESIAN_POINT('',(0.0931842305050483,0.00850072525056573,-0.0630343070081767));
#2138=CARTESIAN_POINT('',(0.0931842305050763,0.00850072265393853,-0.0623651272639379));
#2139=CARTESIAN_POINT('',(0.0931684598694458,0.00850072216568127,-0.0621144604939194));
#2140=CARTESIAN_POINT('',(0.0931842305050763,0.00850072265393854,-0.0623651272639399));
#2141=CARTESIAN_POINT('',(0.0931842305050797,0.00850072232886176,-0.0622813513580775));
#2142=CARTESIAN_POINT('',(0.0931789597873101,0.00850072216568088,-0.0621975758001381));
#2143=CARTESIAN_POINT('',(0.0931684598694458,0.00850072216568127,-0.0621144604939194));
#2144=CARTESIAN_POINT('',(0.0951527097109334,0.0105007428055566,-0.0618637911370282));
#2145=CARTESIAN_POINT('',(0.0931684598694458,0.00850072216568127,-0.0621144604939194));
#2146=CARTESIAN_POINT('',(0.0951527097109334,0.0105007428055566,-0.0618637911370282));
#2147=CARTESIAN_POINT('',(0.0951527097109333,0.0105007428055566,-0.0618637911370282));
#2148=CARTESIAN_POINT('',(0.0952028430648964,0.010500742805556,-0.0622606370095628));
#2149=CARTESIAN_POINT('',(0.0951930003546804,0.0105007434293571,-0.0626650054339482));
#2150=CARTESIAN_POINT('',(0.0950320076761064,0.0105007462600134,-0.0635790921036819));
#2151=CARTESIAN_POINT('',(0.0948360879780236,0.0105007489146967,-0.064080652305548));
#2152=CARTESIAN_POINT('',(0.0942300419324749,0.0105007563415164,-0.0650252263415108));
#2153=CARTESIAN_POINT('',(0.093796199822848,0.0105007613358634,-0.0654523089332564));
#2154=CARTESIAN_POINT('',(0.0927860643290864,0.0105007724878672,-0.0660782498427303));
#2155=CARTESIAN_POINT('',(0.092210403943774,0.0105007786384643,-0.0662766607684314));
#2156=CARTESIAN_POINT('',(0.0910290153230235,0.0105007909015928,-0.0664060412295951));
#2157=CARTESIAN_POINT('',(0.0904240565343036,0.0105007970061371,-0.0663369264214735));
#2158=CARTESIAN_POINT('',(0.0893022921400166,0.0105008079837644,-0.0659444172907928));
#2159=CARTESIAN_POINT('',(0.0887862171558697,0.0105008128496975,-0.0656212786149933));
#2160=CARTESIAN_POINT('',(0.0879432200438991,0.0105008203972815,-0.0647835587073914));
#2161=CARTESIAN_POINT('',(0.0876168469722887,0.0105008230740166,-0.0642695230946877));
#2162=CARTESIAN_POINT('',(0.0873197114951209,0.01050082503963,-0.0634371350485355));
#2163=CARTESIAN_POINT('',(0.0872520895608192,0.0105008253654837,-0.0631537806477178));
#2164=CARTESIAN_POINT('',(0.0872157922522105,0.0105008253654841,-0.0628664582173039));
#2165=CARTESIAN_POINT('',(0.0599157298810986,0.00850118371332774,-0.0919000652767891));
#2166=CARTESIAN_POINT('',(0.05793152099407,0.0105011630732394,-0.092150729459929));
#2167=CARTESIAN_POINT('',(0.0599157298810986,0.00850118371332774,-0.0919000652767891));
#2168=CARTESIAN_POINT('',(0.05793152099407,0.0105011630732394,-0.092150729459929));
#2169=CARTESIAN_POINT('',(0.0638999592469357,0.00850106036169378,-0.0916493985065629));
#2170=CARTESIAN_POINT('',(0.0599157298810986,0.00850118371332774,-0.0919000652767891));
#2171=CARTESIAN_POINT('',(0.0599421197915205,0.00850118371332675,-0.0921089626714299));
#2172=CARTESIAN_POINT('',(0.0600017655626063,0.00850118267540603,-0.0923136238383881));
#2173=CARTESIAN_POINT('',(0.0605732309852728,0.00850116981427088,-0.0935227807085477));
#2174=CARTESIAN_POINT('',(0.0620098218033468,0.00850112731629285,-0.0939423657915272));
#2175=CARTESIAN_POINT('',(0.063534010320628,0.00850107678361984,-0.0929847276947903));
#2176=CARTESIAN_POINT('',(0.0638999592469078,0.00850106295832097,-0.092318578250802));
#2177=CARTESIAN_POINT('',(0.0638999592469357,0.00850106036169378,-0.0916493985065629));
#2178=CARTESIAN_POINT('',(0.0638841886113053,0.00850105987343651,-0.0913987317365445));
#2179=CARTESIAN_POINT('',(0.0638999592469357,0.00850106036169377,-0.091649398506565));
#2180=CARTESIAN_POINT('',(0.0638999592469392,0.008501060036617,-0.0915656226007026));
#2181=CARTESIAN_POINT('',(0.0638946885291696,0.00850105987343612,-0.0914818470427632));
#2182=CARTESIAN_POINT('',(0.0638841886113053,0.00850105987343651,-0.0913987317365445));
#2183=CARTESIAN_POINT('',(0.0658684384527928,0.0105010805133119,-0.0911480623796532));
#2184=CARTESIAN_POINT('',(0.0638841886113053,0.00850105987343651,-0.0913987317365445));
#2185=CARTESIAN_POINT('',(0.0658684384527928,0.0105010805133119,-0.0911480623796532));
#2186=CARTESIAN_POINT('',(0.0658684384527928,0.0105010805133119,-0.0911480623796532));
#2187=CARTESIAN_POINT('',(0.0659185718067559,0.0105010805133112,-0.0915449082521879));
#2188=CARTESIAN_POINT('',(0.0659087290965399,0.0105010811371124,-0.0919492766765734));
#2189=CARTESIAN_POINT('',(0.0657477364179663,0.0105010839677687,-0.0928633633463044));
#2190=CARTESIAN_POINT('',(0.065551816719885,0.0105010866224519,-0.0933649235481681));
#2191=CARTESIAN_POINT('',(0.064945770674344,0.0105010940492717,-0.0943094975841232));
#2192=CARTESIAN_POINT('',(0.0645119285647253,0.0105010990436187,-0.0947365801758649));
#2193=CARTESIAN_POINT('',(0.0635017930709585,0.0105011101956225,-0.0953625210853531));
#2194=CARTESIAN_POINT('',(0.0629261326856259,0.0105011163462196,-0.0955609320110616));
#2195=CARTESIAN_POINT('',(0.0617447440648592,0.0105011286093481,-0.0956903124722185));
#2196=CARTESIAN_POINT('',(0.0611397852761444,0.0105011347138923,-0.0956211976640943));
#2197=CARTESIAN_POINT('',(0.0600180208818639,0.0105011456915196,-0.0952286885334113));
#2198=CARTESIAN_POINT('',(0.0595019458977188,0.0105011505574528,-0.0949055498576105));
#2199=CARTESIAN_POINT('',(0.058658948785756,0.0105011581050368,-0.0940678299500114));
#2200=CARTESIAN_POINT('',(0.0583325757141498,0.0105011607817718,-0.0935537943373137));
#2201=CARTESIAN_POINT('',(0.0580354402369816,0.0105011627473853,-0.0927214062911658));
#2202=CARTESIAN_POINT('',(0.057967818302679,0.0105011630732389,-0.0924380518903456));
#2203=CARTESIAN_POINT('',(0.05793152099407,0.0105011630732394,-0.092150729459929));
#2204=CARTESIAN_POINT('',(0.0618029541944419,0.00799399346865454,-0.0742255140368808));
#2205=CARTESIAN_POINT('',(0.05582959106516,0.00799407372146905,-0.0889876079936416));
#2206=CARTESIAN_POINT('',(0.0593055136636962,0.00799402702205274,-0.0803974896841611));
#2207=VECTOR('',#2788,1.0);
#2208=CARTESIAN_POINT('',(0.0626378958326326,0.00870108802238875,-0.071381276649232));
#2209=CARTESIAN_POINT('',(0.0626378958326326,0.00870108802238875,-0.0713812766492321));
#2210=CARTESIAN_POINT('',(0.0626357942856727,0.00869964145704893,-0.0713864702103029));
#2211=CARTESIAN_POINT('',(0.0626332761541696,0.00869790557957317,-0.0713927039897927));
#2212=CARTESIAN_POINT('',(0.0626311808151236,0.00869645902531318,-0.071397900061632));
#2213=CARTESIAN_POINT('',(0.0624050609271721,0.00854035317327853,-0.0719586375634259));
#2214=CARTESIAN_POINT('',(0.0621875562066096,0.00836384663650851,-0.0726067920992651));
#2215=CARTESIAN_POINT('',(0.0620216914247386,0.00821030853265749,-0.0732472706293119));
#2216=CARTESIAN_POINT('',(0.0619585558409572,0.00815186503603345,-0.0734910655171585));
#2217=CARTESIAN_POINT('',(0.0619023941788442,0.00809675369827982,-0.0737335914525409));
#2218=CARTESIAN_POINT('',(0.0618537102688992,0.00804688178675533,-0.0739689159122057));
#2219=CARTESIAN_POINT('',(0.061813345124709,0.00800553163837969,-0.0741640297754227));
#2220=CARTESIAN_POINT('',(0.0617783911247482,0.00796817253186624,-0.0743511988218065));
#2221=CARTESIAN_POINT('',(0.0617451777566983,0.00793145770974487,-0.0745512704391569));
#2222=CARTESIAN_POINT('',(0.0616546862727916,0.0078314263389385,-0.0750963755761733));
#2223=CARTESIAN_POINT('',(0.0615889539890581,0.00774622160347445,-0.0757006025648373));
#2224=CARTESIAN_POINT('',(0.0615609435939149,0.00771489543182521,-0.0762675057031027));
#2225=CARTESIAN_POINT('',(0.0615528282253675,0.00770581939320407,-0.0764317528647079));
#2226=CARTESIAN_POINT('',(0.0615476007437812,0.00770110592623039,-0.0765928015424647));
#2227=CARTESIAN_POINT('',(0.0615449105652947,0.00770110615495943,-0.0767483447008032));
#2228=CARTESIAN_POINT('',(0.055558090547894,0.00870118314037974,-0.0888777436389172));
#2229=CARTESIAN_POINT('',(0.121981183542964,0.00870029073855416,0.0752749988731161));
#2230=VECTOR('',#2789,1.0);
#2231=AXIS2_PLACEMENT_3D('',#2790,#2791,#2792);
#2232=CARTESIAN_POINT('',(0.0793248928177664,0.00799383673159699,-0.0917474526706208));
#2233=CARTESIAN_POINT('',(0.0645627988615329,0.00799399560138049,-0.0977208157938604));
#2234=CARTESIAN_POINT('',(0.0731529156173839,0.00799390315459562,-0.0942448938275161));
#2235=VECTOR('',#2793,1.0);
#2236=CARTESIAN_POINT('',(0.0768020595359805,0.00770096967706304,-0.0920054936782079));
#2237=CARTESIAN_POINT('',(0.0768020595359805,0.00770096967706304,-0.0920054936782079));
#2238=CARTESIAN_POINT('',(0.0776121214125677,0.00770096136503008,-0.0919914833481644));
#2239=CARTESIAN_POINT('',(0.0784732345617538,0.00782360736184738,-0.0919079212853425));
#2240=CARTESIAN_POINT('',(0.0793200725426064,0.00799287269848588,-0.0917483617134682));
#2241=CARTESIAN_POINT('',(0.0802157571800968,0.00817190146799632,-0.091579598549175));
#2242=CARTESIAN_POINT('',(0.081095133892513,0.00840442540765736,-0.0913252330383113));
#2243=CARTESIAN_POINT('',(0.0818855915384014,0.00862231908408215,-0.0910239141297192));
#2244=CARTESIAN_POINT('',(0.0819757444740907,0.00864717020001479,-0.0909895482350637));
#2245=CARTESIAN_POINT('',(0.0820647505942291,0.00867185239994127,-0.0909546226392276));
#2246=CARTESIAN_POINT('',(0.0821525130790725,0.00869628440354419,-0.0909192323341699));
#2247=CARTESIAN_POINT('',(0.0821577091638506,0.00869773093006682,-0.0909171370080664));
#2248=CARTESIAN_POINT('',(0.0821639429588669,0.00869946677430519,-0.0909146188920946));
#2249=CARTESIAN_POINT('',(0.0821691365328766,0.0087009133119858,-0.0909125173580773));
#2250=CARTESIAN_POINT('',(0.0642975620558204,0.00770110425038974,-0.0970653384631791));
#2251=CARTESIAN_POINT('',(0.171894240927724,0.00769994629557867,-0.0535272038572895));
#2252=VECTOR('',#2794,1.0);
#2253=AXIS2_PLACEMENT_3D('',#2795,#2796,#2797);
#2254=CARTESIAN_POINT('',(0.0550469888133653,0.00870119176950828,-0.0915034243699184));
#2255=CARTESIAN_POINT('',(0.0560469785746982,0.00770118153094681,-0.0915034256633562));
#2256=AXIS2_PLACEMENT_3D('',#2798,#2799,#2800);
#2257=CARTESIAN_POINT('',(0.0570972413440225,0.00870117717995317,-0.096453171837225));
#2258=AXIS2_PLACEMENT_3D('',#2801,#2802,#2803);
#2259=CARTESIAN_POINT('',(0.0646726695413412,0.00870110160885836,-0.0979923226363784));
#2260=AXIS2_PLACEMENT_3D('',#2804,#2805,#2806);
#2261=AXIS2_PLACEMENT_3D('',#2807,#2808,#2809);
#2262=AXIS2_PLACEMENT_3D('',#2810,#2811,#2812);
#2263=CARTESIAN_POINT('',(0.091282386985151,0.0079936988371458,-0.0797899585072686));
#2264=CARTESIAN_POINT('',(0.097255750113822,0.0079936185845484,-0.0650278645525964));
#2265=CARTESIAN_POINT('',(0.093779828955835,0.00799366528394537,-0.0736179793020183));
#2266=VECTOR('',#2813,1.0);
#2267=CARTESIAN_POINT('',(0.0904474598259372,0.0087008178459265,-0.0826341940678084));
#2268=CARTESIAN_POINT('',(0.0904474598259372,0.0087008178459265,-0.0826341940678084));
#2269=CARTESIAN_POINT('',(0.0904495613432745,0.00869937122411829,-0.0826290005104807));
#2270=CARTESIAN_POINT('',(0.0904520794392306,0.00869763527895376,-0.0826227667354823));
#2271=CARTESIAN_POINT('',(0.0904541747486542,0.00869618866834587,-0.0826175706673861));
#2272=CARTESIAN_POINT('',(0.0907737070434504,0.00847558220204438,-0.0818251762153052));
#2273=CARTESIAN_POINT('',(0.091051068430464,0.00823247348045623,-0.0809302795106664));
#2274=CARTESIAN_POINT('',(0.0912388908423243,0.00803913468738521,-0.0800112548062487));
#2275=CARTESIAN_POINT('',(0.0914113385546263,0.00786162215182524,-0.0791674592961386));
#2276=CARTESIAN_POINT('',(0.0915090160746782,0.00772552873113716,-0.0783036026126003));
#2277=CARTESIAN_POINT('',(0.0915350741626854,0.00770374965711376,-0.0774849641217432));
#2278=CARTESIAN_POINT('',(0.091537397390224,0.00770180792813806,-0.0774119778195428));
#2279=CARTESIAN_POINT('',(0.0915391755149872,0.0077007998196656,-0.077339350251116));
#2280=CARTESIAN_POINT('',(0.0915404246160457,0.00770079971346233,-0.0772671286031129));
#2281=CARTESIAN_POINT('',(0.0975272651106758,0.00870072272793551,-0.0651377270781233));
#2282=CARTESIAN_POINT('',(0.149790747536269,0.00870002056209191,0.0640220814545396));
#2283=VECTOR('',#2814,1.0);
#2284=AXIS2_PLACEMENT_3D('',#2815,#2816,#2817);
#2285=CARTESIAN_POINT('',(0.0737604483612157,0.00799385557398626,-0.0622680198756169));
#2286=CARTESIAN_POINT('',(0.0885225423174492,0.00799369670463697,-0.0562946567523775));
#2287=CARTESIAN_POINT('',(0.0799324260113808,0.00799378915141701,-0.0597705785367208));
#2288=VECTOR('',#2818,1.0);
#2289=CARTESIAN_POINT('',(0.07628327564536,0.00770093619135872,-0.0620099796257081));
#2290=CARTESIAN_POINT('',(0.0762832756453601,0.00770093619135872,-0.0620099796257081));
#2291=CARTESIAN_POINT('',(0.0754732137687724,0.00770094450339163,-0.0620239899557517));
#2292=CARTESIAN_POINT('',(0.0746121031312183,0.00782360834955923,-0.0621075517012806));
#2293=CARTESIAN_POINT('',(0.0737652686166318,0.00799289143981832,-0.0622671108352638));
#2294=CARTESIAN_POINT('',(0.0728695876117639,0.00817193899371314,-0.0624358735427354));
#2295=CARTESIAN_POINT('',(0.0719902156286841,0.00840448160913391,-0.0626902384651087));
#2296=CARTESIAN_POINT('',(0.0711997624218006,0.00862239225856848,-0.0629915568245361));
#2297=CARTESIAN_POINT('',(0.0711096100254053,0.00864724530119707,-0.063025922643972));
#2298=CARTESIAN_POINT('',(0.0710206044403804,0.00867192940587012,-0.0630608481646267));
#2299=CARTESIAN_POINT('',(0.0709328424847077,0.00869636329011474,-0.0630962383948448));
#2300=CARTESIAN_POINT('',(0.0709276464295515,0.00869780992846009,-0.0630983337172062));
#2301=CARTESIAN_POINT('',(0.0709214126700812,0.00869954590686262,-0.0631008518286878));
#2302=CARTESIAN_POINT('',(0.0709162191256933,0.00870099255632945,-0.063102953358963));
#2303=CARTESIAN_POINT('',(0.0887877731255201,0.00770080161803202,-0.0569501348407371));
#2304=CARTESIAN_POINT('',(0.161391518014353,0.00770002025696608,-0.0275716107914508));
#2305=VECTOR('',#2819,1.0);
#2306=AXIS2_PLACEMENT_3D('',#2820,#2821,#2822);
#2307=CARTESIAN_POINT('',(0.0970383566066422,0.00770072433747495,-0.0625120476405601));
#2308=CARTESIAN_POINT('',(0.0980383668452045,0.00870071409880697,-0.0625120463471222));
#2309=AXIS2_PLACEMENT_3D('',#2823,#2824,#2825);
#2310=CARTESIAN_POINT('',(0.0966002694056177,0.00770073173387084,-0.0647626311242753));
#2311=AXIS2_PLACEMENT_3D('',#2826,#2827,#2828);
#2312=AXIS2_PLACEMENT_3D('',#2829,#2830,#2831);
#2313=AXIS2_PLACEMENT_3D('',#2832,#2833,#2834);
#2314=CARTESIAN_POINT('',(0.0740677548863597,0.00590022929584828,-0.0745329318937178));
#2315=CARTESIAN_POINT('',(0.0736434859250345,0.00530023543904906,-0.074108664029911));
#2316=CARTESIAN_POINT('',(0.0736434859250345,0.00530023543904906,-0.074108664029911));
#2317=VECTOR('',#2835,1.0);
#2318=CARTESIAN_POINT('',(0.0790175023544061,0.00590015762554521,-0.0794826793617642));
#2319=AXIS2_PLACEMENT_3D('',#2836,#2837,#2838);
#2320=CARTESIAN_POINT('',(0.0794417615304603,0.00530015148240833,-0.0799069396353368));
#2321=CARTESIAN_POINT('',(0.0794417615304603,0.00530015148240833,-0.0799069396353368));
#2322=VECTOR('',#2839,1.0);
#2323=AXIS2_PLACEMENT_3D('',#2840,#2841,#2842);
#2324=CARTESIAN_POINT('',(0.0765425918249213,0.000300972336172411,-0.0920077462233854));
#2325=CARTESIAN_POINT('',(0.0765425815863065,-0.000699028957212172,-0.0910077475168241));
#2326=AXIS2_PLACEMENT_3D('',#2843,#2844,#2845);
#2327=CARTESIAN_POINT('',(0.091542591824135,0.000300799355384055,-0.0770077462233981));
#2328=AXIS2_PLACEMENT_3D('',#2846,#2847,#2848);
#2329=CARTESIAN_POINT('',(0.0765425918249213,0.000300933533037411,-0.0620077462234105));
#2330=AXIS2_PLACEMENT_3D('',#2849,#2850,#2851);
#2331=CARTESIAN_POINT('',(0.0765425815863065,-0.000699065173471506,-0.0630077475168475));
#2332=AXIS2_PLACEMENT_3D('',#2852,#2853,#2854);
#2333=AXIS2_PLACEMENT_3D('',#2855,#2856,#2857);
#2334=CARTESIAN_POINT('',(0.0790175398709167,0.0105009307963184,-0.0794827084625528));
#2335=CARTESIAN_POINT('',(0.0790175170385058,0.00770091709905935,-0.0794826907519195));
#2336=VECTOR('',#2858,1.0);
#2337=CARTESIAN_POINT('',(0.0740677924026469,0.0105009750726851,-0.0745329609943331));
#2338=AXIS2_PLACEMENT_3D('',#2859,#2860,#2861);
#2339=CARTESIAN_POINT('',(0.0740677695704594,0.00770098876936241,-0.0745329432838731));
#2340=VECTOR('',#2862,1.0);
#2341=AXIS2_PLACEMENT_3D('',#2863,#2864,#2865);
#2342=CARTESIAN_POINT('',(0.091542667589884,0.00770079935499002,-0.0770077366519581));
#2343=CARTESIAN_POINT('',(0.0915425959195809,0.000700799355362755,-0.0770077457060229));
#2344=VECTOR('',#2866,1.0);
#2345=AXIS2_PLACEMENT_3D('',#2867,#2868,#2869);
#2346=CARTESIAN_POINT('',(0.0709162191256933,0.00870099255632945,-0.063102953358963));
#2347=CARTESIAN_POINT('',(0.0762832756453601,0.00770093619135872,-0.0620099796257081));
#2348=CARTESIAN_POINT('',(0.0754732137687724,0.00770094450339163,-0.0620239899557517));
#2349=CARTESIAN_POINT('',(0.0746121031312183,0.00782360834955923,-0.0621075517012806));
#2350=CARTESIAN_POINT('',(0.0737652686166318,0.00799289143981832,-0.0622671108352638));
#2351=CARTESIAN_POINT('',(0.0728695876117639,0.00817193899371314,-0.0624358735427354));
#2352=CARTESIAN_POINT('',(0.0719902156286841,0.00840448160913391,-0.0626902384651087));
#2353=CARTESIAN_POINT('',(0.0711997624218006,0.00862239225856848,-0.0629915568245361));
#2354=CARTESIAN_POINT('',(0.0711096100254053,0.00864724530119707,-0.063025922643972));
#2355=CARTESIAN_POINT('',(0.0710206044403804,0.00867192940587012,-0.0630608481646267));
#2356=CARTESIAN_POINT('',(0.0709328424847077,0.00869636329011474,-0.0630962383948448));
#2357=CARTESIAN_POINT('',(0.0709276464295515,0.00869780992846009,-0.0630983337172062));
#2358=CARTESIAN_POINT('',(0.0709214126700812,0.00869954590686262,-0.0631008518286878));
#2359=CARTESIAN_POINT('',(0.0709162191256933,0.00870099255632945,-0.063102953358963));
#2360=CARTESIAN_POINT('',(0.0709162375551999,0.0105009925562336,-0.0631029510307749));
#2361=CARTESIAN_POINT('',(0.0709161372167756,0.000700992556755434,-0.0631029637064657));
#2362=VECTOR('',#2870,1.0);
#2363=CARTESIAN_POINT('',(0.0626379142621391,0.0105010880222929,-0.0713812743210439));
#2364=AXIS2_PLACEMENT_3D('',#2871,#2872,#2873);
#2365=CARTESIAN_POINT('',(0.0626378139237148,0.000701088022814735,-0.0713812869967347));
#2366=VECTOR('',#2874,1.0);
#2367=CARTESIAN_POINT('',(0.0615449105652947,0.00770110615495943,-0.0767483447008032));
#2368=CARTESIAN_POINT('',(0.0626378958326326,0.00870108802238875,-0.0713812766492321));
#2369=CARTESIAN_POINT('',(0.0626357942856727,0.00869964145704893,-0.0713864702103029));
#2370=CARTESIAN_POINT('',(0.0626332761541696,0.00869790557957317,-0.0713927039897927));
#2371=CARTESIAN_POINT('',(0.0626311808151236,0.00869645902531318,-0.071397900061632));
#2372=CARTESIAN_POINT('',(0.0624050609271721,0.00854035317327853,-0.0719586375634259));
#2373=CARTESIAN_POINT('',(0.0621875562066096,0.00836384663650851,-0.0726067920992651));
#2374=CARTESIAN_POINT('',(0.0620216914247386,0.00821030853265749,-0.0732472706293119));
#2375=CARTESIAN_POINT('',(0.0619585558409572,0.00815186503603345,-0.0734910655171585));
#2376=CARTESIAN_POINT('',(0.0619023941788442,0.00809675369827982,-0.0737335914525409));
#2377=CARTESIAN_POINT('',(0.0618537102688992,0.00804688178675533,-0.0739689159122057));
#2378=CARTESIAN_POINT('',(0.061813345124709,0.00800553163837969,-0.0741640297754227));
#2379=CARTESIAN_POINT('',(0.0617783911247482,0.00796817253186624,-0.0743511988218065));
#2380=CARTESIAN_POINT('',(0.0617451777566983,0.00793145770974487,-0.0745512704391569));
#2381=CARTESIAN_POINT('',(0.0616546862727916,0.0078314263389385,-0.0750963755761733));
#2382=CARTESIAN_POINT('',(0.0615889539890581,0.00774622160347445,-0.0757006025648373));
#2383=CARTESIAN_POINT('',(0.0615609435939149,0.00771489543182521,-0.0762675057031027));
#2384=CARTESIAN_POINT('',(0.0615528282253675,0.00770581939320407,-0.0764317528647079));
#2385=CARTESIAN_POINT('',(0.0615476007437812,0.00770110592623039,-0.0765928015424647));
#2386=CARTESIAN_POINT('',(0.0615449105652947,0.00770110615495943,-0.0767483447008032));
#2387=CARTESIAN_POINT('',(0.0615426675914564,0.00770110651343173,-0.077007736651958));
#2388=AXIS2_PLACEMENT_3D('',#2875,#2876,#2877);
#2389=CARTESIAN_POINT('',(0.0615425918257075,0.000301106513825766,-0.0770077462233979));
#2390=CARTESIAN_POINT('',(0.0615425959211534,0.000701106513804466,-0.0770077457060228));
#2391=VECTOR('',#2878,1.0);
#2392=AXIS2_PLACEMENT_3D('',#2879,#2880,#2881);
#2393=CARTESIAN_POINT('',(0.057097259773529,0.0105011771798573,-0.0964531695090369));
#2394=CARTESIAN_POINT('',(0.0570972522993403,0.00977117717989618,-0.0964531704532466));
#2395=VECTOR('',#2882,1.0);
#2396=AXIS2_PLACEMENT_3D('',#2883,#2884,#2885);
#2397=CARTESIAN_POINT('',(0.0555581089774005,0.0105011831402839,-0.0888777413107291));
#2398=CARTESIAN_POINT('',(0.0555581015032117,0.00977118314032275,-0.0888777422549388));
#2399=VECTOR('',#2886,1.0);
#2400=AXIS2_PLACEMENT_3D('',#2887,#2888,#2889);
#2401=CARTESIAN_POINT('',(0.0959881143145473,0.00870072868836208,-0.0575622988798155));
#2402=CARTESIAN_POINT('',(0.0959881327440538,0.0105007286882662,-0.0575622965516274));
#2403=CARTESIAN_POINT('',(0.0959881252698651,0.00977072868830509,-0.057562297495837));
#2404=VECTOR('',#2890,1.0);
#2405=AXIS2_PLACEMENT_3D('',#2891,#2892,#2893);
#2406=CARTESIAN_POINT('',(0.0975272835401823,0.0105007227278397,-0.0651377247499352));
#2407=CARTESIAN_POINT('',(0.0975272760659936,0.00977072272787852,-0.0651377256941448));
#2408=VECTOR('',#2894,1.0);
#2409=AXIS2_PLACEMENT_3D('',#2895,#2896,#2897);
#2410=CARTESIAN_POINT('',(0.0891842386949197,0.00770080456272854,-0.0623651262293444));
#2411=CARTESIAN_POINT('',(0.0891842305036086,0.00850084551731524,-0.0623651272641477));
#2412=CARTESIAN_POINT('',(0.0891842386952211,0.00770077512967111,-0.0623651262293063));
#2413=VECTOR('',#2898,1.0);
#2414=CARTESIAN_POINT('',(0.0931842386955487,0.00770076360826963,-0.0623651262292385));
#2415=AXIS2_PLACEMENT_3D('',#2899,#2900,#2901);
#2416=CARTESIAN_POINT('',(0.0931842386950114,0.00770081608413001,-0.0623651262293064));
#2417=VECTOR('',#2902,1.0);
#2418=CARTESIAN_POINT('',(0.0891842305036086,0.00850084551731524,-0.0623651272641477));
#2419=CARTESIAN_POINT('',(0.0891842305036053,0.00850084584239202,-0.0624489031700087));
#2420=CARTESIAN_POINT('',(0.0891895012213749,0.0085008460055729,-0.0625326787279467));
#2421=CARTESIAN_POINT('',(0.0892000011392391,0.0085008460055725,-0.0626157940341641));
#2422=CARTESIAN_POINT('',(0.0598999674367792,0.00770114227048377,-0.0916493974719695));
#2423=CARTESIAN_POINT('',(0.0598999592454681,0.00850118322507048,-0.0916493985067727));
#2424=CARTESIAN_POINT('',(0.0598999674373167,0.0077010897733211,-0.0916493974719016));
#2425=VECTOR('',#2903,1.0);
#2426=CARTESIAN_POINT('',(0.0638999674374082,0.00770110131602487,-0.0916493974718636));
#2427=AXIS2_PLACEMENT_3D('',#2904,#2905,#2906);
#2428=CARTESIAN_POINT('',(0.0638999674371071,0.00770113072777999,-0.0916493974719016));
#2429=VECTOR('',#2907,1.0);
#2430=CARTESIAN_POINT('',(0.0598999592454681,0.00850118322507048,-0.0916493985067728));
#2431=CARTESIAN_POINT('',(0.0598999592454648,0.00850118355014726,-0.0917331744126338));
#2432=CARTESIAN_POINT('',(0.0599052299632344,0.00850118371332814,-0.0918169499705718));
#2433=CARTESIAN_POINT('',(0.0599157298810986,0.00850118371332774,-0.0919000652767891));
#2434=CARTESIAN_POINT('',(0.0732656725456382,0.00478306695839937,-0.0806847234870637));
#2435=CARTESIAN_POINT('',(0.0732656326228996,0.000883834523013375,-0.0806847285304785));
#2436=CARTESIAN_POINT('',(0.0732656317746992,0.000800991242111123,-0.0806847286376311));
#2437=VECTOR('',#2908,1.0);
#2438=CARTESIAN_POINT('',(0.0727621142418678,0.00470020347502436,-0.0802983612598474));
#2439=AXIS2_PLACEMENT_3D('',#2909,#2910,#2911);
#2440=CARTESIAN_POINT('',(0.0727621041567084,0.000800995897755124,-0.080298358307108));
#2441=CARTESIAN_POINT('',(0.0727621091993171,0.0027506109073459,-0.0802983597834862));
#2442=VECTOR('',#2912,0.999999999999999);
#2443=AXIS2_PLACEMENT_3D('',#2913,#2914,#2915);
#2444=CARTESIAN_POINT('',(0.081165403243202,0.000987277667067274,-0.0783536321698533));
#2445=CARTESIAN_POINT('',(0.0811654431660155,0.00488651741334594,-0.0783536271264291));
#2446=CARTESIAN_POINT('',(0.0811654223202971,0.00285052730221102,-0.0783536297598558));
#2447=VECTOR('',#2916,1.0);
#2448=CARTESIAN_POINT('',(0.0814618737170296,0.000800903809073631,-0.0779672620803795));
#2449=AXIS2_PLACEMENT_3D('',#2917,#2918,#2919);
#2450=CARTESIAN_POINT('',(0.0814619134600193,0.00470014727813533,-0.0779672570851444));
#2451=CARTESIAN_POINT('',(0.0814618737170296,0.00080090380907364,-0.0779672620803795));
#2452=VECTOR('',#2920,0.999999999999999);
#2453=AXIS2_PLACEMENT_3D('',#2921,#2922,#2923);
#2454=CARTESIAN_POINT('',(0.0798195431480138,0.000883756771462286,-0.0733308180071396));
#2455=CARTESIAN_POINT('',(0.0798195830709181,0.00478300538837422,-0.0733308129637039));
#2456=CARTESIAN_POINT('',(0.079819542299825,0.000800914627320225,-0.0733308181142907));
#2457=VECTOR('',#2924,1.0);
#2458=CARTESIAN_POINT('',(0.0798331719693361,0.000800914353829452,-0.0732272904961422));
#2459=AXIS2_PLACEMENT_3D('',#2925,#2926,#2927);
#2460=CARTESIAN_POINT('',(0.079833203898208,0.00470019054032973,-0.0732273152924685));
#2461=CARTESIAN_POINT('',(0.0798331879338773,0.00275056529897473,-0.0732273028943871));
#2462=VECTOR('',#2928,1.0);
#2463=AXIS2_PLACEMENT_3D('',#2929,#2930,#2931);
#2464=CARTESIAN_POINT('',(0.0719198145735144,0.00488661016940789,-0.0756619090557205));
#2465=CARTESIAN_POINT('',(0.0719197746506849,0.000987368863341654,-0.0756619140991468));
#2466=CARTESIAN_POINT('',(0.0719197937277724,0.00285061774262222,-0.0756619116891502));
#2467=VECTOR('',#2932,1.0);
#2468=CARTESIAN_POINT('',(0.0718026552462135,0.00470024241432975,-0.0753790664526806));
#2469=AXIS2_PLACEMENT_3D('',#2933,#2934,#2935);
#2470=CARTESIAN_POINT('',(0.0718026154550341,0.000800999358834049,-0.0753790716277771));
#2471=CARTESIAN_POINT('',(0.0718026154550341,0.00080099935883406,-0.0753790716277771));
#2472=VECTOR('',#2936,0.999999999999999);
#2473=AXIS2_PLACEMENT_3D('',#2937,#2938,#2939);
#2474=CARTESIAN_POINT('',(0.0724601359315078,0.00470025257343031,-0.0729253151322615));
#2475=CARTESIAN_POINT('',(0.100735576585746,0.00470068947302496,0.0326000659056766));
#2476=VECTOR('',#2940,1.0);
#2477=CARTESIAN_POINT('',(0.0724601041353856,0.000800989453212445,-0.0729252904686609));
#2478=CARTESIAN_POINT('',(0.0724600380862978,-0.0072988275818904,-0.0729252392357368));
#2479=VECTOR('',#2941,1.0);
#2480=CARTESIAN_POINT('',(0.112917590704849,0.000800379929233319,0.0780641048716077));
#2481=VECTOR('',#2942,1.0);
#2482=CARTESIAN_POINT('',(0.0716233003605093,0.000801002060357684,-0.0760482846707374));
#2483=AXIS2_PLACEMENT_3D('',#2943,#2944,#2945);
#2484=CARTESIAN_POINT('',(0.0716233401034391,0.00470023964363153,-0.0760482796755098));
#2485=CARTESIAN_POINT('',(0.0716233003605093,0.000801002060357697,-0.0760482846707374));
#2486=VECTOR('',#2946,0.999999999999999);
#2487=AXIS2_PLACEMENT_3D('',#2947,#2948,#2949);
#2488=CARTESIAN_POINT('',(0.0709658116801578,0.000801011965944355,-0.0785020658298536));
#2489=CARTESIAN_POINT('',(0.112917590704849,0.000800379929233319,0.0780641048716077));
#2490=VECTOR('',#2950,1.0);
#2491=CARTESIAN_POINT('',(0.0709658434759082,0.00470022948428464,-0.0785020904931656));
#2492=CARTESIAN_POINT('',(0.070965745630097,-0.00729892438906207,-0.0785020145961747));
#2493=VECTOR('',#2951,1.0);
#2494=CARTESIAN_POINT('',(0.100735576585746,0.00470068947302496,0.0326000659056766));
#2495=VECTOR('',#2952,1.0);
#2496=CARTESIAN_POINT('',(0.0712353470326498,-0.000698999591160017,-0.0717005361092907));
#2497=CARTESIAN_POINT('',(0.0646217361214574,-0.0087988455840405,-0.0650869400118318));
#2498=VECTOR('',#2953,0.999999999999999);
#2499=CARTESIAN_POINT('',(0.0692927668411171,-0.000698970324653953,-0.0789503440778581));
#2500=CARTESIAN_POINT('',(0.132070994786737,-0.000699916128279875,0.15534119209476));
#2501=VECTOR('',#2954,1.0);
#2502=CARTESIAN_POINT('',(0.0812333106681326,0.0100064237344751,-0.0757509761096325));
#2503=VECTOR('',#2955,1.0);
#2504=CARTESIAN_POINT('',(0.0755830983342091,0.000800956395724398,-0.0720884866955743));
#2505=CARTESIAN_POINT('',(0.0755831303089853,0.00470023240025573,-0.0720885113114143));
#2506=CARTESIAN_POINT('',(0.0755831143216473,0.00275060050967578,-0.0720884990035328));
#2507=VECTOR('',#2956,1.0);
#2508=CARTESIAN_POINT('',(0.0780369112868878,0.00470021654990632,-0.0714310226804262));
#2509=CARTESIAN_POINT('',(0.231859481914226,0.00469922292353443,-0.0302143891309709));
#2510=VECTOR('',#2957,1.0);
#2511=CARTESIAN_POINT('',(0.078036879490578,0.00080093042198342,-0.0714309980166801));
#2512=CARTESIAN_POINT('',(0.0780368134410767,-0.0072989373234404,-0.0714309467834352));
#2513=VECTOR('',#2958,1.0);
#2514=CARTESIAN_POINT('',(0.153519828836754,0.000800131420597009,-0.0512054027080541));
#2515=VECTOR('',#2959,1.0);
#2516=CARTESIAN_POINT('',(0.0749139469275499,0.00470023672288701,-0.0722678184579372));
#2517=CARTESIAN_POINT('',(0.0749138852912295,0.000800963479471841,-0.0722678017899075));
#2518=CARTESIAN_POINT('',(0.0749139161095081,0.00275060759326624,-0.0722678101239544));
#2519=VECTOR('',#2960,1.0);
#2520=AXIS2_PLACEMENT_3D('',#2961,#2962,#2963);
#2521=AXIS2_PLACEMENT_3D('',#2964,#2965,#2966);
#2522=CARTESIAN_POINT('',(0.153519828836754,0.000800131420597009,-0.0512054027080541));
#2523=VECTOR('',#2967,1.0);
#2524=CARTESIAN_POINT('',(0.231859481914226,0.00469922292353443,-0.0302143891309709));
#2525=VECTOR('',#2968,1.0);
#2526=CARTESIAN_POINT('',(0.0784851549953042,-0.000699076331757281,-0.0697579559214733));
#2527=CARTESIAN_POINT('',(0.0841679491519017,-0.0197146806312048,-0.048548780443144));
#2528=VECTOR('',#2969,1.0);
#2529=CARTESIAN_POINT('',(0.192267235185821,-0.000700280736734143,-0.0392701394378742));
#2530=VECTOR('',#2970,1.0);
#2531=CARTESIAN_POINT('',(0.0803230699178158,0.000800909971605644,-0.0737171884448138));
#2532=CARTESIAN_POINT('',(0.0803230800011977,0.00470018344712569,-0.0737171913956551));
#2533=CARTESIAN_POINT('',(0.0803230749595435,0.00275056091684863,-0.0737171899202452));
#2534=VECTOR('',#2971,1.0);
#2535=CARTESIAN_POINT('',(0.0821193941926995,0.00470015743723662,-0.075513505587879));
#2536=CARTESIAN_POINT('',(0.110342980539933,0.00469974877133992,-0.103737091946459));
#2537=VECTOR('',#2972,1.0);
#2538=CARTESIAN_POINT('',(0.0821193623965739,0.000800893903486973,-0.0755134809242759));
#2539=CARTESIAN_POINT('',(0.0821192963468883,-0.0072989964361101,-0.075513429690888));
#2540=VECTOR('',#2973,1.0);
#2541=CARTESIAN_POINT('',(0.0197123973567827,0.000801452144793149,-0.0131065158600283));
#2542=VECTOR('',#2974,0.999999999999999);
#2543=AXIS2_PLACEMENT_3D('',#2975,#2976,#2977);
#2544=AXIS2_PLACEMENT_3D('',#2978,#2979,#2980);
#2545=CARTESIAN_POINT('',(0.0197123973567827,0.000801452144793149,-0.0131065158600283));
#2546=VECTOR('',#2981,0.999999999999999);
#2547=CARTESIAN_POINT('',(0.110342980539933,0.00469974877133992,-0.103737091946459));
#2548=VECTOR('',#2982,1.0);
#2549=CARTESIAN_POINT('',(0.0837923827724369,-0.000699123805848545,-0.0750651837006858));
#2550=CARTESIAN_POINT('',(0.0922280563808034,-0.00826248644338785,-0.0728047874062891));
#2551=VECTOR('',#2983,1.0);
#2552=CARTESIAN_POINT('',(-0.00431863231524232,-0.000698335637232594,0.0130458314215228));
#2553=VECTOR('',#2984,0.999999999999999);
#2554=CARTESIAN_POINT('',(0.0812825586225048,0.000800906510597266,-0.0786364751233399));
#2555=CARTESIAN_POINT('',(0.0812825984136325,0.0047001445074386,-0.0786364699482501));
#2556=CARTESIAN_POINT('',(0.0812825586225048,0.000800906510597277,-0.0786364751233399));
#2557=VECTOR('',#2985,0.999999999999999);
#2558=CARTESIAN_POINT('',(0.0806251017387159,0.00470013434809098,-0.081090280942752));
#2559=CARTESIAN_POINT('',(0.110394834847746,0.00470059433683129,0.0300118754530747));
#2560=VECTOR('',#2986,1.0);
#2561=CARTESIAN_POINT('',(0.0806250699429622,0.000800916416183923,-0.0810902562794373));
#2562=CARTESIAN_POINT('',(0.0806250038935059,-0.00729894580722973,-0.0810902050462273));
#2563=VECTOR('',#2987,1.0);
#2564=CARTESIAN_POINT('',(0.122576848966845,0.000800284379472901,0.0754759144190052));
#2565=VECTOR('',#2988,1.0);
#2566=AXIS2_PLACEMENT_3D('',#2989,#2990,#2991);
#2567=AXIS2_PLACEMENT_3D('',#2992,#2993,#2994);
#2568=CARTESIAN_POINT('',(0.122576848966845,0.000800284379472901,0.0754759144190052));
#2569=VECTOR('',#2995,1.0);
#2570=CARTESIAN_POINT('',(0.110394834847746,0.00470059433683129,0.0300118754530747));
#2571=VECTOR('',#2996,1.0);
#2572=CARTESIAN_POINT('',(0.0818498025825203,-0.000699094539342507,-0.082314991663222));
#2573=CARTESIAN_POINT('',(0.0726707091294485,0.0105431474788779,-0.073135877642424));
#2574=VECTOR('',#2997,1.0);
#2575=CARTESIAN_POINT('',(0.144628030527331,-0.000700040342968415,0.151976544506377));
#2576=VECTOR('',#2998,1.0);
#2577=CARTESIAN_POINT('',(0.103271912726746,0.00469976170571828,-0.110808159756991));
#2578=VECTOR('',#2999,1.0);
#2579=CARTESIAN_POINT('',(0.0126413295439651,0.000801533688718823,-0.0201775836708043));
#2580=VECTOR('',#3000,0.999999999999999);
#2581=CARTESIAN_POINT('',(0.073252002105188,0.000800991515531316,-0.0807882562557797));
#2582=AXIS2_PLACEMENT_3D('',#3001,#3002,#3003);
#2583=CARTESIAN_POINT('',(0.0732520340315281,0.00470019638118775,-0.0807882810497046));
#2584=CARTESIAN_POINT('',(0.073252018068461,0.00275060652502441,-0.0807882686528221));
#2585=VECTOR('',#3004,1.0);
#2586=AXIS2_PLACEMENT_3D('',#3005,#3006,#3007);
#2587=CARTESIAN_POINT('',(0.0750482945817386,0.000800975447377367,-0.0825845487330342));
#2588=CARTESIAN_POINT('',(0.0126413295439651,0.000801533688718823,-0.0201775836708043));
#2589=VECTOR('',#3008,0.999999999999999);
#2590=CARTESIAN_POINT('',(0.0750483263773047,0.00470017037161501,-0.0825845733962033));
#2591=CARTESIAN_POINT('',(0.0750482285314935,-0.00729898350173171,-0.0825844974992124));
#2592=VECTOR('',#3009,1.0);
#2593=CARTESIAN_POINT('',(0.103271912726746,0.00469976170571828,-0.110808159756991));
#2594=VECTOR('',#3010,1.0);
#2595=CARTESIAN_POINT('',(0.0745999946138345,-0.000699017798745179,-0.0842575718526554));
#2596=CARTESIAN_POINT('',(-0.0135110204718554,-0.000698229630129277,0.0038534432675639));
#2597=VECTOR('',#3011,1.0);
#2598=CARTESIAN_POINT('',(0.0812224061059562,0.0214592985572966,-0.0595432102037869));
#2599=VECTOR('',#3012,0.999999999999999);
#2600=CARTESIAN_POINT('',(0.0775020757408605,0.000800949473637074,-0.0819270600534023));
#2601=CARTESIAN_POINT('',(0.0775021077176836,0.00470015452126326,-0.08192708466809));
#2602=CARTESIAN_POINT('',(0.0775020917293358,0.00275055976971487,-0.0819270723607952));
#2603=VECTOR('',#3013,1.0);
#2604=CARTESIAN_POINT('',(0.234447672363039,0.0046991407217191,-0.0398736473941047));
#2605=VECTOR('',#3014,1.0);
#2606=CARTESIAN_POINT('',(0.156108019286385,0.000800117414762243,-0.060864660971549));
#2607=VECTOR('',#3015,1.0);
#2608=CARTESIAN_POINT('',(0.0781713504164974,0.00470015019824882,-0.0817477616275235));
#2609=CARTESIAN_POINT('',(0.0781712887838402,0.000800942389889632,-0.0817477449590691));
#2610=CARTESIAN_POINT('',(0.0781713196002698,0.00275055268581047,-0.0817477532933236));
#2611=VECTOR('',#3016,0.999999999999999);
#2612=AXIS2_PLACEMENT_3D('',#3017,#3018,#3019);
#2613=AXIS2_PLACEMENT_3D('',#3020,#3021,#3022);
#2614=CARTESIAN_POINT('',(0.156108019286385,0.000800117414762243,-0.060864660971549));
#2615=VECTOR('',#3023,1.0);
#2616=CARTESIAN_POINT('',(0.234447672363039,0.0046991407217191,-0.0398736473941047));
#2617=VECTOR('',#3024,1.0);
#2618=CARTESIAN_POINT('',(0.156496229848336,-0.000699884685983835,-0.0623135417703574));
#2619=VECTOR('',#3025,1.0);
#2620=CARTESIAN_POINT('',(0.0801352086829188,0.00530014144157939,-0.0806003867892398));
#2621=CARTESIAN_POINT('',(0.0848827477704373,-0.000514509522374043,-0.085347936514683));
#2622=VECTOR('',#3026,0.999999999999999);
#2623=CARTESIAN_POINT('',(0.0752276463645151,0.00530017314228053,-0.0819153641483739));
#2624=CARTESIAN_POINT('',(0.234292385828745,0.00529914565379607,-0.0392940956934339));
#2625=VECTOR('',#3027,1.0);
#2626=CARTESIAN_POINT('',(0.0797510720812062,0.0204355074970001,-0.065034265902888));
#2627=VECTOR('',#3028,1.0);
#2628=CARTESIAN_POINT('',(0.0814501860423274,0.00530016176002755,-0.0756928244773133));
#2629=CARTESIAN_POINT('',(0.102415228360842,-0.0134968538047269,-0.0700750983581527));
#2630=VECTOR('',#3029,1.0);
#2631=CARTESIAN_POINT('',(0.109815284244662,0.00530060004497096,0.0301671630851136));
#2632=VECTOR('',#3030,1.0);
#2633=CARTESIAN_POINT('',(0.0625425815870403,-0.000698903724735706,-0.0770077475168358));
#2634=AXIS2_PLACEMENT_3D('',#3031,#3032,#3033);
#2635=AXIS2_PLACEMENT_3D('',#3034,#3035,#3036);
#2636=CARTESIAN_POINT('',(0.0716350614115511,0.00530022516142981,-0.0783227791939656));
#2637=CARTESIAN_POINT('',(0.103696181688173,0.00529976092962362,-0.110383899483476));
#2638=VECTOR('',#3037,1.0);
#2639=CARTESIAN_POINT('',(0.0934289658237076,0.0248398216649909,-0.072483286397004));
#2640=VECTOR('',#3038,1.0);
#2641=CARTESIAN_POINT('',(0.0729500387725757,0.005300245479878,-0.0734152168760081));
#2642=CARTESIAN_POINT('',(0.101315136974102,0.00530068376482139,0.0324447706834034));
#2643=VECTOR('',#3039,1.0);
#2644=CARTESIAN_POINT('',(0.0783042190635024,0.0118576073179828,-0.0787693851742383));
#2645=VECTOR('',#3040,1.0);
#2646=CARTESIAN_POINT('',(0.0778576010849483,0.00530021377917689,-0.07210023951849));
#2647=CARTESIAN_POINT('',(0.23201477823379,0.00529921799139355,-0.0307939484218761));
#2648=VECTOR('',#3041,1.0);
#2649=CARTESIAN_POINT('',(0.0821587768567051,-0.00909212707898755,-0.0560475039864495));
#2650=VECTOR('',#3042,1.0);
#2651=CARTESIAN_POINT('',(0.109918721363778,0.00529974954737067,-0.104161359810208));
#2652=VECTOR('',#3043,1.0);
#2653=AXIS2_PLACEMENT_3D('',#3044,#3045,#3046);
#2654=CARTESIAN_POINT('',(0.05793152099407,0.0105011630732394,-0.092150729459929));
#2655=CARTESIAN_POINT('',(0.0578952236854594,0.0105011630732398,-0.0918634070295005));
#2656=CARTESIAN_POINT('',(0.0578902536894546,0.0105011627473871,-0.0915721378385279));
#2657=CARTESIAN_POINT('',(0.0579710473512371,0.0105011607817764,-0.0906920061805436));
#2658=CARTESIAN_POINT('',(0.0581593311773325,0.0105011581050431,-0.0901129542020368));
#2659=CARTESIAN_POINT('',(0.0587675112038347,0.010501150557462,-0.0890919077634577));
#2660=CARTESIAN_POINT('',(0.0591870112878029,0.0105011456915301,-0.0886505783257109));
#2661=CARTESIAN_POINT('',(0.0601759201382028,0.0105011347139045,-0.08799142882859));
#2662=CARTESIAN_POINT('',(0.0607446848139198,0.0105011286093607,-0.0877740380827102));
#2663=CARTESIAN_POINT('',(0.0619211334995776,0.0105011163462322,-0.0876055540568004));
#2664=CARTESIAN_POINT('',(0.0625280512610225,0.0105011101956347,-0.0876545704368564));
#2665=CARTESIAN_POINT('',(0.0636621167732921,0.0105010990436294,-0.0880096354334411));
#2666=CARTESIAN_POINT('',(0.0641885401501625,0.0105010940492812,-0.0883154081342041));
#2667=CARTESIAN_POINT('',(0.0650104523884724,0.0105010866224587,-0.0890795888662511));
#2668=CARTESIAN_POINT('',(0.0653249499924186,0.010501083967774,-0.0895166682884405));
#2669=CARTESIAN_POINT('',(0.0657082091587904,0.0105010811371149,-0.0903619998764728));
#2670=CARTESIAN_POINT('',(0.0658183050988297,0.0105010805133125,-0.0907512165071186));
#2671=CARTESIAN_POINT('',(0.0658684384527928,0.0105010805133119,-0.0911480623796532));
#2672=CARTESIAN_POINT('',(0.0638841886113053,0.00850105987343651,-0.0913987317365445));
#2673=CARTESIAN_POINT('',(0.0638462642314224,0.00850106009810385,-0.0911564286343669));
#2674=CARTESIAN_POINT('',(0.0637787469433233,0.00850106126178552,-0.090921867991437));
#2675=CARTESIAN_POINT('',(0.0632783284256442,0.00850107299609683,-0.0899847102337844));
#2676=CARTESIAN_POINT('',(0.0624143171894524,0.0085010978489969,-0.0895502261589265));
#2677=CARTESIAN_POINT('',(0.0610977603735251,0.00850113905220412,-0.089747131183586));
#2678=CARTESIAN_POINT('',(0.0606246748566726,0.00850115466508017,-0.0900258857330132));
#2679=CARTESIAN_POINT('',(0.0601182925030983,0.00850117278063907,-0.0906860379208185));
#2680=CARTESIAN_POINT('',(0.0599857808366286,0.00850117801999461,-0.0909873403380685));
#2681=CARTESIAN_POINT('',(0.0599101158570211,0.00850118201113667,-0.0914169521055919));
#2682=CARTESIAN_POINT('',(0.0598999592454727,0.00850118277408714,-0.0915331750773585));
#2683=CARTESIAN_POINT('',(0.0598999592454681,0.00850118322507048,-0.0916493985067727));
#2684=CARTESIAN_POINT('',(0.0872157922522105,0.0105008253654841,-0.0628664582173039));
#2685=CARTESIAN_POINT('',(0.0871794949436009,0.0105008253654846,-0.062579135786883));
#2686=CARTESIAN_POINT('',(0.0871745249475954,0.0105008250396319,-0.0622878665959182));
#2687=CARTESIAN_POINT('',(0.0872553186093737,0.0105008230740211,-0.0614077349379242));
#2688=CARTESIAN_POINT('',(0.0874436024354751,0.0105008203972878,-0.0608286829594001));
#2689=CARTESIAN_POINT('',(0.0880517824619872,0.0105008128497068,-0.0598076365208206));
#2690=CARTESIAN_POINT('',(0.0884712825459481,0.0105008079837748,-0.0593663070830838));
#2691=CARTESIAN_POINT('',(0.0894601913963367,0.0105007970061492,-0.0587071575859682));
#2692=CARTESIAN_POINT('',(0.0900289560720526,0.0105007909016054,-0.0584897668400876));
#2693=CARTESIAN_POINT('',(0.0912054047577189,0.010500778638477,-0.0583212828141739));
#2694=CARTESIAN_POINT('',(0.0918123225191741,0.0105007724878795,-0.0583702991942317));
#2695=CARTESIAN_POINT('',(0.0929463880314452,0.0105007613358741,-0.0587253641908232));
#2696=CARTESIAN_POINT('',(0.0934728114083088,0.010500756341526,-0.0590311368915841));
#2697=CARTESIAN_POINT('',(0.0942947236466135,0.0105007489147035,-0.0597953176236268));
#2698=CARTESIAN_POINT('',(0.0946092212505593,0.0105007462600188,-0.0602323970458159));
#2699=CARTESIAN_POINT('',(0.0949924804169309,0.0105007434293597,-0.0610777286338478));
#2700=CARTESIAN_POINT('',(0.0951025763569703,0.0105007428055573,-0.0614669452644936));
#2701=CARTESIAN_POINT('',(0.0951527097109333,0.0105007428055566,-0.0618637911370282));
#2702=CARTESIAN_POINT('',(0.0774662214261665,0.0105009391119921,-0.0736318836582965));
#2703=AXIS2_PLACEMENT_3D('',#3047,#3048,#3049);
#2704=AXIS2_PLACEMENT_3D('',#3050,#3051,#3052);
#2705=CARTESIAN_POINT('',(0.0904474782554437,0.0105008178458307,-0.0826341917396203));
#2706=CARTESIAN_POINT('',(0.0821691549623831,0.01050091331189,-0.0909125150298892));
#2707=AXIS2_PLACEMENT_3D('',#3053,#3054,#3055);
#2708=CARTESIAN_POINT('',(0.0646726879708477,0.0105011016087625,-0.0979923203081903));
#2709=CARTESIAN_POINT('',(0.172269366842752,0.0104999436539514,-0.0544541857023007));
#2710=VECTOR('',#3056,1.0);
#2711=AXIS2_PLACEMENT_3D('',#3057,#3058,#3059);
#2712=CARTESIAN_POINT('',(0.12198120197247,0.0105002907384583,0.0752750012013042));
#2713=VECTOR('',#3060,1.0);
#2714=CARTESIAN_POINT('',(0.0884127045467352,0.010500804259361,-0.0560231457524741));
#2715=CARTESIAN_POINT('',(0.161016449435568,0.0105000228982951,-0.0266446217031877));
#2716=VECTOR('',#3061,1.0);
#2717=AXIS2_PLACEMENT_3D('',#3062,#3063,#3064);
#2718=CARTESIAN_POINT('',(0.149790765965775,0.0105000205619961,0.0640220837827277));
#2719=VECTOR('',#3065,1.0);
#2720=AXIS2_PLACEMENT_3D('',#3066,#3067,#3068);
#2721=CARTESIAN_POINT('',(0.0931684598694458,0.00850072216568127,-0.0621144604939194));
#2722=CARTESIAN_POINT('',(0.0931305354895629,0.00850072239034861,-0.0618721573917416));
#2723=CARTESIAN_POINT('',(0.0930630182014637,0.00850072355403029,-0.0616375967488115));
#2724=CARTESIAN_POINT('',(0.0925625996837843,0.00850073528834159,-0.060700438991159));
#2725=CARTESIAN_POINT('',(0.0916985884475925,0.00850076014124166,-0.0602659549163014));
#2726=CARTESIAN_POINT('',(0.0903820316316654,0.00850080134444888,-0.060462859940961));
#2727=CARTESIAN_POINT('',(0.089908946114813,0.00850081695732493,-0.0607416144903882));
#2728=CARTESIAN_POINT('',(0.0894025637612387,0.00850083507288384,-0.0614017666781936));
#2729=CARTESIAN_POINT('',(0.0892700520947691,0.00850084031223937,-0.0617030690954435));
#2730=CARTESIAN_POINT('',(0.0891943871151616,0.00850084430338143,-0.0621326808629669));
#2731=CARTESIAN_POINT('',(0.0891842305036133,0.0085008450663319,-0.0622489038347334));
#2732=CARTESIAN_POINT('',(0.0891842305036086,0.00850084551731524,-0.0623651272641477));
#2733=AXIS2_PLACEMENT_3D('',#3069,#3070,#3071);
#2734=CARTESIAN_POINT('',(0.0904473779170195,0.000700817846352484,-0.082634204415311));
#2735=VECTOR('',#3072,1.0);
#2736=CARTESIAN_POINT('',(0.0884126861172287,0.00870080425945689,-0.0560231480806622));
#2737=CARTESIAN_POINT('',(0.0884126970725465,0.0097708042593999,-0.0560231466966837));
#2738=VECTOR('',#3073,1.0);
#2739=AXIS2_PLACEMENT_3D('',#3074,#3075,#3076);
#2740=CARTESIAN_POINT('',(0.161016431006061,0.00870002289839094,-0.0266446240313758));
#2741=VECTOR('',#3077,1.0);
#2742=CARTESIAN_POINT('',(0.064672680496659,0.00977110160880137,-0.0979923212523999));
#2743=VECTOR('',#3078,1.0);
#2744=CARTESIAN_POINT('',(0.0821691365328766,0.0087009133119858,-0.0909125173580773));
#2745=CARTESIAN_POINT('',(0.172269348413245,0.0086999436540473,-0.0544541880304888));
#2746=VECTOR('',#3079,1.0);
#2747=CARTESIAN_POINT('',(0.0821690546239588,0.000700913312411785,-0.0909125277055799));
#2748=VECTOR('',#3080,1.0);
#2749=AXIS2_PLACEMENT_3D('',#3081,#3082,#3083);
#2750=AXIS2_PLACEMENT_3D('',#3084,#3085,#3086);
#2751=CARTESIAN_POINT('',(0.0768020595359805,0.00770096967706304,-0.0920054936782079));
#2752=CARTESIAN_POINT('',(0.0776121214125677,0.00770096136503008,-0.0919914833481644));
#2753=CARTESIAN_POINT('',(0.0784732345617538,0.00782360736184738,-0.0919079212853425));
#2754=CARTESIAN_POINT('',(0.0793200725426064,0.00799287269848588,-0.0917483617134682));
#2755=CARTESIAN_POINT('',(0.0802157571800968,0.00817190146799632,-0.091579598549175));
#2756=CARTESIAN_POINT('',(0.081095133892513,0.00840442540765736,-0.0913252330383113));
#2757=CARTESIAN_POINT('',(0.0818855915384014,0.00862231908408215,-0.0910239141297192));
#2758=CARTESIAN_POINT('',(0.0819757444740907,0.00864717020001479,-0.0909895482350637));
#2759=CARTESIAN_POINT('',(0.0820647505942291,0.00867185239994127,-0.0909546226392276));
#2760=CARTESIAN_POINT('',(0.0821525130790725,0.00869628440354419,-0.0909192323341699));
#2761=CARTESIAN_POINT('',(0.0821577091638506,0.00869773093006682,-0.0909171370080664));
#2762=CARTESIAN_POINT('',(0.0821639429588669,0.00869946677430519,-0.0909146188920946));
#2763=CARTESIAN_POINT('',(0.0821691365328766,0.0087009133119858,-0.0909125173580773));
#2764=CARTESIAN_POINT('',(0.0915404246160457,0.00770079971346233,-0.077267128603113));
#2765=CARTESIAN_POINT('',(0.0904474598259372,0.0087008178459265,-0.0826341940678084));
#2766=CARTESIAN_POINT('',(0.0904495613432745,0.00869937122411829,-0.0826290005104807));
#2767=CARTESIAN_POINT('',(0.0904520794392306,0.00869763527895376,-0.0826227667354823));
#2768=CARTESIAN_POINT('',(0.0904541747486542,0.00869618866834587,-0.0826175706673861));
#2769=CARTESIAN_POINT('',(0.0907737070434504,0.00847558220204438,-0.0818251762153052));
#2770=CARTESIAN_POINT('',(0.091051068430464,0.00823247348045623,-0.0809302795106664));
#2771=CARTESIAN_POINT('',(0.0912388908423243,0.00803913468738521,-0.0800112548062487));
#2772=CARTESIAN_POINT('',(0.0914113385546263,0.00786162215182524,-0.0791674592961386));
#2773=CARTESIAN_POINT('',(0.0915090160746782,0.00772552873113716,-0.0783036026126003));
#2774=CARTESIAN_POINT('',(0.0915350741626854,0.00770374965711376,-0.0774849641217432));
#2775=CARTESIAN_POINT('',(0.091537397390224,0.00770180792813806,-0.0774119778195428));
#2776=CARTESIAN_POINT('',(0.0915391755149872,0.0077007998196656,-0.077339350251116));
#2777=CARTESIAN_POINT('',(0.0915404246160457,0.00770079971346233,-0.0772671286031129));
#2778=AXIS2_PLACEMENT_3D('',#3087,#3088,#3089);
#2779=CARTESIAN_POINT('',(0.148863751831211,0.00770002956802724,0.0643971774083877));
#2780=VECTOR('',#3090,1.0);
#2781=AXIS2_PLACEMENT_3D('',#3091,#3092,#3093);
#2782=AXIS2_PLACEMENT_3D('',#3094,#3095,#3096);
#2783=CARTESIAN_POINT('',(0.0564850657757228,0.00770117413455092,-0.089252842179641));
#2784=CARTESIAN_POINT('',(0.122908158770793,0.00770028173272534,0.0748999003323924));
#2785=VECTOR('',#3097,1.0);
#2786=AXIS2_PLACEMENT_3D('',#3098,#3099,#3100);
#2787=AXIS2_PLACEMENT_3D('',#3101,#3102,#3103);
#2788=DIRECTION('',(-0.375097247254253,5.03947427206227E-06,-0.926985466486334));
#2789=DIRECTION('',(-0.375097247254253,5.03947427206227E-06,-0.926985466486334));
#2790=CARTESIAN_POINT('',(0.0564850760143375,0.00870117413449767,-0.0892528408862031));
#2791=DIRECTION('',(-0.375097247254253,5.03947427209885E-06,-0.926985466486334));
#2792=DIRECTION('',(-1.02386147219401E-05,-0.999999999946749,-1.29343783401331E-06));
#2793=DIRECTION('',(-0.926985466584361,9.976212017666E-06,-0.375097246913184));
#2794=DIRECTION('',(-0.926985466584361,9.97621201766601E-06,-0.375097246913184));
#2795=CARTESIAN_POINT('',(0.0642975722944351,0.00870110425033649,-0.0970653371697412));
#2796=DIRECTION('',(-0.926985466584361,9.97621201770259E-06,-0.375097246913185));
#2797=DIRECTION('',(0.375097246906114,-2.64147812303889E-06,-0.92698546663714));
#2798=CARTESIAN_POINT('',(0.0560469888133129,0.00870118153089356,-0.0915034243699184));
#2799=DIRECTION('',(-1.32390465615432E-11,-1.29343783319479E-06,0.999999999999164));
#2800=DIRECTION('',(-0.999999999947585,1.02386147237065E-05,3.9650822978897E-15));
#2801=CARTESIAN_POINT('',(0.0620469888129984,0.00870112009920521,-0.0915034243699184));
#2802=DIRECTION('',(-1.02386147236979E-05,-0.999999999946749,-1.29343783326254E-06));
#2803=DIRECTION('',(-0.707106781282268,8.15439256525606E-06,-0.707106781043809));
#2804=CARTESIAN_POINT('',(0.0620469888129984,0.00870112009920521,-0.0915034243699184));
#2805=DIRECTION('',(-1.02386147236979E-05,-0.999999999946749,-1.29343783326254E-06));
#2806=DIRECTION('',(-0.707106781282268,8.15439256525606E-06,-0.707106781043809));
#2807=CARTESIAN_POINT('',(0.0642975722944351,0.00870110425033649,-0.0970653371697412));
#2808=DIRECTION('',(-0.926985466584361,9.97621201770259E-06,-0.375097246913185));
#2809=DIRECTION('',(0.375097246906114,-2.64147812303889E-06,-0.92698546663714));
#2810=CARTESIAN_POINT('',(0.0620469785743837,0.00770112009925847,-0.0915034256633562));
#2811=DIRECTION('',(1.02386147236979E-05,0.999999999946749,1.29343783326254E-06));
#2812=DIRECTION('',(-0.707106781282268,8.15439256525606E-06,-0.707106781043809));
#2813=DIRECTION('',(0.375097247254256,-5.03947427206229E-06,0.926985466486333));
#2814=DIRECTION('',(0.375097247254256,-5.03947427206229E-06,0.926985466486333));
#2815=CARTESIAN_POINT('',(0.0966002796442324,0.00870073173381759,-0.0647626298308375));
#2816=DIRECTION('',(0.375097247254256,-5.03947427204183E-06,0.926985466486332));
#2817=DIRECTION('',(-1.02386147219187E-05,-0.999999999946749,-1.29343783396044E-06));
#2818=DIRECTION('',(0.926985466584364,-9.97621201766603E-06,0.375097246913176));
#2819=DIRECTION('',(0.926985466584364,-9.97621201766603E-06,0.375097246913176));
#2820=CARTESIAN_POINT('',(0.0887877833641348,0.00870080161797877,-0.0569501335472993));
#2821=DIRECTION('',(0.926985466584364,-9.97621201764557E-06,0.375097246913176));
#2822=DIRECTION('',(-0.375097246906106,2.64147812303881E-06,0.926985466637143));
#2823=CARTESIAN_POINT('',(0.097038366845257,0.0087007243374217,-0.0625120463471222));
#2824=DIRECTION('',(-1.32390465615432E-11,-1.29343783319479E-06,0.999999999999164));
#2825=DIRECTION('',(0.999999999947585,-1.02386147237065E-05,-3.9650822978897E-15));
#2826=CARTESIAN_POINT('',(0.0910383566069567,0.00770078576916329,-0.06251204764056));
#2827=DIRECTION('',(1.02386147236979E-05,0.999999999946749,1.29343783326254E-06));
#2828=DIRECTION('',(0.707106781282269,-8.15439256525607E-06,0.707106781043808));
#2829=CARTESIAN_POINT('',(0.0966002796442324,0.00870073173381759,-0.0647626298308375));
#2830=DIRECTION('',(0.375097247254256,-5.03947427204183E-06,0.926985466486332));
#2831=DIRECTION('',(-1.02386147219187E-05,-0.999999999946749,-1.29343783396044E-06));
#2832=CARTESIAN_POINT('',(0.0910383668455714,0.00870078576911004,-0.0625120463471222));
#2833=DIRECTION('',(-1.02386147236979E-05,-0.999999999946749,-1.29343783326254E-06));
#2834=DIRECTION('',(0.707106781282269,-8.15439256525607E-06,0.707106781043808));
#2835=DIRECTION('',(-0.50000576600007,-0.707099541354992,0.500004472562239));
#2836=CARTESIAN_POINT('',(0.0765426286203829,0.00590019346069674,-0.077007805627741));
#2837=DIRECTION('',(8.15439256402642E-06,0.999999999946749,-6.32519523814005E-06));
#2838=DIRECTION('',(-0.707106781149483,1.02386147237065E-05,0.707106781149487));
#2839=DIRECTION('',(-0.499994233947513,0.707114020942795,0.499995527385349));
#2840=CARTESIAN_POINT('',(0.0765426237277474,0.00530019346072869,-0.0770078018326239));
#2841=DIRECTION('',(-8.15439256402641E-06,-0.999999999946749,6.32519523814005E-06));
#2842=DIRECTION('',(-0.707106781149483,1.02386147237065E-05,0.707106781149486));
#2843=CARTESIAN_POINT('',(0.0765425918249213,0.000300971042734578,-0.0910077462233863));
#2844=DIRECTION('',(-0.999999999947585,1.02386147236894E-05,1.32430116445065E-11));
#2845=DIRECTION('',(1.74402252450474E-23,1.29343783333034E-06,-0.999999999999164));
#2846=CARTESIAN_POINT('',(0.0765425918249213,0.000300952934604911,-0.077007746223398));
#2847=DIRECTION('',(-1.02386147236979E-05,-0.999999999946749,-1.29343783326254E-06));
#2848=DIRECTION('',(0.999999999947585,-1.02386147237065E-05,-4.34603349958153E-15));
#2849=CARTESIAN_POINT('',(0.0765425918249213,0.000300952934604911,-0.077007746223398));
#2850=DIRECTION('',(-1.02386147236979E-05,-0.999999999946749,-1.29343783326254E-06));
#2851=DIRECTION('',(0.999999999947585,-1.02386147237065E-05,-4.34603349958153E-15));
#2852=CARTESIAN_POINT('',(0.0765425918249213,0.000300934826475244,-0.0630077462234097));
#2853=DIRECTION('',(-0.999999999947585,1.02386147236894E-05,1.32430116445065E-11));
#2854=DIRECTION('',(-1.74402252450474E-23,-1.29343783333034E-06,0.999999999999164));
#2855=CARTESIAN_POINT('',(0.0765425815863065,-0.000699047065341839,-0.0770077475168358));
#2856=DIRECTION('',(1.02386147236979E-05,0.999999999946749,1.29343783326254E-06));
#2857=DIRECTION('',(0.999999999947585,-1.02386147237065E-05,-4.34603349958045E-15));
#2858=DIRECTION('',(-8.15439256402641E-06,-0.999999999946749,6.32519523814005E-06));
#2859=CARTESIAN_POINT('',(0.0765426661367818,0.0105009529345017,-0.0770078347284429));
#2860=DIRECTION('',(1.02386147236979E-05,0.999999999946749,1.29343783326254E-06));
#2861=DIRECTION('',(-0.263872939815965,3.94928846334817E-06,-0.964557448583174));
#2862=DIRECTION('',(8.15439256402641E-06,0.999999999946749,-6.32519523814005E-06));
#2863=CARTESIAN_POINT('',(0.0765426286203829,0.00590019346069674,-0.077007805627741));
#2864=DIRECTION('',(8.15439256402642E-06,0.999999999946749,-6.32519523814005E-06));
#2865=DIRECTION('',(-0.707106781149483,1.02386147237065E-05,0.707106781149487));
#2866=DIRECTION('',(-1.02386147236979E-05,-0.999999999946749,-1.29343783326254E-06));
#2867=CARTESIAN_POINT('',(0.0765426675906702,0.00770095293421088,-0.077007736651958));
#2868=DIRECTION('',(-1.02386147236979E-05,-0.999999999946749,-1.29343783326254E-06));
#2869=DIRECTION('',(0.999999999947585,-1.02386147237065E-05,-3.55271367861291E-15));
#2870=DIRECTION('',(-1.02386147236979E-05,-0.999999999946749,-1.29343783326254E-06));
#2871=CARTESIAN_POINT('',(0.0765426962587914,0.0105009529340618,-0.0770077330303321));
#2872=DIRECTION('',(-1.02386147236979E-05,-0.999999999946749,-1.29343783326254E-06));
#2873=DIRECTION('',(0.999999999947585,-1.02386147237065E-05,-3.55271367861291E-15));
#2874=DIRECTION('',(-1.02386147236979E-05,-0.999999999946749,-1.29343783326254E-06));
#2875=CARTESIAN_POINT('',(0.0765426675906702,0.00770095293421088,-0.077007736651958));
#2876=DIRECTION('',(-1.02386147236979E-05,-0.999999999946749,-1.29343783326254E-06));
#2877=DIRECTION('',(0.999999999947585,-1.02386147237065E-05,-3.55271367861291E-15));
#2878=DIRECTION('',(1.02386147236979E-05,0.999999999946749,1.29343783326254E-06));
#2879=CARTESIAN_POINT('',(0.0765425918249213,0.000300952934604911,-0.077007746223398));
#2880=DIRECTION('',(-1.02386147236979E-05,-0.999999999946749,-1.29343783326254E-06));
#2881=DIRECTION('',(0.999999999947585,-1.02386147237065E-05,-4.34603349958153E-15));
#2882=DIRECTION('',(1.02386147236979E-05,0.999999999946749,1.29343783326254E-06));
#2883=CARTESIAN_POINT('',(0.0620469888129984,0.00870112009920521,-0.0915034243699184));
#2884=DIRECTION('',(-1.02386147236979E-05,-0.999999999946749,-1.29343783326254E-06));
#2885=DIRECTION('',(-0.707106781282268,8.15439256525606E-06,-0.707106781043809));
#2886=DIRECTION('',(1.02386147236979E-05,0.999999999946749,1.29343783326254E-06));
#2887=CARTESIAN_POINT('',(0.0620470072425049,0.0105011200991094,-0.0915034220417303));
#2888=DIRECTION('',(1.02386147236979E-05,0.999999999946749,1.29343783326254E-06));
#2889=DIRECTION('',(-0.707106781282268,8.15439256525607E-06,-0.707106781043808));
#2890=DIRECTION('',(1.02386147236979E-05,0.999999999946749,1.29343783326254E-06));
#2891=CARTESIAN_POINT('',(0.0910383668455714,0.00870078576911004,-0.0625120463471222));
#2892=DIRECTION('',(-1.02386147236979E-05,-0.999999999946749,-1.29343783326254E-06));
#2893=DIRECTION('',(0.707106781282269,-8.15439256525607E-06,0.707106781043808));
#2894=DIRECTION('',(1.02386147236979E-05,0.999999999946749,1.29343783326254E-06));
#2895=CARTESIAN_POINT('',(0.0910383852750779,0.0105007857690142,-0.0625120440189341));
#2896=DIRECTION('',(1.02386147236979E-05,0.999999999946749,1.29343783326254E-06));
#2897=DIRECTION('',(0.707106781282268,-8.15439256525607E-06,0.707106781043808));
#2898=DIRECTION('',(-1.02386147236979E-05,0.999999999946749,-1.29343783326251E-06));
#2899=CARTESIAN_POINT('',(0.0911842386952342,0.00770078408549908,-0.0623651262292914));
#2900=DIRECTION('',(1.02386147236979E-05,0.999999999946749,1.29343783326254E-06));
#2901=DIRECTION('',(0.999999999947585,-1.02386147237407E-05,2.6482468994204E-11));
#2902=DIRECTION('',(1.02386147236979E-05,-0.999999999946749,1.29343783326251E-06));
#2903=DIRECTION('',(-1.02386147236979E-05,0.999999999946749,-1.29343783326251E-06));
#2904=CARTESIAN_POINT('',(0.0618999674370937,0.00770112179325432,-0.0916493974719165));
#2905=DIRECTION('',(1.02386147236979E-05,0.999999999946749,1.29343783326254E-06));
#2906=DIRECTION('',(0.999999999947585,-1.02386147237407E-05,2.6482468994204E-11));
#2907=DIRECTION('',(1.02386147236979E-05,-0.999999999946749,1.29343783326251E-06));
#2908=DIRECTION('',(-1.02386147253276E-05,-0.999999999946749,-1.29343783474628E-06));
#2909=CARTESIAN_POINT('',(0.0728656696497132,0.00450022556705454,-0.0806847238529068));
#2910=DIRECTION('',(-0.499994234067225,0.707107695747499,-0.500004472494188));
#2911=DIRECTION('',(-0.500001852719406,-0.707105866596123,-0.499999440702195));
#2912=DIRECTION('',(2.58646383358278E-06,0.999999999996368,-7.57266501916664E-07));
#2913=CARTESIAN_POINT('',(0.0728656297269831,0.000600993965372011,-0.0806847288963205));
#2914=DIRECTION('',(0.49999447552222,-0.707110121477005,0.500000800551395));
#2915=DIRECTION('',(-0.500005524632686,-0.707103440852021,-0.499999199271385));
#2916=DIRECTION('',(1.02386147253276E-05,0.999999999946749,1.29343783474628E-06));
#2917=CARTESIAN_POINT('',(0.0815653992872842,0.000600903257122257,-0.0783536326695993));
#2918=DIRECTION('',(-0.683019927499398,-0.707100039382476,0.183011783620667));
#2919=DIRECTION('',(-0.683005476158737,0.707113522915589,0.183013620386794));
#2920=DIRECTION('',(-1.02386147253276E-05,-0.999999999946749,-1.29343783474628E-06));
#2921=CARTESIAN_POINT('',(0.0815654392101062,0.00450014383707775,-0.078353627626174));
#2922=DIRECTION('',(0.68301846785544,0.707100054004182,-0.183017174592141));
#2923=DIRECTION('',(-0.683004044719285,0.707113508294162,0.18301901891612));
#2924=DIRECTION('',(1.02386147253276E-05,0.999999999946749,1.29343783474628E-06));
#2925=CARTESIAN_POINT('',(0.0802195402520951,0.000600911904071213,-0.0733308183729765));
#2926=DIRECTION('',(-0.500005524632682,-0.707103440852026,-0.499999199271381));
#2927=DIRECTION('',(-0.499994475522223,0.707110121477,-0.500000800551398));
#2928=DIRECTION('',(-8.18840993851629E-06,-0.999999999946255,6.35921261817206E-06));
#2929=CARTESIAN_POINT('',(0.080219580175008,0.00450016135465753,-0.0733308133295398));
#2930=DIRECTION('',(0.500005766119709,0.707105866550274,0.499995527317224));
#2931=DIRECTION('',(-0.499998147505894,0.707107695793348,-0.500000559040183));
#2932=DIRECTION('',(-1.02386147253276E-05,-0.999999999946749,-1.29343783474628E-06));
#2933=CARTESIAN_POINT('',(0.0715198106176297,0.00450024308469567,-0.0756619095554676));
#2934=DIRECTION('',(-0.683006935802978,0.707113508293621,0.183008229415276));
#2935=DIRECTION('',(-0.683021358853704,-0.707100054004724,0.183006385069362));
#2936=DIRECTION('',(1.02386147253276E-05,0.999999999946749,1.29343783474628E-06));
#2937=CARTESIAN_POINT('',(0.0715197706948088,0.000601002612330424,-0.0756619145988928));
#2938=DIRECTION('',(0.683005476158733,-0.707113522915594,-0.183013620386791));
#2939=DIRECTION('',(-0.683019927499403,-0.707100039382472,0.183011783620666));
#2940=DIRECTION('',(-0.258819045306586,-3.99915733817841E-06,-0.96592582622611));
#2941=DIRECTION('',(8.15439256402641E-06,0.999999999946749,-6.32519523814005E-06));
#2942=DIRECTION('',(0.258819045234105,-3.89931349530687E-06,0.96592582624594));
#2943=CARTESIAN_POINT('',(0.0715197706948088,0.000601002612330424,-0.0756619145988928));
#2944=DIRECTION('',(0.683005476158733,-0.707113522915594,-0.183013620386791));
#2945=DIRECTION('',(-0.683019927499403,-0.707100039382472,0.183011783620666));
#2946=DIRECTION('',(-1.02386147253276E-05,-0.999999999946749,-1.29343783474628E-06));
#2947=CARTESIAN_POINT('',(0.0715198106176297,0.00450024308469567,-0.0756619095554676));
#2948=DIRECTION('',(-0.683006935802978,0.707113508293621,0.183008229415276));
#2949=DIRECTION('',(-0.683021358853704,-0.707100054004724,0.183006385069362));
#2950=DIRECTION('',(0.258819045234105,-3.89931349530687E-06,0.96592582624594));
#2951=DIRECTION('',(8.15439256402641E-06,0.999999999946749,-6.32519523814005E-06));
#2952=DIRECTION('',(-0.258819045306586,-3.99915733817841E-06,-0.96592582622611));
#2953=DIRECTION('',(0.534526786821903,0.65464762146796,-0.534525589542909));
#2954=DIRECTION('',(-0.258819045234105,3.89931349530687E-06,-0.96592582624594));
#2955=DIRECTION('',(0.730178070060425,0.654647232703556,0.195645052879976));
#2956=DIRECTION('',(8.20018282979408E-06,0.999999999946452,-6.31292576489837E-06));
#2957=DIRECTION('',(-0.965925826313939,6.2394573852681E-06,-0.258819044934494));
#2958=DIRECTION('',(8.15439256402641E-06,0.999999999946749,-6.32519523814005E-06));
#2959=DIRECTION('',(0.965925826273774,-1.02245087321483E-05,0.258819044957645));
#2960=DIRECTION('',(-1.58071303344011E-05,-0.999999999865931,4.27465032384709E-06));
#2961=CARTESIAN_POINT('',(0.0751967658789312,0.00450021097843201,-0.0719849542927246));
#2962=DIRECTION('',(-0.18300693570947,0.707112593695017,0.683008229320947));
#2963=DIRECTION('',(-0.183023911477634,-0.707100968556376,0.683015715847053));
#2964=CARTESIAN_POINT('',(0.0751967259560189,0.000600961581640408,-0.0719849593361613));
#2965=DIRECTION('',(0.183004837933202,-0.707110182595479,-0.683011287580835));
#2966=DIRECTION('',(-0.183020565594064,-0.707103379687332,0.683014116255573));
#2967=DIRECTION('',(0.965925826273774,-1.02245087321483E-05,0.258819044957645));
#2968=DIRECTION('',(-0.965925826313939,6.2394573852681E-06,-0.258819044934494));
#2969=DIRECTION('',(-0.1956427050574,0.654654059416527,-0.730172578536941));
#2970=DIRECTION('',(-0.965925826273774,1.02245087321483E-05,-0.258819044957645));
#2971=DIRECTION('',(2.58596427781267E-06,0.99999999999637,-7.56766950350382E-07));
#2972=DIRECTION('',(-0.707106781007353,1.02386147234465E-05,0.707106781291616));
#2973=DIRECTION('',(8.15439256402641E-06,0.999999999946749,-6.32519523814005E-06));
#2974=DIRECTION('',(0.70710678103385,-6.32519523675256E-06,-0.707106781310955));
#2975=CARTESIAN_POINT('',(0.080219580175008,0.00450016135465753,-0.0733308133295398));
#2976=DIRECTION('',(0.500005766119709,0.707105866550274,0.499995527317224));
#2977=DIRECTION('',(-0.499998147505894,0.707107695793348,-0.500000559040183));
#2978=CARTESIAN_POINT('',(0.0802195402520951,0.000600911904071213,-0.0733308183729765));
#2979=DIRECTION('',(-0.500005524632682,-0.707103440852026,-0.499999199271381));
#2980=DIRECTION('',(-0.499994475522223,0.707110121477,-0.500000800551398));
#2981=DIRECTION('',(0.70710678103385,-6.32519523675256E-06,-0.707106781310955));
#2982=DIRECTION('',(-0.707106781007353,1.02386147234465E-05,0.707106781291616));
#2983=DIRECTION('',(-0.730164513528876,0.654660108637222,-0.195652562830749));
#2984=DIRECTION('',(-0.70710678103385,6.32519523675256E-06,0.707106781310955));
#2985=DIRECTION('',(1.02386147253276E-05,0.999999999946749,1.29343783474628E-06));
#2986=DIRECTION('',(0.258819045306586,3.99915733817841E-06,0.96592582622611));
#2987=DIRECTION('',(-8.15439256402641E-06,-0.999999999946749,6.32519523814005E-06));
#2988=DIRECTION('',(-0.258819045234105,3.89931349530687E-06,-0.96592582624594));
#2989=CARTESIAN_POINT('',(0.0815654392101062,0.00450014383707775,-0.078353627626174));
#2990=DIRECTION('',(0.68301846785544,0.707100054004182,-0.183017174592141));
#2991=DIRECTION('',(-0.683004044719285,0.707113508294162,0.18301901891612));
#2992=CARTESIAN_POINT('',(0.0815653992872842,0.000600903257122257,-0.0783536326695993));
#2993=DIRECTION('',(-0.683019927499398,-0.707100039382476,0.183011783620667));
#2994=DIRECTION('',(-0.683005476158737,0.707113522915589,0.183013620386794));
#2995=DIRECTION('',(-0.258819045234105,3.89931349530687E-06,-0.96592582624594));
#2996=DIRECTION('',(0.258819045306586,3.99915733817841E-06,0.96592582622611));
#2997=DIRECTION('',(0.534518180571506,-0.654659719921769,-0.53451937827405));
#2998=DIRECTION('',(0.258819045234105,-3.89931349530687E-06,0.96592582624594));
#2999=DIRECTION('',(0.707106781007353,-1.02386147234465E-05,-0.707106781291616));
#3000=DIRECTION('',(-0.70710678103385,6.32519523675256E-06,0.707106781310955));
#3001=CARTESIAN_POINT('',(0.0728656297269831,0.000600993965372011,-0.0806847288963205));
#3002=DIRECTION('',(0.49999447552222,-0.707110121477005,0.500000800551395));
#3003=DIRECTION('',(-0.500005524632686,-0.707103440852021,-0.499999199271385));
#3004=DIRECTION('',(-8.18791037960943E-06,-0.999999999946262,6.35871304794332E-06));
#3005=CARTESIAN_POINT('',(0.0728656696497132,0.00450022556705454,-0.0806847238529068));
#3006=DIRECTION('',(-0.499994234067225,0.707107695747499,-0.500004472494188));
#3007=DIRECTION('',(-0.500001852719406,-0.707105866596123,-0.499999440702195));
#3008=DIRECTION('',(-0.70710678103385,6.32519523675256E-06,0.707106781310955));
#3009=DIRECTION('',(8.15439256402641E-06,0.999999999946749,-6.32519523814005E-06));
#3010=DIRECTION('',(0.707106781007353,-1.02386147234465E-05,-0.707106781291616));
#3011=DIRECTION('',(0.70710678103385,-6.32519523675256E-06,-0.707106781310955));
#3012=DIRECTION('',(0.195654911139962,0.654653281936671,0.730170004996343));
#3013=DIRECTION('',(8.20085702693711E-06,0.999999999946448,-6.31274511593337E-06));
#3014=DIRECTION('',(0.965925826313939,-6.2394573852681E-06,0.258819044934494));
#3015=DIRECTION('',(-0.965925826273774,1.02245087321483E-05,-0.258819044957645));
#3016=DIRECTION('',(-1.58064561362011E-05,-0.999999999865941,4.27483098115323E-06));
#3017=CARTESIAN_POINT('',(0.0778884839463355,0.00450017594321107,-0.0820305828867767));
#3018=DIRECTION('',(0.18301846776204,0.70710096860276,-0.683017174497885));
#3019=DIRECTION('',(-0.183001492062307,0.707112593648634,0.683009687930172));
#3020=CARTESIAN_POINT('',(0.0778884440236049,0.000600944287733045,-0.0820305879301905));
#3021=DIRECTION('',(-0.183020565594064,-0.707103379687324,0.683014116255582));
#3022=DIRECTION('',(-0.183004837933198,0.707110182595487,0.683011287580828));
#3023=DIRECTION('',(-0.965925826273774,1.02245087321483E-05,-0.258819044957645));
#3024=DIRECTION('',(0.965925826313939,-6.2394573852681E-06,0.258819044934494));
#3025=DIRECTION('',(0.965925826273774,-1.02245087321483E-05,0.258819044957645));
#3026=DIRECTION('',(0.534517145386488,-0.654661410338338,-0.534518343091889));
#3027=DIRECTION('',(-0.965925826313939,6.2394573852681E-06,-0.258819044934494));
#3028=DIRECTION('',(0.195654146431072,0.654656693751954,0.730167150938803));
#3029=DIRECTION('',(-0.730165953514527,0.654658387259507,-0.195652948659106));
#3030=DIRECTION('',(-0.258819045306586,-3.99915733817841E-06,-0.96592582622611));
#3031=CARTESIAN_POINT('',(0.0765425815863065,-0.000699047065341839,-0.0770077475168358));
#3032=DIRECTION('',(1.02386147236979E-05,0.999999999946749,1.29343783326254E-06));
#3033=DIRECTION('',(0.999999999947585,-1.02386147237065E-05,-4.34603349958045E-15));
#3034=CARTESIAN_POINT('',(0.0765425815863065,-0.000699047065341839,-0.0770077475168358));
#3035=DIRECTION('',(1.02386147236979E-05,0.999999999946749,1.29343783326254E-06));
#3036=DIRECTION('',(0.999999999947585,-1.02386147237065E-05,-4.34603349958045E-15));
#3037=DIRECTION('',(-0.707106781007353,1.02386147234465E-05,0.707106781291616));
#3038=DIRECTION('',(0.730176630120489,0.654648954086724,0.195644667034512));
#3039=DIRECTION('',(0.258819045306586,3.99915733817841E-06,0.96592582622611));
#3040=DIRECTION('',(0.534527821992328,0.654645931007891,-0.534526624716627));
#3041=DIRECTION('',(0.965925826313939,-6.2394573852681E-06,0.258819044934494));
#3042=DIRECTION('',(-0.195643469825139,0.65465064759429,-0.730175432563405));
#3043=DIRECTION('',(0.707106781007353,-1.02386147234465E-05,-0.707106781291616));
#3044=CARTESIAN_POINT('',(0.0765426237277474,0.00530019346072869,-0.0770078018326239));
#3045=DIRECTION('',(-8.15439256402641E-06,-0.999999999946749,6.32519523814005E-06));
#3046=DIRECTION('',(-0.707106781149483,1.02386147237065E-05,0.707106781149486));
#3047=CARTESIAN_POINT('',(0.0765426661367818,0.0105009529345017,-0.0770078347284429));
#3048=DIRECTION('',(1.02386147236979E-05,0.999999999946749,1.29343783326254E-06));
#3049=DIRECTION('',(-0.263872939815965,3.94928846334817E-06,-0.964557448583174));
#3050=CARTESIAN_POINT('',(0.0765426661367818,0.0105009529345017,-0.0770078347284429));
#3051=DIRECTION('',(1.02386147236979E-05,0.999999999946749,1.29343783326254E-06));
#3052=DIRECTION('',(-0.263872939815965,3.94928846334817E-06,-0.964557448583174));
#3053=CARTESIAN_POINT('',(0.0765426962587914,0.0105009529340618,-0.0770077330303321));
#3054=DIRECTION('',(-1.02386147236979E-05,-0.999999999946749,-1.29343783326254E-06));
#3055=DIRECTION('',(0.999999999947585,-1.02386147237065E-05,-3.55271367861291E-15));
#3056=DIRECTION('',(-0.926985466584361,9.97621201766601E-06,-0.375097246913184));
#3057=CARTESIAN_POINT('',(0.0620470072425049,0.0105011200991094,-0.0915034220417303));
#3058=DIRECTION('',(1.02386147236979E-05,0.999999999946749,1.29343783326254E-06));
#3059=DIRECTION('',(-0.707106781282268,8.15439256525607E-06,-0.707106781043808));
#3060=DIRECTION('',(0.375097247254253,-5.03947427206227E-06,0.926985466486334));
#3061=DIRECTION('',(0.926985466584364,-9.97621201766603E-06,0.375097246913176));
#3062=CARTESIAN_POINT('',(0.0910383852750779,0.0105007857690142,-0.0625120440189341));
#3063=DIRECTION('',(1.02386147236979E-05,0.999999999946749,1.29343783326254E-06));
#3064=DIRECTION('',(0.707106781282268,-8.15439256525607E-06,0.707106781043808));
#3065=DIRECTION('',(-0.375097247254256,5.03947427206229E-06,-0.926985466486333));
#3066=CARTESIAN_POINT('',(0.0618999674370937,0.00770112179325432,-0.0916493974719165));
#3067=DIRECTION('',(1.02386147236979E-05,0.999999999946749,1.29343783326254E-06));
#3068=DIRECTION('',(0.999999999947585,-1.02386147237407E-05,2.6482468994204E-11));
#3069=CARTESIAN_POINT('',(0.0911842386952342,0.00770078408549908,-0.0623651262292914));
#3070=DIRECTION('',(1.02386147236979E-05,0.999999999946749,1.29343783326254E-06));
#3071=DIRECTION('',(0.999999999947585,-1.02386147237407E-05,2.6482468994204E-11));
#3072=DIRECTION('',(-1.02386147236979E-05,-0.999999999946749,-1.29343783326254E-06));
#3073=DIRECTION('',(1.02386147236979E-05,0.999999999946749,1.29343783326254E-06));
#3074=CARTESIAN_POINT('',(0.0910383668455714,0.00870078576911004,-0.0625120463471222));
#3075=DIRECTION('',(-1.02386147236979E-05,-0.999999999946749,-1.29343783326254E-06));
#3076=DIRECTION('',(0.707106781282269,-8.15439256525607E-06,0.707106781043808));
#3077=DIRECTION('',(-0.926985466584364,9.97621201766603E-06,-0.375097246913176));
#3078=DIRECTION('',(1.02386147236979E-05,0.999999999946749,1.29343783326254E-06));
#3079=DIRECTION('',(0.926985466584361,-9.976212017666E-06,0.375097246913184));
#3080=DIRECTION('',(-1.02386147236979E-05,-0.999999999946749,-1.29343783326254E-06));
#3081=CARTESIAN_POINT('',(0.0765425918249213,0.000300952934604911,-0.077007746223398));
#3082=DIRECTION('',(-1.02386147236979E-05,-0.999999999946749,-1.29343783326254E-06));
#3083=DIRECTION('',(0.999999999947585,-1.02386147237065E-05,-4.34603349958153E-15));
#3084=CARTESIAN_POINT('',(0.0765426675906702,0.00770095293421088,-0.077007736651958));
#3085=DIRECTION('',(-1.02386147236979E-05,-0.999999999946749,-1.29343783326254E-06));
#3086=DIRECTION('',(0.999999999947585,-1.02386147237065E-05,-3.55271367861291E-15));
#3087=CARTESIAN_POINT('',(0.0765426675906702,0.00770095293421088,-0.077007736651958));
#3088=DIRECTION('',(-1.02386147236979E-05,-0.999999999946749,-1.29343783326254E-06));
#3089=DIRECTION('',(0.999999999947585,-1.02386147237065E-05,-3.55271367861291E-15));
#3090=DIRECTION('',(-0.375097247254256,5.03947427206229E-06,-0.926985466486333));
#3091=CARTESIAN_POINT('',(0.0910383566069567,0.00770078576916329,-0.06251204764056));
#3092=DIRECTION('',(1.02386147236979E-05,0.999999999946749,1.29343783326254E-06));
#3093=DIRECTION('',(0.707106781282269,-8.15439256525607E-06,0.707106781043808));
#3094=CARTESIAN_POINT('',(0.0887877833641348,0.00870080161797877,-0.0569501335472993));
#3095=DIRECTION('',(0.926985466584364,-9.97621201764557E-06,0.375097246913176));
#3096=DIRECTION('',(-0.375097246906106,2.64147812303881E-06,0.926985466637143));
#3097=DIRECTION('',(0.375097247254253,-5.03947427206227E-06,0.926985466486334));
#3098=CARTESIAN_POINT('',(0.0620469785743837,0.00770112009925847,-0.0915034256633562));
#3099=DIRECTION('',(1.02386147236979E-05,0.999999999946749,1.29343783326254E-06));
#3100=DIRECTION('',(-0.707106781282268,8.15439256525606E-06,-0.707106781043809));
#3101=CARTESIAN_POINT('',(0.0564850760143375,0.00870117413449767,-0.0892528408862031));
#3102=DIRECTION('',(-0.375097247254253,5.03947427209885E-06,-0.926985466486334));
#3103=DIRECTION('',(-1.02386147219401E-05,-0.999999999946749,-1.29343783401331E-06));
#3104=PRESENTATION_LAYER_ASSIGNMENT('9','Layer0',(#25));
ENDSEC;
END-ISO-10303-21;
