ISO-10303-21;
HEADER;
FILE_DESCRIPTION(('STEP AP214'),'1');
FILE_NAME('Rear_foot_supp_M8.stp','2026-07-17T20:45:04',(' '),(' '),'Spatial InterOp 3D',' ',' ');
FILE_SCHEMA(('AUTOMOTIVE_DESIGN { 1 0 10303 214 1 1 1 1 }'));
ENDSEC;
DATA;
#1=MECHANICAL_DESIGN_GEOMETRIC_PRESENTATION_REPRESENTATION(' ',(#10),#6);
#2=PRODUCT_DEFINITION_CONTEXT('',#11,'design');
#3=APPLICATION_PROTOCOL_DEFINITION('INTERNATIONAL STANDARD','automotive_design',1994,#11);
#4=PRODUCT_CATEGORY_RELATIONSHIP('NONE','NONE',#12,#13);
#5=SHAPE_DEFINITION_REPRESENTATION(#14,#15);
#6= (GEOMETRIC_REPRESENTATION_CONTEXT(3)GLOBAL_UNCERTAINTY_ASSIGNED_CONTEXT((#18))GLOBAL_UNIT_ASSIGNED_CONTEXT((#20,#21,#22))REPRESENTATION_CONTEXT('NONE','WORKSPACE'));
#10=STYLED_ITEM('',(#24),#25);
#11=APPLICATION_CONTEXT(' ');
#12=PRODUCT_CATEGORY('part','NONE');
#13=PRODUCT_RELATED_PRODUCT_CATEGORY('detail',' ',(#26));
#14=PRODUCT_DEFINITION_SHAPE('NONE','NONE',#27);
#15=ADVANCED_BREP_SHAPE_REPRESENTATION('Rear_foot_supp_M8',(#25,#28),#6);
#18=UNCERTAINTY_MEASURE_WITH_UNIT(LENGTH_MEASURE(1.0E-08),#20,'','');
#20= (CONVERSION_BASED_UNIT('METRE',#31)LENGTH_UNIT()NAMED_UNIT(#34));
#21= (NAMED_UNIT(#36)PLANE_ANGLE_UNIT()SI_UNIT($,.RADIAN.));
#22= (NAMED_UNIT(#36)SOLID_ANGLE_UNIT()SI_UNIT($,.STERADIAN.));
#24=PRESENTATION_STYLE_ASSIGNMENT((#42));
#25=MANIFOLD_SOLID_BREP('Rear_foot_supp_M8',#43);
#26=PRODUCT('Rear_foot_supp_M8','','PART--DESC',(#44));
#27=PRODUCT_DEFINITION('','NONE',#45,#2);
#28=AXIS2_PLACEMENT_3D('',#46,#47,#48);
#31=LENGTH_MEASURE_WITH_UNIT(LENGTH_MEASURE(1.0),#49);
#34=DIMENSIONAL_EXPONENTS(1.0,0.0,0.0,0.0,0.0,0.0,0.0);
#36=DIMENSIONAL_EXPONENTS(0.0,0.0,0.0,0.0,0.0,0.0,0.0);
#42=SURFACE_STYLE_USAGE(.BOTH.,#50);
#43=CLOSED_SHELL('',(#51,#52,#53,#54,#55,#56,#57,#58,#59,#60,#61,#62,#63,#64,#65,#66,#67,#68,#69,#70,#71,#72,#73,#74,#75,#76,#77,#78,#79,#80,#81,#82,#83,#84,#85,#86,#87,#88,#89,#90,#91,#92,#93,#94,#95,#96,#97,#98,#99,#100,#101,#102,#103,#104,#105,#106,#107,#108,#109,#110,#111,#112,#113,#114,#115,#116,#117,#118,#119,#120,#121,#122,#123,#124,#125));
#44=PRODUCT_CONTEXT('',#11,'mechanical');
#45=PRODUCT_DEFINITION_FORMATION_WITH_SPECIFIED_SOURCE(' ','NONE',#26,.NOT_KNOWN.);
#46=CARTESIAN_POINT('',(0.0,0.0,0.0));
#47=DIRECTION('',(0.0,0.0,1.0));
#48=DIRECTION('',(1.0,0.0,0.0));
#49= (NAMED_UNIT(#34)LENGTH_UNIT()SI_UNIT($,.METRE.));
#50=SURFACE_SIDE_STYLE('',(#127));
#51=ADVANCED_FACE('1:7195',(#128),#129,.T.);
#52=ADVANCED_FACE('1:7186',(#130),#131,.T.);
#53=ADVANCED_FACE('1:7348',(#132),#133,.T.);
#54=ADVANCED_FACE('1:7345',(#134),#135,.T.);
#55=ADVANCED_FACE('1:7342',(#136),#137,.T.);
#56=ADVANCED_FACE('1:7336',(#138),#139,.T.);
#57=ADVANCED_FACE('1:7333',(#140),#141,.T.);
#58=ADVANCED_FACE('1:7330',(#142),#143,.T.);
#59=ADVANCED_FACE('1:7324',(#144),#145,.F.);
#60=ADVANCED_FACE('1:7318',(#146),#147,.T.);
#61=ADVANCED_FACE('1:7288',(#148),#149,.T.);
#62=ADVANCED_FACE('1:7264',(#150),#151,.T.);
#63=ADVANCED_FACE('1:7252',(#152),#153,.T.);
#64=ADVANCED_FACE('1:7228',(#154),#155,.T.);
#65=ADVANCED_FACE('1:7222',(#156),#157,.F.);
#66=ADVANCED_FACE('1:7219',(#158),#159,.T.);
#67=ADVANCED_FACE('1:7213',(#160),#161,.T.);
#68=ADVANCED_FACE('1:7204',(#162),#163,.T.);
#69=ADVANCED_FACE('1:7198',(#164),#165,.F.);
#70=ADVANCED_FACE('1:7192',(#166),#167,.F.);
#71=ADVANCED_FACE('1:7186',(#168),#169,.T.);
#72=ADVANCED_FACE('1:7189',(#170,#171,#172,#173),#174,.T.);
#73=ADVANCED_FACE('1:7192',(#175),#176,.F.);
#74=ADVANCED_FACE('1:7195',(#177),#178,.T.);
#75=ADVANCED_FACE('1:7198',(#179),#180,.F.);
#76=ADVANCED_FACE('1:7201',(#181),#182,.T.);
#77=ADVANCED_FACE('1:7204',(#183),#184,.T.);
#78=ADVANCED_FACE('1:7207',(#185),#186,.T.);
#79=ADVANCED_FACE('1:7210',(#187),#188,.T.);
#80=ADVANCED_FACE('1:7213',(#189),#190,.T.);
#81=ADVANCED_FACE('1:7216',(#191),#192,.T.);
#82=ADVANCED_FACE('1:7219',(#193),#194,.T.);
#83=ADVANCED_FACE('1:7222',(#195),#196,.F.);
#84=ADVANCED_FACE('1:7225',(#197),#198,.T.);
#85=ADVANCED_FACE('1:7228',(#199),#200,.T.);
#86=ADVANCED_FACE('1:7231',(#201),#202,.T.);
#87=ADVANCED_FACE('1:7234',(#203),#204,.T.);
#88=ADVANCED_FACE('1:7237',(#205),#206,.T.);
#89=ADVANCED_FACE('1:7240',(#207),#208,.T.);
#90=ADVANCED_FACE('1:7243',(#209),#210,.T.);
#91=ADVANCED_FACE('1:7246',(#211),#212,.T.);
#92=ADVANCED_FACE('1:7249',(#213),#214,.T.);
#93=ADVANCED_FACE('1:7252',(#215),#216,.T.);
#94=ADVANCED_FACE('1:7255',(#217),#218,.T.);
#95=ADVANCED_FACE('1:7258',(#219),#220,.T.);
#96=ADVANCED_FACE('1:7261',(#221),#222,.T.);
#97=ADVANCED_FACE('1:7264',(#223),#224,.T.);
#98=ADVANCED_FACE('1:7267',(#225),#226,.T.);
#99=ADVANCED_FACE('1:7270',(#227),#228,.T.);
#100=ADVANCED_FACE('1:7273',(#229),#230,.T.);
#101=ADVANCED_FACE('1:7276',(#231),#232,.T.);
#102=ADVANCED_FACE('1:7279',(#233),#234,.T.);
#103=ADVANCED_FACE('1:7282',(#235),#236,.T.);
#104=ADVANCED_FACE('1:7285',(#237),#238,.T.);
#105=ADVANCED_FACE('1:7288',(#239),#240,.T.);
#106=ADVANCED_FACE('1:7291',(#241),#242,.T.);
#107=ADVANCED_FACE('1:7294',(#243),#244,.T.);
#108=ADVANCED_FACE('1:7297',(#245),#246,.T.);
#109=ADVANCED_FACE('1:7300',(#247),#248,.T.);
#110=ADVANCED_FACE('1:7303',(#249,#250),#251,.T.);
#111=ADVANCED_FACE('1:7306',(#252),#253,.T.);
#112=ADVANCED_FACE('1:7309',(#254),#255,.T.);
#113=ADVANCED_FACE('1:7312',(#256),#257,.T.);
#114=ADVANCED_FACE('1:7315',(#258),#259,.T.);
#115=ADVANCED_FACE('1:7318',(#260),#261,.T.);
#116=ADVANCED_FACE('1:7321',(#262,#263),#264,.T.);
#117=ADVANCED_FACE('1:7324',(#265),#266,.F.);
#118=ADVANCED_FACE('1:7327',(#267,#268),#269,.F.);
#119=ADVANCED_FACE('1:7330',(#270),#271,.T.);
#120=ADVANCED_FACE('1:7333',(#272),#273,.T.);
#121=ADVANCED_FACE('1:7336',(#274),#275,.T.);
#122=ADVANCED_FACE('1:7339',(#276,#277),#278,.F.);
#123=ADVANCED_FACE('1:7342',(#279),#280,.T.);
#124=ADVANCED_FACE('1:7345',(#281),#282,.T.);
#125=ADVANCED_FACE('1:7348',(#283),#284,.T.);
#127=SURFACE_STYLE_FILL_AREA(#285);
#128=FACE_OUTER_BOUND('',#286,.T.);
#129=B_SPLINE_SURFACE_WITH_KNOTS('',3,3,((#287,#288,#289,#290),(#291,#292,#293,#294),(#295,#296,#297,#298),(#299,#300,#301,#302),(#303,#304,#305,#306),(#307,#308,#309,#310),(#311,#312,#313,#314),(#315,#316,#317,#318),(#319,#320,#321,#322),(#323,#324,#325,#326),(#327,#328,#329,#330),(#331,#332,#333,#334),(#335,#336,#337,#338),(#339,#340,#341,#342),(#343,#344,#345,#346),(#347,#348,#349,#350),(#351,#352,#353,#354),(#355,#356,#357,#358),(#359,#360,#361,#362),(#363,#364,#365,#366),(#367,#368,#369,#370),(#371,#372,#373,#374),(#375,#376,#377,#378),(#379,#380,#381,#382),(#383,#384,#385,#386),(#387,#388,#389,#390),(#391,#392,#393,#394),(#395,#396,#397,#398),(#399,#400,#401,#402),(#403,#404,#405,#406),(#407,#408,#409,#410),(#411,#412,#413,#414),(#415,#416,#417,#418),(#419,#420,#421,#422)),.UNSPECIFIED.,.T.,.F.,.F.,(4,2,2,2,2,2,2,2,2,2,2,2,2,2,2,2,4),(4,4),(-3.14159265358979,-2.92438810386804,-2.47871850638231,-2.03304890889506,-1.5873793116145,-1.14170983940161,-0.696116806863965,-0.299999999744375,0.0,0.299999999744375,0.696116806866076,1.14170983940687,1.58737931161322,2.033048908896,2.47871850638362,2.92438810386168,3.14159265358979),(0.0,1.0),.UNSPECIFIED.);
#130=FACE_OUTER_BOUND('',#423,.T.);
#131=B_SPLINE_SURFACE_WITH_KNOTS('',3,3,((#424,#425,#426,#427),(#428,#429,#430,#431),(#432,#433,#434,#435),(#436,#437,#438,#439),(#440,#441,#442,#443),(#444,#445,#446,#447),(#448,#449,#450,#451),(#452,#453,#454,#455),(#456,#457,#458,#459),(#460,#461,#462,#463),(#464,#465,#466,#467),(#468,#469,#470,#471),(#472,#473,#474,#475),(#476,#477,#478,#479),(#480,#481,#482,#483),(#484,#485,#486,#487),(#488,#489,#490,#491),(#492,#493,#494,#495),(#496,#497,#498,#499),(#500,#501,#502,#503),(#504,#505,#506,#507),(#508,#509,#510,#511),(#512,#513,#514,#515),(#516,#517,#518,#519),(#520,#521,#522,#523),(#524,#525,#526,#527),(#528,#529,#530,#531),(#532,#533,#534,#535),(#536,#537,#538,#539),(#540,#541,#542,#543),(#544,#545,#546,#547),(#548,#549,#550,#551),(#552,#553,#554,#555),(#556,#557,#558,#559)),.UNSPECIFIED.,.T.,.F.,.F.,(4,2,2,2,2,2,2,2,2,2,2,2,2,2,2,2,4),(4,4),(-3.14159265358979,-2.92438810386229,-2.47871850638931,-2.03304890889344,-1.58737931161229,-1.14170983940675,-0.696116806864287,-0.299999999744392,0.0,0.299999999744392,0.696116806864669,1.14170983941429,1.58737931161727,2.0330489089052,2.47871850639225,2.92438810387814,3.14159265358979),(0.0,1.0),.UNSPECIFIED.);
#132=FACE_OUTER_BOUND('',#560,.T.);
#133=CYLINDRICAL_SURFACE('',#561,0.001);
#134=FACE_OUTER_BOUND('',#562,.T.);
#135=CYLINDRICAL_SURFACE('',#563,0.001);
#136=FACE_OUTER_BOUND('',#564,.T.);
#137=TOROIDAL_SURFACE('',#565,0.006,0.001);
#138=FACE_OUTER_BOUND('',#566,.T.);
#139=CYLINDRICAL_SURFACE('',#567,0.001);
#140=FACE_OUTER_BOUND('',#568,.T.);
#141=CYLINDRICAL_SURFACE('',#569,0.001);
#142=FACE_OUTER_BOUND('',#570,.T.);
#143=TOROIDAL_SURFACE('',#571,0.006,0.001);
#144=FACE_OUTER_BOUND('',#572,.T.);
#145=CONICAL_SURFACE('',#573,0.0051,0.785398163397448);
#146=FACE_OUTER_BOUND('',#574,.T.);
#147=TOROIDAL_SURFACE('',#575,0.014,0.001);
#148=FACE_OUTER_BOUND('',#576,.T.);
#149=CYLINDRICAL_SURFACE('',#577,0.000400000000000001);
#150=FACE_OUTER_BOUND('',#578,.T.);
#151=CYLINDRICAL_SURFACE('',#579,0.000400000000000006);
#152=FACE_OUTER_BOUND('',#580,.T.);
#153=CYLINDRICAL_SURFACE('',#581,0.000400000000000006);
#154=FACE_OUTER_BOUND('',#582,.T.);
#155=CYLINDRICAL_SURFACE('',#583,0.000399999999999989);
#156=FACE_OUTER_BOUND('',#584,.T.);
#157=CYLINDRICAL_SURFACE('',#585,0.0045);
#158=FACE_OUTER_BOUND('',#586,.T.);
#159=CYLINDRICAL_SURFACE('',#587,0.015);
#160=FACE_OUTER_BOUND('',#588,.T.);
#161=CYLINDRICAL_SURFACE('',#589,0.007);
#162=FACE_OUTER_BOUND('',#590,.T.);
#163=CYLINDRICAL_SURFACE('',#591,0.007);
#164=FACE_OUTER_BOUND('',#592,.T.);
#165=CYLINDRICAL_SURFACE('',#593,0.002);
#166=FACE_OUTER_BOUND('',#594,.T.);
#167=CYLINDRICAL_SURFACE('',#595,0.002);
#168=FACE_OUTER_BOUND('',#596,.T.);
#169=B_SPLINE_SURFACE_WITH_KNOTS('',3,3,((#597,#598,#599,#600),(#601,#602,#603,#604),(#605,#606,#607,#608),(#609,#610,#611,#612),(#613,#614,#615,#616),(#617,#618,#619,#620),(#621,#622,#623,#624),(#625,#626,#627,#628),(#629,#630,#631,#632),(#633,#634,#635,#636),(#637,#638,#639,#640),(#641,#642,#643,#644),(#645,#646,#647,#648),(#649,#650,#651,#652),(#653,#654,#655,#656),(#657,#658,#659,#660),(#661,#662,#663,#664),(#665,#666,#667,#668),(#669,#670,#671,#672),(#673,#674,#675,#676),(#677,#678,#679,#680),(#681,#682,#683,#684),(#685,#686,#687,#688),(#689,#690,#691,#692),(#693,#694,#695,#696),(#697,#698,#699,#700),(#701,#702,#703,#704),(#705,#706,#707,#708),(#709,#710,#711,#712),(#713,#714,#715,#716),(#717,#718,#719,#720),(#721,#722,#723,#724),(#725,#726,#727,#728),(#729,#730,#731,#732)),.UNSPECIFIED.,.T.,.F.,.F.,(4,2,2,2,2,2,2,2,2,2,2,2,2,2,2,2,4),(4,4),(-3.14159265358979,-2.92438810386229,-2.47871850638931,-2.03304890889344,-1.58737931161229,-1.14170983940675,-0.696116806864287,-0.299999999744392,0.0,0.299999999744392,0.696116806864669,1.14170983941429,1.58737931161727,2.0330489089052,2.47871850639225,2.92438810387814,3.14159265358979),(0.0,1.0),.UNSPECIFIED.);
#170=FACE_BOUND('',#733,.T.);
#171=FACE_BOUND('',#734,.T.);
#172=FACE_OUTER_BOUND('',#735,.T.);
#173=FACE_BOUND('',#736,.T.);
#174=PLANE('',#737);
#175=FACE_OUTER_BOUND('',#738,.T.);
#176=CYLINDRICAL_SURFACE('',#739,0.002);
#177=FACE_OUTER_BOUND('',#740,.T.);
#178=B_SPLINE_SURFACE_WITH_KNOTS('',3,3,((#741,#742,#743,#744),(#745,#746,#747,#748),(#749,#750,#751,#752),(#753,#754,#755,#756),(#757,#758,#759,#760),(#761,#762,#763,#764),(#765,#766,#767,#768),(#769,#770,#771,#772),(#773,#774,#775,#776),(#777,#778,#779,#780),(#781,#782,#783,#784),(#785,#786,#787,#788),(#789,#790,#791,#792),(#793,#794,#795,#796),(#797,#798,#799,#800),(#801,#802,#803,#804),(#805,#806,#807,#808),(#809,#810,#811,#812),(#813,#814,#815,#816),(#817,#818,#819,#820),(#821,#822,#823,#824),(#825,#826,#827,#828),(#829,#830,#831,#832),(#833,#834,#835,#836),(#837,#838,#839,#840),(#841,#842,#843,#844),(#845,#846,#847,#848),(#849,#850,#851,#852),(#853,#854,#855,#856),(#857,#858,#859,#860),(#861,#862,#863,#864),(#865,#866,#867,#868),(#869,#870,#871,#872),(#873,#874,#875,#876)),.UNSPECIFIED.,.T.,.F.,.F.,(4,2,2,2,2,2,2,2,2,2,2,2,2,2,2,2,4),(4,4),(-3.14159265358979,-2.92438810386804,-2.47871850638231,-2.03304890889506,-1.5873793116145,-1.14170983940161,-0.696116806863965,-0.299999999744375,0.0,0.299999999744375,0.696116806866076,1.14170983940687,1.58737931161322,2.033048908896,2.47871850638362,2.92438810386168,3.14159265358979),(0.0,1.0),.UNSPECIFIED.);
#179=FACE_OUTER_BOUND('',#877,.T.);
#180=CYLINDRICAL_SURFACE('',#878,0.002);
#181=FACE_OUTER_BOUND('',#879,.T.);
#182=PLANE('',#880);
#183=FACE_OUTER_BOUND('',#881,.T.);
#184=CYLINDRICAL_SURFACE('',#882,0.007);
#185=FACE_OUTER_BOUND('',#883,.T.);
#186=PLANE('',#884);
#187=FACE_OUTER_BOUND('',#885,.T.);
#188=PLANE('',#886);
#189=FACE_OUTER_BOUND('',#887,.T.);
#190=CYLINDRICAL_SURFACE('',#888,0.007);
#191=FACE_OUTER_BOUND('',#889,.T.);
#192=PLANE('',#890);
#193=FACE_OUTER_BOUND('',#891,.T.);
#194=CYLINDRICAL_SURFACE('',#892,0.015);
#195=FACE_OUTER_BOUND('',#893,.T.);
#196=CYLINDRICAL_SURFACE('',#894,0.0045);
#197=FACE_OUTER_BOUND('',#895,.T.);
#198=PLANE('',#896);
#199=FACE_OUTER_BOUND('',#897,.T.);
#200=CYLINDRICAL_SURFACE('',#898,0.000399999999999989);
#201=FACE_OUTER_BOUND('',#899,.T.);
#202=PLANE('',#900);
#203=FACE_OUTER_BOUND('',#901,.T.);
#204=PLANE('',#902);
#205=FACE_OUTER_BOUND('',#903,.T.);
#206=PLANE('',#904);
#207=FACE_OUTER_BOUND('',#905,.T.);
#208=CYLINDRICAL_SURFACE('',#906,0.000400000000000006);
#209=FACE_OUTER_BOUND('',#907,.T.);
#210=PLANE('',#908);
#211=FACE_OUTER_BOUND('',#909,.T.);
#212=PLANE('',#910);
#213=FACE_OUTER_BOUND('',#911,.T.);
#214=PLANE('',#912);
#215=FACE_OUTER_BOUND('',#913,.T.);
#216=CYLINDRICAL_SURFACE('',#914,0.000400000000000006);
#217=FACE_OUTER_BOUND('',#915,.T.);
#218=PLANE('',#916);
#219=FACE_OUTER_BOUND('',#917,.T.);
#220=PLANE('',#918);
#221=FACE_OUTER_BOUND('',#919,.T.);
#222=PLANE('',#920);
#223=FACE_OUTER_BOUND('',#921,.T.);
#224=CYLINDRICAL_SURFACE('',#922,0.000400000000000006);
#225=FACE_OUTER_BOUND('',#923,.T.);
#226=PLANE('',#924);
#227=FACE_OUTER_BOUND('',#925,.T.);
#228=PLANE('',#926);
#229=FACE_OUTER_BOUND('',#927,.T.);
#230=PLANE('',#928);
#231=FACE_OUTER_BOUND('',#929,.T.);
#232=CYLINDRICAL_SURFACE('',#930,0.000399999999999999);
#233=FACE_OUTER_BOUND('',#931,.T.);
#234=PLANE('',#932);
#235=FACE_OUTER_BOUND('',#933,.T.);
#236=PLANE('',#934);
#237=FACE_OUTER_BOUND('',#935,.T.);
#238=PLANE('',#936);
#239=FACE_OUTER_BOUND('',#937,.T.);
#240=CYLINDRICAL_SURFACE('',#938,0.000400000000000001);
#241=FACE_OUTER_BOUND('',#939,.T.);
#242=PLANE('',#940);
#243=FACE_OUTER_BOUND('',#941,.T.);
#244=PLANE('',#942);
#245=FACE_OUTER_BOUND('',#943,.T.);
#246=PLANE('',#944);
#247=FACE_OUTER_BOUND('',#945,.T.);
#248=PLANE('',#946);
#249=FACE_BOUND('',#947,.T.);
#250=FACE_OUTER_BOUND('',#948,.T.);
#251=PLANE('',#949);
#252=FACE_OUTER_BOUND('',#950,.T.);
#253=PLANE('',#951);
#254=FACE_OUTER_BOUND('',#952,.T.);
#255=PLANE('',#953);
#256=FACE_OUTER_BOUND('',#954,.T.);
#257=PLANE('',#955);
#258=FACE_OUTER_BOUND('',#956,.T.);
#259=PLANE('',#957);
#260=FACE_OUTER_BOUND('',#958,.T.);
#261=TOROIDAL_SURFACE('',#959,0.014,0.001);
#262=FACE_BOUND('',#960,.T.);
#263=FACE_OUTER_BOUND('',#961,.T.);
#264=PLANE('',#962);
#265=FACE_OUTER_BOUND('',#963,.T.);
#266=CONICAL_SURFACE('',#964,0.0051,0.785398163397448);
#267=FACE_OUTER_BOUND('',#965,.T.);
#268=FACE_BOUND('',#966,.T.);
#269=PLANE('',#967);
#270=FACE_OUTER_BOUND('',#968,.T.);
#271=TOROIDAL_SURFACE('',#969,0.006,0.001);
#272=FACE_OUTER_BOUND('',#970,.T.);
#273=CYLINDRICAL_SURFACE('',#971,0.001);
#274=FACE_OUTER_BOUND('',#972,.T.);
#275=CYLINDRICAL_SURFACE('',#973,0.001);
#276=FACE_OUTER_BOUND('',#974,.T.);
#277=FACE_BOUND('',#975,.T.);
#278=PLANE('',#976);
#279=FACE_OUTER_BOUND('',#977,.T.);
#280=TOROIDAL_SURFACE('',#978,0.006,0.001);
#281=FACE_OUTER_BOUND('',#979,.T.);
#282=CYLINDRICAL_SURFACE('',#980,0.001);
#283=FACE_OUTER_BOUND('',#981,.T.);
#284=CYLINDRICAL_SURFACE('',#982,0.001);
#285=FILL_AREA_STYLE('',(#983));
#286=EDGE_LOOP('',(#984,#985,#986,#987,#988));
#287=CARTESIAN_POINT('',(0.0872157922522105,0.0105008253654841,-0.0628664582173039));
#288=CARTESIAN_POINT('',(0.0878771952145534,0.00983416557884692,-0.0627829034895906));
#289=CARTESIAN_POINT('',(0.0885385981768962,0.00916750579220971,-0.0626993487618773));
#290=CARTESIAN_POINT('',(0.0892000011392391,0.0085008460055725,-0.062615794034164));
#291=CARTESIAN_POINT('',(0.0871794949436009,0.0105008253654846,-0.062579135786883));
#292=CARTESIAN_POINT('',(0.0878469474573787,0.00983416557884745,-0.0625434681309066));
#293=CARTESIAN_POINT('',(0.0885143999711565,0.00916750579221032,-0.0625078004749301));
#294=CARTESIAN_POINT('',(0.0891818524849343,0.00850084600557319,-0.0624721328189536));
#295=CARTESIAN_POINT('',(0.0871745249475954,0.0105008250396319,-0.0622878665959182));
#296=CARTESIAN_POINT('',(0.0878428057940419,0.00983416519868595,-0.0623007438051024));
#297=CARTESIAN_POINT('',(0.0885110866404884,0.00916750535774003,-0.0623136210142866));
#298=CARTESIAN_POINT('',(0.0891793674869349,0.00850084551679411,-0.0623264982234707));
#299=CARTESIAN_POINT('',(0.0872553186093737,0.0105008230740211,-0.0614077349379242));
#300=CARTESIAN_POINT('',(0.0879101338455305,0.0098341629054734,-0.0615673007567732));
#301=CARTESIAN_POINT('',(0.0885649490816874,0.00916750273692569,-0.0617268665756222));
#302=CARTESIAN_POINT('',(0.0892197643178442,0.00850084256837797,-0.0618864323944712));
#303=CARTESIAN_POINT('',(0.0874436024354751,0.0105008203972878,-0.0608286829594001));
#304=CARTESIAN_POINT('',(0.0880670370339575,0.00983415978261789,-0.0610847574413353));
#305=CARTESIAN_POINT('',(0.0886904716324399,0.00916749916794797,-0.0613408319232705));
#306=CARTESIAN_POINT('',(0.0893139062309223,0.00850083855327804,-0.0615969064052057));
#307=CARTESIAN_POINT('',(0.0880517824619872,0.0105008128497068,-0.0598076365208206));
#308=CARTESIAN_POINT('',(0.0885738537227433,0.00983415097710665,-0.0602338854091824));
#309=CARTESIAN_POINT('',(0.0890959249834994,0.00916748910450654,-0.0606601342975443));
#310=CARTESIAN_POINT('',(0.0896179962442556,0.00850082723190644,-0.0610863831859062));
#311=CARTESIAN_POINT('',(0.0884712825459481,0.0105008079837748,-0.0593663070830838));
#312=CARTESIAN_POINT('',(0.0889234371260607,0.00983414530018606,-0.0598661108777331));
#313=CARTESIAN_POINT('',(0.0893755917061733,0.00916748261659731,-0.0603659146723823));
#314=CARTESIAN_POINT('',(0.0898277462862859,0.00850081993300855,-0.0608657184670315));
#315=CARTESIAN_POINT('',(0.0894601913963367,0.0105007970061492,-0.0587071575859682));
#316=CARTESIAN_POINT('',(0.0897475278347554,0.00983413249295618,-0.059316819630132));
#317=CARTESIAN_POINT('',(0.090034864273174,0.00916746797976315,-0.0599264816742957));
#318=CARTESIAN_POINT('',(0.0903222007115926,0.00850080346657012,-0.0605361437184595));
#319=CARTESIAN_POINT('',(0.0900289560720526,0.0105007909016054,-0.0584897668400876));
#320=CARTESIAN_POINT('',(0.0902214983978727,0.00983412537098842,-0.0591356606752289));
#321=CARTESIAN_POINT('',(0.0904140407236928,0.00916745984037142,-0.0597815545103701));
#322=CARTESIAN_POINT('',(0.090606583049513,0.00850079430975443,-0.0604274483455113));
#323=CARTESIAN_POINT('',(0.0912054047577189,0.010500778638477,-0.0583212828141738));
#324=CARTESIAN_POINT('',(0.0912018723026365,0.00983411106400523,-0.0589952573202954));
#325=CARTESIAN_POINT('',(0.0911983398475541,0.00916744348953349,-0.059669231826417));
#326=CARTESIAN_POINT('',(0.0911948073924717,0.00850077591506175,-0.0603432063325386));
#327=CARTESIAN_POINT('',(0.0918123225191741,0.0105007724878795,-0.0583702991942317));
#328=CARTESIAN_POINT('',(0.0917076371038702,0.00983410388830816,-0.0590361043036743));
#329=CARTESIAN_POINT('',(0.0916029516885663,0.00916743528873684,-0.0597019094131169));
#330=CARTESIAN_POINT('',(0.0914982662732623,0.00850076668916552,-0.0603677145225595));
#331=CARTESIAN_POINT('',(0.0929463880314452,0.0105007613358741,-0.0587253641908232));
#332=CARTESIAN_POINT('',(0.0926526916974675,0.00983409087763525,-0.0593319918008291));
#333=CARTESIAN_POINT('',(0.0923589953634898,0.00916742041939637,-0.059938619410835));
#334=CARTESIAN_POINT('',(0.092065299029512,0.0085007499611575,-0.0605452470208409));
#335=CARTESIAN_POINT('',(0.0934728114083088,0.010500756341526,-0.0590311368915841));
#336=CARTESIAN_POINT('',(0.0930913778448708,0.00983408505089573,-0.0595868023847944));
#337=CARTESIAN_POINT('',(0.0927099442814329,0.0091674137602655,-0.0601424678780046));
#338=CARTESIAN_POINT('',(0.0923285107179949,0.00850074246963526,-0.0606981333712149));
#339=CARTESIAN_POINT('',(0.0942947236466135,0.0105007489147035,-0.0597953176236267));
#340=CARTESIAN_POINT('',(0.0937763047101501,0.00983407638626951,-0.0602236196614934));
#341=CARTESIAN_POINT('',(0.0932578857736867,0.00916740385783553,-0.06065192169936));
#342=CARTESIAN_POINT('',(0.0927394668372233,0.00850073132940155,-0.0610802237372266));
#343=CARTESIAN_POINT('',(0.0946092212505593,0.0105007462600188,-0.0602323970458159));
#344=CARTESIAN_POINT('',(0.0940383860467807,0.00983407328913732,-0.0605878525133165));
#345=CARTESIAN_POINT('',(0.0934675508430021,0.00916740031825588,-0.0609433079808171));
#346=CARTESIAN_POINT('',(0.0928967156392234,0.00850072734737444,-0.0612987634483177));
#347=CARTESIAN_POINT('',(0.0949924804169309,0.0105007434293597,-0.0610777286338478));
#348=CARTESIAN_POINT('',(0.0943577686854333,0.00983406998670172,-0.0612922955033419));
#349=CARTESIAN_POINT('',(0.0937230569539358,0.00916739654404376,-0.0615068623728359));
#350=CARTESIAN_POINT('',(0.0930883452224382,0.00850072310138581,-0.06172142924233));
#351=CARTESIAN_POINT('',(0.0951025763569703,0.0105007428055573,-0.0614669452644936));
#352=CARTESIAN_POINT('',(0.0944495153021349,0.00983406925893225,-0.0616166426955464));
#353=CARTESIAN_POINT('',(0.0937964542472996,0.00916739571230724,-0.0617663401265992));
#354=CARTESIAN_POINT('',(0.0931433931924643,0.00850072216568222,-0.0619160375576521));
#355=CARTESIAN_POINT('',(0.0952028430648964,0.010500742805556,-0.0622606370095628));
#356=CARTESIAN_POINT('',(0.0945330708920734,0.00983406925893078,-0.0622780524831041));
#357=CARTESIAN_POINT('',(0.0938632987192504,0.00916739571230555,-0.0622954679566454));
#358=CARTESIAN_POINT('',(0.0931935265464273,0.00850072216568033,-0.0623128834301867));
#359=CARTESIAN_POINT('',(0.0951930003546804,0.0105007434293571,-0.0626650054339483));
#360=CARTESIAN_POINT('',(0.0945248686335579,0.00983406998669877,-0.0626150261700923));
#361=CARTESIAN_POINT('',(0.0938567369124354,0.0091673965440404,-0.0625650469062363));
#362=CARTESIAN_POINT('',(0.093188605191313,0.00850072310138203,-0.0625150676423802));
#363=CARTESIAN_POINT('',(0.0950320076761065,0.0105007462600134,-0.0635790921036811));
#364=CARTESIAN_POINT('',(0.09439070806807,0.00983407328913111,-0.0633767650615375));
#365=CARTESIAN_POINT('',(0.0937494084600335,0.00916740031824879,-0.0631744380193939));
#366=CARTESIAN_POINT('',(0.093108108851997,0.00850072734736647,-0.0629721109772503));
#367=CARTESIAN_POINT('',(0.0948360879780241,0.0105007489146967,-0.0640806523055466));
#368=CARTESIAN_POINT('',(0.0942274416529923,0.00983407638626157,-0.0637947318964266));
#369=CARTESIAN_POINT('',(0.0936187953279605,0.00916740385782645,-0.0635088114873065));
#370=CARTESIAN_POINT('',(0.0930101490029287,0.00850073132939133,-0.0632228910781865));
#371=CARTESIAN_POINT('',(0.0942300419324818,0.0105007563415164,-0.0650252263415007));
#372=CARTESIAN_POINT('',(0.0937224032816817,0.00983408505088462,-0.0645818769263915));
#373=CARTESIAN_POINT('',(0.0932147646308816,0.0091674137602528,-0.0641385275112823));
#374=CARTESIAN_POINT('',(0.0927071259800815,0.00850074246962097,-0.0636951780961731));
#375=CARTESIAN_POINT('',(0.0937961998228645,0.0105007613358634,-0.0654523089332406));
#376=CARTESIAN_POINT('',(0.0933608681903169,0.00983409087762278,-0.0649377790861769));
#377=CARTESIAN_POINT('',(0.0929255365577693,0.00916742041938212,-0.0644232492391132));
#378=CARTESIAN_POINT('',(0.0924902049252217,0.00850074996114146,-0.0639087193920495));
#379=CARTESIAN_POINT('',(0.0927860643291056,0.0105007724878672,-0.0660782498427241));
#380=CARTESIAN_POINT('',(0.0925190886121464,0.00983410388829387,-0.0654593965107513));
#381=CARTESIAN_POINT('',(0.0922521128951872,0.00916743528872051,-0.0648405431787785));
#382=CARTESIAN_POINT('',(0.0919851371782281,0.00850076668914715,-0.0642216898468057));
#383=CARTESIAN_POINT('',(0.0922104039437808,0.0105007786384643,-0.0662766607684316));
#384=CARTESIAN_POINT('',(0.0920393716243547,0.00983411106399048,-0.0656247389488435));
#385=CARTESIAN_POINT('',(0.0918683393049287,0.00916744348951664,-0.0649728171292555));
#386=CARTESIAN_POINT('',(0.0916973069855027,0.0085007759150428,-0.0643208953096674));
#387=CARTESIAN_POINT('',(0.0910290153230256,0.0105007909015928,-0.0664060412295939));
#388=CARTESIAN_POINT('',(0.0910548811070169,0.00983412537097374,-0.0657325559998174));
#389=CARTESIAN_POINT('',(0.0910807468910082,0.00916745984035465,-0.0650590707700409));
#390=CARTESIAN_POINT('',(0.0911066126749995,0.00850079430973556,-0.0643855855402645));
#391=CARTESIAN_POINT('',(0.0904240565343142,0.0105007970061371,-0.0663369264214743));
#392=CARTESIAN_POINT('',(0.09055074878307,0.00983413249294204,-0.0656749603263871));
#393=CARTESIAN_POINT('',(0.0906774410318257,0.00916746797974699,-0.0650129942312998));
#394=CARTESIAN_POINT('',(0.0908041332805813,0.00850080346655194,-0.0643510281362125));
#395=CARTESIAN_POINT('',(0.0893022921400353,0.0105008079837644,-0.0659444172908022));
#396=CARTESIAN_POINT('',(0.0896159451211334,0.00983414530017387,-0.0653478693841651));
#397=CARTESIAN_POINT('',(0.0899295981022314,0.00916748261658337,-0.0647513214775279));
#398=CARTESIAN_POINT('',(0.0902432510833295,0.00850081993299287,-0.0641547735708907));
#399=CARTESIAN_POINT('',(0.0887862171558886,0.0105008128496975,-0.0656212786150068));
#400=CARTESIAN_POINT('',(0.0891858826343278,0.00983415097709587,-0.0650785871543376));
#401=CARTESIAN_POINT('',(0.0895855481127671,0.00916748910449422,-0.0645358956936685));
#402=CARTESIAN_POINT('',(0.0899852135912063,0.00850082723189258,-0.0639932042329993));
#403=CARTESIAN_POINT('',(0.0879432200439193,0.0105008203972815,-0.0647835587074167));
#404=CARTESIAN_POINT('',(0.0884833850409943,0.00983415978261056,-0.0643804872313491));
#405=CARTESIAN_POINT('',(0.0890235500380694,0.00916749916793959,-0.0639774157552816));
#406=CARTESIAN_POINT('',(0.0895637150351444,0.00850083855326861,-0.063574344279214));
#407=CARTESIAN_POINT('',(0.0876168469723085,0.0105008230740166,-0.0642695230947225));
#408=CARTESIAN_POINT('',(0.0882114074813095,0.0098341629054681,-0.0639521242207718));
#409=CARTESIAN_POINT('',(0.0888059679903105,0.00916750273691962,-0.0636347253468211));
#410=CARTESIAN_POINT('',(0.0894005284993115,0.00850084256837115,-0.0633173264728704));
#411=CARTESIAN_POINT('',(0.0873197114951281,0.01050082503963,-0.0634371350485658));
#412=CARTESIAN_POINT('',(0.0879637945836525,0.00983416519868382,-0.0632584675156421));
#413=CARTESIAN_POINT('',(0.0886078776721769,0.0091675053577376,-0.0630797999827183));
#414=CARTESIAN_POINT('',(0.0892519607607013,0.00850084551679137,-0.0629011324497946));
#415=CARTESIAN_POINT('',(0.0872520895608211,0.0105008253654837,-0.0631537806477332));
#416=CARTESIAN_POINT('',(0.0879074429717289,0.00983416557884639,-0.0630223388482817));
#417=CARTESIAN_POINT('',(0.0885627963826366,0.00916750579220911,-0.0628908970488302));
#418=CARTESIAN_POINT('',(0.0892181497935444,0.00850084600557182,-0.0627594552493787));
#419=CARTESIAN_POINT('',(0.0872157922522105,0.0105008253654841,-0.0628664582173039));
#420=CARTESIAN_POINT('',(0.0878771952145534,0.00983416557884692,-0.0627829034895906));
#421=CARTESIAN_POINT('',(0.0885385981768962,0.00916750579220971,-0.0626993487618773));
#422=CARTESIAN_POINT('',(0.0892000011392391,0.0085008460055725,-0.062615794034164));
#423=EDGE_LOOP('',(#989,#990,#991,#992,#993));
#424=CARTESIAN_POINT('',(0.05793152099407,0.0105011630732394,-0.092150729459929));
#425=CARTESIAN_POINT('',(0.0585929239564128,0.00983450328660216,-0.0920671747322157));
#426=CARTESIAN_POINT('',(0.0592543269187557,0.00916784349996495,-0.0919836200045024));
#427=CARTESIAN_POINT('',(0.0599157298810986,0.00850118371332774,-0.0919000652767892));
#428=CARTESIAN_POINT('',(0.0578952236854594,0.0105011630732398,-0.0918634070295005));
#429=CARTESIAN_POINT('',(0.0585626761992374,0.00983450328660269,-0.0918277393735253));
#430=CARTESIAN_POINT('',(0.0592301287130154,0.00916784349996556,-0.0917920717175501));
#431=CARTESIAN_POINT('',(0.0598975812267933,0.00850118371332843,-0.0917564040615749));
#432=CARTESIAN_POINT('',(0.0578902536894546,0.0105011627473871,-0.0915721378385279));
#433=CARTESIAN_POINT('',(0.0585585345359012,0.00983450290644119,-0.0915850150477147));
#434=CARTESIAN_POINT('',(0.0592268153823477,0.00916784306549527,-0.0915978922569014));
#435=CARTESIAN_POINT('',(0.0598950962287942,0.00850118322454935,-0.0916107694660882));
#436=CARTESIAN_POINT('',(0.0579710473512371,0.0105011607817764,-0.0906920061805437));
#437=CARTESIAN_POINT('',(0.0586258625873933,0.00983450061322864,-0.0908515719993936));
#438=CARTESIAN_POINT('',(0.0592806778235495,0.00916784044468093,-0.0910111378182435));
#439=CARTESIAN_POINT('',(0.0599354930597056,0.00850118027613321,-0.0911707036370935));
#440=CARTESIAN_POINT('',(0.0581593311773325,0.0105011581050431,-0.0901129542020368));
#441=CARTESIAN_POINT('',(0.0587827657758152,0.00983449749037313,-0.0903690286839701));
#442=CARTESIAN_POINT('',(0.059406200374298,0.0091678368757032,-0.0906251031659034));
#443=CARTESIAN_POINT('',(0.0600296349727807,0.00850117626103328,-0.0908811776478366));
#444=CARTESIAN_POINT('',(0.0587675112038347,0.010501150557462,-0.0890919077634577));
#445=CARTESIAN_POINT('',(0.0592895824645928,0.00983448868486189,-0.0895181566518176));
#446=CARTESIAN_POINT('',(0.0598116537253509,0.00916782681226178,-0.0899444055401774));
#447=CARTESIAN_POINT('',(0.0603337249861091,0.00850116493966168,-0.0903706544285373));
#448=CARTESIAN_POINT('',(0.0591870112878029,0.0105011456915301,-0.0886505783257109));
#449=CARTESIAN_POINT('',(0.0596391658679163,0.0098344830079413,-0.0891503821203598));
#450=CARTESIAN_POINT('',(0.0600913204480296,0.00916782032435254,-0.0896501859150087));
#451=CARTESIAN_POINT('',(0.060543475028143,0.00850115764076378,-0.0901499897096576));
#452=CARTESIAN_POINT('',(0.0601759201382028,0.0105011347139045,-0.08799142882859));
#453=CARTESIAN_POINT('',(0.0604632565766203,0.00983447020071142,-0.0886010908727543));
#454=CARTESIAN_POINT('',(0.0607505930150378,0.00916780568751839,-0.0892107529169187));
#455=CARTESIAN_POINT('',(0.0610379294534554,0.00850114117432536,-0.089820414961083));
#456=CARTESIAN_POINT('',(0.0607446848139198,0.0105011286093607,-0.0877740380827102));
#457=CARTESIAN_POINT('',(0.0609372271397387,0.00983446307874366,-0.0884199319178519));
#458=CARTESIAN_POINT('',(0.0611297694655575,0.00916779754812666,-0.0890658257529935));
#459=CARTESIAN_POINT('',(0.0613223117913764,0.00850113201750967,-0.0897117195881352));
#460=CARTESIAN_POINT('',(0.0619211334995776,0.0105011163462322,-0.0876055540568004));
#461=CARTESIAN_POINT('',(0.0619176010444953,0.00983444877176047,-0.0882795285629217));
#462=CARTESIAN_POINT('',(0.0619140685894131,0.00916778119728873,-0.0889535030690431));
#463=CARTESIAN_POINT('',(0.0619105361343308,0.00850111362281699,-0.0896274775751644));
#464=CARTESIAN_POINT('',(0.0625280512610225,0.0105011101956347,-0.0876545704368565));
#465=CARTESIAN_POINT('',(0.0624233658457204,0.0098344415960634,-0.0883203755462991));
#466=CARTESIAN_POINT('',(0.0623186804304183,0.00916777299649208,-0.0889861806557418));
#467=CARTESIAN_POINT('',(0.0622139950151162,0.00850110439692076,-0.0896519857651845));
#468=CARTESIAN_POINT('',(0.0636621167732921,0.0105010990436294,-0.0880096354334412));
#469=CARTESIAN_POINT('',(0.0633684204393165,0.00983442858539049,-0.0886162630434482));
#470=CARTESIAN_POINT('',(0.0630747241053409,0.00916775812715161,-0.0892228906534553));
#471=CARTESIAN_POINT('',(0.0627810277713652,0.00850108766891274,-0.0898295182634624));
#472=CARTESIAN_POINT('',(0.0641885401501625,0.0105010940492812,-0.0883154081342041));
#473=CARTESIAN_POINT('',(0.0638071065867255,0.00983442275865097,-0.0888710736274152));
#474=CARTESIAN_POINT('',(0.0634256730232885,0.00916775146802074,-0.0894267391206263));
#475=CARTESIAN_POINT('',(0.0630442394598515,0.0085010801773905,-0.0899824046138374));
#476=CARTESIAN_POINT('',(0.0650104523884724,0.0105010866224587,-0.0890795888662511));
#477=CARTESIAN_POINT('',(0.0644920334520091,0.00983441409402475,-0.0895078909041178));
#478=CARTESIAN_POINT('',(0.0639736145155458,0.00916774156559077,-0.0899361929419846));
#479=CARTESIAN_POINT('',(0.0634551955790825,0.00850106903715679,-0.0903644949798513));
#480=CARTESIAN_POINT('',(0.0653249499924186,0.010501083967774,-0.0895166682884405));
#481=CARTESIAN_POINT('',(0.06475411478864,0.00983441099689256,-0.0898721237559412));
#482=CARTESIAN_POINT('',(0.0641832795848614,0.00916773802601112,-0.0902275792234419));
#483=CARTESIAN_POINT('',(0.0636124443810828,0.00850106505512968,-0.0905830346909426));
#484=CARTESIAN_POINT('',(0.0657082091587904,0.0105010811371149,-0.0903619998764729));
#485=CARTESIAN_POINT('',(0.0650734974272928,0.00983440769445696,-0.0905765667459669));
#486=CARTESIAN_POINT('',(0.0644387856957952,0.009167734251799,-0.090791133615461));
#487=CARTESIAN_POINT('',(0.0638040739642977,0.00850106080914105,-0.0910057004849551));
#488=CARTESIAN_POINT('',(0.0658183050988297,0.0105010805133125,-0.0907512165071186));
#489=CARTESIAN_POINT('',(0.0651652440439944,0.00983440696668749,-0.0909009139381715));
#490=CARTESIAN_POINT('',(0.0645121829891591,0.00916773342006248,-0.0910506113692243));
#491=CARTESIAN_POINT('',(0.0638591219343238,0.00850105987343746,-0.0912003088002772));
#492=CARTESIAN_POINT('',(0.0659185718067559,0.0105010805133112,-0.0915449082521879));
#493=CARTESIAN_POINT('',(0.0652487996339329,0.00983440696668602,-0.0915623237257292));
#494=CARTESIAN_POINT('',(0.0645790274611098,0.00916773342006079,-0.0915797391992705));
#495=CARTESIAN_POINT('',(0.0639092552882868,0.00850105987343557,-0.0915971546728118));
#496=CARTESIAN_POINT('',(0.0659087290965399,0.0105010811371124,-0.0919492766765734));
#497=CARTESIAN_POINT('',(0.0652405973754174,0.00983440769445401,-0.0918992974127174));
#498=CARTESIAN_POINT('',(0.0645724656542949,0.00916773425179564,-0.0918493181488614));
#499=CARTESIAN_POINT('',(0.0639043339331724,0.00850106080913727,-0.0917993388850054));
#500=CARTESIAN_POINT('',(0.0657477364179663,0.0105010839677687,-0.0928633633463044));
#501=CARTESIAN_POINT('',(0.0651064368099298,0.00983441099688635,-0.0926610363041611));
#502=CARTESIAN_POINT('',(0.0644651372018932,0.00916773802600403,-0.0924587092620178));
#503=CARTESIAN_POINT('',(0.0638238375938567,0.0085010650551217,-0.0922563822198745));
#504=CARTESIAN_POINT('',(0.065551816719885,0.0105010866224519,-0.0933649235481682));
#505=CARTESIAN_POINT('',(0.0649431703948529,0.00983441409401681,-0.0930790031390487));
#506=CARTESIAN_POINT('',(0.0643345240698209,0.00916774156558169,-0.0927930827299293));
#507=CARTESIAN_POINT('',(0.0637258777447888,0.00850106903714657,-0.0925071623208098));
#508=CARTESIAN_POINT('',(0.0649457706743387,0.0105010940492717,-0.0943094975841314));
#509=CARTESIAN_POINT('',(0.064438132023539,0.00983442275863986,-0.0938661481690213));
#510=CARTESIAN_POINT('',(0.0639304933727393,0.00916775146800804,-0.0934227987539112));
#511=CARTESIAN_POINT('',(0.0634228547219396,0.00850108017737621,-0.092979449338801));
#512=CARTESIAN_POINT('',(0.0645119285647111,0.0105010990436187,-0.0947365801758788));
#513=CARTESIAN_POINT('',(0.0640765969321656,0.00983442858537802,-0.094222050328813));
#514=CARTESIAN_POINT('',(0.0636412652996202,0.00916775812713736,-0.0937075204817471));
#515=CARTESIAN_POINT('',(0.0632059336670747,0.0085010876688967,-0.0931929906346812));
#516=CARTESIAN_POINT('',(0.0635017930709414,0.0105011101956225,-0.0953625210853587));
#517=CARTESIAN_POINT('',(0.0632348173539861,0.00983444159604911,-0.0947436677533844));
#518=CARTESIAN_POINT('',(0.0629678416370309,0.00916777299647575,-0.09412481442141));
#519=CARTESIAN_POINT('',(0.0627008659200757,0.00850110439690239,-0.0935059610894356));
#520=CARTESIAN_POINT('',(0.06292613268562,0.0105011163462196,-0.0955609320110613));
#521=CARTESIAN_POINT('',(0.0627551003661973,0.00983444877174572,-0.0949090101914725));
#522=CARTESIAN_POINT('',(0.0625840680467746,0.00916778119727188,-0.0942570883718837));
#523=CARTESIAN_POINT('',(0.062413035727352,0.00850111362279804,-0.0936051665522949));
#524=CARTESIAN_POINT('',(0.0617447440648619,0.0105011286093481,-0.0956903124722192));
#525=CARTESIAN_POINT('',(0.0617706098488571,0.00983446307872898,-0.0950168272424426));
#526=CARTESIAN_POINT('',(0.0617964756328522,0.00916779754810989,-0.0943433420126661));
#527=CARTESIAN_POINT('',(0.0618223414168474,0.0085011320174908,-0.0936698567828896));
#528=CARTESIAN_POINT('',(0.0611397852761437,0.0105011347138923,-0.0956211976640946));
#529=CARTESIAN_POINT('',(0.0612664775249044,0.00983447020069728,-0.0949592315690082));
#530=CARTESIAN_POINT('',(0.0613931697736651,0.00916780568750223,-0.0942972654739217));
#531=CARTESIAN_POINT('',(0.0615198620224258,0.00850114117430718,-0.0936352993788353));
#532=CARTESIAN_POINT('',(0.0600180208818626,0.0105011456915196,-0.0952286885334103));
#533=CARTESIAN_POINT('',(0.060331673862966,0.00983448300792911,-0.094632140626776));
#534=CARTESIAN_POINT('',(0.0606453268440694,0.00916782032433861,-0.0940355927201416));
#535=CARTESIAN_POINT('',(0.0609589798251728,0.00850115764074811,-0.0934390448135073));
#536=CARTESIAN_POINT('',(0.0595019458977194,0.0105011505574528,-0.0949055498576107));
#537=CARTESIAN_POINT('',(0.0599016113761634,0.00983448868485111,-0.0943628583969451));
#538=CARTESIAN_POINT('',(0.0603012768546075,0.00916782681224946,-0.0938201669362794));
#539=CARTESIAN_POINT('',(0.0607009423330515,0.00850116493964782,-0.0932774754756138));
#540=CARTESIAN_POINT('',(0.0586589487857505,0.0105011581050368,-0.0940678299500065));
#541=CARTESIAN_POINT('',(0.0591991137828303,0.0098344974903658,-0.0936647584739448));
#542=CARTESIAN_POINT('',(0.05973927877991,0.00916783687569483,-0.0932616869978831));
#543=CARTESIAN_POINT('',(0.0602794437769897,0.00850117626102385,-0.0928586155218215));
#544=CARTESIAN_POINT('',(0.0583325757141401,0.0105011607817718,-0.0935537943372987));
#545=CARTESIAN_POINT('',(0.0589271362231458,0.00983450061322333,-0.0932363954633561));
#546=CARTESIAN_POINT('',(0.0595216967321514,0.00916784044467486,-0.0929189965894136));
#547=CARTESIAN_POINT('',(0.0601162572411571,0.00850118027612639,-0.092601597715471));
#548=CARTESIAN_POINT('',(0.0580354402369773,0.0105011627473853,-0.092721406291148));
#549=CARTESIAN_POINT('',(0.0586795233255034,0.00983450290643906,-0.0925427387582314));
#550=CARTESIAN_POINT('',(0.0593236064140295,0.00916784306549284,-0.0923640712253148));
#551=CARTESIAN_POINT('',(0.0599676895025556,0.00850118322454661,-0.0921854036923982));
#552=CARTESIAN_POINT('',(0.0579678183026778,0.0105011630732389,-0.0924380518903365));
#553=CARTESIAN_POINT('',(0.058623171713586,0.00983450328660163,-0.0923066100908887));
#554=CARTESIAN_POINT('',(0.0592785251244943,0.00916784349996434,-0.0921751682914408));
#555=CARTESIAN_POINT('',(0.0599338785354025,0.00850118371332706,-0.0920437264919929));
#556=CARTESIAN_POINT('',(0.05793152099407,0.0105011630732394,-0.092150729459929));
#557=CARTESIAN_POINT('',(0.0585929239564128,0.00983450328660216,-0.0920671747322157));
#558=CARTESIAN_POINT('',(0.0592543269187557,0.00916784349996495,-0.0919836200045024));
#559=CARTESIAN_POINT('',(0.0599157298810986,0.00850118371332774,-0.0919000652767892));
#560=EDGE_LOOP('',(#994,#995,#996,#997));
#561=AXIS2_PLACEMENT_3D('',#998,#999,#1000);
#562=EDGE_LOOP('',(#1001,#1002,#1003,#1004));
#563=AXIS2_PLACEMENT_3D('',#1005,#1006,#1007);
#564=EDGE_LOOP('',(#1008,#1009,#1010,#1011,#1012,#1013));
#565=AXIS2_PLACEMENT_3D('',#1014,#1015,#1016);
#566=EDGE_LOOP('',(#1017,#1018,#1019,#1020));
#567=AXIS2_PLACEMENT_3D('',#1021,#1022,#1023);
#568=EDGE_LOOP('',(#1024,#1025,#1026,#1027));
#569=AXIS2_PLACEMENT_3D('',#1028,#1029,#1030);
#570=EDGE_LOOP('',(#1031,#1032,#1033,#1034,#1035));
#571=AXIS2_PLACEMENT_3D('',#1036,#1037,#1038);
#572=EDGE_LOOP('',(#1039,#1040,#1041,#1042));
#573=AXIS2_PLACEMENT_3D('',#1043,#1044,#1045);
#574=EDGE_LOOP('',(#1046,#1047,#1048,#1049,#1050));
#575=AXIS2_PLACEMENT_3D('',#1051,#1052,#1053);
#576=EDGE_LOOP('',(#1054,#1055,#1056,#1057));
#577=AXIS2_PLACEMENT_3D('',#1058,#1059,#1060);
#578=EDGE_LOOP('',(#1061,#1062,#1063,#1064));
#579=AXIS2_PLACEMENT_3D('',#1065,#1066,#1067);
#580=EDGE_LOOP('',(#1068,#1069,#1070,#1071));
#581=AXIS2_PLACEMENT_3D('',#1072,#1073,#1074);
#582=EDGE_LOOP('',(#1075,#1076,#1077,#1078));
#583=AXIS2_PLACEMENT_3D('',#1079,#1080,#1081);
#584=EDGE_LOOP('',(#1082,#1083,#1084,#1085));
#585=AXIS2_PLACEMENT_3D('',#1086,#1087,#1088);
#586=EDGE_LOOP('',(#1089,#1090,#1091,#1092,#1093,#1094,#1095,#1096,#1097,#1098,#1099,#1100,#1101));
#587=AXIS2_PLACEMENT_3D('',#1102,#1103,#1104);
#588=EDGE_LOOP('',(#1105,#1106,#1107,#1108,#1109));
#589=AXIS2_PLACEMENT_3D('',#1110,#1111,#1112);
#590=EDGE_LOOP('',(#1113,#1114,#1115,#1116,#1117));
#591=AXIS2_PLACEMENT_3D('',#1118,#1119,#1120);
#592=EDGE_LOOP('',(#1121,#1122,#1123,#1124,#1125));
#593=AXIS2_PLACEMENT_3D('',#1126,#1127,#1128);
#594=EDGE_LOOP('',(#1129,#1130,#1131,#1132,#1133));
#595=AXIS2_PLACEMENT_3D('',#1134,#1135,#1136);
#596=EDGE_LOOP('',(#1137,#1138,#1139,#1140,#1141));
#597=CARTESIAN_POINT('',(0.05793152099407,0.0105011630732394,-0.092150729459929));
#598=CARTESIAN_POINT('',(0.0585929239564128,0.00983450328660216,-0.0920671747322157));
#599=CARTESIAN_POINT('',(0.0592543269187557,0.00916784349996495,-0.0919836200045024));
#600=CARTESIAN_POINT('',(0.0599157298810986,0.00850118371332774,-0.0919000652767892));
#601=CARTESIAN_POINT('',(0.0578952236854594,0.0105011630732398,-0.0918634070295005));
#602=CARTESIAN_POINT('',(0.0585626761992374,0.00983450328660269,-0.0918277393735253));
#603=CARTESIAN_POINT('',(0.0592301287130154,0.00916784349996556,-0.0917920717175501));
#604=CARTESIAN_POINT('',(0.0598975812267933,0.00850118371332843,-0.0917564040615749));
#605=CARTESIAN_POINT('',(0.0578902536894546,0.0105011627473871,-0.0915721378385279));
#606=CARTESIAN_POINT('',(0.0585585345359012,0.00983450290644119,-0.0915850150477147));
#607=CARTESIAN_POINT('',(0.0592268153823477,0.00916784306549527,-0.0915978922569014));
#608=CARTESIAN_POINT('',(0.0598950962287942,0.00850118322454935,-0.0916107694660882));
#609=CARTESIAN_POINT('',(0.0579710473512371,0.0105011607817764,-0.0906920061805437));
#610=CARTESIAN_POINT('',(0.0586258625873933,0.00983450061322864,-0.0908515719993936));
#611=CARTESIAN_POINT('',(0.0592806778235495,0.00916784044468093,-0.0910111378182435));
#612=CARTESIAN_POINT('',(0.0599354930597056,0.00850118027613321,-0.0911707036370935));
#613=CARTESIAN_POINT('',(0.0581593311773325,0.0105011581050431,-0.0901129542020368));
#614=CARTESIAN_POINT('',(0.0587827657758152,0.00983449749037313,-0.0903690286839701));
#615=CARTESIAN_POINT('',(0.059406200374298,0.0091678368757032,-0.0906251031659034));
#616=CARTESIAN_POINT('',(0.0600296349727807,0.00850117626103328,-0.0908811776478366));
#617=CARTESIAN_POINT('',(0.0587675112038347,0.010501150557462,-0.0890919077634577));
#618=CARTESIAN_POINT('',(0.0592895824645928,0.00983448868486189,-0.0895181566518176));
#619=CARTESIAN_POINT('',(0.0598116537253509,0.00916782681226178,-0.0899444055401774));
#620=CARTESIAN_POINT('',(0.0603337249861091,0.00850116493966168,-0.0903706544285373));
#621=CARTESIAN_POINT('',(0.0591870112878029,0.0105011456915301,-0.0886505783257109));
#622=CARTESIAN_POINT('',(0.0596391658679163,0.0098344830079413,-0.0891503821203598));
#623=CARTESIAN_POINT('',(0.0600913204480296,0.00916782032435254,-0.0896501859150087));
#624=CARTESIAN_POINT('',(0.060543475028143,0.00850115764076378,-0.0901499897096576));
#625=CARTESIAN_POINT('',(0.0601759201382028,0.0105011347139045,-0.08799142882859));
#626=CARTESIAN_POINT('',(0.0604632565766203,0.00983447020071142,-0.0886010908727543));
#627=CARTESIAN_POINT('',(0.0607505930150378,0.00916780568751839,-0.0892107529169187));
#628=CARTESIAN_POINT('',(0.0610379294534554,0.00850114117432536,-0.089820414961083));
#629=CARTESIAN_POINT('',(0.0607446848139198,0.0105011286093607,-0.0877740380827102));
#630=CARTESIAN_POINT('',(0.0609372271397387,0.00983446307874366,-0.0884199319178519));
#631=CARTESIAN_POINT('',(0.0611297694655575,0.00916779754812666,-0.0890658257529935));
#632=CARTESIAN_POINT('',(0.0613223117913764,0.00850113201750967,-0.0897117195881352));
#633=CARTESIAN_POINT('',(0.0619211334995776,0.0105011163462322,-0.0876055540568004));
#634=CARTESIAN_POINT('',(0.0619176010444953,0.00983444877176047,-0.0882795285629217));
#635=CARTESIAN_POINT('',(0.0619140685894131,0.00916778119728873,-0.0889535030690431));
#636=CARTESIAN_POINT('',(0.0619105361343308,0.00850111362281699,-0.0896274775751644));
#637=CARTESIAN_POINT('',(0.0625280512610225,0.0105011101956347,-0.0876545704368565));
#638=CARTESIAN_POINT('',(0.0624233658457204,0.0098344415960634,-0.0883203755462991));
#639=CARTESIAN_POINT('',(0.0623186804304183,0.00916777299649208,-0.0889861806557418));
#640=CARTESIAN_POINT('',(0.0622139950151162,0.00850110439692076,-0.0896519857651845));
#641=CARTESIAN_POINT('',(0.0636621167732921,0.0105010990436294,-0.0880096354334412));
#642=CARTESIAN_POINT('',(0.0633684204393165,0.00983442858539049,-0.0886162630434482));
#643=CARTESIAN_POINT('',(0.0630747241053409,0.00916775812715161,-0.0892228906534553));
#644=CARTESIAN_POINT('',(0.0627810277713652,0.00850108766891274,-0.0898295182634624));
#645=CARTESIAN_POINT('',(0.0641885401501625,0.0105010940492812,-0.0883154081342041));
#646=CARTESIAN_POINT('',(0.0638071065867255,0.00983442275865097,-0.0888710736274152));
#647=CARTESIAN_POINT('',(0.0634256730232885,0.00916775146802074,-0.0894267391206263));
#648=CARTESIAN_POINT('',(0.0630442394598515,0.0085010801773905,-0.0899824046138374));
#649=CARTESIAN_POINT('',(0.0650104523884724,0.0105010866224587,-0.0890795888662511));
#650=CARTESIAN_POINT('',(0.0644920334520091,0.00983441409402475,-0.0895078909041178));
#651=CARTESIAN_POINT('',(0.0639736145155458,0.00916774156559077,-0.0899361929419846));
#652=CARTESIAN_POINT('',(0.0634551955790825,0.00850106903715679,-0.0903644949798513));
#653=CARTESIAN_POINT('',(0.0653249499924186,0.010501083967774,-0.0895166682884405));
#654=CARTESIAN_POINT('',(0.06475411478864,0.00983441099689256,-0.0898721237559412));
#655=CARTESIAN_POINT('',(0.0641832795848614,0.00916773802601112,-0.0902275792234419));
#656=CARTESIAN_POINT('',(0.0636124443810828,0.00850106505512968,-0.0905830346909426));
#657=CARTESIAN_POINT('',(0.0657082091587904,0.0105010811371149,-0.0903619998764729));
#658=CARTESIAN_POINT('',(0.0650734974272928,0.00983440769445696,-0.0905765667459669));
#659=CARTESIAN_POINT('',(0.0644387856957952,0.009167734251799,-0.090791133615461));
#660=CARTESIAN_POINT('',(0.0638040739642977,0.00850106080914105,-0.0910057004849551));
#661=CARTESIAN_POINT('',(0.0658183050988297,0.0105010805133125,-0.0907512165071186));
#662=CARTESIAN_POINT('',(0.0651652440439944,0.00983440696668749,-0.0909009139381715));
#663=CARTESIAN_POINT('',(0.0645121829891591,0.00916773342006248,-0.0910506113692243));
#664=CARTESIAN_POINT('',(0.0638591219343238,0.00850105987343746,-0.0912003088002772));
#665=CARTESIAN_POINT('',(0.0659185718067559,0.0105010805133112,-0.0915449082521879));
#666=CARTESIAN_POINT('',(0.0652487996339329,0.00983440696668602,-0.0915623237257292));
#667=CARTESIAN_POINT('',(0.0645790274611098,0.00916773342006079,-0.0915797391992705));
#668=CARTESIAN_POINT('',(0.0639092552882868,0.00850105987343557,-0.0915971546728118));
#669=CARTESIAN_POINT('',(0.0659087290965399,0.0105010811371124,-0.0919492766765734));
#670=CARTESIAN_POINT('',(0.0652405973754174,0.00983440769445401,-0.0918992974127174));
#671=CARTESIAN_POINT('',(0.0645724656542949,0.00916773425179564,-0.0918493181488614));
#672=CARTESIAN_POINT('',(0.0639043339331724,0.00850106080913727,-0.0917993388850054));
#673=CARTESIAN_POINT('',(0.0657477364179663,0.0105010839677687,-0.0928633633463044));
#674=CARTESIAN_POINT('',(0.0651064368099298,0.00983441099688635,-0.0926610363041611));
#675=CARTESIAN_POINT('',(0.0644651372018932,0.00916773802600403,-0.0924587092620178));
#676=CARTESIAN_POINT('',(0.0638238375938567,0.0085010650551217,-0.0922563822198745));
#677=CARTESIAN_POINT('',(0.065551816719885,0.0105010866224519,-0.0933649235481682));
#678=CARTESIAN_POINT('',(0.0649431703948529,0.00983441409401681,-0.0930790031390487));
#679=CARTESIAN_POINT('',(0.0643345240698209,0.00916774156558169,-0.0927930827299293));
#680=CARTESIAN_POINT('',(0.0637258777447888,0.00850106903714657,-0.0925071623208098));
#681=CARTESIAN_POINT('',(0.0649457706743387,0.0105010940492717,-0.0943094975841314));
#682=CARTESIAN_POINT('',(0.064438132023539,0.00983442275863986,-0.0938661481690213));
#683=CARTESIAN_POINT('',(0.0639304933727393,0.00916775146800804,-0.0934227987539112));
#684=CARTESIAN_POINT('',(0.0634228547219396,0.00850108017737621,-0.092979449338801));
#685=CARTESIAN_POINT('',(0.0645119285647111,0.0105010990436187,-0.0947365801758788));
#686=CARTESIAN_POINT('',(0.0640765969321656,0.00983442858537802,-0.094222050328813));
#687=CARTESIAN_POINT('',(0.0636412652996202,0.00916775812713736,-0.0937075204817471));
#688=CARTESIAN_POINT('',(0.0632059336670747,0.0085010876688967,-0.0931929906346812));
#689=CARTESIAN_POINT('',(0.0635017930709414,0.0105011101956225,-0.0953625210853587));
#690=CARTESIAN_POINT('',(0.0632348173539861,0.00983444159604911,-0.0947436677533844));
#691=CARTESIAN_POINT('',(0.0629678416370309,0.00916777299647575,-0.09412481442141));
#692=CARTESIAN_POINT('',(0.0627008659200757,0.00850110439690239,-0.0935059610894356));
#693=CARTESIAN_POINT('',(0.06292613268562,0.0105011163462196,-0.0955609320110613));
#694=CARTESIAN_POINT('',(0.0627551003661973,0.00983444877174572,-0.0949090101914725));
#695=CARTESIAN_POINT('',(0.0625840680467746,0.00916778119727188,-0.0942570883718837));
#696=CARTESIAN_POINT('',(0.062413035727352,0.00850111362279804,-0.0936051665522949));
#697=CARTESIAN_POINT('',(0.0617447440648619,0.0105011286093481,-0.0956903124722192));
#698=CARTESIAN_POINT('',(0.0617706098488571,0.00983446307872898,-0.0950168272424426));
#699=CARTESIAN_POINT('',(0.0617964756328522,0.00916779754810989,-0.0943433420126661));
#700=CARTESIAN_POINT('',(0.0618223414168474,0.0085011320174908,-0.0936698567828896));
#701=CARTESIAN_POINT('',(0.0611397852761437,0.0105011347138923,-0.0956211976640946));
#702=CARTESIAN_POINT('',(0.0612664775249044,0.00983447020069728,-0.0949592315690082));
#703=CARTESIAN_POINT('',(0.0613931697736651,0.00916780568750223,-0.0942972654739217));
#704=CARTESIAN_POINT('',(0.0615198620224258,0.00850114117430718,-0.0936352993788353));
#705=CARTESIAN_POINT('',(0.0600180208818626,0.0105011456915196,-0.0952286885334103));
#706=CARTESIAN_POINT('',(0.060331673862966,0.00983448300792911,-0.094632140626776));
#707=CARTESIAN_POINT('',(0.0606453268440694,0.00916782032433861,-0.0940355927201416));
#708=CARTESIAN_POINT('',(0.0609589798251728,0.00850115764074811,-0.0934390448135073));
#709=CARTESIAN_POINT('',(0.0595019458977194,0.0105011505574528,-0.0949055498576107));
#710=CARTESIAN_POINT('',(0.0599016113761634,0.00983448868485111,-0.0943628583969451));
#711=CARTESIAN_POINT('',(0.0603012768546075,0.00916782681224946,-0.0938201669362794));
#712=CARTESIAN_POINT('',(0.0607009423330515,0.00850116493964782,-0.0932774754756138));
#713=CARTESIAN_POINT('',(0.0586589487857505,0.0105011581050368,-0.0940678299500065));
#714=CARTESIAN_POINT('',(0.0591991137828303,0.0098344974903658,-0.0936647584739448));
#715=CARTESIAN_POINT('',(0.05973927877991,0.00916783687569483,-0.0932616869978831));
#716=CARTESIAN_POINT('',(0.0602794437769897,0.00850117626102385,-0.0928586155218215));
#717=CARTESIAN_POINT('',(0.0583325757141401,0.0105011607817718,-0.0935537943372987));
#718=CARTESIAN_POINT('',(0.0589271362231458,0.00983450061322333,-0.0932363954633561));
#719=CARTESIAN_POINT('',(0.0595216967321514,0.00916784044467486,-0.0929189965894136));
#720=CARTESIAN_POINT('',(0.0601162572411571,0.00850118027612639,-0.092601597715471));
#721=CARTESIAN_POINT('',(0.0580354402369773,0.0105011627473853,-0.092721406291148));
#722=CARTESIAN_POINT('',(0.0586795233255034,0.00983450290643906,-0.0925427387582314));
#723=CARTESIAN_POINT('',(0.0593236064140295,0.00916784306549284,-0.0923640712253148));
#724=CARTESIAN_POINT('',(0.0599676895025556,0.00850118322454661,-0.0921854036923982));
#725=CARTESIAN_POINT('',(0.0579678183026778,0.0105011630732389,-0.0924380518903365));
#726=CARTESIAN_POINT('',(0.058623171713586,0.00983450328660163,-0.0923066100908887));
#727=CARTESIAN_POINT('',(0.0592785251244943,0.00916784349996434,-0.0921751682914408));
#728=CARTESIAN_POINT('',(0.0599338785354025,0.00850118371332706,-0.0920437264919929));
#729=CARTESIAN_POINT('',(0.05793152099407,0.0105011630732394,-0.092150729459929));
#730=CARTESIAN_POINT('',(0.0585929239564128,0.00983450328660216,-0.0920671747322157));
#731=CARTESIAN_POINT('',(0.0592543269187557,0.00916784349996495,-0.0919836200045024));
#732=CARTESIAN_POINT('',(0.0599157298810986,0.00850118371332774,-0.0919000652767892));
#733=EDGE_LOOP('',(#1142,#1143));
#734=EDGE_LOOP('',(#1144,#1145,#1146));
#735=EDGE_LOOP('',(#1147,#1148,#1149,#1150,#1151,#1152,#1153,#1154,#1155,#1156));
#736=EDGE_LOOP('',(#1157,#1158));
#737=AXIS2_PLACEMENT_3D('',#1159,#1160,#1161);
#738=EDGE_LOOP('',(#1162,#1163,#1164,#1165,#1166));
#739=AXIS2_PLACEMENT_3D('',#1167,#1168,#1169);
#740=EDGE_LOOP('',(#1170,#1171,#1172,#1173,#1174));
#741=CARTESIAN_POINT('',(0.0872157922522105,0.0105008253654841,-0.0628664582173039));
#742=CARTESIAN_POINT('',(0.0878771952145534,0.00983416557884692,-0.0627829034895906));
#743=CARTESIAN_POINT('',(0.0885385981768962,0.00916750579220971,-0.0626993487618773));
#744=CARTESIAN_POINT('',(0.0892000011392391,0.0085008460055725,-0.062615794034164));
#745=CARTESIAN_POINT('',(0.0871794949436009,0.0105008253654846,-0.062579135786883));
#746=CARTESIAN_POINT('',(0.0878469474573787,0.00983416557884745,-0.0625434681309066));
#747=CARTESIAN_POINT('',(0.0885143999711565,0.00916750579221032,-0.0625078004749301));
#748=CARTESIAN_POINT('',(0.0891818524849343,0.00850084600557319,-0.0624721328189536));
#749=CARTESIAN_POINT('',(0.0871745249475954,0.0105008250396319,-0.0622878665959182));
#750=CARTESIAN_POINT('',(0.0878428057940419,0.00983416519868595,-0.0623007438051024));
#751=CARTESIAN_POINT('',(0.0885110866404884,0.00916750535774003,-0.0623136210142866));
#752=CARTESIAN_POINT('',(0.0891793674869349,0.00850084551679411,-0.0623264982234707));
#753=CARTESIAN_POINT('',(0.0872553186093737,0.0105008230740211,-0.0614077349379242));
#754=CARTESIAN_POINT('',(0.0879101338455305,0.0098341629054734,-0.0615673007567732));
#755=CARTESIAN_POINT('',(0.0885649490816874,0.00916750273692569,-0.0617268665756222));
#756=CARTESIAN_POINT('',(0.0892197643178442,0.00850084256837797,-0.0618864323944712));
#757=CARTESIAN_POINT('',(0.0874436024354751,0.0105008203972878,-0.0608286829594001));
#758=CARTESIAN_POINT('',(0.0880670370339575,0.00983415978261789,-0.0610847574413353));
#759=CARTESIAN_POINT('',(0.0886904716324399,0.00916749916794797,-0.0613408319232705));
#760=CARTESIAN_POINT('',(0.0893139062309223,0.00850083855327804,-0.0615969064052057));
#761=CARTESIAN_POINT('',(0.0880517824619872,0.0105008128497068,-0.0598076365208206));
#762=CARTESIAN_POINT('',(0.0885738537227433,0.00983415097710665,-0.0602338854091824));
#763=CARTESIAN_POINT('',(0.0890959249834994,0.00916748910450654,-0.0606601342975443));
#764=CARTESIAN_POINT('',(0.0896179962442556,0.00850082723190644,-0.0610863831859062));
#765=CARTESIAN_POINT('',(0.0884712825459481,0.0105008079837748,-0.0593663070830838));
#766=CARTESIAN_POINT('',(0.0889234371260607,0.00983414530018606,-0.0598661108777331));
#767=CARTESIAN_POINT('',(0.0893755917061733,0.00916748261659731,-0.0603659146723823));
#768=CARTESIAN_POINT('',(0.0898277462862859,0.00850081993300855,-0.0608657184670315));
#769=CARTESIAN_POINT('',(0.0894601913963367,0.0105007970061492,-0.0587071575859682));
#770=CARTESIAN_POINT('',(0.0897475278347554,0.00983413249295618,-0.059316819630132));
#771=CARTESIAN_POINT('',(0.090034864273174,0.00916746797976315,-0.0599264816742957));
#772=CARTESIAN_POINT('',(0.0903222007115926,0.00850080346657012,-0.0605361437184595));
#773=CARTESIAN_POINT('',(0.0900289560720526,0.0105007909016054,-0.0584897668400876));
#774=CARTESIAN_POINT('',(0.0902214983978727,0.00983412537098842,-0.0591356606752289));
#775=CARTESIAN_POINT('',(0.0904140407236928,0.00916745984037142,-0.0597815545103701));
#776=CARTESIAN_POINT('',(0.090606583049513,0.00850079430975443,-0.0604274483455113));
#777=CARTESIAN_POINT('',(0.0912054047577189,0.010500778638477,-0.0583212828141738));
#778=CARTESIAN_POINT('',(0.0912018723026365,0.00983411106400523,-0.0589952573202954));
#779=CARTESIAN_POINT('',(0.0911983398475541,0.00916744348953349,-0.059669231826417));
#780=CARTESIAN_POINT('',(0.0911948073924717,0.00850077591506175,-0.0603432063325386));
#781=CARTESIAN_POINT('',(0.0918123225191741,0.0105007724878795,-0.0583702991942317));
#782=CARTESIAN_POINT('',(0.0917076371038702,0.00983410388830816,-0.0590361043036743));
#783=CARTESIAN_POINT('',(0.0916029516885663,0.00916743528873684,-0.0597019094131169));
#784=CARTESIAN_POINT('',(0.0914982662732623,0.00850076668916552,-0.0603677145225595));
#785=CARTESIAN_POINT('',(0.0929463880314452,0.0105007613358741,-0.0587253641908232));
#786=CARTESIAN_POINT('',(0.0926526916974675,0.00983409087763525,-0.0593319918008291));
#787=CARTESIAN_POINT('',(0.0923589953634898,0.00916742041939637,-0.059938619410835));
#788=CARTESIAN_POINT('',(0.092065299029512,0.0085007499611575,-0.0605452470208409));
#789=CARTESIAN_POINT('',(0.0934728114083088,0.010500756341526,-0.0590311368915841));
#790=CARTESIAN_POINT('',(0.0930913778448708,0.00983408505089573,-0.0595868023847944));
#791=CARTESIAN_POINT('',(0.0927099442814329,0.0091674137602655,-0.0601424678780046));
#792=CARTESIAN_POINT('',(0.0923285107179949,0.00850074246963526,-0.0606981333712149));
#793=CARTESIAN_POINT('',(0.0942947236466135,0.0105007489147035,-0.0597953176236267));
#794=CARTESIAN_POINT('',(0.0937763047101501,0.00983407638626951,-0.0602236196614934));
#795=CARTESIAN_POINT('',(0.0932578857736867,0.00916740385783553,-0.06065192169936));
#796=CARTESIAN_POINT('',(0.0927394668372233,0.00850073132940155,-0.0610802237372266));
#797=CARTESIAN_POINT('',(0.0946092212505593,0.0105007462600188,-0.0602323970458159));
#798=CARTESIAN_POINT('',(0.0940383860467807,0.00983407328913732,-0.0605878525133165));
#799=CARTESIAN_POINT('',(0.0934675508430021,0.00916740031825588,-0.0609433079808171));
#800=CARTESIAN_POINT('',(0.0928967156392234,0.00850072734737444,-0.0612987634483177));
#801=CARTESIAN_POINT('',(0.0949924804169309,0.0105007434293597,-0.0610777286338478));
#802=CARTESIAN_POINT('',(0.0943577686854333,0.00983406998670172,-0.0612922955033419));
#803=CARTESIAN_POINT('',(0.0937230569539358,0.00916739654404376,-0.0615068623728359));
#804=CARTESIAN_POINT('',(0.0930883452224382,0.00850072310138581,-0.06172142924233));
#805=CARTESIAN_POINT('',(0.0951025763569703,0.0105007428055573,-0.0614669452644936));
#806=CARTESIAN_POINT('',(0.0944495153021349,0.00983406925893225,-0.0616166426955464));
#807=CARTESIAN_POINT('',(0.0937964542472996,0.00916739571230724,-0.0617663401265992));
#808=CARTESIAN_POINT('',(0.0931433931924643,0.00850072216568222,-0.0619160375576521));
#809=CARTESIAN_POINT('',(0.0952028430648964,0.010500742805556,-0.0622606370095628));
#810=CARTESIAN_POINT('',(0.0945330708920734,0.00983406925893078,-0.0622780524831041));
#811=CARTESIAN_POINT('',(0.0938632987192504,0.00916739571230555,-0.0622954679566454));
#812=CARTESIAN_POINT('',(0.0931935265464273,0.00850072216568033,-0.0623128834301867));
#813=CARTESIAN_POINT('',(0.0951930003546804,0.0105007434293571,-0.0626650054339483));
#814=CARTESIAN_POINT('',(0.0945248686335579,0.00983406998669877,-0.0626150261700923));
#815=CARTESIAN_POINT('',(0.0938567369124354,0.0091673965440404,-0.0625650469062363));
#816=CARTESIAN_POINT('',(0.093188605191313,0.00850072310138203,-0.0625150676423802));
#817=CARTESIAN_POINT('',(0.0950320076761065,0.0105007462600134,-0.0635790921036811));
#818=CARTESIAN_POINT('',(0.09439070806807,0.00983407328913111,-0.0633767650615375));
#819=CARTESIAN_POINT('',(0.0937494084600335,0.00916740031824879,-0.0631744380193939));
#820=CARTESIAN_POINT('',(0.093108108851997,0.00850072734736647,-0.0629721109772503));
#821=CARTESIAN_POINT('',(0.0948360879780241,0.0105007489146967,-0.0640806523055466));
#822=CARTESIAN_POINT('',(0.0942274416529923,0.00983407638626157,-0.0637947318964266));
#823=CARTESIAN_POINT('',(0.0936187953279605,0.00916740385782645,-0.0635088114873065));
#824=CARTESIAN_POINT('',(0.0930101490029287,0.00850073132939133,-0.0632228910781865));
#825=CARTESIAN_POINT('',(0.0942300419324818,0.0105007563415164,-0.0650252263415007));
#826=CARTESIAN_POINT('',(0.0937224032816817,0.00983408505088462,-0.0645818769263915));
#827=CARTESIAN_POINT('',(0.0932147646308816,0.0091674137602528,-0.0641385275112823));
#828=CARTESIAN_POINT('',(0.0927071259800815,0.00850074246962097,-0.0636951780961731));
#829=CARTESIAN_POINT('',(0.0937961998228645,0.0105007613358634,-0.0654523089332406));
#830=CARTESIAN_POINT('',(0.0933608681903169,0.00983409087762278,-0.0649377790861769));
#831=CARTESIAN_POINT('',(0.0929255365577693,0.00916742041938212,-0.0644232492391132));
#832=CARTESIAN_POINT('',(0.0924902049252217,0.00850074996114146,-0.0639087193920495));
#833=CARTESIAN_POINT('',(0.0927860643291056,0.0105007724878672,-0.0660782498427241));
#834=CARTESIAN_POINT('',(0.0925190886121464,0.00983410388829387,-0.0654593965107513));
#835=CARTESIAN_POINT('',(0.0922521128951872,0.00916743528872051,-0.0648405431787785));
#836=CARTESIAN_POINT('',(0.0919851371782281,0.00850076668914715,-0.0642216898468057));
#837=CARTESIAN_POINT('',(0.0922104039437808,0.0105007786384643,-0.0662766607684316));
#838=CARTESIAN_POINT('',(0.0920393716243547,0.00983411106399048,-0.0656247389488435));
#839=CARTESIAN_POINT('',(0.0918683393049287,0.00916744348951664,-0.0649728171292555));
#840=CARTESIAN_POINT('',(0.0916973069855027,0.0085007759150428,-0.0643208953096674));
#841=CARTESIAN_POINT('',(0.0910290153230256,0.0105007909015928,-0.0664060412295939));
#842=CARTESIAN_POINT('',(0.0910548811070169,0.00983412537097374,-0.0657325559998174));
#843=CARTESIAN_POINT('',(0.0910807468910082,0.00916745984035465,-0.0650590707700409));
#844=CARTESIAN_POINT('',(0.0911066126749995,0.00850079430973556,-0.0643855855402645));
#845=CARTESIAN_POINT('',(0.0904240565343142,0.0105007970061371,-0.0663369264214743));
#846=CARTESIAN_POINT('',(0.09055074878307,0.00983413249294204,-0.0656749603263871));
#847=CARTESIAN_POINT('',(0.0906774410318257,0.00916746797974699,-0.0650129942312998));
#848=CARTESIAN_POINT('',(0.0908041332805813,0.00850080346655194,-0.0643510281362125));
#849=CARTESIAN_POINT('',(0.0893022921400353,0.0105008079837644,-0.0659444172908022));
#850=CARTESIAN_POINT('',(0.0896159451211334,0.00983414530017387,-0.0653478693841651));
#851=CARTESIAN_POINT('',(0.0899295981022314,0.00916748261658337,-0.0647513214775279));
#852=CARTESIAN_POINT('',(0.0902432510833295,0.00850081993299287,-0.0641547735708907));
#853=CARTESIAN_POINT('',(0.0887862171558886,0.0105008128496975,-0.0656212786150068));
#854=CARTESIAN_POINT('',(0.0891858826343278,0.00983415097709587,-0.0650785871543376));
#855=CARTESIAN_POINT('',(0.0895855481127671,0.00916748910449422,-0.0645358956936685));
#856=CARTESIAN_POINT('',(0.0899852135912063,0.00850082723189258,-0.0639932042329993));
#857=CARTESIAN_POINT('',(0.0879432200439193,0.0105008203972815,-0.0647835587074167));
#858=CARTESIAN_POINT('',(0.0884833850409943,0.00983415978261056,-0.0643804872313491));
#859=CARTESIAN_POINT('',(0.0890235500380694,0.00916749916793959,-0.0639774157552816));
#860=CARTESIAN_POINT('',(0.0895637150351444,0.00850083855326861,-0.063574344279214));
#861=CARTESIAN_POINT('',(0.0876168469723085,0.0105008230740166,-0.0642695230947225));
#862=CARTESIAN_POINT('',(0.0882114074813095,0.0098341629054681,-0.0639521242207718));
#863=CARTESIAN_POINT('',(0.0888059679903105,0.00916750273691962,-0.0636347253468211));
#864=CARTESIAN_POINT('',(0.0894005284993115,0.00850084256837115,-0.0633173264728704));
#865=CARTESIAN_POINT('',(0.0873197114951281,0.01050082503963,-0.0634371350485658));
#866=CARTESIAN_POINT('',(0.0879637945836525,0.00983416519868382,-0.0632584675156421));
#867=CARTESIAN_POINT('',(0.0886078776721769,0.0091675053577376,-0.0630797999827183));
#868=CARTESIAN_POINT('',(0.0892519607607013,0.00850084551679137,-0.0629011324497946));
#869=CARTESIAN_POINT('',(0.0872520895608211,0.0105008253654837,-0.0631537806477332));
#870=CARTESIAN_POINT('',(0.0879074429717289,0.00983416557884639,-0.0630223388482817));
#871=CARTESIAN_POINT('',(0.0885627963826366,0.00916750579220911,-0.0628908970488302));
#872=CARTESIAN_POINT('',(0.0892181497935444,0.00850084600557182,-0.0627594552493787));
#873=CARTESIAN_POINT('',(0.0872157922522105,0.0105008253654841,-0.0628664582173039));
#874=CARTESIAN_POINT('',(0.0878771952145534,0.00983416557884692,-0.0627829034895906));
#875=CARTESIAN_POINT('',(0.0885385981768962,0.00916750579220971,-0.0626993487618773));
#876=CARTESIAN_POINT('',(0.0892000011392391,0.0085008460055725,-0.062615794034164));
#877=EDGE_LOOP('',(#1175,#1176,#1177,#1178,#1179));
#878=AXIS2_PLACEMENT_3D('',#1180,#1181,#1182);
#879=EDGE_LOOP('',(#1183,#1184,#1185,#1186));
#880=AXIS2_PLACEMENT_3D('',#1187,#1188,#1189);
#881=EDGE_LOOP('',(#1190,#1191,#1192,#1193));
#882=AXIS2_PLACEMENT_3D('',#1194,#1195,#1196);
#883=EDGE_LOOP('',(#1197,#1198,#1199,#1200));
#884=AXIS2_PLACEMENT_3D('',#1201,#1202,#1203);
#885=EDGE_LOOP('',(#1204,#1205,#1206,#1207));
#886=AXIS2_PLACEMENT_3D('',#1208,#1209,#1210);
#887=EDGE_LOOP('',(#1211,#1212,#1213,#1214));
#888=AXIS2_PLACEMENT_3D('',#1215,#1216,#1217);
#889=EDGE_LOOP('',(#1218,#1219,#1220,#1221));
#890=AXIS2_PLACEMENT_3D('',#1222,#1223,#1224);
#891=EDGE_LOOP('',(#1225,#1226,#1227,#1228,#1229,#1230,#1231,#1232,#1233,#1234,#1235,#1236,#1237));
#892=AXIS2_PLACEMENT_3D('',#1238,#1239,#1240);
#893=EDGE_LOOP('',(#1241,#1242,#1243,#1244,#1245));
#894=AXIS2_PLACEMENT_3D('',#1246,#1247,#1248);
#895=EDGE_LOOP('',(#1249,#1250,#1251,#1252));
#896=AXIS2_PLACEMENT_3D('',#1253,#1254,#1255);
#897=EDGE_LOOP('',(#1256,#1257,#1258,#1259));
#898=AXIS2_PLACEMENT_3D('',#1260,#1261,#1262);
#899=EDGE_LOOP('',(#1263,#1264,#1265,#1266));
#900=AXIS2_PLACEMENT_3D('',#1267,#1268,#1269);
#901=EDGE_LOOP('',(#1270,#1271,#1272,#1273,#1274,#1275,#1276));
#902=AXIS2_PLACEMENT_3D('',#1277,#1278,#1279);
#903=EDGE_LOOP('',(#1280,#1281,#1282,#1283));
#904=AXIS2_PLACEMENT_3D('',#1284,#1285,#1286);
#905=EDGE_LOOP('',(#1287,#1288,#1289,#1290));
#906=AXIS2_PLACEMENT_3D('',#1291,#1292,#1293);
#907=EDGE_LOOP('',(#1294,#1295,#1296,#1297));
#908=AXIS2_PLACEMENT_3D('',#1298,#1299,#1300);
#909=EDGE_LOOP('',(#1301,#1302,#1303,#1304,#1305,#1306));
#910=AXIS2_PLACEMENT_3D('',#1307,#1308,#1309);
#911=EDGE_LOOP('',(#1310,#1311,#1312,#1313));
#912=AXIS2_PLACEMENT_3D('',#1314,#1315,#1316);
#913=EDGE_LOOP('',(#1317,#1318,#1319,#1320));
#914=AXIS2_PLACEMENT_3D('',#1321,#1322,#1323);
#915=EDGE_LOOP('',(#1324,#1325,#1326,#1327));
#916=AXIS2_PLACEMENT_3D('',#1328,#1329,#1330);
#917=EDGE_LOOP('',(#1331,#1332,#1333,#1334,#1335,#1336,#1337));
#918=AXIS2_PLACEMENT_3D('',#1338,#1339,#1340);
#919=EDGE_LOOP('',(#1341,#1342,#1343,#1344));
#920=AXIS2_PLACEMENT_3D('',#1345,#1346,#1347);
#921=EDGE_LOOP('',(#1348,#1349,#1350,#1351));
#922=AXIS2_PLACEMENT_3D('',#1352,#1353,#1354);
#923=EDGE_LOOP('',(#1355,#1356,#1357,#1358));
#924=AXIS2_PLACEMENT_3D('',#1359,#1360,#1361);
#925=EDGE_LOOP('',(#1362,#1363,#1364,#1365,#1366,#1367,#1368));
#926=AXIS2_PLACEMENT_3D('',#1369,#1370,#1371);
#927=EDGE_LOOP('',(#1372,#1373,#1374,#1375));
#928=AXIS2_PLACEMENT_3D('',#1376,#1377,#1378);
#929=EDGE_LOOP('',(#1379,#1380,#1381,#1382));
#930=AXIS2_PLACEMENT_3D('',#1383,#1384,#1385);
#931=EDGE_LOOP('',(#1386,#1387,#1388,#1389));
#932=AXIS2_PLACEMENT_3D('',#1390,#1391,#1392);
#933=EDGE_LOOP('',(#1393,#1394,#1395,#1396,#1397,#1398));
#934=AXIS2_PLACEMENT_3D('',#1399,#1400,#1401);
#935=EDGE_LOOP('',(#1402,#1403,#1404,#1405));
#936=AXIS2_PLACEMENT_3D('',#1406,#1407,#1408);
#937=EDGE_LOOP('',(#1409,#1410,#1411,#1412));
#938=AXIS2_PLACEMENT_3D('',#1413,#1414,#1415);
#939=EDGE_LOOP('',(#1416,#1417,#1418,#1419));
#940=AXIS2_PLACEMENT_3D('',#1420,#1421,#1422);
#941=EDGE_LOOP('',(#1423,#1424,#1425,#1426,#1427,#1428,#1429));
#942=AXIS2_PLACEMENT_3D('',#1430,#1431,#1432);
#943=EDGE_LOOP('',(#1433,#1434,#1435,#1436,#1437,#1438,#1439));
#944=AXIS2_PLACEMENT_3D('',#1440,#1441,#1442);
#945=EDGE_LOOP('',(#1443,#1444,#1445,#1446,#1447,#1448,#1449));
#946=AXIS2_PLACEMENT_3D('',#1450,#1451,#1452);
#947=EDGE_LOOP('',(#1453,#1454));
#948=EDGE_LOOP('',(#1455,#1456,#1457,#1458,#1459,#1460));
#949=AXIS2_PLACEMENT_3D('',#1461,#1462,#1463);
#950=EDGE_LOOP('',(#1464,#1465,#1466,#1467,#1468,#1469,#1470));
#951=AXIS2_PLACEMENT_3D('',#1471,#1472,#1473);
#952=EDGE_LOOP('',(#1474,#1475,#1476,#1477,#1478,#1479,#1480));
#953=AXIS2_PLACEMENT_3D('',#1481,#1482,#1483);
#954=EDGE_LOOP('',(#1484,#1485,#1486,#1487,#1488,#1489));
#955=AXIS2_PLACEMENT_3D('',#1490,#1491,#1492);
#956=EDGE_LOOP('',(#1493,#1494,#1495,#1496,#1497,#1498));
#957=AXIS2_PLACEMENT_3D('',#1499,#1500,#1501);
#958=EDGE_LOOP('',(#1502,#1503,#1504,#1505,#1506,#1507));
#959=AXIS2_PLACEMENT_3D('',#1508,#1509,#1510);
#960=EDGE_LOOP('',(#1511,#1512,#1513,#1514,#1515,#1516));
#961=EDGE_LOOP('',(#1517,#1518,#1519));
#962=AXIS2_PLACEMENT_3D('',#1520,#1521,#1522);
#963=EDGE_LOOP('',(#1523,#1524,#1525,#1526));
#964=AXIS2_PLACEMENT_3D('',#1527,#1528,#1529);
#965=EDGE_LOOP('',(#1530,#1531,#1532,#1533,#1534,#1535));
#966=EDGE_LOOP('',(#1536,#1537));
#967=AXIS2_PLACEMENT_3D('',#1538,#1539,#1540);
#968=EDGE_LOOP('',(#1541,#1542,#1543,#1544,#1545,#1546));
#969=AXIS2_PLACEMENT_3D('',#1547,#1548,#1549);
#970=EDGE_LOOP('',(#1550,#1551,#1552,#1553));
#971=AXIS2_PLACEMENT_3D('',#1554,#1555,#1556);
#972=EDGE_LOOP('',(#1557,#1558,#1559,#1560));
#973=AXIS2_PLACEMENT_3D('',#1561,#1562,#1563);
#974=EDGE_LOOP('',(#1564,#1565,#1566,#1567,#1568,#1569));
#975=EDGE_LOOP('',(#1570,#1571));
#976=AXIS2_PLACEMENT_3D('',#1572,#1573,#1574);
#977=EDGE_LOOP('',(#1575,#1576,#1577,#1578,#1579));
#978=AXIS2_PLACEMENT_3D('',#1580,#1581,#1582);
#979=EDGE_LOOP('',(#1583,#1584,#1585,#1586));
#980=AXIS2_PLACEMENT_3D('',#1587,#1588,#1589);
#981=EDGE_LOOP('',(#1590,#1591,#1592,#1593));
#982=AXIS2_PLACEMENT_3D('',#1594,#1595,#1596);
#983=FILL_AREA_STYLE_COLOUR('',#1597);
#984=ORIENTED_EDGE('',*,*,#1598,.F.);
#985=ORIENTED_EDGE('',*,*,#1599,.T.);
#986=ORIENTED_EDGE('',*,*,#1600,.T.);
#987=ORIENTED_EDGE('',*,*,#1601,.T.);
#988=ORIENTED_EDGE('',*,*,#1602,.T.);
#989=ORIENTED_EDGE('',*,*,#1603,.F.);
#990=ORIENTED_EDGE('',*,*,#1604,.T.);
#991=ORIENTED_EDGE('',*,*,#1605,.T.);
#992=ORIENTED_EDGE('',*,*,#1606,.T.);
#993=ORIENTED_EDGE('',*,*,#1607,.T.);
#994=ORIENTED_EDGE('',*,*,#1608,.F.);
#995=ORIENTED_EDGE('',*,*,#1609,.T.);
#996=ORIENTED_EDGE('',*,*,#1610,.T.);
#997=ORIENTED_EDGE('',*,*,#1611,.F.);
#998=CARTESIAN_POINT('',(0.122908169009407,0.00870028173267209,0.0748999016258303));
#999=DIRECTION('',(-0.375097247254253,5.03947427202611E-06,-0.926985466486333));
#1000=DIRECTION('',(-0.655484949177462,-0.707100413028612,0.265232892561586));
#1001=ORIENTED_EDGE('',*,*,#1612,.F.);
#1002=ORIENTED_EDGE('',*,*,#1613,.T.);
#1003=ORIENTED_EDGE('',*,*,#1614,.T.);
#1004=ORIENTED_EDGE('',*,*,#1615,.F.);
#1005=CARTESIAN_POINT('',(0.171894251166339,0.00869994629552542,-0.0535272025638517));
#1006=DIRECTION('',(-0.926985466584361,9.97621201761787E-06,-0.375097246913184));
#1007=DIRECTION('',(0.265226567097816,-0.707108648955988,-0.655478624119159));
#1008=ORIENTED_EDGE('',*,*,#1616,.F.);
#1009=ORIENTED_EDGE('',*,*,#1617,.T.);
#1010=ORIENTED_EDGE('',*,*,#1618,.T.);
#1011=ORIENTED_EDGE('',*,*,#1619,.T.);
#1012=ORIENTED_EDGE('',*,*,#1615,.T.);
#1013=ORIENTED_EDGE('',*,*,#1620,.T.);
#1014=CARTESIAN_POINT('',(0.0620469888129984,0.00870112009920521,-0.0915034243699184));
#1015=DIRECTION('',(-1.02386147236979E-05,-0.999999999946749,-1.29343783326254E-06));
#1016=DIRECTION('',(-0.999999999947585,1.02386147237065E-05,3.49148336092711E-15));
#1017=ORIENTED_EDGE('',*,*,#1621,.F.);
#1018=ORIENTED_EDGE('',*,*,#1622,.T.);
#1019=ORIENTED_EDGE('',*,*,#1623,.T.);
#1020=ORIENTED_EDGE('',*,*,#1624,.F.);
#1021=CARTESIAN_POINT('',(0.148863762069825,0.00870002956797399,0.0643971787018255));
#1022=DIRECTION('',(0.375097247254256,-5.03947427207905E-06,0.926985466486333));
#1023=DIRECTION('',(0.655470469589666,-0.707113149269177,-0.265234721758916));
#1024=ORIENTED_EDGE('',*,*,#1625,.F.);
#1025=ORIENTED_EDGE('',*,*,#1626,.T.);
#1026=ORIENTED_EDGE('',*,*,#1627,.T.);
#1027=ORIENTED_EDGE('',*,*,#1628,.F.);
#1028=CARTESIAN_POINT('',(0.161391528252967,0.00870002025691282,-0.027571609498013));
#1029=DIRECTION('',(0.926985466584364,-9.97621201767081E-06,0.375097246913176));
#1030=DIRECTION('',(-0.265241046685615,-0.707104913341796,0.655476794921842));
#1031=ORIENTED_EDGE('',*,*,#1629,.F.);
#1032=ORIENTED_EDGE('',*,*,#1630,.T.);
#1033=ORIENTED_EDGE('',*,*,#1631,.T.);
#1034=ORIENTED_EDGE('',*,*,#1624,.T.);
#1035=ORIENTED_EDGE('',*,*,#1632,.T.);
#1036=CARTESIAN_POINT('',(0.0910383668455714,0.00870078576911004,-0.0625120463471222));
#1037=DIRECTION('',(-1.02386147236979E-05,-0.999999999946749,-1.29343783326254E-06));
#1038=DIRECTION('',(-0.999999999947585,1.02386147237065E-05,3.49148336092711E-15));
#1039=ORIENTED_EDGE('',*,*,#1633,.F.);
#1040=ORIENTED_EDGE('',*,*,#1634,.T.);
#1041=ORIENTED_EDGE('',*,*,#1635,.F.);
#1042=ORIENTED_EDGE('',*,*,#1636,.T.);
#1043=CARTESIAN_POINT('',(0.0765426318821399,0.00630019346067544,-0.0770078081578191));
#1044=DIRECTION('',(-8.15439256402642E-06,-0.999999999946749,6.32519523814006E-06));
#1045=DIRECTION('',(-0.707106781149482,1.02386147237065E-05,0.707106781149488));
#1046=ORIENTED_EDGE('',*,*,#1637,.F.);
#1047=ORIENTED_EDGE('',*,*,#1638,.T.);
#1048=ORIENTED_EDGE('',*,*,#1639,.T.);
#1049=ORIENTED_EDGE('',*,*,#1640,.F.);
#1050=ORIENTED_EDGE('',*,*,#1641,.T.);
#1051=CARTESIAN_POINT('',(0.0765425918249213,0.000300952934604909,-0.077007746223398));
#1052=DIRECTION('',(-1.02386147236979E-05,-0.999999999946749,-1.29343783326254E-06));
#1053=DIRECTION('',(0.0,1.29343783333033E-06,-0.999999999999163));
#1054=ORIENTED_EDGE('',*,*,#1642,.F.);
#1055=ORIENTED_EDGE('',*,*,#1643,.T.);
#1056=ORIENTED_EDGE('',*,*,#1644,.F.);
#1057=ORIENTED_EDGE('',*,*,#1645,.F.);
#1058=CARTESIAN_POINT('',(0.0718049668737026,0.000221062613320331,-0.081745385141043));
#1059=DIRECTION('',(8.15439256354986E-06,0.999999999946749,-6.3251952387866E-06));
#1060=DIRECTION('',(0.999999999966753,-8.15439256371298E-06,6.54009858990956E-27));
#1061=ORIENTED_EDGE('',*,*,#1646,.F.);
#1062=ORIENTED_EDGE('',*,*,#1647,.F.);
#1063=ORIENTED_EDGE('',*,*,#1648,.F.);
#1064=ORIENTED_EDGE('',*,*,#1649,.T.);
#1065=CARTESIAN_POINT('',(0.0830142853455857,0.00022099020603714,-0.0787418573108259));
#1066=DIRECTION('',(8.15439256354986E-06,0.999999999946749,-6.3251952387866E-06));
#1067=DIRECTION('',(0.999999999966753,-8.15439256371298E-06,6.54009858990949E-27));
#1068=ORIENTED_EDGE('',*,*,#1650,.F.);
#1069=ORIENTED_EDGE('',*,*,#1651,.F.);
#1070=ORIENTED_EDGE('',*,*,#1652,.F.);
#1071=ORIENTED_EDGE('',*,*,#1653,.T.);
#1072=CARTESIAN_POINT('',(0.0812801977433735,0.000221045281253348,-0.0722701542749302));
#1073=DIRECTION('',(8.15439256354986E-06,0.999999999946749,-6.3251952387866E-06));
#1074=DIRECTION('',(0.999999999966753,-8.15439256371298E-06,6.5400985899095E-27));
#1075=ORIENTED_EDGE('',*,*,#1654,.F.);
#1076=ORIENTED_EDGE('',*,*,#1655,.T.);
#1077=ORIENTED_EDGE('',*,*,#1656,.F.);
#1078=ORIENTED_EDGE('',*,*,#1657,.F.);
#1079=CARTESIAN_POINT('',(0.0700708792745061,0.00022111768853657,-0.0752736821043393));
#1080=DIRECTION('',(8.15439256354986E-06,0.999999999946749,-6.3251952387866E-06));
#1081=DIRECTION('',(0.999999999966753,-8.15439256371298E-06,6.54009858990976E-27));
#1082=ORIENTED_EDGE('',*,*,#1658,.F.);
#1083=ORIENTED_EDGE('',*,*,#1659,.F.);
#1084=ORIENTED_EDGE('',*,*,#1660,.F.);
#1085=ORIENTED_EDGE('',*,*,#1661,.F.);
#1086=CARTESIAN_POINT('',(0.0765426433044826,0.00770095293421088,-0.0770078170178962));
#1087=DIRECTION('',(8.15439256402641E-06,0.999999999946749,-6.32519523814005E-06));
#1088=DIRECTION('',(0.707106781149483,-1.02386147237065E-05,-0.707106781149487));
#1089=ORIENTED_EDGE('',*,*,#1662,.F.);
#1090=ORIENTED_EDGE('',*,*,#1663,.T.);
#1091=ORIENTED_EDGE('',*,*,#1626,.F.);
#1092=ORIENTED_EDGE('',*,*,#1664,.F.);
#1093=ORIENTED_EDGE('',*,*,#1665,.T.);
#1094=ORIENTED_EDGE('',*,*,#1666,.F.);
#1095=ORIENTED_EDGE('',*,*,#1667,.F.);
#1096=ORIENTED_EDGE('',*,*,#1609,.F.);
#1097=ORIENTED_EDGE('',*,*,#1668,.F.);
#1098=ORIENTED_EDGE('',*,*,#1669,.T.);
#1099=ORIENTED_EDGE('',*,*,#1670,.F.);
#1100=ORIENTED_EDGE('',*,*,#1671,.F.);
#1101=ORIENTED_EDGE('',*,*,#1639,.F.);
#1102=CARTESIAN_POINT('',(0.0765425959203671,0.00070095293458361,-0.0770077457060228));
#1103=DIRECTION('',(1.02386147236979E-05,0.999999999946749,1.29343783326254E-06));
#1104=DIRECTION('',(0.999999999947585,-1.02386147237065E-05,-3.55271367861519E-15));
#1105=ORIENTED_EDGE('',*,*,#1672,.F.);
#1106=ORIENTED_EDGE('',*,*,#1617,.F.);
#1107=ORIENTED_EDGE('',*,*,#1673,.F.);
#1108=ORIENTED_EDGE('',*,*,#1674,.T.);
#1109=ORIENTED_EDGE('',*,*,#1675,.T.);
#1110=CARTESIAN_POINT('',(0.0620469997683162,0.00977112009914822,-0.0915034229859399));
#1111=DIRECTION('',(1.02386147236979E-05,0.999999999946749,1.29343783326254E-06));
#1112=DIRECTION('',(-0.707106781282268,8.15439256525607E-06,-0.707106781043808));
#1113=ORIENTED_EDGE('',*,*,#1676,.F.);
#1114=ORIENTED_EDGE('',*,*,#1677,.F.);
#1115=ORIENTED_EDGE('',*,*,#1632,.F.);
#1116=ORIENTED_EDGE('',*,*,#1678,.T.);
#1117=ORIENTED_EDGE('',*,*,#1679,.T.);
#1118=CARTESIAN_POINT('',(0.0910383778008892,0.00977078576905305,-0.0625120449631437));
#1119=DIRECTION('',(1.02386147236979E-05,0.999999999946749,1.29343783326254E-06));
#1120=DIRECTION('',(0.707106781282268,-8.15439256525607E-06,0.707106781043808));
#1121=ORIENTED_EDGE('',*,*,#1680,.F.);
#1122=ORIENTED_EDGE('',*,*,#1681,.T.);
#1123=ORIENTED_EDGE('',*,*,#1682,.F.);
#1124=ORIENTED_EDGE('',*,*,#1599,.F.);
#1125=ORIENTED_EDGE('',*,*,#1683,.F.);
#1126=CARTESIAN_POINT('',(0.0911842386951163,0.00770079560690056,-0.0623651262293063));
#1127=DIRECTION('',(1.02386147236979E-05,-0.999999999946749,1.29343783326251E-06));
#1128=DIRECTION('',(0.999999999947585,1.02386147237065E-05,-3.55429215597108E-15));
#1129=ORIENTED_EDGE('',*,*,#1684,.F.);
#1130=ORIENTED_EDGE('',*,*,#1685,.T.);
#1131=ORIENTED_EDGE('',*,*,#1686,.F.);
#1132=ORIENTED_EDGE('',*,*,#1604,.F.);
#1133=ORIENTED_EDGE('',*,*,#1687,.F.);
#1134=CARTESIAN_POINT('',(0.0618999674372119,0.00770111025055054,-0.0916493974719016));
#1135=DIRECTION('',(1.02386147236979E-05,-0.999999999946749,1.29343783326251E-06));
#1136=DIRECTION('',(0.999999999947586,1.02386147237065E-05,-3.55429215597637E-15));
#1137=ORIENTED_EDGE('',*,*,#1603,.T.);
#1138=ORIENTED_EDGE('',*,*,#1688,.T.);
#1139=ORIENTED_EDGE('',*,*,#1606,.F.);
#1140=ORIENTED_EDGE('',*,*,#1689,.T.);
#1141=ORIENTED_EDGE('',*,*,#1687,.T.);
#1142=ORIENTED_EDGE('',*,*,#1690,.F.);
#1143=ORIENTED_EDGE('',*,*,#1602,.F.);
#1144=ORIENTED_EDGE('',*,*,#1691,.T.);
#1145=ORIENTED_EDGE('',*,*,#1659,.T.);
#1146=ORIENTED_EDGE('',*,*,#1692,.T.);
#1147=ORIENTED_EDGE('',*,*,#1693,.T.);
#1148=ORIENTED_EDGE('',*,*,#1694,.F.);
#1149=ORIENTED_EDGE('',*,*,#1695,.F.);
#1150=ORIENTED_EDGE('',*,*,#1675,.F.);
#1151=ORIENTED_EDGE('',*,*,#1696,.F.);
#1152=ORIENTED_EDGE('',*,*,#1666,.T.);
#1153=ORIENTED_EDGE('',*,*,#1697,.F.);
#1154=ORIENTED_EDGE('',*,*,#1698,.F.);
#1155=ORIENTED_EDGE('',*,*,#1679,.F.);
#1156=ORIENTED_EDGE('',*,*,#1699,.F.);
#1157=ORIENTED_EDGE('',*,*,#1688,.F.);
#1158=ORIENTED_EDGE('',*,*,#1607,.F.);
#1159=CARTESIAN_POINT('',(0.162144556211282,0.0104996797921935,0.229692283242876));
#1160=DIRECTION('',(1.02386147236979E-05,0.999999999946749,1.29343783326254E-06));
#1161=DIRECTION('',(0.999999999947585,-1.02386147234465E-05,-2.0100240916143E-10));
#1162=ORIENTED_EDGE('',*,*,#1684,.T.);
#1163=ORIENTED_EDGE('',*,*,#1689,.F.);
#1164=ORIENTED_EDGE('',*,*,#1605,.F.);
#1165=ORIENTED_EDGE('',*,*,#1686,.T.);
#1166=ORIENTED_EDGE('',*,*,#1700,.T.);
#1167=CARTESIAN_POINT('',(0.0618999674372119,0.00770111025055054,-0.0916493974719016));
#1168=DIRECTION('',(1.02386147236979E-05,-0.999999999946749,1.29343783326251E-06));
#1169=DIRECTION('',(0.999999999947586,1.02386147237065E-05,-3.55429215597637E-15));
#1170=ORIENTED_EDGE('',*,*,#1598,.T.);
#1171=ORIENTED_EDGE('',*,*,#1690,.T.);
#1172=ORIENTED_EDGE('',*,*,#1601,.F.);
#1173=ORIENTED_EDGE('',*,*,#1701,.T.);
#1174=ORIENTED_EDGE('',*,*,#1683,.T.);
#1175=ORIENTED_EDGE('',*,*,#1680,.T.);
#1176=ORIENTED_EDGE('',*,*,#1701,.F.);
#1177=ORIENTED_EDGE('',*,*,#1600,.F.);
#1178=ORIENTED_EDGE('',*,*,#1682,.T.);
#1179=ORIENTED_EDGE('',*,*,#1702,.T.);
#1180=CARTESIAN_POINT('',(0.0911842386951163,0.00770079560690056,-0.0623651262293063));
#1181=DIRECTION('',(1.02386147236979E-05,-0.999999999946749,1.29343783326251E-06));
#1182=DIRECTION('',(0.999999999947585,1.02386147237065E-05,-3.55429215597108E-15));
#1183=ORIENTED_EDGE('',*,*,#1623,.F.);
#1184=ORIENTED_EDGE('',*,*,#1703,.T.);
#1185=ORIENTED_EDGE('',*,*,#1699,.T.);
#1186=ORIENTED_EDGE('',*,*,#1678,.F.);
#1187=CARTESIAN_POINT('',(0.0904474649452446,0.00920081784589988,-0.0826341934210894));
#1188=DIRECTION('',(0.926985466443488,-9.00588207509372E-06,-0.375097247285879));
#1189=DIRECTION('',(-0.37509724730109,0.0,-0.92698546648108));
#1190=ORIENTED_EDGE('',*,*,#1676,.T.);
#1191=ORIENTED_EDGE('',*,*,#1698,.T.);
#1192=ORIENTED_EDGE('',*,*,#1704,.F.);
#1193=ORIENTED_EDGE('',*,*,#1705,.F.);
#1194=CARTESIAN_POINT('',(0.0910383778008892,0.00977078576905305,-0.0625120449631437));
#1195=DIRECTION('',(1.02386147236979E-05,0.999999999946749,1.29343783326254E-06));
#1196=DIRECTION('',(0.707106781282268,-8.15439256525607E-06,0.707106781043808));
#1197=ORIENTED_EDGE('',*,*,#1706,.F.);
#1198=ORIENTED_EDGE('',*,*,#1704,.T.);
#1199=ORIENTED_EDGE('',*,*,#1697,.T.);
#1200=ORIENTED_EDGE('',*,*,#1665,.F.);
#1201=CARTESIAN_POINT('',(0.0709162242450007,0.00920099255630283,-0.0631029527122441));
#1202=DIRECTION('',(-0.375097246906105,2.64147812170802E-06,0.926985466637144));
#1203=DIRECTION('',(9.94910626171735E-21,-0.99999999999594,2.84953563649696E-06));
#1204=ORIENTED_EDGE('',*,*,#1610,.F.);
#1205=ORIENTED_EDGE('',*,*,#1667,.T.);
#1206=ORIENTED_EDGE('',*,*,#1696,.T.);
#1207=ORIENTED_EDGE('',*,*,#1674,.F.);
#1208=CARTESIAN_POINT('',(0.06263790095194,0.00920108802236213,-0.0713812760025131));
#1209=DIRECTION('',(-0.926985466443489,9.00588207509372E-06,0.375097247285876));
#1210=DIRECTION('',(0.375097247301088,0.0,0.926985466481081));
#1211=ORIENTED_EDGE('',*,*,#1672,.T.);
#1212=ORIENTED_EDGE('',*,*,#1695,.T.);
#1213=ORIENTED_EDGE('',*,*,#1707,.F.);
#1214=ORIENTED_EDGE('',*,*,#1618,.F.);
#1215=CARTESIAN_POINT('',(0.0620469997683162,0.00977112009914822,-0.0915034229859399));
#1216=DIRECTION('',(1.02386147236979E-05,0.999999999946749,1.29343783326254E-06));
#1217=DIRECTION('',(-0.707106781282268,8.15439256525607E-06,-0.707106781043808));
#1218=ORIENTED_EDGE('',*,*,#1708,.F.);
#1219=ORIENTED_EDGE('',*,*,#1707,.T.);
#1220=ORIENTED_EDGE('',*,*,#1694,.T.);
#1221=ORIENTED_EDGE('',*,*,#1709,.F.);
#1222=CARTESIAN_POINT('',(0.082169141652184,0.00920091331195918,-0.0909125167113583));
#1223=DIRECTION('',(0.375097246906114,-2.64147812170812E-06,-0.92698546663714));
#1224=DIRECTION('',(-9.94910626171777E-21,0.99999999999594,-2.84953563649707E-06));
#1225=ORIENTED_EDGE('',*,*,#1662,.T.);
#1226=ORIENTED_EDGE('',*,*,#1638,.F.);
#1227=ORIENTED_EDGE('',*,*,#1710,.F.);
#1228=ORIENTED_EDGE('',*,*,#1670,.T.);
#1229=ORIENTED_EDGE('',*,*,#1711,.T.);
#1230=ORIENTED_EDGE('',*,*,#1613,.F.);
#1231=ORIENTED_EDGE('',*,*,#1712,.F.);
#1232=ORIENTED_EDGE('',*,*,#1709,.T.);
#1233=ORIENTED_EDGE('',*,*,#1693,.F.);
#1234=ORIENTED_EDGE('',*,*,#1703,.F.);
#1235=ORIENTED_EDGE('',*,*,#1622,.F.);
#1236=ORIENTED_EDGE('',*,*,#1713,.F.);
#1237=ORIENTED_EDGE('',*,*,#1714,.T.);
#1238=CARTESIAN_POINT('',(0.0765425959203671,0.00070095293458361,-0.0770077457060228));
#1239=DIRECTION('',(1.02386147236979E-05,0.999999999946749,1.29343783326254E-06));
#1240=DIRECTION('',(0.999999999947585,-1.02386147237065E-05,-3.55271367861519E-15));
#1241=ORIENTED_EDGE('',*,*,#1658,.T.);
#1242=ORIENTED_EDGE('',*,*,#1634,.F.);
#1243=ORIENTED_EDGE('',*,*,#1660,.T.);
#1244=ORIENTED_EDGE('',*,*,#1691,.F.);
#1245=ORIENTED_EDGE('',*,*,#1692,.F.);
#1246=CARTESIAN_POINT('',(0.0765426433044826,0.00770095293421088,-0.0770078170178962));
#1247=DIRECTION('',(8.15439256402641E-06,0.999999999946749,-6.32519523814005E-06));
#1248=DIRECTION('',(0.707106781149483,-1.02386147237065E-05,-0.707106781149487));
#1249=ORIENTED_EDGE('',*,*,#1715,.T.);
#1250=ORIENTED_EDGE('',*,*,#1716,.F.);
#1251=ORIENTED_EDGE('',*,*,#1717,.F.);
#1252=ORIENTED_EDGE('',*,*,#1718,.F.);
#1253=CARTESIAN_POINT('',(0.070264003119602,-0.00729882485603417,-0.0753253983467908));
#1254=DIRECTION('',(0.965925826199969,-9.51361936769244E-06,-0.258819045260193));
#1255=DIRECTION('',(-0.258819045271906,0.0,-0.965925826243682));
#1256=ORIENTED_EDGE('',*,*,#1654,.T.);
#1257=ORIENTED_EDGE('',*,*,#1719,.F.);
#1258=ORIENTED_EDGE('',*,*,#1715,.F.);
#1259=ORIENTED_EDGE('',*,*,#1720,.T.);
#1260=CARTESIAN_POINT('',(0.0700708792745061,0.00022111768853657,-0.0752736821043393));
#1261=DIRECTION('',(8.15439256354986E-06,0.999999999946749,-6.3251952387866E-06));
#1262=DIRECTION('',(0.999999999966753,-8.15439256371298E-06,6.54009858990976E-27));
#1263=ORIENTED_EDGE('',*,*,#1656,.T.);
#1264=ORIENTED_EDGE('',*,*,#1721,.F.);
#1265=ORIENTED_EDGE('',*,*,#1722,.T.);
#1266=ORIENTED_EDGE('',*,*,#1723,.F.);
#1267=CARTESIAN_POINT('',(0.070264003119602,-0.00729882485603417,-0.0753253983467908));
#1268=DIRECTION('',(0.965925826199969,-9.51361936769244E-06,-0.258819045260193));
#1269=DIRECTION('',(-0.258819045271906,0.0,-0.965925826243682));
#1270=ORIENTED_EDGE('',*,*,#1718,.T.);
#1271=ORIENTED_EDGE('',*,*,#1724,.F.);
#1272=ORIENTED_EDGE('',*,*,#1725,.T.);
#1273=ORIENTED_EDGE('',*,*,#1726,.F.);
#1274=ORIENTED_EDGE('',*,*,#1721,.T.);
#1275=ORIENTED_EDGE('',*,*,#1655,.F.);
#1276=ORIENTED_EDGE('',*,*,#1720,.F.);
#1277=CARTESIAN_POINT('',(0.0993294559128669,0.000461508520947625,0.0322209692426139));
#1278=DIRECTION('',(0.683006935802949,-0.707113508293651,-0.183008229415268));
#1279=DIRECTION('',(-0.258815182343729,5.88790273448312E-17,-0.965926861303889));
#1280=ORIENTED_EDGE('',*,*,#1727,.T.);
#1281=ORIENTED_EDGE('',*,*,#1728,.F.);
#1282=ORIENTED_EDGE('',*,*,#1729,.F.);
#1283=ORIENTED_EDGE('',*,*,#1730,.F.);
#1284=CARTESIAN_POINT('',(0.0748601971981737,-0.00729883326338011,-0.0707292042699451));
#1285=DIRECTION('',(0.258819044881245,-8.22018153243968E-06,-0.965925826313381));
#1286=DIRECTION('',(-0.965925826346016,0.0,-0.25881904488999));
#1287=ORIENTED_EDGE('',*,*,#1731,.F.);
#1288=ORIENTED_EDGE('',*,*,#1732,.F.);
#1289=ORIENTED_EDGE('',*,*,#1727,.F.);
#1290=ORIENTED_EDGE('',*,*,#1733,.T.);
#1291=CARTESIAN_POINT('',(0.0748084947082377,0.000221109022503073,-0.0705360666701791));
#1292=DIRECTION('',(8.15439256354986E-06,0.999999999946749,-6.3251952387866E-06));
#1293=DIRECTION('',(0.999999999966753,-8.15439256371298E-06,6.54009858990949E-27));
#1294=ORIENTED_EDGE('',*,*,#1731,.T.);
#1295=ORIENTED_EDGE('',*,*,#1734,.F.);
#1296=ORIENTED_EDGE('',*,*,#1717,.T.);
#1297=ORIENTED_EDGE('',*,*,#1735,.F.);
#1298=CARTESIAN_POINT('',(0.0748601971981737,-0.00729883326338011,-0.0707292042699451));
#1299=DIRECTION('',(0.258819044881245,-8.22018153243968E-06,-0.965925826313381));
#1300=DIRECTION('',(-0.965925826346016,0.0,-0.25881904488999));
#1301=ORIENTED_EDGE('',*,*,#1730,.T.);
#1302=ORIENTED_EDGE('',*,*,#1736,.F.);
#1303=ORIENTED_EDGE('',*,*,#1737,.T.);
#1304=ORIENTED_EDGE('',*,*,#1724,.T.);
#1305=ORIENTED_EDGE('',*,*,#1734,.T.);
#1306=ORIENTED_EDGE('',*,*,#1733,.F.);
#1307=CARTESIAN_POINT('',(0.223873407783667,0.000460092741242498,-0.0310497148921043));
#1308=DIRECTION('',(0.183006935709475,-0.707112593694998,-0.683008229320966));
#1309=DIRECTION('',(-0.965927441230889,7.850526825226E-17,-0.258813017982378));
#1310=ORIENTED_EDGE('',*,*,#1652,.T.);
#1311=ORIENTED_EDGE('',*,*,#1738,.F.);
#1312=ORIENTED_EDGE('',*,*,#1739,.F.);
#1313=ORIENTED_EDGE('',*,*,#1740,.F.);
#1314=CARTESIAN_POINT('',(0.0709563774193873,-0.007298895101906,-0.06222919041505));
#1315=DIRECTION('',(-0.707106781318724,1.29343783525276E-06,-0.707106781053189));
#1316=DIRECTION('',(-0.70710678105378,0.0,0.707106781319315));
#1317=ORIENTED_EDGE('',*,*,#1650,.T.);
#1318=ORIENTED_EDGE('',*,*,#1741,.T.);
#1319=ORIENTED_EDGE('',*,*,#1742,.F.);
#1320=ORIENTED_EDGE('',*,*,#1743,.F.);
#1321=CARTESIAN_POINT('',(0.0812801977433735,0.000221045281253348,-0.0722701542749302));
#1322=DIRECTION('',(8.15439256354986E-06,0.999999999946749,-6.3251952387866E-06));
#1323=DIRECTION('',(0.999999999966753,-8.15439256371298E-06,6.5400985899095E-27));
#1324=ORIENTED_EDGE('',*,*,#1742,.T.);
#1325=ORIENTED_EDGE('',*,*,#1744,.F.);
#1326=ORIENTED_EDGE('',*,*,#1729,.T.);
#1327=ORIENTED_EDGE('',*,*,#1745,.F.);
#1328=CARTESIAN_POINT('',(0.0709563774193873,-0.007298895101906,-0.06222919041505));
#1329=DIRECTION('',(-0.707106781318724,1.29343783525276E-06,-0.707106781053189));
#1330=DIRECTION('',(-0.70710678105378,0.0,0.707106781319315));
#1331=ORIENTED_EDGE('',*,*,#1740,.T.);
#1332=ORIENTED_EDGE('',*,*,#1746,.F.);
#1333=ORIENTED_EDGE('',*,*,#1747,.T.);
#1334=ORIENTED_EDGE('',*,*,#1736,.T.);
#1335=ORIENTED_EDGE('',*,*,#1744,.T.);
#1336=ORIENTED_EDGE('',*,*,#1741,.F.);
#1337=ORIENTED_EDGE('',*,*,#1653,.F.);
#1338=CARTESIAN_POINT('',(0.106142767407475,0.00046063083974348,-0.0977549060509307));
#1339=DIRECTION('',(-0.500005766119734,-0.707105866550238,-0.499995527317249));
#1340=DIRECTION('',(-0.70709954123218,3.92522606945799E-17,0.707114021066787));
#1341=ORIENTED_EDGE('',*,*,#1648,.T.);
#1342=ORIENTED_EDGE('',*,*,#1748,.F.);
#1343=ORIENTED_EDGE('',*,*,#1749,.F.);
#1344=ORIENTED_EDGE('',*,*,#1750,.F.);
#1345=CARTESIAN_POINT('',(0.0828210388602016,-0.00729894853308596,-0.0786900459351733));
#1346=DIRECTION('',(-0.965925826199969,9.51361936769244E-06,0.258819045260193));
#1347=DIRECTION('',(0.258819045271906,0.0,0.965925826243682));
#1348=ORIENTED_EDGE('',*,*,#1646,.T.);
#1349=ORIENTED_EDGE('',*,*,#1751,.T.);
#1350=ORIENTED_EDGE('',*,*,#1752,.F.);
#1351=ORIENTED_EDGE('',*,*,#1753,.F.);
#1352=CARTESIAN_POINT('',(0.0830142853455857,0.00022099020603714,-0.0787418573108259));
#1353=DIRECTION('',(8.15439256354986E-06,0.999999999946749,-6.3251952387866E-06));
#1354=DIRECTION('',(0.999999999966753,-8.15439256371298E-06,6.54009858990949E-27));
#1355=ORIENTED_EDGE('',*,*,#1752,.T.);
#1356=ORIENTED_EDGE('',*,*,#1754,.F.);
#1357=ORIENTED_EDGE('',*,*,#1739,.T.);
#1358=ORIENTED_EDGE('',*,*,#1755,.F.);
#1359=CARTESIAN_POINT('',(0.0828210388602016,-0.00729894853308596,-0.0786900459351733));
#1360=DIRECTION('',(-0.965925826199969,9.51361936769244E-06,0.258819045260193));
#1361=DIRECTION('',(0.258819045271906,0.0,0.965925826243682));
#1362=ORIENTED_EDGE('',*,*,#1750,.T.);
#1363=ORIENTED_EDGE('',*,*,#1756,.F.);
#1364=ORIENTED_EDGE('',*,*,#1757,.T.);
#1365=ORIENTED_EDGE('',*,*,#1746,.T.);
#1366=ORIENTED_EDGE('',*,*,#1754,.T.);
#1367=ORIENTED_EDGE('',*,*,#1751,.F.);
#1368=ORIENTED_EDGE('',*,*,#1649,.F.);
#1369=CARTESIAN_POINT('',(0.111422944827645,0.000461389409472107,0.0289805286519515));
#1370=DIRECTION('',(-0.683018467855481,-0.70710005400414,0.183017174592152));
#1371=DIRECTION('',(0.258822908122443,3.92519380334544E-17,0.965924791187721));
#1372=ORIENTED_EDGE('',*,*,#1758,.T.);
#1373=ORIENTED_EDGE('',*,*,#1759,.F.);
#1374=ORIENTED_EDGE('',*,*,#1760,.F.);
#1375=ORIENTED_EDGE('',*,*,#1761,.F.);
#1376=CARTESIAN_POINT('',(0.07822484478163,-0.00729894012574002,-0.083286240012019));
#1377=DIRECTION('',(-0.258819044881245,8.22018153243968E-06,0.965925826313381));
#1378=DIRECTION('',(0.965925826346016,0.0,0.25881904488999));
#1379=ORIENTED_EDGE('',*,*,#1762,.F.);
#1380=ORIENTED_EDGE('',*,*,#1763,.F.);
#1381=ORIENTED_EDGE('',*,*,#1758,.F.);
#1382=ORIENTED_EDGE('',*,*,#1764,.T.);
#1383=CARTESIAN_POINT('',(0.0782766699096464,0.000220998872070543,-0.0834794727427785));
#1384=DIRECTION('',(8.15439256354986E-06,0.999999999946749,-6.3251952387866E-06));
#1385=DIRECTION('',(0.999999999966753,-8.15439256371298E-06,6.5400985899096E-27));
#1386=ORIENTED_EDGE('',*,*,#1762,.T.);
#1387=ORIENTED_EDGE('',*,*,#1765,.F.);
#1388=ORIENTED_EDGE('',*,*,#1749,.T.);
#1389=ORIENTED_EDGE('',*,*,#1766,.F.);
#1390=CARTESIAN_POINT('',(0.07822484478163,-0.00729894012574002,-0.083286240012019));
#1391=DIRECTION('',(-0.258819044881245,8.22018153243968E-06,0.965925826313381));
#1392=DIRECTION('',(0.965925826346016,0.0,0.25881904488999));
#1393=ORIENTED_EDGE('',*,*,#1761,.T.);
#1394=ORIENTED_EDGE('',*,*,#1767,.F.);
#1395=ORIENTED_EDGE('',*,*,#1768,.T.);
#1396=ORIENTED_EDGE('',*,*,#1756,.T.);
#1397=ORIENTED_EDGE('',*,*,#1765,.T.);
#1398=ORIENTED_EDGE('',*,*,#1764,.F.);
#1399=CARTESIAN_POINT('',(0.227113848369585,0.000459989823739369,-0.043143203808302));
#1400=DIRECTION('',(-0.183018467762032,-0.707100968602789,0.683017174497856));
#1401=DIRECTION('',(0.965924211450087,1.96259944019392E-17,0.258825071688441));
#1402=ORIENTED_EDGE('',*,*,#1769,.T.);
#1403=ORIENTED_EDGE('',*,*,#1770,.F.);
#1404=ORIENTED_EDGE('',*,*,#1722,.F.);
#1405=ORIENTED_EDGE('',*,*,#1771,.F.);
#1406=CARTESIAN_POINT('',(0.0617639892622439,-0.00729887828721414,-0.0714215785687415));
#1407=DIRECTION('',(0.707106781318724,-1.29343783525276E-06,0.707106781053189));
#1408=DIRECTION('',(0.70710678105378,0.0,-0.707106781319315));
#1409=ORIENTED_EDGE('',*,*,#1642,.T.);
#1410=ORIENTED_EDGE('',*,*,#1772,.F.);
#1411=ORIENTED_EDGE('',*,*,#1769,.F.);
#1412=ORIENTED_EDGE('',*,*,#1773,.T.);
#1413=CARTESIAN_POINT('',(0.0718049668737026,0.000221062613320331,-0.081745385141043));
#1414=DIRECTION('',(8.15439256354986E-06,0.999999999946749,-6.3251952387866E-06));
#1415=DIRECTION('',(0.999999999966753,-8.15439256371298E-06,6.54009858990956E-27));
#1416=ORIENTED_EDGE('',*,*,#1644,.T.);
#1417=ORIENTED_EDGE('',*,*,#1774,.F.);
#1418=ORIENTED_EDGE('',*,*,#1760,.T.);
#1419=ORIENTED_EDGE('',*,*,#1775,.F.);
#1420=CARTESIAN_POINT('',(0.0617639892622439,-0.00729887828721414,-0.0714215785687415));
#1421=DIRECTION('',(0.707106781318724,-1.29343783525276E-06,0.707106781053189));
#1422=DIRECTION('',(0.70710678105378,0.0,-0.707106781319315));
#1423=ORIENTED_EDGE('',*,*,#1771,.T.);
#1424=ORIENTED_EDGE('',*,*,#1726,.T.);
#1425=ORIENTED_EDGE('',*,*,#1776,.T.);
#1426=ORIENTED_EDGE('',*,*,#1767,.T.);
#1427=ORIENTED_EDGE('',*,*,#1774,.T.);
#1428=ORIENTED_EDGE('',*,*,#1643,.F.);
#1429=ORIENTED_EDGE('',*,*,#1773,.F.);
#1430=CARTESIAN_POINT('',(0.0972897190786148,0.00046064703371583,-0.106607954376466));
#1431=DIRECTION('',(0.499994234067177,-0.707107695747567,0.500004472494139));
#1432=DIRECTION('',(0.707114020819984,3.92523622354295E-17,-0.707099541478989));
#1433=ORIENTED_EDGE('',*,*,#1772,.T.);
#1434=ORIENTED_EDGE('',*,*,#1645,.T.);
#1435=ORIENTED_EDGE('',*,*,#1775,.T.);
#1436=ORIENTED_EDGE('',*,*,#1777,.F.);
#1437=ORIENTED_EDGE('',*,*,#1778,.T.);
#1438=ORIENTED_EDGE('',*,*,#1779,.F.);
#1439=ORIENTED_EDGE('',*,*,#1770,.T.);
#1440=CARTESIAN_POINT('',(0.102423395189874,0.00599976325777445,-0.111656696117009));
#1441=DIRECTION('',(0.499994234067184,-0.707107695747558,0.500004472494146));
#1442=DIRECTION('',(0.707114020819984,-3.92523622354289E-17,-0.707099541478989));
#1443=ORIENTED_EDGE('',*,*,#1719,.T.);
#1444=ORIENTED_EDGE('',*,*,#1657,.T.);
#1445=ORIENTED_EDGE('',*,*,#1723,.T.);
#1446=ORIENTED_EDGE('',*,*,#1779,.T.);
#1447=ORIENTED_EDGE('',*,*,#1780,.T.);
#1448=ORIENTED_EDGE('',*,*,#1781,.T.);
#1449=ORIENTED_EDGE('',*,*,#1716,.T.);
#1450=CARTESIAN_POINT('',(0.0995764761950167,0.006000700889299,0.032910640537235));
#1451=DIRECTION('',(0.683006935802999,-0.707113508293599,-0.183008229415281));
#1452=DIRECTION('',(-0.258815182343729,0.0,-0.965926861303889));
#1453=ORIENTED_EDGE('',*,*,#1636,.F.);
#1454=ORIENTED_EDGE('',*,*,#1782,.F.);
#1455=ORIENTED_EDGE('',*,*,#1778,.F.);
#1456=ORIENTED_EDGE('',*,*,#1783,.F.);
#1457=ORIENTED_EDGE('',*,*,#1784,.F.);
#1458=ORIENTED_EDGE('',*,*,#1785,.F.);
#1459=ORIENTED_EDGE('',*,*,#1786,.F.);
#1460=ORIENTED_EDGE('',*,*,#1780,.F.);
#1461=CARTESIAN_POINT('',(0.371195354293181,0.00629875994837683,0.076220927648197));
#1462=DIRECTION('',(-8.15439256402642E-06,-0.999999999946749,6.32519523814005E-06));
#1463=DIRECTION('',(-0.707106781007355,1.02386147234465E-05,0.707106781291615));
#1464=ORIENTED_EDGE('',*,*,#1651,.T.);
#1465=ORIENTED_EDGE('',*,*,#1743,.T.);
#1466=ORIENTED_EDGE('',*,*,#1745,.T.);
#1467=ORIENTED_EDGE('',*,*,#1787,.F.);
#1468=ORIENTED_EDGE('',*,*,#1785,.T.);
#1469=ORIENTED_EDGE('',*,*,#1788,.F.);
#1470=ORIENTED_EDGE('',*,*,#1738,.T.);
#1471=CARTESIAN_POINT('',(0.111191519278226,0.00599974721914529,-0.102888572031949));
#1472=DIRECTION('',(-0.500005766119735,-0.707105866550238,-0.49999552731725));
#1473=DIRECTION('',(-0.70709954123218,0.0,0.707114021066787));
#1474=ORIENTED_EDGE('',*,*,#1647,.T.);
#1475=ORIENTED_EDGE('',*,*,#1753,.T.);
#1476=ORIENTED_EDGE('',*,*,#1755,.T.);
#1477=ORIENTED_EDGE('',*,*,#1788,.T.);
#1478=ORIENTED_EDGE('',*,*,#1784,.T.);
#1479=ORIENTED_EDGE('',*,*,#1789,.F.);
#1480=ORIENTED_EDGE('',*,*,#1748,.T.);
#1481=CARTESIAN_POINT('',(0.111553956439896,0.00600058292041877,0.0297012843760086));
#1482=DIRECTION('',(-0.683018467855436,-0.707100054004186,0.18301717459214));
#1483=DIRECTION('',(0.258822908122443,1.96259690167285E-17,0.965924791187721));
#1484=ORIENTED_EDGE('',*,*,#1732,.T.);
#1485=ORIENTED_EDGE('',*,*,#1735,.T.);
#1486=ORIENTED_EDGE('',*,*,#1781,.F.);
#1487=ORIENTED_EDGE('',*,*,#1786,.T.);
#1488=ORIENTED_EDGE('',*,*,#1787,.T.);
#1489=ORIENTED_EDGE('',*,*,#1728,.T.);
#1490=CARTESIAN_POINT('',(0.231548909661079,0.00599923278768304,-0.0290552863621487));
#1491=DIRECTION('',(0.183006935709471,-0.707112593695016,-0.683008229320948));
#1492=DIRECTION('',(-0.965927441230889,0.0,-0.258813017982378));
#1493=ORIENTED_EDGE('',*,*,#1763,.T.);
#1494=ORIENTED_EDGE('',*,*,#1766,.T.);
#1495=ORIENTED_EDGE('',*,*,#1789,.T.);
#1496=ORIENTED_EDGE('',*,*,#1783,.T.);
#1497=ORIENTED_EDGE('',*,*,#1777,.T.);
#1498=ORIENTED_EDGE('',*,*,#1759,.T.);
#1499=CARTESIAN_POINT('',(0.234758265817606,0.00599913085743204,-0.0410327666084346));
#1500=DIRECTION('',(-0.183018467762037,-0.707100968602772,0.683017174497873));
#1501=DIRECTION('',(0.965924211450087,0.0,0.258825071688442));
#1502=ORIENTED_EDGE('',*,*,#1637,.T.);
#1503=ORIENTED_EDGE('',*,*,#1790,.T.);
#1504=ORIENTED_EDGE('',*,*,#1791,.T.);
#1505=ORIENTED_EDGE('',*,*,#1640,.T.);
#1506=ORIENTED_EDGE('',*,*,#1671,.T.);
#1507=ORIENTED_EDGE('',*,*,#1710,.T.);
#1508=CARTESIAN_POINT('',(0.0765425918249213,0.000300952934604909,-0.077007746223398));
#1509=DIRECTION('',(-1.02386147236979E-05,-0.999999999946749,-1.29343783326254E-06));
#1510=DIRECTION('',(0.0,1.29343783333033E-06,-0.999999999999163));
#1511=ORIENTED_EDGE('',*,*,#1757,.F.);
#1512=ORIENTED_EDGE('',*,*,#1768,.F.);
#1513=ORIENTED_EDGE('',*,*,#1776,.F.);
#1514=ORIENTED_EDGE('',*,*,#1725,.F.);
#1515=ORIENTED_EDGE('',*,*,#1737,.F.);
#1516=ORIENTED_EDGE('',*,*,#1747,.F.);
#1517=ORIENTED_EDGE('',*,*,#1791,.F.);
#1518=ORIENTED_EDGE('',*,*,#1790,.F.);
#1519=ORIENTED_EDGE('',*,*,#1641,.F.);
#1520=CARTESIAN_POINT('',(0.162144441538797,-0.000700320207210102,0.229692268756372));
#1521=DIRECTION('',(-1.02386147236979E-05,-0.999999999946749,-1.29343783326254E-06));
#1522=DIRECTION('',(-0.999999999947585,1.02386147234465E-05,2.0100240916143E-10));
#1523=ORIENTED_EDGE('',*,*,#1633,.T.);
#1524=ORIENTED_EDGE('',*,*,#1782,.T.);
#1525=ORIENTED_EDGE('',*,*,#1635,.T.);
#1526=ORIENTED_EDGE('',*,*,#1661,.T.);
#1527=CARTESIAN_POINT('',(0.0765426318821399,0.00630019346067544,-0.0770078081578191));
#1528=DIRECTION('',(-8.15439256402642E-06,-0.999999999946749,6.32519523814006E-06));
#1529=DIRECTION('',(-0.707106781149482,1.02386147237065E-05,0.707106781149488));
#1530=ORIENTED_EDGE('',*,*,#1627,.F.);
#1531=ORIENTED_EDGE('',*,*,#1663,.F.);
#1532=ORIENTED_EDGE('',*,*,#1714,.F.);
#1533=ORIENTED_EDGE('',*,*,#1792,.F.);
#1534=ORIENTED_EDGE('',*,*,#1630,.F.);
#1535=ORIENTED_EDGE('',*,*,#1793,.F.);
#1536=ORIENTED_EDGE('',*,*,#1681,.F.);
#1537=ORIENTED_EDGE('',*,*,#1702,.F.);
#1538=CARTESIAN_POINT('',(0.162144527543161,0.00769967979234262,0.22969227962125));
#1539=DIRECTION('',(1.02386147236979E-05,0.999999999946749,1.29343783326254E-06));
#1540=DIRECTION('',(0.999999999947585,-1.02386147234465E-05,-2.0100240916143E-10));
#1541=ORIENTED_EDGE('',*,*,#1629,.T.);
#1542=ORIENTED_EDGE('',*,*,#1677,.T.);
#1543=ORIENTED_EDGE('',*,*,#1705,.T.);
#1544=ORIENTED_EDGE('',*,*,#1794,.T.);
#1545=ORIENTED_EDGE('',*,*,#1628,.T.);
#1546=ORIENTED_EDGE('',*,*,#1793,.T.);
#1547=CARTESIAN_POINT('',(0.0910383668455714,0.00870078576911004,-0.0625120463471222));
#1548=DIRECTION('',(-1.02386147236979E-05,-0.999999999946749,-1.29343783326254E-06));
#1549=DIRECTION('',(-0.999999999947585,1.02386147237065E-05,3.49148336092711E-15));
#1550=ORIENTED_EDGE('',*,*,#1625,.T.);
#1551=ORIENTED_EDGE('',*,*,#1794,.F.);
#1552=ORIENTED_EDGE('',*,*,#1706,.T.);
#1553=ORIENTED_EDGE('',*,*,#1664,.T.);
#1554=CARTESIAN_POINT('',(0.161391528252967,0.00870002025691282,-0.027571609498013));
#1555=DIRECTION('',(0.926985466584364,-9.97621201767081E-06,0.375097246913176));
#1556=DIRECTION('',(-0.265241046685615,-0.707104913341796,0.655476794921842));
#1557=ORIENTED_EDGE('',*,*,#1621,.T.);
#1558=ORIENTED_EDGE('',*,*,#1631,.F.);
#1559=ORIENTED_EDGE('',*,*,#1792,.T.);
#1560=ORIENTED_EDGE('',*,*,#1713,.T.);
#1561=CARTESIAN_POINT('',(0.148863762069825,0.00870002956797399,0.0643971787018255));
#1562=DIRECTION('',(0.375097247254256,-5.03947427207905E-06,0.926985466486333));
#1563=DIRECTION('',(0.655470469589666,-0.707113149269177,-0.265234721758916));
#1564=ORIENTED_EDGE('',*,*,#1614,.F.);
#1565=ORIENTED_EDGE('',*,*,#1711,.F.);
#1566=ORIENTED_EDGE('',*,*,#1669,.F.);
#1567=ORIENTED_EDGE('',*,*,#1795,.F.);
#1568=ORIENTED_EDGE('',*,*,#1796,.F.);
#1569=ORIENTED_EDGE('',*,*,#1620,.F.);
#1570=ORIENTED_EDGE('',*,*,#1685,.F.);
#1571=ORIENTED_EDGE('',*,*,#1700,.F.);
#1572=CARTESIAN_POINT('',(0.162144527543161,0.00769967979234262,0.22969227962125));
#1573=DIRECTION('',(1.02386147236979E-05,0.999999999946749,1.29343783326254E-06));
#1574=DIRECTION('',(0.999999999947585,-1.02386147234465E-05,-2.0100240916143E-10));
#1575=ORIENTED_EDGE('',*,*,#1616,.T.);
#1576=ORIENTED_EDGE('',*,*,#1796,.T.);
#1577=ORIENTED_EDGE('',*,*,#1797,.T.);
#1578=ORIENTED_EDGE('',*,*,#1611,.T.);
#1579=ORIENTED_EDGE('',*,*,#1673,.T.);
#1580=CARTESIAN_POINT('',(0.0620469888129984,0.00870112009920521,-0.0915034243699184));
#1581=DIRECTION('',(-1.02386147236979E-05,-0.999999999946749,-1.29343783326254E-06));
#1582=DIRECTION('',(-0.999999999947585,1.02386147237065E-05,3.49148336092711E-15));
#1583=ORIENTED_EDGE('',*,*,#1612,.T.);
#1584=ORIENTED_EDGE('',*,*,#1619,.F.);
#1585=ORIENTED_EDGE('',*,*,#1708,.T.);
#1586=ORIENTED_EDGE('',*,*,#1712,.T.);
#1587=CARTESIAN_POINT('',(0.171894251166339,0.00869994629552542,-0.0535272025638517));
#1588=DIRECTION('',(-0.926985466584361,9.97621201761787E-06,-0.375097246913184));
#1589=DIRECTION('',(0.265226567097816,-0.707108648955988,-0.655478624119159));
#1590=ORIENTED_EDGE('',*,*,#1608,.T.);
#1591=ORIENTED_EDGE('',*,*,#1797,.F.);
#1592=ORIENTED_EDGE('',*,*,#1795,.T.);
#1593=ORIENTED_EDGE('',*,*,#1668,.T.);
#1594=CARTESIAN_POINT('',(0.122908169009407,0.00870028173267209,0.0748999016258303));
#1595=DIRECTION('',(-0.375097247254253,5.03947427202611E-06,-0.926985466486333));
#1596=DIRECTION('',(-0.655484949177462,-0.707100413028612,0.265232892561586));
#1597=COLOUR_RGB('',0.686274528503418,0.686274528503418,0.560784339904785);
#1598=EDGE_CURVE('',#1798,#1799,#1800,.T.);
#1599=EDGE_CURVE('1:7390',#1798,#1801,#1802,.T.);
#1600=EDGE_CURVE('1:7390',#1801,#1803,#1804,.T.);
#1601=EDGE_CURVE('',#1803,#1805,#1806,.T.);
#1602=EDGE_CURVE('1:7357',#1805,#1799,#1807,.T.);
#1603=EDGE_CURVE('',#1808,#1809,#1810,.T.);
#1604=EDGE_CURVE('1:7354',#1808,#1811,#1812,.T.);
#1605=EDGE_CURVE('1:7354',#1811,#1813,#1814,.T.);
#1606=EDGE_CURVE('',#1813,#1815,#1816,.T.);
#1607=EDGE_CURVE('1:7351',#1815,#1809,#1817,.T.);
#1608=EDGE_CURVE('',#1818,#1819,#1820,.T.);
#1609=EDGE_CURVE('1:7438',#1818,#1821,#1822,.F.);
#1610=EDGE_CURVE('1:7417',#1821,#1823,#1824,.T.);
#1611=EDGE_CURVE('1:7726',#1819,#1823,#1825,.T.);
#1612=EDGE_CURVE('',#1826,#1827,#1828,.T.);
#1613=EDGE_CURVE('1:7444',#1826,#1829,#1830,.F.);
#1614=EDGE_CURVE('1:7717',#1829,#1831,#1832,.T.);
#1615=EDGE_CURVE('1:7729',#1827,#1831,#1833,.T.);
#1616=EDGE_CURVE('',#1834,#1835,#1836,.T.);
#1617=EDGE_CURVE('1:7426',#1834,#1837,#1838,.T.);
#1618=EDGE_CURVE('1:7426',#1837,#1839,#1840,.T.);
#1619=EDGE_CURVE('1:7729',#1839,#1827,#1841,.T.);
#1620=EDGE_CURVE('1:7723',#1831,#1835,#1842,.T.);
#1621=EDGE_CURVE('',#1843,#1844,#1845,.T.);
#1622=EDGE_CURVE('1:7447',#1843,#1846,#1847,.F.);
#1623=EDGE_CURVE('1:7396',#1846,#1848,#1849,.T.);
#1624=EDGE_CURVE('1:7711',#1844,#1848,#1850,.T.);
#1625=EDGE_CURVE('',#1851,#1852,#1853,.T.);
#1626=EDGE_CURVE('1:7453',#1851,#1854,#1855,.F.);
#1627=EDGE_CURVE('1:7702',#1854,#1856,#1857,.T.);
#1628=EDGE_CURVE('1:7714',#1852,#1856,#1858,.T.);
#1629=EDGE_CURVE('',#1859,#1860,#1861,.T.);
#1630=EDGE_CURVE('1:7708',#1859,#1862,#1863,.T.);
#1631=EDGE_CURVE('1:7711',#1862,#1844,#1864,.T.);
#1632=EDGE_CURVE('1:7405',#1848,#1860,#1865,.T.);
#1633=EDGE_CURVE('',#1866,#1867,#1868,.T.);
#1634=EDGE_CURVE('1:7459',#1866,#1869,#1870,.T.);
#1635=EDGE_CURVE('',#1871,#1869,#1872,.T.);
#1636=EDGE_CURVE('1:7675',#1871,#1867,#1873,.T.);
#1637=EDGE_CURVE('',#1874,#1875,#1876,.T.);
#1638=EDGE_CURVE('1:7456',#1874,#1877,#1878,.T.);
#1639=EDGE_CURVE('1:7456',#1877,#1879,#1880,.T.);
#1640=EDGE_CURVE('',#1881,#1879,#1882,.T.);
#1641=EDGE_CURVE('1:7699',#1881,#1875,#1883,.T.);
#1642=EDGE_CURVE('',#1884,#1885,#1886,.T.);
#1643=EDGE_CURVE('1:7648',#1884,#1887,#1888,.F.);
#1644=EDGE_CURVE('1:7642',#1889,#1887,#1890,.T.);
#1645=EDGE_CURVE('1:7645',#1885,#1889,#1891,.T.);
#1646=EDGE_CURVE('',#1892,#1893,#1894,.T.);
#1647=EDGE_CURVE('1:7582',#1895,#1892,#1896,.T.);
#1648=EDGE_CURVE('1:7567',#1897,#1895,#1898,.T.);
#1649=EDGE_CURVE('1:7585',#1897,#1893,#1899,.F.);
#1650=EDGE_CURVE('',#1900,#1901,#1902,.T.);
#1651=EDGE_CURVE('1:7549',#1903,#1900,#1904,.T.);
#1652=EDGE_CURVE('1:7534',#1905,#1903,#1906,.T.);
#1653=EDGE_CURVE('1:7552',#1905,#1901,#1907,.F.);
#1654=EDGE_CURVE('',#1908,#1909,#1910,.T.);
#1655=EDGE_CURVE('1:7480',#1908,#1911,#1912,.F.);
#1656=EDGE_CURVE('1:7474',#1913,#1911,#1914,.T.);
#1657=EDGE_CURVE('1:7477',#1909,#1913,#1915,.T.);
#1658=EDGE_CURVE('',#1916,#1869,#1917,.T.);
#1659=EDGE_CURVE('1:7360',#1918,#1916,#1919,.F.);
#1660=EDGE_CURVE('',#1866,#1918,#1920,.T.);
#1661=EDGE_CURVE('1:7459',#1869,#1866,#1921,.T.);
#1662=EDGE_CURVE('',#1922,#1877,#1923,.T.);
#1663=EDGE_CURVE('1:7450',#1922,#1854,#1924,.T.);
#1664=EDGE_CURVE('1:7453',#1925,#1851,#1926,.F.);
#1665=EDGE_CURVE('1:7414',#1925,#1927,#1928,.F.);
#1666=EDGE_CURVE('1:7375',#1929,#1927,#1930,.F.);
#1667=EDGE_CURVE('1:7420',#1821,#1929,#1931,.F.);
#1668=EDGE_CURVE('1:7438',#1932,#1818,#1933,.F.);
#1669=EDGE_CURVE('1:7441',#1932,#1934,#1935,.T.);
#1670=EDGE_CURVE('',#1936,#1934,#1937,.T.);
#1671=EDGE_CURVE('1:7456',#1879,#1936,#1938,.T.);
#1672=EDGE_CURVE('',#1837,#1939,#1940,.T.);
#1673=EDGE_CURVE('1:7426',#1823,#1834,#1941,.T.);
#1674=EDGE_CURVE('1:7423',#1823,#1942,#1943,.T.);
#1675=EDGE_CURVE('1:7369',#1942,#1939,#1944,.F.);
#1676=EDGE_CURVE('',#1945,#1946,#1947,.T.);
#1677=EDGE_CURVE('1:7405',#1860,#1945,#1948,.T.);
#1678=EDGE_CURVE('1:7402',#1848,#1949,#1950,.T.);
#1679=EDGE_CURVE('1:7381',#1949,#1946,#1951,.F.);
#1680=EDGE_CURVE('',#1952,#1953,#1954,.T.);
#1681=EDGE_CURVE('1:7393',#1952,#1955,#1956,.F.);
#1682=EDGE_CURVE('',#1801,#1955,#1957,.T.);
#1683=EDGE_CURVE('1:7390',#1953,#1798,#1958,.T.);
#1684=EDGE_CURVE('',#1959,#1960,#1961,.T.);
#1685=EDGE_CURVE('1:7387',#1959,#1962,#1963,.F.);
#1686=EDGE_CURVE('',#1811,#1962,#1964,.T.);
#1687=EDGE_CURVE('1:7354',#1960,#1808,#1965,.T.);
#1688=EDGE_CURVE('1:7351',#1809,#1815,#1966,.T.);
#1689=EDGE_CURVE('1:7354',#1813,#1960,#1967,.T.);
#1690=EDGE_CURVE('1:7357',#1799,#1805,#1968,.T.);
#1691=EDGE_CURVE('1:7360',#1969,#1918,#1970,.F.);
#1692=EDGE_CURVE('1:7360',#1916,#1969,#1971,.F.);
#1693=EDGE_CURVE('1:7363',#1972,#1973,#1974,.F.);
#1694=EDGE_CURVE('1:7366',#1975,#1973,#1976,.F.);
#1695=EDGE_CURVE('1:7369',#1939,#1975,#1977,.F.);
#1696=EDGE_CURVE('1:7372',#1929,#1942,#1978,.F.);
#1697=EDGE_CURVE('1:7378',#1979,#1927,#1980,.F.);
#1698=EDGE_CURVE('1:7381',#1946,#1979,#1981,.F.);
#1699=EDGE_CURVE('1:7384',#1972,#1949,#1982,.F.);
#1700=EDGE_CURVE('1:7387',#1962,#1959,#1983,.F.);
#1701=EDGE_CURVE('1:7390',#1803,#1953,#1984,.T.);
#1702=EDGE_CURVE('1:7393',#1955,#1952,#1985,.F.);
#1703=EDGE_CURVE('1:7399',#1846,#1972,#1986,.F.);
#1704=EDGE_CURVE('1:7408',#1987,#1979,#1988,.T.);
#1705=EDGE_CURVE('1:7405',#1945,#1987,#1989,.T.);
#1706=EDGE_CURVE('1:7411',#1987,#1925,#1990,.T.);
#1707=EDGE_CURVE('1:7429',#1839,#1975,#1991,.T.);
#1708=EDGE_CURVE('1:7432',#1839,#1992,#1993,.T.);
#1709=EDGE_CURVE('1:7435',#1992,#1973,#1994,.F.);
#1710=EDGE_CURVE('1:7456',#1936,#1874,#1995,.T.);
#1711=EDGE_CURVE('1:7441',#1934,#1829,#1996,.T.);
#1712=EDGE_CURVE('1:7444',#1992,#1826,#1997,.F.);
#1713=EDGE_CURVE('1:7447',#1998,#1843,#1999,.F.);
#1714=EDGE_CURVE('1:7450',#1998,#1922,#2000,.T.);
#1715=EDGE_CURVE('1:7462',#2001,#2002,#2003,.T.);
#1716=EDGE_CURVE('1:7465',#2004,#2002,#2005,.T.);
#1717=EDGE_CURVE('1:7468',#2006,#2004,#2007,.F.);
#1718=EDGE_CURVE('1:7471',#2001,#2006,#2008,.F.);
#1719=EDGE_CURVE('1:7477',#2002,#1909,#2009,.T.);
#1720=EDGE_CURVE('1:7480',#2001,#1908,#2010,.F.);
#1721=EDGE_CURVE('1:7483',#2011,#1911,#2012,.F.);
#1722=EDGE_CURVE('1:7486',#2011,#2013,#2014,.T.);
#1723=EDGE_CURVE('1:7489',#1913,#2013,#2015,.T.);
#1724=EDGE_CURVE('1:7492',#2016,#2006,#2017,.T.);
#1725=EDGE_CURVE('1:7495',#2016,#2018,#2019,.T.);
#1726=EDGE_CURVE('1:7498',#2011,#2018,#2020,.T.);
#1727=EDGE_CURVE('1:7501',#2021,#2022,#2023,.T.);
#1728=EDGE_CURVE('1:7504',#2024,#2022,#2025,.T.);
#1729=EDGE_CURVE('1:7507',#2026,#2024,#2027,.F.);
#1730=EDGE_CURVE('1:7510',#2021,#2026,#2028,.F.);
#1731=EDGE_CURVE('1:7513',#2029,#2030,#2031,.T.);
#1732=EDGE_CURVE('1:7516',#2022,#2029,#2032,.T.);
#1733=EDGE_CURVE('1:7519',#2021,#2030,#2033,.F.);
#1734=EDGE_CURVE('1:7522',#2006,#2030,#2034,.F.);
#1735=EDGE_CURVE('1:7525',#2029,#2004,#2035,.T.);
#1736=EDGE_CURVE('1:7528',#2036,#2026,#2037,.F.);
#1737=EDGE_CURVE('1:7531',#2036,#2016,#2038,.T.);
#1738=EDGE_CURVE('1:7537',#2039,#1903,#2040,.T.);
#1739=EDGE_CURVE('1:7540',#2041,#2039,#2042,.T.);
#1740=EDGE_CURVE('1:7543',#1905,#2041,#2043,.F.);
#1741=EDGE_CURVE('1:7552',#1901,#2044,#2045,.F.);
#1742=EDGE_CURVE('1:7546',#2046,#2044,#2047,.T.);
#1743=EDGE_CURVE('1:7549',#1900,#2046,#2048,.T.);
#1744=EDGE_CURVE('1:7555',#2026,#2044,#2049,.F.);
#1745=EDGE_CURVE('1:7558',#2046,#2024,#2050,.T.);
#1746=EDGE_CURVE('1:7561',#2051,#2041,#2052,.F.);
#1747=EDGE_CURVE('1:7564',#2051,#2036,#2053,.T.);
#1748=EDGE_CURVE('1:7570',#2054,#1895,#2055,.T.);
#1749=EDGE_CURVE('1:7573',#2056,#2054,#2057,.T.);
#1750=EDGE_CURVE('1:7576',#1897,#2056,#2058,.F.);
#1751=EDGE_CURVE('1:7585',#1893,#2059,#2060,.F.);
#1752=EDGE_CURVE('1:7579',#2061,#2059,#2062,.T.);
#1753=EDGE_CURVE('1:7582',#1892,#2061,#2063,.T.);
#1754=EDGE_CURVE('1:7588',#2041,#2059,#2064,.F.);
#1755=EDGE_CURVE('1:7591',#2061,#2039,#2065,.T.);
#1756=EDGE_CURVE('1:7594',#2066,#2056,#2067,.F.);
#1757=EDGE_CURVE('1:7597',#2066,#2051,#2068,.T.);
#1758=EDGE_CURVE('1:7600',#2069,#2070,#2071,.T.);
#1759=EDGE_CURVE('1:7603',#2072,#2070,#2073,.T.);
#1760=EDGE_CURVE('1:7606',#2074,#2072,#2075,.F.);
#1761=EDGE_CURVE('1:7609',#2069,#2074,#2076,.F.);
#1762=EDGE_CURVE('1:7612',#2077,#2078,#2079,.T.);
#1763=EDGE_CURVE('1:7615',#2070,#2077,#2080,.T.);
#1764=EDGE_CURVE('1:7618',#2069,#2078,#2081,.F.);
#1765=EDGE_CURVE('1:7621',#2056,#2078,#2082,.F.);
#1766=EDGE_CURVE('1:7624',#2077,#2054,#2083,.T.);
#1767=EDGE_CURVE('1:7627',#2084,#2074,#2085,.F.);
#1768=EDGE_CURVE('1:7630',#2084,#2066,#2086,.T.);
#1769=EDGE_CURVE('1:7633',#2087,#2088,#2089,.T.);
#1770=EDGE_CURVE('1:7636',#2013,#2088,#2090,.T.);
#1771=EDGE_CURVE('1:7639',#2087,#2011,#2091,.F.);
#1772=EDGE_CURVE('1:7645',#2088,#1885,#2092,.T.);
#1773=EDGE_CURVE('1:7648',#2087,#1884,#2093,.F.);
#1774=EDGE_CURVE('1:7651',#2074,#1887,#2094,.F.);
#1775=EDGE_CURVE('1:7654',#1889,#2072,#2095,.T.);
#1776=EDGE_CURVE('1:7657',#2018,#2084,#2096,.T.);
#1777=EDGE_CURVE('1:7660',#2097,#2072,#2098,.T.);
#1778=EDGE_CURVE('1:7663',#2097,#2099,#2100,.T.);
#1779=EDGE_CURVE('1:7666',#2013,#2099,#2101,.T.);
#1780=EDGE_CURVE('1:7669',#2099,#2102,#2103,.T.);
#1781=EDGE_CURVE('1:7672',#2102,#2004,#2104,.T.);
#1782=EDGE_CURVE('1:7675',#1867,#1871,#2105,.T.);
#1783=EDGE_CURVE('1:7678',#2106,#2097,#2107,.T.);
#1784=EDGE_CURVE('1:7681',#2108,#2106,#2109,.T.);
#1785=EDGE_CURVE('1:7684',#2110,#2108,#2111,.T.);
#1786=EDGE_CURVE('1:7687',#2102,#2110,#2112,.T.);
#1787=EDGE_CURVE('1:7690',#2110,#2024,#2113,.T.);
#1788=EDGE_CURVE('1:7693',#2039,#2108,#2114,.T.);
#1789=EDGE_CURVE('1:7696',#2054,#2106,#2115,.T.);
#1790=EDGE_CURVE('1:7699',#1875,#2116,#2117,.T.);
#1791=EDGE_CURVE('1:7699',#2116,#1881,#2118,.T.);
#1792=EDGE_CURVE('1:7705',#1862,#1998,#2119,.T.);
#1793=EDGE_CURVE('1:7708',#1856,#1859,#2120,.T.);
#1794=EDGE_CURVE('1:7714',#1987,#1852,#2121,.T.);
#1795=EDGE_CURVE('1:7720',#2122,#1932,#2123,.T.);
#1796=EDGE_CURVE('1:7723',#1835,#2122,#2124,.T.);
#1797=EDGE_CURVE('1:7726',#2122,#1819,#2125,.T.);
#1798=VERTEX_POINT('',#2126);
#1799=VERTEX_POINT('',#2127);
#1800=B_SPLINE_CURVE_WITH_KNOTS('',1,(#2128,#2129),.UNSPECIFIED.,.F.,.F.,(2,2),(-1.0,-0.0),.UNSPECIFIED.);
#1801=VERTEX_POINT('',#2130);
#1802=B_SPLINE_CURVE_WITH_KNOTS('',3,(#2131,#2132,#2133,#2134,#2135,#2136,#2137,#2138),.UNSPECIFIED.,.F.,.F.,(4,2,2,4),(-3.14159265358979,-2.82575608994549,-1.13549584682435,-0.125663858792907),.UNSPECIFIED.);
#1803=VERTEX_POINT('',#2139);
#1804=B_SPLINE_CURVE_WITH_KNOTS('',3,(#2140,#2141,#2142,#2143),.UNSPECIFIED.,.F.,.F.,(4,4),(-0.125663858792907,3.59436608397637E-15),.UNSPECIFIED.);
#1805=VERTEX_POINT('',#2144);
#1806=B_SPLINE_CURVE_WITH_KNOTS('',1,(#2145,#2146),.UNSPECIFIED.,.F.,.F.,(2,2),(-1.0,-0.0),.UNSPECIFIED.);
#1807=B_SPLINE_CURVE_WITH_KNOTS('',3,(#2147,#2148,#2149,#2150,#2151,#2152,#2153,#2154,#2155,#2156,#2157,#2158,#2159,#2160,#2161,#2162,#2163,#2164),.UNSPECIFIED.,.F.,.F.,(4,2,2,2,2,2,2,2,4),(-2.88657986402541E-15,0.299999999744375,0.696116806866076,1.14170983940687,1.58737931161322,2.033048908896,2.47871850638362,2.92438810386168,3.14159265358979),.UNSPECIFIED.);
#1808=VERTEX_POINT('',#2165);
#1809=VERTEX_POINT('',#2166);
#1810=B_SPLINE_CURVE_WITH_KNOTS('',1,(#2167,#2168),.UNSPECIFIED.,.F.,.F.,(2,2),(-1.0,-0.0),.UNSPECIFIED.);
#1811=VERTEX_POINT('',#2169);
#1812=B_SPLINE_CURVE_WITH_KNOTS('',3,(#2170,#2171,#2172,#2173,#2174,#2175,#2176,#2177),.UNSPECIFIED.,.F.,.F.,(4,2,2,4),(-3.14159265358979,-2.82575608994567,-1.13549584682425,-0.125663858792907),.UNSPECIFIED.);
#1813=VERTEX_POINT('',#2178);
#1814=B_SPLINE_CURVE_WITH_KNOTS('',3,(#2179,#2180,#2181,#2182),.UNSPECIFIED.,.F.,.F.,(4,4),(-0.125663858792907,5.52377729358003E-15),.UNSPECIFIED.);
#1815=VERTEX_POINT('',#2183);
#1816=B_SPLINE_CURVE_WITH_KNOTS('',1,(#2184,#2185),.UNSPECIFIED.,.F.,.F.,(2,2),(-1.0,-0.0),.UNSPECIFIED.);
#1817=B_SPLINE_CURVE_WITH_KNOTS('',3,(#2186,#2187,#2188,#2189,#2190,#2191,#2192,#2193,#2194,#2195,#2196,#2197,#2198,#2199,#2200,#2201,#2202,#2203),.UNSPECIFIED.,.F.,.F.,(4,2,2,2,2,2,2,2,4),(-4.21884749357559E-15,0.299999999744392,0.696116806864669,1.14170983941429,1.58737931161727,2.0330489089052,2.47871850639225,2.92438810387814,3.14159265358979),.UNSPECIFIED.);
#1818=VERTEX_POINT('',#2204);
#1819=VERTEX_POINT('',#2205);
#1820=LINE('',#2206,#2207);
#1821=VERTEX_POINT('',#2208);
#1822=B_SPLINE_CURVE_WITH_KNOTS('',3,(#2209,#2210,#2211,#2212,#2213,#2214,#2215,#2216,#2217,#2218,#2219,#2220,#2221,#2222,#2223,#2224,#2225,#2226,#2227),.UNSPECIFIED.,.F.,.F.,(4,3,3,3,3,3,4),(0.0,1.73591228906758E-05,0.0018906802594208,0.00260375040179331,0.00319497610888903,0.00480580014547181,0.00527249940663517),.UNSPECIFIED.);
#1823=VERTEX_POINT('',#2228);
#1824=LINE('',#2229,#2230);
#1825=CIRCLE('',#2231,0.000999999999999999);
#1826=VERTEX_POINT('',#2232);
#1827=VERTEX_POINT('',#2233);
#1828=LINE('',#2234,#2235);
#1829=VERTEX_POINT('',#2236);
#1830=B_SPLINE_CURVE_WITH_KNOTS('',3,(#2237,#2238,#2239,#2240,#2241,#2242,#2243,#2244,#2245,#2246,#2247,#2248,#2249),.UNSPECIFIED.,.F.,.F.,(4,3,3,3,4),(0.0105044189697796,0.0129349680435186,0.015505714007051,0.0157989118114907,0.0158162709343756),.UNSPECIFIED.);
#1831=VERTEX_POINT('',#2250);
#1832=LINE('',#2251,#2252);
#1833=CIRCLE('',#2253,0.000999999999999996);
#1834=VERTEX_POINT('',#2254);
#1835=VERTEX_POINT('',#2255);
#1836=CIRCLE('',#2256,0.001);
#1837=VERTEX_POINT('',#2257);
#1838=CIRCLE('',#2258,0.007);
#1839=VERTEX_POINT('',#2259);
#1840=CIRCLE('',#2260,0.007);
#1841=CIRCLE('',#2261,0.000999999999999996);
#1842=CIRCLE('',#2262,0.006);
#1843=VERTEX_POINT('',#2263);
#1844=VERTEX_POINT('',#2264);
#1845=LINE('',#2265,#2266);
#1846=VERTEX_POINT('',#2267);
#1847=B_SPLINE_CURVE_WITH_KNOTS('',3,(#2268,#2269,#2270,#2271,#2272,#2273,#2274,#2275,#2276,#2277,#2278,#2279,#2280),.UNSPECIFIED.,.F.,.F.,(4,3,3,3,4),(0.0,1.73591228876424E-05,0.00266460554374111,0.00509515461748641,0.00531185196459458),.UNSPECIFIED.);
#1848=VERTEX_POINT('',#2281);
#1849=LINE('',#2282,#2283);
#1850=CIRCLE('',#2284,0.000999999999999999);
#1851=VERTEX_POINT('',#2285);
#1852=VERTEX_POINT('',#2286);
#1853=LINE('',#2287,#2288);
#1854=VERTEX_POINT('',#2289);
#1855=B_SPLINE_CURVE_WITH_KNOTS('',3,(#2290,#2291,#2292,#2293,#2294,#2295,#2296,#2297,#2298,#2299,#2300,#2301,#2302),.UNSPECIFIED.,.F.,.F.,(4,3,3,3,4),(0.010544004312898,0.0129745533866383,0.0155452990244507,0.0158384971546072,0.0158558562774935),.UNSPECIFIED.);
#1856=VERTEX_POINT('',#2303);
#1857=LINE('',#2304,#2305);
#1858=CIRCLE('',#2306,0.001);
#1859=VERTEX_POINT('',#2307);
#1860=VERTEX_POINT('',#2308);
#1861=CIRCLE('',#2309,0.001);
#1862=VERTEX_POINT('',#2310);
#1863=CIRCLE('',#2311,0.006);
#1864=CIRCLE('',#2312,0.000999999999999999);
#1865=CIRCLE('',#2313,0.007);
#1866=VERTEX_POINT('',#2314);
#1867=VERTEX_POINT('',#2315);
#1868=LINE('',#2316,#2317);
#1869=VERTEX_POINT('',#2318);
#1870=CIRCLE('',#2319,0.00450000000000001);
#1871=VERTEX_POINT('',#2320);
#1872=LINE('',#2321,#2322);
#1873=CIRCLE('',#2323,0.0051);
#1874=VERTEX_POINT('',#2324);
#1875=VERTEX_POINT('',#2325);
#1876=CIRCLE('',#2326,0.001);
#1877=VERTEX_POINT('',#2327);
#1878=CIRCLE('',#2328,0.015);
#1879=VERTEX_POINT('',#2329);
#1880=CIRCLE('',#2330,0.015);
#1881=VERTEX_POINT('',#2331);
#1882=CIRCLE('',#2332,0.001);
#1883=CIRCLE('',#2333,0.014);
#1884=VERTEX_POINT('',#2334);
#1885=VERTEX_POINT('',#2335);
#1886=LINE('',#2336,#2337);
#1887=VERTEX_POINT('',#2338);
#1888=ELLIPSE('',#2339,0.000565685424949232,0.000400000000000001);
#1889=VERTEX_POINT('',#2340);
#1890=LINE('',#2341,#2342);
#1891=ELLIPSE('',#2343,0.000565685424949239,0.000400000000000002);
#1892=VERTEX_POINT('',#2344);
#1893=VERTEX_POINT('',#2345);
#1894=LINE('',#2346,#2347);
#1895=VERTEX_POINT('',#2348);
#1896=ELLIPSE('',#2349,0.000565685424949198,0.000400000000000006);
#1897=VERTEX_POINT('',#2350);
#1898=LINE('',#2351,#2352);
#1899=ELLIPSE('',#2353,0.000565685424949235,0.000400000000000006);
#1900=VERTEX_POINT('',#2354);
#1901=VERTEX_POINT('',#2355);
#1902=LINE('',#2356,#2357);
#1903=VERTEX_POINT('',#2358);
#1904=ELLIPSE('',#2359,0.000565685424949239,0.000400000000000006);
#1905=VERTEX_POINT('',#2360);
#1906=LINE('',#2361,#2362);
#1907=ELLIPSE('',#2363,0.000565685424949239,0.000400000000000006);
#1908=VERTEX_POINT('',#2364);
#1909=VERTEX_POINT('',#2365);
#1910=LINE('',#2366,#2367);
#1911=VERTEX_POINT('',#2368);
#1912=ELLIPSE('',#2369,0.000565685424949231,0.000399999999999989);
#1913=VERTEX_POINT('',#2370);
#1914=LINE('',#2371,#2372);
#1915=ELLIPSE('',#2373,0.000565685424949273,0.000399999999999989);
#1916=VERTEX_POINT('',#2374);
#1917=LINE('',#2375,#2376);
#1918=VERTEX_POINT('',#2377);
#1919=CIRCLE('',#2378,0.00450000000014037);
#1920=LINE('',#2379,#2380);
#1921=CIRCLE('',#2381,0.00450000000000001);
#1922=VERTEX_POINT('',#2382);
#1923=LINE('',#2383,#2384);
#1924=CIRCLE('',#2385,0.015);
#1925=VERTEX_POINT('',#2386);
#1926=B_SPLINE_CURVE_WITH_KNOTS('',3,(#2387,#2388,#2389,#2390,#2391,#2392,#2393,#2394,#2395,#2396,#2397,#2398,#2399),.UNSPECIFIED.,.F.,.F.,(4,3,3,3,4),(0.010544004312898,0.0129745533866383,0.0155452990244507,0.0158384971546072,0.0158558562774935),.UNSPECIFIED.);
#1927=VERTEX_POINT('',#2400);
#1928=LINE('',#2401,#2402);
#1929=VERTEX_POINT('',#2403);
#1930=CIRCLE('',#2404,0.015);
#1931=LINE('',#2405,#2406);
#1932=VERTEX_POINT('',#2407);
#1933=B_SPLINE_CURVE_WITH_KNOTS('',3,(#2408,#2409,#2410,#2411,#2412,#2413,#2414,#2415,#2416,#2417,#2418,#2419,#2420,#2421,#2422,#2423,#2424,#2425,#2426),.UNSPECIFIED.,.F.,.F.,(4,3,3,3,3,3,4),(0.0,1.73591228906758E-05,0.0018906802594208,0.00260375040179331,0.00319497610888903,0.00480580014547181,0.00527249940663517),.UNSPECIFIED.);
#1934=VERTEX_POINT('',#2427);
#1935=CIRCLE('',#2428,0.015);
#1936=VERTEX_POINT('',#2429);
#1937=LINE('',#2430,#2431);
#1938=CIRCLE('',#2432,0.015);
#1939=VERTEX_POINT('',#2433);
#1940=LINE('',#2434,#2435);
#1941=CIRCLE('',#2436,0.007);
#1942=VERTEX_POINT('',#2437);
#1943=LINE('',#2438,#2439);
#1944=CIRCLE('',#2440,0.007);
#1945=VERTEX_POINT('',#2441);
#1946=VERTEX_POINT('',#2442);
#1947=LINE('',#2443,#2444);
#1948=CIRCLE('',#2445,0.007);
#1949=VERTEX_POINT('',#2446);
#1950=LINE('',#2447,#2448);
#1951=CIRCLE('',#2449,0.007);
#1952=VERTEX_POINT('',#2450);
#1953=VERTEX_POINT('',#2451);
#1954=LINE('',#2452,#2453);
#1955=VERTEX_POINT('',#2454);
#1956=CIRCLE('',#2455,0.00200000000041931);
#1957=LINE('',#2456,#2457);
#1958=B_SPLINE_CURVE_WITH_KNOTS('',3,(#2458,#2459,#2460,#2461),.UNSPECIFIED.,.F.,.F.,(4,4),(3.01592879479894,3.14159265358979),.UNSPECIFIED.);
#1959=VERTEX_POINT('',#2462);
#1960=VERTEX_POINT('',#2463);
#1961=LINE('',#2464,#2465);
#1962=VERTEX_POINT('',#2466);
#1963=CIRCLE('',#2467,0.00200000000041931);
#1964=LINE('',#2468,#2469);
#1965=B_SPLINE_CURVE_WITH_KNOTS('',3,(#2470,#2471,#2472,#2473),.UNSPECIFIED.,.F.,.F.,(4,4),(3.01592879479892,3.14159265358979),.UNSPECIFIED.);
#1966=B_SPLINE_CURVE_WITH_KNOTS('',3,(#2474,#2475,#2476,#2477,#2478,#2479,#2480,#2481,#2482,#2483,#2484,#2485,#2486,#2487,#2488,#2489,#2490,#2491),.UNSPECIFIED.,.F.,.F.,(4,2,2,2,2,2,2,2,4),(-3.14159265358979,-2.92438810386229,-2.47871850638931,-2.03304890889344,-1.58737931161229,-1.14170983940675,-0.696116806864287,-0.299999999744392,-4.21884749357559E-15),.UNSPECIFIED.);
#1967=B_SPLINE_CURVE_WITH_KNOTS('',3,(#2492,#2493,#2494,#2495,#2496,#2497,#2498,#2499,#2500,#2501,#2502,#2503),.UNSPECIFIED.,.F.,.F.,(4,2,2,2,2,4),(5.52377729358003E-15,0.364792655955698,1.59359265490873,2.36159265425437,2.8415926538454,3.01592879479892),.UNSPECIFIED.);
#1968=B_SPLINE_CURVE_WITH_KNOTS('',3,(#2504,#2505,#2506,#2507,#2508,#2509,#2510,#2511,#2512,#2513,#2514,#2515,#2516,#2517,#2518,#2519,#2520,#2521),.UNSPECIFIED.,.F.,.F.,(4,2,2,2,2,2,2,2,4),(-3.14159265358979,-2.92438810386804,-2.47871850638231,-2.03304890889506,-1.5873793116145,-1.14170983940161,-0.696116806863965,-0.299999999744375,-2.88657986402541E-15),.UNSPECIFIED.);
#1969=VERTEX_POINT('',#2522);
#1970=CIRCLE('',#2523,0.00450000000014037);
#1971=CIRCLE('',#2524,0.00450000000014037);
#1972=VERTEX_POINT('',#2525);
#1973=VERTEX_POINT('',#2526);
#1974=CIRCLE('',#2527,0.015);
#1975=VERTEX_POINT('',#2528);
#1976=LINE('',#2529,#2530);
#1977=CIRCLE('',#2531,0.007);
#1978=LINE('',#2532,#2533);
#1979=VERTEX_POINT('',#2534);
#1980=LINE('',#2535,#2536);
#1981=CIRCLE('',#2537,0.007);
#1982=LINE('',#2538,#2539);
#1983=CIRCLE('',#2540,0.00200000000041931);
#1984=B_SPLINE_CURVE_WITH_KNOTS('',3,(#2541,#2542,#2543,#2544,#2545,#2546,#2547,#2548,#2549,#2550,#2551,#2552),.UNSPECIFIED.,.F.,.F.,(4,2,2,2,2,4),(3.59436608397637E-15,0.364792655955845,1.59359265490881,2.36159265425441,2.84159265384542,3.01592879479894),.UNSPECIFIED.);
#1985=CIRCLE('',#2553,0.00200000000041931);
#1986=LINE('',#2554,#2555);
#1987=VERTEX_POINT('',#2556);
#1988=LINE('',#2557,#2558);
#1989=CIRCLE('',#2559,0.007);
#1990=LINE('',#2560,#2561);
#1991=LINE('',#2562,#2563);
#1992=VERTEX_POINT('',#2564);
#1993=LINE('',#2565,#2566);
#1994=LINE('',#2567,#2568);
#1995=CIRCLE('',#2569,0.015);
#1996=CIRCLE('',#2570,0.015);
#1997=B_SPLINE_CURVE_WITH_KNOTS('',3,(#2571,#2572,#2573,#2574,#2575,#2576,#2577,#2578,#2579,#2580,#2581,#2582,#2583),.UNSPECIFIED.,.F.,.F.,(4,3,3,3,4),(0.0105044189697796,0.0129349680435186,0.015505714007051,0.0157989118114907,0.0158162709343756),.UNSPECIFIED.);
#1998=VERTEX_POINT('',#2584);
#1999=B_SPLINE_CURVE_WITH_KNOTS('',3,(#2585,#2586,#2587,#2588,#2589,#2590,#2591,#2592,#2593,#2594,#2595,#2596,#2597),.UNSPECIFIED.,.F.,.F.,(4,3,3,3,4),(0.0,1.73591228876424E-05,0.00266460554374111,0.00509515461748641,0.00531185196459458),.UNSPECIFIED.);
#2000=CIRCLE('',#2598,0.015);
#2001=VERTEX_POINT('',#2599);
#2002=VERTEX_POINT('',#2600);
#2003=LINE('',#2601,#2602);
#2004=VERTEX_POINT('',#2603);
#2005=LINE('',#2604,#2605);
#2006=VERTEX_POINT('',#2606);
#2007=LINE('',#2607,#2608);
#2008=LINE('',#2609,#2610);
#2009=ELLIPSE('',#2611,0.000565685424949273,0.000399999999999989);
#2010=ELLIPSE('',#2612,0.000565685424949231,0.000399999999999989);
#2011=VERTEX_POINT('',#2613);
#2012=LINE('',#2614,#2615);
#2013=VERTEX_POINT('',#2616);
#2014=LINE('',#2617,#2618);
#2015=LINE('',#2619,#2620);
#2016=VERTEX_POINT('',#2621);
#2017=LINE('',#2622,#2623);
#2018=VERTEX_POINT('',#2624);
#2019=LINE('',#2625,#2626);
#2020=LINE('',#2627,#2628);
#2021=VERTEX_POINT('',#2629);
#2022=VERTEX_POINT('',#2630);
#2023=LINE('',#2631,#2632);
#2024=VERTEX_POINT('',#2633);
#2025=LINE('',#2634,#2635);
#2026=VERTEX_POINT('',#2636);
#2027=LINE('',#2637,#2638);
#2028=LINE('',#2639,#2640);
#2029=VERTEX_POINT('',#2641);
#2030=VERTEX_POINT('',#2642);
#2031=LINE('',#2643,#2644);
#2032=ELLIPSE('',#2645,0.000565685424949232,0.000400000000000006);
#2033=ELLIPSE('',#2646,0.000565685424949246,0.000400000000000006);
#2034=LINE('',#2647,#2648);
#2035=LINE('',#2649,#2650);
#2036=VERTEX_POINT('',#2651);
#2037=LINE('',#2652,#2653);
#2038=LINE('',#2654,#2655);
#2039=VERTEX_POINT('',#2656);
#2040=LINE('',#2657,#2658);
#2041=VERTEX_POINT('',#2659);
#2042=LINE('',#2660,#2661);
#2043=LINE('',#2662,#2663);
#2044=VERTEX_POINT('',#2664);
#2045=ELLIPSE('',#2665,0.000565685424949239,0.000400000000000006);
#2046=VERTEX_POINT('',#2666);
#2047=LINE('',#2667,#2668);
#2048=ELLIPSE('',#2669,0.000565685424949239,0.000400000000000006);
#2049=LINE('',#2670,#2671);
#2050=LINE('',#2672,#2673);
#2051=VERTEX_POINT('',#2674);
#2052=LINE('',#2675,#2676);
#2053=LINE('',#2677,#2678);
#2054=VERTEX_POINT('',#2679);
#2055=LINE('',#2680,#2681);
#2056=VERTEX_POINT('',#2682);
#2057=LINE('',#2683,#2684);
#2058=LINE('',#2685,#2686);
#2059=VERTEX_POINT('',#2687);
#2060=ELLIPSE('',#2688,0.000565685424949235,0.000400000000000006);
#2061=VERTEX_POINT('',#2689);
#2062=LINE('',#2690,#2691);
#2063=ELLIPSE('',#2692,0.000565685424949198,0.000400000000000006);
#2064=LINE('',#2693,#2694);
#2065=LINE('',#2695,#2696);
#2066=VERTEX_POINT('',#2697);
#2067=LINE('',#2698,#2699);
#2068=LINE('',#2700,#2701);
#2069=VERTEX_POINT('',#2702);
#2070=VERTEX_POINT('',#2703);
#2071=LINE('',#2704,#2705);
#2072=VERTEX_POINT('',#2706);
#2073=LINE('',#2707,#2708);
#2074=VERTEX_POINT('',#2709);
#2075=LINE('',#2710,#2711);
#2076=LINE('',#2712,#2713);
#2077=VERTEX_POINT('',#2714);
#2078=VERTEX_POINT('',#2715);
#2079=LINE('',#2716,#2717);
#2080=ELLIPSE('',#2718,0.00056568542494925,0.000399999999999999);
#2081=ELLIPSE('',#2719,0.000565685424949236,0.000399999999999999);
#2082=LINE('',#2720,#2721);
#2083=LINE('',#2722,#2723);
#2084=VERTEX_POINT('',#2724);
#2085=LINE('',#2725,#2726);
#2086=LINE('',#2727,#2728);
#2087=VERTEX_POINT('',#2729);
#2088=VERTEX_POINT('',#2730);
#2089=LINE('',#2731,#2732);
#2090=LINE('',#2733,#2734);
#2091=LINE('',#2735,#2736);
#2092=ELLIPSE('',#2737,0.000565685424949239,0.000400000000000002);
#2093=ELLIPSE('',#2738,0.000565685424949232,0.000400000000000001);
#2094=LINE('',#2739,#2740);
#2095=LINE('',#2741,#2742);
#2096=LINE('',#2743,#2744);
#2097=VERTEX_POINT('',#2745);
#2098=LINE('',#2746,#2747);
#2099=VERTEX_POINT('',#2748);
#2100=LINE('',#2749,#2750);
#2101=LINE('',#2751,#2752);
#2102=VERTEX_POINT('',#2753);
#2103=LINE('',#2754,#2755);
#2104=LINE('',#2756,#2757);
#2105=CIRCLE('',#2758,0.0051);
#2106=VERTEX_POINT('',#2759);
#2107=LINE('',#2760,#2761);
#2108=VERTEX_POINT('',#2762);
#2109=LINE('',#2763,#2764);
#2110=VERTEX_POINT('',#2765);
#2111=LINE('',#2766,#2767);
#2112=LINE('',#2768,#2769);
#2113=LINE('',#2770,#2771);
#2114=LINE('',#2772,#2773);
#2115=LINE('',#2774,#2775);
#2116=VERTEX_POINT('',#2776);
#2117=CIRCLE('',#2777,0.014);
#2118=CIRCLE('',#2778,0.014);
#2119=LINE('',#2779,#2780);
#2120=CIRCLE('',#2781,0.006);
#2121=CIRCLE('',#2782,0.001);
#2122=VERTEX_POINT('',#2783);
#2123=LINE('',#2784,#2785);
#2124=CIRCLE('',#2786,0.006);
#2125=CIRCLE('',#2787,0.000999999999999999);
#2126=CARTESIAN_POINT('',(0.0892000011392391,0.0085008460055725,-0.062615794034164));
#2127=CARTESIAN_POINT('',(0.0872157922522105,0.0105008253654841,-0.0628664582173039));
#2128=CARTESIAN_POINT('',(0.0892000011392391,0.0085008460055725,-0.062615794034164));
#2129=CARTESIAN_POINT('',(0.0872157922522105,0.0105008253654841,-0.0628664582173039));
#2130=CARTESIAN_POINT('',(0.0931842305050763,0.00850072265393853,-0.0623651272639378));
#2131=CARTESIAN_POINT('',(0.0892000011392391,0.0085008460055725,-0.062615794034164));
#2132=CARTESIAN_POINT('',(0.089226391049661,0.00850084600557151,-0.062824691428805));
#2133=CARTESIAN_POINT('',(0.0892860368207469,0.00850084496765079,-0.0630293525957633));
#2134=CARTESIAN_POINT('',(0.0898575022434136,0.00850083210651564,-0.0642385094659227));
#2135=CARTESIAN_POINT('',(0.0912940930614873,0.00850078960853761,-0.064658094548902));
#2136=CARTESIAN_POINT('',(0.0928182815787684,0.0085007390758646,-0.0637004564521653));
#2137=CARTESIAN_POINT('',(0.0931842305050483,0.00850072525056573,-0.063034307008177));
#2138=CARTESIAN_POINT('',(0.0931842305050763,0.00850072265393853,-0.0623651272639378));
#2139=CARTESIAN_POINT('',(0.0931684598694458,0.00850072216568127,-0.0621144604939194));
#2140=CARTESIAN_POINT('',(0.0931842305050763,0.00850072265393854,-0.0623651272639399));
#2141=CARTESIAN_POINT('',(0.0931842305050797,0.00850072232886176,-0.0622813513580775));
#2142=CARTESIAN_POINT('',(0.0931789597873101,0.00850072216568088,-0.0621975758001381));
#2143=CARTESIAN_POINT('',(0.0931684598694458,0.00850072216568127,-0.0621144604939194));
#2144=CARTESIAN_POINT('',(0.0951527097109333,0.0105007428055566,-0.0618637911370282));
#2145=CARTESIAN_POINT('',(0.0931684598694458,0.00850072216568127,-0.0621144604939194));
#2146=CARTESIAN_POINT('',(0.0951527097109333,0.0105007428055566,-0.0618637911370282));
#2147=CARTESIAN_POINT('',(0.0951527097109333,0.0105007428055566,-0.0618637911370282));
#2148=CARTESIAN_POINT('',(0.0952028430648964,0.010500742805556,-0.0622606370095628));
#2149=CARTESIAN_POINT('',(0.0951930003546804,0.0105007434293571,-0.0626650054339483));
#2150=CARTESIAN_POINT('',(0.0950320076761065,0.0105007462600134,-0.0635790921036811));
#2151=CARTESIAN_POINT('',(0.0948360879780241,0.0105007489146967,-0.0640806523055466));
#2152=CARTESIAN_POINT('',(0.0942300419324818,0.0105007563415164,-0.0650252263415007));
#2153=CARTESIAN_POINT('',(0.0937961998228645,0.0105007613358634,-0.0654523089332406));
#2154=CARTESIAN_POINT('',(0.0927860643291056,0.0105007724878672,-0.0660782498427241));
#2155=CARTESIAN_POINT('',(0.0922104039437808,0.0105007786384643,-0.0662766607684316));
#2156=CARTESIAN_POINT('',(0.0910290153230256,0.0105007909015928,-0.0664060412295939));
#2157=CARTESIAN_POINT('',(0.0904240565343142,0.0105007970061371,-0.0663369264214743));
#2158=CARTESIAN_POINT('',(0.0893022921400353,0.0105008079837644,-0.0659444172908022));
#2159=CARTESIAN_POINT('',(0.0887862171558886,0.0105008128496975,-0.0656212786150068));
#2160=CARTESIAN_POINT('',(0.0879432200439193,0.0105008203972815,-0.0647835587074167));
#2161=CARTESIAN_POINT('',(0.0876168469723085,0.0105008230740166,-0.0642695230947225));
#2162=CARTESIAN_POINT('',(0.0873197114951281,0.01050082503963,-0.0634371350485658));
#2163=CARTESIAN_POINT('',(0.0872520895608211,0.0105008253654837,-0.0631537806477332));
#2164=CARTESIAN_POINT('',(0.0872157922522105,0.0105008253654841,-0.0628664582173039));
#2165=CARTESIAN_POINT('',(0.0599157298810986,0.00850118371332774,-0.0919000652767892));
#2166=CARTESIAN_POINT('',(0.05793152099407,0.0105011630732394,-0.092150729459929));
#2167=CARTESIAN_POINT('',(0.0599157298810986,0.00850118371332774,-0.0919000652767892));
#2168=CARTESIAN_POINT('',(0.05793152099407,0.0105011630732394,-0.092150729459929));
#2169=CARTESIAN_POINT('',(0.0638999592469357,0.00850106036169378,-0.091649398506563));
#2170=CARTESIAN_POINT('',(0.0599157298810986,0.00850118371332774,-0.0919000652767892));
#2171=CARTESIAN_POINT('',(0.0599421197915205,0.00850118371332675,-0.09210896267143));
#2172=CARTESIAN_POINT('',(0.0600017655626063,0.00850118267540603,-0.0923136238383881));
#2173=CARTESIAN_POINT('',(0.0605732309852728,0.00850116981427088,-0.0935227807085477));
#2174=CARTESIAN_POINT('',(0.0620098218033468,0.00850112731629285,-0.0939423657915272));
#2175=CARTESIAN_POINT('',(0.0635340103206279,0.00850107678361984,-0.0929847276947903));
#2176=CARTESIAN_POINT('',(0.0638999592469078,0.00850106295832097,-0.092318578250802));
#2177=CARTESIAN_POINT('',(0.0638999592469357,0.00850106036169378,-0.091649398506563));
#2178=CARTESIAN_POINT('',(0.0638841886113053,0.00850105987343651,-0.0913987317365445));
#2179=CARTESIAN_POINT('',(0.0638999592469357,0.00850106036169377,-0.091649398506565));
#2180=CARTESIAN_POINT('',(0.0638999592469392,0.008501060036617,-0.0915656226007026));
#2181=CARTESIAN_POINT('',(0.0638946885291696,0.00850105987343612,-0.0914818470427632));
#2182=CARTESIAN_POINT('',(0.0638841886113053,0.00850105987343651,-0.0913987317365445));
#2183=CARTESIAN_POINT('',(0.0658684384527928,0.0105010805133119,-0.0911480623796532));
#2184=CARTESIAN_POINT('',(0.0638841886113053,0.00850105987343651,-0.0913987317365445));
#2185=CARTESIAN_POINT('',(0.0658684384527928,0.0105010805133119,-0.0911480623796532));
#2186=CARTESIAN_POINT('',(0.0658684384527928,0.0105010805133119,-0.0911480623796532));
#2187=CARTESIAN_POINT('',(0.0659185718067559,0.0105010805133112,-0.0915449082521879));
#2188=CARTESIAN_POINT('',(0.0659087290965399,0.0105010811371124,-0.0919492766765734));
#2189=CARTESIAN_POINT('',(0.0657477364179663,0.0105010839677687,-0.0928633633463044));
#2190=CARTESIAN_POINT('',(0.065551816719885,0.0105010866224519,-0.0933649235481682));
#2191=CARTESIAN_POINT('',(0.0649457706743387,0.0105010940492717,-0.0943094975841314));
#2192=CARTESIAN_POINT('',(0.0645119285647111,0.0105010990436187,-0.0947365801758788));
#2193=CARTESIAN_POINT('',(0.0635017930709414,0.0105011101956225,-0.0953625210853587));
#2194=CARTESIAN_POINT('',(0.06292613268562,0.0105011163462196,-0.0955609320110613));
#2195=CARTESIAN_POINT('',(0.0617447440648619,0.0105011286093481,-0.0956903124722192));
#2196=CARTESIAN_POINT('',(0.0611397852761437,0.0105011347138923,-0.0956211976640946));
#2197=CARTESIAN_POINT('',(0.0600180208818626,0.0105011456915196,-0.0952286885334103));
#2198=CARTESIAN_POINT('',(0.0595019458977194,0.0105011505574528,-0.0949055498576107));
#2199=CARTESIAN_POINT('',(0.0586589487857505,0.0105011581050368,-0.0940678299500065));
#2200=CARTESIAN_POINT('',(0.0583325757141401,0.0105011607817718,-0.0935537943372987));
#2201=CARTESIAN_POINT('',(0.0580354402369773,0.0105011627473853,-0.092721406291148));
#2202=CARTESIAN_POINT('',(0.0579678183026778,0.0105011630732389,-0.0924380518903365));
#2203=CARTESIAN_POINT('',(0.05793152099407,0.0105011630732394,-0.092150729459929));
#2204=CARTESIAN_POINT('',(0.0618029541944419,0.00799399346865455,-0.0742255140368808));
#2205=CARTESIAN_POINT('',(0.05582959106516,0.00799407372146906,-0.0889876079936415));
#2206=CARTESIAN_POINT('',(0.0593055136636962,0.00799402702205275,-0.0803974896841611));
#2207=VECTOR('',#2788,1.0);
#2208=CARTESIAN_POINT('',(0.0626378958326326,0.00870108802238875,-0.071381276649232));
#2209=CARTESIAN_POINT('',(0.0626378958326326,0.00870108802238875,-0.0713812766492321));
#2210=CARTESIAN_POINT('',(0.0626357942856727,0.00869964145704893,-0.0713864702103029));
#2211=CARTESIAN_POINT('',(0.0626332761541696,0.00869790557957317,-0.0713927039897927));
#2212=CARTESIAN_POINT('',(0.0626311808151236,0.00869645902531318,-0.071397900061632));
#2213=CARTESIAN_POINT('',(0.062405060927159,0.00854035317326918,-0.0719586375634585));
#2214=CARTESIAN_POINT('',(0.0621875562065848,0.00836384663648806,-0.0726067920993406));
#2215=CARTESIAN_POINT('',(0.0620216914247096,0.00821030853263073,-0.0732472706294235));
#2216=CARTESIAN_POINT('',(0.0619585558408955,0.00815186503597541,-0.0734910655174045));
#2217=CARTESIAN_POINT('',(0.0619023941787577,0.00809675369819455,-0.073733591452919));
#2218=CARTESIAN_POINT('',(0.0618537102687962,0.00804688178664981,-0.0739689159127036));
#2219=CARTESIAN_POINT('',(0.0618133451246389,0.00800553163830515,-0.0741640297757945));
#2220=CARTESIAN_POINT('',(0.0617783911247021,0.00796817253181592,-0.074351198822072));
#2221=CARTESIAN_POINT('',(0.0617451777566736,0.00793145770971757,-0.0745512704393056));
#2222=CARTESIAN_POINT('',(0.0616546862727715,0.00783142633891436,-0.0750963755763286));
#2223=CARTESIAN_POINT('',(0.0615889539890451,0.00774622160345773,-0.0757006025649901));
#2224=CARTESIAN_POINT('',(0.0615609435939079,0.00771489543181735,-0.076267505703245));
#2225=CARTESIAN_POINT('',(0.0615528282253645,0.00770581939320132,-0.0764317528648009));
#2226=CARTESIAN_POINT('',(0.0615476007437804,0.00770110592623039,-0.0765928015425096));
#2227=CARTESIAN_POINT('',(0.0615449105652947,0.00770110615495943,-0.0767483447008032));
#2228=CARTESIAN_POINT('',(0.055558090547894,0.00870118314037974,-0.0888777436389172));
#2229=CARTESIAN_POINT('',(0.121981183542964,0.00870029073855416,0.0752749988731161));
#2230=VECTOR('',#2789,1.0);
#2231=AXIS2_PLACEMENT_3D('',#2790,#2791,#2792);
#2232=CARTESIAN_POINT('',(0.0793248928177665,0.00799383673159701,-0.0917474526706208));
#2233=CARTESIAN_POINT('',(0.0645627988615329,0.0079939956013805,-0.0977208157938604));
#2234=CARTESIAN_POINT('',(0.0731529156173839,0.00799390315459563,-0.0942448938275161));
#2235=VECTOR('',#2793,1.0);
#2236=CARTESIAN_POINT('',(0.0768020595359805,0.00770096967706304,-0.0920054936782079));
#2237=CARTESIAN_POINT('',(0.0768020595359805,0.00770096967706304,-0.0920054936782079));
#2238=CARTESIAN_POINT('',(0.0776121214125678,0.00770096136503008,-0.0919914833481644));
#2239=CARTESIAN_POINT('',(0.0784732345617538,0.00782360736184739,-0.0919079212853425));
#2240=CARTESIAN_POINT('',(0.0793200725426065,0.00799287269848588,-0.0917483617134682));
#2241=CARTESIAN_POINT('',(0.0802157571204512,0.00817190145607438,-0.0915795985604133));
#2242=CARTESIAN_POINT('',(0.0810951337754974,0.00840442537691308,-0.0913252330727173));
#2243=CARTESIAN_POINT('',(0.0818855913804864,0.00862231904055181,-0.0910239141899157));
#2244=CARTESIAN_POINT('',(0.0819757443701528,0.00864717017119111,-0.0909895482758476));
#2245=CARTESIAN_POINT('',(0.0820647505429876,0.00867185238567142,-0.0909546226598908));
#2246=CARTESIAN_POINT('',(0.0821525130790723,0.00869628440354524,-0.09091923233417));
#2247=CARTESIAN_POINT('',(0.0821577091638506,0.00869773093006682,-0.0909171370080664));
#2248=CARTESIAN_POINT('',(0.0821639429588669,0.00869946677430519,-0.0909146188920945));
#2249=CARTESIAN_POINT('',(0.0821691365328766,0.0087009133119858,-0.0909125173580773));
#2250=CARTESIAN_POINT('',(0.0642975620558204,0.00770110425038974,-0.0970653384631791));
#2251=CARTESIAN_POINT('',(0.171894240927724,0.00769994629557867,-0.0535272038572895));
#2252=VECTOR('',#2794,1.0);
#2253=AXIS2_PLACEMENT_3D('',#2795,#2796,#2797);
#2254=CARTESIAN_POINT('',(0.0550469888133653,0.00870119176950828,-0.0915034243699184));
#2255=CARTESIAN_POINT('',(0.0560469785746982,0.00770118153094681,-0.0915034256633562));
#2256=AXIS2_PLACEMENT_3D('',#2798,#2799,#2800);
#2257=CARTESIAN_POINT('',(0.0570972413440225,0.00870117717995317,-0.096453171837225));
#2258=AXIS2_PLACEMENT_3D('',#2801,#2802,#2803);
#2259=CARTESIAN_POINT('',(0.0646726695413412,0.00870110160885836,-0.0979923226363784));
#2260=AXIS2_PLACEMENT_3D('',#2804,#2805,#2806);
#2261=AXIS2_PLACEMENT_3D('',#2807,#2808,#2809);
#2262=AXIS2_PLACEMENT_3D('',#2810,#2811,#2812);
#2263=CARTESIAN_POINT('',(0.091282386985151,0.0079936988371458,-0.0797899585072686));
#2264=CARTESIAN_POINT('',(0.097255750113822,0.0079936185845484,-0.0650278645525963));
#2265=CARTESIAN_POINT('',(0.093779828955835,0.00799366528394537,-0.0736179793020182));
#2266=VECTOR('',#2813,1.0);
#2267=CARTESIAN_POINT('',(0.0904474598259372,0.0087008178459265,-0.0826341940678083));
#2268=CARTESIAN_POINT('',(0.0904474598259372,0.0087008178459265,-0.0826341940678084));
#2269=CARTESIAN_POINT('',(0.0904495613432745,0.00869937122411829,-0.0826290005104806));
#2270=CARTESIAN_POINT('',(0.0904520794392306,0.00869763527895376,-0.0826227667354823));
#2271=CARTESIAN_POINT('',(0.0904541747486542,0.00869618866834587,-0.0826175706673861));
#2272=CARTESIAN_POINT('',(0.0907737070434716,0.00847558220226423,-0.0818251762152526));
#2273=CARTESIAN_POINT('',(0.091051068430464,0.00823247348045623,-0.0809302795106664));
#2274=CARTESIAN_POINT('',(0.0912388908423243,0.00803913468738522,-0.0800112548062487));
#2275=CARTESIAN_POINT('',(0.0914113385546263,0.00786162215182523,-0.0791674592961386));
#2276=CARTESIAN_POINT('',(0.0915090160746782,0.00772552873113716,-0.0783036026126003));
#2277=CARTESIAN_POINT('',(0.0915350741626854,0.00770374965711376,-0.0774849641217432));
#2278=CARTESIAN_POINT('',(0.091537397390224,0.00770180792813806,-0.0774119778195428));
#2279=CARTESIAN_POINT('',(0.0915391755149872,0.0077007998196656,-0.077339350251116));
#2280=CARTESIAN_POINT('',(0.0915404246160457,0.00770079971346233,-0.077267128603113));
#2281=CARTESIAN_POINT('',(0.0975272651106758,0.00870072272793551,-0.0651377270781233));
#2282=CARTESIAN_POINT('',(0.149790747536269,0.00870002056209191,0.0640220814545396));
#2283=VECTOR('',#2814,1.0);
#2284=AXIS2_PLACEMENT_3D('',#2815,#2816,#2817);
#2285=CARTESIAN_POINT('',(0.0737604483612158,0.00799385557398627,-0.0622680198756169));
#2286=CARTESIAN_POINT('',(0.0885225423174492,0.00799369670463697,-0.0562946567523775));
#2287=CARTESIAN_POINT('',(0.0799324260113808,0.00799378915141702,-0.0597705785367208));
#2288=VECTOR('',#2818,1.0);
#2289=CARTESIAN_POINT('',(0.07628327564536,0.00770093619135872,-0.0620099796257081));
#2290=CARTESIAN_POINT('',(0.0762832756453601,0.00770093619135872,-0.0620099796257081));
#2291=CARTESIAN_POINT('',(0.0754732137687724,0.00770094450339164,-0.0620239899557517));
#2292=CARTESIAN_POINT('',(0.0746121031312184,0.00782360834955922,-0.0621075517012806));
#2293=CARTESIAN_POINT('',(0.0737652686166319,0.00799289143981832,-0.0622671108352638));
#2294=CARTESIAN_POINT('',(0.0728695878184771,0.00817193895239098,-0.0624358735037868));
#2295=CARTESIAN_POINT('',(0.0719902160342226,0.00840448150257265,-0.0626902383458683));
#2296=CARTESIAN_POINT('',(0.071199762969084,0.00862239210769482,-0.0629915566159133));
#2297=CARTESIAN_POINT('',(0.071109610385621,0.00864724520129666,-0.0630259225026272));
#2298=CARTESIAN_POINT('',(0.0710206046179673,0.0086719293564113,-0.0630608480930143));
#2299=CARTESIAN_POINT('',(0.0709328424847086,0.0086963632901184,-0.0630962383948444));
#2300=CARTESIAN_POINT('',(0.0709276464295515,0.00869780992846009,-0.0630983337172062));
#2301=CARTESIAN_POINT('',(0.0709214126700812,0.00869954590686262,-0.0631008518286878));
#2302=CARTESIAN_POINT('',(0.0709162191256933,0.00870099255632945,-0.063102953358963));
#2303=CARTESIAN_POINT('',(0.0887877731255201,0.00770080161803202,-0.0569501348407371));
#2304=CARTESIAN_POINT('',(0.161391518014353,0.00770002025696608,-0.0275716107914508));
#2305=VECTOR('',#2819,1.0);
#2306=AXIS2_PLACEMENT_3D('',#2820,#2821,#2822);
#2307=CARTESIAN_POINT('',(0.0970383566066422,0.00770072433747495,-0.0625120476405601));
#2308=CARTESIAN_POINT('',(0.0980383668452045,0.00870071409880697,-0.0625120463471222));
#2309=AXIS2_PLACEMENT_3D('',#2823,#2824,#2825);
#2310=CARTESIAN_POINT('',(0.0966002694056177,0.00770073173387084,-0.0647626311242753));
#2311=AXIS2_PLACEMENT_3D('',#2826,#2827,#2828);
#2312=AXIS2_PLACEMENT_3D('',#2829,#2830,#2831);
#2313=AXIS2_PLACEMENT_3D('',#2832,#2833,#2834);
#2314=CARTESIAN_POINT('',(0.0733606562596028,0.00690023953440975,-0.0738258314377635));
#2315=CARTESIAN_POINT('',(0.0729363872982776,0.00630024567761053,-0.0734015635739567));
#2316=CARTESIAN_POINT('',(0.0729363872982776,0.00630024567761053,-0.0734015635739567));
#2317=VECTOR('',#2835,1.0);
#2318=CARTESIAN_POINT('',(0.0797246172899481,0.00690014738687724,-0.0801897924681089));
#2319=AXIS2_PLACEMENT_3D('',#2836,#2837,#2838);
#2320=CARTESIAN_POINT('',(0.0801488764660023,0.00630014124374035,-0.0806140527416815));
#2321=CARTESIAN_POINT('',(0.0801488764660023,0.00630014124374035,-0.0806140527416815));
#2322=VECTOR('',#2839,1.0);
#2323=AXIS2_PLACEMENT_3D('',#2840,#2841,#2842);
#2324=CARTESIAN_POINT('',(0.0765425918249213,0.000300972336172409,-0.0920077462233854));
#2325=CARTESIAN_POINT('',(0.0765425815863065,-0.000699028957212172,-0.0910077475168241));
#2326=AXIS2_PLACEMENT_3D('',#2843,#2844,#2845);
#2327=CARTESIAN_POINT('',(0.091542591824135,0.000300799355384053,-0.077007746223398));
#2328=AXIS2_PLACEMENT_3D('',#2846,#2847,#2848);
#2329=CARTESIAN_POINT('',(0.0765425918249213,0.000300933533037409,-0.0620077462234105));
#2330=AXIS2_PLACEMENT_3D('',#2849,#2850,#2851);
#2331=CARTESIAN_POINT('',(0.0765425815863065,-0.000699065173471506,-0.0630077475168475));
#2332=AXIS2_PLACEMENT_3D('',#2852,#2853,#2854);
#2333=AXIS2_PLACEMENT_3D('',#2855,#2856,#2857);
#2334=CARTESIAN_POINT('',(0.0722049675492213,0.000303902064081204,-0.0817453856650393));
#2335=CARTESIAN_POINT('',(0.0722050122282758,0.00578304157750177,-0.0817454203216665));
#2336=CARTESIAN_POINT('',(0.0722049668736893,0.000221059351563306,-0.081745385141043));
#2337=VECTOR('',#2858,1.0);
#2338=CARTESIAN_POINT('',(0.0721913372041826,0.000221058807872586,-0.0818489127591471));
#2339=AXIS2_PLACEMENT_3D('',#2859,#2860,#2861);
#2340=CARTESIAN_POINT('',(0.0721913818832371,0.00570019832129315,-0.0818489474157742));
#2341=CARTESIAN_POINT('',(0.0721913372041826,0.000221058807872583,-0.0818489127591471));
#2342=VECTOR('',#2862,0.999999999999999);
#2343=AXIS2_PLACEMENT_3D('',#2863,#2864,#2865);
#2344=CARTESIAN_POINT('',(0.0826143315443903,0.00588650331170278,-0.0787418931462818));
#2345=CARTESIAN_POINT('',(0.0826142868653358,0.000407363798282406,-0.0787418584896546));
#2346=CARTESIAN_POINT('',(0.0826143085005637,0.00306056300551048,-0.0787418752716576));
#2347=VECTOR('',#2866,1.0);
#2348=CARTESIAN_POINT('',(0.0827314873121127,0.00570013023683265,-0.0790247346798744));
#2349=AXIS2_PLACEMENT_3D('',#2867,#2868,#2869);
#2350=CARTESIAN_POINT('',(0.0827314426330582,0.000220990723412274,-0.0790247000232471));
#2351=CARTESIAN_POINT('',(0.0827314426330582,0.000220990723412274,-0.0790247000232472));
#2352=VECTOR('',#2870,0.999999999999999);
#2353=AXIS2_PLACEMENT_3D('',#2871,#2872,#2873);
#2354=CARTESIAN_POINT('',(0.0808802430979733,0.00578303076894884,-0.0722701894555537));
#2355=CARTESIAN_POINT('',(0.0808801984189188,0.000303891255528291,-0.0722701547989266));
#2356=CARTESIAN_POINT('',(0.0808801977433868,0.000221048543010374,-0.0722701542749302));
#2357=VECTOR('',#2874,1.0);
#2358=CARTESIAN_POINT('',(0.0813837700403806,0.00570018150660129,-0.0726565592620828));
#2359=AXIS2_PLACEMENT_3D('',#2875,#2876,#2877);
#2360=CARTESIAN_POINT('',(0.0813837253613261,0.000221041993180737,-0.0726565246054556));
#2361=CARTESIAN_POINT('',(0.0813837253613261,0.000221041993180736,-0.0726565246054556));
#2362=VECTOR('',#2878,1.0);
#2363=AXIS2_PLACEMENT_3D('',#2879,#2880,#2881);
#2364=CARTESIAN_POINT('',(0.0704708807942296,0.000407484757267776,-0.075273683283168));
#2365=CARTESIAN_POINT('',(0.0704709254732841,0.00588662427068843,-0.0752737179397952));
#2366=CARTESIAN_POINT('',(0.0704709024294498,0.00306068301711863,-0.075273700065165));
#2367=VECTOR('',#2882,1.0);
#2368=CARTESIAN_POINT('',(0.0701744068924586,0.00022111440046396,-0.0756600524348646));
#2369=AXIS2_PLACEMENT_3D('',#2883,#2884,#2885);
#2370=CARTESIAN_POINT('',(0.0701744515715131,0.00570025391388459,-0.0756600870914918));
#2371=CARTESIAN_POINT('',(0.0701744068924586,0.000221114400463957,-0.0756600524348646));
#2372=VECTOR('',#2886,0.999999999999999);
#2373=AXIS2_PLACEMENT_3D('',#2887,#2888,#2889);
#2374=CARTESIAN_POINT('',(0.079724646652098,0.0105009244711232,-0.080189815243727));
#2375=CARTESIAN_POINT('',(0.0797246238196552,0.00770090686044462,-0.0801897975330689));
#2376=VECTOR('',#2890,1.0);
#2377=CARTESIAN_POINT('',(0.0733606856214655,0.0105009813978803,-0.0738258542131588));
#2378=AXIS2_PLACEMENT_3D('',#2891,#2892,#2893);
#2379=CARTESIAN_POINT('',(0.0733606627893099,0.00770099900797714,-0.0738258365027235));
#2380=VECTOR('',#2894,1.0);
#2381=AXIS2_PLACEMENT_3D('',#2895,#2896,#2897);
#2382=CARTESIAN_POINT('',(0.091542667589884,0.00770079935499002,-0.0770077366519581));
#2383=CARTESIAN_POINT('',(0.0915425959195809,0.000700799355362755,-0.0770077457060229));
#2384=VECTOR('',#2898,1.0);
#2385=AXIS2_PLACEMENT_3D('',#2899,#2900,#2901);
#2386=CARTESIAN_POINT('',(0.0709162191256933,0.00870099255632945,-0.063102953358963));
#2387=CARTESIAN_POINT('',(0.0762832756453601,0.00770093619135872,-0.0620099796257081));
#2388=CARTESIAN_POINT('',(0.0754732137687724,0.00770094450339164,-0.0620239899557517));
#2389=CARTESIAN_POINT('',(0.0746121031312184,0.00782360834955922,-0.0621075517012806));
#2390=CARTESIAN_POINT('',(0.0737652686166319,0.00799289143981832,-0.0622671108352638));
#2391=CARTESIAN_POINT('',(0.0728695878184771,0.00817193895239098,-0.0624358735037868));
#2392=CARTESIAN_POINT('',(0.0719902160342226,0.00840448150257265,-0.0626902383458683));
#2393=CARTESIAN_POINT('',(0.071199762969084,0.00862239210769482,-0.0629915566159133));
#2394=CARTESIAN_POINT('',(0.071109610385621,0.00864724520129666,-0.0630259225026272));
#2395=CARTESIAN_POINT('',(0.0710206046179673,0.0086719293564113,-0.0630608480930143));
#2396=CARTESIAN_POINT('',(0.0709328424847086,0.0086963632901184,-0.0630962383948444));
#2397=CARTESIAN_POINT('',(0.0709276464295515,0.00869780992846009,-0.0630983337172062));
#2398=CARTESIAN_POINT('',(0.0709214126700812,0.00869954590686262,-0.0631008518286878));
#2399=CARTESIAN_POINT('',(0.0709162191256933,0.00870099255632945,-0.063102953358963));
#2400=CARTESIAN_POINT('',(0.0709162375551999,0.0105009925562336,-0.0631029510307749));
#2401=CARTESIAN_POINT('',(0.0709161372167756,0.000700992556755434,-0.0631029637064657));
#2402=VECTOR('',#2902,1.0);
#2403=CARTESIAN_POINT('',(0.0626379142621391,0.0105010880222929,-0.071381274321044));
#2404=AXIS2_PLACEMENT_3D('',#2903,#2904,#2905);
#2405=CARTESIAN_POINT('',(0.0626378139237148,0.000701088022814735,-0.0713812869967347));
#2406=VECTOR('',#2906,1.0);
#2407=CARTESIAN_POINT('',(0.0615449105652947,0.00770110615495943,-0.0767483447008031));
#2408=CARTESIAN_POINT('',(0.0626378958326326,0.00870108802238875,-0.0713812766492321));
#2409=CARTESIAN_POINT('',(0.0626357942856727,0.00869964145704893,-0.0713864702103029));
#2410=CARTESIAN_POINT('',(0.0626332761541696,0.00869790557957317,-0.0713927039897927));
#2411=CARTESIAN_POINT('',(0.0626311808151236,0.00869645902531318,-0.071397900061632));
#2412=CARTESIAN_POINT('',(0.062405060927159,0.00854035317326918,-0.0719586375634585));
#2413=CARTESIAN_POINT('',(0.0621875562065848,0.00836384663648806,-0.0726067920993406));
#2414=CARTESIAN_POINT('',(0.0620216914247096,0.00821030853263073,-0.0732472706294235));
#2415=CARTESIAN_POINT('',(0.0619585558408955,0.00815186503597541,-0.0734910655174045));
#2416=CARTESIAN_POINT('',(0.0619023941787577,0.00809675369819455,-0.073733591452919));
#2417=CARTESIAN_POINT('',(0.0618537102687962,0.00804688178664981,-0.0739689159127036));
#2418=CARTESIAN_POINT('',(0.0618133451246389,0.00800553163830515,-0.0741640297757945));
#2419=CARTESIAN_POINT('',(0.0617783911247021,0.00796817253181592,-0.074351198822072));
#2420=CARTESIAN_POINT('',(0.0617451777566736,0.00793145770971757,-0.0745512704393056));
#2421=CARTESIAN_POINT('',(0.0616546862727715,0.00783142633891436,-0.0750963755763286));
#2422=CARTESIAN_POINT('',(0.0615889539890451,0.00774622160345773,-0.0757006025649901));
#2423=CARTESIAN_POINT('',(0.0615609435939079,0.00771489543181735,-0.076267505703245));
#2424=CARTESIAN_POINT('',(0.0615528282253645,0.00770581939320132,-0.0764317528648009));
#2425=CARTESIAN_POINT('',(0.0615476007437804,0.00770110592623039,-0.0765928015425096));
#2426=CARTESIAN_POINT('',(0.0615449105652947,0.00770110615495943,-0.0767483447008032));
#2427=CARTESIAN_POINT('',(0.0615426675914564,0.00770110651343173,-0.077007736651958));
#2428=AXIS2_PLACEMENT_3D('',#2907,#2908,#2909);
#2429=CARTESIAN_POINT('',(0.0615425918257075,0.000301106513825766,-0.0770077462233979));
#2430=CARTESIAN_POINT('',(0.0615425959211534,0.000701106513804466,-0.0770077457060228));
#2431=VECTOR('',#2910,1.0);
#2432=AXIS2_PLACEMENT_3D('',#2911,#2912,#2913);
#2433=CARTESIAN_POINT('',(0.057097259773529,0.0105011771798573,-0.096453169509037));
#2434=CARTESIAN_POINT('',(0.0570972522993403,0.00977117717989618,-0.0964531704532466));
#2435=VECTOR('',#2914,1.0);
#2436=AXIS2_PLACEMENT_3D('',#2915,#2916,#2917);
#2437=CARTESIAN_POINT('',(0.0555581089774005,0.0105011831402839,-0.0888777413107291));
#2438=CARTESIAN_POINT('',(0.0555581015032117,0.00977118314032275,-0.0888777422549387));
#2439=VECTOR('',#2918,1.0);
#2440=AXIS2_PLACEMENT_3D('',#2919,#2920,#2921);
#2441=CARTESIAN_POINT('',(0.0959881143145473,0.00870072868836208,-0.0575622988798155));
#2442=CARTESIAN_POINT('',(0.0959881327440538,0.0105007286882662,-0.0575622965516274));
#2443=CARTESIAN_POINT('',(0.0959881252698651,0.00977072868830509,-0.057562297495837));
#2444=VECTOR('',#2922,1.0);
#2445=AXIS2_PLACEMENT_3D('',#2923,#2924,#2925);
#2446=CARTESIAN_POINT('',(0.0975272835401823,0.0105007227278397,-0.0651377247499352));
#2447=CARTESIAN_POINT('',(0.0975272760659936,0.00977072272787852,-0.0651377256941448));
#2448=VECTOR('',#2926,1.0);
#2449=AXIS2_PLACEMENT_3D('',#2927,#2928,#2929);
#2450=CARTESIAN_POINT('',(0.0891842386949197,0.00770080456272854,-0.0623651262293444));
#2451=CARTESIAN_POINT('',(0.0891842305036086,0.00850084551731524,-0.0623651272641476));
#2452=CARTESIAN_POINT('',(0.0891842386952211,0.00770077512967111,-0.0623651262293063));
#2453=VECTOR('',#2930,1.0);
#2454=CARTESIAN_POINT('',(0.0931842386955487,0.00770076360826963,-0.0623651262292385));
#2455=AXIS2_PLACEMENT_3D('',#2931,#2932,#2933);
#2456=CARTESIAN_POINT('',(0.0931842386950114,0.00770081608413,-0.0623651262293064));
#2457=VECTOR('',#2934,1.0);
#2458=CARTESIAN_POINT('',(0.0891842305036086,0.00850084551731524,-0.0623651272641476));
#2459=CARTESIAN_POINT('',(0.0891842305036053,0.00850084584239202,-0.0624489031700087));
#2460=CARTESIAN_POINT('',(0.0891895012213749,0.0085008460055729,-0.0625326787279467));
#2461=CARTESIAN_POINT('',(0.0892000011392391,0.0085008460055725,-0.062615794034164));
#2462=CARTESIAN_POINT('',(0.0598999674367792,0.00770114227048377,-0.0916493974719695));
#2463=CARTESIAN_POINT('',(0.0598999592454681,0.00850118322507048,-0.0916493985067728));
#2464=CARTESIAN_POINT('',(0.0598999674373167,0.0077010897733211,-0.0916493974719016));
#2465=VECTOR('',#2935,1.0);
#2466=CARTESIAN_POINT('',(0.0638999674374082,0.00770110131602487,-0.0916493974718636));
#2467=AXIS2_PLACEMENT_3D('',#2936,#2937,#2938);
#2468=CARTESIAN_POINT('',(0.0638999674371071,0.00770113072777999,-0.0916493974719016));
#2469=VECTOR('',#2939,1.0);
#2470=CARTESIAN_POINT('',(0.0598999592454681,0.00850118322507048,-0.0916493985067728));
#2471=CARTESIAN_POINT('',(0.0598999592454648,0.00850118355014726,-0.0917331744126338));
#2472=CARTESIAN_POINT('',(0.0599052299632344,0.00850118371332814,-0.0918169499705718));
#2473=CARTESIAN_POINT('',(0.0599157298810986,0.00850118371332774,-0.0919000652767892));
#2474=CARTESIAN_POINT('',(0.05793152099407,0.0105011630732394,-0.092150729459929));
#2475=CARTESIAN_POINT('',(0.0578952236854594,0.0105011630732398,-0.0918634070295005));
#2476=CARTESIAN_POINT('',(0.0578902536894546,0.0105011627473871,-0.0915721378385279));
#2477=CARTESIAN_POINT('',(0.0579710473512371,0.0105011607817764,-0.0906920061805437));
#2478=CARTESIAN_POINT('',(0.0581593311773325,0.0105011581050431,-0.0901129542020368));
#2479=CARTESIAN_POINT('',(0.0587675112038347,0.010501150557462,-0.0890919077634577));
#2480=CARTESIAN_POINT('',(0.0591870112878029,0.0105011456915301,-0.0886505783257109));
#2481=CARTESIAN_POINT('',(0.0601759201382028,0.0105011347139045,-0.08799142882859));
#2482=CARTESIAN_POINT('',(0.0607446848139198,0.0105011286093607,-0.0877740380827102));
#2483=CARTESIAN_POINT('',(0.0619211334995776,0.0105011163462322,-0.0876055540568004));
#2484=CARTESIAN_POINT('',(0.0625280512610225,0.0105011101956347,-0.0876545704368565));
#2485=CARTESIAN_POINT('',(0.0636621167732921,0.0105010990436294,-0.0880096354334412));
#2486=CARTESIAN_POINT('',(0.0641885401501625,0.0105010940492812,-0.0883154081342041));
#2487=CARTESIAN_POINT('',(0.0650104523884724,0.0105010866224587,-0.0890795888662511));
#2488=CARTESIAN_POINT('',(0.0653249499924186,0.010501083967774,-0.0895166682884405));
#2489=CARTESIAN_POINT('',(0.0657082091587904,0.0105010811371149,-0.0903619998764729));
#2490=CARTESIAN_POINT('',(0.0658183050988297,0.0105010805133125,-0.0907512165071186));
#2491=CARTESIAN_POINT('',(0.0658684384527928,0.0105010805133119,-0.0911480623796532));
#2492=CARTESIAN_POINT('',(0.0638841886113053,0.00850105987343651,-0.0913987317365445));
#2493=CARTESIAN_POINT('',(0.0638462642314224,0.00850106009810385,-0.0911564286343669));
#2494=CARTESIAN_POINT('',(0.0637787469433233,0.00850106126178552,-0.090921867991437));
#2495=CARTESIAN_POINT('',(0.0632783284256442,0.00850107299609683,-0.0899847102337844));
#2496=CARTESIAN_POINT('',(0.0624143171894524,0.0085010978489969,-0.0895502261589265));
#2497=CARTESIAN_POINT('',(0.0610977603735251,0.00850113905220412,-0.089747131183586));
#2498=CARTESIAN_POINT('',(0.0606246748566726,0.00850115466508017,-0.0900258857330132));
#2499=CARTESIAN_POINT('',(0.0601182925030983,0.00850117278063907,-0.0906860379208186));
#2500=CARTESIAN_POINT('',(0.0599857808366286,0.00850117801999461,-0.0909873403380686));
#2501=CARTESIAN_POINT('',(0.0599101158570211,0.00850118201113667,-0.091416952105592));
#2502=CARTESIAN_POINT('',(0.0598999592454727,0.00850118277408714,-0.0915331750773585));
#2503=CARTESIAN_POINT('',(0.0598999592454681,0.00850118322507048,-0.0916493985067728));
#2504=CARTESIAN_POINT('',(0.0872157922522105,0.0105008253654841,-0.0628664582173039));
#2505=CARTESIAN_POINT('',(0.0871794949436009,0.0105008253654846,-0.062579135786883));
#2506=CARTESIAN_POINT('',(0.0871745249475954,0.0105008250396319,-0.0622878665959182));
#2507=CARTESIAN_POINT('',(0.0872553186093737,0.0105008230740211,-0.0614077349379242));
#2508=CARTESIAN_POINT('',(0.0874436024354751,0.0105008203972878,-0.0608286829594001));
#2509=CARTESIAN_POINT('',(0.0880517824619872,0.0105008128497068,-0.0598076365208206));
#2510=CARTESIAN_POINT('',(0.0884712825459481,0.0105008079837748,-0.0593663070830838));
#2511=CARTESIAN_POINT('',(0.0894601913963367,0.0105007970061492,-0.0587071575859682));
#2512=CARTESIAN_POINT('',(0.0900289560720526,0.0105007909016054,-0.0584897668400876));
#2513=CARTESIAN_POINT('',(0.0912054047577189,0.010500778638477,-0.0583212828141738));
#2514=CARTESIAN_POINT('',(0.0918123225191741,0.0105007724878795,-0.0583702991942317));
#2515=CARTESIAN_POINT('',(0.0929463880314452,0.0105007613358741,-0.0587253641908232));
#2516=CARTESIAN_POINT('',(0.0934728114083088,0.010500756341526,-0.0590311368915841));
#2517=CARTESIAN_POINT('',(0.0942947236466135,0.0105007489147035,-0.0597953176236267));
#2518=CARTESIAN_POINT('',(0.0946092212505593,0.0105007462600188,-0.0602323970458159));
#2519=CARTESIAN_POINT('',(0.0949924804169309,0.0105007434293597,-0.0610777286338478));
#2520=CARTESIAN_POINT('',(0.0951025763569703,0.0105007428055573,-0.0614669452644936));
#2521=CARTESIAN_POINT('',(0.0951527097109333,0.0105007428055566,-0.0618637911370282));
#2522=CARTESIAN_POINT('',(0.0777301042894046,0.0105009351626055,-0.0726673289244331));
#2523=AXIS2_PLACEMENT_3D('',#2940,#2941,#2942);
#2524=AXIS2_PLACEMENT_3D('',#2943,#2944,#2945);
#2525=CARTESIAN_POINT('',(0.0904474782554437,0.0105008178458307,-0.0826341917396203));
#2526=CARTESIAN_POINT('',(0.0821691549623831,0.01050091331189,-0.0909125150298892));
#2527=AXIS2_PLACEMENT_3D('',#2946,#2947,#2948);
#2528=CARTESIAN_POINT('',(0.0646726879708477,0.0105011016087625,-0.0979923203081903));
#2529=CARTESIAN_POINT('',(0.172269366842752,0.0104999436539514,-0.0544541857023007));
#2530=VECTOR('',#2949,1.0);
#2531=AXIS2_PLACEMENT_3D('',#2950,#2951,#2952);
#2532=CARTESIAN_POINT('',(0.12198120197247,0.0105002907384583,0.0752750012013042));
#2533=VECTOR('',#2953,1.0);
#2534=CARTESIAN_POINT('',(0.0884127045467352,0.010500804259361,-0.0560231457524741));
#2535=CARTESIAN_POINT('',(0.161016449435568,0.0105000228982951,-0.0266446217031877));
#2536=VECTOR('',#2954,1.0);
#2537=AXIS2_PLACEMENT_3D('',#2955,#2956,#2957);
#2538=CARTESIAN_POINT('',(0.149790765965775,0.0105000205619961,0.0640220837827277));
#2539=VECTOR('',#2958,1.0);
#2540=AXIS2_PLACEMENT_3D('',#2959,#2960,#2961);
#2541=CARTESIAN_POINT('',(0.0931684598694458,0.00850072216568127,-0.0621144604939194));
#2542=CARTESIAN_POINT('',(0.0931305354895629,0.00850072239034862,-0.0618721573917417));
#2543=CARTESIAN_POINT('',(0.0930630182014637,0.00850072355403029,-0.0616375967488117));
#2544=CARTESIAN_POINT('',(0.0925625996837845,0.0085007352883416,-0.0607004389911592));
#2545=CARTESIAN_POINT('',(0.0916985884475927,0.00850076014124166,-0.0602659549163014));
#2546=CARTESIAN_POINT('',(0.0903820316316655,0.00850080134444888,-0.0604628599409609));
#2547=CARTESIAN_POINT('',(0.089908946114813,0.00850081695732493,-0.0607416144903882));
#2548=CARTESIAN_POINT('',(0.0894025637612388,0.00850083507288383,-0.0614017666781935));
#2549=CARTESIAN_POINT('',(0.0892700520947691,0.00850084031223937,-0.0617030690954435));
#2550=CARTESIAN_POINT('',(0.0891943871151616,0.00850084430338143,-0.0621326808629669));
#2551=CARTESIAN_POINT('',(0.0891842305036133,0.0085008450663319,-0.0622489038347334));
#2552=CARTESIAN_POINT('',(0.0891842305036086,0.00850084551731524,-0.0623651272641476));
#2553=AXIS2_PLACEMENT_3D('',#2962,#2963,#2964);
#2554=CARTESIAN_POINT('',(0.0904473779170195,0.000700817846352484,-0.082634204415311));
#2555=VECTOR('',#2965,1.0);
#2556=CARTESIAN_POINT('',(0.0884126861172287,0.00870080425945689,-0.0560231480806622));
#2557=CARTESIAN_POINT('',(0.0884126970725465,0.0097708042593999,-0.0560231466966837));
#2558=VECTOR('',#2966,1.0);
#2559=AXIS2_PLACEMENT_3D('',#2967,#2968,#2969);
#2560=CARTESIAN_POINT('',(0.161016431006061,0.00870002289839094,-0.0266446240313758));
#2561=VECTOR('',#2970,1.0);
#2562=CARTESIAN_POINT('',(0.064672680496659,0.00977110160880137,-0.0979923212523999));
#2563=VECTOR('',#2971,1.0);
#2564=CARTESIAN_POINT('',(0.0821691365328766,0.0087009133119858,-0.0909125173580773));
#2565=CARTESIAN_POINT('',(0.172269348413245,0.0086999436540473,-0.0544541880304888));
#2566=VECTOR('',#2972,1.0);
#2567=CARTESIAN_POINT('',(0.0821690546239588,0.000700913312411785,-0.09091252770558));
#2568=VECTOR('',#2973,1.0);
#2569=AXIS2_PLACEMENT_3D('',#2974,#2975,#2976);
#2570=AXIS2_PLACEMENT_3D('',#2977,#2978,#2979);
#2571=CARTESIAN_POINT('',(0.0768020595359805,0.00770096967706304,-0.0920054936782079));
#2572=CARTESIAN_POINT('',(0.0776121214125678,0.00770096136503008,-0.0919914833481644));
#2573=CARTESIAN_POINT('',(0.0784732345617538,0.00782360736184739,-0.0919079212853425));
#2574=CARTESIAN_POINT('',(0.0793200725426065,0.00799287269848588,-0.0917483617134682));
#2575=CARTESIAN_POINT('',(0.0802157571204512,0.00817190145607438,-0.0915795985604133));
#2576=CARTESIAN_POINT('',(0.0810951337754974,0.00840442537691308,-0.0913252330727173));
#2577=CARTESIAN_POINT('',(0.0818855913804864,0.00862231904055181,-0.0910239141899157));
#2578=CARTESIAN_POINT('',(0.0819757443701528,0.00864717017119111,-0.0909895482758476));
#2579=CARTESIAN_POINT('',(0.0820647505429876,0.00867185238567142,-0.0909546226598908));
#2580=CARTESIAN_POINT('',(0.0821525130790723,0.00869628440354524,-0.09091923233417));
#2581=CARTESIAN_POINT('',(0.0821577091638506,0.00869773093006682,-0.0909171370080664));
#2582=CARTESIAN_POINT('',(0.0821639429588669,0.00869946677430519,-0.0909146188920945));
#2583=CARTESIAN_POINT('',(0.0821691365328766,0.0087009133119858,-0.0909125173580773));
#2584=CARTESIAN_POINT('',(0.0915404246160457,0.00770079971346233,-0.077267128603113));
#2585=CARTESIAN_POINT('',(0.0904474598259372,0.0087008178459265,-0.0826341940678084));
#2586=CARTESIAN_POINT('',(0.0904495613432745,0.00869937122411829,-0.0826290005104806));
#2587=CARTESIAN_POINT('',(0.0904520794392306,0.00869763527895376,-0.0826227667354823));
#2588=CARTESIAN_POINT('',(0.0904541747486542,0.00869618866834587,-0.0826175706673861));
#2589=CARTESIAN_POINT('',(0.0907737070434716,0.00847558220226423,-0.0818251762152526));
#2590=CARTESIAN_POINT('',(0.091051068430464,0.00823247348045623,-0.0809302795106664));
#2591=CARTESIAN_POINT('',(0.0912388908423243,0.00803913468738522,-0.0800112548062487));
#2592=CARTESIAN_POINT('',(0.0914113385546263,0.00786162215182523,-0.0791674592961386));
#2593=CARTESIAN_POINT('',(0.0915090160746782,0.00772552873113716,-0.0783036026126003));
#2594=CARTESIAN_POINT('',(0.0915350741626854,0.00770374965711376,-0.0774849641217432));
#2595=CARTESIAN_POINT('',(0.091537397390224,0.00770180792813806,-0.0774119778195428));
#2596=CARTESIAN_POINT('',(0.0915391755149872,0.0077007998196656,-0.077339350251116));
#2597=CARTESIAN_POINT('',(0.0915404246160457,0.00770079971346233,-0.077267128603113));
#2598=AXIS2_PLACEMENT_3D('',#2980,#2981,#2982);
#2599=CARTESIAN_POINT('',(0.0703537219870336,0.000221117171161439,-0.074990839391918));
#2600=CARTESIAN_POINT('',(0.0703537666660881,0.00570025668458207,-0.0749908740485452));
#2601=CARTESIAN_POINT('',(0.0703537219870336,0.000221117171161437,-0.074990839391918));
#2602=VECTOR('',#2983,0.999999999999999);
#2603=CARTESIAN_POINT('',(0.0712353992148191,0.00570027030717801,-0.0717005765858831));
#2604=CARTESIAN_POINT('',(0.0992866960008391,0.00570070374340081,0.0329882881483716));
#2605=VECTOR('',#2984,1.0);
#2606=CARTESIAN_POINT('',(0.0712353545357646,0.000221130793757395,-0.071700541929256));
#2607=CARTESIAN_POINT('',(0.0712352932152166,-0.0072988098480895,-0.0717004943641632));
#2608=VECTOR('',#2985,1.0);
#2609=CARTESIAN_POINT('',(0.0846808724917319,0.000221338547950032,-0.0215211858263411));
#2610=VECTOR('',#2986,1.0);
#2611=AXIS2_PLACEMENT_3D('',#2987,#2988,#2989);
#2612=AXIS2_PLACEMENT_3D('',#2990,#2991,#2992);
#2613=CARTESIAN_POINT('',(0.0692927743437275,0.000221100777868031,-0.0789503498975267));
#2614=CARTESIAN_POINT('',(0.0846808724917319,0.000221338547950032,-0.0215211858263411));
#2615=VECTOR('',#2993,1.0);
#2616=CARTESIAN_POINT('',(0.069292819022782,0.00570024029128864,-0.0789503845541539));
#2617=CARTESIAN_POINT('',(0.0692927130225783,-0.00729891358200487,-0.0789503023319677));
#2618=VECTOR('',#2994,1.0);
#2619=CARTESIAN_POINT('',(0.0992866960008391,0.00570070374340081,0.0329882881483716));
#2620=VECTOR('',#2995,1.0);
#2621=CARTESIAN_POINT('',(0.0704840603245489,-0.000698992870767518,-0.0709492494008458));
#2622=CARTESIAN_POINT('',(0.0764850588531952,0.00665053900976106,-0.0769502344880019));
#2623=VECTOR('',#2996,1.0);
#2624=CARTESIAN_POINT('',(0.0682665655926902,-0.000698959462118402,-0.0792253138735328));
#2625=CARTESIAN_POINT('',(0.124995086016676,-0.000699814130770506,0.132495095525379));
#2626=VECTOR('',#2997,1.0);
#2627=CARTESIAN_POINT('',(0.0908432117750171,0.0195424139266818,-0.0731760920237866));
#2628=VECTOR('',#2998,0.999999999999999);
#2629=CARTESIAN_POINT('',(0.0751948650387177,0.000221105217055382,-0.0706395942882833));
#2630=CARTESIAN_POINT('',(0.0751949097177722,0.00570024473047592,-0.0706396289449104));
#2631=CARTESIAN_POINT('',(0.0751948650387177,0.000221105217055326,-0.0706395942882833));
#2632=VECTOR('',#2999,1.0);
#2633=CARTESIAN_POINT('',(0.0784852071777179,0.00570022347659677,-0.0697579963982548));
#2634=CARTESIAN_POINT('',(0.231471261501297,0.00569923525375347,-0.0287655067166961));
#2635=VECTOR('',#3000,1.0);
#2636=CARTESIAN_POINT('',(0.0784851624986634,0.000221083963176218,-0.0697579617416277));
#2637=CARTESIAN_POINT('',(0.0784851011775142,-0.0072989303966967,-0.0697579141760687));
#2638=VECTOR('',#3001,1.0);
#2639=CARTESIAN_POINT('',(0.149335780423489,0.000220626299244665,-0.0507735958982383));
#2640=VECTOR('',#3002,1.0);
#2641=CARTESIAN_POINT('',(0.0745256966747648,0.0057002490532988,-0.0708189440392276));
#2642=CARTESIAN_POINT('',(0.0745256519957103,0.000221109539878264,-0.0708189093826005));
#2643=CARTESIAN_POINT('',(0.0745256519957102,0.000221109539878207,-0.0708189093826004));
#2644=VECTOR('',#3003,1.0);
#2645=AXIS2_PLACEMENT_3D('',#3004,#3005,#3006);
#2646=AXIS2_PLACEMENT_3D('',#3007,#3008,#3009);
#2647=CARTESIAN_POINT('',(0.149335780423489,0.000220626299244665,-0.0507735958982383));
#2648=VECTOR('',#3010,1.0);
#2649=CARTESIAN_POINT('',(0.231471261501297,0.00569923525375347,-0.0287655067166961));
#2650=VECTOR('',#3011,1.0);
#2651=CARTESIAN_POINT('',(0.0787601552205483,-0.000699080474853042,-0.0687316411093386));
#2652=CARTESIAN_POINT('',(0.0825313760051869,-0.0133181171904246,-0.054656789696321));
#2653=VECTOR('',#3012,1.0);
#2654=CARTESIAN_POINT('',(0.227369284381815,-0.000700653531593515,-0.0289113102452021));
#2655=VECTOR('',#3013,1.0);
#2656=CARTESIAN_POINT('',(0.0837924349546107,0.00570014663012606,-0.0750652241772812));
#2657=CARTESIAN_POINT('',(0.111403648866304,0.00569974683112992,-0.102676438100074));
#2658=VECTOR('',#3014,1.0);
#2659=CARTESIAN_POINT('',(0.0837923902755562,0.000221007116705654,-0.0750651895206541));
#2660=CARTESIAN_POINT('',(0.083792328954407,-0.0072990072431673,-0.075065141955095));
#2661=VECTOR('',#3015,1.0);
#2662=CARTESIAN_POINT('',(0.0886344370530558,0.000220937005864143,-0.0799072363001002));
#2663=VECTOR('',#3016,1.0);
#2664=CARTESIAN_POINT('',(0.0808938274128935,0.000221049086701097,-0.0721666266568261));
#2665=AXIS2_PLACEMENT_3D('',#3017,#3018,#3019);
#2666=CARTESIAN_POINT('',(0.0808938720919481,0.00570018860012165,-0.0721666613134533));
#2667=CARTESIAN_POINT('',(0.0808938274128935,0.000221049086701097,-0.0721666266568262));
#2668=VECTOR('',#3020,1.0);
#2669=AXIS2_PLACEMENT_3D('',#3021,#3022,#3023);
#2670=CARTESIAN_POINT('',(0.0886344370530558,0.000220937005864143,-0.0799072363001002));
#2671=VECTOR('',#3024,1.0);
#2672=CARTESIAN_POINT('',(0.111403648866304,0.00569974683112992,-0.102676438100074));
#2673=VECTOR('',#3025,1.0);
#2674=CARTESIAN_POINT('',(0.0848186601860047,-0.000699134669190315,-0.074790193496623));
#2675=CARTESIAN_POINT('',(0.102812365017225,-0.016832083252909,-0.0699686575285534));
#2676=VECTOR('',#3026,1.0);
#2677=CARTESIAN_POINT('',(0.0391014992777936,-0.000698725721561877,-0.0290726747457837));
#2678=VECTOR('',#3027,1.0);
#2679=CARTESIAN_POINT('',(0.0818498547641897,0.00570011661423683,-0.0823150321395208));
#2680=CARTESIAN_POINT('',(0.111843731741439,0.00570058006634888,0.0296236405599891));
#2681=VECTOR('',#3028,1.0);
#2682=CARTESIAN_POINT('',(0.0818498100851352,0.000220977100816287,-0.0823149974828936));
#2683=CARTESIAN_POINT('',(0.0818497487645871,-0.00729896354103063,-0.0823149499178009));
#2684=VECTOR('',#3029,1.0);
#2685=CARTESIAN_POINT('',(0.0972379082323314,0.000221214870898344,-0.0248858334147236));
#2686=VECTOR('',#3030,1.0);
#2687=CARTESIAN_POINT('',(0.0829107577276332,0.000220993494109752,-0.0783554869803005));
#2688=AXIS2_PLACEMENT_3D('',#3031,#3032,#3033);
#2689=CARTESIAN_POINT('',(0.0829108024066877,0.00570013300753013,-0.0783555216369277));
#2690=CARTESIAN_POINT('',(0.0829107577276332,0.000220993494109754,-0.0783554869803005));
#2691=VECTOR('',#3034,0.999999999999999);
#2692=AXIS2_PLACEMENT_3D('',#3035,#3036,#3037);
#2693=CARTESIAN_POINT('',(0.0972379082323314,0.000221214870898344,-0.0248858334147236));
#2694=VECTOR('',#3038,1.0);
#2695=CARTESIAN_POINT('',(0.111843731741439,0.00570058006634888,0.0296236405599891));
#2696=VECTOR('',#3039,1.0);
#2697=CARTESIAN_POINT('',(0.082601034536104,-0.000699101259245216,-0.0830662236171493));
#2698=CARTESIAN_POINT('',(0.0852472179232069,-0.00394007147538743,-0.0857124129336197));
#2699=VECTOR('',#3040,1.0);
#2700=CARTESIAN_POINT('',(0.139332906335896,-0.000699955961084688,0.128653315174225));
#2701=VECTOR('',#3041,0.999999999999999);
#2702=CARTESIAN_POINT('',(0.0778902995791664,0.000221002677518291,-0.0833759451246744));
#2703=CARTESIAN_POINT('',(0.0778903442582209,0.00570014219093888,-0.0833759797813016));
#2704=CARTESIAN_POINT('',(0.0778902995791664,0.000221002677518291,-0.0833759451246744));
#2705=VECTOR('',#3042,0.999999999999999);
#2706=CARTESIAN_POINT('',(0.0746000467952597,0.00570016344481806,-0.0842576123287651));
#2707=CARTESIAN_POINT('',(0.234835909084753,0.00569912839139355,-0.04132254245877));
#2708=VECTOR('',#3043,1.0);
#2709=CARTESIAN_POINT('',(0.0746000021162052,0.000221023931397481,-0.084257577672138));
#2710=CARTESIAN_POINT('',(0.0745999407950561,-0.00729899042847541,-0.0842575301065789));
#2711=VECTOR('',#3044,1.0);
#2712=CARTESIAN_POINT('',(0.152700428006945,0.000220519436884704,-0.0633306316403122));
#2713=VECTOR('',#3045,1.0);
#2714=CARTESIAN_POINT('',(0.0785595573012284,0.005700137868116,-0.0831966646869844));
#2715=CARTESIAN_POINT('',(0.0785595126221739,0.00022099835469541,-0.0831966300303572));
#2716=CARTESIAN_POINT('',(0.0785595126221739,0.00022099835469541,-0.0831966300303572));
#2717=VECTOR('',#3046,0.999999999999999);
#2718=AXIS2_PLACEMENT_3D('',#3047,#3048,#3049);
#2719=AXIS2_PLACEMENT_3D('',#3050,#3051,#3052);
#2720=CARTESIAN_POINT('',(0.152700428006945,0.000220519436884704,-0.0633306316403122));
#2721=VECTOR('',#3053,1.0);
#2722=CARTESIAN_POINT('',(0.234835909084753,0.00569912839139355,-0.04132254245877));
#2723=VECTOR('',#3054,1.0);
#2724=CARTESIAN_POINT('',(0.0743250348385229,-0.000699013656258827,-0.0852837357035874));
#2725=CARTESIAN_POINT('',(0.0793244108877068,0.0160288454506417,-0.0666264251743216));
#2726=VECTOR('',#3055,0.999999999999999);
#2727=CARTESIAN_POINT('',(0.231209482440792,-0.000700674307132471,-0.0432473447605234));
#2728=VECTOR('',#3056,0.999999999999999);
#2729=CARTESIAN_POINT('',(0.0717014392557501,0.000221065901392946,-0.0813590148105176));
#2730=CARTESIAN_POINT('',(0.0717014839348046,0.00570020541481351,-0.0813590494671448));
#2731=CARTESIAN_POINT('',(0.0717014392557501,0.000221065901392944,-0.0813590148105176));
#2732=VECTOR('',#3057,0.999999999999999);
#2733=CARTESIAN_POINT('',(0.102211260709161,0.00569976364582178,-0.111868826253766));
#2734=VECTOR('',#3058,1.0);
#2735=CARTESIAN_POINT('',(0.0794420488959124,0.000220953820555994,-0.0890996244537917));
#2736=VECTOR('',#3059,1.0);
#2737=AXIS2_PLACEMENT_3D('',#3060,#3061,#3062);
#2738=AXIS2_PLACEMENT_3D('',#3063,#3064,#3065);
#2739=CARTESIAN_POINT('',(0.0794420488959124,0.000220953820555994,-0.0890996244537917));
#2740=VECTOR('',#3066,1.0);
#2741=CARTESIAN_POINT('',(0.102211260709161,0.00569976364582178,-0.111868826253766));
#2742=VECTOR('',#3067,1.0);
#2743=CARTESIAN_POINT('',(0.028608325300447,-0.000698604711742351,-0.0395673839610647));
#2744=VECTOR('',#3068,0.999999999999999);
#2745=CARTESIAN_POINT('',(0.0747793667824703,0.00630016621548359,-0.0835884030809357));
#2746=CARTESIAN_POINT('',(0.0793668353517404,0.021649787274017,-0.0664683015326469));
#2747=VECTOR('',#3069,1.0);
#2748=CARTESIAN_POINT('',(0.0699620369584249,0.00630023596843376,-0.0787710732549537));
#2749=CARTESIAN_POINT('',(0.102635529670587,0.00629976286972712,-0.111444565980251));
#2750=VECTOR('',#3070,1.0);
#2751=CARTESIAN_POINT('',(0.0919949477761713,0.0260541166424066,-0.0728675407082723));
#2752=VECTOR('',#3071,1.0);
#2753=CARTESIAN_POINT('',(0.071725302055887,0.00630026321362565,-0.0721904783296298));
#2754=CARTESIAN_POINT('',(0.0998662563891944,0.00630069803519719,0.0328329929260984));
#2755=VECTOR('',#3072,1.0);
#2756=CARTESIAN_POINT('',(0.0772544476471923,0.0130719082326018,-0.0777196115363386));
#2757=VECTOR('',#3073,0.999999999999999);
#2758=AXIS2_PLACEMENT_3D('',#3074,#3075,#3076);
#2759=CARTESIAN_POINT('',(0.0813599617083925,0.00630012370772524,-0.0818251379860086));
#2760=CARTESIAN_POINT('',(0.23468062255046,0.00629913332347052,-0.0407429907580992));
#2761=VECTOR('',#3077,1.0);
#2762=CARTESIAN_POINT('',(0.0831232268042386,0.0063001509529171,-0.0752445430667154));
#2763=CARTESIAN_POINT('',(0.111264181138354,0.00630058577448865,0.0297789281920282));
#2764=VECTOR('',#3078,1.0);
#2765=CARTESIAN_POINT('',(0.0783058969757785,0.00630022070586734,-0.0704272132363187));
#2766=CARTESIAN_POINT('',(0.110979389690148,0.00629974760716067,-0.103100705963824));
#2767=VECTOR('',#3079,1.0);
#2768=CARTESIAN_POINT('',(0.231626557820861,0.0062992303216126,-0.0293450660076013));
#2769=VECTOR('',#3080,1.0);
#2770=CARTESIAN_POINT('',(0.0825430333896969,-0.00787783542755395,-0.0546134837178769));
#2771=VECTOR('',#3081,1.0);
#2772=CARTESIAN_POINT('',(0.103849266211905,-0.0122825773536965,-0.0696908594080697));
#2773=VECTOR('',#3082,0.999999999999999);
#2774=CARTESIAN_POINT('',(0.0859325389902682,0.000699760991447338,-0.0863977255137682));
#2775=VECTOR('',#3083,1.0);
#2776=CARTESIAN_POINT('',(0.0625425815870403,-0.000698903724735708,-0.0770077475168357));
#2777=AXIS2_PLACEMENT_3D('',#3084,#3085,#3086);
#2778=AXIS2_PLACEMENT_3D('',#3087,#3088,#3089);
#2779=CARTESIAN_POINT('',(0.148863751831211,0.00770002956802724,0.0643971774083876));
#2780=VECTOR('',#3090,1.0);
#2781=AXIS2_PLACEMENT_3D('',#3091,#3092,#3093);
#2782=AXIS2_PLACEMENT_3D('',#3094,#3095,#3096);
#2783=CARTESIAN_POINT('',(0.0564850657757228,0.00770117413455092,-0.089252842179641));
#2784=CARTESIAN_POINT('',(0.122908158770793,0.00770028173272534,0.0748999003323924));
#2785=VECTOR('',#3097,1.0);
#2786=AXIS2_PLACEMENT_3D('',#3098,#3099,#3100);
#2787=AXIS2_PLACEMENT_3D('',#3101,#3102,#3103);
#2788=DIRECTION('',(-0.375097247254253,5.03947427206227E-06,-0.926985466486334));
#2789=DIRECTION('',(-0.375097247254253,5.03947427206227E-06,-0.926985466486334));
#2790=CARTESIAN_POINT('',(0.0564850760143375,0.00870117413449767,-0.0892528408862031));
#2791=DIRECTION('',(-0.375097247254253,5.03947427209885E-06,-0.926985466486334));
#2792=DIRECTION('',(-1.02386147219401E-05,-0.999999999946749,-1.29343783401331E-06));
#2793=DIRECTION('',(-0.926985466584361,9.976212017666E-06,-0.375097246913184));
#2794=DIRECTION('',(-0.926985466584361,9.97621201766601E-06,-0.375097246913184));
#2795=CARTESIAN_POINT('',(0.0642975722944351,0.00870110425033649,-0.0970653371697412));
#2796=DIRECTION('',(-0.926985466584361,9.97621201770259E-06,-0.375097246913185));
#2797=DIRECTION('',(0.375097246906114,-2.64147812303889E-06,-0.92698546663714));
#2798=CARTESIAN_POINT('',(0.0560469888133129,0.00870118153089356,-0.0915034243699184));
#2799=DIRECTION('',(-1.32390465615432E-11,-1.29343783319479E-06,0.999999999999164));
#2800=DIRECTION('',(-0.999999999947585,1.02386147237065E-05,3.9650822978897E-15));
#2801=CARTESIAN_POINT('',(0.0620469888129984,0.00870112009920521,-0.0915034243699184));
#2802=DIRECTION('',(-1.02386147236979E-05,-0.999999999946749,-1.29343783326254E-06));
#2803=DIRECTION('',(-0.707106781282268,8.15439256525606E-06,-0.707106781043809));
#2804=CARTESIAN_POINT('',(0.0620469888129984,0.00870112009920521,-0.0915034243699184));
#2805=DIRECTION('',(-1.02386147236979E-05,-0.999999999946749,-1.29343783326254E-06));
#2806=DIRECTION('',(-0.707106781282268,8.15439256525606E-06,-0.707106781043809));
#2807=CARTESIAN_POINT('',(0.0642975722944351,0.00870110425033649,-0.0970653371697412));
#2808=DIRECTION('',(-0.926985466584361,9.97621201770259E-06,-0.375097246913185));
#2809=DIRECTION('',(0.375097246906114,-2.64147812303889E-06,-0.92698546663714));
#2810=CARTESIAN_POINT('',(0.0620469785743837,0.00770112009925847,-0.0915034256633562));
#2811=DIRECTION('',(1.02386147236979E-05,0.999999999946749,1.29343783326254E-06));
#2812=DIRECTION('',(-0.707106781282268,8.15439256525606E-06,-0.707106781043809));
#2813=DIRECTION('',(0.375097247254256,-5.03947427206229E-06,0.926985466486333));
#2814=DIRECTION('',(0.375097247254256,-5.03947427206229E-06,0.926985466486333));
#2815=CARTESIAN_POINT('',(0.0966002796442324,0.00870073173381759,-0.0647626298308374));
#2816=DIRECTION('',(0.375097247254256,-5.03947427204183E-06,0.926985466486332));
#2817=DIRECTION('',(-1.02386147219187E-05,-0.999999999946749,-1.29343783396044E-06));
#2818=DIRECTION('',(0.926985466584364,-9.97621201766603E-06,0.375097246913176));
#2819=DIRECTION('',(0.926985466584364,-9.97621201766603E-06,0.375097246913176));
#2820=CARTESIAN_POINT('',(0.0887877833641348,0.00870080161797877,-0.0569501335472993));
#2821=DIRECTION('',(0.926985466584364,-9.97621201764557E-06,0.375097246913176));
#2822=DIRECTION('',(-0.375097246906106,2.64147812303881E-06,0.926985466637143));
#2823=CARTESIAN_POINT('',(0.097038366845257,0.0087007243374217,-0.0625120463471222));
#2824=DIRECTION('',(-1.32390465615432E-11,-1.29343783319479E-06,0.999999999999164));
#2825=DIRECTION('',(0.999999999947585,-1.02386147237065E-05,-3.9650822978897E-15));
#2826=CARTESIAN_POINT('',(0.0910383566069567,0.00770078576916329,-0.06251204764056));
#2827=DIRECTION('',(1.02386147236979E-05,0.999999999946749,1.29343783326254E-06));
#2828=DIRECTION('',(0.707106781282269,-8.15439256525607E-06,0.707106781043808));
#2829=CARTESIAN_POINT('',(0.0966002796442324,0.00870073173381759,-0.0647626298308374));
#2830=DIRECTION('',(0.375097247254256,-5.03947427204183E-06,0.926985466486332));
#2831=DIRECTION('',(-1.02386147219187E-05,-0.999999999946749,-1.29343783396044E-06));
#2832=CARTESIAN_POINT('',(0.0910383668455714,0.00870078576911004,-0.0625120463471222));
#2833=DIRECTION('',(-1.02386147236979E-05,-0.999999999946749,-1.29343783326254E-06));
#2834=DIRECTION('',(0.707106781282269,-8.15439256525607E-06,0.707106781043808));
#2835=DIRECTION('',(-0.500005766000069,-0.707099541354992,0.50000447256224));
#2836=CARTESIAN_POINT('',(0.0765426367747755,0.00690019346064349,-0.0770078119529362));
#2837=DIRECTION('',(8.15439256402641E-06,0.999999999946749,-6.32519523814005E-06));
#2838=DIRECTION('',(-0.707106781149482,1.02386147237065E-05,0.707106781149488));
#2839=DIRECTION('',(-0.499994233947512,0.707114020942794,0.499995527385349));
#2840=CARTESIAN_POINT('',(0.0765426318821399,0.00630019346067544,-0.0770078081578191));
#2841=DIRECTION('',(-8.15439256402642E-06,-0.999999999946749,6.32519523814006E-06));
#2842=DIRECTION('',(-0.707106781149482,1.02386147237065E-05,0.707106781149488));
#2843=CARTESIAN_POINT('',(0.0765425918249213,0.000300971042734576,-0.0910077462233863));
#2844=DIRECTION('',(-0.999999999947585,1.02386147236894E-05,1.32430116445065E-11));
#2845=DIRECTION('',(1.74402252450474E-23,1.29343783333034E-06,-0.999999999999164));
#2846=CARTESIAN_POINT('',(0.0765425918249213,0.000300952934604909,-0.077007746223398));
#2847=DIRECTION('',(-1.02386147236979E-05,-0.999999999946749,-1.29343783326254E-06));
#2848=DIRECTION('',(0.999999999947585,-1.02386147237065E-05,-4.34603349958153E-15));
#2849=CARTESIAN_POINT('',(0.0765425918249213,0.000300952934604909,-0.077007746223398));
#2850=DIRECTION('',(-1.02386147236979E-05,-0.999999999946749,-1.29343783326254E-06));
#2851=DIRECTION('',(0.999999999947585,-1.02386147237065E-05,-4.34603349958153E-15));
#2852=CARTESIAN_POINT('',(0.0765425918249213,0.000300934826475243,-0.0630077462234097));
#2853=DIRECTION('',(-0.999999999947585,1.02386147236894E-05,1.32430116445065E-11));
#2854=DIRECTION('',(-1.74402252450474E-23,-1.29343783333034E-06,0.999999999999164));
#2855=CARTESIAN_POINT('',(0.0765425815863065,-0.000699047065341839,-0.0770077475168358));
#2856=DIRECTION('',(1.02386147236979E-05,0.999999999946749,1.29343783326254E-06));
#2857=DIRECTION('',(0.999999999947585,-1.02386147237065E-05,-4.34603349958045E-15));
#2858=DIRECTION('',(8.15439256354986E-06,0.999999999946749,-6.3251952387866E-06));
#2859=CARTESIAN_POINT('',(0.0718049652428241,2.10626133309924E-05,-0.0817453838760039));
#2860=DIRECTION('',(0.499994234067177,-0.707107695747567,0.500004472494139));
#2861=DIRECTION('',(0.500005766119748,0.707105866550219,0.499995527317262));
#2862=DIRECTION('',(-8.15439256354986E-06,-0.999999999946749,6.3251952387866E-06));
#2863=CARTESIAN_POINT('',(0.0718050099218786,0.00550020212675154,-0.0817454185326311));
#2864=DIRECTION('',(-0.499994234067184,0.707107695747558,-0.500004472494146));
#2865=DIRECTION('',(0.500005766119741,0.707105866550229,0.499995527317256));
#2866=DIRECTION('',(-8.15439256354986E-06,-0.999999999946749,6.3251952387866E-06));
#2867=CARTESIAN_POINT('',(0.0830143283937617,0.00550012971946822,-0.078741890702414));
#2868=DIRECTION('',(0.683018467855436,0.707100054004186,-0.18301717459214));
#2869=DIRECTION('',(0.683006935802998,-0.7071135082936,-0.18300822941528));
#2870=DIRECTION('',(8.15439256354986E-06,0.999999999946749,-6.3251952387866E-06));
#2871=CARTESIAN_POINT('',(0.0830142837147072,2.09902060477937E-05,-0.0787418560457868));
#2872=DIRECTION('',(-0.683018467855481,-0.70710005400414,0.183017174592152));
#2873=DIRECTION('',(0.683006935802953,-0.707113508293647,-0.183008229415268));
#2874=DIRECTION('',(-8.15439256354986E-06,-0.999999999946749,6.3251952387866E-06));
#2875=CARTESIAN_POINT('',(0.0812802407915495,0.00550018479468457,-0.0722701876665184));
#2876=DIRECTION('',(0.500005766119735,0.707105866550238,0.49999552731725));
#2877=DIRECTION('',(0.49999423406719,-0.707107695747549,0.500004472494153));
#2878=DIRECTION('',(8.15439256354986E-06,0.999999999946749,-6.3251952387866E-06));
#2879=CARTESIAN_POINT('',(0.081280196112495,2.10452812640198E-05,-0.0722701530098912));
#2880=DIRECTION('',(-0.500005766119734,-0.707105866550238,-0.499995527317249));
#2881=DIRECTION('',(0.499994234067191,-0.707107695747548,0.500004472494153));
#2882=DIRECTION('',(8.15439256354986E-06,0.999999999946749,-6.3251952387866E-06));
#2883=CARTESIAN_POINT('',(0.0700708776436276,2.11176885472012E-05,-0.0752736808393002));
#2884=DIRECTION('',(0.683006935802949,-0.707113508293651,-0.183008229415268));
#2885=DIRECTION('',(0.683018467855485,0.707100054004136,-0.183017174592154));
#2886=DIRECTION('',(-8.15439256354986E-06,-0.999999999946749,6.3251952387866E-06));
#2887=CARTESIAN_POINT('',(0.0700709223226821,0.00550025720196781,-0.0752737154959274));
#2888=DIRECTION('',(-0.683006935802999,0.707113508293599,0.183008229415281));
#2889=DIRECTION('',(0.683018467855434,0.707100054004188,-0.18301717459214));
#2890=DIRECTION('',(-8.15439256402641E-06,-0.999999999946749,6.32519523814005E-06));
#2891=CARTESIAN_POINT('',(0.0765426661367818,0.0105009529345017,-0.0770078347284429));
#2892=DIRECTION('',(1.02386147236979E-05,0.999999999946749,1.29343783326254E-06));
#2893=DIRECTION('',(-0.263875145019072,3.94931026127091E-06,-0.964556845305432));
#2894=DIRECTION('',(8.15439256402641E-06,0.999999999946749,-6.32519523814005E-06));
#2895=CARTESIAN_POINT('',(0.0765426367747755,0.00690019346064349,-0.0770078119529362));
#2896=DIRECTION('',(8.15439256402641E-06,0.999999999946749,-6.32519523814005E-06));
#2897=DIRECTION('',(-0.707106781149482,1.02386147237065E-05,0.707106781149488));
#2898=DIRECTION('',(-1.02386147236979E-05,-0.999999999946749,-1.29343783326254E-06));
#2899=CARTESIAN_POINT('',(0.0765426675906702,0.00770095293421088,-0.077007736651958));
#2900=DIRECTION('',(-1.02386147236979E-05,-0.999999999946749,-1.29343783326254E-06));
#2901=DIRECTION('',(0.999999999947585,-1.02386147237065E-05,-3.55271367861291E-15));
#2902=DIRECTION('',(-1.02386147236979E-05,-0.999999999946749,-1.29343783326254E-06));
#2903=CARTESIAN_POINT('',(0.0765426962587914,0.0105009529340618,-0.0770077330303321));
#2904=DIRECTION('',(-1.02386147236979E-05,-0.999999999946749,-1.29343783326254E-06));
#2905=DIRECTION('',(0.999999999947585,-1.02386147237065E-05,-3.55271367861291E-15));
#2906=DIRECTION('',(-1.02386147236979E-05,-0.999999999946749,-1.29343783326254E-06));
#2907=CARTESIAN_POINT('',(0.0765426675906702,0.00770095293421088,-0.077007736651958));
#2908=DIRECTION('',(-1.02386147236979E-05,-0.999999999946749,-1.29343783326254E-06));
#2909=DIRECTION('',(0.999999999947585,-1.02386147237065E-05,-3.55271367861291E-15));
#2910=DIRECTION('',(1.02386147236979E-05,0.999999999946749,1.29343783326254E-06));
#2911=CARTESIAN_POINT('',(0.0765425918249213,0.000300952934604909,-0.077007746223398));
#2912=DIRECTION('',(-1.02386147236979E-05,-0.999999999946749,-1.29343783326254E-06));
#2913=DIRECTION('',(0.999999999947585,-1.02386147237065E-05,-4.34603349958153E-15));
#2914=DIRECTION('',(1.02386147236979E-05,0.999999999946749,1.29343783326254E-06));
#2915=CARTESIAN_POINT('',(0.0620469888129984,0.00870112009920521,-0.0915034243699184));
#2916=DIRECTION('',(-1.02386147236979E-05,-0.999999999946749,-1.29343783326254E-06));
#2917=DIRECTION('',(-0.707106781282268,8.15439256525606E-06,-0.707106781043809));
#2918=DIRECTION('',(1.02386147236979E-05,0.999999999946749,1.29343783326254E-06));
#2919=CARTESIAN_POINT('',(0.0620470072425049,0.0105011200991094,-0.0915034220417303));
#2920=DIRECTION('',(1.02386147236979E-05,0.999999999946749,1.29343783326254E-06));
#2921=DIRECTION('',(-0.707106781282268,8.15439256525607E-06,-0.707106781043808));
#2922=DIRECTION('',(1.02386147236979E-05,0.999999999946749,1.29343783326254E-06));
#2923=CARTESIAN_POINT('',(0.0910383668455714,0.00870078576911004,-0.0625120463471222));
#2924=DIRECTION('',(-1.02386147236979E-05,-0.999999999946749,-1.29343783326254E-06));
#2925=DIRECTION('',(0.707106781282269,-8.15439256525607E-06,0.707106781043808));
#2926=DIRECTION('',(1.02386147236979E-05,0.999999999946749,1.29343783326254E-06));
#2927=CARTESIAN_POINT('',(0.0910383852750779,0.0105007857690142,-0.0625120440189341));
#2928=DIRECTION('',(1.02386147236979E-05,0.999999999946749,1.29343783326254E-06));
#2929=DIRECTION('',(0.707106781282268,-8.15439256525607E-06,0.707106781043808));
#2930=DIRECTION('',(-1.02386147236979E-05,0.999999999946749,-1.29343783326251E-06));
#2931=CARTESIAN_POINT('',(0.0911842386952342,0.00770078408549908,-0.0623651262292914));
#2932=DIRECTION('',(1.02386147236979E-05,0.999999999946749,1.29343783326254E-06));
#2933=DIRECTION('',(0.999999999947585,-1.02386147237407E-05,2.6482468994204E-11));
#2934=DIRECTION('',(1.02386147236979E-05,-0.999999999946749,1.29343783326251E-06));
#2935=DIRECTION('',(-1.02386147236979E-05,0.999999999946749,-1.29343783326251E-06));
#2936=CARTESIAN_POINT('',(0.0618999674370937,0.00770112179325432,-0.0916493974719166));
#2937=DIRECTION('',(1.02386147236979E-05,0.999999999946749,1.29343783326254E-06));
#2938=DIRECTION('',(0.999999999947585,-1.02386147237407E-05,2.6482468994204E-11));
#2939=DIRECTION('',(1.02386147236979E-05,-0.999999999946749,1.29343783326251E-06));
#2940=CARTESIAN_POINT('',(0.0765426661367818,0.0105009529345017,-0.0770078347284429));
#2941=DIRECTION('',(1.02386147236979E-05,0.999999999946749,1.29343783326254E-06));
#2942=DIRECTION('',(-0.263875145019072,3.94931026127091E-06,-0.964556845305432));
#2943=CARTESIAN_POINT('',(0.0765426661367818,0.0105009529345017,-0.0770078347284429));
#2944=DIRECTION('',(1.02386147236979E-05,0.999999999946749,1.29343783326254E-06));
#2945=DIRECTION('',(-0.263875145019072,3.94931026127091E-06,-0.964556845305432));
#2946=CARTESIAN_POINT('',(0.0765426962587914,0.0105009529340618,-0.0770077330303321));
#2947=DIRECTION('',(-1.02386147236979E-05,-0.999999999946749,-1.29343783326254E-06));
#2948=DIRECTION('',(0.999999999947585,-1.02386147237065E-05,-3.55271367861291E-15));
#2949=DIRECTION('',(-0.926985466584361,9.97621201766601E-06,-0.375097246913184));
#2950=CARTESIAN_POINT('',(0.0620470072425049,0.0105011200991094,-0.0915034220417303));
#2951=DIRECTION('',(1.02386147236979E-05,0.999999999946749,1.29343783326254E-06));
#2952=DIRECTION('',(-0.707106781282268,8.15439256525607E-06,-0.707106781043808));
#2953=DIRECTION('',(0.375097247254253,-5.03947427206227E-06,0.926985466486334));
#2954=DIRECTION('',(0.926985466584364,-9.97621201766603E-06,0.375097246913176));
#2955=CARTESIAN_POINT('',(0.0910383852750779,0.0105007857690142,-0.0625120440189341));
#2956=DIRECTION('',(1.02386147236979E-05,0.999999999946749,1.29343783326254E-06));
#2957=DIRECTION('',(0.707106781282268,-8.15439256525607E-06,0.707106781043808));
#2958=DIRECTION('',(-0.375097247254256,5.03947427206229E-06,-0.926985466486333));
#2959=CARTESIAN_POINT('',(0.0618999674370937,0.00770112179325432,-0.0916493974719166));
#2960=DIRECTION('',(1.02386147236979E-05,0.999999999946749,1.29343783326254E-06));
#2961=DIRECTION('',(0.999999999947585,-1.02386147237407E-05,2.6482468994204E-11));
#2962=CARTESIAN_POINT('',(0.0911842386952342,0.00770078408549908,-0.0623651262292914));
#2963=DIRECTION('',(1.02386147236979E-05,0.999999999946749,1.29343783326254E-06));
#2964=DIRECTION('',(0.999999999947585,-1.02386147237407E-05,2.6482468994204E-11));
#2965=DIRECTION('',(-1.02386147236979E-05,-0.999999999946749,-1.29343783326254E-06));
#2966=DIRECTION('',(1.02386147236979E-05,0.999999999946749,1.29343783326254E-06));
#2967=CARTESIAN_POINT('',(0.0910383668455714,0.00870078576911004,-0.0625120463471222));
#2968=DIRECTION('',(-1.02386147236979E-05,-0.999999999946749,-1.29343783326254E-06));
#2969=DIRECTION('',(0.707106781282269,-8.15439256525607E-06,0.707106781043808));
#2970=DIRECTION('',(-0.926985466584364,9.97621201766603E-06,-0.375097246913176));
#2971=DIRECTION('',(1.02386147236979E-05,0.999999999946749,1.29343783326254E-06));
#2972=DIRECTION('',(0.926985466584361,-9.976212017666E-06,0.375097246913184));
#2973=DIRECTION('',(-1.02386147236979E-05,-0.999999999946749,-1.29343783326254E-06));
#2974=CARTESIAN_POINT('',(0.0765425918249213,0.000300952934604909,-0.077007746223398));
#2975=DIRECTION('',(-1.02386147236979E-05,-0.999999999946749,-1.29343783326254E-06));
#2976=DIRECTION('',(0.999999999947585,-1.02386147237065E-05,-4.34603349958153E-15));
#2977=CARTESIAN_POINT('',(0.0765426675906702,0.00770095293421088,-0.077007736651958));
#2978=DIRECTION('',(-1.02386147236979E-05,-0.999999999946749,-1.29343783326254E-06));
#2979=DIRECTION('',(0.999999999947585,-1.02386147237065E-05,-3.55271367861291E-15));
#2980=CARTESIAN_POINT('',(0.0765426675906702,0.00770095293421088,-0.077007736651958));
#2981=DIRECTION('',(-1.02386147236979E-05,-0.999999999946749,-1.29343783326254E-06));
#2982=DIRECTION('',(0.999999999947585,-1.02386147237065E-05,-3.55271367861291E-15));
#2983=DIRECTION('',(8.15439256354986E-06,0.999999999946749,-6.3251952387866E-06));
#2984=DIRECTION('',(-0.258819045306586,-3.99915733817841E-06,-0.96592582622611));
#2985=DIRECTION('',(-8.15439256402641E-06,-0.999999999946749,6.32519523814005E-06));
#2986=DIRECTION('',(-0.258819045306586,-3.99915733823045E-06,-0.96592582622611));
#2987=CARTESIAN_POINT('',(0.0700709223226821,0.00550025720196781,-0.0752737154959274));
#2988=DIRECTION('',(-0.683006935802999,0.707113508293599,0.183008229415281));
#2989=DIRECTION('',(0.683018467855434,0.707100054004188,-0.18301717459214));
#2990=CARTESIAN_POINT('',(0.0700708776436276,2.11176885472012E-05,-0.0752736808393002));
#2991=DIRECTION('',(0.683006935802949,-0.707113508293651,-0.183008229415268));
#2992=DIRECTION('',(0.683018467855485,0.707100054004136,-0.183017174592154));
#2993=DIRECTION('',(-0.258819045306586,-3.99915733823045E-06,-0.96592582622611));
#2994=DIRECTION('',(8.15439256402641E-06,0.999999999946749,-6.32519523814005E-06));
#2995=DIRECTION('',(-0.258819045306586,-3.99915733817841E-06,-0.96592582622611));
#2996=DIRECTION('',(0.534527821992397,0.654645931007885,-0.534526624716566));
#2997=DIRECTION('',(-0.258811415889382,3.89923802548878E-06,-0.965927870490405));
#2998=DIRECTION('',(-0.730176630120515,-0.654648954086672,-0.195644667034591));
#2999=DIRECTION('',(8.15439256354986E-06,0.999999999946749,-6.3251952387866E-06));
#3000=DIRECTION('',(-0.965925826313939,6.2394573852681E-06,-0.258819044934494));
#3001=DIRECTION('',(-8.15439256402641E-06,-0.999999999946749,6.32519523814005E-06));
#3002=DIRECTION('',(-0.965925826313939,6.23945738533952E-06,-0.258819044934494));
#3003=DIRECTION('',(-8.15439256354986E-06,-0.999999999946749,6.3251952387866E-06));
#3004=CARTESIAN_POINT('',(0.0748085377564137,0.00550024853593427,-0.0705361000617672));
#3005=DIRECTION('',(-0.183006935709471,0.707112593695016,0.683008229320948));
#3006=DIRECTION('',(0.183018467762037,0.707100968602771,-0.683017174497874));
#3007=CARTESIAN_POINT('',(0.0748084930773592,2.11090225137132E-05,-0.0705360654051401));
#3008=DIRECTION('',(0.183006935709475,-0.707112593694998,-0.683008229320965));
#3009=DIRECTION('',(0.183018467762032,0.707100968602789,-0.683017174497857));
#3010=DIRECTION('',(-0.965925826313939,6.23945738533952E-06,-0.258819044934494));
#3011=DIRECTION('',(-0.965925826313939,6.2394573852681E-06,-0.258819044934494));
#3012=DIRECTION('',(0.195643469825103,-0.654650647594319,0.730175432563389));
#3013=DIRECTION('',(-0.965924794851886,1.0224503150632E-05,-0.258822894245856));
#3014=DIRECTION('',(-0.707106781007353,1.02386147234465E-05,0.707106781291616));
#3015=DIRECTION('',(8.15439256402641E-06,0.999999999946749,-6.32519523814005E-06));
#3016=DIRECTION('',(-0.707106781007353,1.02386147234913E-05,0.707106781291616));
#3017=CARTESIAN_POINT('',(0.081280196112495,2.10452812640198E-05,-0.0722701530098912));
#3018=DIRECTION('',(-0.500005766119734,-0.707105866550238,-0.499995527317249));
#3019=DIRECTION('',(0.499994234067191,-0.707107695747548,0.500004472494153));
#3020=DIRECTION('',(-8.15439256354986E-06,-0.999999999946749,6.3251952387866E-06));
#3021=CARTESIAN_POINT('',(0.0812802407915495,0.00550018479468457,-0.0722701876665184));
#3022=DIRECTION('',(0.500005766119735,0.707105866550238,0.49999552731725));
#3023=DIRECTION('',(0.49999423406719,-0.707107695747549,0.500004472494153));
#3024=DIRECTION('',(-0.707106781007353,1.02386147234913E-05,0.707106781291616));
#3025=DIRECTION('',(-0.707106781007353,1.02386147234465E-05,0.707106781291616));
#3026=DIRECTION('',(0.73016595351449,-0.654658387259548,0.195652948659108));
#3027=DIRECTION('',(-0.707104013803993,6.32516332492641E-06,0.707109548529982));
#3028=DIRECTION('',(0.258819045306586,3.99915733817841E-06,0.96592582622611));
#3029=DIRECTION('',(8.15439256402641E-06,0.999999999946749,-6.32519523814005E-06));
#3030=DIRECTION('',(0.258819045306586,3.99915733819105E-06,0.96592582622611));
#3031=CARTESIAN_POINT('',(0.0830142837147072,2.09902060477937E-05,-0.0787418560457868));
#3032=DIRECTION('',(-0.683018467855481,-0.70710005400414,0.183017174592152));
#3033=DIRECTION('',(0.683006935802953,-0.707113508293647,-0.183008229415268));
#3034=DIRECTION('',(-8.15439256354986E-06,-0.999999999946749,6.3251952387866E-06));
#3035=CARTESIAN_POINT('',(0.0830143283937617,0.00550012971946822,-0.078741890702414));
#3036=DIRECTION('',(0.683018467855436,0.707100054004186,-0.18301717459214));
#3037=DIRECTION('',(0.683006935802998,-0.7071135082936,-0.18300822941528));
#3038=DIRECTION('',(0.258819045306586,3.99915733819105E-06,0.96592582622611));
#3039=DIRECTION('',(0.258819045306586,3.99915733817841E-06,0.96592582622611));
#3040=DIRECTION('',(0.534517145386391,-0.654661410338345,-0.534518343091978));
#3041=DIRECTION('',(0.258826674563313,-3.89938896488794E-06,0.965923781941045));
#3042=DIRECTION('',(8.15439256354986E-06,0.999999999946749,-6.3251952387866E-06));
#3043=DIRECTION('',(0.965925826313939,-6.2394573852681E-06,0.258819044934494));
#3044=DIRECTION('',(-8.15439256402641E-06,-0.999999999946749,6.32519523814005E-06));
#3045=DIRECTION('',(0.965925826313939,-6.23945738518252E-06,0.258819044934494));
#3046=DIRECTION('',(-8.15439256354986E-06,-0.999999999946749,6.3251952387866E-06));
#3047=CARTESIAN_POINT('',(0.0782767129578224,0.0055001383855018,-0.0834795061343666));
#3048=DIRECTION('',(0.183018467762037,0.707100968602772,-0.683017174497873));
#3049=DIRECTION('',(0.183006935709472,-0.707112593695015,-0.683008229320949));
#3050=CARTESIAN_POINT('',(0.0782766682787679,2.09988720811967E-05,-0.0834794714777394));
#3051=DIRECTION('',(-0.183018467762032,-0.707100968602789,0.683017174497856));
#3052=DIRECTION('',(0.183006935709476,-0.707112593694997,-0.683008229320966));
#3053=DIRECTION('',(0.965925826313939,-6.23945738518252E-06,0.258819044934494));
#3054=DIRECTION('',(0.965925826313939,-6.2394573852681E-06,0.258819044934494));
#3055=DIRECTION('',(-0.195654146431153,-0.654656693751902,-0.730167150938828));
#3056=DIRECTION('',(0.965926857666254,-1.02245143134261E-05,0.258815195717824));
#3057=DIRECTION('',(8.15439256354986E-06,0.999999999946749,-6.3251952387866E-06));
#3058=DIRECTION('',(0.707106781007353,-1.02386147234465E-05,-0.707106781291616));
#3059=DIRECTION('',(0.707106781007353,-1.02386147233343E-05,-0.707106781291616));
#3060=CARTESIAN_POINT('',(0.0718050099218786,0.00550020212675154,-0.0817454185326311));
#3061=DIRECTION('',(-0.499994234067184,0.707107695747558,-0.500004472494146));
#3062=DIRECTION('',(0.500005766119741,0.707105866550229,0.499995527317256));
#3063=CARTESIAN_POINT('',(0.0718049652428241,2.10626133309924E-05,-0.0817453838760039));
#3064=DIRECTION('',(0.499994234067177,-0.707107695747567,0.500004472494139));
#3065=DIRECTION('',(0.500005766119748,0.707105866550219,0.499995527317262));
#3066=DIRECTION('',(0.707106781007353,-1.02386147233343E-05,-0.707106781291616));
#3067=DIRECTION('',(0.707106781007353,-1.02386147234465E-05,-0.707106781291616));
#3068=DIRECTION('',(0.707109548214907,-6.32522714804395E-06,-0.70710401411907));
#3069=DIRECTION('',(-0.195654146431164,-0.654656693751917,-0.730167150938812));
#3070=DIRECTION('',(-0.707106781007353,1.02386147234465E-05,0.707106781291616));
#3071=DIRECTION('',(0.730176630120467,0.654648954086704,0.19564466703466));
#3072=DIRECTION('',(0.258819045306586,3.99915733817841E-06,0.96592582622611));
#3073=DIRECTION('',(-0.534527821992294,-0.654645931007903,0.534526624716646));
#3074=CARTESIAN_POINT('',(0.0765426318821399,0.00630019346067544,-0.0770078081578191));
#3075=DIRECTION('',(-8.15439256402642E-06,-0.999999999946749,6.32519523814006E-06));
#3076=DIRECTION('',(-0.707106781149482,1.02386147237065E-05,0.707106781149488));
#3077=DIRECTION('',(-0.965925826313939,6.2394573852681E-06,-0.258819044934494));
#3078=DIRECTION('',(-0.258819045306586,-3.99915733817841E-06,-0.96592582622611));
#3079=DIRECTION('',(0.707106781007353,-1.02386147234465E-05,-0.707106781291616));
#3080=DIRECTION('',(0.965925826313939,-6.2394573852681E-06,0.258819044934494));
#3081=DIRECTION('',(0.195643469825072,-0.65465064759431,0.730175432563406));
#3082=DIRECTION('',(-0.730165953514533,0.654658387259524,-0.19565294865903));
#3083=DIRECTION('',(-0.534517145386483,0.654661410338329,0.534518343091904));
#3084=CARTESIAN_POINT('',(0.0765425815863065,-0.000699047065341839,-0.0770077475168358));
#3085=DIRECTION('',(1.02386147236979E-05,0.999999999946749,1.29343783326254E-06));
#3086=DIRECTION('',(0.999999999947585,-1.02386147237065E-05,-4.34603349958045E-15));
#3087=CARTESIAN_POINT('',(0.0765425815863065,-0.000699047065341839,-0.0770077475168358));
#3088=DIRECTION('',(1.02386147236979E-05,0.999999999946749,1.29343783326254E-06));
#3089=DIRECTION('',(0.999999999947585,-1.02386147237065E-05,-4.34603349958045E-15));
#3090=DIRECTION('',(-0.375097247254256,5.03947427206229E-06,-0.926985466486333));
#3091=CARTESIAN_POINT('',(0.0910383566069567,0.00770078576916329,-0.06251204764056));
#3092=DIRECTION('',(1.02386147236979E-05,0.999999999946749,1.29343783326254E-06));
#3093=DIRECTION('',(0.707106781282269,-8.15439256525607E-06,0.707106781043808));
#3094=CARTESIAN_POINT('',(0.0887877833641348,0.00870080161797877,-0.0569501335472993));
#3095=DIRECTION('',(0.926985466584364,-9.97621201764557E-06,0.375097246913176));
#3096=DIRECTION('',(-0.375097246906106,2.64147812303881E-06,0.926985466637143));
#3097=DIRECTION('',(0.375097247254253,-5.03947427206227E-06,0.926985466486334));
#3098=CARTESIAN_POINT('',(0.0620469785743837,0.00770112009925847,-0.0915034256633562));
#3099=DIRECTION('',(1.02386147236979E-05,0.999999999946749,1.29343783326254E-06));
#3100=DIRECTION('',(-0.707106781282268,8.15439256525606E-06,-0.707106781043809));
#3101=CARTESIAN_POINT('',(0.0564850760143375,0.00870117413449767,-0.0892528408862031));
#3102=DIRECTION('',(-0.375097247254253,5.03947427209885E-06,-0.926985466486334));
#3103=DIRECTION('',(-1.02386147219401E-05,-0.999999999946749,-1.29343783401331E-06));
#3104=PRESENTATION_LAYER_ASSIGNMENT('9','Layer0',(#25));
ENDSEC;
END-ISO-10303-21;
