ISO-10303-21;
HEADER;
FILE_DESCRIPTION(('STEP AP214'),'1');
FILE_NAME('Spirit_level_cover.stp','2026-08-23T09:20:30',(' '),(' '),'Spatial InterOp 3D',' ',' ');
FILE_SCHEMA(('AUTOMOTIVE_DESIGN { 1 0 10303 214 1 1 1 1 }'));
ENDSEC;
DATA;
#1=MECHANICAL_DESIGN_GEOMETRIC_PRESENTATION_REPRESENTATION(' ',(#10),#6);
#2=PRODUCT_DEFINITION_CONTEXT('',#11,'design');
#3=APPLICATION_PROTOCOL_DEFINITION('INTERNATIONAL STANDARD','automotive_design',1994,#11);
#4=PRODUCT_CATEGORY_RELATIONSHIP('NONE','NONE',#12,#13);
#5=SHAPE_DEFINITION_REPRESENTATION(#14,#15);
#6= (GEOMETRIC_REPRESENTATION_CONTEXT(3)GLOBAL_UNCERTAINTY_ASSIGNED_CONTEXT((#18))GLOBAL_UNIT_ASSIGNED_CONTEXT((#20,#21,#22))REPRESENTATION_CONTEXT('NONE','WORKSPACE'));
#10=STYLED_ITEM('',(#24),#25);
#11=APPLICATION_CONTEXT(' ');
#12=PRODUCT_CATEGORY('part','NONE');
#13=PRODUCT_RELATED_PRODUCT_CATEGORY('detail',' ',(#26));
#14=PRODUCT_DEFINITION_SHAPE('NONE','NONE',#27);
#15=ADVANCED_BREP_SHAPE_REPRESENTATION('Spirit_level_cover',(#25,#28),#6);
#18=UNCERTAINTY_MEASURE_WITH_UNIT(LENGTH_MEASURE(1.0E-08),#20,'','');
#20= (CONVERSION_BASED_UNIT('METRE',#31)LENGTH_UNIT()NAMED_UNIT(#34));
#21= (NAMED_UNIT(#36)PLANE_ANGLE_UNIT()SI_UNIT($,.RADIAN.));
#22= (NAMED_UNIT(#36)SOLID_ANGLE_UNIT()SI_UNIT($,.STERADIAN.));
#24=PRESENTATION_STYLE_ASSIGNMENT((#42));
#25=MANIFOLD_SOLID_BREP('Spirit_level_cover',#43);
#26=PRODUCT('Spirit_level_cover','','PART--DESC',(#44));
#27=PRODUCT_DEFINITION('','NONE',#45,#2);
#28=AXIS2_PLACEMENT_3D('',#46,#47,#48);
#31=LENGTH_MEASURE_WITH_UNIT(LENGTH_MEASURE(1.0),#49);
#34=DIMENSIONAL_EXPONENTS(1.0,0.0,0.0,0.0,0.0,0.0,0.0);
#36=DIMENSIONAL_EXPONENTS(0.0,0.0,0.0,0.0,0.0,0.0,0.0);
#42=SURFACE_STYLE_USAGE(.BOTH.,#50);
#43=CLOSED_SHELL('',(#51,#52,#53,#54,#55,#56,#57,#58,#59,#60,#61,#62,#63,#64,#65,#66,#67,#68,#69,#70,#71,#72,#73,#74,#75,#76,#77,#78,#79,#80,#81,#82,#83,#84,#85,#86,#87,#88,#89,#90,#91,#92,#93,#94,#95,#96,#97,#98,#99,#100,#101,#102,#103,#104,#105,#106,#107,#108,#109,#110,#111,#112,#113,#114,#115,#116,#117,#118,#119,#120,#121,#122,#123,#124,#125,#126,#127,#128,#129,#130,#131,#132));
#44=PRODUCT_CONTEXT('',#11,'mechanical');
#45=PRODUCT_DEFINITION_FORMATION_WITH_SPECIFIED_SOURCE(' ','NONE',#26,.NOT_KNOWN.);
#46=CARTESIAN_POINT('',(0.0,0.0,0.0));
#47=DIRECTION('',(0.0,0.0,1.0));
#48=DIRECTION('',(1.0,0.0,0.0));
#49= (NAMED_UNIT(#34)LENGTH_UNIT()SI_UNIT($,.METRE.));
#50=SURFACE_SIDE_STYLE('',(#134));
#51=ADVANCED_FACE('1:6739',(#135),#136,.F.);
#52=ADVANCED_FACE('1:6733',(#137),#138,.F.);
#53=ADVANCED_FACE('1:6730',(#139),#140,.F.);
#54=ADVANCED_FACE('1:6727',(#141),#142,.F.);
#55=ADVANCED_FACE('1:6721',(#143),#144,.T.);
#56=ADVANCED_FACE('1:6718',(#145),#146,.T.);
#57=ADVANCED_FACE('1:6715',(#147),#148,.T.);
#58=ADVANCED_FACE('1:6709',(#149),#150,.T.);
#59=ADVANCED_FACE('1:6706',(#151),#152,.T.);
#60=ADVANCED_FACE('1:6703',(#153),#154,.T.);
#61=ADVANCED_FACE('1:6697',(#155),#156,.F.);
#62=ADVANCED_FACE('1:6691',(#157),#158,.T.);
#63=ADVANCED_FACE('1:6676',(#159),#160,.T.);
#64=ADVANCED_FACE('1:6673',(#161),#162,.T.);
#65=ADVANCED_FACE('1:6673',(#163),#164,.T.);
#66=ADVANCED_FACE('1:6670',(#165),#166,.T.);
#67=ADVANCED_FACE('1:6661',(#167),#168,.T.);
#68=ADVANCED_FACE('1:6658',(#169),#170,.T.);
#69=ADVANCED_FACE('1:6652',(#171),#172,.T.);
#70=ADVANCED_FACE('1:6652',(#173),#174,.T.);
#71=ADVANCED_FACE('1:6643',(#175),#176,.T.);
#72=ADVANCED_FACE('1:6640',(#177),#178,.T.);
#73=ADVANCED_FACE('1:6637',(#179),#180,.T.);
#74=ADVANCED_FACE('1:6631',(#181),#182,.F.);
#75=ADVANCED_FACE('1:6628',(#183),#184,.T.);
#76=ADVANCED_FACE('1:6622',(#185),#186,.F.);
#77=ADVANCED_FACE('1:6619',(#187),#188,.T.);
#78=ADVANCED_FACE('1:6613',(#189),#190,.T.);
#79=ADVANCED_FACE('1:6610',(#191),#192,.T.);
#80=ADVANCED_FACE('1:6607',(#193),#194,.F.);
#81=ADVANCED_FACE('1:6604',(#195),#196,.F.);
#82=ADVANCED_FACE('1:6601',(#197),#198,.F.);
#83=ADVANCED_FACE('1:6595',(#199),#200,.F.);
#84=ADVANCED_FACE('1:6595',(#201),#202,.F.);
#85=ADVANCED_FACE('1:6598',(#203,#204,#205),#206,.T.);
#86=ADVANCED_FACE('1:6601',(#207),#208,.F.);
#87=ADVANCED_FACE('1:6604',(#209),#210,.F.);
#88=ADVANCED_FACE('1:6607',(#211),#212,.F.);
#89=ADVANCED_FACE('1:6610',(#213),#214,.T.);
#90=ADVANCED_FACE('1:6613',(#215),#216,.T.);
#91=ADVANCED_FACE('1:6616',(#217),#218,.T.);
#92=ADVANCED_FACE('1:6619',(#219),#220,.T.);
#93=ADVANCED_FACE('1:6622',(#221),#222,.F.);
#94=ADVANCED_FACE('1:6625',(#223),#224,.T.);
#95=ADVANCED_FACE('1:6628',(#225),#226,.T.);
#96=ADVANCED_FACE('1:6631',(#227),#228,.F.);
#97=ADVANCED_FACE('1:6634',(#229),#230,.T.);
#98=ADVANCED_FACE('1:6637',(#231),#232,.T.);
#99=ADVANCED_FACE('1:6640',(#233),#234,.T.);
#100=ADVANCED_FACE('1:6643',(#235),#236,.T.);
#101=ADVANCED_FACE('1:6646',(#237),#238,.T.);
#102=ADVANCED_FACE('1:6649',(#239),#240,.F.);
#103=ADVANCED_FACE('1:6652',(#241),#242,.T.);
#104=ADVANCED_FACE('1:6655',(#243),#244,.F.);
#105=ADVANCED_FACE('1:6658',(#245),#246,.T.);
#106=ADVANCED_FACE('1:6661',(#247),#248,.T.);
#107=ADVANCED_FACE('1:6664',(#249),#250,.T.);
#108=ADVANCED_FACE('1:6667',(#251),#252,.T.);
#109=ADVANCED_FACE('1:6670',(#253),#254,.T.);
#110=ADVANCED_FACE('1:6673',(#255),#256,.T.);
#111=ADVANCED_FACE('1:6676',(#257),#258,.T.);
#112=ADVANCED_FACE('1:6679',(#259),#260,.T.);
#113=ADVANCED_FACE('1:6682',(#261,#262,#263),#264,.F.);
#114=ADVANCED_FACE('1:6685',(#265),#266,.T.);
#115=ADVANCED_FACE('1:6688',(#267),#268,.T.);
#116=ADVANCED_FACE('1:6691',(#269),#270,.T.);
#117=ADVANCED_FACE('1:6694',(#271),#272,.F.);
#118=ADVANCED_FACE('1:6697',(#273),#274,.F.);
#119=ADVANCED_FACE('1:6700',(#275),#276,.T.);
#120=ADVANCED_FACE('1:6703',(#277),#278,.T.);
#121=ADVANCED_FACE('1:6706',(#279),#280,.T.);
#122=ADVANCED_FACE('1:6709',(#281),#282,.T.);
#123=ADVANCED_FACE('1:6712',(#283),#284,.T.);
#124=ADVANCED_FACE('1:6715',(#285),#286,.T.);
#125=ADVANCED_FACE('1:6718',(#287),#288,.T.);
#126=ADVANCED_FACE('1:6721',(#289),#290,.T.);
#127=ADVANCED_FACE('1:6724',(#291),#292,.F.);
#128=ADVANCED_FACE('1:6727',(#293),#294,.F.);
#129=ADVANCED_FACE('1:6730',(#295),#296,.F.);
#130=ADVANCED_FACE('1:6733',(#297),#298,.F.);
#131=ADVANCED_FACE('1:6736',(#299),#300,.F.);
#132=ADVANCED_FACE('1:6739',(#301),#302,.F.);
#134=SURFACE_STYLE_FILL_AREA(#303);
#135=FACE_OUTER_BOUND('',#304,.T.);
#136=CYLINDRICAL_SURFACE('',#305,0.0006);
#137=FACE_OUTER_BOUND('',#306,.T.);
#138=CYLINDRICAL_SURFACE('',#307,0.0006);
#139=FACE_OUTER_BOUND('',#308,.T.);
#140=TOROIDAL_SURFACE('',#309,0.0056,0.0006);
#141=FACE_OUTER_BOUND('',#310,.T.);
#142=TOROIDAL_SURFACE('',#311,0.0312319660112501,0.0006);
#143=FACE_OUTER_BOUND('',#312,.T.);
#144=CYLINDRICAL_SURFACE('',#313,0.0008);
#145=FACE_OUTER_BOUND('',#314,.T.);
#146=CYLINDRICAL_SURFACE('',#315,0.0008);
#147=FACE_OUTER_BOUND('',#316,.T.);
#148=TOROIDAL_SURFACE('',#317,0.0042,0.0008);
#149=FACE_OUTER_BOUND('',#318,.T.);
#150=TOROIDAL_SURFACE('',#319,0.0298319660112501,0.0008);
#151=FACE_OUTER_BOUND('',#320,.T.);
#152=TOROIDAL_SURFACE('',#321,0.0208,0.0008);
#153=FACE_OUTER_BOUND('',#322,.T.);
#154=TOROIDAL_SURFACE('',#323,0.0042,0.0008);
#155=FACE_OUTER_BOUND('',#324,.T.);
#156=TOROIDAL_SURFACE('',#325,0.0056,0.0006);
#157=FACE_OUTER_BOUND('',#326,.T.);
#158=TOROIDAL_SURFACE('',#327,0.0215,0.0015);
#159=FACE_OUTER_BOUND('',#328,.T.);
#160=CYLINDRICAL_SURFACE('',#329,0.001);
#161=FACE_OUTER_BOUND('',#330,.T.);
#162=TOROIDAL_SURFACE('',#331,0.0345,0.001);
#163=FACE_OUTER_BOUND('',#332,.T.);
#164=TOROIDAL_SURFACE('',#333,0.0345,0.001);
#165=FACE_OUTER_BOUND('',#334,.T.);
#166=TOROIDAL_SURFACE('',#335,0.00499999999878708,0.001);
#167=FACE_OUTER_BOUND('',#336,.T.);
#168=CYLINDRICAL_SURFACE('',#337,0.001);
#169=FACE_OUTER_BOUND('',#338,.T.);
#170=TOROIDAL_SURFACE('',#339,0.006,0.001);
#171=FACE_OUTER_BOUND('',#340,.T.);
#172=CYLINDRICAL_SURFACE('',#341,0.0355);
#173=FACE_OUTER_BOUND('',#342,.T.);
#174=CYLINDRICAL_SURFACE('',#343,0.0355);
#175=FACE_OUTER_BOUND('',#344,.T.);
#176=CYLINDRICAL_SURFACE('',#345,0.007);
#177=FACE_OUTER_BOUND('',#346,.T.);
#178=CYLINDRICAL_SURFACE('',#347,0.042);
#179=FACE_OUTER_BOUND('',#348,.T.);
#180=CYLINDRICAL_SURFACE('',#349,0.007);
#181=FACE_OUTER_BOUND('',#350,.T.);
#182=CONICAL_SURFACE('',#351,0.00474999999880306,0.785398163397448);
#183=FACE_OUTER_BOUND('',#352,.T.);
#184=CONICAL_SURFACE('',#353,0.03475,0.785398163397446);
#185=FACE_OUTER_BOUND('',#354,.T.);
#186=CONICAL_SURFACE('',#355,0.00474999999878708,0.785398163397449);
#187=FACE_OUTER_BOUND('',#356,.T.);
#188=CONICAL_SURFACE('',#357,0.00625,0.785398163397445);
#189=FACE_OUTER_BOUND('',#358,.T.);
#190=CONICAL_SURFACE('',#359,0.04125,0.785398163397449);
#191=FACE_OUTER_BOUND('',#360,.T.);
#192=CONICAL_SURFACE('',#361,0.00625,0.785398163397446);
#193=FACE_OUTER_BOUND('',#362,.T.);
#194=CYLINDRICAL_SURFACE('',#363,0.02);
#195=FACE_OUTER_BOUND('',#364,.T.);
#196=CONICAL_SURFACE('',#365,0.0215,0.785398163397448);
#197=FACE_OUTER_BOUND('',#366,.T.);
#198=CYLINDRICAL_SURFACE('',#367,0.00225);
#199=FACE_OUTER_BOUND('',#368,.T.);
#200=CONICAL_SURFACE('',#369,0.00485000000000001,0.785398163397448);
#201=FACE_OUTER_BOUND('',#370,.T.);
#202=CONICAL_SURFACE('',#371,0.00485000000000001,0.785398163397448);
#203=FACE_BOUND('',#372,.T.);
#204=FACE_OUTER_BOUND('',#373,.T.);
#205=FACE_BOUND('',#374,.T.);
#206=PLANE('',#375);
#207=FACE_OUTER_BOUND('',#376,.T.);
#208=CYLINDRICAL_SURFACE('',#377,0.00225);
#209=FACE_OUTER_BOUND('',#378,.T.);
#210=CONICAL_SURFACE('',#379,0.0215,0.785398163397448);
#211=FACE_OUTER_BOUND('',#380,.T.);
#212=CYLINDRICAL_SURFACE('',#381,0.02);
#213=FACE_OUTER_BOUND('',#382,.T.);
#214=CONICAL_SURFACE('',#383,0.00625,0.785398163397446);
#215=FACE_OUTER_BOUND('',#384,.T.);
#216=CONICAL_SURFACE('',#385,0.04125,0.785398163397449);
#217=FACE_OUTER_BOUND('',#386,.T.);
#218=PLANE('',#387);
#219=FACE_OUTER_BOUND('',#388,.T.);
#220=CONICAL_SURFACE('',#389,0.00625,0.785398163397445);
#221=FACE_OUTER_BOUND('',#390,.T.);
#222=CONICAL_SURFACE('',#391,0.00474999999878708,0.785398163397449);
#223=FACE_OUTER_BOUND('',#392,.T.);
#224=PLANE('',#393);
#225=FACE_OUTER_BOUND('',#394,.T.);
#226=CONICAL_SURFACE('',#395,0.03475,0.785398163397446);
#227=FACE_OUTER_BOUND('',#396,.T.);
#228=CONICAL_SURFACE('',#397,0.00474999999880306,0.785398163397448);
#229=FACE_OUTER_BOUND('',#398,.T.);
#230=PLANE('',#399);
#231=FACE_OUTER_BOUND('',#400,.T.);
#232=CYLINDRICAL_SURFACE('',#401,0.007);
#233=FACE_OUTER_BOUND('',#402,.T.);
#234=CYLINDRICAL_SURFACE('',#403,0.042);
#235=FACE_OUTER_BOUND('',#404,.T.);
#236=CYLINDRICAL_SURFACE('',#405,0.007);
#237=FACE_OUTER_BOUND('',#406,.T.);
#238=PLANE('',#407);
#239=FACE_OUTER_BOUND('',#408,.T.);
#240=CYLINDRICAL_SURFACE('',#409,0.00399999999878708);
#241=FACE_OUTER_BOUND('',#410,.T.);
#242=CYLINDRICAL_SURFACE('',#411,0.0355);
#243=FACE_OUTER_BOUND('',#412,.T.);
#244=CYLINDRICAL_SURFACE('',#413,0.00399999999880306);
#245=FACE_OUTER_BOUND('',#414,.T.);
#246=TOROIDAL_SURFACE('',#415,0.006,0.001);
#247=FACE_OUTER_BOUND('',#416,.T.);
#248=CYLINDRICAL_SURFACE('',#417,0.001);
#249=FACE_OUTER_BOUND('',#418,.T.);
#250=TOROIDAL_SURFACE('',#419,0.041,0.001);
#251=FACE_OUTER_BOUND('',#420,.T.);
#252=TOROIDAL_SURFACE('',#421,0.006,0.001);
#253=FACE_OUTER_BOUND('',#422,.T.);
#254=TOROIDAL_SURFACE('',#423,0.00499999999878708,0.001);
#255=FACE_OUTER_BOUND('',#424,.T.);
#256=TOROIDAL_SURFACE('',#425,0.0345,0.001);
#257=FACE_OUTER_BOUND('',#426,.T.);
#258=CYLINDRICAL_SURFACE('',#427,0.001);
#259=FACE_OUTER_BOUND('',#428,.T.);
#260=TOROIDAL_SURFACE('',#429,0.00499999999880306,0.001);
#261=FACE_BOUND('',#430,.T.);
#262=FACE_BOUND('',#431,.T.);
#263=FACE_OUTER_BOUND('',#432,.T.);
#264=PLANE('',#433);
#265=FACE_OUTER_BOUND('',#434,.T.);
#266=B_SPLINE_SURFACE_WITH_KNOTS('',3,3,((#435,#436,#437,#438,#439,#440,#441,#442,#443,#444,#445,#446),(#447,#448,#449,#450,#451,#452,#453,#454,#455,#456,#457,#458),(#459,#460,#461,#462,#463,#464,#465,#466,#467,#468,#469,#470),(#471,#472,#473,#474,#475,#476,#477,#478,#479,#480,#481,#482),(#483,#484,#485,#486,#487,#488,#489,#490,#491,#492,#493,#494),(#495,#496,#497,#498,#499,#500,#501,#502,#503,#504,#505,#506),(#507,#508,#509,#510,#511,#512,#513,#514,#515,#516,#517,#518),(#519,#520,#521,#522,#523,#524,#525,#526,#527,#528,#529,#530),(#531,#532,#533,#534,#535,#536,#537,#538,#539,#540,#541,#542),(#543,#544,#545,#546,#547,#548,#549,#550,#551,#552,#553,#554),(#555,#556,#557,#558,#559,#560,#561,#562,#563,#564,#565,#566),(#567,#568,#569,#570,#571,#572,#573,#574,#575,#576,#577,#578),(#579,#580,#581,#582,#583,#584,#585,#586,#587,#588,#589,#590),(#591,#592,#593,#594,#595,#596,#597,#598,#599,#600,#601,#602),(#603,#604,#605,#606,#607,#608,#609,#610,#611,#612,#613,#614),(#615,#616,#617,#618,#619,#620,#621,#622,#623,#624,#625,#626),(#627,#628,#629,#630,#631,#632,#633,#634,#635,#636,#637,#638),(#639,#640,#641,#642,#643,#644,#645,#646,#647,#648,#649,#650),(#651,#652,#653,#654,#655,#656,#657,#658,#659,#660,#661,#662),(#663,#664,#665,#666,#667,#668,#669,#670,#671,#672,#673,#674)),.UNSPECIFIED.,.F.,.F.,.F.,(4,2,2,2,2,2,2,2,2,4),(4,2,2,2,2,4),(-8.21061639975427E-06,0.0,0.000777019975740395,0.00153845570145205,0.00201435303002184,0.00231178886037796,0.00260922469073407,0.00308512201930386,0.00384655774501552,0.00463178833715567),(0.0,0.2,0.4,0.6,0.8,1.0),.UNSPECIFIED.);
#267=FACE_OUTER_BOUND('',#675,.T.);
#268=B_SPLINE_SURFACE_WITH_KNOTS('',3,3,((#676,#677,#678,#679,#680,#681,#682,#683,#684,#685,#686,#687),(#688,#689,#690,#691,#692,#693,#694,#695,#696,#697,#698,#699),(#700,#701,#702,#703,#704,#705,#706,#707,#708,#709,#710,#711),(#712,#713,#714,#715,#716,#717,#718,#719,#720,#721,#722,#723),(#724,#725,#726,#727,#728,#729,#730,#731,#732,#733,#734,#735),(#736,#737,#738,#739,#740,#741,#742,#743,#744,#745,#746,#747),(#748,#749,#750,#751,#752,#753,#754,#755,#756,#757,#758,#759),(#760,#761,#762,#763,#764,#765,#766,#767,#768,#769,#770,#771),(#772,#773,#774,#775,#776,#777,#778,#779,#780,#781,#782,#783),(#784,#785,#786,#787,#788,#789,#790,#791,#792,#793,#794,#795),(#796,#797,#798,#799,#800,#801,#802,#803,#804,#805,#806,#807),(#808,#809,#810,#811,#812,#813,#814,#815,#816,#817,#818,#819),(#820,#821,#822,#823,#824,#825,#826,#827,#828,#829,#830,#831),(#832,#833,#834,#835,#836,#837,#838,#839,#840,#841,#842,#843),(#844,#845,#846,#847,#848,#849,#850,#851,#852,#853,#854,#855),(#856,#857,#858,#859,#860,#861,#862,#863,#864,#865,#866,#867),(#868,#869,#870,#871,#872,#873,#874,#875,#876,#877,#878,#879),(#880,#881,#882,#883,#884,#885,#886,#887,#888,#889,#890,#891),(#892,#893,#894,#895,#896,#897,#898,#899,#900,#901,#902,#903),(#904,#905,#906,#907,#908,#909,#910,#911,#912,#913,#914,#915)),.UNSPECIFIED.,.F.,.F.,.F.,(4,2,2,2,2,2,2,2,2,4),(4,2,2,2,2,4),(-0.00979182126038287,-0.00978361064398351,-0.0090065906682428,-0.00824515494253122,-0.00776925761396148,-0.00747182178360539,-0.00717438595324931,-0.00669848862467957,-0.00593705289896799,-0.00515182230682792),(0.0,0.2,0.4,0.6,0.8,1.0),.UNSPECIFIED.);
#269=FACE_OUTER_BOUND('',#916,.T.);
#270=TOROIDAL_SURFACE('',#917,0.0215,0.0015);
#271=FACE_OUTER_BOUND('',#918,.T.);
#272=TOROIDAL_SURFACE('',#919,0.0056,0.0006);
#273=FACE_OUTER_BOUND('',#920,.T.);
#274=TOROIDAL_SURFACE('',#921,0.0056,0.0006);
#275=FACE_OUTER_BOUND('',#922,.T.);
#276=TOROIDAL_SURFACE('',#923,0.0042,0.0008);
#277=FACE_OUTER_BOUND('',#924,.T.);
#278=TOROIDAL_SURFACE('',#925,0.0042,0.0008);
#279=FACE_OUTER_BOUND('',#926,.T.);
#280=TOROIDAL_SURFACE('',#927,0.0208,0.0008);
#281=FACE_OUTER_BOUND('',#928,.T.);
#282=TOROIDAL_SURFACE('',#929,0.0298319660112501,0.0008);
#283=FACE_OUTER_BOUND('',#930,.T.);
#284=TOROIDAL_SURFACE('',#931,0.0042,0.0008);
#285=FACE_OUTER_BOUND('',#932,.T.);
#286=TOROIDAL_SURFACE('',#933,0.0042,0.0008);
#287=FACE_OUTER_BOUND('',#934,.T.);
#288=CYLINDRICAL_SURFACE('',#935,0.0008);
#289=FACE_OUTER_BOUND('',#936,.T.);
#290=CYLINDRICAL_SURFACE('',#937,0.0008);
#291=FACE_OUTER_BOUND('',#938,.T.);
#292=PLANE('',#939);
#293=FACE_OUTER_BOUND('',#940,.T.);
#294=TOROIDAL_SURFACE('',#941,0.0312319660112501,0.0006);
#295=FACE_OUTER_BOUND('',#942,.T.);
#296=TOROIDAL_SURFACE('',#943,0.0056,0.0006);
#297=FACE_OUTER_BOUND('',#944,.T.);
#298=CYLINDRICAL_SURFACE('',#945,0.0006);
#299=FACE_OUTER_BOUND('',#946,.T.);
#300=TOROIDAL_SURFACE('',#947,0.0056,0.0006);
#301=FACE_OUTER_BOUND('',#948,.T.);
#302=CYLINDRICAL_SURFACE('',#949,0.0006);
#303=FILL_AREA_STYLE('',(#950));
#304=EDGE_LOOP('',(#951,#952,#953,#954));
#305=AXIS2_PLACEMENT_3D('',#955,#956,#957);
#306=EDGE_LOOP('',(#958,#959,#960,#961));
#307=AXIS2_PLACEMENT_3D('',#962,#963,#964);
#308=EDGE_LOOP('',(#965,#966,#967,#968,#969));
#309=AXIS2_PLACEMENT_3D('',#970,#971,#972);
#310=EDGE_LOOP('',(#973,#974,#975,#976));
#311=AXIS2_PLACEMENT_3D('',#977,#978,#979);
#312=EDGE_LOOP('',(#980,#981,#982,#983));
#313=AXIS2_PLACEMENT_3D('',#984,#985,#986);
#314=EDGE_LOOP('',(#987,#988,#989,#990));
#315=AXIS2_PLACEMENT_3D('',#991,#992,#993);
#316=EDGE_LOOP('',(#994,#995,#996,#997));
#317=AXIS2_PLACEMENT_3D('',#998,#999,#1000);
#318=EDGE_LOOP('',(#1001,#1002,#1003,#1004));
#319=AXIS2_PLACEMENT_3D('',#1005,#1006,#1007);
#320=EDGE_LOOP('',(#1008,#1009,#1010,#1011,#1012));
#321=AXIS2_PLACEMENT_3D('',#1013,#1014,#1015);
#322=EDGE_LOOP('',(#1016,#1017,#1018,#1019));
#323=AXIS2_PLACEMENT_3D('',#1020,#1021,#1022);
#324=EDGE_LOOP('',(#1023,#1024,#1025,#1026,#1027,#1028));
#325=AXIS2_PLACEMENT_3D('',#1029,#1030,#1031);
#326=EDGE_LOOP('',(#1032,#1033,#1034,#1035));
#327=AXIS2_PLACEMENT_3D('',#1036,#1037,#1038);
#328=EDGE_LOOP('',(#1039,#1040,#1041,#1042));
#329=AXIS2_PLACEMENT_3D('',#1043,#1044,#1045);
#330=EDGE_LOOP('',(#1046,#1047,#1048,#1049));
#331=AXIS2_PLACEMENT_3D('',#1050,#1051,#1052);
#332=EDGE_LOOP('',(#1053,#1054,#1055,#1056,#1057));
#333=AXIS2_PLACEMENT_3D('',#1058,#1059,#1060);
#334=EDGE_LOOP('',(#1061,#1062,#1063,#1064));
#335=AXIS2_PLACEMENT_3D('',#1065,#1066,#1067);
#336=EDGE_LOOP('',(#1068,#1069,#1070,#1071));
#337=AXIS2_PLACEMENT_3D('',#1072,#1073,#1074);
#338=EDGE_LOOP('',(#1075,#1076,#1077,#1078,#1079,#1080));
#339=AXIS2_PLACEMENT_3D('',#1081,#1082,#1083);
#340=EDGE_LOOP('',(#1084,#1085,#1086,#1087,#1088));
#341=AXIS2_PLACEMENT_3D('',#1089,#1090,#1091);
#342=EDGE_LOOP('',(#1092,#1093,#1094,#1095,#1096,#1097));
#343=AXIS2_PLACEMENT_3D('',#1098,#1099,#1100);
#344=EDGE_LOOP('',(#1101,#1102,#1103,#1104,#1105));
#345=AXIS2_PLACEMENT_3D('',#1106,#1107,#1108);
#346=EDGE_LOOP('',(#1109,#1110,#1111,#1112));
#347=AXIS2_PLACEMENT_3D('',#1113,#1114,#1115);
#348=EDGE_LOOP('',(#1116,#1117,#1118,#1119));
#349=AXIS2_PLACEMENT_3D('',#1120,#1121,#1122);
#350=EDGE_LOOP('',(#1123,#1124,#1125,#1126));
#351=AXIS2_PLACEMENT_3D('',#1127,#1128,#1129);
#352=EDGE_LOOP('',(#1130,#1131,#1132,#1133,#1134));
#353=AXIS2_PLACEMENT_3D('',#1135,#1136,#1137);
#354=EDGE_LOOP('',(#1138,#1139,#1140,#1141));
#355=AXIS2_PLACEMENT_3D('',#1142,#1143,#1144);
#356=EDGE_LOOP('',(#1145,#1146,#1147,#1148));
#357=AXIS2_PLACEMENT_3D('',#1149,#1150,#1151);
#358=EDGE_LOOP('',(#1152,#1153,#1154,#1155));
#359=AXIS2_PLACEMENT_3D('',#1156,#1157,#1158);
#360=EDGE_LOOP('',(#1159,#1160,#1161,#1162));
#361=AXIS2_PLACEMENT_3D('',#1163,#1164,#1165);
#362=EDGE_LOOP('',(#1166,#1167,#1168,#1169,#1170,#1171,#1172));
#363=AXIS2_PLACEMENT_3D('',#1173,#1174,#1175);
#364=EDGE_LOOP('',(#1176,#1177,#1178,#1179));
#365=AXIS2_PLACEMENT_3D('',#1180,#1181,#1182);
#366=EDGE_LOOP('',(#1183,#1184,#1185,#1186));
#367=AXIS2_PLACEMENT_3D('',#1187,#1188,#1189);
#368=EDGE_LOOP('',(#1190,#1191,#1192,#1193));
#369=AXIS2_PLACEMENT_3D('',#1194,#1195,#1196);
#370=EDGE_LOOP('',(#1197,#1198,#1199,#1200));
#371=AXIS2_PLACEMENT_3D('',#1201,#1202,#1203);
#372=EDGE_LOOP('',(#1204,#1205));
#373=EDGE_LOOP('',(#1206,#1207,#1208,#1209,#1210,#1211,#1212,#1213,#1214,#1215,#1216,#1217,#1218,#1219));
#374=EDGE_LOOP('',(#1220,#1221));
#375=AXIS2_PLACEMENT_3D('',#1222,#1223,#1224);
#376=EDGE_LOOP('',(#1225,#1226,#1227,#1228));
#377=AXIS2_PLACEMENT_3D('',#1229,#1230,#1231);
#378=EDGE_LOOP('',(#1232,#1233,#1234,#1235));
#379=AXIS2_PLACEMENT_3D('',#1236,#1237,#1238);
#380=EDGE_LOOP('',(#1239,#1240,#1241,#1242,#1243,#1244,#1245));
#381=AXIS2_PLACEMENT_3D('',#1246,#1247,#1248);
#382=EDGE_LOOP('',(#1249,#1250,#1251,#1252));
#383=AXIS2_PLACEMENT_3D('',#1253,#1254,#1255);
#384=EDGE_LOOP('',(#1256,#1257,#1258,#1259));
#385=AXIS2_PLACEMENT_3D('',#1260,#1261,#1262);
#386=EDGE_LOOP('',(#1263,#1264,#1265,#1266));
#387=AXIS2_PLACEMENT_3D('',#1267,#1268,#1269);
#388=EDGE_LOOP('',(#1270,#1271,#1272,#1273));
#389=AXIS2_PLACEMENT_3D('',#1274,#1275,#1276);
#390=EDGE_LOOP('',(#1277,#1278,#1279,#1280));
#391=AXIS2_PLACEMENT_3D('',#1281,#1282,#1283);
#392=EDGE_LOOP('',(#1284,#1285,#1286,#1287));
#393=AXIS2_PLACEMENT_3D('',#1288,#1289,#1290);
#394=EDGE_LOOP('',(#1291,#1292,#1293,#1294,#1295));
#395=AXIS2_PLACEMENT_3D('',#1296,#1297,#1298);
#396=EDGE_LOOP('',(#1299,#1300,#1301,#1302));
#397=AXIS2_PLACEMENT_3D('',#1303,#1304,#1305);
#398=EDGE_LOOP('',(#1306,#1307,#1308,#1309));
#399=AXIS2_PLACEMENT_3D('',#1310,#1311,#1312);
#400=EDGE_LOOP('',(#1313,#1314,#1315,#1316));
#401=AXIS2_PLACEMENT_3D('',#1317,#1318,#1319);
#402=EDGE_LOOP('',(#1320,#1321,#1322,#1323));
#403=AXIS2_PLACEMENT_3D('',#1324,#1325,#1326);
#404=EDGE_LOOP('',(#1327,#1328,#1329,#1330));
#405=AXIS2_PLACEMENT_3D('',#1331,#1332,#1333);
#406=EDGE_LOOP('',(#1334,#1335,#1336,#1337));
#407=AXIS2_PLACEMENT_3D('',#1338,#1339,#1340);
#408=EDGE_LOOP('',(#1341,#1342,#1343,#1344,#1345,#1346));
#409=AXIS2_PLACEMENT_3D('',#1347,#1348,#1349);
#410=EDGE_LOOP('',(#1350,#1351,#1352,#1353));
#411=AXIS2_PLACEMENT_3D('',#1354,#1355,#1356);
#412=EDGE_LOOP('',(#1357,#1358,#1359,#1360,#1361));
#413=AXIS2_PLACEMENT_3D('',#1362,#1363,#1364);
#414=EDGE_LOOP('',(#1365,#1366,#1367,#1368));
#415=AXIS2_PLACEMENT_3D('',#1369,#1370,#1371);
#416=EDGE_LOOP('',(#1372,#1373,#1374,#1375));
#417=AXIS2_PLACEMENT_3D('',#1376,#1377,#1378);
#418=EDGE_LOOP('',(#1379,#1380,#1381,#1382,#1383));
#419=AXIS2_PLACEMENT_3D('',#1384,#1385,#1386);
#420=EDGE_LOOP('',(#1387,#1388,#1389,#1390,#1391,#1392));
#421=AXIS2_PLACEMENT_3D('',#1393,#1394,#1395);
#422=EDGE_LOOP('',(#1396,#1397,#1398,#1399,#1400));
#423=AXIS2_PLACEMENT_3D('',#1401,#1402,#1403);
#424=EDGE_LOOP('',(#1404,#1405,#1406,#1407,#1408));
#425=AXIS2_PLACEMENT_3D('',#1409,#1410,#1411);
#426=EDGE_LOOP('',(#1412,#1413,#1414,#1415));
#427=AXIS2_PLACEMENT_3D('',#1416,#1417,#1418);
#428=EDGE_LOOP('',(#1419,#1420,#1421,#1422,#1423));
#429=AXIS2_PLACEMENT_3D('',#1424,#1425,#1426);
#430=EDGE_LOOP('',(#1427,#1428,#1429,#1430,#1431,#1432,#1433,#1434,#1435,#1436,#1437));
#431=EDGE_LOOP('',(#1438,#1439));
#432=EDGE_LOOP('',(#1440,#1441,#1442,#1443,#1444,#1445,#1446,#1447,#1448,#1449,#1450,#1451));
#433=AXIS2_PLACEMENT_3D('',#1452,#1453,#1454);
#434=EDGE_LOOP('',(#1455,#1456,#1457));
#435=CARTESIAN_POINT('',(-0.0569125695915083,0.0471299999999977,-0.0499697952757388));
#436=CARTESIAN_POINT('',(-0.0569125695915083,0.0471299999999977,-0.0499697952757388));
#437=CARTESIAN_POINT('',(-0.0569125695915083,0.0471299999999977,-0.0499697952757388));
#438=CARTESIAN_POINT('',(-0.0569125695915083,0.0471299999999977,-0.0499697952757388));
#439=CARTESIAN_POINT('',(-0.0569125695915083,0.0471299999999977,-0.0499697952757388));
#440=CARTESIAN_POINT('',(-0.0569125695915083,0.0471299999999977,-0.0499697952757388));
#441=CARTESIAN_POINT('',(-0.0569125695915083,0.0471299999999977,-0.0499697952757388));
#442=CARTESIAN_POINT('',(-0.0569125695915083,0.0471299999999977,-0.0499697952757388));
#443=CARTESIAN_POINT('',(-0.0569125695915083,0.0471299999999977,-0.0499697952757388));
#444=CARTESIAN_POINT('',(-0.0569125695915083,0.0471299999999977,-0.0499697952757388));
#445=CARTESIAN_POINT('',(-0.0569125695915083,0.0471299999999977,-0.0499697952757388));
#446=CARTESIAN_POINT('',(-0.0569125695915083,0.0471299999999977,-0.0499697952757388));
#447=CARTESIAN_POINT('',(-0.0569108113840949,0.0471317545013324,-0.0499706477557166));
#448=CARTESIAN_POINT('',(-0.056910748590973,0.0471316709536498,-0.0499706782014301));
#449=CARTESIAN_POINT('',(-0.0569106857978511,0.0471315874059672,-0.0499707086471436));
#450=CARTESIAN_POINT('',(-0.0569105602116073,0.047131420310602,-0.0499707695385706));
#451=CARTESIAN_POINT('',(-0.0569104974184854,0.0471313367629194,-0.0499707999842841));
#452=CARTESIAN_POINT('',(-0.0569103718322415,0.0471311696675542,-0.049970860875711));
#453=CARTESIAN_POINT('',(-0.0569103090391196,0.0471310861198716,-0.0499708913214245));
#454=CARTESIAN_POINT('',(-0.0569101834528758,0.0471309190245064,-0.0499709522128515));
#455=CARTESIAN_POINT('',(-0.0569101206597539,0.0471308354768238,-0.049970982658565));
#456=CARTESIAN_POINT('',(-0.0569099950735101,0.0471306683814586,-0.049971043549992));
#457=CARTESIAN_POINT('',(-0.0569099322803882,0.047130584833776,-0.0499710739957055));
#458=CARTESIAN_POINT('',(-0.0569098694872663,0.0471305012860934,-0.049971104441419));
#459=CARTESIAN_POINT('',(-0.0569090533001121,0.047133509004162,-0.049971500494083));
#460=CARTESIAN_POINT('',(-0.0569089277227384,0.0471333419087257,-0.0499715614039404));
#461=CARTESIAN_POINT('',(-0.0569088021298547,0.0471331748132894,-0.049971622281809));
#462=CARTESIAN_POINT('',(-0.0569085509130674,0.0471328406224168,-0.049971743973569));
#463=CARTESIAN_POINT('',(-0.0569084252891638,0.0471326735269805,-0.0499718047874602));
#464=CARTESIAN_POINT('',(-0.0569081740103367,0.047132339336108,-0.0499719263512653));
#465=CARTESIAN_POINT('',(-0.0569080483554131,0.0471321722406717,-0.0499719871011791));
#466=CARTESIAN_POINT('',(-0.0569077970145461,0.0471318380497991,-0.0499721085370292));
#467=CARTESIAN_POINT('',(-0.0569076713286026,0.0471316709543628,-0.0499721692229654));
#468=CARTESIAN_POINT('',(-0.0569074199256955,0.0471313367634903,-0.0499722905308604));
#469=CARTESIAN_POINT('',(-0.056907294208732,0.047131169668054,-0.0499723511528191));
#470=CARTESIAN_POINT('',(-0.0569071684762584,0.0471310025726177,-0.0499724117427889));
#471=CARTESIAN_POINT('',(-0.05674092899911,0.047301302138529,-0.0500530776849174));
#472=CARTESIAN_POINT('',(-0.0567347998951092,0.0472931448512292,-0.0500560537972336));
#473=CARTESIAN_POINT('',(-0.0567286678062982,0.0472849875639293,-0.050059023760345));
#474=CARTESIAN_POINT('',(-0.0567163976667427,0.0472686729995554,-0.0500649513844341));
#475=CARTESIAN_POINT('',(-0.0567102596159981,0.0472605157224815,-0.0500679090454118));
#476=CARTESIAN_POINT('',(-0.056697977560267,0.0472442011887854,-0.0500738120615196));
#477=CARTESIAN_POINT('',(-0.0566918335552805,0.0472360439321633,-0.0500767574166497));
#478=CARTESIAN_POINT('',(-0.0566795395987624,0.0472197294495969,-0.0500826358173589));
#479=CARTESIAN_POINT('',(-0.0566733896472307,0.0472115722236526,-0.0500855688629381));
#480=CARTESIAN_POINT('',(-0.0566610838053241,0.0471952578126677,-0.0500914226408525));
#481=CARTESIAN_POINT('',(-0.0566549279149491,0.047187100627627,-0.0500943433731877));
#482=CARTESIAN_POINT('',(-0.0566487690590059,0.0471789434681512,-0.0500972579470597));
#483=CARTESIAN_POINT('',(-0.0565739154092963,0.0474690784506802,-0.0501369539586868));
#484=CARTESIAN_POINT('',(-0.0565618664564184,0.0474529283949528,-0.0501430138189473));
#485=CARTESIAN_POINT('',(-0.0565496703620727,0.0474367783351499,-0.0501487707471944));
#486=CARTESIAN_POINT('',(-0.056524985660361,0.0474044787708127,-0.0501596772843718));
#487=CARTESIAN_POINT('',(-0.056512497046985,0.0473883292581594,-0.0501648268954371));
#488=CARTESIAN_POINT('',(-0.0564872280601469,0.0473560315794734,-0.0501745151633532));
#489=CARTESIAN_POINT('',(-0.0564744476802858,0.047339883405418,-0.0501790538214475));
#490=CARTESIAN_POINT('',(-0.0564485950939011,0.0473075896818879,-0.0501875143121562));
#491=CARTESIAN_POINT('',(-0.0564355228806401,0.0472914441245502,-0.0501914361451104));
#492=CARTESIAN_POINT('',(-0.0564090859386157,0.0472591576375588,-0.0501986548541151));
#493=CARTESIAN_POINT('',(-0.056395721202829,0.0472430167002643,-0.0502019517295955));
#494=CARTESIAN_POINT('',(-0.0563822096570499,0.0472268795573372,-0.0502049309325522));
#495=CARTESIAN_POINT('',(-0.0562401977623526,0.047795132065715,-0.0503106245368943));
#496=CARTESIAN_POINT('',(-0.0562174752575839,0.0477626768412312,-0.0503226559280804));
#497=CARTESIAN_POINT('',(-0.0561939998603235,0.0477302216331332,-0.0503332603595032));
#498=CARTESIAN_POINT('',(-0.0561456805019084,0.0476655000724343,-0.0503515530073476));
#499=CARTESIAN_POINT('',(-0.0561208365652535,0.0476332337525249,-0.0503592412142389));
#500=CARTESIAN_POINT('',(-0.0560699248751319,0.0475690778740562,-0.0503716550112378));
#501=CARTESIAN_POINT('',(-0.0560438571473585,0.0475371883479484,-0.050376380594504));
#502=CARTESIAN_POINT('',(-0.0559906493483274,0.0474739720027453,-0.0503828389062581));
#503=CARTESIAN_POINT('',(-0.055963509303831,0.0474426452157031,-0.0503845716306274));
#504=CARTESIAN_POINT('',(-0.0559083142836102,0.0473807373659105,-0.0503850303149006));
#505=CARTESIAN_POINT('',(-0.0558802593355842,0.0473501563346579,-0.05038375627343));
#506=CARTESIAN_POINT('',(-0.0558518281888311,0.0473200377330614,-0.05038098010027));
#507=CARTESIAN_POINT('',(-0.0560735439673485,0.0479535150264766,-0.0504002705901488));
#508=CARTESIAN_POINT('',(-0.0560460487097944,0.0479127517753329,-0.0504151919375673));
#509=CARTESIAN_POINT('',(-0.056017345585064,0.0478719885592858,-0.0504278710350253));
#510=CARTESIAN_POINT('',(-0.0559577947925009,0.0477908361073937,-0.0504486228320278));
#511=CARTESIAN_POINT('',(-0.0559269471825604,0.0477504469420784,-0.0504566955054605));
#512=CARTESIAN_POINT('',(-0.0558633958753117,0.0476704145331669,-0.050468149399282));
#513=CARTESIAN_POINT('',(-0.0558306922372703,0.0476307713610914,-0.0504715305962075));
#514=CARTESIAN_POINT('',(-0.0557637327243643,0.0475525986430783,-0.0504735541261094));
#515=CARTESIAN_POINT('',(-0.0557294769105639,0.0475140691702544,-0.0504721964384798));
#516=CARTESIAN_POINT('',(-0.0556597304882506,0.0474384851508435,-0.0504647330946383));
#517=CARTESIAN_POINT('',(-0.0556242399430756,0.0474014306794783,-0.0504586274210821));
#518=CARTESIAN_POINT('',(-0.0555882965853202,0.0473652900075647,-0.0504501626495666));
#519=CARTESIAN_POINT('',(-0.0557989298148362,0.0481985066781004,-0.0505532611845095));
#520=CARTESIAN_POINT('',(-0.0557652706768034,0.0481437028744688,-0.0505722609178548));
#521=CARTESIAN_POINT('',(-0.0557294182206695,0.0480888993455084,-0.0505873696100079));
#522=CARTESIAN_POINT('',(-0.0556539565735579,0.0479802521838004,-0.0506095388052871));
#523=CARTESIAN_POINT('',(-0.0556143477627098,0.0479264090957728,-0.0506165991949079));
#524=CARTESIAN_POINT('',(-0.0555320690907465,0.0478206268234933,-0.0506225447817548));
#525=CARTESIAN_POINT('',(-0.0554893996433258,0.0477686881701712,-0.0506214299452302));
#526=CARTESIAN_POINT('',(-0.0554017485525822,0.0476676261662773,-0.050611039777483));
#527=CARTESIAN_POINT('',(-0.0553567673495494,0.0476185033239058,-0.0506017644928541));
#528=CARTESIAN_POINT('',(-0.055265281934112,0.0475239361105464,-0.0505752096360338));
#529=CARTESIAN_POINT('',(-0.0552187781811783,0.0474784922164675,-0.0505579301900264));
#530=CARTESIAN_POINT('',(-0.055171920919956,0.0474352876223144,-0.0505367961605653));
#531=CARTESIAN_POINT('',(-0.0556923964075218,0.0482897590481847,-0.0506138647832977));
#532=CARTESIAN_POINT('',(-0.0556567487662301,0.0482294265349935,-0.0506342834929807));
#533=CARTESIAN_POINT('',(-0.0556184701031876,0.0481690944417318,-0.0506500999151288));
#534=CARTESIAN_POINT('',(-0.0555374513665206,0.0480496838988096,-0.0506721958860923));
#535=CARTESIAN_POINT('',(-0.0554947118652919,0.0479906062810598,-0.0506784752725427));
#536=CARTESIAN_POINT('',(-0.0554056645218571,0.0478749340495577,-0.0506813600140763));
#537=CARTESIAN_POINT('',(-0.055359357306152,0.0478183402440079,-0.0506779653363033));
#538=CARTESIAN_POINT('',(-0.0552641409978033,0.0477088152109213,-0.0506615634476026));
#539=CARTESIAN_POINT('',(-0.055215232573786,0.0476558847525254,-0.0506485563341819));
#540=CARTESIAN_POINT('',(-0.0551158342324804,0.0475547924814693,-0.0506131887599303));
#541=CARTESIAN_POINT('',(-0.0550653450131812,0.0475066313842065,-0.0505908285254267));
#542=CARTESIAN_POINT('',(-0.0550145919238988,0.0474613597280528,-0.0505640176209164));
#543=CARTESIAN_POINT('',(-0.0555174746072746,0.0484313925917166,-0.0507155771648601));
#544=CARTESIAN_POINT('',(-0.0554793955609498,0.0483618696738612,-0.0507379125234692));
#545=CARTESIAN_POINT('',(-0.0554378861909259,0.0482923475916464,-0.0507543955565169));
#546=CARTESIAN_POINT('',(-0.0553491232975934,0.0481551717849088,-0.050775213086386));
#547=CARTESIAN_POINT('',(-0.0553018708440592,0.0480875197094556,-0.0507795473300825));
#548=CARTESIAN_POINT('',(-0.0552028941671257,0.0479559040100004,-0.0507759482159639));
#549=CARTESIAN_POINT('',(-0.0551511711356649,0.047891941969021,-0.0507680148970774));
#550=CARTESIAN_POINT('',(-0.0550446456963771,0.0477694278447374,-0.0507400907212187));
#551=CARTESIAN_POINT('',(-0.0549898445709467,0.0477108772363207,-0.0507201001942394));
#552=CARTESIAN_POINT('',(-0.0548786381050813,0.0476007628642219,-0.0506685952491296));
#553=CARTESIAN_POINT('',(-0.0548222341033935,0.047549200428065,-0.0506370814433446));
#554=CARTESIAN_POINT('',(-0.0547657872323503,0.0475018264547762,-0.0506002272188823));
#555=CARTESIAN_POINT('',(-0.0554497632885165,0.0484842684716607,-0.0507554745545495));
#556=CARTESIAN_POINT('',(-0.0554109412908797,0.0484111616253841,-0.0507784533322277));
#557=CARTESIAN_POINT('',(-0.0553683604330226,0.0483380558182896,-0.0507950763924693));
#558=CARTESIAN_POINT('',(-0.0552769279782516,0.0481939819364352,-0.0508151234414355));
#559=CARTESIAN_POINT('',(-0.0552280776869117,0.0481230159101509,-0.0508185471397224));
#560=CARTESIAN_POINT('',(-0.0551255384909114,0.047985299323167,-0.0508120917856585));
#561=CARTESIAN_POINT('',(-0.0550718510486412,0.0479185507221275,-0.0508022128174109));
#562=CARTESIAN_POINT('',(-0.0549612109265099,0.0477912242897406,-0.0507694368396499));
#563=CARTESIAN_POINT('',(-0.0549042598237026,0.0477306482728355,-0.0507465402865073));
#564=CARTESIAN_POINT('',(-0.0547887612453355,0.0476174430539922,-0.0506883941104125));
#565=CARTESIAN_POINT('',(-0.0547302154160521,0.0475648154690058,-0.0506531453031538));
#566=CARTESIAN_POINT('',(-0.0546717293119299,0.0475169338490459,-0.0506122330067874));
#567=CARTESIAN_POINT('',(-0.0553133761127978,0.0485862750898388,-0.0508369471724321));
#568=CARTESIAN_POINT('',(-0.0552735053101735,0.0485059138739567,-0.0508609765420523));
#569=CARTESIAN_POINT('',(-0.055229179273015,0.0484255542267102,-0.0508776079942158));
#570=CARTESIAN_POINT('',(-0.05513313359063,0.0482675829756522,-0.0508955051290552));
#571=CARTESIAN_POINT('',(-0.0550814158255658,0.0481899744558897,-0.0508967704573993));
#572=CARTESIAN_POINT('',(-0.0549723592323516,0.0480401630094183,-0.0508838886121755));
#573=CARTESIAN_POINT('',(-0.0549150225373688,0.0479679630088911,-0.0508697416830931));
#574=CARTESIAN_POINT('',(-0.0547966927267578,0.0478314419587528,-0.0508265153505116));
#575=CARTESIAN_POINT('',(-0.0547357019248645,0.0477671235781479,-0.0507974367821166));
#576=CARTESIAN_POINT('',(-0.0546121536454004,0.0476485706232254,-0.050725337712747));
#577=CARTESIAN_POINT('',(-0.0545495985835749,0.0475943383701245,-0.050682318609281));
#578=CARTESIAN_POINT('',(-0.0544873319800847,0.0475460785970968,-0.0506330622581763));
#579=CARTESIAN_POINT('',(-0.0552447003511149,0.0486354063170704,-0.0508785223027478));
#580=CARTESIAN_POINT('',(-0.0552045236724976,0.0485513745809611,-0.0509029588753902));
#581=CARTESIAN_POINT('',(-0.0551595239264577,0.0484673447394881,-0.0509194587312227));
#582=CARTESIAN_POINT('',(-0.0550615345464789,0.0483023740559535,-0.0509359765251533));
#583=CARTESIAN_POINT('',(-0.0550085471317054,0.0482214369342886,-0.0509359940822287));
#584=CARTESIAN_POINT('',(-0.0548965356283651,0.04806563143121,-0.050919542113085));
#585=CARTESIAN_POINT('',(-0.0548375140734824,0.0479907665660497,-0.0509030729465354));
#586=CARTESIAN_POINT('',(-0.0547156092010094,0.0478498631931956,-0.0508542482480598));
#587=CARTESIAN_POINT('',(-0.0546527286393266,0.0477838278697083,-0.0508218938036792));
#588=CARTESIAN_POINT('',(-0.0545254226458203,0.0476630180743716,-0.0507424833665538));
#589=CARTESIAN_POINT('',(-0.0544610000917731,0.0476082463387583,-0.0506954291499998));
#590=CARTESIAN_POINT('',(-0.0543969920871172,0.0475601160905915,-0.0506418870498376));
#591=CARTESIAN_POINT('',(-0.0550647584255865,0.048757549981629,-0.0509889754238099));
#592=CARTESIAN_POINT('',(-0.0550244229290147,0.0486638916989415,-0.0510140943195471));
#593=CARTESIAN_POINT('',(-0.0549782611884314,0.0485702363672314,-0.0510298423227097));
#594=CARTESIAN_POINT('',(-0.0548762991225528,0.048386998634251,-0.0510419065207196));
#595=CARTESIAN_POINT('',(-0.0548205020324494,0.0482974220083869,-0.0510382223156931));
#596=CARTESIAN_POINT('',(-0.0547017063529865,0.048126244619192,-0.0510115726521926));
#597=CARTESIAN_POINT('',(-0.0546387115254593,0.0480446492570155,-0.0509886080075139));
#598=CARTESIAN_POINT('',(-0.054508269973954,0.0478929928171378,-0.0509243855993542));
#599=CARTESIAN_POINT('',(-0.0544408273768179,0.0478229365345911,-0.0508831298288642));
#600=CARTESIAN_POINT('',(-0.0543044334234705,0.047697418332219,-0.0507841085966734));
#601=CARTESIAN_POINT('',(-0.0542354863818591,0.0476419603956388,-0.0507263462221941));
#602=CARTESIAN_POINT('',(-0.0541672896324098,0.0475950142804654,-0.0506615800704466));
#603=CARTESIAN_POINT('',(-0.0549526619739685,0.0488272151181656,-0.0510592653796844));
#604=CARTESIAN_POINT('',(-0.054912855186865,0.0487275478154081,-0.051084434729311));
#605=CARTESIAN_POINT('',(-0.0548665586987366,0.0486278843201187,-0.0510993178886676));
#606=CARTESIAN_POINT('',(-0.0547632161192494,0.0484333323816635,-0.0511077896041175));
#607=CARTESIAN_POINT('',(-0.0547061740254581,0.0483384513748729,-0.0511013777952052));
#608=CARTESIAN_POINT('',(-0.0545840894287319,0.0481580202669728,-0.0510675527263979));
#609=CARTESIAN_POINT('',(-0.054519051631039,0.0480724770747954,-0.0510401407097814));
#610=CARTESIAN_POINT('',(-0.0543841066940595,0.0479148341037888,-0.0509656144881428));
#611=CARTESIAN_POINT('',(-0.0543142047456898,0.0478427403819156,-0.0509185030779536));
#612=CARTESIAN_POINT('',(-0.0541728951081187,0.0477154697828445,-0.0508068225759226));
#613=CARTESIAN_POINT('',(-0.0541014928509134,0.04766029782545,-0.050742257701081));
#614=CARTESIAN_POINT('',(-0.0540310556304499,0.0476149186051902,-0.0506705059844302));
#615=CARTESIAN_POINT('',(-0.0546570936403976,0.0489907914313371,-0.0512488776021416));
#616=CARTESIAN_POINT('',(-0.0546205744178789,0.0488755000965976,-0.0512728931517474));
#617=CARTESIAN_POINT('',(-0.0545757396907787,0.0487602155286478,-0.0512842081655474));
#618=CARTESIAN_POINT('',(-0.054472130767758,0.0485364943019619,-0.0512807435827323));
#619=CARTESIAN_POINT('',(-0.0544133627629359,0.0484280707832604,-0.0512659640979063));
#620=CARTESIAN_POINT('',(-0.054285411411333,0.048224530694201,-0.0512111585169664));
#621=CARTESIAN_POINT('',(-0.0542162356660025,0.048129426105939,-0.0511711355293362));
#622=CARTESIAN_POINT('',(-0.0540716083109597,0.0479582007273328,-0.0510681897671285));
#623=CARTESIAN_POINT('',(-0.0539961652690394,0.047882090063538,-0.0510052729192171));
#624=CARTESIAN_POINT('',(-0.0538435138022655,0.0477534129132866,-0.0508602486941327));
#625=CARTESIAN_POINT('',(-0.0537663144115957,0.0477008541072777,-0.050778149719549));
#626=CARTESIAN_POINT('',(-0.0536905400568202,0.0476616546946677,-0.0506888831103223));
#627=CARTESIAN_POINT('',(-0.0544705351170357,0.0490745595010068,-0.0513727196769865));
#628=CARTESIAN_POINT('',(-0.0544379417119165,0.0489495863544436,-0.0513947577592003));
#629=CARTESIAN_POINT('',(-0.054395805482429,0.0488246225519206,-0.0514025708976731));
#630=CARTESIAN_POINT('',(-0.0542953266786693,0.0485830757673586,-0.0513891803136994));
#631=CARTESIAN_POINT('',(-0.054236991894962,0.0484665108663513,-0.0513679773558798));
#632=CARTESIAN_POINT('',(-0.0541080835215386,0.0482496063106184,-0.0512979270692167));
#633=CARTESIAN_POINT('',(-0.0540375197893405,0.0481492829542129,-0.0512490847360551));
#634=CARTESIAN_POINT('',(-0.0538889319816563,0.0479716306047892,-0.0511269878376999));
#635=CARTESIAN_POINT('',(-0.0538109191797413,0.0478943150646734,-0.0510537421862666));
#636=CARTESIAN_POINT('',(-0.0536527029933488,0.0477679218644898,-0.0508877203117781));
#637=CARTESIAN_POINT('',(-0.0535725115582481,0.0477188539297786,-0.0507949563517672));
#638=CARTESIAN_POINT('',(-0.0534939297060252,0.0476855884288591,-0.0506955326394471));
#639=CARTESIAN_POINT('',(-0.0540838315297665,0.0491953541993997,-0.0516395280547374));
#640=CARTESIAN_POINT('',(-0.0540639041226176,0.0490522697934615,-0.0516537410710626));
#641=CARTESIAN_POINT('',(-0.0540318239351572,0.048909201706022,-0.0516507354887193));
#642=CARTESIAN_POINT('',(-0.0539460503143926,0.0486348577860818,-0.0516104931660981));
#643=CARTESIAN_POINT('',(-0.0538923669215599,0.0485036132614499,-0.0515732607956419));
#644=CARTESIAN_POINT('',(-0.0537678644891361,0.0482637744277957,-0.0514675895241139));
#645=CARTESIAN_POINT('',(-0.0536970598524567,0.0481552075469019,-0.0513991624499858));
#646=CARTESIAN_POINT('',(-0.05354419784526,0.047969724201987,-0.0512367069316624));
#647=CARTESIAN_POINT('',(-0.0534621580605996,0.0478928290500031,-0.0511426968152865));
#648=CARTESIAN_POINT('',(-0.0532936292315956,0.0477770921354444,-0.050936804280771));
#649=CARTESIAN_POINT('',(-0.0532071595189235,0.0477382638280091,-0.0508249452048128));
#650=CARTESIAN_POINT('',(-0.05312204739938,0.0477201011998285,-0.0507087607982365));
#651=CARTESIAN_POINT('',(-0.053884748533099,0.04923,-0.0517821839356415));
#652=CARTESIAN_POINT('',(-0.0538737225987303,0.0490786196063026,-0.0517903983203945));
#653=CARTESIAN_POINT('',(-0.0538491671796961,0.0489272599986844,-0.051779941859363));
#654=CARTESIAN_POINT('',(-0.0537752821911519,0.048638210808422,-0.0517225654774427));
#655=CARTESIAN_POINT('',(-0.0537259632035511,0.0485005609420573,-0.0516756530064416));
#656=CARTESIAN_POINT('',(-0.0536070688888034,0.0482514126753638,-0.051549539442657));
#657=CARTESIAN_POINT('',(-0.0535375101923694,0.0481399485878416,-0.0514703552636973));
#658=CARTESIAN_POINT('',(-0.0533844675826416,0.0479532991442473,-0.0512868062156214));
#659=CARTESIAN_POINT('',(-0.0533010048465154,0.0478781396280488,-0.0511824662371861));
#660=CARTESIAN_POINT('',(-0.0531277251323194,0.0477709587038773,-0.0509580129549079));
#661=CARTESIAN_POINT('',(-0.0530379319777505,0.0477389523436587,-0.0508379303141381));
#662=CARTESIAN_POINT('',(-0.0529490257353732,0.04773,-0.0507153931337547));
#663=CARTESIAN_POINT('',(-0.0536894955834977,0.04923,-0.0519276485102134));
#664=CARTESIAN_POINT('',(-0.0536894955834977,0.0490729203673205,-0.0519276485102134));
#665=CARTESIAN_POINT('',(-0.0536746344492193,0.0489158661166747,-0.0519077008335311));
#666=CARTESIAN_POINT('',(-0.0536166352515534,0.0486170829002005,-0.0518298501647199));
#667=CARTESIAN_POINT('',(-0.0535735065600849,0.0484754022138692,-0.0517719597522504));
#668=CARTESIAN_POINT('',(-0.0534631855303248,0.0482212420292534,-0.0516238789805086));
#669=CARTESIAN_POINT('',(-0.0533960110184824,0.0481088035999621,-0.0515337125491706));
#670=CARTESIAN_POINT('',(-0.0532441671476728,0.0479241454169131,-0.0513298968521757));
#671=CARTESIAN_POINT('',(-0.053159522324708,0.0478519555015254,-0.0512162805204951));
#672=CARTESIAN_POINT('',(-0.0529810191488823,0.0477548749495891,-0.0509766807987365));
#673=CARTESIAN_POINT('',(-0.052887189639822,0.04773,-0.0508507361248696));
#674=CARTESIAN_POINT('',(-0.0527933449666784,0.04773,-0.050724771096686));
#675=EDGE_LOOP('',(#1458,#1459,#1460,#1461));
#676=CARTESIAN_POINT('',(-0.0805321446734846,0.0471300000000002,-0.0813140300771561));
#677=CARTESIAN_POINT('',(-0.0805321446734846,0.0471300000000002,-0.0813140300771561));
#678=CARTESIAN_POINT('',(-0.0805321446734847,0.0471300000000003,-0.0813140300771561));
#679=CARTESIAN_POINT('',(-0.0805321446734847,0.0471300000000003,-0.081314030077156));
#680=CARTESIAN_POINT('',(-0.0805321446734847,0.0471300000000004,-0.081314030077156));
#681=CARTESIAN_POINT('',(-0.0805321446734848,0.0471300000000005,-0.081314030077156));
#682=CARTESIAN_POINT('',(-0.0805321446734848,0.0471300000000005,-0.0813140300771559));
#683=CARTESIAN_POINT('',(-0.0805321446734848,0.0471300000000006,-0.0813140300771559));
#684=CARTESIAN_POINT('',(-0.0805321446734849,0.0471300000000006,-0.0813140300771559));
#685=CARTESIAN_POINT('',(-0.0805321446734849,0.0471300000000007,-0.0813140300771558));
#686=CARTESIAN_POINT('',(-0.0805321446734849,0.0471300000000007,-0.0813140300771558));
#687=CARTESIAN_POINT('',(-0.0805321446734849,0.0471300000000007,-0.0813140300771558));
#688=CARTESIAN_POINT('',(-0.080530141973074,0.0471305012860946,-0.081316264728967));
#689=CARTESIAN_POINT('',(-0.0805301885475021,0.047130584833777,-0.0813162127603202));
#690=CARTESIAN_POINT('',(-0.0805302351219303,0.0471306683814594,-0.0813161607916734));
#691=CARTESIAN_POINT('',(-0.0805303282707867,0.0471308354768243,-0.0813160568543798));
#692=CARTESIAN_POINT('',(-0.0805303748452149,0.0471309190245067,-0.081316004885733));
#693=CARTESIAN_POINT('',(-0.0805304679940712,0.0471310861198715,-0.0813159009484395));
#694=CARTESIAN_POINT('',(-0.0805305145684994,0.047131169667554,-0.0813158489797927));
#695=CARTESIAN_POINT('',(-0.0805306077173557,0.0471313367629188,-0.0813157450424991));
#696=CARTESIAN_POINT('',(-0.0805306542917839,0.0471314203106013,-0.0813156930738523));
#697=CARTESIAN_POINT('',(-0.0805307474406402,0.0471315874059661,-0.0813155891365587));
#698=CARTESIAN_POINT('',(-0.0805307940150684,0.0471316709536485,-0.081315537167912));
#699=CARTESIAN_POINT('',(-0.0805308405894966,0.047131754501331,-0.0813154851992652));
#700=CARTESIAN_POINT('',(-0.0805281408148078,0.047131002572618,-0.0813185007662984));
#701=CARTESIAN_POINT('',(-0.0805282337141915,0.0471311696680543,-0.0813183966053467));
#702=CARTESIAN_POINT('',(-0.0805283266400498,0.0471313367634907,-0.0813182924681215));
#703=CARTESIAN_POINT('',(-0.0805285125447151,0.0471316709543633,-0.0813180842411242));
#704=CARTESIAN_POINT('',(-0.0805286055235223,0.0471318380497997,-0.081317980151352));
#705=CARTESIAN_POINT('',(-0.0805287915340854,0.0471321722406723,-0.0813177720192605));
#706=CARTESIAN_POINT('',(-0.0805288845658415,0.0471323393361087,-0.0813176679769412));
#707=CARTESIAN_POINT('',(-0.0805290706823023,0.0471326735269813,-0.0813174599397555));
#708=CARTESIAN_POINT('',(-0.0805291637670072,0.0471328406224177,-0.0813173559448891));
#709=CARTESIAN_POINT('',(-0.0805293499893657,0.0471331748132903,-0.0813171480026091));
#710=CARTESIAN_POINT('',(-0.0805294431270193,0.0471333419087267,-0.0813170440551955));
#711=CARTESIAN_POINT('',(-0.0805295362911473,0.047133509004163,-0.0813169401315083));
#712=CARTESIAN_POINT('',(-0.080336906408625,0.047178943468145,-0.081532477950747));
#713=CARTESIAN_POINT('',(-0.0803414056876156,0.0471871006276199,-0.0815273610438729));
#714=CARTESIAN_POINT('',(-0.0803459100690797,0.0471952578126595,-0.0815222486851885));
#715=CARTESIAN_POINT('',(-0.0803549290312903,0.0472115722236424,-0.0815120330705924));
#716=CARTESIAN_POINT('',(-0.080359443612037,0.0472197294495857,-0.0815069298146806));
#717=CARTESIAN_POINT('',(-0.0803684829671401,0.04723604393215,-0.0814967324120153));
#718=CARTESIAN_POINT('',(-0.0803730077414966,0.0472442011887711,-0.0814916382652616));
#719=CARTESIAN_POINT('',(-0.0803820674781381,0.0472605157224651,-0.0814814590872903));
#720=CARTESIAN_POINT('',(-0.080386602440423,0.047268672999538,-0.0814763740560727));
#721=CARTESIAN_POINT('',(-0.0803956825472312,0.0472849875639098,-0.0814662131155434));
#722=CARTESIAN_POINT('',(-0.0804002276917544,0.0472931448512087,-0.0814611372062318));
#723=CARTESIAN_POINT('',(-0.0804047779245475,0.0473013021385076,-0.0814560658610545));
#724=CARTESIAN_POINT('',(-0.0801599307632776,0.0472268795573372,-0.0817590325965063));
#725=CARTESIAN_POINT('',(-0.0801665188437159,0.0472430167002643,-0.0817468656447214));
#726=CARTESIAN_POINT('',(-0.0801733718242648,0.0472591576375589,-0.0817349273781732));
#727=CARTESIAN_POINT('',(-0.0801875979015207,0.0472914441245502,-0.0817115043043099));
#728=CARTESIAN_POINT('',(-0.0801949709996154,0.047307589681888,-0.0817000194900864));
#729=CARTESIAN_POINT('',(-0.0802102296838146,0.0473398834054181,-0.0816775004163417));
#730=CARTESIAN_POINT('',(-0.0802181152721029,0.0473560315794736,-0.0816664661504377));
#731=CARTESIAN_POINT('',(-0.0802343933096668,0.0473883292581596,-0.0816448464898459));
#732=CARTESIAN_POINT('',(-0.0802427857619016,0.0474044787708128,-0.0816342610893497));
#733=CARTESIAN_POINT('',(-0.0802600738242346,0.0474367783351501,-0.0816135388801873));
#734=CARTESIAN_POINT('',(-0.0802689694380415,0.047452928394953,-0.0816034020663323));
#735=CARTESIAN_POINT('',(-0.0802781156911043,0.0474690784506804,-0.0815934901933135));
#736=CARTESIAN_POINT('',(-0.0798445084962745,0.0473200377330615,-0.0822203422590572));
#737=CARTESIAN_POINT('',(-0.0798496765534683,0.047350156334658,-0.0821922472696827));
#738=CARTESIAN_POINT('',(-0.0798561848578951,0.0473807373659106,-0.0821649279493416));
#739=CARTESIAN_POINT('',(-0.0798718395829454,0.0474426452157032,-0.082111997521117));
#740=CARTESIAN_POINT('',(-0.0798809859946129,0.0474739720027454,-0.08208638643948));
#741=CARTESIAN_POINT('',(-0.0799018601793563,0.0475371883479485,-0.0820370199723212));
#742=CARTESIAN_POINT('',(-0.0799135879410967,0.0475690778740563,-0.0820132646113887));
#743=CARTESIAN_POINT('',(-0.0799395540122982,0.0476332337525251,-0.0819677468599797));
#744=CARTESIAN_POINT('',(-0.0799537923081008,0.0476655000724345,-0.0819459844923155));
#745=CARTESIAN_POINT('',(-0.0799846949499793,0.0477302216331334,-0.0819045790809815));
#746=CARTESIAN_POINT('',(-0.0800013592801408,0.0477626768412314,-0.0818849360582355));
#747=CARTESIAN_POINT('',(-0.0800191877667689,0.0477951320657152,-0.0818664100856189));
#748=CARTESIAN_POINT('',(-0.0797053668072423,0.0473652900075648,-0.0824545958002246));
#749=CARTESIAN_POINT('',(-0.0797071372787105,0.0474014306794784,-0.0824177116199528));
#750=CARTESIAN_POINT('',(-0.0797110506486216,0.0474384851508435,-0.0823819129665935));
#751=CARTESIAN_POINT('',(-0.0797231011414873,0.0475140691702545,-0.082312811226033));
#752=CARTESIAN_POINT('',(-0.0797312382303112,0.0475525986430784,-0.0822795081949353));
#753=CARTESIAN_POINT('',(-0.0797516399151806,0.0476307713610915,-0.0822157003404316));
#754=CARTESIAN_POINT('',(-0.0797639044745869,0.047670414533167,-0.0821851955700446));
#755=CARTESIAN_POINT('',(-0.0797924317782756,0.0477504469420785,-0.0821272632536663));
#756=CARTESIAN_POINT('',(-0.0798086944836675,0.0477908361073939,-0.0820998357581786));
#757=CARTESIAN_POINT('',(-0.0798450568142468,0.0478719885592859,-0.0820483118327791));
#758=CARTESIAN_POINT('',(-0.0798651563983767,0.047912751775333,-0.0820242154513195));
#759=CARTESIAN_POINT('',(-0.0798870784381916,0.0479535150264768,-0.0820018981941605));
#760=CARTESIAN_POINT('',(-0.0795073206441071,0.0474352876223144,-0.0828309623465632));
#761=CARTESIAN_POINT('',(-0.0794999209226895,0.0474784922164675,-0.0827800949281752));
#762=CARTESIAN_POINT('',(-0.0794961290246097,0.0475239361105464,-0.0827306297909551));
#763=CARTESIAN_POINT('',(-0.0794958196559143,0.0476185033239059,-0.0826353688548401));
#764=CARTESIAN_POINT('',(-0.079499302179947,0.0476676261662774,-0.0825895735323979));
#765=CARTESIAN_POINT('',(-0.0795134744245643,0.0477686881701712,-0.0825024539778945));
#766=CARTESIAN_POINT('',(-0.0795241640685772,0.0478206268234934,-0.0824611301819103));
#767=CARTESIAN_POINT('',(-0.079552558409053,0.0479264090957729,-0.0823836776719966));
#768=CARTESIAN_POINT('',(-0.0795702629590432,0.0479802521838005,-0.0823475493464327));
#769=CARTESIAN_POINT('',(-0.0796123734061703,0.0480888993455086,-0.0822811216139192));
#770=CARTESIAN_POINT('',(-0.079636779089421,0.048143702874469,-0.0822508225410874));
#771=CARTESIAN_POINT('',(-0.0796643205211253,0.0481985066781006,-0.0822237043372386));
#772=CARTESIAN_POINT('',(-0.0794377879484976,0.0474613597280528,-0.0829746934327807));
#773=CARTESIAN_POINT('',(-0.0794260051002877,0.0475066313842065,-0.0829185163452768));
#774=CARTESIAN_POINT('',(-0.0794184277782521,0.0475547924814693,-0.0828638196767926));
#775=CARTESIAN_POINT('',(-0.0794118281798158,0.0476558847525255,-0.0827585232340073));
#776=CARTESIAN_POINT('',(-0.079412805928583,0.0477088152109214,-0.0827079241930407));
#777=CARTESIAN_POINT('',(-0.0794232845926979,0.047818340244008,-0.0826118754297646));
#778=CARTESIAN_POINT('',(-0.0794327854174769,0.0478749340495578,-0.0825664263770565));
#779=CARTESIAN_POINT('',(-0.0794601031833027,0.0479906062810599,-0.0824816237192161));
#780=CARTESIAN_POINT('',(-0.0794779199200791,0.0480496838988096,-0.0824422707072587));
#781=CARTESIAN_POINT('',(-0.0795214917209475,0.0481690944417319,-0.082370480974058));
#782=CARTESIAN_POINT('',(-0.0795472464711904,0.0482294265349936,-0.0823380447582829));
#783=CARTESIAN_POINT('',(-0.0795767000162759,0.0482897590481848,-0.0823094062053048));
#784=CARTESIAN_POINT('',(-0.0793344011816543,0.0475018264547762,-0.0832038791346976));
#785=CARTESIAN_POINT('',(-0.0793145334936237,0.047549200428065,-0.0831394605187266));
#786=CARTESIAN_POINT('',(-0.0792997875291121,0.047600762864222,-0.0830765551303082));
#787=CARTESIAN_POINT('',(-0.0792809304544275,0.0477108772363208,-0.0829554599274496));
#788=CARTESIAN_POINT('',(-0.0792768195638701,0.0477694278447375,-0.0828972715686811));
#789=CARTESIAN_POINT('',(-0.079279339513639,0.0478919419690211,-0.0827871757982536));
#790=CARTESIAN_POINT('',(-0.0792859703176985,0.0479559040100004,-0.0827352697102718));
#791=CARTESIAN_POINT('',(-0.0793097922966745,0.0480875197094556,-0.0826391351716454));
#792=CARTESIAN_POINT('',(-0.0793269831804688,0.0481551717849088,-0.0825949078774958));
#793=CARTESIAN_POINT('',(-0.0793714606437488,0.0482923475916465,-0.0825153215970024));
#794=CARTESIAN_POINT('',(-0.0793987466850455,0.0483618696738613,-0.0824799635692209));
#795=CARTESIAN_POINT('',(-0.0794307128173824,0.0484313925917167,-0.0824495160997593));
#796=CARTESIAN_POINT('',(-0.0792969346011333,0.0475169338490459,-0.0832909841671646));
#797=CARTESIAN_POINT('',(-0.0792737281328357,0.0475648154690058,-0.0832234867583364));
#798=CARTESIAN_POINT('',(-0.0792559822221682,0.0476174430539923,-0.0831574930071608));
#799=CARTESIAN_POINT('',(-0.0792319242530646,0.0477306482728355,-0.0830304413896115));
#800=CARTESIAN_POINT('',(-0.0792256125249483,0.0477912242897407,-0.0829693853305759));
#801=CARTESIAN_POINT('',(-0.0792246027836913,0.0479185507221275,-0.0828539969352927));
#802=CARTESIAN_POINT('',(-0.0792299047745474,0.0479852993231671,-0.0827996662407996));
#803=CARTESIAN_POINT('',(-0.0792519631228052,0.0481230159101509,-0.0826993199026271));
#804=CARTESIAN_POINT('',(-0.0792687191579627,0.0481939819364352,-0.0826533056878696));
#805=CARTESIAN_POINT('',(-0.0793131918183194,0.0483380558182897,-0.0825709408869015));
#806=CARTESIAN_POINT('',(-0.0793409078044671,0.0484111616253842,-0.0825345914756339));
#807=CARTESIAN_POINT('',(-0.0793736972160447,0.0484842684716607,-0.0825036071858649));
#808=CARTESIAN_POINT('',(-0.0792260854466486,0.0475460785970968,-0.083462496939324));
#809=CARTESIAN_POINT('',(-0.0791959002049917,0.0475943383701245,-0.0833890655480771));
#810=CARTESIAN_POINT('',(-0.0791717901004708,0.0476485706232254,-0.0833170760913282));
#811=CARTESIAN_POINT('',(-0.0791365385478402,0.0477671235781479,-0.0831784406658423));
#812=CARTESIAN_POINT('',(-0.0791253977772324,0.0478314419587529,-0.0831117974044744));
#813=CARTESIAN_POINT('',(-0.079116462075577,0.0479679630088911,-0.082986136698032));
#814=CARTESIAN_POINT('',(-0.0791186673095313,0.0480401630094183,-0.0829271217072481));
#815=CARTESIAN_POINT('',(-0.0791363445561326,0.0481899744558898,-0.0828187390637463));
#816=CARTESIAN_POINT('',(-0.0791518162158137,0.0482675829756523,-0.0827693735289495));
#817=CARTESIAN_POINT('',(-0.079195493823932,0.0484255542267103,-0.0826819816123364));
#818=CARTESIAN_POINT('',(-0.0792236989135209,0.0485059138739568,-0.0826439569401809));
#819=CARTESIAN_POINT('',(-0.0792577873087239,0.0485862750898389,-0.0826122540567359));
#820=CARTESIAN_POINT('',(-0.0791927014632276,0.0475601160905916,-0.0835469047758098));
#821=CARTESIAN_POINT('',(-0.079158876490376,0.0476082463387583,-0.0834706181297869));
#822=CARTESIAN_POINT('',(-0.0791314023368229,0.0476630180743716,-0.0833957212963959));
#823=CARTESIAN_POINT('',(-0.0790901584127862,0.0477838278697083,-0.0832514584382614));
#824=CARTESIAN_POINT('',(-0.0790763895564644,0.0478498631931957,-0.0831820956693986));
#825=CARTESIAN_POINT('',(-0.0790630577807136,0.0479907665660498,-0.0830514552741557));
#826=CARTESIAN_POINT('',(-0.0790634951470696,0.0480656314312101,-0.082990180596692));
#827=CARTESIAN_POINT('',(-0.0790785550539107,0.0482214369342887,-0.0828779734517537));
#828=CARTESIAN_POINT('',(-0.0790931772417546,0.0483023740559536,-0.082827043518951));
#829=CARTESIAN_POINT('',(-0.079136064697957,0.0484673447394882,-0.0827374030024116));
#830=CARTESIAN_POINT('',(-0.0791643289883681,0.0485513745809612,-0.0826986944468495));
#831=CARTESIAN_POINT('',(-0.0791988931230888,0.0486354063170705,-0.082666809776893));
#832=CARTESIAN_POINT('',(-0.0791104567395987,0.0475950142804654,-0.0837622808148542));
#833=CARTESIAN_POINT('',(-0.079066997090424,0.0476419603956388,-0.083678873921007));
#834=CARTESIAN_POINT('',(-0.0790304767126117,0.047697418332219,-0.0835966763026904));
#835=CARTESIAN_POINT('',(-0.0789728866636722,0.0478229365345911,-0.0834382720691692));
#836=CARTESIAN_POINT('',(-0.0789518187709077,0.0478929928171378,-0.0833620704523776));
#837=CARTESIAN_POINT('',(-0.0789260387942685,0.0480446492570155,-0.0832189798905874));
#838=CARTESIAN_POINT('',(-0.0789213274886677,0.048126244619192,-0.0831520954619068));
#839=CARTESIAN_POINT('',(-0.0789284547149047,0.0482974220083869,-0.0830305560828155));
#840=CARTESIAN_POINT('',(-0.0789402929921112,0.0483869986342511,-0.0829759049728225));
#841=CARTESIAN_POINT('',(-0.0789799943977827,0.0485702363672314,-0.0828812180880941));
#842=CARTESIAN_POINT('',(-0.0790078562501247,0.0486638916989415,-0.0828411853130047));
#843=CARTESIAN_POINT('',(-0.0790431200520618,0.048757549981629,-0.0828093360511657));
#844=CARTESIAN_POINT('',(-0.0790643254203123,0.0476149186051902,-0.083890777027294));
#845=CARTESIAN_POINT('',(-0.0790147683726778,0.04766029782545,-0.0838032909718411));
#846=CARTESIAN_POINT('',(-0.0789723857609649,0.0477154697828445,-0.0837168582256061));
#847=CARTESIAN_POINT('',(-0.0789039817870309,0.0478427403819156,-0.083550239365466));
#848=CARTESIAN_POINT('',(-0.0788779629811895,0.0479148341037888,-0.0834700596354933));
#849=CARTESIAN_POINT('',(-0.0788435196445952,0.0480724770747954,-0.0833198000258426));
#850=CARTESIAN_POINT('',(-0.0788350963695975,0.0481580202669728,-0.0832497259063545));
#851=CARTESIAN_POINT('',(-0.0788362327020183,0.0483384513748729,-0.0831230472073311));
#852=CARTESIAN_POINT('',(-0.078845792207612,0.0484333323816635,-0.0830664474934588));
#853=CARTESIAN_POINT('',(-0.0788824208185261,0.0486278843201187,-0.0829694433514842));
#854=CARTESIAN_POINT('',(-0.0789094884711014,0.0487275478154081,-0.0829290426654811));
#855=CARTESIAN_POINT('',(-0.07894465504035,0.0488272151181657,-0.0828977155387788));
#856=CARTESIAN_POINT('',(-0.078952801380781,0.0476616546946677,-0.0842130361827063));
#857=CARTESIAN_POINT('',(-0.0788878790513941,0.0477008541072777,-0.0841155919857961));
#858=CARTESIAN_POINT('',(-0.0788302394877659,0.0477534129132866,-0.0840187536243259));
#859=CARTESIAN_POINT('',(-0.0787329097018723,0.047882090063538,-0.0838320415225557));
#860=CARTESIAN_POINT('',(-0.0786932250665356,0.0479582007273328,-0.083742178782538));
#861=CARTESIAN_POINT('',(-0.078634131950289,0.048129426105939,-0.0835747783482629));
#862=CARTESIAN_POINT('',(-0.0786147268048526,0.048224530694201,-0.0834972505235065));
#863=CARTESIAN_POINT('',(-0.0785973124714005,0.0484280707832604,-0.0833591493248528));
#864=CARTESIAN_POINT('',(-0.0785993041762073,0.0485364943019619,-0.0832985841147528));
#865=CARTESIAN_POINT('',(-0.0786245322950353,0.0487602155286479,-0.0831980338572494));
#866=CARTESIAN_POINT('',(-0.0786477671100169,0.0488755000965976,-0.083158054791925));
#867=CARTESIAN_POINT('',(-0.0786809183998914,0.0489907914313371,-0.0831295698447442));
#868=CARTESIAN_POINT('',(-0.078892216285918,0.0476855884288591,-0.084400197323325));
#869=CARTESIAN_POINT('',(-0.0788183041735586,0.0477188539297786,-0.0842972547096178));
#870=CARTESIAN_POINT('',(-0.0787512374871668,0.0477679218644898,-0.0841946005420607));
#871=CARTESIAN_POINT('',(-0.0786352573097979,0.0478943150646735,-0.0839967515519123));
#872=CARTESIAN_POINT('',(-0.0785863523131207,0.0479716306047892,-0.0839015715959525));
#873=CARTESIAN_POINT('',(-0.0785099415919557,0.0481492829542129,-0.0837250853617262));
#874=CARTESIAN_POINT('',(-0.0784824413285068,0.0482496063106184,-0.0836437923772771));
#875=CARTESIAN_POINT('',(-0.0784506366343413,0.0484665108663513,-0.0835005692198294));
#876=CARTESIAN_POINT('',(-0.0784463342886819,0.0485830757673586,-0.0834386498994818));
#877=CARTESIAN_POINT('',(-0.0784611581450057,0.0488246225519206,-0.0833383725290145));
#878=CARTESIAN_POINT('',(-0.0784802829346247,0.0489495863544436,-0.0833000221784263));
#879=CARTESIAN_POINT('',(-0.0785104512589128,0.0490745595010068,-0.0832747659052537));
#880=CARTESIAN_POINT('',(-0.0787769959078871,0.0477201011998285,-0.0847540273653892));
#881=CARTESIAN_POINT('',(-0.0786887723677589,0.0477382638280091,-0.084640187582396));
#882=CARTESIAN_POINT('',(-0.0786050808056565,0.0477770921354444,-0.0845262350198243));
#883=CARTESIAN_POINT('',(-0.0784536170395526,0.0478928290500031,-0.0843074830380451));
#884=CARTESIAN_POINT('',(-0.0783858619449654,0.047969724201987,-0.0842027086356101));
#885=CARTESIAN_POINT('',(-0.0782718341573759,0.0481552075469019,-0.0840109894338192));
#886=CARTESIAN_POINT('',(-0.0782255742348853,0.0482637744277957,-0.0839240665909055));
#887=CARTESIAN_POINT('',(-0.0781583140104705,0.0485036132614499,-0.0837752602216955));
#888=CARTESIAN_POINT('',(-0.0781373211073536,0.0486348577860818,-0.0837133938003141));
#889=CARTESIAN_POINT('',(-0.0781222801180887,0.048909201706022,-0.0836198506167519));
#890=CARTESIAN_POINT('',(-0.0781282334649537,0.0490522697934615,-0.0835881847105779));
#891=CARTESIAN_POINT('',(-0.0781473886309457,0.0491953541993997,-0.0835729468956243));
#892=CARTESIAN_POINT('',(-0.078722929263833,0.04773,-0.0849185183441413));
#893=CARTESIAN_POINT('',(-0.0786296448475666,0.0477389523436586,-0.084799280354424));
#894=CARTESIAN_POINT('',(-0.0785389643523433,0.0477709587038773,-0.0846798663727982));
#895=CARTESIAN_POINT('',(-0.0783709683717994,0.0478781396280488,-0.0844514315116268));
#896=CARTESIAN_POINT('',(-0.0782936757950696,0.0479532991442473,-0.0843424419845886));
#897=CARTESIAN_POINT('',(-0.078159421386101,0.0481399485878416,-0.0841447350117365));
#898=CARTESIAN_POINT('',(-0.0781024776431019,0.0482514126753638,-0.0840560447835241));
#899=CARTESIAN_POINT('',(-0.0780140212194362,0.0485005609420573,-0.083906994623638));
#900=CARTESIAN_POINT('',(-0.0779825202133349,0.048638210808422,-0.0838466553405133));
#901=CARTESIAN_POINT('',(-0.0779477319580203,0.0489272599986844,-0.0837598174569221));
#902=CARTESIAN_POINT('',(-0.0779444489533292,0.0490786196063026,-0.0837333310819068));
#903=CARTESIAN_POINT('',(-0.0779553842861428,0.04923,-0.0837249964648293));
#904=CARTESIAN_POINT('',(-0.0786710031518466,0.04773,-0.0850655833869765));
#905=CARTESIAN_POINT('',(-0.0785757848927888,0.04773,-0.0849406534300217));
#906=CARTESIAN_POINT('',(-0.078480582019768,0.0477548749495891,-0.0848157436601295));
#907=CARTESIAN_POINT('',(-0.0782994661282736,0.0478519555015254,-0.0845781127608449));
#908=CARTESIAN_POINT('',(-0.0782135823757816,0.0479241454169131,-0.0844654300295272));
#909=CARTESIAN_POINT('',(-0.0780595159962764,0.0481088035999621,-0.0842632891129614));
#910=CARTESIAN_POINT('',(-0.0779913582643943,0.0482212420292534,-0.0841738635910664));
#911=CARTESIAN_POINT('',(-0.077879422487548,0.0484754022138692,-0.0840269996185313));
#912=CARTESIAN_POINT('',(-0.0778356625299552,0.0486170829002005,-0.0839695848992064));
#913=CARTESIAN_POINT('',(-0.0777768144095079,0.0489158661166747,-0.0838923739395953));
#914=CARTESIAN_POINT('',(-0.0777617357557473,0.0490729203673205,-0.0838725901755999));
#915=CARTESIAN_POINT('',(-0.0777617357557473,0.04923,-0.0838725901755999));
#916=EDGE_LOOP('',(#1462,#1463,#1464,#1465,#1466));
#917=AXIS2_PLACEMENT_3D('',#1467,#1468,#1469);
#918=EDGE_LOOP('',(#1470,#1471,#1472,#1473,#1474));
#919=AXIS2_PLACEMENT_3D('',#1475,#1476,#1477);
#920=EDGE_LOOP('',(#1478,#1479,#1480));
#921=AXIS2_PLACEMENT_3D('',#1481,#1482,#1483);
#922=EDGE_LOOP('',(#1484,#1485,#1486,#1487,#1488));
#923=AXIS2_PLACEMENT_3D('',#1489,#1490,#1491);
#924=EDGE_LOOP('',(#1492,#1493,#1494,#1495,#1496));
#925=AXIS2_PLACEMENT_3D('',#1497,#1498,#1499);
#926=EDGE_LOOP('',(#1500,#1501,#1502,#1503));
#927=AXIS2_PLACEMENT_3D('',#1504,#1505,#1506);
#928=EDGE_LOOP('',(#1507,#1508,#1509,#1510));
#929=AXIS2_PLACEMENT_3D('',#1511,#1512,#1513);
#930=EDGE_LOOP('',(#1514,#1515,#1516,#1517,#1518));
#931=AXIS2_PLACEMENT_3D('',#1519,#1520,#1521);
#932=EDGE_LOOP('',(#1522,#1523,#1524,#1525,#1526));
#933=AXIS2_PLACEMENT_3D('',#1527,#1528,#1529);
#934=EDGE_LOOP('',(#1530,#1531,#1532,#1533));
#935=AXIS2_PLACEMENT_3D('',#1534,#1535,#1536);
#936=EDGE_LOOP('',(#1537,#1538,#1539,#1540));
#937=AXIS2_PLACEMENT_3D('',#1541,#1542,#1543);
#938=EDGE_LOOP('',(#1544,#1545,#1546,#1547,#1548,#1549,#1550,#1551,#1552,#1553,#1554,#1555));
#939=AXIS2_PLACEMENT_3D('',#1556,#1557,#1558);
#940=EDGE_LOOP('',(#1559,#1560,#1561,#1562));
#941=AXIS2_PLACEMENT_3D('',#1563,#1564,#1565);
#942=EDGE_LOOP('',(#1566,#1567,#1568,#1569));
#943=AXIS2_PLACEMENT_3D('',#1570,#1571,#1572);
#944=EDGE_LOOP('',(#1573,#1574,#1575,#1576));
#945=AXIS2_PLACEMENT_3D('',#1577,#1578,#1579);
#946=EDGE_LOOP('',(#1580,#1581,#1582,#1583,#1584));
#947=AXIS2_PLACEMENT_3D('',#1585,#1586,#1587);
#948=EDGE_LOOP('',(#1588,#1589,#1590,#1591));
#949=AXIS2_PLACEMENT_3D('',#1592,#1593,#1594);
#950=FILL_AREA_STYLE_COLOUR('',#1595);
#951=ORIENTED_EDGE('',*,*,#1596,.F.);
#952=ORIENTED_EDGE('',*,*,#1597,.T.);
#953=ORIENTED_EDGE('',*,*,#1598,.T.);
#954=ORIENTED_EDGE('',*,*,#1599,.F.);
#955=CARTESIAN_POINT('',(-0.0655968728560442,0.04713,-0.0691952009223697));
#956=DIRECTION('',(-0.601815023152048,0.0,-0.798635510047293));
#957=DIRECTION('',(-0.564720584850819,0.707106781186546,0.425547483890753));
#958=ORIENTED_EDGE('',*,*,#1600,.F.);
#959=ORIENTED_EDGE('',*,*,#1601,.F.);
#960=ORIENTED_EDGE('',*,*,#1602,.T.);
#961=ORIENTED_EDGE('',*,*,#1603,.T.);
#962=CARTESIAN_POINT('',(-0.0655968728560442,0.04713,-0.0691952009223697));
#963=DIRECTION('',(-0.601815023152048,0.0,-0.798635510047293));
#964=DIRECTION('',(-0.564720584850819,0.707106781186546,0.425547483890753));
#965=ORIENTED_EDGE('',*,*,#1604,.F.);
#966=ORIENTED_EDGE('',*,*,#1605,.T.);
#967=ORIENTED_EDGE('',*,*,#1601,.T.);
#968=ORIENTED_EDGE('',*,*,#1606,.T.);
#969=ORIENTED_EDGE('',*,*,#1607,.T.);
#970=CARTESIAN_POINT('',(-0.054343732913407,0.04713,-0.0449565950442372));
#971=DIRECTION('',(2.60000542492277E-33,-1.0,8.47409175530384E-33));
#972=DIRECTION('',(0.99026806874157,3.75406797826164E-33,0.139173100960065));
#973=ORIENTED_EDGE('',*,*,#1608,.F.);
#974=ORIENTED_EDGE('',*,*,#1609,.T.);
#975=ORIENTED_EDGE('',*,*,#1610,.T.);
#976=ORIENTED_EDGE('',*,*,#1611,.T.);
#977=CARTESIAN_POINT('',(-0.0656381704744225,0.04713,-0.0679660140239117));
#978=DIRECTION('',(2.60000542492277E-33,-1.0,8.47409175530384E-33));
#979=DIRECTION('',(0.99026806874157,3.75406797826164E-33,0.139173100960065));
#980=ORIENTED_EDGE('',*,*,#1612,.F.);
#981=ORIENTED_EDGE('',*,*,#1613,.T.);
#982=ORIENTED_EDGE('',*,*,#1602,.F.);
#983=ORIENTED_EDGE('',*,*,#1614,.F.);
#984=CARTESIAN_POINT('',(-0.0667149625701104,0.04713,-0.0683526598899568));
#985=DIRECTION('',(0.601815023152048,-4.13590306276514E-17,0.798635510047293));
#986=DIRECTION('',(0.564720584850813,-0.707106781186554,-0.425547483890749));
#987=ORIENTED_EDGE('',*,*,#1615,.F.);
#988=ORIENTED_EDGE('',*,*,#1616,.T.);
#989=ORIENTED_EDGE('',*,*,#1617,.T.);
#990=ORIENTED_EDGE('',*,*,#1618,.F.);
#991=CARTESIAN_POINT('',(-0.0667149625701104,0.04713,-0.0683526598899568));
#992=DIRECTION('',(-0.601815023152048,4.13590306276514E-17,-0.798635510047293));
#993=DIRECTION('',(0.564720584850813,-0.707106781186554,-0.425547483890749));
#994=ORIENTED_EDGE('',*,*,#1619,.F.);
#995=ORIENTED_EDGE('',*,*,#1620,.F.);
#996=ORIENTED_EDGE('',*,*,#1621,.F.);
#997=ORIENTED_EDGE('',*,*,#1622,.T.);
#998=CARTESIAN_POINT('',(-0.054343732913407,0.04713,-0.0449565950442372));
#999=DIRECTION('',(2.60000542492277E-33,-1.0,8.47409175530384E-33));
#1000=DIRECTION('',(0.99026806874157,3.75406797826163E-33,0.139173100960065));
#1001=ORIENTED_EDGE('',*,*,#1623,.F.);
#1002=ORIENTED_EDGE('',*,*,#1624,.T.);
#1003=ORIENTED_EDGE('',*,*,#1621,.T.);
#1004=ORIENTED_EDGE('',*,*,#1625,.F.);
#1005=CARTESIAN_POINT('',(-0.0656381704744225,0.04713,-0.0679660140239117));
#1006=DIRECTION('',(2.60000542492277E-33,-1.0,8.47409175530384E-33));
#1007=DIRECTION('',(0.99026806874157,3.75406797826164E-33,0.139173100960065));
#1008=ORIENTED_EDGE('',*,*,#1626,.F.);
#1009=ORIENTED_EDGE('',*,*,#1627,.T.);
#1010=ORIENTED_EDGE('',*,*,#1628,.T.);
#1011=ORIENTED_EDGE('',*,*,#1629,.F.);
#1012=ORIENTED_EDGE('',*,*,#1630,.T.);
#1013=CARTESIAN_POINT('',(-0.0656381704744225,0.04713,-0.0679660140239116));
#1014=DIRECTION('',(-2.60000542492277E-33,1.0,-8.47409175530384E-33));
#1015=DIRECTION('',(-0.99026806874157,-3.75406797826164E-33,-0.139173100960065));
#1016=ORIENTED_EDGE('',*,*,#1631,.F.);
#1017=ORIENTED_EDGE('',*,*,#1632,.F.);
#1018=ORIENTED_EDGE('',*,*,#1633,.T.);
#1019=ORIENTED_EDGE('',*,*,#1634,.T.);
#1020=CARTESIAN_POINT('',(-0.0842556382232512,0.04713,-0.0846510340904661));
#1021=DIRECTION('',(-2.60000542492277E-33,1.0,-8.47409175530384E-33));
#1022=DIRECTION('',(-0.99026806874157,-3.75406797826164E-33,-0.139173100960065));
#1023=ORIENTED_EDGE('',*,*,#1635,.F.);
#1024=ORIENTED_EDGE('',*,*,#1636,.T.);
#1025=ORIENTED_EDGE('',*,*,#1597,.F.);
#1026=ORIENTED_EDGE('',*,*,#1637,.F.);
#1027=ORIENTED_EDGE('',*,*,#1638,.T.);
#1028=ORIENTED_EDGE('',*,*,#1639,.F.);
#1029=CARTESIAN_POINT('',(-0.0842556382232512,0.04713,-0.0846510340904661));
#1030=DIRECTION('',(2.60000542492277E-33,-1.0,8.47409175530384E-33));
#1031=DIRECTION('',(0.99026806874157,3.75406797826163E-33,0.139173100960065));
#1032=ORIENTED_EDGE('',*,*,#1640,.F.);
#1033=ORIENTED_EDGE('',*,*,#1641,.T.);
#1034=ORIENTED_EDGE('',*,*,#1642,.F.);
#1035=ORIENTED_EDGE('',*,*,#1643,.T.);
#1036=CARTESIAN_POINT('',(-0.0656381704744225,0.04923,-0.0679660140239116));
#1037=DIRECTION('',(2.60000542492277E-33,-1.0,8.47409175530384E-33));
#1038=DIRECTION('',(0.99026806874157,3.75406797826163E-33,0.139173100960065));
#1039=ORIENTED_EDGE('',*,*,#1644,.F.);
#1040=ORIENTED_EDGE('',*,*,#1645,.T.);
#1041=ORIENTED_EDGE('',*,*,#1646,.T.);
#1042=ORIENTED_EDGE('',*,*,#1647,.F.);
#1043=CARTESIAN_POINT('',(-0.0431117626075126,0.04873,-0.0962101008296951));
#1044=DIRECTION('',(0.798635510047294,0.0,-0.601815023152047));
#1045=DIRECTION('',(-0.425547483890751,-0.707106781186549,-0.564720584850817));
#1046=ORIENTED_EDGE('',*,*,#1648,.T.);
#1047=ORIENTED_EDGE('',*,*,#1649,.T.);
#1048=ORIENTED_EDGE('',*,*,#1650,.F.);
#1049=ORIENTED_EDGE('',*,*,#1651,.T.);
#1050=CARTESIAN_POINT('',(-0.0656381704744225,0.04873,-0.0679660140239116));
#1051=DIRECTION('',(-2.60000542492277E-33,1.0,-8.47409175530384E-33));
#1052=DIRECTION('',(-0.99026806874157,-3.75406797826163E-33,-0.139173100960065));
#1053=ORIENTED_EDGE('',*,*,#1652,.F.);
#1054=ORIENTED_EDGE('',*,*,#1653,.T.);
#1055=ORIENTED_EDGE('',*,*,#1648,.F.);
#1056=ORIENTED_EDGE('',*,*,#1654,.T.);
#1057=ORIENTED_EDGE('',*,*,#1655,.T.);
#1058=CARTESIAN_POINT('',(-0.0656381704744225,0.04873,-0.0679660140239116));
#1059=DIRECTION('',(-2.60000542492277E-33,1.0,-8.47409175530384E-33));
#1060=DIRECTION('',(-0.99026806874157,-3.75406797826163E-33,-0.139173100960065));
#1061=ORIENTED_EDGE('',*,*,#1656,.F.);
#1062=ORIENTED_EDGE('',*,*,#1657,.T.);
#1063=ORIENTED_EDGE('',*,*,#1650,.T.);
#1064=ORIENTED_EDGE('',*,*,#1658,.T.);
#1065=CARTESIAN_POINT('',(-0.0277145545903932,0.04873,-0.0790136091551961));
#1066=DIRECTION('',(2.60000542492277E-33,-1.0,8.47409175530384E-33));
#1067=DIRECTION('',(0.99026806874157,3.75406797826163E-33,0.139173100960065));
#1068=ORIENTED_EDGE('',*,*,#1659,.F.);
#1069=ORIENTED_EDGE('',*,*,#1660,.T.);
#1070=ORIENTED_EDGE('',*,*,#1661,.T.);
#1071=ORIENTED_EDGE('',*,*,#1662,.F.);
#1072=CARTESIAN_POINT('',(-0.0322790921907778,0.04873,-0.0818346616488422));
#1073=DIRECTION('',(0.798635510047293,5.29395592033938E-17,-0.601815023152048));
#1074=DIRECTION('',(0.425547483890751,-0.707106781186549,0.564720584850817));
#1075=ORIENTED_EDGE('',*,*,#1663,.F.);
#1076=ORIENTED_EDGE('',*,*,#1664,.T.);
#1077=ORIENTED_EDGE('',*,*,#1665,.T.);
#1078=ORIENTED_EDGE('',*,*,#1666,.T.);
#1079=ORIENTED_EDGE('',*,*,#1662,.T.);
#1080=ORIENTED_EDGE('',*,*,#1667,.T.);
#1081=CARTESIAN_POINT('',(-0.0319901760065762,0.04873,-0.0895651895585249));
#1082=DIRECTION('',(-2.60000542492277E-33,1.0,-8.47409175530384E-33));
#1083=DIRECTION('',(-0.99026806874157,-3.75406797826164E-33,-0.139173100960065));
#1084=ORIENTED_EDGE('',*,*,#1668,.T.);
#1085=ORIENTED_EDGE('',*,*,#1654,.F.);
#1086=ORIENTED_EDGE('',*,*,#1651,.F.);
#1087=ORIENTED_EDGE('',*,*,#1669,.T.);
#1088=ORIENTED_EDGE('',*,*,#1670,.F.);
#1089=CARTESIAN_POINT('',(-0.0656381704744225,0.04773,-0.0679660140239116));
#1090=DIRECTION('',(-2.60000542492277E-33,1.0,-8.47409175530384E-33));
#1091=DIRECTION('',(0.139173100960065,-8.0297716593641E-33,-0.99026806874157));
#1092=ORIENTED_EDGE('',*,*,#1671,.F.);
#1093=ORIENTED_EDGE('',*,*,#1672,.F.);
#1094=ORIENTED_EDGE('',*,*,#1655,.F.);
#1095=ORIENTED_EDGE('',*,*,#1668,.F.);
#1096=ORIENTED_EDGE('',*,*,#1673,.F.);
#1097=ORIENTED_EDGE('',*,*,#1674,.F.);
#1098=CARTESIAN_POINT('',(-0.0656381704744225,0.04773,-0.0679660140239116));
#1099=DIRECTION('',(-2.60000542492277E-33,1.0,-8.47409175530384E-33));
#1100=DIRECTION('',(0.139173100960065,-8.0297716593641E-33,-0.99026806874157));
#1101=ORIENTED_EDGE('',*,*,#1675,.F.);
#1102=ORIENTED_EDGE('',*,*,#1664,.F.);
#1103=ORIENTED_EDGE('',*,*,#1676,.F.);
#1104=ORIENTED_EDGE('',*,*,#1677,.T.);
#1105=ORIENTED_EDGE('',*,*,#1678,.F.);
#1106=CARTESIAN_POINT('',(-0.0319901760065762,0.04773,-0.0895651895585249));
#1107=DIRECTION('',(-2.60000542492277E-33,1.0,-8.47409175530384E-33));
#1108=DIRECTION('',(0.983386486002632,4.09506255065409E-33,0.181524155823394));
#1109=ORIENTED_EDGE('',*,*,#1679,.F.);
#1110=ORIENTED_EDGE('',*,*,#1680,.F.);
#1111=ORIENTED_EDGE('',*,*,#1681,.F.);
#1112=ORIENTED_EDGE('',*,*,#1682,.F.);
#1113=CARTESIAN_POINT('',(-0.061644992924186,0.04773,-0.0709750891396719));
#1114=DIRECTION('',(-2.60000542492277E-33,1.0,-8.47409175530384E-33));
#1115=DIRECTION('',(0.798635510047293,-3.02337906725184E-33,-0.601815023152048));
#1116=ORIENTED_EDGE('',*,*,#1683,.F.);
#1117=ORIENTED_EDGE('',*,*,#1684,.F.);
#1118=ORIENTED_EDGE('',*,*,#1681,.T.);
#1119=ORIENTED_EDGE('',*,*,#1685,.F.);
#1120=CARTESIAN_POINT('',(-0.0356010661454885,0.04773,-0.0943570026188087));
#1121=DIRECTION('',(2.60000542492277E-33,-1.0,8.47409175530384E-33));
#1122=DIRECTION('',(0.0965658328673658,-8.18341724240615E-33,-0.995326599625787));
#1123=ORIENTED_EDGE('',*,*,#1686,.F.);
#1124=ORIENTED_EDGE('',*,*,#1687,.T.);
#1125=ORIENTED_EDGE('',*,*,#1688,.F.);
#1126=ORIENTED_EDGE('',*,*,#1689,.T.);
#1127=CARTESIAN_POINT('',(-0.0445653752371915,0.05298,-0.101375403434602));
#1128=DIRECTION('',(-2.60000542492277E-33,1.0,-8.47409175530384E-33));
#1129=DIRECTION('',(0.0415141416897984,8.57472337360011E-33,0.999137916425835));
#1130=ORIENTED_EDGE('',*,*,#1690,.F.);
#1131=ORIENTED_EDGE('',*,*,#1673,.T.);
#1132=ORIENTED_EDGE('',*,*,#1670,.T.);
#1133=ORIENTED_EDGE('',*,*,#1691,.F.);
#1134=ORIENTED_EDGE('',*,*,#1692,.T.);
#1135=CARTESIAN_POINT('',(-0.0656381704744225,0.05298,-0.0679660140239116));
#1136=DIRECTION('',(2.60000542492277E-33,-1.0,8.47409175530384E-33));
#1137=DIRECTION('',(-0.798635510047209,3.023379067253E-33,0.60181502315216));
#1138=ORIENTED_EDGE('',*,*,#1693,.F.);
#1139=ORIENTED_EDGE('',*,*,#1694,.T.);
#1140=ORIENTED_EDGE('',*,*,#1695,.F.);
#1141=ORIENTED_EDGE('',*,*,#1696,.T.);
#1142=CARTESIAN_POINT('',(-0.0277145545903932,0.05298,-0.0790136091551961));
#1143=DIRECTION('',(-2.60000542492277E-33,1.0,-8.47409175530384E-33));
#1144=DIRECTION('',(-0.948990159775433,-5.13930889152759E-33,-0.315305687626147));
#1145=ORIENTED_EDGE('',*,*,#1697,.F.);
#1146=ORIENTED_EDGE('',*,*,#1698,.T.);
#1147=ORIENTED_EDGE('',*,*,#1699,.F.);
#1148=ORIENTED_EDGE('',*,*,#1684,.T.);
#1149=CARTESIAN_POINT('',(-0.0356010661454885,0.05298,-0.0943570026188087));
#1150=DIRECTION('',(2.60000542492277E-33,-1.0,8.47409175530384E-33));
#1151=DIRECTION('',(0.0965658328673661,-8.18341724240615E-33,-0.995326599625787));
#1152=ORIENTED_EDGE('',*,*,#1700,.F.);
#1153=ORIENTED_EDGE('',*,*,#1701,.T.);
#1154=ORIENTED_EDGE('',*,*,#1702,.F.);
#1155=ORIENTED_EDGE('',*,*,#1703,.T.);
#1156=CARTESIAN_POINT('',(-0.061644992924186,0.05298,-0.0709750891396719));
#1157=DIRECTION('',(2.60000542492277E-33,-1.0,8.47409175530384E-33));
#1158=DIRECTION('',(0.798635510047293,-3.02337906725184E-33,-0.601815023152048));
#1159=ORIENTED_EDGE('',*,*,#1704,.F.);
#1160=ORIENTED_EDGE('',*,*,#1678,.T.);
#1161=ORIENTED_EDGE('',*,*,#1702,.T.);
#1162=ORIENTED_EDGE('',*,*,#1705,.T.);
#1163=CARTESIAN_POINT('',(-0.0319901760065762,0.05298,-0.0895651895585249));
#1164=DIRECTION('',(2.60000542492277E-33,-1.0,8.47409175530384E-33));
#1165=DIRECTION('',(0.983386486002631,4.09506255065413E-33,0.181524155823398));
#1166=ORIENTED_EDGE('',*,*,#1706,.F.);
#1167=ORIENTED_EDGE('',*,*,#1707,.F.);
#1168=ORIENTED_EDGE('',*,*,#1708,.F.);
#1169=ORIENTED_EDGE('',*,*,#1709,.F.);
#1170=ORIENTED_EDGE('',*,*,#1643,.F.);
#1171=ORIENTED_EDGE('',*,*,#1710,.F.);
#1172=ORIENTED_EDGE('',*,*,#1628,.F.);
#1173=CARTESIAN_POINT('',(-0.0656381704744225,0.04693,-0.0679660140239116));
#1174=DIRECTION('',(2.60000542492277E-33,-1.0,8.47409175530384E-33));
#1175=DIRECTION('',(-0.139173100960065,8.0297716593641E-33,0.99026806874157));
#1176=ORIENTED_EDGE('',*,*,#1711,.F.);
#1177=ORIENTED_EDGE('',*,*,#1707,.T.);
#1178=ORIENTED_EDGE('',*,*,#1712,.F.);
#1179=ORIENTED_EDGE('',*,*,#1713,.T.);
#1180=CARTESIAN_POINT('',(-0.0656381704744225,0.05373,-0.0679660140239116));
#1181=DIRECTION('',(-2.60000542492277E-33,1.0,-8.47409175530384E-33));
#1182=DIRECTION('',(0.139173100960065,-8.0297716593641E-33,-0.99026806874157));
#1183=ORIENTED_EDGE('',*,*,#1714,.F.);
#1184=ORIENTED_EDGE('',*,*,#1715,.F.);
#1185=ORIENTED_EDGE('',*,*,#1716,.F.);
#1186=ORIENTED_EDGE('',*,*,#1717,.F.);
#1187=CARTESIAN_POINT('',(-0.0350014778509046,0.05173,-0.091052417832118));
#1188=DIRECTION('',(2.60000542492277E-33,-1.0,8.47409175530384E-33));
#1189=DIRECTION('',(-0.139173100960065,8.0297716593641E-33,0.99026806874157));
#1190=ORIENTED_EDGE('',*,*,#1718,.F.);
#1191=ORIENTED_EDGE('',*,*,#1719,.T.);
#1192=ORIENTED_EDGE('',*,*,#1720,.F.);
#1193=ORIENTED_EDGE('',*,*,#1721,.T.);
#1194=CARTESIAN_POINT('',(-0.0350014778509046,0.05373,-0.091052417832118));
#1195=DIRECTION('',(-2.60000542492277E-33,1.0,-8.47409175530384E-33));
#1196=DIRECTION('',(0.139173100960065,-8.0297716593641E-33,-0.99026806874157));
#1197=ORIENTED_EDGE('',*,*,#1718,.T.);
#1198=ORIENTED_EDGE('',*,*,#1722,.T.);
#1199=ORIENTED_EDGE('',*,*,#1720,.T.);
#1200=ORIENTED_EDGE('',*,*,#1717,.T.);
#1201=CARTESIAN_POINT('',(-0.0350014778509046,0.05373,-0.091052417832118));
#1202=DIRECTION('',(-2.60000542492277E-33,1.0,-8.47409175530384E-33));
#1203=DIRECTION('',(0.139173100960065,-8.0297716593641E-33,-0.99026806874157));
#1204=ORIENTED_EDGE('',*,*,#1713,.F.);
#1205=ORIENTED_EDGE('',*,*,#1723,.F.);
#1206=ORIENTED_EDGE('',*,*,#1705,.F.);
#1207=ORIENTED_EDGE('',*,*,#1701,.F.);
#1208=ORIENTED_EDGE('',*,*,#1724,.F.);
#1209=ORIENTED_EDGE('',*,*,#1698,.F.);
#1210=ORIENTED_EDGE('',*,*,#1725,.F.);
#1211=ORIENTED_EDGE('',*,*,#1726,.F.);
#1212=ORIENTED_EDGE('',*,*,#1687,.F.);
#1213=ORIENTED_EDGE('',*,*,#1727,.F.);
#1214=ORIENTED_EDGE('',*,*,#1728,.F.);
#1215=ORIENTED_EDGE('',*,*,#1692,.F.);
#1216=ORIENTED_EDGE('',*,*,#1729,.F.);
#1217=ORIENTED_EDGE('',*,*,#1696,.F.);
#1218=ORIENTED_EDGE('',*,*,#1730,.F.);
#1219=ORIENTED_EDGE('',*,*,#1731,.F.);
#1220=ORIENTED_EDGE('',*,*,#1721,.F.);
#1221=ORIENTED_EDGE('',*,*,#1722,.F.);
#1222=CARTESIAN_POINT('',(-0.0421483717999697,0.05373,-0.0856668469511448));
#1223=DIRECTION('',(-2.60000542492277E-33,1.0,-8.47409175530384E-33));
#1224=DIRECTION('',(-0.798635510047293,3.02337906725183E-33,0.601815023152048));
#1225=ORIENTED_EDGE('',*,*,#1714,.T.);
#1226=ORIENTED_EDGE('',*,*,#1719,.F.);
#1227=ORIENTED_EDGE('',*,*,#1716,.T.);
#1228=ORIENTED_EDGE('',*,*,#1732,.F.);
#1229=CARTESIAN_POINT('',(-0.0350014778509046,0.05173,-0.091052417832118));
#1230=DIRECTION('',(2.60000542492277E-33,-1.0,8.47409175530384E-33));
#1231=DIRECTION('',(-0.139173100960065,8.0297716593641E-33,0.99026806874157));
#1232=ORIENTED_EDGE('',*,*,#1711,.T.);
#1233=ORIENTED_EDGE('',*,*,#1723,.T.);
#1234=ORIENTED_EDGE('',*,*,#1712,.T.);
#1235=ORIENTED_EDGE('',*,*,#1733,.T.);
#1236=CARTESIAN_POINT('',(-0.0656381704744225,0.05373,-0.0679660140239116));
#1237=DIRECTION('',(-2.60000542492277E-33,1.0,-8.47409175530384E-33));
#1238=DIRECTION('',(0.139173100960065,-8.0297716593641E-33,-0.99026806874157));
#1239=ORIENTED_EDGE('',*,*,#1706,.T.);
#1240=ORIENTED_EDGE('',*,*,#1627,.F.);
#1241=ORIENTED_EDGE('',*,*,#1734,.F.);
#1242=ORIENTED_EDGE('',*,*,#1735,.F.);
#1243=ORIENTED_EDGE('',*,*,#1736,.F.);
#1244=ORIENTED_EDGE('',*,*,#1708,.T.);
#1245=ORIENTED_EDGE('',*,*,#1733,.F.);
#1246=CARTESIAN_POINT('',(-0.0656381704744225,0.04693,-0.0679660140239116));
#1247=DIRECTION('',(2.60000542492277E-33,-1.0,8.47409175530384E-33));
#1248=DIRECTION('',(-0.139173100960065,8.0297716593641E-33,0.99026806874157));
#1249=ORIENTED_EDGE('',*,*,#1704,.T.);
#1250=ORIENTED_EDGE('',*,*,#1731,.T.);
#1251=ORIENTED_EDGE('',*,*,#1737,.T.);
#1252=ORIENTED_EDGE('',*,*,#1738,.T.);
#1253=CARTESIAN_POINT('',(-0.0319901760065762,0.05298,-0.0895651895585249));
#1254=DIRECTION('',(2.60000542492277E-33,-1.0,8.47409175530384E-33));
#1255=DIRECTION('',(0.983386486002631,4.09506255065413E-33,0.181524155823398));
#1256=ORIENTED_EDGE('',*,*,#1700,.T.);
#1257=ORIENTED_EDGE('',*,*,#1682,.T.);
#1258=ORIENTED_EDGE('',*,*,#1699,.T.);
#1259=ORIENTED_EDGE('',*,*,#1724,.T.);
#1260=CARTESIAN_POINT('',(-0.061644992924186,0.05298,-0.0709750891396719));
#1261=DIRECTION('',(2.60000542492277E-33,-1.0,8.47409175530384E-33));
#1262=DIRECTION('',(0.798635510047293,-3.02337906725184E-33,-0.601815023152048));
#1263=ORIENTED_EDGE('',*,*,#1695,.T.);
#1264=ORIENTED_EDGE('',*,*,#1739,.T.);
#1265=ORIENTED_EDGE('',*,*,#1737,.F.);
#1266=ORIENTED_EDGE('',*,*,#1730,.T.);
#1267=CARTESIAN_POINT('',(-0.0321286384349898,0.05298,-0.0816350027713303));
#1268=DIRECTION('',(0.425547483890754,0.707106781186546,0.564720584850819));
#1269=DIRECTION('',(0.798635510047293,3.92523114670943E-17,-0.601815023152048));
#1270=ORIENTED_EDGE('',*,*,#1697,.T.);
#1271=ORIENTED_EDGE('',*,*,#1740,.T.);
#1272=ORIENTED_EDGE('',*,*,#1741,.T.);
#1273=ORIENTED_EDGE('',*,*,#1725,.T.);
#1274=CARTESIAN_POINT('',(-0.0356010661454885,0.05298,-0.0943570026188087));
#1275=DIRECTION('',(2.60000542492277E-33,-1.0,8.47409175530384E-33));
#1276=DIRECTION('',(0.0965658328673661,-8.18341724240615E-33,-0.995326599625787));
#1277=ORIENTED_EDGE('',*,*,#1693,.T.);
#1278=ORIENTED_EDGE('',*,*,#1729,.T.);
#1279=ORIENTED_EDGE('',*,*,#1691,.T.);
#1280=ORIENTED_EDGE('',*,*,#1742,.T.);
#1281=CARTESIAN_POINT('',(-0.0277145545903932,0.05298,-0.0790136091551961));
#1282=DIRECTION('',(-2.60000542492277E-33,1.0,-8.47409175530384E-33));
#1283=DIRECTION('',(-0.948990159775433,-5.13930889152759E-33,-0.315305687626147));
#1284=ORIENTED_EDGE('',*,*,#1688,.T.);
#1285=ORIENTED_EDGE('',*,*,#1726,.T.);
#1286=ORIENTED_EDGE('',*,*,#1741,.F.);
#1287=ORIENTED_EDGE('',*,*,#1743,.T.);
#1288=CARTESIAN_POINT('',(-0.0432622163633005,0.05298,-0.0964097597072069));
#1289=DIRECTION('',(-0.425547483890753,0.707106781186546,-0.56472058485082));
#1290=DIRECTION('',(-0.798635510047294,-7.76247730546875E-33,0.601815023152047));
#1291=ORIENTED_EDGE('',*,*,#1690,.T.);
#1292=ORIENTED_EDGE('',*,*,#1728,.T.);
#1293=ORIENTED_EDGE('',*,*,#1744,.T.);
#1294=ORIENTED_EDGE('',*,*,#1745,.T.);
#1295=ORIENTED_EDGE('',*,*,#1674,.T.);
#1296=CARTESIAN_POINT('',(-0.0656381704744225,0.05298,-0.0679660140239116));
#1297=DIRECTION('',(2.60000542492277E-33,-1.0,8.47409175530384E-33));
#1298=DIRECTION('',(-0.798635510047209,3.023379067253E-33,0.60181502315216));
#1299=ORIENTED_EDGE('',*,*,#1686,.T.);
#1300=ORIENTED_EDGE('',*,*,#1746,.T.);
#1301=ORIENTED_EDGE('',*,*,#1744,.F.);
#1302=ORIENTED_EDGE('',*,*,#1727,.T.);
#1303=CARTESIAN_POINT('',(-0.0445653752371915,0.05298,-0.101375403434602));
#1304=DIRECTION('',(-2.60000542492277E-33,1.0,-8.47409175530384E-33));
#1305=DIRECTION('',(0.0415141416897984,8.57472337360011E-33,0.999137916425835));
#1306=ORIENTED_EDGE('',*,*,#1743,.F.);
#1307=ORIENTED_EDGE('',*,*,#1747,.F.);
#1308=ORIENTED_EDGE('',*,*,#1646,.F.);
#1309=ORIENTED_EDGE('',*,*,#1748,.T.);
#1310=CARTESIAN_POINT('',(-0.039260633229839,0.04773,-0.100364270627867));
#1311=DIRECTION('',(-0.601815023152047,-1.37545650500411E-32,-0.798635510047294));
#1312=DIRECTION('',(-0.798635510047294,-7.76247730546875E-33,0.601815023152047));
#1313=ORIENTED_EDGE('',*,*,#1683,.T.);
#1314=ORIENTED_EDGE('',*,*,#1749,.F.);
#1315=ORIENTED_EDGE('',*,*,#1747,.T.);
#1316=ORIENTED_EDGE('',*,*,#1740,.F.);
#1317=CARTESIAN_POINT('',(-0.0356010661454885,0.04773,-0.0943570026188087));
#1318=DIRECTION('',(2.60000542492277E-33,-1.0,8.47409175530384E-33));
#1319=DIRECTION('',(0.0965658328673658,-8.18341724240615E-33,-0.995326599625787));
#1320=ORIENTED_EDGE('',*,*,#1679,.T.);
#1321=ORIENTED_EDGE('',*,*,#1703,.F.);
#1322=ORIENTED_EDGE('',*,*,#1677,.F.);
#1323=ORIENTED_EDGE('',*,*,#1750,.F.);
#1324=CARTESIAN_POINT('',(-0.061644992924186,0.04773,-0.0709750891396719));
#1325=DIRECTION('',(-2.60000542492277E-33,1.0,-8.47409175530384E-33));
#1326=DIRECTION('',(0.798635510047293,-3.02337906725184E-33,-0.601815023152048));
#1327=ORIENTED_EDGE('',*,*,#1675,.T.);
#1328=ORIENTED_EDGE('',*,*,#1738,.F.);
#1329=ORIENTED_EDGE('',*,*,#1751,.T.);
#1330=ORIENTED_EDGE('',*,*,#1665,.F.);
#1331=CARTESIAN_POINT('',(-0.0319901760065762,0.04773,-0.0895651895585249));
#1332=DIRECTION('',(-2.60000542492277E-33,1.0,-8.47409175530384E-33));
#1333=DIRECTION('',(0.983386486002632,4.09506255065409E-33,0.181524155823394));
#1334=ORIENTED_EDGE('',*,*,#1739,.F.);
#1335=ORIENTED_EDGE('',*,*,#1752,.F.);
#1336=ORIENTED_EDGE('',*,*,#1753,.F.);
#1337=ORIENTED_EDGE('',*,*,#1751,.F.);
#1338=CARTESIAN_POINT('',(-0.0272243327668024,0.04773,-0.0843915604269179));
#1339=DIRECTION('',(0.601815023152048,1.37545650500411E-32,0.798635510047293));
#1340=DIRECTION('',(0.798635510047293,7.76247730546873E-33,-0.601815023152048));
#1341=ORIENTED_EDGE('',*,*,#1742,.F.);
#1342=ORIENTED_EDGE('',*,*,#1669,.F.);
#1343=ORIENTED_EDGE('',*,*,#1657,.F.);
#1344=ORIENTED_EDGE('',*,*,#1754,.F.);
#1345=ORIENTED_EDGE('',*,*,#1752,.T.);
#1346=ORIENTED_EDGE('',*,*,#1694,.F.);
#1347=CARTESIAN_POINT('',(-0.0277145545903932,0.04773,-0.0790136091551961));
#1348=DIRECTION('',(-2.60000542492277E-33,1.0,-8.47409175530384E-33));
#1349=DIRECTION('',(-0.960091541397312,-1.26158790211743E-34,0.279685952699335));
#1350=ORIENTED_EDGE('',*,*,#1671,.T.);
#1351=ORIENTED_EDGE('',*,*,#1745,.F.);
#1352=ORIENTED_EDGE('',*,*,#1755,.F.);
#1353=ORIENTED_EDGE('',*,*,#1756,.F.);
#1354=CARTESIAN_POINT('',(-0.0656381704744225,0.04773,-0.0679660140239116));
#1355=DIRECTION('',(-2.60000542492277E-33,1.0,-8.47409175530384E-33));
#1356=DIRECTION('',(0.139173100960065,-8.0297716593641E-33,-0.99026806874157));
#1357=ORIENTED_EDGE('',*,*,#1689,.F.);
#1358=ORIENTED_EDGE('',*,*,#1748,.F.);
#1359=ORIENTED_EDGE('',*,*,#1757,.F.);
#1360=ORIENTED_EDGE('',*,*,#1755,.T.);
#1361=ORIENTED_EDGE('',*,*,#1746,.F.);
#1362=CARTESIAN_POINT('',(-0.0445653752371915,0.04773,-0.101375403434602));
#1363=DIRECTION('',(-2.60000542492277E-33,1.0,-8.47409175530384E-33));
#1364=DIRECTION('',(0.60181502315205,8.33243291617998E-33,0.798635510047291));
#1365=ORIENTED_EDGE('',*,*,#1663,.T.);
#1366=ORIENTED_EDGE('',*,*,#1758,.T.);
#1367=ORIENTED_EDGE('',*,*,#1759,.T.);
#1368=ORIENTED_EDGE('',*,*,#1676,.T.);
#1369=CARTESIAN_POINT('',(-0.0319901760065762,0.04873,-0.0895651895585249));
#1370=DIRECTION('',(-2.60000542492277E-33,1.0,-8.47409175530384E-33));
#1371=DIRECTION('',(-0.99026806874157,-3.75406797826164E-33,-0.139173100960065));
#1372=ORIENTED_EDGE('',*,*,#1659,.T.);
#1373=ORIENTED_EDGE('',*,*,#1666,.F.);
#1374=ORIENTED_EDGE('',*,*,#1753,.T.);
#1375=ORIENTED_EDGE('',*,*,#1760,.T.);
#1376=CARTESIAN_POINT('',(-0.0322790921907778,0.04873,-0.0818346616488422));
#1377=DIRECTION('',(0.798635510047293,5.29395592033938E-17,-0.601815023152048));
#1378=DIRECTION('',(0.425547483890751,-0.707106781186549,0.564720584850817));
#1379=ORIENTED_EDGE('',*,*,#1761,.T.);
#1380=ORIENTED_EDGE('',*,*,#1680,.T.);
#1381=ORIENTED_EDGE('',*,*,#1750,.T.);
#1382=ORIENTED_EDGE('',*,*,#1759,.F.);
#1383=ORIENTED_EDGE('',*,*,#1762,.T.);
#1384=CARTESIAN_POINT('',(-0.061644992924186,0.04873,-0.0709750891396719));
#1385=DIRECTION('',(2.60000542492277E-33,-1.0,8.47409175530384E-33));
#1386=DIRECTION('',(0.99026806874157,3.75406797826164E-33,0.139173100960065));
#1387=ORIENTED_EDGE('',*,*,#1763,.T.);
#1388=ORIENTED_EDGE('',*,*,#1647,.T.);
#1389=ORIENTED_EDGE('',*,*,#1749,.T.);
#1390=ORIENTED_EDGE('',*,*,#1685,.T.);
#1391=ORIENTED_EDGE('',*,*,#1761,.F.);
#1392=ORIENTED_EDGE('',*,*,#1764,.T.);
#1393=CARTESIAN_POINT('',(-0.0356010661454885,0.04873,-0.0943570026188087));
#1394=DIRECTION('',(2.60000542492277E-33,-1.0,8.47409175530384E-33));
#1395=DIRECTION('',(0.99026806874157,3.75406797826163E-33,0.139173100960065));
#1396=ORIENTED_EDGE('',*,*,#1656,.T.);
#1397=ORIENTED_EDGE('',*,*,#1765,.T.);
#1398=ORIENTED_EDGE('',*,*,#1660,.F.);
#1399=ORIENTED_EDGE('',*,*,#1760,.F.);
#1400=ORIENTED_EDGE('',*,*,#1754,.T.);
#1401=CARTESIAN_POINT('',(-0.0277145545903932,0.04873,-0.0790136091551961));
#1402=DIRECTION('',(2.60000542492277E-33,-1.0,8.47409175530384E-33));
#1403=DIRECTION('',(0.99026806874157,3.75406797826163E-33,0.139173100960065));
#1404=ORIENTED_EDGE('',*,*,#1652,.T.);
#1405=ORIENTED_EDGE('',*,*,#1672,.T.);
#1406=ORIENTED_EDGE('',*,*,#1756,.T.);
#1407=ORIENTED_EDGE('',*,*,#1766,.T.);
#1408=ORIENTED_EDGE('',*,*,#1767,.T.);
#1409=CARTESIAN_POINT('',(-0.0656381704744225,0.04873,-0.0679660140239116));
#1410=DIRECTION('',(-2.60000542492277E-33,1.0,-8.47409175530384E-33));
#1411=DIRECTION('',(-0.99026806874157,-3.75406797826163E-33,-0.139173100960065));
#1412=ORIENTED_EDGE('',*,*,#1644,.T.);
#1413=ORIENTED_EDGE('',*,*,#1763,.F.);
#1414=ORIENTED_EDGE('',*,*,#1768,.T.);
#1415=ORIENTED_EDGE('',*,*,#1769,.T.);
#1416=CARTESIAN_POINT('',(-0.0431117626075126,0.04873,-0.0962101008296951));
#1417=DIRECTION('',(0.798635510047294,0.0,-0.601815023152047));
#1418=DIRECTION('',(-0.425547483890751,-0.707106781186549,-0.564720584850817));
#1419=ORIENTED_EDGE('',*,*,#1766,.F.);
#1420=ORIENTED_EDGE('',*,*,#1757,.T.);
#1421=ORIENTED_EDGE('',*,*,#1645,.F.);
#1422=ORIENTED_EDGE('',*,*,#1769,.F.);
#1423=ORIENTED_EDGE('',*,*,#1770,.T.);
#1424=CARTESIAN_POINT('',(-0.0445653752371915,0.04873,-0.101375403434602));
#1425=DIRECTION('',(2.60000542492277E-33,-1.0,8.47409175530384E-33));
#1426=DIRECTION('',(0.99026806874157,3.75406797826163E-33,0.139173100960065));
#1427=ORIENTED_EDGE('',*,*,#1771,.F.);
#1428=ORIENTED_EDGE('',*,*,#1638,.F.);
#1429=ORIENTED_EDGE('',*,*,#1772,.F.);
#1430=ORIENTED_EDGE('',*,*,#1773,.F.);
#1431=ORIENTED_EDGE('',*,*,#1609,.F.);
#1432=ORIENTED_EDGE('',*,*,#1774,.F.);
#1433=ORIENTED_EDGE('',*,*,#1775,.F.);
#1434=ORIENTED_EDGE('',*,*,#1607,.F.);
#1435=ORIENTED_EDGE('',*,*,#1776,.F.);
#1436=ORIENTED_EDGE('',*,*,#1777,.F.);
#1437=ORIENTED_EDGE('',*,*,#1641,.F.);
#1438=ORIENTED_EDGE('',*,*,#1715,.T.);
#1439=ORIENTED_EDGE('',*,*,#1732,.T.);
#1440=ORIENTED_EDGE('',*,*,#1667,.F.);
#1441=ORIENTED_EDGE('',*,*,#1661,.F.);
#1442=ORIENTED_EDGE('',*,*,#1765,.F.);
#1443=ORIENTED_EDGE('',*,*,#1658,.F.);
#1444=ORIENTED_EDGE('',*,*,#1649,.F.);
#1445=ORIENTED_EDGE('',*,*,#1653,.F.);
#1446=ORIENTED_EDGE('',*,*,#1767,.F.);
#1447=ORIENTED_EDGE('',*,*,#1770,.F.);
#1448=ORIENTED_EDGE('',*,*,#1768,.F.);
#1449=ORIENTED_EDGE('',*,*,#1764,.F.);
#1450=ORIENTED_EDGE('',*,*,#1762,.F.);
#1451=ORIENTED_EDGE('',*,*,#1758,.F.);
#1452=CARTESIAN_POINT('',(-0.0421483717999697,0.04773,-0.0856668469511448));
#1453=DIRECTION('',(-2.60000542492277E-33,1.0,-8.47409175530384E-33));
#1454=DIRECTION('',(-0.798635510047293,3.02337906725183E-33,0.601815023152048));
#1455=ORIENTED_EDGE('',*,*,#1642,.T.);
#1456=ORIENTED_EDGE('',*,*,#1778,.T.);
#1457=ORIENTED_EDGE('',*,*,#1710,.T.);
#1458=ORIENTED_EDGE('',*,*,#1779,.T.);
#1459=ORIENTED_EDGE('',*,*,#1735,.T.);
#1460=ORIENTED_EDGE('',*,*,#1780,.T.);
#1461=ORIENTED_EDGE('',*,*,#1639,.T.);
#1462=ORIENTED_EDGE('',*,*,#1640,.T.);
#1463=ORIENTED_EDGE('',*,*,#1709,.T.);
#1464=ORIENTED_EDGE('',*,*,#1736,.T.);
#1465=ORIENTED_EDGE('',*,*,#1779,.F.);
#1466=ORIENTED_EDGE('',*,*,#1771,.T.);
#1467=CARTESIAN_POINT('',(-0.0656381704744225,0.04923,-0.0679660140239116));
#1468=DIRECTION('',(2.60000542492277E-33,-1.0,8.47409175530384E-33));
#1469=DIRECTION('',(0.99026806874157,3.75406797826163E-33,0.139173100960065));
#1470=ORIENTED_EDGE('',*,*,#1778,.F.);
#1471=ORIENTED_EDGE('',*,*,#1777,.T.);
#1472=ORIENTED_EDGE('',*,*,#1781,.F.);
#1473=ORIENTED_EDGE('',*,*,#1603,.F.);
#1474=ORIENTED_EDGE('',*,*,#1782,.T.);
#1475=CARTESIAN_POINT('',(-0.054731169370777,0.04713,-0.045470740588697));
#1476=DIRECTION('',(2.60000542492277E-33,-1.0,8.47409175530384E-33));
#1477=DIRECTION('',(0.99026806874157,3.75406797826164E-33,0.139173100960065));
#1478=ORIENTED_EDGE('',*,*,#1635,.T.);
#1479=ORIENTED_EDGE('',*,*,#1780,.F.);
#1480=ORIENTED_EDGE('',*,*,#1632,.T.);
#1481=CARTESIAN_POINT('',(-0.0842556382232512,0.04713,-0.0846510340904661));
#1482=DIRECTION('',(2.60000542492277E-33,-1.0,8.47409175530384E-33));
#1483=DIRECTION('',(0.99026806874157,3.75406797826163E-33,0.139173100960065));
#1484=ORIENTED_EDGE('',*,*,#1629,.T.);
#1485=ORIENTED_EDGE('',*,*,#1782,.F.);
#1486=ORIENTED_EDGE('',*,*,#1613,.F.);
#1487=ORIENTED_EDGE('',*,*,#1783,.F.);
#1488=ORIENTED_EDGE('',*,*,#1784,.T.);
#1489=CARTESIAN_POINT('',(-0.054731169370777,0.04713,-0.045470740588697));
#1490=DIRECTION('',(2.60000542492277E-33,-1.0,8.47409175530384E-33));
#1491=DIRECTION('',(0.99026806874157,3.75406797826164E-33,0.139173100960065));
#1492=ORIENTED_EDGE('',*,*,#1631,.T.);
#1493=ORIENTED_EDGE('',*,*,#1785,.T.);
#1494=ORIENTED_EDGE('',*,*,#1616,.F.);
#1495=ORIENTED_EDGE('',*,*,#1786,.F.);
#1496=ORIENTED_EDGE('',*,*,#1636,.F.);
#1497=CARTESIAN_POINT('',(-0.0842556382232512,0.04713,-0.0846510340904661));
#1498=DIRECTION('',(-2.60000542492277E-33,1.0,-8.47409175530384E-33));
#1499=DIRECTION('',(-0.99026806874157,-3.75406797826164E-33,-0.139173100960065));
#1500=ORIENTED_EDGE('',*,*,#1626,.T.);
#1501=ORIENTED_EDGE('',*,*,#1787,.T.);
#1502=ORIENTED_EDGE('',*,*,#1633,.F.);
#1503=ORIENTED_EDGE('',*,*,#1734,.T.);
#1504=CARTESIAN_POINT('',(-0.0656381704744225,0.04713,-0.0679660140239116));
#1505=DIRECTION('',(-2.60000542492277E-33,1.0,-8.47409175530384E-33));
#1506=DIRECTION('',(-0.99026806874157,-3.75406797826164E-33,-0.139173100960065));
#1507=ORIENTED_EDGE('',*,*,#1623,.T.);
#1508=ORIENTED_EDGE('',*,*,#1611,.F.);
#1509=ORIENTED_EDGE('',*,*,#1788,.T.);
#1510=ORIENTED_EDGE('',*,*,#1789,.T.);
#1511=CARTESIAN_POINT('',(-0.0656381704744225,0.04713,-0.0679660140239117));
#1512=DIRECTION('',(2.60000542492277E-33,-1.0,8.47409175530384E-33));
#1513=DIRECTION('',(0.99026806874157,3.75406797826164E-33,0.139173100960065));
#1514=ORIENTED_EDGE('',*,*,#1790,.T.);
#1515=ORIENTED_EDGE('',*,*,#1618,.T.);
#1516=ORIENTED_EDGE('',*,*,#1791,.T.);
#1517=ORIENTED_EDGE('',*,*,#1788,.F.);
#1518=ORIENTED_EDGE('',*,*,#1792,.F.);
#1519=CARTESIAN_POINT('',(-0.0846430746806212,0.04713,-0.0851651796349258));
#1520=DIRECTION('',(-2.60000542492277E-33,1.0,-8.47409175530384E-33));
#1521=DIRECTION('',(-0.99026806874157,-3.75406797826164E-33,-0.139173100960065));
#1522=ORIENTED_EDGE('',*,*,#1619,.T.);
#1523=ORIENTED_EDGE('',*,*,#1793,.T.);
#1524=ORIENTED_EDGE('',*,*,#1794,.T.);
#1525=ORIENTED_EDGE('',*,*,#1614,.T.);
#1526=ORIENTED_EDGE('',*,*,#1605,.F.);
#1527=CARTESIAN_POINT('',(-0.054343732913407,0.04713,-0.0449565950442372));
#1528=DIRECTION('',(2.60000542492277E-33,-1.0,8.47409175530384E-33));
#1529=DIRECTION('',(0.99026806874157,3.75406797826163E-33,0.139173100960065));
#1530=ORIENTED_EDGE('',*,*,#1615,.T.);
#1531=ORIENTED_EDGE('',*,*,#1790,.F.);
#1532=ORIENTED_EDGE('',*,*,#1598,.F.);
#1533=ORIENTED_EDGE('',*,*,#1786,.T.);
#1534=CARTESIAN_POINT('',(-0.0667149625701104,0.04713,-0.0683526598899568));
#1535=DIRECTION('',(-0.601815023152048,4.13590306276514E-17,-0.798635510047293));
#1536=DIRECTION('',(0.564720584850813,-0.707106781186554,-0.425547483890749));
#1537=ORIENTED_EDGE('',*,*,#1612,.T.);
#1538=ORIENTED_EDGE('',*,*,#1794,.F.);
#1539=ORIENTED_EDGE('',*,*,#1795,.T.);
#1540=ORIENTED_EDGE('',*,*,#1783,.T.);
#1541=CARTESIAN_POINT('',(-0.0667149625701104,0.04713,-0.0683526598899568));
#1542=DIRECTION('',(0.601815023152048,-4.13590306276514E-17,0.798635510047293));
#1543=DIRECTION('',(0.564720584850813,-0.707106781186554,-0.425547483890749));
#1544=ORIENTED_EDGE('',*,*,#1789,.F.);
#1545=ORIENTED_EDGE('',*,*,#1791,.F.);
#1546=ORIENTED_EDGE('',*,*,#1617,.F.);
#1547=ORIENTED_EDGE('',*,*,#1785,.F.);
#1548=ORIENTED_EDGE('',*,*,#1634,.F.);
#1549=ORIENTED_EDGE('',*,*,#1787,.F.);
#1550=ORIENTED_EDGE('',*,*,#1630,.F.);
#1551=ORIENTED_EDGE('',*,*,#1784,.F.);
#1552=ORIENTED_EDGE('',*,*,#1795,.F.);
#1553=ORIENTED_EDGE('',*,*,#1793,.F.);
#1554=ORIENTED_EDGE('',*,*,#1622,.F.);
#1555=ORIENTED_EDGE('',*,*,#1624,.F.);
#1556=CARTESIAN_POINT('',(-0.0421483717999697,0.04633,-0.0856668469511448));
#1557=DIRECTION('',(-2.60000542492277E-33,1.0,-8.47409175530384E-33));
#1558=DIRECTION('',(-0.798635510047293,3.02337906725183E-33,0.601815023152048));
#1559=ORIENTED_EDGE('',*,*,#1608,.T.);
#1560=ORIENTED_EDGE('',*,*,#1625,.T.);
#1561=ORIENTED_EDGE('',*,*,#1796,.T.);
#1562=ORIENTED_EDGE('',*,*,#1774,.T.);
#1563=CARTESIAN_POINT('',(-0.0656381704744225,0.04713,-0.0679660140239117));
#1564=DIRECTION('',(2.60000542492277E-33,-1.0,8.47409175530384E-33));
#1565=DIRECTION('',(0.99026806874157,3.75406797826164E-33,0.139173100960065));
#1566=ORIENTED_EDGE('',*,*,#1604,.T.);
#1567=ORIENTED_EDGE('',*,*,#1775,.T.);
#1568=ORIENTED_EDGE('',*,*,#1796,.F.);
#1569=ORIENTED_EDGE('',*,*,#1620,.T.);
#1570=CARTESIAN_POINT('',(-0.054343732913407,0.04713,-0.0449565950442372));
#1571=DIRECTION('',(2.60000542492277E-33,-1.0,8.47409175530384E-33));
#1572=DIRECTION('',(0.99026806874157,3.75406797826164E-33,0.139173100960065));
#1573=ORIENTED_EDGE('',*,*,#1600,.T.);
#1574=ORIENTED_EDGE('',*,*,#1781,.T.);
#1575=ORIENTED_EDGE('',*,*,#1776,.T.);
#1576=ORIENTED_EDGE('',*,*,#1606,.F.);
#1577=CARTESIAN_POINT('',(-0.0655968728560442,0.04713,-0.0691952009223697));
#1578=DIRECTION('',(-0.601815023152048,0.0,-0.798635510047293));
#1579=DIRECTION('',(-0.564720584850819,0.707106781186546,0.425547483890753));
#1580=ORIENTED_EDGE('',*,*,#1797,.T.);
#1581=ORIENTED_EDGE('',*,*,#1599,.T.);
#1582=ORIENTED_EDGE('',*,*,#1792,.T.);
#1583=ORIENTED_EDGE('',*,*,#1610,.F.);
#1584=ORIENTED_EDGE('',*,*,#1773,.T.);
#1585=CARTESIAN_POINT('',(-0.0846430746806212,0.04713,-0.0851651796349258));
#1586=DIRECTION('',(2.60000542492277E-33,-1.0,8.47409175530384E-33));
#1587=DIRECTION('',(0.99026806874157,3.75406797826164E-33,0.139173100960065));
#1588=ORIENTED_EDGE('',*,*,#1596,.T.);
#1589=ORIENTED_EDGE('',*,*,#1797,.F.);
#1590=ORIENTED_EDGE('',*,*,#1772,.T.);
#1591=ORIENTED_EDGE('',*,*,#1637,.T.);
#1592=CARTESIAN_POINT('',(-0.0655968728560442,0.04713,-0.0691952009223697));
#1593=DIRECTION('',(-0.601815023152048,0.0,-0.798635510047293));
#1594=DIRECTION('',(-0.564720584850819,0.707106781186546,0.425547483890753));
#1595=COLOUR_RGB('',0.560784339904785,0.686274528503418,0.560784339904785);
#1596=EDGE_CURVE('',#1798,#1799,#1800,.T.);
#1597=EDGE_CURVE('1:6982',#1798,#1801,#1802,.T.);
#1598=EDGE_CURVE('1:7039',#1801,#1803,#1804,.T.);
#1599=EDGE_CURVE('1:7057',#1799,#1803,#1805,.T.);
#1600=EDGE_CURVE('',#1806,#1807,#1808,.T.);
#1601=EDGE_CURVE('1:7054',#1809,#1806,#1810,.T.);
#1602=EDGE_CURVE('1:7042',#1809,#1811,#1812,.T.);
#1603=EDGE_CURVE('1:6973',#1811,#1807,#1813,.T.);
#1604=EDGE_CURVE('',#1814,#1815,#1816,.T.);
#1605=EDGE_CURVE('1:7030',#1814,#1809,#1817,.T.);
#1606=EDGE_CURVE('1:7054',#1806,#1818,#1819,.T.);
#1607=EDGE_CURVE('1:6952',#1818,#1815,#1820,.T.);
#1608=EDGE_CURVE('',#1821,#1822,#1823,.T.);
#1609=EDGE_CURVE('1:6949',#1821,#1824,#1825,.T.);
#1610=EDGE_CURVE('1:7051',#1824,#1826,#1827,.T.);
#1611=EDGE_CURVE('1:7009',#1826,#1822,#1828,.T.);
#1612=EDGE_CURVE('',#1829,#1830,#1831,.T.);
#1613=EDGE_CURVE('1:6988',#1829,#1811,#1832,.T.);
#1614=EDGE_CURVE('1:7027',#1830,#1809,#1833,.T.);
#1615=EDGE_CURVE('',#1834,#1835,#1836,.T.);
#1616=EDGE_CURVE('1:7000',#1834,#1837,#1838,.T.);
#1617=EDGE_CURVE('1:7036',#1837,#1839,#1840,.T.);
#1618=EDGE_CURVE('1:7018',#1835,#1839,#1841,.T.);
#1619=EDGE_CURVE('',#1814,#1842,#1843,.T.);
#1620=EDGE_CURVE('1:7030',#1844,#1814,#1845,.T.);
#1621=EDGE_CURVE('1:7006',#1846,#1844,#1847,.T.);
#1622=EDGE_CURVE('1:7033',#1846,#1842,#1848,.T.);
#1623=EDGE_CURVE('',#1849,#1822,#1850,.T.);
#1624=EDGE_CURVE('1:7015',#1849,#1846,#1851,.T.);
#1625=EDGE_CURVE('1:7009',#1822,#1844,#1852,.T.);
#1626=EDGE_CURVE('',#1853,#1854,#1855,.T.);
#1627=EDGE_CURVE('1:6784',#1853,#1856,#1857,.T.);
#1628=EDGE_CURVE('1:6784',#1856,#1858,#1859,.T.);
#1629=EDGE_CURVE('1:6985',#1860,#1858,#1861,.T.);
#1630=EDGE_CURVE('1:7003',#1860,#1854,#1862,.T.);
#1631=EDGE_CURVE('',#1863,#1864,#1865,.T.);
#1632=EDGE_CURVE('1:6979',#1866,#1863,#1867,.T.);
#1633=EDGE_CURVE('1:6994',#1866,#1868,#1869,.T.);
#1634=EDGE_CURVE('1:6997',#1868,#1864,#1870,.T.);
#1635=EDGE_CURVE('',#1863,#1871,#1872,.T.);
#1636=EDGE_CURVE('1:6979',#1863,#1801,#1873,.T.);
#1637=EDGE_CURVE('1:6982',#1874,#1798,#1875,.T.);
#1638=EDGE_CURVE('1:6940',#1874,#1876,#1877,.T.);
#1639=EDGE_CURVE('1:6970',#1871,#1876,#1878,.T.);
#1640=EDGE_CURVE('',#1879,#1880,#1881,.T.);
#1641=EDGE_CURVE('1:6937',#1879,#1882,#1883,.T.);
#1642=EDGE_CURVE('1:6961',#1884,#1882,#1885,.T.);
#1643=EDGE_CURVE('1:6790',#1884,#1880,#1886,.T.);
#1644=EDGE_CURVE('',#1887,#1888,#1889,.T.);
#1645=EDGE_CURVE('1:6928',#1887,#1890,#1891,.T.);
#1646=EDGE_CURVE('1:6844',#1890,#1892,#1893,.T.);
#1647=EDGE_CURVE('1:6910',#1888,#1892,#1894,.T.);
#1648=EDGE_CURVE('',#1895,#1896,#1897,.T.);
#1649=EDGE_CURVE('1:6925',#1896,#1898,#1899,.T.);
#1650=EDGE_CURVE('1:6916',#1900,#1898,#1901,.T.);
#1651=EDGE_CURVE('1:6883',#1900,#1895,#1902,.T.);
#1652=EDGE_CURVE('',#1903,#1904,#1905,.T.);
#1653=EDGE_CURVE('1:6925',#1903,#1896,#1906,.T.);
#1654=EDGE_CURVE('1:6883',#1895,#1907,#1908,.T.);
#1655=EDGE_CURVE('1:6883',#1907,#1904,#1909,.T.);
#1656=EDGE_CURVE('',#1910,#1911,#1912,.T.);
#1657=EDGE_CURVE('1:6877',#1910,#1900,#1913,.T.);
#1658=EDGE_CURVE('1:6919',#1898,#1911,#1914,.T.);
#1659=EDGE_CURVE('',#1915,#1916,#1917,.T.);
#1660=EDGE_CURVE('1:6898',#1915,#1918,#1919,.T.);
#1661=EDGE_CURVE('1:6901',#1918,#1920,#1921,.T.);
#1662=EDGE_CURVE('1:6889',#1916,#1920,#1922,.T.);
#1663=EDGE_CURVE('',#1923,#1924,#1925,.T.);
#1664=EDGE_CURVE('1:6865',#1923,#1926,#1927,.T.);
#1665=EDGE_CURVE('1:6865',#1926,#1928,#1929,.T.);
#1666=EDGE_CURVE('1:6889',#1928,#1916,#1930,.T.);
#1667=EDGE_CURVE('1:6892',#1920,#1924,#1931,.T.);
#1668=EDGE_CURVE('',#1932,#1907,#1933,.T.);
#1669=EDGE_CURVE('1:6874',#1900,#1934,#1935,.T.);
#1670=EDGE_CURVE('1:6835',#1932,#1934,#1936,.T.);
#1671=EDGE_CURVE('',#1937,#1938,#1939,.T.);
#1672=EDGE_CURVE('1:6883',#1904,#1937,#1940,.T.);
#1673=EDGE_CURVE('1:6835',#1941,#1932,#1942,.T.);
#1674=EDGE_CURVE('1:6835',#1938,#1941,#1943,.T.);
#1675=EDGE_CURVE('',#1926,#1944,#1945,.T.);
#1676=EDGE_CURVE('1:6865',#1946,#1923,#1947,.T.);
#1677=EDGE_CURVE('1:6856',#1946,#1948,#1949,.T.);
#1678=EDGE_CURVE('1:6796',#1944,#1948,#1950,.T.);
#1679=EDGE_CURVE('',#1951,#1952,#1953,.T.);
#1680=EDGE_CURVE('1:6859',#1954,#1951,#1955,.T.);
#1681=EDGE_CURVE('1:6850',#1956,#1954,#1957,.T.);
#1682=EDGE_CURVE('1:6805',#1952,#1956,#1958,.T.);
#1683=EDGE_CURVE('',#1959,#1960,#1961,.T.);
#1684=EDGE_CURVE('1:6817',#1956,#1959,#1962,.T.);
#1685=EDGE_CURVE('1:6853',#1960,#1954,#1963,.T.);
#1686=EDGE_CURVE('',#1964,#1965,#1966,.T.);
#1687=EDGE_CURVE('1:6763',#1964,#1967,#1968,.T.);
#1688=EDGE_CURVE('1:6826',#1969,#1967,#1970,.T.);
#1689=EDGE_CURVE('1:6838',#1969,#1965,#1971,.T.);
#1690=EDGE_CURVE('',#1941,#1972,#1973,.T.);
#1691=EDGE_CURVE('1:6820',#1974,#1934,#1975,.T.);
#1692=EDGE_CURVE('1:6766',#1974,#1972,#1976,.T.);
#1693=EDGE_CURVE('',#1977,#1978,#1979,.T.);
#1694=EDGE_CURVE('1:6823',#1977,#1980,#1981,.T.);
#1695=EDGE_CURVE('1:6808',#1982,#1980,#1983,.T.);
#1696=EDGE_CURVE('1:6769',#1982,#1978,#1984,.T.);
#1697=EDGE_CURVE('',#1985,#1959,#1986,.T.);
#1698=EDGE_CURVE('1:6757',#1985,#1987,#1988,.T.);
#1699=EDGE_CURVE('1:6802',#1956,#1987,#1989,.T.);
#1700=EDGE_CURVE('',#1990,#1952,#1991,.T.);
#1701=EDGE_CURVE('1:6754',#1990,#1992,#1993,.T.);
#1702=EDGE_CURVE('1:6799',#1948,#1992,#1994,.T.);
#1703=EDGE_CURVE('1:6805',#1948,#1952,#1995,.T.);
#1704=EDGE_CURVE('',#1944,#1996,#1997,.T.);
#1705=EDGE_CURVE('1:6751',#1992,#1996,#1998,.T.);
#1706=EDGE_CURVE('',#1999,#1856,#2000,.T.);
#1707=EDGE_CURVE('1:6778',#2001,#1999,#2002,.T.);
#1708=EDGE_CURVE('',#2003,#2001,#2004,.T.);
#1709=EDGE_CURVE('1:6790',#1880,#2003,#2005,.T.);
#1710=EDGE_CURVE('1:6781',#1858,#1884,#2006,.T.);
#1711=EDGE_CURVE('',#2001,#2007,#2008,.T.);
#1712=EDGE_CURVE('',#2009,#1999,#2010,.T.);
#1713=EDGE_CURVE('1:6748',#2009,#2007,#2011,.T.);
#1714=EDGE_CURVE('',#2012,#2013,#2014,.T.);
#1715=EDGE_CURVE('1:6775',#2015,#2012,#2016,.F.);
#1716=EDGE_CURVE('',#2017,#2015,#2018,.T.);
#1717=EDGE_CURVE('1:6742',#2013,#2017,#2019,.T.);
#1718=EDGE_CURVE('',#2017,#2020,#2021,.T.);
#1719=EDGE_CURVE('1:6742',#2017,#2013,#2022,.T.);
#1720=EDGE_CURVE('',#2023,#2013,#2024,.T.);
#1721=EDGE_CURVE('1:6745',#2023,#2020,#2025,.T.);
#1722=EDGE_CURVE('1:6745',#2020,#2023,#2026,.T.);
#1723=EDGE_CURVE('1:6748',#2007,#2009,#2027,.T.);
#1724=EDGE_CURVE('1:6754',#1987,#1990,#2028,.T.);
#1725=EDGE_CURVE('1:6757',#2029,#1985,#2030,.T.);
#1726=EDGE_CURVE('1:6760',#1967,#2029,#2031,.T.);
#1727=EDGE_CURVE('1:6763',#2032,#1964,#2033,.T.);
#1728=EDGE_CURVE('1:6766',#1972,#2032,#2034,.T.);
#1729=EDGE_CURVE('1:6769',#1978,#1974,#2035,.T.);
#1730=EDGE_CURVE('1:6772',#2036,#1982,#2037,.T.);
#1731=EDGE_CURVE('1:6751',#1996,#2036,#2038,.T.);
#1732=EDGE_CURVE('1:6775',#2012,#2015,#2039,.F.);
#1733=EDGE_CURVE('1:6778',#1999,#2001,#2040,.T.);
#1734=EDGE_CURVE('1:6784',#1866,#1853,#2041,.T.);
#1735=EDGE_CURVE('1:6787',#2042,#1866,#2043,.T.);
#1736=EDGE_CURVE('1:6790',#2003,#2042,#2044,.T.);
#1737=EDGE_CURVE('1:6793',#2036,#2045,#2046,.T.);
#1738=EDGE_CURVE('1:6796',#2045,#1944,#2047,.T.);
#1739=EDGE_CURVE('1:6811',#1980,#2045,#2048,.T.);
#1740=EDGE_CURVE('1:6817',#1959,#2049,#2050,.T.);
#1741=EDGE_CURVE('1:6814',#2049,#2029,#2051,.T.);
#1742=EDGE_CURVE('1:6823',#1934,#1977,#2052,.T.);
#1743=EDGE_CURVE('1:6829',#2049,#1969,#2053,.T.);
#1744=EDGE_CURVE('1:6832',#2032,#2054,#2055,.T.);
#1745=EDGE_CURVE('1:6835',#2054,#1938,#2056,.T.);
#1746=EDGE_CURVE('1:6838',#1965,#2054,#2057,.T.);
#1747=EDGE_CURVE('1:6841',#1892,#2049,#2058,.T.);
#1748=EDGE_CURVE('1:6847',#1890,#1969,#2059,.T.);
#1749=EDGE_CURVE('1:6853',#1892,#1960,#2060,.T.);
#1750=EDGE_CURVE('1:6859',#1951,#1946,#2061,.T.);
#1751=EDGE_CURVE('1:6862',#2045,#1928,#2062,.T.);
#1752=EDGE_CURVE('1:6868',#2063,#1980,#2064,.T.);
#1753=EDGE_CURVE('1:6871',#1928,#2063,#2065,.T.);
#1754=EDGE_CURVE('1:6877',#2063,#1910,#2066,.T.);
#1755=EDGE_CURVE('1:6880',#2067,#2054,#2068,.T.);
#1756=EDGE_CURVE('1:6883',#1937,#2067,#2069,.T.);
#1757=EDGE_CURVE('1:6886',#2067,#1890,#2070,.T.);
#1758=EDGE_CURVE('1:6892',#1924,#2071,#2072,.T.);
#1759=EDGE_CURVE('1:6895',#2071,#1946,#2073,.T.);
#1760=EDGE_CURVE('1:6898',#2063,#1915,#2074,.T.);
#1761=EDGE_CURVE('1:6904',#2075,#1954,#2076,.T.);
#1762=EDGE_CURVE('1:6907',#2071,#2075,#2077,.T.);
#1763=EDGE_CURVE('1:6910',#2078,#1888,#2079,.T.);
#1764=EDGE_CURVE('1:6913',#2075,#2078,#2080,.T.);
#1765=EDGE_CURVE('1:6919',#1911,#1918,#2081,.T.);
#1766=EDGE_CURVE('1:6922',#2067,#2082,#2083,.T.);
#1767=EDGE_CURVE('1:6925',#2082,#1903,#2084,.T.);
#1768=EDGE_CURVE('1:6931',#2078,#2085,#2086,.T.);
#1769=EDGE_CURVE('1:6928',#2085,#1887,#2087,.T.);
#1770=EDGE_CURVE('1:6934',#2085,#2082,#2088,.T.);
#1771=EDGE_CURVE('1:6937',#1876,#1879,#2089,.T.);
#1772=EDGE_CURVE('1:6943',#2090,#1874,#2091,.T.);
#1773=EDGE_CURVE('1:6946',#1824,#2090,#2092,.T.);
#1774=EDGE_CURVE('1:6949',#2093,#1821,#2094,.T.);
#1775=EDGE_CURVE('1:6952',#1815,#2093,#2095,.T.);
#1776=EDGE_CURVE('1:6955',#2096,#1818,#2097,.T.);
#1777=EDGE_CURVE('1:6958',#1882,#2096,#2098,.T.);
#1778=EDGE_CURVE('1:6964',#1882,#1858,#2099,.T.);
#1779=EDGE_CURVE('1:6967',#1876,#2042,#2100,.T.);
#1780=EDGE_CURVE('1:6970',#1866,#1871,#2101,.T.);
#1781=EDGE_CURVE('1:6973',#1807,#2096,#2102,.T.);
#1782=EDGE_CURVE('1:6976',#1811,#1858,#2103,.T.);
#1783=EDGE_CURVE('1:6988',#2104,#1829,#2105,.T.);
#1784=EDGE_CURVE('1:6991',#2104,#1860,#2106,.T.);
#1785=EDGE_CURVE('1:6997',#1864,#1837,#2107,.T.);
#1786=EDGE_CURVE('1:7000',#1801,#1834,#2108,.T.);
#1787=EDGE_CURVE('1:7003',#1854,#1868,#2109,.T.);
#1788=EDGE_CURVE('1:7012',#1826,#2110,#2111,.T.);
#1789=EDGE_CURVE('1:7015',#2110,#1849,#2112,.T.);
#1790=EDGE_CURVE('1:7018',#1803,#1835,#2113,.T.);
#1791=EDGE_CURVE('1:7021',#1839,#2110,#2114,.T.);
#1792=EDGE_CURVE('1:7024',#1803,#1826,#2115,.T.);
#1793=EDGE_CURVE('1:7033',#1842,#2116,#2117,.T.);
#1794=EDGE_CURVE('1:7027',#2116,#1830,#2118,.T.);
#1795=EDGE_CURVE('1:7045',#2116,#2104,#2119,.T.);
#1796=EDGE_CURVE('1:7048',#1844,#2093,#2120,.T.);
#1797=EDGE_CURVE('1:7057',#2090,#1799,#2121,.T.);
#1798=VERTEX_POINT('',#2122);
#1799=VERTEX_POINT('',#2123);
#1800=LINE('',#2124,#2125);
#1801=VERTEX_POINT('',#2126);
#1802=CIRCLE('',#2127,0.000600000000000003);
#1803=VERTEX_POINT('',#2128);
#1804=LINE('',#2129,#2130);
#1805=CIRCLE('',#2131,0.000600000000000003);
#1806=VERTEX_POINT('',#2132);
#1807=VERTEX_POINT('',#2133);
#1808=LINE('',#2134,#2135);
#1809=VERTEX_POINT('',#2136);
#1810=CIRCLE('',#2137,0.000600000000000006);
#1811=VERTEX_POINT('',#2138);
#1812=LINE('',#2139,#2140);
#1813=CIRCLE('',#2141,0.000600000000000006);
#1814=VERTEX_POINT('',#2142);
#1815=VERTEX_POINT('',#2143);
#1816=CIRCLE('',#2144,0.0006);
#1817=CIRCLE('',#2145,0.005);
#1818=VERTEX_POINT('',#2146);
#1819=CIRCLE('',#2147,0.000600000000000006);
#1820=CIRCLE('',#2148,0.0056);
#1821=VERTEX_POINT('',#2149);
#1822=VERTEX_POINT('',#2150);
#1823=CIRCLE('',#2151,0.0006);
#1824=VERTEX_POINT('',#2152);
#1825=CIRCLE('',#2153,0.0312319660112501);
#1826=VERTEX_POINT('',#2154);
#1827=CIRCLE('',#2155,0.000600000000000003);
#1828=CIRCLE('',#2156,0.0306319660112501);
#1829=VERTEX_POINT('',#2157);
#1830=VERTEX_POINT('',#2158);
#1831=LINE('',#2159,#2160);
#1832=CIRCLE('',#2161,0.000800000000000002);
#1833=CIRCLE('',#2162,0.000800000000000002);
#1834=VERTEX_POINT('',#2163);
#1835=VERTEX_POINT('',#2164);
#1836=LINE('',#2165,#2166);
#1837=VERTEX_POINT('',#2167);
#1838=CIRCLE('',#2168,0.000800000000000011);
#1839=VERTEX_POINT('',#2169);
#1840=LINE('',#2170,#2171);
#1841=CIRCLE('',#2172,0.000799999999999982);
#1842=VERTEX_POINT('',#2173);
#1843=CIRCLE('',#2174,0.0008);
#1844=VERTEX_POINT('',#2175);
#1845=CIRCLE('',#2176,0.005);
#1846=VERTEX_POINT('',#2177);
#1847=CIRCLE('',#2178,0.000800000000000002);
#1848=CIRCLE('',#2179,0.0042);
#1849=VERTEX_POINT('',#2180);
#1850=CIRCLE('',#2181,0.0008);
#1851=CIRCLE('',#2182,0.0298319660112501);
#1852=CIRCLE('',#2183,0.0306319660112501);
#1853=VERTEX_POINT('',#2184);
#1854=VERTEX_POINT('',#2185);
#1855=CIRCLE('',#2186,0.0008);
#1856=VERTEX_POINT('',#2187);
#1857=CIRCLE('',#2188,0.02);
#1858=VERTEX_POINT('',#2189);
#1859=CIRCLE('',#2190,0.02);
#1860=VERTEX_POINT('',#2191);
#1861=CIRCLE('',#2192,0.000800000000000002);
#1862=CIRCLE('',#2193,0.0208);
#1863=VERTEX_POINT('',#2194);
#1864=VERTEX_POINT('',#2195);
#1865=CIRCLE('',#2196,0.0008);
#1866=VERTEX_POINT('',#2197);
#1867=CIRCLE('',#2198,0.005);
#1868=VERTEX_POINT('',#2199);
#1869=CIRCLE('',#2200,0.0008);
#1870=CIRCLE('',#2201,0.0042);
#1871=VERTEX_POINT('',#2202);
#1872=CIRCLE('',#2203,0.0006);
#1873=CIRCLE('',#2204,0.005);
#1874=VERTEX_POINT('',#2205);
#1875=CIRCLE('',#2206,0.000600000000000003);
#1876=VERTEX_POINT('',#2207);
#1877=CIRCLE('',#2208,0.0056);
#1878=B_SPLINE_CURVE_WITH_KNOTS('',3,(#2209,#2210,#2211,#2212,#2213,#2214,#2215,#2216,#2217,#2218,#2219,#2220,#2221,#2222,#2223,#2224,#2225,#2226,#2227,#2228),.UNSPECIFIED.,.F.,.F.,(4,2,2,2,2,2,2,2,2,4),(-0.00979182126038287,-0.00978361064398351,-0.0090065906682428,-0.00824515494253122,-0.00776925761396148,-0.00747182178360539,-0.00717438595324931,-0.00669848862467957,-0.00593705289896799,-0.00515182230682792),.UNSPECIFIED.);
#1879=VERTEX_POINT('',#2229);
#1880=VERTEX_POINT('',#2230);
#1881=CIRCLE('',#2231,0.0015);
#1882=VERTEX_POINT('',#2232);
#1883=CIRCLE('',#2233,0.0215);
#1884=VERTEX_POINT('',#2234);
#1885=CIRCLE('',#2235,0.0015);
#1886=CIRCLE('',#2236,0.02);
#1887=VERTEX_POINT('',#2237);
#1888=VERTEX_POINT('',#2238);
#1889=LINE('',#2239,#2240);
#1890=VERTEX_POINT('',#2241);
#1891=CIRCLE('',#2242,0.001);
#1892=VERTEX_POINT('',#2243);
#1893=LINE('',#2244,#2245);
#1894=CIRCLE('',#2246,0.001);
#1895=VERTEX_POINT('',#2247);
#1896=VERTEX_POINT('',#2248);
#1897=CIRCLE('',#2249,0.001);
#1898=VERTEX_POINT('',#2250);
#1899=CIRCLE('',#2251,0.0345);
#1900=VERTEX_POINT('',#2252);
#1901=CIRCLE('',#2253,0.00100000000000004);
#1902=CIRCLE('',#2254,0.0355);
#1903=VERTEX_POINT('',#2255);
#1904=VERTEX_POINT('',#2256);
#1905=CIRCLE('',#2257,0.001);
#1906=CIRCLE('',#2258,0.0345);
#1907=VERTEX_POINT('',#2259);
#1908=CIRCLE('',#2260,0.0355);
#1909=CIRCLE('',#2261,0.0355);
#1910=VERTEX_POINT('',#2262);
#1911=VERTEX_POINT('',#2263);
#1912=CIRCLE('',#2264,0.001);
#1913=CIRCLE('',#2265,0.00399999999878708);
#1914=CIRCLE('',#2266,0.00499999999878708);
#1915=VERTEX_POINT('',#2267);
#1916=VERTEX_POINT('',#2268);
#1917=LINE('',#2269,#2270);
#1918=VERTEX_POINT('',#2271);
#1919=CIRCLE('',#2272,0.00100000000000002);
#1920=VERTEX_POINT('',#2273);
#1921=LINE('',#2274,#2275);
#1922=CIRCLE('',#2276,0.000999999999999997);
#1923=VERTEX_POINT('',#2277);
#1924=VERTEX_POINT('',#2278);
#1925=CIRCLE('',#2279,0.001);
#1926=VERTEX_POINT('',#2280);
#1927=CIRCLE('',#2281,0.007);
#1928=VERTEX_POINT('',#2282);
#1929=CIRCLE('',#2283,0.007);
#1930=CIRCLE('',#2284,0.000999999999999997);
#1931=CIRCLE('',#2285,0.006);
#1932=VERTEX_POINT('',#2286);
#1933=LINE('',#2287,#2288);
#1934=VERTEX_POINT('',#2289);
#1935=LINE('',#2290,#2291);
#1936=CIRCLE('',#2292,0.0355);
#1937=VERTEX_POINT('',#2293);
#1938=VERTEX_POINT('',#2294);
#1939=LINE('',#2295,#2296);
#1940=CIRCLE('',#2297,0.0355);
#1941=VERTEX_POINT('',#2298);
#1942=CIRCLE('',#2299,0.0355);
#1943=CIRCLE('',#2300,0.0355);
#1944=VERTEX_POINT('',#2301);
#1945=LINE('',#2302,#2303);
#1946=VERTEX_POINT('',#2304);
#1947=CIRCLE('',#2305,0.007);
#1948=VERTEX_POINT('',#2306);
#1949=LINE('',#2307,#2308);
#1950=CIRCLE('',#2309,0.007);
#1951=VERTEX_POINT('',#2310);
#1952=VERTEX_POINT('',#2311);
#1953=LINE('',#2312,#2313);
#1954=VERTEX_POINT('',#2314);
#1955=CIRCLE('',#2315,0.042);
#1956=VERTEX_POINT('',#2316);
#1957=LINE('',#2317,#2318);
#1958=CIRCLE('',#2319,0.042);
#1959=VERTEX_POINT('',#2320);
#1960=VERTEX_POINT('',#2321);
#1961=LINE('',#2322,#2323);
#1962=CIRCLE('',#2324,0.007);
#1963=CIRCLE('',#2325,0.007);
#1964=VERTEX_POINT('',#2326);
#1965=VERTEX_POINT('',#2327);
#1966=LINE('',#2328,#2329);
#1967=VERTEX_POINT('',#2330);
#1968=CIRCLE('',#2331,0.00549999999880306);
#1969=VERTEX_POINT('',#2332);
#1970=LINE('',#2333,#2334);
#1971=CIRCLE('',#2335,0.00399999999880306);
#1972=VERTEX_POINT('',#2336);
#1973=LINE('',#2337,#2338);
#1974=VERTEX_POINT('',#2339);
#1975=LINE('',#2340,#2341);
#1976=CIRCLE('',#2342,0.034);
#1977=VERTEX_POINT('',#2343);
#1978=VERTEX_POINT('',#2344);
#1979=LINE('',#2345,#2346);
#1980=VERTEX_POINT('',#2347);
#1981=CIRCLE('',#2348,0.00399999999878708);
#1982=VERTEX_POINT('',#2349);
#1983=LINE('',#2350,#2351);
#1984=CIRCLE('',#2352,0.00549999999878708);
#1985=VERTEX_POINT('',#2353);
#1986=LINE('',#2354,#2355);
#1987=VERTEX_POINT('',#2356);
#1988=CIRCLE('',#2357,0.00550000000000001);
#1989=LINE('',#2358,#2359);
#1990=VERTEX_POINT('',#2360);
#1991=LINE('',#2361,#2362);
#1992=VERTEX_POINT('',#2363);
#1993=CIRCLE('',#2364,0.0405);
#1994=LINE('',#2365,#2366);
#1995=CIRCLE('',#2367,0.042);
#1996=VERTEX_POINT('',#2368);
#1997=LINE('',#2369,#2370);
#1998=CIRCLE('',#2371,0.00550000000000001);
#1999=VERTEX_POINT('',#2372);
#2000=LINE('',#2373,#2374);
#2001=VERTEX_POINT('',#2375);
#2002=CIRCLE('',#2376,0.02);
#2003=VERTEX_POINT('',#2377);
#2004=LINE('',#2378,#2379);
#2005=CIRCLE('',#2380,0.02);
#2006=B_SPLINE_CURVE_WITH_KNOTS('',3,(#2381,#2382,#2383,#2384,#2385,#2386,#2387,#2388,#2389,#2390,#2391,#2392,#2393,#2394,#2395,#2396,#2397,#2398,#2399,#2400),.UNSPECIFIED.,.F.,.F.,(4,2,2,2,2,2,2,2,2,4),(-8.21061639975427E-06,0.0,0.000777019975740395,0.00153845570145205,0.00201435303002184,0.00231178886037796,0.00260922469073407,0.00308512201930386,0.00384655774501552,0.00463178833715567),.UNSPECIFIED.);
#2007=VERTEX_POINT('',#2401);
#2008=LINE('',#2402,#2403);
#2009=VERTEX_POINT('',#2404);
#2010=LINE('',#2405,#2406);
#2011=CIRCLE('',#2407,0.0215);
#2012=VERTEX_POINT('',#2408);
#2013=VERTEX_POINT('',#2409);
#2014=LINE('',#2410,#2411);
#2015=VERTEX_POINT('',#2412);
#2016=CIRCLE('',#2413,0.00225);
#2017=VERTEX_POINT('',#2414);
#2018=LINE('',#2415,#2416);
#2019=CIRCLE('',#2417,0.00225);
#2020=VERTEX_POINT('',#2418);
#2021=LINE('',#2419,#2420);
#2022=CIRCLE('',#2421,0.00225);
#2023=VERTEX_POINT('',#2422);
#2024=LINE('',#2423,#2424);
#2025=CIRCLE('',#2425,0.00485000000000001);
#2026=CIRCLE('',#2426,0.00485000000000001);
#2027=CIRCLE('',#2427,0.0215);
#2028=CIRCLE('',#2428,0.0405);
#2029=VERTEX_POINT('',#2429);
#2030=CIRCLE('',#2430,0.00550000000000001);
#2031=LINE('',#2431,#2432);
#2032=VERTEX_POINT('',#2433);
#2033=CIRCLE('',#2434,0.00549999999880306);
#2034=CIRCLE('',#2435,0.034);
#2035=CIRCLE('',#2436,0.00549999999878708);
#2036=VERTEX_POINT('',#2437);
#2037=LINE('',#2438,#2439);
#2038=CIRCLE('',#2440,0.00550000000000001);
#2039=CIRCLE('',#2441,0.00225);
#2040=CIRCLE('',#2442,0.02);
#2041=CIRCLE('',#2443,0.02);
#2042=VERTEX_POINT('',#2444);
#2043=B_SPLINE_CURVE_WITH_KNOTS('',3,(#2445,#2446,#2447,#2448,#2449,#2450,#2451,#2452,#2453,#2454,#2455,#2456),.UNSPECIFIED.,.F.,.F.,(4,2,2,2,2,4),(0.00515182230682792,0.00574669396754009,0.00669848862467957,0.00822136007610273,0.00978361064398351,0.00979182126038287),.UNSPECIFIED.);
#2044=CIRCLE('',#2457,0.02);
#2045=VERTEX_POINT('',#2458);
#2046=LINE('',#2459,#2460);
#2047=CIRCLE('',#2461,0.007);
#2048=LINE('',#2462,#2463);
#2049=VERTEX_POINT('',#2464);
#2050=CIRCLE('',#2465,0.007);
#2051=LINE('',#2466,#2467);
#2052=CIRCLE('',#2468,0.00399999999878708);
#2053=LINE('',#2469,#2470);
#2054=VERTEX_POINT('',#2471);
#2055=LINE('',#2472,#2473);
#2056=CIRCLE('',#2474,0.0355);
#2057=CIRCLE('',#2475,0.00399999999880306);
#2058=LINE('',#2476,#2477);
#2059=LINE('',#2478,#2479);
#2060=CIRCLE('',#2480,0.007);
#2061=CIRCLE('',#2481,0.042);
#2062=LINE('',#2482,#2483);
#2063=VERTEX_POINT('',#2484);
#2064=LINE('',#2485,#2486);
#2065=LINE('',#2487,#2488);
#2066=CIRCLE('',#2489,0.00399999999878708);
#2067=VERTEX_POINT('',#2490);
#2068=LINE('',#2491,#2492);
#2069=CIRCLE('',#2493,0.0355);
#2070=CIRCLE('',#2494,0.00399999999880306);
#2071=VERTEX_POINT('',#2495);
#2072=CIRCLE('',#2496,0.006);
#2073=CIRCLE('',#2497,0.001);
#2074=CIRCLE('',#2498,0.00100000000000002);
#2075=VERTEX_POINT('',#2499);
#2076=CIRCLE('',#2500,0.001);
#2077=CIRCLE('',#2501,0.041);
#2078=VERTEX_POINT('',#2502);
#2079=CIRCLE('',#2503,0.001);
#2080=CIRCLE('',#2504,0.006);
#2081=CIRCLE('',#2505,0.00499999999878708);
#2082=VERTEX_POINT('',#2506);
#2083=CIRCLE('',#2507,0.001);
#2084=CIRCLE('',#2508,0.0345);
#2085=VERTEX_POINT('',#2509);
#2086=LINE('',#2510,#2511);
#2087=CIRCLE('',#2512,0.001);
#2088=CIRCLE('',#2513,0.00499999999880306);
#2089=CIRCLE('',#2514,0.0215);
#2090=VERTEX_POINT('',#2515);
#2091=LINE('',#2516,#2517);
#2092=CIRCLE('',#2518,0.0056);
#2093=VERTEX_POINT('',#2519);
#2094=CIRCLE('',#2520,0.0312319660112501);
#2095=CIRCLE('',#2521,0.0056);
#2096=VERTEX_POINT('',#2522);
#2097=LINE('',#2523,#2524);
#2098=CIRCLE('',#2525,0.0056);
#2099=B_SPLINE_CURVE_WITH_KNOTS('',3,(#2526,#2527,#2528,#2529,#2530,#2531,#2532,#2533,#2534,#2535,#2536,#2537),.UNSPECIFIED.,.F.,.F.,(4,2,2,2,2,4),(-0.00463178833715567,-0.00403691667644343,-0.00308512201930386,-0.00156225056788054,-0.0,8.21061639975427E-06),.UNSPECIFIED.);
#2100=CIRCLE('',#2538,0.0015);
#2101=B_SPLINE_CURVE_WITH_KNOTS('',3,(#2539,#2540,#2541,#2542,#2543,#2544,#2545,#2546,#2547,#2548,#2549,#2550,#2551,#2552,#2553,#2554,#2555,#2556,#2557,#2558),.UNSPECIFIED.,.F.,.F.,(4,2,2,2,2,2,2,2,2,4),(-0.00979182126038287,-0.00978361064398351,-0.0090065906682428,-0.00824515494253122,-0.00776925761396148,-0.00747182178360539,-0.00717438595324931,-0.00669848862467957,-0.00593705289896799,-0.00515182230682792),.UNSPECIFIED.);
#2102=CIRCLE('',#2559,0.000600000000000006);
#2103=CIRCLE('',#2560,0.005);
#2104=VERTEX_POINT('',#2561);
#2105=CIRCLE('',#2562,0.000800000000000002);
#2106=CIRCLE('',#2563,0.0042);
#2107=CIRCLE('',#2564,0.0042);
#2108=CIRCLE('',#2565,0.000800000000000011);
#2109=CIRCLE('',#2566,0.0208);
#2110=VERTEX_POINT('',#2567);
#2111=CIRCLE('',#2568,0.000799999999999985);
#2112=CIRCLE('',#2569,0.0298319660112501);
#2113=CIRCLE('',#2570,0.000799999999999982);
#2114=CIRCLE('',#2571,0.0042);
#2115=CIRCLE('',#2572,0.005);
#2116=VERTEX_POINT('',#2573);
#2117=CIRCLE('',#2574,0.0042);
#2118=CIRCLE('',#2575,0.000800000000000002);
#2119=LINE('',#2576,#2577);
#2120=CIRCLE('',#2578,0.000599999999999996);
#2121=CIRCLE('',#2579,0.000600000000000003);
#2122=CARTESIAN_POINT('',(-0.0801221117178968,0.0475542640687119,-0.087765869729783));
#2123=CARTESIAN_POINT('',(-0.0805095481752668,0.0475542640687119,-0.0882800152742428));
#2124=CARTESIAN_POINT('',(-0.0803158299465818,0.0475542640687119,-0.0880229425020129));
#2125=VECTOR('',#2580,1.0);
#2126=CARTESIAN_POINT('',(-0.0802624606730147,0.04713,-0.0876601092062263));
#2127=AXIS2_PLACEMENT_3D('',#2581,#2582,#2583);
#2128=CARTESIAN_POINT('',(-0.0806498971303847,0.04713,-0.088174254750686));
#2129=CARTESIAN_POINT('',(-0.0660760541620726,0.04713,-0.0688341119084784));
#2130=VECTOR('',#2584,0.999999999999999);
#2131=AXIS2_PLACEMENT_3D('',#2585,#2586,#2587);
#2132=CARTESIAN_POINT('',(-0.0502102064080527,0.0475542640687119,-0.0480714306835542));
#2133=CARTESIAN_POINT('',(-0.0505976428654226,0.0475542640687119,-0.048585576228014));
#2134=CARTESIAN_POINT('',(-0.0504039246367376,0.0475542640687119,-0.0483285034557841));
#2135=VECTOR('',#2588,1.0);
#2136=CARTESIAN_POINT('',(-0.0503505553631705,0.04713,-0.0479656701599974));
#2137=AXIS2_PLACEMENT_3D('',#2589,#2590,#2591);
#2138=CARTESIAN_POINT('',(-0.0507379918205405,0.04713,-0.0484798157044572));
#2139=CARTESIAN_POINT('',(-0.0660760541620726,0.04713,-0.0688341119084784));
#2140=VECTOR('',#2592,0.999999999999999);
#2141=AXIS2_PLACEMENT_3D('',#2593,#2594,#2595);
#2142=CARTESIAN_POINT('',(-0.0493923925696991,0.04713,-0.0442607295394369));
#2143=CARTESIAN_POINT('',(-0.0487982317284542,0.04773,-0.0441772256788608));
#2144=AXIS2_PLACEMENT_3D('',#2596,#2597,#2598);
#2145=AXIS2_PLACEMENT_3D('',#2599,#2600,#2601);
#2146=CARTESIAN_POINT('',(-0.0498713740571422,0.04773,-0.0483267591738887));
#2147=AXIS2_PLACEMENT_3D('',#2602,#2603,#2604);
#2148=AXIS2_PLACEMENT_3D('',#2605,#2606,#2607);
#2149=CARTESIAN_POINT('',(-0.0965661891393855,0.04773,-0.0723126635827767));
#2150=CARTESIAN_POINT('',(-0.0959720282981405,0.04713,-0.0722291597222007));
#2151=AXIS2_PLACEMENT_3D('',#2608,#2609,#2610);
#2152=CARTESIAN_POINT('',(-0.0887952128157919,0.04773,-0.0889228050694869));
#2153=AXIS2_PLACEMENT_3D('',#2611,#2612,#2613);
#2154=CARTESIAN_POINT('',(-0.0883503408727379,0.04713,-0.0885202023443554));
#2155=AXIS2_PLACEMENT_3D('',#2614,#2615,#2616);
#2156=AXIS2_PLACEMENT_3D('',#2617,#2618,#2619);
#2157=CARTESIAN_POINT('',(-0.0509251237606977,0.0465643145750508,-0.0483388016730482));
#2158=CARTESIAN_POINT('',(-0.0505376873033277,0.0465643145750508,-0.0478246561285884));
#2159=CARTESIAN_POINT('',(-0.0507314055320127,0.0465643145750508,-0.0480817289008183));
#2160=VECTOR('',#2620,1.0);
#2161=AXIS2_PLACEMENT_3D('',#2621,#2622,#2623);
#2162=AXIS2_PLACEMENT_3D('',#2624,#2625,#2626);
#2163=CARTESIAN_POINT('',(-0.0804495926131719,0.0465643145750508,-0.0875190951748172));
#2164=CARTESIAN_POINT('',(-0.0808370290705419,0.0465643145750508,-0.088033240719277));
#2165=CARTESIAN_POINT('',(-0.0806433108418569,0.0465643145750508,-0.0877761679470471));
#2166=VECTOR('',#2627,1.0);
#2167=CARTESIAN_POINT('',(-0.0809013690810526,0.04633,-0.0871786571877046));
#2168=AXIS2_PLACEMENT_3D('',#2628,#2629,#2630);
#2169=CARTESIAN_POINT('',(-0.0812888055384225,0.04633,-0.0876928027321644));
#2170=CARTESIAN_POINT('',(-0.0667149625701104,0.04633,-0.0683526598899568));
#2171=VECTOR('',#2631,0.999999999999999);
#2172=AXIS2_PLACEMENT_3D('',#2632,#2633,#2634);
#2173=CARTESIAN_POINT('',(-0.0501846070246924,0.04633,-0.0443720680202049));
#2174=AXIS2_PLACEMENT_3D('',#2635,#2636,#2637);
#2175=CARTESIAN_POINT('',(-0.052140539144334,0.04713,-0.0404681724687751));
#2176=AXIS2_PLACEMENT_3D('',#2638,#2639,#2640);
#2177=CARTESIAN_POINT('',(-0.0524930501473857,0.04633,-0.041186320080849));
#2178=AXIS2_PLACEMENT_3D('',#2641,#2642,#2643);
#2179=AXIS2_PLACEMENT_3D('',#2644,#2645,#2646);
#2180=CARTESIAN_POINT('',(-0.0951798138431473,0.04633,-0.0721178212414326));
#2181=AXIS2_PLACEMENT_3D('',#2647,#2648,#2649);
#2182=AXIS2_PLACEMENT_3D('',#2650,#2651,#2652);
#2183=AXIS2_PLACEMENT_3D('',#2653,#2654,#2655);
#2184=CARTESIAN_POINT('',(-0.0854435318492539,0.04713,-0.0707494760431129));
#2185=CARTESIAN_POINT('',(-0.0862357463042472,0.04633,-0.070860814523881));
#2186=AXIS2_PLACEMENT_3D('',#2656,#2657,#2658);
#2187=CARTESIAN_POINT('',(-0.0684216324936238,0.04713,-0.0481606526490802));
#2188=AXIS2_PLACEMENT_3D('',#2659,#2660,#2661);
#2189=CARTESIAN_POINT('',(-0.0569125695915061,0.04713,-0.0499697952757399));
#2190=AXIS2_PLACEMENT_3D('',#2662,#2663,#2664);
#2191=CARTESIAN_POINT('',(-0.0565635455561894,0.04633,-0.049249946525813));
#2192=AXIS2_PLACEMENT_3D('',#2665,#2666,#2667);
#2193=AXIS2_PLACEMENT_3D('',#2668,#2669,#2670);
#2194=CARTESIAN_POINT('',(-0.0793042978795434,0.04713,-0.0839551685856657));
#2195=CARTESIAN_POINT('',(-0.0800965123345366,0.04633,-0.0840665070664338));
#2196=AXIS2_PLACEMENT_3D('',#2671,#2672,#2673);
#2197=CARTESIAN_POINT('',(-0.0805321446734855,0.04713,-0.0813140300771552));
#2198=AXIS2_PLACEMENT_3D('',#2674,#2675,#2676);
#2199=CARTESIAN_POINT('',(-0.081127903641448,0.04633,-0.0818479507192849));
#2200=AXIS2_PLACEMENT_3D('',#2677,#2678,#2679);
#2201=AXIS2_PLACEMENT_3D('',#2680,#2681,#2682);
#2202=CARTESIAN_POINT('',(-0.0790545309410196,0.0476189275439357,-0.0839200661316443));
#2203=AXIS2_PLACEMENT_3D('',#2683,#2684,#2685);
#2204=AXIS2_PLACEMENT_3D('',#2686,#2687,#2688);
#2205=CARTESIAN_POINT('',(-0.0797832793669864,0.04773,-0.0880211982201175));
#2206=AXIS2_PLACEMENT_3D('',#2689,#2690,#2691);
#2207=CARTESIAN_POINT('',(-0.0786710031518466,0.04773,-0.0850655833869765));
#2208=AXIS2_PLACEMENT_3D('',#2692,#2693,#2694);
#2209=CARTESIAN_POINT('',(-0.0805321446734846,0.0471300000000002,-0.0813140300771561));
#2210=CARTESIAN_POINT('',(-0.080530141973074,0.0471305012860946,-0.081316264728967));
#2211=CARTESIAN_POINT('',(-0.0805281408148078,0.047131002572618,-0.0813185007662984));
#2212=CARTESIAN_POINT('',(-0.080336906408625,0.047178943468145,-0.081532477950747));
#2213=CARTESIAN_POINT('',(-0.0801599307632776,0.0472268795573372,-0.0817590325965063));
#2214=CARTESIAN_POINT('',(-0.0798445084962745,0.0473200377330615,-0.0822203422590572));
#2215=CARTESIAN_POINT('',(-0.0797053668072423,0.0473652900075648,-0.0824545958002246));
#2216=CARTESIAN_POINT('',(-0.0795073206441071,0.0474352876223144,-0.0828309623465632));
#2217=CARTESIAN_POINT('',(-0.0794377879484976,0.0474613597280528,-0.0829746934327807));
#2218=CARTESIAN_POINT('',(-0.0793344011816543,0.0475018264547762,-0.0832038791346976));
#2219=CARTESIAN_POINT('',(-0.0792969346011333,0.0475169338490459,-0.0832909841671646));
#2220=CARTESIAN_POINT('',(-0.0792260854466486,0.0475460785970968,-0.083462496939324));
#2221=CARTESIAN_POINT('',(-0.0791927014632276,0.0475601160905916,-0.0835469047758098));
#2222=CARTESIAN_POINT('',(-0.0791104567395987,0.0475950142804654,-0.0837622808148542));
#2223=CARTESIAN_POINT('',(-0.0790643254203123,0.0476149186051902,-0.083890777027294));
#2224=CARTESIAN_POINT('',(-0.078952801380781,0.0476616546946677,-0.0842130361827063));
#2225=CARTESIAN_POINT('',(-0.078892216285918,0.0476855884288591,-0.084400197323325));
#2226=CARTESIAN_POINT('',(-0.0787769959078871,0.0477201011998285,-0.0847540273653892));
#2227=CARTESIAN_POINT('',(-0.078722929263833,0.04773,-0.0849185183441413));
#2228=CARTESIAN_POINT('',(-0.0786710031518466,0.04773,-0.0850655833869765));
#2229=CARTESIAN_POINT('',(-0.0443474069964787,0.04773,-0.0649737923532702));
#2230=CARTESIAN_POINT('',(-0.0458328090995911,0.04923,-0.0651825520047103));
#2231=AXIS2_PLACEMENT_3D('',#2695,#2696,#2697);
#2232=CARTESIAN_POINT('',(-0.0527933449666784,0.04773,-0.050724771096686));
#2233=AXIS2_PLACEMENT_3D('',#2698,#2699,#2700);
#2234=CARTESIAN_POINT('',(-0.0536894955834977,0.04923,-0.0519276485102134));
#2235=AXIS2_PLACEMENT_3D('',#2701,#2702,#2703);
#2236=AXIS2_PLACEMENT_3D('',#2704,#2705,#2706);
#2237=CARTESIAN_POINT('',(-0.0419818476060423,0.0480228932188135,-0.0979469464701727));
#2238=CARTESIAN_POINT('',(-0.0396375037682915,0.0480228932188135,-0.0997135362639433));
#2239=CARTESIAN_POINT('',(-0.0408096756871669,0.0480228932188135,-0.098830241367058));
#2240=VECTOR('',#2707,1.0);
#2241=CARTESIAN_POINT('',(-0.0421581151453036,0.04873,-0.0981808613953691));
#2242=AXIS2_PLACEMENT_3D('',#2708,#2709,#2710);
#2243=CARTESIAN_POINT('',(-0.0398137713075528,0.04873,-0.0999474511891398));
#2244=CARTESIAN_POINT('',(-0.0437135776306646,0.04873,-0.0970087363397424));
#2245=VECTOR('',#2711,1.0);
#2246=AXIS2_PLACEMENT_3D('',#2712,#2713,#2714);
#2247=CARTESIAN_POINT('',(-0.0304836540340967,0.04873,-0.0630253689398293));
#2248=CARTESIAN_POINT('',(-0.0314739221028382,0.04773,-0.0631645420407894));
#2249=AXIS2_PLACEMENT_3D('',#2715,#2716,#2717);
#2250=CARTESIAN_POINT('',(-0.0325150122962152,0.04773,-0.0776151793920387));
#2251=AXIS2_PLACEMENT_3D('',#2718,#2719,#2720);
#2252=CARTESIAN_POINT('',(-0.0315549207548179,0.04873,-0.077894865344738));
#2253=AXIS2_PLACEMENT_3D('',#2721,#2722,#2723);
#2254=AXIS2_PLACEMENT_3D('',#2724,#2725,#2726);
#2255=CARTESIAN_POINT('',(-0.0998024188460067,0.04773,-0.0727674860070339));
#2256=CARTESIAN_POINT('',(-0.100792686914748,0.04873,-0.072906659107994));
#2257=AXIS2_PLACEMENT_3D('',#2727,#2728,#2729);
#2258=AXIS2_PLACEMENT_3D('',#2730,#2731,#2732);
#2259=CARTESIAN_POINT('',(-0.0705788155585048,0.04873,-0.0328114975835858));
#2260=AXIS2_PLACEMENT_3D('',#2733,#2734,#2735);
#2261=AXIS2_PLACEMENT_3D('',#2736,#2737,#2738);
#2262=CARTESIAN_POINT('',(-0.0316756268641583,0.04873,-0.0795703015588676));
#2263=CARTESIAN_POINT('',(-0.0326658949328999,0.04773,-0.0797094746598276));
#2264=AXIS2_PLACEMENT_3D('',#2739,#2740,#2741);
#2265=AXIS2_PLACEMENT_3D('',#2742,#2743,#2744);
#2266=AXIS2_PLACEMENT_3D('',#2745,#2746,#2747);
#2267=CARTESIAN_POINT('',(-0.0302980822215327,0.0480228932188134,-0.0824420661196131));
#2268=CARTESIAN_POINT('',(-0.0279537383837731,0.0480228932188134,-0.0842086559133904));
#2269=CARTESIAN_POINT('',(-0.0291259103026529,0.0480228932188135,-0.0833253610165017));
#2270=VECTOR('',#2748,1.0);
#2271=CARTESIAN_POINT('',(-0.0307236297054234,0.04773,-0.0830067867044639));
#2272=AXIS2_PLACEMENT_3D('',#2749,#2750,#2751);
#2273=CARTESIAN_POINT('',(-0.0283792858676639,0.04773,-0.0847733764982412));
#2274=CARTESIAN_POINT('',(-0.0322790921907778,0.04773,-0.0818346616488422));
#2275=VECTOR('',#2752,1.0);
#2276=AXIS2_PLACEMENT_3D('',#2753,#2754,#2755);
#2277=CARTESIAN_POINT('',(-0.0250582995253852,0.04873,-0.0885909778518045));
#2278=CARTESIAN_POINT('',(-0.0260485675941267,0.04773,-0.0887301509527645));
#2279=AXIS2_PLACEMENT_3D('',#2756,#2757,#2758);
#2280=CARTESIAN_POINT('',(-0.0251064706045577,0.04873,-0.0882945204677612));
#2281=AXIS2_PLACEMENT_3D('',#2759,#2760,#2761);
#2282=CARTESIAN_POINT('',(-0.0277774708445118,0.04873,-0.0839747409881939));
#2283=AXIS2_PLACEMENT_3D('',#2762,#2763,#2764);
#2284=AXIS2_PLACEMENT_3D('',#2765,#2766,#2767);
#2285=AXIS2_PLACEMENT_3D('',#2768,#2769,#2770);
#2286=CARTESIAN_POINT('',(-0.0705788155585048,0.05223,-0.0328114975835858));
#2287=CARTESIAN_POINT('',(-0.0705788155585048,0.05048,-0.0328114975835858));
#2288=VECTOR('',#2771,1.0);
#2289=CARTESIAN_POINT('',(-0.0315549207548179,0.05223,-0.077894865344738));
#2290=CARTESIAN_POINT('',(-0.0315549207548179,0.04773,-0.077894865344738));
#2291=VECTOR('',#2772,1.0);
#2292=AXIS2_PLACEMENT_3D('',#2773,#2774,#2775);
#2293=CARTESIAN_POINT('',(-0.0606975253903401,0.04873,-0.103120530464237));
#2294=CARTESIAN_POINT('',(-0.0606975253903401,0.05223,-0.103120530464237));
#2295=CARTESIAN_POINT('',(-0.0606975253903401,0.05048,-0.103120530464237));
#2296=VECTOR('',#2776,1.0);
#2297=AXIS2_PLACEMENT_3D('',#2777,#2778,#2779);
#2298=CARTESIAN_POINT('',(-0.0939897310810984,0.05223,-0.04660158070201));
#2299=AXIS2_PLACEMENT_3D('',#2780,#2781,#2782);
#2300=AXIS2_PLACEMENT_3D('',#2783,#2784,#2785);
#2301=CARTESIAN_POINT('',(-0.0251064706045577,0.05223,-0.0882945204677612));
#2302=CARTESIAN_POINT('',(-0.0251064706045577,0.05048,-0.0882945204677612));
#2303=VECTOR('',#2786,1.0);
#2304=CARTESIAN_POINT('',(-0.0260592126230542,0.04873,-0.0932832096422956));
#2305=AXIS2_PLACEMENT_3D('',#2787,#2788,#2789);
#2306=CARTESIAN_POINT('',(-0.0260592126230542,0.05223,-0.0932832096422956));
#2307=CARTESIAN_POINT('',(-0.0260592126230542,0.04773,-0.0932832096422956));
#2308=VECTOR('',#2790,1.0);
#2309=AXIS2_PLACEMENT_3D('',#2791,#2792,#2793);
#2310=CARTESIAN_POINT('',(-0.0281023015021997,0.04873,-0.0962513201120579));
#2311=CARTESIAN_POINT('',(-0.0281023015021997,0.05223,-0.0962513201120579));
#2312=CARTESIAN_POINT('',(-0.0281023015021997,0.05048,-0.0962513201120579));
#2313=VECTOR('',#2794,1.0);
#2314=CARTESIAN_POINT('',(-0.030392280789749,0.04873,-0.0990333853146361));
#2315=AXIS2_PLACEMENT_3D('',#2795,#2796,#2797);
#2316=CARTESIAN_POINT('',(-0.030392280789749,0.05223,-0.0990333853146361));
#2317=CARTESIAN_POINT('',(-0.030392280789749,0.04773,-0.0990333853146361));
#2318=VECTOR('',#2798,1.0);
#2319=AXIS2_PLACEMENT_3D('',#2799,#2800,#2801);
#2320=CARTESIAN_POINT('',(-0.0349251053154169,0.05223,-0.101324288816189));
#2321=CARTESIAN_POINT('',(-0.0349251053154169,0.04873,-0.101324288816189));
#2322=CARTESIAN_POINT('',(-0.0349251053154169,0.05048,-0.101324288816189));
#2323=VECTOR('',#2802,1.0);
#2324=AXIS2_PLACEMENT_3D('',#2803,#2804,#2805);
#2325=AXIS2_PLACEMENT_3D('',#2806,#2807,#2808);
#2326=CARTESIAN_POINT('',(-0.0443370474579473,0.05373,-0.0958801448954562));
#2327=CARTESIAN_POINT('',(-0.044399318670482,0.05223,-0.0973788517700949));
#2328=CARTESIAN_POINT('',(-0.0443681830642146,0.05298,-0.0966294983327756));
#2329=VECTOR('',#2809,1.0);
#2330=CARTESIAN_POINT('',(-0.0412553926105755,0.05373,-0.0969829081302982));
#2331=AXIS2_PLACEMENT_3D('',#2810,#2811,#2812);
#2332=CARTESIAN_POINT('',(-0.0421581151453036,0.05223,-0.0981808613953691));
#2333=CARTESIAN_POINT('',(-0.0421581151453036,0.05223,-0.0981808613953691));
#2334=VECTOR('',#2813,1.0);
#2335=AXIS2_PLACEMENT_3D('',#2814,#2815,#2816);
#2336=CARTESIAN_POINT('',(-0.0927917778160276,0.05373,-0.0475043032367382));
#2337=CARTESIAN_POINT('',(-0.093390754448563,0.05298,-0.0470529419693741));
#2338=VECTOR('',#2817,1.0);
#2339=CARTESIAN_POINT('',(-0.0329950580669139,0.05373,-0.077475336415689));
#2340=CARTESIAN_POINT('',(-0.0329950580669139,0.05373,-0.077475336415689));
#2341=VECTOR('',#2818,1.0);
#2342=AXIS2_PLACEMENT_3D('',#2819,#2820,#2821);
#2343=CARTESIAN_POINT('',(-0.0315105152283439,0.05223,-0.0802748319053183));
#2344=CARTESIAN_POINT('',(-0.032934000468007,0.05373,-0.0807477904367575));
#2345=CARTESIAN_POINT('',(-0.0322222578481754,0.05298,-0.0805113111710379));
#2346=VECTOR('',#2822,1.0);
#2347=CARTESIAN_POINT('',(-0.0301218146822714,0.05223,-0.0822081511944166));
#2348=AXIS2_PLACEMENT_3D('',#2823,#2824,#2825);
#2349=CARTESIAN_POINT('',(-0.0310245372169995,0.05373,-0.0834061044594876));
#2350=CARTESIAN_POINT('',(-0.0310245372169995,0.05373,-0.0834061044594876));
#2351=VECTOR('',#2826,1.0);
#2352=AXIS2_PLACEMENT_3D('',#2827,#2828,#2829);
#2353=CARTESIAN_POINT('',(-0.035069954064718,0.05373,-0.0998312989167506));
#2354=CARTESIAN_POINT('',(-0.0349975296900674,0.05298,-0.10057779386647));
#2355=VECTOR('',#2830,1.0);
#2356=CARTESIAN_POINT('',(-0.0315084490802646,0.05373,-0.0980313033083874));
#2357=AXIS2_PLACEMENT_3D('',#2831,#2832,#2833);
#2358=CARTESIAN_POINT('',(-0.030392280789749,0.05223,-0.0990333853146361));
#2359=VECTOR('',#2834,1.0);
#2360=CARTESIAN_POINT('',(-0.0293002547672706,0.05373,-0.0953485975773299));
#2361=CARTESIAN_POINT('',(-0.0287012781347352,0.05298,-0.0957999588446939));
#2362=VECTOR('',#2835,1.0);
#2363=CARTESIAN_POINT('',(-0.0273301333480946,0.05373,-0.0924864910529161));
#2364=AXIS2_PLACEMENT_3D('',#2836,#2837,#2838);
#2365=CARTESIAN_POINT('',(-0.0260592126230542,0.05223,-0.0932832096422956));
#2366=VECTOR('',#2839,1.0);
#2367=AXIS2_PLACEMENT_3D('',#2840,#2841,#2842);
#2368=CARTESIAN_POINT('',(-0.0265815503335617,0.05373,-0.0885668067014962));
#2369=CARTESIAN_POINT('',(-0.0258440104690597,0.05298,-0.0884306635846287));
#2370=VECTOR('',#2843,1.0);
#2371=AXIS2_PLACEMENT_3D('',#2844,#2845,#2846);
#2372=CARTESIAN_POINT('',(-0.0684216324936238,0.05223,-0.0481606526490802));
#2373=CARTESIAN_POINT('',(-0.0684216324936238,0.0496746233710183,-0.0481606526490802));
#2374=VECTOR('',#2847,1.0);
#2375=CARTESIAN_POINT('',(-0.0628547084552212,0.05223,-0.0877713753987431));
#2376=AXIS2_PLACEMENT_3D('',#2848,#2849,#2850);
#2377=CARTESIAN_POINT('',(-0.0628547084552212,0.04923,-0.0877713753987431));
#2378=CARTESIAN_POINT('',(-0.0628547084552212,0.0496746233710183,-0.0877713753987431));
#2379=VECTOR('',#2851,1.0);
#2380=AXIS2_PLACEMENT_3D('',#2852,#2853,#2854);
#2381=CARTESIAN_POINT('',(-0.0569125695915083,0.0471299999999977,-0.0499697952757388));
#2382=CARTESIAN_POINT('',(-0.0569108113840949,0.0471317545013324,-0.0499706477557166));
#2383=CARTESIAN_POINT('',(-0.0569090533001121,0.047133509004162,-0.049971500494083));
#2384=CARTESIAN_POINT('',(-0.05674092899911,0.047301302138529,-0.0500530776849174));
#2385=CARTESIAN_POINT('',(-0.0565739154092963,0.0474690784506802,-0.0501369539586868));
#2386=CARTESIAN_POINT('',(-0.0562401977623526,0.047795132065715,-0.0503106245368943));
#2387=CARTESIAN_POINT('',(-0.0560735439673485,0.0479535150264766,-0.0504002705901488));
#2388=CARTESIAN_POINT('',(-0.0557989298148362,0.0481985066781004,-0.0505532611845095));
#2389=CARTESIAN_POINT('',(-0.0556923964075218,0.0482897590481847,-0.0506138647832977));
#2390=CARTESIAN_POINT('',(-0.0555174746072746,0.0484313925917166,-0.0507155771648601));
#2391=CARTESIAN_POINT('',(-0.0554497632885165,0.0484842684716607,-0.0507554745545495));
#2392=CARTESIAN_POINT('',(-0.0553133761127978,0.0485862750898388,-0.0508369471724321));
#2393=CARTESIAN_POINT('',(-0.0552447003511149,0.0486354063170704,-0.0508785223027478));
#2394=CARTESIAN_POINT('',(-0.0550647584255865,0.048757549981629,-0.0509889754238099));
#2395=CARTESIAN_POINT('',(-0.0549526619739685,0.0488272151181656,-0.0510592653796844));
#2396=CARTESIAN_POINT('',(-0.0546570936403976,0.0489907914313371,-0.0512488776021416));
#2397=CARTESIAN_POINT('',(-0.0544705351170357,0.0490745595010068,-0.0513727196769865));
#2398=CARTESIAN_POINT('',(-0.0540838315297665,0.0491953541993997,-0.0516395280547374));
#2399=CARTESIAN_POINT('',(-0.053884748533099,0.04923,-0.0517821839356415));
#2400=CARTESIAN_POINT('',(-0.0536894955834977,0.04923,-0.0519276485102134));
#2401=CARTESIAN_POINT('',(-0.0626459488037811,0.05373,-0.0892567775018554));
#2402=CARTESIAN_POINT('',(-0.0626459488037811,0.05373,-0.0892567775018554));
#2403=VECTOR('',#2855,1.0);
#2404=CARTESIAN_POINT('',(-0.0686303921450639,0.05373,-0.0466752505459679));
#2405=CARTESIAN_POINT('',(-0.0686303921450639,0.05373,-0.0466752505459679));
#2406=VECTOR('',#2856,1.0);
#2407=AXIS2_PLACEMENT_3D('',#2857,#2858,#2859);
#2408=CARTESIAN_POINT('',(-0.0353146173280647,0.04773,-0.0888243146774494));
#2409=CARTESIAN_POINT('',(-0.0353146173280647,0.05113,-0.0888243146774494));
#2410=CARTESIAN_POINT('',(-0.0353146173280647,0.04943,-0.0888243146774494));
#2411=VECTOR('',#2860,1.0);
#2412=CARTESIAN_POINT('',(-0.0346883383737445,0.04773,-0.0932805209867865));
#2413=AXIS2_PLACEMENT_3D('',#2861,#2862,#2863);
#2414=CARTESIAN_POINT('',(-0.0346883383737445,0.05113,-0.0932805209867865));
#2415=CARTESIAN_POINT('',(-0.0346883383737445,0.04943,-0.0932805209867865));
#2416=VECTOR('',#2864,1.0);
#2417=AXIS2_PLACEMENT_3D('',#2865,#2866,#2867);
#2418=CARTESIAN_POINT('',(-0.0343264883112483,0.05373,-0.0958552179655146));
#2419=CARTESIAN_POINT('',(-0.0343264883112483,0.05373,-0.0958552179655146));
#2420=VECTOR('',#2868,1.0);
#2421=AXIS2_PLACEMENT_3D('',#2869,#2870,#2871);
#2422=CARTESIAN_POINT('',(-0.0356764673905609,0.05373,-0.0862496176987213));
#2423=CARTESIAN_POINT('',(-0.0356764673905609,0.05373,-0.0862496176987213));
#2424=VECTOR('',#2872,1.0);
#2425=AXIS2_PLACEMENT_3D('',#2873,#2874,#2875);
#2426=AXIS2_PLACEMENT_3D('',#2876,#2877,#2878);
#2427=AXIS2_PLACEMENT_3D('',#2879,#2880,#2881);
#2428=AXIS2_PLACEMENT_3D('',#2882,#2883,#2884);
#2429=CARTESIAN_POINT('',(-0.0389110487728247,0.05373,-0.0987494979240689));
#2430=AXIS2_PLACEMENT_3D('',#2885,#2886,#2887);
#2431=CARTESIAN_POINT('',(-0.0428108550959365,0.05373,-0.0958107830746715));
#2432=VECTOR('',#2888,1.0);
#2433=CARTESIAN_POINT('',(-0.0474995619152436,0.05373,-0.0967234631377827));
#2434=AXIS2_PLACEMENT_3D('',#2889,#2890,#2891);
#2435=AXIS2_PLACEMENT_3D('',#2892,#2893,#2894);
#2436=AXIS2_PLACEMENT_3D('',#2895,#2896,#2897);
#2437=CARTESIAN_POINT('',(-0.0286801933792399,0.05373,-0.0851726942532648));
#2438=CARTESIAN_POINT('',(-0.0325799997023539,0.05373,-0.0822339794038658));
#2439=VECTOR('',#2898,1.0);
#2440=AXIS2_PLACEMENT_3D('',#2899,#2900,#2901);
#2441=AXIS2_PLACEMENT_3D('',#2902,#2903,#2904);
#2442=AXIS2_PLACEMENT_3D('',#2905,#2906,#2907);
#2443=AXIS2_PLACEMENT_3D('',#2908,#2909,#2910);
#2444=CARTESIAN_POINT('',(-0.0777617357557473,0.04923,-0.0838725901755999));
#2445=CARTESIAN_POINT('',(-0.0777617357557472,0.04923,-0.0838725901755999));
#2446=CARTESIAN_POINT('',(-0.0779084391878651,0.04923,-0.0837607767583494));
#2447=CARTESIAN_POINT('',(-0.0780542086632096,0.0492101911210015,-0.083646427672617));
#2448=CARTESIAN_POINT('',(-0.0784238941301372,0.0491156847607948,-0.0833481697388791));
#2449=CARTESIAN_POINT('',(-0.0786403435321285,0.0490159570179789,-0.0831652397379696));
#2450=CARTESIAN_POINT('',(-0.0791678168130457,0.048688804391636,-0.082701531126039));
#2451=CARTESIAN_POINT('',(-0.0794623420929939,0.0484189581541628,-0.0824243120352723));
#2452=CARTESIAN_POINT('',(-0.0800190247052714,0.0478100512439895,-0.0818710130212024));
#2453=CARTESIAN_POINT('',(-0.0802800195579821,0.0474690952729185,-0.0815951915905622));
#2454=CARTESIAN_POINT('',(-0.0805295362911466,0.0471335090041616,-0.0813169401315091));
#2455=CARTESIAN_POINT('',(-0.0805308405894952,0.0471317545013328,-0.0813154851992667));
#2456=CARTESIAN_POINT('',(-0.0805321446734846,0.0471300000000012,-0.0813140300771561));
#2457=AXIS2_PLACEMENT_3D('',#2911,#2912,#2913);
#2458=CARTESIAN_POINT('',(-0.0277774708445118,0.05223,-0.0839747409881939));
#2459=CARTESIAN_POINT('',(-0.0286801933792399,0.05373,-0.0851726942532648));
#2460=VECTOR('',#2914,1.0);
#2461=AXIS2_PLACEMENT_3D('',#2915,#2916,#2917);
#2462=CARTESIAN_POINT('',(-0.0316772771676258,0.05223,-0.0810360261387948));
#2463=VECTOR('',#2918,1.0);
#2464=CARTESIAN_POINT('',(-0.0398137713075528,0.05223,-0.0999474511891398));
#2465=AXIS2_PLACEMENT_3D('',#2919,#2920,#2921);
#2466=CARTESIAN_POINT('',(-0.0398137713075528,0.05223,-0.0999474511891398));
#2467=VECTOR('',#2922,1.0);
#2468=AXIS2_PLACEMENT_3D('',#2923,#2924,#2925);
#2469=CARTESIAN_POINT('',(-0.0437135776306646,0.05223,-0.0970087363397424));
#2470=VECTOR('',#2926,1.0);
#2471=CARTESIAN_POINT('',(-0.0466993291846916,0.05223,-0.0979921741281005));
#2472=CARTESIAN_POINT('',(-0.0474995619152436,0.05373,-0.0967234631377827));
#2473=VECTOR('',#2927,1.0);
#2474=AXIS2_PLACEMENT_3D('',#2928,#2929,#2930);
#2475=AXIS2_PLACEMENT_3D('',#2931,#2932,#2933);
#2476=CARTESIAN_POINT('',(-0.0398137713075528,0.04773,-0.0999474511891398));
#2477=VECTOR('',#2934,1.0);
#2478=CARTESIAN_POINT('',(-0.0421581151453036,0.04773,-0.0981808613953691));
#2479=VECTOR('',#2935,1.0);
#2480=AXIS2_PLACEMENT_3D('',#2936,#2937,#2938);
#2481=AXIS2_PLACEMENT_3D('',#2939,#2940,#2941);
#2482=CARTESIAN_POINT('',(-0.0277774708445118,0.04773,-0.0839747409881939));
#2483=VECTOR('',#2942,1.0);
#2484=CARTESIAN_POINT('',(-0.0301218146822714,0.04873,-0.0822081511944166));
#2485=CARTESIAN_POINT('',(-0.0301218146822714,0.04773,-0.0822081511944166));
#2486=VECTOR('',#2943,1.0);
#2487=CARTESIAN_POINT('',(-0.0316772771676258,0.04873,-0.0810360261387949));
#2488=VECTOR('',#2944,1.0);
#2489=AXIS2_PLACEMENT_3D('',#2945,#2946,#2947);
#2490=CARTESIAN_POINT('',(-0.0466993291846916,0.04873,-0.0979921741281005));
#2491=CARTESIAN_POINT('',(-0.0466993291846916,0.04773,-0.0979921741281005));
#2492=VECTOR('',#2948,1.0);
#2493=AXIS2_PLACEMENT_3D('',#2949,#2950,#2951);
#2494=AXIS2_PLACEMENT_3D('',#2952,#2953,#2954);
#2495=CARTESIAN_POINT('',(-0.0269064931064145,0.04773,-0.0927520639160426));
#2496=AXIS2_PLACEMENT_3D('',#2955,#2956,#2957);
#2497=AXIS2_PLACEMENT_3D('',#2958,#2959,#2960);
#2498=AXIS2_PLACEMENT_3D('',#2961,#2962,#2963);
#2499=CARTESIAN_POINT('',(-0.031136392983426,0.04773,-0.0983653306438036));
#2500=AXIS2_PLACEMENT_3D('',#2964,#2965,#2966);
#2501=AXIS2_PLACEMENT_3D('',#2967,#2968,#2969);
#2502=CARTESIAN_POINT('',(-0.0392119562844007,0.04773,-0.0991488156790925));
#2503=AXIS2_PLACEMENT_3D('',#2970,#2971,#2972);
#2504=AXIS2_PLACEMENT_3D('',#2973,#2974,#2975);
#2505=AXIS2_PLACEMENT_3D('',#2976,#2977,#2978);
#2506=CARTESIAN_POINT('',(-0.0472328176717262,0.04773,-0.097146366801222));
#2507=AXIS2_PLACEMENT_3D('',#2979,#2980,#2981);
#2508=AXIS2_PLACEMENT_3D('',#2982,#2983,#2984);
#2509=CARTESIAN_POINT('',(-0.0415563001221515,0.04773,-0.0973822258853219));
#2510=CARTESIAN_POINT('',(-0.0431117626075126,0.04773,-0.0962101008296951));
#2511=VECTOR('',#2985,1.0);
#2512=AXIS2_PLACEMENT_3D('',#2986,#2987,#2988);
#2513=AXIS2_PLACEMENT_3D('',#2989,#2990,#2991);
#2514=AXIS2_PLACEMENT_3D('',#2992,#2993,#2994);
#2515=CARTESIAN_POINT('',(-0.0801707158243563,0.04773,-0.0885353437645773));
#2516=CARTESIAN_POINT('',(-0.0655968728560442,0.04773,-0.0691952009223697));
#2517=VECTOR('',#2995,0.999999999999999);
#2518=AXIS2_PLACEMENT_3D('',#2996,#2997,#2998);
#2519=CARTESIAN_POINT('',(-0.0518761558920452,0.04773,-0.0399295617597196));
#2520=AXIS2_PLACEMENT_3D('',#2999,#3000,#3001);
#2521=AXIS2_PLACEMENT_3D('',#3002,#3003,#3004);
#2522=CARTESIAN_POINT('',(-0.0502588105145121,0.04773,-0.0488409047183484));
#2523=CARTESIAN_POINT('',(-0.0655968728560442,0.04773,-0.0691952009223697));
#2524=VECTOR('',#3005,0.999999999999999);
#2525=AXIS2_PLACEMENT_3D('',#3006,#3007,#3008);
#2526=CARTESIAN_POINT('',(-0.0527933449666784,0.04773,-0.050724771096686));
#2527=CARTESIAN_POINT('',(-0.0529112849429623,0.04773,-0.0507176665793138));
#2528=CARTESIAN_POINT('',(-0.0530390753419646,0.0477243403202861,-0.0507120838762616));
#2529=CARTESIAN_POINT('',(-0.0533958616088395,0.0476973385030842,-0.0506986906220407));
#2530=CARTESIAN_POINT('',(-0.0536381530454925,0.0476688448622797,-0.0506917103604596));
#2531=CARTESIAN_POINT('',(-0.0543191841927519,0.0475753726833245,-0.0506549561086754));
#2532=CARTESIAN_POINT('',(-0.0547965013024131,0.0474982737583322,-0.0506131198035132));
#2533=CARTESIAN_POINT('',(-0.0558328563380843,0.0473243003554255,-0.0504010295734976));
#2534=CARTESIAN_POINT('',(-0.056390369641778,0.0472268843636912,-0.0502221041513186));
#2535=CARTESIAN_POINT('',(-0.0569071684762579,0.0471310025726176,-0.0499724117427892));
#2536=CARTESIAN_POINT('',(-0.0569098694872626,0.0471305012860959,-0.0499711044414207));
#2537=CARTESIAN_POINT('',(-0.0569125695915041,0.0471300000000004,-0.0499697952757408));
#2538=AXIS2_PLACEMENT_3D('',#3009,#3010,#3011);
#2539=CARTESIAN_POINT('',(-0.0805321446734846,0.0471300000000002,-0.0813140300771561));
#2540=CARTESIAN_POINT('',(-0.080530141973074,0.0471305012860946,-0.081316264728967));
#2541=CARTESIAN_POINT('',(-0.0805281408148078,0.047131002572618,-0.0813185007662984));
#2542=CARTESIAN_POINT('',(-0.080336906408625,0.047178943468145,-0.081532477950747));
#2543=CARTESIAN_POINT('',(-0.0801599307632776,0.0472268795573372,-0.0817590325965063));
#2544=CARTESIAN_POINT('',(-0.0798445084962745,0.0473200377330615,-0.0822203422590572));
#2545=CARTESIAN_POINT('',(-0.0797053668072423,0.0473652900075648,-0.0824545958002246));
#2546=CARTESIAN_POINT('',(-0.0795073206441071,0.0474352876223144,-0.0828309623465632));
#2547=CARTESIAN_POINT('',(-0.0794377879484976,0.0474613597280528,-0.0829746934327807));
#2548=CARTESIAN_POINT('',(-0.0793344011816543,0.0475018264547762,-0.0832038791346976));
#2549=CARTESIAN_POINT('',(-0.0792969346011333,0.0475169338490459,-0.0832909841671646));
#2550=CARTESIAN_POINT('',(-0.0792260854466486,0.0475460785970968,-0.083462496939324));
#2551=CARTESIAN_POINT('',(-0.0791927014632276,0.0475601160905916,-0.0835469047758098));
#2552=CARTESIAN_POINT('',(-0.0791104567395987,0.0475950142804654,-0.0837622808148542));
#2553=CARTESIAN_POINT('',(-0.0790643254203123,0.0476149186051902,-0.083890777027294));
#2554=CARTESIAN_POINT('',(-0.078952801380781,0.0476616546946677,-0.0842130361827063));
#2555=CARTESIAN_POINT('',(-0.078892216285918,0.0476855884288591,-0.084400197323325));
#2556=CARTESIAN_POINT('',(-0.0787769959078871,0.0477201011998285,-0.0847540273653892));
#2557=CARTESIAN_POINT('',(-0.078722929263833,0.04773,-0.0849185183441413));
#2558=CARTESIAN_POINT('',(-0.0786710031518466,0.04773,-0.0850655833869765));
#2559=AXIS2_PLACEMENT_3D('',#3012,#3013,#3014);
#2560=AXIS2_PLACEMENT_3D('',#3015,#3016,#3017);
#2561=CARTESIAN_POINT('',(-0.0513769002285783,0.04633,-0.0479983636859355));
#2562=AXIS2_PLACEMENT_3D('',#3018,#3019,#3020);
#2563=AXIS2_PLACEMENT_3D('',#3021,#3022,#3023);
#2564=AXIS2_PLACEMENT_3D('',#3024,#3025,#3026);
#2565=AXIS2_PLACEMENT_3D('',#3027,#3028,#3029);
#2566=AXIS2_PLACEMENT_3D('',#3030,#3031,#3032);
#2567=CARTESIAN_POINT('',(-0.0877571782819992,0.04633,-0.0879833987108467));
#2568=AXIS2_PLACEMENT_3D('',#3033,#3034,#3035);
#2569=AXIS2_PLACEMENT_3D('',#3036,#3037,#3038);
#2570=AXIS2_PLACEMENT_3D('',#3039,#3040,#3041);
#2571=AXIS2_PLACEMENT_3D('',#3042,#3043,#3044);
#2572=AXIS2_PLACEMENT_3D('',#3045,#3046,#3047);
#2573=CARTESIAN_POINT('',(-0.0509894637712084,0.04633,-0.0474842181414758));
#2574=AXIS2_PLACEMENT_3D('',#3048,#3049,#3050);
#2575=AXIS2_PLACEMENT_3D('',#3051,#3052,#3053);
#2576=CARTESIAN_POINT('',(-0.0667149625701104,0.04633,-0.0683526598899568));
#2577=VECTOR('',#3054,0.999999999999999);
#2578=AXIS2_PLACEMENT_3D('',#3055,#3056,#3057);
#2579=AXIS2_PLACEMENT_3D('',#3058,#3059,#3060);
#2580=DIRECTION('',(-0.601815023152048,-1.37545650500411E-32,-0.798635510047293));
#2581=CARTESIAN_POINT('',(-0.0797832793669864,0.04713,-0.0880211982201175));
#2582=DIRECTION('',(0.601815023152048,1.37545650500411E-32,0.798635510047293));
#2583=DIRECTION('',(-5.86312600059585E-33,1.0,-1.28043990175738E-32));
#2584=DIRECTION('',(-0.601815023152048,-1.37545650500411E-32,-0.798635510047293));
#2585=CARTESIAN_POINT('',(-0.0801707158243563,0.04713,-0.0885353437645773));
#2586=DIRECTION('',(0.601815023152047,1.37545650500411E-32,0.798635510047293));
#2587=DIRECTION('',(-5.86312600059584E-33,1.0,-1.28043990175738E-32));
#2588=DIRECTION('',(-0.601815023152048,-1.37545650500411E-32,-0.798635510047293));
#2589=CARTESIAN_POINT('',(-0.0498713740571422,0.04713,-0.0483267591738887));
#2590=DIRECTION('',(-0.601815023152048,-1.37545650500411E-32,-0.798635510047293));
#2591=DIRECTION('',(-0.798635510047293,-7.76247730546873E-33,0.601815023152048));
#2592=DIRECTION('',(-0.601815023152048,-1.37545650500411E-32,-0.798635510047293));
#2593=CARTESIAN_POINT('',(-0.0502588105145121,0.04713,-0.0488409047183484));
#2594=DIRECTION('',(-0.601815023152048,-1.37545650500411E-32,-0.798635510047293));
#2595=DIRECTION('',(-0.798635510047293,-7.76247730546874E-33,0.601815023152048));
#2596=CARTESIAN_POINT('',(-0.0487982317284542,0.04713,-0.0441772256788608));
#2597=DIRECTION('',(0.139173100960065,-8.0297716593641E-33,-0.99026806874157));
#2598=DIRECTION('',(0.99026806874157,3.75406797826163E-33,0.139173100960065));
#2599=CARTESIAN_POINT('',(-0.054343732913407,0.04713,-0.0449565950442372));
#2600=DIRECTION('',(-2.60000542492277E-33,1.0,-8.47409175530384E-33));
#2601=DIRECTION('',(0.972663812201551,4.49676616554759E-33,0.23221780386858));
#2602=CARTESIAN_POINT('',(-0.0498713740571422,0.04713,-0.0483267591738887));
#2603=DIRECTION('',(-0.601815023152048,-1.37545650500411E-32,-0.798635510047293));
#2604=DIRECTION('',(-0.798635510047293,-7.76247730546873E-33,0.601815023152048));
#2605=CARTESIAN_POINT('',(-0.054343732913407,0.04773,-0.0449565950442372));
#2606=DIRECTION('',(2.60000542492277E-33,-1.0,8.47409175530384E-33));
#2607=DIRECTION('',(0.972663812201551,4.49676616554759E-33,0.23221780386858));
#2608=CARTESIAN_POINT('',(-0.0965661891393855,0.04713,-0.0723126635827767));
#2609=DIRECTION('',(0.139173100960065,-8.0297716593641E-33,-0.99026806874157));
#2610=DIRECTION('',(-0.99026806874157,-3.75406797826164E-33,-0.139173100960065));
#2611=CARTESIAN_POINT('',(-0.0656381704744225,0.04773,-0.0679660140239117));
#2612=DIRECTION('',(2.60000542492277E-33,-1.0,8.47409175530384E-33));
#2613=DIRECTION('',(-0.798635510047293,3.02337906725183E-33,0.601815023152047));
#2614=CARTESIAN_POINT('',(-0.0887952128157919,0.04713,-0.0889228050694869));
#2615=DIRECTION('',(0.671004541885913,5.03317264662435E-33,-0.741453238423352));
#2616=DIRECTION('',(-9.02265957986495E-33,1.0,-1.37712381366991E-33));
#2617=CARTESIAN_POINT('',(-0.0656381704744225,0.04713,-0.0679660140239117));
#2618=DIRECTION('',(-2.60000542492277E-33,1.0,-8.47409175530384E-33));
#2619=DIRECTION('',(-0.798635510047293,3.02337906725183E-33,0.601815023152047));
#2620=DIRECTION('',(0.601815023152048,1.37545650500411E-32,0.798635510047293));
#2621=CARTESIAN_POINT('',(-0.0513769002285783,0.04713,-0.0479983636859355));
#2622=DIRECTION('',(0.601815023152048,1.37545650500411E-32,0.798635510047293));
#2623=DIRECTION('',(5.86312600059585E-33,-1.0,1.28043990175738E-32));
#2624=CARTESIAN_POINT('',(-0.0509894637712084,0.04713,-0.0474842181414758));
#2625=DIRECTION('',(0.601815023152048,1.37545650500411E-32,0.798635510047293));
#2626=DIRECTION('',(5.86312600059586E-33,-1.0,1.28043990175738E-32));
#2627=DIRECTION('',(-0.601815023152048,-1.37545650500411E-32,-0.798635510047293));
#2628=CARTESIAN_POINT('',(-0.0809013690810526,0.04713,-0.0871786571877046));
#2629=DIRECTION('',(-0.601815023152048,-5.87747175411127E-31,-0.798635510047293));
#2630=DIRECTION('',(0.798635510047293,-8.67361737988391E-15,-0.601815023152048));
#2631=DIRECTION('',(-0.601815023152048,-1.37545650500411E-32,-0.798635510047293));
#2632=CARTESIAN_POINT('',(-0.0812888055384225,0.04713,-0.0876928027321644));
#2633=DIRECTION('',(-0.601815023152047,0.0,-0.798635510047293));
#2634=DIRECTION('',(0.798635510047293,-8.67361737988423E-15,-0.601815023152047));
#2635=CARTESIAN_POINT('',(-0.0501846070246924,0.04713,-0.0443720680202049));
#2636=DIRECTION('',(0.139173100960066,-8.0297716593641E-33,-0.99026806874157));
#2637=DIRECTION('',(0.99026806874157,3.75406797826164E-33,0.139173100960066));
#2638=CARTESIAN_POINT('',(-0.054343732913407,0.04713,-0.0449565950442372));
#2639=DIRECTION('',(-2.60000542492277E-33,1.0,-8.47409175530384E-33));
#2640=DIRECTION('',(0.972663812201551,4.49676616554759E-33,0.23221780386858));
#2641=CARTESIAN_POINT('',(-0.0524930501473857,0.04713,-0.041186320080849));
#2642=DIRECTION('',(-0.897684515092421,-1.02139745825421E-32,0.440638753814601));
#2643=DIRECTION('',(1.30257162595671E-32,-1.0,3.35651185660624E-33));
#2644=CARTESIAN_POINT('',(-0.054343732913407,0.04633,-0.0449565950442372));
#2645=DIRECTION('',(-2.60000542492277E-33,1.0,-8.47409175530384E-33));
#2646=DIRECTION('',(0.972663812201551,4.49676616554758E-33,0.232217803868579));
#2647=CARTESIAN_POINT('',(-0.0951798138431473,0.04713,-0.0721178212414326));
#2648=DIRECTION('',(0.139173100960065,-8.0297716593641E-33,-0.99026806874157));
#2649=DIRECTION('',(-0.99026806874157,-3.75406797826163E-33,-0.139173100960065));
#2650=CARTESIAN_POINT('',(-0.0656381704744225,0.04633,-0.0679660140239117));
#2651=DIRECTION('',(-2.60000542492277E-33,1.0,-8.47409175530384E-33));
#2652=DIRECTION('',(-0.798635510047293,3.02337906725183E-33,0.601815023152047));
#2653=CARTESIAN_POINT('',(-0.0656381704744225,0.04713,-0.0679660140239117));
#2654=DIRECTION('',(-2.60000542492277E-33,1.0,-8.47409175530384E-33));
#2655=DIRECTION('',(-0.798635510047293,3.02337906725183E-33,0.601815023152047));
#2656=CARTESIAN_POINT('',(-0.0862357463042471,0.04713,-0.070860814523881));
#2657=DIRECTION('',(0.139173100960065,-8.0297716593641E-33,-0.99026806874157));
#2658=DIRECTION('',(-0.99026806874157,-3.75406797826163E-33,-0.139173100960065));
#2659=CARTESIAN_POINT('',(-0.0656381704744225,0.04713,-0.0679660140239116));
#2660=DIRECTION('',(-2.60000542492277E-33,1.0,-8.47409175530384E-33));
#2661=DIRECTION('',(-0.798635510047293,3.02337906725183E-33,0.601815023152048));
#2662=CARTESIAN_POINT('',(-0.0656381704744225,0.04713,-0.0679660140239116));
#2663=DIRECTION('',(-2.60000542492277E-33,1.0,-8.47409175530384E-33));
#2664=DIRECTION('',(-0.798635510047293,3.02337906725183E-33,0.601815023152048));
#2665=CARTESIAN_POINT('',(-0.0565635455561894,0.04713,-0.049249946525813));
#2666=DIRECTION('',(0.899810937408587,1.02722768773991E-32,-0.436280044145821));
#2667=DIRECTION('',(1.30646632725538E-32,-1.0,3.40022434835292E-33));
#2668=CARTESIAN_POINT('',(-0.0656381704744225,0.04633,-0.0679660140239116));
#2669=DIRECTION('',(2.60000542492277E-33,-1.0,8.47409175530384E-33));
#2670=DIRECTION('',(-0.798635510047293,3.02337906725183E-33,0.601815023152048));
#2671=CARTESIAN_POINT('',(-0.0800965123345366,0.04713,-0.0840665070664338));
#2672=DIRECTION('',(0.139173100960066,-8.0297716593641E-33,-0.99026806874157));
#2673=DIRECTION('',(0.99026806874157,3.75406797826164E-33,0.139173100960066));
#2674=CARTESIAN_POINT('',(-0.0842556382232512,0.04713,-0.0846510340904661));
#2675=DIRECTION('',(-2.60000542492277E-33,1.0,-8.47409175530384E-33));
#2676=DIRECTION('',(0.999098259322082,2.95745253036377E-33,0.0424578404960361));
#2677=CARTESIAN_POINT('',(-0.081127903641448,0.04713,-0.0818479507192849));
#2678=DIRECTION('',(0.667400802662176,0.0,-0.744698709953149));
#2679=DIRECTION('',(0.744698709953149,-8.67361737988404E-15,0.667400802662176));
#2680=CARTESIAN_POINT('',(-0.0842556382232512,0.04633,-0.0846510340904661));
#2681=DIRECTION('',(-2.60000542492277E-33,1.0,-8.47409175530384E-33));
#2682=DIRECTION('',(0.999098259322082,2.95745253036377E-33,0.0424578404960362));
#2683=CARTESIAN_POINT('',(-0.0787101370382984,0.04713,-0.0838716647250897));
#2684=DIRECTION('',(0.139173100960066,-8.0297716593641E-33,-0.99026806874157));
#2685=DIRECTION('',(0.99026806874157,3.75406797826164E-33,0.139173100960066));
#2686=CARTESIAN_POINT('',(-0.0842556382232512,0.04713,-0.0846510340904661));
#2687=DIRECTION('',(-2.60000542492277E-33,1.0,-8.47409175530384E-33));
#2688=DIRECTION('',(0.999098259322082,2.95745253036377E-33,0.0424578404960361));
#2689=CARTESIAN_POINT('',(-0.0797832793669864,0.04713,-0.0880211982201175));
#2690=DIRECTION('',(0.601815023152048,1.37545650500411E-32,0.798635510047293));
#2691=DIRECTION('',(-5.86312600059585E-33,1.0,-1.28043990175738E-32));
#2692=CARTESIAN_POINT('',(-0.0842556382232512,0.04773,-0.0846510340904661));
#2693=DIRECTION('',(2.60000542492277E-33,-1.0,8.47409175530384E-33));
#2694=DIRECTION('',(0.999098259322081,2.95745253036377E-33,0.0424578404960361));
#2695=CARTESIAN_POINT('',(-0.0443474069964787,0.04923,-0.0649737923532702));
#2696=DIRECTION('',(0.139173100960065,-8.0297716593641E-33,-0.99026806874157));
#2697=DIRECTION('',(0.99026806874157,3.75406797826163E-33,0.139173100960065));
#2698=CARTESIAN_POINT('',(-0.0656381704744225,0.04773,-0.0679660140239116));
#2699=DIRECTION('',(2.60000542492277E-33,-1.0,8.47409175530384E-33));
#2700=DIRECTION('',(0.798635510047294,-3.02337906725183E-33,-0.601815023152047));
#2701=CARTESIAN_POINT('',(-0.0527933449666784,0.04923,-0.050724771096686));
#2702=DIRECTION('',(-0.801918275684913,1.30122766923787E-14,0.597433744546236));
#2703=DIRECTION('',(-0.597433744546235,9.26817381943149E-31,-0.801918275684912));
#2704=CARTESIAN_POINT('',(-0.0656381704744225,0.04923,-0.0679660140239116));
#2705=DIRECTION('',(-2.60000542492277E-33,1.0,-8.47409175530384E-33));
#2706=DIRECTION('',(0.798635510047294,-3.02337906725182E-33,-0.601815023152047));
#2707=DIRECTION('',(0.798635510047294,7.76247730546875E-33,-0.601815023152047));
#2708=CARTESIAN_POINT('',(-0.0415563001221515,0.04873,-0.0973822258853219));
#2709=DIRECTION('',(0.798635510047294,7.76247730546876E-33,-0.601815023152047));
#2710=DIRECTION('',(1.12139733304473E-32,-1.0,1.98300135264034E-33));
#2711=DIRECTION('',(0.798635510047294,7.76247730546875E-33,-0.601815023152047));
#2712=CARTESIAN_POINT('',(-0.0392119562844007,0.04873,-0.0991488156790925));
#2713=DIRECTION('',(0.798635510047294,7.76247730546876E-33,-0.601815023152047));
#2714=DIRECTION('',(1.12139733304473E-32,-1.0,1.98300135264034E-33));
#2715=CARTESIAN_POINT('',(-0.0314739221028382,0.04873,-0.0631645420407894));
#2716=DIRECTION('',(0.139173100960066,-8.0297716593641E-33,-0.99026806874157));
#2717=DIRECTION('',(0.99026806874157,3.75406797826163E-33,0.139173100960065));
#2718=CARTESIAN_POINT('',(-0.0656381704744225,0.04773,-0.0679660140239116));
#2719=DIRECTION('',(-2.60000542492277E-33,1.0,-8.47409175530384E-33));
#2720=DIRECTION('',(-0.798635510047209,3.023379067253E-33,0.60181502315216));
#2721=CARTESIAN_POINT('',(-0.0325150122962152,0.04873,-0.0776151793920387));
#2722=DIRECTION('',(-0.279685952699336,-1.01103940008572E-32,-0.960091541397311));
#2723=DIRECTION('',(0.960091541397311,1.21335916686346E-32,-0.279685952699336));
#2724=CARTESIAN_POINT('',(-0.0656381704744225,0.04873,-0.0679660140239116));
#2725=DIRECTION('',(2.60000542492277E-33,-1.0,8.47409175530384E-33));
#2726=DIRECTION('',(-0.798635510047209,3.023379067253E-33,0.60181502315216));
#2727=CARTESIAN_POINT('',(-0.0998024188460067,0.04873,-0.0727674860070339));
#2728=DIRECTION('',(0.139173100960066,-8.0297716593641E-33,-0.99026806874157));
#2729=DIRECTION('',(-0.99026806874157,-3.75406797826163E-33,-0.139173100960065));
#2730=CARTESIAN_POINT('',(-0.0656381704744225,0.04773,-0.0679660140239116));
#2731=DIRECTION('',(-2.60000542492277E-33,1.0,-8.47409175530384E-33));
#2732=DIRECTION('',(-0.798635510047209,3.023379067253E-33,0.60181502315216));
#2733=CARTESIAN_POINT('',(-0.0656381704744225,0.04873,-0.0679660140239116));
#2734=DIRECTION('',(2.60000542492277E-33,-1.0,8.47409175530384E-33));
#2735=DIRECTION('',(-0.798635510047209,3.023379067253E-33,0.60181502315216));
#2736=CARTESIAN_POINT('',(-0.0656381704744225,0.04873,-0.0679660140239116));
#2737=DIRECTION('',(2.60000542492277E-33,-1.0,8.47409175530384E-33));
#2738=DIRECTION('',(-0.798635510047209,3.023379067253E-33,0.60181502315216));
#2739=CARTESIAN_POINT('',(-0.0326658949328999,0.04873,-0.0797094746598277));
#2740=DIRECTION('',(0.139173100960066,-8.0297716593641E-33,-0.99026806874157));
#2741=DIRECTION('',(-0.99026806874157,-3.75406797826164E-33,-0.139173100960066));
#2742=CARTESIAN_POINT('',(-0.0277145545903932,0.04873,-0.0790136091551961));
#2743=DIRECTION('',(-2.60000542492277E-33,1.0,-8.47409175530384E-33));
#2744=DIRECTION('',(-0.948990159775433,-5.13930889152761E-33,-0.31530568762615));
#2745=CARTESIAN_POINT('',(-0.0277145545903932,0.04773,-0.0790136091551961));
#2746=DIRECTION('',(2.60000542492277E-33,-1.0,8.47409175530384E-33));
#2747=DIRECTION('',(-0.948990159775432,-5.13930889152761E-33,-0.31530568762615));
#2748=DIRECTION('',(0.798635510047293,7.76247730546873E-33,-0.601815023152048));
#2749=CARTESIAN_POINT('',(-0.0307236297054234,0.04873,-0.0830067867044639));
#2750=DIRECTION('',(0.798635510047293,7.76247730546873E-33,-0.601815023152048));
#2751=DIRECTION('',(0.601815023152048,1.37545650500411E-32,0.798635510047293));
#2752=DIRECTION('',(0.798635510047293,7.76247730546873E-33,-0.601815023152048));
#2753=CARTESIAN_POINT('',(-0.0283792858676639,0.04873,-0.0847733764982412));
#2754=DIRECTION('',(0.798635510047293,7.76247730546873E-33,-0.601815023152048));
#2755=DIRECTION('',(0.601815023152048,1.37545650500411E-32,0.798635510047293));
#2756=CARTESIAN_POINT('',(-0.0260485675941267,0.04873,-0.0887301509527645));
#2757=DIRECTION('',(0.139173100960066,-8.0297716593641E-33,-0.99026806874157));
#2758=DIRECTION('',(0.99026806874157,3.75406797826164E-33,0.139173100960066));
#2759=CARTESIAN_POINT('',(-0.0319901760065762,0.04873,-0.0895651895585249));
#2760=DIRECTION('',(2.60000542492277E-33,-1.0,8.47409175530384E-33));
#2761=DIRECTION('',(0.983386486002631,4.09506255065411E-33,0.181524155823396));
#2762=CARTESIAN_POINT('',(-0.0319901760065762,0.04873,-0.0895651895585249));
#2763=DIRECTION('',(2.60000542492277E-33,-1.0,8.47409175530384E-33));
#2764=DIRECTION('',(0.983386486002631,4.09506255065411E-33,0.181524155823396));
#2765=CARTESIAN_POINT('',(-0.0283792858676639,0.04873,-0.0847733764982412));
#2766=DIRECTION('',(0.798635510047293,7.76247730546873E-33,-0.601815023152048));
#2767=DIRECTION('',(0.601815023152048,1.37545650500411E-32,0.798635510047293));
#2768=CARTESIAN_POINT('',(-0.0319901760065762,0.04773,-0.0895651895585249));
#2769=DIRECTION('',(-2.60000542492277E-33,1.0,-8.47409175530384E-33));
#2770=DIRECTION('',(0.983386486002631,4.09506255065411E-33,0.181524155823396));
#2771=DIRECTION('',(2.60000542492277E-33,-1.0,8.47409175530384E-33));
#2772=DIRECTION('',(-2.60000542492277E-33,1.0,-8.47409175530384E-33));
#2773=CARTESIAN_POINT('',(-0.0656381704744225,0.05223,-0.0679660140239116));
#2774=DIRECTION('',(-2.60000542492277E-33,1.0,-8.47409175530384E-33));
#2775=DIRECTION('',(-0.798635510047209,3.023379067253E-33,0.60181502315216));
#2776=DIRECTION('',(-2.60000542492277E-33,1.0,-8.47409175530384E-33));
#2777=CARTESIAN_POINT('',(-0.0656381704744225,0.04873,-0.0679660140239116));
#2778=DIRECTION('',(2.60000542492277E-33,-1.0,8.47409175530384E-33));
#2779=DIRECTION('',(-0.798635510047209,3.023379067253E-33,0.60181502315216));
#2780=CARTESIAN_POINT('',(-0.0656381704744225,0.05223,-0.0679660140239116));
#2781=DIRECTION('',(-2.60000542492277E-33,1.0,-8.47409175530384E-33));
#2782=DIRECTION('',(-0.798635510047209,3.023379067253E-33,0.60181502315216));
#2783=CARTESIAN_POINT('',(-0.0656381704744225,0.05223,-0.0679660140239116));
#2784=DIRECTION('',(-2.60000542492277E-33,1.0,-8.47409175530384E-33));
#2785=DIRECTION('',(-0.798635510047209,3.023379067253E-33,0.60181502315216));
#2786=DIRECTION('',(-2.60000542492277E-33,1.0,-8.47409175530384E-33));
#2787=CARTESIAN_POINT('',(-0.0319901760065762,0.04873,-0.0895651895585249));
#2788=DIRECTION('',(2.60000542492277E-33,-1.0,8.47409175530384E-33));
#2789=DIRECTION('',(0.983386486002631,4.09506255065411E-33,0.181524155823396));
#2790=DIRECTION('',(-2.60000542492277E-33,1.0,-8.47409175530384E-33));
#2791=CARTESIAN_POINT('',(-0.0319901760065762,0.05223,-0.0895651895585249));
#2792=DIRECTION('',(-2.60000542492277E-33,1.0,-8.47409175530384E-33));
#2793=DIRECTION('',(0.983386486002631,4.09506255065413E-33,0.181524155823398));
#2794=DIRECTION('',(-2.60000542492277E-33,1.0,-8.47409175530384E-33));
#2795=CARTESIAN_POINT('',(-0.061644992924186,0.04873,-0.0709750891396719));
#2796=DIRECTION('',(2.60000542492277E-33,-1.0,8.47409175530384E-33));
#2797=DIRECTION('',(0.798635510047293,-3.02337906725184E-33,-0.601815023152048));
#2798=DIRECTION('',(2.60000542492277E-33,-1.0,8.47409175530384E-33));
#2799=CARTESIAN_POINT('',(-0.061644992924186,0.05223,-0.0709750891396719));
#2800=DIRECTION('',(-2.60000542492277E-33,1.0,-8.47409175530384E-33));
#2801=DIRECTION('',(0.798635510047293,-3.02337906725184E-33,-0.601815023152048));
#2802=DIRECTION('',(2.60000542492277E-33,-1.0,8.47409175530384E-33));
#2803=CARTESIAN_POINT('',(-0.0356010661454885,0.05223,-0.0943570026188087));
#2804=DIRECTION('',(-2.60000542492277E-33,1.0,-8.47409175530384E-33));
#2805=DIRECTION('',(0.0965658328673661,-8.18341724240615E-33,-0.995326599625787));
#2806=CARTESIAN_POINT('',(-0.0356010661454885,0.04873,-0.0943570026188087));
#2807=DIRECTION('',(2.60000542492277E-33,-1.0,8.47409175530384E-33));
#2808=DIRECTION('',(0.0965658328673661,-8.18341724240615E-33,-0.995326599625787));
#2809=DIRECTION('',(-0.0293549311039958,-0.707106781186548,-0.706497196045306));
#2810=CARTESIAN_POINT('',(-0.0445653752371915,0.05373,-0.101375403434602));
#2811=DIRECTION('',(-2.60000542492277E-33,1.0,-8.47409175530384E-33));
#2812=DIRECTION('',(0.0415141416897984,8.57472337360011E-33,0.999137916425835));
#2813=DIRECTION('',(0.425547483890749,0.707106781186554,0.564720584850813));
#2814=CARTESIAN_POINT('',(-0.0445653752371915,0.05223,-0.101375403434602));
#2815=DIRECTION('',(2.60000542492277E-33,-1.0,8.47409175530384E-33));
#2816=DIRECTION('',(0.0415141416897984,8.57472337360011E-33,0.999137916425835));
#2817=DIRECTION('',(0.564720584850757,0.707106781186549,-0.42554748389083));
#2818=DIRECTION('',(0.678887239481892,-0.707106781186538,-0.197767833756327));
#2819=CARTESIAN_POINT('',(-0.0656381704744225,0.05373,-0.0679660140239116));
#2820=DIRECTION('',(2.60000542492277E-33,-1.0,8.47409175530384E-33));
#2821=DIRECTION('',(-0.798635510047209,3.023379067253E-33,0.60181502315216));
#2822=DIRECTION('',(-0.671037377256514,0.707106781186547,-0.222954789867139));
#2823=CARTESIAN_POINT('',(-0.0277145545903932,0.05223,-0.0790136091551961));
#2824=DIRECTION('',(2.60000542492277E-33,-1.0,8.47409175530384E-33));
#2825=DIRECTION('',(-0.948990159775433,-5.13930889152759E-33,-0.315305687626147));
#2826=DIRECTION('',(0.425547483890749,-0.707106781186547,0.564720584850821));
#2827=CARTESIAN_POINT('',(-0.0277145545903932,0.05373,-0.0790136091551961));
#2828=DIRECTION('',(-2.60000542492277E-33,1.0,-8.47409175530384E-33));
#2829=DIRECTION('',(-0.948990159775434,-5.13930889152759E-33,-0.315305687626147));
#2830=DIRECTION('',(0.0682823552514401,-0.70710678118655,-0.70380218809074));
#2831=CARTESIAN_POINT('',(-0.0356010661454885,0.05373,-0.0943570026188087));
#2832=DIRECTION('',(2.60000542492277E-33,-1.0,8.47409175530384E-33));
#2833=DIRECTION('',(0.0965658328673661,-8.18341724240615E-33,-0.995326599625787));
#2834=DIRECTION('',(-0.526166778112655,0.707106781186546,0.472385987948998));
#2835=DIRECTION('',(0.564720584850818,-0.707106781186547,-0.425547483890753));
#2836=CARTESIAN_POINT('',(-0.061644992924186,0.05373,-0.0709750891396719));
#2837=DIRECTION('',(2.60000542492277E-33,-1.0,8.47409175530384E-33));
#2838=DIRECTION('',(0.798635510047293,-3.02337906725184E-33,-0.601815023152048));
#2839=DIRECTION('',(-0.599117775351074,0.707106781186546,0.375576744831709));
#2840=CARTESIAN_POINT('',(-0.061644992924186,0.05223,-0.0709750891396719));
#2841=DIRECTION('',(-2.60000542492277E-33,1.0,-8.47409175530384E-33));
#2842=DIRECTION('',(0.798635510047293,-3.02337906725184E-33,-0.601815023152048));
#2843=DIRECTION('',(-0.695359252779668,0.707106781186549,-0.128356961531888));
#2844=CARTESIAN_POINT('',(-0.0319901760065762,0.05373,-0.0895651895585249));
#2845=DIRECTION('',(2.60000542492277E-33,-1.0,8.47409175530384E-33));
#2846=DIRECTION('',(0.983386486002631,4.09506255065413E-33,0.181524155823398));
#2847=DIRECTION('',(2.60000542492277E-33,-1.0,8.47409175530384E-33));
#2848=CARTESIAN_POINT('',(-0.0656381704744225,0.05223,-0.0679660140239116));
#2849=DIRECTION('',(2.60000542492277E-33,-1.0,8.47409175530384E-33));
#2850=DIRECTION('',(0.139173100960065,-8.0297716593641E-33,-0.99026806874157));
#2851=DIRECTION('',(-2.60000542492277E-33,1.0,-8.47409175530384E-33));
#2852=CARTESIAN_POINT('',(-0.0656381704744225,0.04923,-0.0679660140239116));
#2853=DIRECTION('',(-2.60000542492277E-33,1.0,-8.47409175530384E-33));
#2854=DIRECTION('',(0.798635510047294,-3.02337906725182E-33,-0.601815023152047));
#2855=DIRECTION('',(0.0984102434476222,0.707106781186548,-0.700225266599671));
#2856=DIRECTION('',(0.0984102434476222,-0.707106781186548,-0.700225266599671));
#2857=CARTESIAN_POINT('',(-0.0656381704744225,0.05373,-0.0679660140239116));
#2858=DIRECTION('',(-2.60000542492277E-33,1.0,-8.47409175530384E-33));
#2859=DIRECTION('',(0.139173100960065,-8.0297716593641E-33,-0.99026806874157));
#2860=DIRECTION('',(-2.60000542492277E-33,1.0,-8.47409175530384E-33));
#2861=CARTESIAN_POINT('',(-0.0350014778509046,0.04773,-0.091052417832118));
#2862=DIRECTION('',(2.60000542492277E-33,-1.0,8.47409175530384E-33));
#2863=DIRECTION('',(-0.139173100960065,8.0297716593641E-33,0.99026806874157));
#2864=DIRECTION('',(2.60000542492277E-33,-1.0,8.47409175530384E-33));
#2865=CARTESIAN_POINT('',(-0.0350014778509046,0.05113,-0.091052417832118));
#2866=DIRECTION('',(2.60000542492277E-33,-1.0,8.47409175530384E-33));
#2867=DIRECTION('',(0.139173100960065,-8.0297716593641E-33,-0.99026806874157));
#2868=DIRECTION('',(0.0984102434476226,0.707106781186548,-0.70022526659967));
#2869=CARTESIAN_POINT('',(-0.0350014778509046,0.05113,-0.091052417832118));
#2870=DIRECTION('',(2.60000542492277E-33,-1.0,8.47409175530384E-33));
#2871=DIRECTION('',(0.139173100960065,-8.0297716593641E-33,-0.99026806874157));
#2872=DIRECTION('',(0.0984102434476226,-0.707106781186548,-0.70022526659967));
#2873=CARTESIAN_POINT('',(-0.0350014778509046,0.05373,-0.091052417832118));
#2874=DIRECTION('',(-2.60000542492277E-33,1.0,-8.47409175530384E-33));
#2875=DIRECTION('',(0.139173100960065,-8.0297716593641E-33,-0.99026806874157));
#2876=CARTESIAN_POINT('',(-0.0350014778509046,0.05373,-0.091052417832118));
#2877=DIRECTION('',(-2.60000542492277E-33,1.0,-8.47409175530384E-33));
#2878=DIRECTION('',(0.139173100960065,-8.0297716593641E-33,-0.99026806874157));
#2879=CARTESIAN_POINT('',(-0.0656381704744225,0.05373,-0.0679660140239116));
#2880=DIRECTION('',(-2.60000542492277E-33,1.0,-8.47409175530384E-33));
#2881=DIRECTION('',(0.139173100960065,-8.0297716593641E-33,-0.99026806874157));
#2882=CARTESIAN_POINT('',(-0.061644992924186,0.05373,-0.0709750891396719));
#2883=DIRECTION('',(2.60000542492277E-33,-1.0,8.47409175530384E-33));
#2884=DIRECTION('',(0.798635510047293,-3.02337906725184E-33,-0.601815023152048));
#2885=CARTESIAN_POINT('',(-0.0356010661454885,0.05373,-0.0943570026188087));
#2886=DIRECTION('',(2.60000542492277E-33,-1.0,8.47409175530384E-33));
#2887=DIRECTION('',(0.0965658328673661,-8.18341724240615E-33,-0.995326599625787));
#2888=DIRECTION('',(0.798635510047294,7.76247730546875E-33,-0.601815023152047));
#2889=CARTESIAN_POINT('',(-0.0445653752371915,0.05373,-0.101375403434602));
#2890=DIRECTION('',(-2.60000542492277E-33,1.0,-8.47409175530384E-33));
#2891=DIRECTION('',(0.0415141416897984,8.57472337360011E-33,0.999137916425835));
#2892=CARTESIAN_POINT('',(-0.0656381704744225,0.05373,-0.0679660140239116));
#2893=DIRECTION('',(2.60000542492277E-33,-1.0,8.47409175530384E-33));
#2894=DIRECTION('',(-0.798635510047209,3.023379067253E-33,0.60181502315216));
#2895=CARTESIAN_POINT('',(-0.0277145545903932,0.05373,-0.0790136091551961));
#2896=DIRECTION('',(-2.60000542492277E-33,1.0,-8.47409175530384E-33));
#2897=DIRECTION('',(-0.948990159775434,-5.13930889152759E-33,-0.315305687626147));
#2898=DIRECTION('',(-0.798635510047293,-7.76247730546873E-33,0.601815023152048));
#2899=CARTESIAN_POINT('',(-0.0319901760065762,0.05373,-0.0895651895585249));
#2900=DIRECTION('',(2.60000542492277E-33,-1.0,8.47409175530384E-33));
#2901=DIRECTION('',(0.983386486002631,4.09506255065413E-33,0.181524155823398));
#2902=CARTESIAN_POINT('',(-0.0350014778509046,0.04773,-0.091052417832118));
#2903=DIRECTION('',(2.60000542492277E-33,-1.0,8.47409175530384E-33));
#2904=DIRECTION('',(-0.139173100960065,8.0297716593641E-33,0.99026806874157));
#2905=CARTESIAN_POINT('',(-0.0656381704744225,0.05223,-0.0679660140239116));
#2906=DIRECTION('',(2.60000542492277E-33,-1.0,8.47409175530384E-33));
#2907=DIRECTION('',(0.139173100960065,-8.0297716593641E-33,-0.99026806874157));
#2908=CARTESIAN_POINT('',(-0.0656381704744225,0.04713,-0.0679660140239116));
#2909=DIRECTION('',(-2.60000542492277E-33,1.0,-8.47409175530384E-33));
#2910=DIRECTION('',(-0.798635510047293,3.02337906725183E-33,0.601815023152048));
#2911=CARTESIAN_POINT('',(-0.0656381704744225,0.04923,-0.0679660140239116));
#2912=DIRECTION('',(-2.60000542492277E-33,1.0,-8.47409175530384E-33));
#2913=DIRECTION('',(0.798635510047294,-3.02337906725182E-33,-0.601815023152047));
#2914=DIRECTION('',(0.425547483890752,-0.707106781186549,0.564720584850817));
#2915=CARTESIAN_POINT('',(-0.0319901760065762,0.05223,-0.0895651895585249));
#2916=DIRECTION('',(-2.60000542492277E-33,1.0,-8.47409175530384E-33));
#2917=DIRECTION('',(0.983386486002631,4.09506255065413E-33,0.181524155823398));
#2918=DIRECTION('',(0.798635510047293,7.76247730546873E-33,-0.601815023152048));
#2919=CARTESIAN_POINT('',(-0.0356010661454885,0.05223,-0.0943570026188087));
#2920=DIRECTION('',(-2.60000542492277E-33,1.0,-8.47409175530384E-33));
#2921=DIRECTION('',(0.0965658328673661,-8.18341724240615E-33,-0.995326599625787));
#2922=DIRECTION('',(0.425547483890749,0.707106781186547,0.564720584850821));
#2923=CARTESIAN_POINT('',(-0.0277145545903932,0.05223,-0.0790136091551961));
#2924=DIRECTION('',(2.60000542492277E-33,-1.0,8.47409175530384E-33));
#2925=DIRECTION('',(-0.948990159775433,-5.13930889152759E-33,-0.315305687626147));
#2926=DIRECTION('',(-0.798635510047294,-7.76247730546875E-33,0.601815023152047));
#2927=DIRECTION('',(0.377233326867171,-0.707106781186544,-0.5980760964131));
#2928=CARTESIAN_POINT('',(-0.0656381704744225,0.05223,-0.0679660140239116));
#2929=DIRECTION('',(-2.60000542492277E-33,1.0,-8.47409175530384E-33));
#2930=DIRECTION('',(-0.798635510047209,3.023379067253E-33,0.60181502315216));
#2931=CARTESIAN_POINT('',(-0.0445653752371915,0.05223,-0.101375403434602));
#2932=DIRECTION('',(2.60000542492277E-33,-1.0,8.47409175530384E-33));
#2933=DIRECTION('',(0.0415141416897984,8.57472337360011E-33,0.999137916425835));
#2934=DIRECTION('',(-2.60000542492277E-33,1.0,-8.47409175530384E-33));
#2935=DIRECTION('',(-2.60000542492277E-33,1.0,-8.47409175530384E-33));
#2936=CARTESIAN_POINT('',(-0.0356010661454885,0.04873,-0.0943570026188087));
#2937=DIRECTION('',(2.60000542492277E-33,-1.0,8.47409175530384E-33));
#2938=DIRECTION('',(0.0965658328673661,-8.18341724240615E-33,-0.995326599625787));
#2939=CARTESIAN_POINT('',(-0.061644992924186,0.04873,-0.0709750891396719));
#2940=DIRECTION('',(2.60000542492277E-33,-1.0,8.47409175530384E-33));
#2941=DIRECTION('',(0.798635510047293,-3.02337906725184E-33,-0.601815023152048));
#2942=DIRECTION('',(2.60000542492277E-33,-1.0,8.47409175530384E-33));
#2943=DIRECTION('',(-2.60000542492277E-33,1.0,-8.47409175530384E-33));
#2944=DIRECTION('',(-0.798635510047293,-7.76247730546873E-33,0.601815023152048));
#2945=CARTESIAN_POINT('',(-0.0277145545903932,0.04873,-0.0790136091551961));
#2946=DIRECTION('',(-2.60000542492277E-33,1.0,-8.47409175530384E-33));
#2947=DIRECTION('',(-0.948990159775433,-5.13930889152761E-33,-0.31530568762615));
#2948=DIRECTION('',(-2.60000542492277E-33,1.0,-8.47409175530384E-33));
#2949=CARTESIAN_POINT('',(-0.0656381704744225,0.04873,-0.0679660140239116));
#2950=DIRECTION('',(2.60000542492277E-33,-1.0,8.47409175530384E-33));
#2951=DIRECTION('',(-0.798635510047209,3.023379067253E-33,0.60181502315216));
#2952=CARTESIAN_POINT('',(-0.0445653752371915,0.04873,-0.101375403434602));
#2953=DIRECTION('',(-2.60000542492277E-33,1.0,-8.47409175530384E-33));
#2954=DIRECTION('',(0.0415141416898018,8.57472337360012E-33,0.999137916425835));
#2955=CARTESIAN_POINT('',(-0.0319901760065762,0.04773,-0.0895651895585249));
#2956=DIRECTION('',(-2.60000542492277E-33,1.0,-8.47409175530384E-33));
#2957=DIRECTION('',(0.983386486002631,4.09506255065411E-33,0.181524155823396));
#2958=CARTESIAN_POINT('',(-0.0269064931064145,0.04873,-0.0927520639160426));
#2959=DIRECTION('',(0.531145726252944,1.30385897316422E-32,0.847280483360282));
#2960=DIRECTION('',(4.97830357903272E-33,-1.0,1.22679387355006E-32));
#2961=CARTESIAN_POINT('',(-0.0307236297054234,0.04873,-0.0830067867044639));
#2962=DIRECTION('',(0.798635510047293,7.76247730546873E-33,-0.601815023152048));
#2963=DIRECTION('',(0.601815023152048,1.37545650500411E-32,0.798635510047293));
#2964=CARTESIAN_POINT('',(-0.031136392983426,0.04873,-0.0983653306438036));
#2965=DIRECTION('',(0.668054670832482,1.43693001268655E-32,0.744112193677072));
#2966=DIRECTION('',(6.82657311761803E-33,-1.0,1.31818510074276E-32));
#2967=CARTESIAN_POINT('',(-0.061644992924186,0.04773,-0.0709750891396719));
#2968=DIRECTION('',(-2.60000542492277E-33,1.0,-8.47409175530384E-33));
#2969=DIRECTION('',(0.798635510047293,-3.02337906725184E-33,-0.601815023152048));
#2970=CARTESIAN_POINT('',(-0.0392119562844007,0.04873,-0.0991488156790925));
#2971=DIRECTION('',(0.798635510047294,7.76247730546876E-33,-0.601815023152047));
#2972=DIRECTION('',(1.12139733304473E-32,-1.0,1.98300135264034E-33));
#2973=CARTESIAN_POINT('',(-0.0356010661454885,0.04773,-0.0943570026188087));
#2974=DIRECTION('',(-2.60000542492277E-33,1.0,-8.47409175530384E-33));
#2975=DIRECTION('',(0.0965658328673661,-8.18341724240615E-33,-0.995326599625787));
#2976=CARTESIAN_POINT('',(-0.0277145545903932,0.04773,-0.0790136091551961));
#2977=DIRECTION('',(2.60000542492277E-33,-1.0,8.47409175530384E-33));
#2978=DIRECTION('',(-0.948990159775432,-5.13930889152761E-33,-0.31530568762615));
#2979=CARTESIAN_POINT('',(-0.0472328176717262,0.04873,-0.097146366801222));
#2980=DIRECTION('',(-0.84580732687856,-1.56129095588571E-32,-0.533488487034673));
#2981=DIRECTION('',(0.533488487034673,2.38352024129836E-33,-0.84580732687856));
#2982=CARTESIAN_POINT('',(-0.0656381704744225,0.04773,-0.0679660140239116));
#2983=DIRECTION('',(-2.60000542492277E-33,1.0,-8.47409175530384E-33));
#2984=DIRECTION('',(-0.798635510047209,3.023379067253E-33,0.60181502315216));
#2985=DIRECTION('',(-0.798635510047294,-7.76247730546875E-33,0.601815023152047));
#2986=CARTESIAN_POINT('',(-0.0415563001221515,0.04873,-0.0973822258853219));
#2987=DIRECTION('',(0.798635510047294,7.76247730546876E-33,-0.601815023152047));
#2988=DIRECTION('',(1.12139733304473E-32,-1.0,1.98300135264034E-33));
#2989=CARTESIAN_POINT('',(-0.0445653752371915,0.04773,-0.101375403434602));
#2990=DIRECTION('',(2.60000542492277E-33,-1.0,8.47409175530384E-33));
#2991=DIRECTION('',(0.0415141416898018,8.57472337360012E-33,0.999137916425835));
#2992=CARTESIAN_POINT('',(-0.0656381704744225,0.04773,-0.0679660140239116));
#2993=DIRECTION('',(2.60000542492277E-33,-1.0,8.47409175530384E-33));
#2994=DIRECTION('',(0.798635510047294,-3.02337906725183E-33,-0.601815023152047));
#2995=DIRECTION('',(0.601815023152048,1.37545650500411E-32,0.798635510047293));
#2996=CARTESIAN_POINT('',(-0.0846430746806212,0.04773,-0.0851651796349258));
#2997=DIRECTION('',(2.60000542492277E-33,-1.0,8.47409175530384E-33));
#2998=DIRECTION('',(0.0448804013203357,-8.3488636949739E-33,-0.998992367126659));
#2999=CARTESIAN_POINT('',(-0.0656381704744225,0.04773,-0.0679660140239117));
#3000=DIRECTION('',(2.60000542492277E-33,-1.0,8.47409175530384E-33));
#3001=DIRECTION('',(-0.798635510047293,3.02337906725183E-33,0.601815023152047));
#3002=CARTESIAN_POINT('',(-0.054343732913407,0.04773,-0.0449565950442372));
#3003=DIRECTION('',(2.60000542492277E-33,-1.0,8.47409175530384E-33));
#3004=DIRECTION('',(0.972663812201551,4.49676616554759E-33,0.23221780386858));
#3005=DIRECTION('',(0.601815023152048,1.37545650500411E-32,0.798635510047293));
#3006=CARTESIAN_POINT('',(-0.054731169370777,0.04773,-0.045470740588697));
#3007=DIRECTION('',(2.60000542492277E-33,-1.0,8.47409175530384E-33));
#3008=DIRECTION('',(0.23457570663981,-7.62774830056042E-33,-0.972097854052993));
#3009=CARTESIAN_POINT('',(-0.0786710031518466,0.04923,-0.0850655833869765));
#3010=DIRECTION('',(-0.795328807584408,-2.60961844353662E-14,0.606178264066244));
#3011=DIRECTION('',(2.87730701041523E-14,-1.0,-5.29899055987449E-15));
#3012=CARTESIAN_POINT('',(-0.0502588105145121,0.04713,-0.0488409047183484));
#3013=DIRECTION('',(-0.601815023152048,-1.37545650500411E-32,-0.798635510047293));
#3014=DIRECTION('',(-0.798635510047293,-7.76247730546874E-33,0.601815023152048));
#3015=CARTESIAN_POINT('',(-0.054731169370777,0.04713,-0.045470740588697));
#3016=DIRECTION('',(-2.60000542492277E-33,1.0,-8.47409175530384E-33));
#3017=DIRECTION('',(0.23457570663981,-7.62774830056042E-33,-0.972097854052993));
#3018=CARTESIAN_POINT('',(-0.0513769002285783,0.04713,-0.0479983636859355));
#3019=DIRECTION('',(0.601815023152048,1.37545650500411E-32,0.798635510047293));
#3020=DIRECTION('',(5.86312600059585E-33,-1.0,1.28043990175738E-32));
#3021=CARTESIAN_POINT('',(-0.054731169370777,0.04633,-0.045470740588697));
#3022=DIRECTION('',(-2.60000542492277E-33,1.0,-8.47409175530384E-33));
#3023=DIRECTION('',(0.234575706639807,-7.62774830056044E-33,-0.972097854052994));
#3024=CARTESIAN_POINT('',(-0.0842556382232512,0.04633,-0.0846510340904661));
#3025=DIRECTION('',(-2.60000542492277E-33,1.0,-8.47409175530384E-33));
#3026=DIRECTION('',(0.999098259322082,2.95745253036377E-33,0.0424578404960362));
#3027=CARTESIAN_POINT('',(-0.0809013690810526,0.04713,-0.0871786571877046));
#3028=DIRECTION('',(-0.601815023152048,-5.87747175411127E-31,-0.798635510047293));
#3029=DIRECTION('',(0.798635510047293,-8.67361737988391E-15,-0.601815023152048));
#3030=CARTESIAN_POINT('',(-0.0656381704744225,0.04633,-0.0679660140239116));
#3031=DIRECTION('',(2.60000542492277E-33,-1.0,8.47409175530384E-33));
#3032=DIRECTION('',(-0.798635510047293,3.02337906725183E-33,0.601815023152048));
#3033=CARTESIAN_POINT('',(-0.0877571782819992,0.04713,-0.0879833987108467));
#3034=DIRECTION('',(-0.671004541885913,-5.87747175411165E-31,0.741453238423352));
#3035=DIRECTION('',(-0.741453238423352,-8.6736173798842E-15,-0.671004541885913));
#3036=CARTESIAN_POINT('',(-0.0656381704744225,0.04633,-0.0679660140239117));
#3037=DIRECTION('',(-2.60000542492277E-33,1.0,-8.47409175530384E-33));
#3038=DIRECTION('',(-0.798635510047293,3.02337906725183E-33,0.601815023152047));
#3039=CARTESIAN_POINT('',(-0.0812888055384225,0.04713,-0.0876928027321644));
#3040=DIRECTION('',(-0.601815023152047,0.0,-0.798635510047293));
#3041=DIRECTION('',(0.798635510047293,-8.67361737988423E-15,-0.601815023152047));
#3042=CARTESIAN_POINT('',(-0.0846430746806212,0.04633,-0.0851651796349258));
#3043=DIRECTION('',(-2.60000542492277E-33,1.0,-8.47409175530384E-33));
#3044=DIRECTION('',(0.0448804013203357,-8.3488636949739E-33,-0.998992367126659));
#3045=CARTESIAN_POINT('',(-0.0846430746806212,0.04713,-0.0851651796349258));
#3046=DIRECTION('',(-2.60000542492277E-33,1.0,-8.47409175530384E-33));
#3047=DIRECTION('',(0.0448804013203357,-8.3488636949739E-33,-0.998992367126659));
#3048=CARTESIAN_POINT('',(-0.054343732913407,0.04633,-0.0449565950442372));
#3049=DIRECTION('',(-2.60000542492277E-33,1.0,-8.47409175530384E-33));
#3050=DIRECTION('',(0.972663812201551,4.49676616554758E-33,0.232217803868579));
#3051=CARTESIAN_POINT('',(-0.0509894637712084,0.04713,-0.0474842181414758));
#3052=DIRECTION('',(0.601815023152048,1.37545650500411E-32,0.798635510047293));
#3053=DIRECTION('',(5.86312600059586E-33,-1.0,1.28043990175738E-32));
#3054=DIRECTION('',(-0.601815023152048,-1.37545650500411E-32,-0.798635510047293));
#3055=CARTESIAN_POINT('',(-0.0518761558920452,0.04713,-0.0399295617597196));
#3056=DIRECTION('',(0.897684515092421,1.02139745825421E-32,-0.440638753814601));
#3057=DIRECTION('',(-0.440638753814601,-1.20465280002544E-32,-0.897684515092421));
#3058=CARTESIAN_POINT('',(-0.0801707158243563,0.04713,-0.0885353437645773));
#3059=DIRECTION('',(0.601815023152047,1.37545650500411E-32,0.798635510047293));
#3060=DIRECTION('',(-5.86312600059584E-33,1.0,-1.28043990175738E-32));
#3061=PRESENTATION_LAYER_ASSIGNMENT('9','Layer0',(#25));
ENDSEC;
END-ISO-10303-21;
