ISO-10303-21;
HEADER;
FILE_DESCRIPTION(('STEP AP214'),'1');
FILE_NAME('Arm_1.stp','2026-09-05T13:19:01',(' '),(' '),'Spatial InterOp 3D',' ',' ');
FILE_SCHEMA(('AUTOMOTIVE_DESIGN { 1 0 10303 214 1 1 1 1 }'));
ENDSEC;
DATA;
#1=MECHANICAL_DESIGN_GEOMETRIC_PRESENTATION_REPRESENTATION(' ',(#10),#6);
#2=PRODUCT_DEFINITION_CONTEXT('',#11,'design');
#3=APPLICATION_PROTOCOL_DEFINITION('INTERNATIONAL STANDARD','automotive_design',1994,#11);
#4=PRODUCT_CATEGORY_RELATIONSHIP('NONE','NONE',#12,#13);
#5=SHAPE_DEFINITION_REPRESENTATION(#14,#15);
#6= (GEOMETRIC_REPRESENTATION_CONTEXT(3)GLOBAL_UNCERTAINTY_ASSIGNED_CONTEXT((#18))GLOBAL_UNIT_ASSIGNED_CONTEXT((#20,#21,#22))REPRESENTATION_CONTEXT('NONE','WORKSPACE'));
#10=STYLED_ITEM('',(#24),#25);
#11=APPLICATION_CONTEXT(' ');
#12=PRODUCT_CATEGORY('part','NONE');
#13=PRODUCT_RELATED_PRODUCT_CATEGORY('detail',' ',(#26));
#14=PRODUCT_DEFINITION_SHAPE('NONE','NONE',#27);
#15=ADVANCED_BREP_SHAPE_REPRESENTATION('Arm_1',(#25,#28),#6);
#18=UNCERTAINTY_MEASURE_WITH_UNIT(LENGTH_MEASURE(1.0E-08),#20,'','');
#20= (CONVERSION_BASED_UNIT('METRE',#31)LENGTH_UNIT()NAMED_UNIT(#34));
#21= (NAMED_UNIT(#36)PLANE_ANGLE_UNIT()SI_UNIT($,.RADIAN.));
#22= (NAMED_UNIT(#36)SOLID_ANGLE_UNIT()SI_UNIT($,.STERADIAN.));
#24=PRESENTATION_STYLE_ASSIGNMENT((#42));
#25=MANIFOLD_SOLID_BREP('Arm_1',#43);
#26=PRODUCT('Arm_1','','PART--DESC',(#44));
#27=PRODUCT_DEFINITION('','NONE',#45,#2);
#28=AXIS2_PLACEMENT_3D('',#46,#47,#48);
#31=LENGTH_MEASURE_WITH_UNIT(LENGTH_MEASURE(1.0),#49);
#34=DIMENSIONAL_EXPONENTS(1.0,0.0,0.0,0.0,0.0,0.0,0.0);
#36=DIMENSIONAL_EXPONENTS(0.0,0.0,0.0,0.0,0.0,0.0,0.0);
#42=SURFACE_STYLE_USAGE(.BOTH.,#50);
#43=CLOSED_SHELL('',(#51,#52,#53,#54,#55,#56,#57,#58,#59,#60,#61,#62,#63,#64,#65,#66,#67,#68,#69,#70,#71,#72,#73,#74,#75,#76,#77,#78,#79,#80,#81,#82,#83,#84,#85,#86,#87,#88,#89,#90,#91,#92,#93,#94,#95,#96,#97,#98,#99,#100,#101,#102,#103,#104,#105,#106,#107,#108));
#44=PRODUCT_CONTEXT('',#11,'mechanical');
#45=PRODUCT_DEFINITION_FORMATION_WITH_SPECIFIED_SOURCE(' ','NONE',#26,.NOT_KNOWN.);
#46=CARTESIAN_POINT('',(0.0,0.0,0.0));
#47=DIRECTION('',(0.0,0.0,1.0));
#48=DIRECTION('',(1.0,0.0,0.0));
#49= (NAMED_UNIT(#34)LENGTH_UNIT()SI_UNIT($,.METRE.));
#50=SURFACE_SIDE_STYLE('',(#110));
#51=ADVANCED_FACE('0:56',(#111),#112,.T.);
#52=ADVANCED_FACE('0:131',(#113),#114,.F.);
#53=ADVANCED_FACE('0:125',(#115),#116,.T.);
#54=ADVANCED_FACE('0:119',(#117),#118,.T.);
#55=ADVANCED_FACE('0:116',(#119),#120,.F.);
#56=ADVANCED_FACE('0:113',(#121),#122,.F.);
#57=ADVANCED_FACE('0:107',(#123),#124,.T.);
#58=ADVANCED_FACE('0:98',(#125),#126,.T.);
#59=ADVANCED_FACE('0:89',(#127),#128,.F.);
#60=ADVANCED_FACE('0:80',(#129),#130,.T.);
#61=ADVANCED_FACE('0:74',(#131),#132,.F.);
#62=ADVANCED_FACE('0:68',(#133),#134,.F.);
#63=ADVANCED_FACE('0:65',(#135),#136,.F.);
#64=ADVANCED_FACE('0:59',(#137,#138),#139,.T.);
#65=ADVANCED_FACE('0:53',(#140),#141,.F.);
#66=ADVANCED_FACE('0:41',(#142),#143,.F.);
#67=ADVANCED_FACE('0:38',(#144),#145,.F.);
#68=ADVANCED_FACE('0:35',(#146),#147,.T.);
#69=ADVANCED_FACE('0:32',(#148),#149,.T.);
#70=ADVANCED_FACE('0:29',(#150),#151,.F.);
#71=ADVANCED_FACE('0:23',(#152),#153,.F.);
#72=ADVANCED_FACE('0:23',(#154),#155,.F.);
#73=ADVANCED_FACE('0:26',(#156,#157,#158),#159,.F.);
#74=ADVANCED_FACE('0:29',(#160),#161,.F.);
#75=ADVANCED_FACE('0:32',(#162),#163,.T.);
#76=ADVANCED_FACE('0:35',(#164),#165,.T.);
#77=ADVANCED_FACE('0:38',(#166),#167,.F.);
#78=ADVANCED_FACE('0:41',(#168),#169,.F.);
#79=ADVANCED_FACE('0:44',(#170),#171,.T.);
#80=ADVANCED_FACE('0:47',(#172,#173),#174,.T.);
#81=ADVANCED_FACE('0:50',(#175,#176),#177,.T.);
#82=ADVANCED_FACE('0:53',(#178),#179,.F.);
#83=ADVANCED_FACE('0:56',(#180),#181,.T.);
#84=ADVANCED_FACE('0:59',(#182),#183,.T.);
#85=ADVANCED_FACE('0:62',(#184),#185,.T.);
#86=ADVANCED_FACE('0:65',(#186),#187,.F.);
#87=ADVANCED_FACE('0:68',(#188),#189,.F.);
#88=ADVANCED_FACE('0:71',(#190),#191,.T.);
#89=ADVANCED_FACE('0:74',(#192),#193,.F.);
#90=ADVANCED_FACE('0:77',(#194),#195,.T.);
#91=ADVANCED_FACE('0:80',(#196),#197,.T.);
#92=ADVANCED_FACE('0:83',(#198),#199,.T.);
#93=ADVANCED_FACE('0:86',(#200),#201,.T.);
#94=ADVANCED_FACE('0:89',(#202),#203,.F.);
#95=ADVANCED_FACE('0:92',(#204),#205,.T.);
#96=ADVANCED_FACE('0:95',(#206),#207,.T.);
#97=ADVANCED_FACE('0:98',(#208),#209,.T.);
#98=ADVANCED_FACE('0:101',(#210),#211,.T.);
#99=ADVANCED_FACE('0:104',(#212),#213,.T.);
#100=ADVANCED_FACE('0:107',(#214),#215,.T.);
#101=ADVANCED_FACE('0:110',(#216),#217,.T.);
#102=ADVANCED_FACE('0:113',(#218),#219,.F.);
#103=ADVANCED_FACE('0:116',(#220),#221,.F.);
#104=ADVANCED_FACE('0:119',(#222),#223,.T.);
#105=ADVANCED_FACE('0:122',(#224),#225,.T.);
#106=ADVANCED_FACE('0:125',(#226),#227,.T.);
#107=ADVANCED_FACE('0:128',(#228,#229),#230,.T.);
#108=ADVANCED_FACE('0:131',(#231),#232,.F.);
#110=SURFACE_STYLE_FILL_AREA(#233);
#111=FACE_OUTER_BOUND('',#234,.T.);
#112=B_SPLINE_SURFACE_WITH_KNOTS('',3,3,((#235,#236,#237,#238),(#239,#240,#241,#242),(#243,#244,#245,#246),(#247,#248,#249,#250),(#251,#252,#253,#254),(#255,#256,#257,#258),(#259,#260,#261,#262),(#263,#264,#265,#266),(#267,#268,#269,#270),(#271,#272,#273,#274),(#275,#276,#277,#278),(#279,#280,#281,#282),(#283,#284,#285,#286),(#287,#288,#289,#290),(#291,#292,#293,#294),(#295,#296,#297,#298),(#299,#300,#301,#302),(#303,#304,#305,#306),(#307,#308,#309,#310),(#311,#312,#313,#314),(#315,#316,#317,#318),(#319,#320,#321,#322),(#323,#324,#325,#326),(#327,#328,#329,#330),(#331,#332,#333,#334),(#335,#336,#337,#338),(#339,#340,#341,#342),(#343,#344,#345,#346),(#347,#348,#349,#350),(#351,#352,#353,#354),(#355,#356,#357,#358),(#359,#360,#361,#362),(#363,#364,#365,#366),(#367,#368,#369,#370),(#371,#372,#373,#374),(#375,#376,#377,#378),(#379,#380,#381,#382),(#383,#384,#385,#386),(#387,#388,#389,#390),(#391,#392,#393,#394),(#395,#396,#397,#398),(#399,#400,#401,#402),(#403,#404,#405,#406),(#407,#408,#409,#410),(#411,#412,#413,#414),(#415,#416,#417,#418),(#419,#420,#421,#422),(#423,#424,#425,#426),(#427,#428,#429,#430),(#431,#432,#433,#434),(#435,#436,#437,#438),(#439,#440,#441,#442),(#443,#444,#445,#446),(#447,#448,#449,#450),(#451,#452,#453,#454),(#455,#456,#457,#458),(#459,#460,#461,#462),(#463,#464,#465,#466),(#467,#468,#469,#470),(#471,#472,#473,#474),(#475,#476,#477,#478),(#479,#480,#481,#482),(#483,#484,#485,#486),(#487,#488,#489,#490),(#491,#492,#493,#494),(#495,#496,#497,#498),(#499,#500,#501,#502),(#503,#504,#505,#506),(#507,#508,#509,#510),(#511,#512,#513,#514),(#515,#516,#517,#518),(#519,#520,#521,#522)),.UNSPECIFIED.,.T.,.F.,.F.,(4,2,2,2,2,2,2,2,2,2,2,2,2,2,2,2,2,2,2,2,2,2,2,2,2,2,2,2,2,2,2,2,2,2,2,4),(4,4),(0.0,0.000618485004738602,0.0012369700094772,0.0018766690883532,0.0025163681672292,0.00318065214885173,0.00384493613047426,0.00448679485342527,0.00512865357637628,0.00574406103742464,0.006359468498473,0.00699532951236836,0.00763119052626373,0.00829522542874469,0.00895926033122566,0.00960432370399658,0.0102493870767675,0.0105306849571524,0.0113952324626123,0.0119342870710469,0.0124733416794815,0.0127526163658082,0.0134145446437642,0.0140764729217202,0.0147268282519404,0.0153771835821606,0.0159947341777037,0.0166122847732467,0.0172403863988318,0.0178684880244169,0.0185294704099466,0.0191904527954764,0.0196588225482478,0.0201271923010193,0.0205942811076621,0.0210613699143049),(0.0,1.0),.UNSPECIFIED.);
#113=FACE_OUTER_BOUND('',#523,.T.);
#114=CONICAL_SURFACE('',#524,0.00245000000000006,0.785398163397448);
#115=FACE_OUTER_BOUND('',#525,.T.);
#116=TOROIDAL_SURFACE('',#526,0.008,0.002);
#117=FACE_OUTER_BOUND('',#527,.T.);
#118=TOROIDAL_SURFACE('',#528,0.0106,0.0014);
#119=FACE_OUTER_BOUND('',#529,.T.);
#120=CYLINDRICAL_SURFACE('',#530,0.005);
#121=FACE_OUTER_BOUND('',#531,.T.);
#122=CYLINDRICAL_SURFACE('',#532,0.005);
#123=FACE_OUTER_BOUND('',#533,.T.);
#124=CYLINDRICAL_SURFACE('',#534,0.002);
#125=FACE_OUTER_BOUND('',#535,.T.);
#126=CYLINDRICAL_SURFACE('',#536,0.002);
#127=FACE_OUTER_BOUND('',#537,.T.);
#128=TOROIDAL_SURFACE('',#538,0.0129999999997219,0.000999999999721889);
#129=FACE_OUTER_BOUND('',#539,.T.);
#130=CYLINDRICAL_SURFACE('',#540,0.01);
#131=FACE_OUTER_BOUND('',#541,.T.);
#132=CYLINDRICAL_SURFACE('',#542,0.000999999999986123);
#133=FACE_OUTER_BOUND('',#543,.T.);
#134=TOROIDAL_SURFACE('',#544,0.0109999999999861,0.000999999999986123);
#135=FACE_OUTER_BOUND('',#545,.T.);
#136=CYLINDRICAL_SURFACE('',#546,0.000999999999986123);
#137=FACE_BOUND('',#547,.T.);
#138=FACE_OUTER_BOUND('',#548,.T.);
#139=CYLINDRICAL_SURFACE('',#549,0.012);
#140=FACE_OUTER_BOUND('',#550,.T.);
#141=CYLINDRICAL_SURFACE('',#551,0.00185);
#142=FACE_OUTER_BOUND('',#552,.T.);
#143=CONICAL_SURFACE('',#553,0.0034,0.785398163397444);
#144=FACE_OUTER_BOUND('',#554,.T.);
#145=CYLINDRICAL_SURFACE('',#555,0.00265);
#146=FACE_OUTER_BOUND('',#556,.T.);
#147=CYLINDRICAL_SURFACE('',#557,0.0015);
#148=FACE_OUTER_BOUND('',#558,.T.);
#149=TOROIDAL_SURFACE('',#559,0.00415,0.0015);
#150=FACE_OUTER_BOUND('',#560,.T.);
#151=CYLINDRICAL_SURFACE('',#561,0.00185);
#152=FACE_OUTER_BOUND('',#562,.T.);
#153=CONICAL_SURFACE('',#563,0.00284999999999998,0.785398163397448);
#154=FACE_OUTER_BOUND('',#564,.T.);
#155=CONICAL_SURFACE('',#565,0.00284999999999998,0.785398163397448);
#156=FACE_OUTER_BOUND('',#566,.T.);
#157=FACE_BOUND('',#567,.T.);
#158=FACE_BOUND('',#568,.T.);
#159=PLANE('',#569);
#160=FACE_OUTER_BOUND('',#570,.T.);
#161=CYLINDRICAL_SURFACE('',#571,0.00185);
#162=FACE_OUTER_BOUND('',#572,.T.);
#163=TOROIDAL_SURFACE('',#573,0.00415,0.0015);
#164=FACE_OUTER_BOUND('',#574,.T.);
#165=CYLINDRICAL_SURFACE('',#575,0.0015);
#166=FACE_OUTER_BOUND('',#576,.T.);
#167=CYLINDRICAL_SURFACE('',#577,0.00265);
#168=FACE_OUTER_BOUND('',#578,.T.);
#169=CONICAL_SURFACE('',#579,0.0034,0.785398163397444);
#170=FACE_OUTER_BOUND('',#580,.T.);
#171=PLANE('',#581);
#172=FACE_OUTER_BOUND('',#582,.T.);
#173=FACE_BOUND('',#583,.T.);
#174=PLANE('',#584);
#175=FACE_BOUND('',#585,.T.);
#176=FACE_OUTER_BOUND('',#586,.T.);
#177=PLANE('',#587);
#178=FACE_OUTER_BOUND('',#588,.T.);
#179=CYLINDRICAL_SURFACE('',#589,0.00185);
#180=FACE_OUTER_BOUND('',#590,.T.);
#181=B_SPLINE_SURFACE_WITH_KNOTS('',3,3,((#591,#592,#593,#594),(#595,#596,#597,#598),(#599,#600,#601,#602),(#603,#604,#605,#606),(#607,#608,#609,#610),(#611,#612,#613,#614),(#615,#616,#617,#618),(#619,#620,#621,#622),(#623,#624,#625,#626),(#627,#628,#629,#630),(#631,#632,#633,#634),(#635,#636,#637,#638),(#639,#640,#641,#642),(#643,#644,#645,#646),(#647,#648,#649,#650),(#651,#652,#653,#654),(#655,#656,#657,#658),(#659,#660,#661,#662),(#663,#664,#665,#666),(#667,#668,#669,#670),(#671,#672,#673,#674),(#675,#676,#677,#678),(#679,#680,#681,#682),(#683,#684,#685,#686),(#687,#688,#689,#690),(#691,#692,#693,#694),(#695,#696,#697,#698),(#699,#700,#701,#702),(#703,#704,#705,#706),(#707,#708,#709,#710),(#711,#712,#713,#714),(#715,#716,#717,#718),(#719,#720,#721,#722),(#723,#724,#725,#726),(#727,#728,#729,#730),(#731,#732,#733,#734),(#735,#736,#737,#738),(#739,#740,#741,#742),(#743,#744,#745,#746),(#747,#748,#749,#750),(#751,#752,#753,#754),(#755,#756,#757,#758),(#759,#760,#761,#762),(#763,#764,#765,#766),(#767,#768,#769,#770),(#771,#772,#773,#774),(#775,#776,#777,#778),(#779,#780,#781,#782),(#783,#784,#785,#786),(#787,#788,#789,#790),(#791,#792,#793,#794),(#795,#796,#797,#798),(#799,#800,#801,#802),(#803,#804,#805,#806),(#807,#808,#809,#810),(#811,#812,#813,#814),(#815,#816,#817,#818),(#819,#820,#821,#822),(#823,#824,#825,#826),(#827,#828,#829,#830),(#831,#832,#833,#834),(#835,#836,#837,#838),(#839,#840,#841,#842),(#843,#844,#845,#846),(#847,#848,#849,#850),(#851,#852,#853,#854),(#855,#856,#857,#858),(#859,#860,#861,#862),(#863,#864,#865,#866),(#867,#868,#869,#870),(#871,#872,#873,#874),(#875,#876,#877,#878)),.UNSPECIFIED.,.T.,.F.,.F.,(4,2,2,2,2,2,2,2,2,2,2,2,2,2,2,2,2,2,2,2,2,2,2,2,2,2,2,2,2,2,2,2,2,2,2,4),(4,4),(0.0,0.000618485004738602,0.0012369700094772,0.0018766690883532,0.0025163681672292,0.00318065214885173,0.00384493613047426,0.00448679485342527,0.00512865357637628,0.00574406103742464,0.006359468498473,0.00699532951236836,0.00763119052626373,0.00829522542874469,0.00895926033122566,0.00960432370399658,0.0102493870767675,0.0105306849571524,0.0113952324626123,0.0119342870710469,0.0124733416794815,0.0127526163658082,0.0134145446437642,0.0140764729217202,0.0147268282519404,0.0153771835821606,0.0159947341777037,0.0166122847732467,0.0172403863988318,0.0178684880244169,0.0185294704099466,0.0191904527954764,0.0196588225482478,0.0201271923010193,0.0205942811076621,0.0210613699143049),(0.0,1.0),.UNSPECIFIED.);
#182=FACE_OUTER_BOUND('',#879,.T.);
#183=CYLINDRICAL_SURFACE('',#880,0.012);
#184=FACE_OUTER_BOUND('',#881,.T.);
#185=B_SPLINE_SURFACE_WITH_KNOTS('',3,3,((#882,#883,#884,#885,#886,#887,#888,#889,#890,#891,#892,#893,#894,#895,#896,#897,#898,#899,#900,#901,#902,#903,#904,#905,#906,#907),(#908,#909,#910,#911,#912,#913,#914,#915,#916,#917,#918,#919,#920,#921,#922,#923,#924,#925,#926,#927,#928,#929,#930,#931,#932,#933),(#934,#935,#936,#937,#938,#939,#940,#941,#942,#943,#944,#945,#946,#947,#948,#949,#950,#951,#952,#953,#954,#955,#956,#957,#958,#959),(#960,#961,#962,#963,#964,#965,#966,#967,#968,#969,#970,#971,#972,#973,#974,#975,#976,#977,#978,#979,#980,#981,#982,#983,#984,#985),(#986,#987,#988,#989,#990,#991,#992,#993,#994,#995,#996,#997,#998,#999,#1000,#1001,#1002,#1003,#1004,#1005,#1006,#1007,#1008,#1009,#1010,#1011),(#1012,#1013,#1014,#1015,#1016,#1017,#1018,#1019,#1020,#1021,#1022,#1023,#1024,#1025,#1026,#1027,#1028,#1029,#1030,#1031,#1032,#1033,#1034,#1035,#1036,#1037),(#1038,#1039,#1040,#1041,#1042,#1043,#1044,#1045,#1046,#1047,#1048,#1049,#1050,#1051,#1052,#1053,#1054,#1055,#1056,#1057,#1058,#1059,#1060,#1061,#1062,#1063),(#1064,#1065,#1066,#1067,#1068,#1069,#1070,#1071,#1072,#1073,#1074,#1075,#1076,#1077,#1078,#1079,#1080,#1081,#1082,#1083,#1084,#1085,#1086,#1087,#1088,#1089),(#1090,#1091,#1092,#1093,#1094,#1095,#1096,#1097,#1098,#1099,#1100,#1101,#1102,#1103,#1104,#1105,#1106,#1107,#1108,#1109,#1110,#1111,#1112,#1113,#1114,#1115),(#1116,#1117,#1118,#1119,#1120,#1121,#1122,#1123,#1124,#1125,#1126,#1127,#1128,#1129,#1130,#1131,#1132,#1133,#1134,#1135,#1136,#1137,#1138,#1139,#1140,#1141),(#1142,#1143,#1144,#1145,#1146,#1147,#1148,#1149,#1150,#1151,#1152,#1153,#1154,#1155,#1156,#1157,#1158,#1159,#1160,#1161,#1162,#1163,#1164,#1165,#1166,#1167),(#1168,#1169,#1170,#1171,#1172,#1173,#1174,#1175,#1176,#1177,#1178,#1179,#1180,#1181,#1182,#1183,#1184,#1185,#1186,#1187,#1188,#1189,#1190,#1191,#1192,#1193)),.UNSPECIFIED.,.F.,.F.,.F.,(4,2,2,2,2,4),(4,2,2,2,2,2,2,2,2,2,2,2,4),(0.0,0.2,0.4,0.6,0.8,1.0),(0.0,0.000207064779218898,0.000414129558437795,0.000781017024054134,0.00114790448967047,0.00170446424223797,0.00226102399480548,0.00295672368551485,0.00339153599220821,0.00382634829890157,0.00452204798961095,0.00563516749474595,0.00678307198441643),.UNSPECIFIED.);
#186=FACE_OUTER_BOUND('',#1194,.T.);
#187=CYLINDRICAL_SURFACE('',#1195,0.000999999999986123);
#188=FACE_OUTER_BOUND('',#1196,.T.);
#189=TOROIDAL_SURFACE('',#1197,0.0109999999999861,0.000999999999986123);
#190=FACE_OUTER_BOUND('',#1198,.T.);
#191=B_SPLINE_SURFACE_WITH_KNOTS('',3,3,((#1199,#1200,#1201,#1202,#1203,#1204,#1205,#1206,#1207,#1208,#1209,#1210,#1211,#1212,#1213,#1214,#1215,#1216,#1217,#1218,#1219,#1220,#1221,#1222),(#1223,#1224,#1225,#1226,#1227,#1228,#1229,#1230,#1231,#1232,#1233,#1234,#1235,#1236,#1237,#1238,#1239,#1240,#1241,#1242,#1243,#1244,#1245,#1246),(#1247,#1248,#1249,#1250,#1251,#1252,#1253,#1254,#1255,#1256,#1257,#1258,#1259,#1260,#1261,#1262,#1263,#1264,#1265,#1266,#1267,#1268,#1269,#1270),(#1271,#1272,#1273,#1274,#1275,#1276,#1277,#1278,#1279,#1280,#1281,#1282,#1283,#1284,#1285,#1286,#1287,#1288,#1289,#1290,#1291,#1292,#1293,#1294),(#1295,#1296,#1297,#1298,#1299,#1300,#1301,#1302,#1303,#1304,#1305,#1306,#1307,#1308,#1309,#1310,#1311,#1312,#1313,#1314,#1315,#1316,#1317,#1318),(#1319,#1320,#1321,#1322,#1323,#1324,#1325,#1326,#1327,#1328,#1329,#1330,#1331,#1332,#1333,#1334,#1335,#1336,#1337,#1338,#1339,#1340,#1341,#1342),(#1343,#1344,#1345,#1346,#1347,#1348,#1349,#1350,#1351,#1352,#1353,#1354,#1355,#1356,#1357,#1358,#1359,#1360,#1361,#1362,#1363,#1364,#1365,#1366),(#1367,#1368,#1369,#1370,#1371,#1372,#1373,#1374,#1375,#1376,#1377,#1378,#1379,#1380,#1381,#1382,#1383,#1384,#1385,#1386,#1387,#1388,#1389,#1390),(#1391,#1392,#1393,#1394,#1395,#1396,#1397,#1398,#1399,#1400,#1401,#1402,#1403,#1404,#1405,#1406,#1407,#1408,#1409,#1410,#1411,#1412,#1413,#1414),(#1415,#1416,#1417,#1418,#1419,#1420,#1421,#1422,#1423,#1424,#1425,#1426,#1427,#1428,#1429,#1430,#1431,#1432,#1433,#1434,#1435,#1436,#1437,#1438),(#1439,#1440,#1441,#1442,#1443,#1444,#1445,#1446,#1447,#1448,#1449,#1450,#1451,#1452,#1453,#1454,#1455,#1456,#1457,#1458,#1459,#1460,#1461,#1462),(#1463,#1464,#1465,#1466,#1467,#1468,#1469,#1470,#1471,#1472,#1473,#1474,#1475,#1476,#1477,#1478,#1479,#1480,#1481,#1482,#1483,#1484,#1485,#1486)),.UNSPECIFIED.,.F.,.F.,.F.,(4,2,2,2,2,4),(4,2,2,2,2,2,2,2,2,2,2,4),(0.0,0.2,0.4,0.6,0.8,1.0),(0.0,0.00136505522443168,0.00225721268290669,0.0029517396622626,0.00338581902436004,0.00381989838645748,0.00451442536581339,0.00507004694929811,0.00562566853278284,0.00623825983932989,0.00650494894402499,0.00677163804872008),.UNSPECIFIED.);
#192=FACE_OUTER_BOUND('',#1487,.T.);
#193=CYLINDRICAL_SURFACE('',#1488,0.000999999999986123);
#194=FACE_OUTER_BOUND('',#1489,.T.);
#195=PLANE('',#1490);
#196=FACE_OUTER_BOUND('',#1491,.T.);
#197=CYLINDRICAL_SURFACE('',#1492,0.01);
#198=FACE_OUTER_BOUND('',#1493,.T.);
#199=B_SPLINE_SURFACE_WITH_KNOTS('',3,3,((#1494,#1495,#1496,#1497,#1498,#1499,#1500,#1501,#1502,#1503,#1504,#1505,#1506,#1507,#1508,#1509,#1510,#1511,#1512,#1513),(#1514,#1515,#1516,#1517,#1518,#1519,#1520,#1521,#1522,#1523,#1524,#1525,#1526,#1527,#1528,#1529,#1530,#1531,#1532,#1533),(#1534,#1535,#1536,#1537,#1538,#1539,#1540,#1541,#1542,#1543,#1544,#1545,#1546,#1547,#1548,#1549,#1550,#1551,#1552,#1553),(#1554,#1555,#1556,#1557,#1558,#1559,#1560,#1561,#1562,#1563,#1564,#1565,#1566,#1567,#1568,#1569,#1570,#1571,#1572,#1573),(#1574,#1575,#1576,#1577,#1578,#1579,#1580,#1581,#1582,#1583,#1584,#1585,#1586,#1587,#1588,#1589,#1590,#1591,#1592,#1593),(#1594,#1595,#1596,#1597,#1598,#1599,#1600,#1601,#1602,#1603,#1604,#1605,#1606,#1607,#1608,#1609,#1610,#1611,#1612,#1613),(#1614,#1615,#1616,#1617,#1618,#1619,#1620,#1621,#1622,#1623,#1624,#1625,#1626,#1627,#1628,#1629,#1630,#1631,#1632,#1633),(#1634,#1635,#1636,#1637,#1638,#1639,#1640,#1641,#1642,#1643,#1644,#1645,#1646,#1647,#1648,#1649,#1650,#1651,#1652,#1653),(#1654,#1655,#1656,#1657,#1658,#1659,#1660,#1661,#1662,#1663,#1664,#1665,#1666,#1667,#1668,#1669,#1670,#1671,#1672,#1673),(#1674,#1675,#1676,#1677,#1678,#1679,#1680,#1681,#1682,#1683,#1684,#1685,#1686,#1687,#1688,#1689,#1690,#1691,#1692,#1693),(#1694,#1695,#1696,#1697,#1698,#1699,#1700,#1701,#1702,#1703,#1704,#1705,#1706,#1707,#1708,#1709,#1710,#1711,#1712,#1713),(#1714,#1715,#1716,#1717,#1718,#1719,#1720,#1721,#1722,#1723,#1724,#1725,#1726,#1727,#1728,#1729,#1730,#1731,#1732,#1733)),.UNSPECIFIED.,.F.,.F.,.F.,(4,2,2,2,2,4),(4,2,2,2,2,2,2,2,2,4),(0.0,0.2,0.4,0.6,0.8,1.0),(-0.00344713203971464,-0.0034375545944347,-0.0028637712329937,-0.00229808802647643,-0.00194453602240313,-0.00172356601985732,-0.00150259601731151,-0.00114904401323821,-0.000583360806720939,-0.0),.UNSPECIFIED.);
#200=FACE_OUTER_BOUND('',#1734,.T.);
#201=B_SPLINE_SURFACE_WITH_KNOTS('',3,3,((#1735,#1736,#1737,#1738,#1739,#1740,#1741,#1742,#1743,#1744,#1745,#1746,#1747,#1748,#1749,#1750,#1751,#1752,#1753,#1754),(#1755,#1756,#1757,#1758,#1759,#1760,#1761,#1762,#1763,#1764,#1765,#1766,#1767,#1768,#1769,#1770,#1771,#1772,#1773,#1774),(#1775,#1776,#1777,#1778,#1779,#1780,#1781,#1782,#1783,#1784,#1785,#1786,#1787,#1788,#1789,#1790,#1791,#1792,#1793,#1794),(#1795,#1796,#1797,#1798,#1799,#1800,#1801,#1802,#1803,#1804,#1805,#1806,#1807,#1808,#1809,#1810,#1811,#1812,#1813,#1814),(#1815,#1816,#1817,#1818,#1819,#1820,#1821,#1822,#1823,#1824,#1825,#1826,#1827,#1828,#1829,#1830,#1831,#1832,#1833,#1834),(#1835,#1836,#1837,#1838,#1839,#1840,#1841,#1842,#1843,#1844,#1845,#1846,#1847,#1848,#1849,#1850,#1851,#1852,#1853,#1854),(#1855,#1856,#1857,#1858,#1859,#1860,#1861,#1862,#1863,#1864,#1865,#1866,#1867,#1868,#1869,#1870,#1871,#1872,#1873,#1874),(#1875,#1876,#1877,#1878,#1879,#1880,#1881,#1882,#1883,#1884,#1885,#1886,#1887,#1888,#1889,#1890,#1891,#1892,#1893,#1894),(#1895,#1896,#1897,#1898,#1899,#1900,#1901,#1902,#1903,#1904,#1905,#1906,#1907,#1908,#1909,#1910,#1911,#1912,#1913,#1914),(#1915,#1916,#1917,#1918,#1919,#1920,#1921,#1922,#1923,#1924,#1925,#1926,#1927,#1928,#1929,#1930,#1931,#1932,#1933,#1934),(#1935,#1936,#1937,#1938,#1939,#1940,#1941,#1942,#1943,#1944,#1945,#1946,#1947,#1948,#1949,#1950,#1951,#1952,#1953,#1954),(#1955,#1956,#1957,#1958,#1959,#1960,#1961,#1962,#1963,#1964,#1965,#1966,#1967,#1968,#1969,#1970,#1971,#1972,#1973,#1974)),.UNSPECIFIED.,.F.,.F.,.F.,(4,2,2,2,2,4),(4,2,2,2,2,2,2,2,2,4),(0.0,0.2,0.4,0.6,0.8,1.0),(-9.52690660708545E-06,0.0,0.000573833852709004,0.00113951701325794,0.00149306898860102,0.00171403897319045,0.00193500895777988,0.00228856093312296,0.0028542440936719,0.00343760485298799),.UNSPECIFIED.);
#202=FACE_OUTER_BOUND('',#1975,.T.);
#203=TOROIDAL_SURFACE('',#1976,0.0129999999997219,0.000999999999721889);
#204=FACE_OUTER_BOUND('',#1977,.T.);
#205=B_SPLINE_SURFACE_WITH_KNOTS('',3,3,((#1978,#1979,#1980,#1981,#1982,#1983,#1984,#1985,#1986,#1987,#1988,#1989,#1990,#1991,#1992,#1993,#1994,#1995),(#1996,#1997,#1998,#1999,#2000,#2001,#2002,#2003,#2004,#2005,#2006,#2007,#2008,#2009,#2010,#2011,#2012,#2013),(#2014,#2015,#2016,#2017,#2018,#2019,#2020,#2021,#2022,#2023,#2024,#2025,#2026,#2027,#2028,#2029,#2030,#2031),(#2032,#2033,#2034,#2035,#2036,#2037,#2038,#2039,#2040,#2041,#2042,#2043,#2044,#2045,#2046,#2047,#2048,#2049),(#2050,#2051,#2052,#2053,#2054,#2055,#2056,#2057,#2058,#2059,#2060,#2061,#2062,#2063,#2064,#2065,#2066,#2067),(#2068,#2069,#2070,#2071,#2072,#2073,#2074,#2075,#2076,#2077,#2078,#2079,#2080,#2081,#2082,#2083,#2084,#2085),(#2086,#2087,#2088,#2089,#2090,#2091,#2092,#2093,#2094,#2095,#2096,#2097,#2098,#2099,#2100,#2101,#2102,#2103),(#2104,#2105,#2106,#2107,#2108,#2109,#2110,#2111,#2112,#2113,#2114,#2115,#2116,#2117,#2118,#2119,#2120,#2121),(#2122,#2123,#2124,#2125,#2126,#2127,#2128,#2129,#2130,#2131,#2132,#2133,#2134,#2135,#2136,#2137,#2138,#2139),(#2140,#2141,#2142,#2143,#2144,#2145,#2146,#2147,#2148,#2149,#2150,#2151,#2152,#2153,#2154,#2155,#2156,#2157),(#2158,#2159,#2160,#2161,#2162,#2163,#2164,#2165,#2166,#2167,#2168,#2169,#2170,#2171,#2172,#2173,#2174,#2175),(#2176,#2177,#2178,#2179,#2180,#2181,#2182,#2183,#2184,#2185,#2186,#2187,#2188,#2189,#2190,#2191,#2192,#2193)),.UNSPECIFIED.,.F.,.F.,.F.,(4,2,2,2,2,4),(4,2,2,2,2,2,2,2,4),(0.0,0.2,0.4,0.6,0.8,1.0),(1.7243824227706E-17,0.00047214930970127,0.000929991064563092,0.00121614216135173,0.00139498659684463,0.00157383103233753,0.00185998212912617,0.00231782388398799,0.00278997319368924),.UNSPECIFIED.);
#206=FACE_OUTER_BOUND('',#2194,.T.);
#207=B_SPLINE_SURFACE_WITH_KNOTS('',3,3,((#2195,#2196,#2197,#2198,#2199,#2200,#2201,#2202,#2203,#2204,#2205,#2206,#2207,#2208,#2209,#2210,#2211,#2212),(#2213,#2214,#2215,#2216,#2217,#2218,#2219,#2220,#2221,#2222,#2223,#2224,#2225,#2226,#2227,#2228,#2229,#2230),(#2231,#2232,#2233,#2234,#2235,#2236,#2237,#2238,#2239,#2240,#2241,#2242,#2243,#2244,#2245,#2246,#2247,#2248),(#2249,#2250,#2251,#2252,#2253,#2254,#2255,#2256,#2257,#2258,#2259,#2260,#2261,#2262,#2263,#2264,#2265,#2266),(#2267,#2268,#2269,#2270,#2271,#2272,#2273,#2274,#2275,#2276,#2277,#2278,#2279,#2280,#2281,#2282,#2283,#2284),(#2285,#2286,#2287,#2288,#2289,#2290,#2291,#2292,#2293,#2294,#2295,#2296,#2297,#2298,#2299,#2300,#2301,#2302),(#2303,#2304,#2305,#2306,#2307,#2308,#2309,#2310,#2311,#2312,#2313,#2314,#2315,#2316,#2317,#2318,#2319,#2320),(#2321,#2322,#2323,#2324,#2325,#2326,#2327,#2328,#2329,#2330,#2331,#2332,#2333,#2334,#2335,#2336,#2337,#2338),(#2339,#2340,#2341,#2342,#2343,#2344,#2345,#2346,#2347,#2348,#2349,#2350,#2351,#2352,#2353,#2354,#2355,#2356),(#2357,#2358,#2359,#2360,#2361,#2362,#2363,#2364,#2365,#2366,#2367,#2368,#2369,#2370,#2371,#2372,#2373,#2374),(#2375,#2376,#2377,#2378,#2379,#2380,#2381,#2382,#2383,#2384,#2385,#2386,#2387,#2388,#2389,#2390,#2391,#2392),(#2393,#2394,#2395,#2396,#2397,#2398,#2399,#2400,#2401,#2402,#2403,#2404,#2405,#2406,#2407,#2408,#2409,#2410)),.UNSPECIFIED.,.F.,.F.,.F.,(4,2,2,2,2,4),(4,2,2,2,2,2,2,2,4),(0.0,0.2,0.4,0.6,0.8,1.0),(0.0,0.000472148320468667,0.000929989116074647,0.00121613961332838,0.00139498367411197,0.00157382773489556,0.00185997823214929,0.00231781902775528,0.00278996734822394),.UNSPECIFIED.);
#208=FACE_OUTER_BOUND('',#2411,.T.);
#209=CYLINDRICAL_SURFACE('',#2412,0.002);
#210=FACE_OUTER_BOUND('',#2413,.T.);
#211=TOROIDAL_SURFACE('',#2414,0.00699999999999997,0.002);
#212=FACE_OUTER_BOUND('',#2415,.T.);
#213=PLANE('',#2416);
#214=FACE_OUTER_BOUND('',#2417,.T.);
#215=CYLINDRICAL_SURFACE('',#2418,0.002);
#216=FACE_OUTER_BOUND('',#2419,.T.);
#217=TOROIDAL_SURFACE('',#2420,0.00700000000000001,0.002);
#218=FACE_OUTER_BOUND('',#2421,.T.);
#219=CYLINDRICAL_SURFACE('',#2422,0.005);
#220=FACE_OUTER_BOUND('',#2423,.T.);
#221=CYLINDRICAL_SURFACE('',#2424,0.005);
#222=FACE_OUTER_BOUND('',#2425,.T.);
#223=TOROIDAL_SURFACE('',#2426,0.0106,0.0014);
#224=FACE_OUTER_BOUND('',#2427,.T.);
#225=PLANE('',#2428);
#226=FACE_OUTER_BOUND('',#2429,.T.);
#227=TOROIDAL_SURFACE('',#2430,0.008,0.002);
#228=FACE_BOUND('',#2431,.T.);
#229=FACE_OUTER_BOUND('',#2432,.T.);
#230=PLANE('',#2433);
#231=FACE_OUTER_BOUND('',#2434,.T.);
#232=CONICAL_SURFACE('',#2435,0.00245000000000006,0.785398163397448);
#233=FILL_AREA_STYLE('',(#2436));
#234=EDGE_LOOP('',(#2437,#2438,#2439,#2440,#2441));
#235=CARTESIAN_POINT('',(0.000997217130799093,0.125190339614924,-0.0875780145499939));
#236=CARTESIAN_POINT('',(0.00149721760822361,0.12524470409116,-0.0880750498374975));
#237=CARTESIAN_POINT('',(0.00199721808564814,0.125299068567396,-0.088572085125001));
#238=CARTESIAN_POINT('',(0.00249721856307266,0.125353433043632,-0.0890691204125046));
#239=CARTESIAN_POINT('',(0.000997330711087528,0.124956109052175,-0.0876035031778758));
#240=CARTESIAN_POINT('',(0.00149731429141883,0.12505082354676,-0.0880961532170454));
#241=CARTESIAN_POINT('',(0.00199729787175013,0.125145538041345,-0.0885888032562149));
#242=CARTESIAN_POINT('',(0.00249728145208143,0.12524025253593,-0.0890814532953844));
#243=CARTESIAN_POINT('',(0.00101666155529472,0.124720545915445,-0.0876362393291714));
#244=CARTESIAN_POINT('',(0.00151375999152018,0.124855939573557,-0.0881241724170245));
#245=CARTESIAN_POINT('',(0.00201085842774564,0.124991333231668,-0.0886121055048777));
#246=CARTESIAN_POINT('',(0.0025079568639711,0.12512672688978,-0.0891000385927308));
#247=CARTESIAN_POINT('',(0.00109358599298652,0.124259588313327,-0.087714092380678));
#248=CARTESIAN_POINT('',(0.00157920328243924,0.124474777690887,-0.0881921994329703));
#249=CARTESIAN_POINT('',(0.00206482057189195,0.124689967068447,-0.0886703064852626));
#250=CARTESIAN_POINT('',(0.00255043786134466,0.124905156446008,-0.0891484135375549));
#251=CARTESIAN_POINT('',(0.00115114794228973,0.124034366243526,-0.0877591637560004));
#252=CARTESIAN_POINT('',(0.00162817395204322,0.124288642103774,-0.0882321661076037));
#253=CARTESIAN_POINT('',(0.00210519996179672,0.124542917964022,-0.088705168459207));
#254=CARTESIAN_POINT('',(0.00258222597155021,0.12479719382427,-0.0891781708108104));
#255=CARTESIAN_POINT('',(0.00130243154694081,0.123598520302114,-0.0878585690045391));
#256=CARTESIAN_POINT('',(0.00175687802436238,0.123928606497191,-0.0883211666097947));
#257=CARTESIAN_POINT('',(0.00221132450178395,0.124258692692269,-0.0887837642150502));
#258=CARTESIAN_POINT('',(0.00266577097920552,0.124588778887347,-0.0892463618203058));
#259=CARTESIAN_POINT('',(0.00139872354232558,0.123384538409646,-0.087914095294353));
#260=CARTESIAN_POINT('',(0.00183879813518303,0.123751938526195,-0.0883712942675092));
#261=CARTESIAN_POINT('',(0.00227887272804048,0.124119338642744,-0.0888284932406654));
#262=CARTESIAN_POINT('',(0.00271894732089793,0.124486738759294,-0.0892856922138217));
#263=CARTESIAN_POINT('',(0.00162559758238175,0.122982725991116,-0.088029207429757));
#264=CARTESIAN_POINT('',(0.00203181048313643,0.123420345772169,-0.0884758005076151));
#265=CARTESIAN_POINT('',(0.00243802338389111,0.123857965553223,-0.0889223935854731));
#266=CARTESIAN_POINT('',(0.00284423628464579,0.124295585334277,-0.0893689866633312));
#267=CARTESIAN_POINT('',(0.00175611140329489,0.122795005975508,-0.0880887209523483));
#268=CARTESIAN_POINT('',(0.00214284467912672,0.123265511616895,-0.0885301114402102));
#269=CARTESIAN_POINT('',(0.00252957795495854,0.123736017258282,-0.088971501928072));
#270=CARTESIAN_POINT('',(0.00291631123079037,0.124206522899669,-0.0894128924159339));
#271=CARTESIAN_POINT('',(0.00204904616095426,0.122447555428065,-0.0882068906683579));
#272=CARTESIAN_POINT('',(0.00239205792456516,0.122979041826484,-0.0886383054790858));
#273=CARTESIAN_POINT('',(0.00273506968817606,0.123510528224904,-0.0890697202898137));
#274=CARTESIAN_POINT('',(0.00307808145178696,0.124042014623323,-0.0895011351005416));
#275=CARTESIAN_POINT('',(0.00221542706274995,0.122285714317073,-0.0882665979680991));
#276=CARTESIAN_POINT('',(0.00253360590011836,0.122845670711084,-0.0886931647003384));
#277=CARTESIAN_POINT('',(0.00285178473748676,0.123405627105095,-0.0891197314325777));
#278=CARTESIAN_POINT('',(0.00316996357485517,0.123965583499107,-0.0895462981648169));
#279=CARTESIAN_POINT('',(0.00257445451188173,0.122001715984439,-0.0883769063057608));
#280=CARTESIAN_POINT('',(0.00283904724112456,0.12261170903295,-0.0887947266338836));
#281=CARTESIAN_POINT('',(0.0031036399703674,0.123221702081461,-0.0892125469620065));
#282=CARTESIAN_POINT('',(0.00336823269961024,0.123831695129972,-0.0896303672901294));
#283=CARTESIAN_POINT('',(0.00276699225868698,0.121879640212723,-0.0884274155361237));
#284=CARTESIAN_POINT('',(0.00300284804490085,0.122511184726043,-0.0888413426458646));
#285=CARTESIAN_POINT('',(0.00323870383111472,0.123142729239364,-0.0892552697556054));
#286=CARTESIAN_POINT('',(0.00347455961732859,0.123774273752685,-0.0896691968653462));
#287=CARTESIAN_POINT('',(0.00316064342695538,0.121684116642564,-0.0885108165684206));
#288=CARTESIAN_POINT('',(0.00333774536244294,0.122350214292324,-0.0889184000032287));
#289=CARTESIAN_POINT('',(0.00351484729793051,0.123016311942083,-0.0893259834380368));
#290=CARTESIAN_POINT('',(0.00369194923341807,0.123682409591843,-0.0897335668728449));
#291=CARTESIAN_POINT('',(0.00336500598070361,0.121607344446485,-0.0885450114652556));
#292=CARTESIAN_POINT('',(0.00351160606429506,0.122287029648152,-0.0889500415484442));
#293=CARTESIAN_POINT('',(0.00365820614788651,0.122966714849819,-0.0893550716316329));
#294=CARTESIAN_POINT('',(0.00380480623147797,0.123646400051485,-0.0897601017148216));
#295=CARTESIAN_POINT('',(0.00378441747778105,0.121498422840896,-0.0885941585463518));
#296=CARTESIAN_POINT('',(0.00386841886148166,0.122197394409998,-0.0889955387234331));
#297=CARTESIAN_POINT('',(0.00395242024518226,0.1228963659791,-0.0893969189005144));
#298=CARTESIAN_POINT('',(0.00403642162888287,0.123595337548202,-0.0897982990775957));
#299=CARTESIAN_POINT('',(0.00399928728364473,0.121466320926757,-0.0886090518136328));
#300=CARTESIAN_POINT('',(0.00405121855626685,0.122170982375912,-0.089009338646806));
#301=CARTESIAN_POINT('',(0.00410314982888897,0.122875643825067,-0.0894096254799791));
#302=CARTESIAN_POINT('',(0.00415508110151109,0.123580305274222,-0.0898099123131522));
#303=CARTESIAN_POINT('',(0.00441800180563594,0.121447950255831,-0.0886175343843075));
#304=CARTESIAN_POINT('',(0.00440743837874142,0.12215586717133,-0.0890171973209515));
#305=CARTESIAN_POINT('',(0.0043968749518469,0.122863784086829,-0.0894168602575955));
#306=CARTESIAN_POINT('',(0.00438631152495239,0.123571701002327,-0.0898165231942396));
#307=CARTESIAN_POINT('',(0.00462566035938478,0.121459676246945,-0.0886120588835139));
#308=CARTESIAN_POINT('',(0.00458410311513177,0.122165514238774,-0.0890121227592389));
#309=CARTESIAN_POINT('',(0.00454254587087876,0.122871352230603,-0.089412186634964));
#310=CARTESIAN_POINT('',(0.00450098862662576,0.123577190222432,-0.0898122505106891));
#311=CARTESIAN_POINT('',(0.00503502625819143,0.121525012362666,-0.0885821383540586));
#312=CARTESIAN_POINT('',(0.00493236960738726,0.122219275203716,-0.0889844107022887));
#313=CARTESIAN_POINT('',(0.00482971295658309,0.122913538044767,-0.0893866830505188));
#314=CARTESIAN_POINT('',(0.00472705630577891,0.123607800885818,-0.0897889553987489));
#315=CARTESIAN_POINT('',(0.00523657251389613,0.121578596007924,-0.0885577260815795));
#316=CARTESIAN_POINT('',(0.00510383431709684,0.122263367602305,-0.088961804177177));
#317=CARTESIAN_POINT('',(0.00497109612029755,0.122948139196686,-0.0893658822727744));
#318=CARTESIAN_POINT('',(0.00483835792349826,0.123632910791066,-0.0897699603683719));
#319=CARTESIAN_POINT('',(0.00562923632279476,0.121725685755447,-0.0884929304553525));
#320=CARTESIAN_POINT('',(0.0054378915456927,0.122384434535825,-0.0889018696298232));
#321=CARTESIAN_POINT('',(0.00524654676859063,0.123043183316202,-0.0893108088042939));
#322=CARTESIAN_POINT('',(0.00505520199148857,0.12370193209658,-0.0897197479787645));
#323=CARTESIAN_POINT('',(0.00582348200479672,0.121821805656367,-0.0884514603004369));
#324=CARTESIAN_POINT('',(0.00560314530775924,0.122463561348555,-0.0888635383966155));
#325=CARTESIAN_POINT('',(0.00538280861072175,0.123105317040744,-0.0892756164927942));
#326=CARTESIAN_POINT('',(0.00516247191368427,0.123747072732932,-0.0896876945889729));
#327=CARTESIAN_POINT('',(0.00619129802800896,0.122052776808513,-0.088356786905096));
#328=CARTESIAN_POINT('',(0.00591606335265566,0.122653768801361,-0.0887761926866845));
#329=CARTESIAN_POINT('',(0.00564082867730236,0.123254760794209,-0.0891955984682729));
#330=CARTESIAN_POINT('',(0.00536559400194906,0.123855752787056,-0.0896150042498614));
#331=CARTESIAN_POINT('',(0.00636476503300628,0.122187565375971,-0.0883036587281794));
#332=CARTESIAN_POINT('',(0.00606363972261251,0.122764798512886,-0.0887272491525086));
#333=CARTESIAN_POINT('',(0.00576251441221875,0.1233420316498,-0.0891508395768378));
#334=CARTESIAN_POINT('',(0.00546138910182498,0.123919264786715,-0.0895744300011669));
#335=CARTESIAN_POINT('',(0.00668988380214705,0.122494715653497,-0.0881904297672426));
#336=CARTESIAN_POINT('',(0.00634023321850315,0.123017918060377,-0.0886232174735123));
#337=CARTESIAN_POINT('',(0.00599058263485925,0.123541120467257,-0.0890560051797821));
#338=CARTESIAN_POINT('',(0.00564093205121536,0.124064322874137,-0.0894887928860518));
#339=CARTESIAN_POINT('',(0.00684347221874107,0.122671548448145,-0.0881290030602327));
#340=CARTESIAN_POINT('',(0.00647089794310899,0.123163696993644,-0.0885669233663744));
#341=CARTESIAN_POINT('',(0.00609832366747691,0.123655845539142,-0.0890048436725161));
#342=CARTESIAN_POINT('',(0.00572574939184483,0.124147994084641,-0.0894427639786579));
#343=CARTESIAN_POINT('',(0.00711647894641208,0.12305715683645,-0.0880068415093169));
#344=CARTESIAN_POINT('',(0.00670315729562453,0.123481753442413,-0.0884554450326393));
#345=CARTESIAN_POINT('',(0.00628983564483699,0.123906350048375,-0.0889040485559616));
#346=CARTESIAN_POINT('',(0.00587651399404944,0.124330946654337,-0.089352652079284));
#347=CARTESIAN_POINT('',(0.00723581193993129,0.123265821782605,-0.0879461940814193));
#348=CARTESIAN_POINT('',(0.0068046793399772,0.12365394042818,-0.0884003428950373));
#349=CARTESIAN_POINT('',(0.0063735467400231,0.124042059073755,-0.0888544917086554));
#350=CARTESIAN_POINT('',(0.00594241414006901,0.12443017771933,-0.0893086405222734));
#351=CARTESIAN_POINT('',(0.00743150445191153,0.123697375745957,-0.0878346198878112));
#352=CARTESIAN_POINT('',(0.00697116390339178,0.124010246160639,-0.0882996388915564));
#353=CARTESIAN_POINT('',(0.00651082335487203,0.124323116575321,-0.0887646578953017));
#354=CARTESIAN_POINT('',(0.00605048280635228,0.124635986990004,-0.0892296768990469));
#355=CARTESIAN_POINT('',(0.00751082708169114,0.123923818624404,-0.0877824120218022));
#356=CARTESIAN_POINT('',(0.00703864727738585,0.124197294016642,-0.0882528610889461));
#357=CARTESIAN_POINT('',(0.00656646747308056,0.12447076940888,-0.08872331015609));
#358=CARTESIAN_POINT('',(0.00609428766877528,0.124744244801118,-0.089193759223234));
#359=CARTESIAN_POINT('',(0.00762901627261731,0.12439243769668,-0.0876896437649199));
#360=CARTESIAN_POINT('',(0.00713919617415067,0.124584600062295,-0.0881706705124849));
#361=CARTESIAN_POINT('',(0.00664937607568403,0.124776762427911,-0.0886516972600498));
#362=CARTESIAN_POINT('',(0.00615955597721739,0.124968924793526,-0.0891327240076148));
#363=CARTESIAN_POINT('',(0.00766783001367276,0.124634423635672,-0.0876491491895091));
#364=CARTESIAN_POINT('',(0.00717221676047729,0.124784701404172,-0.0881353180437561));
#365=CARTESIAN_POINT('',(0.00667660350728183,0.124934979172672,-0.0886214868980031));
#366=CARTESIAN_POINT('',(0.00618099025408636,0.125085256941171,-0.0891076557522501));
#367=CARTESIAN_POINT('',(0.00769344232636521,0.12498292225326,-0.0876019258876048));
#368=CARTESIAN_POINT('',(0.00719400625648491,0.125073035061724,-0.088095020987436));
#369=CARTESIAN_POINT('',(0.00669457018660461,0.125163147870188,-0.0885881160872672));
#370=CARTESIAN_POINT('',(0.00619513411672432,0.125253260678652,-0.0890812111870984));
#371=CARTESIAN_POINT('',(0.00769732636711355,0.125089741074434,-0.087588894984783));
#372=CARTESIAN_POINT('',(0.00719731056428859,0.125161432875816,-0.088084050709515));
#373=CARTESIAN_POINT('',(0.00669729476146364,0.125233124677198,-0.0885792064342471));
#374=CARTESIAN_POINT('',(0.00619727895863868,0.125304816478581,-0.0890743621589792));
#375=CARTESIAN_POINT('',(0.00769686970396475,0.125526561166969,-0.0875416093203869));
#376=CARTESIAN_POINT('',(0.00719692195693227,0.125523007097414,-0.0880449324295346));
#377=CARTESIAN_POINT('',(0.00669697420989979,0.125519453027858,-0.0885482555386824));
#378=CARTESIAN_POINT('',(0.00619702646286731,0.125515898958303,-0.0890515786478301));
#379=CARTESIAN_POINT('',(0.00765809354015626,0.125859959023534,-0.0875198116442104));
#380=CARTESIAN_POINT('',(0.00716393320378421,0.125799174837466,-0.0880287511139319));
#381=CARTESIAN_POINT('',(0.00666977286741215,0.125738390651397,-0.0885376905836534));
#382=CARTESIAN_POINT('',(0.0061756125310401,0.125677606465329,-0.0890466300533749));
#383=CARTESIAN_POINT('',(0.00753744425008538,0.126377835475182,-0.0875064509111106));
#384=CARTESIAN_POINT('',(0.00706129115459181,0.126228441548536,-0.0880232291085254));
#385=CARTESIAN_POINT('',(0.00658513805909823,0.126079047621891,-0.0885400073059402));
#386=CARTESIAN_POINT('',(0.00610898496360465,0.125929653695246,-0.0890567855033551));
#387=CARTESIAN_POINT('',(0.00747732274440147,0.126572454988972,-0.0875063936662198));
#388=CARTESIAN_POINT('',(0.00701014296514153,0.12638983086314,-0.0880259032941701));
#389=CARTESIAN_POINT('',(0.0065429631858816,0.126207206737307,-0.0885454129221204));
#390=CARTESIAN_POINT('',(0.00607578340662167,0.126024582611474,-0.0890649225500707));
#391=CARTESIAN_POINT('',(0.00733006800310135,0.126950702367287,-0.0875150055806505));
#392=CARTESIAN_POINT('',(0.00688486646146194,0.126703616929569,-0.0880394470470923));
#393=CARTESIAN_POINT('',(0.00643966491982254,0.126456531491851,-0.0885638885135342));
#394=CARTESIAN_POINT('',(0.00599446337818313,0.126209446054133,-0.089088329979976));
#395=CARTESIAN_POINT('',(0.00724311310314609,0.127133507860543,-0.0875236869766503));
#396=CARTESIAN_POINT('',(0.00681088986581341,0.126855331893654,-0.0880503167912317));
#397=CARTESIAN_POINT('',(0.00637866662848074,0.126577155926765,-0.0885769466058132));
#398=CARTESIAN_POINT('',(0.00594644339114807,0.126298979959876,-0.0891035764203946));
#399=CARTESIAN_POINT('',(0.00709373763654141,0.127396116027873,-0.0875416310297883));
#400=CARTESIAN_POINT('',(0.00668380918977391,0.127073353888203,-0.0880711681276716));
#401=CARTESIAN_POINT('',(0.00627388074300642,0.126750591748533,-0.0886007052255549));
#402=CARTESIAN_POINT('',(0.00586395229623892,0.126427829608862,-0.0891302423234382));
#403=CARTESIAN_POINT('',(0.00703970457279413,0.127483112876125,-0.0875485884328041));
#404=CARTESIAN_POINT('',(0.00663784074426666,0.127145594430552,-0.0880790449080579));
#405=CARTESIAN_POINT('',(0.00623597691573919,0.126808075984979,-0.0886095013833117));
#406=CARTESIAN_POINT('',(0.00583411308721173,0.126470557539407,-0.0891399578585655));
#407=CARTESIAN_POINT('',(0.00684843343179638,0.127766173974708,-0.0875741357011426));
#408=CARTESIAN_POINT('',(0.00647511747615632,0.127380683837068,-0.0881074578633171));
#409=CARTESIAN_POINT('',(0.00610180152051627,0.126995193699428,-0.0886407800254916));
#410=CARTESIAN_POINT('',(0.00572848556487622,0.126609703561789,-0.0891741021876662));
#411=CARTESIAN_POINT('',(0.00669594717236508,0.127952063753656,-0.0875959886731605));
#412=CARTESIAN_POINT('',(0.00634539032216589,0.127535141181798,-0.0881309735421598));
#413=CARTESIAN_POINT('',(0.00599483347196669,0.12711821860994,-0.088665958411159));
#414=CARTESIAN_POINT('',(0.0056442766217675,0.126701296038082,-0.0892009432801583));
#415=CARTESIAN_POINT('',(0.00636226425422159,0.128286294451433,-0.0876418336996248));
#416=CARTESIAN_POINT('',(0.00606151075769288,0.127812948118442,-0.08817952507883));
#417=CARTESIAN_POINT('',(0.00576075726116417,0.12733960178545,-0.0887172164580352));
#418=CARTESIAN_POINT('',(0.00546000376463546,0.126866255452458,-0.0892549078372405));
#419=CARTESIAN_POINT('',(0.00618116336585301,0.128434533604124,-0.0876657578596358));
#420=CARTESIAN_POINT('',(0.00590743982348543,0.127936212367765,-0.0882044945476235));
#421=CARTESIAN_POINT('',(0.00563371628111785,0.127437891131407,-0.0887432312356112));
#422=CARTESIAN_POINT('',(0.00535999273875027,0.126939569895048,-0.0892819679235989));
#423=CARTESIAN_POINT('',(0.00580378694728602,0.128683538634982,-0.0877094008615231));
#424=CARTESIAN_POINT('',(0.00558638819499592,0.128143314232927,-0.0882497441192872));
#425=CARTESIAN_POINT('',(0.00536898944270583,0.127603089830871,-0.0887900873770512));
#426=CARTESIAN_POINT('',(0.00515159069041574,0.127062865428815,-0.0893304306348153));
#427=CARTESIAN_POINT('',(0.00560414834774046,0.128787467202047,-0.0877295926063308));
#428=CARTESIAN_POINT('',(0.00541654638138766,0.128229781170771,-0.0882705210473611));
#429=CARTESIAN_POINT('',(0.00522894441503486,0.127672095139495,-0.0888114494883914));
#430=CARTESIAN_POINT('',(0.00504134244868206,0.12711440910822,-0.0893523779294216));
#431=CARTESIAN_POINT('',(0.00519028706983001,0.128948028344289,-0.0877620717726169));
#432=CARTESIAN_POINT('',(0.00506445541280414,0.128363383558498,-0.0883038487782611));
#433=CARTESIAN_POINT('',(0.00493862375577827,0.127778738772707,-0.0888456257839053));
#434=CARTESIAN_POINT('',(0.0048127920987524,0.127194093986916,-0.0893874027895496));
#435=CARTESIAN_POINT('',(0.00497623142934898,0.129004585165543,-0.0877742984100721));
#436=CARTESIAN_POINT('',(0.00488234836469324,0.128410455336356,-0.0883163403601219));
#437=CARTESIAN_POINT('',(0.00478846530003751,0.12781632550717,-0.0888583823101717));
#438=CARTESIAN_POINT('',(0.00469458223538178,0.127222195677983,-0.0894004242602215));
#439=CARTESIAN_POINT('',(0.00455719346730873,0.129066036662104,-0.0877876482121487));
#440=CARTESIAN_POINT('',(0.00452585337046013,0.128461601864979,-0.0883299752011728));
#441=CARTESIAN_POINT('',(0.00449451327361153,0.127857167067854,-0.0888723021901969));
#442=CARTESIAN_POINT('',(0.00446317317676293,0.127252732270729,-0.0894146291792209));
#443=CARTESIAN_POINT('',(0.00434855540919102,0.129073936194764,-0.0877894177686201));
#444=CARTESIAN_POINT('',(0.00434835531953331,0.128468177487161,-0.0883317790683387));
#445=CARTESIAN_POINT('',(0.00434815522987561,0.127862418779557,-0.0888741403680573));
#446=CARTESIAN_POINT('',(0.0043479551402179,0.127256660071954,-0.089416501667776));
#447=CARTESIAN_POINT('',(0.00393375102559414,0.129043830004507,-0.0877828148133971));
#448=CARTESIAN_POINT('',(0.00399546204364218,0.128443119143478,-0.0883250390841531));
#449=CARTESIAN_POINT('',(0.00405717306169023,0.127842408282449,-0.0888672633549091));
#450=CARTESIAN_POINT('',(0.00411888407973827,0.12724169742142,-0.0894094876256651));
#451=CARTESIAN_POINT('',(0.00372775816519336,0.129005839321878,-0.0877744543003974));
#452=CARTESIAN_POINT('',(0.00382021439344446,0.128411497818125,-0.0883165069241938));
#453=CARTESIAN_POINT('',(0.00391267062169556,0.127817156314373,-0.0888585595479901));
#454=CARTESIAN_POINT('',(0.00400512684994667,0.127222814810621,-0.0894006121717864));
#455=CARTESIAN_POINT('',(0.00332638912831776,0.128886883510012,-0.0877495553461653));
#456=CARTESIAN_POINT('',(0.00347875120556483,0.128312503520406,-0.0882910152917013));
#457=CARTESIAN_POINT('',(0.0036311132828119,0.1277381235308,-0.0888324752372373));
#458=CARTESIAN_POINT('',(0.00378347536005896,0.127163743541195,-0.0893739351827733));
#459=CARTESIAN_POINT('',(0.00312754580828276,0.128804138124199,-0.0877326678773679));
#460=CARTESIAN_POINT('',(0.00330958600877775,0.128243649359824,-0.0882736969027282));
#461=CARTESIAN_POINT('',(0.00349162620927274,0.127683160595449,-0.0888147259280884));
#462=CARTESIAN_POINT('',(0.00367366640976773,0.127122671831074,-0.0893557549534486));
#463=CARTESIAN_POINT('',(0.00274729454508017,0.128597127665613,-0.0876938401191493));
#464=CARTESIAN_POINT('',(0.00298608870542501,0.128071439584029,-0.0882336433462262));
#465=CARTESIAN_POINT('',(0.00322488286576985,0.127545751502444,-0.088773446573303));
#466=CARTESIAN_POINT('',(0.00346367702611468,0.12702006342086,-0.0893132498003799));
#467=CARTESIAN_POINT('',(0.00256600010117387,0.128472933199483,-0.087671955870117));
#468=CARTESIAN_POINT('',(0.00283185315792489,0.12796814330583,-0.0882109627887706));
#469=CARTESIAN_POINT('',(0.0030977062146759,0.127463353412177,-0.0887499697074242));
#470=CARTESIAN_POINT('',(0.00336355927142692,0.126958563518524,-0.0892889766260778));
#471=CARTESIAN_POINT('',(0.00222074731318733,0.128184050760556,-0.0876270378179322));
#472=CARTESIAN_POINT('',(0.0025381306939081,0.127727954996546,-0.0881639339689994));
#473=CARTESIAN_POINT('',(0.00285551407462886,0.127271859232536,-0.0887008301200667));
#474=CARTESIAN_POINT('',(0.00317289745534962,0.126815763468526,-0.0892377262711339));
#475=CARTESIAN_POINT('',(0.00205476341449824,0.12801472759462,-0.0876035687598246));
#476=CARTESIAN_POINT('',(0.00239692054532324,0.127587213084232,-0.0881391042551232));
#477=CARTESIAN_POINT('',(0.00273907767614824,0.127159698573845,-0.0886746397504218));
#478=CARTESIAN_POINT('',(0.00308123480697323,0.126732184063458,-0.0892101752457203));
#479=CARTESIAN_POINT('',(0.00175429933917549,0.127642150677872,-0.0875617037377862));
#480=CARTESIAN_POINT('',(0.00214130193033373,0.12727766312399,-0.0880938230425503));
#481=CARTESIAN_POINT('',(0.00252830452149197,0.126913175570108,-0.0886259423473144));
#482=CARTESIAN_POINT('',(0.0029153071126502,0.126548688016225,-0.0891580616520785));
#483=CARTESIAN_POINT('',(0.00161990610235227,0.127439007949421,-0.087543371272278));
#484=CARTESIAN_POINT('',(0.0020269674276331,0.12710894803278,-0.0880734338565562));
#485=CARTESIAN_POINT('',(0.00243402875291393,0.12677888811614,-0.0886034964408344));
#486=CARTESIAN_POINT('',(0.00284109007819476,0.126448828199499,-0.0891335590251126));
#487=CARTESIAN_POINT('',(0.00142279653407732,0.127073158084412,-0.0875208780304919));
#488=CARTESIAN_POINT('',(0.00185927727516393,0.126805248154461,-0.0880467820996279));
#489=CARTESIAN_POINT('',(0.00229575801625054,0.126537338224509,-0.0885726861687639));
#490=CARTESIAN_POINT('',(0.00273223875733714,0.126269428294557,-0.0890985902378999));
#491=CARTESIAN_POINT('',(0.00134961817012647,0.126914160053003,-0.087514020079917));
#492=CARTESIAN_POINT('',(0.00179702108908106,0.126673301360834,-0.0880379908530673));
#493=CARTESIAN_POINT('',(0.00224442400803565,0.126432442668665,-0.0885619616262175));
#494=CARTESIAN_POINT('',(0.00269182692699024,0.126191583976496,-0.0890859323993678));
#495=CARTESIAN_POINT('',(0.0012229877494579,0.126586075642309,-0.0875068655054904));
#496=CARTESIAN_POINT('',(0.00168929080234949,0.126401133913041,-0.0880265448465746));
#497=CARTESIAN_POINT('',(0.00215559385524108,0.126216192183773,-0.0885462241876588));
#498=CARTESIAN_POINT('',(0.00262189690813267,0.126031250454505,-0.089065903528743));
#499=CARTESIAN_POINT('',(0.00116954886532859,0.126417022036344,-0.0875065767790192));
#500=CARTESIAN_POINT('',(0.00164382790822515,0.126260940547199,-0.0880238981024868));
#501=CARTESIAN_POINT('',(0.00211810695112171,0.126104859058055,-0.0885412194259545));
#502=CARTESIAN_POINT('',(0.00259238599401827,0.125948777568911,-0.0890585407494221));
#503=CARTESIAN_POINT('',(0.00108399626119224,0.126074402252449,-0.087513516835197));
#504=CARTESIAN_POINT('',(0.00157104442585379,0.125976917128086,-0.0880257341699508));
#505=CARTESIAN_POINT('',(0.00205809259051533,0.125879432003723,-0.0885379515047046));
#506=CARTESIAN_POINT('',(0.00254514075517688,0.12578194687936,-0.0890501688394584));
#507=CARTESIAN_POINT('',(0.00105139648404754,0.125899098244279,-0.087520764625189));
#508=CARTESIAN_POINT('',(0.00154331032669559,0.125831646228999,-0.088030210799887));
#509=CARTESIAN_POINT('',(0.00203522416934364,0.125764194213718,-0.088539656974585));
#510=CARTESIAN_POINT('',(0.00252713801199169,0.125696742198437,-0.0890491031492829));
#511=CARTESIAN_POINT('',(0.00100796101909971,0.125545491379471,-0.0875433887203307));
#512=CARTESIAN_POINT('',(0.00150635784800374,0.125538731580631,-0.0880468994576916));
#513=CARTESIAN_POINT('',(0.00200475467690778,0.125531971781792,-0.0885504101950525));
#514=CARTESIAN_POINT('',(0.00250315150581182,0.125525211982953,-0.0890539209324134));
#515=CARTESIAN_POINT('',(0.000997131353325142,0.125367233918254,-0.087558765170156));
#516=CARTESIAN_POINT('',(0.00149714459167846,0.12539112547797,-0.0880591122605253));
#517=CARTESIAN_POINT('',(0.00199715783003178,0.125415017037686,-0.0885594593508947));
#518=CARTESIAN_POINT('',(0.0024971710683851,0.125438908597401,-0.0890598064412641));
#519=CARTESIAN_POINT('',(0.000997217130799093,0.125190339614924,-0.0875780145499939));
#520=CARTESIAN_POINT('',(0.00149721760822361,0.12524470409116,-0.0880750498374975));
#521=CARTESIAN_POINT('',(0.00199721808564814,0.125299068567396,-0.088572085125001));
#522=CARTESIAN_POINT('',(0.00249721856307266,0.125353433043632,-0.0890691204125046));
#523=EDGE_LOOP('',(#2442,#2443,#2444,#2445));
#524=AXIS2_PLACEMENT_3D('',#2446,#2447,#2448);
#525=EDGE_LOOP('',(#2449,#2450,#2451,#2452,#2453,#2454,#2455));
#526=AXIS2_PLACEMENT_3D('',#2456,#2457,#2458);
#527=EDGE_LOOP('',(#2459,#2460,#2461,#2462,#2463,#2464));
#528=AXIS2_PLACEMENT_3D('',#2465,#2466,#2467);
#529=EDGE_LOOP('',(#2468,#2469,#2470,#2471));
#530=AXIS2_PLACEMENT_3D('',#2472,#2473,#2474);
#531=EDGE_LOOP('',(#2475,#2476,#2477,#2478));
#532=AXIS2_PLACEMENT_3D('',#2479,#2480,#2481);
#533=EDGE_LOOP('',(#2482,#2483,#2484,#2485));
#534=AXIS2_PLACEMENT_3D('',#2486,#2487,#2488);
#535=EDGE_LOOP('',(#2489,#2490,#2491,#2492,#2493));
#536=AXIS2_PLACEMENT_3D('',#2494,#2495,#2496);
#537=EDGE_LOOP('',(#2497,#2498,#2499,#2500,#2501));
#538=AXIS2_PLACEMENT_3D('',#2502,#2503,#2504);
#539=EDGE_LOOP('',(#2505,#2506,#2507,#2508,#2509,#2510,#2511,#2512,#2513));
#540=AXIS2_PLACEMENT_3D('',#2514,#2515,#2516);
#541=EDGE_LOOP('',(#2517,#2518,#2519,#2520));
#542=AXIS2_PLACEMENT_3D('',#2521,#2522,#2523);
#543=EDGE_LOOP('',(#2524,#2525,#2526,#2527,#2528));
#544=AXIS2_PLACEMENT_3D('',#2529,#2530,#2531);
#545=EDGE_LOOP('',(#2532,#2533,#2534,#2535));
#546=AXIS2_PLACEMENT_3D('',#2536,#2537,#2538);
#547=EDGE_LOOP('',(#2539,#2540));
#548=EDGE_LOOP('',(#2541,#2542,#2543,#2544,#2545,#2546,#2547,#2548,#2549));
#549=AXIS2_PLACEMENT_3D('',#2550,#2551,#2552);
#550=EDGE_LOOP('',(#2553,#2554,#2555,#2556,#2557));
#551=AXIS2_PLACEMENT_3D('',#2558,#2559,#2560);
#552=EDGE_LOOP('',(#2561,#2562,#2563,#2564));
#553=AXIS2_PLACEMENT_3D('',#2565,#2566,#2567);
#554=EDGE_LOOP('',(#2568,#2569,#2570,#2571));
#555=AXIS2_PLACEMENT_3D('',#2572,#2573,#2574);
#556=EDGE_LOOP('',(#2575,#2576,#2577,#2578));
#557=AXIS2_PLACEMENT_3D('',#2579,#2580,#2581);
#558=EDGE_LOOP('',(#2582,#2583,#2584,#2585,#2586));
#559=AXIS2_PLACEMENT_3D('',#2587,#2588,#2589);
#560=EDGE_LOOP('',(#2590,#2591,#2592,#2593));
#561=AXIS2_PLACEMENT_3D('',#2594,#2595,#2596);
#562=EDGE_LOOP('',(#2597,#2598,#2599,#2600));
#563=AXIS2_PLACEMENT_3D('',#2601,#2602,#2603);
#564=EDGE_LOOP('',(#2604,#2605,#2606,#2607));
#565=AXIS2_PLACEMENT_3D('',#2608,#2609,#2610);
#566=EDGE_LOOP('',(#2611,#2612,#2613,#2614,#2615,#2616,#2617,#2618,#2619,#2620,#2621,#2622,#2623,#2624));
#567=EDGE_LOOP('',(#2625,#2626,#2627));
#568=EDGE_LOOP('',(#2628,#2629));
#569=AXIS2_PLACEMENT_3D('',#2630,#2631,#2632);
#570=EDGE_LOOP('',(#2633,#2634,#2635,#2636));
#571=AXIS2_PLACEMENT_3D('',#2637,#2638,#2639);
#572=EDGE_LOOP('',(#2640,#2641,#2642,#2643,#2644));
#573=AXIS2_PLACEMENT_3D('',#2645,#2646,#2647);
#574=EDGE_LOOP('',(#2648,#2649,#2650,#2651));
#575=AXIS2_PLACEMENT_3D('',#2652,#2653,#2654);
#576=EDGE_LOOP('',(#2655,#2656,#2657,#2658));
#577=AXIS2_PLACEMENT_3D('',#2659,#2660,#2661);
#578=EDGE_LOOP('',(#2662,#2663,#2664,#2665));
#579=AXIS2_PLACEMENT_3D('',#2666,#2667,#2668);
#580=EDGE_LOOP('',(#2669,#2670,#2671,#2672));
#581=AXIS2_PLACEMENT_3D('',#2673,#2674,#2675);
#582=EDGE_LOOP('',(#2676,#2677,#2678,#2679));
#583=EDGE_LOOP('',(#2680,#2681));
#584=AXIS2_PLACEMENT_3D('',#2682,#2683,#2684);
#585=EDGE_LOOP('',(#2685,#2686,#2687));
#586=EDGE_LOOP('',(#2688,#2689,#2690));
#587=AXIS2_PLACEMENT_3D('',#2691,#2692,#2693);
#588=EDGE_LOOP('',(#2694,#2695,#2696,#2697,#2698));
#589=AXIS2_PLACEMENT_3D('',#2699,#2700,#2701);
#590=EDGE_LOOP('',(#2702,#2703,#2704,#2705,#2706));
#591=CARTESIAN_POINT('',(0.000997217130799093,0.125190339614924,-0.0875780145499939));
#592=CARTESIAN_POINT('',(0.00149721760822361,0.12524470409116,-0.0880750498374975));
#593=CARTESIAN_POINT('',(0.00199721808564814,0.125299068567396,-0.088572085125001));
#594=CARTESIAN_POINT('',(0.00249721856307266,0.125353433043632,-0.0890691204125046));
#595=CARTESIAN_POINT('',(0.000997330711087528,0.124956109052175,-0.0876035031778758));
#596=CARTESIAN_POINT('',(0.00149731429141883,0.12505082354676,-0.0880961532170454));
#597=CARTESIAN_POINT('',(0.00199729787175013,0.125145538041345,-0.0885888032562149));
#598=CARTESIAN_POINT('',(0.00249728145208143,0.12524025253593,-0.0890814532953844));
#599=CARTESIAN_POINT('',(0.00101666155529472,0.124720545915445,-0.0876362393291714));
#600=CARTESIAN_POINT('',(0.00151375999152018,0.124855939573557,-0.0881241724170245));
#601=CARTESIAN_POINT('',(0.00201085842774564,0.124991333231668,-0.0886121055048777));
#602=CARTESIAN_POINT('',(0.0025079568639711,0.12512672688978,-0.0891000385927308));
#603=CARTESIAN_POINT('',(0.00109358599298652,0.124259588313327,-0.087714092380678));
#604=CARTESIAN_POINT('',(0.00157920328243924,0.124474777690887,-0.0881921994329703));
#605=CARTESIAN_POINT('',(0.00206482057189195,0.124689967068447,-0.0886703064852626));
#606=CARTESIAN_POINT('',(0.00255043786134466,0.124905156446008,-0.0891484135375549));
#607=CARTESIAN_POINT('',(0.00115114794228973,0.124034366243526,-0.0877591637560004));
#608=CARTESIAN_POINT('',(0.00162817395204322,0.124288642103774,-0.0882321661076037));
#609=CARTESIAN_POINT('',(0.00210519996179672,0.124542917964022,-0.088705168459207));
#610=CARTESIAN_POINT('',(0.00258222597155021,0.12479719382427,-0.0891781708108104));
#611=CARTESIAN_POINT('',(0.00130243154694081,0.123598520302114,-0.0878585690045391));
#612=CARTESIAN_POINT('',(0.00175687802436238,0.123928606497191,-0.0883211666097947));
#613=CARTESIAN_POINT('',(0.00221132450178395,0.124258692692269,-0.0887837642150502));
#614=CARTESIAN_POINT('',(0.00266577097920552,0.124588778887347,-0.0892463618203058));
#615=CARTESIAN_POINT('',(0.00139872354232558,0.123384538409646,-0.087914095294353));
#616=CARTESIAN_POINT('',(0.00183879813518303,0.123751938526195,-0.0883712942675092));
#617=CARTESIAN_POINT('',(0.00227887272804048,0.124119338642744,-0.0888284932406654));
#618=CARTESIAN_POINT('',(0.00271894732089793,0.124486738759294,-0.0892856922138217));
#619=CARTESIAN_POINT('',(0.00162559758238175,0.122982725991116,-0.088029207429757));
#620=CARTESIAN_POINT('',(0.00203181048313643,0.123420345772169,-0.0884758005076151));
#621=CARTESIAN_POINT('',(0.00243802338389111,0.123857965553223,-0.0889223935854731));
#622=CARTESIAN_POINT('',(0.00284423628464579,0.124295585334277,-0.0893689866633312));
#623=CARTESIAN_POINT('',(0.00175611140329489,0.122795005975508,-0.0880887209523483));
#624=CARTESIAN_POINT('',(0.00214284467912672,0.123265511616895,-0.0885301114402102));
#625=CARTESIAN_POINT('',(0.00252957795495854,0.123736017258282,-0.088971501928072));
#626=CARTESIAN_POINT('',(0.00291631123079037,0.124206522899669,-0.0894128924159339));
#627=CARTESIAN_POINT('',(0.00204904616095426,0.122447555428065,-0.0882068906683579));
#628=CARTESIAN_POINT('',(0.00239205792456516,0.122979041826484,-0.0886383054790858));
#629=CARTESIAN_POINT('',(0.00273506968817606,0.123510528224904,-0.0890697202898137));
#630=CARTESIAN_POINT('',(0.00307808145178696,0.124042014623323,-0.0895011351005416));
#631=CARTESIAN_POINT('',(0.00221542706274995,0.122285714317073,-0.0882665979680991));
#632=CARTESIAN_POINT('',(0.00253360590011836,0.122845670711084,-0.0886931647003384));
#633=CARTESIAN_POINT('',(0.00285178473748676,0.123405627105095,-0.0891197314325777));
#634=CARTESIAN_POINT('',(0.00316996357485517,0.123965583499107,-0.0895462981648169));
#635=CARTESIAN_POINT('',(0.00257445451188173,0.122001715984439,-0.0883769063057608));
#636=CARTESIAN_POINT('',(0.00283904724112456,0.12261170903295,-0.0887947266338836));
#637=CARTESIAN_POINT('',(0.0031036399703674,0.123221702081461,-0.0892125469620065));
#638=CARTESIAN_POINT('',(0.00336823269961024,0.123831695129972,-0.0896303672901294));
#639=CARTESIAN_POINT('',(0.00276699225868698,0.121879640212723,-0.0884274155361237));
#640=CARTESIAN_POINT('',(0.00300284804490085,0.122511184726043,-0.0888413426458646));
#641=CARTESIAN_POINT('',(0.00323870383111472,0.123142729239364,-0.0892552697556054));
#642=CARTESIAN_POINT('',(0.00347455961732859,0.123774273752685,-0.0896691968653462));
#643=CARTESIAN_POINT('',(0.00316064342695538,0.121684116642564,-0.0885108165684206));
#644=CARTESIAN_POINT('',(0.00333774536244294,0.122350214292324,-0.0889184000032287));
#645=CARTESIAN_POINT('',(0.00351484729793051,0.123016311942083,-0.0893259834380368));
#646=CARTESIAN_POINT('',(0.00369194923341807,0.123682409591843,-0.0897335668728449));
#647=CARTESIAN_POINT('',(0.00336500598070361,0.121607344446485,-0.0885450114652556));
#648=CARTESIAN_POINT('',(0.00351160606429506,0.122287029648152,-0.0889500415484442));
#649=CARTESIAN_POINT('',(0.00365820614788651,0.122966714849819,-0.0893550716316329));
#650=CARTESIAN_POINT('',(0.00380480623147797,0.123646400051485,-0.0897601017148216));
#651=CARTESIAN_POINT('',(0.00378441747778105,0.121498422840896,-0.0885941585463518));
#652=CARTESIAN_POINT('',(0.00386841886148166,0.122197394409998,-0.0889955387234331));
#653=CARTESIAN_POINT('',(0.00395242024518226,0.1228963659791,-0.0893969189005144));
#654=CARTESIAN_POINT('',(0.00403642162888287,0.123595337548202,-0.0897982990775957));
#655=CARTESIAN_POINT('',(0.00399928728364473,0.121466320926757,-0.0886090518136328));
#656=CARTESIAN_POINT('',(0.00405121855626685,0.122170982375912,-0.089009338646806));
#657=CARTESIAN_POINT('',(0.00410314982888897,0.122875643825067,-0.0894096254799791));
#658=CARTESIAN_POINT('',(0.00415508110151109,0.123580305274222,-0.0898099123131522));
#659=CARTESIAN_POINT('',(0.00441800180563594,0.121447950255831,-0.0886175343843075));
#660=CARTESIAN_POINT('',(0.00440743837874142,0.12215586717133,-0.0890171973209515));
#661=CARTESIAN_POINT('',(0.0043968749518469,0.122863784086829,-0.0894168602575955));
#662=CARTESIAN_POINT('',(0.00438631152495239,0.123571701002327,-0.0898165231942396));
#663=CARTESIAN_POINT('',(0.00462566035938478,0.121459676246945,-0.0886120588835139));
#664=CARTESIAN_POINT('',(0.00458410311513177,0.122165514238774,-0.0890121227592389));
#665=CARTESIAN_POINT('',(0.00454254587087876,0.122871352230603,-0.089412186634964));
#666=CARTESIAN_POINT('',(0.00450098862662576,0.123577190222432,-0.0898122505106891));
#667=CARTESIAN_POINT('',(0.00503502625819143,0.121525012362666,-0.0885821383540586));
#668=CARTESIAN_POINT('',(0.00493236960738726,0.122219275203716,-0.0889844107022887));
#669=CARTESIAN_POINT('',(0.00482971295658309,0.122913538044767,-0.0893866830505188));
#670=CARTESIAN_POINT('',(0.00472705630577891,0.123607800885818,-0.0897889553987489));
#671=CARTESIAN_POINT('',(0.00523657251389613,0.121578596007924,-0.0885577260815795));
#672=CARTESIAN_POINT('',(0.00510383431709684,0.122263367602305,-0.088961804177177));
#673=CARTESIAN_POINT('',(0.00497109612029755,0.122948139196686,-0.0893658822727744));
#674=CARTESIAN_POINT('',(0.00483835792349826,0.123632910791066,-0.0897699603683719));
#675=CARTESIAN_POINT('',(0.00562923632279476,0.121725685755447,-0.0884929304553525));
#676=CARTESIAN_POINT('',(0.0054378915456927,0.122384434535825,-0.0889018696298232));
#677=CARTESIAN_POINT('',(0.00524654676859063,0.123043183316202,-0.0893108088042939));
#678=CARTESIAN_POINT('',(0.00505520199148857,0.12370193209658,-0.0897197479787645));
#679=CARTESIAN_POINT('',(0.00582348200479672,0.121821805656367,-0.0884514603004369));
#680=CARTESIAN_POINT('',(0.00560314530775924,0.122463561348555,-0.0888635383966155));
#681=CARTESIAN_POINT('',(0.00538280861072175,0.123105317040744,-0.0892756164927942));
#682=CARTESIAN_POINT('',(0.00516247191368427,0.123747072732932,-0.0896876945889729));
#683=CARTESIAN_POINT('',(0.00619129802800896,0.122052776808513,-0.088356786905096));
#684=CARTESIAN_POINT('',(0.00591606335265566,0.122653768801361,-0.0887761926866845));
#685=CARTESIAN_POINT('',(0.00564082867730236,0.123254760794209,-0.0891955984682729));
#686=CARTESIAN_POINT('',(0.00536559400194906,0.123855752787056,-0.0896150042498614));
#687=CARTESIAN_POINT('',(0.00636476503300628,0.122187565375971,-0.0883036587281794));
#688=CARTESIAN_POINT('',(0.00606363972261251,0.122764798512886,-0.0887272491525086));
#689=CARTESIAN_POINT('',(0.00576251441221875,0.1233420316498,-0.0891508395768378));
#690=CARTESIAN_POINT('',(0.00546138910182498,0.123919264786715,-0.0895744300011669));
#691=CARTESIAN_POINT('',(0.00668988380214705,0.122494715653497,-0.0881904297672426));
#692=CARTESIAN_POINT('',(0.00634023321850315,0.123017918060377,-0.0886232174735123));
#693=CARTESIAN_POINT('',(0.00599058263485925,0.123541120467257,-0.0890560051797821));
#694=CARTESIAN_POINT('',(0.00564093205121536,0.124064322874137,-0.0894887928860518));
#695=CARTESIAN_POINT('',(0.00684347221874107,0.122671548448145,-0.0881290030602327));
#696=CARTESIAN_POINT('',(0.00647089794310899,0.123163696993644,-0.0885669233663744));
#697=CARTESIAN_POINT('',(0.00609832366747691,0.123655845539142,-0.0890048436725161));
#698=CARTESIAN_POINT('',(0.00572574939184483,0.124147994084641,-0.0894427639786579));
#699=CARTESIAN_POINT('',(0.00711647894641208,0.12305715683645,-0.0880068415093169));
#700=CARTESIAN_POINT('',(0.00670315729562453,0.123481753442413,-0.0884554450326393));
#701=CARTESIAN_POINT('',(0.00628983564483699,0.123906350048375,-0.0889040485559616));
#702=CARTESIAN_POINT('',(0.00587651399404944,0.124330946654337,-0.089352652079284));
#703=CARTESIAN_POINT('',(0.00723581193993129,0.123265821782605,-0.0879461940814193));
#704=CARTESIAN_POINT('',(0.0068046793399772,0.12365394042818,-0.0884003428950373));
#705=CARTESIAN_POINT('',(0.0063735467400231,0.124042059073755,-0.0888544917086554));
#706=CARTESIAN_POINT('',(0.00594241414006901,0.12443017771933,-0.0893086405222734));
#707=CARTESIAN_POINT('',(0.00743150445191153,0.123697375745957,-0.0878346198878112));
#708=CARTESIAN_POINT('',(0.00697116390339178,0.124010246160639,-0.0882996388915564));
#709=CARTESIAN_POINT('',(0.00651082335487203,0.124323116575321,-0.0887646578953017));
#710=CARTESIAN_POINT('',(0.00605048280635228,0.124635986990004,-0.0892296768990469));
#711=CARTESIAN_POINT('',(0.00751082708169114,0.123923818624404,-0.0877824120218022));
#712=CARTESIAN_POINT('',(0.00703864727738585,0.124197294016642,-0.0882528610889461));
#713=CARTESIAN_POINT('',(0.00656646747308056,0.12447076940888,-0.08872331015609));
#714=CARTESIAN_POINT('',(0.00609428766877528,0.124744244801118,-0.089193759223234));
#715=CARTESIAN_POINT('',(0.00762901627261731,0.12439243769668,-0.0876896437649199));
#716=CARTESIAN_POINT('',(0.00713919617415067,0.124584600062295,-0.0881706705124849));
#717=CARTESIAN_POINT('',(0.00664937607568403,0.124776762427911,-0.0886516972600498));
#718=CARTESIAN_POINT('',(0.00615955597721739,0.124968924793526,-0.0891327240076148));
#719=CARTESIAN_POINT('',(0.00766783001367276,0.124634423635672,-0.0876491491895091));
#720=CARTESIAN_POINT('',(0.00717221676047729,0.124784701404172,-0.0881353180437561));
#721=CARTESIAN_POINT('',(0.00667660350728183,0.124934979172672,-0.0886214868980031));
#722=CARTESIAN_POINT('',(0.00618099025408636,0.125085256941171,-0.0891076557522501));
#723=CARTESIAN_POINT('',(0.00769344232636521,0.12498292225326,-0.0876019258876048));
#724=CARTESIAN_POINT('',(0.00719400625648491,0.125073035061724,-0.088095020987436));
#725=CARTESIAN_POINT('',(0.00669457018660461,0.125163147870188,-0.0885881160872672));
#726=CARTESIAN_POINT('',(0.00619513411672432,0.125253260678652,-0.0890812111870984));
#727=CARTESIAN_POINT('',(0.00769732636711355,0.125089741074434,-0.087588894984783));
#728=CARTESIAN_POINT('',(0.00719731056428859,0.125161432875816,-0.088084050709515));
#729=CARTESIAN_POINT('',(0.00669729476146364,0.125233124677198,-0.0885792064342471));
#730=CARTESIAN_POINT('',(0.00619727895863868,0.125304816478581,-0.0890743621589792));
#731=CARTESIAN_POINT('',(0.00769686970396475,0.125526561166969,-0.0875416093203869));
#732=CARTESIAN_POINT('',(0.00719692195693227,0.125523007097414,-0.0880449324295346));
#733=CARTESIAN_POINT('',(0.00669697420989979,0.125519453027858,-0.0885482555386824));
#734=CARTESIAN_POINT('',(0.00619702646286731,0.125515898958303,-0.0890515786478301));
#735=CARTESIAN_POINT('',(0.00765809354015626,0.125859959023534,-0.0875198116442104));
#736=CARTESIAN_POINT('',(0.00716393320378421,0.125799174837466,-0.0880287511139319));
#737=CARTESIAN_POINT('',(0.00666977286741215,0.125738390651397,-0.0885376905836534));
#738=CARTESIAN_POINT('',(0.0061756125310401,0.125677606465329,-0.0890466300533749));
#739=CARTESIAN_POINT('',(0.00753744425008538,0.126377835475182,-0.0875064509111106));
#740=CARTESIAN_POINT('',(0.00706129115459181,0.126228441548536,-0.0880232291085254));
#741=CARTESIAN_POINT('',(0.00658513805909823,0.126079047621891,-0.0885400073059402));
#742=CARTESIAN_POINT('',(0.00610898496360465,0.125929653695246,-0.0890567855033551));
#743=CARTESIAN_POINT('',(0.00747732274440147,0.126572454988972,-0.0875063936662198));
#744=CARTESIAN_POINT('',(0.00701014296514153,0.12638983086314,-0.0880259032941701));
#745=CARTESIAN_POINT('',(0.0065429631858816,0.126207206737307,-0.0885454129221204));
#746=CARTESIAN_POINT('',(0.00607578340662167,0.126024582611474,-0.0890649225500707));
#747=CARTESIAN_POINT('',(0.00733006800310135,0.126950702367287,-0.0875150055806505));
#748=CARTESIAN_POINT('',(0.00688486646146194,0.126703616929569,-0.0880394470470923));
#749=CARTESIAN_POINT('',(0.00643966491982254,0.126456531491851,-0.0885638885135342));
#750=CARTESIAN_POINT('',(0.00599446337818313,0.126209446054133,-0.089088329979976));
#751=CARTESIAN_POINT('',(0.00724311310314609,0.127133507860543,-0.0875236869766503));
#752=CARTESIAN_POINT('',(0.00681088986581341,0.126855331893654,-0.0880503167912317));
#753=CARTESIAN_POINT('',(0.00637866662848074,0.126577155926765,-0.0885769466058132));
#754=CARTESIAN_POINT('',(0.00594644339114807,0.126298979959876,-0.0891035764203946));
#755=CARTESIAN_POINT('',(0.00709373763654141,0.127396116027873,-0.0875416310297883));
#756=CARTESIAN_POINT('',(0.00668380918977391,0.127073353888203,-0.0880711681276716));
#757=CARTESIAN_POINT('',(0.00627388074300642,0.126750591748533,-0.0886007052255549));
#758=CARTESIAN_POINT('',(0.00586395229623892,0.126427829608862,-0.0891302423234382));
#759=CARTESIAN_POINT('',(0.00703970457279413,0.127483112876125,-0.0875485884328041));
#760=CARTESIAN_POINT('',(0.00663784074426666,0.127145594430552,-0.0880790449080579));
#761=CARTESIAN_POINT('',(0.00623597691573919,0.126808075984979,-0.0886095013833117));
#762=CARTESIAN_POINT('',(0.00583411308721173,0.126470557539407,-0.0891399578585655));
#763=CARTESIAN_POINT('',(0.00684843343179638,0.127766173974708,-0.0875741357011426));
#764=CARTESIAN_POINT('',(0.00647511747615632,0.127380683837068,-0.0881074578633171));
#765=CARTESIAN_POINT('',(0.00610180152051627,0.126995193699428,-0.0886407800254916));
#766=CARTESIAN_POINT('',(0.00572848556487622,0.126609703561789,-0.0891741021876662));
#767=CARTESIAN_POINT('',(0.00669594717236508,0.127952063753656,-0.0875959886731605));
#768=CARTESIAN_POINT('',(0.00634539032216589,0.127535141181798,-0.0881309735421598));
#769=CARTESIAN_POINT('',(0.00599483347196669,0.12711821860994,-0.088665958411159));
#770=CARTESIAN_POINT('',(0.0056442766217675,0.126701296038082,-0.0892009432801583));
#771=CARTESIAN_POINT('',(0.00636226425422159,0.128286294451433,-0.0876418336996248));
#772=CARTESIAN_POINT('',(0.00606151075769288,0.127812948118442,-0.08817952507883));
#773=CARTESIAN_POINT('',(0.00576075726116417,0.12733960178545,-0.0887172164580352));
#774=CARTESIAN_POINT('',(0.00546000376463546,0.126866255452458,-0.0892549078372405));
#775=CARTESIAN_POINT('',(0.00618116336585301,0.128434533604124,-0.0876657578596358));
#776=CARTESIAN_POINT('',(0.00590743982348543,0.127936212367765,-0.0882044945476235));
#777=CARTESIAN_POINT('',(0.00563371628111785,0.127437891131407,-0.0887432312356112));
#778=CARTESIAN_POINT('',(0.00535999273875027,0.126939569895048,-0.0892819679235989));
#779=CARTESIAN_POINT('',(0.00580378694728602,0.128683538634982,-0.0877094008615231));
#780=CARTESIAN_POINT('',(0.00558638819499592,0.128143314232927,-0.0882497441192872));
#781=CARTESIAN_POINT('',(0.00536898944270583,0.127603089830871,-0.0887900873770512));
#782=CARTESIAN_POINT('',(0.00515159069041574,0.127062865428815,-0.0893304306348153));
#783=CARTESIAN_POINT('',(0.00560414834774046,0.128787467202047,-0.0877295926063308));
#784=CARTESIAN_POINT('',(0.00541654638138766,0.128229781170771,-0.0882705210473611));
#785=CARTESIAN_POINT('',(0.00522894441503486,0.127672095139495,-0.0888114494883914));
#786=CARTESIAN_POINT('',(0.00504134244868206,0.12711440910822,-0.0893523779294216));
#787=CARTESIAN_POINT('',(0.00519028706983001,0.128948028344289,-0.0877620717726169));
#788=CARTESIAN_POINT('',(0.00506445541280414,0.128363383558498,-0.0883038487782611));
#789=CARTESIAN_POINT('',(0.00493862375577827,0.127778738772707,-0.0888456257839053));
#790=CARTESIAN_POINT('',(0.0048127920987524,0.127194093986916,-0.0893874027895496));
#791=CARTESIAN_POINT('',(0.00497623142934898,0.129004585165543,-0.0877742984100721));
#792=CARTESIAN_POINT('',(0.00488234836469324,0.128410455336356,-0.0883163403601219));
#793=CARTESIAN_POINT('',(0.00478846530003751,0.12781632550717,-0.0888583823101717));
#794=CARTESIAN_POINT('',(0.00469458223538178,0.127222195677983,-0.0894004242602215));
#795=CARTESIAN_POINT('',(0.00455719346730873,0.129066036662104,-0.0877876482121487));
#796=CARTESIAN_POINT('',(0.00452585337046013,0.128461601864979,-0.0883299752011728));
#797=CARTESIAN_POINT('',(0.00449451327361153,0.127857167067854,-0.0888723021901969));
#798=CARTESIAN_POINT('',(0.00446317317676293,0.127252732270729,-0.0894146291792209));
#799=CARTESIAN_POINT('',(0.00434855540919102,0.129073936194764,-0.0877894177686201));
#800=CARTESIAN_POINT('',(0.00434835531953331,0.128468177487161,-0.0883317790683387));
#801=CARTESIAN_POINT('',(0.00434815522987561,0.127862418779557,-0.0888741403680573));
#802=CARTESIAN_POINT('',(0.0043479551402179,0.127256660071954,-0.089416501667776));
#803=CARTESIAN_POINT('',(0.00393375102559414,0.129043830004507,-0.0877828148133971));
#804=CARTESIAN_POINT('',(0.00399546204364218,0.128443119143478,-0.0883250390841531));
#805=CARTESIAN_POINT('',(0.00405717306169023,0.127842408282449,-0.0888672633549091));
#806=CARTESIAN_POINT('',(0.00411888407973827,0.12724169742142,-0.0894094876256651));
#807=CARTESIAN_POINT('',(0.00372775816519336,0.129005839321878,-0.0877744543003974));
#808=CARTESIAN_POINT('',(0.00382021439344446,0.128411497818125,-0.0883165069241938));
#809=CARTESIAN_POINT('',(0.00391267062169556,0.127817156314373,-0.0888585595479901));
#810=CARTESIAN_POINT('',(0.00400512684994667,0.127222814810621,-0.0894006121717864));
#811=CARTESIAN_POINT('',(0.00332638912831776,0.128886883510012,-0.0877495553461653));
#812=CARTESIAN_POINT('',(0.00347875120556483,0.128312503520406,-0.0882910152917013));
#813=CARTESIAN_POINT('',(0.0036311132828119,0.1277381235308,-0.0888324752372373));
#814=CARTESIAN_POINT('',(0.00378347536005896,0.127163743541195,-0.0893739351827733));
#815=CARTESIAN_POINT('',(0.00312754580828276,0.128804138124199,-0.0877326678773679));
#816=CARTESIAN_POINT('',(0.00330958600877775,0.128243649359824,-0.0882736969027282));
#817=CARTESIAN_POINT('',(0.00349162620927274,0.127683160595449,-0.0888147259280884));
#818=CARTESIAN_POINT('',(0.00367366640976773,0.127122671831074,-0.0893557549534486));
#819=CARTESIAN_POINT('',(0.00274729454508017,0.128597127665613,-0.0876938401191493));
#820=CARTESIAN_POINT('',(0.00298608870542501,0.128071439584029,-0.0882336433462262));
#821=CARTESIAN_POINT('',(0.00322488286576985,0.127545751502444,-0.088773446573303));
#822=CARTESIAN_POINT('',(0.00346367702611468,0.12702006342086,-0.0893132498003799));
#823=CARTESIAN_POINT('',(0.00256600010117387,0.128472933199483,-0.087671955870117));
#824=CARTESIAN_POINT('',(0.00283185315792489,0.12796814330583,-0.0882109627887706));
#825=CARTESIAN_POINT('',(0.0030977062146759,0.127463353412177,-0.0887499697074242));
#826=CARTESIAN_POINT('',(0.00336355927142692,0.126958563518524,-0.0892889766260778));
#827=CARTESIAN_POINT('',(0.00222074731318733,0.128184050760556,-0.0876270378179322));
#828=CARTESIAN_POINT('',(0.0025381306939081,0.127727954996546,-0.0881639339689994));
#829=CARTESIAN_POINT('',(0.00285551407462886,0.127271859232536,-0.0887008301200667));
#830=CARTESIAN_POINT('',(0.00317289745534962,0.126815763468526,-0.0892377262711339));
#831=CARTESIAN_POINT('',(0.00205476341449824,0.12801472759462,-0.0876035687598246));
#832=CARTESIAN_POINT('',(0.00239692054532324,0.127587213084232,-0.0881391042551232));
#833=CARTESIAN_POINT('',(0.00273907767614824,0.127159698573845,-0.0886746397504218));
#834=CARTESIAN_POINT('',(0.00308123480697323,0.126732184063458,-0.0892101752457203));
#835=CARTESIAN_POINT('',(0.00175429933917549,0.127642150677872,-0.0875617037377862));
#836=CARTESIAN_POINT('',(0.00214130193033373,0.12727766312399,-0.0880938230425503));
#837=CARTESIAN_POINT('',(0.00252830452149197,0.126913175570108,-0.0886259423473144));
#838=CARTESIAN_POINT('',(0.0029153071126502,0.126548688016225,-0.0891580616520785));
#839=CARTESIAN_POINT('',(0.00161990610235227,0.127439007949421,-0.087543371272278));
#840=CARTESIAN_POINT('',(0.0020269674276331,0.12710894803278,-0.0880734338565562));
#841=CARTESIAN_POINT('',(0.00243402875291393,0.12677888811614,-0.0886034964408344));
#842=CARTESIAN_POINT('',(0.00284109007819476,0.126448828199499,-0.0891335590251126));
#843=CARTESIAN_POINT('',(0.00142279653407732,0.127073158084412,-0.0875208780304919));
#844=CARTESIAN_POINT('',(0.00185927727516393,0.126805248154461,-0.0880467820996279));
#845=CARTESIAN_POINT('',(0.00229575801625054,0.126537338224509,-0.0885726861687639));
#846=CARTESIAN_POINT('',(0.00273223875733714,0.126269428294557,-0.0890985902378999));
#847=CARTESIAN_POINT('',(0.00134961817012647,0.126914160053003,-0.087514020079917));
#848=CARTESIAN_POINT('',(0.00179702108908106,0.126673301360834,-0.0880379908530673));
#849=CARTESIAN_POINT('',(0.00224442400803565,0.126432442668665,-0.0885619616262175));
#850=CARTESIAN_POINT('',(0.00269182692699024,0.126191583976496,-0.0890859323993678));
#851=CARTESIAN_POINT('',(0.0012229877494579,0.126586075642309,-0.0875068655054904));
#852=CARTESIAN_POINT('',(0.00168929080234949,0.126401133913041,-0.0880265448465746));
#853=CARTESIAN_POINT('',(0.00215559385524108,0.126216192183773,-0.0885462241876588));
#854=CARTESIAN_POINT('',(0.00262189690813267,0.126031250454505,-0.089065903528743));
#855=CARTESIAN_POINT('',(0.00116954886532859,0.126417022036344,-0.0875065767790192));
#856=CARTESIAN_POINT('',(0.00164382790822515,0.126260940547199,-0.0880238981024868));
#857=CARTESIAN_POINT('',(0.00211810695112171,0.126104859058055,-0.0885412194259545));
#858=CARTESIAN_POINT('',(0.00259238599401827,0.125948777568911,-0.0890585407494221));
#859=CARTESIAN_POINT('',(0.00108399626119224,0.126074402252449,-0.087513516835197));
#860=CARTESIAN_POINT('',(0.00157104442585379,0.125976917128086,-0.0880257341699508));
#861=CARTESIAN_POINT('',(0.00205809259051533,0.125879432003723,-0.0885379515047046));
#862=CARTESIAN_POINT('',(0.00254514075517688,0.12578194687936,-0.0890501688394584));
#863=CARTESIAN_POINT('',(0.00105139648404754,0.125899098244279,-0.087520764625189));
#864=CARTESIAN_POINT('',(0.00154331032669559,0.125831646228999,-0.088030210799887));
#865=CARTESIAN_POINT('',(0.00203522416934364,0.125764194213718,-0.088539656974585));
#866=CARTESIAN_POINT('',(0.00252713801199169,0.125696742198437,-0.0890491031492829));
#867=CARTESIAN_POINT('',(0.00100796101909971,0.125545491379471,-0.0875433887203307));
#868=CARTESIAN_POINT('',(0.00150635784800374,0.125538731580631,-0.0880468994576916));
#869=CARTESIAN_POINT('',(0.00200475467690778,0.125531971781792,-0.0885504101950525));
#870=CARTESIAN_POINT('',(0.00250315150581182,0.125525211982953,-0.0890539209324134));
#871=CARTESIAN_POINT('',(0.000997131353325142,0.125367233918254,-0.087558765170156));
#872=CARTESIAN_POINT('',(0.00149714459167846,0.12539112547797,-0.0880591122605253));
#873=CARTESIAN_POINT('',(0.00199715783003178,0.125415017037686,-0.0885594593508947));
#874=CARTESIAN_POINT('',(0.0024971710683851,0.125438908597401,-0.0890598064412641));
#875=CARTESIAN_POINT('',(0.000997217130799093,0.125190339614924,-0.0875780145499939));
#876=CARTESIAN_POINT('',(0.00149721760822361,0.12524470409116,-0.0880750498374975));
#877=CARTESIAN_POINT('',(0.00199721808564814,0.125299068567396,-0.088572085125001));
#878=CARTESIAN_POINT('',(0.00249721856307266,0.125353433043632,-0.0890691204125046));
#879=EDGE_LOOP('',(#2707,#2708,#2709,#2710,#2711,#2712,#2713,#2714,#2715,#2716));
#880=AXIS2_PLACEMENT_3D('',#2717,#2718,#2719);
#881=EDGE_LOOP('',(#2720,#2721,#2722,#2723,#2724,#2725));
#882=CARTESIAN_POINT('',(0.00154737824167887,0.140978854157188,-0.14492958419303));
#883=CARTESIAN_POINT('',(0.00150136384629909,0.140978854628311,-0.14492958419302));
#884=CARTESIAN_POINT('',(0.0014549899631863,0.140976400423646,-0.144921993507125));
#885=CARTESIAN_POINT('',(0.00136451581202724,0.140966984109297,-0.144893089915902));
#886=CARTESIAN_POINT('',(0.00132071690442854,0.140960099855448,-0.144872027981147));
#887=CARTESIAN_POINT('',(0.0012039709395573,0.140936376856149,-0.144800247202143));
#888=CARTESIAN_POINT('',(0.00113390478005512,0.140915830247538,-0.144738866080175));
#889=CARTESIAN_POINT('',(0.00100390050498159,0.14086874745849,-0.144602044843286));
#890=CARTESIAN_POINT('',(0.000943734143437617,0.140842234668084,-0.144526630009989));
#891=CARTESIAN_POINT('',(0.000799695451006065,0.140769753059684,-0.144326340382567));
#892=CARTESIAN_POINT('',(0.00071991772600194,0.140720868112798,-0.144196284985403));
#893=CARTESIAN_POINT('',(0.00057096025960728,0.14061631272912,-0.143930702394587));
#894=CARTESIAN_POINT('',(0.000501700624395511,0.14056056934908,-0.143794848124204));
#895=CARTESIAN_POINT('',(0.000353593364831091,0.140427261601311,-0.143484458972785));
#896=CARTESIAN_POINT('',(0.000277023415372071,0.140347929730443,-0.143309258170748));
#897=CARTESIAN_POINT('',(0.000160742028695108,0.14021108993895,-0.143023855598231));
#898=CARTESIAN_POINT('',(0.000118000475134634,0.140156547471732,-0.142913887621292));
#899=CARTESIAN_POINT('',(3.64699975274944E-05,0.140043790117182,-0.142694386054425));
#900=CARTESIAN_POINT('',(-2.31693544276804E-06,0.13998557427223,-0.142584850180383));
#901=CARTESIAN_POINT('',(-9.78284437360627E-05,0.139829659408961,-0.142301577192233));
#902=CARTESIAN_POINT('',(-0.000151361940263429,0.139729218637915,-0.142128755870394));
#903=CARTESIAN_POINT('',(-0.000275431158627949,0.139457604750467,-0.141686962025399));
#904=CARTESIAN_POINT('',(-0.000337482321517602,0.139279166251999,-0.14142090272109));
#905=CARTESIAN_POINT('',(-0.000426731132781403,0.138895156172224,-0.140899118186784));
#906=CARTESIAN_POINT('',(-0.000452645199412994,0.138689312159876,-0.140644663328504));
#907=CARTESIAN_POINT('',(-0.000452647387126975,0.13847562385116,-0.140405455248899));
#908=CARTESIAN_POINT('',(0.00154737826398685,0.140981033360106,-0.144949643855135));
#909=CARTESIAN_POINT('',(0.0014998771796092,0.140981033846451,-0.144949643855125));
#910=CARTESIAN_POINT('',(0.0014520051104351,0.140978481394598,-0.14494211902489));
#911=CARTESIAN_POINT('',(0.00135862587307369,0.140968687572995,-0.144913467491339));
#912=CARTESIAN_POINT('',(0.00131342982068538,0.140961527140094,-0.144892589640052));
#913=CARTESIAN_POINT('',(0.00119300144123382,0.140936850616103,-0.144821441069052));
#914=CARTESIAN_POINT('',(0.00112077554546661,0.140915476210123,-0.144760605364748));
#915=CARTESIAN_POINT('',(0.000986894044067083,0.140866490991239,-0.144625024321443));
#916=CARTESIAN_POINT('',(0.000925000985191078,0.140838904620331,-0.144550303766999));
#917=CARTESIAN_POINT('',(0.000777012707938693,0.140763487643235,-0.14435189885796));
#918=CARTESIAN_POINT('',(0.000695226161701815,0.140712622319928,-0.144223103180561));
#919=CARTESIAN_POINT('',(0.000542896035360363,0.140603863799862,-0.143960191839371));
#920=CARTESIAN_POINT('',(0.000472268801704149,0.140545894619516,-0.14382575128125));
#921=CARTESIAN_POINT('',(0.000321720068537459,0.140407354275649,-0.14351872408826));
#922=CARTESIAN_POINT('',(0.000244243895803295,0.140324967028653,-0.143345511594555));
#923=CARTESIAN_POINT('',(0.00012722471824243,0.140183060153873,-0.143063529354454));
#924=CARTESIAN_POINT('',(8.43767161442439E-05,0.140126544420799,-0.142954922633914));
#925=CARTESIAN_POINT('',(2.99442790914778E-06,0.140009840372879,-0.142738235077984));
#926=CARTESIAN_POINT('',(-3.55377222065031E-05,0.139949651072908,-0.142630151991254));
#927=CARTESIAN_POINT('',(-0.000129910681708822,0.139788677566067,-0.142350775188611));
#928=CARTESIAN_POINT('',(-0.000182272972110834,0.139685193862645,-0.142180468930466));
#929=CARTESIAN_POINT('',(-0.000302091732159824,0.139406199330589,-0.14174551193586));
#930=CARTESIAN_POINT('',(-0.000360310079435605,0.139223703130737,-0.141483979512443));
#931=CARTESIAN_POINT('',(-0.000439600724703312,0.138833802878503,-0.140972056816155));
#932=CARTESIAN_POINT('',(-0.000459307584751669,0.138626225660317,-0.140722953399903));
#933=CARTESIAN_POINT('',(-0.000452648029153292,0.138412915012727,-0.140489323173039));
#934=CARTESIAN_POINT('',(0.00154737829251297,0.140983819884172,-0.144969637535714));
#935=CARTESIAN_POINT('',(0.00149837646449109,0.140983820385883,-0.144969637535705));
#936=CARTESIAN_POINT('',(0.0014489920093234,0.140981182617285,-0.144962177156227));
#937=CARTESIAN_POINT('',(0.00135267469947586,0.140971060723263,-0.144933772309098));
#938=CARTESIAN_POINT('',(0.00130606280196998,0.140963660200532,-0.144913074620035));
#939=CARTESIAN_POINT('',(0.00118188986113349,0.140938153811206,-0.144842544820548));
#940=CARTESIAN_POINT('',(0.00110745207682736,0.140916058061824,-0.144782242966541));
#941=CARTESIAN_POINT('',(0.00096955858829446,0.140865409955563,-0.144647876085532));
#942=CARTESIAN_POINT('',(0.000905856694919688,0.140836883006471,-0.144573835355407));
#943=CARTESIAN_POINT('',(0.000753669211373096,0.140758885000107,-0.144377276650222));
#944=CARTESIAN_POINT('',(0.000669684146976244,0.140706270436,-0.144249715564967));
#945=CARTESIAN_POINT('',(0.000513521350142029,0.140593773281198,-0.143989424956362));
#946=CARTESIAN_POINT('',(0.00044125649249867,0.140533812230022,-0.14385637266001));
#947=CARTESIAN_POINT('',(0.000287558176591595,0.140390549190379,-0.143552651911405));
#948=CARTESIAN_POINT('',(0.000208713311480559,0.140305377616225,-0.143381398188437));
#949=CARTESIAN_POINT('',(9.00896130082043E-05,0.1401587875298,-0.143102794358957));
#950=CARTESIAN_POINT('',(4.67741808361246E-05,0.140100432529966,-0.142995534236264));
#951=CARTESIAN_POINT('',(-3.52357879426488E-05,0.139980010490431,-0.142781635597234));
#952=CARTESIAN_POINT('',(-7.39280607358855E-05,0.139917942429579,-0.14267499486326));
#953=CARTESIAN_POINT('',(-0.000168306561280518,0.139752088912156,-0.142399494378376));
#954=CARTESIAN_POINT('',(-0.000220266589664861,0.1396456056091,-0.14223169811523));
#955=CARTESIAN_POINT('',(-0.000337963224136214,0.139359101177411,-0.141803590778362));
#956=CARTESIAN_POINT('',(-0.00039379782346657,0.13917222924512,-0.14154661873456));
#957=CARTESIAN_POINT('',(-0.000466138689855345,0.138775071888546,-0.141044703209491));
#958=CARTESIAN_POINT('',(-0.000481198236592821,0.138564686076091,-0.140801065906475));
#959=CARTESIAN_POINT('',(-0.000469231970809427,0.138350216477009,-0.140573177545206));
#960=CARTESIAN_POINT('',(0.00154737836189703,0.140990597369689,-0.145009419712208));
#961=CARTESIAN_POINT('',(0.0014953524333741,0.140990597902363,-0.145009419712198));
#962=CARTESIAN_POINT('',(0.00144292036000589,0.140987815430144,-0.14500208358893));
#963=CARTESIAN_POINT('',(0.00134067377865478,0.140977136751571,-0.144974154140132));
#964=CARTESIAN_POINT('',(0.00129120004970835,0.140969328655974,-0.14495380358679));
#965=CARTESIAN_POINT('',(0.00115943765750748,0.140942412198469,-0.144884465314742));
#966=CARTESIAN_POINT('',(0.00108049175870187,0.140919089532613,-0.144825190750901));
#967=CARTESIAN_POINT('',(0.000934355468645317,0.140865606028719,-0.144693156757109));
#968=CARTESIAN_POINT('',(0.000866902183222941,0.140835472310717,-0.144620420725697));
#969=CARTESIAN_POINT('',(0.000705907957296122,0.140753052416488,-0.144427399604327));
#970=CARTESIAN_POINT('',(0.000617214100782477,0.140697430200772,-0.144302199355453));
#971=CARTESIAN_POINT('',(0.000452623054535579,0.140578468947356,-0.144046907702251));
#972=CARTESIAN_POINT('',(0.000376632317708489,0.140515047494254,-0.143916497710534));
#973=CARTESIAN_POINT('',(0.0002154407065517,0.140363524153634,-0.143619055104639));
#974=CARTESIAN_POINT('',(0.000133071227779879,0.140273445883125,-0.143451510690731));
#975=CARTESIAN_POINT('',(9.73941324155369E-06,0.140118509177269,-0.143179286262254));
#976=CARTESIAN_POINT('',(-3.51402216360367E-05,0.140056854339066,-0.143074564775283));
#977=CARTESIAN_POINT('',(-0.000119772586201744,0.139929705058924,-0.142865915135323));
#978=CARTESIAN_POINT('',(-0.000159522834050817,0.139864209525769,-0.142761984828269));
#979=CARTESIAN_POINT('',(-0.000255970686159498,0.139689359255193,-0.142493757157141));
#980=CARTESIAN_POINT('',(-0.000308531846751601,0.139577253397678,-0.142330659259301));
#981=CARTESIAN_POINT('',(-0.00042596423065438,0.139276319474197,-0.141915343846172));
#982=CARTESIAN_POINT('',(-0.000479824602127634,0.139080683209542,-0.141666860416329));
#983=CARTESIAN_POINT('',(-0.000544356674347754,0.138667625798451,-0.141183513665036));
#984=CARTESIAN_POINT('',(-0.000553435802777003,0.138450199150741,-0.140949989779571));
#985=CARTESIAN_POINT('',(-0.000533953560001918,0.138230937840778,-0.140732703816716));
#986=CARTESIAN_POINT('',(0.00154737840275494,0.140994588329623,-0.145029208199222));
#987=CARTESIAN_POINT('',(0.00149382911805182,0.140994588877894,-0.145029208199211));
#988=CARTESIAN_POINT('',(0.00143986181315673,0.140991747018764,-0.145021931880991));
#989=CARTESIAN_POINT('',(0.00133462403465676,0.140980839627943,-0.144994231142358));
#990=CARTESIAN_POINT('',(0.00128370432056838,0.14097286404923,-0.14497404756118));
#991=CARTESIAN_POINT('',(0.00114809704314179,0.140945367388753,-0.1449052820397));
#992=CARTESIAN_POINT('',(0.00106685492311784,0.140921539149812,-0.144846500910381));
#993=CARTESIAN_POINT('',(0.000916487835413077,0.140866883137131,-0.14471558562446));
#994=CARTESIAN_POINT('',(0.00084709200438536,0.140836083229865,-0.144643474455794));
#995=CARTESIAN_POINT('',(0.000681490287813398,0.140751822485808,-0.144452144672184));
#996=CARTESIAN_POINT('',(0.000590286198852588,0.140694941869045,-0.144328070630426));
#997=CARTESIAN_POINT('',(0.000421099703942439,0.140573255195525,-0.144075157084604));
#998=CARTESIAN_POINT('',(0.000343020800505301,0.140508365245132,-0.143946001057716));
#999=CARTESIAN_POINT('',(0.000177485755456448,0.140353304431508,-0.14365152989677));
#1000=CARTESIAN_POINT('',(9.29605653900096E-05,0.140261103903616,-0.143485735827196));
#1001=CARTESIAN_POINT('',(-3.34743803143634E-05,0.140102504096499,-0.143216511923959));
#1002=CARTESIAN_POINT('',(-7.94505798893187E-05,0.14003938883491,-0.143112982259643));
#1003=CARTESIAN_POINT('',(-0.000166077178497951,0.139909230687511,-0.142906792173477));
#1004=CARTESIAN_POINT('',(-0.000206725005378491,0.1398421866765,-0.142804129627433));
#1005=CARTESIAN_POINT('',(-0.000305235870834456,0.139663220417995,-0.142539297471403));
#1006=CARTESIAN_POINT('',(-0.000358799848142052,0.139548492215685,-0.142378387176693));
#1007=CARTESIAN_POINT('',(-0.000478088430778855,0.139240640816888,-0.141969011417911));
#1008=CARTESIAN_POINT('',(-0.000532357097367078,0.139040617798938,-0.141724454003134));
#1009=CARTESIAN_POINT('',(-0.000596027809821438,0.138618922645022,-0.141249662274169));
#1010=CARTESIAN_POINT('',(-0.000603772734643383,0.138397267194308,-0.141020781247891));
#1011=CARTESIAN_POINT('',(-0.000582080749367934,0.138174377014147,-0.14080834993868));
#1012=CARTESIAN_POINT('',(0.00154737849665293,0.141003760067998,-0.145068507500637));
#1013=CARTESIAN_POINT('',(0.00149076546662267,0.141003760647637,-0.145068507500626));
#1014=CARTESIAN_POINT('',(0.00143371049067853,0.141000825826938,-0.145061344343434));
#1015=CARTESIAN_POINT('',(0.00132245027059069,0.140989560077255,-0.14503407595318));
#1016=CARTESIAN_POINT('',(0.00126861585212052,0.140981321971836,-0.14501420788367));
#1017=CARTESIAN_POINT('',(0.0011252430381306,0.140952914595632,-0.144946523107521));
#1018=CARTESIAN_POINT('',(0.00103934470266847,0.140928291582099,-0.1448886715569));
#1019=CARTESIAN_POINT('',(0.00088035002701395,0.14087178564685,-0.144759856063215));
#1020=CARTESIAN_POINT('',(0.00080696746771231,0.140839931833326,-0.144688914419006));
#1021=CARTESIAN_POINT('',(0.000631839291781814,0.14075274690145,-0.14450073738963));
#1022=CARTESIAN_POINT('',(0.000535376090529726,0.140693857265244,-0.144378751597194));
#1023=CARTESIAN_POINT('',(0.000356410670138419,0.140567786394439,-0.144130216736083));
#1024=CARTESIAN_POINT('',(0.000273806481602402,0.14050051920156,-0.144003355272089));
#1025=CARTESIAN_POINT('',(9.86526507309081E-05,0.140339681066472,-0.143714281026664));
#1026=CARTESIAN_POINT('',(9.19745062825407E-06,0.140243981672522,-0.143551639333255));
#1027=CARTESIAN_POINT('',(-0.000124635532082259,0.140079257927136,-0.143287765306958));
#1028=CARTESIAN_POINT('',(-0.000173308066956558,0.140013681867069,-0.143186348333266));
#1029=CARTESIAN_POINT('',(-0.000265024505996648,0.139878403179693,-0.142984490571548));
#1030=CARTESIAN_POINT('',(-0.000308065690933057,0.139808699373168,-0.142884047710161));
#1031=CARTESIAN_POINT('',(-0.000412385433702392,0.139622580108468,-0.142625122167227));
#1032=CARTESIAN_POINT('',(-0.000469117022478296,0.139503215028832,-0.142467980418244));
#1033=CARTESIAN_POINT('',(-0.000595459673485227,0.139182824165197,-0.142068727591963));
#1034=CARTESIAN_POINT('',(-0.000652937175234995,0.138974556087361,-0.141830757964574));
#1035=CARTESIAN_POINT('',(-0.000720269168444643,0.138535502819815,-0.141370073813435));
#1036=CARTESIAN_POINT('',(-0.000728360901255573,0.138304735204447,-0.141148725537887));
#1037=CARTESIAN_POINT('',(-0.000705187243605073,0.138072913242535,-0.140944051090471));
#1038=CARTESIAN_POINT('',(0.00154737854969297,0.141008940844386,-0.145088018306246));
#1039=CARTESIAN_POINT('',(0.00148922513120127,0.141008941439796,-0.145088018306234));
#1040=CARTESIAN_POINT('',(0.00143061771642377,0.141005973044371,-0.145080908504625));
#1041=CARTESIAN_POINT('',(0.00131632625379425,0.140994577647803,-0.145053843750873));
#1042=CARTESIAN_POINT('',(0.00126102311728484,0.140986244498596,-0.14503412421956));
#1043=CARTESIAN_POINT('',(0.00111372965680703,0.140957506608978,-0.144966947432926));
#1044=CARTESIAN_POINT('',(0.00102547133197002,0.140932594393365,-0.144909532021254));
#1045=CARTESIAN_POINT('',(0.000862079883290527,0.140875411043629,-0.144781697595362));
#1046=CARTESIAN_POINT('',(0.00078665315368815,0.140843169512968,-0.144711300601573));
#1047=CARTESIAN_POINT('',(0.000606606056640197,0.140754901245198,-0.144524584948025));
#1048=CARTESIAN_POINT('',(0.00050739401927071,0.140695260993968,-0.144403561162185));
#1049=CARTESIAN_POINT('',(0.000323245262524883,0.140567531366893,-0.144157026768874));
#1050=CARTESIAN_POINT('',(0.000238204051979943,0.1404993554462,-0.144031205829266));
#1051=CARTESIAN_POINT('',(5.77751810169687E-05,0.140336277537517,-0.143744556817705));
#1052=CARTESIAN_POINT('',(-3.44540790738266E-05,0.14023920160072,-0.143583316976005));
#1053=CARTESIAN_POINT('',(-0.000172581415810594,0.140072017211373,-0.143321791875443));
#1054=CARTESIAN_POINT('',(-0.000222853469529889,0.140005440871422,-0.143221295573622));
#1055=CARTESIAN_POINT('',(-0.000317664914430498,0.139868050763679,-0.143021310104798));
#1056=CARTESIAN_POINT('',(-0.000362201529549903,0.139797235796649,-0.142921818885388));
#1057=CARTESIAN_POINT('',(-0.000470266081539945,0.139608080035049,-0.14266540356489));
#1058=CARTESIAN_POINT('',(-0.000529161669267978,0.139486700854297,-0.142509842078974));
#1059=CARTESIAN_POINT('',(-0.000660699681706395,0.139160689570149,-0.142114770247994));
#1060=CARTESIAN_POINT('',(-0.000720975724359895,0.138948564596291,-0.14187946047391));
#1061=CARTESIAN_POINT('',(-0.000792825435427826,0.138500795374956,-0.14142432331946));
#1062=CARTESIAN_POINT('',(-0.00080259521904416,0.138265147473305,-0.141205861229205));
#1063=CARTESIAN_POINT('',(-0.000780146656061581,0.138028026692786,-0.141004084192751));
#1064=CARTESIAN_POINT('',(0.00154737866776093,0.14102047323833,-0.145126690774055));
#1065=CARTESIAN_POINT('',(0.00148613308201944,0.1410204738654,-0.145126690774043));
#1066=CARTESIAN_POINT('',(0.0014244092824843,0.14101746383016,-0.145119679475385));
#1067=CARTESIAN_POINT('',(0.0013040285397437,0.141005907131222,-0.145092990015236));
#1068=CARTESIAN_POINT('',(0.00124577274976422,0.140997455575162,-0.145073544028334));
#1069=CARTESIAN_POINT('',(0.00109058723673029,0.14096830407165,-0.145007300297171));
#1070=CARTESIAN_POINT('',(0.000997566168713886,0.1409430281713,-0.144950683558573));
#1071=CARTESIAN_POINT('',(0.000825269613201188,0.140884983212422,-0.144824633186994));
#1072=CARTESIAN_POINT('',(0.000745686138690213,0.140852244480618,-0.144755221199956));
#1073=CARTESIAN_POINT('',(0.000555591028376896,0.140762570049455,-0.144571127308106));
#1074=CARTESIAN_POINT('',(0.000450719891823924,0.140701941467981,-0.144451810998445));
#1075=CARTESIAN_POINT('',(0.000255804775993647,0.140571982643167,-0.14420877506756));
#1076=CARTESIAN_POINT('',(0.000165651566953306,0.140502565493686,-0.144084749276086));
#1077=CARTESIAN_POINT('',(-2.59663312365003E-05,0.140336361950216,-0.143802213924226));
#1078=CARTESIAN_POINT('',(-0.00012416983274467,0.140237323112822,-0.143643304509554));
#1079=CARTESIAN_POINT('',(-0.00027171346902189,0.140066524208184,-0.143385586567755));
#1080=CARTESIAN_POINT('',(-0.000325535357207391,0.139998455302506,-0.143286559764607));
#1081=CARTESIAN_POINT('',(-0.000427308569371354,0.139857854551239,-0.143089511146765));
#1082=CARTESIAN_POINT('',(-0.000475257028366808,0.139785321484151,-0.142991487308397));
#1083=CARTESIAN_POINT('',(-0.00059200208904726,0.139591375915052,-0.142738869036746));
#1084=CARTESIAN_POINT('',(-0.000656053936564626,0.139466731439695,-0.142585626332978));
#1085=CARTESIAN_POINT('',(-0.000800389125247817,0.139131275466437,-0.142196474808809));
#1086=CARTESIAN_POINT('',(-0.000868006866622338,0.138912370906237,-0.141964722894602));
#1087=CARTESIAN_POINT('',(-0.000952897849605396,0.138448188264182,-0.141516498214438));
#1088=CARTESIAN_POINT('',(-0.000968306443845661,0.138202830261105,-0.141301368907902));
#1089=CARTESIAN_POINT('',(-0.000949587533947925,0.137954309766704,-0.141102676850595));
#1090=CARTESIAN_POINT('',(0.00154737873278881,0.141026824853305,-0.145145852427603));
#1091=CARTESIAN_POINT('',(0.00148458136895083,0.141026825496263,-0.145145852427591));
#1092=CARTESIAN_POINT('',(0.00142129362418653,0.141023807395833,-0.145138886275913));
#1093=CARTESIAN_POINT('',(0.00129785484579446,0.14101221904099,-0.145112368471192));
#1094=CARTESIAN_POINT('',(0.0012381151215988,0.141003744121549,-0.145093047489232));
#1095=CARTESIAN_POINT('',(0.00107895820741531,0.140974509516372,-0.145027228818925));
#1096=CARTESIAN_POINT('',(0.000983534390513091,0.140949159132236,-0.144970974609378));
#1097=CARTESIAN_POINT('',(0.00080672951885365,0.140890929975834,-0.144845727208384));
#1098=CARTESIAN_POINT('',(0.000725033482408349,0.140858081758281,-0.144776755566863));
#1099=CARTESIAN_POINT('',(0.000529809329100573,0.140768084495036,-0.144593822022335));
#1100=CARTESIAN_POINT('',(0.000422027974810529,0.140707218195302,-0.144475251148695));
#1101=CARTESIAN_POINT('',(0.000221529984140054,0.140576688926726,-0.144233713111057));
#1102=CARTESIAN_POINT('',(0.000128701900842895,0.140506939276922,-0.144110441875702));
#1103=CARTESIAN_POINT('',(-6.88296482762732E-05,0.140339849887912,-0.143829594736496));
#1104=CARTESIAN_POINT('',(-0.000170233071328819,0.140240224710821,-0.143671613736723));
#1105=CARTESIAN_POINT('',(-0.000322898036120754,0.140068272007239,-0.143415353658712));
#1106=CARTESIAN_POINT('',(-0.00037866995555463,0.139999710854093,-0.143316875514117));
#1107=CARTESIAN_POINT('',(-0.0004843092392748,0.139858010991141,-0.143120891050988));
#1108=CARTESIAN_POINT('',(-0.000534173706432096,0.139784871057561,-0.143023382716537));
#1109=CARTESIAN_POINT('',(-0.000655853217252169,0.139589172437495,-0.142772050552679));
#1110=CARTESIAN_POINT('',(-0.000722896364136074,0.139463276995795,-0.142619545819977));
#1111=CARTESIAN_POINT('',(-0.000874830220556805,0.139123997664938,-0.142232131824156));
#1112=CARTESIAN_POINT('',(-0.000946988522413086,0.138902171279875,-0.142001276457565));
#1113=CARTESIAN_POINT('',(-0.00104039609598464,0.138430294364314,-0.141554413289761));
#1114=CARTESIAN_POINT('',(-0.00105976099895165,0.138180108924613,-0.141339728037186));
#1115=CARTESIAN_POINT('',(-0.00104404161992701,0.137925491302071,-0.141141220474862));
#1116=CARTESIAN_POINT('',(0.00154737887459423,0.141040675658137,-0.145183756399453));
#1117=CARTESIAN_POINT('',(0.00148147224860052,0.14104067633293,-0.14518375639944));
#1118=CARTESIAN_POINT('',(0.00141505084910858,0.141037667126725,-0.145176870630793));
#1119=CARTESIAN_POINT('',(0.00128548257240898,0.141026111608013,-0.145150657490829));
#1120=CARTESIAN_POINT('',(0.00122276735244325,0.141017660299933,-0.14513155807082));
#1121=CARTESIAN_POINT('',(0.00105564218032864,0.140988502349759,-0.145066489158717));
#1122=CARTESIAN_POINT('',(0.000955391407379489,0.140963213837472,-0.145010870808116));
#1123=CARTESIAN_POINT('',(0.000769513847117909,0.140905101091319,-0.144887013025828));
#1124=CARTESIAN_POINT('',(0.000683558285932544,0.140872307600593,-0.144818795178286));
#1125=CARTESIAN_POINT('',(0.000477970184349156,0.14078241387086,-0.144637815488506));
#1126=CARTESIAN_POINT('',(0.000364286961861179,0.140721578311126,-0.144520471062329));
#1127=CARTESIAN_POINT('',(0.000152421002051858,0.140590986061303,-0.144281314644399));
#1128=CARTESIAN_POINT('',(5.41225420476802E-05,0.140521143903427,-0.144159202826927));
#1129=CARTESIAN_POINT('',(-0.000155561281876663,0.140353635413973,-0.143880831640775));
#1130=CARTESIAN_POINT('',(-0.000263581889109596,0.140253631860723,-0.143724129477229));
#1131=CARTESIAN_POINT('',(-0.000426913659430694,0.140080700883151,-0.14346970114426));
#1132=CARTESIAN_POINT('',(-0.000486765843938462,0.140011675750987,-0.143371868584169));
#1133=CARTESIAN_POINT('',(-0.000600534933007502,0.139868825919113,-0.143177034048178));
#1134=CARTESIAN_POINT('',(-0.000654448889204008,0.139795000004993,-0.14308003005573));
#1135=CARTESIAN_POINT('',(-0.000786614508718029,0.139597159388313,-0.14282979745701));
#1136=CARTESIAN_POINT('',(-0.000860071338441086,0.139469593977728,-0.142677760370251));
#1137=CARTESIAN_POINT('',(-0.00102846251392805,0.13912472264984,-0.142290919748498));
#1138=CARTESIAN_POINT('',(-0.00111062200773858,0.138898222498663,-0.142059783787777));
#1139=CARTESIAN_POINT('',(-0.0012231996480087,0.138412758792486,-0.141610805897448));
#1140=CARTESIAN_POINT('',(-0.00125170666649683,0.138153526879315,-0.141394225405009));
#1141=CARTESIAN_POINT('',(-0.0012432308277626,0.137886737147863,-0.141193053702468));
#1142=CARTESIAN_POINT('',(0.00154737895137174,0.141048174844895,-0.145202498709275));
#1143=CARTESIAN_POINT('',(0.00147991484201444,0.141048175535634,-0.145202498709262));
#1144=CARTESIAN_POINT('',(0.00141192373372296,0.141045183288711,-0.145195648176288));
#1145=CARTESIAN_POINT('',(0.00127928399629762,0.141033692261467,-0.145169568044032));
#1146=CARTESIAN_POINT('',(0.00121507721600112,0.141025287927693,-0.145150565179798));
#1147=CARTESIAN_POINT('',(0.0010439551920651,0.140996289732487,-0.145085820960125));
#1148=CARTESIAN_POINT('',(0.000941280216917938,0.140971137574161,-0.145030475934533));
#1149=CARTESIAN_POINT('',(0.000750838302094654,0.140913325430778,-0.144907204785221));
#1150=CARTESIAN_POINT('',(0.00066273579096153,0.140880696149309,-0.144839300375918));
#1151=CARTESIAN_POINT('',(0.000451912834192245,0.14079122877398,-0.144659114157634));
#1152=CARTESIAN_POINT('',(0.000335238007541289,0.140730661663118,-0.144542250711892));
#1153=CARTESIAN_POINT('',(0.000117587105833609,0.140600576850415,-0.144303977929293));
#1154=CARTESIAN_POINT('',(1.64932491037293E-05,0.140530974668759,-0.144182270913578));
#1155=CARTESIAN_POINT('',(-0.000199428847612469,0.140363932880579,-0.143904687284394));
#1156=CARTESIAN_POINT('',(-0.000310866444680763,0.140264137260806,-0.143748335406724));
#1157=CARTESIAN_POINT('',(-0.000479743034906729,0.140091381757493,-0.143494280657881));
#1158=CARTESIAN_POINT('',(-0.000541725148762205,0.140022384873933,-0.143396544890924));
#1159=CARTESIAN_POINT('',(-0.00065975722651668,0.139879484150683,-0.143201795818704));
#1160=CARTESIAN_POINT('',(-0.000715804222913901,0.139805579108161,-0.143104780488467));
#1161=CARTESIAN_POINT('',(-0.000853520130548218,0.139607349530325,-0.14285436082843));
#1162=CARTESIAN_POINT('',(-0.000930398278864244,0.139479365127391,-0.142702053036142));
#1163=CARTESIAN_POINT('',(-0.00110764455682418,0.139132725351901,-0.142314047112708));
#1164=CARTESIAN_POINT('',(-0.00119526170714424,0.138904473517499,-0.142081733136536));
#1165=CARTESIAN_POINT('',(-0.0013184845520808,0.138413118964245,-0.141629277058742));
#1166=CARTESIAN_POINT('',(-0.00135217196474867,0.138149669453775,-0.141410356191082));
#1167=CARTESIAN_POINT('',(-0.00134793376322362,0.137876807720457,-0.141206334930228));
#1168=CARTESIAN_POINT('',(0.00154737903388346,0.141056234084092,-0.145220997023595));
#1169=CARTESIAN_POINT('',(0.00147835744081411,0.141056234790778,-0.145220997023581));
#1170=CARTESIAN_POINT('',(0.0014087966234977,0.141053271683489,-0.145214175953439));
#1171=CARTESIAN_POINT('',(0.0012730854248583,0.141041891922771,-0.145188206317557));
#1172=CARTESIAN_POINT('',(0.00120738708396834,0.141033568774788,-0.145169283437671));
#1173=CARTESIAN_POINT('',(0.00103226820693243,0.141004848369425,-0.145104805447818));
#1174=CARTESIAN_POINT('',(0.000927169028146579,0.140979934951893,-0.145049681785306));
#1175=CARTESIAN_POINT('',(0.000732162752181854,0.140922658396096,-0.144926871328837));
#1176=CARTESIAN_POINT('',(0.000641913285997477,0.140890325795801,-0.1448592065108));
#1177=CARTESIAN_POINT('',(0.000425855452542502,0.140801646683212,-0.144679600588073));
#1178=CARTESIAN_POINT('',(0.000306189000914687,0.140741591920997,-0.144563064694192));
#1179=CARTESIAN_POINT('',(8.27530856548026E-05,0.140612532462149,-0.144325320689317));
#1180=CARTESIAN_POINT('',(-2.11362184399694E-05,0.140543444646973,-0.144203817061685));
#1181=CARTESIAN_POINT('',(-0.000243296759366747,0.140377516601261,-0.143926505492449));
#1182=CARTESIAN_POINT('',(-0.000358151480962063,0.140278308006607,-0.14377017489767));
#1183=CARTESIAN_POINT('',(-0.000532573219917806,0.140106362771511,-0.143515883238201));
#1184=CARTESIAN_POINT('',(-0.000596685416210025,0.140037642803011,-0.143417991227995));
#1185=CARTESIAN_POINT('',(-0.000718980859414178,0.139895193285554,-0.143222783634962));
#1186=CARTESIAN_POINT('',(-0.000777161119709013,0.139821462547299,-0.143125466010293));
#1187=CARTESIAN_POINT('',(-0.000920428014486162,0.139623503021971,-0.142874052557942));
#1188=CARTESIAN_POINT('',(-0.00100072802725579,0.139495505318616,-0.142720927931174));
#1189=CARTESIAN_POINT('',(-0.00118683124013165,0.139148124321616,-0.14233021074633));
#1190=CARTESIAN_POINT('',(-0.00127990759273409,0.138918730019775,-0.142095636590453));
#1191=CARTESIAN_POINT('',(-0.00141377999197391,0.138422581218745,-0.141637261868871));
#1192=CARTESIAN_POINT('',(-0.00145265066623693,0.138155394665925,-0.141414636217004));
#1193=CARTESIAN_POINT('',(-0.00145265351836319,0.137876808792606,-0.14120633493018));
#1194=EDGE_LOOP('',(#2726,#2727,#2728,#2729));
#1195=AXIS2_PLACEMENT_3D('',#2730,#2731,#2732);
#1196=EDGE_LOOP('',(#2733,#2734,#2735,#2736));
#1197=AXIS2_PLACEMENT_3D('',#2737,#2738,#2739);
#1198=EDGE_LOOP('',(#2740,#2741,#2742,#2743,#2744,#2745));
#1199=CARTESIAN_POINT('',(-0.000452800068361627,0.123563361489079,-0.142025464874089));
#1200=CARTESIAN_POINT('',(-0.000452801984071563,0.1233762616573,-0.142357855812704));
#1201=CARTESIAN_POINT('',(-0.000416029358765621,0.123203293435342,-0.142711718418413));
#1202=CARTESIAN_POINT('',(-0.000311583794366151,0.12294881954364,-0.143312602636845));
#1203=CARTESIAN_POINT('',(-0.000258995279166232,0.122856331394318,-0.143554063521804));
#1204=CARTESIAN_POINT('',(-0.000150073046100577,0.122707319349119,-0.143983088217341));
#1205=CARTESIAN_POINT('',(-9.67244263477695E-05,0.122646721282123,-0.144172492350634));
#1206=CARTESIAN_POINT('',(-1.38008491544709E-06,0.122555639554671,-0.144481743992358));
#1207=CARTESIAN_POINT('',(3.73464831033213E-05,0.122522417999092,-0.144600931004574));
#1208=CARTESIAN_POINT('',(0.000118759501192589,0.122459623857802,-0.144838991781231));
#1209=CARTESIAN_POINT('',(0.000161443734164962,0.122430050807396,-0.144957867636377));
#1210=CARTESIAN_POINT('',(0.000277574630509631,0.122357877859867,-0.145265415909918));
#1211=CARTESIAN_POINT('',(0.000354047830269183,0.122318108318208,-0.145453242359469));
#1212=CARTESIAN_POINT('',(0.000502000621505355,0.122254682103601,-0.14578453854659));
#1213=CARTESIAN_POINT('',(0.00057141319256018,0.122229387944837,-0.145929416414165));
#1214=CARTESIAN_POINT('',(0.000719728603971899,0.122184518126935,-0.146209963716558));
#1215=CARTESIAN_POINT('',(0.000800140506547626,0.122164523117466,-0.146348652082974));
#1216=CARTESIAN_POINT('',(0.000983894020814769,0.122129166745936,-0.14661764334485));
#1217=CARTESIAN_POINT('',(0.00108829688778016,0.122114375423926,-0.146746799792721));
#1218=CARTESIAN_POINT('',(0.00125948717097233,0.122099679507818,-0.146884670129539));
#1219=CARTESIAN_POINT('',(0.00131444607022425,0.122096116339379,-0.146919768321319));
#1220=CARTESIAN_POINT('',(0.00142823081368858,0.122091277343563,-0.146968228096539));
#1221=CARTESIAN_POINT('',(0.00148792059996386,0.122089989103622,-0.146981596383007));
#1222=CARTESIAN_POINT('',(0.00154718484544882,0.122089988496838,-0.146981596383019));
#1223=CARTESIAN_POINT('',(-0.000452799256908184,0.123642617056367,-0.142093910342641));
#1224=CARTESIAN_POINT('',(-0.000460723132935441,0.123454531650759,-0.142419726538128));
#1225=CARTESIAN_POINT('',(-0.000431259667980314,0.123277705206202,-0.142767928224842));
#1226=CARTESIAN_POINT('',(-0.000335950045391512,0.123014488528486,-0.143360850428144));
#1227=CARTESIAN_POINT('',(-0.000286241138257707,0.12291794357102,-0.143599516737929));
#1228=CARTESIAN_POINT('',(-0.000181019173341137,0.122761325072308,-0.144024089371018));
#1229=CARTESIAN_POINT('',(-0.000128827990144378,0.12269723138,-0.144211702094037));
#1230=CARTESIAN_POINT('',(-3.46088486012787E-05,0.122600388264713,-0.144518245460347));
#1231=CARTESIAN_POINT('',(3.86681563700579E-06,0.122564932829197,-0.144636440656443));
#1232=CARTESIAN_POINT('',(8.51377642695067E-05,0.122497689967265,-0.144872606230874));
#1233=CARTESIAN_POINT('',(0.000127930677823811,0.122465902053574,-0.144990578672334));
#1234=CARTESIAN_POINT('',(0.000244803580734198,0.122388057170085,-0.145295879869814));
#1235=CARTESIAN_POINT('',(0.000322183962544315,0.12234488291737,-0.145482423102596));
#1236=CARTESIAN_POINT('',(0.000472578486029378,0.12227563341518,-0.145811563012499));
#1237=CARTESIAN_POINT('',(0.000543363224414926,0.122247858512361,-0.145955536938388));
#1238=CARTESIAN_POINT('',(0.000695037861156884,0.122198331801687,-0.146234385864529));
#1239=CARTESIAN_POINT('',(0.000777473704338397,0.122176113025203,-0.146372262216634));
#1240=CARTESIAN_POINT('',(0.000966269284275383,0.122136590774784,-0.146639712061672));
#1241=CARTESIAN_POINT('',(0.00107375618170754,0.122119894248036,-0.146768149286197));
#1242=CARTESIAN_POINT('',(0.00125026653905743,0.122103218916886,-0.146905259505055));
#1243=CARTESIAN_POINT('',(0.00130696417103876,0.122099160482816,-0.146940165516207));
#1244=CARTESIAN_POINT('',(0.00142438805619195,0.122093641748412,-0.146988360486849));
#1245=CARTESIAN_POINT('',(0.00148600584101694,0.122092168326144,-0.147001656045112));
#1246=CARTESIAN_POINT('',(0.00154718486775682,0.122092167699756,-0.147001656045124));
#1247=CARTESIAN_POINT('',(-0.000469381745310847,0.123721859986772,-0.142162344751288));
#1248=CARTESIAN_POINT('',(-0.000483616252382219,0.123530962424223,-0.142481788107305));
#1249=CARTESIAN_POINT('',(-0.000459551643703603,0.123349096299814,-0.142824459631162));
#1250=CARTESIAN_POINT('',(-0.000370383743298356,0.123076044396648,-0.143409541280344));
#1251=CARTESIAN_POINT('',(-0.000322409186404741,0.122975228100098,-0.143645437119061));
#1252=CARTESIAN_POINT('',(-0.0002190260375806,0.122810894584393,-0.144065570559146));
#1253=CARTESIAN_POINT('',(-0.000167228276523134,0.122743349732401,-0.144251387399156));
#1254=CARTESIAN_POINT('',(-7.29949659296316E-05,0.122640924856115,-0.144555203434833));
#1255=CARTESIAN_POINT('',(-3.43567985061148E-05,0.12260333042802,-0.144672396653147));
#1256=CARTESIAN_POINT('',(4.7545365054939E-05,0.122531867718982,-0.144906642408904));
#1257=CARTESIAN_POINT('',(9.0806853502304E-05,0.122497998917045,-0.145023696983104));
#1258=CARTESIAN_POINT('',(0.000209286040164053,0.122414865735529,-0.145326709646146));
#1259=CARTESIAN_POINT('',(0.000288034926910247,0.122368557500162,-0.145511940342868));
#1260=CARTESIAN_POINT('',(0.000441577793259681,0.122293994035634,-0.145838868764563));
#1261=CARTESIAN_POINT('',(0.000514004888856215,0.122263972722189,-0.145981913329004));
#1262=CARTESIAN_POINT('',(0.00066949646881336,0.12221025152031,-0.1462590137005));
#1263=CARTESIAN_POINT('',(0.000754147696080562,0.122186042061325,-0.14639605273505));
#1264=CARTESIAN_POINT('',(0.000948302784725595,0.122142805264729,-0.146661912158237));
#1265=CARTESIAN_POINT('',(0.00105899090149742,0.122124419372468,-0.146789606718287));
#1266=CARTESIAN_POINT('',(0.00124093592180468,0.122105992340072,-0.146925932086875));
#1267=CARTESIAN_POINT('',(0.00129940001429,0.122101496239538,-0.146960639661176));
#1268=CARTESIAN_POINT('',(0.0014205087995344,0.122095377073063,-0.147008561213123));
#1269=CARTESIAN_POINT('',(0.00148407297416857,0.122093740226729,-0.147021781679766));
#1270=CARTESIAN_POINT('',(0.00154718488384666,0.12209373958055,-0.147021781679779));
#1271=CARTESIAN_POINT('',(-0.00053410056978789,0.123872613696862,-0.142292535769029));
#1272=CARTESIAN_POINT('',(-0.000557273005005621,0.123673443648155,-0.142600888772513));
#1273=CARTESIAN_POINT('',(-0.000539999886180848,0.123480271275218,-0.142933758569418));
#1274=CARTESIAN_POINT('',(-0.000457162377770759,0.123187001970675,-0.143504702242601));
#1275=CARTESIAN_POINT('',(-0.000410462596338503,0.123077803801588,-0.143735531286385));
#1276=CARTESIAN_POINT('',(-0.000307277672489934,0.122898722396431,-0.144147448603748));
#1277=CARTESIAN_POINT('',(-0.000254870539134446,0.122824711667298,-0.144329904880518));
#1278=CARTESIAN_POINT('',(-0.000158559587169258,0.122711971105779,-0.144628569106354));
#1279=CARTESIAN_POINT('',(-0.000118861479664165,0.122670458042943,-0.144743857173548));
#1280=CARTESIAN_POINT('',(-3.43346186732708E-05,0.122591317454454,-0.144974431407236));
#1281=CARTESIAN_POINT('',(1.04913914796897E-05,0.122553689338286,-0.145089719562333));
#1282=CARTESIAN_POINT('',(0.000133677824762928,0.122461054987566,-0.145388304125296));
#1283=CARTESIAN_POINT('',(0.000215948954390989,0.122409168894034,-0.145570970742989));
#1284=CARTESIAN_POINT('',(0.000376980055274454,0.122325205088981,-0.145893548375885));
#1285=CARTESIAN_POINT('',(0.000453142752185679,0.122291231700267,-0.146034752884453));
#1286=CARTESIAN_POINT('',(0.000617027313361106,0.122230158308544,-0.146308375295398));
#1287=CARTESIAN_POINT('',(0.00070642395003249,0.12220247441941,-0.146443740153159));
#1288=CARTESIAN_POINT('',(0.000911817302805045,0.122152771469974,-0.146706408780512));
#1289=CARTESIAN_POINT('',(0.00102909783915517,0.122131455728778,-0.14683260647514));
#1290=CARTESIAN_POINT('',(0.00122209749005867,0.122109994519153,-0.146967347376156));
#1291=CARTESIAN_POINT('',(0.00128413923477837,0.122104741015839,-0.147001653890392));
#1292=CARTESIAN_POINT('',(0.00141269156026507,0.122097583046461,-0.147049022651786));
#1293=CARTESIAN_POINT('',(0.00148017810328704,0.122095663627346,-0.147062091189314));
#1294=CARTESIAN_POINT('',(0.00154718490353113,0.122095662941289,-0.147062091189327));
#1295=CARTESIAN_POINT('',(-0.000582226448138683,0.1239441001167,-0.142354271340941));
#1296=CARTESIAN_POINT('',(-0.000608026746031034,0.123739475757119,-0.142657912666465));
#1297=CARTESIAN_POINT('',(-0.000592147711012108,0.123540041780172,-0.142986514920955));
#1298=CARTESIAN_POINT('',(-0.000509501276295323,0.123236396109838,-0.143551165845817));
#1299=CARTESIAN_POINT('',(-0.000462342871982608,0.123123089128213,-0.143779699913067));
#1300=CARTESIAN_POINT('',(-0.000357518821805673,0.122936977140307,-0.144187842127319));
#1301=CARTESIAN_POINT('',(-0.000304109467161467,0.122859952446917,-0.14436873433647));
#1302=CARTESIAN_POINT('',(-0.000205735835879011,0.122742478902259,-0.144664974873934));
#1303=CARTESIAN_POINT('',(-0.000165140563538516,0.122699186490831,-0.144779360022073));
#1304=CARTESIAN_POINT('',(-7.86206991165958E-05,0.122616588353519,-0.145008182984218));
#1305=CARTESIAN_POINT('',(-3.26989492408657E-05,0.122577282001378,-0.145122622765036));
#1306=CARTESIAN_POINT('',(9.35879847140069E-05,0.122480435176817,-0.145419068149187));
#1307=CARTESIAN_POINT('',(0.000178012643000609,0.122426105358043,-0.1456004833888));
#1308=CARTESIAN_POINT('',(0.000343383357758082,0.122338055357678,-0.145920921939523));
#1309=CARTESIAN_POINT('',(0.000421639210225519,0.122302376354044,-0.146061215822601));
#1310=CARTESIAN_POINT('',(0.000590099679870563,0.122238145330829,-0.146333108930419));
#1311=CARTESIAN_POINT('',(0.000682026299916666,0.122208977711763,-0.146467636963456));
#1312=CARTESIAN_POINT('',(0.000893298350463301,0.12215652317799,-0.146728705266757));
#1313=CARTESIAN_POINT('',(0.00101397007390982,0.122133966956733,-0.146854148773872));
#1314=CARTESIAN_POINT('',(0.00121258968208285,0.122111223273678,-0.146988090068766));
#1315=CARTESIAN_POINT('',(0.00127644261657711,0.12210565003444,-0.14702219396205));
#1316=CARTESIAN_POINT('',(0.00140875357940045,0.122098053694697,-0.147069283354491));
#1317=CARTESIAN_POINT('',(0.00147821610012531,0.122096015126948,-0.147082275055188));
#1318=CARTESIAN_POINT('',(0.00154718490712575,0.122096014420803,-0.147082275055202));
#1319=CARTESIAN_POINT('',(-0.000705330590537279,0.124072339578799,-0.142465018435409));
#1320=CARTESIAN_POINT('',(-0.000732893086119791,0.123855360821451,-0.142761931525078));
#1321=CARTESIAN_POINT('',(-0.000716186003217117,0.123643300318214,-0.143084123170831));
#1322=CARTESIAN_POINT('',(-0.000628719045019103,0.123319868848851,-0.143638891851058));
#1323=CARTESIAN_POINT('',(-0.000578771879999811,0.123199018591179,-0.143863700161108));
#1324=CARTESIAN_POINT('',(-0.000467749068177048,0.12300028808916,-0.144265546417674));
#1325=CARTESIAN_POINT('',(-0.000411181336154807,0.122917956660894,-0.14444376878428));
#1326=CARTESIAN_POINT('',(-0.000307007092246925,0.122792258120514,-0.144735790614212));
#1327=CARTESIAN_POINT('',(-0.000264021630856275,0.122745900751575,-0.144848583519147));
#1328=CARTESIAN_POINT('',(-0.000172418345988946,0.12265738775774,-0.145074282738479));
#1329=CARTESIAN_POINT('',(-0.000123803527919177,0.12261523144651,-0.145187190983583));
#1330=CARTESIAN_POINT('',(9.8726041093456E-06,0.122511271239725,-0.145479734478032));
#1331=CARTESIAN_POINT('',(9.92213155786217E-05,0.122452855556681,-0.145658826494404));
#1332=CARTESIAN_POINT('',(0.000274201134818317,0.122358015606875,-0.145975240814819));
#1333=CARTESIAN_POINT('',(0.000356992439297217,0.122319518675911,-0.146113801643644));
#1334=CARTESIAN_POINT('',(0.000535189811165807,0.12225008996964,-0.146382375085578));
#1335=CARTESIAN_POINT('',(0.000632417264416821,0.122218490654142,-0.146515281263751));
#1336=CARTESIAN_POINT('',(0.000855842785203918,0.122161537870886,-0.146773227539563));
#1337=CARTESIAN_POINT('',(0.000983440811823414,0.122136961030871,-0.146897186717635));
#1338=CARTESIAN_POINT('',(0.00119344045655605,0.122112130556363,-0.147029548938039));
#1339=CARTESIAN_POINT('',(0.0012609495324805,0.122106037480498,-0.147063251775982));
#1340=CARTESIAN_POINT('',(0.00140083338138981,0.122097728581571,-0.147109787813793));
#1341=CARTESIAN_POINT('',(0.00147427014368211,0.122095496437467,-0.14712262709102));
#1342=CARTESIAN_POINT('',(0.00154718490180658,0.122095495690921,-0.147122627091035));
#1343=CARTESIAN_POINT('',(-0.000780288962550516,0.124129071899222,-0.14251401206267));
#1344=CARTESIAN_POINT('',(-0.000806989331366444,0.123905199033736,-0.142808913120859));
#1345=CARTESIAN_POINT('',(-0.000788063639820262,0.123686777870501,-0.143128965049765));
#1346=CARTESIAN_POINT('',(-0.000695589693454015,0.12335394178116,-0.143680148237517));
#1347=CARTESIAN_POINT('',(-0.000643313921357409,0.123229658409299,-0.14390352696473));
#1348=CARTESIAN_POINT('',(-0.000527733662653994,0.123025341737095,-0.14430285401664));
#1349=CARTESIAN_POINT('',(-0.000469010563615248,0.122940718099831,-0.144479971174259));
#1350=CARTESIAN_POINT('',(-0.000361099434914784,0.122811528239064,-0.144770198723571));
#1351=CARTESIAN_POINT('',(-0.000316621296340886,0.122763885473838,-0.144882302544413));
#1352=CARTESIAN_POINT('',(-0.00022192819207605,0.122672915519314,-0.145106629702839));
#1353=CARTESIAN_POINT('',(-0.000171716296193368,0.122629587619359,-0.145218854956828));
#1354=CARTESIAN_POINT('',(-3.37520163034751E-05,0.122522726782824,-0.145509636113413));
#1355=CARTESIAN_POINT('',(5.83669817629449E-05,0.122462669063313,-0.145687656445861));
#1356=CARTESIAN_POINT('',(0.000238615980726278,0.122365125482879,-0.146002185832611));
#1357=CARTESIAN_POINT('',(0.000323849485230405,0.122325516272267,-0.146139924300879));
#1358=CARTESIAN_POINT('',(0.000507207711175449,0.12225404755812,-0.146406907481983));
#1359=CARTESIAN_POINT('',(0.000607205970065915,0.122221500287195,-0.14653902866442));
#1360=CARTESIAN_POINT('',(0.000836906202947068,0.122162800852438,-0.146795453286616));
#1361=CARTESIAN_POINT('',(0.000968039332217583,0.122137443875482,-0.146918682336611));
#1362=CARTESIAN_POINT('',(0.00118379904562673,0.122111809084243,-0.147050265099835));
#1363=CARTESIAN_POINT('',(0.00125315307121593,0.122105515907849,-0.147083769505653));
#1364=CARTESIAN_POINT('',(0.00139685116601342,0.122096932820298,-0.147130031560696));
#1365=CARTESIAN_POINT('',(0.00147228619128351,0.122094626248499,-0.14714279525195));
#1366=CARTESIAN_POINT('',(0.0015471848928928,0.12209462548164,-0.147142795251964));
#1367=CARTESIAN_POINT('',(-0.000949728131695698,0.124222244141282,-0.142594474536638));
#1368=CARTESIAN_POINT('',(-0.000971993586029502,0.123984343434449,-0.142888703649219));
#1369=CARTESIAN_POINT('',(-0.000945906106555371,0.123754058041137,-0.143207214545782));
#1370=CARTESIAN_POINT('',(-0.00083957456981858,0.123404595535049,-0.143754808355312));
#1371=CARTESIAN_POINT('',(-0.000781280097016031,0.123274507028133,-0.143976504894925));
#1372=CARTESIAN_POINT('',(-0.000654482174858514,0.123061015725685,-0.144372538822828));
#1373=CARTESIAN_POINT('',(-0.000590625921242767,0.122972729165738,-0.144548098815404));
#1374=CARTESIAN_POINT('',(-0.000474055626795303,0.122838068350836,-0.144835652431212));
#1375=CARTESIAN_POINT('',(-0.000426172829526896,0.122788439368642,-0.144946694153999));
#1376=CARTESIAN_POINT('',(-0.000324531155537737,0.12269371478288,-0.145168846431792));
#1377=CARTESIAN_POINT('',(-0.000270775451695978,0.122648618436899,-0.145279958885595));
#1378=CARTESIAN_POINT('',(-0.000123409802513984,0.122537420835638,-0.145567802717404));
#1379=CARTESIAN_POINT('',(-2.5325213439919E-05,0.122474950741545,-0.145743971423619));
#1380=CARTESIAN_POINT('',(0.000166099685863709,0.122373478033368,-0.146055158810002));
#1381=CARTESIAN_POINT('',(0.000256455672186108,0.122332269227568,-0.14619140810718));
#1382=CARTESIAN_POINT('',(0.000450533295654689,0.122257885817168,-0.146455466502798));
#1383=CARTESIAN_POINT('',(0.000556236101041665,0.122223994809298,-0.146586119992132));
#1384=CARTESIAN_POINT('',(0.000798753009663434,0.122162830073987,-0.146839667417644));
#1385=CARTESIAN_POINT('',(0.000937052990615623,0.122136378792692,-0.146961495646254));
#1386=CARTESIAN_POINT('',(0.00116442680611942,0.122109617520644,-0.147091574386845));
#1387=CARTESIAN_POINT('',(0.001237493341612,0.122103044447113,-0.14712469446227));
#1388=CARTESIAN_POINT('',(0.00138885714974371,0.122094077944814,-0.147170425239877));
#1389=CARTESIAN_POINT('',(0.00146830360383782,0.122091667368948,-0.147183041999234));
#1390=CARTESIAN_POINT('',(0.00154718486258948,0.122091666561313,-0.14718304199925));
#1391=CARTESIAN_POINT('',(-0.00104418154965304,0.124258669007491,-0.142625930381652));
#1392=CARTESIAN_POINT('',(-0.00106288019478407,0.124013639727607,-0.142921502187422));
#1393=CARTESIAN_POINT('',(-0.00103185470730659,0.123777853877976,-0.143240614075549));
#1394=CARTESIAN_POINT('',(-0.000916678911564268,0.123421172942475,-0.143788206940865));
#1395=CARTESIAN_POINT('',(-0.000854696323062822,0.123288713287339,-0.144009651824424));
#1396=CARTESIAN_POINT('',(-0.000721240928390079,0.123071634632131,-0.144404913181629));
#1397=CARTESIAN_POINT('',(-0.000654407840142359,0.122981977694474,-0.144580021700482));
#1398=CARTESIAN_POINT('',(-0.000532916506267021,0.122845337650596,-0.144866696305708));
#1399=CARTESIAN_POINT('',(-0.000483122130811416,0.12279500796877,-0.144977365227413));
#1400=CARTESIAN_POINT('',(-0.000377622392840855,0.12269898590674,-0.145198715053742));
#1401=CARTESIAN_POINT('',(-0.000321920241936654,0.122653292776667,-0.145309397853895));
#1402=CARTESIAN_POINT('',(-0.000169441985689119,0.12254065918964,-0.145596067042498));
#1403=CARTESIAN_POINT('',(-6.81623511714655E-05,0.122477418809298,-0.145771455958699));
#1404=CARTESIAN_POINT('',(0.000129168933595053,0.12237472066484,-0.146081186482633));
#1405=CARTESIAN_POINT('',(0.000222205099538579,0.122333024558641,-0.146216769035171));
#1406=CARTESIAN_POINT('',(0.000421841119395997,0.122257766479278,-0.146479493005098));
#1407=CARTESIAN_POINT('',(0.000530477619825225,0.122223479694183,-0.146609463830835));
#1408=CARTESIAN_POINT('',(0.000779536429750408,0.122161596314624,-0.146861655762325));
#1409=CARTESIAN_POINT('',(0.000921468146105018,0.122134830866079,-0.146982813310994));
#1410=CARTESIAN_POINT('',(0.00115469598423786,0.122107747429978,-0.147112167497245));
#1411=CARTESIAN_POINT('',(0.00122963007795305,0.122101094559793,-0.147145101676655));
#1412=CARTESIAN_POINT('',(0.00138484535063615,0.122092018831293,-0.147190575162487));
#1413=CARTESIAN_POINT('',(0.0014663049696818,0.122089578679026,-0.147203120576584));
#1414=CARTESIAN_POINT('',(0.00154718484119996,0.122089577850928,-0.1472031205766));
#1415=CARTESIAN_POINT('',(-0.00124336985911677,0.124307653681289,-0.142668232007553));
#1416=CARTESIAN_POINT('',(-0.00125345497904829,0.124049167488468,-0.142970006316121));
#1417=CARTESIAN_POINT('',(-0.00121108992686498,0.123803922787627,-0.143293334342472));
#1418=CARTESIAN_POINT('',(-0.00107618342907266,0.123435781367298,-0.1438449978715));
#1419=CARTESIAN_POINT('',(-0.00100610758575175,0.123299866747498,-0.144067319362176));
#1420=CARTESIAN_POINT('',(-0.000858236367622518,0.123077917231872,-0.144463125500328));
#1421=CARTESIAN_POINT('',(-0.000785021591338979,0.122986543301481,-0.144638131289897));
#1422=CARTESIAN_POINT('',(-0.000653073841300013,0.122847588194041,-0.144924187719764));
#1423=CARTESIAN_POINT('',(-0.000599239709228606,0.122796483928507,-0.145034510425595));
#1424=CARTESIAN_POINT('',(-0.000485627642709284,0.122699097699464,-0.145254983028045));
#1425=CARTESIAN_POINT('',(-0.00042585298367819,0.12265281498575,-0.145365134828154));
#1426=CARTESIAN_POINT('',(-0.000262726653959129,0.122538837187086,-0.145650225537132));
#1427=CARTESIAN_POINT('',(-0.000154840145797826,0.122474954351077,-0.145824447768974));
#1428=CARTESIAN_POINT('',(5.46281770947163E-05,0.122371317218896,-0.146131852249051));
#1429=CARTESIAN_POINT('',(0.000153145399340923,0.122329281521867,-0.146266320021549));
#1430=CARTESIAN_POINT('',(0.000364099431062533,0.122253453166622,-0.146526741654661));
#1431=CARTESIAN_POINT('',(0.000478685521646852,0.122218930762405,-0.146655498098185));
#1432=CARTESIAN_POINT('',(0.000740962755198726,0.122156642006359,-0.146905230073671));
#1433=CARTESIAN_POINT('',(0.000890206481579698,0.122129713961391,-0.147025140489642));
#1434=CARTESIAN_POINT('',(0.0011351895191263,0.122102467394341,-0.147153134727291));
#1435=CARTESIAN_POINT('',(0.00121387006673429,0.122095774865245,-0.147185717902333));
#1436=CARTESIAN_POINT('',(0.00137680692540418,0.122086645086618,-0.14723070467886));
#1437=CARTESIAN_POINT('',(0.001462300339977,0.12208419044817,-0.147243114606174));
#1438=CARTESIAN_POINT('',(0.0015471847860235,0.122084189579071,-0.147243114606191));
#1439=CARTESIAN_POINT('',(-0.00134807256437289,0.124320205573591,-0.142679070953045));
#1440=CARTESIAN_POINT('',(-0.00135311854588138,0.124055394736552,-0.142985705382643));
#1441=CARTESIAN_POINT('',(-0.00130435816746109,0.123806193296602,-0.143312649548359));
#1442=CARTESIAN_POINT('',(-0.00115857267682924,0.123433811436247,-0.143868386265472));
#1443=CARTESIAN_POINT('',(-0.00108409395459316,0.123296813330089,-0.144091836637241));
#1444=CARTESIAN_POINT('',(-0.000928467478971768,0.123073580683016,-0.144488961070191));
#1445=CARTESIAN_POINT('',(-0.00085184890448359,0.122981860228037,-0.144664315970742));
#1446=CARTESIAN_POINT('',(-0.000714367139354487,0.12284256938124,-0.144950633743065));
#1447=CARTESIAN_POINT('',(-0.000658405267076766,0.122791391255157,-0.145060983208146));
#1448=CARTESIAN_POINT('',(-0.000540539677229757,0.122693938368008,-0.145281381345618));
#1449=CARTESIAN_POINT('',(-0.000478639260205306,0.122647662863802,-0.145391431932781));
#1450=CARTESIAN_POINT('',(-0.000309978118333136,0.122533776853425,-0.145676119105296));
#1451=CARTESIAN_POINT('',(-0.000198680053798829,0.122470021847714,-0.145849954581093));
#1452=CARTESIAN_POINT('',(1.70185717845004E-05,0.122366671160675,-0.146156490067799));
#1453=CARTESIAN_POINT('',(0.000118336565050164,0.122324783170441,-0.146290509866933));
#1454=CARTESIAN_POINT('',(0.000335050060705849,0.122249259203072,-0.146549963682868));
#1455=CARTESIAN_POINT('',(0.00045265199960607,0.122214896954428,-0.146678188440397));
#1456=CARTESIAN_POINT('',(0.000721605691946303,0.122152921462057,-0.14692681600151));
#1457=CARTESIAN_POINT('',(0.000874529679201265,0.122126144986457,-0.147046149977901));
#1458=CARTESIAN_POINT('',(0.00112541388263772,0.122099057451272,-0.147173508832243));
#1459=CARTESIAN_POINT('',(0.00120597332388473,0.122092405059654,-0.14720592690116));
#1460=CARTESIAN_POINT('',(0.00137278030107523,0.122083330456752,-0.147250684263019));
#1461=CARTESIAN_POINT('',(0.00146029434532421,0.122080890908442,-0.147263030049466));
#1462=CARTESIAN_POINT('',(0.00154718475223658,0.122080890018805,-0.147263030049484));
#1463=CARTESIAN_POINT('',(-0.00145279231948559,0.124320206645776,-0.142679070953024));
#1464=CARTESIAN_POINT('',(-0.00145279508772371,0.124049840466076,-0.142992138061821));
#1465=CARTESIAN_POINT('',(-0.0013976360756625,0.12379762178147,-0.143324149009933));
#1466=CARTESIAN_POINT('',(-0.00124096766014687,0.123422635379949,-0.143886012513356));
#1467=CARTESIAN_POINT('',(-0.00116208487382499,0.123285221190277,-0.144111316376394));
#1468=CARTESIAN_POINT('',(-0.000998701522421641,0.123061874687018,-0.144510885802869));
#1469=CARTESIAN_POINT('',(-0.000918678599519498,0.122970318475425,-0.144687032981703));
#1470=CARTESIAN_POINT('',(-0.000775662109756002,0.122831506151059,-0.14497425556352));
#1471=CARTESIAN_POINT('',(-0.000717572269084603,0.122780563300567,-0.145084860635551));
#1472=CARTESIAN_POINT('',(-0.000595452769800385,0.122683649403202,-0.145305606261592));
#1473=CARTESIAN_POINT('',(-0.000531426436835176,0.122637677623083,-0.145415748750008));
#1474=CARTESIAN_POINT('',(-0.00035723014127888,0.122524632847637,-0.145700490948669));
#1475=CARTESIAN_POINT('',(-0.000242520377789697,0.122461445704056,-0.14587417897676));
#1476=CARTESIAN_POINT('',(-2.05912644472257E-05,0.122359122876847,-0.146180209204428));
#1477=CARTESIAN_POINT('',(8.35275564449624E-05,0.122317694220312,-0.146313918904913));
#1478=CARTESIAN_POINT('',(0.000306000598488177,0.122243053937588,-0.146572639090636));
#1479=CARTESIAN_POINT('',(0.000426618412067421,0.122209125355085,-0.146700430530404));
#1480=CARTESIAN_POINT('',(0.000702248600367282,0.122147971444883,-0.146948119643506));
#1481=CARTESIAN_POINT('',(0.000858852857744657,0.122121576371995,-0.147066941192631));
#1482=CARTESIAN_POINT('',(0.00111563823496928,0.122094885522225,-0.147193725969425));
#1483=CARTESIAN_POINT('',(0.00119807657148022,0.122088332533777,-0.147225993372562));
#1484=CARTESIAN_POINT('',(0.00136875366948402,0.122079394360196,-0.147270540747428));
#1485=CARTESIAN_POINT('',(0.00145828834408579,0.122076991986262,-0.14728282745371));
#1486=CARTESIAN_POINT('',(0.00154718471231283,0.122076991076087,-0.147282827453728));
#1487=EDGE_LOOP('',(#2746,#2747,#2748,#2749));
#1488=AXIS2_PLACEMENT_3D('',#2750,#2751,#2752);
#1489=EDGE_LOOP('',(#2753,#2754,#2755,#2756));
#1490=AXIS2_PLACEMENT_3D('',#2757,#2758,#2759);
#1491=EDGE_LOOP('',(#2760,#2761,#2762,#2763,#2764,#2765,#2766,#2767,#2768));
#1492=AXIS2_PLACEMENT_3D('',#2769,#2770,#2771);
#1493=EDGE_LOOP('',(#2772,#2773,#2774));
#1494=CARTESIAN_POINT('',(0.00154713263252363,0.116989592091239,-0.106840453607877));
#1495=CARTESIAN_POINT('',(0.00154563502333744,0.11699132476847,-0.10684269807686));
#1496=CARTESIAN_POINT('',(0.00154413741281896,0.116993056869572,-0.106844942993771));
#1497=CARTESIAN_POINT('',(0.0014529184069231,0.117098523500177,-0.106981707444512));
#1498=CARTESIAN_POINT('',(0.0013628677491677,0.117200534190908,-0.107118343488511));
#1499=CARTESIAN_POINT('',(0.0011848664940217,0.117398718881212,-0.107392036621563));
#1500=CARTESIAN_POINT('',(0.00109690486822869,0.11749495285357,-0.107529048746469));
#1501=CARTESIAN_POINT('',(0.000955799188897842,0.117647767244445,-0.107751881230617));
#1502=CARTESIAN_POINT('',(0.000901968179054004,0.117705693876632,-0.107837629355993));
#1503=CARTESIAN_POINT('',(0.000815494528197455,0.117798569765547,-0.107976642022033));
#1504=CARTESIAN_POINT('',(0.000782476229783746,0.117833990908634,-0.108030029772083));
#1505=CARTESIAN_POINT('',(0.000717007255180735,0.117904293493631,-0.108136535666803));
#1506=CARTESIAN_POINT('',(0.00068455657072424,0.117939174996609,-0.108189653749443));
#1507=CARTESIAN_POINT('',(0.000601034842237567,0.118029266185989,-0.108327274892069));
#1508=CARTESIAN_POINT('',(0.000550473639863122,0.11808411346196,-0.108411484522184));
#1509=CARTESIAN_POINT('',(0.000421654104131627,0.11822568419307,-0.108628696630248));
#1510=CARTESIAN_POINT('',(0.000344976155588181,0.118311780727738,-0.108760646503873));
#1511=CARTESIAN_POINT('',(0.000196041125678246,0.118486597204239,-0.109024028410237));
#1512=CARTESIAN_POINT('',(0.000123990874226672,0.118575321743974,-0.10915531791018));
#1513=CARTESIAN_POINT('',(5.64378032881549E-05,0.118665253299413,-0.109283809587307));
#1514=CARTESIAN_POINT('',(0.00154713263252361,0.116989592091239,-0.106840453607877));
#1515=CARTESIAN_POINT('',(0.00154558510213061,0.116991294558466,-0.106842658942529));
#1516=CARTESIAN_POINT('',(0.00154403757036269,0.116992996604887,-0.10684486460515));
#1517=CARTESIAN_POINT('',(0.00144977790669327,0.117096642100696,-0.10697923081629));
#1518=CARTESIAN_POINT('',(0.00135672735855531,0.117197420180542,-0.107113067204597));
#1519=CARTESIAN_POINT('',(0.0011730140271802,0.117394420868367,-0.107380616249862));
#1520=CARTESIAN_POINT('',(0.0010823375235679,0.117490686109298,-0.107514294771436));
#1521=CARTESIAN_POINT('',(0.000937211744866513,0.117644549924928,-0.107731509103793));
#1522=CARTESIAN_POINT('',(0.000881928480513065,0.117703118549041,-0.107815048287437));
#1523=CARTESIAN_POINT('',(0.000793289831149409,0.117797397329445,-0.107950452240038));
#1524=CARTESIAN_POINT('',(0.000759485637447592,0.117833444259262,-0.108002447343792));
#1525=CARTESIAN_POINT('',(0.000692549778561485,0.117905158115242,-0.108106174238663));
#1526=CARTESIAN_POINT('',(0.000659418109539029,0.117940825089779,-0.108157905979526));
#1527=CARTESIAN_POINT('',(0.000574275311563276,0.118033145647041,-0.108291948464344));
#1528=CARTESIAN_POINT('',(0.000522863970301595,0.118089549443891,-0.108373981720174));
#1529=CARTESIAN_POINT('',(0.00039226151651339,0.118235546016413,-0.108585657905322));
#1530=CARTESIAN_POINT('',(0.000314909173107351,0.118324740363336,-0.108714324686796));
#1531=CARTESIAN_POINT('',(0.00016554855643393,0.118506222183931,-0.108971373920942));
#1532=CARTESIAN_POINT('',(9.37773607112553E-05,0.118598524704195,-0.109099623842085));
#1533=CARTESIAN_POINT('',(2.70008601103859E-05,0.118691996329396,-0.109225240458598));
#1534=CARTESIAN_POINT('',(0.0015471326325236,0.116989592091239,-0.106840453607877));
#1535=CARTESIAN_POINT('',(0.00154553518092377,0.116991264348462,-0.106842619808198));
#1536=CARTESIAN_POINT('',(0.00154393772790623,0.116992936322618,-0.106844786230102));
#1537=CARTESIAN_POINT('',(0.00144663739732299,0.117094758537426,-0.106976755849724));
#1538=CARTESIAN_POINT('',(0.00135058635303405,0.11719423715243,-0.107107843355786));
#1539=CARTESIAN_POINT('',(0.0011610947908011,0.117389776434845,-0.107369400483364));
#1540=CARTESIAN_POINT('',(0.00106763847381765,0.117485864370416,-0.107499845473253));
#1541=CARTESIAN_POINT('',(0.00091829067026036,0.117640339228029,-0.10771160228827));
#1542=CARTESIAN_POINT('',(0.00086145440581449,0.117699357701514,-0.107792993809106));
#1543=CARTESIAN_POINT('',(0.000770441067484063,0.117794698139983,-0.107924878924336));
#1544=CARTESIAN_POINT('',(0.000735759300548758,0.117831232691071,-0.107975513636149));
#1545=CARTESIAN_POINT('',(0.000667149169360539,0.117904071271965,-0.10807651927148));
#1546=CARTESIAN_POINT('',(0.000633220804491234,0.117940375341323,-0.108126890154292));
#1547=CARTESIAN_POINT('',(0.000546122907710168,0.118034531621754,-0.108257409309384));
#1548=CARTESIAN_POINT('',(0.000493623109771355,0.118092241911078,-0.108337289378055));
#1549=CARTESIAN_POINT('',(0.000360528630425155,0.118242018821792,-0.108543456885041));
#1550=CARTESIAN_POINT('',(0.000281976783523946,0.11833391827591,-0.108668824213865));
#1551=CARTESIAN_POINT('',(0.000130949588286416,0.118521362817049,-0.108919445142318));
#1552=CARTESIAN_POINT('',(5.87360081340458E-05,0.11861693673839,-0.109044574432831));
#1553=CARTESIAN_POINT('',(-8.05976793616581E-06,0.118713737116289,-0.109167216643873));
#1554=CARTESIAN_POINT('',(0.00154713263252356,0.116989592091239,-0.106840453607877));
#1555=CARTESIAN_POINT('',(0.0015454353385101,0.116991203928454,-0.106842541539536));
#1556=CARTESIAN_POINT('',(0.00154373804299295,0.116992815722912,-0.106844629507155));
#1557=CARTESIAN_POINT('',(0.00144035636394884,0.117090987085501,-0.106971809242772));
#1558=CARTESIAN_POINT('',(0.00133830343612988,0.117187733979518,-0.107097500276778));
#1559=CARTESIAN_POINT('',(0.00113714916487281,0.11737980538397,-0.107347402725403));
#1560=CARTESIAN_POINT('',(0.00103802897280538,0.117475130232442,-0.107471605869828));
#1561=CARTESIAN_POINT('',(0.000879909296158926,0.117629960261087,-0.10767285353559));
#1562=CARTESIAN_POINT('',(0.000819802959012421,0.117689496716528,-0.107750115388337));
#1563=CARTESIAN_POINT('',(0.000723696307384695,0.117786275187869,-0.107875234546767));
#1564=CARTESIAN_POINT('',(0.000687108553775354,0.117823505865985,-0.107923253614151));
#1565=CARTESIAN_POINT('',(0.00061480708272745,0.117898010054169,-0.108019025109584));
#1566=CARTESIAN_POINT('',(0.00057909336881146,0.117935283590158,-0.108066777512415));
#1567=CARTESIAN_POINT('',(0.000487528326378106,0.118032294138873,-0.108190512770035));
#1568=CARTESIAN_POINT('',(0.000432451782259994,0.118092089906983,-0.108266242450949));
#1569=CARTESIAN_POINT('',(0.000293171980350912,0.118248031991008,-0.108461776007513));
#1570=CARTESIAN_POINT('',(0.000211321673179134,0.118344458866589,-0.108580757619046));
#1571=CARTESIAN_POINT('',(5.47946888182388E-05,0.118542136273093,-0.108818916024758));
#1572=CARTESIAN_POINT('',(-1.95818907681887E-05,0.118643446735556,-0.108937983931624));
#1573=CARTESIAN_POINT('',(-8.78574869234166E-05,0.118746240098387,-0.109054859424901));
#1574=CARTESIAN_POINT('',(0.00154713263252355,0.116989592091239,-0.106840453607877));
#1575=CARTESIAN_POINT('',(0.00154538541730327,0.11699117371845,-0.106842502405205));
#1576=CARTESIAN_POINT('',(0.00154363820053614,0.116992755405476,-0.106844551159255));
#1577=CARTESIAN_POINT('',(0.00143721583994497,0.117089099196847,-0.106969337602387));
#1578=CARTESIAN_POINT('',(0.00133216152432424,0.117184413834561,-0.10709238104618));
#1579=CARTESIAN_POINT('',(0.0011251227770675,0.117374478767376,-0.10733662073552));
#1580=CARTESIAN_POINT('',(0.00102311852532917,0.11746921783549,-0.107457815567732));
#1581=CARTESIAN_POINT('',(0.00086044902527218,0.117623791999011,-0.107654011627175));
#1582=CARTESIAN_POINT('',(0.000798625630518208,0.117683396590169,-0.107729291490348));
#1583=CARTESIAN_POINT('',(0.000699800397144158,0.117780551441018,-0.107851163576286));
#1584=CARTESIAN_POINT('',(0.000662184250894447,0.117817990626574,-0.107897927414451));
#1585=CARTESIAN_POINT('',(0.000587865766218733,0.117893035698743,-0.107991186091376));
#1586=CARTESIAN_POINT('',(0.000551163432240184,0.117930641606469,-0.108037680910865));
#1587=CARTESIAN_POINT('',(0.000457086450085787,0.118028670694591,-0.108158155728498));
#1588=CARTESIAN_POINT('',(0.000400521703091912,0.118089245440264,-0.108231888314375));
#1589=CARTESIAN_POINT('',(0.000257548903306347,0.118247572301887,-0.108422296978623));
#1590=CARTESIAN_POINT('',(0.000173599897422799,0.118345821423059,-0.108538192663516));
#1591=CARTESIAN_POINT('',(1.32404219704354E-05,0.118547768661073,-0.108770317871658));
#1592=CARTESIAN_POINT('',(-6.28563038953384E-05,0.118651544012044,-0.108886445718631));
#1593=CARTESIAN_POINT('',(-0.000132591877484467,0.118757001193682,-0.109000529822857));
#1594=CARTESIAN_POINT('',(0.00154713263252351,0.116989592091239,-0.106840453607877));
#1595=CARTESIAN_POINT('',(0.0015452855748896,0.116991113298442,-0.106842424136543));
#1596=CARTESIAN_POINT('',(0.00154343851562214,0.116992634735437,-0.106844394490604));
#1597=CARTESIAN_POINT('',(0.00143093478095099,0.117085319096352,-0.106964397650665));
#1598=CARTESIAN_POINT('',(0.00131987706640633,0.117177637149973,-0.10708224705865));
#1599=CARTESIAN_POINT('',(0.00110098944904177,0.117363155417552,-0.107315514194879));
#1600=CARTESIAN_POINT('',(0.000993138689526551,0.117456324944427,-0.107430941516541));
#1601=CARTESIAN_POINT('',(0.000821120908636612,0.117609540154889,-0.107617519870597));
#1602=CARTESIAN_POINT('',(0.000755738663583375,0.117668907348563,-0.107689041847023));
#1603=CARTESIAN_POINT('',(0.000651213373850366,0.117766140096602,-0.107804777594506));
#1604=CARTESIAN_POINT('',(0.00061142487360349,0.117803720531941,-0.107849174114344));
#1605=CARTESIAN_POINT('',(0.000532808809329569,0.117879267585995,-0.107937702383723));
#1606=CARTESIAN_POINT('',(0.000493981249747351,0.117917234217899,-0.107981834123236));
#1607=CARTESIAN_POINT('',(0.00039444938582925,0.118016479665594,-0.108096193008843));
#1608=CARTESIAN_POINT('',(0.000334597391408277,0.118078077390433,-0.108166189878459));
#1609=CARTESIAN_POINT('',(0.000183297949276473,0.118239736758245,-0.108347040100709));
#1610=CARTESIAN_POINT('',(9.44415546072386E-05,0.118340700026934,-0.10845720772899));
#1611=CARTESIAN_POINT('',(-7.53171083046401E-05,0.11854932829593,-0.108678210972031));
#1612=CARTESIAN_POINT('',(-0.000155887952792918,0.118657106222623,-0.108788960805275));
#1613=CARTESIAN_POINT('',(-0.000229727376718395,0.118767060437159,-0.108898002895344));
#1614=CARTESIAN_POINT('',(0.0015471326325235,0.116989592091239,-0.106840453607877));
#1615=CARTESIAN_POINT('',(0.00154523565368276,0.116991083088438,-0.106842385002212));
#1616=CARTESIAN_POINT('',(0.00154333867316496,0.116992574382834,-0.106844316169852));
#1617=CARTESIAN_POINT('',(0.00142779424596087,0.117083426884511,-0.106961929339328));
#1618=CARTESIAN_POINT('',(0.00131373451986679,0.117174180610155,-0.107077232301336));
#1619=CARTESIAN_POINT('',(0.00108888251057665,0.117357158685169,-0.107305189645644));
#1620=CARTESIAN_POINT('',(0.000978069304932113,0.117449344452499,-0.107417857770523));
#1621=CARTESIAN_POINT('',(0.000801253092171505,0.117601456583627,-0.107599870049527));
#1622=CARTESIAN_POINT('',(0.000734029069912148,0.11766051824903,-0.107669616143473));
#1623=CARTESIAN_POINT('',(0.000626522350341117,0.1177574525258,-0.107782462668615));
#1624=CARTESIAN_POINT('',(0.00058558991072693,0.117794965708449,-0.107825747120931));
#1625=CARTESIAN_POINT('',(0.000504693338128659,0.117870473871324,-0.107912057858502));
#1626=CARTESIAN_POINT('',(0.00046472920866647,0.11790846886163,-0.107955084137029));
#1627=CARTESIAN_POINT('',(0.000362254519423826,0.118007912144827,-0.108066587648391));
#1628=CARTESIAN_POINT('',(0.000300603575871509,0.118069753880722,-0.108134845993933));
#1629=CARTESIAN_POINT('',(0.000144670827296096,0.118232360989676,-0.10831126301525));
#1630=CARTESIAN_POINT('',(5.30060396295061E-05,0.118334216157388,-0.108418788823259));
#1631=CARTESIAN_POINT('',(-0.000122318442746847,0.118545255523075,-0.108634704228861));
#1632=CARTESIAN_POINT('',(-0.000205642669799663,0.118654571033672,-0.108743016739437));
#1633=CARTESIAN_POINT('',(-0.000282125198295745,0.118766358244934,-0.108849809039417));
#1634=CARTESIAN_POINT('',(0.00154713263252346,0.116989592091239,-0.106840453607877));
#1635=CARTESIAN_POINT('',(0.00154513581126909,0.11699102266843,-0.10684230673355));
#1636=CARTESIAN_POINT('',(0.00154313898825025,0.116992453642461,-0.106844159555496));
#1637=CARTESIAN_POINT('',(0.00142151316864174,0.117079638139843,-0.106956996048566));
#1638=CARTESIAN_POINT('',(0.00130144902522358,0.117167131666507,-0.107067307234648));
#1639=CARTESIAN_POINT('',(0.00106461484087758,0.11734450855519,-0.107285020700071));
#1640=CARTESIAN_POINT('',(0.000947824387130348,0.117434341099563,-0.107392442212626));
#1641=CARTESIAN_POINT('',(0.000761244223560031,0.117583429154173,-0.107565881677));
#1642=CARTESIAN_POINT('',(0.000690252681429187,0.117641519497888,-0.107632319378768));
#1643=CARTESIAN_POINT('',(0.000576605456439932,0.11773720539636,-0.107739824017065));
#1644=CARTESIAN_POINT('',(0.000533306914986199,0.117774317697273,-0.107781062121654));
#1645=CARTESIAN_POINT('',(0.000447670502464615,0.117849186982213,-0.10786331190591));
#1646=CARTESIAN_POINT('',(0.000405332631810153,0.117886943970705,-0.107904323583712));
#1647=CARTESIAN_POINT('',(0.000296678512878113,0.117985984920647,-0.108010649596675));
#1648=CARTESIAN_POINT('',(0.000231217118164643,0.118047792255613,-0.108075781456636));
#1649=CARTESIAN_POINT('',(6.53713195385638E-05,0.11821088013296,-0.108244298601751));
#1650=CARTESIAN_POINT('',(-3.2400869700419E-05,0.118313592380233,-0.108347189404595));
#1651=CARTESIAN_POINT('',(-0.000220066835589475,0.11852755782729,-0.108554357345455));
#1652=CARTESIAN_POINT('',(-0.0003096241214087,0.118638978662188,-0.108658578352003));
#1653=CARTESIAN_POINT('',(-0.000392233277954599,0.118753521694586,-0.108761719890113));
#1654=CARTESIAN_POINT('',(0.00154713263252345,0.116989592091239,-0.106840453607877));
#1655=CARTESIAN_POINT('',(0.00154508589006225,0.116990992458426,-0.106842267599219));
#1656=CARTESIAN_POINT('',(0.00154303914579271,0.116992393254691,-0.106844081261892));
#1657=CARTESIAN_POINT('',(0.00141837262631273,0.117077741607016,-0.106954531069142));
#1658=CARTESIAN_POINT('',(0.0012953060766894,0.11716353926246,-0.107062396924911));
#1659=CARTESIAN_POINT('',(0.00105245411140711,0.11733785515853,-0.107275176305192));
#1660=CARTESIAN_POINT('',(0.000932648857615766,0.117426318240782,-0.10738011040377));
#1661=CARTESIAN_POINT('',(0.000741103201182764,0.117573485309513,-0.10754954315081));
#1662=CARTESIAN_POINT('',(0.000668185932220909,0.117630909866487,-0.107614448356435));
#1663=CARTESIAN_POINT('',(0.000551379678010352,0.117725645875166,-0.107719500369948));
#1664=CARTESIAN_POINT('',(0.000506858996934909,0.117762424555201,-0.107759804213915));
#1665=CARTESIAN_POINT('',(0.00041876331315868,0.117836693873407,-0.107840210628271));
#1666=CARTESIAN_POINT('',(0.000375188308687829,0.117874184513542,-0.107880313198359));
#1667=CARTESIAN_POINT('',(0.000263297709103603,0.117972625330704,-0.107984317192394));
#1668=CARTESIAN_POINT('',(0.000195824914202589,0.11803415428102,-0.108048061177198));
#1669=CARTESIAN_POINT('',(2.46997385804223E-05,0.118196775267545,-0.108213111954043));
#1670=CARTESIAN_POINT('',(-7.6371133444351E-05,0.118299452757777,-0.108314009842774));
#1671=CARTESIAN_POINT('',(-0.000270811769105481,0.118513933300356,-0.108517518954878));
#1672=CARTESIAN_POINT('',(-0.000363848050767331,0.118625921924123,-0.108620086316994));
#1673=CARTESIAN_POINT('',(-0.000449939809944415,0.118741387770857,-0.1087218275777));
#1674=CARTESIAN_POINT('',(0.00154713263252342,0.116989592091239,-0.106840453607877));
#1675=CARTESIAN_POINT('',(0.00154498604764858,0.116990932038418,-0.106842189330557));
#1676=CARTESIAN_POINT('',(0.00154283946087728,0.116992272443984,-0.106843924701831));
#1677=CARTESIAN_POINT('',(0.00141209153796315,0.117073944222579,-0.106949604445066));
#1678=CARTESIAN_POINT('',(0.00128301998485838,0.117156218935721,-0.107052680858017));
#1679=CARTESIAN_POINT('',(0.0010281057254405,0.117323906508917,-0.107255989387075));
#1680=CARTESIAN_POINT('',(0.000902244662474374,0.11740925898113,-0.107356241830972));
#1681=CARTESIAN_POINT('',(0.000700684062540277,0.117551804781172,-0.107518287818839));
#1682=CARTESIAN_POINT('',(0.000623873105937494,0.117607556084912,-0.107580405106618));
#1683=CARTESIAN_POINT('',(0.000500659229887405,0.117699776883928,-0.107681058590007));
#1684=CARTESIAN_POINT('',(0.000453654792293479,0.117735637175514,-0.107719702375043));
#1685=CARTESIAN_POINT('',(0.00036055018405349,0.117808178324084,-0.10779686543489));
#1686=CARTESIAN_POINT('',(0.000314450006637451,0.117844859178593,-0.107835384711515));
#1687=CARTESIAN_POINT('',(0.000195937550727428,0.117941349925373,-0.107935388980829));
#1688=CARTESIAN_POINT('',(0.000124334020552986,0.118001831705498,-0.107996786706494));
#1689=CARTESIAN_POINT('',(-5.76791631666335E-05,0.118162188990807,-0.108156103825202));
#1690=CARTESIAN_POINT('',(-0.000165598111068962,0.118263924152988,-0.108253834842067));
#1691=CARTESIAN_POINT('',(-0.000374209866625816,0.118477629753129,-0.108451845635299));
#1692=CARTESIAN_POINT('',(-0.000474578949521596,0.11858982059631,-0.108552111047497));
#1693=CARTESIAN_POINT('',(-0.000568072291725814,0.118706232292071,-0.108652134869935));
#1694=CARTESIAN_POINT('',(0.0015471326325234,0.116989592091239,-0.106840453607877));
#1695=CARTESIAN_POINT('',(0.00154493612644175,0.116990901828414,-0.106842150196226));
#1696=CARTESIAN_POINT('',(0.00154273961841938,0.116992212021047,-0.106843846435375));
#1697=CARTESIAN_POINT('',(0.00140895099194259,0.11707204337097,-0.106947142800415));
#1698=CARTESIAN_POINT('',(0.00127687684112909,0.117152491012783,-0.107047875100519));
#1699=CARTESIAN_POINT('',(0.00101591807071275,0.117316611256984,-0.10724664686523));
#1700=CARTESIAN_POINT('',(0.000887016000516478,0.117400222582535,-0.107344705070012));
#1701=CARTESIAN_POINT('',(0.000680405976336642,0.117540068113681,-0.107503371036334));
#1702=CARTESIAN_POINT('',(0.000601627074968434,0.117594811959288,-0.107564232914709));
#1703=CARTESIAN_POINT('',(0.000475164653617536,0.11768546746162,-0.107662940528043));
#1704=CARTESIAN_POINT('',(0.000426898622498635,0.117720742996876,-0.107700858532059));
#1705=CARTESIAN_POINT('',(0.000331244423030483,0.1177921559713,-0.10777662165237));
#1706=CARTESIAN_POINT('',(0.000283856245095349,0.117828293406055,-0.107814466771037));
#1707=CARTESIAN_POINT('',(0.000161958541478916,0.117923434271006,-0.107912793424883));
#1708=CARTESIAN_POINT('',(8.82357819712892E-05,0.117983147310072,-0.107973232839976));
#1709=CARTESIAN_POINT('',(-9.9385648763065E-05,0.118141707933573,-0.108130282924726));
#1710=CARTESIAN_POINT('',(-0.000210853646397373,0.118242535649938,-0.108226840206341));
#1711=CARTESIAN_POINT('',(-0.000426860785370517,0.118454951530338,-0.108423012140031));
#1712=CARTESIAN_POINT('',(-0.00053108293726981,0.118566777000428,-0.108522629661692));
#1713=CARTESIAN_POINT('',(-0.000628494243877441,0.118683211926687,-0.108622336833006));
#1714=CARTESIAN_POINT('',(0.00154713263252338,0.116989592091239,-0.106840453607877));
#1715=CARTESIAN_POINT('',(0.00154488620523491,0.11699087161841,-0.106842111061895));
#1716=CARTESIAN_POINT('',(0.0015426397759613,0.116992151580526,-0.106843768182493));
#1717=CARTESIAN_POINT('',(0.00140581044589993,0.117070140361074,-0.106944682824581));
#1718=CARTESIAN_POINT('',(0.00127073369692343,0.117148695414009,-0.107043121742081));
#1719=CARTESIAN_POINT('',(0.00100373041189669,0.117309003145454,-0.107237565619658));
#1720=CARTESIAN_POINT('',(0.00087178733170251,0.117390695342096,-0.107333586206687));
#1721=CARTESIAN_POINT('',(0.000660127866281762,0.117527474734999,-0.107489215595764));
#1722=CARTESIAN_POINT('',(0.000579381010462149,0.117581052053178,-0.107548975469296));
#1723=CARTESIAN_POINT('',(0.000449670017086426,0.117669858532776,-0.107646020794681));
#1724=CARTESIAN_POINT('',(0.000400142379490098,0.117704434127787,-0.107683330323123));
#1725=CARTESIAN_POINT('',(0.000301938555061966,0.11777447795753,-0.107757944304295));
#1726=CARTESIAN_POINT('',(0.000253262355828372,0.117809946186589,-0.107795248759637));
#1727=CARTESIAN_POINT('',(0.00012797933633991,0.117903398419269,-0.107892265395464));
#1728=CARTESIAN_POINT('',(5.21372917139938E-05,0.117962122722254,-0.107951992927544));
#1729=CARTESIAN_POINT('',(-0.00014109258708974,0.118118293615775,-0.108107466239296));
#1730=CARTESIAN_POINT('',(-0.000256109813041784,0.118217828158147,-0.108203323448144));
#1731=CARTESIAN_POINT('',(-0.000479512889175024,0.118428158235895,-0.108398704643385));
#1732=CARTESIAN_POINT('',(-0.00058758849195558,0.118539207612574,-0.108498251433012));
#1733=CARTESIAN_POINT('',(-0.00068891829123381,0.118655264654104,-0.1085982546701));
#1734=EDGE_LOOP('',(#2775,#2776,#2777));
#1735=CARTESIAN_POINT('',(0.001547340997505,0.137340444257808,-0.104629616944976));
#1736=CARTESIAN_POINT('',(0.00154510640210605,0.137339555259366,-0.104631500499497));
#1737=CARTESIAN_POINT('',(0.0015428718049905,0.137338665769867,-0.104633383823979));
#1738=CARTESIAN_POINT('',(0.00140604112736953,0.137284169619886,-0.104748691283175));
#1739=CARTESIAN_POINT('',(0.00127095099936391,0.137228583693431,-0.104861712238781));
#1740=CARTESIAN_POINT('',(0.00100393298886077,0.137113770405295,-0.105086053632945));
#1741=CARTESIAN_POINT('',(0.000871988452659647,0.13705460586247,-0.105197376354855));
#1742=CARTESIAN_POINT('',(0.000660326559714808,0.136954441095314,-0.105378746430687));
#1743=CARTESIAN_POINT('',(0.000579578755400838,0.136914947984482,-0.105448617107796));
#1744=CARTESIAN_POINT('',(0.000449866190838596,0.136849055139421,-0.105562468352124));
#1745=CARTESIAN_POINT('',(0.000400337941751659,0.136823298905491,-0.105606332089338));
#1746=CARTESIAN_POINT('',(0.000302132878153308,0.136770913515672,-0.105694246290131));
#1747=CARTESIAN_POINT('',(0.000253456051239699,0.136744284365886,-0.105738296755044));
#1748=CARTESIAN_POINT('',(0.00012817137632353,0.136673847900995,-0.105853117598816));
#1749=CARTESIAN_POINT('',(5.23282898766901E-05,0.136629320838288,-0.105924061942165));
#1750=CARTESIAN_POINT('',(-0.000140904367797985,0.136510183077338,-0.106109443673555));
#1751=CARTESIAN_POINT('',(-0.000255923372897744,0.136433557016811,-0.106224438258));
#1752=CARTESIAN_POINT('',(-0.000479330235800824,0.136270093862725,-0.106460426845754));
#1753=CARTESIAN_POINT('',(-0.000587407851671497,0.136183013739907,-0.106581497630572));
#1754=CARTESIAN_POINT('',(-0.000688739771636464,0.136091140647947,-0.106704089571683));
#1755=CARTESIAN_POINT('',(0.001547340997505,0.137340444257808,-0.104629616944976));
#1756=CARTESIAN_POINT('',(0.00154515605936437,0.137339534268077,-0.104631544972312));
#1757=CARTESIAN_POINT('',(0.00154297111954489,0.137338623764114,-0.104633472758713));
#1758=CARTESIAN_POINT('',(0.00140918111309597,0.137282839428313,-0.104751502062535));
#1759=CARTESIAN_POINT('',(0.00127709381202685,0.137225897363714,-0.104867169560554));
#1760=CARTESIAN_POINT('',(0.00101612051816495,0.137108289616319,-0.105096556808685));
#1761=CARTESIAN_POINT('',(0.000887216958011046,0.137047688206472,-0.105210281730661));
#1762=CARTESIAN_POINT('',(0.000680604451152419,0.136945180794628,-0.105395275972446));
#1763=CARTESIAN_POINT('',(0.000601824580082577,0.13690478497181,-0.105466473448261));
#1764=CARTESIAN_POINT('',(0.000475360553606452,0.136837443129076,-0.105582345264155));
#1765=CARTESIAN_POINT('',(0.000427093898069836,0.136811133920581,-0.105626953588527));
#1766=CARTESIAN_POINT('',(0.000331438433995472,0.136757658038115,-0.105716284133463));
#1767=CARTESIAN_POINT('',(0.000284049615871394,0.136730491368963,-0.105761006355396));
#1768=CARTESIAN_POINT('',(0.000162150225076316,0.136658686906907,-0.105877469276949));
#1769=CARTESIAN_POINT('',(8.84264049669463E-05,0.13661334699916,-0.105949321219731));
#1770=CARTESIAN_POINT('',(-9.91978504796644E-05,0.136492213736348,-0.106136756117847));
#1771=CARTESIAN_POINT('',(-0.000210667652546304,0.136414474929932,-0.106252712144442));
#1772=CARTESIAN_POINT('',(-0.000426678619961931,0.136249144283592,-0.106489920940722));
#1773=CARTESIAN_POINT('',(-0.000530902801041424,0.136161321283265,-0.10661122747257));
#1774=CARTESIAN_POINT('',(-0.000628316236953755,0.136069015466178,-0.1067336114094));
#1775=CARTESIAN_POINT('',(0.001547340997505,0.137340444257808,-0.104629616944976));
#1776=CARTESIAN_POINT('',(0.00154520571662268,0.137339513276787,-0.104631589445127));
#1777=CARTESIAN_POINT('',(0.00154307043409948,0.137338581778239,-0.104633561702828));
#1778=CARTESIAN_POINT('',(0.00141232109884753,0.137281511689921,-0.104754314002099));
#1779=CARTESIAN_POINT('',(0.00128323662569819,0.137223288370608,-0.104872663519771));
#1780=CARTESIAN_POINT('',(0.00102830805028705,0.137103170494636,-0.105107247982918));
#1781=CARTESIAN_POINT('',(0.000902445467359034,0.137041339680629,-0.105223489853154));
#1782=CARTESIAN_POINT('',(0.000700882337751158,0.136936920708943,-0.105412365127309));
#1783=CARTESIAN_POINT('',(0.000624070393796049,0.136895810474422,-0.105485005069556));
#1784=CARTESIAN_POINT('',(0.000500854885047666,0.136827357637062,-0.105603113496946));
#1785=CARTESIAN_POINT('',(0.000453849812697963,0.1368006331408,-0.10564855624305));
#1786=CARTESIAN_POINT('',(0.000360743919844032,0.13674635597113,-0.105739496336298));
#1787=CARTESIAN_POINT('',(0.000314643092569326,0.136718803300531,-0.105784993684682));
#1788=CARTESIAN_POINT('',(0.000196128925393681,0.136646040626347,-0.1059033849635));
#1789=CARTESIAN_POINT('',(0.00012452432083082,0.136600155653773,-0.10597633794327));
#1790=CARTESIAN_POINT('',(-5.74917199220056E-05,0.136477754347069,-0.106166372812229));
#1791=CARTESIAN_POINT('',(-0.000165412488693348,0.136399381237751,-0.10628367006323));
#1792=CARTESIAN_POINT('',(-0.000374028095949404,0.13623318568195,-0.106522951789013));
#1793=CARTESIAN_POINT('',(-0.000474399214534137,0.136145144880747,-0.106644969565012));
#1794=CARTESIAN_POINT('',(-0.000567894685195902,0.136052929669912,-0.106767657786163));
#1795=CARTESIAN_POINT('',(0.001547340997505,0.137340444257808,-0.104629616944976));
#1796=CARTESIAN_POINT('',(0.00154530503113931,0.137339471294208,-0.104631678390758));
#1797=CARTESIAN_POINT('',(0.00154326906320907,0.137338497846241,-0.104633739609822));
#1798=CARTESIAN_POINT('',(0.00141860106679196,0.137278861121025,-0.104759940198406));
#1799=CARTESIAN_POINT('',(0.00129552206156862,0.137218225167808,-0.104883724437689));
#1800=CARTESIAN_POINT('',(0.00105265620510554,0.137093666904692,-0.105128982667745));
#1801=CARTESIAN_POINT('',(0.000932849379485773,0.13702980325174,-0.105250464957225));
#1802=CARTESIAN_POINT('',(0.000741301116491641,0.136922456832071,-0.105447547053366));
#1803=CARTESIAN_POINT('',(0.000668382832380997,0.136880310971337,-0.105523269195231));
#1804=CARTESIAN_POINT('',(0.00055157490386686,0.136810346001466,-0.105646213666758));
#1805=CARTESIAN_POINT('',(0.000507053572890361,0.136783080968568,-0.105693474963395));
#1806=CARTESIAN_POINT('',(0.000418956576132436,0.136727812314442,-0.105787953863046));
#1807=CARTESIAN_POINT('',(0.000375380908580326,0.13669980869123,-0.10583517146619));
#1808=CARTESIAN_POINT('',(0.000263488566133687,0.136626000197175,-0.105957887930524));
#1809=CARTESIAN_POINT('',(0.000196014680136522,0.136579596230395,-0.106033357310762));
#1810=CARTESIAN_POINT('',(2.48866123982006E-05,0.136456215044367,-0.106229478206177));
#1811=CARTESIAN_POINT('',(-7.61860938824067E-05,0.136377601498791,-0.106350070819062));
#1812=CARTESIAN_POINT('',(-0.000270630587158503,0.136211829489191,-0.106594889036801));
#1813=CARTESIAN_POINT('',(-0.000363668896383324,0.136124480357284,-0.106719111653807));
#1814=CARTESIAN_POINT('',(-0.000449762761702464,0.136033557579554,-0.106843274154913));
#1815=CARTESIAN_POINT('',(0.001547340997505,0.137340444257808,-0.104629616944976));
#1816=CARTESIAN_POINT('',(0.00154535468839763,0.137339450302918,-0.104631722863573));
#1817=CARTESIAN_POINT('',(0.00154336837776407,0.137338455900119,-0.1046338285727));
#1818=CARTESIAN_POINT('',(0.00142174104898483,0.137277538290522,-0.104762754455148));
#1819=CARTESIAN_POINT('',(0.00130166468420025,0.137215770957949,-0.104889291396776));
#1820=CARTESIAN_POINT('',(0.00106481682603355,0.137089282437128,-0.105140026176759));
#1821=CARTESIAN_POINT('',(0.000948024778595639,0.137024615350276,-0.105264231935401));
#1822=CARTESIAN_POINT('',(0.000761441978572039,0.136916253051696,-0.10546563979835));
#1823=CARTESIAN_POINT('',(0.000690449411146763,0.136873785981981,-0.105543001659594));
#1824=CARTESIAN_POINT('',(0.000576800497822067,0.136803419889291,-0.105668545524322));
#1825=CARTESIAN_POINT('',(0.000533501301660235,0.136776029614793,-0.105716790930458));
#1826=CARTESIAN_POINT('',(0.000447863567797385,0.136720570781819,-0.105813199038006));
#1827=CARTESIAN_POINT('',(0.000405525030509073,0.136692502218582,-0.105861361738553));
#1828=CARTESIAN_POINT('',(0.000296869161205695,0.136618606151861,-0.105986474930945));
#1829=CARTESIAN_POINT('',(0.000231406672475735,0.136572228283386,-0.106063359593411));
#1830=CARTESIAN_POINT('',(6.55579789739053E-05,0.136449135352103,-0.106262966262592));
#1831=CARTESIAN_POINT('',(-3.22160414690064E-05,0.13637091574767,-0.10638551276876));
#1832=CARTESIAN_POINT('',(-0.00021988584762694,0.13620643236914,-0.106633793864754));
#1833=CARTESIAN_POINT('',(-0.000309445146371249,0.136119992810098,-0.106759509631176));
#1834=CARTESIAN_POINT('',(-0.00039205638758794,0.13603027194102,-0.106884841588019));
#1835=CARTESIAN_POINT('',(0.001547340997505,0.137340444257808,-0.104629616944976));
#1836=CARTESIAN_POINT('',(0.00154545400291425,0.137339408320339,-0.104631811809203));
#1837=CARTESIAN_POINT('',(0.00154356700687447,0.137338372047627,-0.10463400651722));
#1838=CARTESIAN_POINT('',(0.00142802100620296,0.137274897538924,-0.104768385282576));
#1839=CARTESIAN_POINT('',(0.00131394953238056,0.137211017636001,-0.104900498139113));
#1840=CARTESIAN_POINT('',(0.00108908429293252,0.137081257955788,-0.105162441139033));
#1841=CARTESIAN_POINT('',(0.000978269458226757,0.137015419068339,-0.10529227645541));
#1842=CARTESIAN_POINT('',(0.000801450566919231,0.136905943950775,-0.105502706549217));
#1843=CARTESIAN_POINT('',(0.000734225506862618,0.136863238579774,-0.105583508211154));
#1844=CARTESIAN_POINT('',(0.000626717084981131,0.136792800212874,-0.105714537432682));
#1845=CARTESIAN_POINT('',(0.000585783986807011,0.136765457789147,-0.105764867538168));
#1846=CARTESIAN_POINT('',(0.000504886088293183,0.136710246926976,-0.10586537906501));
#1847=CARTESIAN_POINT('',(0.000464921291474556,0.136682378477243,-0.105915560481958));
#1848=CARTESIAN_POINT('',(0.000362444854140779,0.13660920114316,-0.106045816799355));
#1849=CARTESIAN_POINT('',(0.00030079282207078,0.136563460974079,-0.106125762406741));
#1850=CARTESIAN_POINT('',(0.000144857203880337,0.136442533797639,-0.10633298144248));
#1851=CARTESIAN_POINT('',(5.31906113451196E-05,0.136366146465892,-0.106459870792101));
#1852=CARTESIAN_POINT('',(-0.000122137634947464,0.136206399069801,-0.106716066974681));
#1853=CARTESIAN_POINT('',(-0.000205463824202739,0.136122894195729,-0.106845326717749));
#1854=CARTESIAN_POINT('',(-0.000281948374068624,0.13603664869172,-0.106973632504589));
#1855=CARTESIAN_POINT('',(0.001547340997505,0.137340444257808,-0.104629616944976));
#1856=CARTESIAN_POINT('',(0.00154550366017257,0.13733938732905,-0.104631856282018));
#1857=CARTESIAN_POINT('',(0.00154366632142987,0.137338330141258,-0.104634095498862));
#1858=CARTESIAN_POINT('',(0.00143116098122822,0.137273579617831,-0.104771201853262));
#1859=CARTESIAN_POINT('',(0.00132009175835983,0.137208718523778,-0.104906137922763));
#1860=CARTESIAN_POINT('',(0.00110119113714003,0.137077617942611,-0.105173812590669));
#1861=CARTESIAN_POINT('',(0.000993338735055291,0.137011410689391,-0.105306553993812));
#1862=CARTESIAN_POINT('',(0.000821318263417108,0.136901838638016,-0.105521680527518));
#1863=CARTESIAN_POINT('',(0.000755934978209521,0.136859216178324,-0.105604282256096));
#1864=CARTESIAN_POINT('',(0.000651407986223132,0.136789106668338,-0.105738197398727));
#1865=CARTESIAN_POINT('',(0.000611618828371641,0.136761937340755,-0.105789628073184));
#1866=CARTESIAN_POINT('',(0.000533001441967705,0.136707164636708,-0.105892313756722));
#1867=CARTESIAN_POINT('',(0.000494173217859208,0.136679561245211,-0.10594356875884));
#1868=CARTESIAN_POINT('',(0.000394639615639564,0.136607190228976,-0.106076571362687));
#1869=CARTESIAN_POINT('',(0.000334786541120396,0.136562061669142,-0.106158162542561));
#1870=CARTESIAN_POINT('',(0.000183484257394826,0.1364430120069,-0.106369507853661));
#1871=CARTESIAN_POINT('',(9.46260811410299E-05,0.13636806300952,-0.106498785875585));
#1872=CARTESIAN_POINT('',(-7.51362866799553E-05,0.136211762901596,-0.106759433462774));
#1873=CARTESIAN_POINT('',(-0.00015570905728607,0.136130283071684,-0.106890743498257));
#1874=CARTESIAN_POINT('',(-0.000229550460753282,0.136046310865163,-0.107020852983342));
#1875=CARTESIAN_POINT('',(0.001547340997505,0.137340444257808,-0.104629616944976));
#1876=CARTESIAN_POINT('',(0.0015456029746892,0.13733934534647,-0.104631945227648));
#1877=CARTESIAN_POINT('',(0.00154386495054109,0.137338246368274,-0.104634273480908));
#1878=CARTESIAN_POINT('',(0.00143744092050222,0.137270948686572,-0.104776837305343));
#1879=CARTESIAN_POINT('',(0.00133237558168447,0.137204275920509,-0.104917490226482));
#1880=CARTESIAN_POINT('',(0.00112532429112757,0.137071090630913,-0.105196858365756));
#1881=CARTESIAN_POINT('',(0.00102331837833133,0.137004588836517,-0.105335569786923));
#1882=CARTESIAN_POINT('',(0.000860646181201064,0.13689575463166,-0.105560381500927));
#1883=CARTESIAN_POINT('',(0.000798821749538757,0.136853707201565,-0.105646704437097));
#1884=CARTESIAN_POINT('',(0.000699994828390517,0.136784991361007,-0.105786596052448));
#1885=CARTESIAN_POINT('',(0.000662378032314398,0.1367584682972,-0.10584030849258));
#1886=CARTESIAN_POINT('',(0.00058805824541568,0.136705201575591,-0.105947506445653));
#1887=CARTESIAN_POINT('',(0.000551355259039501,0.136678457893031,-0.106000991944306));
#1888=CARTESIAN_POINT('',(0.000457276575630451,0.136608588072699,-0.106139706618479));
#1889=CARTESIAN_POINT('',(0.00040071077676917,0.136565260760833,-0.106224726700926));
#1890=CARTESIAN_POINT('',(0.000257735222077884,0.136451518253599,-0.106444691873221));
#1891=CARTESIAN_POINT('',(0.000173784501060984,0.136380450018093,-0.106578981505508));
#1892=CARTESIAN_POINT('',(1.34214786288017E-05,0.136233063199671,-0.106849056950138));
#1893=CARTESIAN_POINT('',(-6.26770811713423E-05,0.136156647344164,-0.106984760044237));
#1894=CARTESIAN_POINT('',(-0.000132414532538207,0.136078149890308,-0.107118828247484));
#1895=CARTESIAN_POINT('',(0.001547340997505,0.137340444257808,-0.104629616944976));
#1896=CARTESIAN_POINT('',(0.00154565263194751,0.137339324355181,-0.104631989700463));
#1897=CARTESIAN_POINT('',(0.0015439642650969,0.137338204501658,-0.104634362481313));
#1898=CARTESIAN_POINT('',(0.00144058088475095,0.137269635676406,-0.104779656186738));
#1899=CARTESIAN_POINT('',(0.00133851717945718,0.137202132429361,-0.104923202746963));
#1900=CARTESIAN_POINT('',(0.00113735059915232,0.137068203332893,-0.105208532687541));
#1901=CARTESIAN_POINT('',(0.00103822874104691,0.137001775364062,-0.105350308038159));
#1902=CARTESIAN_POINT('',(0.000880106373203552,0.136893775942777,-0.105580108467258));
#1903=CARTESIAN_POINT('',(0.000819999004751871,0.136852220632631,-0.10566835252897));
#1904=CARTESIAN_POINT('',(0.000723890679772169,0.136784569606011,-0.105811334650962));
#1905=CARTESIAN_POINT('',(0.000687302283159347,0.136758519710052,-0.105866228265648));
#1906=CARTESIAN_POINT('',(0.000614999526009976,0.136706320811136,-0.105975764273319));
#1907=CARTESIAN_POINT('',(0.000579285168994878,0.136680171777446,-0.106030406647242));
#1908=CARTESIAN_POINT('',(0.000487718452564187,0.136611996824855,-0.10617208698695));
#1909=CARTESIAN_POINT('',(0.00043264087638993,0.136569859140083,-0.106258890302569));
#1910=CARTESIAN_POINT('',(0.000293358378241366,0.136459546211034,-0.106483348717389));
#1911=CARTESIAN_POINT('',(0.000211506399102645,0.136390920333699,-0.106620260985885));
#1912=CARTESIAN_POINT('',(5.49759666800455E-05,0.136248999216521,-0.106895311997022));
#1913=CARTESIAN_POINT('',(-1.9402390745312E-05,0.136175622054835,-0.107033357263058));
#1914=CARTESIAN_POINT('',(-8.76798047485194E-05,0.136100325664567,-0.10716957971736));
#1915=CARTESIAN_POINT('',(0.001547340997505,0.137340444257808,-0.104629616944976));
#1916=CARTESIAN_POINT('',(0.00154575194646414,0.137339282372602,-0.104632078646093));
#1917=CARTESIAN_POINT('',(0.00154416289420893,0.13733812080818,-0.104634540500886));
#1918=CARTESIAN_POINT('',(0.00144686079886299,0.137267014568519,-0.104785296256998));
#1919=CARTESIAN_POINT('',(0.00135079947600308,0.137198001804212,-0.104934700511977));
#1920=CARTESIAN_POINT('',(0.00116129608015894,0.137063188156359,-0.10523215849958));
#1921=CARTESIAN_POINT('',(0.00106783809584155,0.136997355149102,-0.105380193961177));
#1922=CARTESIAN_POINT('',(0.000918487631099869,0.13689195914976,-0.105620182130044));
#1923=CARTESIAN_POINT('',(0.000861650354573136,0.136851796468458,-0.105712348298473));
#1924=CARTESIAN_POINT('',(0.000770635386100081,0.136787002732605,-0.105861629749637));
#1925=CARTESIAN_POINT('',(0.000735952995651702,0.136762194363758,-0.105918928509328));
#1926=CARTESIAN_POINT('',(0.000667341622821037,0.13671274610996,-0.106033218891883));
#1927=CARTESIAN_POINT('',(0.000633412639820996,0.136688106177638,-0.106090210483485));
#1928=CARTESIAN_POINT('',(0.000546313140636167,0.136624175577372,-0.106237903553244));
#1929=CARTESIAN_POINT('',(0.000493812361281807,0.136584965913794,-0.106328312608868));
#1930=CARTESIAN_POINT('',(0.000360715332178194,0.13648295772085,-0.106561833017884));
#1931=CARTESIAN_POINT('',(0.00028216191808507,0.136420124835599,-0.106704009833191));
#1932=CARTESIAN_POINT('',(0.00013113150803572,0.13629087393085,-0.106989035264561));
#1933=CARTESIAN_POINT('',(5.89162791338153E-05,0.136224401050432,-0.107131768664162));
#1934=CARTESIAN_POINT('',(-7.88118093754286E-06,0.136156196141152,-0.107272336390818));
#1935=CARTESIAN_POINT('',(0.001547340997505,0.137340444257808,-0.104629616944976));
#1936=CARTESIAN_POINT('',(0.00154580160372246,0.137339261381312,-0.104632123118908));
#1937=CARTESIAN_POINT('',(0.00154426220876515,0.137338078981318,-0.104634629520054));
#1938=CARTESIAN_POINT('',(0.00145000074872629,0.137265706470796,-0.104788117445864));
#1939=CARTESIAN_POINT('',(0.00135694017519909,0.137196014670143,-0.104940485756936));
#1940=CARTESIAN_POINT('',(0.00117321525139696,0.137061060278247,-0.10524410998813));
#1941=CARTESIAN_POINT('',(0.00108253708413482,0.136995748408011,-0.105395341629429));
#1942=CARTESIAN_POINT('',(0.000937408668385226,0.136892121047235,-0.105640528796715));
#1943=CARTESIAN_POINT('',(0.000882124405572083,0.136852858874516,-0.105734695930308));
#1944=CARTESIAN_POINT('',(0.000793484154852899,0.136789857610006,-0.105887186157153));
#1945=CARTESIAN_POINT('',(0.00075967935030546,0.136765817597069,-0.105945708864205));
#1946=CARTESIAN_POINT('',(0.000692742278114263,0.136718052153988,-0.106062415506292));
#1947=CARTESIAN_POINT('',(0.000659610006630823,0.136694326665808,-0.106120599402632));
#1948=CARTESIAN_POINT('',(0.000574465650587137,0.136632945517119,-0.106271339413354));
#1949=CARTESIAN_POINT('',(0.000523053358738823,0.136595474216429,-0.106363570874592));
#1950=CARTESIAN_POINT('',(0.000392448443007018,0.136498341043643,-0.106601659676549));
#1951=CARTESIAN_POINT('',(0.000315094594015557,0.136438858652653,-0.106746478087087));
#1952=CARTESIAN_POINT('',(0.000165730896853575,0.13631681173418,-0.107036501443769));
#1953=CARTESIAN_POINT('',(9.3958125368768E-05,0.13625420404671,-0.107181580182056));
#1954=CARTESIAN_POINT('',(2.71800146734774E-05,0.136189888952804,-0.107324338117081));
#1955=CARTESIAN_POINT('',(0.001547340997505,0.137340444257808,-0.104629616944976));
#1956=CARTESIAN_POINT('',(0.00154585126098077,0.137339240390022,-0.104632167591723));
#1957=CARTESIAN_POINT('',(0.00154436152332158,0.137338037174332,-0.104634718548604));
#1958=CARTESIAN_POINT('',(0.00145314068959242,0.13726440083005,-0.104790939786846));
#1959=CARTESIAN_POINT('',(0.00136308026392642,0.137194106190191,-0.104946307389139));
#1960=CARTESIAN_POINT('',(0.00118506766048325,0.137059314677534,-0.10525618691909));
#1961=CARTESIAN_POINT('',(0.00109710437910522,0.136994749143175,-0.105410667688381));
#1962=CARTESIAN_POINT('',(0.000955996095979914,0.136893353075519,-0.10566111660337));
#1963=CARTESIAN_POINT('',(0.000902164105277965,0.136855192232552,-0.105757303291001));
#1964=CARTESIAN_POINT('',(0.000815688888896695,0.136794336016473,-0.10591301679672));
#1965=CARTESIAN_POINT('',(0.000782669995151328,0.136771206229829,-0.105972765283485));
#1966=CARTESIAN_POINT('',(0.000717199841473478,0.136725415862121,-0.106091883045666));
#1967=CARTESIAN_POINT('',(0.000684748573272062,0.136702755208095,-0.106151252273612));
#1968=CARTESIAN_POINT('',(0.000601225339122225,0.136644319860384,-0.106305008731493));
#1969=CARTESIAN_POINT('',(0.000550663222102695,0.136608836102188,-0.106399031553459));
#1970=CARTESIAN_POINT('',(0.000421841325406721,0.136517214259003,-0.106641576741992));
#1971=CARTESIAN_POINT('',(0.000345161940860266,0.136461462403519,-0.106788936439137));
#1972=CARTESIAN_POINT('',(0.000196223978957807,0.136347285192723,-0.107083713436048));
#1973=CARTESIAN_POINT('',(0.000124172230856408,0.136288824735343,-0.107230992516211));
#1974=CARTESIAN_POINT('',(5.66176278533334E-05,0.136228584527199,-0.107375798252784));
#1975=EDGE_LOOP('',(#2778,#2779,#2780,#2781));
#1976=AXIS2_PLACEMENT_3D('',#2782,#2783,#2784);
#1977=EDGE_LOOP('',(#2785,#2786,#2787,#2788));
#1978=CARTESIAN_POINT('',(-0.000688739771636418,0.136091140647947,-0.106704089571683));
#1979=CARTESIAN_POINT('',(-0.000770753851771418,0.136016782172071,-0.106803310678771));
#1980=CARTESIAN_POINT('',(-0.00084663072197349,0.13593848814681,-0.106904564041646));
#1981=CARTESIAN_POINT('',(-0.000983701003041359,0.135777234312257,-0.107106005105572));
#1982=CARTESIAN_POINT('',(-0.00104526609164129,0.135694485389325,-0.107206135694409));
#1983=CARTESIAN_POINT('',(-0.00113531660289635,0.135555161833556,-0.107369067071791));
#1984=CARTESIAN_POINT('',(-0.00116754758067866,0.13550040950373,-0.107431787333316));
#1985=CARTESIAN_POINT('',(-0.0012159066123568,0.13540971193507,-0.107533492668436));
#1986=CARTESIAN_POINT('',(-0.00123354065244774,0.135374413808655,-0.107572558608092));
#1987=CARTESIAN_POINT('',(-0.00126684310283824,0.135303044453534,-0.107650500534022));
#1988=CARTESIAN_POINT('',(-0.00128255806744337,0.13526687354466,-0.107689485426727));
#1989=CARTESIAN_POINT('',(-0.00132089602078196,0.135171620796014,-0.107790773698155));
#1990=CARTESIAN_POINT('',(-0.00134200306032641,0.135111819339313,-0.107853026262916));
#1991=CARTESIAN_POINT('',(-0.00139004039005575,0.134953602391023,-0.108014161241751));
#1992=CARTESIAN_POINT('',(-0.00141286217447542,0.134853542379289,-0.108112605860369));
#1993=CARTESIAN_POINT('',(-0.00144441741385079,0.134646105014881,-0.108309576541245));
#1994=CARTESIAN_POINT('',(-0.00145268769014637,0.134538599314014,-0.10840800561616));
#1995=CARTESIAN_POINT('',(-0.00145268880531274,0.134429683501054,-0.10850414441349));
#1996=CARTESIAN_POINT('',(-0.000628316236953709,0.136069015466178,-0.1067336114094));
#1997=CARTESIAN_POINT('',(-0.000707396103295262,0.135994858622918,-0.106831927792178));
#1998=CARTESIAN_POINT('',(-0.000780376123039131,0.135916869008692,-0.106932161890626));
#1999=CARTESIAN_POINT('',(-0.000911831338855049,0.135756486291337,-0.107131348750568));
#2000=CARTESIAN_POINT('',(-0.000970675453828653,0.135674295958379,-0.107230251781228));
#2001=CARTESIAN_POINT('',(-0.0010564032570662,0.135536145874992,-0.107390987437697));
#2002=CARTESIAN_POINT('',(-0.00108699561282586,0.135481908801887,-0.107452814969507));
#2003=CARTESIAN_POINT('',(-0.00113274095508693,0.135392165837273,-0.107552990621621));
#2004=CARTESIAN_POINT('',(-0.00114938155665132,0.135357263065061,-0.107591449248986));
#2005=CARTESIAN_POINT('',(-0.00118072444563759,0.135286744747068,-0.107668138794915));
#2006=CARTESIAN_POINT('',(-0.00119547054574556,0.135251030704373,-0.10770647687114));
#2007=CARTESIAN_POINT('',(-0.00123132375386305,0.135157053706473,-0.107806029537894));
#2008=CARTESIAN_POINT('',(-0.00125093557091998,0.135098123845158,-0.107867161020868));
#2009=CARTESIAN_POINT('',(-0.0012952037151227,0.134942422006407,-0.10802524653614));
#2010=CARTESIAN_POINT('',(-0.00131582197733418,0.134844155464552,-0.108121681426908));
#2011=CARTESIAN_POINT('',(-0.00134325416913812,0.1346409247917,-0.10831432604754));
#2012=CARTESIAN_POINT('',(-0.00134961604370973,0.134535850426222,-0.108410431097869));
#2013=CARTESIAN_POINT('',(-0.0013479690502277,0.134429682428869,-0.108504144413511));
#2014=CARTESIAN_POINT('',(-0.000567894685195856,0.136052929669912,-0.106767657786163));
#2015=CARTESIAN_POINT('',(-0.000644040672099276,0.135979281194691,-0.106865396615093));
#2016=CARTESIAN_POINT('',(-0.00071412424015213,0.135901907372456,-0.106964962415616));
#2017=CARTESIAN_POINT('',(-0.000839965332341531,0.135743008321665,-0.107162630961412));
#2018=CARTESIAN_POINT('',(-0.000896089011998637,0.135661677770464,-0.107260690018824));
#2019=CARTESIAN_POINT('',(-0.000977495120930545,0.135525182507882,-0.107419884669654));
#2020=CARTESIAN_POINT('',(-0.00100644927789832,0.135471643880283,-0.107481078811155));
#2021=CARTESIAN_POINT('',(-0.00104958167513615,0.135383148230026,-0.107580157296238));
#2022=CARTESIAN_POINT('',(-0.00106522913807628,0.135348752198065,-0.107618177625879));
#2023=CARTESIAN_POINT('',(-0.00109461309290818,0.135279304766159,-0.107693957732962));
#2024=CARTESIAN_POINT('',(-0.00110839065674415,0.135244156360056,-0.10773182339849));
#2025=CARTESIAN_POINT('',(-0.00114176001136888,0.135151734180206,-0.107830101066191));
#2026=CARTESIAN_POINT('',(-0.00115987719250807,0.135093843947427,-0.107890401938839));
#2027=CARTESIAN_POINT('',(-0.0012003777713519,0.134941081288913,-0.108046208633564));
#2028=CARTESIAN_POINT('',(-0.00121879360297571,0.134844856525115,-0.108141123282102));
#2029=CARTESIAN_POINT('',(-0.00124210512004637,0.13464630177369,-0.108330455649978));
#2030=CARTESIAN_POINT('',(-0.00124655987925213,0.134543878529848,-0.108424761579769));
#2031=CARTESIAN_POINT('',(-0.00124326610414011,0.134440655576217,-0.108516577125991));
#2032=CARTESIAN_POINT('',(-0.000449762761702417,0.136033557579554,-0.106843274154913));
#2033=CARTESIAN_POINT('',(-0.000520329907388786,0.135961558276579,-0.106940449743565));
#2034=CARTESIAN_POINT('',(-0.000584937406627118,0.135886050832716,-0.10703932325029));
#2035=CARTESIAN_POINT('',(-0.000700228509695402,0.135731343758763,-0.107235331378891));
#2036=CARTESIAN_POINT('',(-0.000751271132268742,0.135652323389266,-0.107332431197542));
#2037=CARTESIAN_POINT('',(-0.000824656848379464,0.135520052683344,-0.107489811538218));
#2038=CARTESIAN_POINT('',(-0.000850583387080899,0.135468252031139,-0.10755024652717));
#2039=CARTESIAN_POINT('',(-0.000888907330304808,0.135382781326443,-0.107647987539438));
#2040=CARTESIAN_POINT('',(-0.000902732226139152,0.135349596984243,-0.107685468512525));
#2041=CARTESIAN_POINT('',(-0.000928531358095459,0.135282674279097,-0.107760119228632));
#2042=CARTESIAN_POINT('',(-0.000940541650853008,0.135248842428368,-0.10779739328362));
#2043=CARTESIAN_POINT('',(-0.000969392356415508,0.135159992672354,-0.107894061068932));
#2044=CARTESIAN_POINT('',(-0.000984804069998657,0.135104447796781,-0.107953300656859));
#2045=CARTESIAN_POINT('',(-0.0010185212614867,0.134958194621972,-0.108106162202512));
#2046=CARTESIAN_POINT('',(-0.00103300870583149,0.13486638186258,-0.108199080741918));
#2047=CARTESIAN_POINT('',(-0.00104905012514894,0.134677687303061,-0.10838399940078));
#2048=CARTESIAN_POINT('',(-0.00105018553319629,0.134580741037495,-0.108475876318208));
#2049=CARTESIAN_POINT('',(-0.00104407685471752,0.134483483101889,-0.108565098815822));
#2050=CARTESIAN_POINT('',(-0.000392056387587893,0.13603027194102,-0.106884841588019));
#2051=CARTESIAN_POINT('',(-0.000459979225982009,0.135959413462811,-0.106982031211207));
#2052=CARTESIAN_POINT('',(-0.000522007885789995,0.135885156609642,-0.107080880414857));
#2053=CARTESIAN_POINT('',(-0.000632364950789125,0.135733157783474,-0.107276745792717));
#2054=CARTESIAN_POINT('',(-0.000681047992713785,0.135655587749315,-0.107373730006634));
#2055=CARTESIAN_POINT('',(-0.000750736962184329,0.135525886576356,-0.107530836477306));
#2056=CARTESIAN_POINT('',(-0.000775274894515793,0.135475125352298,-0.107591145483214));
#2057=CARTESIAN_POINT('',(-0.000811404755183506,0.13539143206164,-0.107688645832008));
#2058=CARTESIAN_POINT('',(-0.000824400796400707,0.135358952572933,-0.107726025608975));
#2059=CARTESIAN_POINT('',(-0.000848575238020496,0.135293483486951,-0.107800456101237));
#2060=CARTESIAN_POINT('',(-0.000859787422168704,0.135260402429205,-0.107837610821569));
#2061=CARTESIAN_POINT('',(-0.000886605030786771,0.135173569905683,-0.107933943379119));
#2062=CARTESIAN_POINT('',(-0.000900807027579713,0.135119330483642,-0.107992952086672));
#2063=CARTESIAN_POINT('',(-0.000931511468591146,0.13497664674711,-0.108145146799671));
#2064=CARTESIAN_POINT('',(-0.000944275018451552,0.134887203534165,-0.10823758919285));
#2065=CARTESIAN_POINT('',(-0.000957171478681428,0.134703691453683,-0.108421405947024));
#2066=CARTESIAN_POINT('',(-0.000956897061712843,0.13460956991964,-0.108512652807682));
#2067=CARTESIAN_POINT('',(-0.000949622737784691,0.13451533055984,-0.108601179952698));
#2068=CARTESIAN_POINT('',(-0.000281948374068577,0.13603664869172,-0.106973632504589));
#2069=CARTESIAN_POINT('',(-0.000345141053109283,0.135968661751478,-0.10707133300902));
#2070=CARTESIAN_POINT('',(-0.000402622636951133,0.135897484893712,-0.107170665880383));
#2071=CARTESIAN_POINT('',(-0.000504413804307393,0.135751981199846,-0.107367400431681));
#2072=CARTESIAN_POINT('',(-0.000549066299872699,0.13567781349555,-0.107464772668283));
#2073=CARTESIAN_POINT('',(-0.000612549480236011,0.135553986241945,-0.107622424961862));
#2074=CARTESIAN_POINT('',(-0.000634783446611083,0.135505567160233,-0.10768292356593));
#2075=CARTESIAN_POINT('',(-0.000667317298798125,0.135425816743032,-0.10778069476022));
#2076=CARTESIAN_POINT('',(-0.000678965851855792,0.135394886640373,-0.107818169760381));
#2077=CARTESIAN_POINT('',(-0.000700521053399927,0.135332582478466,-0.107892771693104));
#2078=CARTESIAN_POINT('',(-0.000710457821904745,0.135301121376047,-0.107930002871197));
#2079=CARTESIAN_POINT('',(-0.000734056303150162,0.13521860005753,-0.108026508446896));
#2080=CARTESIAN_POINT('',(-0.00074637292403097,0.135167111268736,-0.108085598204738));
#2081=CARTESIAN_POINT('',(-0.00077246276681853,0.135031834425485,-0.108237931539654));
#2082=CARTESIAN_POINT('',(-0.000782669176534653,0.134947201218298,-0.108330387960667));
#2083=CARTESIAN_POINT('',(-0.000791083002279998,0.134773960015714,-0.10851407650834));
#2084=CARTESIAN_POINT('',(-0.000788905487240554,0.134685315219903,-0.108605176122585));
#2085=CARTESIAN_POINT('',(-0.000780181780676193,0.134596795498946,-0.108693473691248));
#2086=CARTESIAN_POINT('',(-0.000229550460753236,0.136046310865163,-0.107020852983342));
#2087=CARTESIAN_POINT('',(-0.00029065788186812,0.135980054515809,-0.107119049967159));
#2088=CARTESIAN_POINT('',(-0.000346171929797142,0.135910706896664,-0.107218890391151));
#2089=CARTESIAN_POINT('',(-0.000444332864489259,0.13576898962606,-0.107416635934369));
#2090=CARTESIAN_POINT('',(-0.00048731531342092,0.135696773625102,-0.107514511287509));
#2091=CARTESIAN_POINT('',(-0.000548291153626983,0.135576250136267,-0.107672982358802));
#2092=CARTESIAN_POINT('',(-0.00056961046519613,0.135529133493885,-0.107733796171713));
#2093=CARTESIAN_POINT('',(-0.000600743618648688,0.135451548019281,-0.107832078238123));
#2094=CARTESIAN_POINT('',(-0.000611874029816361,0.135421462233523,-0.107869749405037));
#2095=CARTESIAN_POINT('',(-0.000632435703564801,0.135360868907743,-0.107944742482414));
#2096=CARTESIAN_POINT('',(-0.000641895696756847,0.135330276713886,-0.107982169185107));
#2097=CARTESIAN_POINT('',(-0.000664309583047183,0.135250048651804,-0.108079182290544));
#2098=CARTESIAN_POINT('',(-0.000675951480443735,0.135200004546716,-0.108138583518769));
#2099=CARTESIAN_POINT('',(-0.000700442032441595,0.135068563701511,-0.108291721067171));
#2100=CARTESIAN_POINT('',(-0.000709816893734879,0.134986369891864,-0.108384666854507));
#2101=CARTESIAN_POINT('',(-0.000716896666876784,0.134818214527006,-0.108569327401892));
#2102=CARTESIAN_POINT('',(-0.000714227809973398,0.134732220225294,-0.108660908934072));
#2103=CARTESIAN_POINT('',(-0.000705222319964044,0.134646399816422,-0.10874967137945));
#2104=CARTESIAN_POINT('',(-0.00013241453253816,0.136078149890308,-0.107118828247484));
#2105=CARTESIAN_POINT('',(-0.000190140485882368,0.136015841753113,-0.107218355484502));
#2106=CARTESIAN_POINT('',(-0.000242577585569815,0.135950609515792,-0.107319588186686));
#2107=CARTESIAN_POINT('',(-0.000335295583411119,0.135817259380619,-0.107520187434099));
#2108=CARTESIAN_POINT('',(-0.000375893541996188,0.135749287326474,-0.10761952092169));
#2109=CARTESIAN_POINT('',(-0.000433491336548737,0.135635805870136,-0.107780439342152));
#2110=CARTESIAN_POINT('',(-0.000453630845361527,0.135591432621817,-0.107842213153058));
#2111=CARTESIAN_POINT('',(-0.000483044956262002,0.135518346538353,-0.10794208310478));
#2112=CARTESIAN_POINT('',(-0.000493561822506503,0.135490001219646,-0.107980371696199));
#2113=CARTESIAN_POINT('',(-0.000512992714370472,0.13543290381541,-0.108056612152191));
#2114=CARTESIAN_POINT('',(-0.000521933890427642,0.135404071961456,-0.108094670551582));
#2115=CARTESIAN_POINT('',(-0.000543123146430107,0.135328446897202,-0.108193345976007));
#2116=CARTESIAN_POINT('',(-0.000554133971099994,0.135281260847401,-0.108253789689177));
#2117=CARTESIAN_POINT('',(-0.000577314449219154,0.13515728641309,-0.108409682264845));
#2118=CARTESIAN_POINT('',(-0.000586209243876768,0.135079722298471,-0.108504367542936));
#2119=CARTESIAN_POINT('',(-0.000593000852976512,0.134920937565618,-0.108692625031448));
#2120=CARTESIAN_POINT('',(-0.000590545430547898,0.134839682773608,-0.108786066021567));
#2121=CARTESIAN_POINT('',(-0.00058211571661598,0.134758527813121,-0.108876702812541));
#2122=CARTESIAN_POINT('',(-8.76798047484731E-05,0.136100325664567,-0.10716957971736));
#2123=CARTESIAN_POINT('',(-0.000144110045604762,0.136040234889519,-0.107269940296939));
#2124=CARTESIAN_POINT('',(-0.000195438310310523,0.135977288467841,-0.107372057225395));
#2125=CARTESIAN_POINT('',(-0.000286344911675208,0.135848518213383,-0.107574498041313));
#2126=CARTESIAN_POINT('',(-0.000326229151898321,0.135782837904243,-0.107674785907097));
#2127=CARTESIAN_POINT('',(-0.000382957548992806,0.135673093721114,-0.107837331717323));
#2128=CARTESIAN_POINT('',(-0.000402832443868486,0.135630161000665,-0.107899749828747));
#2129=CARTESIAN_POINT('',(-0.000431929124927735,0.135559408591183,-0.108000695940792));
#2130=CARTESIAN_POINT('',(-0.000442350950742717,0.135531959105278,-0.108039405447807));
#2131=CARTESIAN_POINT('',(-0.000461645333973305,0.135476646110575,-0.108116501424426));
#2132=CARTESIAN_POINT('',(-0.000470544852103941,0.13544870532848,-0.108154995623744));
#2133=CARTESIAN_POINT('',(-0.000491695097210188,0.135375389011421,-0.108254824828106));
#2134=CARTESIAN_POINT('',(-0.000502750229009446,0.135329615662715,-0.108315998893689));
#2135=CARTESIAN_POINT('',(-0.0005262216815005,0.135209269734806,-0.108473840452228));
#2136=CARTESIAN_POINT('',(-0.00053546909021707,0.135133894582908,-0.108569774619862));
#2137=CARTESIAN_POINT('',(-0.000543308915093118,0.134979391593409,-0.10876065432731));
#2138=CARTESIAN_POINT('',(-0.000541559464535019,0.134900224089886,-0.108855471362966));
#2139=CARTESIAN_POINT('',(-0.00053398846641229,0.134821033373914,-0.108947516030796));
#2140=CARTESIAN_POINT('',(-7.88118093749725E-06,0.136156196141152,-0.107272336390818));
#2141=CARTESIAN_POINT('',(-6.2684182134937E-05,0.136100869706048,-0.107374531048034));
#2142=CARTESIAN_POINT('',(-0.000112834828683898,0.136042771432124,-0.107478609312839));
#2143=CARTESIAN_POINT('',(-0.000202298477666665,0.135923552069314,-0.107685172056418));
#2144=CARTESIAN_POINT('',(-0.00024189112225667,0.13586257444825,-0.107787612831409));
#2145=CARTESIAN_POINT('',(-0.000298804813964536,0.135760343129898,-0.107953861617881));
#2146=CARTESIAN_POINT('',(-0.000318909224985662,0.135720268860636,-0.108017753070455));
#2147=CARTESIAN_POINT('',(-0.000348626534578566,0.135654078058229,-0.108121172884082));
#2148=CARTESIAN_POINT('',(-0.000359346554708964,0.135628362985496,-0.108160852918061));
#2149=CARTESIAN_POINT('',(-0.000379352482407249,0.135576468804621,-0.108239927752794));
#2150=CARTESIAN_POINT('',(-0.000388666349552349,0.135550217206642,-0.108279433046755));
#2151=CARTESIAN_POINT('',(-0.000411042663337165,0.135481226345961,-0.10838194750508));
#2152=CARTESIAN_POINT('',(-0.00042299891330743,0.135438049085119,-0.108444829474292));
#2153=CARTESIAN_POINT('',(-0.000449171106268784,0.135324221554805,-0.108607251151618));
#2154=CARTESIAN_POINT('',(-0.000460434184261349,0.135252629152258,-0.10870614187253));
#2155=CARTESIAN_POINT('',(-0.000472968755321851,0.135105162469323,-0.108903276155368));
#2156=CARTESIAN_POINT('',(-0.000473916995204788,0.135029227333852,-0.109001399146441));
#2157=CARTESIAN_POINT('',(-0.000469266748894509,0.134952848558648,-0.109096850436677));
#2158=CARTESIAN_POINT('',(2.71800146735226E-05,0.136189888952803,-0.107324338117081));
#2159=CARTESIAN_POINT('',(-2.72918289995763E-05,0.136137109114018,-0.107427533042223));
#2160=CARTESIAN_POINT('',(-7.73741076911959E-05,0.13608157270277,-0.107532687871468));
#2161=CARTESIAN_POINT('',(-0.000167207092078275,0.135967323204903,-0.107741529706322));
#2162=CARTESIAN_POINT('',(-0.000207222333167082,0.135908755856731,-0.107845168295822));
#2163=CARTESIAN_POINT('',(-0.000265191516821592,0.135810298840436,-0.108013491324659));
#2164=CARTESIAN_POINT('',(-0.000285790372596304,0.135771641950448,-0.108078211257669));
#2165=CARTESIAN_POINT('',(-0.000316446254043487,0.135707678115183,-0.108183027625158));
#2166=CARTESIAN_POINT('',(-0.000327559706899518,0.135682801231649,-0.108223256872213));
#2167=CARTESIAN_POINT('',(-0.000348414081415973,0.135632540633118,-0.108303454208945));
#2168=CARTESIAN_POINT('',(-0.00035818415179053,0.135607086715461,-0.10834353435926));
#2169=CARTESIAN_POINT('',(-0.000381826049398404,0.135540111386072,-0.108447579095163));
#2170=CARTESIAN_POINT('',(-0.000394639414700105,0.135498116733018,-0.108511437823491));
#2171=CARTESIAN_POINT('',(-0.000423222128057738,0.135387176933487,-0.108676488422333));
#2172=CARTESIAN_POINT('',(-0.000436148688953624,0.135317176853846,-0.108777085291061));
#2173=CARTESIAN_POINT('',(-0.000452330515042401,0.135172461543523,-0.108977848524044));
#2174=CARTESIAN_POINT('',(-0.000455270765217712,0.135097669753989,-0.109077899523971));
#2175=CARTESIAN_POINT('',(-0.000452682739771485,0.135022136882965,-0.109175347493797));
#2176=CARTESIAN_POINT('',(5.66176278533779E-05,0.136228584527199,-0.107375798252784));
#2177=CARTESIAN_POINT('',(1.94156830214969E-06,0.136178414943621,-0.107479986793452));
#2178=CARTESIAN_POINT('',(-4.86430195617259E-05,0.136125465240696,-0.107586215797466));
#2179=CARTESIAN_POINT('',(-0.000140023225675738,0.136016135140443,-0.107797342930662));
#2180=CARTESIAN_POINT('',(-0.000181066628975604,0.135959905723606,-0.107902187605202));
#2181=CARTESIAN_POINT('',(-0.000241100323742193,0.135865013456339,-0.108072608417933));
#2182=CARTESIAN_POINT('',(-0.000262587650877477,0.135827671264774,-0.108138168310755));
#2183=CARTESIAN_POINT('',(-0.00029482702046759,0.135765728743584,-0.108244404146979));
#2184=CARTESIAN_POINT('',(-0.000306583053291199,0.135741601633023,-0.108285192443988));
#2185=CARTESIAN_POINT('',(-0.000328784699625804,0.135692778440209,-0.108366534081237));
#2186=CARTESIAN_POINT('',(-0.000339261349358282,0.13566801416937,-0.108407201079897));
#2187=CARTESIAN_POINT('',(-0.000364820003007656,0.135602746445013,-0.108512810243842));
#2188=CARTESIAN_POINT('',(-0.00037889137459228,0.135561718267857,-0.108577669674231));
#2189=CARTESIAN_POINT('',(-0.000410916293946596,0.135453031568285,-0.108745419434992));
#2190=CARTESIAN_POINT('',(-0.000426130839052629,0.135384161438333,-0.108847773571081));
#2191=CARTESIAN_POINT('',(-0.000447167714066446,0.13524110877755,-0.109052286027649));
#2192=CARTESIAN_POINT('',(-0.000452681258317861,0.135166829250073,-0.109154334710874));
#2193=CARTESIAN_POINT('',(-0.000452682030254418,0.135091436575004,-0.109253857237072));
#2194=EDGE_LOOP('',(#2789,#2790,#2791,#2792));
#2195=CARTESIAN_POINT('',(5.64378032881407E-05,0.118665253299413,-0.109283809587307));
#2196=CARTESIAN_POINT('',(1.76310272579361E-06,0.118736626693649,-0.109374793969283));
#2197=CARTESIAN_POINT('',(-4.88305853239836E-05,0.118811167252346,-0.109467191908046));
#2198=CARTESIAN_POINT('',(-0.000140238916167101,0.118963344099,-0.109649984347615));
#2199=CARTESIAN_POINT('',(-0.000181301107412452,0.11904082048339,-0.109740358021695));
#2200=CARTESIAN_POINT('',(-0.000241366444195183,0.119170195583418,-0.109886531727431));
#2201=CARTESIAN_POINT('',(-0.000262866215062617,0.11922079037652,-0.109942590059214));
#2202=CARTESIAN_POINT('',(-0.000295124460971037,0.119304186957138,-0.110033131577652));
#2203=CARTESIAN_POINT('',(-0.000306887429041708,0.119336546112954,-0.110067822504756));
#2204=CARTESIAN_POINT('',(-0.000329101704808159,0.119401775909541,-0.110136857254901));
#2205=CARTESIAN_POINT('',(-0.000339548707627706,0.119434627781969,-0.110171182484354));
#2206=CARTESIAN_POINT('',(-0.000365062417793731,0.119520951118988,-0.110260200424257));
#2207=CARTESIAN_POINT('',(-0.000379113285688758,0.119574897333897,-0.110314679499522));
#2208=CARTESIAN_POINT('',(-0.000411097961420452,0.119716956249304,-0.110455055696082));
#2209=CARTESIAN_POINT('',(-0.000426300500871603,0.119806150650333,-0.110540185246296));
#2210=CARTESIAN_POINT('',(-0.000447323627850368,0.119989721002623,-0.110709148735195));
#2211=CARTESIAN_POINT('',(-0.000452835684191823,0.120084169263104,-0.110792855854587));
#2212=CARTESIAN_POINT('',(-0.000452834711489048,0.12017917421157,-0.110873866860747));
#2213=CARTESIAN_POINT('',(2.70008601103714E-05,0.118691996329396,-0.109225240458598));
#2214=CARTESIAN_POINT('',(-2.74695743589976E-05,0.118765705710189,-0.109314693887442));
#2215=CARTESIAN_POINT('',(-7.75608602665829E-05,0.118842542413828,-0.109405486953919));
#2216=CARTESIAN_POINT('',(-0.000167421093786985,0.118999034647739,-0.109584989762759));
#2217=CARTESIAN_POINT('',(-0.000207454361941698,0.119078536458427,-0.109673682494744));
#2218=CARTESIAN_POINT('',(-0.000265453031139575,0.119210944462227,-0.109817039692803));
#2219=CARTESIAN_POINT('',(-0.000286063280730241,0.119262643627401,-0.109871994355788));
#2220=CARTESIAN_POINT('',(-0.00031673589686747,0.119347710636615,-0.109960713588242));
#2221=CARTESIAN_POINT('',(-0.000327855356736776,0.11938068242209,-0.109994696714479));
#2222=CARTESIAN_POINT('',(-0.00034872027666234,0.119447071077712,-0.110062303478816));
#2223=CARTESIAN_POINT('',(-0.000358461887667087,0.11948046895569,-0.110095908935188));
#2224=CARTESIAN_POINT('',(-0.000382060609747771,0.119568121790802,-0.110183034457063));
#2225=CARTESIAN_POINT('',(-0.000394854525496861,0.119622795974411,-0.110236329798074));
#2226=CARTESIAN_POINT('',(-0.00042339944209827,0.119766473737026,-0.110373588508405));
#2227=CARTESIAN_POINT('',(-0.000436315200695991,0.119856393791764,-0.110456760219378));
#2228=CARTESIAN_POINT('',(-0.000452484849782972,0.120040782315846,-0.110621706288187));
#2229=CARTESIAN_POINT('',(-0.000455423954040157,0.12013530191106,-0.110703352597156));
#2230=CARTESIAN_POINT('',(-0.00045283419110292,0.120229998247422,-0.110782307347393));
#2231=CARTESIAN_POINT('',(-8.05976793618026E-06,0.118713737116289,-0.109167216643873));
#2232=CARTESIAN_POINT('',(-6.28613098962116E-05,0.118789718892249,-0.109255146291155));
#2233=CARTESIAN_POINT('',(-0.000113020974725956,0.118868826959121,-0.109344337487044));
#2234=CARTESIAN_POINT('',(-0.000202511452847205,0.119029685282793,-0.109520545881838));
#2235=CARTESIAN_POINT('',(-0.000242121707984247,0.119111285029234,-0.109607550206473));
#2236=CARTESIAN_POINT('',(-0.000299063497580716,0.119246935966253,-0.109748068857319));
#2237=CARTESIAN_POINT('',(-0.00031917859825768,0.119299842416927,-0.109801908996282));
#2238=CARTESIAN_POINT('',(-0.00034891114083544,0.119386786001474,-0.109888784122056));
#2239=CARTESIAN_POINT('',(-0.000359636504566248,0.119420459050589,-0.109922050050589));
#2240=CARTESIAN_POINT('',(-0.000379651457855919,0.119488203244994,-0.109988207950015));
#2241=CARTESIAN_POINT('',(-0.000388937516366661,0.11952225509216,-0.110021082159793));
#2242=CARTESIAN_POINT('',(-0.000411271615059098,0.119611545326491,-0.110106282512412));
#2243=CARTESIAN_POINT('',(-0.000423209048338767,0.119667163580688,-0.110158371105566));
#2244=CARTESIAN_POINT('',(-0.000449344986747693,0.119813094759206,-0.110292444688349));
#2245=CARTESIAN_POINT('',(-0.000460598098724795,0.119904202820423,-0.110373609220578));
#2246=CARTESIAN_POINT('',(-0.000473121608068583,0.120090498368285,-0.110534421578909));
#2247=CARTESIAN_POINT('',(-0.000474068962731441,0.120185720538762,-0.110613939617773));
#2248=CARTESIAN_POINT('',(-0.000469416970521487,0.120280814240558,-0.110690762628866));
#2249=CARTESIAN_POINT('',(-8.78574869234307E-05,0.118746240098387,-0.109054859424901));
#2250=CARTESIAN_POINT('',(-0.000144286172742542,0.118826481248562,-0.109139974698603));
#2251=CARTESIAN_POINT('',(-0.000195623668711792,0.118909904040497,-0.109226208690919));
#2252=CARTESIAN_POINT('',(-0.000286557123708192,0.119079208455629,-0.109396338026835));
#2253=CARTESIAN_POINT('',(-0.000326458801060666,0.119164941120184,-0.109480228050318));
#2254=CARTESIAN_POINT('',(-0.000383214041400612,0.119307139010675,-0.109615512740195));
#2255=CARTESIAN_POINT('',(-0.000403098910126571,0.119362522793317,-0.109667298236622));
#2256=CARTESIAN_POINT('',(-0.000432209127855219,0.119453393765438,-0.109750774283035));
#2257=CARTESIAN_POINT('',(-0.000442635516759732,0.119488553717738,-0.109782718395882));
#2258=CARTESIAN_POINT('',(-0.00046193706465434,0.119559214823253,-0.109846206213863));
#2259=CARTESIAN_POINT('',(-0.00047080904665681,0.119594695955854,-0.109877732932812));
#2260=CARTESIAN_POINT('',(-0.000491917453954354,0.119687629050179,-0.109959385925072));
#2261=CARTESIAN_POINT('',(-0.000502954215367112,0.119745413573399,-0.110009251143943));
#2262=CARTESIAN_POINT('',(-0.000526390714815677,0.119896722381893,-0.110137456440598));
#2263=CARTESIAN_POINT('',(-0.00053562907961866,0.119990888191054,-0.110214923114526));
#2264=CARTESIAN_POINT('',(-0.000543459128617052,0.120182710596104,-0.110368118431083));
#2265=CARTESIAN_POINT('',(-0.000541709135945973,0.120280379513452,-0.110443714041392));
#2266=CARTESIAN_POINT('',(-0.000534136348624375,0.120377487964167,-0.110516606085244));
#2267=CARTESIAN_POINT('',(-0.000132591877484481,0.118757001193682,-0.109000529822857));
#2268=CARTESIAN_POINT('',(-0.000190316230032888,0.118839229050631,-0.10908435504271));
#2269=CARTESIAN_POINT('',(-0.000242762762837691,0.118924694863025,-0.109169234335857));
#2270=CARTESIAN_POINT('',(-0.000335508058461954,0.119098078432466,-0.109336580511969));
#2271=CARTESIAN_POINT('',(-0.000376123697009543,0.119185845578366,-0.109419045485881));
#2272=CARTESIAN_POINT('',(-0.000433748467215636,0.119331346517357,-0.109551936353156));
#2273=CARTESIAN_POINT('',(-0.000453897937961442,0.119387999934942,-0.10960278239575));
#2274=CARTESIAN_POINT('',(-0.000483325390432352,0.11948092098694,-0.109684704642785));
#2275=CARTESIAN_POINT('',(-0.000493846702469304,0.119516866281841,-0.109716044611314));
#2276=CARTESIAN_POINT('',(-0.000513284417477101,0.119589088135341,-0.109778312206786));
#2277=CARTESIAN_POINT('',(-0.000522197679622236,0.119625344257008,-0.10980922320152));
#2278=CARTESIAN_POINT('',(-0.000543344515350933,0.119720281919415,-0.109889255422878));
#2279=CARTESIAN_POINT('',(-0.000554336783435058,0.119779288050832,-0.109938104955466));
#2280=CARTESIAN_POINT('',(-0.000577482068577586,0.119933719440029,-0.110063629718427));
#2281=CARTESIAN_POINT('',(-0.000586367905434917,0.120029753887176,-0.11013940750676));
#2282=CARTESIAN_POINT('',(-0.000593149909562836,0.120225193741687,-0.110289123502754));
#2283=CARTESIAN_POINT('',(-0.000590694027484849,0.120324605545851,-0.110362927183251));
#2284=CARTESIAN_POINT('',(-0.00058226248949565,0.120423330073419,-0.11043402240159));
#2285=CARTESIAN_POINT('',(-0.000229727376718408,0.118767060437159,-0.108898002895344));
#2286=CARTESIAN_POINT('',(-0.000290833112971342,0.118852858806516,-0.108979681060971));
#2287=CARTESIAN_POINT('',(-0.000346357157624042,0.118942045769148,-0.109062316409274));
#2288=CARTESIAN_POINT('',(-0.000444547014812789,0.119122991484046,-0.109225076939341));
#2289=CARTESIAN_POINT('',(-0.000487548193796046,0.119214592660904,-0.109305205132342));
#2290=CARTESIAN_POINT('',(-0.000548552601736354,0.119366450706837,-0.109434190536533));
#2291=CARTESIAN_POINT('',(-0.000569882460397212,0.119425579567919,-0.109483508498686));
#2292=CARTESIAN_POINT('',(-0.000601029728415693,0.119522558175386,-0.109562911121263));
#2293=CARTESIAN_POINT('',(-0.000612164839817509,0.119560072459503,-0.10959327323841));
#2294=CARTESIAN_POINT('',(-0.000632733716694044,0.119635444503177,-0.109653569486854));
#2295=CARTESIAN_POINT('',(-0.000642164162830998,0.119673280938343,-0.109683487552793));
#2296=CARTESIAN_POINT('',(-0.000664533150719721,0.119772352330419,-0.109760910835251));
#2297=CARTESIAN_POINT('',(-0.000676155414096447,0.11983392341602,-0.109808130068945));
#2298=CARTESIAN_POINT('',(-0.000700608746376128,0.119995049888082,-0.109929364235733));
#2299=CARTESIAN_POINT('',(-0.000709974156201547,0.120095230204739,-0.110002450414499));
#2300=CARTESIAN_POINT('',(-0.000717043821587629,0.120299046812025,-0.110146643024462));
#2301=CARTESIAN_POINT('',(-0.000714374505978868,0.120402687725529,-0.11021761324014));
#2302=CARTESIAN_POINT('',(-0.000705367102818549,0.120505566351302,-0.110285875996964));
#2303=CARTESIAN_POINT('',(-0.000282125198295757,0.118766358244934,-0.108849809039417));
#2304=CARTESIAN_POINT('',(-0.000345316154172324,0.118853740259441,-0.108930630681503));
#2305=CARTESIAN_POINT('',(-0.000402808096401938,0.118944605139113,-0.109012377342208));
#2306=CARTESIAN_POINT('',(-0.000504629366283557,0.119129033278418,-0.109173336682219));
#2307=CARTESIAN_POINT('',(-0.000549301398720624,0.119222433655176,-0.109252553876173));
#2308=CARTESIAN_POINT('',(-0.000612814605363398,0.119377345041214,-0.109380029008831));
#2309=CARTESIAN_POINT('',(-0.000635059715371632,0.119437679398483,-0.109428758913892));
#2310=CARTESIAN_POINT('',(-0.000667608649159086,0.119536664907349,-0.10950719671196));
#2311=CARTESIAN_POINT('',(-0.000679262273736057,0.119574962601235,-0.109537185524928));
#2312=CARTESIAN_POINT('',(-0.000700825398908278,0.119651923579281,-0.109596731491953));
#2313=CARTESIAN_POINT('',(-0.000710731365724682,0.119690565068096,-0.109626272793249));
#2314=CARTESIAN_POINT('',(-0.000734283054000324,0.119791764868051,-0.109702709105874));
#2315=CARTESIAN_POINT('',(-0.000746579150242015,0.119854678787337,-0.109749314516993));
#2316=CARTESIAN_POINT('',(-0.000772629987894946,0.120019376293633,-0.10986894081738));
#2317=CARTESIAN_POINT('',(-0.00078282636700639,0.120121832803852,-0.109941025764118));
#2318=CARTESIAN_POINT('',(-0.000791229412150698,0.120330406320002,-0.110083177621693));
#2319=CARTESIAN_POINT('',(-0.000789051357072899,0.120436532090298,-0.110153108132588));
#2320=CARTESIAN_POINT('',(-0.000780325683159511,0.120541947231615,-0.110220337214533));
#2321=CARTESIAN_POINT('',(-0.000392233277954609,0.118753521694586,-0.108761719890113));
#2322=CARTESIAN_POINT('',(-0.000460154326281077,0.118843598643569,-0.108841425932974));
#2323=CARTESIAN_POINT('',(-0.000522194185384957,0.118937368408979,-0.108922038592931));
#2324=CARTESIAN_POINT('',(-0.000632584253361335,0.119127956135107,-0.109080753430231));
#2325=CARTESIAN_POINT('',(-0.000681288859745056,0.119224598119323,-0.109158860426942));
#2326=CARTESIAN_POINT('',(-0.000751011756312867,0.119385133942546,-0.109284539805738));
#2327=CARTESIAN_POINT('',(-0.000775562478506519,0.119447717293778,-0.109332581010658));
#2328=CARTESIAN_POINT('',(-0.000811710226226937,0.119550499863405,-0.109409906539964));
#2329=CARTESIAN_POINT('',(-0.000824712449095048,0.119590292195629,-0.109439469204314));
#2330=CARTESIAN_POINT('',(-0.000848897057736373,0.119670311547614,-0.109498167175676));
#2331=CARTESIAN_POINT('',(-0.000860075293478981,0.119710515826577,-0.109527286858505));
#2332=CARTESIAN_POINT('',(-0.000886841368689468,0.119815884752641,-0.109602629779458));
#2333=CARTESIAN_POINT('',(-0.000901020545297577,0.119881465353641,-0.109648566061327));
#2334=CARTESIAN_POINT('',(-0.000931681276350418,0.120053361865508,-0.109766467909108));
#2335=CARTESIAN_POINT('',(-0.000944433142818787,0.120160510732006,-0.109837506845779));
#2336=CARTESIAN_POINT('',(-0.000957316847848984,0.120379139869618,-0.10997757909));
#2337=CARTESIAN_POINT('',(-0.000957041605005262,0.120490645536821,-0.11004647747256));
#2338=CARTESIAN_POINT('',(-0.0009497651944301,0.120601696203919,-0.110112702551185));
#2339=CARTESIAN_POINT('',(-0.000449939809944425,0.118741387770857,-0.1087218275777));
#2340=CARTESIAN_POINT('',(-0.000520505136964738,0.118832575968572,-0.108801274929892));
#2341=CARTESIAN_POINT('',(-0.000585124314635376,0.118927572630241,-0.108881642720846));
#2342=CARTESIAN_POINT('',(-0.000700450140416386,0.119120837268317,-0.109039915255477));
#2343=CARTESIAN_POINT('',(-0.000751515547649309,0.119218921485259,-0.109117823615829));
#2344=CARTESIAN_POINT('',(-0.00082493763158978,0.119382027994446,-0.109243218540552));
#2345=CARTESIAN_POINT('',(-0.000850878009098974,0.119445654654685,-0.109291159525567));
#2346=CARTESIAN_POINT('',(-0.000889221676279559,0.119550227015029,-0.109368338344493));
#2347=CARTESIAN_POINT('',(-0.000903053491954931,0.119590730419146,-0.109397848457775));
#2348=CARTESIAN_POINT('',(-0.000928864312347113,0.119672218863738,-0.109456449323967));
#2349=CARTESIAN_POINT('',(-0.000940838765557301,0.119713180689061,-0.109485524468479));
#2350=CARTESIAN_POINT('',(-0.000969635093249983,0.119820589788059,-0.109560761820003));
#2351=CARTESIAN_POINT('',(-0.000985022582535672,0.119887493851694,-0.109606643350778));
#2352=CARTESIAN_POINT('',(-0.00101869314653903,0.120063017178992,-0.109724430136265));
#2353=CARTESIAN_POINT('',(-0.00103316783476061,0.120172581345017,-0.109795425311265));
#2354=CARTESIAN_POINT('',(-0.00104919519835828,0.120396507059103,-0.109935460902645));
#2355=CARTESIAN_POINT('',(-0.00105032957631799,0.120510906480892,-0.110004368057909));
#2356=CARTESIAN_POINT('',(-0.00104421874612984,0.120625054641248,-0.110070624062636));
#2357=CARTESIAN_POINT('',(-0.000568072291725821,0.118706232292071,-0.108652134869935));
#2358=CARTESIAN_POINT('',(-0.000644216413658488,0.118799152247972,-0.108731778170596));
#2359=CARTESIAN_POINT('',(-0.000714312685274602,0.118896120842354,-0.108812421346765));
#2360=CARTESIAN_POINT('',(-0.000840192234581441,0.119093838295808,-0.108971415698638));
#2361=CARTESIAN_POINT('',(-0.000896341362682705,0.119194386390792,-0.109049765116508));
#2362=CARTESIAN_POINT('',(-0.000977789251451896,0.11936201272829,-0.10917602568745));
#2363=CARTESIAN_POINT('',(-0.00100675958947646,0.119427501854046,-0.109224335317979));
#2364=CARTESIAN_POINT('',(-0.00104991585525836,0.119535319929988,-0.109302171701874));
#2365=CARTESIAN_POINT('',(-0.00106557191318493,0.119577124372564,-0.109331948772599));
#2366=CARTESIAN_POINT('',(-0.00109497103386999,0.119661325249749,-0.109391111393416));
#2367=CARTESIAN_POINT('',(-0.00110870864199489,0.119703697558672,-0.109420481141241));
#2368=CARTESIAN_POINT('',(-0.00114201743399662,0.119814937952915,-0.109496522950863));
#2369=CARTESIAN_POINT('',(-0.00116010731369137,0.119884358544082,-0.109542936931708));
#2370=CARTESIAN_POINT('',(-0.00120055483606214,0.120066867247264,-0.109662201291507));
#2371=CARTESIAN_POINT('',(-0.00121895550600378,0.120181166800347,-0.109734198056585));
#2372=CARTESIAN_POINT('',(-0.00124225003702299,0.120415667308461,-0.109876426319791));
#2373=CARTESIAN_POINT('',(-0.00124670329457357,0.120535936768193,-0.109946529533351));
#2374=CARTESIAN_POINT('',(-0.00124340723543046,0.120656467662268,-0.11001403717135));
#2375=CARTESIAN_POINT('',(-0.000628494243877448,0.118683211926687,-0.108622336833006));
#2376=CARTESIAN_POINT('',(-0.000707572227542299,0.118776752472026,-0.108702435040913));
#2377=CARTESIAN_POINT('',(-0.000780565496723119,0.118874466173045,-0.108783598770466));
#2378=CARTESIAN_POINT('',(-0.00091206118353798,0.119073959607954,-0.108943757888513));
#2379=CARTESIAN_POINT('',(-0.000970932189888867,0.119175529357962,-0.109022747345649));
#2380=CARTESIAN_POINT('',(-0.00105670474243266,0.119345104760849,-0.109150158613239));
#2381=CARTESIAN_POINT('',(-0.00108731457167682,0.119411412991025,-0.109198937346913));
#2382=CARTESIAN_POINT('',(-0.00113308608835836,0.119520686856187,-0.109277578402567));
#2383=CARTESIAN_POINT('',(-0.00114973622107708,0.119563081200859,-0.109307675136683));
#2384=CARTESIAN_POINT('',(-0.00118109623013291,0.119648525259579,-0.109367496930629));
#2385=CARTESIAN_POINT('',(-0.00119580015058556,0.119691550411848,-0.109397205978442));
#2386=CARTESIAN_POINT('',(-0.00123158945739079,0.119804581637778,-0.109474158231663));
#2387=CARTESIAN_POINT('',(-0.00125117230090651,0.119875195069396,-0.109521159673667));
#2388=CARTESIAN_POINT('',(-0.00129538387936238,0.120061061596469,-0.109642017347674));
#2389=CARTESIAN_POINT('',(-0.00131598564815662,0.120177680633224,-0.109715059883077));
#2390=CARTESIAN_POINT('',(-0.00134339922557417,0.120417457705877,-0.109859518293329));
#2391=CARTESIAN_POINT('',(-0.00134975933149113,0.12054070238564,-0.109930809195139));
#2392=CARTESIAN_POINT('',(-0.001348109986752,0.12066451717002,-0.109999537912321));
#2393=CARTESIAN_POINT('',(-0.000688918291233816,0.118655264654104,-0.1085982546701));
#2394=CARTESIAN_POINT('',(-0.000770930476473971,0.118749196465439,-0.108679193190289));
#2395=CARTESIAN_POINT('',(-0.000846821147579095,0.11884742647745,-0.108761287191384));
#2396=CARTESIAN_POINT('',(-0.00098393392471773,0.119048255498186,-0.108923461667343));
#2397=CARTESIAN_POINT('',(-0.00104552735322094,0.119150634995177,-0.109003530729545));
#2398=CARTESIAN_POINT('',(-0.00113562559250451,0.119321829717316,-0.109132836084411));
#2399=CARTESIAN_POINT('',(-0.00116787533979831,0.119388833733914,-0.109182376815508));
#2400=CARTESIAN_POINT('',(-0.00121626285770285,0.119499370226215,-0.109262308335412));
#2401=CARTESIAN_POINT('',(-0.00123390736741605,0.11954228191683,-0.109292913938067));
#2402=CARTESIAN_POINT('',(-0.00126722889673666,0.119628827953525,-0.109353777523764));
#2403=CARTESIAN_POINT('',(-0.00128289945899709,0.119672437335105,-0.109384019173457));
#2404=CARTESIAN_POINT('',(-0.00132117017613511,0.11978708599573,-0.109462391072558));
#2405=CARTESIAN_POINT('',(-0.00134224657231433,0.119858790650987,-0.109510299443445));
#2406=CARTESIAN_POINT('',(-0.00139022383276815,0.120047766556571,-0.109633593481475));
#2407=CARTESIAN_POINT('',(-0.00141302779541303,0.120166567756339,-0.109708212884349));
#2408=CARTESIAN_POINT('',(-0.00144456279856864,0.120411380907719,-0.10985599199023));
#2409=CARTESIAN_POINT('',(-0.00145283104232524,0.12053749887465,-0.109929030363115));
#2410=CARTESIAN_POINT('',(-0.00145282974183705,0.120664518242205,-0.1099995379123));
#2411=EDGE_LOOP('',(#2793,#2794,#2795,#2796));
#2412=AXIS2_PLACEMENT_3D('',#2797,#2798,#2799);
#2413=EDGE_LOOP('',(#2800,#2801,#2802,#2803,#2804));
#2414=AXIS2_PLACEMENT_3D('',#2805,#2806,#2807);
#2415=EDGE_LOOP('',(#2808,#2809,#2810,#2811,#2812,#2813));
#2416=AXIS2_PLACEMENT_3D('',#2814,#2815,#2816);
#2417=EDGE_LOOP('',(#2817,#2818,#2819,#2820,#2821));
#2418=AXIS2_PLACEMENT_3D('',#2822,#2823,#2824);
#2419=EDGE_LOOP('',(#2825,#2826,#2827,#2828,#2829));
#2420=AXIS2_PLACEMENT_3D('',#2830,#2831,#2832);
#2421=EDGE_LOOP('',(#2833,#2834,#2835,#2836));
#2422=AXIS2_PLACEMENT_3D('',#2837,#2838,#2839);
#2423=EDGE_LOOP('',(#2840,#2841,#2842,#2843));
#2424=AXIS2_PLACEMENT_3D('',#2844,#2845,#2846);
#2425=EDGE_LOOP('',(#2847,#2848,#2849,#2850,#2851));
#2426=AXIS2_PLACEMENT_3D('',#2852,#2853,#2854);
#2427=EDGE_LOOP('',(#2855,#2856,#2857,#2858));
#2428=AXIS2_PLACEMENT_3D('',#2859,#2860,#2861);
#2429=EDGE_LOOP('',(#2862,#2863,#2864,#2865,#2866));
#2430=AXIS2_PLACEMENT_3D('',#2867,#2868,#2869);
#2431=EDGE_LOOP('',(#2870,#2871));
#2432=EDGE_LOOP('',(#2872,#2873,#2874));
#2433=AXIS2_PLACEMENT_3D('',#2875,#2876,#2877);
#2434=EDGE_LOOP('',(#2878,#2879,#2880,#2881));
#2435=AXIS2_PLACEMENT_3D('',#2882,#2883,#2884);
#2436=FILL_AREA_STYLE_COLOUR('',#2885);
#2437=ORIENTED_EDGE('',*,*,#2886,.F.);
#2438=ORIENTED_EDGE('',*,*,#2887,.T.);
#2439=ORIENTED_EDGE('',*,*,#2888,.T.);
#2440=ORIENTED_EDGE('',*,*,#2889,.T.);
#2441=ORIENTED_EDGE('',*,*,#2890,.T.);
#2442=ORIENTED_EDGE('',*,*,#2891,.F.);
#2443=ORIENTED_EDGE('',*,*,#2892,.T.);
#2444=ORIENTED_EDGE('',*,*,#2893,.F.);
#2445=ORIENTED_EDGE('',*,*,#2894,.T.);
#2446=CARTESIAN_POINT('',(-0.00385271483127624,0.131888580399381,-0.14921513174399));
#2447=DIRECTION('',(-0.999999999947585,1.02386147232541E-05,2.01025723844924E-10));
#2448=DIRECTION('',(1.10557710909655E-06,0.108000641572751,-0.99415082428103));
#2449=ORIENTED_EDGE('',*,*,#2895,.F.);
#2450=ORIENTED_EDGE('',*,*,#2896,.T.);
#2451=ORIENTED_EDGE('',*,*,#2897,.T.);
#2452=ORIENTED_EDGE('',*,*,#2898,.F.);
#2453=ORIENTED_EDGE('',*,*,#2899,.T.);
#2454=ORIENTED_EDGE('',*,*,#2900,.T.);
#2455=ORIENTED_EDGE('',*,*,#2901,.T.);
#2456=CARTESIAN_POINT('',(-0.00185271483138108,0.131888559922152,-0.149215131744392));
#2457=DIRECTION('',(0.999999999947585,-1.02386147232541E-05,-2.01025723845766E-10));
#2458=DIRECTION('',(9.12258125330169E-06,0.891006524141666,-0.453990499739549));
#2459=ORIENTED_EDGE('',*,*,#2902,.F.);
#2460=ORIENTED_EDGE('',*,*,#2903,.T.);
#2461=ORIENTED_EDGE('',*,*,#2904,.T.);
#2462=ORIENTED_EDGE('',*,*,#2905,.F.);
#2463=ORIENTED_EDGE('',*,*,#2906,.T.);
#2464=ORIENTED_EDGE('',*,*,#2907,.T.);
#2465=CARTESIAN_POINT('',(-0.00155277011025225,0.126488524771931,-0.0995075905304009));
#2466=DIRECTION('',(0.999999999947585,-1.0238614723275E-05,-2.0102572384495E-10));
#2467=DIRECTION('',(-6.34251568188069E-10,-4.23129355092344E-05,-0.999999999104808));
#2468=ORIENTED_EDGE('',*,*,#2908,.F.);
#2469=ORIENTED_EDGE('',*,*,#2909,.F.);
#2470=ORIENTED_EDGE('',*,*,#2910,.T.);
#2471=ORIENTED_EDGE('',*,*,#2911,.T.);
#2472=CARTESIAN_POINT('',(-0.00095261270739994,0.141862116198336,-0.106763794616956));
#2473=DIRECTION('',(0.999999999947585,-1.02386147232507E-05,-2.01025751600681E-10));
#2474=DIRECTION('',(-1.00971777693216E-05,-0.986189180485866,0.165622764711446));
#2475=ORIENTED_EDGE('',*,*,#2912,.F.);
#2476=ORIENTED_EDGE('',*,*,#2913,.F.);
#2477=ORIENTED_EDGE('',*,*,#2914,.T.);
#2478=ORIENTED_EDGE('',*,*,#2915,.T.);
#2479=CARTESIAN_POINT('',(-0.000952907891120289,0.113031742295698,-0.109895813222729));
#2480=DIRECTION('',(0.999999999947585,-1.02386147232507E-05,-2.01025751600164E-10));
#2481=DIRECTION('',(9.49759439826148E-06,0.927617608933159,0.373531218918746));
#2482=ORIENTED_EDGE('',*,*,#2916,.F.);
#2483=ORIENTED_EDGE('',*,*,#2917,.F.);
#2484=ORIENTED_EDGE('',*,*,#2918,.T.);
#2485=ORIENTED_EDGE('',*,*,#2919,.T.);
#2486=CARTESIAN_POINT('',(0.00154717436395755,0.121065718197415,-0.119034733119982));
#2487=DIRECTION('',(-1.10557710928042E-06,-0.108000641572742,0.994150824281031));
#2488=DIRECTION('',(-0.707113978611908,-0.702963549540569,-0.0763679858904385));
#2489=ORIENTED_EDGE('',*,*,#2920,.F.);
#2490=ORIENTED_EDGE('',*,*,#2921,.F.);
#2491=ORIENTED_EDGE('',*,*,#2922,.T.);
#2492=ORIENTED_EDGE('',*,*,#2923,.F.);
#2493=ORIENTED_EDGE('',*,*,#2924,.T.);
#2494=CARTESIAN_POINT('',(0.00154732704519221,0.135977980560848,-0.117414723496306));
#2495=DIRECTION('',(-1.1055771092738E-06,-0.108000641572742,0.994150824281031));
#2496=DIRECTION('',(-0.707099583687055,0.702978029128371,0.0763679861747315));
#2497=ORIENTED_EDGE('',*,*,#2925,.F.);
#2498=ORIENTED_EDGE('',*,*,#2926,.T.);
#2499=ORIENTED_EDGE('',*,*,#2927,.T.);
#2500=ORIENTED_EDGE('',*,*,#2928,.T.);
#2501=ORIENTED_EDGE('',*,*,#2929,.T.);
#2502=CARTESIAN_POINT('',(-0.00145277010997938,0.126488523748069,-0.099507590530421));
#2503=DIRECTION('',(-0.999999999947585,1.02386147232507E-05,2.0102572384495E-10));
#2504=DIRECTION('',(6.34251568187041E-10,4.23129355092344E-05,0.999999999104808));
#2505=ORIENTED_EDGE('',*,*,#2930,.F.);
#2506=ORIENTED_EDGE('',*,*,#2931,.F.);
#2507=ORIENTED_EDGE('',*,*,#2932,.F.);
#2508=ORIENTED_EDGE('',*,*,#2933,.F.);
#2509=ORIENTED_EDGE('',*,*,#2934,.F.);
#2510=ORIENTED_EDGE('',*,*,#2935,.T.);
#2511=ORIENTED_EDGE('',*,*,#2936,.F.);
#2512=ORIENTED_EDGE('',*,*,#2937,.F.);
#2513=ORIENTED_EDGE('',*,*,#2901,.F.);
#2514=CARTESIAN_POINT('',(0.00464728516827822,0.131888493371156,-0.149215131745699));
#2515=DIRECTION('',(-0.999999999947585,1.02386147232507E-05,2.0102564057805E-10));
#2516=DIRECTION('',(-1.812917614705E-06,-0.17708601330599,0.984195378920316));
#2517=ORIENTED_EDGE('',*,*,#2938,.F.);
#2518=ORIENTED_EDGE('',*,*,#2939,.T.);
#2519=ORIENTED_EDGE('',*,*,#2940,.T.);
#2520=ORIENTED_EDGE('',*,*,#2941,.F.);
#2521=CARTESIAN_POINT('',(0.00464717466653699,0.121095805932917,-0.147089597025219));
#2522=DIRECTION('',(-0.999999999947585,1.02386147232507E-05,2.01025640578128E-10));
#2523=DIRECTION('',(1.02290886175665E-05,0.999070436699579,-0.0431075678770915));
#2524=ORIENTED_EDGE('',*,*,#2942,.F.);
#2525=ORIENTED_EDGE('',*,*,#2931,.T.);
#2526=ORIENTED_EDGE('',*,*,#2943,.T.);
#2527=ORIENTED_EDGE('',*,*,#2944,.T.);
#2528=ORIENTED_EDGE('',*,*,#2945,.T.);
#2529=CARTESIAN_POINT('',(-0.00145271483138816,0.131888555826706,-0.149215131744473));
#2530=DIRECTION('',(-0.999999999947585,1.02386147232507E-05,2.0102572384495E-10));
#2531=DIRECTION('',(6.34251568187041E-10,4.23129355092344E-05,0.999999999104808));
#2532=ORIENTED_EDGE('',*,*,#2946,.F.);
#2533=ORIENTED_EDGE('',*,*,#2947,.T.);
#2534=ORIENTED_EDGE('',*,*,#2934,.T.);
#2535=ORIENTED_EDGE('',*,*,#2948,.F.);
#2536=CARTESIAN_POINT('',(0.00464738842026551,0.141972973241697,-0.144821583552076));
#2537=DIRECTION('',(-0.999999999947585,1.02386147232507E-05,2.01025640578734E-10));
#2538=DIRECTION('',(-9.89574457684336E-06,-0.966507018043697,-0.256640183865182));
#2539=ORIENTED_EDGE('',*,*,#2949,.F.);
#2540=ORIENTED_EDGE('',*,*,#2890,.F.);
#2541=ORIENTED_EDGE('',*,*,#2950,.F.);
#2542=ORIENTED_EDGE('',*,*,#2928,.F.);
#2543=ORIENTED_EDGE('',*,*,#2951,.F.);
#2544=ORIENTED_EDGE('',*,*,#2952,.F.);
#2545=ORIENTED_EDGE('',*,*,#2953,.F.);
#2546=ORIENTED_EDGE('',*,*,#2954,.T.);
#2547=ORIENTED_EDGE('',*,*,#2955,.F.);
#2548=ORIENTED_EDGE('',*,*,#2906,.F.);
#2549=ORIENTED_EDGE('',*,*,#2956,.F.);
#2550=CARTESIAN_POINT('',(-0.000952770110283695,0.126488518628762,-0.0995075905305215));
#2551=DIRECTION('',(-0.999999999947585,1.02386147232507E-05,2.01025751599848E-10));
#2552=DIRECTION('',(-4.64841293010545E-06,-0.453990499715749,-0.891006524188368));
#2553=ORIENTED_EDGE('',*,*,#2957,.F.);
#2554=ORIENTED_EDGE('',*,*,#2958,.T.);
#2555=ORIENTED_EDGE('',*,*,#2959,.F.);
#2556=ORIENTED_EDGE('',*,*,#2887,.F.);
#2557=ORIENTED_EDGE('',*,*,#2960,.F.);
#2558=CARTESIAN_POINT('',(0.00434722812046491,0.126315654337114,-0.0979169491954933));
#2559=DIRECTION('',(1.10557710880966E-06,0.10800064157274,-0.994150824281031));
#2560=DIRECTION('',(-0.278354441138004,0.954860451262582,0.103731980186283));
#2561=ORIENTED_EDGE('',*,*,#2961,.F.);
#2562=ORIENTED_EDGE('',*,*,#2962,.F.);
#2563=ORIENTED_EDGE('',*,*,#2963,.F.);
#2564=ORIENTED_EDGE('',*,*,#2964,.T.);
#2565=CARTESIAN_POINT('',(0.0108972298890952,0.126488397301177,-0.0995075905329037));
#2566=DIRECTION('',(0.999999999947585,-1.02386147283716E-05,-2.01026278956405E-10));
#2567=DIRECTION('',(1.1055771090972E-06,0.108000641572735,-0.994150824281032));
#2568=ORIENTED_EDGE('',*,*,#2965,.F.);
#2569=ORIENTED_EDGE('',*,*,#2966,.F.);
#2570=ORIENTED_EDGE('',*,*,#2967,.T.);
#2571=ORIENTED_EDGE('',*,*,#2968,.F.);
#2572=CARTESIAN_POINT('',(0.0106472298891083,0.126488399860831,-0.0995075905328534));
#2573=DIRECTION('',(-0.999999999947585,1.02386147232541E-05,2.01025723845112E-10));
#2574=DIRECTION('',(-1.10557710909645E-06,-0.108000641572742,0.994150824281031));
#2575=ORIENTED_EDGE('',*,*,#2969,.F.);
#2576=ORIENTED_EDGE('',*,*,#2970,.F.);
#2577=ORIENTED_EDGE('',*,*,#2971,.T.);
#2578=ORIENTED_EDGE('',*,*,#2972,.F.);
#2579=CARTESIAN_POINT('',(0.00952585167868803,0.120836529264243,-0.0969027613193534));
#2580=DIRECTION('',(-1.01787489775175E-05,-0.994150824228923,-0.108000641578399));
#2581=DIRECTION('',(0.382684453765091,0.0997756640989174,-0.9184755988594));
#2582=ORIENTED_EDGE('',*,*,#2973,.F.);
#2583=ORIENTED_EDGE('',*,*,#2968,.T.);
#2584=ORIENTED_EDGE('',*,*,#2974,.T.);
#2585=ORIENTED_EDGE('',*,*,#2972,.T.);
#2586=ORIENTED_EDGE('',*,*,#2962,.T.);
#2587=CARTESIAN_POINT('',(0.00952590954560746,0.126488411341598,-0.099507590532628));
#2588=DIRECTION('',(-0.999999999947585,1.02386147232541E-05,2.01025723844796E-10));
#2589=DIRECTION('',(1.10557710909637E-06,0.108000641572734,-0.994150824281032));
#2590=ORIENTED_EDGE('',*,*,#2975,.F.);
#2591=ORIENTED_EDGE('',*,*,#2976,.F.);
#2592=ORIENTED_EDGE('',*,*,#2977,.F.);
#2593=ORIENTED_EDGE('',*,*,#2978,.F.);
#2594=CARTESIAN_POINT('',(0.0106472851679637,0.131888431939468,-0.149215131746905));
#2595=DIRECTION('',(-0.999999999947585,1.02386147232541E-05,2.01025723845132E-10));
#2596=DIRECTION('',(-1.10557710909645E-06,-0.108000641572742,0.994150824281031));
#2597=ORIENTED_EDGE('',*,*,#2979,.F.);
#2598=ORIENTED_EDGE('',*,*,#2976,.T.);
#2599=ORIENTED_EDGE('',*,*,#2980,.F.);
#2600=ORIENTED_EDGE('',*,*,#2981,.T.);
#2601=CARTESIAN_POINT('',(0.0116472851679114,0.131888421700853,-0.149215131747106));
#2602=DIRECTION('',(0.999999999947585,-1.02386147232541E-05,-2.01025723844954E-10));
#2603=DIRECTION('',(1.10557710909648E-06,0.108000641572744,-0.994150824281031));
#2604=ORIENTED_EDGE('',*,*,#2979,.T.);
#2605=ORIENTED_EDGE('',*,*,#2982,.T.);
#2606=ORIENTED_EDGE('',*,*,#2980,.T.);
#2607=ORIENTED_EDGE('',*,*,#2983,.T.);
#2608=CARTESIAN_POINT('',(0.0116472851679114,0.131888421700853,-0.149215131747106));
#2609=DIRECTION('',(0.999999999947585,-1.02386147232541E-05,-2.01025723844954E-10));
#2610=DIRECTION('',(1.10557710909648E-06,0.108000641572744,-0.994150824281031));
#2611=ORIENTED_EDGE('',*,*,#2935,.F.);
#2612=ORIENTED_EDGE('',*,*,#2947,.F.);
#2613=ORIENTED_EDGE('',*,*,#2984,.F.);
#2614=ORIENTED_EDGE('',*,*,#2985,.T.);
#2615=ORIENTED_EDGE('',*,*,#2986,.F.);
#2616=ORIENTED_EDGE('',*,*,#2911,.F.);
#2617=ORIENTED_EDGE('',*,*,#2987,.F.);
#2618=ORIENTED_EDGE('',*,*,#2954,.F.);
#2619=ORIENTED_EDGE('',*,*,#2988,.F.);
#2620=ORIENTED_EDGE('',*,*,#2915,.F.);
#2621=ORIENTED_EDGE('',*,*,#2989,.T.);
#2622=ORIENTED_EDGE('',*,*,#2939,.F.);
#2623=ORIENTED_EDGE('',*,*,#2990,.F.);
#2624=ORIENTED_EDGE('',*,*,#2991,.F.);
#2625=ORIENTED_EDGE('',*,*,#2964,.F.);
#2626=ORIENTED_EDGE('',*,*,#2992,.F.);
#2627=ORIENTED_EDGE('',*,*,#2993,.F.);
#2628=ORIENTED_EDGE('',*,*,#2981,.F.);
#2629=ORIENTED_EDGE('',*,*,#2982,.F.);
#2630=CARTESIAN_POINT('',(0.0116470155075456,0.105549959763696,-0.104452400935158));
#2631=DIRECTION('',(-0.999999999947585,1.02386147232541E-05,2.01025723844949E-10));
#2632=DIRECTION('',(-1.10557710909645E-06,-0.108000641572742,0.994150824281031));
#2633=ORIENTED_EDGE('',*,*,#2975,.T.);
#2634=ORIENTED_EDGE('',*,*,#2892,.F.);
#2635=ORIENTED_EDGE('',*,*,#2977,.T.);
#2636=ORIENTED_EDGE('',*,*,#2983,.F.);
#2637=CARTESIAN_POINT('',(0.0106472851679637,0.131888431939468,-0.149215131746905));
#2638=DIRECTION('',(-0.999999999947585,1.02386147232541E-05,2.01025723845132E-10));
#2639=DIRECTION('',(-1.10557710909645E-06,-0.108000641572742,0.994150824281031));
#2640=ORIENTED_EDGE('',*,*,#2973,.T.);
#2641=ORIENTED_EDGE('',*,*,#2994,.T.);
#2642=ORIENTED_EDGE('',*,*,#2970,.T.);
#2643=ORIENTED_EDGE('',*,*,#2995,.T.);
#2644=ORIENTED_EDGE('',*,*,#2996,.T.);
#2645=CARTESIAN_POINT('',(0.00952590954560746,0.126488411341598,-0.099507590532628));
#2646=DIRECTION('',(-0.999999999947585,1.02386147232541E-05,2.01025723844796E-10));
#2647=DIRECTION('',(1.10557710909637E-06,0.108000641572734,-0.994150824281032));
#2648=ORIENTED_EDGE('',*,*,#2969,.T.);
#2649=ORIENTED_EDGE('',*,*,#2974,.F.);
#2650=ORIENTED_EDGE('',*,*,#2997,.T.);
#2651=ORIENTED_EDGE('',*,*,#2995,.F.);
#2652=CARTESIAN_POINT('',(0.00952585167868803,0.120836529264243,-0.0969027613193534));
#2653=DIRECTION('',(-1.01787489775175E-05,-0.994150824228923,-0.108000641578399));
#2654=DIRECTION('',(0.382684453765091,0.0997756640989174,-0.9184755988594));
#2655=ORIENTED_EDGE('',*,*,#2965,.T.);
#2656=ORIENTED_EDGE('',*,*,#2996,.F.);
#2657=ORIENTED_EDGE('',*,*,#2998,.T.);
#2658=ORIENTED_EDGE('',*,*,#2999,.F.);
#2659=CARTESIAN_POINT('',(0.0106472298891083,0.126488399860831,-0.0995075905328534));
#2660=DIRECTION('',(-0.999999999947585,1.02386147232541E-05,2.01025723845112E-10));
#2661=DIRECTION('',(-1.10557710909645E-06,-0.108000641572742,0.994150824281031));
#2662=ORIENTED_EDGE('',*,*,#2961,.T.);
#2663=ORIENTED_EDGE('',*,*,#2993,.T.);
#2664=ORIENTED_EDGE('',*,*,#3000,.F.);
#2665=ORIENTED_EDGE('',*,*,#2994,.F.);
#2666=CARTESIAN_POINT('',(0.0108972298890952,0.126488397301177,-0.0995075905329037));
#2667=DIRECTION('',(0.999999999947585,-1.02386147283716E-05,-2.01026278956405E-10));
#2668=DIRECTION('',(1.1055771090972E-06,0.108000641572735,-0.994150824281032));
#2669=ORIENTED_EDGE('',*,*,#2971,.F.);
#2670=ORIENTED_EDGE('',*,*,#3000,.T.);
#2671=ORIENTED_EDGE('',*,*,#2992,.T.);
#2672=ORIENTED_EDGE('',*,*,#2963,.T.);
#2673=CARTESIAN_POINT('',(0.010897118522286,0.11561123568068,-0.0982248278622645));
#2674=DIRECTION('',(0.707107562910556,0.0763607462346815,-0.70297078951346));
#2675=DIRECTION('',(-0.705637142620974,0.0121566514820253,-0.708469081032089));
#2676=ORIENTED_EDGE('',*,*,#2997,.F.);
#2677=ORIENTED_EDGE('',*,*,#2967,.F.);
#2678=ORIENTED_EDGE('',*,*,#3001,.F.);
#2679=ORIENTED_EDGE('',*,*,#2998,.F.);
#2680=ORIENTED_EDGE('',*,*,#2958,.F.);
#2681=ORIENTED_EDGE('',*,*,#3002,.F.);
#2682=CARTESIAN_POINT('',(-0.000352771989796251,0.126304911394919,-0.0978175341293644));
#2683=DIRECTION('',(1.10557710883419E-06,0.10800064157274,-0.994150824281031));
#2684=DIRECTION('',(1.01787489786495E-05,0.994150824228923,0.108000641578399));
#2685=ORIENTED_EDGE('',*,*,#2966,.T.);
#2686=ORIENTED_EDGE('',*,*,#2999,.T.);
#2687=ORIENTED_EDGE('',*,*,#3001,.T.);
#2688=ORIENTED_EDGE('',*,*,#2904,.F.);
#2689=ORIENTED_EDGE('',*,*,#2903,.F.);
#2690=ORIENTED_EDGE('',*,*,#3003,.F.);
#2691=CARTESIAN_POINT('',(-0.00295298449168914,0.105550109247471,-0.104452400932223));
#2692=DIRECTION('',(-0.999999999947585,1.0238614723275E-05,2.01025723845161E-10));
#2693=DIRECTION('',(-1.1055771090987E-06,-0.108000641572742,0.994150824281031));
#2694=ORIENTED_EDGE('',*,*,#2957,.T.);
#2695=ORIENTED_EDGE('',*,*,#3004,.F.);
#2696=ORIENTED_EDGE('',*,*,#2888,.F.);
#2697=ORIENTED_EDGE('',*,*,#2959,.T.);
#2698=ORIENTED_EDGE('',*,*,#3002,.T.);
#2699=CARTESIAN_POINT('',(0.00434722812046491,0.126315654337114,-0.0979169491954933));
#2700=DIRECTION('',(1.10557710880966E-06,0.10800064157274,-0.994150824281031));
#2701=DIRECTION('',(-0.278354441138004,0.954860451262582,0.103731980186283));
#2702=ORIENTED_EDGE('',*,*,#2886,.T.);
#2703=ORIENTED_EDGE('',*,*,#2949,.T.);
#2704=ORIENTED_EDGE('',*,*,#2889,.F.);
#2705=ORIENTED_EDGE('',*,*,#3004,.T.);
#2706=ORIENTED_EDGE('',*,*,#2960,.T.);
#2707=ORIENTED_EDGE('',*,*,#2950,.T.);
#2708=ORIENTED_EDGE('',*,*,#3005,.F.);
#2709=ORIENTED_EDGE('',*,*,#2907,.F.);
#2710=ORIENTED_EDGE('',*,*,#2955,.T.);
#2711=ORIENTED_EDGE('',*,*,#2987,.T.);
#2712=ORIENTED_EDGE('',*,*,#2910,.F.);
#2713=ORIENTED_EDGE('',*,*,#3006,.F.);
#2714=ORIENTED_EDGE('',*,*,#3007,.F.);
#2715=ORIENTED_EDGE('',*,*,#3008,.F.);
#2716=ORIENTED_EDGE('',*,*,#2929,.F.);
#2717=CARTESIAN_POINT('',(-0.000952770110283695,0.126488518628762,-0.0995075905305215));
#2718=DIRECTION('',(-0.999999999947585,1.02386147232507E-05,2.01025751599848E-10));
#2719=DIRECTION('',(-4.64841293010545E-06,-0.453990499715749,-0.891006524188368));
#2720=ORIENTED_EDGE('',*,*,#3009,.T.);
#2721=ORIENTED_EDGE('',*,*,#2921,.T.);
#2722=ORIENTED_EDGE('',*,*,#3010,.T.);
#2723=ORIENTED_EDGE('',*,*,#3011,.T.);
#2724=ORIENTED_EDGE('',*,*,#2948,.T.);
#2725=ORIENTED_EDGE('',*,*,#2933,.T.);
#2726=ORIENTED_EDGE('',*,*,#2946,.T.);
#2727=ORIENTED_EDGE('',*,*,#3011,.F.);
#2728=ORIENTED_EDGE('',*,*,#3012,.T.);
#2729=ORIENTED_EDGE('',*,*,#2984,.T.);
#2730=CARTESIAN_POINT('',(0.00464738842026551,0.141972973241697,-0.144821583552076));
#2731=DIRECTION('',(-0.999999999947585,1.02386147232507E-05,2.01025640578734E-10));
#2732=DIRECTION('',(-9.89574457684336E-06,-0.966507018043697,-0.256640183865182));
#2733=ORIENTED_EDGE('',*,*,#2942,.T.);
#2734=ORIENTED_EDGE('',*,*,#3013,.T.);
#2735=ORIENTED_EDGE('',*,*,#3009,.F.);
#2736=ORIENTED_EDGE('',*,*,#2932,.T.);
#2737=CARTESIAN_POINT('',(-0.00145271483138816,0.131888555826706,-0.149215131744473));
#2738=DIRECTION('',(-0.999999999947585,1.02386147232507E-05,2.0102572384495E-10));
#2739=DIRECTION('',(6.34251568187041E-10,4.23129355092344E-05,0.999999999104808));
#2740=ORIENTED_EDGE('',*,*,#3014,.T.);
#2741=ORIENTED_EDGE('',*,*,#2941,.T.);
#2742=ORIENTED_EDGE('',*,*,#2917,.T.);
#2743=ORIENTED_EDGE('',*,*,#3015,.T.);
#2744=ORIENTED_EDGE('',*,*,#2944,.F.);
#2745=ORIENTED_EDGE('',*,*,#3016,.T.);
#2746=ORIENTED_EDGE('',*,*,#2938,.T.);
#2747=ORIENTED_EDGE('',*,*,#3014,.F.);
#2748=ORIENTED_EDGE('',*,*,#3017,.T.);
#2749=ORIENTED_EDGE('',*,*,#2990,.T.);
#2750=CARTESIAN_POINT('',(0.00464717466653699,0.121095805932917,-0.147089597025219));
#2751=DIRECTION('',(-0.999999999947585,1.02386147232507E-05,2.01025640578128E-10));
#2752=DIRECTION('',(1.02290886175665E-05,0.999070436699579,-0.0431075678770915));
#2753=ORIENTED_EDGE('',*,*,#2940,.F.);
#2754=ORIENTED_EDGE('',*,*,#2989,.F.);
#2755=ORIENTED_EDGE('',*,*,#2914,.F.);
#2756=ORIENTED_EDGE('',*,*,#2918,.F.);
#2757=CARTESIAN_POINT('',(0.0106471718861918,0.120823989485702,-0.135328875477684));
#2758=DIRECTION('',(-1.01787489773311E-05,-0.994150824228923,-0.1080006415784));
#2759=DIRECTION('',(-1.1055771093893E-06,-0.108000641572742,0.994150824281031));
#2760=ORIENTED_EDGE('',*,*,#2930,.T.);
#2761=ORIENTED_EDGE('',*,*,#2900,.F.);
#2762=ORIENTED_EDGE('',*,*,#2899,.F.);
#2763=ORIENTED_EDGE('',*,*,#3018,.F.);
#2764=ORIENTED_EDGE('',*,*,#2936,.T.);
#2765=ORIENTED_EDGE('',*,*,#2991,.T.);
#2766=ORIENTED_EDGE('',*,*,#3017,.F.);
#2767=ORIENTED_EDGE('',*,*,#3016,.F.);
#2768=ORIENTED_EDGE('',*,*,#2943,.F.);
#2769=CARTESIAN_POINT('',(0.00464728516827822,0.131888493371156,-0.149215131745699));
#2770=DIRECTION('',(-0.999999999947585,1.02386147232507E-05,2.0102564057805E-10));
#2771=DIRECTION('',(-1.812917614705E-06,-0.17708601330599,0.984195378920316));
#2772=ORIENTED_EDGE('',*,*,#3019,.T.);
#2773=ORIENTED_EDGE('',*,*,#3020,.T.);
#2774=ORIENTED_EDGE('',*,*,#2952,.T.);
#2775=ORIENTED_EDGE('',*,*,#3021,.T.);
#2776=ORIENTED_EDGE('',*,*,#3006,.T.);
#2777=ORIENTED_EDGE('',*,*,#3022,.T.);
#2778=ORIENTED_EDGE('',*,*,#2925,.T.);
#2779=ORIENTED_EDGE('',*,*,#3008,.T.);
#2780=ORIENTED_EDGE('',*,*,#3023,.T.);
#2781=ORIENTED_EDGE('',*,*,#3024,.T.);
#2782=CARTESIAN_POINT('',(-0.00145277010997938,0.126488523748069,-0.099507590530421));
#2783=DIRECTION('',(-0.999999999947585,1.02386147232507E-05,2.0102572384495E-10));
#2784=DIRECTION('',(6.34251568187041E-10,4.23129355092344E-05,0.999999999104808));
#2785=ORIENTED_EDGE('',*,*,#3023,.F.);
#2786=ORIENTED_EDGE('',*,*,#3007,.T.);
#2787=ORIENTED_EDGE('',*,*,#3021,.F.);
#2788=ORIENTED_EDGE('',*,*,#2923,.T.);
#2789=ORIENTED_EDGE('',*,*,#2927,.F.);
#2790=ORIENTED_EDGE('',*,*,#3025,.T.);
#2791=ORIENTED_EDGE('',*,*,#3019,.F.);
#2792=ORIENTED_EDGE('',*,*,#2951,.T.);
#2793=ORIENTED_EDGE('',*,*,#2920,.T.);
#2794=ORIENTED_EDGE('',*,*,#3026,.T.);
#2795=ORIENTED_EDGE('',*,*,#3027,.T.);
#2796=ORIENTED_EDGE('',*,*,#3010,.F.);
#2797=CARTESIAN_POINT('',(0.00154732704519221,0.135977980560848,-0.117414723496306));
#2798=DIRECTION('',(-1.1055771092738E-06,-0.108000641572742,0.994150824281031));
#2799=DIRECTION('',(-0.707099583687055,0.702978029128371,0.0763679861747315));
#2800=ORIENTED_EDGE('',*,*,#3022,.F.);
#2801=ORIENTED_EDGE('',*,*,#2909,.T.);
#2802=ORIENTED_EDGE('',*,*,#3028,.T.);
#2803=ORIENTED_EDGE('',*,*,#3026,.F.);
#2804=ORIENTED_EDGE('',*,*,#2924,.F.);
#2805=CARTESIAN_POINT('',(0.00154738729246902,0.1418620906018,-0.106763794617459));
#2806=DIRECTION('',(-0.999999999947585,1.02386147232507E-05,2.01025723844927E-10));
#2807=DIRECTION('',(1.01787489775227E-05,0.994150824228923,0.1080006415784));
#2808=ORIENTED_EDGE('',*,*,#2945,.F.);
#2809=ORIENTED_EDGE('',*,*,#3029,.F.);
#2810=ORIENTED_EDGE('',*,*,#2926,.F.);
#2811=ORIENTED_EDGE('',*,*,#3024,.F.);
#2812=ORIENTED_EDGE('',*,*,#2922,.F.);
#2813=ORIENTED_EDGE('',*,*,#3013,.F.);
#2814=CARTESIAN_POINT('',(-0.000452984491820179,0.105550083650934,-0.104452400932725));
#2815=DIRECTION('',(-0.999999999947585,1.02386147232507E-05,2.01025723844738E-10));
#2816=DIRECTION('',(-1.10557710909608E-06,-0.108000641572742,0.994150824281031));
#2817=ORIENTED_EDGE('',*,*,#2916,.T.);
#2818=ORIENTED_EDGE('',*,*,#3030,.T.);
#2819=ORIENTED_EDGE('',*,*,#3025,.F.);
#2820=ORIENTED_EDGE('',*,*,#3029,.T.);
#2821=ORIENTED_EDGE('',*,*,#3015,.F.);
#2822=CARTESIAN_POINT('',(0.00154717436395755,0.121065718197415,-0.119034733119982));
#2823=DIRECTION('',(-1.10557710928042E-06,-0.108000641572742,0.994150824281031));
#2824=DIRECTION('',(-0.707113978611908,-0.702963549540569,-0.0763679858904385));
#2825=ORIENTED_EDGE('',*,*,#3020,.F.);
#2826=ORIENTED_EDGE('',*,*,#3030,.F.);
#2827=ORIENTED_EDGE('',*,*,#2919,.F.);
#2828=ORIENTED_EDGE('',*,*,#2913,.T.);
#2829=ORIENTED_EDGE('',*,*,#3031,.T.);
#2830=CARTESIAN_POINT('',(0.00154709210874868,0.113031716699161,-0.109895813223232));
#2831=DIRECTION('',(-0.999999999947585,1.02386147232507E-05,2.01025723844793E-10));
#2832=DIRECTION('',(-1.01787489775227E-05,-0.994150824228923,-0.108000641578401));
#2833=ORIENTED_EDGE('',*,*,#2912,.T.);
#2834=ORIENTED_EDGE('',*,*,#2988,.T.);
#2835=ORIENTED_EDGE('',*,*,#2953,.T.);
#2836=ORIENTED_EDGE('',*,*,#3031,.F.);
#2837=CARTESIAN_POINT('',(-0.000952907891120289,0.113031742295698,-0.109895813222729));
#2838=DIRECTION('',(0.999999999947585,-1.02386147232507E-05,-2.01025751600164E-10));
#2839=DIRECTION('',(9.49759439826148E-06,0.927617608933159,0.373531218918746));
#2840=ORIENTED_EDGE('',*,*,#2908,.T.);
#2841=ORIENTED_EDGE('',*,*,#2986,.T.);
#2842=ORIENTED_EDGE('',*,*,#3032,.T.);
#2843=ORIENTED_EDGE('',*,*,#3028,.F.);
#2844=CARTESIAN_POINT('',(-0.00095261270739994,0.141862116198336,-0.106763794616956));
#2845=DIRECTION('',(0.999999999947585,-1.02386147232507E-05,-2.01025751600681E-10));
#2846=DIRECTION('',(-1.00971777693216E-05,-0.986189180485866,0.165622764711446));
#2847=ORIENTED_EDGE('',*,*,#2902,.T.);
#2848=ORIENTED_EDGE('',*,*,#3005,.T.);
#2849=ORIENTED_EDGE('',*,*,#2956,.T.);
#2850=ORIENTED_EDGE('',*,*,#2905,.T.);
#2851=ORIENTED_EDGE('',*,*,#3003,.T.);
#2852=CARTESIAN_POINT('',(-0.00155277011025225,0.126488524771931,-0.0995075905304009));
#2853=DIRECTION('',(0.999999999947585,-1.0238614723275E-05,-2.0102572384495E-10));
#2854=DIRECTION('',(-6.34251568188069E-10,-4.23129355092344E-05,-0.999999999104808));
#2855=ORIENTED_EDGE('',*,*,#3012,.F.);
#2856=ORIENTED_EDGE('',*,*,#3027,.F.);
#2857=ORIENTED_EDGE('',*,*,#3032,.F.);
#2858=ORIENTED_EDGE('',*,*,#2985,.F.);
#2859=CARTESIAN_POINT('',(0.0106473652824224,0.139712855146052,-0.133276863287695));
#2860=DIRECTION('',(1.01787489773311E-05,0.994150824228923,0.1080006415784));
#2861=DIRECTION('',(1.1055771093893E-06,0.108000641572742,-0.994150824281031));
#2862=ORIENTED_EDGE('',*,*,#2895,.T.);
#2863=ORIENTED_EDGE('',*,*,#2937,.T.);
#2864=ORIENTED_EDGE('',*,*,#3018,.T.);
#2865=ORIENTED_EDGE('',*,*,#2898,.T.);
#2866=ORIENTED_EDGE('',*,*,#3033,.T.);
#2867=CARTESIAN_POINT('',(-0.00185271483138108,0.131888559922152,-0.149215131744392));
#2868=DIRECTION('',(0.999999999947585,-1.02386147232541E-05,-2.01025723845766E-10));
#2869=DIRECTION('',(9.12258125330169E-06,0.891006524141666,-0.453990499739549));
#2870=ORIENTED_EDGE('',*,*,#2894,.F.);
#2871=ORIENTED_EDGE('',*,*,#3034,.F.);
#2872=ORIENTED_EDGE('',*,*,#2897,.F.);
#2873=ORIENTED_EDGE('',*,*,#2896,.F.);
#2874=ORIENTED_EDGE('',*,*,#3033,.F.);
#2875=CARTESIAN_POINT('',(-0.00385298449164198,0.105550118462224,-0.104452400932042));
#2876=DIRECTION('',(-0.999999999947585,1.02386147232541E-05,2.01025723844949E-10));
#2877=DIRECTION('',(-1.10557710909645E-06,-0.108000641572742,0.994150824281031));
#2878=ORIENTED_EDGE('',*,*,#2891,.T.);
#2879=ORIENTED_EDGE('',*,*,#3034,.T.);
#2880=ORIENTED_EDGE('',*,*,#2893,.T.);
#2881=ORIENTED_EDGE('',*,*,#2978,.T.);
#2882=CARTESIAN_POINT('',(-0.00385271483127624,0.131888580399381,-0.14921513174399));
#2883=DIRECTION('',(-0.999999999947585,1.02386147232541E-05,2.01025723844924E-10));
#2884=DIRECTION('',(1.10557710909655E-06,0.108000641572751,-0.99415082428103));
#2885=COLOUR_RGB('',0.686274528503418,0.560784339904785,0.686274528503418);
#2886=EDGE_CURVE('',#3035,#3036,#3037,.T.);
#2887=EDGE_CURVE('0:215',#3035,#3038,#3039,.T.);
#2888=EDGE_CURVE('0:215',#3038,#3040,#3041,.T.);
#2889=EDGE_CURVE('',#3040,#3042,#3043,.T.);
#2890=EDGE_CURVE('0:218',#3042,#3036,#3044,.T.);
#2891=EDGE_CURVE('',#3045,#3046,#3047,.T.);
#2892=EDGE_CURVE('0:170',#3045,#3048,#3049,.T.);
#2893=EDGE_CURVE('',#3050,#3048,#3051,.T.);
#2894=EDGE_CURVE('0:350',#3050,#3046,#3052,.T.);
#2895=EDGE_CURVE('',#3053,#3054,#3055,.T.);
#2896=EDGE_CURVE('0:347',#3053,#3056,#3057,.T.);
#2897=EDGE_CURVE('0:347',#3056,#3058,#3059,.T.);
#2898=EDGE_CURVE('',#3060,#3058,#3061,.T.);
#2899=EDGE_CURVE('0:293',#3060,#3062,#3063,.T.);
#2900=EDGE_CURVE('0:293',#3062,#3064,#3065,.T.);
#2901=EDGE_CURVE('0:293',#3064,#3054,#3066,.T.);
#2902=EDGE_CURVE('',#3067,#3068,#3069,.T.);
#2903=EDGE_CURVE('0:212',#3067,#3070,#3071,.T.);
#2904=EDGE_CURVE('0:212',#3070,#3072,#3073,.T.);
#2905=EDGE_CURVE('',#3074,#3072,#3075,.T.);
#2906=EDGE_CURVE('0:242',#3074,#3076,#3077,.T.);
#2907=EDGE_CURVE('0:242',#3076,#3068,#3078,.T.);
#2908=EDGE_CURVE('',#3079,#3080,#3081,.T.);
#2909=EDGE_CURVE('0:332',#3082,#3079,#3083,.T.);
#2910=EDGE_CURVE('0:239',#3082,#3084,#3085,.T.);
#2911=EDGE_CURVE('0:149',#3084,#3080,#3086,.T.);
#2912=EDGE_CURVE('',#3087,#3088,#3089,.T.);
#2913=EDGE_CURVE('0:341',#3090,#3087,#3091,.T.);
#2914=EDGE_CURVE('0:287',#3090,#3092,#3093,.T.);
#2915=EDGE_CURVE('0:155',#3092,#3088,#3094,.T.);
#2916=EDGE_CURVE('',#3095,#3096,#3097,.T.);
#2917=EDGE_CURVE('0:275',#3098,#3095,#3099,.T.);
#2918=EDGE_CURVE('0:290',#3098,#3090,#3100,.T.);
#2919=EDGE_CURVE('0:338',#3090,#3096,#3101,.T.);
#2920=EDGE_CURVE('',#3102,#3103,#3104,.T.);
#2921=EDGE_CURVE('0:248',#3105,#3102,#3106,.T.);
#2922=EDGE_CURVE('0:323',#3105,#3107,#3108,.T.);
#2923=EDGE_CURVE('0:317',#3109,#3107,#3110,.T.);
#2924=EDGE_CURVE('0:326',#3109,#3103,#3111,.T.);
#2925=EDGE_CURVE('',#3112,#3113,#3114,.T.);
#2926=EDGE_CURVE('0:311',#3112,#3115,#3116,.T.);
#2927=EDGE_CURVE('0:314',#3115,#3117,#3118,.T.);
#2928=EDGE_CURVE('0:227',#3117,#3119,#3120,.T.);
#2929=EDGE_CURVE('0:227',#3119,#3113,#3121,.T.);
#2930=EDGE_CURVE('',#3122,#3064,#3123,.T.);
#2931=EDGE_CURVE('0:269',#3124,#3122,#3125,.T.);
#2932=EDGE_CURVE('0:269',#3126,#3124,#3127,.T.);
#2933=EDGE_CURVE('0:254',#3128,#3126,#3129,.T.);
#2934=EDGE_CURVE('0:257',#3130,#3128,#3131,.T.);
#2935=EDGE_CURVE('0:140',#3130,#3132,#3133,.F.);
#2936=EDGE_CURVE('',#3134,#3132,#3135,.T.);
#2937=EDGE_CURVE('0:293',#3054,#3134,#3136,.T.);
#2938=EDGE_CURVE('',#3137,#3138,#3139,.T.);
#2939=EDGE_CURVE('0:161',#3137,#3140,#3141,.T.);
#2940=EDGE_CURVE('0:281',#3140,#3098,#3142,.T.);
#2941=EDGE_CURVE('0:272',#3138,#3098,#3143,.T.);
#2942=EDGE_CURVE('',#3124,#3144,#3145,.T.);
#2943=EDGE_CURVE('0:269',#3122,#3146,#3147,.T.);
#2944=EDGE_CURVE('0:263',#3146,#3148,#3149,.T.);
#2945=EDGE_CURVE('0:266',#3148,#3144,#3150,.T.);
#2946=EDGE_CURVE('',#3151,#3152,#3153,.T.);
#2947=EDGE_CURVE('0:143',#3151,#3130,#3154,.T.);
#2948=EDGE_CURVE('0:251',#3152,#3128,#3155,.T.);
#2949=EDGE_CURVE('0:218',#3036,#3042,#3156,.T.);
#2950=EDGE_CURVE('',#3119,#3157,#3158,.T.);
#2951=EDGE_CURVE('0:230',#3159,#3117,#3160,.T.);
#2952=EDGE_CURVE('0:233',#3161,#3159,#3162,.T.);
#2953=EDGE_CURVE('0:236',#3163,#3161,#3164,.T.);
#2954=EDGE_CURVE('0:152',#3163,#3165,#3166,.F.);
#2955=EDGE_CURVE('',#3076,#3165,#3167,.T.);
#2956=EDGE_CURVE('0:242',#3157,#3074,#3168,.T.);
#2957=EDGE_CURVE('',#3169,#3170,#3171,.T.);
#2958=EDGE_CURVE('0:209',#3169,#3172,#3173,.F.);
#2959=EDGE_CURVE('',#3038,#3172,#3174,.T.);
#2960=EDGE_CURVE('0:215',#3170,#3035,#3175,.T.);
#2961=EDGE_CURVE('',#3176,#3177,#3178,.T.);
#2962=EDGE_CURVE('0:173',#3179,#3176,#3180,.T.);
#2963=EDGE_CURVE('0:200',#3181,#3179,#3182,.T.);
#2964=EDGE_CURVE('0:164',#3181,#3177,#3183,.T.);
#2965=EDGE_CURVE('',#3184,#3185,#3186,.T.);
#2966=EDGE_CURVE('0:194',#3187,#3184,#3188,.F.);
#2967=EDGE_CURVE('0:197',#3187,#3189,#3190,.F.);
#2968=EDGE_CURVE('0:179',#3185,#3189,#3191,.T.);
#2969=EDGE_CURVE('',#3192,#3193,#3194,.T.);
#2970=EDGE_CURVE('0:176',#3195,#3192,#3196,.T.);
#2971=EDGE_CURVE('0:188',#3195,#3179,#3197,.T.);
#2972=EDGE_CURVE('0:182',#3193,#3179,#3198,.T.);
#2973=EDGE_CURVE('',#3185,#3176,#3199,.T.);
#2974=EDGE_CURVE('0:182',#3189,#3193,#3200,.T.);
#2975=EDGE_CURVE('',#3201,#3048,#3202,.T.);
#2976=EDGE_CURVE('0:134',#3203,#3201,#3204,.T.);
#2977=EDGE_CURVE('',#3045,#3203,#3205,.T.);
#2978=EDGE_CURVE('0:170',#3048,#3045,#3206,.T.);
#2979=EDGE_CURVE('',#3203,#3207,#3208,.T.);
#2980=EDGE_CURVE('',#3209,#3201,#3210,.T.);
#2981=EDGE_CURVE('0:137',#3209,#3207,#3211,.T.);
#2982=EDGE_CURVE('0:137',#3207,#3209,#3212,.T.);
#2983=EDGE_CURVE('0:134',#3201,#3203,#3213,.T.);
#2984=EDGE_CURVE('0:143',#3214,#3151,#3215,.T.);
#2985=EDGE_CURVE('0:146',#3214,#3216,#3217,.T.);
#2986=EDGE_CURVE('0:149',#3080,#3216,#3218,.T.);
#2987=EDGE_CURVE('0:152',#3165,#3084,#3219,.F.);
#2988=EDGE_CURVE('0:155',#3088,#3163,#3220,.T.);
#2989=EDGE_CURVE('0:158',#3092,#3140,#3221,.T.);
#2990=EDGE_CURVE('0:161',#3222,#3137,#3223,.T.);
#2991=EDGE_CURVE('0:140',#3132,#3222,#3224,.F.);
#2992=EDGE_CURVE('0:167',#3225,#3181,#3226,.T.);
#2993=EDGE_CURVE('0:164',#3177,#3225,#3227,.T.);
#2994=EDGE_CURVE('0:173',#3176,#3195,#3228,.T.);
#2995=EDGE_CURVE('0:176',#3192,#3229,#3230,.T.);
#2996=EDGE_CURVE('0:179',#3229,#3185,#3231,.T.);
#2997=EDGE_CURVE('0:185',#3189,#3229,#3232,.T.);
#2998=EDGE_CURVE('0:191',#3229,#3233,#3234,.F.);
#2999=EDGE_CURVE('0:194',#3184,#3233,#3235,.F.);
#3000=EDGE_CURVE('0:203',#3195,#3225,#3236,.T.);
#3001=EDGE_CURVE('0:206',#3233,#3187,#3237,.F.);
#3002=EDGE_CURVE('0:209',#3172,#3169,#3238,.F.);
#3003=EDGE_CURVE('0:212',#3072,#3067,#3239,.T.);
#3004=EDGE_CURVE('0:215',#3040,#3170,#3240,.T.);
#3005=EDGE_CURVE('0:242',#3068,#3157,#3241,.T.);
#3006=EDGE_CURVE('0:221',#3242,#3082,#3243,.T.);
#3007=EDGE_CURVE('0:224',#3244,#3242,#3245,.T.);
#3008=EDGE_CURVE('0:227',#3113,#3244,#3246,.T.);
#3009=EDGE_CURVE('0:245',#3126,#3105,#3247,.T.);
#3010=EDGE_CURVE('0:248',#3102,#3248,#3249,.T.);
#3011=EDGE_CURVE('0:251',#3248,#3152,#3250,.T.);
#3012=EDGE_CURVE('0:260',#3248,#3214,#3251,.T.);
#3013=EDGE_CURVE('0:266',#3144,#3105,#3252,.T.);
#3014=EDGE_CURVE('0:272',#3253,#3138,#3254,.T.);
#3015=EDGE_CURVE('0:275',#3095,#3148,#3255,.T.);
#3016=EDGE_CURVE('0:278',#3146,#3253,#3256,.T.);
#3017=EDGE_CURVE('0:284',#3253,#3222,#3257,.T.);
#3018=EDGE_CURVE('0:293',#3134,#3060,#3258,.T.);
#3019=EDGE_CURVE('0:296',#3159,#3259,#3260,.T.);
#3020=EDGE_CURVE('0:299',#3259,#3161,#3261,.T.);
#3021=EDGE_CURVE('0:302',#3109,#3242,#3262,.T.);
#3022=EDGE_CURVE('0:305',#3082,#3109,#3263,.T.);
#3023=EDGE_CURVE('0:308',#3244,#3107,#3264,.T.);
#3024=EDGE_CURVE('0:311',#3107,#3112,#3265,.T.);
#3025=EDGE_CURVE('0:320',#3115,#3259,#3266,.T.);
#3026=EDGE_CURVE('0:326',#3103,#3267,#3268,.T.);
#3027=EDGE_CURVE('0:329',#3267,#3248,#3269,.T.);
#3028=EDGE_CURVE('0:332',#3079,#3267,#3270,.T.);
#3029=EDGE_CURVE('0:335',#3115,#3148,#3271,.T.);
#3030=EDGE_CURVE('0:338',#3096,#3259,#3272,.T.);
#3031=EDGE_CURVE('0:341',#3087,#3161,#3273,.T.);
#3032=EDGE_CURVE('0:344',#3216,#3267,#3274,.T.);
#3033=EDGE_CURVE('0:347',#3058,#3053,#3275,.T.);
#3034=EDGE_CURVE('0:350',#3046,#3050,#3276,.T.);
#3035=VERTEX_POINT('',#3277);
#3036=VERTEX_POINT('',#3278);
#3037=B_SPLINE_CURVE_WITH_KNOTS('',1,(#3279,#3280),.UNSPECIFIED.,.F.,.F.,(2,2),(-1.0,-0.0),.UNSPECIFIED.);
#3038=VERTEX_POINT('',#3281);
#3039=B_SPLINE_CURVE_WITH_KNOTS('',3,(#3282,#3283,#3284,#3285,#3286,#3287,#3288,#3289,#3290,#3291),.UNSPECIFIED.,.F.,.F.,(4,2,2,2,4),(-0.0210613699143049,-0.0201271923010193,-0.0191904527954764,-0.0178684880244169,-0.0167306856711513),.UNSPECIFIED.);
#3040=VERTEX_POINT('',#3292);
#3041=B_SPLINE_CURVE_WITH_KNOTS('',3,(#3293,#3294,#3295,#3296,#3297,#3298,#3299,#3300,#3301,#3302,#3303,#3304,#3305,#3306),.UNSPECIFIED.,.F.,.F.,(4,2,2,2,2,2,4),(-0.0167306856711513,-0.0166122847732467,-0.0153771835821606,-0.0140764729217202,-0.0127526163658082,-0.0114875547876259,-0.0105306849585543),.UNSPECIFIED.);
#3042=VERTEX_POINT('',#3307);
#3043=B_SPLINE_CURVE_WITH_KNOTS('',1,(#3308,#3309),.UNSPECIFIED.,.F.,.F.,(2,2),(-1.0,-0.0),.UNSPECIFIED.);
#3044=B_SPLINE_CURVE_WITH_KNOTS('',3,(#3310,#3311,#3312,#3313,#3314,#3315,#3316,#3317,#3318,#3319,#3320,#3321,#3322,#3323,#3324,#3325,#3326,#3327,#3328,#3329,#3330,#3331,#3332,#3333,#3334,#3335,#3336,#3337,#3338,#3339,#3340,#3341,#3342,#3343,#3344,#3345,#3346,#3347),.UNSPECIFIED.,.F.,.F.,(4,2,2,2,2,2,2,2,2,2,2,2,2,2,2,2,2,2,4),(0.0105306849571524,0.0113952324626123,0.0119342870710469,0.0124733416794815,0.0127526163658082,0.0134145446437642,0.0140764729217202,0.0147268282519404,0.0153771835821606,0.0159947341777037,0.0166122847732467,0.0172403863988318,0.0178684880244169,0.0185294704099466,0.0191904527954764,0.0196588225482478,0.0201271923010193,0.0205942811076621,0.0210613699143049),.UNSPECIFIED.);
#3045=VERTEX_POINT('',#3348);
#3046=VERTEX_POINT('',#3349);
#3047=LINE('',#3350,#3351);
#3048=VERTEX_POINT('',#3352);
#3049=CIRCLE('',#3353,0.00184999999999999);
#3050=VERTEX_POINT('',#3354);
#3051=LINE('',#3355,#3356);
#3052=CIRCLE('',#3357,0.00245000000000006);
#3053=VERTEX_POINT('',#3358);
#3054=VERTEX_POINT('',#3359);
#3055=CIRCLE('',#3360,0.002);
#3056=VERTEX_POINT('',#3361);
#3057=CIRCLE('',#3362,0.008);
#3058=VERTEX_POINT('',#3363);
#3059=CIRCLE('',#3364,0.008);
#3060=VERTEX_POINT('',#3365);
#3061=CIRCLE('',#3366,0.002);
#3062=VERTEX_POINT('',#3367);
#3063=CIRCLE('',#3368,0.01);
#3064=VERTEX_POINT('',#3369);
#3065=CIRCLE('',#3370,0.01);
#3066=CIRCLE('',#3371,0.01);
#3067=VERTEX_POINT('',#3372);
#3068=VERTEX_POINT('',#3373);
#3069=CIRCLE('',#3374,0.0014);
#3070=VERTEX_POINT('',#3375);
#3071=CIRCLE('',#3376,0.0106);
#3072=VERTEX_POINT('',#3377);
#3073=CIRCLE('',#3378,0.0106);
#3074=VERTEX_POINT('',#3379);
#3075=CIRCLE('',#3380,0.0014);
#3076=VERTEX_POINT('',#3381);
#3077=CIRCLE('',#3382,0.012);
#3078=CIRCLE('',#3383,0.012);
#3079=VERTEX_POINT('',#3384);
#3080=VERTEX_POINT('',#3385);
#3081=LINE('',#3386,#3387);
#3082=VERTEX_POINT('',#3388);
#3083=CIRCLE('',#3389,0.00499999999999998);
#3084=VERTEX_POINT('',#3390);
#3085=LINE('',#3391,#3392);
#3086=CIRCLE('',#3393,0.005);
#3087=VERTEX_POINT('',#3394);
#3088=VERTEX_POINT('',#3395);
#3089=LINE('',#3396,#3397);
#3090=VERTEX_POINT('',#3398);
#3091=CIRCLE('',#3399,0.00500000000000001);
#3092=VERTEX_POINT('',#3400);
#3093=LINE('',#3401,#3402);
#3094=CIRCLE('',#3403,0.005);
#3095=VERTEX_POINT('',#3404);
#3096=VERTEX_POINT('',#3405);
#3097=LINE('',#3406,#3407);
#3098=VERTEX_POINT('',#3408);
#3099=B_SPLINE_CURVE_WITH_KNOTS('',3,(#3409,#3410,#3411,#3412,#3413,#3414,#3415,#3416,#3417,#3418,#3419,#3420),.UNSPECIFIED.,.F.,.F.,(4,2,2,2,2,4),(-0.00677163804872008,-0.00562566853278284,-0.00447969901684559,-0.00225721268290669,-0.000868158724194882,-0.0),.UNSPECIFIED.);
#3100=LINE('',#3421,#3422);
#3101=CIRCLE('',#3423,0.002);
#3102=VERTEX_POINT('',#3424);
#3103=VERTEX_POINT('',#3425);
#3104=LINE('',#3426,#3427);
#3105=VERTEX_POINT('',#3428);
#3106=B_SPLINE_CURVE_WITH_KNOTS('',3,(#3429,#3430,#3431,#3432,#3433,#3434,#3435,#3436,#3437,#3438,#3439,#3440,#3441,#3442,#3443,#3444,#3445,#3446),.UNSPECIFIED.,.F.,.F.,(4,2,2,2,2,2,2,2,4),(-0.00678307198441643,-0.00563516749474595,-0.00452204798961095,-0.00382634829890157,-0.00339153599220821,-0.00295672368551485,-0.00226102399480548,-0.00114790448967047,-0.0),.UNSPECIFIED.);
#3107=VERTEX_POINT('',#3447);
#3108=LINE('',#3448,#3449);
#3109=VERTEX_POINT('',#3450);
#3110=B_SPLINE_CURVE_WITH_KNOTS('',3,(#3451,#3452,#3453,#3454,#3455,#3456,#3457,#3458,#3459,#3460,#3461,#3462,#3463,#3464,#3465,#3466,#3467,#3468),.UNSPECIFIED.,.F.,.F.,(4,2,2,2,2,2,2,2,4),(1.7243824227706E-17,0.00047214930970127,0.000929991064563092,0.00121614216135173,0.00139498659684463,0.00157383103233753,0.00185998212912617,0.00231782388398799,0.00278997319368924),.UNSPECIFIED.);
#3111=CIRCLE('',#3469,0.00200000000000001);
#3112=VERTEX_POINT('',#3470);
#3113=VERTEX_POINT('',#3471);
#3114=CIRCLE('',#3472,0.000999999999721889);
#3115=VERTEX_POINT('',#3473);
#3116=CIRCLE('',#3474,0.0129999999997219);
#3117=VERTEX_POINT('',#3475);
#3118=CIRCLE('',#3476,0.000999999999721895);
#3119=VERTEX_POINT('',#3477);
#3120=CIRCLE('',#3478,0.012);
#3121=CIRCLE('',#3479,0.012);
#3122=VERTEX_POINT('',#3480);
#3123=LINE('',#3481,#3482);
#3124=VERTEX_POINT('',#3483);
#3125=CIRCLE('',#3484,0.01);
#3126=VERTEX_POINT('',#3485);
#3127=CIRCLE('',#3486,0.01);
#3128=VERTEX_POINT('',#3487);
#3129=B_SPLINE_CURVE_WITH_KNOTS('',3,(#3488,#3489,#3490,#3491,#3492,#3493,#3494,#3495,#3496,#3497,#3498,#3499,#3500,#3501,#3502,#3503,#3504,#3505,#3506,#3507,#3508,#3509,#3510,#3511,#3512,#3513),.UNSPECIFIED.,.F.,.F.,(4,2,2,2,2,2,2,2,2,2,2,2,4),(0.0,0.000207064779218898,0.000414129558437795,0.000781017024054134,0.00114790448967047,0.00170446424223797,0.00226102399480548,0.00295672368551485,0.00339153599220821,0.00382634829890157,0.00452204798961095,0.00563516749474595,0.00678307198441643),.UNSPECIFIED.);
#3130=VERTEX_POINT('',#3514);
#3131=LINE('',#3515,#3516);
#3132=VERTEX_POINT('',#3517);
#3133=CIRCLE('',#3518,0.01);
#3134=VERTEX_POINT('',#3519);
#3135=LINE('',#3520,#3521);
#3136=CIRCLE('',#3522,0.01);
#3137=VERTEX_POINT('',#3523);
#3138=VERTEX_POINT('',#3524);
#3139=LINE('',#3525,#3526);
#3140=VERTEX_POINT('',#3527);
#3141=CIRCLE('',#3528,0.000999999999986123);
#3142=LINE('',#3529,#3530);
#3143=CIRCLE('',#3531,0.000999999999986114);
#3144=VERTEX_POINT('',#3532);
#3145=CIRCLE('',#3533,0.000999999999986123);
#3146=VERTEX_POINT('',#3534);
#3147=CIRCLE('',#3535,0.01);
#3148=VERTEX_POINT('',#3536);
#3149=CIRCLE('',#3537,0.000999999999986124);
#3150=CIRCLE('',#3538,0.0109999999999861);
#3151=VERTEX_POINT('',#3539);
#3152=VERTEX_POINT('',#3540);
#3153=LINE('',#3541,#3542);
#3154=CIRCLE('',#3543,0.000999999999986123);
#3155=CIRCLE('',#3544,0.000999999999986137);
#3156=B_SPLINE_CURVE_WITH_KNOTS('',3,(#3545,#3546,#3547,#3548,#3549,#3550,#3551,#3552,#3553,#3554,#3555,#3556,#3557,#3558,#3559,#3560,#3561,#3562,#3563,#3564,#3565,#3566,#3567,#3568,#3569,#3570,#3571,#3572,#3573,#3574,#3575,#3576,#3577,#3578,#3579,#3580),.UNSPECIFIED.,.F.,.F.,(4,2,2,2,2,2,2,2,2,2,2,2,2,2,2,2,2,4),(0.0,0.000618485004738602,0.0012369700094772,0.0018766690883532,0.0025163681672292,0.00318065214885173,0.00384493613047426,0.00448679485342527,0.00512865357637628,0.00574406103742464,0.006359468498473,0.00699532951236836,0.00763119052626373,0.00829522542874469,0.00895926033122566,0.00960432370399658,0.0102493870767675,0.0105306849571524),.UNSPECIFIED.);
#3157=VERTEX_POINT('',#3581);
#3158=LINE('',#3582,#3583);
#3159=VERTEX_POINT('',#3584);
#3160=B_SPLINE_CURVE_WITH_KNOTS('',3,(#3585,#3586,#3587,#3588,#3589,#3590,#3591,#3592,#3593,#3594,#3595,#3596,#3597,#3598,#3599,#3600,#3601,#3602),.UNSPECIFIED.,.F.,.F.,(4,2,2,2,2,2,2,2,4),(0.0,0.000472148320468667,0.000929989116074647,0.00121613961332838,0.00139498367411197,0.00157382773489556,0.00185997823214929,0.00231781902775528,0.00278996734822394),.UNSPECIFIED.);
#3161=VERTEX_POINT('',#3603);
#3162=B_SPLINE_CURVE_WITH_KNOTS('',3,(#3604,#3605,#3606,#3607,#3608,#3609,#3610,#3611,#3612,#3613,#3614,#3615,#3616,#3617,#3618,#3619,#3620,#3621,#3622,#3623),.UNSPECIFIED.,.F.,.F.,(4,2,2,2,2,2,2,2,2,4),(-0.00344713203971464,-0.0034375545944347,-0.0028637712329937,-0.00229808802647643,-0.00194453602240313,-0.00172356601985732,-0.00150259601731151,-0.00114904401323821,-0.000583360806720939,-0.0),.UNSPECIFIED.);
#3163=VERTEX_POINT('',#3624);
#3164=LINE('',#3625,#3626);
#3165=VERTEX_POINT('',#3627);
#3166=CIRCLE('',#3628,0.012);
#3167=LINE('',#3629,#3630);
#3168=CIRCLE('',#3631,0.012);
#3169=VERTEX_POINT('',#3632);
#3170=VERTEX_POINT('',#3633);
#3171=LINE('',#3634,#3635);
#3172=VERTEX_POINT('',#3636);
#3173=CIRCLE('',#3637,0.00185);
#3174=LINE('',#3638,#3639);
#3175=B_SPLINE_CURVE_WITH_KNOTS('',3,(#3640,#3641,#3642,#3643,#3644,#3645,#3646,#3647,#3648,#3649,#3650,#3651),.UNSPECIFIED.,.F.,.F.,(4,2,2,2,2,4),(-0.0062017945616752,-0.00512865357637628,-0.00384493613047426,-0.0025163681672292,-0.0012369700094772,-0.0),.UNSPECIFIED.);
#3176=VERTEX_POINT('',#3652);
#3177=VERTEX_POINT('',#3653);
#3178=LINE('',#3654,#3655);
#3179=VERTEX_POINT('',#3656);
#3180=CIRCLE('',#3657,0.00308933982822018);
#3181=VERTEX_POINT('',#3658);
#3182=B_SPLINE_CURVE_WITH_KNOTS('',2,(#3659,#3660,#3661),.UNSPECIFIED.,.F.,.F.,(3,3),(0.0849663498739269,0.0904695378162273),.UNSPECIFIED.);
#3183=CIRCLE('',#3662,0.00415000000000011);
#3184=VERTEX_POINT('',#3663);
#3185=VERTEX_POINT('',#3664);
#3186=LINE('',#3665,#3666);
#3187=VERTEX_POINT('',#3667);
#3188=CIRCLE('',#3668,0.00265);
#3189=VERTEX_POINT('',#3669);
#3190=LINE('',#3670,#3671);
#3191=CIRCLE('',#3672,0.00265000000000001);
#3192=VERTEX_POINT('',#3673);
#3193=VERTEX_POINT('',#3674);
#3194=LINE('',#3675,#3676);
#3195=VERTEX_POINT('',#3677);
#3196=B_SPLINE_CURVE_WITH_KNOTS('',3,(#3678,#3679,#3680,#3681,#3682,#3683,#3684,#3685),.UNSPECIFIED.,.F.,.F.,(4,2,2,4),(-0.00120103198292338,-0.000812028222041533,-0.000449622849907775,-0.0),.UNSPECIFIED.);
#3197=LINE('',#3686,#3687);
#3198=B_SPLINE_CURVE_WITH_KNOTS('',3,(#3688,#3689,#3690,#3691,#3692,#3693,#3694,#3695),.UNSPECIFIED.,.F.,.F.,(4,2,2,4),(-0.0012239007874478,-0.000922395029719024,-0.000581945619919426,-0.0),.UNSPECIFIED.);
#3199=CIRCLE('',#3696,0.0015);
#3200=B_SPLINE_CURVE_WITH_KNOTS('',3,(#3697,#3698,#3699,#3700,#3701,#3702,#3703,#3704),.UNSPECIFIED.,.F.,.F.,(4,2,2,4),(-0.0012239007874478,-0.000922395029719024,-0.000581945619919426,-0.0),.UNSPECIFIED.);
#3201=VERTEX_POINT('',#3705);
#3202=LINE('',#3706,#3707);
#3203=VERTEX_POINT('',#3708);
#3204=CIRCLE('',#3709,0.00185000000000001);
#3205=LINE('',#3710,#3711);
#3206=CIRCLE('',#3712,0.00184999999999999);
#3207=VERTEX_POINT('',#3713);
#3208=LINE('',#3714,#3715);
#3209=VERTEX_POINT('',#3716);
#3210=LINE('',#3717,#3718);
#3211=CIRCLE('',#3719,0.00284999999999998);
#3212=CIRCLE('',#3720,0.00284999999999998);
#3213=CIRCLE('',#3721,0.00185000000000001);
#3214=VERTEX_POINT('',#3722);
#3215=CIRCLE('',#3723,0.000999999999986123);
#3216=VERTEX_POINT('',#3724);
#3217=LINE('',#3725,#3726);
#3218=CIRCLE('',#3727,0.005);
#3219=CIRCLE('',#3728,0.012);
#3220=CIRCLE('',#3729,0.005);
#3221=LINE('',#3730,#3731);
#3222=VERTEX_POINT('',#3732);
#3223=CIRCLE('',#3733,0.000999999999986123);
#3224=CIRCLE('',#3734,0.01);
#3225=VERTEX_POINT('',#3735);
#3226=LINE('',#3736,#3737);
#3227=CIRCLE('',#3738,0.00415000000000011);
#3228=CIRCLE('',#3739,0.00308933982822018);
#3229=VERTEX_POINT('',#3740);
#3230=B_SPLINE_CURVE_WITH_KNOTS('',3,(#3741,#3742,#3743,#3744,#3745,#3746,#3747,#3748),.UNSPECIFIED.,.F.,.F.,(4,2,2,4),(-0.00120103198292338,-0.000812028222041533,-0.000449622849907775,-0.0),.UNSPECIFIED.);
#3231=CIRCLE('',#3749,0.00265000000000001);
#3232=LINE('',#3750,#3751);
#3233=VERTEX_POINT('',#3752);
#3234=LINE('',#3753,#3754);
#3235=CIRCLE('',#3755,0.00265);
#3236=B_SPLINE_CURVE_WITH_KNOTS('',2,(#3756,#3757,#3758),.UNSPECIFIED.,.F.,.F.,(3,3),(0.127173684673338,0.132676872615642),.UNSPECIFIED.);
#3237=LINE('',#3759,#3760);
#3238=CIRCLE('',#3761,0.00185);
#3239=CIRCLE('',#3762,0.0106);
#3240=B_SPLINE_CURVE_WITH_KNOTS('',3,(#3763,#3764,#3765,#3766,#3767,#3768,#3769,#3770,#3771,#3772,#3773,#3774),.UNSPECIFIED.,.F.,.F.,(4,2,2,2,2,4),(-0.0105306849585543,-0.0102493870767675,-0.00895926033122566,-0.00763119052626373,-0.006359468498473,-0.0062017945616752),.UNSPECIFIED.);
#3241=CIRCLE('',#3775,0.012);
#3242=VERTEX_POINT('',#3776);
#3243=B_SPLINE_CURVE_WITH_KNOTS('',3,(#3777,#3778,#3779,#3780,#3781,#3782,#3783,#3784,#3785,#3786,#3787,#3788,#3789,#3790,#3791,#3792,#3793,#3794,#3795,#3796),.UNSPECIFIED.,.F.,.F.,(4,2,2,2,2,2,2,2,2,4),(-0.00343760485298799,-0.0028542440936719,-0.00228856093312296,-0.00193500895777988,-0.00171403897319045,-0.00149306898860102,-0.00113951701325794,-0.000573833852709004,-0.0,9.52690660708545E-06),.UNSPECIFIED.);
#3244=VERTEX_POINT('',#3797);
#3245=B_SPLINE_CURVE_WITH_KNOTS('',3,(#3798,#3799,#3800,#3801,#3802,#3803,#3804,#3805,#3806,#3807),.UNSPECIFIED.,.F.,.F.,(4,2,2,2,4),(-0.00278997319368924,-0.00184567457428674,-0.000929991064563092,-0.000357688870985815,-1.7243824227706E-17),.UNSPECIFIED.);
#3246=CIRCLE('',#3808,0.012);
#3247=CIRCLE('',#3809,0.000999999999986115);
#3248=VERTEX_POINT('',#3810);
#3249=B_SPLINE_CURVE_WITH_KNOTS('',3,(#3811,#3812,#3813,#3814,#3815,#3816,#3817,#3818,#3819,#3820,#3821,#3822,#3823,#3824,#3825,#3826,#3827,#3828),.UNSPECIFIED.,.F.,.F.,(4,2,2,2,2,2,2,2,4),(-0.00678307198441643,-0.00563516749474595,-0.00452204798961095,-0.00382634829890157,-0.00339153599220821,-0.00295672368551485,-0.00226102399480548,-0.00114790448967047,-0.0),.UNSPECIFIED.);
#3250=CIRCLE('',#3829,0.000999999999986137);
#3251=LINE('',#3830,#3831);
#3252=CIRCLE('',#3832,0.0109999999999861);
#3253=VERTEX_POINT('',#3833);
#3254=CIRCLE('',#3834,0.000999999999986114);
#3255=B_SPLINE_CURVE_WITH_KNOTS('',3,(#3835,#3836,#3837,#3838,#3839,#3840,#3841,#3842,#3843,#3844,#3845,#3846),.UNSPECIFIED.,.F.,.F.,(4,2,2,2,2,4),(-0.00677163804872008,-0.00562566853278284,-0.00447969901684559,-0.00225721268290669,-0.000868158724194882,-0.0),.UNSPECIFIED.);
#3256=B_SPLINE_CURVE_WITH_KNOTS('',3,(#3847,#3848,#3849,#3850,#3851,#3852,#3853,#3854,#3855,#3856,#3857,#3858,#3859,#3860,#3861,#3862,#3863,#3864,#3865,#3866,#3867,#3868,#3869,#3870),.UNSPECIFIED.,.F.,.F.,(4,2,2,2,2,2,2,2,2,2,2,4),(0.0,0.00136505522443168,0.00225721268290669,0.0029517396622626,0.00338581902436004,0.00381989838645748,0.00451442536581339,0.00507004694929811,0.00562566853278284,0.00623825983932989,0.00650494894402499,0.00677163804872008),.UNSPECIFIED.);
#3257=LINE('',#3871,#3872);
#3258=CIRCLE('',#3873,0.01);
#3259=VERTEX_POINT('',#3874);
#3260=CIRCLE('',#3875,0.000999999999721896);
#3261=B_SPLINE_CURVE_WITH_KNOTS('',3,(#3876,#3877,#3878,#3879,#3880,#3881,#3882,#3883,#3884,#3885,#3886,#3887,#3888,#3889,#3890,#3891,#3892,#3893,#3894,#3895),.UNSPECIFIED.,.F.,.F.,(4,2,2,2,2,2,2,2,2,4),(0.0,0.000583360806720939,0.00114904401323821,0.00150259601731151,0.00172356601985732,0.00194453602240313,0.00229808802647643,0.0028637712329937,0.0034375545944347,0.00344713203971464),.UNSPECIFIED.);
#3262=CIRCLE('',#3896,0.000999999999721881);
#3263=B_SPLINE_CURVE_WITH_KNOTS('',3,(#3897,#3898,#3899,#3900,#3901,#3902,#3903,#3904,#3905,#3906,#3907,#3908,#3909,#3910,#3911,#3912,#3913,#3914,#3915,#3916),.UNSPECIFIED.,.F.,.F.,(4,2,2,2,2,2,2,2,2,4),(-9.52690660708545E-06,0.0,0.000573833852709004,0.00113951701325794,0.00149306898860102,0.00171403897319045,0.00193500895777988,0.00228856093312296,0.0028542440936719,0.00343760485298799),.UNSPECIFIED.);
#3264=CIRCLE('',#3917,0.000999999999721877);
#3265=CIRCLE('',#3918,0.0129999999997219);
#3266=B_SPLINE_CURVE_WITH_KNOTS('',3,(#3919,#3920,#3921,#3922,#3923,#3924,#3925,#3926,#3927,#3928),.UNSPECIFIED.,.F.,.F.,(4,2,2,2,4),(-0.00278996734822394,-0.00184567070728661,-0.000929989116074647,-0.000357688121567172,-0.0),.UNSPECIFIED.);
#3267=VERTEX_POINT('',#3929);
#3268=CIRCLE('',#3930,0.00200000000000001);
#3269=LINE('',#3931,#3932);
#3270=CIRCLE('',#3933,0.00499999999999998);
#3271=LINE('',#3934,#3935);
#3272=CIRCLE('',#3936,0.002);
#3273=CIRCLE('',#3937,0.00500000000000001);
#3274=LINE('',#3938,#3939);
#3275=CIRCLE('',#3940,0.008);
#3276=CIRCLE('',#3941,0.00245000000000006);
#3277=CARTESIAN_POINT('',(0.00249721856307265,0.125353433043632,-0.0890691204125046));
#3278=CARTESIAN_POINT('',(0.000997217130799091,0.125190339614924,-0.087578014549994));
#3279=CARTESIAN_POINT('',(0.00249721856307266,0.125353433043632,-0.0890691204125046));
#3280=CARTESIAN_POINT('',(0.000997217130799093,0.125190339614924,-0.0875780145499939));
#3281=CARTESIAN_POINT('',(0.00383226312320011,0.127175496418405,-0.0893792927597992));
#3282=CARTESIAN_POINT('',(0.00249721856307266,0.125353433043632,-0.0890691204125046));
#3283=CARTESIAN_POINT('',(0.00249712357369754,0.125524384151171,-0.0890504924700236));
#3284=CARTESIAN_POINT('',(0.00252155048278278,0.125698645757243,-0.0890459886164064));
#3285=CARTESIAN_POINT('',(0.00261604096046556,0.126032307136344,-0.0890627324363337));
#3286=CARTESIAN_POINT('',(0.00268709547163387,0.126195026798092,-0.0890840878327898));
#3287=CARTESIAN_POINT('',(0.0029047981133491,0.126553826607977,-0.0891540254072153));
#3288=CARTESIAN_POINT('',(0.00307513493488272,0.126742542237878,-0.0892114474703901));
#3289=CARTESIAN_POINT('',(0.00343894649643133,0.12701502631596,-0.0893092408935604));
#3290=CARTESIAN_POINT('',(0.00363131173214053,0.127113933099403,-0.0893518309644697));
#3291=CARTESIAN_POINT('',(0.00383226312320011,0.127175496418405,-0.0893792927597992));
#3292=CARTESIAN_POINT('',(0.00619721697250497,0.125356635908031,-0.0890687689493951));
#3293=CARTESIAN_POINT('',(0.00383226312320041,0.127175496418405,-0.0893792927597992));
#3294=CARTESIAN_POINT('',(0.0038531768201264,0.127181888933659,-0.0893821408832437));
#3295=CARTESIAN_POINT('',(0.003874171562234,0.12718791454856,-0.0893848509749035));
#3296=CARTESIAN_POINT('',(0.0041150138691816,0.127252100270073,-0.0894138376854353));
#3297=CARTESIAN_POINT('',(0.00435046228941684,0.127267605528005,-0.0894215478756396));
#3298=CARTESIAN_POINT('',(0.00481328040665455,0.127206532342514,-0.0893931380376406));
#3299=CARTESIAN_POINT('',(0.0050483086086167,0.127123969527866,-0.0893544482956015));
#3300=CARTESIAN_POINT('',(0.00546511270528578,0.126877378460332,-0.0892575228731688));
#3301=CARTESIAN_POINT('',(0.00565419994677089,0.126707562037032,-0.0891981151772351));
#3302=CARTESIAN_POINT('',(0.0059447440891199,0.126324820296619,-0.0891041961436794));
#3303=CARTESIAN_POINT('',(0.00605477342418264,0.126107429789182,-0.0890677272742391));
#3304=CARTESIAN_POINT('',(0.00617069303654952,0.125712129047123,-0.0890458207285765));
#3305=CARTESIAN_POINT('',(0.00619700614009736,0.125532888410807,-0.0890497448652637));
#3306=CARTESIAN_POINT('',(0.00619721697250497,0.125356635908031,-0.0890687689493951));
#3307=CARTESIAN_POINT('',(0.00769721425916479,0.125196977676909,-0.0875772866497218));
#3308=CARTESIAN_POINT('',(0.00619721697250497,0.125356635908031,-0.0890687689493951));
#3309=CARTESIAN_POINT('',(0.00769721425916479,0.125196977676909,-0.0875772866497218));
#3310=CARTESIAN_POINT('',(0.00769721425916479,0.125196977676909,-0.0875772866497218));
#3311=CARTESIAN_POINT('',(0.00769686970396475,0.125526561166969,-0.0875416093203869));
#3312=CARTESIAN_POINT('',(0.00765809354015626,0.125859959023534,-0.0875198116442104));
#3313=CARTESIAN_POINT('',(0.00753744425008538,0.126377835475182,-0.0875064509111106));
#3314=CARTESIAN_POINT('',(0.00747732274440147,0.126572454988972,-0.0875063936662198));
#3315=CARTESIAN_POINT('',(0.00733006800310135,0.126950702367287,-0.0875150055806505));
#3316=CARTESIAN_POINT('',(0.00724311310314609,0.127133507860543,-0.0875236869766503));
#3317=CARTESIAN_POINT('',(0.00709373763654141,0.127396116027873,-0.0875416310297883));
#3318=CARTESIAN_POINT('',(0.00703970457279413,0.127483112876125,-0.0875485884328041));
#3319=CARTESIAN_POINT('',(0.00684843343179638,0.127766173974708,-0.0875741357011426));
#3320=CARTESIAN_POINT('',(0.00669594717236508,0.127952063753656,-0.0875959886731605));
#3321=CARTESIAN_POINT('',(0.00636226425422159,0.128286294451433,-0.0876418336996248));
#3322=CARTESIAN_POINT('',(0.00618116336585301,0.128434533604124,-0.0876657578596358));
#3323=CARTESIAN_POINT('',(0.00580378694728602,0.128683538634982,-0.0877094008615231));
#3324=CARTESIAN_POINT('',(0.00560414834774046,0.128787467202047,-0.0877295926063308));
#3325=CARTESIAN_POINT('',(0.00519028706983001,0.128948028344289,-0.0877620717726169));
#3326=CARTESIAN_POINT('',(0.00497623142934898,0.129004585165543,-0.0877742984100721));
#3327=CARTESIAN_POINT('',(0.00455719346730873,0.129066036662104,-0.0877876482121487));
#3328=CARTESIAN_POINT('',(0.00434855540919102,0.129073936194764,-0.0877894177686201));
#3329=CARTESIAN_POINT('',(0.00393375102559414,0.129043830004507,-0.0877828148133971));
#3330=CARTESIAN_POINT('',(0.00372775816519336,0.129005839321878,-0.0877744543003974));
#3331=CARTESIAN_POINT('',(0.00332638912831776,0.128886883510012,-0.0877495553461653));
#3332=CARTESIAN_POINT('',(0.00312754580828276,0.128804138124199,-0.0877326678773679));
#3333=CARTESIAN_POINT('',(0.00274729454508017,0.128597127665613,-0.0876938401191493));
#3334=CARTESIAN_POINT('',(0.00256600010117387,0.128472933199483,-0.087671955870117));
#3335=CARTESIAN_POINT('',(0.00222074731318733,0.128184050760556,-0.0876270378179322));
#3336=CARTESIAN_POINT('',(0.00205476341449824,0.12801472759462,-0.0876035687598246));
#3337=CARTESIAN_POINT('',(0.00175429933917549,0.127642150677872,-0.0875617037377862));
#3338=CARTESIAN_POINT('',(0.00161990610235227,0.127439007949421,-0.087543371272278));
#3339=CARTESIAN_POINT('',(0.00142279653407732,0.127073158084412,-0.0875208780304919));
#3340=CARTESIAN_POINT('',(0.00134961817012647,0.126914160053003,-0.087514020079917));
#3341=CARTESIAN_POINT('',(0.0012229877494579,0.126586075642309,-0.0875068655054904));
#3342=CARTESIAN_POINT('',(0.00116954886532859,0.126417022036344,-0.0875065767790192));
#3343=CARTESIAN_POINT('',(0.00108399626119224,0.126074402252449,-0.087513516835197));
#3344=CARTESIAN_POINT('',(0.00105139648404754,0.125899098244279,-0.087520764625189));
#3345=CARTESIAN_POINT('',(0.00100796101909971,0.125545491379471,-0.0875433887203307));
#3346=CARTESIAN_POINT('',(0.000997131353325142,0.125367233918254,-0.087558765170156));
#3347=CARTESIAN_POINT('',(0.000997217130799093,0.125190339614924,-0.0875780145499939));
#3348=CARTESIAN_POINT('',(-0.00325271278598997,0.132088375443122,-0.151054310769031));
#3349=CARTESIAN_POINT('',(-0.00385271212261232,0.132153181971235,-0.151650801263479));
#3350=CARTESIAN_POINT('',(-0.00385271212261233,0.132153181971235,-0.151650801263479));
#3351=VECTOR('',#3942,1.0);
#3352=CARTESIAN_POINT('',(-0.00325271687662526,0.131688773069303,-0.147375952719191));
#3353=AXIS2_PLACEMENT_3D('',#3943,#3944,#3945);
#3354=CARTESIAN_POINT('',(-0.00385271753994017,0.131623978827528,-0.146779462224502));
#3355=CARTESIAN_POINT('',(-0.00385271753994016,0.131623978827528,-0.146779462224502));
#3356=VECTOR('',#3946,1.0);
#3357=AXIS2_PLACEMENT_3D('',#3947,#3948,#3949);
#3358=CARTESIAN_POINT('',(-0.00385264185062623,0.139016632592515,-0.152847055741907));
#3359=CARTESIAN_POINT('',(-0.00185262360556854,0.140798625163569,-0.153755036741788));
#3360=AXIS2_PLACEMENT_3D('',#3950,#3951,#3952);
#3361=CARTESIAN_POINT('',(-0.00385277105247223,0.126397372162006,-0.143397345903087));
#3362=AXIS2_PLACEMENT_3D('',#3953,#3954,#3955);
#3363=CARTESIAN_POINT('',(-0.00385278781192628,0.124760528206248,-0.145583207746074));
#3364=AXIS2_PLACEMENT_3D('',#3956,#3957,#3958);
#3365=CARTESIAN_POINT('',(-0.00185280605719361,0.122978494680735,-0.144675226746997));
#3366=AXIS2_PLACEMENT_3D('',#3959,#3960,#3961);
#3367=CARTESIAN_POINT('',(-0.00185278510787607,0.125024549625432,-0.141942899443263));
#3368=AXIS2_PLACEMENT_3D('',#3962,#3963,#3964);
#3369=CARTESIAN_POINT('',(-0.00185273296055722,0.130117699789092,-0.139373177955189));
#3370=AXIS2_PLACEMENT_3D('',#3965,#3966,#3967);
#3371=AXIS2_PLACEMENT_3D('',#3968,#3969,#3970);
#3372=CARTESIAN_POINT('',(-0.00295277011690193,0.126488090588875,-0.11010759052063));
#3373=CARTESIAN_POINT('',(-0.00155277011786327,0.126488017016704,-0.111507590519659));
#3374=AXIS2_PLACEMENT_3D('',#3971,#3972,#3973);
#3375=CARTESIAN_POINT('',(-0.00295272083700181,0.131300838402978,-0.0900629213737228));
#3376=AXIS2_PLACEMENT_3D('',#3974,#3975,#3976);
#3377=CARTESIAN_POINT('',(-0.0029527701034558,0.126488987623107,-0.0889075905396085));
#3378=AXIS2_PLACEMENT_3D('',#3977,#3978,#3979);
#3379=CARTESIAN_POINT('',(-0.00155277010264123,0.126489032527157,-0.0875075905411432));
#3380=AXIS2_PLACEMENT_3D('',#3980,#3981,#3982);
#3381=CARTESIAN_POINT('',(-0.00155271432929709,0.131936410768519,-0.0888155122401405));
#3382=AXIS2_PLACEMENT_3D('',#3983,#3984,#3985);
#3383=AXIS2_PLACEMENT_3D('',#3986,#3987,#3988);
#3384=CARTESIAN_POINT('',(0.00154733680658018,0.13693114469937,-0.105935680793901));
#3385=CARTESIAN_POINT('',(0.0116473368060508,0.136931041289362,-0.105935680795932));
#3386=CARTESIAN_POINT('',(0.00659733680636979,0.136931092994366,-0.105935680794917));
#3387=VECTOR('',#3989,1.0);
#3388=CARTESIAN_POINT('',(0.00154734099750322,0.137340444257807,-0.104629616944978));
#3389=AXIS2_PLACEMENT_3D('',#3990,#3991,#3992);
#3390=CARTESIAN_POINT('',(0.0116473409969739,0.137340340847798,-0.104629616947008));
#3391=CARTESIAN_POINT('',(-0.000952659002365752,0.137340469854344,-0.104629616944475));
#3392=VECTOR('',#3993,1.0);
#3393=AXIS2_PLACEMENT_3D('',#3994,#3995,#3996);
#3394=CARTESIAN_POINT('',(0.00154713959672067,0.117669804743827,-0.108028157128638));
#3395=CARTESIAN_POINT('',(0.0116471395961913,0.117669701333818,-0.108028157130669));
#3396=CARTESIAN_POINT('',(0.00659713959645601,0.117669753038822,-0.108028157129653));
#3397=VECTOR('',#3997,1.0);
#3398=CARTESIAN_POINT('',(0.00154714300249356,0.118002470820305,-0.10935581001534));
#3399=AXIS2_PLACEMENT_3D('',#3998,#3999,#4000);
#3400=CARTESIAN_POINT('',(0.0116471430019642,0.118002367410297,-0.10935581001737));
#3401=CARTESIAN_POINT('',(-0.000952856997375404,0.118002496416842,-0.109355810014837));
#3402=VECTOR('',#4001,1.0);
#3403=AXIS2_PLACEMENT_3D('',#4002,#4003,#4004);
#3404=CARTESIAN_POINT('',(0.000132974980852004,0.122450607705559,-0.144877063047272));
#3405=CARTESIAN_POINT('',(0.0001329354027677,0.118584845369682,-0.109292544703964));
#3406=CARTESIAN_POINT('',(0.000132946406733731,0.119659791098333,-0.119187469091763));
#3407=VECTOR('',#4005,1.0);
#3408=CARTESIAN_POINT('',(0.00154718484544865,0.122089988496838,-0.146981596383019));
#3409=CARTESIAN_POINT('',(0.00154718484544882,0.122089988496838,-0.146981596383019));
#3410=CARTESIAN_POINT('',(0.00129252495303048,0.122089991104203,-0.146981596382968));
#3411=CARTESIAN_POINT('',(0.00106779150323877,0.122113023867958,-0.146740458354704));
#3412=CARTESIAN_POINT('',(0.000707281997491509,0.12218239020403,-0.146212719294822));
#3413=CARTESIAN_POINT('',(0.000558626166965954,0.12222930227494,-0.145913975349335));
#3414=CARTESIAN_POINT('',(0.000162783150533598,0.122402399572777,-0.145019469830652));
#3415=CARTESIAN_POINT('',(-4.51821547761211E-05,0.122563822417418,-0.144396234197261));
#3416=CARTESIAN_POINT('',(-0.000293106079724854,0.122902996983257,-0.143419707335631));
#3417=CARTESIAN_POINT('',(-0.000367526081149008,0.123054728476255,-0.143043733632812));
#3418=CARTESIAN_POINT('',(-0.000437896543246352,0.123331030494394,-0.142456855595439));
#3419=CARTESIAN_POINT('',(-0.00045280128673014,0.123444368243716,-0.142236861518003));
#3420=CARTESIAN_POINT('',(-0.000452800068361629,0.123563361489079,-0.142025464874089));
#3421=CARTESIAN_POINT('',(0.00154715400645959,0.119077416548957,-0.119250734403139));
#3422=VECTOR('',#4006,1.0);
#3423=AXIS2_PLACEMENT_3D('',#4007,#4008,#4009);
#3424=CARTESIAN_POINT('',(0.000133156446804736,0.140174753225142,-0.142951581483403));
#3425=CARTESIAN_POINT('',(0.000133116873852048,0.136308990890454,-0.107367063136158));
#3426=CARTESIAN_POINT('',(0.000133127877818109,0.137383936619105,-0.117261987523957));
#3427=VECTOR('',#4010,1.0);
#3428=CARTESIAN_POINT('',(-0.00045264738712695,0.138475623852513,-0.140405455250413));
#3429=CARTESIAN_POINT('',(-0.000452647387126974,0.13847562385116,-0.140405455248899));
#3430=CARTESIAN_POINT('',(-0.000452645199412995,0.138689312159876,-0.140644663328504));
#3431=CARTESIAN_POINT('',(-0.000426731132781408,0.138895156172223,-0.140899118186784));
#3432=CARTESIAN_POINT('',(-0.000337482321517619,0.139279166251999,-0.14142090272109));
#3433=CARTESIAN_POINT('',(-0.000275431158627958,0.139457604750467,-0.141686962025399));
#3434=CARTESIAN_POINT('',(-0.00015136194026343,0.139729218637915,-0.142128755870394));
#3435=CARTESIAN_POINT('',(-9.78284437360881E-05,0.139829659408961,-0.142301577192233));
#3436=CARTESIAN_POINT('',(-2.31693544278534E-06,0.13998557427223,-0.142584850180383));
#3437=CARTESIAN_POINT('',(3.6469997527498E-05,0.140043790117182,-0.142694386054425));
#3438=CARTESIAN_POINT('',(0.000118000475134632,0.140156547471732,-0.142913887621292));
#3439=CARTESIAN_POINT('',(0.000160742028695103,0.14021108993895,-0.143023855598231));
#3440=CARTESIAN_POINT('',(0.000277023415372064,0.140347929730443,-0.143309258170748));
#3441=CARTESIAN_POINT('',(0.000353593364831094,0.140427261601311,-0.143484458972785));
#3442=CARTESIAN_POINT('',(0.000567526073090809,0.140619817236977,-0.143932798858168));
#3443=CARTESIAN_POINT('',(0.000712883625228387,0.140726068542322,-0.144205626233144));
#3444=CARTESIAN_POINT('',(0.0010655566674502,0.140903536894108,-0.144696027465174));
#3445=CARTESIAN_POINT('',(0.00129228835509762,0.140978856768955,-0.144929584192978));
#3446=CARTESIAN_POINT('',(0.00154737824167887,0.140978854157188,-0.14492958419303));
#3447=CARTESIAN_POINT('',(-0.00045268203025439,0.135091436575004,-0.109253857237072));
#3448=CARTESIAN_POINT('',(-0.000452672954702968,0.135978001038078,-0.117414723495904));
#3449=VECTOR('',#4011,1.0);
#3450=CARTESIAN_POINT('',(5.66176278533502E-05,0.136228584527199,-0.107375798252784));
#3451=CARTESIAN_POINT('',(5.66176278533779E-05,0.136228584527199,-0.107375798252784));
#3452=CARTESIAN_POINT('',(1.94156830214969E-06,0.136178414943621,-0.107479986793452));
#3453=CARTESIAN_POINT('',(-4.86430195617259E-05,0.136125465240696,-0.107586215797466));
#3454=CARTESIAN_POINT('',(-0.000140023225675738,0.136016135140443,-0.107797342930662));
#3455=CARTESIAN_POINT('',(-0.000181066628975604,0.135959905723606,-0.107902187605202));
#3456=CARTESIAN_POINT('',(-0.000241100323742193,0.135865013456339,-0.108072608417933));
#3457=CARTESIAN_POINT('',(-0.000262587650877477,0.135827671264774,-0.108138168310755));
#3458=CARTESIAN_POINT('',(-0.00029482702046759,0.135765728743584,-0.108244404146979));
#3459=CARTESIAN_POINT('',(-0.000306583053291199,0.135741601633023,-0.108285192443988));
#3460=CARTESIAN_POINT('',(-0.000328784699625804,0.135692778440209,-0.108366534081237));
#3461=CARTESIAN_POINT('',(-0.000339261349358282,0.13566801416937,-0.108407201079897));
#3462=CARTESIAN_POINT('',(-0.000364820003007656,0.135602746445013,-0.108512810243842));
#3463=CARTESIAN_POINT('',(-0.00037889137459228,0.135561718267857,-0.108577669674231));
#3464=CARTESIAN_POINT('',(-0.000410916293946596,0.135453031568285,-0.108745419434992));
#3465=CARTESIAN_POINT('',(-0.000426130839052629,0.135384161438333,-0.108847773571081));
#3466=CARTESIAN_POINT('',(-0.000447167714066446,0.13524110877755,-0.109052286027649));
#3467=CARTESIAN_POINT('',(-0.000452681258317861,0.135166829250073,-0.109154334710874));
#3468=CARTESIAN_POINT('',(-0.000452682030254418,0.135091436575004,-0.109253857237072));
#3469=AXIS2_PLACEMENT_3D('',#4012,#4013,#4014);
#3470=CARTESIAN_POINT('',(-0.000452770118555173,0.126487963441293,-0.112507590518706));
#3471=CARTESIAN_POINT('',(-0.0014527701175904,0.126488015992843,-0.111507590519679));
#3472=AXIS2_PLACEMENT_3D('',#4015,#4016,#4017);
#3473=CARTESIAN_POINT('',(-0.000452834711489052,0.12017917421157,-0.110873866860747));
#3474=AXIS2_PLACEMENT_3D('',#4018,#4019,#4020);
#3475=CARTESIAN_POINT('',(-0.00145282974183706,0.120664518242205,-0.1099995379123));
#3476=AXIS2_PLACEMENT_3D('',#4021,#4022,#4023);
#3477=CARTESIAN_POINT('',(-0.00145282589093454,0.12104063775148,-0.110199668820681));
#3478=AXIS2_PLACEMENT_3D('',#4024,#4025,#4026);
#3479=AXIS2_PLACEMENT_3D('',#4027,#4028,#4029);
#3480=CARTESIAN_POINT('',(-0.00145273296056431,0.130117695693646,-0.13937317795527));
#3481=CARTESIAN_POINT('',(0.00464726703910207,0.130117633238096,-0.139373177956496));
#3482=VECTOR('',#4030,1.0);
#3483=CARTESIAN_POINT('',(-0.00145271482504565,0.131888978956061,-0.139215131753425));
#3484=AXIS2_PLACEMENT_3D('',#4031,#4032,#4033);
#3485=CARTESIAN_POINT('',(-0.00145265351836318,0.137876808792606,-0.14120633493018));
#3486=AXIS2_PLACEMENT_3D('',#4034,#4035,#4036);
#3487=CARTESIAN_POINT('',(0.00154737903388365,0.141056234084092,-0.145220997023595));
#3488=CARTESIAN_POINT('',(0.00154737903388346,0.141056234084092,-0.145220997023595));
#3489=CARTESIAN_POINT('',(0.00147835744081411,0.141056234790778,-0.145220997023581));
#3490=CARTESIAN_POINT('',(0.0014087966234977,0.141053271683489,-0.145214175953439));
#3491=CARTESIAN_POINT('',(0.0012730854248583,0.141041891922771,-0.145188206317557));
#3492=CARTESIAN_POINT('',(0.00120738708396834,0.141033568774788,-0.145169283437671));
#3493=CARTESIAN_POINT('',(0.00103226820693243,0.141004848369425,-0.145104805447818));
#3494=CARTESIAN_POINT('',(0.000927169028146579,0.140979934951893,-0.145049681785306));
#3495=CARTESIAN_POINT('',(0.000732162752181854,0.140922658396096,-0.144926871328837));
#3496=CARTESIAN_POINT('',(0.000641913285997477,0.140890325795801,-0.1448592065108));
#3497=CARTESIAN_POINT('',(0.000425855452542502,0.140801646683212,-0.144679600588073));
#3498=CARTESIAN_POINT('',(0.000306189000914687,0.140741591920997,-0.144563064694192));
#3499=CARTESIAN_POINT('',(8.27530856548026E-05,0.140612532462149,-0.144325320689317));
#3500=CARTESIAN_POINT('',(-2.11362184399694E-05,0.140543444646973,-0.144203817061685));
#3501=CARTESIAN_POINT('',(-0.000243296759366747,0.140377516601261,-0.143926505492449));
#3502=CARTESIAN_POINT('',(-0.000358151480962063,0.140278308006607,-0.14377017489767));
#3503=CARTESIAN_POINT('',(-0.000532573219917806,0.140106362771511,-0.143515883238201));
#3504=CARTESIAN_POINT('',(-0.000596685416210025,0.140037642803011,-0.143417991227995));
#3505=CARTESIAN_POINT('',(-0.000718980859414178,0.139895193285554,-0.143222783634962));
#3506=CARTESIAN_POINT('',(-0.000777161119709013,0.139821462547299,-0.143125466010293));
#3507=CARTESIAN_POINT('',(-0.000920428014486162,0.139623503021971,-0.142874052557942));
#3508=CARTESIAN_POINT('',(-0.00100072802725579,0.139495505318616,-0.142720927931174));
#3509=CARTESIAN_POINT('',(-0.00118683124013165,0.139148124321616,-0.14233021074633));
#3510=CARTESIAN_POINT('',(-0.00127990759273409,0.138918730019775,-0.142095636590453));
#3511=CARTESIAN_POINT('',(-0.00141377999197391,0.138422581218745,-0.141637261868871));
#3512=CARTESIAN_POINT('',(-0.00145265066623693,0.138155394665925,-0.141414636217004));
#3513=CARTESIAN_POINT('',(-0.00145265351836319,0.137876808792606,-0.14120633493018));
#3514=CARTESIAN_POINT('',(0.0116473790333544,0.141056130674084,-0.145220997025626));
#3515=CARTESIAN_POINT('',(0.00464737903372121,0.141056202344387,-0.145220997024219));
#3516=VECTOR('',#4037,1.0);
#3517=CARTESIAN_POINT('',(0.0116473032970875,0.133659281833913,-0.159057085536309));
#3518=AXIS2_PLACEMENT_3D('',#4038,#4039,#4040);
#3519=CARTESIAN_POINT('',(-0.00185269670220493,0.133659420055212,-0.159057085533595));
#3520=CARTESIAN_POINT('',(0.00464730329745437,0.133659353504216,-0.159057085534902));
#3521=VECTOR('',#4041,1.0);
#3522=AXIS2_PLACEMENT_3D('',#4042,#4043,#4044);
#3523=CARTESIAN_POINT('',(0.0116471848952588,0.1220948046993,-0.147132704594503));
#3524=CARTESIAN_POINT('',(0.00154718489578827,0.122094908109309,-0.147132704592472));
#3525=CARTESIAN_POINT('',(0.00659718489551265,0.122094856404304,-0.147132704593488));
#3526=VECTOR('',#4045,1.0);
#3527=CARTESIAN_POINT('',(0.0116471848449191,0.122089885086829,-0.146981596385049));
#3528=AXIS2_PLACEMENT_3D('',#4046,#4047,#4048);
#3529=CARTESIAN_POINT('',(0.00464718484528596,0.122089956757132,-0.146981596383642));
#3530=VECTOR('',#4049,1.0);
#3531=AXIS2_PLACEMENT_3D('',#4050,#4051,#4052);
#3532=CARTESIAN_POINT('',(-0.000452714824477688,0.131889011030382,-0.138215131754535));
#3533=AXIS2_PLACEMENT_3D('',#4053,#4054,#4055);
#3534=CARTESIAN_POINT('',(-0.00145279231948559,0.124320206645776,-0.142679070953024));
#3535=AXIS2_PLACEMENT_3D('',#4056,#4057,#4058);
#3536=CARTESIAN_POINT('',(-0.000452800068361633,0.123563361489079,-0.142025464874089));
#3537=AXIS2_PLACEMENT_3D('',#4059,#4060,#4061);
#3538=AXIS2_PLACEMENT_3D('',#4062,#4063,#4064);
#3539=CARTESIAN_POINT('',(0.0116473785241541,0.141006394553364,-0.145078223737345));
#3540=CARTESIAN_POINT('',(0.00154737852468337,0.141006497963373,-0.145078223735314));
#3541=CARTESIAN_POINT('',(0.00659737852441873,0.141006446258368,-0.14507822373633));
#3542=VECTOR('',#4065,1.0);
#3543=AXIS2_PLACEMENT_3D('',#4066,#4067,#4068);
#3544=AXIS2_PLACEMENT_3D('',#4069,#4070,#4071);
#3545=CARTESIAN_POINT('',(0.000997217130799093,0.125190339614924,-0.0875780145499939));
#3546=CARTESIAN_POINT('',(0.000997330711087528,0.124956109052175,-0.0876035031778758));
#3547=CARTESIAN_POINT('',(0.00101666155529472,0.124720545915445,-0.0876362393291714));
#3548=CARTESIAN_POINT('',(0.00109358599298652,0.124259588313327,-0.087714092380678));
#3549=CARTESIAN_POINT('',(0.00115114794228973,0.124034366243526,-0.0877591637560004));
#3550=CARTESIAN_POINT('',(0.00130243154694081,0.123598520302114,-0.0878585690045391));
#3551=CARTESIAN_POINT('',(0.00139872354232558,0.123384538409646,-0.087914095294353));
#3552=CARTESIAN_POINT('',(0.00162559758238175,0.122982725991116,-0.088029207429757));
#3553=CARTESIAN_POINT('',(0.00175611140329489,0.122795005975508,-0.0880887209523483));
#3554=CARTESIAN_POINT('',(0.00204904616095426,0.122447555428065,-0.0882068906683579));
#3555=CARTESIAN_POINT('',(0.00221542706274995,0.122285714317073,-0.0882665979680991));
#3556=CARTESIAN_POINT('',(0.00257445451188173,0.122001715984439,-0.0883769063057608));
#3557=CARTESIAN_POINT('',(0.00276699225868698,0.121879640212723,-0.0884274155361237));
#3558=CARTESIAN_POINT('',(0.00316064342695538,0.121684116642564,-0.0885108165684206));
#3559=CARTESIAN_POINT('',(0.00336500598070361,0.121607344446485,-0.0885450114652556));
#3560=CARTESIAN_POINT('',(0.00378441747778105,0.121498422840896,-0.0885941585463518));
#3561=CARTESIAN_POINT('',(0.00399928728364473,0.121466320926757,-0.0886090518136328));
#3562=CARTESIAN_POINT('',(0.00441800180563594,0.121447950255831,-0.0886175343843075));
#3563=CARTESIAN_POINT('',(0.00462566035938478,0.121459676246945,-0.0886120588835139));
#3564=CARTESIAN_POINT('',(0.00503502625819143,0.121525012362666,-0.0885821383540586));
#3565=CARTESIAN_POINT('',(0.00523657251389613,0.121578596007924,-0.0885577260815795));
#3566=CARTESIAN_POINT('',(0.00562923632279476,0.121725685755447,-0.0884929304553525));
#3567=CARTESIAN_POINT('',(0.00582348200479672,0.121821805656367,-0.0884514603004369));
#3568=CARTESIAN_POINT('',(0.00619129802800896,0.122052776808513,-0.088356786905096));
#3569=CARTESIAN_POINT('',(0.00636476503300628,0.122187565375971,-0.0883036587281794));
#3570=CARTESIAN_POINT('',(0.00668988380214705,0.122494715653497,-0.0881904297672426));
#3571=CARTESIAN_POINT('',(0.00684347221874107,0.122671548448145,-0.0881290030602327));
#3572=CARTESIAN_POINT('',(0.00711647894641208,0.12305715683645,-0.0880068415093169));
#3573=CARTESIAN_POINT('',(0.00723581193993129,0.123265821782605,-0.0879461940814193));
#3574=CARTESIAN_POINT('',(0.00743150445191153,0.123697375745957,-0.0878346198878112));
#3575=CARTESIAN_POINT('',(0.00751082708169114,0.123923818624404,-0.0877824120218022));
#3576=CARTESIAN_POINT('',(0.00762901627261731,0.12439243769668,-0.0876896437649199));
#3577=CARTESIAN_POINT('',(0.00766783001367276,0.124634423635672,-0.0876491491895091));
#3578=CARTESIAN_POINT('',(0.00769344232636521,0.12498292225326,-0.0876019258876048));
#3579=CARTESIAN_POINT('',(0.00769732636711355,0.125089741074434,-0.087588894984783));
#3580=CARTESIAN_POINT('',(0.00769721425916479,0.125196977676909,-0.0875772866497218));
#3581=CARTESIAN_POINT('',(-0.00155282589120741,0.121040638775342,-0.110199668820661));
#3582=CARTESIAN_POINT('',(-0.000952825891238859,0.121040632632173,-0.110199668820782));
#3583=VECTOR('',#4072,1.0);
#3584=CARTESIAN_POINT('',(-0.000688918291233816,0.118655264654104,-0.1085982546701));
#3585=CARTESIAN_POINT('',(-0.000688918291233816,0.118655264654104,-0.1085982546701));
#3586=CARTESIAN_POINT('',(-0.000770930476473971,0.118749196465439,-0.108679193190289));
#3587=CARTESIAN_POINT('',(-0.000846821147579095,0.11884742647745,-0.108761287191384));
#3588=CARTESIAN_POINT('',(-0.00098393392471773,0.119048255498186,-0.108923461667343));
#3589=CARTESIAN_POINT('',(-0.00104552735322094,0.119150634995177,-0.109003530729545));
#3590=CARTESIAN_POINT('',(-0.00113562559250451,0.119321829717316,-0.109132836084411));
#3591=CARTESIAN_POINT('',(-0.00116787533979831,0.119388833733914,-0.109182376815508));
#3592=CARTESIAN_POINT('',(-0.00121626285770285,0.119499370226215,-0.109262308335412));
#3593=CARTESIAN_POINT('',(-0.00123390736741605,0.11954228191683,-0.109292913938067));
#3594=CARTESIAN_POINT('',(-0.00126722889673666,0.119628827953525,-0.109353777523764));
#3595=CARTESIAN_POINT('',(-0.00128289945899709,0.119672437335105,-0.109384019173457));
#3596=CARTESIAN_POINT('',(-0.00132117017613511,0.11978708599573,-0.109462391072558));
#3597=CARTESIAN_POINT('',(-0.00134224657231433,0.119858790650987,-0.109510299443445));
#3598=CARTESIAN_POINT('',(-0.00139022383276815,0.120047766556571,-0.109633593481475));
#3599=CARTESIAN_POINT('',(-0.00141302779541303,0.120166567756339,-0.109708212884349));
#3600=CARTESIAN_POINT('',(-0.00144456279856864,0.120411380907719,-0.10985599199023));
#3601=CARTESIAN_POINT('',(-0.00145283104232524,0.12053749887465,-0.109929030363115));
#3602=CARTESIAN_POINT('',(-0.00145282974183705,0.120664518242205,-0.1099995379123));
#3603=CARTESIAN_POINT('',(0.00154713263252414,0.116989592091238,-0.106840453607877));
#3604=CARTESIAN_POINT('',(0.00154713263252338,0.116989592091239,-0.106840453607877));
#3605=CARTESIAN_POINT('',(0.00154488620523491,0.11699087161841,-0.106842111061895));
#3606=CARTESIAN_POINT('',(0.0015426397759613,0.116992151580526,-0.106843768182493));
#3607=CARTESIAN_POINT('',(0.00140581044589993,0.117070140361074,-0.106944682824581));
#3608=CARTESIAN_POINT('',(0.00127073369692343,0.117148695414009,-0.107043121742081));
#3609=CARTESIAN_POINT('',(0.00100373041189669,0.117309003145454,-0.107237565619658));
#3610=CARTESIAN_POINT('',(0.00087178733170251,0.117390695342096,-0.107333586206687));
#3611=CARTESIAN_POINT('',(0.000660127866281762,0.117527474734999,-0.107489215595764));
#3612=CARTESIAN_POINT('',(0.000579381010462149,0.117581052053178,-0.107548975469296));
#3613=CARTESIAN_POINT('',(0.000449670017086426,0.117669858532776,-0.107646020794681));
#3614=CARTESIAN_POINT('',(0.000400142379490098,0.117704434127787,-0.107683330323123));
#3615=CARTESIAN_POINT('',(0.000301938555061966,0.11777447795753,-0.107757944304295));
#3616=CARTESIAN_POINT('',(0.000253262355828372,0.117809946186589,-0.107795248759637));
#3617=CARTESIAN_POINT('',(0.00012797933633991,0.117903398419269,-0.107892265395464));
#3618=CARTESIAN_POINT('',(5.21372917139938E-05,0.117962122722254,-0.107951992927544));
#3619=CARTESIAN_POINT('',(-0.00014109258708974,0.118118293615775,-0.108107466239296));
#3620=CARTESIAN_POINT('',(-0.000256109813041784,0.118217828158147,-0.108203323448144));
#3621=CARTESIAN_POINT('',(-0.000479512889175024,0.118428158235895,-0.108398704643385));
#3622=CARTESIAN_POINT('',(-0.00058758849195558,0.118539207612574,-0.108498251433012));
#3623=CARTESIAN_POINT('',(-0.00068891829123381,0.118655264654104,-0.1085982546701));
#3624=CARTESIAN_POINT('',(0.0116471326319948,0.11698948868123,-0.106840453609907));
#3625=CARTESIAN_POINT('',(-0.000952867367344822,0.116989617687775,-0.106840453607374));
#3626=VECTOR('',#4073,1.0);
#3627=CARTESIAN_POINT('',(0.0116472856700111,0.131936275618805,-0.088815512242794));
#3628=AXIS2_PLACEMENT_3D('',#4074,#4075,#4076);
#3629=CARTESIAN_POINT('',(-0.000952714329328537,0.131936404625351,-0.0888155122402611));
#3630=VECTOR('',#4077,1.0);
#3631=AXIS2_PLACEMENT_3D('',#4078,#4079,#4080);
#3632=CARTESIAN_POINT('',(0.00486218372601361,0.124538362544955,-0.0980094392598238));
#3633=CARTESIAN_POINT('',(0.00486217455541535,0.123642513370801,-0.0897631068126586));
#3634=CARTESIAN_POINT('',(0.00486218383657023,0.124549162502278,-0.098108853358838));
#3635=VECTOR('',#4081,1.0);
#3636=CARTESIAN_POINT('',(0.00383227229380299,0.128071346214627,-0.0976256309331346));
#3637=AXIS2_PLACEMENT_3D('',#4082,#4083,#4084);
#3638=CARTESIAN_POINT('',(0.00383227240435961,0.12808214617195,-0.0977250450321487));
#3639=VECTOR('',#4085,1.0);
#3640=CARTESIAN_POINT('',(0.00486217455541392,0.123642513370801,-0.0897631068126586));
#3641=CARTESIAN_POINT('',(0.00467230850233346,0.1235915548262,-0.0898005696346065));
#3642=CARTESIAN_POINT('',(0.00447049570009583,0.123568568440784,-0.0898189300210015));
#3643=CARTESIAN_POINT('',(0.00403703349457925,0.123584697921571,-0.089806537330395));
#3644=CARTESIAN_POINT('',(0.00379877785243299,0.123637266122637,-0.0897651992899343));
#3645=CARTESIAN_POINT('',(0.00336399862025402,0.12382099444432,-0.089636459274937));
#3646=CARTESIAN_POINT('',(0.00316049154572676,0.123958209690474,-0.0895460882933061));
#3647=CARTESIAN_POINT('',(0.00283695110373355,0.124287226243166,-0.0893696029240908));
#3648=CARTESIAN_POINT('',(0.00270824780365259,0.124482814390648,-0.0892810322048147));
#3649=CARTESIAN_POINT('',(0.00254115778834198,0.124899644264496,-0.0891446501858238));
#3650=CARTESIAN_POINT('',(0.00249734434109019,0.125127072028227,-0.0890937861782643));
#3651=CARTESIAN_POINT('',(0.00249721856307265,0.125353433043632,-0.0890691204125046));
#3652=CARTESIAN_POINT('',(0.0105865731328351,0.126822051165391,-0.102578860269551));
#3653=CARTESIAN_POINT('',(0.011647234477201,0.126936592284743,-0.103633316453821));
#3654=CARTESIAN_POINT('',(0.0108972336480574,0.126855599482525,-0.102887703335459));
#3655=VECTOR('',#4086,1.0);
#3656=CARTESIAN_POINT('',(0.0105865446664245,0.124041654799018,-0.097621468549257));
#3657=AXIS2_PLACEMENT_3D('',#4087,#4088,#4089);
#3658=CARTESIAN_POINT('',(0.0116471994544548,0.123515801624868,-0.0966116933323421));
#3659=CARTESIAN_POINT('',(0.0116471994544518,0.123515801624851,-0.0966116933323473));
#3660=CARTESIAN_POINT('',(0.010799415017954,0.123910382672528,-0.0974216050555767));
#3661=CARTESIAN_POINT('',(0.0101472073177263,0.12428383928142,-0.0980370837903015));
#3662=AXIS2_PLACEMENT_3D('',#4090,#4091,#4092);
#3663=CARTESIAN_POINT('',(-0.00295276718039954,0.126774740806159,-0.102142090214464));
#3664=CARTESIAN_POINT('',(0.0095259124753868,0.126774613041766,-0.102142090216973));
#3665=CARTESIAN_POINT('',(0.00328657264756805,0.126774676923962,-0.102142090215718));
#3666=VECTOR('',#4093,1.0);
#3667=CARTESIAN_POINT('',(-0.00295279268158208,0.124283973407294,-0.0980370837876604));
#3668=AXIS2_PLACEMENT_3D('',#4094,#4095,#4096);
#3669=CARTESIAN_POINT('',(0.00952588697420424,0.124283845642901,-0.0980370837901689));
#3670=CARTESIAN_POINT('',(0.0106472073177051,0.124283834162134,-0.0980370837903943));
#3671=VECTOR('',#4097,1.0);
#3672=AXIS2_PLACEMENT_3D('',#4098,#4099,#4100);
#3673=CARTESIAN_POINT('',(0.0100999539165141,0.128365806048352,-0.0974787825093014));
#3674=CARTESIAN_POINT('',(0.0100999114790609,0.124219139513198,-0.0979292600701742));
#3675=CARTESIAN_POINT('',(0.0100999324599637,0.126270160766528,-0.0977064451832556));
#3676=VECTOR('',#4101,1.0);
#3677=CARTESIAN_POINT('',(0.0105865900378288,0.128473046016816,-0.0971400596091413));
#3678=CARTESIAN_POINT('',(0.0105865900378332,0.128473046016796,-0.0971400596091386));
#3679=CARTESIAN_POINT('',(0.0104987494977009,0.128445310695897,-0.0972314298353519));
#3680=CARTESIAN_POINT('',(0.0103995220216028,0.12841992032886,-0.0973120428534484));
#3681=CARTESIAN_POINT('',(0.0101893713885886,0.128378109671677,-0.0974418723224934));
#3682=CARTESIAN_POINT('',(0.0100804748337934,0.128361362780514,-0.0974923838277995));
#3683=CARTESIAN_POINT('',(0.00982401819047937,0.128333842153327,-0.0975745433340809));
#3684=CARTESIAN_POINT('',(0.00967580264134324,0.128325773324443,-0.0975979844725616));
#3685=CARTESIAN_POINT('',(0.0095259283580485,0.128325774858948,-0.0975979844725315));
#3686=CARTESIAN_POINT('',(0.0105865130230539,0.120951070383595,-0.0979572175036236));
#3687=VECTOR('',#4102,1.0);
#3688=CARTESIAN_POINT('',(0.00952588697420425,0.124283845642901,-0.0980370837901689));
#3689=CARTESIAN_POINT('',(0.0096239510894085,0.12428384463886,-0.0980370837901886));
#3690=CARTESIAN_POINT('',(0.00972153909213309,0.124278326470457,-0.098028015632216));
#3691=CARTESIAN_POINT('',(0.00992552861715446,0.124255310110789,-0.0979898714421828));
#3692=CARTESIAN_POINT('',(0.0100303167571075,0.12423648720048,-0.0979585720655727));
#3693=CARTESIAN_POINT('',(0.0103004586536028,0.124169966226946,-0.0978462291722925));
#3694=CARTESIAN_POINT('',(0.0104552151813772,0.124111492131924,-0.0977459847347951));
#3695=CARTESIAN_POINT('',(0.0105865446664292,0.124041654799037,-0.0976214685492498));
#3696=AXIS2_PLACEMENT_3D('',#4103,#4104,#4105);
#3697=CARTESIAN_POINT('',(0.00952588697420425,0.124283845642901,-0.0980370837901689));
#3698=CARTESIAN_POINT('',(0.0096239510894085,0.12428384463886,-0.0980370837901886));
#3699=CARTESIAN_POINT('',(0.00972153909213309,0.124278326470457,-0.098028015632216));
#3700=CARTESIAN_POINT('',(0.00992552861715446,0.124255310110789,-0.0979898714421828));
#3701=CARTESIAN_POINT('',(0.0100303167571075,0.12423648720048,-0.0979585720655727));
#3702=CARTESIAN_POINT('',(0.0103004586536028,0.124169966226946,-0.0978462291722925));
#3703=CARTESIAN_POINT('',(0.0104552151813772,0.124111492131924,-0.0977459847347951));
#3704=CARTESIAN_POINT('',(0.0105865446664292,0.124041654799037,-0.0976214685492498));
#3705=CARTESIAN_POINT('',(0.0106472831226461,0.131688630752558,-0.147375952721985));
#3706=CARTESIAN_POINT('',(0.010647283122646,0.131688630752558,-0.147375952721985));
#3707=VECTOR('',#4106,1.0);
#3708=CARTESIAN_POINT('',(0.0106472872132814,0.132088233126377,-0.151054310771825));
#3709=AXIS2_PLACEMENT_3D('',#4107,#4108,#4109);
#3710=CARTESIAN_POINT('',(0.0106472872132813,0.132088233126377,-0.151054310771825));
#3711=VECTOR('',#4110,1.0);
#3712=AXIS2_PLACEMENT_3D('',#4111,#4112,#4113);
#3713=CARTESIAN_POINT('',(0.0116472883188061,0.132196223529335,-0.152048461596307));
#3714=CARTESIAN_POINT('',(0.0116472883188061,0.132196223529335,-0.152048461596307));
#3715=VECTOR('',#4114,1.0);
#3716=CARTESIAN_POINT('',(0.0116472820170166,0.131580619872371,-0.146381801897905));
#3717=CARTESIAN_POINT('',(0.0116472820170166,0.131580619872371,-0.146381801897905));
#3718=VECTOR('',#4115,1.0);
#3719=AXIS2_PLACEMENT_3D('',#4116,#4117,#4118);
#3720=AXIS2_PLACEMENT_3D('',#4119,#4120,#4121);
#3721=AXIS2_PLACEMENT_3D('',#4122,#4123,#4124);
#3722=CARTESIAN_POINT('',(0.0116473782411497,0.140978750747179,-0.14492958419506));
#3723=AXIS2_PLACEMENT_3D('',#4125,#4126,#4127);
#3724=CARTESIAN_POINT('',(0.0116473363981948,0.136891233070646,-0.107303797827381));
#3725=CARTESIAN_POINT('',(0.0116473474021608,0.137966178799298,-0.11719872221518));
#3726=VECTOR('',#4128,1.0);
#3727=AXIS2_PLACEMENT_3D('',#4129,#4130,#4131);
#3728=AXIS2_PLACEMENT_3D('',#4132,#4133,#4134);
#3729=AXIS2_PLACEMENT_3D('',#4135,#4136,#4137);
#3730=CARTESIAN_POINT('',(0.0116471540059302,0.119077313138948,-0.11925073440517));
#3731=VECTOR('',#4138,1.0);
#3732=CARTESIAN_POINT('',(0.011647184711783,0.122076887666078,-0.147282827455758));
#3733=AXIS2_PLACEMENT_3D('',#4139,#4140,#4141);
#3734=AXIS2_PLACEMENT_3D('',#4142,#4143,#4144);
#3735=CARTESIAN_POINT('',(0.0116472532479635,0.128769773513499,-0.0960409224583681));
#3736=CARTESIAN_POINT('',(0.0116471176930638,0.11553022752054,-0.0974792147442045));
#3737=VECTOR('',#4145,1.0);
#3738=AXIS2_PLACEMENT_3D('',#4146,#4147,#4148);
#3739=AXIS2_PLACEMENT_3D('',#4149,#4150,#4151);
#3740=CARTESIAN_POINT('',(0.0095259283580485,0.128325774858948,-0.0975979844725315));
#3741=CARTESIAN_POINT('',(0.0105865900378332,0.128473046016796,-0.0971400596091386));
#3742=CARTESIAN_POINT('',(0.0104987494977009,0.128445310695897,-0.0972314298353519));
#3743=CARTESIAN_POINT('',(0.0103995220216028,0.12841992032886,-0.0973120428534484));
#3744=CARTESIAN_POINT('',(0.0101893713885886,0.128378109671677,-0.0974418723224934));
#3745=CARTESIAN_POINT('',(0.0100804748337934,0.128361362780514,-0.0974923838277995));
#3746=CARTESIAN_POINT('',(0.00982401819047937,0.128333842153327,-0.0975745433340809));
#3747=CARTESIAN_POINT('',(0.00967580264134324,0.128325773324443,-0.0975979844725616));
#3748=CARTESIAN_POINT('',(0.0095259283580485,0.128325774858948,-0.0975979844725315));
#3749=AXIS2_PLACEMENT_3D('',#4152,#4153,#4154);
#3750=CARTESIAN_POINT('',(0.00952585333705369,0.120998530226602,-0.0983939875557749));
#3751=VECTOR('',#4155,1.0);
#3752=CARTESIAN_POINT('',(-0.00295275129773783,0.128325902623341,-0.097597984470023));
#3753=CARTESIAN_POINT('',(0.0106472487015493,0.128325763378181,-0.0975979844727569));
#3754=VECTOR('',#4156,1.0);
#3755=AXIS2_PLACEMENT_3D('',#4157,#4158,#4159);
#3756=CARTESIAN_POINT('',(0.0101472487015703,0.12832576849751,-0.0975979844726596));
#3757=CARTESIAN_POINT('',(0.0107994626066303,0.128558333224905,-0.0969166699597671));
#3758=CARTESIAN_POINT('',(0.0116472532479605,0.128769773513516,-0.0960409224583696));
#3759=CARTESIAN_POINT('',(-0.00295288064780529,0.115692377966674,-0.0989704409776911));
#3760=VECTOR('',#4160,1.0);
#3761=AXIS2_PLACEMENT_3D('',#4161,#4162,#4163);
#3762=AXIS2_PLACEMENT_3D('',#4164,#4165,#4166);
#3763=CARTESIAN_POINT('',(0.00619721697251054,0.125356635903377,-0.0890687689498974));
#3764=CARTESIAN_POINT('',(0.00619719514811379,0.125304830536405,-0.0890744454785175));
#3765=CARTESIAN_POINT('',(0.00619513411674572,0.125253260678907,-0.0890812111870584));
#3766=CARTESIAN_POINT('',(0.0061711413018486,0.12496826904129,-0.0891260701886594));
#3767=CARTESIAN_POINT('',(0.00610373407073893,0.124737400325273,-0.0891907672601851));
#3768=CARTESIAN_POINT('',(0.0058875967381724,0.124325781783925,-0.089348694506638));
#3769=CARTESIAN_POINT('',(0.00573264922901982,0.124138423909244,-0.0894450462809061));
#3770=CARTESIAN_POINT('',(0.00537356333023906,0.123848307734401,-0.0896163205111364));
#3771=CARTESIAN_POINT('',(0.00516539631963682,0.123737006869247,-0.0896942313917129));
#3772=CARTESIAN_POINT('',(0.00491768286570021,0.123658159861153,-0.0897515918930876));
#3773=CARTESIAN_POINT('',(0.00489005245798853,0.123650036678223,-0.0897575518307735));
#3774=CARTESIAN_POINT('',(0.00486217455541535,0.123642513370801,-0.0897631068126586));
#3775=AXIS2_PLACEMENT_3D('',#4167,#4168,#4169);
#3776=CARTESIAN_POINT('',(-0.00068873977163644,0.136091140647947,-0.106704089571683));
#3777=CARTESIAN_POINT('',(-0.00068873977163644,0.136091140647947,-0.106704089571683));
#3778=CARTESIAN_POINT('',(-0.000587407851671472,0.136183013739907,-0.106581497630572));
#3779=CARTESIAN_POINT('',(-0.000479330235800803,0.136270093862725,-0.106460426845754));
#3780=CARTESIAN_POINT('',(-0.000255923372897722,0.136433557016811,-0.106224438258));
#3781=CARTESIAN_POINT('',(-0.000140904367797981,0.136510183077338,-0.106109443673555));
#3782=CARTESIAN_POINT('',(5.23282898766885E-05,0.136629320838288,-0.105924061942165));
#3783=CARTESIAN_POINT('',(0.000128171376323544,0.136673847900995,-0.105853117598816));
#3784=CARTESIAN_POINT('',(0.000253456051239719,0.136744284365886,-0.105738296755044));
#3785=CARTESIAN_POINT('',(0.000302132878153334,0.136770913515672,-0.105694246290131));
#3786=CARTESIAN_POINT('',(0.00040033794175168,0.136823298905491,-0.105606332089338));
#3787=CARTESIAN_POINT('',(0.000449866190838577,0.136849055139421,-0.105562468352124));
#3788=CARTESIAN_POINT('',(0.000579578755400815,0.136914947984482,-0.105448617107796));
#3789=CARTESIAN_POINT('',(0.000660326559714818,0.136954441095314,-0.105378746430687));
#3790=CARTESIAN_POINT('',(0.000871988452659663,0.13705460586247,-0.105197376354855));
#3791=CARTESIAN_POINT('',(0.00100393298886084,0.137113770405295,-0.105086053632945));
#3792=CARTESIAN_POINT('',(0.00127095099936405,0.137228583693431,-0.104861712238782));
#3793=CARTESIAN_POINT('',(0.00140604112726661,0.137284169619926,-0.10474869128309));
#3794=CARTESIAN_POINT('',(0.00154287180499768,0.137338665769864,-0.104633383823985));
#3795=CARTESIAN_POINT('',(0.00154510640210621,0.137339555259366,-0.104631500499497));
#3796=CARTESIAN_POINT('',(0.00154734099750196,0.137340444257807,-0.104629616944979));
#3797=CARTESIAN_POINT('',(-0.00145268880531275,0.134429683501054,-0.10850414441349));
#3798=CARTESIAN_POINT('',(-0.00145268880531274,0.134429683501054,-0.10850414441349));
#3799=CARTESIAN_POINT('',(-0.00145268657497999,0.134647515126974,-0.10831186681883));
#3800=CARTESIAN_POINT('',(-0.00141952521120304,0.134859620443591,-0.108110310188053));
#3801=CARTESIAN_POINT('',(-0.00129772436987207,0.135254478175913,-0.107707295938765));
#3802=CARTESIAN_POINT('',(-0.00121151318934298,0.135437272670982,-0.107506932083422));
#3803=CARTESIAN_POINT('',(-0.00103141216683285,0.13571591978252,-0.107181069328658));
#3804=CARTESIAN_POINT('',(-0.000952540019580746,0.135818417958278,-0.107055941958843));
#3805=CARTESIAN_POINT('',(-0.000809478585919917,0.135976218139355,-0.106855593768229));
#3806=CARTESIAN_POINT('',(-0.000750871650526578,0.136034808469253,-0.106779257077053));
#3807=CARTESIAN_POINT('',(-0.000688739771636423,0.136091140647947,-0.106704089571683));
#3808=AXIS2_PLACEMENT_3D('',#4170,#4171,#4172);
#3809=AXIS2_PLACEMENT_3D('',#4173,#4174,#4175);
#3810=CARTESIAN_POINT('',(0.00154737824167896,0.140978854157188,-0.14492958419303));
#3811=CARTESIAN_POINT('',(-0.000452647387126974,0.13847562385116,-0.140405455248899));
#3812=CARTESIAN_POINT('',(-0.000452645199412995,0.138689312159876,-0.140644663328504));
#3813=CARTESIAN_POINT('',(-0.000426731132781408,0.138895156172223,-0.140899118186784));
#3814=CARTESIAN_POINT('',(-0.000337482321517619,0.139279166251999,-0.14142090272109));
#3815=CARTESIAN_POINT('',(-0.000275431158627958,0.139457604750467,-0.141686962025399));
#3816=CARTESIAN_POINT('',(-0.00015136194026343,0.139729218637915,-0.142128755870394));
#3817=CARTESIAN_POINT('',(-9.78284437360881E-05,0.139829659408961,-0.142301577192233));
#3818=CARTESIAN_POINT('',(-2.31693544278534E-06,0.13998557427223,-0.142584850180383));
#3819=CARTESIAN_POINT('',(3.6469997527498E-05,0.140043790117182,-0.142694386054425));
#3820=CARTESIAN_POINT('',(0.000118000475134632,0.140156547471732,-0.142913887621292));
#3821=CARTESIAN_POINT('',(0.000160742028695103,0.14021108993895,-0.143023855598231));
#3822=CARTESIAN_POINT('',(0.000277023415372064,0.140347929730443,-0.143309258170748));
#3823=CARTESIAN_POINT('',(0.000353593364831094,0.140427261601311,-0.143484458972785));
#3824=CARTESIAN_POINT('',(0.000567526073090809,0.140619817236977,-0.143932798858168));
#3825=CARTESIAN_POINT('',(0.000712883625228387,0.140726068542322,-0.144205626233144));
#3826=CARTESIAN_POINT('',(0.0010655566674502,0.140903536894108,-0.144696027465174));
#3827=CARTESIAN_POINT('',(0.00129228835509762,0.140978856768955,-0.144929584192978));
#3828=CARTESIAN_POINT('',(0.00154737824167887,0.140978854157188,-0.14492958419303));
#3829=AXIS2_PLACEMENT_3D('',#4176,#4177,#4178);
#3830=CARTESIAN_POINT('',(0.00464737824151654,0.140978822417482,-0.144929584193653));
#3831=VECTOR('',#4179,1.0);
#3832=AXIS2_PLACEMENT_3D('',#4180,#4181,#4182);
#3833=CARTESIAN_POINT('',(0.00154718471231248,0.122076991076087,-0.147282827453728));
#3834=AXIS2_PLACEMENT_3D('',#4183,#4184,#4185);
#3835=CARTESIAN_POINT('',(0.00154718484544882,0.122089988496838,-0.146981596383019));
#3836=CARTESIAN_POINT('',(0.00129252495303048,0.122089991104203,-0.146981596382968));
#3837=CARTESIAN_POINT('',(0.00106779150323877,0.122113023867958,-0.146740458354704));
#3838=CARTESIAN_POINT('',(0.000707281997491509,0.12218239020403,-0.146212719294822));
#3839=CARTESIAN_POINT('',(0.000558626166965954,0.12222930227494,-0.145913975349335));
#3840=CARTESIAN_POINT('',(0.000162783150533598,0.122402399572777,-0.145019469830652));
#3841=CARTESIAN_POINT('',(-4.51821547761211E-05,0.122563822417418,-0.144396234197261));
#3842=CARTESIAN_POINT('',(-0.000293106079724854,0.122902996983257,-0.143419707335631));
#3843=CARTESIAN_POINT('',(-0.000367526081149008,0.123054728476255,-0.143043733632812));
#3844=CARTESIAN_POINT('',(-0.000437896543246352,0.123331030494394,-0.142456855595439));
#3845=CARTESIAN_POINT('',(-0.00045280128673014,0.123444368243716,-0.142236861518003));
#3846=CARTESIAN_POINT('',(-0.000452800068361629,0.123563361489079,-0.142025464874089));
#3847=CARTESIAN_POINT('',(-0.00145279231948559,0.124320206645776,-0.142679070953024));
#3848=CARTESIAN_POINT('',(-0.00145279508772371,0.124049840466076,-0.142992138061821));
#3849=CARTESIAN_POINT('',(-0.0013976360756625,0.12379762178147,-0.143324149009933));
#3850=CARTESIAN_POINT('',(-0.00124096766014687,0.123422635379949,-0.143886012513356));
#3851=CARTESIAN_POINT('',(-0.00116208487382499,0.123285221190277,-0.144111316376394));
#3852=CARTESIAN_POINT('',(-0.000998701522421641,0.123061874687018,-0.144510885802869));
#3853=CARTESIAN_POINT('',(-0.000918678599519498,0.122970318475425,-0.144687032981703));
#3854=CARTESIAN_POINT('',(-0.000775662109756002,0.122831506151059,-0.14497425556352));
#3855=CARTESIAN_POINT('',(-0.000717572269084603,0.122780563300567,-0.145084860635551));
#3856=CARTESIAN_POINT('',(-0.000595452769800385,0.122683649403202,-0.145305606261592));
#3857=CARTESIAN_POINT('',(-0.000531426436835176,0.122637677623083,-0.145415748750008));
#3858=CARTESIAN_POINT('',(-0.00035723014127888,0.122524632847637,-0.145700490948669));
#3859=CARTESIAN_POINT('',(-0.000242520377789697,0.122461445704056,-0.14587417897676));
#3860=CARTESIAN_POINT('',(-2.05912644472257E-05,0.122359122876847,-0.146180209204428));
#3861=CARTESIAN_POINT('',(8.35275564449624E-05,0.122317694220312,-0.146313918904913));
#3862=CARTESIAN_POINT('',(0.000306000598488177,0.122243053937588,-0.146572639090636));
#3863=CARTESIAN_POINT('',(0.000426618412067421,0.122209125355085,-0.146700430530404));
#3864=CARTESIAN_POINT('',(0.000702248600367282,0.122147971444883,-0.146948119643506));
#3865=CARTESIAN_POINT('',(0.000858852857744657,0.122121576371995,-0.147066941192631));
#3866=CARTESIAN_POINT('',(0.00111563823496928,0.122094885522225,-0.147193725969425));
#3867=CARTESIAN_POINT('',(0.00119807657148022,0.122088332533777,-0.147225993372562));
#3868=CARTESIAN_POINT('',(0.00136875366948402,0.122079394360196,-0.147270540747428));
#3869=CARTESIAN_POINT('',(0.00145828834408579,0.122076991986262,-0.14728282745371));
#3870=CARTESIAN_POINT('',(0.00154718471231283,0.122076991076087,-0.147282827453728));
#3871=CARTESIAN_POINT('',(0.00464718471214982,0.122076959336381,-0.147282827454351));
#3872=VECTOR('',#4186,1.0);
#3873=AXIS2_PLACEMENT_3D('',#4187,#4188,#4189);
#3874=CARTESIAN_POINT('',(5.64378032881395E-05,0.118665253299413,-0.109283809587307));
#3875=AXIS2_PLACEMENT_3D('',#4190,#4191,#4192);
#3876=CARTESIAN_POINT('',(5.64378032881395E-05,0.118665253299413,-0.109283809587307));
#3877=CARTESIAN_POINT('',(0.00012399087422666,0.118575321743974,-0.10915531791018));
#3878=CARTESIAN_POINT('',(0.000196041125678263,0.118486597204239,-0.109024028410237));
#3879=CARTESIAN_POINT('',(0.000344976155588195,0.118311780727738,-0.108760646503873));
#3880=CARTESIAN_POINT('',(0.000421654104131637,0.11822568419307,-0.108628696630248));
#3881=CARTESIAN_POINT('',(0.00055047363986313,0.11808411346196,-0.108411484522184));
#3882=CARTESIAN_POINT('',(0.000601034842237557,0.118029266185989,-0.108327274892069));
#3883=CARTESIAN_POINT('',(0.00068455657072423,0.117939174996609,-0.108189653749443));
#3884=CARTESIAN_POINT('',(0.000717007255180749,0.117904293493631,-0.108136535666803));
#3885=CARTESIAN_POINT('',(0.000782476229783765,0.117833990908634,-0.108030029772083));
#3886=CARTESIAN_POINT('',(0.000815494528197461,0.117798569765547,-0.107976642022033));
#3887=CARTESIAN_POINT('',(0.000901968179054006,0.117705693876632,-0.107837629355993));
#3888=CARTESIAN_POINT('',(0.000955799188897848,0.117647767244445,-0.107751881230617));
#3889=CARTESIAN_POINT('',(0.0010969048682287,0.11749495285357,-0.107529048746469));
#3890=CARTESIAN_POINT('',(0.00118486649402171,0.117398718881212,-0.107392036621563));
#3891=CARTESIAN_POINT('',(0.00136286774916773,0.117200534190908,-0.107118343488511));
#3892=CARTESIAN_POINT('',(0.00145291840689355,0.117098523500143,-0.106981707444469));
#3893=CARTESIAN_POINT('',(0.00154413741282104,0.116993056869575,-0.106844942993774));
#3894=CARTESIAN_POINT('',(0.00154563502333702,0.116991324768471,-0.106842698076861));
#3895=CARTESIAN_POINT('',(0.00154713263252421,0.116989592091238,-0.106840453607877));
#3896=AXIS2_PLACEMENT_3D('',#4193,#4194,#4195);
#3897=CARTESIAN_POINT('',(0.001547340997505,0.137340444257808,-0.104629616944976));
#3898=CARTESIAN_POINT('',(0.00154585126098077,0.137339240390022,-0.104632167591723));
#3899=CARTESIAN_POINT('',(0.00154436152332158,0.137338037174332,-0.104634718548604));
#3900=CARTESIAN_POINT('',(0.00145314068959242,0.13726440083005,-0.104790939786846));
#3901=CARTESIAN_POINT('',(0.00136308026392642,0.137194106190191,-0.104946307389139));
#3902=CARTESIAN_POINT('',(0.00118506766048325,0.137059314677534,-0.10525618691909));
#3903=CARTESIAN_POINT('',(0.00109710437910522,0.136994749143175,-0.105410667688381));
#3904=CARTESIAN_POINT('',(0.000955996095979914,0.136893353075519,-0.10566111660337));
#3905=CARTESIAN_POINT('',(0.000902164105277965,0.136855192232552,-0.105757303291001));
#3906=CARTESIAN_POINT('',(0.000815688888896695,0.136794336016473,-0.10591301679672));
#3907=CARTESIAN_POINT('',(0.000782669995151328,0.136771206229829,-0.105972765283485));
#3908=CARTESIAN_POINT('',(0.000717199841473478,0.136725415862121,-0.106091883045666));
#3909=CARTESIAN_POINT('',(0.000684748573272062,0.136702755208095,-0.106151252273612));
#3910=CARTESIAN_POINT('',(0.000601225339122225,0.136644319860384,-0.106305008731493));
#3911=CARTESIAN_POINT('',(0.000550663222102695,0.136608836102188,-0.106399031553459));
#3912=CARTESIAN_POINT('',(0.000421841325406721,0.136517214259003,-0.106641576741992));
#3913=CARTESIAN_POINT('',(0.000345161940860266,0.136461462403519,-0.106788936439137));
#3914=CARTESIAN_POINT('',(0.000196223978957807,0.136347285192723,-0.107083713436048));
#3915=CARTESIAN_POINT('',(0.000124172230856408,0.136288824735343,-0.107230992516211));
#3916=CARTESIAN_POINT('',(5.66176278533334E-05,0.136228584527199,-0.107375798252784));
#3917=AXIS2_PLACEMENT_3D('',#4196,#4197,#4198);
#3918=AXIS2_PLACEMENT_3D('',#4199,#4200,#4201);
#3919=CARTESIAN_POINT('',(-0.000452834711489055,0.12017917421157,-0.110873866860747));
#3920=CARTESIAN_POINT('',(-0.000452836656894604,0.119989164314637,-0.110711844848427));
#3921=CARTESIAN_POINT('',(-0.000430728894802148,0.119801421284895,-0.110538897166627));
#3922=CARTESIAN_POINT('',(-0.0003496321705131,0.119446725317301,-0.110187642916935));
#3923=CARTESIAN_POINT('',(-0.000292190959934436,0.119279666821903,-0.110010217170747));
#3924=CARTESIAN_POINT('',(-0.000172060286368959,0.119020916621847,-0.109717869759273));
#3925=CARTESIAN_POINT('',(-0.000119455554612302,0.118924741159803,-0.109604763759777));
#3926=CARTESIAN_POINT('',(-2.40587170591425E-05,0.11877521268333,-0.109422479090495));
#3927=CARTESIAN_POINT('',(1.50175755893938E-05,0.118719324052622,-0.10935273714941));
#3928=CARTESIAN_POINT('',(5.64378032881395E-05,0.118665253299413,-0.109283809587307));
#3929=CARTESIAN_POINT('',(0.00154733639872413,0.136891336480655,-0.107303797825351));
#3930=AXIS2_PLACEMENT_3D('',#4202,#4203,#4204);
#3931=CARTESIAN_POINT('',(0.00154734740269016,0.137966282209306,-0.11719872221315));
#3932=VECTOR('',#4205,1.0);
#3933=AXIS2_PLACEMENT_3D('',#4206,#4207,#4208);
#3934=CARTESIAN_POINT('',(-0.00045282563593762,0.121065738674644,-0.11903473311958));
#3935=VECTOR('',#4209,1.0);
#3936=AXIS2_PLACEMENT_3D('',#4210,#4211,#4212);
#3937=AXIS2_PLACEMENT_3D('',#4213,#4214,#4215);
#3938=CARTESIAN_POINT('',(-0.000952663601144829,0.136891362077192,-0.107303797824848));
#3939=VECTOR('',#4216,1.0);
#3940=AXIS2_PLACEMENT_3D('',#4217,#4218,#4219);
#3941=AXIS2_PLACEMENT_3D('',#4220,#4221,#4222);
#3942=DIRECTION('',(-0.707105999388413,0.0763752258224872,-0.702970789229167));
#3943=CARTESIAN_POINT('',(-0.00325271483130762,0.131888574256213,-0.149215131744111));
#3944=DIRECTION('',(0.999999999947585,-1.02386147232542E-05,-2.01025723845134E-10));
#3945=DIRECTION('',(1.1055771090965E-06,0.108000641572746,-0.994150824281031));
#3946=DIRECTION('',(0.707107562910555,0.0763607462346857,-0.70297078951346));
#3947=CARTESIAN_POINT('',(-0.00385271483127624,0.131888580399381,-0.14921513174399));
#3948=DIRECTION('',(-0.999999999947585,1.02386147232541E-05,2.01025723844924E-10));
#3949=DIRECTION('',(1.10557710909654E-06,0.108000641572751,-0.99415082428103));
#3950=CARTESIAN_POINT('',(-0.00185264185073105,0.139016612115285,-0.152847055742309));
#3951=DIRECTION('',(-4.64841293008232E-06,-0.453990499715751,-0.891006524188367));
#3952=DIRECTION('',(9.1225812533017E-06,0.891006524141666,-0.453990499739548));
#3953=CARTESIAN_POINT('',(-0.00385271483127625,0.131888580399381,-0.14921513174399));
#3954=DIRECTION('',(0.999999999947585,-1.02386147232541E-05,-2.01025723844958E-10));
#3955=DIRECTION('',(7.02764949824835E-06,0.686401029671969,-0.727223230112923));
#3956=CARTESIAN_POINT('',(-0.00385271483127625,0.131888580399381,-0.14921513174399));
#3957=DIRECTION('',(0.999999999947585,-1.02386147232541E-05,-2.01025723844958E-10));
#3958=DIRECTION('',(7.02764949824835E-06,0.686401029671969,-0.727223230112923));
#3959=CARTESIAN_POINT('',(-0.0018527878120311,0.124760507729019,-0.145583207746476));
#3960=DIRECTION('',(-4.64841293008232E-06,-0.453990499715751,-0.891006524188367));
#3961=DIRECTION('',(-9.1225812533017E-06,-0.891006524141666,0.453990499739548));
#3962=CARTESIAN_POINT('',(-0.00185271483138108,0.131888559922152,-0.149215131744392));
#3963=DIRECTION('',(-0.999999999947585,1.02386147232541E-05,2.01025723845669E-10));
#3964=DIRECTION('',(7.02764949824835E-06,0.686401029671969,-0.727223230112922));
#3965=CARTESIAN_POINT('',(-0.00185271483138108,0.131888559922152,-0.149215131744392));
#3966=DIRECTION('',(-0.999999999947585,1.02386147232541E-05,2.01025723845669E-10));
#3967=DIRECTION('',(7.02764949824835E-06,0.686401029671969,-0.727223230112922));
#3968=CARTESIAN_POINT('',(-0.00185271483138108,0.131888559922152,-0.149215131744392));
#3969=DIRECTION('',(-0.999999999947585,1.02386147232541E-05,2.01025723845669E-10));
#3970=DIRECTION('',(7.02764949824835E-06,0.686401029671969,-0.727223230112922));
#3971=CARTESIAN_POINT('',(-0.00155277011697531,0.126488076254814,-0.110107590520912));
#3972=DIRECTION('',(-1.02386147056035E-05,-0.999999999052393,4.23129355138235E-05));
#3973=DIRECTION('',(-6.34251568191274E-10,-4.23129355095475E-05,-0.999999999104808));
#3974=CARTESIAN_POINT('',(-0.00295277011017886,0.126488539105991,-0.0995075905301195));
#3975=DIRECTION('',(0.999999999947585,-1.0238614723275E-05,-2.01025723845342E-10));
#3976=DIRECTION('',(-4.64841293009175E-06,-0.453990499715749,-0.891006524188368));
#3977=CARTESIAN_POINT('',(-0.00295277011017886,0.126488539105991,-0.0995075905301195));
#3978=DIRECTION('',(0.999999999947585,-1.0238614723275E-05,-2.01025723845342E-10));
#3979=DIRECTION('',(-4.64841293009175E-06,-0.453990499715749,-0.891006524188368));
#3980=CARTESIAN_POINT('',(-0.00155277010352918,0.126488973289047,-0.0889075905398899));
#3981=DIRECTION('',(-1.02386147056035E-05,-0.999999999052393,4.23129355138235E-05));
#3982=DIRECTION('',(6.34251568191274E-10,4.23129355095475E-05,0.999999999104808));
#3983=CARTESIAN_POINT('',(-0.00155277011025225,0.126488524771931,-0.0995075905304009));
#3984=DIRECTION('',(-0.999999999947585,1.0238614723275E-05,2.01025723844779E-10));
#3985=DIRECTION('',(-4.64841293009175E-06,-0.453990499715749,-0.891006524188368));
#3986=CARTESIAN_POINT('',(-0.00155277011025225,0.126488524771931,-0.0995075905304009));
#3987=DIRECTION('',(-0.999999999947585,1.0238614723275E-05,2.01025723844779E-10));
#3988=DIRECTION('',(-4.64841293009175E-06,-0.453990499715749,-0.891006524188368));
#3989=DIRECTION('',(0.999999999947585,-1.02386147232507E-05,-2.01025751600525E-10));
#3990=CARTESIAN_POINT('',(0.00154738729246903,0.1418620906018,-0.106763794617459));
#3991=DIRECTION('',(0.999999999947585,-1.02386147232507E-05,-2.01025723844637E-10));
#3992=DIRECTION('',(1.01787489775227E-05,0.994150824228923,0.108000641578401));
#3993=DIRECTION('',(0.999999999947585,-1.02386147232507E-05,-2.01025751600525E-10));
#3994=CARTESIAN_POINT('',(0.0116473872919397,0.141861987191791,-0.106763794619489));
#3995=DIRECTION('',(0.999999999947585,-1.02386147232541E-05,-2.01025723845152E-10));
#3996=DIRECTION('',(-1.00971777693296E-05,-0.986189180485866,0.165622764711446));
#3997=DIRECTION('',(0.999999999947585,-1.02386147232507E-05,-2.01025751600525E-10));
#3998=CARTESIAN_POINT('',(0.00154709210874868,0.113031716699161,-0.109895813223232));
#3999=DIRECTION('',(0.999999999947585,-1.02386147232507E-05,-2.01025723844893E-10));
#4000=DIRECTION('',(-1.01787489775227E-05,-0.994150824228923,-0.1080006415784));
#4001=DIRECTION('',(0.999999999947585,-1.02386147230772E-05,-2.01025751600525E-10));
#4002=CARTESIAN_POINT('',(0.0116470921082193,0.113031613289152,-0.109895813225262));
#4003=DIRECTION('',(0.999999999947585,-1.02386147232541E-05,-2.01025723845152E-10));
#4004=DIRECTION('',(9.49759439825433E-06,0.927617608933159,0.373531218918746));
#4005=DIRECTION('',(-1.10557710927828E-06,-0.108000641572742,0.994150824281031));
#4006=DIRECTION('',(-1.10557710927828E-06,-0.108000641572742,0.994150824281031));
#4007=CARTESIAN_POINT('',(0.00154716335999151,0.119990772468763,-0.109139808732183));
#4008=DIRECTION('',(1.10557710927828E-06,0.108000641572742,-0.994150824281031));
#4009=DIRECTION('',(-1.01787489768915E-05,-0.994150824228923,-0.1080006415784));
#4010=DIRECTION('',(-1.10557710927828E-06,-0.108000641572742,0.994150824281031));
#4011=DIRECTION('',(-1.10557710927828E-06,-0.108000641572742,0.994150824281031));
#4012=CARTESIAN_POINT('',(0.00154731604122617,0.134903034832197,-0.107519799108507));
#4013=DIRECTION('',(1.10557710927828E-06,0.108000641572742,-0.994150824281031));
#4014=DIRECTION('',(-0.999999999947585,1.02386147280828E-05,2.01026065514859E-10));
#4015=CARTESIAN_POINT('',(-0.00145277011822465,0.126487973679907,-0.112507590518505));
#4016=DIRECTION('',(-1.02386147055792E-05,-0.999999999052393,4.23129355125308E-05));
#4017=DIRECTION('',(-6.34251568177011E-10,-4.23129355082548E-05,-0.999999999104808));
#4018=CARTESIAN_POINT('',(-0.000452770110309903,0.126488513509454,-0.0995075905306221));
#4019=DIRECTION('',(-0.999999999947585,1.02386147232507E-05,2.01025723844793E-10));
#4020=DIRECTION('',(1.10557710909599E-06,0.108000641572733,-0.994150824281032));
#4021=CARTESIAN_POINT('',(-0.00145283471115853,0.120179184450185,-0.110873866860546));
#4022=DIRECTION('',(-8.95181968040004E-06,-0.874328948444062,0.485333792180768));
#4023=DIRECTION('',(0.999999999947585,-1.02386147141435E-05,-2.0100930897996E-10));
#4024=CARTESIAN_POINT('',(-0.00145277010997938,0.126488523748069,-0.099507590530421));
#4025=DIRECTION('',(0.999999999947585,-1.02386147232507E-05,-2.01025723845138E-10));
#4026=DIRECTION('',(1.10557710909599E-06,0.108000641572733,-0.994150824281032));
#4027=CARTESIAN_POINT('',(-0.00145277010997938,0.126488523748069,-0.099507590530421));
#4028=DIRECTION('',(0.999999999947585,-1.02386147232507E-05,-2.01025723845138E-10));
#4029=DIRECTION('',(1.10557710909599E-06,0.108000641572733,-0.994150824281032));
#4030=DIRECTION('',(-0.999999999947585,1.02386147232507E-05,2.01025640578223E-10));
#4031=CARTESIAN_POINT('',(-0.00145271483138816,0.131888555826706,-0.149215131744473));
#4032=DIRECTION('',(0.999999999947585,-1.02386147232507E-05,-2.01025723844765E-10));
#4033=DIRECTION('',(-1.105577109096E-06,-0.108000641572734,0.994150824281032));
#4034=CARTESIAN_POINT('',(-0.00145271483138816,0.131888555826706,-0.149215131744473));
#4035=DIRECTION('',(0.999999999947585,-1.02386147232507E-05,-2.01025723844765E-10));
#4036=DIRECTION('',(-1.105577109096E-06,-0.108000641572734,0.994150824281032));
#4037=DIRECTION('',(-0.999999999947585,1.02386147232507E-05,2.01025640578223E-10));
#4038=CARTESIAN_POINT('',(0.0116472851679114,0.131888421700853,-0.149215131747106));
#4039=DIRECTION('',(0.999999999947585,-1.02386147232541E-05,-2.01025723844894E-10));
#4040=DIRECTION('',(-1.81291761462366E-06,-0.17708601330599,0.984195378920316));
#4041=DIRECTION('',(0.999999999947585,-1.02386147232507E-05,-2.01025640578223E-10));
#4042=CARTESIAN_POINT('',(-0.00185271483138108,0.131888559922152,-0.149215131744392));
#4043=DIRECTION('',(-0.999999999947585,1.02386147232541E-05,2.01025723845669E-10));
#4044=DIRECTION('',(7.02764949824835E-06,0.686401029671969,-0.727223230112922));
#4045=DIRECTION('',(-0.999999999947585,1.02386147232507E-05,2.01025640578223E-10));
#4046=CARTESIAN_POINT('',(0.0116471746661701,0.121095734262614,-0.147089597026626));
#4047=DIRECTION('',(0.999999999947585,-1.02386147232541E-05,-2.01025723844934E-10));
#4048=DIRECTION('',(1.02290886175664E-05,0.999070436699579,-0.0431075678770915));
#4049=DIRECTION('',(-0.999999999947585,1.02386147230911E-05,2.01025640578223E-10));
#4050=CARTESIAN_POINT('',(0.00154717466669963,0.121095837672623,-0.147089597024596));
#4051=DIRECTION('',(0.999999999947585,-1.02386147521928E-05,-2.0111548537693E-10));
#4052=DIRECTION('',(1.00456128499039E-05,0.981153403477502,-0.193230429134752));
#4053=CARTESIAN_POINT('',(-0.00145271482441139,0.131889021268997,-0.138215131754334));
#4054=DIRECTION('',(-1.02386147055792E-05,-0.999999999052393,4.23129355139214E-05));
#4055=DIRECTION('',(6.34251568191249E-10,4.23129355096454E-05,0.999999999104808));
#4056=CARTESIAN_POINT('',(-0.00145271483138816,0.131888555826706,-0.149215131744473));
#4057=DIRECTION('',(0.999999999947585,-1.02386147232507E-05,-2.01025723844765E-10));
#4058=DIRECTION('',(-1.105577109096E-06,-0.108000641572734,0.994150824281032));
#4059=CARTESIAN_POINT('',(-0.00145280006829534,0.123563371727694,-0.142025464873888));
#4060=DIRECTION('',(-6.69217296833668E-06,-0.653606079110632,-0.756834918132641));
#4061=DIRECTION('',(7.74880974806825E-06,0.756834918092973,-0.653606079144892));
#4062=CARTESIAN_POINT('',(-0.000452714831454455,0.131888545588091,-0.149215131744674));
#4063=DIRECTION('',(-0.999999999947585,1.02386147232507E-05,2.01025723844972E-10));
#4064=DIRECTION('',(-1.105577109096E-06,-0.108000641572734,0.994150824281032));
#4065=DIRECTION('',(-0.999999999947585,1.02386147232507E-05,2.01025640578223E-10));
#4066=CARTESIAN_POINT('',(0.0116473884198987,0.141972901571394,-0.144821583553483));
#4067=DIRECTION('',(0.999999999947585,-1.02386147232541E-05,-2.01025723845287E-10));
#4068=DIRECTION('',(-9.89574457686807E-06,-0.966507018043697,-0.256640183865182));
#4069=CARTESIAN_POINT('',(0.00154738842042796,0.141973004981403,-0.144821583551453));
#4070=DIRECTION('',(0.999999999947585,-1.02386147390124E-05,-2.00994748622505E-10));
#4071=DIRECTION('',(-1.01787489898469E-05,-0.99415082422892,-0.108000641578424));
#4072=DIRECTION('',(-0.999999999947585,1.02386147232507E-05,2.01025751600525E-10));
#4073=DIRECTION('',(-0.999999999947585,1.02386147232507E-05,2.01025751600525E-10));
#4074=CARTESIAN_POINT('',(0.0116472298890559,0.126488389622216,-0.0995075905330545));
#4075=DIRECTION('',(0.999999999947585,-1.02386147232541E-05,-2.01025723844779E-10));
#4076=DIRECTION('',(-4.6484129300823E-06,-0.453990499715749,-0.891006524188368));
#4077=DIRECTION('',(0.999999999947585,-1.02386147232507E-05,-2.01025751600525E-10));
#4078=CARTESIAN_POINT('',(-0.00155277011025225,0.126488524771931,-0.0995075905304009));
#4079=DIRECTION('',(-0.999999999947585,1.0238614723275E-05,2.01025723844779E-10));
#4080=DIRECTION('',(-4.64841293009175E-06,-0.453990499715749,-0.891006524188368));
#4081=DIRECTION('',(-1.10557710880643E-06,-0.10800064157274,0.994150824281032));
#4082=CARTESIAN_POINT('',(0.0043472280099083,0.126304854379791,-0.0978175350964792));
#4083=DIRECTION('',(-1.105577108829E-06,-0.10800064157274,0.994150824281031));
#4084=DIRECTION('',(-0.278354441138004,0.954860451262582,0.103731980186283));
#4085=DIRECTION('',(1.10557710880643E-06,0.10800064157274,-0.994150824281032));
#4086=DIRECTION('',(0.707107562910558,0.0763607462346818,-0.702970789513458));
#4087=CARTESIAN_POINT('',(0.0105865697173317,0.126488400481907,-0.0995075905328413));
#4088=DIRECTION('',(0.999999999947585,-1.02386147232541E-05,-2.01025723844731E-10));
#4089=DIRECTION('',(1.10557710909641E-06,0.108000641572738,-0.994150824281032));
#4090=CARTESIAN_POINT('',(0.011647229889056,0.126488389622216,-0.0995075905330545));
#4091=DIRECTION('',(0.999999999947585,-1.02386147232541E-05,-2.01025723844973E-10));
#4092=DIRECTION('',(1.10557710909638E-06,0.108000641572734,-0.994150824281032));
#4093=DIRECTION('',(0.999999999947585,-1.02386147232541E-05,-2.0102572384495E-10));
#4094=CARTESIAN_POINT('',(-0.00295277011017888,0.126488539105991,-0.0995075905301195));
#4095=DIRECTION('',(-0.999999999947585,1.0238614723275E-05,2.01025723845112E-10));
#4096=DIRECTION('',(-1.1055771090987E-06,-0.108000641572742,0.994150824281031));
#4097=DIRECTION('',(-0.999999999947585,1.02386147232542E-05,2.01025696089374E-10));
#4098=CARTESIAN_POINT('',(0.00952590954560746,0.126488411341598,-0.099507590532628));
#4099=DIRECTION('',(-0.999999999947585,1.02386147232541E-05,2.01025723845111E-10));
#4100=DIRECTION('',(1.10557710909641E-06,0.108000641572737,-0.994150824281032));
#4101=DIRECTION('',(-1.01787489775185E-05,-0.994150824228923,-0.108000641578399));
#4102=DIRECTION('',(-1.01787489775115E-05,-0.994150824228923,-0.108000641578399));
#4103=CARTESIAN_POINT('',(0.00952591413375246,0.126936614004125,-0.103633316453394));
#4104=DIRECTION('',(1.01787489775262E-05,0.994150824228924,0.108000641578394));
#4105=DIRECTION('',(1.10557710909638E-06,0.108000641572735,-0.994150824281032));
#4106=DIRECTION('',(-0.999999999947585,1.02386147232541E-05,2.0102572384495E-10));
#4107=CARTESIAN_POINT('',(0.0106472851679638,0.131888431939468,-0.149215131746905));
#4108=DIRECTION('',(-0.999999999947585,1.02386147232541E-05,2.01025723845131E-10));
#4109=DIRECTION('',(1.10557710909651E-06,0.108000641572747,-0.994150824281031));
#4110=DIRECTION('',(0.999999999947585,-1.02386147232541E-05,-2.0102572384495E-10));
#4111=CARTESIAN_POINT('',(-0.00325271483130762,0.131888574256213,-0.149215131744111));
#4112=DIRECTION('',(0.999999999947585,-1.02386147232542E-05,-2.01025723845134E-10));
#4113=DIRECTION('',(1.1055771090965E-06,0.108000641572746,-0.994150824281031));
#4114=DIRECTION('',(0.707107562910555,0.0763607462346813,-0.70297078951346));
#4115=DIRECTION('',(-0.707105999388413,0.0763752258224828,-0.702970789229167));
#4116=CARTESIAN_POINT('',(0.0116472851679114,0.131888421700853,-0.149215131747106));
#4117=DIRECTION('',(0.999999999947585,-1.02386147232541E-05,-2.01025723844954E-10));
#4118=DIRECTION('',(1.10557710909648E-06,0.108000641572744,-0.994150824281031));
#4119=CARTESIAN_POINT('',(0.0116472851679114,0.131888421700853,-0.149215131747106));
#4120=DIRECTION('',(0.999999999947585,-1.02386147232541E-05,-2.01025723844954E-10));
#4121=DIRECTION('',(1.10557710909648E-06,0.108000641572744,-0.994150824281031));
#4122=CARTESIAN_POINT('',(0.0106472851679638,0.131888431939468,-0.149215131746905));
#4123=DIRECTION('',(-0.999999999947585,1.02386147232541E-05,2.01025723845131E-10));
#4124=DIRECTION('',(1.10557710909651E-06,0.108000641572747,-0.994150824281031));
#4125=CARTESIAN_POINT('',(0.0116473884198987,0.141972901571394,-0.144821583553483));
#4126=DIRECTION('',(0.999999999947585,-1.02386147232541E-05,-2.01025723845287E-10));
#4127=DIRECTION('',(-9.89574457686807E-06,-0.966507018043697,-0.256640183865182));
#4128=DIRECTION('',(-1.10557710900072E-06,-0.108000641572742,0.994150824281031));
#4129=CARTESIAN_POINT('',(0.0116473872919397,0.141861987191791,-0.106763794619489));
#4130=DIRECTION('',(0.999999999947585,-1.02386147232541E-05,-2.01025723845152E-10));
#4131=DIRECTION('',(-1.00971777693296E-05,-0.986189180485866,0.165622764711446));
#4132=CARTESIAN_POINT('',(0.0116472298890559,0.126488389622216,-0.0995075905330545));
#4133=DIRECTION('',(0.999999999947585,-1.02386147232541E-05,-2.01025723844779E-10));
#4134=DIRECTION('',(-4.6484129300823E-06,-0.453990499715749,-0.891006524188368));
#4135=CARTESIAN_POINT('',(0.0116470921082193,0.113031613289152,-0.109895813225262));
#4136=DIRECTION('',(0.999999999947585,-1.02386147232541E-05,-2.01025723845152E-10));
#4137=DIRECTION('',(9.49759439825433E-06,0.927617608933159,0.373531218918746));
#4138=DIRECTION('',(1.10557710900072E-06,0.108000641572742,-0.994150824281031));
#4139=CARTESIAN_POINT('',(0.0116471746661701,0.121095734262614,-0.147089597026626));
#4140=DIRECTION('',(0.999999999947585,-1.02386147232541E-05,-2.01025723844934E-10));
#4141=DIRECTION('',(1.02290886175664E-05,0.999070436699579,-0.0431075678770915));
#4142=CARTESIAN_POINT('',(0.0116472851679114,0.131888421700853,-0.149215131747106));
#4143=DIRECTION('',(0.999999999947585,-1.02386147232541E-05,-2.01025723844894E-10));
#4144=DIRECTION('',(-1.81291761462366E-06,-0.17708601330599,0.984195378920316));
#4145=DIRECTION('',(-1.01787489775115E-05,-0.994150824228923,-0.108000641578399));
#4146=CARTESIAN_POINT('',(0.011647229889056,0.126488389622216,-0.0995075905330545));
#4147=DIRECTION('',(0.999999999947585,-1.02386147232541E-05,-2.01025723844973E-10));
#4148=DIRECTION('',(1.10557710909638E-06,0.108000641572734,-0.994150824281032));
#4149=CARTESIAN_POINT('',(0.0105865697173317,0.126488400481907,-0.0995075905328413));
#4150=DIRECTION('',(0.999999999947585,-1.02386147232541E-05,-2.01025723844731E-10));
#4151=DIRECTION('',(1.10557710909641E-06,0.108000641572738,-0.994150824281032));
#4152=CARTESIAN_POINT('',(0.00952590954560746,0.126488411341598,-0.099507590532628));
#4153=DIRECTION('',(-0.999999999947585,1.02386147232541E-05,2.01025723845111E-10));
#4154=DIRECTION('',(1.10557710909641E-06,0.108000641572737,-0.994150824281032));
#4155=DIRECTION('',(1.01787489775185E-05,0.994150824228923,0.108000641578399));
#4156=DIRECTION('',(0.999999999947585,-1.02386147232542E-05,-2.01025696089374E-10));
#4157=CARTESIAN_POINT('',(-0.00295277011017888,0.126488539105991,-0.0995075905301195));
#4158=DIRECTION('',(-0.999999999947585,1.0238614723275E-05,2.01025723845112E-10));
#4159=DIRECTION('',(-1.1055771090987E-06,-0.108000641572742,0.994150824281031));
#4160=DIRECTION('',(1.01787489775254E-05,0.994150824228923,0.108000641578399));
#4161=CARTESIAN_POINT('',(0.0043472280099083,0.126304854379791,-0.0978175350964792));
#4162=DIRECTION('',(-1.105577108829E-06,-0.10800064157274,0.994150824281031));
#4163=DIRECTION('',(-0.278354441138004,0.954860451262582,0.103731980186283));
#4164=CARTESIAN_POINT('',(-0.00295277011017886,0.126488539105991,-0.0995075905301195));
#4165=DIRECTION('',(0.999999999947585,-1.0238614723275E-05,-2.01025723845342E-10));
#4166=DIRECTION('',(-4.64841293009175E-06,-0.453990499715749,-0.891006524188368));
#4167=CARTESIAN_POINT('',(-0.00155277011025225,0.126488524771931,-0.0995075905304009));
#4168=DIRECTION('',(-0.999999999947585,1.0238614723275E-05,2.01025723844779E-10));
#4169=DIRECTION('',(-4.64841293009175E-06,-0.453990499715749,-0.891006524188368));
#4170=CARTESIAN_POINT('',(-0.00145277010997938,0.126488523748069,-0.099507590530421));
#4171=DIRECTION('',(0.999999999947585,-1.02386147232507E-05,-2.01025723845138E-10));
#4172=DIRECTION('',(1.10557710909599E-06,0.108000641572733,-0.994150824281032));
#4173=CARTESIAN_POINT('',(-0.00145264738706069,0.138475634089188,-0.140405455248762));
#4174=DIRECTION('',(-8.19735617274553E-06,-0.800879681387358,0.598825296621383));
#4175=DIRECTION('',(-6.13130249339043E-06,-0.598825296589994,-0.80087968142931));
#4176=CARTESIAN_POINT('',(0.00154738842042796,0.141973004981403,-0.144821583551453));
#4177=DIRECTION('',(0.999999999947585,-1.02386147390124E-05,-2.00994748622505E-10));
#4178=DIRECTION('',(-1.01787489898469E-05,-0.99415082422892,-0.108000641578424));
#4179=DIRECTION('',(0.999999999947585,-1.02386147230911E-05,-2.01025640578223E-10));
#4180=CARTESIAN_POINT('',(-0.000452714831454455,0.131888545588091,-0.149215131744674));
#4181=DIRECTION('',(-0.999999999947585,1.02386147232507E-05,2.01025723844972E-10));
#4182=DIRECTION('',(-1.105577109096E-06,-0.108000641572734,0.994150824281032));
#4183=CARTESIAN_POINT('',(0.00154717466669963,0.121095837672623,-0.147089597024596));
#4184=DIRECTION('',(0.999999999947585,-1.02386147521928E-05,-2.0111548537693E-10));
#4185=DIRECTION('',(1.00456128499039E-05,0.981153403477502,-0.193230429134752));
#4186=DIRECTION('',(0.999999999947585,-1.02386147232507E-05,-2.01025640578223E-10));
#4187=CARTESIAN_POINT('',(-0.00185271483138108,0.131888559922152,-0.149215131744392));
#4188=DIRECTION('',(-0.999999999947585,1.02386147232541E-05,2.01025723845669E-10));
#4189=DIRECTION('',(7.02764949824835E-06,0.686401029671969,-0.727223230112922));
#4190=CARTESIAN_POINT('',(-0.000688924974856246,0.118002493714922,-0.109355810014849));
#4191=DIRECTION('',(-0.521099630407534,0.646572620663028,-0.557134652842628));
#4192=DIRECTION('',(6.68362243684298E-06,0.652770939363283,0.757555344960423));
#4193=CARTESIAN_POINT('',(-0.000688731578625761,0.136891359374515,-0.107303797824942));
#4194=DIRECTION('',(-0.521111490981002,-0.511840749428603,-0.682980132355197));
#4195=DIRECTION('',(0.745349206686408,-0.662774847500771,-0.072000427861735));
#4196=CARTESIAN_POINT('',(-0.00145268202992386,0.135091446813619,-0.109253857236871));
#4197=DIRECTION('',(7.67615378519104E-06,0.749712823549779,0.661763312783426));
#4198=DIRECTION('',(-6.7753888869412E-06,-0.661763312748741,0.749712823589076));
#4199=CARTESIAN_POINT('',(-0.000452770110309903,0.126488513509454,-0.0995075905306221));
#4200=DIRECTION('',(-0.999999999947585,1.02386147232507E-05,2.01025723844793E-10));
#4201=DIRECTION('',(1.10557710909599E-06,0.108000641572733,-0.994150824281032));
#4202=CARTESIAN_POINT('',(0.00154731604122617,0.134903034832197,-0.107519799108507));
#4203=DIRECTION('',(1.10557710927828E-06,0.108000641572742,-0.994150824281031));
#4204=DIRECTION('',(-0.999999999947585,1.02386147280828E-05,2.01026065514859E-10));
#4205=DIRECTION('',(1.10557710927828E-06,0.108000641572742,-0.994150824281031));
#4206=CARTESIAN_POINT('',(0.00154738729246903,0.1418620906018,-0.106763794617459));
#4207=DIRECTION('',(0.999999999947585,-1.02386147232507E-05,-2.01025723844637E-10));
#4208=DIRECTION('',(1.01787489775227E-05,0.994150824228923,0.108000641578401));
#4209=DIRECTION('',(1.10557710927828E-06,0.108000641572742,-0.994150824281031));
#4210=CARTESIAN_POINT('',(0.00154716335999151,0.119990772468763,-0.109139808732183));
#4211=DIRECTION('',(1.10557710927828E-06,0.108000641572742,-0.994150824281031));
#4212=DIRECTION('',(-1.01787489768915E-05,-0.994150824228923,-0.1080006415784));
#4213=CARTESIAN_POINT('',(0.00154709210874868,0.113031716699161,-0.109895813223232));
#4214=DIRECTION('',(0.999999999947585,-1.02386147232507E-05,-2.01025723844893E-10));
#4215=DIRECTION('',(-1.01787489775227E-05,-0.994150824228923,-0.1080006415784));
#4216=DIRECTION('',(-0.999999999947585,1.02386147230772E-05,2.01025751600525E-10));
#4217=CARTESIAN_POINT('',(-0.00385271483127625,0.131888580399381,-0.14921513174399));
#4218=DIRECTION('',(0.999999999947585,-1.02386147232541E-05,-2.01025723844958E-10));
#4219=DIRECTION('',(7.02764949824835E-06,0.686401029671969,-0.727223230112923));
#4220=CARTESIAN_POINT('',(-0.00385271483127624,0.131888580399381,-0.14921513174399));
#4221=DIRECTION('',(-0.999999999947585,1.02386147232541E-05,2.01025723844924E-10));
#4222=DIRECTION('',(1.10557710909654E-06,0.108000641572751,-0.99415082428103));
#4223=PRESENTATION_LAYER_ASSIGNMENT('9','Layer0',(#25));
ENDSEC;
END-ISO-10303-21;
