ISO-10303-21;
HEADER;
FILE_DESCRIPTION(('STEP AP214'),'1');
FILE_NAME('Arm_2.stp','2026-09-05T13:19:43',(' '),(' '),'Spatial InterOp 3D',' ',' ');
FILE_SCHEMA(('AUTOMOTIVE_DESIGN { 1 0 10303 214 1 1 1 1 }'));
ENDSEC;
DATA;
#1=MECHANICAL_DESIGN_GEOMETRIC_PRESENTATION_REPRESENTATION(' ',(#10),#6);
#2=PRODUCT_DEFINITION_CONTEXT('',#11,'design');
#3=APPLICATION_PROTOCOL_DEFINITION('INTERNATIONAL STANDARD','automotive_design',1994,#11);
#4=PRODUCT_CATEGORY_RELATIONSHIP('NONE','NONE',#12,#13);
#5=SHAPE_DEFINITION_REPRESENTATION(#14,#15);
#6= (GEOMETRIC_REPRESENTATION_CONTEXT(3)GLOBAL_UNCERTAINTY_ASSIGNED_CONTEXT((#18))GLOBAL_UNIT_ASSIGNED_CONTEXT((#20,#21,#22))REPRESENTATION_CONTEXT('NONE','WORKSPACE'));
#10=STYLED_ITEM('',(#24),#25);
#11=APPLICATION_CONTEXT(' ');
#12=PRODUCT_CATEGORY('part','NONE');
#13=PRODUCT_RELATED_PRODUCT_CATEGORY('detail',' ',(#26));
#14=PRODUCT_DEFINITION_SHAPE('NONE','NONE',#27);
#15=ADVANCED_BREP_SHAPE_REPRESENTATION('Arm_2',(#25,#28),#6);
#18=UNCERTAINTY_MEASURE_WITH_UNIT(LENGTH_MEASURE(1.0E-08),#20,'','');
#20= (CONVERSION_BASED_UNIT('METRE',#31)LENGTH_UNIT()NAMED_UNIT(#34));
#21= (NAMED_UNIT(#36)PLANE_ANGLE_UNIT()SI_UNIT($,.RADIAN.));
#22= (NAMED_UNIT(#36)SOLID_ANGLE_UNIT()SI_UNIT($,.STERADIAN.));
#24=PRESENTATION_STYLE_ASSIGNMENT((#42));
#25=MANIFOLD_SOLID_BREP('Arm_2',#43);
#26=PRODUCT('Arm_2','','PART--DESC',(#44));
#27=PRODUCT_DEFINITION('','NONE',#45,#2);
#28=AXIS2_PLACEMENT_3D('',#46,#47,#48);
#31=LENGTH_MEASURE_WITH_UNIT(LENGTH_MEASURE(1.0),#49);
#34=DIMENSIONAL_EXPONENTS(1.0,0.0,0.0,0.0,0.0,0.0,0.0);
#36=DIMENSIONAL_EXPONENTS(0.0,0.0,0.0,0.0,0.0,0.0,0.0);
#42=SURFACE_STYLE_USAGE(.BOTH.,#50);
#43=CLOSED_SHELL('',(#51,#52,#53,#54,#55,#56,#57,#58,#59,#60,#61,#62,#63,#64,#65,#66,#67,#68,#69,#70,#71,#72,#73,#74,#75,#76,#77,#78,#79,#80,#81,#82,#83,#84,#85,#86,#87,#88,#89,#90,#91,#92,#93,#94,#95,#96,#97,#98,#99,#100,#101,#102,#103,#104,#105,#106,#107,#108,#109,#110,#111,#112,#113,#114,#115,#116,#117,#118,#119,#120,#121,#122,#123,#124,#125,#126,#127,#128,#129,#130,#131,#132,#133,#134,#135));
#44=PRODUCT_CONTEXT('',#11,'mechanical');
#45=PRODUCT_DEFINITION_FORMATION_WITH_SPECIFIED_SOURCE(' ','NONE',#26,.NOT_KNOWN.);
#46=CARTESIAN_POINT('',(0.0,0.0,0.0));
#47=DIRECTION('',(0.0,0.0,1.0));
#48=DIRECTION('',(1.0,0.0,0.0));
#49= (NAMED_UNIT(#34)LENGTH_UNIT()SI_UNIT($,.METRE.));
#50=SURFACE_SIDE_STYLE('',(#137));
#51=ADVANCED_FACE('0:670',(#138),#139,.F.);
#52=ADVANCED_FACE('0:667',(#140),#141,.F.);
#53=ADVANCED_FACE('0:664',(#142),#143,.F.);
#54=ADVANCED_FACE('0:661',(#144),#145,.T.);
#55=ADVANCED_FACE('0:658',(#146),#147,.T.);
#56=ADVANCED_FACE('0:658',(#148),#149,.T.);
#57=ADVANCED_FACE('0:655',(#150),#151,.T.);
#58=ADVANCED_FACE('0:652',(#152),#153,.T.);
#59=ADVANCED_FACE('0:649',(#154),#155,.T.);
#60=ADVANCED_FACE('0:646',(#156),#157,.T.);
#61=ADVANCED_FACE('0:643',(#158),#159,.T.);
#62=ADVANCED_FACE('0:634',(#160),#161,.T.);
#63=ADVANCED_FACE('0:631',(#162),#163,.T.);
#64=ADVANCED_FACE('0:622',(#164),#165,.F.);
#65=ADVANCED_FACE('0:613',(#166),#167,.T.);
#66=ADVANCED_FACE('0:610',(#168),#169,.F.);
#67=ADVANCED_FACE('0:607',(#170),#171,.T.);
#68=ADVANCED_FACE('0:598',(#172),#173,.T.);
#69=ADVANCED_FACE('0:592',(#174),#175,.F.);
#70=ADVANCED_FACE('0:583',(#176),#177,.F.);
#71=ADVANCED_FACE('0:577',(#178),#179,.F.);
#72=ADVANCED_FACE('0:574',(#180),#181,.F.);
#73=ADVANCED_FACE('0:565',(#182),#183,.T.);
#74=ADVANCED_FACE('0:559',(#184),#185,.T.);
#75=ADVANCED_FACE('0:556',(#186),#187,.T.);
#76=ADVANCED_FACE('0:553',(#188),#189,.T.);
#77=ADVANCED_FACE('0:550',(#190),#191,.T.);
#78=ADVANCED_FACE('0:547',(#192),#193,.T.);
#79=ADVANCED_FACE('0:541',(#194),#195,.T.);
#80=ADVANCED_FACE('0:538',(#196),#197,.T.);
#81=ADVANCED_FACE('0:535',(#198),#199,.T.);
#82=ADVANCED_FACE('0:523',(#200),#201,.T.);
#83=ADVANCED_FACE('0:517',(#202),#203,.T.);
#84=ADVANCED_FACE('0:517',(#204),#205,.T.);
#85=ADVANCED_FACE('0:520',(#206,#207),#208,.F.);
#86=ADVANCED_FACE('0:523',(#209),#210,.T.);
#87=ADVANCED_FACE('0:526',(#211),#212,.T.);
#88=ADVANCED_FACE('0:529',(#213,#214),#215,.T.);
#89=ADVANCED_FACE('0:532',(#216),#217,.T.);
#90=ADVANCED_FACE('0:535',(#218),#219,.T.);
#91=ADVANCED_FACE('0:538',(#220),#221,.T.);
#92=ADVANCED_FACE('0:541',(#222),#223,.T.);
#93=ADVANCED_FACE('0:544',(#224),#225,.T.);
#94=ADVANCED_FACE('0:547',(#226),#227,.T.);
#95=ADVANCED_FACE('0:550',(#228),#229,.T.);
#96=ADVANCED_FACE('0:553',(#230),#231,.T.);
#97=ADVANCED_FACE('0:556',(#232),#233,.T.);
#98=ADVANCED_FACE('0:559',(#234),#235,.T.);
#99=ADVANCED_FACE('0:562',(#236),#237,.T.);
#100=ADVANCED_FACE('0:565',(#238),#239,.T.);
#101=ADVANCED_FACE('0:568',(#240),#241,.T.);
#102=ADVANCED_FACE('0:571',(#242),#243,.F.);
#103=ADVANCED_FACE('0:574',(#244),#245,.F.);
#104=ADVANCED_FACE('0:577',(#246),#247,.F.);
#105=ADVANCED_FACE('0:580',(#248,#249),#250,.T.);
#106=ADVANCED_FACE('0:583',(#251),#252,.F.);
#107=ADVANCED_FACE('0:586',(#253),#254,.T.);
#108=ADVANCED_FACE('0:589',(#255),#256,.T.);
#109=ADVANCED_FACE('0:592',(#257),#258,.F.);
#110=ADVANCED_FACE('0:595',(#259),#260,.T.);
#111=ADVANCED_FACE('0:598',(#261),#262,.T.);
#112=ADVANCED_FACE('0:601',(#263),#264,.T.);
#113=ADVANCED_FACE('0:604',(#265),#266,.T.);
#114=ADVANCED_FACE('0:607',(#267),#268,.T.);
#115=ADVANCED_FACE('0:610',(#269),#270,.F.);
#116=ADVANCED_FACE('0:613',(#271),#272,.T.);
#117=ADVANCED_FACE('0:616',(#273),#274,.T.);
#118=ADVANCED_FACE('0:619',(#275),#276,.T.);
#119=ADVANCED_FACE('0:622',(#277),#278,.F.);
#120=ADVANCED_FACE('0:625',(#279),#280,.T.);
#121=ADVANCED_FACE('0:628',(#281),#282,.T.);
#122=ADVANCED_FACE('0:631',(#283),#284,.T.);
#123=ADVANCED_FACE('0:634',(#285),#286,.T.);
#124=ADVANCED_FACE('0:637',(#287),#288,.T.);
#125=ADVANCED_FACE('0:640',(#289),#290,.T.);
#126=ADVANCED_FACE('0:643',(#291),#292,.T.);
#127=ADVANCED_FACE('0:646',(#293),#294,.T.);
#128=ADVANCED_FACE('0:649',(#295),#296,.T.);
#129=ADVANCED_FACE('0:652',(#297),#298,.T.);
#130=ADVANCED_FACE('0:655',(#299),#300,.T.);
#131=ADVANCED_FACE('0:658',(#301),#302,.T.);
#132=ADVANCED_FACE('0:661',(#303),#304,.T.);
#133=ADVANCED_FACE('0:664',(#305),#306,.F.);
#134=ADVANCED_FACE('0:667',(#307),#308,.F.);
#135=ADVANCED_FACE('0:670',(#309),#310,.F.);
#137=SURFACE_STYLE_FILL_AREA(#311);
#138=FACE_OUTER_BOUND('',#312,.T.);
#139=CONICAL_SURFACE('',#313,0.00275000000000001,0.785398163397448);
#140=FACE_OUTER_BOUND('',#314,.T.);
#141=CYLINDRICAL_SURFACE('',#315,0.00215);
#142=FACE_OUTER_BOUND('',#316,.T.);
#143=CONICAL_SURFACE('',#317,0.00415000000000002,0.785398163397448);
#144=FACE_OUTER_BOUND('',#318,.T.);
#145=CYLINDRICAL_SURFACE('',#319,0.01);
#146=FACE_OUTER_BOUND('',#320,.T.);
#147=TOROIDAL_SURFACE('',#321,0.00800000000000001,0.002);
#148=FACE_OUTER_BOUND('',#322,.T.);
#149=TOROIDAL_SURFACE('',#323,0.00800000000000001,0.002);
#150=FACE_OUTER_BOUND('',#324,.T.);
#151=SPHERICAL_SURFACE('',#325,0.005);
#152=FACE_OUTER_BOUND('',#326,.T.);
#153=SPHERICAL_SURFACE('',#327,0.005);
#154=FACE_OUTER_BOUND('',#328,.T.);
#155=CYLINDRICAL_SURFACE('',#329,0.005);
#156=FACE_OUTER_BOUND('',#330,.T.);
#157=CYLINDRICAL_SURFACE('',#331,0.005);
#158=FACE_OUTER_BOUND('',#332,.T.);
#159=CYLINDRICAL_SURFACE('',#333,0.005);
#160=FACE_OUTER_BOUND('',#334,.T.);
#161=CYLINDRICAL_SURFACE('',#335,0.005);
#162=FACE_OUTER_BOUND('',#336,.T.);
#163=CYLINDRICAL_SURFACE('',#337,0.005);
#164=FACE_OUTER_BOUND('',#338,.T.);
#165=CYLINDRICAL_SURFACE('',#339,0.005);
#166=FACE_OUTER_BOUND('',#340,.T.);
#167=CYLINDRICAL_SURFACE('',#341,0.002);
#168=FACE_OUTER_BOUND('',#342,.T.);
#169=CYLINDRICAL_SURFACE('',#343,0.006);
#170=FACE_OUTER_BOUND('',#344,.T.);
#171=CYLINDRICAL_SURFACE('',#345,0.002);
#172=FACE_OUTER_BOUND('',#346,.T.);
#173=CYLINDRICAL_SURFACE('',#347,0.005);
#174=FACE_OUTER_BOUND('',#348,.T.);
#175=CYLINDRICAL_SURFACE('',#349,0.005);
#176=FACE_OUTER_BOUND('',#350,.T.);
#177=CONICAL_SURFACE('',#351,0.0028,0.785398163397443);
#178=FACE_OUTER_BOUND('',#352,.T.);
#179=CYLINDRICAL_SURFACE('',#353,0.0023);
#180=FACE_OUTER_BOUND('',#354,.T.);
#181=CONICAL_SURFACE('',#355,0.0033,0.785398163397448);
#182=FACE_OUTER_BOUND('',#356,.T.);
#183=CYLINDRICAL_SURFACE('',#357,0.005);
#184=FACE_OUTER_BOUND('',#358,.T.);
#185=CYLINDRICAL_SURFACE('',#359,0.005);
#186=FACE_OUTER_BOUND('',#360,.T.);
#187=SPHERICAL_SURFACE('',#361,0.002);
#188=FACE_OUTER_BOUND('',#362,.T.);
#189=SPHERICAL_SURFACE('',#363,0.002);
#190=FACE_OUTER_BOUND('',#364,.T.);
#191=TOROIDAL_SURFACE('',#365,0.003,0.002);
#192=FACE_OUTER_BOUND('',#366,.T.);
#193=CYLINDRICAL_SURFACE('',#367,0.002);
#194=FACE_OUTER_BOUND('',#368,.T.);
#195=CYLINDRICAL_SURFACE('',#369,0.002);
#196=FACE_OUTER_BOUND('',#370,.T.);
#197=CYLINDRICAL_SURFACE('',#371,0.002);
#198=FACE_OUTER_BOUND('',#372,.T.);
#199=CYLINDRICAL_SURFACE('',#373,0.002);
#200=FACE_OUTER_BOUND('',#374,.T.);
#201=CYLINDRICAL_SURFACE('',#375,0.002);
#202=FACE_OUTER_BOUND('',#376,.T.);
#203=CYLINDRICAL_SURFACE('',#377,0.002);
#204=FACE_OUTER_BOUND('',#378,.T.);
#205=CYLINDRICAL_SURFACE('',#379,0.002);
#206=FACE_OUTER_BOUND('',#380,.T.);
#207=FACE_BOUND('',#381,.T.);
#208=PLANE('',#382);
#209=FACE_OUTER_BOUND('',#383,.T.);
#210=CYLINDRICAL_SURFACE('',#384,0.002);
#211=FACE_OUTER_BOUND('',#385,.T.);
#212=PLANE('',#386);
#213=FACE_OUTER_BOUND('',#387,.T.);
#214=FACE_BOUND('',#388,.T.);
#215=PLANE('',#389);
#216=FACE_OUTER_BOUND('',#390,.T.);
#217=PLANE('',#391);
#218=FACE_OUTER_BOUND('',#392,.T.);
#219=CYLINDRICAL_SURFACE('',#393,0.002);
#220=FACE_OUTER_BOUND('',#394,.T.);
#221=CYLINDRICAL_SURFACE('',#395,0.002);
#222=FACE_OUTER_BOUND('',#396,.T.);
#223=CYLINDRICAL_SURFACE('',#397,0.002);
#224=FACE_OUTER_BOUND('',#398,.T.);
#225=TOROIDAL_SURFACE('',#399,0.003,0.002);
#226=FACE_OUTER_BOUND('',#400,.T.);
#227=CYLINDRICAL_SURFACE('',#401,0.002);
#228=FACE_OUTER_BOUND('',#402,.T.);
#229=TOROIDAL_SURFACE('',#403,0.003,0.002);
#230=FACE_OUTER_BOUND('',#404,.T.);
#231=SPHERICAL_SURFACE('',#405,0.002);
#232=FACE_OUTER_BOUND('',#406,.T.);
#233=SPHERICAL_SURFACE('',#407,0.002);
#234=FACE_OUTER_BOUND('',#408,.T.);
#235=CYLINDRICAL_SURFACE('',#409,0.005);
#236=FACE_OUTER_BOUND('',#410,.T.);
#237=PLANE('',#411);
#238=FACE_OUTER_BOUND('',#412,.T.);
#239=CYLINDRICAL_SURFACE('',#413,0.005);
#240=FACE_OUTER_BOUND('',#414,.T.);
#241=PLANE('',#415);
#242=FACE_OUTER_BOUND('',#416,.T.);
#243=PLANE('',#417);
#244=FACE_OUTER_BOUND('',#418,.T.);
#245=CONICAL_SURFACE('',#419,0.0033,0.785398163397448);
#246=FACE_OUTER_BOUND('',#420,.T.);
#247=CYLINDRICAL_SURFACE('',#421,0.0023);
#248=FACE_OUTER_BOUND('',#422,.T.);
#249=FACE_BOUND('',#423,.T.);
#250=PLANE('',#424);
#251=FACE_OUTER_BOUND('',#425,.T.);
#252=CONICAL_SURFACE('',#426,0.0028,0.785398163397443);
#253=FACE_OUTER_BOUND('',#427,.T.);
#254=B_SPLINE_SURFACE_WITH_KNOTS('',3,3,((#428,#429,#430,#431,#432,#433,#434,#435,#436,#437,#438,#439,#440,#441,#442,#443,#444,#445,#446,#447,#448,#449),(#450,#451,#452,#453,#454,#455,#456,#457,#458,#459,#460,#461,#462,#463,#464,#465,#466,#467,#468,#469,#470,#471),(#472,#473,#474,#475,#476,#477,#478,#479,#480,#481,#482,#483,#484,#485,#486,#487,#488,#489,#490,#491,#492,#493),(#494,#495,#496,#497,#498,#499,#500,#501,#502,#503,#504,#505,#506,#507,#508,#509,#510,#511,#512,#513,#514,#515),(#516,#517,#518,#519,#520,#521,#522,#523,#524,#525,#526,#527,#528,#529,#530,#531,#532,#533,#534,#535,#536,#537),(#538,#539,#540,#541,#542,#543,#544,#545,#546,#547,#548,#549,#550,#551,#552,#553,#554,#555,#556,#557,#558,#559),(#560,#561,#562,#563,#564,#565,#566,#567,#568,#569,#570,#571,#572,#573,#574,#575,#576,#577,#578,#579,#580,#581),(#582,#583,#584,#585,#586,#587,#588,#589,#590,#591,#592,#593,#594,#595,#596,#597,#598,#599,#600,#601,#602,#603),(#604,#605,#606,#607,#608,#609,#610,#611,#612,#613,#614,#615,#616,#617,#618,#619,#620,#621,#622,#623,#624,#625),(#626,#627,#628,#629,#630,#631,#632,#633,#634,#635,#636,#637,#638,#639,#640,#641,#642,#643,#644,#645,#646,#647),(#648,#649,#650,#651,#652,#653,#654,#655,#656,#657,#658,#659,#660,#661,#662,#663,#664,#665,#666,#667,#668,#669),(#670,#671,#672,#673,#674,#675,#676,#677,#678,#679,#680,#681,#682,#683,#684,#685,#686,#687,#688,#689,#690,#691),(#692,#693,#694,#695,#696,#697,#698,#699,#700,#701,#702,#703,#704,#705,#706,#707,#708,#709,#710,#711,#712,#713),(#714,#715,#716,#717,#718,#719,#720,#721,#722,#723,#724,#725,#726,#727,#728,#729,#730,#731,#732,#733,#734,#735),(#736,#737,#738,#739,#740,#741,#742,#743,#744,#745,#746,#747,#748,#749,#750,#751,#752,#753,#754,#755,#756,#757),(#758,#759,#760,#761,#762,#763,#764,#765,#766,#767,#768,#769,#770,#771,#772,#773,#774,#775,#776,#777,#778,#779)),.UNSPECIFIED.,.F.,.F.,.F.,(4,2,2,2,2,2,2,4),(4,2,2,2,2,2,2,2,2,2,4),(0.0,0.142857142857143,0.285714285714286,0.428571428571429,0.571428571428571,0.714285714285714,0.857142857142857,1.0),(0.0488179940641696,0.0489363629906534,0.0496147281318161,0.050220894853011,0.050827061574206,0.0518339373131867,0.0528408130521674,0.0545566808000594,0.0556290981424919,0.0567015154849244,0.0578527398469665),.UNSPECIFIED.);
#255=FACE_OUTER_BOUND('',#780,.T.);
#256=B_SPLINE_SURFACE_WITH_KNOTS('',3,3,((#781,#782,#783,#784,#785,#786,#787,#788,#789,#790,#791,#792,#793,#794,#795,#796,#797,#798,#799,#800,#801,#802,#803,#804,#805,#806,#807,#808,#809,#810,#811,#812,#813,#814,#815,#816,#817,#818,#819,#820,#821,#822,#823,#824,#825,#826,#827,#828,#829,#830,#831,#832,#833,#834,#835,#836,#837,#838,#839,#840,#841,#842,#843,#844,#845,#846),(#847,#848,#849,#850,#851,#852,#853,#854,#855,#856,#857,#858,#859,#860,#861,#862,#863,#864,#865,#866,#867,#868,#869,#870,#871,#872,#873,#874,#875,#876,#877,#878,#879,#880,#881,#882,#883,#884,#885,#886,#887,#888,#889,#890,#891,#892,#893,#894,#895,#896,#897,#898,#899,#900,#901,#902,#903,#904,#905,#906,#907,#908,#909,#910,#911,#912),(#913,#914,#915,#916,#917,#918,#919,#920,#921,#922,#923,#924,#925,#926,#927,#928,#929,#930,#931,#932,#933,#934,#935,#936,#937,#938,#939,#940,#941,#942,#943,#944,#945,#946,#947,#948,#949,#950,#951,#952,#953,#954,#955,#956,#957,#958,#959,#960,#961,#962,#963,#964,#965,#966,#967,#968,#969,#970,#971,#972,#973,#974,#975,#976,#977,#978),(#979,#980,#981,#982,#983,#984,#985,#986,#987,#988,#989,#990,#991,#992,#993,#994,#995,#996,#997,#998,#999,#1000,#1001,#1002,#1003,#1004,#1005,#1006,#1007,#1008,#1009,#1010,#1011,#1012,#1013,#1014,#1015,#1016,#1017,#1018,#1019,#1020,#1021,#1022,#1023,#1024,#1025,#1026,#1027,#1028,#1029,#1030,#1031,#1032,#1033,#1034,#1035,#1036,#1037,#1038,#1039,#1040,#1041,#1042,#1043,#1044),(#1045,#1046,#1047,#1048,#1049,#1050,#1051,#1052,#1053,#1054,#1055,#1056,#1057,#1058,#1059,#1060,#1061,#1062,#1063,#1064,#1065,#1066,#1067,#1068,#1069,#1070,#1071,#1072,#1073,#1074,#1075,#1076,#1077,#1078,#1079,#1080,#1081,#1082,#1083,#1084,#1085,#1086,#1087,#1088,#1089,#1090,#1091,#1092,#1093,#1094,#1095,#1096,#1097,#1098,#1099,#1100,#1101,#1102,#1103,#1104,#1105,#1106,#1107,#1108,#1109,#1110),(#1111,#1112,#1113,#1114,#1115,#1116,#1117,#1118,#1119,#1120,#1121,#1122,#1123,#1124,#1125,#1126,#1127,#1128,#1129,#1130,#1131,#1132,#1133,#1134,#1135,#1136,#1137,#1138,#1139,#1140,#1141,#1142,#1143,#1144,#1145,#1146,#1147,#1148,#1149,#1150,#1151,#1152,#1153,#1154,#1155,#1156,#1157,#1158,#1159,#1160,#1161,#1162,#1163,#1164,#1165,#1166,#1167,#1168,#1169,#1170,#1171,#1172,#1173,#1174,#1175,#1176),(#1177,#1178,#1179,#1180,#1181,#1182,#1183,#1184,#1185,#1186,#1187,#1188,#1189,#1190,#1191,#1192,#1193,#1194,#1195,#1196,#1197,#1198,#1199,#1200,#1201,#1202,#1203,#1204,#1205,#1206,#1207,#1208,#1209,#1210,#1211,#1212,#1213,#1214,#1215,#1216,#1217,#1218,#1219,#1220,#1221,#1222,#1223,#1224,#1225,#1226,#1227,#1228,#1229,#1230,#1231,#1232,#1233,#1234,#1235,#1236,#1237,#1238,#1239,#1240,#1241,#1242),(#1243,#1244,#1245,#1246,#1247,#1248,#1249,#1250,#1251,#1252,#1253,#1254,#1255,#1256,#1257,#1258,#1259,#1260,#1261,#1262,#1263,#1264,#1265,#1266,#1267,#1268,#1269,#1270,#1271,#1272,#1273,#1274,#1275,#1276,#1277,#1278,#1279,#1280,#1281,#1282,#1283,#1284,#1285,#1286,#1287,#1288,#1289,#1290,#1291,#1292,#1293,#1294,#1295,#1296,#1297,#1298,#1299,#1300,#1301,#1302,#1303,#1304,#1305,#1306,#1307,#1308),(#1309,#1310,#1311,#1312,#1313,#1314,#1315,#1316,#1317,#1318,#1319,#1320,#1321,#1322,#1323,#1324,#1325,#1326,#1327,#1328,#1329,#1330,#1331,#1332,#1333,#1334,#1335,#1336,#1337,#1338,#1339,#1340,#1341,#1342,#1343,#1344,#1345,#1346,#1347,#1348,#1349,#1350,#1351,#1352,#1353,#1354,#1355,#1356,#1357,#1358,#1359,#1360,#1361,#1362,#1363,#1364,#1365,#1366,#1367,#1368,#1369,#1370,#1371,#1372,#1373,#1374),(#1375,#1376,#1377,#1378,#1379,#1380,#1381,#1382,#1383,#1384,#1385,#1386,#1387,#1388,#1389,#1390,#1391,#1392,#1393,#1394,#1395,#1396,#1397,#1398,#1399,#1400,#1401,#1402,#1403,#1404,#1405,#1406,#1407,#1408,#1409,#1410,#1411,#1412,#1413,#1414,#1415,#1416,#1417,#1418,#1419,#1420,#1421,#1422,#1423,#1424,#1425,#1426,#1427,#1428,#1429,#1430,#1431,#1432,#1433,#1434,#1435,#1436,#1437,#1438,#1439,#1440),(#1441,#1442,#1443,#1444,#1445,#1446,#1447,#1448,#1449,#1450,#1451,#1452,#1453,#1454,#1455,#1456,#1457,#1458,#1459,#1460,#1461,#1462,#1463,#1464,#1465,#1466,#1467,#1468,#1469,#1470,#1471,#1472,#1473,#1474,#1475,#1476,#1477,#1478,#1479,#1480,#1481,#1482,#1483,#1484,#1485,#1486,#1487,#1488,#1489,#1490,#1491,#1492,#1493,#1494,#1495,#1496,#1497,#1498,#1499,#1500,#1501,#1502,#1503,#1504,#1505,#1506),(#1507,#1508,#1509,#1510,#1511,#1512,#1513,#1514,#1515,#1516,#1517,#1518,#1519,#1520,#1521,#1522,#1523,#1524,#1525,#1526,#1527,#1528,#1529,#1530,#1531,#1532,#1533,#1534,#1535,#1536,#1537,#1538,#1539,#1540,#1541,#1542,#1543,#1544,#1545,#1546,#1547,#1548,#1549,#1550,#1551,#1552,#1553,#1554,#1555,#1556,#1557,#1558,#1559,#1560,#1561,#1562,#1563,#1564,#1565,#1566,#1567,#1568,#1569,#1570,#1571,#1572),(#1573,#1574,#1575,#1576,#1577,#1578,#1579,#1580,#1581,#1582,#1583,#1584,#1585,#1586,#1587,#1588,#1589,#1590,#1591,#1592,#1593,#1594,#1595,#1596,#1597,#1598,#1599,#1600,#1601,#1602,#1603,#1604,#1605,#1606,#1607,#1608,#1609,#1610,#1611,#1612,#1613,#1614,#1615,#1616,#1617,#1618,#1619,#1620,#1621,#1622,#1623,#1624,#1625,#1626,#1627,#1628,#1629,#1630,#1631,#1632,#1633,#1634,#1635,#1636,#1637,#1638),(#1639,#1640,#1641,#1642,#1643,#1644,#1645,#1646,#1647,#1648,#1649,#1650,#1651,#1652,#1653,#1654,#1655,#1656,#1657,#1658,#1659,#1660,#1661,#1662,#1663,#1664,#1665,#1666,#1667,#1668,#1669,#1670,#1671,#1672,#1673,#1674,#1675,#1676,#1677,#1678,#1679,#1680,#1681,#1682,#1683,#1684,#1685,#1686,#1687,#1688,#1689,#1690,#1691,#1692,#1693,#1694,#1695,#1696,#1697,#1698,#1699,#1700,#1701,#1702,#1703,#1704),(#1705,#1706,#1707,#1708,#1709,#1710,#1711,#1712,#1713,#1714,#1715,#1716,#1717,#1718,#1719,#1720,#1721,#1722,#1723,#1724,#1725,#1726,#1727,#1728,#1729,#1730,#1731,#1732,#1733,#1734,#1735,#1736,#1737,#1738,#1739,#1740,#1741,#1742,#1743,#1744,#1745,#1746,#1747,#1748,#1749,#1750,#1751,#1752,#1753,#1754,#1755,#1756,#1757,#1758,#1759,#1760,#1761,#1762,#1763,#1764,#1765,#1766,#1767,#1768,#1769,#1770),(#1771,#1772,#1773,#1774,#1775,#1776,#1777,#1778,#1779,#1780,#1781,#1782,#1783,#1784,#1785,#1786,#1787,#1788,#1789,#1790,#1791,#1792,#1793,#1794,#1795,#1796,#1797,#1798,#1799,#1800,#1801,#1802,#1803,#1804,#1805,#1806,#1807,#1808,#1809,#1810,#1811,#1812,#1813,#1814,#1815,#1816,#1817,#1818,#1819,#1820,#1821,#1822,#1823,#1824,#1825,#1826,#1827,#1828,#1829,#1830,#1831,#1832,#1833,#1834,#1835,#1836)),.UNSPECIFIED.,.F.,.F.,.F.,(4,2,2,2,2,2,2,4),(4,2,2,2,2,2,2,2,2,2,2,2,2,2,2,2,2,2,2,2,2,2,2,2,2,2,2,2,2,2,2,2,4),(0.0,0.142857142857143,0.285714285714286,0.428571428571429,0.571428571428571,0.714285714285714,0.857142857142857,1.0),(-0.0478284225570184,-0.0476119342485256,-0.0466170635037233,-0.0456221927589211,-0.0442303523739696,-0.0429198266456715,-0.0418021272867534,-0.0408420565830998,-0.0401183342104307,-0.0395650596981886,-0.0391474934815783,-0.0387794346633333,-0.0384905877097906,-0.0382747099801353,-0.0380636535965465,-0.0379317433568035,-0.0378492994569642,-0.0377881680908435,-0.0377270367247229,-0.0376258999375898,-0.0375626894456317,-0.0374994789536735,-0.0373730579697572,-0.0371605358914204,-0.0369837121467434,-0.0368068884020664,-0.036555530894543,-0.0363041733870197,-0.0358892190519813,-0.0354742647169429,-0.0346280895224172,-0.0337819143278915,-0.0328079790835538),.UNSPECIFIED.);
#257=FACE_OUTER_BOUND('',#1837,.T.);
#258=CYLINDRICAL_SURFACE('',#1838,0.005);
#259=FACE_OUTER_BOUND('',#1839,.T.);
#260=B_SPLINE_SURFACE_WITH_KNOTS('',3,3,((#1840,#1841,#1842,#1843,#1844,#1845,#1846,#1847,#1848,#1849,#1850,#1851,#1852,#1853,#1854,#1855,#1856,#1857,#1858,#1859,#1860,#1861,#1862,#1863,#1864,#1865,#1866,#1867,#1868,#1869,#1870,#1871,#1872,#1873,#1874,#1875,#1876,#1877,#1878,#1879,#1880,#1881,#1882,#1883,#1884,#1885,#1886,#1887,#1888,#1889,#1890,#1891,#1892,#1893,#1894,#1895,#1896,#1897),(#1898,#1899,#1900,#1901,#1902,#1903,#1904,#1905,#1906,#1907,#1908,#1909,#1910,#1911,#1912,#1913,#1914,#1915,#1916,#1917,#1918,#1919,#1920,#1921,#1922,#1923,#1924,#1925,#1926,#1927,#1928,#1929,#1930,#1931,#1932,#1933,#1934,#1935,#1936,#1937,#1938,#1939,#1940,#1941,#1942,#1943,#1944,#1945,#1946,#1947,#1948,#1949,#1950,#1951,#1952,#1953,#1954,#1955),(#1956,#1957,#1958,#1959,#1960,#1961,#1962,#1963,#1964,#1965,#1966,#1967,#1968,#1969,#1970,#1971,#1972,#1973,#1974,#1975,#1976,#1977,#1978,#1979,#1980,#1981,#1982,#1983,#1984,#1985,#1986,#1987,#1988,#1989,#1990,#1991,#1992,#1993,#1994,#1995,#1996,#1997,#1998,#1999,#2000,#2001,#2002,#2003,#2004,#2005,#2006,#2007,#2008,#2009,#2010,#2011,#2012,#2013),(#2014,#2015,#2016,#2017,#2018,#2019,#2020,#2021,#2022,#2023,#2024,#2025,#2026,#2027,#2028,#2029,#2030,#2031,#2032,#2033,#2034,#2035,#2036,#2037,#2038,#2039,#2040,#2041,#2042,#2043,#2044,#2045,#2046,#2047,#2048,#2049,#2050,#2051,#2052,#2053,#2054,#2055,#2056,#2057,#2058,#2059,#2060,#2061,#2062,#2063,#2064,#2065,#2066,#2067,#2068,#2069,#2070,#2071),(#2072,#2073,#2074,#2075,#2076,#2077,#2078,#2079,#2080,#2081,#2082,#2083,#2084,#2085,#2086,#2087,#2088,#2089,#2090,#2091,#2092,#2093,#2094,#2095,#2096,#2097,#2098,#2099,#2100,#2101,#2102,#2103,#2104,#2105,#2106,#2107,#2108,#2109,#2110,#2111,#2112,#2113,#2114,#2115,#2116,#2117,#2118,#2119,#2120,#2121,#2122,#2123,#2124,#2125,#2126,#2127,#2128,#2129),(#2130,#2131,#2132,#2133,#2134,#2135,#2136,#2137,#2138,#2139,#2140,#2141,#2142,#2143,#2144,#2145,#2146,#2147,#2148,#2149,#2150,#2151,#2152,#2153,#2154,#2155,#2156,#2157,#2158,#2159,#2160,#2161,#2162,#2163,#2164,#2165,#2166,#2167,#2168,#2169,#2170,#2171,#2172,#2173,#2174,#2175,#2176,#2177,#2178,#2179,#2180,#2181,#2182,#2183,#2184,#2185,#2186,#2187),(#2188,#2189,#2190,#2191,#2192,#2193,#2194,#2195,#2196,#2197,#2198,#2199,#2200,#2201,#2202,#2203,#2204,#2205,#2206,#2207,#2208,#2209,#2210,#2211,#2212,#2213,#2214,#2215,#2216,#2217,#2218,#2219,#2220,#2221,#2222,#2223,#2224,#2225,#2226,#2227,#2228,#2229,#2230,#2231,#2232,#2233,#2234,#2235,#2236,#2237,#2238,#2239,#2240,#2241,#2242,#2243,#2244,#2245),(#2246,#2247,#2248,#2249,#2250,#2251,#2252,#2253,#2254,#2255,#2256,#2257,#2258,#2259,#2260,#2261,#2262,#2263,#2264,#2265,#2266,#2267,#2268,#2269,#2270,#2271,#2272,#2273,#2274,#2275,#2276,#2277,#2278,#2279,#2280,#2281,#2282,#2283,#2284,#2285,#2286,#2287,#2288,#2289,#2290,#2291,#2292,#2293,#2294,#2295,#2296,#2297,#2298,#2299,#2300,#2301,#2302,#2303),(#2304,#2305,#2306,#2307,#2308,#2309,#2310,#2311,#2312,#2313,#2314,#2315,#2316,#2317,#2318,#2319,#2320,#2321,#2322,#2323,#2324,#2325,#2326,#2327,#2328,#2329,#2330,#2331,#2332,#2333,#2334,#2335,#2336,#2337,#2338,#2339,#2340,#2341,#2342,#2343,#2344,#2345,#2346,#2347,#2348,#2349,#2350,#2351,#2352,#2353,#2354,#2355,#2356,#2357,#2358,#2359,#2360,#2361),(#2362,#2363,#2364,#2365,#2366,#2367,#2368,#2369,#2370,#2371,#2372,#2373,#2374,#2375,#2376,#2377,#2378,#2379,#2380,#2381,#2382,#2383,#2384,#2385,#2386,#2387,#2388,#2389,#2390,#2391,#2392,#2393,#2394,#2395,#2396,#2397,#2398,#2399,#2400,#2401,#2402,#2403,#2404,#2405,#2406,#2407,#2408,#2409,#2410,#2411,#2412,#2413,#2414,#2415,#2416,#2417,#2418,#2419),(#2420,#2421,#2422,#2423,#2424,#2425,#2426,#2427,#2428,#2429,#2430,#2431,#2432,#2433,#2434,#2435,#2436,#2437,#2438,#2439,#2440,#2441,#2442,#2443,#2444,#2445,#2446,#2447,#2448,#2449,#2450,#2451,#2452,#2453,#2454,#2455,#2456,#2457,#2458,#2459,#2460,#2461,#2462,#2463,#2464,#2465,#2466,#2467,#2468,#2469,#2470,#2471,#2472,#2473,#2474,#2475,#2476,#2477),(#2478,#2479,#2480,#2481,#2482,#2483,#2484,#2485,#2486,#2487,#2488,#2489,#2490,#2491,#2492,#2493,#2494,#2495,#2496,#2497,#2498,#2499,#2500,#2501,#2502,#2503,#2504,#2505,#2506,#2507,#2508,#2509,#2510,#2511,#2512,#2513,#2514,#2515,#2516,#2517,#2518,#2519,#2520,#2521,#2522,#2523,#2524,#2525,#2526,#2527,#2528,#2529,#2530,#2531,#2532,#2533,#2534,#2535),(#2536,#2537,#2538,#2539,#2540,#2541,#2542,#2543,#2544,#2545,#2546,#2547,#2548,#2549,#2550,#2551,#2552,#2553,#2554,#2555,#2556,#2557,#2558,#2559,#2560,#2561,#2562,#2563,#2564,#2565,#2566,#2567,#2568,#2569,#2570,#2571,#2572,#2573,#2574,#2575,#2576,#2577,#2578,#2579,#2580,#2581,#2582,#2583,#2584,#2585,#2586,#2587,#2588,#2589,#2590,#2591,#2592,#2593),(#2594,#2595,#2596,#2597,#2598,#2599,#2600,#2601,#2602,#2603,#2604,#2605,#2606,#2607,#2608,#2609,#2610,#2611,#2612,#2613,#2614,#2615,#2616,#2617,#2618,#2619,#2620,#2621,#2622,#2623,#2624,#2625,#2626,#2627,#2628,#2629,#2630,#2631,#2632,#2633,#2634,#2635,#2636,#2637,#2638,#2639,#2640,#2641,#2642,#2643,#2644,#2645,#2646,#2647,#2648,#2649,#2650,#2651)),.UNSPECIFIED.,.F.,.F.,.F.,(4,2,2,2,2,2,4),(4,2,2,2,2,2,2,2,2,2,2,2,2,2,2,2,2,2,2,2,2,2,2,2,2,2,2,2,4),(0.0,0.166666666666667,0.333333333333333,0.5,0.666666666666667,0.833333333333333,1.0),(-1.16704614518268E-05,0.0,0.000609628442495116,0.00143104139467519,0.00225245434685526,0.00389067992092583,0.00553153656534948,0.00669969204394943,0.00742978921807441,0.0079908456471656,0.0085519020762568,0.00925322261262079,0.00988780433002302,0.0111569677648275,0.0118449566590042,0.0125329455531809,0.0130833366685223,0.0136337277838636,0.0140740406761367,0.0145143535684098,0.0151247249404105,0.015613022038011,0.0161013191356115,0.0166822142630152,0.0171469303649381,0.0176116464668611,0.0182100096600917,0.0186887002146762,0.0187158030085623),.UNSPECIFIED.);
#261=FACE_OUTER_BOUND('',#2652,.T.);
#262=CYLINDRICAL_SURFACE('',#2653,0.005);
#263=FACE_OUTER_BOUND('',#2654,.T.);
#264=B_SPLINE_SURFACE_WITH_KNOTS('',3,3,((#2655,#2656,#2657,#2658,#2659,#2660,#2661,#2662,#2663,#2664,#2665,#2666,#2667,#2668),(#2669,#2670,#2671,#2672,#2673,#2674,#2675,#2676,#2677,#2678,#2679,#2680,#2681,#2682),(#2683,#2684,#2685,#2686,#2687,#2688,#2689,#2690,#2691,#2692,#2693,#2694,#2695,#2696),(#2697,#2698,#2699,#2700,#2701,#2702,#2703,#2704,#2705,#2706,#2707,#2708,#2709,#2710),(#2711,#2712,#2713,#2714,#2715,#2716,#2717,#2718,#2719,#2720,#2721,#2722,#2723,#2724),(#2725,#2726,#2727,#2728,#2729,#2730,#2731,#2732,#2733,#2734,#2735,#2736,#2737,#2738),(#2739,#2740,#2741,#2742,#2743,#2744,#2745,#2746,#2747,#2748,#2749,#2750,#2751,#2752),(#2753,#2754,#2755,#2756,#2757,#2758,#2759,#2760,#2761,#2762,#2763,#2764,#2765,#2766),(#2767,#2768,#2769,#2770,#2771,#2772,#2773,#2774,#2775,#2776,#2777,#2778,#2779,#2780),(#2781,#2782,#2783,#2784,#2785,#2786,#2787,#2788,#2789,#2790,#2791,#2792,#2793,#2794)),.UNSPECIFIED.,.F.,.F.,.F.,(4,2,2,2,4),(4,2,2,2,2,2,4),(4.70899438007235,4.71237873370914,4.95552694227566,5.28643336861381,5.49921539860754),(0.0,0.166666666666667,0.333333333333333,0.5,0.666666666666667,0.833333333333333,1.0),.UNSPECIFIED.);
#265=FACE_OUTER_BOUND('',#2795,.T.);
#266=TOROIDAL_SURFACE('',#2796,0.008,0.002);
#267=FACE_OUTER_BOUND('',#2797,.T.);
#268=CYLINDRICAL_SURFACE('',#2798,0.002);
#269=FACE_OUTER_BOUND('',#2799,.T.);
#270=CYLINDRICAL_SURFACE('',#2800,0.006);
#271=FACE_OUTER_BOUND('',#2801,.T.);
#272=CYLINDRICAL_SURFACE('',#2802,0.002);
#273=FACE_OUTER_BOUND('',#2803,.T.);
#274=TOROIDAL_SURFACE('',#2804,0.008,0.002);
#275=FACE_OUTER_BOUND('',#2805,.T.);
#276=PLANE('',#2806);
#277=FACE_OUTER_BOUND('',#2807,.T.);
#278=CYLINDRICAL_SURFACE('',#2808,0.005);
#279=FACE_OUTER_BOUND('',#2809,.T.);
#280=B_SPLINE_SURFACE_WITH_KNOTS('',3,3,((#2810,#2811,#2812,#2813,#2814,#2815,#2816,#2817,#2818,#2819,#2820,#2821,#2822,#2823,#2824,#2825,#2826,#2827),(#2828,#2829,#2830,#2831,#2832,#2833,#2834,#2835,#2836,#2837,#2838,#2839,#2840,#2841,#2842,#2843,#2844,#2845),(#2846,#2847,#2848,#2849,#2850,#2851,#2852,#2853,#2854,#2855,#2856,#2857,#2858,#2859,#2860,#2861,#2862,#2863),(#2864,#2865,#2866,#2867,#2868,#2869,#2870,#2871,#2872,#2873,#2874,#2875,#2876,#2877,#2878,#2879,#2880,#2881),(#2882,#2883,#2884,#2885,#2886,#2887,#2888,#2889,#2890,#2891,#2892,#2893,#2894,#2895,#2896,#2897,#2898,#2899),(#2900,#2901,#2902,#2903,#2904,#2905,#2906,#2907,#2908,#2909,#2910,#2911,#2912,#2913,#2914,#2915,#2916,#2917),(#2918,#2919,#2920,#2921,#2922,#2923,#2924,#2925,#2926,#2927,#2928,#2929,#2930,#2931,#2932,#2933,#2934,#2935),(#2936,#2937,#2938,#2939,#2940,#2941,#2942,#2943,#2944,#2945,#2946,#2947,#2948,#2949,#2950,#2951,#2952,#2953),(#2954,#2955,#2956,#2957,#2958,#2959,#2960,#2961,#2962,#2963,#2964,#2965,#2966,#2967,#2968,#2969,#2970,#2971),(#2972,#2973,#2974,#2975,#2976,#2977,#2978,#2979,#2980,#2981,#2982,#2983,#2984,#2985,#2986,#2987,#2988,#2989),(#2990,#2991,#2992,#2993,#2994,#2995,#2996,#2997,#2998,#2999,#3000,#3001,#3002,#3003,#3004,#3005,#3006,#3007),(#3008,#3009,#3010,#3011,#3012,#3013,#3014,#3015,#3016,#3017,#3018,#3019,#3020,#3021,#3022,#3023,#3024,#3025),(#3026,#3027,#3028,#3029,#3030,#3031,#3032,#3033,#3034,#3035,#3036,#3037,#3038,#3039,#3040,#3041,#3042,#3043),(#3044,#3045,#3046,#3047,#3048,#3049,#3050,#3051,#3052,#3053,#3054,#3055,#3056,#3057,#3058,#3059,#3060,#3061),(#3062,#3063,#3064,#3065,#3066,#3067,#3068,#3069,#3070,#3071,#3072,#3073,#3074,#3075,#3076,#3077,#3078,#3079),(#3080,#3081,#3082,#3083,#3084,#3085,#3086,#3087,#3088,#3089,#3090,#3091,#3092,#3093,#3094,#3095,#3096,#3097)),.UNSPECIFIED.,.F.,.F.,.F.,(4,2,2,2,2,2,2,4),(4,2,2,2,2,2,2,2,4),(0.0,0.142857142857143,0.285714285714286,0.428571428571429,0.571428571428571,0.714285714285714,0.857142857142857,1.0),(-0.00276748290702436,-1.77635683940025E-15,0.201384144460882,0.523598775598297,0.713716655243406,0.903834534888515,1.20802314232069,1.38940973455779,1.57079632679489),.UNSPECIFIED.);
#281=FACE_OUTER_BOUND('',#3098,.T.);
#282=B_SPLINE_SURFACE_WITH_KNOTS('',3,3,((#3099,#3100,#3101,#3102,#3103,#3104,#3105,#3106,#3107,#3108,#3109,#3110,#3111,#3112,#3113,#3114),(#3115,#3116,#3117,#3118,#3119,#3120,#3121,#3122,#3123,#3124,#3125,#3126,#3127,#3128,#3129,#3130),(#3131,#3132,#3133,#3134,#3135,#3136,#3137,#3138,#3139,#3140,#3141,#3142,#3143,#3144,#3145,#3146),(#3147,#3148,#3149,#3150,#3151,#3152,#3153,#3154,#3155,#3156,#3157,#3158,#3159,#3160,#3161,#3162),(#3163,#3164,#3165,#3166,#3167,#3168,#3169,#3170,#3171,#3172,#3173,#3174,#3175,#3176,#3177,#3178),(#3179,#3180,#3181,#3182,#3183,#3184,#3185,#3186,#3187,#3188,#3189,#3190,#3191,#3192,#3193,#3194),(#3195,#3196,#3197,#3198,#3199,#3200,#3201,#3202,#3203,#3204,#3205,#3206,#3207,#3208,#3209,#3210),(#3211,#3212,#3213,#3214,#3215,#3216,#3217,#3218,#3219,#3220,#3221,#3222,#3223,#3224,#3225,#3226),(#3227,#3228,#3229,#3230,#3231,#3232,#3233,#3234,#3235,#3236,#3237,#3238,#3239,#3240,#3241,#3242),(#3243,#3244,#3245,#3246,#3247,#3248,#3249,#3250,#3251,#3252,#3253,#3254,#3255,#3256,#3257,#3258),(#3259,#3260,#3261,#3262,#3263,#3264,#3265,#3266,#3267,#3268,#3269,#3270,#3271,#3272,#3273,#3274),(#3275,#3276,#3277,#3278,#3279,#3280,#3281,#3282,#3283,#3284,#3285,#3286,#3287,#3288,#3289,#3290),(#3291,#3292,#3293,#3294,#3295,#3296,#3297,#3298,#3299,#3300,#3301,#3302,#3303,#3304,#3305,#3306),(#3307,#3308,#3309,#3310,#3311,#3312,#3313,#3314,#3315,#3316,#3317,#3318,#3319,#3320,#3321,#3322),(#3323,#3324,#3325,#3326,#3327,#3328,#3329,#3330,#3331,#3332,#3333,#3334,#3335,#3336,#3337,#3338),(#3339,#3340,#3341,#3342,#3343,#3344,#3345,#3346,#3347,#3348,#3349,#3350,#3351,#3352,#3353,#3354)),.UNSPECIFIED.,.F.,.F.,.F.,(4,2,2,2,2,2,2,4),(4,2,2,2,2,2,2,4),(0.0,0.142857142857143,0.285714285714286,0.428571428571429,0.571428571428571,0.714285714285714,0.857142857142857,1.0),(-1.5707963267949,-1.27475135895213,-0.981368502204932,-0.798004216737935,-0.614639931270937,-0.32043796341741,-0.136561733508956,0.00276727834244337),.UNSPECIFIED.);
#283=FACE_OUTER_BOUND('',#3355,.T.);
#284=CYLINDRICAL_SURFACE('',#3356,0.005);
#285=FACE_OUTER_BOUND('',#3357,.T.);
#286=CYLINDRICAL_SURFACE('',#3358,0.005);
#287=FACE_OUTER_BOUND('',#3359,.T.);
#288=PLANE('',#3360);
#289=FACE_OUTER_BOUND('',#3361,.T.);
#290=PLANE('',#3362);
#291=FACE_OUTER_BOUND('',#3363,.T.);
#292=CYLINDRICAL_SURFACE('',#3364,0.005);
#293=FACE_OUTER_BOUND('',#3365,.T.);
#294=CYLINDRICAL_SURFACE('',#3366,0.005);
#295=FACE_OUTER_BOUND('',#3367,.T.);
#296=CYLINDRICAL_SURFACE('',#3368,0.005);
#297=FACE_OUTER_BOUND('',#3369,.T.);
#298=SPHERICAL_SURFACE('',#3370,0.005);
#299=FACE_OUTER_BOUND('',#3371,.T.);
#300=SPHERICAL_SURFACE('',#3372,0.005);
#301=FACE_OUTER_BOUND('',#3373,.T.);
#302=TOROIDAL_SURFACE('',#3374,0.00800000000000001,0.002);
#303=FACE_OUTER_BOUND('',#3375,.T.);
#304=CYLINDRICAL_SURFACE('',#3376,0.01);
#305=FACE_OUTER_BOUND('',#3377,.T.);
#306=CONICAL_SURFACE('',#3378,0.00415000000000002,0.785398163397448);
#307=FACE_OUTER_BOUND('',#3379,.T.);
#308=CYLINDRICAL_SURFACE('',#3380,0.00215);
#309=FACE_OUTER_BOUND('',#3381,.T.);
#310=CONICAL_SURFACE('',#3382,0.00275000000000001,0.785398163397448);
#311=FILL_AREA_STYLE('',(#3383));
#312=EDGE_LOOP('',(#3384,#3385,#3386,#3387));
#313=AXIS2_PLACEMENT_3D('',#3388,#3389,#3390);
#314=EDGE_LOOP('',(#3391,#3392,#3393,#3394));
#315=AXIS2_PLACEMENT_3D('',#3395,#3396,#3397);
#316=EDGE_LOOP('',(#3398,#3399,#3400,#3401));
#317=AXIS2_PLACEMENT_3D('',#3402,#3403,#3404);
#318=EDGE_LOOP('',(#3405,#3406,#3407,#3408,#3409));
#319=AXIS2_PLACEMENT_3D('',#3410,#3411,#3412);
#320=EDGE_LOOP('',(#3413,#3414,#3415,#3416,#3417));
#321=AXIS2_PLACEMENT_3D('',#3418,#3419,#3420);
#322=EDGE_LOOP('',(#3421,#3422,#3423,#3424,#3425));
#323=AXIS2_PLACEMENT_3D('',#3426,#3427,#3428);
#324=EDGE_LOOP('',(#3429,#3430,#3431,#3432,#3433,#3434));
#325=AXIS2_PLACEMENT_3D('',#3435,#3436,#3437);
#326=EDGE_LOOP('',(#3438,#3439,#3440,#3441,#3442));
#327=AXIS2_PLACEMENT_3D('',#3443,#3444,#3445);
#328=EDGE_LOOP('',(#3446,#3447,#3448,#3449));
#329=AXIS2_PLACEMENT_3D('',#3450,#3451,#3452);
#330=EDGE_LOOP('',(#3453,#3454,#3455,#3456));
#331=AXIS2_PLACEMENT_3D('',#3457,#3458,#3459);
#332=EDGE_LOOP('',(#3460,#3461,#3462,#3463));
#333=AXIS2_PLACEMENT_3D('',#3464,#3465,#3466);
#334=EDGE_LOOP('',(#3467,#3468,#3469,#3470));
#335=AXIS2_PLACEMENT_3D('',#3471,#3472,#3473);
#336=EDGE_LOOP('',(#3474,#3475,#3476,#3477));
#337=AXIS2_PLACEMENT_3D('',#3478,#3479,#3480);
#338=EDGE_LOOP('',(#3481,#3482,#3483,#3484));
#339=AXIS2_PLACEMENT_3D('',#3485,#3486,#3487);
#340=EDGE_LOOP('',(#3488,#3489,#3490,#3491));
#341=AXIS2_PLACEMENT_3D('',#3492,#3493,#3494);
#342=EDGE_LOOP('',(#3495,#3496,#3497,#3498,#3499));
#343=AXIS2_PLACEMENT_3D('',#3500,#3501,#3502);
#344=EDGE_LOOP('',(#3503,#3504,#3505,#3506));
#345=AXIS2_PLACEMENT_3D('',#3507,#3508,#3509);
#346=EDGE_LOOP('',(#3510,#3511,#3512,#3513));
#347=AXIS2_PLACEMENT_3D('',#3514,#3515,#3516);
#348=EDGE_LOOP('',(#3517,#3518,#3519,#3520));
#349=AXIS2_PLACEMENT_3D('',#3521,#3522,#3523);
#350=EDGE_LOOP('',(#3524,#3525,#3526,#3527,#3528));
#351=AXIS2_PLACEMENT_3D('',#3529,#3530,#3531);
#352=EDGE_LOOP('',(#3532,#3533,#3534,#3535));
#353=AXIS2_PLACEMENT_3D('',#3536,#3537,#3538);
#354=EDGE_LOOP('',(#3539,#3540,#3541,#3542));
#355=AXIS2_PLACEMENT_3D('',#3543,#3544,#3545);
#356=EDGE_LOOP('',(#3546,#3547,#3548,#3549));
#357=AXIS2_PLACEMENT_3D('',#3550,#3551,#3552);
#358=EDGE_LOOP('',(#3553,#3554,#3555,#3556,#3557));
#359=AXIS2_PLACEMENT_3D('',#3558,#3559,#3560);
#360=EDGE_LOOP('',(#3561,#3562,#3563,#3564));
#361=AXIS2_PLACEMENT_3D('',#3565,#3566,#3567);
#362=EDGE_LOOP('',(#3568,#3569,#3570,#3571));
#363=AXIS2_PLACEMENT_3D('',#3572,#3573,#3574);
#364=EDGE_LOOP('',(#3575,#3576,#3577,#3578,#3579,#3580));
#365=AXIS2_PLACEMENT_3D('',#3581,#3582,#3583);
#366=EDGE_LOOP('',(#3584,#3585,#3586,#3587));
#367=AXIS2_PLACEMENT_3D('',#3588,#3589,#3590);
#368=EDGE_LOOP('',(#3591,#3592,#3593,#3594));
#369=AXIS2_PLACEMENT_3D('',#3595,#3596,#3597);
#370=EDGE_LOOP('',(#3598,#3599,#3600,#3601));
#371=AXIS2_PLACEMENT_3D('',#3602,#3603,#3604);
#372=EDGE_LOOP('',(#3605,#3606,#3607,#3608));
#373=AXIS2_PLACEMENT_3D('',#3609,#3610,#3611);
#374=EDGE_LOOP('',(#3612,#3613,#3614,#3615));
#375=AXIS2_PLACEMENT_3D('',#3616,#3617,#3618);
#376=EDGE_LOOP('',(#3619,#3620,#3621,#3622,#3623));
#377=AXIS2_PLACEMENT_3D('',#3624,#3625,#3626);
#378=EDGE_LOOP('',(#3627,#3628,#3629,#3630));
#379=AXIS2_PLACEMENT_3D('',#3631,#3632,#3633);
#380=EDGE_LOOP('',(#3634,#3635,#3636,#3637,#3638,#3639,#3640,#3641));
#381=EDGE_LOOP('',(#3642,#3643));
#382=AXIS2_PLACEMENT_3D('',#3644,#3645,#3646);
#383=EDGE_LOOP('',(#3647,#3648,#3649,#3650));
#384=AXIS2_PLACEMENT_3D('',#3651,#3652,#3653);
#385=EDGE_LOOP('',(#3654,#3655,#3656,#3657,#3658));
#386=AXIS2_PLACEMENT_3D('',#3659,#3660,#3661);
#387=EDGE_LOOP('',(#3662,#3663,#3664,#3665,#3666,#3667,#3668,#3669,#3670,#3671,#3672,#3673,#3674,#3675,#3676));
#388=EDGE_LOOP('',(#3677,#3678));
#389=AXIS2_PLACEMENT_3D('',#3679,#3680,#3681);
#390=EDGE_LOOP('',(#3682,#3683,#3684,#3685));
#391=AXIS2_PLACEMENT_3D('',#3686,#3687,#3688);
#392=EDGE_LOOP('',(#3689,#3690,#3691,#3692));
#393=AXIS2_PLACEMENT_3D('',#3693,#3694,#3695);
#394=EDGE_LOOP('',(#3696,#3697,#3698,#3699));
#395=AXIS2_PLACEMENT_3D('',#3700,#3701,#3702);
#396=EDGE_LOOP('',(#3703,#3704,#3705,#3706));
#397=AXIS2_PLACEMENT_3D('',#3707,#3708,#3709);
#398=EDGE_LOOP('',(#3710,#3711,#3712,#3713,#3714,#3715,#3716));
#399=AXIS2_PLACEMENT_3D('',#3717,#3718,#3719);
#400=EDGE_LOOP('',(#3720,#3721,#3722,#3723));
#401=AXIS2_PLACEMENT_3D('',#3724,#3725,#3726);
#402=EDGE_LOOP('',(#3727,#3728,#3729,#3730,#3731));
#403=AXIS2_PLACEMENT_3D('',#3732,#3733,#3734);
#404=EDGE_LOOP('',(#3735,#3736,#3737,#3738));
#405=AXIS2_PLACEMENT_3D('',#3739,#3740,#3741);
#406=EDGE_LOOP('',(#3742,#3743,#3744,#3745));
#407=AXIS2_PLACEMENT_3D('',#3746,#3747,#3748);
#408=EDGE_LOOP('',(#3749,#3750,#3751,#3752));
#409=AXIS2_PLACEMENT_3D('',#3753,#3754,#3755);
#410=EDGE_LOOP('',(#3756,#3757,#3758,#3759,#3760,#3761,#3762));
#411=AXIS2_PLACEMENT_3D('',#3763,#3764,#3765);
#412=EDGE_LOOP('',(#3766,#3767,#3768,#3769));
#413=AXIS2_PLACEMENT_3D('',#3770,#3771,#3772);
#414=EDGE_LOOP('',(#3773,#3774,#3775,#3776,#3777,#3778,#3779,#3780));
#415=AXIS2_PLACEMENT_3D('',#3781,#3782,#3783);
#416=EDGE_LOOP('',(#3784,#3785,#3786,#3787,#3788,#3789,#3790));
#417=AXIS2_PLACEMENT_3D('',#3791,#3792,#3793);
#418=EDGE_LOOP('',(#3794,#3795,#3796,#3797));
#419=AXIS2_PLACEMENT_3D('',#3798,#3799,#3800);
#420=EDGE_LOOP('',(#3801,#3802,#3803,#3804));
#421=AXIS2_PLACEMENT_3D('',#3805,#3806,#3807);
#422=EDGE_LOOP('',(#3808,#3809,#3810,#3811));
#423=EDGE_LOOP('',(#3812,#3813));
#424=AXIS2_PLACEMENT_3D('',#3814,#3815,#3816);
#425=EDGE_LOOP('',(#3817,#3818,#3819,#3820,#3821));
#426=AXIS2_PLACEMENT_3D('',#3822,#3823,#3824);
#427=EDGE_LOOP('',(#3825,#3826,#3827,#3828,#3829));
#428=CARTESIAN_POINT('',(-0.00626622335765813,0.169792853352853,-0.128032935860995));
#429=CARTESIAN_POINT('',(-0.00622676704883225,0.169792852948875,-0.128032935861002));
#430=CARTESIAN_POINT('',(-0.00618723324750368,0.169791911679771,-0.128033583780276));
#431=CARTESIAN_POINT('',(-0.00592111680421594,0.169779213928177,-0.128042326116757));
#432=CARTESIAN_POINT('',(-0.00569475080900081,0.169736134907778,-0.12807199056962));
#433=CARTESIAN_POINT('',(-0.00529499781914031,0.169609441559998,-0.128159234188308));
#434=CARTESIAN_POINT('',(-0.00511480017901919,0.169530360906656,-0.128213691225009));
#435=CARTESIAN_POINT('',(-0.00477480917491734,0.169346248374375,-0.128340476561894));
#436=CARTESIAN_POINT('',(-0.00461596314751603,0.169241984719457,-0.128412275836966));
#437=CARTESIAN_POINT('',(-0.00421799344696997,0.168943704395398,-0.128617681570709));
#438=CARTESIAN_POINT('',(-0.00399342656301743,0.168734836880915,-0.12876151505685));
#439=CARTESIAN_POINT('',(-0.00358103122584552,0.168294906028917,-0.129064467277571));
#440=CARTESIAN_POINT('',(-0.00339424684175558,0.168064950191164,-0.129222823347989));
#441=CARTESIAN_POINT('',(-0.00292425904201792,0.167425130249721,-0.129663427306097));
#442=CARTESIAN_POINT('',(-0.00266556834854032,0.167002455485996,-0.129954497332923));
#443=CARTESIAN_POINT('',(-0.00228501854370233,0.166300438247372,-0.130437933630427));
#444=CARTESIAN_POINT('',(-0.00214850513109323,0.166026649720699,-0.130626475112405));
#445=CARTESIAN_POINT('',(-0.00189210622250505,0.165475585272058,-0.131005959762579));
#446=CARTESIAN_POINT('',(-0.00177228350087065,0.165198486790337,-0.131196780738305));
#447=CARTESIAN_POINT('',(-0.00153720020344284,0.164619505603304,-0.131595490194241));
#448=CARTESIAN_POINT('',(-0.00142302020320663,0.164317652932867,-0.131803357998775));
#449=CARTESIAN_POINT('',(-0.0013153246152968,0.164014099068233,-0.132012397363833));
#450=CARTESIAN_POINT('',(-0.00626622395337736,0.169734670558313,-0.128073003012248));
#451=CARTESIAN_POINT('',(-0.00622812959112925,0.16973467016828,-0.128073003012256));
#452=CARTESIAN_POINT('',(-0.00618996041141648,0.169733730785829,-0.128073649641921));
#453=CARTESIAN_POINT('',(-0.00593303102308831,0.16972105839947,-0.128082374575594));
#454=CARTESIAN_POINT('',(-0.00571448778991358,0.169678065161873,-0.12811198000992));
#455=CARTESIAN_POINT('',(-0.00532861842426859,0.169551625059501,-0.128199049330917));
#456=CARTESIAN_POINT('',(-0.00515470940853621,0.169472702777846,-0.128253397350465));
#457=CARTESIAN_POINT('',(-0.00482666392239319,0.169288960742691,-0.128379927631467));
#458=CARTESIAN_POINT('',(-0.00467344083922859,0.169184907675427,-0.128451581926553));
#459=CARTESIAN_POINT('',(-0.00428967459308724,0.168887233161701,-0.128656570573632));
#460=CARTESIAN_POINT('',(-0.00407325012732786,0.168678793148664,-0.128800109721471));
#461=CARTESIAN_POINT('',(-0.0036760519881821,0.168239772718105,-0.129102435094348));
#462=CARTESIAN_POINT('',(-0.00349628226711769,0.168010297425186,-0.129260460290577));
#463=CARTESIAN_POINT('',(-0.00304426719537076,0.16737183015726,-0.129700132866786));
#464=CARTESIAN_POINT('',(-0.0027958412647883,0.166950065397657,-0.129990576298375));
#465=CARTESIAN_POINT('',(-0.00243092548401061,0.166249593314414,-0.130472948646279));
#466=CARTESIAN_POINT('',(-0.00230016412015648,0.165976415283448,-0.130661069755457));
#467=CARTESIAN_POINT('',(-0.00205483530536335,0.165426596989243,-0.131039696328644));
#468=CARTESIAN_POINT('',(-0.00194032737720794,0.165150133712537,-0.131230079912605));
#469=CARTESIAN_POINT('',(-0.0017159480391458,0.164572499187337,-0.131627862075296));
#470=CARTESIAN_POINT('',(-0.00160712912533237,0.164271359345511,-0.131835239033476));
#471=CARTESIAN_POINT('',(-0.00150464751460268,0.163968534084944,-0.132043776687492));
#472=CARTESIAN_POINT('',(-0.00626622455779178,0.169675638485286,-0.128111836892289));
#473=CARTESIAN_POINT('',(-0.00622949214204817,0.169675638109197,-0.128111836892297));
#474=CARTESIAN_POINT('',(-0.00619268758388695,0.169674699719858,-0.1281124809348));
#475=CARTESIAN_POINT('',(-0.00594494525013821,0.169662040641374,-0.128121170956597));
#476=CARTESIAN_POINT('',(-0.00573422477894561,0.169619092286296,-0.128150657979148));
#477=CARTESIAN_POINT('',(-0.00536223903731224,0.169492784858423,-0.128237377915455));
#478=CARTESIAN_POINT('',(-0.0051946186458268,0.169413945602141,-0.128291507503646));
#479=CARTESIAN_POINT('',(-0.00487851867676014,0.169230398160407,-0.128417527289607));
#480=CARTESIAN_POINT('',(-0.00473091853709321,0.169126455855239,-0.128488891642492));
#481=CARTESIAN_POINT('',(-0.0043613557419857,0.168829100668504,-0.128693047183772));
#482=CARTESIAN_POINT('',(-0.00415307369083506,0.168620886667781,-0.128835999398409));
#483=CARTESIAN_POINT('',(-0.00377107273765432,0.168182349628072,-0.129137077803537));
#484=CARTESIAN_POINT('',(-0.00359831767119477,0.167953130435898,-0.129294446194163));
#485=CARTESIAN_POINT('',(-0.00316427529582362,0.167315387282492,-0.129732274609626));
#486=CARTESIAN_POINT('',(-0.00292611409866995,0.166894113009935,-0.130021482229741));
#487=CARTESIAN_POINT('',(-0.00257683227189171,0.166194480711747,-0.13050176629492));
#488=CARTESIAN_POINT('',(-0.00245182292451642,0.165921636073306,-0.130689064623099));
#489=CARTESIAN_POINT('',(-0.00221756412665891,0.16537250183873,-0.131066016845185));
#490=CARTESIAN_POINT('',(-0.00210837094745858,0.165096388969605,-0.131255549453486));
#491=CARTESIAN_POINT('',(-0.00189469546145361,0.164519501244442,-0.131651533199584));
#492=CARTESIAN_POINT('',(-0.00179123757023334,0.164218758840075,-0.131857961297239));
#493=CARTESIAN_POINT('',(-0.00169396986328023,0.163916342169489,-0.132065532511867));
#494=CARTESIAN_POINT('',(-0.00626622578292539,0.169555981811949,-0.128186968358973));
#495=CARTESIAN_POINT('',(-0.00623221481380165,0.169555981463724,-0.12818696835898));
#496=CARTESIAN_POINT('',(-0.00619813704758488,0.169555043383257,-0.128187604563329));
#497=CARTESIAN_POINT('',(-0.0059687521645764,0.169542388286442,-0.128196188816488));
#498=CARTESIAN_POINT('',(-0.00577366206280863,0.169499452922279,-0.128225317076453));
#499=CARTESIAN_POINT('',(-0.00542940828391324,0.169373184442288,-0.128310978973287));
#500=CARTESIAN_POINT('',(-0.00527434549322717,0.169294369732326,-0.12836444724637));
#501=CARTESIAN_POINT('',(-0.00498208951748918,0.169110880987875,-0.128488922373046));
#502=CARTESIAN_POINT('',(-0.00484570808437853,0.169006972596166,-0.128559409804896));
#503=CARTESIAN_POINT('',(-0.00450446964847949,0.16870971740158,-0.128761047315006));
#504=CARTESIAN_POINT('',(-0.00431240992729527,0.168501576331283,-0.128902227176015));
#505=CARTESIAN_POINT('',(-0.003960657804089,0.168063201885219,-0.129199545079713));
#506=CARTESIAN_POINT('',(-0.00380184957720358,0.167834071873249,-0.129354935019953));
#507=CARTESIAN_POINT('',(-0.00340350407944194,0.167196591095079,-0.129787216087168));
#508=CARTESIAN_POINT('',(-0.00318568821688062,0.166775505100017,-0.130072714309266));
#509=CARTESIAN_POINT('',(-0.00286733426092185,0.166076216953897,-0.130546746731836));
#510=CARTESIAN_POINT('',(-0.00275368835604981,0.165803513886331,-0.130731585716596));
#511=CARTESIAN_POINT('',(-0.00254127061137344,0.165254681048681,-0.131103541598105));
#512=CARTESIAN_POINT('',(-0.00244254868493801,0.164978727859089,-0.131290538958118));
#513=CARTESIAN_POINT('',(-0.00224993377938049,0.164402192437661,-0.13168117412937));
#514=CARTESIAN_POINT('',(-0.00215700784994662,0.164101644015377,-0.131884785357807));
#515=CARTESIAN_POINT('',(-0.00206996757482166,0.163799433895694,-0.132089493108501));
#516=CARTESIAN_POINT('',(-0.00626622640364451,0.169495357218077,-0.128223265941575));
#517=CARTESIAN_POINT('',(-0.00623357493448975,0.169495356883771,-0.128223265941582));
#518=CARTESIAN_POINT('',(-0.00620085933851921,0.169494418119079,-0.128223896894929));
#519=CARTESIAN_POINT('',(-0.00598064485066528,0.16948175369624,-0.128232410291217));
#520=CARTESIAN_POINT('',(-0.00579336235538704,0.169438786441081,-0.128261298200006));
#521=CARTESIAN_POINT('',(-0.00546295691234475,0.16931242423655,-0.128346251440841));
#522=CARTESIAN_POINT('',(-0.005314163096387,0.169233551048918,-0.128399276829373));
#523=CARTESIAN_POINT('',(-0.00503380559154297,0.169049926412046,-0.12852271778972));
#524=CARTESIAN_POINT('',(-0.00490301991797487,0.168945941174016,-0.128592618241461));
#525=CARTESIAN_POINT('',(-0.00457590237766841,0.168648466652133,-0.128792570822208));
#526=CARTESIAN_POINT('',(-0.00439192256057325,0.168440172506129,-0.128932565259653));
#527=CARTESIAN_POINT('',(-0.00405522204860732,0.168001477278562,-0.129227369622376));
#528=CARTESIAN_POINT('',(-0.00390334598532485,0.167772180355507,-0.129381437913709));
#529=CARTESIAN_POINT('',(-0.00352272459299796,0.167134237868496,-0.129810015781516));
#530=CARTESIAN_POINT('',(-0.00331498926438295,0.166712849688334,-0.130093040408719));
#531=CARTESIAN_POINT('',(-0.00301192907157858,0.166013065958487,-0.130562909458963));
#532=CARTESIAN_POINT('',(-0.00290389452294858,0.1657401710905,-0.130746111876802));
#533=CARTESIAN_POINT('',(-0.00270224765045371,0.165190955637221,-0.131114745761349));
#534=CARTESIAN_POINT('',(-0.00260868213366805,0.164914811745397,-0.13130005884575));
#535=CARTESIAN_POINT('',(-0.00242642373148686,0.16433788188634,-0.131687143855176));
#536=CARTESIAN_POINT('',(-0.00233866860832082,0.164037130041888,-0.131888887074509));
#537=CARTESIAN_POINT('',(-0.00225664170937689,0.163734717919283,-0.132091697802464));
#538=CARTESIAN_POINT('',(-0.00626622766027249,0.169372624406004,-0.128293259609865));
#539=CARTESIAN_POINT('',(-0.0062362903025255,0.169372624099487,-0.128293259609871));
#540=CARTESIAN_POINT('',(-0.00620629414896799,0.169371682404761,-0.128293877338205));
#541=CARTESIAN_POINT('',(-0.0060043871635384,0.169358978258301,-0.128302212278516));
#542=CARTESIAN_POINT('',(-0.00583268959897943,0.169315875745453,-0.128330494823291));
#543=CARTESIAN_POINT('',(-0.00552991033798523,0.16918911536057,-0.12841366385374));
#544=CARTESIAN_POINT('',(-0.0053936152274923,0.169109993520914,-0.128465574375266));
#545=CARTESIAN_POINT('',(-0.00513696073472926,0.168925789592211,-0.128586413169943));
#546=CARTESIAN_POINT('',(-0.00501731231940074,0.168821476130389,-0.12865483715183));
#547=CARTESIAN_POINT('',(-0.00471827184405364,0.168523061984122,-0.128850553610868));
#548=CARTESIAN_POINT('',(-0.00455032715978649,0.168314109254469,-0.12898756979024));
#549=CARTESIAN_POINT('',(-0.00424343972980743,0.167874025225438,-0.129276065299366));
#550=CARTESIAN_POINT('',(-0.00410526367085041,0.16764400159632,-0.129426819179999));
#551=CARTESIAN_POINT('',(-0.00375959565025487,0.167004034892713,-0.12984611975503));
#552=CARTESIAN_POINT('',(-0.00357165507166651,0.166581307098283,-0.130122957447508));
#553=CARTESIAN_POINT('',(-0.00329850679029858,0.165879294659361,-0.130582433377769));
#554=CARTESIAN_POINT('',(-0.00320141579997348,0.165605529720533,-0.130761555070507));
#555=CARTESIAN_POINT('',(-0.00302071747970407,0.165054561508253,-0.131121915918573));
#556=CARTESIAN_POINT('',(-0.0029371510308962,0.164777535497557,-0.131303039535935));
#557=CARTESIAN_POINT('',(-0.00277491793841708,0.164198761223055,-0.131681305171829));
#558=CARTESIAN_POINT('',(-0.00269712813286889,0.163897047070037,-0.131878414041109));
#559=CARTESIAN_POINT('',(-0.00262473166191952,0.163593666742343,-0.132076525171084));
#560=CARTESIAN_POINT('',(-0.00626622829618128,0.169310516194406,-0.128326955691787));
#561=CARTESIAN_POINT('',(-0.00623764554972708,0.169310515901758,-0.128326955691793));
#562=CARTESIAN_POINT('',(-0.0062090066681901,0.169309571961239,-0.128327565446109));
#563=CARTESIAN_POINT('',(-0.00601623678902676,0.169296837417371,-0.128335792787215));
#564=CARTESIAN_POINT('',(-0.00585231654774696,0.16925363153846,-0.128363710318826));
#565=CARTESIAN_POINT('',(-0.00556331513008477,0.169126566699934,-0.128445803793826));
#566=CARTESIAN_POINT('',(-0.00543324974851129,0.169047254687372,-0.128497042332201));
#567=CARTESIAN_POINT('',(-0.00518839979160252,0.168862607363175,-0.128616313125789));
#568=CARTESIAN_POINT('',(-0.00507429287147334,0.168758042526337,-0.128683847616882));
#569=CARTESIAN_POINT('',(-0.00478920855298882,0.168458908091037,-0.128877012880429));
#570=CARTESIAN_POINT('',(-0.00462921908627014,0.168249449860098,-0.129012236222939));
#571=CARTESIAN_POINT('',(-0.0043370930945604,0.167808297828299,-0.129296936414621));
#572=CARTESIAN_POINT('',(-0.00420568485517205,0.167577714414673,-0.129445697531009));
#573=CARTESIAN_POINT('',(-0.00387724602597791,0.166936185237603,-0.129859424007103));
#574=CARTESIAN_POINT('',(-0.00369901959716815,0.166512420042066,-0.130132548357333));
#575=CARTESIAN_POINT('',(-0.00344048931310742,0.165808674536206,-0.130585794542432));
#576=CARTESIAN_POINT('',(-0.00334873045639043,0.165534231352499,-0.130762472079511));
#577=CARTESIAN_POINT('',(-0.00317820965558109,0.164981893054563,-0.13111788189784));
#578=CARTESIAN_POINT('',(-0.00309948577309026,0.164704175659362,-0.131296500331019));
#579=CARTESIAN_POINT('',(-0.00294692126755431,0.164123951481466,-0.131669496777031));
#580=CARTESIAN_POINT('',(-0.00287392584398829,0.163821478484867,-0.131863839320411));
#581=CARTESIAN_POINT('',(-0.00280614627742436,0.163517332002607,-0.132059147895282));
#582=CARTESIAN_POINT('',(-0.00626622958204627,0.169184927714946,-0.128391685828407));
#583=CARTESIAN_POINT('',(-0.00624034873628793,0.169184927449962,-0.128391685828412));
#584=CARTESIAN_POINT('',(-0.00621441706259024,0.169183977577644,-0.128392276862292));
#585=CARTESIAN_POINT('',(-0.00603987153896939,0.169171162805813,-0.128400251598149));
#586=CARTESIAN_POINT('',(-0.00589146059144121,0.169127684269708,-0.128427312160279));
#587=CARTESIAN_POINT('',(-0.00562990933873986,0.168999816323971,-0.128506881502381));
#588=CARTESIAN_POINT('',(-0.00551224468411886,0.168920002651054,-0.128556543333786));
#589=CARTESIAN_POINT('',(-0.00529086330167258,0.168734185554628,-0.128672136817829));
#590=CARTESIAN_POINT('',(-0.00518775824154394,0.168628957479438,-0.128737586021748));
#591=CARTESIAN_POINT('',(-0.00493034008165619,0.16832792232735,-0.128924773642573));
#592=CARTESIAN_POINT('',(-0.00478607487424902,0.168117129897484,-0.129055799440646));
#593=CARTESIAN_POINT('',(-0.00452303898453054,0.167673158125724,-0.129331623341847));
#594=CARTESIAN_POINT('',(-0.00440492148893573,0.167441096351139,-0.129475728356069));
#595=CARTESIAN_POINT('',(-0.00411020442230049,0.166795439249098,-0.129876445773839));
#596=CARTESIAN_POINT('',(-0.00395086181753384,0.166368931744886,-0.130140919287716));
#597=CARTESIAN_POINT('',(-0.00372056554063897,0.165660601297186,-0.13057968362591));
#598=CARTESIAN_POINT('',(-0.00363905741288124,0.165384362913885,-0.130750686658533));
#599=CARTESIAN_POINT('',(-0.00348801407216926,0.164828396192558,-0.131094617671752));
#600=CARTESIAN_POINT('',(-0.00341851170265462,0.164548846787937,-0.131267435674797));
#601=CARTESIAN_POINT('',(-0.00328426957063377,0.16396477826359,-0.131628249353687));
#602=CARTESIAN_POINT('',(-0.00322030836070418,0.163660291894326,-0.131816205477991));
#603=CARTESIAN_POINT('',(-0.00316117941791873,0.163354111056742,-0.132005054287538));
#604=CARTESIAN_POINT('',(-0.00626623023200241,0.16912144745384,-0.128422719879622));
#605=CARTESIAN_POINT('',(-0.00624169667550178,0.16912144720265,-0.128422719879626));
#606=CARTESIAN_POINT('',(-0.00621711493747723,0.169120493644342,-0.128423300167082));
#607=CARTESIAN_POINT('',(-0.00605165666213366,0.169107629042152,-0.128431129896809));
#608=CARTESIAN_POINT('',(-0.00591097768413172,0.169063981215569,-0.128457698502334));
#609=CARTESIAN_POINT('',(-0.0056630987502133,0.168935614618515,-0.128535819266081));
#610=CARTESIAN_POINT('',(-0.00555160509182007,0.168855489459658,-0.12858457637308));
#611=CARTESIAN_POINT('',(-0.00534188774269176,0.168668945990598,-0.128698060547261));
#612=CARTESIAN_POINT('',(-0.00524424304389716,0.168563306054655,-0.128762313953982));
#613=CARTESIAN_POINT('',(-0.00500053487336888,0.16826109048334,-0.128946075125295));
#614=CARTESIAN_POINT('',(-0.00486403869666412,0.168049469362925,-0.12907469621424));
#615=CARTESIAN_POINT('',(-0.00461533143867508,0.167603745872547,-0.129345439140088));
#616=CARTESIAN_POINT('',(-0.00450373684650408,0.167370765532918,-0.129486880815635));
#617=CARTESIAN_POINT('',(-0.00422551227763003,0.166722543017213,-0.129880163274847));
#618=CARTESIAN_POINT('',(-0.00407533928234391,0.166294330636825,-0.130139699298178));
#619=CARTESIAN_POINT('',(-0.00385865886878536,0.165583148381055,-0.130570211552081));
#620=CARTESIAN_POINT('',(-0.0037820692701197,0.165305793072546,-0.130737984245449));
#621=CARTESIAN_POINT('',(-0.00364032571521107,0.164747568080973,-0.131075387510266));
#622=CARTESIAN_POINT('',(-0.00357520220389318,0.164466878089373,-0.131244910284764));
#623=CARTESIAN_POINT('',(-0.00344961364835139,0.163880415210826,-0.131598810433371));
#624=CARTESIAN_POINT('',(-0.00338989214657347,0.163574674364098,-0.131783146494804));
#625=CARTESIAN_POINT('',(-0.00333479678306859,0.163267225383826,-0.13196833813228));
#626=CARTESIAN_POINT('',(-0.00626623154479456,0.168993228908126,-0.128482070206452));
#627=CARTESIAN_POINT('',(-0.00624438282471276,0.168993228684425,-0.128482070206456));
#628=CARTESIAN_POINT('',(-0.00622249119688837,0.168992266440464,-0.128482626189271));
#629=CARTESIAN_POINT('',(-0.00607514108241012,0.168979284452943,-0.128490127970785));
#630=CARTESIAN_POINT('',(-0.00594986570573849,0.168935237903925,-0.128515583888813));
#631=CARTESIAN_POINT('',(-0.00572919111362514,0.168805697130811,-0.128590429884472));
#632=CARTESIAN_POINT('',(-0.00562996139366214,0.168724838597719,-0.128637142181179));
#633=CARTESIAN_POINT('',(-0.00544338552714071,0.16853658535073,-0.12874586169078));
#634=CARTESIAN_POINT('',(-0.00535655386643789,0.168429976135482,-0.128807415106634));
#635=CARTESIAN_POINT('',(-0.00513993921844718,0.168124983308163,-0.128983444674496));
#636=CARTESIAN_POINT('',(-0.00501873443655996,0.167911413213731,-0.129106644537309));
#637=CARTESIAN_POINT('',(-0.00479811196571379,0.16746157207322,-0.129365947401903));
#638=CARTESIAN_POINT('',(-0.00469923962323734,0.167226433529576,-0.129501399226692));
#639=CARTESIAN_POINT('',(-0.00445302841812829,0.16657218671214,-0.129877982913916));
#640=CARTESIAN_POINT('',(-0.00432047800523584,0.166139974202698,-0.130126452943333));
#641=CARTESIAN_POINT('',(-0.00412971463278083,0.165422107232145,-0.130538517708448));
#642=CARTESIAN_POINT('',(-0.00406242037370841,0.165142135312357,-0.130699079955158));
#643=CARTESIAN_POINT('',(-0.00393812898978283,0.164578623003359,-0.131021936423711));
#644=CARTESIAN_POINT('',(-0.00388115805726378,0.164295264071,-0.131184127636238));
#645=CARTESIAN_POINT('',(-0.00377155467743674,0.163703201734711,-0.131522671936934));
#646=CARTESIAN_POINT('',(-0.00371959154437616,0.163394528956487,-0.131698981736883));
#647=CARTESIAN_POINT('',(-0.00367180670612058,0.16308411793186,-0.131876080261379));
#648=CARTESIAN_POINT('',(-0.0062662322076305,0.168928490630415,-0.128510386478874));
#649=CARTESIAN_POINT('',(-0.0062457210345654,0.168928490420409,-0.128510386478878));
#650=CARTESIAN_POINT('',(-0.00622516958112333,0.168927523176801,-0.128510928903471));
#651=CARTESIAN_POINT('',(-0.0060868403782405,0.16891447363451,-0.128518247742828));
#652=CARTESIAN_POINT('',(-0.00596923663243284,0.168870197654206,-0.128543082929717));
#653=CARTESIAN_POINT('',(-0.00576209406051958,0.16873998135868,-0.128616102734895));
#654=CARTESIAN_POINT('',(-0.00566895728097025,0.168658700938855,-0.128661674945241));
#655=CARTESIAN_POINT('',(-0.0054938588585068,0.168469464290844,-0.128767739099064));
#656=CARTESIAN_POINT('',(-0.00541237987113721,0.168362297659743,-0.128827788320665));
#657=CARTESIAN_POINT('',(-0.00520914874413043,0.168055708004608,-0.128999512733184));
#658=CARTESIAN_POINT('',(-0.00509546631547876,0.167841017634203,-0.129119696078249));
#659=CARTESIAN_POINT('',(-0.00488859996872835,0.16738881058201,-0.129372639857155));
#660=CARTESIAN_POINT('',(-0.00479592695221251,0.167152432411658,-0.129504765170814));
#661=CARTESIAN_POINT('',(-0.00456523654179395,0.166494726747229,-0.129872085051851));
#662=CARTESIAN_POINT('',(-0.00444113903913855,0.166060219019322,-0.13011442658743));
#663=CARTESIAN_POINT('',(-0.00426267670409471,0.165338519216485,-0.13051629598031));
#664=CARTESIAN_POINT('',(-0.00419975919230265,0.165057047643708,-0.130672878136087));
#665=CARTESIAN_POINT('',(-0.00408362004666767,0.164490506363794,-0.130987715600629));
#666=CARTESIAN_POINT('',(-0.00403042275118708,0.164205619120784,-0.131145870507073));
#667=CARTESIAN_POINT('',(-0.00392815077330826,0.163610351782705,-0.131475972561565));
#668=CARTESIAN_POINT('',(-0.00387970618538854,0.163300001609915,-0.131647876207999));
#669=CARTESIAN_POINT('',(-0.00383519816304692,0.162987896750984,-0.131820538847095));
#670=CARTESIAN_POINT('',(-0.00626623354499157,0.168797872344106,-0.128564250381828));
#671=CARTESIAN_POINT('',(-0.00624838532115664,0.168797872161365,-0.128564250381832));
#672=CARTESIAN_POINT('',(-0.00623050204792271,0.16879689373606,-0.128564762848964));
#673=CARTESIAN_POINT('',(-0.00611013197412931,0.16878369313227,-0.128571677476807));
#674=CARTESIAN_POINT('',(-0.00600779628134445,0.168738904144582,-0.128595141054414));
#675=CARTESIAN_POINT('',(-0.00582754302304634,0.168607177983693,-0.128664127836923));
#676=CARTESIAN_POINT('',(-0.00574649496484502,0.168524954784197,-0.128707182930124));
#677=CARTESIAN_POINT('',(-0.0055941193983254,0.168333521547189,-0.128807388363984));
#678=CARTESIAN_POINT('',(-0.0055232119376647,0.16822511026561,-0.128864120435801));
#679=CARTESIAN_POINT('',(-0.0053463425919745,0.167914956886046,-0.129026357971918));
#680=CARTESIAN_POINT('',(-0.00524739905134168,0.167697768122823,-0.129139901093524));
#681=CARTESIAN_POINT('',(-0.00506733665737889,0.167240289996772,-0.129378867596203));
#682=CARTESIAN_POINT('',(-0.00498666260168429,0.16700115248778,-0.129503690972549));
#683=CARTESIAN_POINT('',(-0.00478581607989387,0.166335755656331,-0.129850708242941));
#684=CARTESIAN_POINT('',(-0.00467774351089167,0.165896152648391,-0.130079652266561));
#685=CARTESIAN_POINT('',(-0.00452227385128723,0.165165960645057,-0.130459300902309));
#686=CARTESIAN_POINT('',(-0.00446744808435295,0.164881170202785,-0.130607224169318));
#687=CARTESIAN_POINT('',(-0.00436621529213731,0.164307933718423,-0.130904649858));
#688=CARTESIAN_POINT('',(-0.00431982955123797,0.164019672342123,-0.131054057435041));
#689=CARTESIAN_POINT('',(-0.00423061727393435,0.163417337965822,-0.131365900968519));
#690=CARTESIAN_POINT('',(-0.00418833758209331,0.163103293996311,-0.131528295737601));
#691=CARTESIAN_POINT('',(-0.00414947058537823,0.162787464244857,-0.131691407304472));
#692=CARTESIAN_POINT('',(-0.00626623421951662,0.168731992342534,-0.128589798009462));
#693=CARTESIAN_POINT('',(-0.00624971139775193,0.168731992173363,-0.128589798009465));
#694=CARTESIAN_POINT('',(-0.00623315613020029,0.168731007566024,-0.128590294077354));
#695=CARTESIAN_POINT('',(-0.00612172427291644,0.168717723455712,-0.12859698743578));
#696=CARTESIAN_POINT('',(-0.00602698500135816,0.168672650892615,-0.128619700135037));
#697=CARTESIAN_POINT('',(-0.0058600890336836,0.168540090391178,-0.128686480084772));
#698=CARTESIAN_POINT('',(-0.00578503675464892,0.168457346300356,-0.128728158146825));
#699=CARTESIAN_POINT('',(-0.00564390659486023,0.168264699879802,-0.128825160215793));
#700=CARTESIAN_POINT('',(-0.00557821798420525,0.1681556013664,-0.128880079331731));
#701=CARTESIAN_POINT('',(-0.00541432688688446,0.167843481099576,-0.129037135146271));
#702=CARTESIAN_POINT('',(-0.00532259987038688,0.167624914227365,-0.129147054562239));
#703=CARTESIAN_POINT('',(-0.00515558527465951,0.167164530960104,-0.129378402877125));
#704=CARTESIAN_POINT('',(-0.0050807108341415,0.166923873752209,-0.12949925082995));
#705=CARTESIAN_POINT('',(-0.00489418733762716,0.166254244644689,-0.129835229309503));
#706=CARTESIAN_POINT('',(-0.00479368673204627,0.165811841612283,-0.130056904330449));
#707=CARTESIAN_POINT('',(-0.00464890857792754,0.165076990321854,-0.130424527628056));
#708=CARTESIAN_POINT('',(-0.00459779774919556,0.164790380699292,-0.13056777212045));
#709=CARTESIAN_POINT('',(-0.00450331893525572,0.164213478065316,-0.130855805097472));
#710=CARTESIAN_POINT('',(-0.0044599710345163,0.163923370914022,-0.131000501688107));
#711=CARTESIAN_POINT('',(-0.0043764868746766,0.163317174614183,-0.131302529041599));
#712=CARTESIAN_POINT('',(-0.00433685342850773,0.163001114308734,-0.13145982114602));
#713=CARTESIAN_POINT('',(-0.00430035052406976,0.162683253574378,-0.131617817597955));
#714=CARTESIAN_POINT('',(-0.00626623557904424,0.168599208952068,-0.128638078730003));
#715=CARTESIAN_POINT('',(-0.00625234903572652,0.168599208809889,-0.128638078730006));
#716=CARTESIAN_POINT('',(-0.00623843522543096,0.168598210791624,-0.128638539139484));
#717=CARTESIAN_POINT('',(-0.00614478089860259,0.168584745546903,-0.128644751380503));
#718=CARTESIAN_POINT('',(-0.00606514453183406,0.168539057877502,-0.128665831268603));
#719=CARTESIAN_POINT('',(-0.00592475441486021,0.168404688582693,-0.128727815459838));
#720=CARTESIAN_POINT('',(-0.00586157770027579,0.168320815535488,-0.128766501982633));
#721=CARTESIAN_POINT('',(-0.00574266166812707,0.168125541373133,-0.128856550150392));
#722=CARTESIAN_POINT('',(-0.00568725132290516,0.168014955042345,-0.12890753596849));
#723=CARTESIAN_POINT('',(-0.00554883451634341,0.167698579633636,-0.129053359533164));
#724=CARTESIAN_POINT('',(-0.00547117723984761,0.16747703437281,-0.129155433536933));
#725=CARTESIAN_POINT('',(-0.00532941893611949,0.167010381363371,-0.129370316793406));
#726=CARTESIAN_POINT('',(-0.00526567102921076,0.166766448552127,-0.129482586046324));
#727=CARTESIAN_POINT('',(-0.00510638085785834,0.166087710641706,-0.12979478734042));
#728=CARTESIAN_POINT('',(-0.00501998879514293,0.165639295580664,-0.130000851294831));
#729=CARTESIAN_POINT('',(-0.00489471162298069,0.164894468259295,-0.130342740295546));
#730=CARTESIAN_POINT('',(-0.00485025888113157,0.164603970117179,-0.130475993633201));
#731=CARTESIAN_POINT('',(-0.00476766254153519,0.164019245067624,-0.13074401547316));
#732=CARTESIAN_POINT('',(-0.00472953737491276,0.163725206526022,-0.130878698226773));
#733=CARTESIAN_POINT('',(-0.00465565696097135,0.163110799756774,-0.131159910610879));
#734=CARTESIAN_POINT('',(-0.0046203113343534,0.162790461111254,-0.131306410747795));
#735=CARTESIAN_POINT('',(-0.00458748923302313,0.162468299824435,-0.131453618801874));
#736=CARTESIAN_POINT('',(-0.00626623626404672,0.168532305570316,-0.128660811820313));
#737=CARTESIAN_POINT('',(-0.00625366059696394,0.168532305441559,-0.128660811820315));
#738=CARTESIAN_POINT('',(-0.00624106023810007,0.168531300194419,-0.128661252970624));
#739=CARTESIAN_POINT('',(-0.00615624522424314,0.168517737322023,-0.128667205363605));
#740=CARTESIAN_POINT('',(-0.00608411534011505,0.168471718122432,-0.128687403318731));
#741=CARTESIAN_POINT('',(-0.00595687378046408,0.168336374377266,-0.128746798583816));
#742=CARTESIAN_POINT('',(-0.00589957684942126,0.168251893266661,-0.128783870598253));
#743=CARTESIAN_POINT('',(-0.00579162953311904,0.168055204550617,-0.128870168229342));
#744=CARTESIAN_POINT('',(-0.0057412786000209,0.167943817637161,-0.128919033705372));
#745=CARTESIAN_POINT('',(-0.00561535782416594,0.167625153983529,-0.129058806742128));
#746=CARTESIAN_POINT('',(-0.00554455375316964,0.167402008451255,-0.129156659040228));
#747=CARTESIAN_POINT('',(-0.00541500391379176,0.166931990862815,-0.129362695431353));
#748=CARTESIAN_POINT('',(-0.00535658290638921,0.166686302160825,-0.129470361412245));
#749=CARTESIAN_POINT('',(-0.00521020296946201,0.166002687770041,-0.129769824331635));
#750=CARTESIAN_POINT('',(-0.00513034742942905,0.165551060744261,-0.129967546243438));
#751=CARTESIAN_POINT('',(-0.00501387961057165,0.164800916765872,-0.130295726346171));
#752=CARTESIAN_POINT('',(-0.00497236996263644,0.164508349323362,-0.130423667333413));
#753=CARTESIAN_POINT('',(-0.00489490199425136,0.163919468098193,-0.130681070823729));
#754=CARTESIAN_POINT('',(-0.00485896165157972,0.163623343992691,-0.130810450772708));
#755=CARTESIAN_POINT('',(-0.00478895670410506,0.163004588799682,-0.131080664484195));
#756=CARTESIAN_POINT('',(-0.00475525255817557,0.16268198822179,-0.131221475390563));
#757=CARTESIAN_POINT('',(-0.00472374706519464,0.162357557447183,-0.131363010248699));
#758=CARTESIAN_POINT('',(-0.00626623695367271,0.168464950585868,-0.128682117224789));
#759=CARTESIAN_POINT('',(-0.0062549637225796,0.168464950470446,-0.128682117224791));
#760=CARTESIAN_POINT('',(-0.00624366835838897,0.168463937540677,-0.128682537681735));
#761=CARTESIAN_POINT('',(-0.00616763519166111,0.168450270921033,-0.128688210882454));
#762=CARTESIAN_POINT('',(-0.0061029595417908,0.168403899394034,-0.128707461159095));
#763=CARTESIAN_POINT('',(-0.00598874542754669,0.168267520787684,-0.128764076523055));
#764=CARTESIAN_POINT('',(-0.005937261027759,0.168182394136684,-0.128799415554148));
#765=CARTESIAN_POINT('',(-0.00584012223147748,0.16798420490148,-0.128881690889605));
#766=CARTESIAN_POINT('',(-0.00579473849635812,0.167871969281263,-0.128928283891506));
#767=CARTESIAN_POINT('',(-0.00568103528256887,0.167550882083073,-0.129061578687774));
#768=CARTESIAN_POINT('',(-0.0056168750067637,0.167326043867893,-0.129154917149575));
#769=CARTESIAN_POINT('',(-0.00549905132935586,0.166852473957837,-0.129351513192961));
#770=CARTESIAN_POINT('',(-0.00544568622425221,0.166604934447003,-0.129454275855724));
#771=CARTESIAN_POINT('',(-0.00531140917589992,0.165916189993154,-0.129740198813018));
#772=CARTESIAN_POINT('',(-0.00523750097127817,0.165461194534708,-0.129929084094958));
#773=CARTESIAN_POINT('',(-0.0051287781393306,0.164705495707175,-0.13024280242024));
#774=CARTESIAN_POINT('',(-0.00508977652382315,0.164410771126548,-0.130365153427555));
#775=CARTESIAN_POINT('',(-0.0050165241543675,0.163817567747245,-0.130611413978405));
#776=CARTESIAN_POINT('',(-0.00498229133450976,0.163519279957519,-0.130735244227072));
#777=CARTESIAN_POINT('',(-0.0049151293656958,0.162896024818124,-0.130993980411009));
#778=CARTESIAN_POINT('',(-0.00488250895236997,0.162571089791407,-0.131128872929127));
#779=CARTESIAN_POINT('',(-0.0048517412420542,0.162244323424252,-0.131264525712885));
#780=EDGE_LOOP('',(#3830,#3831,#3832,#3833,#3834,#3835));
#781=CARTESIAN_POINT('',(-0.00330669227577867,0.167943720078175,-0.129306306951603));
#782=CARTESIAN_POINT('',(-0.00330060797904652,0.167926080699681,-0.129318454136278));
#783=CARTESIAN_POINT('',(-0.0032937374019463,0.167909072900117,-0.129330547914527));
#784=CARTESIAN_POINT('',(-0.0032512182476543,0.167817393759954,-0.129397980453466));
#785=CARTESIAN_POINT('',(-0.00320091396621792,0.167755342885179,-0.129452480733937));
#786=CARTESIAN_POINT('',(-0.00308109630349674,0.167654810786561,-0.129561681695476));
#787=CARTESIAN_POINT('',(-0.00301203262649816,0.167616435727322,-0.129616091072487));
#788=CARTESIAN_POINT('',(-0.00283376675583963,0.16754631690991,-0.129750316228965));
#789=CARTESIAN_POINT('',(-0.00271884506683867,0.167523503291774,-0.129831857900658));
#790=CARTESIAN_POINT('',(-0.0024982063988146,0.167503033697596,-0.130000924860604));
#791=CARTESIAN_POINT('',(-0.00239254220791159,0.167504089225354,-0.13008707758397));
#792=CARTESIAN_POINT('',(-0.00222197561001857,0.167512512929966,-0.130263592774507));
#793=CARTESIAN_POINT('',(-0.00215307313501668,0.167519253618688,-0.130351487920347));
#794=CARTESIAN_POINT('',(-0.00207588655698736,0.167519624311212,-0.130535783892284));
#795=CARTESIAN_POINT('',(-0.00206048343620194,0.167515222891612,-0.130629031548003));
#796=CARTESIAN_POINT('',(-0.00210179055568375,0.167476799567736,-0.130819460199562));
#797=CARTESIAN_POINT('',(-0.00214183277618925,0.16745045112772,-0.130910136656738));
#798=CARTESIAN_POINT('',(-0.00227231474872495,0.167365311834768,-0.131099556814438));
#799=CARTESIAN_POINT('',(-0.00234867184030226,0.167315742559484,-0.131191157263351));
#800=CARTESIAN_POINT('',(-0.00252709212165139,0.1671883312552,-0.13138059200634));
#801=CARTESIAN_POINT('',(-0.00261830508552163,0.167120397022979,-0.131471384852663));
#802=CARTESIAN_POINT('',(-0.00282004540095087,0.166953411080803,-0.131669073845546));
#803=CARTESIAN_POINT('',(-0.00292667422555246,0.166859521214466,-0.131772327900723));
#804=CARTESIAN_POINT('',(-0.00314109297444157,0.166645003093148,-0.131988821199311));
#805=CARTESIAN_POINT('',(-0.0032436224681949,0.166534532044265,-0.132095033876088));
#806=CARTESIAN_POINT('',(-0.00343393278177609,0.16630048789946,-0.132307638173808));
#807=CARTESIAN_POINT('',(-0.00351889316513823,0.166187338248449,-0.132407169682201));
#808=CARTESIAN_POINT('',(-0.00369134876525763,0.16592610989947,-0.132628410198714));
#809=CARTESIAN_POINT('',(-0.00377889177252692,0.165779163160479,-0.132749405909515));
#810=CARTESIAN_POINT('',(-0.00392021445077701,0.165493432206673,-0.132976224950143));
#811=CARTESIAN_POINT('',(-0.00397488250814584,0.165370822534032,-0.133071812068618));
#812=CARTESIAN_POINT('',(-0.00405910544865792,0.165148022130451,-0.133241605566026));
#813=CARTESIAN_POINT('',(-0.00409038416780903,0.165056645398081,-0.133310402705215));
#814=CARTESIAN_POINT('',(-0.00414125337554342,0.16488644307613,-0.13343677049412));
#815=CARTESIAN_POINT('',(-0.00416175665247071,0.164810576557216,-0.133492576373862));
#816=CARTESIAN_POINT('',(-0.00419976136186649,0.164650026354607,-0.133609438578964));
#817=CARTESIAN_POINT('',(-0.00421715041872276,0.164565610992505,-0.133670288637274));
#818=CARTESIAN_POINT('',(-0.00425682661901321,0.164333908400972,-0.133835537247466));
#819=CARTESIAN_POINT('',(-0.00427467268782796,0.164182476707912,-0.133941761219839));
#820=CARTESIAN_POINT('',(-0.0042897537084245,0.163931023782498,-0.134115114412937));
#821=CARTESIAN_POINT('',(-0.004292172280368,0.163833383611362,-0.134181712143288));
#822=CARTESIAN_POINT('',(-0.00429046072845567,0.163641930840171,-0.134310980930189));
#823=CARTESIAN_POINT('',(-0.00428640513525754,0.163548431706601,-0.134373455021952));
#824=CARTESIAN_POINT('',(-0.00426597616678396,0.163273877887662,-0.134555188393449));
#825=CARTESIAN_POINT('',(-0.0042412894461137,0.163100294248377,-0.134667717978924));
#826=CARTESIAN_POINT('',(-0.00415876513833212,0.162673540800278,-0.134939951313714));
#827=CARTESIAN_POINT('',(-0.00408932167509245,0.162438584726462,-0.135084964321794));
#828=CARTESIAN_POINT('',(-0.00395082183684241,0.162053603577828,-0.135317144142802));
#829=CARTESIAN_POINT('',(-0.00388382407528683,0.161896869467672,-0.135409341505776));
#830=CARTESIAN_POINT('',(-0.00374624256248486,0.161607444051999,-0.135576202279507));
#831=CARTESIAN_POINT('',(-0.00367565459176887,0.161475070395706,-0.135650649902946));
#832=CARTESIAN_POINT('',(-0.00350388771838189,0.161177190337822,-0.135814575354301));
#833=CARTESIAN_POINT('',(-0.00340234971331459,0.161021201297758,-0.135897179690477));
#834=CARTESIAN_POINT('',(-0.0032030502833777,0.160737128701782,-0.136042563807489));
#835=CARTESIAN_POINT('',(-0.00310526786987071,0.160609166740873,-0.136105256927632));
#836=CARTESIAN_POINT('',(-0.00285542573304089,0.160299298679768,-0.136251133013133));
#837=CARTESIAN_POINT('',(-0.00270882252136284,0.160135329048587,-0.136321709111459));
#838=CARTESIAN_POINT('',(-0.00243697075454711,0.15984454531049,-0.136437196466548));
#839=CARTESIAN_POINT('',(-0.00231177924088257,0.159718081712962,-0.136481901414192));
#840=CARTESIAN_POINT('',(-0.0019636470916994,0.159372289877808,-0.136591975685842));
#841=CARTESIAN_POINT('',(-0.00177476450394002,0.159191997112345,-0.136631413207554));
#842=CARTESIAN_POINT('',(-0.00146029952651537,0.158874364245197,-0.136684800926692));
#843=CARTESIAN_POINT('',(-0.00133429351517618,0.158738008747573,-0.136698055916062));
#844=CARTESIAN_POINT('',(-0.00110375485292489,0.158466026614794,-0.136718952338953));
#845=CARTESIAN_POINT('',(-0.00100498683767127,0.158333882145989,-0.136725287353569));
#846=CARTESIAN_POINT('',(-0.000917214019074809,0.158207305746497,-0.136733404459102));
#847=CARTESIAN_POINT('',(-0.00341208633364652,0.167889324051734,-0.129343767116088));
#848=CARTESIAN_POINT('',(-0.00340604215895872,0.167870301218201,-0.129356679222596));
#849=CARTESIAN_POINT('',(-0.00339925130377782,0.167851940062991,-0.129369556267915));
#850=CARTESIAN_POINT('',(-0.00335740130016104,0.167752859018376,-0.129441457202011));
#851=CARTESIAN_POINT('',(-0.00330849580928633,0.167685377342749,-0.129499953467148));
#852=CARTESIAN_POINT('',(-0.00319312348377573,0.167575312014612,-0.12961715489813));
#853=CARTESIAN_POINT('',(-0.00312708610270169,0.167532853017873,-0.129675546008543));
#854=CARTESIAN_POINT('',(-0.00295787545395482,0.167454314467199,-0.129818659201899));
#855=CARTESIAN_POINT('',(-0.00284976854078657,0.167427725614625,-0.129904859054903));
#856=CARTESIAN_POINT('',(-0.00264420021501947,0.167401660919267,-0.130080141355099));
#857=CARTESIAN_POINT('',(-0.00254666006124089,0.167400813632196,-0.130168002982345));
#858=CARTESIAN_POINT('',(-0.00239065575623853,0.1674061611914,-0.130344006743044));
#859=CARTESIAN_POINT('',(-0.00232829256480294,0.167411659865532,-0.13043018149745));
#860=CARTESIAN_POINT('',(-0.00225976126946498,0.167408926866978,-0.130608125018803));
#861=CARTESIAN_POINT('',(-0.0022469554867108,0.167402736696481,-0.130697184812222));
#862=CARTESIAN_POINT('',(-0.00228715872344954,0.167360015110016,-0.13087856620879));
#863=CARTESIAN_POINT('',(-0.00232488120788223,0.167331416198272,-0.130964813169015));
#864=CARTESIAN_POINT('',(-0.00244607447007282,0.167242019284946,-0.131145770976151));
#865=CARTESIAN_POINT('',(-0.00251668281914756,0.167190509890421,-0.131233511119412));
#866=CARTESIAN_POINT('',(-0.0026810828026982,0.167060402417926,-0.131415762012511));
#867=CARTESIAN_POINT('',(-0.00276498373301059,0.166991541928482,-0.131503334842007));
#868=CARTESIAN_POINT('',(-0.00295028453050073,0.166824130893698,-0.131694436012682));
#869=CARTESIAN_POINT('',(-0.00304812981223102,0.166730576127402,-0.131794401460806));
#870=CARTESIAN_POINT('',(-0.00324475743550615,0.16651863716774,-0.132004088140518));
#871=CARTESIAN_POINT('',(-0.00333873926295235,0.166409989965712,-0.132106987559197));
#872=CARTESIAN_POINT('',(-0.00351317488886833,0.166181100106122,-0.132312799864408));
#873=CARTESIAN_POINT('',(-0.00359104569717397,0.166070781929324,-0.132409106499904));
#874=CARTESIAN_POINT('',(-0.00374916869700392,0.165816962112426,-0.132622936586365));
#875=CARTESIAN_POINT('',(-0.0038294616808764,0.165674541619383,-0.132739777602898));
#876=CARTESIAN_POINT('',(-0.00395922508064877,0.165398339163395,-0.132958469687175));
#877=CARTESIAN_POINT('',(-0.00400945792841664,0.16527996793507,-0.133050559008229));
#878=CARTESIAN_POINT('',(-0.00408695925053013,0.165065117653288,-0.133213971742448));
#879=CARTESIAN_POINT('',(-0.00411577009427145,0.164977054223555,-0.133280146706529));
#880=CARTESIAN_POINT('',(-0.0041626972498984,0.164813100674094,-0.133401625758682));
#881=CARTESIAN_POINT('',(-0.00418163570608853,0.164740042102066,-0.133455251198486));
#882=CARTESIAN_POINT('',(-0.0042168050001566,0.164585466380012,-0.133567502616466));
#883=CARTESIAN_POINT('',(-0.0042329325404517,0.16450420781596,-0.133625930034329));
#884=CARTESIAN_POINT('',(-0.00426985528803343,0.164281181665859,-0.133784548125615));
#885=CARTESIAN_POINT('',(-0.00428661406022706,0.164135431990617,-0.133886457262715));
#886=CARTESIAN_POINT('',(-0.0043011559152271,0.163893327057383,-0.134052735483544));
#887=CARTESIAN_POINT('',(-0.00430366399909647,0.163799295426932,-0.13411660786357));
#888=CARTESIAN_POINT('',(-0.00430268286057713,0.163614849990297,-0.134240592839642));
#889=CARTESIAN_POINT('',(-0.00429926073174412,0.163524738710957,-0.134300516658202));
#890=CARTESIAN_POINT('',(-0.00428141441411316,0.163260007730184,-0.134474868340468));
#891=CARTESIAN_POINT('',(-0.00425935761993524,0.16309245689397,-0.134582882119417));
#892=CARTESIAN_POINT('',(-0.00418508922970312,0.162680051990124,-0.134844440060624));
#893=CARTESIAN_POINT('',(-0.00412215585487376,0.162452457520948,-0.134984054047997));
#894=CARTESIAN_POINT('',(-0.00399620720282607,0.162078750374258,-0.135208169955598));
#895=CARTESIAN_POINT('',(-0.00393513270805534,0.16192627888757,-0.135297409329968));
#896=CARTESIAN_POINT('',(-0.00380948002936312,0.161644216202306,-0.135459360956807));
#897=CARTESIAN_POINT('',(-0.0037448973202199,0.161514931683279,-0.135531865463887));
#898=CARTESIAN_POINT('',(-0.00358749659528719,0.161223472201674,-0.135692045817588));
#899=CARTESIAN_POINT('',(-0.00349424553439275,0.161070369387837,-0.135773252483624));
#900=CARTESIAN_POINT('',(-0.00331084529405456,0.160790875973482,-0.135916990153718));
#901=CARTESIAN_POINT('',(-0.0032206768431844,0.160664602717677,-0.135979437364881));
#902=CARTESIAN_POINT('',(-0.00298984729218926,0.160358136052085,-0.136125732512533));
#903=CARTESIAN_POINT('',(-0.00285393136355782,0.160195206455528,-0.136197657694623));
#904=CARTESIAN_POINT('',(-0.00260111612542949,0.159905444429623,-0.136316960361902));
#905=CARTESIAN_POINT('',(-0.00248427122916219,0.159778951491845,-0.136364135687717));
#906=CARTESIAN_POINT('',(-0.00215831395783091,0.15943230413711,-0.136482385806013));
#907=CARTESIAN_POINT('',(-0.00197994364112148,0.15925046559541,-0.136528116096274));
#908=CARTESIAN_POINT('',(-0.00168116035559054,0.15892929974895,-0.13659317401071));
#909=CARTESIAN_POINT('',(-0.00156034707327441,0.158790875741593,-0.136611871667523));
#910=CARTESIAN_POINT('',(-0.00133814735914039,0.158513822089107,-0.136643209601142));
#911=CARTESIAN_POINT('',(-0.0012421220933597,0.15837854828668,-0.136654391518238));
#912=CARTESIAN_POINT('',(-0.0011566211184745,0.15824839715743,-0.136666948525795));
#913=CARTESIAN_POINT('',(-0.0035174803640087,0.167832294590445,-0.129377403125241));
#914=CARTESIAN_POINT('',(-0.00351144637548011,0.167811821082842,-0.129391047591614));
#915=CARTESIAN_POINT('',(-0.00350470384860944,0.16779203611459,-0.129404673369031));
#916=CARTESIAN_POINT('',(-0.00346333808583516,0.16768514049231,-0.129480840772433));
#917=CARTESIAN_POINT('',(-0.0034156436077873,0.167611818373129,-0.129543134379409));
#918=CARTESIAN_POINT('',(-0.00330424575179358,0.167491266051688,-0.129667956410315));
#919=CARTESIAN_POINT('',(-0.00324095338047945,0.167444182366396,-0.129730149116358));
#920=CARTESIAN_POINT('',(-0.00308000231847596,0.167355787403844,-0.129881827097597));
#921=CARTESIAN_POINT('',(-0.00297814302308464,0.16732446354157,-0.12997258670514));
#922=CARTESIAN_POINT('',(-0.00278640589931515,0.167290860440287,-0.130154253222401));
#923=CARTESIAN_POINT('',(-0.0026963308488443,0.16728713418696,-0.130244070097388));
#924=CARTESIAN_POINT('',(-0.00255365196700812,0.167287786616741,-0.130420404672979));
#925=CARTESIAN_POINT('',(-0.00249725152157055,0.167291371430154,-0.130505404003079));
#926=CARTESIAN_POINT('',(-0.00243641275012296,0.167284792094617,-0.130678219210393));
#927=CARTESIAN_POINT('',(-0.00242580146695451,0.167276675554211,-0.130763740606709));
#928=CARTESIAN_POINT('',(-0.00246438800149348,0.167230077461984,-0.130937168876517));
#929=CARTESIAN_POINT('',(-0.00249963135208278,0.167199627225437,-0.131019441159594));
#930=CARTESIAN_POINT('',(-0.002611467669296,0.167107175048952,-0.131192578786118));
#931=CARTESIAN_POINT('',(-0.00267636887902513,0.167054411395087,-0.131276681611557));
#932=CARTESIAN_POINT('',(-0.00282702927778266,0.166923095021938,-0.131451984358024));
#933=CARTESIAN_POINT('',(-0.00290380712808911,0.166854039851377,-0.131536387604116));
#934=CARTESIAN_POINT('',(-0.00307320079403048,0.166687703887641,-0.13172088850866));
#935=CARTESIAN_POINT('',(-0.00316258428168347,0.166595235895323,-0.131817515340168));
#936=CARTESIAN_POINT('',(-0.00334215920303541,0.166387253562533,-0.132020237304777));
#937=CARTESIAN_POINT('',(-0.00342797515976624,0.166281046807706,-0.132119730181263));
#938=CARTESIAN_POINT('',(-0.00358729649178597,0.1660583482711,-0.132318565175256));
#939=CARTESIAN_POINT('',(-0.00365843274728419,0.165951292065904,-0.132411560737003));
#940=CARTESIAN_POINT('',(-0.00380296790366788,0.165705674941943,-0.13261781024985));
#941=CARTESIAN_POINT('',(-0.00387640070329381,0.165568145765645,-0.132730412702143));
#942=CARTESIAN_POINT('',(-0.0039952371899465,0.165301991910915,-0.132940854978501));
#943=CARTESIAN_POINT('',(-0.00404128006683383,0.165188043179545,-0.13302940216174));
#944=CARTESIAN_POINT('',(-0.00411242941095066,0.164981401416062,-0.133186370858722));
#945=CARTESIAN_POINT('',(-0.00413890751222828,0.164896741002013,-0.133249901393177));
#946=CARTESIAN_POINT('',(-0.00418210468258462,0.164739174236604,-0.133366456266082));
#947=CARTESIAN_POINT('',(-0.00419956119545543,0.164668976602549,-0.133417887226996));
#948=CARTESIAN_POINT('',(-0.00423204065493059,0.164520470828504,-0.133525500745874));
#949=CARTESIAN_POINT('',(-0.00424696885789263,0.164442411236001,-0.133581492522644));
#950=CARTESIAN_POINT('',(-0.00428126343442189,0.164228159313543,-0.13373344502078));
#951=CARTESIAN_POINT('',(-0.00429697107515576,0.164088137585173,-0.133831017089499));
#952=CARTESIAN_POINT('',(-0.00431095208152487,0.163855445180195,-0.133990172624347));
#953=CARTESIAN_POINT('',(-0.00431352200742481,0.163765044527666,-0.134051298449211));
#954=CARTESIAN_POINT('',(-0.00431318188890302,0.163587650843578,-0.134169949251105));
#955=CARTESIAN_POINT('',(-0.00431033205636859,0.163500949364685,-0.134227293779846));
#956=CARTESIAN_POINT('',(-0.00429484453633033,0.163246112707313,-0.134394161756375));
#957=CARTESIAN_POINT('',(-0.00427521526168757,0.163084650438967,-0.134497571351235));
#958=CARTESIAN_POINT('',(-0.00420860739203114,0.162686777079214,-0.134748166872613));
#959=CARTESIAN_POINT('',(-0.00415175007518546,0.162466696530216,-0.134882145600278));
#960=CARTESIAN_POINT('',(-0.00403757062765099,0.162104597780879,-0.135097686082908));
#961=CARTESIAN_POINT('',(-0.00398206945362979,0.161956559559789,-0.135183707711823));
#962=CARTESIAN_POINT('',(-0.00386767764873671,0.161682225904329,-0.135340186907384));
#963=CARTESIAN_POINT('',(-0.00380878219951579,0.161556225976976,-0.135410444985931));
#964=CARTESIAN_POINT('',(-0.0036650298293986,0.161271674184212,-0.135566108104221));
#965=CARTESIAN_POINT('',(-0.00357968803330495,0.161121754931596,-0.135645432387734));
#966=CARTESIAN_POINT('',(-0.00341152950412055,0.160847425496526,-0.135786524517668));
#967=CARTESIAN_POINT('',(-0.00332869500941356,0.160723128308492,-0.135848211561587));
#968=CARTESIAN_POINT('',(-0.00311625970243754,0.160420778871136,-0.135993563657277));
#969=CARTESIAN_POINT('',(-0.00299077108163144,0.160259288871354,-0.136065988023609));
#970=CARTESIAN_POINT('',(-0.00275666439510585,0.159971206254561,-0.136187476637502));
#971=CARTESIAN_POINT('',(-0.00264809767039732,0.159844942278489,-0.136236343483647));
#972=CARTESIAN_POINT('',(-0.00234430462872813,0.159497997419547,-0.136360573795064));
#973=CARTESIAN_POINT('',(-0.00217669983371308,0.159314673891167,-0.13641136821178));
#974=CARTESIAN_POINT('',(-0.00189426588380495,0.158989657822463,-0.136486140325431));
#975=CARTESIAN_POINT('',(-0.00177906366124024,0.158848793693322,-0.136509546784703));
#976=CARTESIAN_POINT('',(-0.00156611201879151,0.15856564606105,-0.136550123700704));
#977=CARTESIAN_POINT('',(-0.00147332390212696,0.158426562596855,-0.136565735378892));
#978=CARTESIAN_POINT('',(-0.0013905587365609,0.158292116167343,-0.136582421864978));
#979=CARTESIAN_POINT('',(-0.00372768189545953,0.167713286143574,-0.129436839662385));
#980=CARTESIAN_POINT('',(-0.00372160015864065,0.167689789355009,-0.129451877034778));
#981=CARTESIAN_POINT('',(-0.00371488251028419,0.167667028826391,-0.129466924086124));
#982=CARTESIAN_POINT('',(-0.00367406091883549,0.167543754140177,-0.129551178209293));
#983=CARTESIAN_POINT('',(-0.00362835247723291,0.167458004691465,-0.129620624691414));
#984=CARTESIAN_POINT('',(-0.00352380640559655,0.167314738660292,-0.12975981814346));
#985=CARTESIAN_POINT('',(-0.00346534696477902,0.167257418414185,-0.129829188573872));
#986=CARTESIAN_POINT('',(-0.00331904783025545,0.167146686240734,-0.129997171498559));
#987=CARTESIAN_POINT('',(-0.0032283459046164,0.167104137555121,-0.130096730469747));
#988=CARTESIAN_POINT('',(-0.00306131725823248,0.167051904682094,-0.130291264690744));
#989=CARTESIAN_POINT('',(-0.00298458658387642,0.167040635251107,-0.130385370319588));
#990=CARTESIAN_POINT('',(-0.00286557862099762,0.167028953116418,-0.130563901553747));
#991=CARTESIAN_POINT('',(-0.00281971236912646,0.16702749601162,-0.130647597163445));
#992=CARTESIAN_POINT('',(-0.00277201939405906,0.167011931936572,-0.130812622428874));
#993=CARTESIAN_POINT('',(-0.00276490041268574,0.166999758547757,-0.130892414463269));
#994=CARTESIAN_POINT('',(-0.00279929372316058,0.166946297117041,-0.131052284874437));
#995=CARTESIAN_POINT('',(-0.00282936326578576,0.166912936847123,-0.131127610325551));
#996=CARTESIAN_POINT('',(-0.00292270221274278,0.166816683602365,-0.131286585035235));
#997=CARTESIAN_POINT('',(-0.00297648188830233,0.16676271314819,-0.131363952099779));
#998=CARTESIAN_POINT('',(-0.00310067431021331,0.16663175886863,-0.131525998782601));
#999=CARTESIAN_POINT('',(-0.00316380363865242,0.166563670183028,-0.13160423819658));
#1000=CARTESIAN_POINT('',(-0.00330288082926228,0.166402234882191,-0.131775651092654));
#1001=CARTESIAN_POINT('',(-0.00337619437531186,0.166313307257205,-0.131865563822242));
#1002=CARTESIAN_POINT('',(-0.00352350206633792,0.166115719022223,-0.132054146408662));
#1003=CARTESIAN_POINT('',(-0.00359390337917839,0.166015495514932,-0.132146683988515));
#1004=CARTESIAN_POINT('',(-0.00372475633820978,0.165807019766233,-0.132331262413113));
#1005=CARTESIAN_POINT('',(-0.00378322671195162,0.165707246833688,-0.132417489973068));
#1006=CARTESIAN_POINT('',(-0.00390223471851113,0.165479428151894,-0.132608282507698));
#1007=CARTESIAN_POINT('',(-0.00396279319876948,0.165352317974104,-0.132712258120357));
#1008=CARTESIAN_POINT('',(-0.00406112549612069,0.165107163228441,-0.13290597651152));
#1009=CARTESIAN_POINT('',(-0.00409930631104897,0.165002377365231,-0.132987357119768));
#1010=CARTESIAN_POINT('',(-0.00415852603998364,0.164812597545545,-0.133131318803374));
#1011=CARTESIAN_POINT('',(-0.00418062017423146,0.164734897263035,-0.13318951825067));
#1012=CARTESIAN_POINT('',(-0.00421679755508849,0.164590340770411,-0.133296157377469));
#1013=CARTESIAN_POINT('',(-0.00423146165277916,0.16452595577145,-0.133343172643559));
#1014=CARTESIAN_POINT('',(-0.00425886213032299,0.164389753314946,-0.133441459146141));
#1015=CARTESIAN_POINT('',(-0.00427151979443636,0.164318163809979,-0.133492555301439));
#1016=CARTESIAN_POINT('',(-0.00430081627066653,0.164121627762119,-0.133631112444686));
#1017=CARTESIAN_POINT('',(-0.00431449639831131,0.163993140744293,-0.133719971242715));
#1018=CARTESIAN_POINT('',(-0.00432731321626454,0.163779385069707,-0.133864801101412));
#1019=CARTESIAN_POINT('',(-0.00432995106081025,0.163696285452514,-0.133920398790508));
#1020=CARTESIAN_POINT('',(-0.00433071177299902,0.163533073098349,-0.134028298843174));
#1021=CARTESIAN_POINT('',(-0.00432888221341734,0.163453229898048,-0.134080437636947));
#1022=CARTESIAN_POINT('',(-0.00431765590304092,0.163218308231685,-0.134232172434255));
#1023=CARTESIAN_POINT('',(-0.00430246733896183,0.163069122064788,-0.134326230003959));
#1024=CARTESIAN_POINT('',(-0.00424995208641908,0.162700636038914,-0.134554429450273));
#1025=CARTESIAN_POINT('',(-0.00420434172141375,0.162495852748319,-0.134676745588057));
#1026=CARTESIAN_POINT('',(-0.00411204065848749,0.162157561745959,-0.13487427306415));
#1027=CARTESIAN_POINT('',(-0.0040669325439509,0.162018691522189,-0.134953417309486));
#1028=CARTESIAN_POINT('',(-0.00397359962654817,0.161760463468353,-0.135097983981702));
#1029=CARTESIAN_POINT('',(-0.00392536950288635,0.161641378448506,-0.135163223809943));
#1030=CARTESIAN_POINT('',(-0.00380728052557136,0.16137150457487,-0.135308503534298));
#1031=CARTESIAN_POINT('',(-0.00373686867062756,0.16122847971903,-0.135383207120769));
#1032=CARTESIAN_POINT('',(-0.00359758871196826,0.16096551694958,-0.135517224823398));
#1033=CARTESIAN_POINT('',(-0.0035287055562477,0.160845683135168,-0.13557646435357));
#1034=CARTESIAN_POINT('',(-0.00335139333573557,0.160552842977899,-0.135717450877569));
#1035=CARTESIAN_POINT('',(-0.00324595765204748,0.160394945145969,-0.135789302126678));
#1036=CARTESIAN_POINT('',(-0.00304806063581781,0.160111392968208,-0.13591210818997));
#1037=CARTESIAN_POINT('',(-0.00295564400871433,0.159986045748948,-0.135962876501833));
#1038=CARTESIAN_POINT('',(-0.00269539936463212,0.159639485874945,-0.136094839982918));
#1039=CARTESIAN_POINT('',(-0.0025494112814178,0.159453276149387,-0.136153324632024));
#1040=CARTESIAN_POINT('',(-0.00230037678063299,0.159119916166062,-0.136243570974513));
#1041=CARTESIAN_POINT('',(-0.0021970150077238,0.158973457271277,-0.136274866787447));
#1042=CARTESIAN_POINT('',(-0.00200404239933366,0.15867618040595,-0.136331367904931));
#1043=CARTESIAN_POINT('',(-0.0019186172266003,0.158528198228969,-0.136354913604136));
#1044=CARTESIAN_POINT('',(-0.00184217212014615,0.158383814622782,-0.136379150369033));
#1045=CARTESIAN_POINT('',(-0.00383248928791546,0.167651307219496,-0.129462640159658));
#1046=CARTESIAN_POINT('',(-0.00382634961363477,0.167626237827319,-0.129478338076629));
#1047=CARTESIAN_POINT('',(-0.00381960851217536,0.167601925554915,-0.129494057668079));
#1048=CARTESIAN_POINT('',(-0.00377884683091037,0.167470086403831,-0.129582132031093));
#1049=CARTESIAN_POINT('',(-0.00373391338960076,0.167377750092836,-0.129654934034226));
#1050=CARTESIAN_POINT('',(-0.00363224456564907,0.167222257412094,-0.129800878270788));
#1051=CARTESIAN_POINT('',(-0.0035758730019828,0.167159325336681,-0.129873624805602));
#1052=CARTESIAN_POINT('',(-0.00343596606608109,0.167036112499169,-0.130049347806949));
#1053=CARTESIAN_POINT('',(-0.00335017377737399,0.166987074106112,-0.130153146323044));
#1054=CARTESIAN_POINT('',(-0.00319402209597201,0.166923750130933,-0.130354163874818));
#1055=CARTESIAN_POINT('',(-0.0031231705022835,0.166907816642744,-0.130450602919597));
#1056=CARTESIAN_POINT('',(-0.00301450763727459,0.166888495376361,-0.130630999846301));
#1057=CARTESIAN_POINT('',(-0.00297321263123614,0.166883910361555,-0.130714567097594));
#1058=CARTESIAN_POINT('',(-0.00293097265642928,0.166863208096617,-0.130876930692789));
#1059=CARTESIAN_POINT('',(-0.00292515139682696,0.166848904302013,-0.130954531773992));
#1060=CARTESIAN_POINT('',(-0.00295696825186834,0.166792456042963,-0.131108797546704));
#1061=CARTESIAN_POINT('',(-0.00298434321878596,0.166758037025217,-0.131181150906727));
#1062=CARTESIAN_POINT('',(-0.00306854204513945,0.166661037805432,-0.131333783018805));
#1063=CARTESIAN_POINT('',(-0.00311690750048211,0.166607114703029,-0.131408051708466));
#1064=CARTESIAN_POINT('',(-0.0032283718676522,0.166477731180031,-0.131563790592128));
#1065=CARTESIAN_POINT('',(-0.00328497590844433,0.166410803542458,-0.131639035807343));
#1066=CARTESIAN_POINT('',(-0.00340964402687717,0.166253193601771,-0.131803961044763));
#1067=CARTESIAN_POINT('',(-0.00347534954425484,0.166166719458164,-0.131890498323874));
#1068=CARTESIAN_POINT('',(-0.00360744288490653,0.165975568506669,-0.132071906297409));
#1069=CARTESIAN_POINT('',(-0.00367059549070613,0.165878887721999,-0.132160895140655));
#1070=CARTESIAN_POINT('',(-0.00378809445994022,0.165678443321761,-0.132338194329711));
#1071=CARTESIAN_POINT('',(-0.0038406335346517,0.165582691646633,-0.132420964968605));
#1072=CARTESIAN_POINT('',(-0.00394770227934696,0.165364468642763,-0.132603881107729));
#1073=CARTESIAN_POINT('',(-0.00400224663944703,0.165242886118747,-0.132703468447209));
#1074=CARTESIAN_POINT('',(-0.00409100167684588,0.165008681847002,-0.132888712762315));
#1075=CARTESIAN_POINT('',(-0.00412551040505465,0.164908636344628,-0.13296646893329));
#1076=CARTESIAN_POINT('',(-0.0041791525017177,0.164727509937666,-0.133103867640193));
#1077=CARTESIAN_POINT('',(-0.00419919541277916,0.164653366767056,-0.133159380429646));
#1078=CARTESIAN_POINT('',(-0.00423208299121343,0.164515433757628,-0.133261027989053));
#1079=CARTESIAN_POINT('',(-0.004245436617624,0.164454000453859,-0.133305822038981));
#1080=CARTESIAN_POINT('',(-0.00427044794873775,0.164324031363685,-0.133399419424001));
#1081=CARTESIAN_POINT('',(-0.00428203441165985,0.164255712973441,-0.133448055598778));
#1082=CARTESIAN_POINT('',(-0.00430896095927139,0.164068118569873,-0.133579882980156));
#1083=CARTESIAN_POINT('',(-0.00432166470544928,0.163945438314765,-0.133664365576035));
#1084=CARTESIAN_POINT('',(-0.00433387818366747,0.163741206841241,-0.133801992445629));
#1085=CARTESIAN_POINT('',(-0.00433652210479168,0.163661777281164,-0.13385480855473));
#1086=CARTESIAN_POINT('',(-0.00433774262749057,0.163505694503853,-0.133957292034108));
#1087=CARTESIAN_POINT('',(-0.00433636104439808,0.163429299781469,-0.134006804383876));
#1088=CARTESIAN_POINT('',(-0.00432703714530191,0.163204398781887,-0.134150889712224));
#1089=CARTESIAN_POINT('',(-0.00431386177133788,0.163061400147814,-0.134240199445366));
#1090=CARTESIAN_POINT('',(-0.00426777861066861,0.162707769907667,-0.134456965253886));
#1091=CARTESIAN_POINT('',(-0.00422733913419327,0.162510769950489,-0.134573254078431));
#1092=CARTESIAN_POINT('',(-0.00414514723183822,0.16218467828149,-0.134761344017809));
#1093=CARTESIAN_POINT('',(-0.00410485884354076,0.162050542779347,-0.134836828650372));
#1094=CARTESIAN_POINT('',(-0.00402132390455912,0.161800691270979,-0.134974955291383));
#1095=CARTESIAN_POINT('',(-0.00397807182375055,0.161685236550719,-0.135037423333332));
#1096=CARTESIAN_POINT('',(-0.00387199781429761,0.161423132860953,-0.135176836995887));
#1097=CARTESIAN_POINT('',(-0.0038086065819145,0.161283818807471,-0.135248802333677));
#1098=CARTESIAN_POINT('',(-0.00368296334841819,0.161027058649394,-0.135378391292449));
#1099=CARTESIAN_POINT('',(-0.00362069749512695,0.160909712099126,-0.135435943553483));
#1100=CARTESIAN_POINT('',(-0.00346011387442277,0.160622263878357,-0.135573507767132));
#1101=CARTESIAN_POINT('',(-0.0033643036378536,0.160466518540686,-0.135644286849746));
#1102=CARTESIAN_POINT('',(-0.00318390734491707,0.160185817246818,-0.135766224667633));
#1103=CARTESIAN_POINT('',(-0.00309936243142025,0.160061157753614,-0.135817203041487));
#1104=CARTESIAN_POINT('',(-0.00286050131795459,0.159715280187082,-0.135950919803302));
#1105=CARTESIAN_POINT('',(-0.00272536401790484,0.159527669170023,-0.136012030690197));
#1106=CARTESIAN_POINT('',(-0.00249337899654926,0.159189815420152,-0.136108037200863));
#1107=CARTESIAN_POINT('',(-0.00239624638219898,0.159040201886248,-0.136142513575702));
#1108=CARTESIAN_POINT('',(-0.00221400438464692,0.158734889833655,-0.136205699878821));
#1109=CARTESIAN_POINT('',(-0.00213270490338309,0.158581818673959,-0.136232749786993));
#1110=CARTESIAN_POINT('',(-0.00205984396635568,0.158431793272505,-0.136260407297989));
#1111=CARTESIAN_POINT('',(-0.00404093411642393,0.167522744857179,-0.129506262042492));
#1112=CARTESIAN_POINT('',(-0.00403460261642631,0.167494421899958,-0.129523203550652));
#1113=CARTESIAN_POINT('',(-0.00402773429693854,0.167466892343047,-0.129540185997313));
#1114=CARTESIAN_POINT('',(-0.00398661645371131,0.167317256804403,-0.129635418774624));
#1115=CARTESIAN_POINT('',(-0.00394273987372373,0.167211080967542,-0.129714452567723));
#1116=CARTESIAN_POINT('',(-0.003845583316869,0.167029584660355,-0.129872935608774));
#1117=CARTESIAN_POINT('',(-0.00379264293264257,0.166954549788432,-0.129951953628749));
#1118=CARTESIAN_POINT('',(-0.00366340114969814,0.166804042616714,-0.130142179367734));
#1119=CARTESIAN_POINT('',(-0.00358590680141982,0.166740467706682,-0.130254029825275));
#1120=CARTESIAN_POINT('',(-0.00344813380170529,0.166651822069754,-0.130467898440378));
#1121=CARTESIAN_POINT('',(-0.00338721998453343,0.166624988385439,-0.130569275689297));
#1122=CARTESIAN_POINT('',(-0.00329583125679253,0.166587824299484,-0.13075478408057));
#1123=CARTESIAN_POINT('',(-0.00326208489770498,0.166575938780844,-0.130839088211792));
#1124=CARTESIAN_POINT('',(-0.00322825448358626,0.166543909254429,-0.130998576268062));
#1125=CARTESIAN_POINT('',(-0.00322406294500296,0.166525222593828,-0.131073167128012));
#1126=CARTESIAN_POINT('',(-0.00324984698845699,0.166463715114518,-0.131218688118163));
#1127=CARTESIAN_POINT('',(-0.00327171845729857,0.166427942859377,-0.131286173522483));
#1128=CARTESIAN_POINT('',(-0.00333818145637563,0.166331600747882,-0.13142776507307));
#1129=CARTESIAN_POINT('',(-0.00337620271047803,0.166278967636846,-0.131496460340074));
#1130=CARTESIAN_POINT('',(-0.00346362778422961,0.166155239389967,-0.131640385010436));
#1131=CARTESIAN_POINT('',(-0.00350797559593308,0.166091849306851,-0.131709890647946));
#1132=CARTESIAN_POINT('',(-0.00360570825727238,0.16594433033892,-0.131862092300708));
#1133=CARTESIAN_POINT('',(-0.00365723707766413,0.165863965993671,-0.1319419072743));
#1134=CARTESIAN_POINT('',(-0.00376105744304091,0.165687852877499,-0.132108867586672));
#1135=CARTESIAN_POINT('',(-0.00381076400818207,0.165599211912615,-0.132190663787281));
#1136=CARTESIAN_POINT('',(-0.00390352377056804,0.165416411740733,-0.132353175615032));
#1137=CARTESIAN_POINT('',(-0.00394508432994617,0.165329351357333,-0.132428914862829));
#1138=CARTESIAN_POINT('',(-0.00403006063379374,0.165131503376354,-0.132595829754207));
#1139=CARTESIAN_POINT('',(-0.00407347995772233,0.165021513433563,-0.132686510034646));
#1140=CARTESIAN_POINT('',(-0.00414450295605312,0.164809967438489,-0.132854604737462));
#1141=CARTESIAN_POINT('',(-0.00417220881601007,0.164719668432221,-0.132925036524416));
#1142=CARTESIAN_POINT('',(-0.00421549987507187,0.164556219606792,-0.133049198432381));
#1143=CARTESIAN_POINT('',(-0.00423173142387475,0.164489318744321,-0.133099298103681));
#1144=CARTESIAN_POINT('',(-0.00425849320275226,0.164364829131133,-0.133190898836578));
#1145=CARTESIAN_POINT('',(-0.00426940220430881,0.16430937442381,-0.133231225125938));
#1146=CARTESIAN_POINT('',(-0.00428994400993896,0.164192007428454,-0.133315396179794));
#1147=CARTESIAN_POINT('',(-0.00429951941334338,0.164130290995494,-0.133359089764115));
#1148=CARTESIAN_POINT('',(-0.00432197090955801,0.163960718692702,-0.133477399552023));
#1149=CARTESIAN_POINT('',(-0.00433279877238036,0.163849717572165,-0.133553096006651));
#1150=CARTESIAN_POINT('',(-0.00434376410653308,0.163664628564519,-0.133676251879861));
#1151=CARTESIAN_POINT('',(-0.0043463642018153,0.16359257233657,-0.133723477264557));
#1152=CARTESIAN_POINT('',(-0.00434832145298199,0.163450815390849,-0.133815063729141));
#1153=CARTESIAN_POINT('',(-0.00434771004341954,0.163381351018348,-0.133859287042749));
#1154=CARTESIAN_POINT('',(-0.00434172798847924,0.163176600810408,-0.13398794644611));
#1155=CARTESIAN_POINT('',(-0.00433215724349097,0.163046063397283,-0.134067650464138));
#1156=CARTESIAN_POINT('',(-0.00429767973909154,0.162722426078205,-0.134261182728436));
#1157=CARTESIAN_POINT('',(-0.00426664664083502,0.162541225740952,-0.13436510745678));
#1158=CARTESIAN_POINT('',(-0.00420293322449956,0.162240041910202,-0.134533627497595));
#1159=CARTESIAN_POINT('',(-0.00417148569628746,0.162115635109502,-0.134601432461333));
#1160=CARTESIAN_POINT('',(-0.00410597645036744,0.161883093032311,-0.134725880090407));
#1161=CARTESIAN_POINT('',(-0.00407190891609674,0.161775195697727,-0.134782366370557));
#1162=CARTESIAN_POINT('',(-0.00398806190159716,0.161529372554024,-0.134908911568323));
#1163=CARTESIAN_POINT('',(-0.00393770812928247,0.161397932376264,-0.134974670410232));
#1164=CARTESIAN_POINT('',(-0.00383748071179683,0.16115446807636,-0.135093862608995));
#1165=CARTESIAN_POINT('',(-0.00378759539338457,0.161042534241668,-0.135147231276034));
#1166=CARTESIAN_POINT('',(-0.00365842425803127,0.16076696144858,-0.135275765034252));
#1167=CARTESIAN_POINT('',(-0.00358081115834897,0.160616130336072,-0.135342991661495));
#1168=CARTESIAN_POINT('',(-0.00343370979214748,0.16034212579471,-0.13546041699771));
#1169=CARTESIAN_POINT('',(-0.00336425544226056,0.160219227598205,-0.135510449077357));
#1170=CARTESIAN_POINT('',(-0.00316667875906823,0.159875520667434,-0.13564372593368));
#1171=CARTESIAN_POINT('',(-0.00305292751374285,0.159685139776084,-0.135707744959267));
#1172=CARTESIAN_POINT('',(-0.00285512116486065,0.159337645173071,-0.135811396175781));
#1173=CARTESIAN_POINT('',(-0.00277084126334889,0.159181048206566,-0.135850691692866));
#1174=CARTESIAN_POINT('',(-0.00261118523668756,0.158857866889243,-0.135924620800274));
#1175=CARTESIAN_POINT('',(-0.00253890710987772,0.158693448236001,-0.135957687287888));
#1176=CARTESIAN_POINT('',(-0.00247396518124084,0.158530917731208,-0.135991408331449));
#1177=CARTESIAN_POINT('',(-0.00414457144475161,0.16745616148538,-0.129524083405508));
#1178=CARTESIAN_POINT('',(-0.00413810605358641,0.167426157570267,-0.129541607959009));
#1179=CARTESIAN_POINT('',(-0.00413113396597866,0.167396962476455,-0.129559180719386));
#1180=CARTESIAN_POINT('',(-0.00408960003102429,0.167238095038298,-0.129657751662603));
#1181=CARTESIAN_POINT('',(-0.00404600528964001,0.167124666563675,-0.129739661714786));
#1182=CARTESIAN_POINT('',(-0.00395048368854909,0.166929393353492,-0.129903932746076));
#1183=CARTESIAN_POINT('',(-0.00389888656561164,0.166847867562188,-0.129985846127012));
#1184=CARTESIAN_POINT('',(-0.00377391760545432,0.166682546872911,-0.130182834461928));
#1185=CARTESIAN_POINT('',(-0.00369981145546349,0.166610925274929,-0.130298497262647));
#1186=CARTESIAN_POINT('',(-0.00356953989515393,0.16650804938734,-0.130518733476214));
#1187=CARTESIAN_POINT('',(-0.0035126846044863,0.166474979747706,-0.130622715434003));
#1188=CARTESIAN_POINT('',(-0.00342822457222687,0.166427612339168,-0.130811469455116));
#1189=CARTESIAN_POINT('',(-0.00339745544243853,0.166411554405913,-0.130896638761507));
#1190=CARTESIAN_POINT('',(-0.00336658136411836,0.166373336060889,-0.131055912889412));
#1191=CARTESIAN_POINT('',(-0.00336272176260063,0.16635239702302,-0.131129684478421));
#1192=CARTESIAN_POINT('',(-0.00338504952177811,0.16628881714003,-0.131272065389197));
#1193=CARTESIAN_POINT('',(-0.00340411215999304,0.166252750337704,-0.131337654979575));
#1194=CARTESIAN_POINT('',(-0.00346197972564789,0.16615781108984,-0.131474548687919));
#1195=CARTESIAN_POINT('',(-0.0034950711532553,0.166106420484083,-0.131540768970127));
#1196=CARTESIAN_POINT('',(-0.0035711852839284,0.165986776470725,-0.13167918734));
#1197=CARTESIAN_POINT('',(-0.00360980228847621,0.165925762755069,-0.13174594764827));
#1198=CARTESIAN_POINT('',(-0.00369500880016382,0.165784509133587,-0.131891913460083));
#1199=CARTESIAN_POINT('',(-0.00373996905465555,0.165707800979312,-0.131968381614814));
#1200=CARTESIAN_POINT('',(-0.00383073094789903,0.165540288207959,-0.132128068931618));
#1201=CARTESIAN_POINT('',(-0.00387424023591657,0.165456144255838,-0.132206221245146));
#1202=CARTESIAN_POINT('',(-0.00395561485726651,0.165282956838945,-0.132361224971323));
#1203=CARTESIAN_POINT('',(-0.00399212822570508,0.165200566443625,-0.132433389756606));
#1204=CARTESIAN_POINT('',(-0.00406695138818263,0.165013497732662,-0.132592179805627));
#1205=CARTESIAN_POINT('',(-0.00410525980866357,0.164909572688242,-0.132678341302673));
#1206=CARTESIAN_POINT('',(-0.00416812804144207,0.164709734460913,-0.132837760470731));
#1207=CARTESIAN_POINT('',(-0.00419270312348561,0.164624441579271,-0.132904492310904));
#1208=CARTESIAN_POINT('',(-0.00423122078127621,0.164470016909579,-0.133021980396135));
#1209=CARTESIAN_POINT('',(-0.00424569219213924,0.164406801239311,-0.133069353606832));
#1210=CARTESIAN_POINT('',(-0.00426961797535871,0.164289131533532,-0.133155899080098));
#1211=CARTESIAN_POINT('',(-0.00427939282381336,0.1642367037255,-0.133193978824831));
#1212=CARTESIAN_POINT('',(-0.00429785425112659,0.16412570545538,-0.133273412664728));
#1213=CARTESIAN_POINT('',(-0.0043064897964665,0.1640673198637,-0.133314623638975));
#1214=CARTESIAN_POINT('',(-0.00432683617041242,0.163906828014693,-0.133426145595159));
#1215=CARTESIAN_POINT('',(-0.00433676453148141,0.163801699265046,-0.13349743211085));
#1216=CARTESIAN_POINT('',(-0.00434708506136786,0.163626228521129,-0.133613319977856));
#1217=CARTESIAN_POINT('',(-0.00434963525421324,0.163557875567892,-0.133657736218757));
#1218=CARTESIAN_POINT('',(-0.00435186942321042,0.163423314876377,-0.133743842243611));
#1219=CARTESIAN_POINT('',(-0.00435158021057884,0.163357332375612,-0.133785402966217));
#1220=CARTESIAN_POINT('',(-0.00434703758796352,0.163162712291687,-0.133906285918115));
#1221=CARTESIAN_POINT('',(-0.0043390582811794,0.16303844856591,-0.133981132062141));
#1222=CARTESIAN_POINT('',(-0.00430975433765989,0.162729948377991,-0.134162864437696));
#1223=CARTESIAN_POINT('',(-0.00428295672499096,0.162556764322286,-0.134260452400293));
#1224=CARTESIAN_POINT('',(-0.00422761261852156,0.162268288979418,-0.134418840125327));
#1225=CARTESIAN_POINT('',(-0.00420018621407497,0.162148876147929,-0.134482625059176));
#1226=CARTESIAN_POINT('',(-0.00414290465395493,0.161925266928502,-0.134599833770886));
#1227=CARTESIAN_POINT('',(-0.00411304360459976,0.161821296662678,-0.134653110112706));
#1228=CARTESIAN_POINT('',(-0.00403940855889586,0.161583983831218,-0.134772653009819));
#1229=CARTESIAN_POINT('',(-0.00399507157902313,0.161456706690777,-0.134834943674926));
#1230=CARTESIAN_POINT('',(-0.00390662313882563,0.161220335555281,-0.134948168013217));
#1231=CARTESIAN_POINT('',(-0.00386250098438426,0.161111327125731,-0.134999040440602));
#1232=CARTESIAN_POINT('',(-0.00374801352626895,0.160842237694456,-0.135121966288375));
#1233=CARTESIAN_POINT('',(-0.00367897195844316,0.160694168225324,-0.135186712782183));
#1234=CARTESIAN_POINT('',(-0.00354766444899511,0.160424009384112,-0.135300494182265));
#1235=CARTESIAN_POINT('',(-0.00348542876101888,0.16030218467756,-0.135349370050072));
#1236=CARTESIAN_POINT('',(-0.0033077524072275,0.159959965861732,-0.135480454112883));
#1237=CARTESIAN_POINT('',(-0.00320453606076921,0.159768216291428,-0.135544755235159));
#1238=CARTESIAN_POINT('',(-0.0030238583101104,0.159415574518806,-0.135650291235256));
#1239=CARTESIAN_POINT('',(-0.00294620173746647,0.159255148769208,-0.135691225386898));
#1240=CARTESIAN_POINT('',(-0.00279840071598922,0.158922133465201,-0.135769212148393));
#1241=CARTESIAN_POINT('',(-0.00273101813781994,0.158751456389773,-0.135804790977971));
#1242=CARTESIAN_POINT('',(-0.00267041095600128,0.158582062679937,-0.135841154770448));
#1243=CARTESIAN_POINT('',(-0.00435009923061318,0.167318760869475,-0.129551647806215));
#1244=CARTESIAN_POINT('',(-0.0043432827899334,0.167285301217118,-0.129570256320242));
#1245=CARTESIAN_POINT('',(-0.00433601488213293,0.167252676429876,-0.129588922584827));
#1246=CARTESIAN_POINT('',(-0.00429312456872742,0.167074766490411,-0.129693658781425));
#1247=CARTESIAN_POINT('',(-0.00424954723403592,0.166946254591992,-0.129780812097584));
#1248=CARTESIAN_POINT('',(-0.00415592069303613,0.166722086003589,-0.129955621497287));
#1249=CARTESIAN_POINT('',(-0.00410618642488308,0.166626819570088,-0.130042800274549));
#1250=CARTESIAN_POINT('',(-0.00398742025893633,0.166429868080145,-0.130252211299789));
#1251=CARTESIAN_POINT('',(-0.00391840934315378,0.16634082305993,-0.130374982839582));
#1252=CARTESIAN_POINT('',(-0.00379940792873686,0.166206831533301,-0.130607652110229));
#1253=CARTESIAN_POINT('',(-0.00374865401941079,0.166159971847371,-0.13071701826319));
#1254=CARTESIAN_POINT('',(-0.00367428129244668,0.166090088547128,-0.130913487911852));
#1255=CARTESIAN_POINT('',(-0.00364771198245885,0.166064845491686,-0.131001318916647));
#1256=CARTESIAN_POINT('',(-0.00362006159731958,0.166013480429128,-0.131162558391233));
#1257=CARTESIAN_POINT('',(-0.00361585545793827,0.165988005097685,-0.131236062944045));
#1258=CARTESIAN_POINT('',(-0.00363048256668688,0.165921198281236,-0.131374697631329));
#1259=CARTESIAN_POINT('',(-0.00364390926183587,0.165885257102306,-0.131437624473882));
#1260=CARTESIAN_POINT('',(-0.00368542381984016,0.165795053191368,-0.13156690418501));
#1261=CARTESIAN_POINT('',(-0.00370930795112532,0.165747203814336,-0.13162887171324));
#1262=CARTESIAN_POINT('',(-0.00376456822717056,0.165637912653445,-0.131757228633768));
#1263=CARTESIAN_POINT('',(-0.00379268696748663,0.165582697713358,-0.131818818008938));
#1264=CARTESIAN_POINT('',(-0.0038550524235779,0.165456052178601,-0.131952702179088));
#1265=CARTESIAN_POINT('',(-0.00388807259230801,0.165387671572367,-0.13202257193623));
#1266=CARTESIAN_POINT('',(-0.0039551416715636,0.165239167952422,-0.132167729966879));
#1267=CARTESIAN_POINT('',(-0.00398742083177441,0.16516480986663,-0.132238548480979));
#1268=CARTESIAN_POINT('',(-0.00404816894592623,0.165012150042893,-0.132378383791871));
#1269=CARTESIAN_POINT('',(-0.00407553965493155,0.164939630391742,-0.132443311935848));
#1270=CARTESIAN_POINT('',(-0.00413195735042067,0.164775082705178,-0.132585653834385));
#1271=CARTESIAN_POINT('',(-0.00416099465955439,0.164683721235266,-0.132662667545832));
#1272=CARTESIAN_POINT('',(-0.00420903613879653,0.164507906116648,-0.132804558326475));
#1273=CARTESIAN_POINT('',(-0.00422791028870819,0.16443283762556,-0.132863821964254));
#1274=CARTESIAN_POINT('',(-0.00425770993699372,0.164296756019754,-0.132967860153241));
#1275=CARTESIAN_POINT('',(-0.00426895999557398,0.164241012240134,-0.13300974321973));
#1276=CARTESIAN_POINT('',(-0.00428767874038087,0.164137137726251,-0.13308611839325));
#1277=CARTESIAN_POINT('',(-0.00429536555903707,0.164090823101897,-0.133119681204377));
#1278=CARTESIAN_POINT('',(-0.00430998160471366,0.163992669142278,-0.133189595770226));
#1279=CARTESIAN_POINT('',(-0.00431687140395416,0.163940992371024,-0.133225820657111));
#1280=CARTESIAN_POINT('',(-0.00433327777021983,0.163798771266312,-0.133323715102014));
#1281=CARTESIAN_POINT('',(-0.00434148584250256,0.163705439524153,-0.133386153459424));
#1282=CARTESIAN_POINT('',(-0.00435047647568102,0.163549281584067,-0.133487455710312));
#1283=CARTESIAN_POINT('',(-0.00435287088402134,0.163488362479468,-0.133526233617451));
#1284=CARTESIAN_POINT('',(-0.00435547505759393,0.163368249708345,-0.133601333577554));
#1285=CARTESIAN_POINT('',(-0.00435570352784443,0.16330925899985,-0.13363754406973));
#1286=CARTESIAN_POINT('',(-0.00435357230688676,0.163134991502755,-0.133742786282405));
#1287=CARTESIAN_POINT('',(-0.00434834882024804,0.163023348274537,-0.133807840623496));
#1288=CARTESIAN_POINT('',(-0.00432811102859258,0.16274535979189,-0.133965713507906));
#1289=CARTESIAN_POINT('',(-0.00430882577666195,0.162588403691359,-0.134050402717589));
#1290=CARTESIAN_POINT('',(-0.0042684174681599,0.162325769303052,-0.134188003330681));
#1291=CARTESIAN_POINT('',(-0.00424819875665652,0.16221655940028,-0.134243472217057));
#1292=CARTESIAN_POINT('',(-0.00420571548206244,0.162011275754241,-0.134345580677862));
#1293=CARTESIAN_POINT('',(-0.00418344504183319,0.16191540425597,-0.134392090972532));
#1294=CARTESIAN_POINT('',(-0.00412829156610738,0.161695720717061,-0.134496719568327));
#1295=CARTESIAN_POINT('',(-0.00409488883150075,0.161577140411329,-0.134551480087689));
#1296=CARTESIAN_POINT('',(-0.00402792907080749,0.161355683482631,-0.134651497992045));
#1297=CARTESIAN_POINT('',(-0.00399436316124405,0.161252882831868,-0.134696701214125));
#1298=CARTESIAN_POINT('',(-0.00390687576098502,0.160997645860259,-0.134806560875688));
#1299=CARTESIAN_POINT('',(-0.00385370659005963,0.16085559018979,-0.13486513280271));
#1300=CARTESIAN_POINT('',(-0.00375184561312191,0.160593913205618,-0.134969194259979));
#1301=CARTESIAN_POINT('',(-0.00370317699305048,0.160474535480857,-0.13501454136022));
#1302=CARTESIAN_POINT('',(-0.00356319184342915,0.160135893243435,-0.135137679874873));
#1303=CARTESIAN_POINT('',(-0.00348036085266298,0.159941377486677,-0.135200363896436));
#1304=CARTESIAN_POINT('',(-0.00333343220544599,0.159577779833724,-0.135305987246015));
#1305=CARTESIAN_POINT('',(-0.0032691944871527,0.15940907417252,-0.13534868883446));
#1306=CARTESIAN_POINT('',(-0.00314585861028766,0.159054770688397,-0.135432164609103));
#1307=CARTESIAN_POINT('',(-0.00308890336182991,0.15887054324237,-0.13547173616796));
#1308=CARTESIAN_POINT('',(-0.00303760302125161,0.158686354286359,-0.135512558286539));
#1309=CARTESIAN_POINT('',(-0.00445198958192975,0.167247943696378,-0.12956139082966));
#1310=CARTESIAN_POINT('',(-0.00444495598011493,0.167212709268442,-0.129580500257916));
#1311=CARTESIAN_POINT('',(-0.00443749601718688,0.167178320328746,-0.129599669711948));
#1312=CARTESIAN_POINT('',(-0.00439366539836574,0.166990599812266,-0.129707232989611));
#1313=CARTESIAN_POINT('',(-0.00434982361044356,0.16685425715555,-0.129796753303292));
#1314=CARTESIAN_POINT('',(-0.00425645711431217,0.166614970172101,-0.129976313058684));
#1315=CARTESIAN_POINT('',(-0.00420724240171326,0.166512454067963,-0.130065861856261));
#1316=CARTESIAN_POINT('',(-0.00409040608796132,0.166298685463192,-0.13028093292551));
#1317=CARTESIAN_POINT('',(-0.00402310211426774,0.166200263843931,-0.130407000819415));
#1318=CARTESIAN_POINT('',(-0.00390786916704408,0.16604938727775,-0.130645735438701));
#1319=CARTESIAN_POINT('',(-0.00385915796931584,0.165994973710263,-0.130757881011019));
#1320=CARTESIAN_POINT('',(-0.00378794356980508,0.165912778260099,-0.130958820527342));
#1321=CARTESIAN_POINT('',(-0.00376259671252073,0.165882522703716,-0.131048447992948));
#1322=CARTESIAN_POINT('',(-0.00373521351337757,0.165824200029286,-0.131211866667365));
#1323=CARTESIAN_POINT('',(-0.00373032885681101,0.165796440872606,-0.131285923437791));
#1324=CARTESIAN_POINT('',(-0.00374071167505092,0.165728479499072,-0.131423952015656));
#1325=CARTESIAN_POINT('',(-0.00375131134054658,0.165692958416458,-0.131486111960784));
#1326=CARTESIAN_POINT('',(-0.00378506855975524,0.165606086715112,-0.131612475618897));
#1327=CARTESIAN_POINT('',(-0.00380467535215444,0.165560535903534,-0.131672665434341));
#1328=CARTESIAN_POINT('',(-0.00385039296440897,0.165457513033673,-0.131796467313183));
#1329=CARTESIAN_POINT('',(-0.00387374435940722,0.165405720344744,-0.131855631133022));
#1330=CARTESIAN_POINT('',(-0.00392579510435502,0.1652874172547,-0.131983669587451));
#1331=CARTESIAN_POINT('',(-0.00395344383759284,0.165223707867647,-0.13205028780286));
#1332=CARTESIAN_POINT('',(-0.00400987870037677,0.165085612830805,-0.132188189597451));
#1333=CARTESIAN_POINT('',(-0.00403712505608097,0.165016543508589,-0.132255318219064));
#1334=CARTESIAN_POINT('',(-0.00408863186599871,0.164874798391095,-0.132387493241762));
#1335=CARTESIAN_POINT('',(-0.0041119071270905,0.164807479447659,-0.132448759214953));
#1336=CARTESIAN_POINT('',(-0.00416007252737225,0.164654673437524,-0.132582777815971));
#1337=CARTESIAN_POINT('',(-0.00418494963869613,0.164569810613781,-0.13265516252793));
#1338=CARTESIAN_POINT('',(-0.00422631914077626,0.164406310800213,-0.132788200457646));
#1339=CARTESIAN_POINT('',(-0.00424262313933185,0.164336460564185,-0.132843695839847));
#1340=CARTESIAN_POINT('',(-0.00426847818256976,0.164209697853215,-0.132940957954896));
#1341=CARTESIAN_POINT('',(-0.00427826702768806,0.164157740767941,-0.132980077337507));
#1342=CARTESIAN_POINT('',(-0.00429461473088147,0.16406084153283,-0.133051337470423));
#1343=CARTESIAN_POINT('',(-0.00430134767320302,0.164017613190875,-0.133082629892361));
#1344=CARTESIAN_POINT('',(-0.00431419871612264,0.163925934813227,-0.133147762397773));
#1345=CARTESIAN_POINT('',(-0.00432028262752705,0.163877636019826,-0.133181483807238));
#1346=CARTESIAN_POINT('',(-0.00433485410877105,0.163744605202897,-0.13327253857247));
#1347=CARTESIAN_POINT('',(-0.00434224139412878,0.163657198096366,-0.133330538710702));
#1348=CARTESIAN_POINT('',(-0.00435054693494381,0.163510734695284,-0.133424523352761));
#1349=CARTESIAN_POINT('',(-0.00435283546121994,0.163453546164308,-0.13346047207055));
#1350=CARTESIAN_POINT('',(-0.00435553272148629,0.163340685058835,-0.133530046407418));
#1351=CARTESIAN_POINT('',(-0.00435595667763331,0.16328520427064,-0.133563569261325));
#1352=CARTESIAN_POINT('',(-0.00435479742569747,0.163121159235499,-0.133660947190832));
#1353=CARTESIAN_POINT('',(-0.00435073832060222,0.163015862816698,-0.133721067607569));
#1354=CARTESIAN_POINT('',(-0.0043343931175757,0.162753248903869,-0.133866880907435));
#1355=CARTESIAN_POINT('',(-0.00431838473793587,0.162604504471865,-0.133945008147363));
#1356=CARTESIAN_POINT('',(-0.00428454290598812,0.162355002532589,-0.134071954011265));
#1357=CARTESIAN_POINT('',(-0.00426751075606424,0.162251001578277,-0.134123126906834));
#1358=CARTESIAN_POINT('',(-0.00423159805901963,0.162055110618552,-0.134217374099403));
#1359=CARTESIAN_POINT('',(-0.0042127117284137,0.161963410800821,-0.134260328323758));
#1360=CARTESIAN_POINT('',(-0.00416582780800264,0.161752846189259,-0.134357045025675));
#1361=CARTESIAN_POINT('',(-0.00413734249039197,0.161638799642453,-0.134407743650153));
#1362=CARTESIAN_POINT('',(-0.00408009234050957,0.16142516366746,-0.134500523146844));
#1363=CARTESIAN_POINT('',(-0.00405131945628205,0.161325645340178,-0.134542553494935));
#1364=CARTESIAN_POINT('',(-0.00397614826601137,0.161077777325231,-0.134644955136459));
#1365=CARTESIAN_POINT('',(-0.00393027982931873,0.160938973713508,-0.134699832802895));
#1366=CARTESIAN_POINT('',(-0.00384207123711125,0.160681932698987,-0.134797818595203));
#1367=CARTESIAN_POINT('',(-0.00379975086338409,0.160563928375683,-0.134840793308255));
#1368=CARTESIAN_POINT('',(-0.00367755609855333,0.160227374362265,-0.134958179539099));
#1369=CARTESIAN_POINT('',(-0.00360457523588964,0.160031460989788,-0.135018964616838));
#1370=CARTESIAN_POINT('',(-0.00347426655434507,0.159662054537587,-0.135122790877306));
#1371=CARTESIAN_POINT('',(-0.00341682414838129,0.159488897764206,-0.135165621363472));
#1372=CARTESIAN_POINT('',(-0.00330609806251517,0.159123140200829,-0.13525052859933));
#1373=CARTESIAN_POINT('',(-0.00325467447281211,0.158931620913472,-0.135291580539809));
#1374=CARTESIAN_POINT('',(-0.00320834612509836,0.158739500038958,-0.135334218215335));
#1375=CARTESIAN_POINT('',(-0.00465345622359953,0.167102469688222,-0.129572744306829));
#1376=CARTESIAN_POINT('',(-0.00464589831535144,0.167063607275644,-0.129592769886779));
#1377=CARTESIAN_POINT('',(-0.004637958641519,0.167025607510107,-0.129612854871314));
#1378=CARTESIAN_POINT('',(-0.00459167903826542,0.166817781477552,-0.12972553927768));
#1379=CARTESIAN_POINT('',(-0.00454671361791447,0.166665293016751,-0.129819262030356));
#1380=CARTESIAN_POINT('',(-0.00445237403660874,0.16639465347154,-0.13000722896018));
#1381=CARTESIAN_POINT('',(-0.00440330525324571,0.166277010343694,-0.130100959049089));
#1382=CARTESIAN_POINT('',(-0.0042877943450582,0.166027966022919,-0.13032615205096));
#1383=CARTESIAN_POINT('',(-0.00422208989449897,0.165909713709697,-0.130458227540836));
#1384=CARTESIAN_POINT('',(-0.00411037526875843,0.165722957175385,-0.13070863617179));
#1385=CARTESIAN_POINT('',(-0.00406358250453653,0.165652406527918,-0.130826431256683));
#1386=CARTESIAN_POINT('',(-0.00399465217366893,0.165543996601108,-0.131037382497925));
#1387=CARTESIAN_POINT('',(-0.00396988120081323,0.165503109213487,-0.131131465157371));
#1388=CARTESIAN_POINT('',(-0.00394022146781082,0.165430416527925,-0.131301547153648));
#1389=CARTESIAN_POINT('',(-0.00393295058379915,0.165398154539709,-0.131378055554563));
#1390=CARTESIAN_POINT('',(-0.00393415823844724,0.165328784626081,-0.131517427135125));
#1391=CARTESIAN_POINT('',(-0.00393917387224548,0.165294749716237,-0.131579212457228));
#1392=CARTESIAN_POINT('',(-0.00395850561483663,0.16521620082049,-0.131701629250127));
#1393=CARTESIAN_POINT('',(-0.00397035053108969,0.165176136047631,-0.131759022384285));
#1394=CARTESIAN_POINT('',(-0.0039990394814005,0.165087450757625,-0.131874800388067));
#1395=CARTESIAN_POINT('',(-0.00401395713506677,0.165043354615623,-0.131929499671527));
#1396=CARTESIAN_POINT('',(-0.00404785544831844,0.164943406806073,-0.1320463715847));
#1397=CARTESIAN_POINT('',(-0.0040660852063801,0.164889847635251,-0.132106648682215));
#1398=CARTESIAN_POINT('',(-0.0041038908439245,0.164773992658875,-0.132230171866576));
#1399=CARTESIAN_POINT('',(-0.00412232630460867,0.164716118236006,-0.132289925340425));
#1400=CARTESIAN_POINT('',(-0.00415763365507659,0.164597208186237,-0.132406707127516));
#1401=CARTESIAN_POINT('',(-0.00417372347334696,0.164540697381936,-0.132460592169773));
#1402=CARTESIAN_POINT('',(-0.00420737599739679,0.164412106529048,-0.132577818010094));
#1403=CARTESIAN_POINT('',(-0.00422492089631273,0.164340567761411,-0.132640855815677));
#1404=CARTESIAN_POINT('',(-0.00425447660513859,0.164202152262411,-0.132756036152924));
#1405=CARTESIAN_POINT('',(-0.00426621603902717,0.164142895834208,-0.132803934326609));
#1406=CARTESIAN_POINT('',(-0.00428502980253448,0.164034988205097,-0.13288755115301));
#1407=CARTESIAN_POINT('',(-0.00429220122686022,0.163990678996462,-0.132921108686869));
#1408=CARTESIAN_POINT('',(-0.00430428043143878,0.163907844035646,-0.132982083099749));
#1409=CARTESIAN_POINT('',(-0.00430928895613299,0.163870831613992,-0.133008812464429));
#1410=CARTESIAN_POINT('',(-0.00431893048415736,0.163792182413666,-0.13306433939117));
#1411=CARTESIAN_POINT('',(-0.00432353863028772,0.16375067398916,-0.133093034797173));
#1412=CARTESIAN_POINT('',(-0.00433471486284907,0.163636104322057,-0.133170364703738));
#1413=CARTESIAN_POINT('',(-0.00434054082596477,0.163560585302296,-0.133219465634388));
#1414=CARTESIAN_POINT('',(-0.00434743721802143,0.163433569323772,-0.133298780965541));
#1415=CARTESIAN_POINT('',(-0.00434945821304168,0.163383863272502,-0.133329058815415));
#1416=CARTESIAN_POINT('',(-0.00435215762448778,0.163285549541479,-0.133387555500322));
#1417=CARTESIAN_POINT('',(-0.00435284544066073,0.163237111242816,-0.133415689186827));
#1418=CARTESIAN_POINT('',(-0.00435316030040969,0.163093586143544,-0.13349729009714));
#1419=CARTESIAN_POINT('',(-0.00435099973068974,0.163001043235518,-0.133547500832396));
#1420=CARTESIAN_POINT('',(-0.00434114404175011,0.16276937111524,-0.13366904285923));
#1421=CARTESIAN_POINT('',(-0.00433071471225217,0.162637206906272,-0.133733906314341));
#1422=CARTESIAN_POINT('',(-0.00430815725635317,0.162414305759332,-0.133839196160778));
#1423=CARTESIAN_POINT('',(-0.00429663702641998,0.162320891689485,-0.133881587753942));
#1424=CARTESIAN_POINT('',(-0.00427214292361011,0.16214414505696,-0.133959672416949));
#1425=CARTESIAN_POINT('',(-0.00425916365431914,0.162060978389362,-0.133995264026872));
#1426=CARTESIAN_POINT('',(-0.00422676881185827,0.161869121188955,-0.134075484800052));
#1427=CARTESIAN_POINT('',(-0.00420694429142208,0.16176442602086,-0.134117610151412));
#1428=CARTESIAN_POINT('',(-0.00416687666920925,0.161566984958731,-0.13419493033248));
#1429=CARTESIAN_POINT('',(-0.00414662708752639,0.16147430030978,-0.134230082084045));
#1430=CARTESIAN_POINT('',(-0.00409346086516517,0.161241831643008,-0.134316087253772));
#1431=CARTESIAN_POINT('',(-0.00406074583153554,0.161109891716795,-0.134362581445018));
#1432=CARTESIAN_POINT('',(-0.00399734018439879,0.160862686028692,-0.134446383569434));
#1433=CARTESIAN_POINT('',(-0.00396666311253478,0.160747632387582,-0.134483577448044));
#1434=CARTESIAN_POINT('',(-0.00387740453820397,0.160415624613225,-0.134586378416343));
#1435=CARTESIAN_POINT('',(-0.00382311336713328,0.160216818251985,-0.134641409948289));
#1436=CARTESIAN_POINT('',(-0.00372499905190867,0.159835128654468,-0.134738259200784));
#1437=CARTESIAN_POINT('',(-0.00368110560637738,0.15965251016175,-0.134779913423579));
#1438=CARTESIAN_POINT('',(-0.00359598373586144,0.15926243613646,-0.134865131560388));
#1439=CARTESIAN_POINT('',(-0.00355611445405938,0.15905545883906,-0.1349080989284));
#1440=CARTESIAN_POINT('',(-0.00352024148179747,0.158846582187222,-0.134953512272411));
#1441=CARTESIAN_POINT('',(-0.00475303240983424,0.167027812928344,-0.129574354754686));
#1442=CARTESIAN_POINT('',(-0.00474516735364809,0.16698709731068,-0.129594795571464));
#1443=CARTESIAN_POINT('',(-0.00473694002115014,0.166947250876062,-0.129615292896363));
#1444=CARTESIAN_POINT('',(-0.00468915172124294,0.166729129930644,-0.129730271346139));
#1445=CARTESIAN_POINT('',(-0.0046433271016774,0.166568326453484,-0.129825829535474));
#1446=CARTESIAN_POINT('',(-0.00454775433570445,0.166281452827249,-0.130017453269018));
#1447=CARTESIAN_POINT('',(-0.00449831189158382,0.166155932402313,-0.130112994618796));
#1448=CARTESIAN_POINT('',(-0.00438219643146878,0.165888429662207,-0.130342649474176));
#1449=CARTESIAN_POINT('',(-0.00431638448090435,0.165759723401054,-0.130477436176274));
#1450=CARTESIAN_POINT('',(-0.00420441951246924,0.165553972320847,-0.13073345338625));
#1451=CARTESIAN_POINT('',(-0.00415750235588139,0.16547483870614,-0.130854118511078));
#1452=CARTESIAN_POINT('',(-0.00408769755173208,0.165352526916553,-0.131070611494484));
#1453=CARTESIAN_POINT('',(-0.00406227991019836,0.165306020427758,-0.131167352826772));
#1454=CARTESIAN_POINT('',(-0.00403007634365653,0.16522591565697,-0.13134191885625));
#1455=CARTESIAN_POINT('',(-0.00402109772827302,0.165191434759327,-0.131420326639163));
#1456=CARTESIAN_POINT('',(-0.00401737458755216,0.165121810820769,-0.13156164733574));
#1457=CARTESIAN_POINT('',(-0.00401963329111274,0.16508884189856,-0.131623824953609));
#1458=CARTESIAN_POINT('',(-0.00403229708803664,0.16501528329783,-0.131745211014238));
#1459=CARTESIAN_POINT('',(-0.00404065757142966,0.164978405820457,-0.131801585228452));
#1460=CARTESIAN_POINT('',(-0.00406186071839215,0.164897789456786,-0.13191389449737));
#1461=CARTESIAN_POINT('',(-0.00407311206311962,0.164857967438891,-0.131966554846221));
#1462=CARTESIAN_POINT('',(-0.00409917280675268,0.164768032145694,-0.132078106017342));
#1463=CARTESIAN_POINT('',(-0.00411335509013735,0.164719951824481,-0.132135293575953));
#1464=CARTESIAN_POINT('',(-0.00414316581517447,0.164615928088831,-0.132251694441771));
#1465=CARTESIAN_POINT('',(-0.00415782322065252,0.164563959707321,-0.132307762680896));
#1466=CARTESIAN_POINT('',(-0.00418617246309064,0.164456969881588,-0.132416811547179));
#1467=CARTESIAN_POINT('',(-0.00419917230206577,0.164406066458658,-0.132466977837719));
#1468=CARTESIAN_POINT('',(-0.0042265642680564,0.164289949006304,-0.13257573422613));
#1469=CARTESIAN_POINT('',(-0.00424093715992552,0.164225235617956,-0.132634054127781));
#1470=CARTESIAN_POINT('',(-0.00426535106068014,0.164099589091862,-0.132740229725473));
#1471=CARTESIAN_POINT('',(-0.00427509608335087,0.164045708205388,-0.132784298946323));
#1472=CARTESIAN_POINT('',(-0.00429081317447631,0.163947336749807,-0.132861046557666));
#1473=CARTESIAN_POINT('',(-0.00429682839209789,0.163906888719318,-0.1328918059264));
#1474=CARTESIAN_POINT('',(-0.00430701014047752,0.163831142748248,-0.132947609659386));
#1475=CARTESIAN_POINT('',(-0.00431124812412976,0.163797259962491,-0.132972046355797));
#1476=CARTESIAN_POINT('',(-0.00431944514040319,0.163725164354192,-0.133022749763972));
#1477=CARTESIAN_POINT('',(-0.00432338340923081,0.163687068319423,-0.133048922643805));
#1478=CARTESIAN_POINT('',(-0.00433299927840041,0.163581769511618,-0.133119367371271));
#1479=CARTESIAN_POINT('',(-0.00433808470627939,0.163512213942022,-0.133164007313686));
#1480=CARTESIAN_POINT('',(-0.00434425704203341,0.163394950845945,-0.133235970943852));
#1481=CARTESIAN_POINT('',(-0.00434611638788637,0.163348996700456,-0.133263407115779));
#1482=CARTESIAN_POINT('',(-0.00434872486384348,0.163257978677688,-0.13331635177375));
#1483=CARTESIAN_POINT('',(-0.00434948105414656,0.163213072948018,-0.133341783932284));
#1484=CARTESIAN_POINT('',(-0.00435029805648825,0.163079845321786,-0.133415472111178));
#1485=CARTESIAN_POINT('',(-0.00434887164046216,0.162993709114309,-0.133460707093898));
#1486=CARTESIAN_POINT('',(-0.00434161287579509,0.162777604212369,-0.133570037450199));
#1487=CARTESIAN_POINT('',(-0.00433348572254017,0.16265380855269,-0.133628199107777));
#1488=CARTESIAN_POINT('',(-0.00431564615869247,0.162444375730866,-0.133722487733501));
#1489=CARTESIAN_POINT('',(-0.00430645128210465,0.162356339585608,-0.133760394042254));
#1490=CARTESIAN_POINT('',(-0.00428680518064593,0.162189344563534,-0.133830177510595));
#1491=CARTESIAN_POINT('',(-0.00427634885277034,0.162110539346519,-0.133861962615849));
#1492=CARTESIAN_POINT('',(-0.00425017349997238,0.161928270574503,-0.133933599464205));
#1493=CARTESIAN_POINT('',(-0.00423409233352973,0.161828392985766,-0.133971213514114));
#1494=CARTESIAN_POINT('',(-0.00420149756012751,0.161639325789036,-0.134040312960731));
#1495=CARTESIAN_POINT('',(-0.00418497821378891,0.16155019244166,-0.134071759086418));
#1496=CARTESIAN_POINT('',(-0.00414150061911294,0.161325754015765,-0.134148826076707));
#1497=CARTESIAN_POINT('',(-0.0041146381529341,0.161197425612622,-0.134190631239996));
#1498=CARTESIAN_POINT('',(-0.00406238283656285,0.160955419079309,-0.134266325737247));
#1499=CARTESIAN_POINT('',(-0.0040370006924562,0.160841942621022,-0.134300111357247));
#1500=CARTESIAN_POINT('',(-0.00396288752539398,0.160512392602342,-0.134394079883643));
#1501=CARTESIAN_POINT('',(-0.00391743564152653,0.160312090751253,-0.134445257117431));
#1502=CARTESIAN_POINT('',(-0.00383489525700485,0.159923926717233,-0.13453692688433));
#1503=CARTESIAN_POINT('',(-0.00379775526454533,0.159736297639863,-0.134577276079412));
#1504=CARTESIAN_POINT('',(-0.00372562748577463,0.159333361367638,-0.134661373820911));
#1505=CARTESIAN_POINT('',(-0.00369178072598809,0.159118218024734,-0.134704776251749));
#1506=CARTESIAN_POINT('',(-0.00366139102789576,0.158900517653576,-0.134751149704622));
#1507=CARTESIAN_POINT('',(-0.00494931641274151,0.166875075331034,-0.129569434107467));
#1508=CARTESIAN_POINT('',(-0.00494074104044552,0.16683059099297,-0.129590617284063));
#1509=CARTESIAN_POINT('',(-0.00493183621796021,0.166786985593517,-0.129611845915243));
#1510=CARTESIAN_POINT('',(-0.00488042255217273,0.16654788961983,-0.129730864681198));
#1511=CARTESIAN_POINT('',(-0.00483224164937277,0.166370071032635,-0.12982954776917));
#1512=CARTESIAN_POINT('',(-0.00473260702911301,0.166049853827558,-0.130027355134305));
#1513=CARTESIAN_POINT('',(-0.00468146523379989,0.165908091408913,-0.130125938389615));
#1514=CARTESIAN_POINT('',(-0.00456145045722972,0.165602420401292,-0.130363253859357));
#1515=CARTESIAN_POINT('',(-0.00449350520579295,0.165452002552603,-0.130502829415977));
#1516=CARTESIAN_POINT('',(-0.00437681322420547,0.16520674767227,-0.130769487465127));
#1517=CARTESIAN_POINT('',(-0.00432737681747614,0.165109735872316,-0.130895913539497));
#1518=CARTESIAN_POINT('',(-0.00425162698260503,0.16495859972608,-0.131124416639718));
#1519=CARTESIAN_POINT('',(-0.00422298259797412,0.164900504185732,-0.131227263531783));
#1520=CARTESIAN_POINT('',(-0.00418283343457951,0.164805458196619,-0.131412983053915));
#1521=CARTESIAN_POINT('',(-0.00416941824553799,0.164766703671259,-0.131496489077016));
#1522=CARTESIAN_POINT('',(-0.00415525580424165,0.164697435262137,-0.131644235777416));
#1523=CARTESIAN_POINT('',(-0.00415214890237681,0.164667158815419,-0.131708364218049));
#1524=CARTESIAN_POINT('',(-0.00415276881295193,0.164604924690991,-0.131829641371392));
#1525=CARTESIAN_POINT('',(-0.00415506246354043,0.164575120213612,-0.131884784079694));
#1526=CARTESIAN_POINT('',(-0.0041635700646973,0.164512015688257,-0.131991359340286));
#1527=CARTESIAN_POINT('',(-0.00416869294490641,0.164481380331151,-0.132040389758388));
#1528=CARTESIAN_POINT('',(-0.0041817532785445,0.164412698561908,-0.132141953195112));
#1529=CARTESIAN_POINT('',(-0.00418925827671226,0.164376160900068,-0.132193189331689));
#1530=CARTESIAN_POINT('',(-0.00420587680338956,0.16429681312674,-0.132295596940566));
#1531=CARTESIAN_POINT('',(-0.00421429911023687,0.164257090567316,-0.132344350921112));
#1532=CARTESIAN_POINT('',(-0.00423111739266153,0.16417463748375,-0.132437942931539));
#1533=CARTESIAN_POINT('',(-0.00423898200387969,0.164135226945818,-0.132480647303579));
#1534=CARTESIAN_POINT('',(-0.00425591083038285,0.164044550297775,-0.132572372903425));
#1535=CARTESIAN_POINT('',(-0.00426495511044905,0.163993704809803,-0.132621190333633));
#1536=CARTESIAN_POINT('',(-0.00428064974353703,0.163893893040878,-0.132709231218063));
#1537=CARTESIAN_POINT('',(-0.00428699251763096,0.163850864810216,-0.132745589856187));
#1538=CARTESIAN_POINT('',(-0.00429737782055848,0.163771704479436,-0.132808515533528));
#1539=CARTESIAN_POINT('',(-0.00430138993386764,0.163739025958449,-0.132833647003454));
#1540=CARTESIAN_POINT('',(-0.00430825644109756,0.163677529588238,-0.132879058124145));
#1541=CARTESIAN_POINT('',(-0.00431113882708894,0.163649933251487,-0.132898888858411));
#1542=CARTESIAN_POINT('',(-0.00431677091984458,0.163590993748729,-0.132939907308591));
#1543=CARTESIAN_POINT('',(-0.00431950689302456,0.16355974408625,-0.132961017966363));
#1544=CARTESIAN_POINT('',(-0.00432627968487203,0.163473038103912,-0.133017653314677));
#1545=CARTESIAN_POINT('',(-0.00432996552969406,0.163415434722403,-0.133053354072183));
#1546=CARTESIAN_POINT('',(-0.00433465225812004,0.163317717692581,-0.133110595780935));
#1547=CARTESIAN_POINT('',(-0.00433613296372462,0.16327928268541,-0.133132343684853));
#1548=CARTESIAN_POINT('',(-0.00433837610317695,0.163202888666752,-0.133174176706514));
#1549=CARTESIAN_POINT('',(-0.00433914206073951,0.163165065276595,-0.133194203098815));
#1550=CARTESIAN_POINT('',(-0.00434049328548138,0.163052490100064,-0.133252056840113));
#1551=CARTESIAN_POINT('',(-0.00434010391928165,0.162979213780283,-0.133287332804587));
#1552=CARTESIAN_POINT('',(-0.00433673644899514,0.162794390424872,-0.133372195842874));
#1553=CARTESIAN_POINT('',(-0.00433223006443203,0.162687449453422,-0.133416900039549));
#1554=CARTESIAN_POINT('',(-0.00432194946877566,0.162505198737806,-0.133489017863382));
#1555=CARTESIAN_POINT('',(-0.00431652695088292,0.162428040028893,-0.133517852350448));
#1556=CARTESIAN_POINT('',(-0.00430481072728071,0.162280802755197,-0.133570779767432));
#1557=CARTESIAN_POINT('',(-0.00429851272480522,0.162210853262518,-0.133594799593368));
#1558=CARTESIAN_POINT('',(-0.00428265159967238,0.162048085818666,-0.133648841670913));
#1559=CARTESIAN_POINT('',(-0.00427283019624772,0.161958036147182,-0.133677133779384));
#1560=CARTESIAN_POINT('',(-0.00425282362573476,0.161786085440655,-0.133729112023809));
#1561=CARTESIAN_POINT('',(-0.00424263414939478,0.161704230626918,-0.133752766643739));
#1562=CARTESIAN_POINT('',(-0.00421571315252186,0.161496275720799,-0.133810873302591));
#1563=CARTESIAN_POINT('',(-0.00419897335962869,0.161375389779708,-0.133842544920353));
#1564=CARTESIAN_POINT('',(-0.00416623808533904,0.161144101186225,-0.133900436577574));
#1565=CARTESIAN_POINT('',(-0.00415024845245166,0.161033879403497,-0.133926574739454));
#1566=CARTESIAN_POINT('',(-0.0041033514640956,0.160709366752025,-0.134000354549522));
#1567=CARTESIAN_POINT('',(-0.004074293382381,0.160505903232812,-0.134042147366159));
#1568=CARTESIAN_POINT('',(-0.00402138335359725,0.16010412768742,-0.13412046897657));
#1569=CARTESIAN_POINT('',(-0.00399750922573926,0.159905991255828,-0.134156890008238));
#1570=CARTESIAN_POINT('',(-0.00395139312886544,0.159476163553335,-0.134236338189137));
#1571=CARTESIAN_POINT('',(-0.00392992941269898,0.159243992724008,-0.134279578594219));
#1572=CARTESIAN_POINT('',(-0.00391088221863373,0.159007950145696,-0.134327009828406));
#1573=CARTESIAN_POINT('',(-0.00504602412797397,0.166796994572536,-0.129562903014934));
#1574=CARTESIAN_POINT('',(-0.00503704558503737,0.166750594723315,-0.129584413314207));
#1575=CARTESIAN_POINT('',(-0.00502775092853302,0.166705077032607,-0.129605960910971));
#1576=CARTESIAN_POINT('',(-0.00497422057709466,0.166455300970936,-0.129726725947676));
#1577=CARTESIAN_POINT('',(-0.00492454257175062,0.166268782320949,-0.129826698495403));
#1578=CARTESIAN_POINT('',(-0.00482207923268252,0.165931455708423,-0.130027032680988));
#1579=CARTESIAN_POINT('',(-0.00476961171640731,0.165781328652345,-0.130126846575816));
#1580=CARTESIAN_POINT('',(-0.00464630208539476,0.165455947989663,-0.130367360787003));
#1581=CARTESIAN_POINT('',(-0.00457633096606698,0.165294272658039,-0.130509013968828));
#1582=CARTESIAN_POINT('',(-0.00445516216298405,0.165028508933422,-0.130780704221477));
#1583=CARTESIAN_POINT('',(-0.00440333081552705,0.164922202163957,-0.13091002116681));
#1584=CARTESIAN_POINT('',(-0.00432251028161809,0.164756144022452,-0.131144992543931));
#1585=CARTESIAN_POINT('',(-0.00429128576212687,0.16469207877789,-0.131251286266338));
#1586=CARTESIAN_POINT('',(-0.00424573478260837,0.164589503988932,-0.131443675147557));
#1587=CARTESIAN_POINT('',(-0.00422959075204704,0.164548694845465,-0.131530379984953));
#1588=CARTESIAN_POINT('',(-0.00420991988365439,0.164480035935416,-0.131682603546083));
#1589=CARTESIAN_POINT('',(-0.00420420436571281,0.164451385875617,-0.131748290519403));
#1590=CARTESIAN_POINT('',(-0.00419944848007523,0.164395485601744,-0.131870489553707));
#1591=CARTESIAN_POINT('',(-0.00419915980624079,0.164369566635621,-0.131925419715635));
#1592=CARTESIAN_POINT('',(-0.00420245780279017,0.164315904633165,-0.132029729790576));
#1593=CARTESIAN_POINT('',(-0.00420511858813995,0.164290181629912,-0.132077169255992));
#1594=CARTESIAN_POINT('',(-0.00421301618584011,0.164232740530918,-0.132174065780912));
#1595=CARTESIAN_POINT('',(-0.00421789141810052,0.164202266524315,-0.13222244007131));
#1596=CARTESIAN_POINT('',(-0.00422931272473335,0.164135763226288,-0.132317976797786));
#1597=CARTESIAN_POINT('',(-0.00423527801217392,0.164102380349973,-0.132363101775496));
#1598=CARTESIAN_POINT('',(-0.0042475234745616,0.164032543643121,-0.132448969878313));
#1599=CARTESIAN_POINT('',(-0.00425334284782416,0.163999018557577,-0.132487931092365));
#1600=CARTESIAN_POINT('',(-0.00426606910823616,0.163921309231388,-0.13257109536741));
#1601=CARTESIAN_POINT('',(-0.00427295678851269,0.163877506233381,-0.132615128233291));
#1602=CARTESIAN_POINT('',(-0.00428507396718161,0.163790760211631,-0.13269403914626));
#1603=CARTESIAN_POINT('',(-0.00429000890523117,0.163753209083904,-0.132726516154668));
#1604=CARTESIAN_POINT('',(-0.00429815909374948,0.163683723690782,-0.1327824891128));
#1605=CARTESIAN_POINT('',(-0.00430132430982014,0.163654953496972,-0.132804790848816));
#1606=CARTESIAN_POINT('',(-0.00430677303256056,0.163600617732056,-0.132844980036676));
#1607=CARTESIAN_POINT('',(-0.00430907036207189,0.163576178206395,-0.132862497476876));
#1608=CARTESIAN_POINT('',(-0.00431358204327159,0.163523841213809,-0.132898654487312));
#1609=CARTESIAN_POINT('',(-0.00431578559817801,0.163496025532573,-0.13291722544907));
#1610=CARTESIAN_POINT('',(-0.00432127567624312,0.163418641513645,-0.132966936597242));
#1611=CARTESIAN_POINT('',(-0.0043243024732975,0.163367026869077,-0.132998159158246));
#1612=CARTESIAN_POINT('',(-0.00432822765080419,0.163279103021952,-0.133048030647665));
#1613=CARTESIAN_POINT('',(-0.0043294913653724,0.163244435247011,-0.133066931962139));
#1614=CARTESIAN_POINT('',(-0.00433146010391006,0.163175369523658,-0.133103205376215));
#1615=CARTESIAN_POINT('',(-0.00433216745465809,0.16314109590378,-0.133120527531416));
#1616=CARTESIAN_POINT('',(-0.00433355075937785,0.163038875703022,-0.13317045957114));
#1617=CARTESIAN_POINT('',(-0.00433346428943266,0.162972052569562,-0.133200752274496));
#1618=CARTESIAN_POINT('',(-0.00433139118924244,0.162802943537861,-0.133273359683277));
#1619=CARTESIAN_POINT('',(-0.004328203396777,0.162704488700029,-0.133311308234142));
#1620=CARTESIAN_POINT('',(-0.00432076387396404,0.162535951746877,-0.133372256524634));
#1621=CARTESIAN_POINT('',(-0.00431678835891975,0.162464292538012,-0.133396504501821));
#1622=CARTESIAN_POINT('',(-0.00430815400345205,0.16232706137093,-0.133440877129532));
#1623=CARTESIAN_POINT('',(-0.00430349137908476,0.162261606132406,-0.133460938220821));
#1624=CARTESIAN_POINT('',(-0.00429172497220764,0.162108751531034,-0.133505969564426));
#1625=CARTESIAN_POINT('',(-0.0042844199615575,0.162023712155534,-0.133529451111446));
#1626=CARTESIAN_POINT('',(-0.00426952870131746,0.16186050397626,-0.133572529066843));
#1627=CARTESIAN_POINT('',(-0.00426193883206872,0.161782376339009,-0.133592097907016));
#1628=CARTESIAN_POINT('',(-0.00424188571752585,0.161582874554237,-0.133640182698035));
#1629=CARTESIAN_POINT('',(-0.00422941596030566,0.161465819443272,-0.133666409995079));
#1630=CARTESIAN_POINT('',(-0.00420505023372933,0.161240049422445,-0.133714606841065));
#1631=CARTESIAN_POINT('',(-0.00419315809115616,0.161131505029339,-0.133736506007695));
#1632=CARTESIAN_POINT('',(-0.00415833157638562,0.160809571716767,-0.133798930132597));
#1633=CARTESIAN_POINT('',(-0.00413682779277202,0.160604441897626,-0.133835193175503));
#1634=CARTESIAN_POINT('',(-0.00409797380094611,0.160195529188782,-0.133905346623531));
#1635=CARTESIAN_POINT('',(-0.00408061191295588,0.159991896016428,-0.133939144686437));
#1636=CARTESIAN_POINT('',(-0.00404751309820061,0.159548039285585,-0.13401506392426));
#1637=CARTESIAN_POINT('',(-0.00403240977490265,0.159307007151995,-0.134057707279503));
#1638=CARTESIAN_POINT('',(-0.00401922169808972,0.159061446239108,-0.134105236200848));
#1639=CARTESIAN_POINT('',(-0.00523603284749153,0.166637843623037,-0.129541735634856));
#1640=CARTESIAN_POINT('',(-0.00522614666460109,0.16658756717774,-0.12956381075237));
#1641=CARTESIAN_POINT('',(-0.00521596442397104,0.166538176835466,-0.129585901594284));
#1642=CARTESIAN_POINT('',(-0.00515755822084628,0.166266758568948,-0.129709603976219));
#1643=CARTESIAN_POINT('',(-0.00510421084222867,0.166062558369992,-0.129811603039021));
#1644=CARTESIAN_POINT('',(-0.00499440984349836,0.165690389790767,-0.130015844273846));
#1645=CARTESIAN_POINT('',(-0.00493829165016581,0.165523193775232,-0.130117528751175));
#1646=CARTESIAN_POINT('',(-0.00480558465129224,0.165157554575714,-0.130363143951078));
#1647=CARTESIAN_POINT('',(-0.00472957104020758,0.164972851081406,-0.130508291765366));
#1648=CARTESIAN_POINT('',(-0.00459509795057437,0.164665188156688,-0.130789387500243));
#1649=CARTESIAN_POINT('',(-0.00453615358998194,0.164539917297829,-0.130924452934785));
#1650=CARTESIAN_POINT('',(-0.00444093643790007,0.16434360007773,-0.131173152363926));
#1651=CARTESIAN_POINT('',(-0.00440260627753719,0.164267515921113,-0.131287050677568));
#1652=CARTESIAN_POINT('',(-0.00434342412417074,0.164150117930267,-0.131494815838679));
#1653=CARTESIAN_POINT('',(-0.00432083655264453,0.164105463162447,-0.131589147777831));
#1654=CARTESIAN_POINT('',(-0.00428968502249253,0.164038831603504,-0.131752776994027));
#1655=CARTESIAN_POINT('',(-0.00427896670272546,0.164013895451716,-0.131822730683171));
#1656=CARTESIAN_POINT('',(-0.00426490043030097,0.163971658494316,-0.131948755070196));
#1657=CARTESIAN_POINT('',(-0.00426042445077699,0.163954000855247,-0.132004098797557));
#1658=CARTESIAN_POINT('',(-0.00425572445098835,0.16392013855313,-0.132105178609424));
#1659=CARTESIAN_POINT('',(-0.00425473178584805,0.163904650733596,-0.132149938635576));
#1660=CARTESIAN_POINT('',(-0.00425510453119658,0.163870452544839,-0.132238275489714));
#1661=CARTESIAN_POINT('',(-0.00425619693440426,0.16385245710099,-0.132281217283205));
#1662=CARTESIAN_POINT('',(-0.0042601207522286,0.163812230232999,-0.13236337982733));
#1663=CARTESIAN_POINT('',(-0.00426253442926233,0.163791770550484,-0.132401354870535));
#1664=CARTESIAN_POINT('',(-0.00426808315874656,0.163747544785896,-0.132471867069309));
#1665=CARTESIAN_POINT('',(-0.00427088121974381,0.163725937090042,-0.132503350515339));
#1666=CARTESIAN_POINT('',(-0.0042773013758749,0.163674413924277,-0.132569356170698));
#1667=CARTESIAN_POINT('',(-0.00428090802142541,0.163644801745494,-0.132603776328412));
#1668=CARTESIAN_POINT('',(-0.00428745543292615,0.163584325218319,-0.132664329886407));
#1669=CARTESIAN_POINT('',(-0.00429016777887551,0.163557773594667,-0.132688999383341));
#1670=CARTESIAN_POINT('',(-0.00429471735456455,0.163507697692807,-0.132730993572114));
#1671=CARTESIAN_POINT('',(-0.00429650059369874,0.163486763780308,-0.132747607361833));
#1672=CARTESIAN_POINT('',(-0.00429959694130688,0.163446778490929,-0.13277730607585));
#1673=CARTESIAN_POINT('',(-0.0043009108765616,0.163428663498046,-0.132790178049319));
#1674=CARTESIAN_POINT('',(-0.00430350792876547,0.16338955121015,-0.13281657795465));
#1675=CARTESIAN_POINT('',(-0.00430478495973393,0.163368612207415,-0.1328300542976));
#1676=CARTESIAN_POINT('',(-0.00430798922513274,0.163309893632445,-0.132865884635693));
#1677=CARTESIAN_POINT('',(-0.0043097803468037,0.163270268173552,-0.132888139200516));
#1678=CARTESIAN_POINT('',(-0.0043121465392463,0.163201952871927,-0.132923267336215));
#1679=CARTESIAN_POINT('',(-0.00431292156671404,0.163174828852727,-0.132936478138327));
#1680=CARTESIAN_POINT('',(-0.0043141593404874,0.163120440781695,-0.132961643567419));
#1681=CARTESIAN_POINT('',(-0.00431462315807309,0.16309327841614,-0.13297356570684));
#1682=CARTESIAN_POINT('',(-0.00431560244897331,0.163011808007208,-0.133007684803216));
#1683=CARTESIAN_POINT('',(-0.00431569162596431,0.162957924177733,-0.133028037750354));
#1684=CARTESIAN_POINT('',(-0.00431490564105724,0.162820344740378,-0.133076198028262));
#1685=CARTESIAN_POINT('',(-0.00431336978368889,0.162738939831053,-0.133100667477814));
#1686=CARTESIAN_POINT('',(-0.00430972502948343,0.162597983619452,-0.1331392872649));
#1687=CARTESIAN_POINT('',(-0.0043077576446814,0.162537396546995,-0.133154349618833));
#1688=CARTESIAN_POINT('',(-0.00430349960345712,0.162420325096917,-0.133181547231493));
#1689=CARTESIAN_POINT('',(-0.00430120641870653,0.162363932678914,-0.133193638101172));
#1690=CARTESIAN_POINT('',(-0.00429546371573514,0.162231078868236,-0.133220470600206));
#1691=CARTESIAN_POINT('',(-0.00429193406412034,0.162156158774817,-0.133234185333046));
#1692=CARTESIAN_POINT('',(-0.00428484342798576,0.162010613664651,-0.133259095005204));
#1693=CARTESIAN_POINT('',(-0.00428128017571539,0.161940019682209,-0.133270270385769));
#1694=CARTESIAN_POINT('',(-0.00427201919047442,0.16175759931855,-0.133297642087079));
#1695=CARTESIAN_POINT('',(-0.0042664182287381,0.16164827911958,-0.133312479068879));
#1696=CARTESIAN_POINT('',(-0.00425581994555882,0.161433611662891,-0.133340176785034));
#1697=CARTESIAN_POINT('',(-0.0042508233909024,0.161328414367533,-0.133352991063248));
#1698=CARTESIAN_POINT('',(-0.00423674867611403,0.161011504282412,-0.133390797497994));
#1699=CARTESIAN_POINT('',(-0.00422885384676777,0.160802797833294,-0.133414649439599));
#1700=CARTESIAN_POINT('',(-0.00421620093025483,0.160378960681993,-0.133465951098806));
#1701=CARTESIAN_POINT('',(-0.00421144310699996,0.160163930843536,-0.133493336721662));
#1702=CARTESIAN_POINT('',(-0.0042040602290964,0.159691115580258,-0.133559995702074));
#1703=CARTESIAN_POINT('',(-0.00420185880216949,0.159431860199008,-0.133600451717423));
#1704=CARTESIAN_POINT('',(-0.00420062333128089,0.159166780892366,-0.133647327686746));
#1705=CARTESIAN_POINT('',(-0.0053293337535796,0.166556773514285,-0.129527099358249));
#1706=CARTESIAN_POINT('',(-0.00531894309909976,0.166504535988373,-0.129549412171343));
#1707=CARTESIAN_POINT('',(-0.00530826310588131,0.166453185290451,-0.129571727292849));
#1708=CARTESIAN_POINT('',(-0.00524709772165861,0.166170804935512,-0.129696620749465));
#1709=CARTESIAN_POINT('',(-0.00519157805545715,0.165957623282471,-0.12979935686797));
#1710=CARTESIAN_POINT('',(-0.00507726807267168,0.165567722238159,-0.130004978331825));
#1711=CARTESIAN_POINT('',(-0.00501882489700131,0.165391821962362,-0.130107302752039));
#1712=CARTESIAN_POINT('',(-0.00488001531144876,0.165005634083044,-0.130354820195724));
#1713=CARTESIAN_POINT('',(-0.00479998502457163,0.164809160073152,-0.130501385012923));
#1714=CARTESIAN_POINT('',(-0.00465668436770238,0.164480107222787,-0.130786853998122));
#1715=CARTESIAN_POINT('',(-0.00459302188488409,0.164345167505078,-0.130924777027571));
#1716=CARTESIAN_POINT('',(-0.00448847874847617,0.164133513724086,-0.131180736153337));
#1717=CARTESIAN_POINT('',(-0.00444562306332582,0.164051380616991,-0.131298792176066));
#1718=CARTESIAN_POINT('',(-0.00437821156210434,0.163926688568324,-0.131515264148239));
#1719=CARTESIAN_POINT('',(-0.00435190931400823,0.163880242895156,-0.131614024318898));
#1720=CARTESIAN_POINT('',(-0.00431478562608169,0.1638150291211,-0.131784582271784));
#1721=CARTESIAN_POINT('',(-0.00430167316561237,0.163792180380056,-0.131857244133807));
#1722=CARTESIAN_POINT('',(-0.00428367239613696,0.163757272536303,-0.131986172023149));
#1723=CARTESIAN_POINT('',(-0.00427759148031763,0.163743990508945,-0.13204214189199));
#1724=CARTESIAN_POINT('',(-0.00427010316688235,0.163720484977098,-0.132142256701681));
#1725=CARTESIAN_POINT('',(-0.004267919179317,0.163710319797176,-0.132185928280874));
#1726=CARTESIAN_POINT('',(-0.00426592986438414,0.163688123499371,-0.132270372452237));
#1727=CARTESIAN_POINT('',(-0.00426586922801327,0.163676542804002,-0.132310743631078));
#1728=CARTESIAN_POINT('',(-0.00426749281152415,0.163649747638415,-0.132386402930876));
#1729=CARTESIAN_POINT('',(-0.00426881191000221,0.163635871367019,-0.132420857063662));
#1730=CARTESIAN_POINT('',(-0.00427223674299312,0.163604640024186,-0.132483737294011));
#1731=CARTESIAN_POINT('',(-0.00427405873498775,0.1635890642137,-0.132511486139095));
#1732=CARTESIAN_POINT('',(-0.00427837536051748,0.163550759803642,-0.132568894511933));
#1733=CARTESIAN_POINT('',(-0.00428085757348345,0.163528295922736,-0.132598486529211));
#1734=CARTESIAN_POINT('',(-0.00428541267453922,0.163481023105619,-0.132649812706194));
#1735=CARTESIAN_POINT('',(-0.00428731026496332,0.1634599938719,-0.132670556321619));
#1736=CARTESIAN_POINT('',(-0.00429049434273955,0.16341965250997,-0.132705524460067));
#1737=CARTESIAN_POINT('',(-0.0042917425022877,0.163402646547411,-0.132719280037198));
#1738=CARTESIAN_POINT('',(-0.00429390425937187,0.163369851122437,-0.132743710209809));
#1739=CARTESIAN_POINT('',(-0.00429481985687662,0.163354903849218,-0.132754250010433));
#1740=CARTESIAN_POINT('',(-0.00429662269167464,0.16332241375249,-0.132775754250105));
#1741=CARTESIAN_POINT('',(-0.004297505616986,0.163304917445701,-0.132786675670149));
#1742=CARTESIAN_POINT('',(-0.00429970678352743,0.163255542348513,-0.132815549398228));
#1743=CARTESIAN_POINT('',(-0.00430092127760742,0.163221917337371,-0.132833314163547));
#1744=CARTESIAN_POINT('',(-0.0043024900360249,0.163163417397434,-0.132861069165954));
#1745=CARTESIAN_POINT('',(-0.0043029933674935,0.163140069901434,-0.132871436045765));
#1746=CARTESIAN_POINT('',(-0.00430377457759415,0.163093031186864,-0.132891053099243));
#1747=CARTESIAN_POINT('',(-0.00430405346894335,0.16306943030511,-0.132900279461142));
#1748=CARTESIAN_POINT('',(-0.00430459666645668,0.162998354711329,-0.132926507320332));
#1749=CARTESIAN_POINT('',(-0.00430455859451074,0.162950956998681,-0.132941903776947));
#1750=CARTESIAN_POINT('',(-0.00430376535595169,0.162829192827406,-0.132977872571406));
#1751=CARTESIAN_POINT('',(-0.00430256284248828,0.162756351707566,-0.132995618582964));
#1752=CARTESIAN_POINT('',(-0.00429987178491352,0.162629262456092,-0.133023079447776));
#1753=CARTESIAN_POINT('',(-0.00429846552758285,0.162574248008072,-0.133033542715733));
#1754=CARTESIAN_POINT('',(-0.00429550193112239,0.162467330136447,-0.133052120170193));
#1755=CARTESIAN_POINT('',(-0.00429394280645187,0.162415506264801,-0.133060199593068));
#1756=CARTESIAN_POINT('',(-0.00429012908280148,0.162292740343767,-0.13307784409428));
#1757=CARTESIAN_POINT('',(-0.00428785839130776,0.162222929193542,-0.133086602653689));
#1758=CARTESIAN_POINT('',(-0.00428345304999893,0.162086304525225,-0.133102244512988));
#1759=CARTESIAN_POINT('',(-0.00428131679473653,0.162019516964065,-0.133109112315704));
#1760=CARTESIAN_POINT('',(-0.00427598001248589,0.161845724738343,-0.133125793086228));
#1761=CARTESIAN_POINT('',(-0.00427297777282712,0.161740308509306,-0.133134684276713));
#1762=CARTESIAN_POINT('',(-0.00426777729086769,0.161531224825853,-0.133151578093096));
#1763=CARTESIAN_POINT('',(-0.00426557877723036,0.161427697132755,-0.133159546693218));
#1764=CARTESIAN_POINT('',(-0.00426018519822132,0.161113230657308,-0.133184091749954));
#1765=CARTESIAN_POINT('',(-0.0042583448730047,0.160902613755537,-0.133201062740932));
#1766=CARTESIAN_POINT('',(-0.00425783669853525,0.160470989242307,-0.133241681342547));
#1767=CARTESIAN_POINT('',(-0.0042591705563493,0.16025005951363,-0.133265277689409));
#1768=CARTESIAN_POINT('',(-0.00426448605760958,0.159762314917813,-0.13332620562796));
#1769=CARTESIAN_POINT('',(-0.00426882600702415,0.159493697740292,-0.133365071412507));
#1770=CARTESIAN_POINT('',(-0.00427368391074277,0.159218618538064,-0.133411196774127));
#1771=CARTESIAN_POINT('',(-0.00542067161548758,0.166474434332372,-0.129508451217493));
#1772=CARTESIAN_POINT('',(-0.00540972361530787,0.166420221550313,-0.129530956920115));
#1773=CARTESIAN_POINT('',(-0.0053984894929179,0.166366895503888,-0.129553448931959));
#1774=CARTESIAN_POINT('',(-0.00533422921551744,0.166073465220626,-0.129679255821756));
#1775=CARTESIAN_POINT('',(-0.00527618423936089,0.165851214977833,-0.129782453587111));
#1776=CARTESIAN_POINT('',(-0.00515649227340873,0.165443400594368,-0.129988883641758));
#1777=CARTESIAN_POINT('',(-0.005095207142766,0.165258702881133,-0.130091553549121));
#1778=CARTESIAN_POINT('',(-0.00494885287777828,0.164851760914007,-0.130340324228656));
#1779=CARTESIAN_POINT('',(-0.00486379094606015,0.16464341097226,-0.130487973081733));
#1780=CARTESIAN_POINT('',(-0.00470946884629941,0.164292856732035,-0.130777463705046));
#1781=CARTESIAN_POINT('',(-0.00463992674606619,0.164148236816656,-0.130918208948777));
#1782=CARTESIAN_POINT('',(-0.00452395418542223,0.163921352021632,-0.131181762389955));
#1783=CARTESIAN_POINT('',(-0.00447562111392429,0.163833269779643,-0.131304292147797));
#1784=CARTESIAN_POINT('',(-0.00439862071911589,0.163701578350493,-0.131530403175444));
#1785=CARTESIAN_POINT('',(-0.0043681419002908,0.163653521799315,-0.131634160921522));
#1786=CARTESIAN_POINT('',(-0.00432487245107817,0.163590094179071,-0.131812812101124));
#1787=CARTESIAN_POINT('',(-0.00430949934293493,0.16356950837984,-0.131888736884656));
#1788=CARTESIAN_POINT('',(-0.00428833068710741,0.163542241575458,-0.132021553795354));
#1789=CARTESIAN_POINT('',(-0.00428115329452021,0.16353347044628,-0.132078577142837));
#1790=CARTESIAN_POINT('',(-0.00427212110380364,0.163520539175721,-0.132178413798259));
#1791=CARTESIAN_POINT('',(-0.00426939544080183,0.163515783558435,-0.132221271384391));
#1792=CARTESIAN_POINT('',(-0.00426647018887371,0.163505729125139,-0.132302264744451));
#1793=CARTESIAN_POINT('',(-0.00426600650607025,0.163500618862197,-0.132340241052126));
#1794=CARTESIAN_POINT('',(-0.00426679769254953,0.163487331590837,-0.132409637503395));
#1795=CARTESIAN_POINT('',(-0.00426771142044787,0.163480064030379,-0.132440650517307));
#1796=CARTESIAN_POINT('',(-0.00427024904516565,0.163461854921268,-0.1324959864214));
#1797=CARTESIAN_POINT('',(-0.00427163422512044,0.163452317676758,-0.132520021681126));
#1798=CARTESIAN_POINT('',(-0.00427490458189839,0.163427235432076,-0.132568843378819));
#1799=CARTESIAN_POINT('',(-0.00427678154279246,0.163411916746391,-0.132593597378626));
#1800=CARTESIAN_POINT('',(-0.00428014054757943,0.163377836833519,-0.132635661926835));
#1801=CARTESIAN_POINT('',(-0.00428152099684742,0.163362324395124,-0.132652461946414));
#1802=CARTESIAN_POINT('',(-0.00428377561666408,0.163331707681323,-0.132680372726874));
#1803=CARTESIAN_POINT('',(-0.00428464495874434,0.16331862568612,-0.132691257489262));
#1804=CARTESIAN_POINT('',(-0.00428611419715574,0.163293013536745,-0.132710398273712));
#1805=CARTESIAN_POINT('',(-0.00428672497461104,0.16328123129135,-0.132718597385355));
#1806=CARTESIAN_POINT('',(-0.0042878969766727,0.163255358586972,-0.132735190777925));
#1807=CARTESIAN_POINT('',(-0.00428845508141297,0.163241302887229,-0.132743550666941));
#1808=CARTESIAN_POINT('',(-0.00428979335662317,0.163201267211781,-0.132765454953345));
#1809=CARTESIAN_POINT('',(-0.0042904727474387,0.163173641706924,-0.13277872693982));
#1810=CARTESIAN_POINT('',(-0.00429122700536753,0.163124959135794,-0.132799115152485));
#1811=CARTESIAN_POINT('',(-0.00429143171177951,0.163105389780626,-0.132806643224053));
#1812=CARTESIAN_POINT('',(-0.0042916662989055,0.163065705163526,-0.132820726891306));
#1813=CARTESIAN_POINT('',(-0.00429169769907961,0.163045668862037,-0.132827267265916));
#1814=CARTESIAN_POINT('',(-0.00429157271918248,0.162984999107827,-0.132845638744348));
#1815=CARTESIAN_POINT('',(-0.00429119394864909,0.162944097137575,-0.132856109144045));
#1816=CARTESIAN_POINT('',(-0.00428974701011029,0.162838175382215,-0.132879972291377));
#1817=CARTESIAN_POINT('',(-0.00428838799121457,0.162773916682779,-0.132891053763321));
#1818=CARTESIAN_POINT('',(-0.00428571051823389,0.162660724261652,-0.132907450114083));
#1819=CARTESIAN_POINT('',(-0.00428442351379929,0.162611294432947,-0.132913352198357));
#1820=CARTESIAN_POINT('',(-0.00428186120886463,0.162514549556406,-0.132923370822705));
#1821=CARTESIAN_POINT('',(-0.00428058498141757,0.1624673016566,-0.132927462236382));
#1822=CARTESIAN_POINT('',(-0.0042776139452052,0.162354635225105,-0.132935955297095));
#1823=CARTESIAN_POINT('',(-0.00427596964131667,0.162289934482978,-0.132939762226583));
#1824=CARTESIAN_POINT('',(-0.00427302296732112,0.162162222126342,-0.132946110359488));
#1825=CARTESIAN_POINT('',(-0.00427171964419607,0.162099231405464,-0.132948640171923));
#1826=CARTESIAN_POINT('',(-0.00426880986281115,0.161934028646271,-0.132954507399415));
#1827=CARTESIAN_POINT('',(-0.00426754990246836,0.161832478585012,-0.132957333037193));
#1828=CARTESIAN_POINT('',(-0.00426621170171074,0.161628882289944,-0.132963117731697));
#1829=CARTESIAN_POINT('',(-0.0042661326874834,0.16152696572384,-0.132966055533611));
#1830=CARTESIAN_POINT('',(-0.00426762986304378,0.161214745944427,-0.132976715982822));
#1831=CARTESIAN_POINT('',(-0.0042710192314952,0.161002061538451,-0.132986309158413));
#1832=CARTESIAN_POINT('',(-0.00428154792829213,0.160562336967874,-0.133015255759206));
#1833=CARTESIAN_POINT('',(-0.0042886859492574,0.160335351622481,-0.133034570481516));
#1834=CARTESIAN_POINT('',(-0.00430638334971082,0.159832370778971,-0.13308879724102));
#1835=CARTESIAN_POINT('',(-0.0043172767626679,0.15955424464158,-0.133125607755875));
#1836=CARTESIAN_POINT('',(-0.00432827306484245,0.159269036756218,-0.133170575604435));
#1837=EDGE_LOOP('',(#3836,#3837,#3838,#3839));
#1838=AXIS2_PLACEMENT_3D('',#3840,#3841,#3842);
#1839=EDGE_LOOP('',(#3843,#3844,#3845));
#1840=CARTESIAN_POINT('',(-0.00426628306361048,0.163961521293345,-0.134476981814007));
#1841=CARTESIAN_POINT('',(-0.0042662830563875,0.16396222668211,-0.134473156147605));
#1842=CARTESIAN_POINT('',(-0.00426628304916526,0.163962931999418,-0.13446933086876));
#1843=CARTESIAN_POINT('',(-0.00426628266463343,0.164000485018298,-0.134265664402584));
#1844=CARTESIAN_POINT('',(-0.00426628228712879,0.164037351769235,-0.134065813302193));
#1845=CARTESIAN_POINT('',(-0.00426628137969042,0.164125971584879,-0.133597086201758));
#1846=CARTESIAN_POINT('',(-0.0042662808430018,0.164178384403304,-0.13332864461125));
#1847=CARTESIAN_POINT('',(-0.00426627969046061,0.164290941944949,-0.132791956934952));
#1848=CARTESIAN_POINT('',(-0.00426627907295498,0.16435124810755,-0.13252300540766));
#1849=CARTESIAN_POINT('',(-0.00426627703959803,0.164549829236539,-0.131720720445135));
#1850=CARTESIAN_POINT('',(-0.00426627543832147,0.164706214646811,-0.131190464723193));
#1851=CARTESIAN_POINT('',(-0.00426627145121044,0.165095613467932,-0.130163122086678));
#1852=CARTESIAN_POINT('',(-0.00426626906866851,0.16532830530755,-0.129666473258875));
#1853=CARTESIAN_POINT('',(-0.00426626409974311,0.165813601840232,-0.128864730817129));
#1854=CARTESIAN_POINT('',(-0.00426626175122922,0.166042973622873,-0.128543459294555));
#1855=CARTESIAN_POINT('',(-0.0042662574837218,0.166459769302782,-0.128060764376507));
#1856=CARTESIAN_POINT('',(-0.00426625573488627,0.166630573669891,-0.127884562623083));
#1857=CARTESIAN_POINT('',(-0.00426625246506231,0.166949929915699,-0.127594059724483));
#1858=CARTESIAN_POINT('',(-0.0042662509890912,0.167094084886111,-0.12747511420731));
#1859=CARTESIAN_POINT('',(-0.0042662479001589,0.167395774850313,-0.127251337526509));
#1860=CARTESIAN_POINT('',(-0.00426624628873655,0.167553159552239,-0.127146741035839));
#1861=CARTESIAN_POINT('',(-0.00426624253759012,0.167919527783033,-0.126931520818041));
#1862=CARTESIAN_POINT('',(-0.00426624036659466,0.168131565670968,-0.126825972319764));
#1863=CARTESIAN_POINT('',(-0.0042662361188286,0.168546439368153,-0.126656262162266));
#1864=CARTESIAN_POINT('',(-0.00426623406061595,0.168747462576709,-0.126589271107412));
#1865=CARTESIAN_POINT('',(-0.0042662277482009,0.169363989648374,-0.126430584806459));
#1866=CARTESIAN_POINT('',(-0.00426622332923139,0.169795587080435,-0.126382385548084));
#1867=CARTESIAN_POINT('',(-0.00426621662182499,0.170450696404776,-0.126410148435199));
#1868=CARTESIAN_POINT('',(-0.00426621428845113,0.170678596338481,-0.126438750199543));
#1869=CARTESIAN_POINT('',(-0.00426620966078623,0.171130579781514,-0.126535449945329));
#1870=CARTESIAN_POINT('',(-0.00426620737972667,0.171353370981973,-0.12660361610062));
#1871=CARTESIAN_POINT('',(-0.00426620343112424,0.171739031933834,-0.126760159497688));
#1872=CARTESIAN_POINT('',(-0.00426620173658989,0.171904537788891,-0.126841456667969));
#1873=CARTESIAN_POINT('',(-0.00426619848571835,0.172222052301268,-0.1270265726065));
#1874=CARTESIAN_POINT('',(-0.00426619691764484,0.172375207252063,-0.127131163792236));
#1875=CARTESIAN_POINT('',(-0.00426619424744579,0.172636008236603,-0.127338842542915));
#1876=CARTESIAN_POINT('',(-0.00426619311494578,0.172746620851559,-0.127438021016272));
#1877=CARTESIAN_POINT('',(-0.00426619098205652,0.172954943124218,-0.127648092873157));
#1878=CARTESIAN_POINT('',(-0.0042661899823379,0.173052587279707,-0.127758897910346));
#1879=CARTESIAN_POINT('',(-0.00426618777131759,0.173268541863053,-0.12803477154385));
#1880=CARTESIAN_POINT('',(-0.00426618661076293,0.173381895984247,-0.128206477919755));
#1881=CARTESIAN_POINT('',(-0.00426618479161992,0.173559577069107,-0.128530632159701));
#1882=CARTESIAN_POINT('',(-0.0042661840790583,0.173629175513028,-0.128680018413015));
#1883=CARTESIAN_POINT('',(-0.00426618286174109,0.173748076228232,-0.128985478922532));
#1884=CARTESIAN_POINT('',(-0.00426618235833465,0.173797246716612,-0.129140916323972));
#1885=CARTESIAN_POINT('',(-0.00426618147919355,0.173883118768545,-0.129487897566568));
#1886=CARTESIAN_POINT('',(-0.00426618114656758,0.173915609961061,-0.129681086870897));
#1887=CARTESIAN_POINT('',(-0.00426618081995491,0.173947516924672,-0.130031447117639));
#1888=CARTESIAN_POINT('',(-0.00426618077138002,0.173952264283015,-0.130188066783915));
#1889=CARTESIAN_POINT('',(-0.00426618086360326,0.173943263006123,-0.130499662021547));
#1890=CARTESIAN_POINT('',(-0.00426618100327711,0.173929624168213,-0.130654074135637));
#1891=CARTESIAN_POINT('',(-0.00426618153209945,0.173877981279225,-0.131005727378242));
#1892=CARTESIAN_POINT('',(-0.00426618198324098,0.173833922392378,-0.131202535182931));
#1893=CARTESIAN_POINT('',(-0.00426618305589668,0.173729163495161,-0.131549353998021));
#1894=CARTESIAN_POINT('',(-0.0042661836250581,0.17367357677939,-0.131700834819998));
#1895=CARTESIAN_POINT('',(-0.00426618431453131,0.173606239358762,-0.131856564261729));
#1896=CARTESIAN_POINT('',(-0.0042661843517343,0.173602605926798,-0.131864894350656));
#1897=CARTESIAN_POINT('',(-0.00426618438919481,0.17359894734221,-0.131873209922851));
#1898=CARTESIAN_POINT('',(-0.00426628306361048,0.163961521293345,-0.134476981814007));
#1899=CARTESIAN_POINT('',(-0.00426628305529947,0.163962332950621,-0.134473175741737));
#1900=CARTESIAN_POINT('',(-0.0042662830469893,0.163963144525674,-0.13446937005504));
#1901=CARTESIAN_POINT('',(-0.00426628260453387,0.164006354931024,-0.134266746744117));
#1902=CARTESIAN_POINT('',(-0.0042662821701988,0.16404877230037,-0.134067920648853));
#1903=CARTESIAN_POINT('',(-0.00426628113047961,0.164150311962036,-0.133601758006695));
#1904=CARTESIAN_POINT('',(-0.0042662805188102,0.164210048145864,-0.133334909713647));
#1905=CARTESIAN_POINT('',(-0.00426627922000543,0.164336891246495,-0.132801969332172));
#1906=CARTESIAN_POINT('',(-0.00426627853102988,0.164404177880238,-0.132535178502811));
#1907=CARTESIAN_POINT('',(-0.00426627629328427,0.164622721690826,-0.131740613653093));
#1908=CARTESIAN_POINT('',(-0.00426627456869788,0.164791150840495,-0.131217213412258));
#1909=CARTESIAN_POINT('',(-0.00426627038452015,0.165199797418436,-0.130208065297473));
#1910=CARTESIAN_POINT('',(-0.0042662679282228,0.165439693131954,-0.129722746123973));
#1911=CARTESIAN_POINT('',(-0.00426626289607122,0.165931165379824,-0.128943830495743));
#1912=CARTESIAN_POINT('',(-0.00426626054004494,0.166161271101295,-0.128633136410936));
#1913=CARTESIAN_POINT('',(-0.00426625629904348,0.166575478312181,-0.128168470107009));
#1914=CARTESIAN_POINT('',(-0.00426625456965717,0.166744383224915,-0.127999395931759));
#1915=CARTESIAN_POINT('',(-0.00426625135174525,0.167058669496526,-0.127721499432941));
#1916=CARTESIAN_POINT('',(-0.00426624990407081,0.167200060853939,-0.127608018578097));
#1917=CARTESIAN_POINT('',(-0.00426624688431929,0.167494994181494,-0.127395072179043));
#1918=CARTESIAN_POINT('',(-0.00426624531379717,0.167648384285044,-0.127295833010802));
#1919=CARTESIAN_POINT('',(-0.0042662416688031,0.168004384900261,-0.127092233362726));
#1920=CARTESIAN_POINT('',(-0.00426623956661264,0.168209702761849,-0.12699283744154));
#1921=CARTESIAN_POINT('',(-0.00426623546693464,0.168610112986431,-0.126833769654403));
#1922=CARTESIAN_POINT('',(-0.00426623348604974,0.168803583724749,-0.126771356665576));
#1923=CARTESIAN_POINT('',(-0.00426622742643175,0.16939542047716,-0.126624611659503));
#1924=CARTESIAN_POINT('',(-0.00426622320563499,0.169807662591781,-0.126581933155713));
#1925=CARTESIAN_POINT('',(-0.00426621682356122,0.170430996905891,-0.126612357544747));
#1926=CARTESIAN_POINT('',(-0.00426621460789869,0.170647400033493,-0.126640812686058));
#1927=CARTESIAN_POINT('',(-0.00426621022070497,0.17107589673239,-0.126734795403013));
#1928=CARTESIAN_POINT('',(-0.00426620806176826,0.171286760209017,-0.126800377326929));
#1929=CARTESIAN_POINT('',(-0.00426620432882434,0.171651357774852,-0.126950026990212));
#1930=CARTESIAN_POINT('',(-0.0042662027283895,0.171807672906777,-0.127027479874666));
#1931=CARTESIAN_POINT('',(-0.00426619965985621,0.17210737835841,-0.12720338496869));
#1932=CARTESIAN_POINT('',(-0.00426619818068673,0.172251849994665,-0.127302569763704));
#1933=CARTESIAN_POINT('',(-0.00426619566252518,0.172497801340834,-0.127499205349976));
#1934=CARTESIAN_POINT('',(-0.00426619459474805,0.172602092401229,-0.127593011390305));
#1935=CARTESIAN_POINT('',(-0.00426619258366308,0.172798517888636,-0.127791549691198));
#1936=CARTESIAN_POINT('',(-0.0042661916409856,0.172890590746398,-0.127896198747939));
#1937=CARTESIAN_POINT('',(-0.00426618955541787,0.173094292139345,-0.128156633843743));
#1938=CARTESIAN_POINT('',(-0.00426618846009092,0.173201275314808,-0.128318643612338));
#1939=CARTESIAN_POINT('',(-0.00426618674109242,0.173369174979523,-0.128624470090625));
#1940=CARTESIAN_POINT('',(-0.00426618606690438,0.173435025330413,-0.128765403411138));
#1941=CARTESIAN_POINT('',(-0.00426618491300752,0.173547731476533,-0.129053651351239));
#1942=CARTESIAN_POINT('',(-0.00426618443459015,0.173594461125064,-0.129200364871461));
#1943=CARTESIAN_POINT('',(-0.00426618359588856,0.173676383092283,-0.129528042189041));
#1944=CARTESIAN_POINT('',(-0.00426618327593384,0.173707636481698,-0.12971059286068));
#1945=CARTESIAN_POINT('',(-0.00426618295533616,0.173738955591545,-0.130041987754038));
#1946=CARTESIAN_POINT('',(-0.00426618290348124,0.173744023145248,-0.1301902455172));
#1947=CARTESIAN_POINT('',(-0.00426618297803007,0.173736747797727,-0.130485501921849));
#1948=CARTESIAN_POINT('',(-0.00426618310339902,0.173724505955639,-0.130631965229308));
#1949=CARTESIAN_POINT('',(-0.00426618358785883,0.173677195582969,-0.130965921481912));
#1950=CARTESIAN_POINT('',(-0.00426618400548911,0.173636409533722,-0.131153123839062));
#1951=CARTESIAN_POINT('',(-0.00426618500494299,0.173538799899427,-0.131483654457532));
#1952=CARTESIAN_POINT('',(-0.00426618553701046,0.173486835994079,-0.131628252557868));
#1953=CARTESIAN_POINT('',(-0.00426618618351733,0.173423694939293,-0.131777169782304));
#1954=CARTESIAN_POINT('',(-0.00426618621840709,0.173420287432374,-0.131785136295018));
#1955=CARTESIAN_POINT('',(-0.00426618625354356,0.173416855828044,-0.131793089741555));
#1956=CARTESIAN_POINT('',(-0.00426628306361048,0.163961521293345,-0.134476981814007));
#1957=CARTESIAN_POINT('',(-0.00426628305421143,0.163962439219132,-0.13447319533587));
#1958=CARTESIAN_POINT('',(-0.00426628301854376,0.163963357051931,-0.134469409241319));
#1959=CARTESIAN_POINT('',(-0.00426627972087316,0.164012224843721,-0.13426782908565));
#1960=CARTESIAN_POINT('',(-0.00426620451972087,0.16406019283079,-0.134070027995528));
#1961=CARTESIAN_POINT('',(-0.00426586300965491,0.164174652334512,-0.133606429811556));
#1962=CARTESIAN_POINT('',(-0.00426553961994317,0.164241711880259,-0.133341174816));
#1963=CARTESIAN_POINT('',(-0.00426466035118371,0.16438284051587,-0.132811981726042));
#1964=CARTESIAN_POINT('',(-0.00426410292453046,0.164457107600215,-0.132547351591541));
#1965=CARTESIAN_POINT('',(-0.0042621423423743,0.164695613949661,-0.131760506820929));
#1966=CARTESIAN_POINT('',(-0.00426045019648934,0.164876086628474,-0.131243962018124));
#1967=CARTESIAN_POINT('',(-0.00425672366547738,0.165303979950295,-0.130253007959545));
#1968=CARTESIAN_POINT('',(-0.00425469732449667,0.165551078714441,-0.129779018010311));
#1969=CARTESIAN_POINT('',(-0.00425122038015372,0.16604872486454,-0.129022927594896));
#1970=CARTESIAN_POINT('',(-0.00424975964209529,0.166279563652769,-0.128722810012099));
#1971=CARTESIAN_POINT('',(-0.00424746330286025,0.1666911810813,-0.128276170244556));
#1972=CARTESIAN_POINT('',(-0.00424659827971741,0.166858186062508,-0.1281142227161));
#1973=CARTESIAN_POINT('',(-0.00424511780885096,0.167167401671904,-0.127848930747195));
#1974=CARTESIAN_POINT('',(-0.00424449228574894,0.16730602916986,-0.127740913670691));
#1975=CARTESIAN_POINT('',(-0.00424326880602318,0.167594205525545,-0.127538795643109));
#1976=CARTESIAN_POINT('',(-0.00424267187226488,0.167743600943124,-0.127444912771605));
#1977=CARTESIAN_POINT('',(-0.00424137353667208,0.168089233991815,-0.12725293127808));
#1978=CARTESIAN_POINT('',(-0.00424068348272152,0.168287832026494,-0.127159686517508));
#1979=CARTESIAN_POINT('',(-0.0042394413210972,0.168673779561251,-0.127011258384956));
#1980=CARTESIAN_POINT('',(-0.00423888411484499,0.168859698371295,-0.126953422169765));
#1981=CARTESIAN_POINT('',(-0.00423729785760417,0.1694268469993,-0.126818614695826));
#1982=CARTESIAN_POINT('',(-0.00423635222332993,0.169819736065726,-0.126781454585538));
#1983=CARTESIAN_POINT('',(-0.00423511791642322,0.170411299847255,-0.126814537898683));
#1984=CARTESIAN_POINT('',(-0.00423472611504125,0.170616207915687,-0.12684284571022));
#1985=CARTESIAN_POINT('',(-0.00423401635586967,0.171021221644948,-0.126934110490529));
#1986=CARTESIAN_POINT('',(-0.00423370096915945,0.171220159416649,-0.126997107989444));
#1987=CARTESIAN_POINT('',(-0.00423321050514423,0.171563697280199,-0.127139864111477));
#1988=CARTESIAN_POINT('',(-0.00423302033656428,0.171710823338354,-0.127213472985763));
#1989=CARTESIAN_POINT('',(-0.0042326932893802,0.17199272296682,-0.127380168169454));
#1990=CARTESIAN_POINT('',(-0.00423255536946086,0.172128512888658,-0.127473947237113));
#1991=CARTESIAN_POINT('',(-0.0042323560025062,0.172359617333044,-0.127659541187078));
#1992=CARTESIAN_POINT('',(-0.00423228476438244,0.172457588003755,-0.12774797559173));
#1993=CARTESIAN_POINT('',(-0.00423217748752273,0.17264211887625,-0.127934982134836));
#1994=CARTESIAN_POINT('',(-0.00423214145483938,0.172728621440953,-0.128033476211033));
#1995=CARTESIAN_POINT('',(-0.00423209671155233,0.172920071801932,-0.128278475344648));
#1996=CARTESIAN_POINT('',(-0.00423210370009704,0.17302068510862,-0.128430790176071));
#1997=CARTESIAN_POINT('',(-0.00423217718611029,0.173178804880206,-0.128718292087219));
#1998=CARTESIAN_POINT('',(-0.00423223147203457,0.173240907670654,-0.128850773960652));
#1999=CARTESIAN_POINT('',(-0.00423238239994279,0.173347419998097,-0.129121812347329));
#2000=CARTESIAN_POINT('',(-0.00423247853215111,0.173391709024717,-0.129259803510265));
#2001=CARTESIAN_POINT('',(-0.0042327357896145,0.173469681048925,-0.129568180228993));
#2002=CARTESIAN_POINT('',(-0.00423290636162384,0.173499696492767,-0.129740094071171));
#2003=CARTESIAN_POINT('',(-0.00423326777633486,0.173530427122271,-0.130052526725535));
#2004=CARTESIAN_POINT('',(-0.0042334477039983,0.173535814461923,-0.130192423922735));
#2005=CARTESIAN_POINT('',(-0.00423384402452401,0.173530264001326,-0.130471344014118));
#2006=CARTESIAN_POINT('',(-0.00423405950966975,0.173519418525152,-0.130609859693617));
#2007=CARTESIAN_POINT('',(-0.0042345966511694,0.173476439013909,-0.130926121453485));
#2008=CARTESIAN_POINT('',(-0.00423493142392822,0.173438924713735,-0.131103719622616));
#2009=CARTESIAN_POINT('',(-0.00423558932770407,0.17334846220116,-0.131417963984981));
#2010=CARTESIAN_POINT('',(-0.0042359013471949,0.173300120090524,-0.131555680110277));
#2011=CARTESIAN_POINT('',(-0.00423624988279292,0.173241174295295,-0.131697785777002));
#2012=CARTESIAN_POINT('',(-0.00423626861207208,0.173237992654054,-0.13170538874845));
#2013=CARTESIAN_POINT('',(-0.00423628739488756,0.173234787970529,-0.131712980103883));
#2014=CARTESIAN_POINT('',(-0.00426628306361048,0.163961521293345,-0.134476981814007));
#2015=CARTESIAN_POINT('',(-0.00426628305203535,0.163962651756155,-0.134473234524134));
#2016=CARTESIAN_POINT('',(-0.00426628290911353,0.163963782104444,-0.134469487613879));
#2017=CARTESIAN_POINT('',(-0.00426626830643079,0.164023964665044,-0.134269993767977));
#2018=CARTESIAN_POINT('',(-0.00426589410666617,0.164083033626623,-0.1340742426737));
#2019=CARTESIAN_POINT('',(-0.00426419143432328,0.164223306908453,-0.133615768428223));
#2020=CARTESIAN_POINT('',(-0.00426257774130306,0.164304978397939,-0.133353693569003));
#2021=CARTESIAN_POINT('',(-0.00425819309141819,0.164474525521087,-0.13283196040894));
#2022=CARTESIAN_POINT('',(-0.00425541448104347,0.164562635062699,-0.13257162347215));
#2023=CARTESIAN_POINT('',(-0.0042456540743805,0.164840548404392,-0.131800067088292));
#2024=CARTESIAN_POINT('',(-0.00423724556627283,0.165044532006102,-0.13129704362562));
#2025=CARTESIAN_POINT('',(-0.00421880027120063,0.165509430972678,-0.130341663702444));
#2026=CARTESIAN_POINT('',(-0.00420880355660403,0.165770030971585,-0.129889701508476));
#2027=CARTESIAN_POINT('',(-0.00419171837618314,0.166278596504792,-0.129177624553323));
#2028=CARTESIAN_POINT('',(-0.00418456019865164,0.166510343123567,-0.128897807379867));
#2029=CARTESIAN_POINT('',(-0.00417333719991422,0.16691613297681,-0.128485583957351));
#2030=CARTESIAN_POINT('',(-0.004169116812501,0.16707915146088,-0.12833720117975));
#2031=CARTESIAN_POINT('',(-0.00416190503770142,0.167378053748682,-0.128095825223294));
#2032=CARTESIAN_POINT('',(-0.00415886181216913,0.167511131234402,-0.127998150378676));
#2033=CARTESIAN_POINT('',(-0.00415291640274822,0.167785875189078,-0.127816478800815));
#2034=CARTESIAN_POINT('',(-0.00415001922425234,0.167927385688468,-0.127732684219376));
#2035=CARTESIAN_POINT('',(-0.00414372488668568,0.168252681904909,-0.127562526942848));
#2036=CARTESIAN_POINT('',(-0.00414038455991094,0.168438175463425,-0.12748079502531));
#2037=CARTESIAN_POINT('',(-0.00413437933742735,0.168796063071066,-0.1273522014826));
#2038=CARTESIAN_POINT('',(-0.00413168897889385,0.168967384142917,-0.127302860342973));
#2039=CARTESIAN_POINT('',(-0.00412403825575178,0.169486967695302,-0.127190092190729));
#2040=CARTESIAN_POINT('',(-0.00411948905598224,0.169842771823564,-0.127162933284691));
#2041=CARTESIAN_POINT('',(-0.00411356135236051,0.170373695509213,-0.127200378809311));
#2042=CARTESIAN_POINT('',(-0.00411168199113279,0.170556703604629,-0.127228175219633));
#2043=CARTESIAN_POINT('',(-0.00410828070492239,0.170917040535813,-0.127313849678265));
#2044=CARTESIAN_POINT('',(-0.00410677112918025,0.171093320233757,-0.127371743599533));
#2045=CARTESIAN_POINT('',(-0.00410442588360992,0.171396880159201,-0.127501106376609));
#2046=CARTESIAN_POINT('',(-0.00410351750641694,0.171526574592026,-0.127567298911254));
#2047=CARTESIAN_POINT('',(-0.00410195683314858,0.171774708154964,-0.127716308070422));
#2048=CARTESIAN_POINT('',(-0.00410129957554066,0.171894040475734,-0.127799741217005));
#2049=CARTESIAN_POINT('',(-0.0041003510311916,0.172096999767261,-0.127964254144837));
#2050=CARTESIAN_POINT('',(-0.00410001277694602,0.172182988724227,-0.128042448871209));
#2051=CARTESIAN_POINT('',(-0.00409950492107174,0.172344964113794,-0.1282074983517));
#2052=CARTESIAN_POINT('',(-0.00409933534605521,0.172420900348017,-0.128294284791638));
#2053=CARTESIAN_POINT('',(-0.00409912815330371,0.172589096621746,-0.128509942314359));
#2054=CARTESIAN_POINT('',(-0.00409916575349786,0.172677605800283,-0.12864384371037));
#2055=CARTESIAN_POINT('',(-0.00409952503504646,0.172817104601245,-0.128896553093357));
#2056=CARTESIAN_POINT('',(-0.0040997882533432,0.172872056613334,-0.129012991979235));
#2057=CARTESIAN_POINT('',(-0.00410051752996997,0.172966712002461,-0.129251359656706));
#2058=CARTESIAN_POINT('',(-0.00410098113433405,0.173006305893579,-0.129372790948828));
#2059=CARTESIAN_POINT('',(-0.00410222044794072,0.173076616030519,-0.129644511082236));
#2060=CARTESIAN_POINT('',(-0.00410304144877522,0.173104174203383,-0.129796214312568));
#2061=CARTESIAN_POINT('',(-0.00410478040110792,0.173133567714182,-0.130072587773548));
#2062=CARTESIAN_POINT('',(-0.00410564594281525,0.17313945485476,-0.130196575539075));
#2063=CARTESIAN_POINT('',(-0.0041075524663996,0.173136951696495,-0.130444380649581));
#2064=CARTESIAN_POINT('',(-0.00410858908152429,0.173128637633591,-0.130567744473083));
#2065=CARTESIAN_POINT('',(-0.00411117356393169,0.173093598022428,-0.130850232398891));
#2066=CARTESIAN_POINT('',(-0.0041127846729214,0.173062129870977,-0.131009468691557));
#2067=CARTESIAN_POINT('',(-0.00411595239672733,0.172984943371222,-0.131292511473521));
#2068=CARTESIAN_POINT('',(-0.00411745523405597,0.172943348849329,-0.131417018679728));
#2069=CARTESIAN_POINT('',(-0.00411913477909575,0.172892238971161,-0.131546023051548));
#2070=CARTESIAN_POINT('',(-0.00411922503527058,0.172889479257171,-0.131552926702296));
#2071=CARTESIAN_POINT('',(-0.00411931555184946,0.172886698526639,-0.131559821438025));
#2072=CARTESIAN_POINT('',(-0.00426628306361048,0.163961521293345,-0.134476981814007));
#2073=CARTESIAN_POINT('',(-0.00426628305094731,0.163962758024666,-0.134473254118267));
#2074=CARTESIAN_POINT('',(-0.00426628282812884,0.1639639946307,-0.134469526800158));
#2075=CARTESIAN_POINT('',(-0.00426625977564914,0.164029834573671,-0.13427107610877));
#2076=CARTESIAN_POINT('',(-0.0042656613440831,0.164094453892192,-0.134076350005226));
#2077=CARTESIAN_POINT('',(-0.00426293797984039,0.164247621109115,-0.133620435239876));
#2078=CARTESIAN_POINT('',(-0.00426035676141622,0.164336581180052,-0.133359947219562));
#2079=CARTESIAN_POINT('',(-0.00425334470255431,0.164520261225791,-0.132841926691281));
#2080=CARTESIAN_POINT('',(-0.00424890164821667,0.164615232744443,-0.132583722251204));
#2081=CARTESIAN_POINT('',(-0.00423329978952095,0.164912590295598,-0.131819734107983));
#2082=CARTESIAN_POINT('',(-0.00421986538270511,0.165128040906924,-0.131323376461013));
#2083=CARTESIAN_POINT('',(-0.00419042406033631,0.165610696856335,-0.130385375700173));
#2084=CARTESIAN_POINT('',(-0.0041744812145656,0.165877593466385,-0.129944111190947));
#2085=CARTESIAN_POINT('',(-0.00414726083712204,0.166390901030165,-0.129253219366362));
#2086=CARTESIAN_POINT('',(-0.00413586422805724,0.1666228207572,-0.128983124283306));
#2087=CARTESIAN_POINT('',(-0.00411800794861653,0.167025370343991,-0.128587286656994));
#2088=CARTESIAN_POINT('',(-0.00411129604529176,0.167186301368901,-0.128445340188772));
#2089=CARTESIAN_POINT('',(-0.00409983129471554,0.167479959722449,-0.128215272121824));
#2090=CARTESIAN_POINT('',(-0.00409499493938882,0.167610250604201,-0.128122474035061));
#2091=CARTESIAN_POINT('',(-0.00408554911508635,0.167878318532898,-0.127950416878319));
#2092=CARTESIAN_POINT('',(-0.0040809476122488,0.168015938656641,-0.127871352329949));
#2093=CARTESIAN_POINT('',(-0.00407095326342993,0.168331265757134,-0.127711396508809));
#2094=CARTESIAN_POINT('',(-0.00406565137004928,0.168510375080101,-0.127635023577541));
#2095=CARTESIAN_POINT('',(-0.00405612260737429,0.168854667005518,-0.127515619812536));
#2096=CARTESIAN_POINT('',(-0.00405185502145749,0.169018943329891,-0.127470194525389));
#2097=CARTESIAN_POINT('',(-0.00403972213048618,0.169515654196066,-0.127367521045871));
#2098=CARTESIAN_POINT('',(-0.00403251218725522,0.169853730804136,-0.127344840506085));
#2099=CARTESIAN_POINT('',(-0.00402312097747406,0.17035579349583,-0.127383984495625));
#2100=CARTESIAN_POINT('',(-0.00402014429381313,0.170528400013225,-0.127411415520026));
#2101=CARTESIAN_POINT('',(-0.00401475806736601,0.170867550310677,-0.127494215924745));
#2102=CARTESIAN_POINT('',(-0.00401236808935945,0.171033101482076,-0.127549590352901));
#2103=CARTESIAN_POINT('',(-0.00400865568019595,0.171317750174759,-0.127672453735794));
#2104=CARTESIAN_POINT('',(-0.0040072180135928,0.171439205188951,-0.12773507448209));
#2105=CARTESIAN_POINT('',(-0.00400474830326659,0.171671384656147,-0.127875609331373));
#2106=CARTESIAN_POINT('',(-0.00400370841002756,0.171782944126554,-0.127954103556721));
#2107=CARTESIAN_POINT('',(-0.00400220791685921,0.171972610358889,-0.128108580018547));
#2108=CARTESIAN_POINT('',(-0.00400167295346172,0.172052940201496,-0.128181908222708));
#2109=CARTESIAN_POINT('',(-0.00400086998996637,0.172204258840513,-0.128336535822325));
#2110=CARTESIAN_POINT('',(-0.00400060203160368,0.172275200943581,-0.128417771508316));
#2111=CARTESIAN_POINT('',(-0.00400027513106011,0.172432398259248,-0.128619528277257));
#2112=CARTESIAN_POINT('',(-0.00400033524318689,0.172515175224367,-0.128744714346553));
#2113=CARTESIAN_POINT('',(-0.00400090496798675,0.172645835853934,-0.128980961832933));
#2114=CARTESIAN_POINT('',(-0.00400132205097314,0.172697385663995,-0.129089811998204));
#2115=CARTESIAN_POINT('',(-0.00400247729925033,0.172786379370996,-0.129312724244689));
#2116=CARTESIAN_POINT('',(-0.00400321157843898,0.172823719170325,-0.129426320916188));
#2117=CARTESIAN_POINT('',(-0.00400517435912716,0.172890317652732,-0.129680691379495));
#2118=CARTESIAN_POINT('',(-0.0040064745735624,0.172916656243,-0.129822824253256));
#2119=CARTESIAN_POINT('',(-0.00400922865759312,0.17294529995157,-0.130082106681368));
#2120=CARTESIAN_POINT('',(-0.00401059950434271,0.172951366341883,-0.130198548125317));
#2121=CARTESIAN_POINT('',(-0.00401361927342915,0.172950183643697,-0.130431579366663));
#2122=CARTESIAN_POINT('',(-0.00401526127822816,0.172943003443944,-0.130547741209011));
#2123=CARTESIAN_POINT('',(-0.00401935551767195,0.172911569754445,-0.130814154559795));
#2124=CARTESIAN_POINT('',(-0.00402190804465595,0.172882873948644,-0.130964635572558));
#2125=CARTESIAN_POINT('',(-0.00402692761785142,0.172811812292098,-0.13123276674984));
#2126=CARTESIAN_POINT('',(-0.00402930929306078,0.1727733416416,-0.13135094844673));
#2127=CARTESIAN_POINT('',(-0.00403197142643221,0.172725870323984,-0.131473664352692));
#2128=CARTESIAN_POINT('',(-0.00403211448657585,0.172723306559027,-0.131480232291381));
#2129=CARTESIAN_POINT('',(-0.00403225796067257,0.172720722747975,-0.131486792565141));
#2130=CARTESIAN_POINT('',(-0.00426628306361048,0.163961521293345,-0.134476981814007));
#2131=CARTESIAN_POINT('',(-0.00426628304877124,0.163962970561688,-0.134473293306531));
#2132=CARTESIAN_POINT('',(-0.00426628261362028,0.163964419683211,-0.134469605172717));
#2133=CARTESIAN_POINT('',(-0.00426623706696886,0.16404157438284,-0.134273240788877));
#2134=CARTESIAN_POINT('',(-0.00426504057188591,0.164117293890324,-0.134080564637034));
#2135=CARTESIAN_POINT('',(-0.004259596964981,0.164296197200257,-0.133629758881507));
#2136=CARTESIAN_POINT('',(-0.0042544379263035,0.164399664891106,-0.133372431619835));
#2137=CARTESIAN_POINT('',(-0.00424044019511396,0.164611306505705,-0.132861767240473));
#2138=CARTESIAN_POINT('',(-0.00423157738715244,0.164719765962254,-0.132607771587937));
#2139=CARTESIAN_POINT('',(-0.00420050854600724,0.165054982905081,-0.13185861833406));
#2140=CARTESIAN_POINT('',(-0.00417382149065873,0.165292226475226,-0.131375215747438));
#2141=CARTESIAN_POINT('',(-0.00411561961935442,0.165807477034715,-0.130470372227888));
#2142=CARTESIAN_POINT('',(-0.00408423227831702,0.166085203432246,-0.130049266517371));
#2143=CARTESIAN_POINT('',(-0.00403090021562804,0.166605240424187,-0.129397563090031));
#2144=CARTESIAN_POINT('',(-0.00400864610363779,0.166836438970453,-0.129145260772562));
#2145=CARTESIAN_POINT('',(-0.00397388940935032,0.167231285894264,-0.128779040481844));
#2146=CARTESIAN_POINT('',(-0.00396085199162016,0.167387695519725,-0.128648642943399));
#2147=CARTESIAN_POINT('',(-0.00393862385995069,0.167670560422201,-0.12843871166911));
#2148=CARTESIAN_POINT('',(-0.00392926115564918,0.167795247182359,-0.128354547057516));
#2149=CARTESIAN_POINT('',(-0.00391099983480003,0.168050144445206,-0.128199407455079));
#2150=CARTESIAN_POINT('',(-0.00390211674390155,0.168180197286519,-0.12812861302115));
#2151=CARTESIAN_POINT('',(-0.0038828476548885,0.168476378941999,-0.127986373960205));
#2152=CARTESIAN_POINT('',(-0.00387264339974431,0.168643378182295,-0.127919220946887));
#2153=CARTESIAN_POINT('',(-0.00385432997538312,0.168962163868998,-0.127815462302116));
#2154=CARTESIAN_POINT('',(-0.00384613978783709,0.169113331485319,-0.127776625494502));
#2155=CARTESIAN_POINT('',(-0.0038228814858738,0.169567792562054,-0.127690684367871));
#2156=CARTESIAN_POINT('',(-0.003809098332721,0.16987352601589,-0.127675023791679));
#2157=CARTESIAN_POINT('',(-0.0037911736957108,0.17032341202271,-0.127715799894536));
#2158=CARTESIAN_POINT('',(-0.00378549850563161,0.170477295652422,-0.127742106746613));
#2159=CARTESIAN_POINT('',(-0.00377523704611267,0.170778435022097,-0.127818901453373));
#2160=CARTESIAN_POINT('',(-0.00377068811672759,0.170924800388871,-0.127869378240857));
#2161=CARTESIAN_POINT('',(-0.00376362618551596,0.171175699047031,-0.127980018918157));
#2162=CARTESIAN_POINT('',(-0.00376089303517851,0.171282474053463,-0.128036023553911));
#2163=CARTESIAN_POINT('',(-0.00375619956629751,0.171486251599722,-0.128161023780083));
#2164=CARTESIAN_POINT('',(-0.00375422434282798,0.171583985669013,-0.12823053325199));
#2165=CARTESIAN_POINT('',(-0.0037513750832789,0.171750006866185,-0.128366853902845));
#2166=CARTESIAN_POINT('',(-0.00375035962999655,0.171820270122301,-0.128431410683452));
#2167=CARTESIAN_POINT('',(-0.00374883591255672,0.171952618880629,-0.128567304712177));
#2168=CARTESIAN_POINT('',(-0.00374832772664557,0.172014663893449,-0.128638586444251));
#2169=CARTESIAN_POINT('',(-0.00374770849708279,0.172152236054776,-0.128815455300808));
#2170=CARTESIAN_POINT('',(-0.00374782351822742,0.172224758341125,-0.128925068273568));
#2171=CARTESIAN_POINT('',(-0.00374890699601445,0.17233953307699,-0.129131922872967));
#2172=CARTESIAN_POINT('',(-0.00374969974636036,0.172384936750634,-0.12922723062807));
#2173=CARTESIAN_POINT('',(-0.00375189545639192,0.172463625605701,-0.129422556696706));
#2174=CARTESIAN_POINT('',(-0.00375329103056729,0.172496816963392,-0.129522166847057));
#2175=CARTESIAN_POINT('',(-0.003757022343168,0.172556459955471,-0.129745537357433));
#2176=CARTESIAN_POINT('',(-0.00375949453330687,0.172580404694567,-0.129870552681092));
#2177=CARTESIAN_POINT('',(-0.00376473357364959,0.172607264142987,-0.130099205794764));
#2178=CARTESIAN_POINT('',(-0.00376734207606092,0.172613432813868,-0.130202101634522));
#2179=CARTESIAN_POINT('',(-0.00377309093055417,0.172614145517348,-0.130408556494229));
#2180=CARTESIAN_POINT('',(-0.00377621810090806,0.172608746330236,-0.130511733823697));
#2181=CARTESIAN_POINT('',(-0.00378401990162567,0.172583175258814,-0.130749085577675));
#2182=CARTESIAN_POINT('',(-0.00378888681535246,0.17255909157928,-0.13088367699032));
#2183=CARTESIAN_POINT('',(-0.00379846623625806,0.172498365438018,-0.131124615751024));
#2184=CARTESIAN_POINT('',(-0.00380301426281911,0.172465208561632,-0.131231213724054));
#2185=CARTESIAN_POINT('',(-0.00380810187197242,0.172423968398353,-0.131342358521706));
#2186=CARTESIAN_POINT('',(-0.00380837528597931,0.172421740316904,-0.131348308556043));
#2187=CARTESIAN_POINT('',(-0.0038086495027664,0.172419493966142,-0.131354253049438));
#2188=CARTESIAN_POINT('',(-0.00426628306361048,0.163961521293345,-0.134476981814007));
#2189=CARTESIAN_POINT('',(-0.0042662830476832,0.163963076830199,-0.134473312900664));
#2190=CARTESIAN_POINT('',(-0.00426628248009642,0.163964632209467,-0.134469644358997));
#2191=CARTESIAN_POINT('',(-0.00426622288907025,0.164047444283382,-0.13427432312819));
#2192=CARTESIAN_POINT('',(-0.00426465256225919,0.164128713623044,-0.134082671937345));
#2193=CARTESIAN_POINT('',(-0.00425750940465253,0.164320459089937,-0.133634415711331));
#2194=CARTESIAN_POINT('',(-0.00425074007085178,0.164431145818848,-0.133378662369452));
#2195=CARTESIAN_POINT('',(-0.00423238408068838,0.164656616049974,-0.132871641500678));
#2196=CARTESIAN_POINT('',(-0.00422076596722716,0.164771701437914,-0.13261972213285));
#2197=CARTESIAN_POINT('',(-0.00418007165147261,0.165125333323381,-0.131877835461834));
#2198=CARTESIAN_POINT('',(-0.00414515793083486,0.165372902463912,-0.131400722032756));
#2199=CARTESIAN_POINT('',(-0.00406919230579365,0.165902988826515,-0.130511655717458));
#2200=CARTESIAN_POINT('',(-0.00402830730389476,0.166185246922688,-0.130100010315802));
#2201=CARTESIAN_POINT('',(-0.00395900094580422,0.166707268169891,-0.129466307287606));
#2202=CARTESIAN_POINT('',(-0.00393012897636758,0.166937570944302,-0.129222073989193));
#2203=CARTESIAN_POINT('',(-0.00388510761812587,0.167327953309017,-0.128869081645192));
#2204=CARTESIAN_POINT('',(-0.00386823726912761,0.167481928226475,-0.128743795131996));
#2205=CARTESIAN_POINT('',(-0.00383950079531159,0.167759242543826,-0.128542689597027));
#2206=CARTESIAN_POINT('',(-0.00382740582414461,0.16788111141929,-0.128462280218322));
#2207=CARTESIAN_POINT('',(-0.00380383143798611,0.168129513586215,-0.128314440568924));
#2208=CARTESIAN_POINT('',(-0.00379237214648734,0.168255889433697,-0.128247184521806));
#2209=CARTESIAN_POINT('',(-0.0037675308047152,0.168542894981419,-0.128112456808873));
#2210=CARTESIAN_POINT('',(-0.00375438718824496,0.168704168789233,-0.128049162428986));
#2211=CARTESIAN_POINT('',(-0.00373081540894468,0.169011045367723,-0.12795185476502));
#2212=CARTESIAN_POINT('',(-0.00372028117146995,0.169156149989055,-0.127915688527632));
#2213=CARTESIAN_POINT('',(-0.00369038359633926,0.169591237767229,-0.127836379148488));
#2214=CARTESIAN_POINT('',(-0.00367269062999869,0.169882359408134,-0.12782325652773));
#2215=CARTESIAN_POINT('',(-0.00364969976600355,0.170308937097656,-0.12786396241684));
#2216=CARTESIAN_POINT('',(-0.00364242461491043,0.170454502271175,-0.127889509452776));
#2217=CARTESIAN_POINT('',(-0.00362927514000479,0.170738823471176,-0.12796317126727));
#2218=CARTESIAN_POINT('',(-0.00362344870821469,0.170876734816441,-0.128011269699903));
#2219=CARTESIAN_POINT('',(-0.00361440607801597,0.171112800590608,-0.128116187542142));
#2220=CARTESIAN_POINT('',(-0.00361090738973561,0.171213137649252,-0.128169148365609));
#2221=CARTESIAN_POINT('',(-0.00360490034011048,0.171404472545978,-0.128287089894285));
#2222=CARTESIAN_POINT('',(-0.00360237291012991,0.171496156617865,-0.12835255464796));
#2223=CARTESIAN_POINT('',(-0.00359872754222242,0.171651830204638,-0.12848075847655));
#2224=CARTESIAN_POINT('',(-0.00359742856325757,0.171717687846485,-0.128541411660156));
#2225=CARTESIAN_POINT('',(-0.00359547958331211,0.171841726939387,-0.128668996921959));
#2226=CARTESIAN_POINT('',(-0.00359482968193969,0.171899870598721,-0.12873587707131));
#2227=CARTESIAN_POINT('',(-0.00359403798785141,0.172028820021949,-0.128901762921369));
#2228=CARTESIAN_POINT('',(-0.00359418537654064,0.172096821576326,-0.129004520806629));
#2229=CARTESIAN_POINT('',(-0.00359557188926514,0.172204551070819,-0.129198449539173));
#2230=CARTESIAN_POINT('',(-0.00359658624154351,0.172247211685781,-0.129287805985319));
#2231=CARTESIAN_POINT('',(-0.00359939589050828,0.172321258632535,-0.129471006141609));
#2232=CARTESIAN_POINT('',(-0.00360118173625511,0.172352556026152,-0.129564466835211));
#2233=CARTESIAN_POINT('',(-0.00360595719301535,0.172408955503318,-0.12977419240516));
#2234=CARTESIAN_POINT('',(-0.00360912154122968,0.172431725805644,-0.129891663437267));
#2235=CARTESIAN_POINT('',(-0.00361582915221411,0.172457549909511,-0.130106783299416));
#2236=CARTESIAN_POINT('',(-0.0036191693888695,0.172463641010552,-0.130203682022848));
#2237=CARTESIAN_POINT('',(-0.00362653275120417,0.172464927096539,-0.130398338468626));
#2238=CARTESIAN_POINT('',(-0.00363053898469026,0.17246017410528,-0.130495735192218));
#2239=CARTESIAN_POINT('',(-0.00364053685230215,0.172436857200985,-0.130720104026861));
#2240=CARTESIAN_POINT('',(-0.00364677567830974,0.17241461162308,-0.130847563206001));
#2241=CARTESIAN_POINT('',(-0.00365906109458057,0.172358092822547,-0.131076224403468));
#2242=CARTESIAN_POINT('',(-0.00366489570863387,0.172327124259277,-0.131177565425749));
#2243=CARTESIAN_POINT('',(-0.00367142520397542,0.172288474948027,-0.131283428712098));
#2244=CARTESIAN_POINT('',(-0.00367177611416606,0.172286386507552,-0.13128909661413));
#2245=CARTESIAN_POINT('',(-0.00367212806235706,0.172284280603937,-0.131294759848492));
#2246=CARTESIAN_POINT('',(-0.00426628306361048,0.163961521293345,-0.134476981814007));
#2247=CARTESIAN_POINT('',(-0.00426628304550712,0.163963289367222,-0.134473352088928));
#2248=CARTESIAN_POINT('',(-0.0042662821605095,0.163965057261978,-0.134469722731556));
#2249=CARTESIAN_POINT('',(-0.00426618888616269,0.164059184072371,-0.134276487804597));
#2250=CARTESIAN_POINT('',(-0.00426372107139707,0.164151552278007,-0.134086886488818));
#2251=CARTESIAN_POINT('',(-0.00425250222305305,0.164368904468098,-0.133643714409844));
#2252=CARTESIAN_POINT('',(-0.00424187283240092,0.164493924989668,-0.133391089524114));
#2253=CARTESIAN_POINT('',(-0.00421310033882739,0.164746598280358,-0.132891252495916));
#2254=CARTESIAN_POINT('',(-0.00419490871632214,0.164874583719439,-0.132643401845957));
#2255=CARTESIAN_POINT('',(-0.00413134308359179,0.165263520133974,-0.131915600942515));
#2256=CARTESIAN_POINT('',(-0.00407699754116076,0.165530057449847,-0.131450507410194));
#2257=CARTESIAN_POINT('',(-0.00395955941148882,0.166085579129509,-0.130590662097816));
#2258=CARTESIAN_POINT('',(-0.00389672660523127,0.166374372487978,-0.130196145418551));
#2259=CARTESIAN_POINT('',(-0.00379094722803609,0.166896486771349,-0.129593902099051));
#2260=CARTESIAN_POINT('',(-0.00374709511917799,0.167123519918813,-0.129363464755494));
#2261=CARTESIAN_POINT('',(-0.00367902930872257,0.167503323668806,-0.129032495016845));
#2262=CARTESIAN_POINT('',(-0.00365360082178659,0.167651975784803,-0.128915578331884));
#2263=CARTESIAN_POINT('',(-0.00361040365988539,0.167917825158679,-0.128728672637449));
#2264=CARTESIAN_POINT('',(-0.00359226238671106,0.168034045355883,-0.128654219580868));
#2265=CARTESIAN_POINT('',(-0.00355697331931963,0.168269773626207,-0.128517784436311));
#2266=CARTESIAN_POINT('',(-0.00353985600221468,0.168389126279003,-0.128455965760935));
#2267=CARTESIAN_POINT('',(-0.00350281902384962,0.168658957525789,-0.128332573491904));
#2268=CARTESIAN_POINT('',(-0.00348327287713078,0.168809737246753,-0.128274949397477));
#2269=CARTESIAN_POINT('',(-0.00344829192370678,0.169095207685011,-0.12818682476198));
#2270=CARTESIAN_POINT('',(-0.00343269192480086,0.169229578547249,-0.128154316564716));
#2271=CARTESIAN_POINT('',(-0.00338849171215941,0.169630846290204,-0.128083613155346));
#2272=CARTESIAN_POINT('',(-0.00336244122125126,0.169897087664769,-0.128072990901958));
#2273=CARTESIAN_POINT('',(-0.00332866875224155,0.170284730569543,-0.128111266628099));
#2274=CARTESIAN_POINT('',(-0.00331799934331905,0.170416531641622,-0.12813480133538));
#2275=CARTESIAN_POINT('',(-0.00329873578292326,0.170673226054688,-0.128201934546342));
#2276=CARTESIAN_POINT('',(-0.00329021197569909,0.170797351096158,-0.128245513416505));
#2277=CARTESIAN_POINT('',(-0.00327699367878226,0.171009340084896,-0.128340119103593));
#2278=CARTESIAN_POINT('',(-0.00327188375931793,0.171099267022026,-0.128387743258077));
#2279=CARTESIAN_POINT('',(-0.00326311452497328,0.171270519942996,-0.128493554342981));
#2280=CARTESIAN_POINT('',(-0.00325942740620733,0.171352459180336,-0.1285521748023));
#2281=CARTESIAN_POINT('',(-0.0032541110744848,0.171491463939234,-0.128666803905528));
#2282=CARTESIAN_POINT('',(-0.00325221742233667,0.171550223858557,-0.128720979470823));
#2283=CARTESIAN_POINT('',(-0.00324937669415703,0.17166085353471,-0.128834858355644));
#2284=CARTESIAN_POINT('',(-0.00324842976165426,0.171712689797044,-0.128894515530109));
#2285=CARTESIAN_POINT('',(-0.00324727656978089,0.171827648854045,-0.129042442498393));
#2286=CARTESIAN_POINT('',(-0.00324749174570912,0.171888271735469,-0.129134041192272));
#2287=CARTESIAN_POINT('',(-0.00324951340747384,0.171984380726128,-0.129306964533364));
#2288=CARTESIAN_POINT('',(-0.00325099227887035,0.172022467209966,-0.129386661659421));
#2289=CARTESIAN_POINT('',(-0.00325508972940006,0.172088651355028,-0.129550172205339));
#2290=CARTESIAN_POINT('',(-0.00325769452239551,0.17211666908235,-0.12963364339459));
#2291=CARTESIAN_POINT('',(-0.00326466309939108,0.172167261626724,-0.129821159441014));
#2292=CARTESIAN_POINT('',(-0.00326928234812961,0.172187770026376,-0.129926322405233));
#2293=CARTESIAN_POINT('',(-0.00327908172789783,0.172211182655203,-0.130119265432188));
#2294=CARTESIAN_POINT('',(-0.00328396396441088,0.172216790993665,-0.130206301662817));
#2295=CARTESIAN_POINT('',(-0.00329473461531998,0.172218250500744,-0.130381462166025));
#2296=CARTESIAN_POINT('',(-0.00330059828363062,0.172214147623157,-0.130469260073096));
#2297=CARTESIAN_POINT('',(-0.00331524427488999,0.172193546328993,-0.130671940582345));
#2298=CARTESIAN_POINT('',(-0.00332439210854871,0.172173730424378,-0.130787387917539));
#2299=CARTESIAN_POINT('',(-0.00334243055059077,0.172123055263657,-0.13099516397893));
#2300=CARTESIAN_POINT('',(-0.0033510054504488,0.172095204979402,-0.131087485487792));
#2301=CARTESIAN_POINT('',(-0.00336061308929268,0.172060323970726,-0.131184200048029));
#2302=CARTESIAN_POINT('',(-0.00336112945870767,0.172058438838374,-0.131189378960171));
#2303=CARTESIAN_POINT('',(-0.00336164738879331,0.172056537621602,-0.13119455444223));
#2304=CARTESIAN_POINT('',(-0.00426628306361048,0.163961521293345,-0.134476981814007));
#2305=CARTESIAN_POINT('',(-0.00426628304441908,0.163963395635733,-0.134473371683061));
#2306=CARTESIAN_POINT('',(-0.00426628197444644,0.163965269788233,-0.134469761917836));
#2307=CARTESIAN_POINT('',(-0.00426616906115374,0.164065053960817,-0.134277570141691));
#2308=CARTESIAN_POINT('',(-0.00426317759014278,0.164162971200408,-0.13408899374001));
#2309=CARTESIAN_POINT('',(-0.004249582601854,0.16439308795578,-0.133648356278381));
#2310=CARTESIAN_POINT('',(-0.00423670344906723,0.164525223231505,-0.133397285929053));
#2311=CARTESIAN_POINT('',(-0.00420187271759657,0.16479127093586,-0.132900989224375));
#2312=CARTESIAN_POINT('',(-0.0041798628977882,0.164925530465488,-0.132655131001486));
#2313=CARTESIAN_POINT('',(-0.00410305150561183,0.165331356234093,-0.131934149218834));
#2314=CARTESIAN_POINT('',(-0.0040375009337135,0.165606535785117,-0.131474786337591));
#2315=CARTESIAN_POINT('',(-0.00389635517549184,0.166172655308013,-0.1306283840181));
#2316=CARTESIAN_POINT('',(-0.00382107325021921,0.166463450907821,-0.130241535014824));
#2317=CARTESIAN_POINT('',(-0.00369479828944374,0.166983671324838,-0.129652748539053));
#2318=CARTESIAN_POINT('',(-0.00364258562699321,0.16720832941062,-0.129428036733483));
#2319=CARTESIAN_POINT('',(-0.00356174351231431,0.167582017435663,-0.129105858729851));
#2320=CARTESIAN_POINT('',(-0.00353159131758468,0.167727780889195,-0.12899219956992));
#2321=CARTESIAN_POINT('',(-0.0034804446930779,0.167987715160713,-0.12881066549255));
#2322=CARTESIAN_POINT('',(-0.00345899071132564,0.168101104328678,-0.128738412374621));
#2323=CARTESIAN_POINT('',(-0.00341730282699105,0.168330653560599,-0.128606079353479));
#2324=CARTESIAN_POINT('',(-0.00339710515596607,0.168446660011969,-0.128546158386339));
#2325=CARTESIAN_POINT('',(-0.00335344820898193,0.16870849339346,-0.128426587276533));
#2326=CARTESIAN_POINT('',(-0.00333044086336326,0.16885450487219,-0.128370773158455));
#2327=CARTESIAN_POINT('',(-0.00328931287797286,0.169130479551391,-0.128285377450457));
#2328=CARTESIAN_POINT('',(-0.0032709929746402,0.169260180459397,-0.128253855277311));
#2329=CARTESIAN_POINT('',(-0.00321913479910544,0.169647004538631,-0.128185121995884));
#2330=CARTESIAN_POINT('',(-0.0031886401848698,0.169902980416376,-0.12817445975194));
#2331=CARTESIAN_POINT('',(-0.00314915731225702,0.170275002356446,-0.128210373140869));
#2332=CARTESIAN_POINT('',(-0.00313669524917154,0.170401359883733,-0.12823265474098));
#2333=CARTESIAN_POINT('',(-0.00311420867207912,0.170647250136214,-0.128296391630704));
#2334=CARTESIAN_POINT('',(-0.00310426639213524,0.170766045240846,-0.12833782928492));
#2335=CARTESIAN_POINT('',(-0.0030888553445799,0.170968794559658,-0.128427846218894));
#2336=CARTESIAN_POINT('',(-0.00308290060763369,0.171054751201267,-0.128473177972633));
#2337=CARTESIAN_POINT('',(-0.00307268429015412,0.171218368465126,-0.128573918624482));
#2338=CARTESIAN_POINT('',(-0.00306839033914559,0.171296614669719,-0.128629740371269));
#2339=CARTESIAN_POINT('',(-0.00306220009602591,0.171429301295346,-0.128738913471216));
#2340=CARTESIAN_POINT('',(-0.00305999563569028,0.171485370418702,-0.128790515981788));
#2341=CARTESIAN_POINT('',(-0.00305668893230528,0.171590902795782,-0.128898999398327));
#2342=CARTESIAN_POINT('',(-0.00305558685530937,0.171640334153709,-0.128955836354755));
#2343=CARTESIAN_POINT('',(-0.00305424483853793,0.171749928048459,-0.129096790444179));
#2344=CARTESIAN_POINT('',(-0.00305449539490959,0.1718076942362,-0.129184086956272));
#2345=CARTESIAN_POINT('',(-0.00305684880540488,0.171899229782087,-0.129348934434718));
#2346=CARTESIAN_POINT('',(-0.00305857032706153,0.171935485849539,-0.129424925248098));
#2347=CARTESIAN_POINT('',(-0.00306334090690883,0.171998450084212,-0.129580875547779));
#2348=CARTESIAN_POINT('',(-0.0030663739116444,0.172025082435963,-0.129660508435557));
#2349=CARTESIAN_POINT('',(-0.00307449023844186,0.172073111923658,-0.129839463727662));
#2350=CARTESIAN_POINT('',(-0.00307987142458999,0.172092532822307,-0.129939865002952));
#2351=CARTESIAN_POINT('',(-0.00309129232906546,0.172114568854756,-0.130124168088544));
#2352=CARTESIAN_POINT('',(-0.00309698400796101,0.172119771650826,-0.130207340520235));
#2353=CARTESIAN_POINT('',(-0.00310954565835424,0.172120830243795,-0.130374806501472));
#2354=CARTESIAN_POINT('',(-0.00311638674427815,0.172116730684064,-0.13045878762221));
#2355=CARTESIAN_POINT('',(-0.00313348246345236,0.172096589206915,-0.130652765788986));
#2356=CARTESIAN_POINT('',(-0.00314416597409491,0.172077363772573,-0.13076333509539));
#2357=CARTESIAN_POINT('',(-0.00316524875161012,0.172028322685528,-0.130962506090931));
#2358=CARTESIAN_POINT('',(-0.0031752761019288,0.172001401292359,-0.131051066030591));
#2359=CARTESIAN_POINT('',(-0.00318651864623151,0.171967696542362,-0.131143914284313));
#2360=CARTESIAN_POINT('',(-0.00318712290616203,0.171965875013136,-0.131148886387108));
#2361=CARTESIAN_POINT('',(-0.00318772901412754,0.171964037971887,-0.131153855423697));
#2362=CARTESIAN_POINT('',(-0.00426628306361048,0.163961521293345,-0.134476981814007));
#2363=CARTESIAN_POINT('',(-0.00426628304224301,0.163963608172755,-0.134473410871326));
#2364=CARTESIAN_POINT('',(-0.00426628154978107,0.163965694840742,-0.134469840290395));
#2365=CARTESIAN_POINT('',(-0.00426612376403477,0.1640767937216,-0.134279734812918));
#2366=CARTESIAN_POINT('',(-0.00426193484227518,0.164185807943082,-0.134093208172592));
#2367=CARTESIAN_POINT('',(-0.00424291415882694,0.164441350511105,-0.133657620088598));
#2368=CARTESIAN_POINT('',(-0.00422490065328931,0.164587576306138,-0.133409632959069));
#2369=CARTESIAN_POINT('',(-0.00417629644771283,0.164879771451143,-0.132920280245799));
#2370=CARTESIAN_POINT('',(-0.00414562627185279,0.165026114212031,-0.132678295931293));
#2371=CARTESIAN_POINT('',(-0.00403892927328503,0.165463718706507,-0.131970365149582));
#2372=CARTESIAN_POINT('',(-0.00394829702970599,0.165753992121399,-0.131521731120191));
#2373=CARTESIAN_POINT('',(-0.00375490397858692,0.166335921339567,-0.130699229153644));
#2374=CARTESIAN_POINT('',(-0.00365257443982809,0.166627564687059,-0.130325442077591));
#2375=CARTESIAN_POINT('',(-0.00348251397599955,0.167139293982673,-0.129757935228906));
#2376=CARTESIAN_POINT('',(-0.00341266372053473,0.167357452318242,-0.129541796081082));
#2377=CARTESIAN_POINT('',(-0.00330519264214733,0.167717036947943,-0.129231826412892));
#2378=CARTESIAN_POINT('',(-0.00326527603237093,0.167856536053321,-0.129122451700739));
#2379=CARTESIAN_POINT('',(-0.00319781903408917,0.168104321174312,-0.128947535515844));
#2380=CARTESIAN_POINT('',(-0.00316961051208978,0.168212089221187,-0.128877834625868));
#2381=CARTESIAN_POINT('',(-0.00311494932508815,0.16842977733825,-0.128749928374188));
#2382=CARTESIAN_POINT('',(-0.00308854493415065,0.168539549236446,-0.128691875306379));
#2383=CARTESIAN_POINT('',(-0.00303162278910341,0.168786932456122,-0.128575635897186));
#2384=CARTESIAN_POINT('',(-0.00300173326031099,0.16892462537724,-0.128521065916351));
#2385=CARTESIAN_POINT('',(-0.00294846007372836,0.169184613757901,-0.128436843728462));
#2386=CARTESIAN_POINT('',(-0.00292480152964914,0.169306688351612,-0.128405368852763));
#2387=CARTESIAN_POINT('',(-0.00285799184155063,0.169670625025775,-0.128335291301289));
#2388=CARTESIAN_POINT('',(-0.00281893475611286,0.169911282641506,-0.128321689435382));
#2389=CARTESIAN_POINT('',(-0.002768533356982,0.170261177609441,-0.128350443377541));
#2390=CARTESIAN_POINT('',(-0.00275266253521504,0.170380040508636,-0.128369729043906));
#2391=CARTESIAN_POINT('',(-0.00272406983459312,0.17061139229501,-0.128426531809782));
#2392=CARTESIAN_POINT('',(-0.00271145292022334,0.170723187102958,-0.128464043175244));
#2393=CARTESIAN_POINT('',(-0.0026919187543261,0.170913993748469,-0.12854633305667));
#2394=CARTESIAN_POINT('',(-0.0026843802060393,0.170994888361628,-0.12858800757867));
#2395=CARTESIAN_POINT('',(-0.00267145546493,0.171148836407174,-0.128681015656727));
#2396=CARTESIAN_POINT('',(-0.00266602839142687,0.171222440611147,-0.128732731663475));
#2397=CARTESIAN_POINT('',(-0.00265820800389187,0.171347182129276,-0.128834153223636));
#2398=CARTESIAN_POINT('',(-0.0026554245382685,0.171399866052781,-0.128882182566842));
#2399=CARTESIAN_POINT('',(-0.00265125014629779,0.171498946381629,-0.128983307386449));
#2400=CARTESIAN_POINT('',(-0.00264985942648751,0.171545312818888,-0.129036361684674));
#2401=CARTESIAN_POINT('',(-0.0026481660931235,0.171647981248073,-0.129168072185949));
#2402=CARTESIAN_POINT('',(-0.00264848240433363,0.171701983436242,-0.129249750987986));
#2403=CARTESIAN_POINT('',(-0.00265145309772427,0.171787284137017,-0.129404115954404));
#2404=CARTESIAN_POINT('',(-0.00265362619513402,0.171820961597969,-0.129475316768525));
#2405=CARTESIAN_POINT('',(-0.00265965101980841,0.171879190166769,-0.129621481454742));
#2406=CARTESIAN_POINT('',(-0.00266348246383896,0.171903672659554,-0.129696138886015));
#2407=CARTESIAN_POINT('',(-0.00267374258765465,0.171947440658907,-0.129863920634401));
#2408=CARTESIAN_POINT('',(-0.00268054888115191,0.171964833350984,-0.129958057721947));
#2409=CARTESIAN_POINT('',(-0.00269501132402378,0.171983808444849,-0.130130825040603));
#2410=CARTESIAN_POINT('',(-0.00270222393953312,0.171987860740255,-0.130208778740142));
#2411=CARTESIAN_POINT('',(-0.00271815977448543,0.171987069995592,-0.130365693879416));
#2412=CARTESIAN_POINT('',(-0.00272684626789738,0.171982272811347,-0.130444362743172));
#2413=CARTESIAN_POINT('',(-0.00274858123614187,0.171961062127662,-0.130626012373351));
#2414=CARTESIAN_POINT('',(-0.00276218231427722,0.171941620835044,-0.130729511404071));
#2415=CARTESIAN_POINT('',(-0.00278907595794988,0.171892943829686,-0.130915873445977));
#2416=CARTESIAN_POINT('',(-0.00280188444757489,0.171866451714877,-0.130998712326251));
#2417=CARTESIAN_POINT('',(-0.00281627005985058,0.171833487295272,-0.131085544303236));
#2418=CARTESIAN_POINT('',(-0.00281704332275353,0.171831706291561,-0.131090194174239));
#2419=CARTESIAN_POINT('',(-0.00281781902237251,0.171829910632334,-0.131094841125259));
#2420=CARTESIAN_POINT('',(-0.00426628306361048,0.163961521293345,-0.134476981814007));
#2421=CARTESIAN_POINT('',(-0.00426628304115497,0.163963714441266,-0.134473430465458));
#2422=CARTESIAN_POINT('',(-0.00426628131117876,0.163965907366997,-0.134469879476675));
#2423=CARTESIAN_POINT('',(-0.00426609829192474,0.164082663593937,-0.134280817147052));
#2424=CARTESIAN_POINT('',(-0.00426123557563669,0.16419722576351,-0.134095315354011));
#2425=CARTESIAN_POINT('',(-0.0042391653370948,0.164465429577951,-0.133662242030126));
#2426=CARTESIAN_POINT('',(-0.00421826724040687,0.164618631137634,-0.133415783584026));
#2427=CARTESIAN_POINT('',(-0.00416194780729239,0.164923599280769,-0.132929834532288));
#2428=CARTESIAN_POINT('',(-0.00412643548100382,0.16507575115354,-0.132689731693046));
#2429=CARTESIAN_POINT('',(-0.00400309874458628,0.165528244797444,-0.131988032730231));
#2430=CARTESIAN_POINT('',(-0.00389859002852582,0.165824969484161,-0.131544396812302));
#2431=CARTESIAN_POINT('',(-0.00367665875539681,0.16641210909202,-0.13073235149374));
#2432=CARTESIAN_POINT('',(-0.00355973203235533,0.166702596833932,-0.130363958023824));
#2433=CARTESIAN_POINT('',(-0.00336638556605275,0.167207726883013,-0.129804272026647));
#2434=CARTESIAN_POINT('',(-0.00328726040872863,0.167421759686518,-0.129590978942595));
#2435=CARTESIAN_POINT('',(-0.00316594091981675,0.167773355616317,-0.12928442382576));
#2436=CARTESIAN_POINT('',(-0.00312098541906506,0.167909478722889,-0.129176075171278));
#2437=CARTESIAN_POINT('',(-0.00304517097750228,0.168151029465434,-0.129002403657033));
#2438=CARTESIAN_POINT('',(-0.00301352221144584,0.168256007351023,-0.128933054336243));
#2439=CARTESIAN_POINT('',(-0.00295228987072149,0.168468013426853,-0.128805471267501));
#2440=CARTESIAN_POINT('',(-0.00292276085650462,0.168574897078849,-0.128747387648813));
#2441=CARTESIAN_POINT('',(-0.00285919750751413,0.168815828454029,-0.12863065714455));
#2442=CARTESIAN_POINT('',(-0.00282588930275286,0.168949971460497,-0.128575520439046));
#2443=CARTESIAN_POINT('',(-0.00276662235929576,0.169203470335128,-0.128489741291873));
#2444=CARTESIAN_POINT('',(-0.00274034717367811,0.169322589172437,-0.128457327012547));
#2445=CARTESIAN_POINT('',(-0.00266625016883998,0.169678084225823,-0.128383933272359));
#2446=CARTESIAN_POINT('',(-0.0026230788361946,0.169913690923236,-0.128367430912285));
#2447=CARTESIAN_POINT('',(-0.00256747496119322,0.170257083011744,-0.128391387170215));
#2448=CARTESIAN_POINT('',(-0.00254998989208302,0.170373895975725,-0.128408929946353));
#2449=CARTESIAN_POINT('',(-0.00251851752671445,0.17060151581063,-0.128462195069271));
#2450=CARTESIAN_POINT('',(-0.00250464602371985,0.170711641458463,-0.12849792158705));
#2451=CARTESIAN_POINT('',(-0.00248318397538092,0.170899747215697,-0.128577073822812));
#2452=CARTESIAN_POINT('',(-0.00247490741278183,0.170979551017681,-0.128617383890933));
#2453=CARTESIAN_POINT('',(-0.00246072303012369,0.171131467284481,-0.128707730742406));
#2454=CARTESIAN_POINT('',(-0.00245477039128957,0.17120412338783,-0.128758140262648));
#2455=CARTESIAN_POINT('',(-0.00244619482274165,0.171327239412781,-0.128857267392402));
#2456=CARTESIAN_POINT('',(-0.00244314353776859,0.171379229562169,-0.128904297161415));
#2457=CARTESIAN_POINT('',(-0.00243856800058896,0.171476956326902,-0.129003460007167));
#2458=CARTESIAN_POINT('',(-0.0024370439728423,0.17152266330281,-0.12905555248106));
#2459=CARTESIAN_POINT('',(-0.00243518837953258,0.171623772650331,-0.129184993815805));
#2460=CARTESIAN_POINT('',(-0.00243553502151583,0.171676868168975,-0.12926535805723));
#2461=CARTESIAN_POINT('',(-0.00243879084266443,0.171760508449265,-0.129417318202484));
#2462=CARTESIAN_POINT('',(-0.00244117256862478,0.171793438096716,-0.129487436173021));
#2463=CARTESIAN_POINT('',(-0.0024477776923,0.171850151533258,-0.129631377209413));
#2464=CARTESIAN_POINT('',(-0.00245197884704888,0.171873869788677,-0.129704898356528));
#2465=CARTESIAN_POINT('',(-0.00246323365025597,0.17191593975169,-0.129870069243849));
#2466=CARTESIAN_POINT('',(-0.00247070221480057,0.171932391859577,-0.129962704896247));
#2467=CARTESIAN_POINT('',(-0.00248658279893339,0.171949682652991,-0.130132578284527));
#2468=CARTESIAN_POINT('',(-0.00249450598633373,0.171952989945959,-0.130209177886053));
#2469=CARTESIAN_POINT('',(-0.00251202300678682,0.171950750567196,-0.130363238332566));
#2470=CARTESIAN_POINT('',(-0.00252157641727544,0.171945252275149,-0.130440412514921));
#2471=CARTESIAN_POINT('',(-0.00254549828217667,0.171922512055483,-0.130618437695557));
#2472=CARTESIAN_POINT('',(-0.00256047964832284,0.17190226404744,-0.130719745416879));
#2473=CARTESIAN_POINT('',(-0.00259013676738748,0.171852316197503,-0.130901905126776));
#2474=CARTESIAN_POINT('',(-0.00260427252758588,0.171825324035746,-0.130982785161352));
#2475=CARTESIAN_POINT('',(-0.00262016476126606,0.171791923181993,-0.131067467786342));
#2476=CARTESIAN_POINT('',(-0.00262101905393403,0.171790119073426,-0.131072002267834));
#2477=CARTESIAN_POINT('',(-0.00262187608452315,0.171788300593323,-0.131076533611491));
#2478=CARTESIAN_POINT('',(-0.00426628306361048,0.163961521293345,-0.134476981814007));
#2479=CARTESIAN_POINT('',(-0.00426628303897889,0.163963926978289,-0.134473469653723));
#2480=CARTESIAN_POINT('',(-0.00426628078143485,0.163966332419505,-0.134469957849234));
#2481=CARTESIAN_POINT('',(-0.00426604170061551,0.164094403318488,-0.134282981811621));
#2482=CARTESIAN_POINT('',(-0.00425968085473857,0.164220059991703,-0.13409952962273));
#2483=CARTESIAN_POINT('',(-0.00423084216616003,0.164513457368892,-0.133671461038904));
#2484=CARTESIAN_POINT('',(-0.00420354604622617,0.1646804368124,-0.13342802763061));
#2485=CARTESIAN_POINT('',(-0.00413019403683632,0.165010205909843,-0.132948716554687));
#2486=CARTESIAN_POINT('',(-0.00408402313536655,0.165173401446531,-0.132712239359596));
#2487=CARTESIAN_POINT('',(-0.00392429880142321,0.165653227315646,-0.132022284795699));
#2488=CARTESIAN_POINT('',(-0.00378975247388058,0.165960201478613,-0.131587749095107));
#2489=CARTESIAN_POINT('',(-0.00350727653092193,0.166551440610502,-0.130793082170237));
#2490=CARTESIAN_POINT('',(-0.00335997735783086,0.166836004630092,-0.130432815589015));
#2491=CARTESIAN_POINT('',(-0.00311930130113188,0.1673227679917,-0.129882376979666));
#2492=CARTESIAN_POINT('',(-0.00302167108637515,0.167526698776291,-0.129671552721668));
#2493=CARTESIAN_POINT('',(-0.0028732201959881,0.167860468846235,-0.129365922257746));
#2494=CARTESIAN_POINT('',(-0.00281852005482899,0.167989405999074,-0.129257199385389));
#2495=CARTESIAN_POINT('',(-0.00272673471361369,0.168218333317293,-0.129081579174794));
#2496=CARTESIAN_POINT('',(-0.00268857912211284,0.168317866204674,-0.129010960844702));
#2497=CARTESIAN_POINT('',(-0.00261503545083066,0.168519234810086,-0.128880025766054));
#2498=CARTESIAN_POINT('',(-0.00257971431471483,0.168620935099151,-0.128819857446525));
#2499=CARTESIAN_POINT('',(-0.00250395847684466,0.168850846885428,-0.12869765809818));
#2500=CARTESIAN_POINT('',(-0.00246446076351317,0.168979319663323,-0.128638942397808));
#2501=CARTESIAN_POINT('',(-0.0023944680758188,0.169223269238899,-0.128545689919652));
#2502=CARTESIAN_POINT('',(-0.00236356861512482,0.169338400048627,-0.128509461047754));
#2503=CARTESIAN_POINT('',(-0.00227672442098426,0.169683648814489,-0.128424186823701));
#2504=CARTESIAN_POINT('',(-0.0022265468205481,0.169914800743954,-0.128399144417679));
#2505=CARTESIAN_POINT('',(-0.00216222404985491,0.1702549004546,-0.128411350954434));
#2506=CARTESIAN_POINT('',(-0.0021420659393737,0.170371203338498,-0.128425033670571));
#2507=CARTESIAN_POINT('',(-0.00210586376083463,0.170598798834109,-0.128471337104164));
#2508=CARTESIAN_POINT('',(-0.0020899536347395,0.170709416927759,-0.128503989108464));
#2509=CARTESIAN_POINT('',(-0.00206537885745441,0.170898939697214,-0.128578574595201));
#2510=CARTESIAN_POINT('',(-0.00205591899390644,0.170979556402197,-0.128617200468518));
#2511=CARTESIAN_POINT('',(-0.00203972281543267,0.171133228610073,-0.128704869117496));
#2512=CARTESIAN_POINT('',(-0.00203293545871269,0.171206834800242,-0.128754277052675));
#2513=CARTESIAN_POINT('',(-0.00202316347415725,0.171331565629097,-0.128852191388813));
#2514=CARTESIAN_POINT('',(-0.00201968923367936,0.171384238926469,-0.128898890834771));
#2515=CARTESIAN_POINT('',(-0.00201448085883795,0.17148314465017,-0.128997753301016));
#2516=CARTESIAN_POINT('',(-0.00201274697483028,0.17152934679215,-0.129049875189864));
#2517=CARTESIAN_POINT('',(-0.00201063593639412,0.171631303797826,-0.129179707774669));
#2518=CARTESIAN_POINT('',(-0.00201103021547117,0.171684626825955,-0.129260563439747));
#2519=CARTESIAN_POINT('',(-0.00201473505729544,0.171768020334551,-0.129413629816561));
#2520=CARTESIAN_POINT('',(-0.00201744546465367,0.17180060764034,-0.129484316392412));
#2521=CARTESIAN_POINT('',(-0.00202496754552128,0.171856134356841,-0.129629374048354));
#2522=CARTESIAN_POINT('',(-0.00202975386997363,0.171879013097924,-0.129703440687196));
#2523=CARTESIAN_POINT('',(-0.00204258961089752,0.171918697001992,-0.129869604360338));
#2524=CARTESIAN_POINT('',(-0.00205111420930622,0.171933491503797,-0.12996264833541));
#2525=CARTESIAN_POINT('',(-0.00206927144652329,0.171947234800706,-0.130132765639941));
#2526=CARTESIAN_POINT('',(-0.00207834001081434,0.171948766576204,-0.130209298732989));
#2527=CARTESIAN_POINT('',(-0.00209842139562093,0.171942679812545,-0.130362762581958));
#2528=CARTESIAN_POINT('',(-0.00210938772464891,0.171935118395484,-0.130439409938107));
#2529=CARTESIAN_POINT('',(-0.0021368983566197,0.171907414312256,-0.130615596563907));
#2530=CARTESIAN_POINT('',(-0.00215416098554532,0.171884192289163,-0.130715403819695));
#2531=CARTESIAN_POINT('',(-0.00218843230323801,0.171828836586156,-0.130893921527242));
#2532=CARTESIAN_POINT('',(-0.00220479927845035,0.17179942295814,-0.130972849383659));
#2533=CARTESIAN_POINT('',(-0.00222324577112874,0.171763532846825,-0.13105512210361));
#2534=CARTESIAN_POINT('',(-0.00222423749839394,0.171761595587335,-0.131059526431842));
#2535=CARTESIAN_POINT('',(-0.0022252325358575,0.171759644200532,-0.131063926602256));
#2536=CARTESIAN_POINT('',(-0.00426628306361048,0.163961521293345,-0.134476981814007));
#2537=CARTESIAN_POINT('',(-0.00426628303789085,0.1639640332468,-0.134473489247855));
#2538=CARTESIAN_POINT('',(-0.00426628049029324,0.163966544945759,-0.134469997035514));
#2539=CARTESIAN_POINT('',(-0.0042660105814163,0.164100273170702,-0.134284064142055));
#2540=CARTESIAN_POINT('',(-0.00425882540044753,0.164231476399622,-0.134101636710059));
#2541=CARTESIAN_POINT('',(-0.00422626781707708,0.164537406092194,-0.133676058106003));
#2542=CARTESIAN_POINT('',(-0.00419545826439272,0.164711187654294,-0.133434121052098));
#2543=CARTESIAN_POINT('',(-0.00411278891702683,0.16505298467972,-0.132958044284244));
#2544=CARTESIAN_POINT('',(-0.00406080160120079,0.165221414740099,-0.132723311252051));
#2545=CARTESIAN_POINT('',(-0.00388132954161724,0.165713683475274,-0.132038869210299));
#2546=CARTESIAN_POINT('',(-0.00373062228761504,0.166024455502861,-0.131608435525215));
#2547=CARTESIAN_POINT('',(-0.00341614161479202,0.166614582563848,-0.130820689749788));
#2548=CARTESIAN_POINT('',(-0.00325306872589775,0.166894377613239,-0.130463155921193));
#2549=CARTESIAN_POINT('',(-0.00298835356161086,0.167369372323853,-0.129914142555784));
#2550=CARTESIAN_POINT('',(-0.00288149560698342,0.167567326205853,-0.129702940410812));
#2551=CARTESIAN_POINT('',(-0.00271976643409501,0.167891258826109,-0.129394819022025));
#2552=CARTESIAN_POINT('',(-0.00266036253776583,0.16801638600363,-0.129284695488921));
#2553=CARTESIAN_POINT('',(-0.00256096750720997,0.168238924412431,-0.129105881319778));
#2554=CARTESIAN_POINT('',(-0.00251974704644969,0.168335802578629,-0.129033642184605));
#2555=CARTESIAN_POINT('',(-0.00244046676384007,0.168532216088524,-0.128899031549905));
#2556=CARTESIAN_POINT('',(-0.00240247998054848,0.168631621478991,-0.128836808944676));
#2557=CARTESIAN_POINT('',(-0.00232117710263045,0.16885696609292,-0.128709631676302));
#2558=CARTESIAN_POINT('',(-0.00227891096919205,0.168983318930868,-0.128647903705051));
#2559=CARTESIAN_POINT('',(-0.00220419086631353,0.1692242094498,-0.12854873504735));
#2560=CARTESIAN_POINT('',(-0.00217128592613368,0.169338308346523,-0.128509631159515));
#2561=CARTESIAN_POINT('',(-0.00207898822421245,0.169681753459474,-0.128415793380718));
#2562=CARTESIAN_POINT('',(-0.00202592272835012,0.16991350212208,-0.128385112229615));
#2563=CARTESIAN_POINT('',(-0.00195808915936438,0.170256812801102,-0.128390368090689));
#2564=CARTESIAN_POINT('',(-0.00193687409173639,0.170374655626693,-0.128401934133257));
#2565=CARTESIAN_POINT('',(-0.0018988251534828,0.170605958755798,-0.128444814475603));
#2566=CARTESIAN_POINT('',(-0.00188213253300668,0.170718738389016,-0.128476177269338));
#2567=CARTESIAN_POINT('',(-0.00185637533394748,0.170912378841946,-0.128549334357246));
#2568=CARTESIAN_POINT('',(-0.001846471136093,0.170994899131167,-0.128587640761405));
#2569=CARTESIAN_POINT('',(-0.00182952445175424,0.171152358769316,-0.128675292876651));
#2570=CARTESIAN_POINT('',(-0.00182242864389403,0.171227862986238,-0.128725005884955));
#2571=CARTESIAN_POINT('',(-0.00181221644095297,0.171355833835052,-0.12882400206955));
#2572=CARTESIAN_POINT('',(-0.00180858742879402,0.171409883935873,-0.128871370826316));
#2573=CARTESIAN_POINT('',(-0.00180314790941205,0.171511321977157,-0.128971894943563));
#2574=CARTESIAN_POINT('',(-0.00180133766048606,0.17155867865987,-0.129025008068781));
#2575=CARTESIAN_POINT('',(-0.00179913366012716,0.171663042257933,-0.129157501005837));
#2576=CARTESIAN_POINT('',(-0.00179954520354826,0.171717499426797,-0.129240162570625));
#2577=CARTESIAN_POINT('',(-0.00180341354670917,0.17180230663184,-0.129396739808815));
#2578=CARTESIAN_POINT('',(-0.00180624372074721,0.171835299471911,-0.129469077735046));
#2579=CARTESIAN_POINT('',(-0.00181410167178207,0.171891154810485,-0.129617475468328));
#2580=CARTESIAN_POINT('',(-0.0018191029559976,0.171913958421153,-0.129693223790036));
#2581=CARTESIAN_POINT('',(-0.00183252363132809,0.171952954708192,-0.129862990943035));
#2582=CARTESIAN_POINT('',(-0.00184144112106449,0.171967032464358,-0.129957944609211));
#2583=CARTESIAN_POINT('',(-0.00186045504862866,0.171978913132387,-0.130131199721439));
#2584=CARTESIAN_POINT('',(-0.00186995751877051,0.171979414669397,-0.130209020415545));
#2585=CARTESIAN_POINT('',(-0.00189102012703581,0.171970929730503,-0.130364742451889));
#2586=CARTESIAN_POINT('',(-0.0019025314056419,0.171962006593989,-0.13044235774338));
#2587=CARTESIAN_POINT('',(-0.00193144132545276,0.171930868864048,-0.130620330529779));
#2588=CARTESIAN_POINT('',(-0.00194960334591542,0.171905479924275,-0.130720828839998));
#2589=CARTESIAN_POINT('',(-0.00198572235168534,0.171845987847194,-0.130899907350756));
#2590=CARTESIAN_POINT('',(-0.00200299185682618,0.171814653062154,-0.130978842118397));
#2591=CARTESIAN_POINT('',(-0.00202248444278902,0.171776710370332,-0.131060854566485));
#2592=CARTESIAN_POINT('',(-0.00202353249200154,0.171774663077683,-0.131065244146106));
#2593=CARTESIAN_POINT('',(-0.00202458412235109,0.171772601617862,-0.131069628765841));
#2594=CARTESIAN_POINT('',(-0.00426628306361048,0.163961521293345,-0.134476981814007));
#2595=CARTESIAN_POINT('',(-0.00426628303680281,0.163964139515311,-0.134473508841987));
#2596=CARTESIAN_POINT('',(-0.00426628017288195,0.163966757472013,-0.134470036221794));
#2597=CARTESIAN_POINT('',(-0.00426597663867976,0.164106143010849,-0.134285146470269));
#2598=CARTESIAN_POINT('',(-0.00425789160738324,0.164242891934162,-0.134103743735886));
#2599=CARTESIAN_POINT('',(-0.00422128294564392,0.164561276742773,-0.133680640273672));
#2600=CARTESIAN_POINT('',(-0.00418664921714189,0.164741756305123,-0.133440180168037));
#2601=CARTESIAN_POINT('',(-0.00409389470891167,0.165095139117029,-0.132967237174849));
#2602=CARTESIAN_POINT('',(-0.00403563392001043,0.165268463809283,-0.132734166929178));
#2603=CARTESIAN_POINT('',(-0.003835031073367,0.165771746841223,-0.132054816608021));
#2604=CARTESIAN_POINT('',(-0.00366725119974173,0.166084786792858,-0.1316279617443));
#2605=CARTESIAN_POINT('',(-0.00331981521966815,0.166670300841322,-0.130845156365777));
#2606=CARTESIAN_POINT('',(-0.00314092776858619,0.166943394019685,-0.130488887850032));
#2607=CARTESIAN_POINT('',(-0.00285290299110033,0.167404009372747,-0.129937913175846));
#2608=CARTESIAN_POINT('',(-0.00273735251529862,0.167595104878323,-0.129724657683998));
#2609=CARTESIAN_POINT('',(-0.0025634823581348,0.167908420594306,-0.129411058079556));
#2610=CARTESIAN_POINT('',(-0.0024998749182708,0.168029593267176,-0.129298323671407));
#2611=CARTESIAN_POINT('',(-0.00239382650949588,0.168245808835806,-0.129114137380464));
#2612=CARTESIAN_POINT('',(-0.00234997944966225,0.168340167088314,-0.129039320827081));
#2613=CARTESIAN_POINT('',(-0.00226587591250632,0.168532125393482,-0.128899119507782));
#2614=CARTESIAN_POINT('',(-0.00222569809010343,0.168629601779718,-0.128833885492178));
#2615=CARTESIAN_POINT('',(-0.00213993256094226,0.168851468275688,-0.128699636443238));
#2616=CARTESIAN_POINT('',(-0.00209551166989491,0.16897649122992,-0.128633774909764));
#2617=CARTESIAN_POINT('',(-0.00201721896163461,0.169216152087605,-0.12852672845343));
#2618=CARTESIAN_POINT('',(-0.00198284914675984,0.169330222738634,-0.128483895346397));
#2619=CARTESIAN_POINT('',(-0.00188668455420356,0.169675259251553,-0.128379228079162));
#2620=CARTESIAN_POINT('',(-0.00183174422216662,0.169910409355371,-0.128341801872518));
#2621=CARTESIAN_POINT('',(-0.0017617650368868,0.17026164215422,-0.128339377048962));
#2622=CARTESIAN_POINT('',(-0.00173993602690761,0.170382747893454,-0.128348750007496));
#2623=CARTESIAN_POINT('',(-0.00170085360118879,0.170621299835313,-0.128388450101986));
#2624=CARTESIAN_POINT('',(-0.00168374590812366,0.170738049984406,-0.128418845688539));
#2625=CARTESIAN_POINT('',(-0.00165738265487817,0.170939011248285,-0.128491517994211));
#2626=CARTESIAN_POINT('',(-0.00164725965214409,0.171024835878409,-0.128530051202704));
#2627=CARTESIAN_POINT('',(-0.00162995200867636,0.171188799253262,-0.128619023894829));
#2628=CARTESIAN_POINT('',(-0.00162271302539516,0.171267526985157,-0.128669838678426));
#2629=CARTESIAN_POINT('',(-0.00161229983327564,0.171401003750258,-0.128771559527817));
#2630=CARTESIAN_POINT('',(-0.00160860167753777,0.171457394937982,-0.128820401643666));
#2631=CARTESIAN_POINT('',(-0.00160305966342261,0.171563178039517,-0.128924320578696));
#2632=CARTESIAN_POINT('',(-0.00160121606432763,0.171612537125972,-0.128979353277218));
#2633=CARTESIAN_POINT('',(-0.00159897145432536,0.171721168079704,-0.129116839938608));
#2634=CARTESIAN_POINT('',(-0.00159939041446293,0.171777723397105,-0.129202776967071));
#2635=CARTESIAN_POINT('',(-0.00160333036369413,0.171865414475823,-0.129365645684515));
#2636=CARTESIAN_POINT('',(-0.00160621313976479,0.17189937208403,-0.129440918402588));
#2637=CARTESIAN_POINT('',(-0.00161422173760144,0.171956469297962,-0.129595269188804));
#2638=CARTESIAN_POINT('',(-0.00161932054249384,0.171979551031694,-0.129674023306836));
#2639=CARTESIAN_POINT('',(-0.00163301404621881,0.172018411771105,-0.129850320440636));
#2640=CARTESIAN_POINT('',(-0.00164211862665547,0.172031928419367,-0.129948794426853));
#2641=CARTESIAN_POINT('',(-0.0016615575809473,0.172041964773493,-0.130128049473506));
#2642=CARTESIAN_POINT('',(-0.00167128039846467,0.172041351382389,-0.130208416399053));
#2643=CARTESIAN_POINT('',(-0.00169285826193805,0.17203012498726,-0.130368845812614));
#2644=CARTESIAN_POINT('',(-0.0017046631251901,0.172019583055401,-0.130448615433876));
#2645=CARTESIAN_POINT('',(-0.0017343528228767,0.171984240215961,-0.130630999102732));
#2646=CARTESIAN_POINT('',(-0.00175303283396923,0.171956115512264,-0.130733600592698));
#2647=CARTESIAN_POINT('',(-0.00179026406061365,0.171891260174152,-0.130915601691798));
#2648=CARTESIAN_POINT('',(-0.00180809189742663,0.171857387118607,-0.130995528967319));
#2649=CARTESIAN_POINT('',(-0.0018282529127994,0.171816680899282,-0.131078240158873));
#2650=CARTESIAN_POINT('',(-0.00182933700880307,0.171814485307919,-0.13108266612071));
#2651=CARTESIAN_POINT('',(-0.00183042491871537,0.171812275341374,-0.131087086062985));
#2652=EDGE_LOOP('',(#3846,#3847,#3848,#3849,#3850));
#2653=AXIS2_PLACEMENT_3D('',#3851,#3852,#3853);
#2654=EDGE_LOOP('',(#3854,#3855,#3856,#3857,#3858,#3859));
#2655=CARTESIAN_POINT('',(-0.00626616507349376,0.170962576562863,-0.145722278748812));
#2656=CARTESIAN_POINT('',(-0.00609152278905037,0.170963115321791,-0.145722107765615));
#2657=CARTESIAN_POINT('',(-0.00591689423877728,0.170956715994217,-0.145700002836742));
#2658=CARTESIAN_POINT('',(-0.00557952649103902,0.170930475848361,-0.145613426595598));
#2659=CARTESIAN_POINT('',(-0.00541681368753872,0.170910637082974,-0.14554896205662));
#2660=CARTESIAN_POINT('',(-0.00511438271219236,0.170858869741916,-0.145382058984553));
#2661=CARTESIAN_POINT('',(-0.00497468820103244,0.170826945216261,-0.145279633509126));
#2662=CARTESIAN_POINT('',(-0.00472783007337305,0.17075318297131,-0.145043792070954));
#2663=CARTESIAN_POINT('',(-0.00462068576981748,0.170711351022799,-0.144910394559265));
#2664=CARTESIAN_POINT('',(-0.00444624460711379,0.170620626965775,-0.144621707160232));
#2665=CARTESIAN_POINT('',(-0.0043789613953677,0.170571741955054,-0.144466439858347));
#2666=CARTESIAN_POINT('',(-0.00428884001529116,0.170470246550377,-0.14414460479487));
#2667=CARTESIAN_POINT('',(-0.00426600889760397,0.170417644096912,-0.143978062212043));
#2668=CARTESIAN_POINT('',(-0.00426618276947667,0.170364973439214,-0.143811550895061));
#2669=CARTESIAN_POINT('',(-0.0062661957607755,0.170971574391705,-0.145719432599002));
#2670=CARTESIAN_POINT('',(-0.0060915895125992,0.170971933397723,-0.145719318474497));
#2671=CARTESIAN_POINT('',(-0.00591699698429279,0.170965357259493,-0.145697279656936));
#2672=CARTESIAN_POINT('',(-0.00557969387719144,0.170938781206904,-0.145610849029004));
#2673=CARTESIAN_POINT('',(-0.00541700966518342,0.17091878337,-0.145546463974857));
#2674=CARTESIAN_POINT('',(-0.00511462188149068,0.170866725895449,-0.14537972601051));
#2675=CARTESIAN_POINT('',(-0.00497494194728325,0.170834670327123,-0.145277386134111));
#2676=CARTESIAN_POINT('',(-0.00472809400368894,0.170760682045817,-0.145041713279435));
#2677=CARTESIAN_POINT('',(-0.00462094529026373,0.170718755116473,-0.144908398723559));
#2678=CARTESIAN_POINT('',(-0.00444647358026768,0.17062788244409,-0.144619865164986));
#2679=CARTESIAN_POINT('',(-0.00437916422205209,0.170578943804525,-0.144464668716781));
#2680=CARTESIAN_POINT('',(-0.00428896868108245,0.17047738476342,-0.144142954033242));
#2681=CARTESIAN_POINT('',(-0.00426608954886625,0.170424772300697,-0.143976460946152));
#2682=CARTESIAN_POINT('',(-0.00426620578093244,0.170372113040518,-0.143809984399851));
#2683=CARTESIAN_POINT('',(-0.00626621110772036,0.170980572278897,-0.145716586430686));
#2684=CARTESIAN_POINT('',(-0.00609164120190813,0.170980751646173,-0.145716529128761));
#2685=CARTESIAN_POINT('',(-0.00591708500165996,0.170973998810469,-0.145694556383436));
#2686=CARTESIAN_POINT('',(-0.00557984713123927,0.170947087052679,-0.145608271293178));
#2687=CARTESIAN_POINT('',(-0.00541719180066381,0.170926930232529,-0.145543965687438));
#2688=CARTESIAN_POINT('',(-0.00511484775655209,0.170874582756504,-0.145377392770525));
#2689=CARTESIAN_POINT('',(-0.0049751826572695,0.170842396189193,-0.145275138469339));
#2690=CARTESIAN_POINT('',(-0.0047283453666483,0.170768181900267,-0.14503963417305));
#2691=CARTESIAN_POINT('',(-0.00462119245427021,0.170726159975095,-0.144906402571746));
#2692=CARTESIAN_POINT('',(-0.00444669055792719,0.170635138591826,-0.14461802288214));
#2693=CARTESIAN_POINT('',(-0.00437935520324724,0.170586146242867,-0.144462897317414));
#2694=CARTESIAN_POINT('',(-0.00428908572852233,0.170484523339921,-0.1441413031099));
#2695=CARTESIAN_POINT('',(-0.00426615865888247,0.170431900723085,-0.143974859584875));
#2696=CARTESIAN_POINT('',(-0.00426621728713552,0.170379252688129,-0.143808417894455));
#2697=CARTESIAN_POINT('',(-0.00626621113315166,0.171636022097507,-0.145509257699008));
#2698=CARTESIAN_POINT('',(-0.00609431082481267,0.171623124100899,-0.145513336974525));
#2699=CARTESIAN_POINT('',(-0.00592242317955893,0.171603508084307,-0.145496174376414));
#2700=CARTESIAN_POINT('',(-0.00558998078813472,0.171552156756634,-0.145420485389499));
#2701=CARTESIAN_POINT('',(-0.00542945040009777,0.171520425324834,-0.145361964502377));
#2702=CARTESIAN_POINT('',(-0.00513033241274381,0.17144696248043,-0.145207409974594));
#2703=CARTESIAN_POINT('',(-0.00499176673492146,0.171405236553287,-0.145111387612791));
#2704=CARTESIAN_POINT('',(-0.00474573961085851,0.171314560972017,-0.144888160019227));
#2705=CARTESIAN_POINT('',(-0.00463829620378333,0.171265618044104,-0.144760971101411));
#2706=CARTESIAN_POINT('',(-0.00446162174283152,0.171163756956465,-0.144483801976385));
#2707=CARTESIAN_POINT('',(-0.00439240365582575,0.171110846317201,-0.144333842043981));
#2708=CARTESIAN_POINT('',(-0.00429676516759223,0.17100455502809,-0.144021030834831));
#2709=CARTESIAN_POINT('',(-0.00427035180511144,0.170951182194989,-0.143858202458036));
#2710=CARTESIAN_POINT('',(-0.00426621701442441,0.170899339308021,-0.143694306028682));
#2711=CARTESIAN_POINT('',(-0.00618699701529761,0.172282436466704,-0.145304786760668));
#2712=CARTESIAN_POINT('',(-0.00601930294637813,0.172257232918963,-0.145312758482509));
#2713=CARTESIAN_POINT('',(-0.00585162048626475,0.172225517413628,-0.145300137074021));
#2714=CARTESIAN_POINT('',(-0.00552697234589008,0.172151108319615,-0.145234505661943));
#2715=CARTESIAN_POINT('',(-0.00537002901183873,0.172108419948107,-0.14518150014653));
#2716=CARTESIAN_POINT('',(-0.00507691307806971,0.172014819928224,-0.145038483259905));
#2717=CARTESIAN_POINT('',(-0.00494076065767171,0.171963914810196,-0.144948481707335));
#2718=CARTESIAN_POINT('',(-0.00469795133496057,0.171857160319304,-0.144737226750468));
#2719=CARTESIAN_POINT('',(-0.00459131115466568,0.171801318369834,-0.144615987868203));
#2720=CARTESIAN_POINT('',(-0.0044143635211724,0.17168828243179,-0.144350015638836));
#2721=CARTESIAN_POINT('',(-0.00434406826318856,0.171631096282792,-0.144205300589144));
#2722=CARTESIAN_POINT('',(-0.004244322405861,0.171519046500469,-0.143901640599798));
#2723=CARTESIAN_POINT('',(-0.0042148786946863,0.171464190619896,-0.143742716563249));
#2724=CARTESIAN_POINT('',(-0.00420680613827122,0.171412256510673,-0.143581767066615));
#2725=CARTESIAN_POINT('',(-0.00581843958005149,0.173763766678971,-0.144836218324618));
#2726=CARTESIAN_POINT('',(-0.00566370665109737,0.173711453479768,-0.144852765282894));
#2727=CARTESIAN_POINT('',(-0.00550898295697629,0.173653090581556,-0.144850175572581));
#2728=CARTESIAN_POINT('',(-0.00520872251531338,0.173527770468567,-0.144806861749782));
#2729=CARTESIAN_POINT('',(-0.00506320357017259,0.173460820875117,-0.144766140146554));
#2730=CARTESIAN_POINT('',(-0.00479001239120564,0.173322354051598,-0.144648967469915));
#2731=CARTESIAN_POINT('',(-0.00466235636193135,0.173250845206756,-0.144572523292577));
#2732=CARTESIAN_POINT('',(-0.00443249119809678,0.173107553408986,-0.144388438532297));
#2733=CARTESIAN_POINT('',(-0.00433029571012405,0.173035779102525,-0.144280808825491));
#2734=CARTESIAN_POINT('',(-0.00415744081869537,0.172896259283333,-0.144040745783322));
#2735=CARTESIAN_POINT('',(-0.00408679169490049,0.172828522161018,-0.143908326661209));
#2736=CARTESIAN_POINT('',(-0.00398124583283714,0.172701131404417,-0.143626558204134));
#2737=CARTESIAN_POINT('',(-0.0039463553973322,0.172641485403475,-0.143477225578297));
#2738=CARTESIAN_POINT('',(-0.00393038740239572,0.17258766324466,-0.143323871221478));
#2739=CARTESIAN_POINT('',(-0.00546304851069557,0.174582129194938,-0.144577356681768));
#2740=CARTESIAN_POINT('',(-0.00531815898324615,0.174515718121881,-0.14459836304352));
#2741=CARTESIAN_POINT('',(-0.00517327741578357,0.174443504673789,-0.144601012921072));
#2742=CARTESIAN_POINT('',(-0.00489176279037955,0.174291613958951,-0.144569439045139));
#2743=CARTESIAN_POINT('',(-0.00475514508391725,0.174211945113511,-0.144535216982689));
#2744=CARTESIAN_POINT('',(-0.0044979524498774,0.174049724325811,-0.144431840896788));
#2745=CARTESIAN_POINT('',(-0.00437739155053475,0.173967181362472,-0.144362692494599));
#2746=CARTESIAN_POINT('',(-0.00415919280512838,0.173803955148495,-0.144193402121464));
#2747=CARTESIAN_POINT('',(-0.00406156686564638,0.173723280920011,-0.144093269382518));
#2748=CARTESIAN_POINT('',(-0.00389481226156487,0.173568425023204,-0.143867721188981));
#2749=CARTESIAN_POINT('',(-0.003825692704104,0.173494251903726,-0.143742318051736));
#2750=CARTESIAN_POINT('',(-0.00371990130541982,0.173356655531952,-0.143473386888894));
#2751=CARTESIAN_POINT('',(-0.00368323525326413,0.173293239866016,-0.143329873564569));
#2752=CARTESIAN_POINT('',(-0.00366384373606924,0.173237018063888,-0.143181396105749));
#2753=CARTESIAN_POINT('',(-0.00467572793300676,0.175795916374812,-0.144193414813797));
#2754=CARTESIAN_POINT('',(-0.00454976191129451,0.175709407972227,-0.144220778327371));
#2755=CARTESIAN_POINT('',(-0.00442380201709713,0.175617456172107,-0.144230918447958));
#2756=CARTESIAN_POINT('',(-0.00417862521626657,0.17542759712998,-0.144216205262257));
#2757=CARTESIAN_POINT('',(-0.00405942012799748,0.175329699105559,-0.144191352650599));
#2758=CARTESIAN_POINT('',(-0.00383414662487812,0.175133214814887,-0.144107980401568));
#2759=CARTESIAN_POINT('',(-0.003728089070445,0.175034638082874,-0.14404946477542));
#2760=CARTESIAN_POINT('',(-0.0035348003569861,0.174842099363037,-0.143901900351934));
#2761=CARTESIAN_POINT('',(-0.00344757851885632,0.174748146713756,-0.143812858667851));
#2762=CARTESIAN_POINT('',(-0.00329664206058358,0.174569909827168,-0.143609015560044));
#2763=CARTESIAN_POINT('',(-0.00323293472261112,0.174485634231002,-0.143494223970716));
#2764=CARTESIAN_POINT('',(-0.00313244827719807,0.174331284160694,-0.143245038200291));
#2765=CARTESIAN_POINT('',(-0.00309567402308258,0.174261217166159,-0.143110656047893));
#2766=CARTESIAN_POINT('',(-0.00307335276246113,0.174200134817391,-0.142970077961171));
#2767=CARTESIAN_POINT('',(-0.00431638396006856,0.176237811234936,-0.144053635594951));
#2768=CARTESIAN_POINT('',(-0.00419851510549743,0.176144207224096,-0.144083243583396));
#2769=CARTESIAN_POINT('',(-0.00408065172603873,0.176045288369911,-0.144096034145877));
#2770=CARTESIAN_POINT('',(-0.00385108802149845,0.175841998554592,-0.144087309141461));
#2771=CARTESIAN_POINT('',(-0.00373939825410525,0.175737636994795,-0.144065793965474));
#2772=CARTESIAN_POINT('',(-0.00352803291228956,0.175528942084704,-0.143989579432764));
#2773=CARTESIAN_POINT('',(-0.00342836705954019,0.175424618382478,-0.143934883577358));
#2774=CARTESIAN_POINT('',(-0.00324627170894798,0.175221477216878,-0.143795169718306));
#2775=CARTESIAN_POINT('',(-0.00316385058807983,0.175122669142035,-0.143710158143333));
#2776=CARTESIAN_POINT('',(-0.00302056446720638,0.174935747439253,-0.143514265139693));
#2777=CARTESIAN_POINT('',(-0.00295970606110331,0.174847642447743,-0.143403392730649));
#2778=CARTESIAN_POINT('',(-0.00286273653685304,0.174686753018005,-0.143161587430811));
#2779=CARTESIAN_POINT('',(-0.002826629884396,0.174613976011081,-0.143030665678415));
#2780=CARTESIAN_POINT('',(-0.00280384458603885,0.174550769911762,-0.142893144738618));
#2781=CARTESIAN_POINT('',(-0.00391464708200487,0.176637313764024,-0.143927265576921));
#2782=CARTESIAN_POINT('',(-0.00380540342474943,0.176537425479016,-0.143958861404654));
#2783=CARTESIAN_POINT('',(-0.00369616464822338,0.176432337289937,-0.143974002885));
#2784=CARTESIAN_POINT('',(-0.00348328571147097,0.176217136989128,-0.143970602522459));
#2785=CARTESIAN_POINT('',(-0.00337965495838176,0.176107034387072,-0.143952060828855));
#2786=CARTESIAN_POINT('',(-0.00318331284920918,0.175887456610252,-0.143882242808086));
#2787=CARTESIAN_POINT('',(-0.00309061016971804,0.175777991138111,-0.143830969564452));
#2788=CARTESIAN_POINT('',(-0.00292088447940529,0.17556530665725,-0.143698317367764));
#2789=CARTESIAN_POINT('',(-0.00284386896932489,0.175462097045961,-0.143616944274321));
#2790=CARTESIAN_POINT('',(-0.00270947302146599,0.175267222557316,-0.143428266626441));
#2791=CARTESIAN_POINT('',(-0.00265209852359959,0.175175566289758,-0.143320970407052));
#2792=CARTESIAN_POINT('',(-0.00255993208434278,0.17500850402012,-0.143085951849721));
#2793=CARTESIAN_POINT('',(-0.00252514421713894,0.174933105398227,-0.142958239894558));
#2794=CARTESIAN_POINT('',(-0.00250254174964393,0.174867767538914,-0.142823591819371));
#2795=EDGE_LOOP('',(#3860,#3861,#3862,#3863,#3864,#3865,#3866));
#2796=AXIS2_PLACEMENT_3D('',#3867,#3868,#3869);
#2797=EDGE_LOOP('',(#3870,#3871,#3872,#3873));
#2798=AXIS2_PLACEMENT_3D('',#3874,#3875,#3876);
#2799=EDGE_LOOP('',(#3877,#3878,#3879,#3880));
#2800=AXIS2_PLACEMENT_3D('',#3881,#3882,#3883);
#2801=EDGE_LOOP('',(#3884,#3885,#3886,#3887));
#2802=AXIS2_PLACEMENT_3D('',#3888,#3889,#3890);
#2803=EDGE_LOOP('',(#3891,#3892,#3893,#3894,#3895,#3896,#3897,#3898));
#2804=AXIS2_PLACEMENT_3D('',#3899,#3900,#3901);
#2805=EDGE_LOOP('',(#3902,#3903,#3904,#3905,#3906,#3907,#3908,#3909,#3910));
#2806=AXIS2_PLACEMENT_3D('',#3911,#3912,#3913);
#2807=EDGE_LOOP('',(#3914,#3915,#3916,#3917));
#2808=AXIS2_PLACEMENT_3D('',#3918,#3919,#3920);
#2809=EDGE_LOOP('',(#3921,#3922,#3923,#3924,#3925,#3926));
#2810=CARTESIAN_POINT('',(-0.00801841407345409,0.185479717743315,-0.131783642074062));
#2811=CARTESIAN_POINT('',(-0.00801842465550639,0.185482344323377,-0.13178743363591));
#2812=CARTESIAN_POINT('',(-0.00801842993387524,0.185484965641476,-0.131791228844753));
#2813=CARTESIAN_POINT('',(-0.00801842795808025,0.185677945979474,-0.132071461778856));
#2814=CARTESIAN_POINT('',(-0.00799033427513354,0.185840376365253,-0.132367121001555));
#2815=CARTESIAN_POINT('',(-0.00784572439765736,0.18618155529324,-0.13317032675248));
#2816=CARTESIAN_POINT('',(-0.00768592331119055,0.186311159264923,-0.133698634116921));
#2817=CARTESIAN_POINT('',(-0.00733223082670217,0.18637893760568,-0.134549827102727));
#2818=CARTESIAN_POINT('',(-0.00717931012462208,0.186373972489192,-0.134868081642577));
#2819=CARTESIAN_POINT('',(-0.0068356233296823,0.186303987740098,-0.135497932106631));
#2820=CARTESIAN_POINT('',(-0.00664486470742914,0.186238969628726,-0.135809514339982));
#2821=CARTESIAN_POINT('',(-0.00610862778538999,0.185994894236687,-0.136596374593595));
#2822=CARTESIAN_POINT('',(-0.00573886585006172,0.185770504918807,-0.137057508884016));
#2823=CARTESIAN_POINT('',(-0.00511206579504496,0.185310230310426,-0.137723171511091));
#2824=CARTESIAN_POINT('',(-0.00486984679822918,0.185115684503716,-0.137956189476737));
#2825=CARTESIAN_POINT('',(-0.00437718320607526,0.184687741729388,-0.138383315957798));
#2826=CARTESIAN_POINT('',(-0.00412674748514655,0.184454352470354,-0.138577416779331));
#2827=CARTESIAN_POINT('',(-0.00387630741265499,0.184205365866206,-0.138748877797504));
#2828=CARTESIAN_POINT('',(-0.0078314153959238,0.185479837909571,-0.13178381826859));
#2829=CARTESIAN_POINT('',(-0.00783142538752391,0.185482423629512,-0.13178755121783));
#2830=CARTESIAN_POINT('',(-0.00783143037075644,0.18548500425345,-0.131791287694751));
#2831=CARTESIAN_POINT('',(-0.00783142842556957,0.185674995026698,-0.132067179386062));
#2832=CARTESIAN_POINT('',(-0.00780489976945771,0.185835376773309,-0.13235795017155));
#2833=CARTESIAN_POINT('',(-0.00766819211923335,0.186174188282964,-0.13314883608523));
#2834=CARTESIAN_POINT('',(-0.00751704620060209,0.1863053701455,-0.133670096639907));
#2835=CARTESIAN_POINT('',(-0.00718141971037098,0.186378233294464,-0.134514958058856));
#2836=CARTESIAN_POINT('',(-0.00703613092991956,0.186375659182772,-0.134831898180003));
#2837=CARTESIAN_POINT('',(-0.00670904128279276,0.186310376051739,-0.135461413426062));
#2838=CARTESIAN_POINT('',(-0.00652724561446671,0.186247656438897,-0.135773970879005));
#2839=CARTESIAN_POINT('',(-0.0060154428355967,0.186008121766367,-0.136565781592353));
#2840=CARTESIAN_POINT('',(-0.00566181157479028,0.185785008340146,-0.137032355778338));
#2841=CARTESIAN_POINT('',(-0.00506145159451419,0.185322847937502,-0.1377074128973));
#2842=CARTESIAN_POINT('',(-0.00482927059989638,0.185126757043078,-0.137944077118866));
#2843=CARTESIAN_POINT('',(-0.00435682382198542,0.184694239981496,-0.13837789021076));
#2844=CARTESIAN_POINT('',(-0.00411656810916388,0.18445782502027,-0.138575025361738));
#2845=CARTESIAN_POINT('',(-0.00387630741265498,0.184205365866206,-0.138748877797504));
#2846=CARTESIAN_POINT('',(-0.00764441712361989,0.185488590664336,-0.131778014407629));
#2847=CARTESIAN_POINT('',(-0.00764442652471801,0.18549114108871,-0.13178169667417));
#2848=CARTESIAN_POINT('',(-0.00764443121276119,0.1854936865482,-0.131785382373691));
#2849=CARTESIAN_POINT('',(-0.00764442929403255,0.185681093086693,-0.132057521414885));
#2850=CARTESIAN_POINT('',(-0.0076194656435816,0.185839638875208,-0.132344111616001));
#2851=CARTESIAN_POINT('',(-0.00749066013531532,0.186176074360542,-0.133124588823645));
#2852=CARTESIAN_POINT('',(-0.00734816930400354,0.186308258355641,-0.133640031200344));
#2853=CARTESIAN_POINT('',(-0.0070306087037482,0.186384722415078,-0.134480010107465));
#2854=CARTESIAN_POINT('',(-0.0068929518114285,0.186383872581878,-0.134796066108393));
#2855=CARTESIAN_POINT('',(-0.00658245926256149,0.18632189109275,-0.135425838201382));
#2856=CARTESIAN_POINT('',(-0.00640962653198305,0.186260738492211,-0.135739532840627));
#2857=CARTESIAN_POINT('',(-0.00592225787214305,0.186023969923535,-0.136536414141837));
#2858=CARTESIAN_POINT('',(-0.00558475728785858,0.185801181361713,-0.137008201472951));
#2859=CARTESIAN_POINT('',(-0.005010837387657,0.185336127670845,-0.137692204898521));
#2860=CARTESIAN_POINT('',(-0.00478869439772612,0.185138224366804,-0.137932332503238));
#2861=CARTESIAN_POINT('',(-0.00433646443718998,0.184700802237108,-0.138372556380822));
#2862=CARTESIAN_POINT('',(-0.00410638873318121,0.184461297570185,-0.138572633944144));
#2863=CARTESIAN_POINT('',(-0.00387630741265498,0.184205365866206,-0.138748877797504));
#2864=CARTESIAN_POINT('',(-0.00727277101330599,0.185523251372871,-0.131754519500216));
#2865=CARTESIAN_POINT('',(-0.00727277925381451,0.185525742778151,-0.131758116898234));
#2866=CARTESIAN_POINT('',(-0.00727278336163934,0.185528229409747,-0.131761717590135));
#2867=CARTESIAN_POINT('',(-0.00727278148719491,0.185711310609768,-0.132027575668701));
#2868=CARTESIAN_POINT('',(-0.00725089341909627,0.18586663400371,-0.132307271810755));
#2869=CARTESIAN_POINT('',(-0.00713763256139544,0.186198331845381,-0.133070863081346));
#2870=CARTESIAN_POINT('',(-0.00701217554270504,0.186331356395734,-0.133577163763151));
#2871=CARTESIAN_POINT('',(-0.00673027843003755,0.186412030799834,-0.134410258056776));
#2872=CARTESIAN_POINT('',(-0.00660770631714236,0.186413287281322,-0.134725384729542));
#2873=CARTESIAN_POINT('',(-0.00633007737051898,0.186355101579317,-0.135356796215276));
#2874=CARTESIAN_POINT('',(-0.00617501914535043,0.186295621318037,-0.135673052902781));
#2875=CARTESIAN_POINT('',(-0.0057361897970684,0.186060850943526,-0.136480227458968));
#2876=CARTESIAN_POINT('',(-0.0054308146282714,0.185836830421954,-0.136961942143849));
#2877=CARTESIAN_POINT('',(-0.00490965625476115,0.185363998208386,-0.137662904159553));
#2878=CARTESIAN_POINT('',(-0.00470756563449443,0.185161941795551,-0.137909585529582));
#2879=CARTESIAN_POINT('',(-0.0042957457596699,0.184714054517928,-0.138362072436283));
#2880=CARTESIAN_POINT('',(-0.00408602998121587,0.184468242670017,-0.138567851108958));
#2881=CARTESIAN_POINT('',(-0.00387630741265498,0.184205365866206,-0.138748877797504));
#2882=CARTESIAN_POINT('',(-0.00708812415631621,0.185549159235149,-0.131736828515783));
#2883=CARTESIAN_POINT('',(-0.00708813182675131,0.185551626917056,-0.1317403917282));
#2884=CARTESIAN_POINT('',(-0.00708813564955425,0.18555408988536,-0.131743958190108));
#2885=CARTESIAN_POINT('',(-0.00708813379293568,0.185735429993082,-0.132007287972741));
#2886=CARTESIAN_POINT('',(-0.00706775626387192,0.185889366961411,-0.132284270656342));
#2887=CARTESIAN_POINT('',(-0.00696213774544104,0.186218703204357,-0.133041384721079));
#2888=CARTESIAN_POINT('',(-0.00684505928058178,0.186351566182699,-0.133544361881447));
#2889=CARTESIAN_POINT('',(-0.00658075952812289,0.186432850030163,-0.134375454043527));
#2890=CARTESIAN_POINT('',(-0.00646564022632596,0.186434488551604,-0.13469053549352));
#2891=CARTESIAN_POINT('',(-0.00620427765653734,0.186376797003348,-0.135323329497709));
#2892=CARTESIAN_POINT('',(-0.00605803095187256,0.186317422073673,-0.135641011034832));
#2893=CARTESIAN_POINT('',(-0.00564330671177603,0.18608188379977,-0.136453408235077));
#2894=CARTESIAN_POINT('',(-0.00535392626647372,0.185856306457999,-0.136939837123367));
#2895=CARTESIAN_POINT('',(-0.00485908932962797,0.185378589012274,-0.13764881141961));
#2896=CARTESIAN_POINT('',(-0.00466701307384191,0.185174191900451,-0.137898583171668));
#2897=CARTESIAN_POINT('',(-0.00427538646684468,0.184720744543165,-0.138356922321653));
#2898=CARTESIAN_POINT('',(-0.0040758506052332,0.184471715219932,-0.138565459691365));
#2899=CARTESIAN_POINT('',(-0.00387630741265497,0.184205365866206,-0.138748877797504));
#2900=CARTESIAN_POINT('',(-0.00672350291710577,0.185617804444681,-0.131689781771974));
#2901=CARTESIAN_POINT('',(-0.00672350948792404,0.185620236548503,-0.131693293541171));
#2902=CARTESIAN_POINT('',(-0.00672351276091111,0.18562266398798,-0.131696808521384));
#2903=CARTESIAN_POINT('',(-0.00672351093108782,0.185801386941897,-0.131956337851094));
#2904=CARTESIAN_POINT('',(-0.00670604672525196,0.185953022465221,-0.132229391541764));
#2905=CARTESIAN_POINT('',(-0.00661519855742835,0.186277698048234,-0.132977537716138));
#2906=CARTESIAN_POINT('',(-0.00651432946356204,0.18640909462763,-0.133476367721497));
#2907=CARTESIAN_POINT('',(-0.00628429473121951,0.186488639460326,-0.134306289715656));
#2908=CARTESIAN_POINT('',(-0.0061837253786822,0.18648971301591,-0.134622091781976));
#2909=CARTESIAN_POINT('',(-0.00595423804468971,0.186430232842483,-0.135258712581525));
#2910=CARTESIAN_POINT('',(-0.00582531299687594,0.186369624253765,-0.135579495753622));
#2911=CARTESIAN_POINT('',(-0.00545814353487962,0.186129062495424,-0.136402406266767));
#2912=CARTESIAN_POINT('',(-0.00520048109061157,0.185898518683295,-0.136897723756173));
#2913=CARTESIAN_POINT('',(-0.00475805002831634,0.185409067560545,-0.137621754249003));
#2914=CARTESIAN_POINT('',(-0.00458595523098267,0.185199467681733,-0.137877327078455));
#2915=CARTESIAN_POINT('',(-0.00423466806956325,0.184734252193238,-0.138346805736356));
#2916=CARTESIAN_POINT('',(-0.00405549185326785,0.184478660319764,-0.138560676856179));
#2917=CARTESIAN_POINT('',(-0.00387630741265497,0.184205365866206,-0.138748877797504));
#2918=CARTESIAN_POINT('',(-0.00654352949736206,0.185660541610735,-0.131660426136787));
#2919=CARTESIAN_POINT('',(-0.00654353553865073,0.185662961859936,-0.1316639206485));
#2920=CARTESIAN_POINT('',(-0.00654353854685074,0.185665377433971,-0.131667418377149));
#2921=CARTESIAN_POINT('',(-0.00654353672599677,0.185843224333291,-0.1319256755599));
#2922=CARTESIAN_POINT('',(-0.00652747526770177,0.185993944848506,-0.132197513722672));
#2923=CARTESIAN_POINT('',(-0.00644375494613776,0.186316321404069,-0.132943169213074));
#2924=CARTESIAN_POINT('',(-0.00635071650199867,0.186446413181399,-0.133441175567159));
#2925=CARTESIAN_POINT('',(-0.0061373491967806,0.186523609591926,-0.134271929485898));
#2926=CARTESIAN_POINT('',(-0.00604387690356228,0.186523736154337,-0.13458849737521));
#2927=CARTESIAN_POINT('',(-0.00582999830325215,0.18646197322369,-0.135227562423743));
#2928=CARTESIAN_POINT('',(-0.00570958334516413,0.186400025653332,-0.13555002236948));
#2929=CARTESIAN_POINT('',(-0.00536586346956381,0.186155208327306,-0.136378223529891));
#2930=CARTESIAN_POINT('',(-0.00512392428737457,0.185921254869499,-0.136877715412415));
#2931=CARTESIAN_POINT('',(-0.0047075776530447,0.185424955304616,-0.137608789818572));
#2932=CARTESIAN_POINT('',(-0.00454544994918454,0.185212493357987,-0.137867073343263));
#2933=CARTESIAN_POINT('',(-0.00421430896500659,0.184741069818105,-0.138341839265662));
#2934=CARTESIAN_POINT('',(-0.00404531247728518,0.184482132869679,-0.138558285438586));
#2935=CARTESIAN_POINT('',(-0.00387630741265497,0.184205365866206,-0.138748877797504));
#2936=CARTESIAN_POINT('',(-0.00619051841454603,0.185762308075046,-0.131590419192014));
#2937=CARTESIAN_POINT('',(-0.00619052345657291,0.185764716629837,-0.131593896335847));
#2938=CARTESIAN_POINT('',(-0.00619052596507014,0.185767120418536,-0.131597376757698));
#2939=CARTESIAN_POINT('',(-0.00619052415318553,0.185944091260946,-0.131854361790132));
#2940=CARTESIAN_POINT('',(-0.00617710936323562,0.186093472422503,-0.132125276651398));
#2941=CARTESIAN_POINT('',(-0.00610688584869384,0.186411377277438,-0.132869937690095));
#2942=CARTESIAN_POINT('',(-0.00602869985875141,0.186537768874383,-0.133368770002182));
#2943=CARTESIAN_POINT('',(-0.00584729051814596,0.186607400727024,-0.134203948011382));
#2944=CARTESIAN_POINT('',(-0.00576748479865001,0.186604339204258,-0.134522825083922));
#2945=CARTESIAN_POINT('',(-0.00558384684265466,0.186535302054389,-0.135167771822342));
#2946=CARTESIAN_POINT('',(-0.00548000349222384,0.186469265432051,-0.135493802416004));
#2947=CARTESIAN_POINT('',(-0.00518220589513524,0.186212526301491,-0.136332573682662));
#2948=CARTESIAN_POINT('',(-0.00497130721085689,0.185969937940249,-0.136839838401918));
#2949=CARTESIAN_POINT('',(-0.00460677466526631,0.185458012624163,-0.137584001332079));
#2950=CARTESIAN_POINT('',(-0.00446451027684278,0.185239312653779,-0.137847320448877));
#2951=CARTESIAN_POINT('',(-0.00417359104659383,0.184754832563917,-0.138332089945243));
#2952=CARTESIAN_POINT('',(-0.00402495372531984,0.184489077969511,-0.138553502603399));
#2953=CARTESIAN_POINT('',(-0.00387630741265496,0.184205365866206,-0.138748877797504));
#2954=CARTESIAN_POINT('',(-0.00601748168330377,0.185821337104674,-0.131549768067224));
#2955=CARTESIAN_POINT('',(-0.00601748625561165,0.185823745819703,-0.131553245100707));
#2956=CARTESIAN_POINT('',(-0.00601748852919977,0.185826149688538,-0.131556725467371));
#2957=CARTESIAN_POINT('',(-0.00601748671731516,0.186003120530948,-0.131813710499805));
#2958=CARTESIAN_POINT('',(-0.00600531581317302,0.186152077358483,-0.132084917584328));
#2959=CARTESIAN_POINT('',(-0.00594146110134273,0.186467809586593,-0.132831074831327));
#2960=CARTESIAN_POINT('',(-0.00587029675509834,0.186591805849259,-0.133331556722161));
#2961=CARTESIAN_POINT('',(-0.00570417772683702,0.186656221628446,-0.134170326849582));
#2962=CARTESIAN_POINT('',(-0.00563094144514045,0.186650919035037,-0.134490747265167));
#2963=CARTESIAN_POINT('',(-0.00546193527759667,0.186576890457811,-0.135139131416291));
#2964=CARTESIAN_POINT('',(-0.00536615339936693,0.186508103778431,-0.135467055873239));
#2965=CARTESIAN_POINT('',(-0.00509082841224281,0.186243698435328,-0.136311106578924));
#2966=CARTESIAN_POINT('',(-0.00489524694835321,0.185995884821334,-0.136821969737846));
#2967=CARTESIAN_POINT('',(-0.00455644405366855,0.185475182199327,-0.137572177276238));
#2968=CARTESIAN_POINT('',(-0.00442407588670725,0.185253106273181,-0.137837821289783));
#2969=CARTESIAN_POINT('',(-0.00415323223263748,0.184761777684896,-0.138327307095493));
#2970=CARTESIAN_POINT('',(-0.00401477434933717,0.184492550519426,-0.138551111185806));
#2971=CARTESIAN_POINT('',(-0.00387630741265496,0.184205365866206,-0.138748877797504));
#2972=CARTESIAN_POINT('',(-0.00568052003898277,0.185954945062085,-0.131457681292177));
#2973=CARTESIAN_POINT('',(-0.00568052374966315,0.185957366106341,-0.131461175256367));
#2974=CARTESIAN_POINT('',(-0.00568052559232026,0.185959782077984,-0.131464672711197));
#2975=CARTESIAN_POINT('',(-0.0056805237714663,0.186137628977304,-0.131722929893948));
#2976=CARTESIAN_POINT('',(-0.00567063407155234,0.186286244084576,-0.131996217973846));
#2977=CARTESIAN_POINT('',(-0.00561852851681481,0.186597835710291,-0.132749300649345));
#2978=CARTESIAN_POINT('',(-0.0055603527035158,0.186716034594973,-0.133255497201815));
#2979=CARTESIAN_POINT('',(-0.00542301132026795,0.186767295839201,-0.134104111717082));
#2980=CARTESIAN_POINT('',(-0.00536222163655385,0.186756273192362,-0.134428357657337));
#2981=CARTESIAN_POINT('',(-0.00522119425280692,0.186669658101193,-0.135084537476095));
#2982=CARTESIAN_POINT('',(-0.00514094377264519,0.18659400898816,-0.135416433171065));
#2983=CARTESIAN_POINT('',(-0.00490927319809812,0.186310967630368,-0.136270957818329));
#2984=CARTESIAN_POINT('',(-0.00474378696014523,0.186050933333665,-0.136788410616748));
#2985=CARTESIAN_POINT('',(-0.00445597172548889,0.185510787102557,-0.13754968061161));
#2986=CARTESIAN_POINT('',(-0.0043433015737196,0.185281453412647,-0.137819583086263));
#2987=CARTESIAN_POINT('',(-0.00411251500680139,0.184775795384935,-0.138317925043126));
#2988=CARTESIAN_POINT('',(-0.00399441559737183,0.184499495619258,-0.13854632835062));
#2989=CARTESIAN_POINT('',(-0.00387630741265496,0.184205365866206,-0.138748877797504));
#2990=CARTESIAN_POINT('',(-0.00551659601536902,0.186029523637189,-0.131406245884998));
#2991=CARTESIAN_POINT('',(-0.00551659933415323,0.186031956850395,-0.131409756890202));
#2992=CARTESIAN_POINT('',(-0.00551660098079463,0.186034384844678,-0.131413271488341));
#2993=CARTESIAN_POINT('',(-0.00551659915097133,0.186213107798595,-0.131672800818051));
#2994=CARTESIAN_POINT('',(-0.00550774673676134,0.1863618055312,-0.131947877657296));
#2995=CARTESIAN_POINT('',(-0.00546102138803902,0.18667142923952,-0.132706389504971));
#2996=CARTESIAN_POINT('',(-0.00540881231241113,0.186786226143011,-0.133216651097482));
#2997=CARTESIAN_POINT('',(-0.00528495804725583,0.186829549013476,-0.134071517826733));
#2998=CARTESIAN_POINT('',(-0.00523004545022272,0.186815047413693,-0.134398045930537));
#2999=CARTESIAN_POINT('',(-0.00510236494393859,0.186720837283187,-0.135058583976025));
#3000=CARTESIAN_POINT('',(-0.00502958434515271,0.186641075811024,-0.135392557035537));
#3001=CARTESIAN_POINT('',(-0.00481909549296999,0.186347064682179,-0.136252276167152));
#3002=CARTESIAN_POINT('',(-0.00466838724514738,0.186080034961044,-0.1367727201621));
#3003=CARTESIAN_POINT('',(-0.00440583000981901,0.185529222430313,-0.137539008003032));
#3004=CARTESIAN_POINT('',(-0.0043029616512749,0.185296006932569,-0.13781084404193));
#3005=CARTESIAN_POINT('',(-0.00409215659482167,0.184782867964031,-0.138313325840486));
#3006=CARTESIAN_POINT('',(-0.00398423622138915,0.184502968169173,-0.138543936933027));
#3007=CARTESIAN_POINT('',(-0.00387630741265495,0.184205365866206,-0.138748877797504));
#3008=CARTESIAN_POINT('',(-0.00519992126238744,0.186193292904167,-0.131293237314547));
#3009=CARTESIAN_POINT('',(-0.00519992389156472,0.186195762305827,-0.131296799342633));
#3010=CARTESIAN_POINT('',(-0.00519992519325793,0.186198226134173,-0.131300365212263));
#3011=CARTESIAN_POINT('',(-0.00519992333663937,0.186379566241894,-0.131563694994896));
#3012=CARTESIAN_POINT('',(-0.0051928955351575,0.186528949139771,-0.131843813899564));
#3013=CARTESIAN_POINT('',(-0.00515573218860578,0.186834932870564,-0.132617009981769));
#3014=CARTESIAN_POINT('',(-0.00511417581911993,0.186942032555915,-0.133137729375831));
#3015=CARTESIAN_POINT('',(-0.00501509442693891,0.18696695450025,-0.134007635910634));
#3016=CARTESIAN_POINT('',(-0.00497108838718555,0.186944333739734,-0.134339423837159));
#3017=CARTESIAN_POINT('',(-0.00486852381341576,0.186832470504665,-0.135009523892533));
#3018=CARTESIAN_POINT('',(-0.00480995402428818,0.186743185837284,-0.135347803167541));
#3019=CARTESIAN_POINT('',(-0.00464023387743455,0.186424067887695,-0.136217758620863));
#3020=CARTESIAN_POINT('',(-0.00451841106108349,0.186141330634425,-0.136743551440932));
#3021=CARTESIAN_POINT('',(-0.00430578249687558,0.185567341800134,-0.137518824306794));
#3022=CARTESIAN_POINT('',(-0.0042223998006845,0.185325865420205,-0.137794131189013));
#3023=CARTESIAN_POINT('',(-0.00405144029636343,0.184797140606808,-0.138304311158364));
#3024=CARTESIAN_POINT('',(-0.00396387746942381,0.184509913269004,-0.13853915409784));
#3025=CARTESIAN_POINT('',(-0.00387630741265495,0.184205365866206,-0.138748877797504));
#3026=CARTESIAN_POINT('',(-0.00504717136893408,0.186282483163747,-0.13123166444958));
#3027=CARTESIAN_POINT('',(-0.00504717370041185,0.186284976584808,-0.131235260459402));
#3028=CARTESIAN_POINT('',(-0.00504717485317823,0.186287464224481,-0.131238860457079));
#3029=CARTESIAN_POINT('',(-0.0050471729787338,0.186470545424502,-0.131504718535644));
#3030=CARTESIAN_POINT('',(-0.00504093247442674,0.18662053087372,-0.131788090724187));
#3031=CARTESIAN_POINT('',(-0.00500795078785846,0.186924842613392,-0.132570541797436));
#3032=CARTESIAN_POINT('',(-0.00497108024686333,0.187027647141793,-0.133097653898491));
#3033=CARTESIAN_POINT('',(-0.0048832844083563,0.187042106645848,-0.133976347961951));
#3034=CARTESIAN_POINT('',(-0.00484430776963358,0.187014845715534,-0.134311113528887));
#3035=CARTESIAN_POINT('',(-0.00475351213849261,0.18689292447463,-0.134986417339494));
#3036=CARTESIAN_POINT('',(-0.00470168323473574,0.186798228992695,-0.135326925456142));
#3037=CARTESIAN_POINT('',(-0.00455154999302581,0.186464974031091,-0.13620192273049));
#3038=CARTESIAN_POINT('',(-0.00444383460263343,0.18617352467616,-0.136730073176496));
#3039=CARTESIAN_POINT('',(-0.00425587670051791,0.185587025841888,-0.13750931321933));
#3040=CARTESIAN_POINT('',(-0.00418217787294532,0.185341170387771,-0.137786157380516));
#3041=CARTESIAN_POINT('',(-0.00403108240978528,0.184804340670526,-0.138299895678861));
#3042=CARTESIAN_POINT('',(-0.00395369809344114,0.18451338581892,-0.138536762680247));
#3043=CARTESIAN_POINT('',(-0.00387630741265495,0.184205365866206,-0.138748877797504));
#3044=CARTESIAN_POINT('',(-0.00475476584291155,0.186474354264005,-0.131099155219942));
#3045=CARTESIAN_POINT('',(-0.00475476768755769,0.186476907266155,-0.131102835711263));
#3046=CARTESIAN_POINT('',(-0.00475476859675218,0.186479454014746,-0.131106520523027));
#3047=CARTESIAN_POINT('',(-0.00475476667802354,0.186666860553239,-0.131378659564221));
#3048=CARTESIAN_POINT('',(-0.00474981270820393,0.186818580322664,-0.131669950593991));
#3049=CARTESIAN_POINT('',(-0.00472380984927535,0.187119946140477,-0.132474578993679));
#3050=CARTESIAN_POINT('',(-0.0046948284583861,0.187213407997948,-0.133016687884443));
#3051=CARTESIAN_POINT('',(-0.00462703793461492,0.18720466653403,-0.133915344706219));
#3052=CARTESIAN_POINT('',(-0.00459712868692684,0.187167060118216,-0.134256713615662));
#3053=CARTESIAN_POINT('',(-0.0045280184891756,0.187022734459422,-0.134943193114107));
#3054=CARTESIAN_POINT('',(-0.00448881187645653,0.18691599720172,-0.135288280232586));
#3055=CARTESIAN_POINT('',(-0.00437596612769618,0.186551465447414,-0.136173147347476));
#3056=CARTESIAN_POINT('',(-0.00429566602317209,0.186240936585419,-0.136705358200947));
#3057=CARTESIAN_POINT('',(-0.00415634791329401,0.185627624650342,-0.137491461634334));
#3058=CARTESIAN_POINT('',(-0.00410187547755849,0.185372522911955,-0.1377709797001));
#3059=CARTESIAN_POINT('',(-0.0039903673005979,0.184818868372451,-0.138291248569538));
#3060=CARTESIAN_POINT('',(-0.0039333393414758,0.184520330918751,-0.138531979845061));
#3061=CARTESIAN_POINT('',(-0.00387630741265494,0.184205365866206,-0.138748877797504));
#3062=CARTESIAN_POINT('',(-0.00461511098219431,0.186577034598208,-0.131028219205051));
#3063=CARTESIAN_POINT('',(-0.00461511263771831,0.186579623161883,-0.131031950195915));
#3064=CARTESIAN_POINT('',(-0.00461511345227274,0.186582205207907,-0.131035685693498));
#3065=CARTESIAN_POINT('',(-0.00461511150708587,0.186772195981155,-0.131311577384809));
#3066=CARTESIAN_POINT('',(-0.00461065674813679,0.186925047530448,-0.131607533940634));
#3067=CARTESIAN_POINT('',(-0.00458745093520727,0.187225139496173,-0.132425084582193));
#3068=CARTESIAN_POINT('',(-0.00456167273978417,0.187313553935894,-0.132975797490277));
#3069=CARTESIAN_POINT('',(-0.00450260179187833,0.187292074079274,-0.133885629472306));
#3070=CARTESIAN_POINT('',(-0.00447673046935217,0.187248762393477,-0.134230624064601));
#3071=CARTESIAN_POINT('',(-0.00441753665651104,0.187092090393585,-0.134923075468273));
#3072=CARTESIAN_POINT('',(-0.00438421140845624,0.186978722200096,-0.135270512738575));
#3073=CARTESIAN_POINT('',(-0.00428906617261751,0.186597050709123,-0.13616020785863));
#3074=CARTESIAN_POINT('',(-0.00422207391266653,0.186276154448283,-0.13669412149162));
#3075=CARTESIAN_POINT('',(-0.00410672492334833,0.18564853941673,-0.137483121136983));
#3076=CARTESIAN_POINT('',(-0.00406179501031626,0.185388570468418,-0.137763775828261));
#3077=CARTESIAN_POINT('',(-0.00397001007788947,0.184826196010698,-0.138287016939699));
#3078=CARTESIAN_POINT('',(-0.00392315996549313,0.184523803468667,-0.138529588427468));
#3079=CARTESIAN_POINT('',(-0.00387630741265494,0.184205365866206,-0.138748877797504));
#3080=CARTESIAN_POINT('',(-0.00448288140198505,0.186685814629899,-0.130953047443693));
#3081=CARTESIAN_POINT('',(-0.00448288292870553,0.186688444299058,-0.130956836878192));
#3082=CARTESIAN_POINT('',(-0.00448288367878135,0.186691067161921,-0.130960631023214));
#3083=CARTESIAN_POINT('',(-0.00448288170298636,0.186884047499919,-0.131240863957317));
#3084=CARTESIAN_POINT('',(-0.0044787661426624,0.187038298088838,-0.131542156305699));
#3085=CARTESIAN_POINT('',(-0.00445758596604071,0.187337370722882,-0.132374359114857));
#3086=CARTESIAN_POINT('',(-0.00443418298261526,0.187420444413925,-0.132934710174692));
#3087=CARTESIAN_POINT('',(-0.00438238637977024,0.187385235251311,-0.133856826871724));
#3088=CARTESIAN_POINT('',(-0.00435999216079189,0.187335742874149,-0.134205745700681));
#3089=CARTESIAN_POINT('',(-0.00430966203133202,0.187165683654311,-0.134904513777375));
#3090=CARTESIAN_POINT('',(-0.00428172721485985,0.187045120508156,-0.135254347836221));
#3091=CARTESIAN_POINT('',(-0.00420320086764235,0.186644903637435,-0.13614873699171));
#3092=CARTESIAN_POINT('',(-0.00414905354936954,0.186312846863938,-0.136684017904593));
#3093=CARTESIAN_POINT('',(-0.0040572666977816,0.185670060080193,-0.137475369963851));
#3094=CARTESIAN_POINT('',(-0.00402179696931454,0.185404984689393,-0.137756959063774));
#3095=CARTESIAN_POINT('',(-0.00394965326541234,0.184833587512264,-0.1382828773235));
#3096=CARTESIAN_POINT('',(-0.00391298058951045,0.184527276018583,-0.138527197009875));
#3097=CARTESIAN_POINT('',(-0.00387630741265494,0.184205365866206,-0.138748877797504));
#3098=EDGE_LOOP('',(#3927,#3928,#3929,#3930,#3931,#3932));
#3099=CARTESIAN_POINT('',(-0.00387640612903168,0.17456351547806,-0.124747637813743));
#3100=CARTESIAN_POINT('',(-0.00428515477077468,0.174969891882782,-0.124467792589323));
#3101=CARTESIAN_POINT('',(-0.00469385087513137,0.175417939758173,-0.124248570751505));
#3102=CARTESIAN_POINT('',(-0.00547226789352977,0.176354390442991,-0.123951678629872));
#3103=CARTESIAN_POINT('',(-0.00584221186600626,0.176842275148309,-0.123872781261676));
#3104=CARTESIAN_POINT('',(-0.00638938025466307,0.177636785460889,-0.123861947527441));
#3105=CARTESIAN_POINT('',(-0.00658688672440322,0.177942743559422,-0.123885875132033));
#3106=CARTESIAN_POINT('',(-0.00694940651156745,0.178545178730106,-0.123989118724108));
#3107=CARTESIAN_POINT('',(-0.00711441300962453,0.178841644469835,-0.124068432769475));
#3108=CARTESIAN_POINT('',(-0.00749464713425608,0.179588488308163,-0.12434367186219));
#3109=CARTESIAN_POINT('',(-0.00767969267299481,0.180023398763328,-0.124581373375886));
#3110=CARTESIAN_POINT('',(-0.00788760225285692,0.180659019864937,-0.125061866845719));
#3111=CARTESIAN_POINT('',(-0.00794535079247802,0.180886446291648,-0.125269207628142));
#3112=CARTESIAN_POINT('',(-0.00800609896178096,0.181249519847183,-0.1256671388215));
#3113=CARTESIAN_POINT('',(-0.00801897224938531,0.181394049144421,-0.125849612800699));
#3114=CARTESIAN_POINT('',(-0.0080184479743572,0.181525233331113,-0.126041222530151));
#3115=CARTESIAN_POINT('',(-0.00387640612903168,0.17456351547806,-0.124747637813743));
#3116=CARTESIAN_POINT('',(-0.0042685407917684,0.174975559506367,-0.12446388950511));
#3117=CARTESIAN_POINT('',(-0.0046606155989829,0.175430469053547,-0.124242566885556));
#3118=CARTESIAN_POINT('',(-0.00540659099312507,0.176379215749163,-0.123945820912007));
#3119=CARTESIAN_POINT('',(-0.00576069757165442,0.176872467338599,-0.123869119260147));
#3120=CARTESIAN_POINT('',(-0.00628348440961587,0.177671912255718,-0.123863499963594));
#3121=CARTESIAN_POINT('',(-0.00647194430670357,0.177978869041904,-0.123889795756409));
#3122=CARTESIAN_POINT('',(-0.0068174067340375,0.178581231864111,-0.123997568371232));
#3123=CARTESIAN_POINT('',(-0.00697440365678664,0.178876624505026,-0.124079033264075));
#3124=CARTESIAN_POINT('',(-0.00733571563172181,0.17961832837688,-0.124358346329329));
#3125=CARTESIAN_POINT('',(-0.00751103675867417,0.180047702483039,-0.124596931844007));
#3126=CARTESIAN_POINT('',(-0.00770780078055685,0.180673511365859,-0.125074582483145));
#3127=CARTESIAN_POINT('',(-0.00776238171469215,0.180897004648555,-0.125279833733986));
#3128=CARTESIAN_POINT('',(-0.00781978674860591,0.181253866789002,-0.125672623531001));
#3129=CARTESIAN_POINT('',(-0.00783194667600976,0.181395954989026,-0.125852405333974));
#3130=CARTESIAN_POINT('',(-0.00783145036892443,0.181525112422457,-0.12604104378537));
#3131=CARTESIAN_POINT('',(-0.00387640612903168,0.17456351547806,-0.124747637813743));
#3132=CARTESIAN_POINT('',(-0.00425192681276212,0.174981227129952,-0.124459986420898));
#3133=CARTESIAN_POINT('',(-0.0046273803240355,0.175442828135672,-0.124236304188277));
#3134=CARTESIAN_POINT('',(-0.00534091409849163,0.176403697354671,-0.123938603565675));
#3135=CARTESIAN_POINT('',(-0.00567918328640948,0.176902323782949,-0.123863263760764));
#3136=CARTESIAN_POINT('',(-0.00617758859636312,0.177707179596268,-0.123861342397777));
#3137=CARTESIAN_POINT('',(-0.00635700193400065,0.178015427383052,-0.123889389186593));
#3138=CARTESIAN_POINT('',(-0.00668540704097898,0.178618533892725,-0.124000531841607));
#3139=CARTESIAN_POINT('',(-0.0068343944148522,0.178913377160773,-0.12408360722174));
#3140=CARTESIAN_POINT('',(-0.00717678432311887,0.179651523180671,-0.124365869786689));
#3141=CARTESIAN_POINT('',(-0.00734238110439039,0.18007655570701,-0.124604942003007));
#3142=CARTESIAN_POINT('',(-0.00752799965570965,0.180694378253885,-0.125079820592168));
#3143=CARTESIAN_POINT('',(-0.00757941301242941,0.180914608621418,-0.12528317706753));
#3144=CARTESIAN_POINT('',(-0.00763347493861411,0.181266244564256,-0.125671428198492));
#3145=CARTESIAN_POINT('',(-0.00764492151052228,0.181406252511762,-0.125848862239255));
#3146=CARTESIAN_POINT('',(-0.00764445316832158,0.1815336567714,-0.126034933111606));
#3147=CARTESIAN_POINT('',(-0.00387640612903168,0.17456351547806,-0.124747637813743));
#3148=CARTESIAN_POINT('',(-0.00421869885474955,0.174992562377121,-0.124452180252474));
#3149=CARTESIAN_POINT('',(-0.00456091085594249,0.175467205491558,-0.124223263054093));
#3150=CARTESIAN_POINT('',(-0.00520965999420365,0.176451936019966,-0.123921461423993));
#3151=CARTESIAN_POINT('',(-0.00551635291518611,0.17696129018092,-0.123847183734927));
#3152=CARTESIAN_POINT('',(-0.00596626119451725,0.177777840060656,-0.123849617841528));
#3153=CARTESIAN_POINT('',(-0.00612770839829482,0.178089219979385,-0.123879925063235));
#3154=CARTESIAN_POINT('',(-0.0064222898486592,0.178695384924937,-0.12399546777089));
#3155=CARTESIAN_POINT('',(-0.00655542203088003,0.178990150761653,-0.124080668553689));
#3156=CARTESIAN_POINT('',(-0.00686040602500675,0.179724306862015,-0.124366545928624));
#3157=CARTESIAN_POINT('',(-0.00700683463954505,0.180143054655359,-0.124605780348726));
#3158=CARTESIAN_POINT('',(-0.00717050677495206,0.180748616369432,-0.125075279750621));
#3159=CARTESIAN_POINT('',(-0.00721569020706167,0.180963694109129,-0.125275257165857));
#3160=CARTESIAN_POINT('',(-0.00726317808623793,0.181306906866085,-0.125655692050213));
#3161=CARTESIAN_POINT('',(-0.00727322236719518,0.181443501456926,-0.125829149392582));
#3162=CARTESIAN_POINT('',(-0.00727280909408518,0.18156796860803,-0.126010924710108));
#3163=CARTESIAN_POINT('',(-0.00387640612903168,0.17456351547806,-0.124747637813743));
#3164=CARTESIAN_POINT('',(-0.00420208487574327,0.174998230000706,-0.124448277168262));
#3165=CARTESIAN_POINT('',(-0.00452767666171475,0.175479223765717,-0.124216484617072));
#3166=CARTESIAN_POINT('',(-0.00514408278905128,0.176475693078099,-0.123911536629279));
#3167=CARTESIAN_POINT('',(-0.00543503684055121,0.176990400129929,-0.123836959210377));
#3168=CARTESIAN_POINT('',(-0.00586082967225236,0.177813233162166,-0.123840050855013));
#3169=CARTESIAN_POINT('',(-0.00601335733391243,0.178126454202234,-0.123870867514206));
#3170=CARTESIAN_POINT('',(-0.00629117254328082,0.178734933871387,-0.123987440233916));
#3171=CARTESIAN_POINT('',(-0.00641645914600932,0.179030171634901,-0.124073155930994));
#3172=CARTESIAN_POINT('',(-0.00670295948997955,0.179763895632491,-0.124359698612935));
#3173=CARTESIAN_POINT('',(-0.00683994443905356,0.180180700255877,-0.124598608532953));
#3174=CARTESIAN_POINT('',(-0.00699281583967265,0.180781987471364,-0.125065500810121));
#3175=CARTESIAN_POINT('',(-0.00703493699386458,0.180995175503404,-0.125263993949622));
#3176=CARTESIAN_POINT('',(-0.0070791940086101,0.18133519128645,-0.12564115127522));
#3177=CARTESIAN_POINT('',(-0.00708854937076379,0.181470452780975,-0.12581297969273));
#3178=CARTESIAN_POINT('',(-0.00708816320134935,0.181593736005142,-0.125993027045759));
#3179=CARTESIAN_POINT('',(-0.00387640612903168,0.17456351547806,-0.124747637813743));
#3180=CARTESIAN_POINT('',(-0.0041688569177307,0.175009565247875,-0.124440470999837));
#3181=CARTESIAN_POINT('',(-0.00446121046478187,0.175502919118645,-0.124202413380149));
#3182=CARTESIAN_POINT('',(-0.0050131276110362,0.176522446592078,-0.123888995229224));
#3183=CARTESIAN_POINT('',(-0.00527280075403138,0.177047801094433,-0.123812168541404));
#3184=CARTESIAN_POINT('',(-0.00565089315362545,0.177883989470062,-0.123813550164358));
#3185=CARTESIAN_POINT('',(-0.00578583476871702,0.17820140578138,-0.123844148931399));
#3186=CARTESIAN_POINT('',(-0.00603069671061654,0.178816013287265,-0.123960448588671));
#3187=CARTESIAN_POINT('',(-0.00614061813609221,0.179113180919336,-0.12404610070257));
#3188=CARTESIAN_POINT('',(-0.00639102190615671,0.179849093655268,-0.124331698217321));
#3189=CARTESIAN_POINT('',(-0.00650967606468964,0.180264386701964,-0.124569156941905));
#3190=CARTESIAN_POINT('',(-0.00664162894489554,0.180860841223452,-0.125031040206161));
#3191=CARTESIAN_POINT('',(-0.00667783399693496,0.181071634212109,-0.125226996885337));
#3192=CARTESIAN_POINT('',(-0.00671585145677233,0.181407313292496,-0.125598905638971));
#3193=CARTESIAN_POINT('',(-0.00672387734308344,0.18154067039841,-0.125768216996631));
#3194=CARTESIAN_POINT('',(-0.00672354368025779,0.181662169988747,-0.125945669682661));
#3195=CARTESIAN_POINT('',(-0.00387640612903168,0.17456351547806,-0.124747637813743));
#3196=CARTESIAN_POINT('',(-0.00415224293872442,0.17501523287146,-0.124436567915625));
#3197=CARTESIAN_POINT('',(-0.00442797846099795,0.1755145961978,-0.124195120580076));
#3198=CARTESIAN_POINT('',(-0.00494774964266706,0.17654544304632,-0.123876378624686));
#3199=CARTESIAN_POINT('',(-0.00519188075350169,0.177076092105609,-0.123797602399194));
#3200=CARTESIAN_POINT('',(-0.00554638822317109,0.177919352654144,-0.123796616468682));
#3201=CARTESIAN_POINT('',(-0.00567266336580933,0.178239123105063,-0.123826487909393));
#3202=CARTESIAN_POINT('',(-0.00590133837530771,0.178857543696621,-0.123941484500533));
#3203=CARTESIAN_POINT('',(-0.00600374026539544,0.179156169253305,-0.12402655812199));
#3204=CARTESIAN_POINT('',(-0.00623653130562105,0.179894702783602,-0.124310545178092));
#3205=CARTESIAN_POINT('',(-0.00634629849141248,0.180310427393545,-0.124546877219629));
#3206=CARTESIAN_POINT('',(-0.00646813379159787,0.180906323691924,-0.125006358621605));
#3207=CARTESIAN_POINT('',(-0.0065014850869249,0.181116611339177,-0.125201263127572));
#3208=CARTESIAN_POINT('',(-0.00653649392920671,0.181451150690107,-0.125571200887647));
#3209=CARTESIAN_POINT('',(-0.00654387927469237,0.18158393650638,-0.125739624118607));
#3210=CARTESIAN_POINT('',(-0.00654357101426102,0.181704836394611,-0.125916210108917));
#3211=CARTESIAN_POINT('',(-0.00387640612903168,0.17456351547806,-0.124747637813743));
#3212=CARTESIAN_POINT('',(-0.00411901498071185,0.175026568118629,-0.124428761747201));
#3213=CARTESIAN_POINT('',(-0.00436151781958362,0.175537608755961,-0.12418002145189));
#3214=CARTESIAN_POINT('',(-0.00481729221543482,0.176590640436062,-0.123848473051327));
#3215=CARTESIAN_POINT('',(-0.00503063399797621,0.177131785451493,-0.12376416527571));
#3216=CARTESIAN_POINT('',(-0.00533876321200567,0.177989893792904,-0.123755457009876));
#3217=CARTESIAN_POINT('',(-0.00544808256411998,0.178314846166655,-0.123782653735065));
#3218=CARTESIAN_POINT('',(-0.00564524544460312,0.178942307816067,-0.123892746951164));
#3219=CARTESIAN_POINT('',(-0.00573309252927001,0.179244791278693,-0.123975589303449));
#3220=CARTESIAN_POINT('',(-0.00593194952334138,0.17999151338272,-0.12425413158131));
#3221=CARTESIAN_POINT('',(-0.00602476600246115,0.180410420377167,-0.124487442553035));
#3222=CARTESIAN_POINT('',(-0.00612737490945791,0.181008865780801,-0.124942382187528));
#3223=CARTESIAN_POINT('',(-0.00615532622160297,0.181219516689927,-0.125135636342611));
#3224=CARTESIAN_POINT('',(-0.00618464552804715,0.181553830860599,-0.12550297328627));
#3225=CARTESIAN_POINT('',(-0.00619082109874887,0.181686239570592,-0.125670374660194));
#3226=CARTESIAN_POINT('',(-0.00619056113281972,0.181806531945852,-0.125846099330465));
#3227=CARTESIAN_POINT('',(-0.00387640612903168,0.17456351547806,-0.124747637813743));
#3228=CARTESIAN_POINT('',(-0.00410240100170557,0.175032235742214,-0.124424858662989));
#3229=CARTESIAN_POINT('',(-0.00432828918088006,0.175548944235338,-0.124172215123553));
#3230=CARTESIAN_POINT('',(-0.00475221276105097,0.176612841370011,-0.123833184083474));
#3231=CARTESIAN_POINT('',(-0.00495030725435481,0.177159187782172,-0.123745294296956));
#3232=CARTESIAN_POINT('',(-0.00523564319650329,0.178025071725396,-0.123731231259722));
#3233=CARTESIAN_POINT('',(-0.00533667326205526,0.178352851871832,-0.123756480601717));
#3234=CARTESIAN_POINT('',(-0.00551851103802179,0.178985541463555,-0.123862973525949));
#3235=CARTESIAN_POINT('',(-0.00559932291351774,0.179290424888129,-0.123944163112582));
#3236=CARTESIAN_POINT('',(-0.00578185877954966,0.180042714713782,-0.124218871105041));
#3237=CARTESIAN_POINT('',(-0.0058666116716987,0.180464372486695,-0.124450287716661));
#3238=CARTESIAN_POINT('',(-0.0059601119629511,0.181065925165558,-0.124903087484824));
#3239=CARTESIAN_POINT('',(-0.00598551711325499,0.181277444661727,-0.125095743475909));
#3240=CARTESIAN_POINT('',(-0.00601215557116131,0.181612673365901,-0.125462450613934));
#3241=CARTESIAN_POINT('',(-0.00601776192339579,0.181745276256711,-0.12562971826266));
#3242=CARTESIAN_POINT('',(-0.00601752484909471,0.181865560822816,-0.125805448310809));
#3243=CARTESIAN_POINT('',(-0.00387640612903168,0.17456351547806,-0.124747637813743));
#3244=CARTESIAN_POINT('',(-0.004069173043693,0.175043570989383,-0.124417052494564));
#3245=CARTESIAN_POINT('',(-0.00426183654145495,0.175571273160089,-0.12415608923768));
#3246=CARTESIAN_POINT('',(-0.00462245123429649,0.176656413990164,-0.123799957011208));
#3247=CARTESIAN_POINT('',(-0.00479044317381466,0.177213036849162,-0.123703293583776));
#3248=CARTESIAN_POINT('',(-0.00503124039384276,0.178095088038545,-0.123675593963547));
#3249=CARTESIAN_POINT('',(-0.00511619026810774,0.178428956019357,-0.12369575695317));
#3250=CARTESIAN_POINT('',(-0.00526851358732487,0.179073422908458,-0.123792816415776));
#3251=CARTESIAN_POINT('',(-0.00533589195058822,0.179383996245176,-0.123869662039921));
#3252=CARTESIAN_POINT('',(-0.00548748009958213,0.180150230991497,-0.124134572285909));
#3253=CARTESIAN_POINT('',(-0.00555718193998345,0.180579623326455,-0.124361491867192));
#3254=CARTESIAN_POINT('',(-0.00563378092003162,0.181190951354632,-0.124810346003606));
#3255=CARTESIAN_POINT('',(-0.00565449421985199,0.181405550275022,-0.1250022814941));
#3256=CARTESIAN_POINT('',(-0.00567619758022891,0.181744628602619,-0.125369093427645));
#3257=CARTESIAN_POINT('',(-0.00568075827419699,0.181878378008744,-0.125536853069662));
#3258=CARTESIAN_POINT('',(-0.0056805637087325,0.181999239111547,-0.125713465770072));
#3259=CARTESIAN_POINT('',(-0.00387640612903168,0.17456351547806,-0.124747637813743));
#3260=CARTESIAN_POINT('',(-0.00405255906468672,0.175049238612968,-0.124413149410352));
#3261=CARTESIAN_POINT('',(-0.00422861253966812,0.17558226660582,-0.124147769679867));
#3262=CARTESIAN_POINT('',(-0.00455776916638508,0.176677785674871,-0.123782018907927));
#3263=CARTESIAN_POINT('',(-0.00471090584829636,0.177239483581732,-0.123680163852181));
#3264=CARTESIAN_POINT('',(-0.00492995767091878,0.178129926397229,-0.12364418243496));
#3265=CARTESIAN_POINT('',(-0.00500711667128572,0.178467054429013,-0.123661206464054));
#3266=CARTESIAN_POINT('',(-0.00514525072762481,0.179118070641152,-0.123752432782484));
#3267=CARTESIAN_POINT('',(-0.00520623084659177,0.179431933906637,-0.123826587226819));
#3268=CARTESIAN_POINT('',(-0.00534319258705833,0.180206545783949,-0.124085534064176));
#3269=CARTESIAN_POINT('',(-0.00540590710221083,0.180640921847544,-0.12430985101587));
#3270=CARTESIAN_POINT('',(-0.00547471357293515,0.181258917872095,-0.124756899438104));
#3271=CARTESIAN_POINT('',(-0.00549328124475283,0.181475727603164,-0.124948712607754));
#3272=CARTESIAN_POINT('',(-0.0055127304215041,0.181817740990288,-0.125316259156974));
#3273=CARTESIAN_POINT('',(-0.00551681469016935,0.181952442723226,-0.125484644519386));
#3274=CARTESIAN_POINT('',(-0.00551663974145993,0.18207388817049,-0.125662134491762));
#3275=CARTESIAN_POINT('',(-0.00387640612903168,0.17456351547806,-0.124747637813743));
#3276=CARTESIAN_POINT('',(-0.00401933110667415,0.175060573860137,-0.124405343241928));
#3277=CARTESIAN_POINT('',(-0.00416217057518806,0.175603910989383,-0.124130617105428));
#3278=CARTESIAN_POINT('',(-0.00442890074627414,0.176719667300737,-0.123743520542407));
#3279=CARTESIAN_POINT('',(-0.00455281540191975,0.177291357476186,-0.123629700939046));
#3280=CARTESIAN_POINT('',(-0.00472967394405471,0.17819911091491,-0.123574311018542));
#3281=CARTESIAN_POINT('',(-0.0047918669808822,0.178543148332562,-0.123583905570264));
#3282=CARTESIAN_POINT('',(-0.0049030210506934,0.179208482088555,-0.123661324968404));
#3283=CARTESIAN_POINT('',(-0.00495198678836731,0.179529755634024,-0.123729110778648));
#3284=CARTESIAN_POINT('',(-0.00506177027507721,0.1803237640841,-0.123974137772183));
#3285=CARTESIAN_POINT('',(-0.00511182102495917,0.180770225078032,-0.124192624438974));
#3286=CARTESIAN_POINT('',(-0.00516664112103382,0.181404961107072,-0.124636481746697));
#3287=CARTESIAN_POINT('',(-0.00518140293612961,0.181627482390072,-0.124828547419037));
#3288=CARTESIAN_POINT('',(-0.00519686058909265,0.18197732266742,-0.125198938976227));
#3289=CARTESIAN_POINT('',(-0.0052001043334496,0.182114669053778,-0.125369331605301));
#3290=CARTESIAN_POINT('',(-0.00519996463907591,0.182237868196477,-0.12554943686215));
#3291=CARTESIAN_POINT('',(-0.00387640612903167,0.17456351547806,-0.124747637813743));
#3292=CARTESIAN_POINT('',(-0.00400271712766786,0.175066241483722,-0.124401440157715));
#3293=CARTESIAN_POINT('',(-0.00412895261143962,0.175614561927558,-0.12412178408847));
#3294=CARTESIAN_POINT('',(-0.00436471439850811,0.176740177240455,-0.123722960281463));
#3295=CARTESIAN_POINT('',(-0.00447426229249411,0.177316784634615,-0.123602367760647));
#3296=CARTESIAN_POINT('',(-0.00463067300310284,0.178233457052241,-0.12353585115253));
#3297=CARTESIAN_POINT('',(-0.00468569098024511,0.178581143793962,-0.123541155198655));
#3298=CARTESIAN_POINT('',(-0.00478405441227099,0.179254245736849,-0.123610600854591));
#3299=CARTESIAN_POINT('',(-0.00482740406904879,0.179579639610262,-0.123674709233369));
#3300=CARTESIAN_POINT('',(-0.0049246358811082,0.180384667424523,-0.123911779861795));
#3301=CARTESIAN_POINT('',(-0.00496901032110362,0.180838229553815,-0.124127038927329));
#3302=CARTESIAN_POINT('',(-0.005017636723757,0.181483037489881,-0.124569510897505));
#3303=CARTESIAN_POINT('',(-0.00503073836575163,0.181709059477806,-0.124761951410927));
#3304=CARTESIAN_POINT('',(-0.00504445873840815,0.182063791541261,-0.125134453371958));
#3305=CARTESIAN_POINT('',(-0.00504733839700451,0.182202830241527,-0.125306227545929));
#3306=CARTESIAN_POINT('',(-0.00504721433979133,0.182327198730725,-0.125488070808286));
#3307=CARTESIAN_POINT('',(-0.00387640612903167,0.17456351547806,-0.124747637813743));
#3308=CARTESIAN_POINT('',(-0.0039694891696553,0.175077576730891,-0.124393633989291));
#3309=CARTESIAN_POINT('',(-0.00406252428524737,0.175635520771564,-0.124103603846817));
#3310=CARTESIAN_POINT('',(-0.00423693508016476,0.176780304157828,-0.123679248291699));
#3311=CARTESIAN_POINT('',(-0.00431833337057533,0.177366558453962,-0.123543562392438));
#3312=CARTESIAN_POINT('',(-0.00443538753346343,0.178301506808889,-0.123452051073857));
#3313=CARTESIAN_POINT('',(-0.0044767838403954,0.178656837150552,-0.123447673836294));
#3314=CARTESIAN_POINT('',(-0.00455121346226861,0.179346583799156,-0.123499150609593));
#3315=CARTESIAN_POINT('',(-0.00458424910098262,0.179680982359084,-0.123554985712926));
#3316=CARTESIAN_POINT('',(-0.00465880377617666,0.180510496574596,-0.123774326357168));
#3317=CARTESIAN_POINT('',(-0.00469334907175939,0.180980235458805,-0.123982610946718));
#3318=CARTESIAN_POINT('',(-0.00473143964357295,0.18164838508601,-0.124422831123981));
#3319=CARTESIAN_POINT('',(-0.00474178150000865,0.181882626414047,-0.124616538765415));
#3320=CARTESIAN_POINT('',(-0.00475262386037927,0.182249006099515,-0.124994636422309));
#3321=CARTESIAN_POINT('',(-0.00475490488010114,0.18239214074531,-0.125169917220793));
#3322=CARTESIAN_POINT('',(-0.00475480748578894,0.182519418461331,-0.125356075239086));
#3323=CARTESIAN_POINT('',(-0.00387640612903167,0.17456351547806,-0.124747637813743));
#3324=CARTESIAN_POINT('',(-0.00395287519064901,0.175083244354476,-0.124389730905079));
#3325=CARTESIAN_POINT('',(-0.00402931392176064,0.175645828677724,-0.124094256621737));
#3326=CARTESIAN_POINT('',(-0.0041733421139896,0.1767999211341,-0.123656096564333));
#3327=CARTESIAN_POINT('',(-0.00424095756955225,0.177390905111708,-0.123512090206084));
#3328=CARTESIAN_POINT('',(-0.00433910306625192,0.178335210406938,-0.123406710887306));
#3329=CARTESIAN_POINT('',(-0.00437405279156032,0.178694535013604,-0.12339694288543));
#3330=CARTESIAN_POINT('',(-0.00443733932271971,0.179393158145493,-0.123438424560255));
#3331=CARTESIAN_POINT('',(-0.00446567707715672,0.179732441039094,-0.123489663847998));
#3332=CARTESIAN_POINT('',(-0.0045301064488394,0.180575422205414,-0.123699230960088));
#3333=CARTESIAN_POINT('',(-0.00456049902879497,0.181054236632326,-0.123903768741621));
#3334=CARTESIAN_POINT('',(-0.00459424761812502,0.181735655920688,-0.124343122536825));
#3335=CARTESIAN_POINT('',(-0.00460348991174447,0.18197461583833,-0.12453772248421));
#3336=CARTESIAN_POINT('',(-0.00461319159343752,0.182347751301622,-0.12491930544144));
#3337=CARTESIAN_POINT('',(-0.00461523807180265,0.182493289561518,-0.125096711314887));
#3338=CARTESIAN_POINT('',(-0.0046151517028505,0.182622307150362,-0.125285446072113));
#3339=CARTESIAN_POINT('',(-0.00387640612903167,0.17456351547806,-0.124747637813743));
#3340=CARTESIAN_POINT('',(-0.00393626121164273,0.175088911978061,-0.124385827820867));
#3341=CARTESIAN_POINT('',(-0.00399610823632192,0.175655964775194,-0.12408465166405));
#3342=CARTESIAN_POINT('',(-0.00411009426475779,0.176819076679921,-0.123631666284683));
#3343=CARTESIAN_POINT('',(-0.00416426593852851,0.177414682631718,-0.123478585250235));
#3344=CARTESIAN_POINT('',(-0.00424438831913112,0.178368519073781,-0.123358029462077));
#3345=CARTESIAN_POINT('',(-0.00427330920929758,0.178731987754606,-0.123342351640793));
#3346=CARTESIAN_POINT('',(-0.00432639265738332,0.179439982748896,-0.123372900059167));
#3347=CARTESIAN_POINT('',(-0.00435055421674878,0.179784495744254,-0.123419125724178));
#3348=CARTESIAN_POINT('',(-0.00440623055469088,0.180642057873831,-0.123618117195977));
#3349=CARTESIAN_POINT('',(-0.00443332549400375,0.181130850938466,-0.123818711735439));
#3350=CARTESIAN_POINT('',(-0.00446376697243592,0.181827012768868,-0.124257513028787));
#3351=CARTESIAN_POINT('',(-0.00447222189059817,0.182071255016247,-0.124453273373098));
#3352=CARTESIAN_POINT('',(-0.00448111489999455,0.182452018225004,-0.124839022351955));
#3353=CARTESIAN_POINT('',(-0.00448299884789274,0.182600296379809,-0.12501891463063));
#3354=CARTESIAN_POINT('',(-0.00448292092473896,0.182731328299881,-0.12521062922051));
#3355=EDGE_LOOP('',(#3933,#3934,#3935,#3936));
#3356=AXIS2_PLACEMENT_3D('',#3937,#3938,#3939);
#3357=EDGE_LOOP('',(#3940,#3941,#3942,#3943,#3944));
#3358=AXIS2_PLACEMENT_3D('',#3945,#3946,#3947);
#3359=EDGE_LOOP('',(#3948,#3949,#3950,#3951));
#3360=AXIS2_PLACEMENT_3D('',#3952,#3953,#3954);
#3361=EDGE_LOOP('',(#3955,#3956,#3957,#3958));
#3362=AXIS2_PLACEMENT_3D('',#3959,#3960,#3961);
#3363=EDGE_LOOP('',(#3962,#3963,#3964,#3965));
#3364=AXIS2_PLACEMENT_3D('',#3966,#3967,#3968);
#3365=EDGE_LOOP('',(#3969,#3970,#3971,#3972,#3973));
#3366=AXIS2_PLACEMENT_3D('',#3974,#3975,#3976);
#3367=EDGE_LOOP('',(#3977,#3978,#3979,#3980,#3981,#3982,#3983));
#3368=AXIS2_PLACEMENT_3D('',#3984,#3985,#3986);
#3369=EDGE_LOOP('',(#3987,#3988,#3989,#3990));
#3370=AXIS2_PLACEMENT_3D('',#3991,#3992,#3993);
#3371=EDGE_LOOP('',(#3994,#3995,#3996));
#3372=AXIS2_PLACEMENT_3D('',#3997,#3998,#3999);
#3373=EDGE_LOOP('',(#4000,#4001,#4002,#4003,#4004));
#3374=AXIS2_PLACEMENT_3D('',#4005,#4006,#4007);
#3375=EDGE_LOOP('',(#4008,#4009,#4010,#4011,#4012));
#3376=AXIS2_PLACEMENT_3D('',#4013,#4014,#4015);
#3377=EDGE_LOOP('',(#4016,#4017,#4018,#4019));
#3378=AXIS2_PLACEMENT_3D('',#4020,#4021,#4022);
#3379=EDGE_LOOP('',(#4023,#4024,#4025,#4026));
#3380=AXIS2_PLACEMENT_3D('',#4027,#4028,#4029);
#3381=EDGE_LOOP('',(#4030,#4031,#4032,#4033));
#3382=AXIS2_PLACEMENT_3D('',#4034,#4035,#4036);
#3383=FILL_AREA_STYLE_COLOUR('',#4037);
#3384=ORIENTED_EDGE('',*,*,#4038,.F.);
#3385=ORIENTED_EDGE('',*,*,#4039,.T.);
#3386=ORIENTED_EDGE('',*,*,#4040,.F.);
#3387=ORIENTED_EDGE('',*,*,#4041,.T.);
#3388=CARTESIAN_POINT('',(-0.00426661334910163,0.131703004375465,-0.149225571914929));
#3389=DIRECTION('',(0.999999999947585,-1.0238614723268E-05,-2.01025973645317E-10));
#3390=DIRECTION('',(3.57696178900907E-06,0.349341539365554,0.936995458292574));
#3391=ORIENTED_EDGE('',*,*,#4042,.F.);
#3392=ORIENTED_EDGE('',*,*,#4043,.F.);
#3393=ORIENTED_EDGE('',*,*,#4044,.F.);
#3394=ORIENTED_EDGE('',*,*,#4045,.F.);
#3395=CARTESIAN_POINT('',(0.0118333866500545,0.131702839533768,-0.149225571918165));
#3396=DIRECTION('',(0.999999999947585,-1.02386147231431E-05,-2.01026056911559E-10));
#3397=DIRECTION('',(-3.57696178904341E-06,-0.34934153936555,-0.936995458292575));
#3398=ORIENTED_EDGE('',*,*,#4046,.F.);
#3399=ORIENTED_EDGE('',*,*,#4043,.T.);
#3400=ORIENTED_EDGE('',*,*,#4047,.F.);
#3401=ORIENTED_EDGE('',*,*,#4048,.T.);
#3402=CARTESIAN_POINT('',(-0.0187666133483416,0.131703152835379,-0.149225571912014));
#3403=DIRECTION('',(-0.999999999947585,1.0238614723268E-05,2.01025973644724E-10));
#3404=DIRECTION('',(3.57696178900898E-06,0.349341539365545,0.936995458292577));
#3405=ORIENTED_EDGE('',*,*,#4049,.F.);
#3406=ORIENTED_EDGE('',*,*,#4050,.T.);
#3407=ORIENTED_EDGE('',*,*,#4051,.T.);
#3408=ORIENTED_EDGE('',*,*,#4052,.F.);
#3409=ORIENTED_EDGE('',*,*,#4053,.F.);
#3410=CARTESIAN_POINT('',(-0.00276661334918019,0.131702989017543,-0.14922557191523));
#3411=DIRECTION('',(-0.999999999947585,1.0238614723268E-05,2.01025973644391E-10));
#3412=DIRECTION('',(9.31289828326577E-06,0.909577613900477,0.415534071051201));
#3413=ORIENTED_EDGE('',*,*,#4054,.F.);
#3414=ORIENTED_EDGE('',*,*,#4055,.T.);
#3415=ORIENTED_EDGE('',*,*,#4056,.T.);
#3416=ORIENTED_EDGE('',*,*,#4057,.T.);
#3417=ORIENTED_EDGE('',*,*,#4058,.T.);
#3418=CARTESIAN_POINT('',(-0.00626661334899678,0.131703024852695,-0.149225571914527));
#3419=DIRECTION('',(0.999999999947585,-1.02386147232611E-05,-2.01025945889563E-10));
#3420=DIRECTION('',(1.24884153682591E-07,0.012217000834607,-0.999925369660452));
#3421=ORIENTED_EDGE('',*,*,#4059,.F.);
#3422=ORIENTED_EDGE('',*,*,#4052,.T.);
#3423=ORIENTED_EDGE('',*,*,#4060,.F.);
#3424=ORIENTED_EDGE('',*,*,#4061,.F.);
#3425=ORIENTED_EDGE('',*,*,#4062,.T.);
#3426=CARTESIAN_POINT('',(-0.00626661334899678,0.131703024852695,-0.149225571914527));
#3427=DIRECTION('',(0.999999999947585,-1.02386147232611E-05,-2.01025945889563E-10));
#3428=DIRECTION('',(1.24884153682591E-07,0.012217000834607,-0.999925369660452));
#3429=ORIENTED_EDGE('',*,*,#4063,.F.);
#3430=ORIENTED_EDGE('',*,*,#4064,.F.);
#3431=ORIENTED_EDGE('',*,*,#4065,.F.);
#3432=ORIENTED_EDGE('',*,*,#4066,.F.);
#3433=ORIENTED_EDGE('',*,*,#4067,.F.);
#3434=ORIENTED_EDGE('',*,*,#4068,.T.);
#3435=CARTESIAN_POINT('',(0.00287372047322585,0.186928774281716,-0.130802484266967));
#3436=DIRECTION('',(0.999999999947585,-1.023861472387E-05,-2.01025718884449E-10));
#3437=DIRECTION('',(9.59346526883953E-06,0.936995458243461,-0.349341539383871));
#3438=ORIENTED_EDGE('',*,*,#4069,.F.);
#3439=ORIENTED_EDGE('',*,*,#4070,.T.);
#3440=ORIENTED_EDGE('',*,*,#4071,.F.);
#3441=ORIENTED_EDGE('',*,*,#4072,.F.);
#3442=ORIENTED_EDGE('',*,*,#4073,.F.);
#3443=CARTESIAN_POINT('',(0.00287367982530597,0.182958600592479,-0.125037267803065));
#3444=DIRECTION('',(-0.999999999947585,1.0238614722319E-05,2.01020826443117E-10));
#3445=DIRECTION('',(1.85673193547897E-06,0.181326702610247,0.983422913561123));
#3446=ORIENTED_EDGE('',*,*,#4074,.F.);
#3447=ORIENTED_EDGE('',*,*,#4066,.T.);
#3448=ORIENTED_EDGE('',*,*,#4075,.T.);
#3449=ORIENTED_EDGE('',*,*,#4072,.T.);
#3450=CARTESIAN_POINT('',(0.00287370160097733,0.18508547935457,-0.128125776623013));
#3451=DIRECTION('',(-5.80684569242843E-06,-0.567167669890954,0.823602351985925));
#3452=DIRECTION('',(-0.382675641581961,0.760913274036293,0.523994601818762));
#3453=ORIENTED_EDGE('',*,*,#4076,.F.);
#3454=ORIENTED_EDGE('',*,*,#4077,.F.);
#3455=ORIENTED_EDGE('',*,*,#4078,.T.);
#3456=ORIENTED_EDGE('',*,*,#4079,.T.);
#3457=CARTESIAN_POINT('',(-0.00528903202256468,0.176235912181004,-0.129666855020917));
#3458=DIRECTION('',(0.707112743941392,0.582367568266009,0.401048105328539));
#3459=DIRECTION('',(-0.499999889703166,0.0107581898290743,0.86595864315129));
#3460=ORIENTED_EDGE('',*,*,#4080,.F.);
#3461=ORIENTED_EDGE('',*,*,#4081,.F.);
#3462=ORIENTED_EDGE('',*,*,#4082,.T.);
#3463=ORIENTED_EDGE('',*,*,#4083,.T.);
#3464=CARTESIAN_POINT('',(-0.012556145477217,0.177399442696319,-0.128865649571928));
#3465=DIRECTION('',(-0.999999999947585,1.0238614723268E-05,2.01025973645167E-10));
#3466=DIRECTION('',(1.85673194071287E-06,0.18132670261024,0.983422913561124));
#3467=ORIENTED_EDGE('',*,*,#4084,.F.);
#3468=ORIENTED_EDGE('',*,*,#4085,.F.);
#3469=ORIENTED_EDGE('',*,*,#4086,.T.);
#3470=ORIENTED_EDGE('',*,*,#4065,.T.);
#3471=CARTESIAN_POINT('',(-0.00589946512378307,0.17970330874478,-0.135778309538853));
#3472=DIRECTION('',(0.707112743941392,0.582367568265993,0.401048105328563));
#3473=DIRECTION('',(-0.499991677583227,0.812854400728419,-0.298790973029565));
#3474=ORIENTED_EDGE('',*,*,#4087,.F.);
#3475=ORIENTED_EDGE('',*,*,#4088,.T.);
#3476=ORIENTED_EDGE('',*,*,#4089,.T.);
#3477=ORIENTED_EDGE('',*,*,#4090,.F.);
#3478=CARTESIAN_POINT('',(-0.0125561048292972,0.181369616385556,-0.13463086603583));
#3479=DIRECTION('',(0.999999999947585,-1.02386147232611E-05,-2.0102594588938E-10));
#3480=DIRECTION('',(1.00688518706074E-05,0.983422913509582,-0.181326702619727));
#3481=ORIENTED_EDGE('',*,*,#4091,.F.);
#3482=ORIENTED_EDGE('',*,*,#4092,.T.);
#3483=ORIENTED_EDGE('',*,*,#4093,.T.);
#3484=ORIENTED_EDGE('',*,*,#4094,.T.);
#3485=CARTESIAN_POINT('',(-0.00801840661603394,0.187762298518764,-0.126282481693581));
#3486=DIRECTION('',(-5.80684569253007E-06,-0.567167669890954,0.823602351985924));
#3487=DIRECTION('',(0.382675641581961,-0.760913274036293,-0.523994601818762));
#3488=ORIENTED_EDGE('',*,*,#4095,.F.);
#3489=ORIENTED_EDGE('',*,*,#4096,.F.);
#3490=ORIENTED_EDGE('',*,*,#4097,.T.);
#3491=ORIENTED_EDGE('',*,*,#4098,.T.);
#3492=CARTESIAN_POINT('',(-0.018766140112567,0.177923668277384,-0.140646471027544));
#3493=DIRECTION('',(-0.999999999947585,1.02386147232611E-05,2.01025973645021E-10));
#3494=DIRECTION('',(-1.85673194071148E-06,-0.181326702610227,-0.983422913561127));
#3495=ORIENTED_EDGE('',*,*,#4099,.F.);
#3496=ORIENTED_EDGE('',*,*,#4100,.F.);
#3497=ORIENTED_EDGE('',*,*,#4101,.T.);
#3498=ORIENTED_EDGE('',*,*,#4102,.F.);
#3499=ORIENTED_EDGE('',*,*,#4103,.F.);
#3500=CARTESIAN_POINT('',(0.00173374005922227,0.166219949622249,-0.137756607184404));
#3501=DIRECTION('',(5.8068456902619E-06,0.567167669890956,-0.823602351985923));
#3502=DIRECTION('',(-0.707100818357582,0.582382047853808,0.401048105612833));
#3503=ORIENTED_EDGE('',*,*,#4104,.F.);
#3504=ORIENTED_EDGE('',*,*,#4105,.F.);
#3505=ORIENTED_EDGE('',*,*,#4106,.T.);
#3506=ORIENTED_EDGE('',*,*,#4107,.F.);
#3507=CARTESIAN_POINT('',(-0.018766215601561,0.170550488568801,-0.129939640451726));
#3508=DIRECTION('',(0.999999999947585,-1.02386147232611E-05,-2.01025945890043E-10));
#3509=DIRECTION('',(-1.00688518706073E-05,-0.983422913509579,0.181326702619743));
#3510=ORIENTED_EDGE('',*,*,#4108,.F.);
#3511=ORIENTED_EDGE('',*,*,#4109,.T.);
#3512=ORIENTED_EDGE('',*,*,#4110,.T.);
#3513=ORIENTED_EDGE('',*,*,#4111,.T.);
#3514=CARTESIAN_POINT('',(-0.0187661750994379,0.174506494079205,-0.139357148249818));
#3515=DIRECTION('',(0.999999999947585,-1.02386147232646E-05,-2.01025973644391E-10));
#3516=DIRECTION('',(4.49663582019165E-06,0.439201644062567,-0.898388510518984));
#3517=ORIENTED_EDGE('',*,*,#4112,.F.);
#3518=ORIENTED_EDGE('',*,*,#4113,.T.);
#3519=ORIENTED_EDGE('',*,*,#4114,.T.);
#3520=ORIENTED_EDGE('',*,*,#4115,.F.);
#3521=CARTESIAN_POINT('',(-0.0187662523912309,0.166957142986082,-0.123914924098552));
#3522=DIRECTION('',(0.999999999947585,-1.02386147232646E-05,-2.01025973644909E-10));
#3523=DIRECTION('',(4.49663582019146E-06,0.439201644062548,-0.898388510518993));
#3524=ORIENTED_EDGE('',*,*,#4116,.F.);
#3525=ORIENTED_EDGE('',*,*,#4117,.T.);
#3526=ORIENTED_EDGE('',*,*,#4118,.T.);
#3527=ORIENTED_EDGE('',*,*,#4119,.F.);
#3528=ORIENTED_EDGE('',*,*,#4120,.T.);
#3529=CARTESIAN_POINT('',(0.00589276675908135,0.188696940665399,-0.125435978539299));
#3530=DIRECTION('',(8.43266118247255E-06,0.823602351942758,0.567167669920675));
#3531=DIRECTION('',(-0.999999999947584,1.02387520157315E-05,1.65897230567409E-12));
#3532=ORIENTED_EDGE('',*,*,#4121,.F.);
#3533=ORIENTED_EDGE('',*,*,#4122,.F.);
#3534=ORIENTED_EDGE('',*,*,#4123,.F.);
#3535=ORIENTED_EDGE('',*,*,#4124,.F.);
#3536=CARTESIAN_POINT('',(0.00589277097541195,0.18910874184137,-0.125152394704338));
#3537=DIRECTION('',(8.43266118261132E-06,0.823602351942754,0.56716766992068));
#3538=DIRECTION('',(-0.999999999947584,1.02387520135244E-05,1.66242202555438E-12));
#3539=ORIENTED_EDGE('',*,*,#4125,.F.);
#3540=ORIENTED_EDGE('',*,*,#4122,.T.);
#3541=ORIENTED_EDGE('',*,*,#4126,.F.);
#3542=ORIENTED_EDGE('',*,*,#4127,.T.);
#3543=CARTESIAN_POINT('',(0.00589260232218828,0.172636694802515,-0.136495748102752));
#3544=DIRECTION('',(-8.43266118263908E-06,-0.823602351942753,-0.567167669920682));
#3545=DIRECTION('',(0.999999999947584,-1.02387520117667E-05,-1.66502342748018E-12));
#3546=ORIENTED_EDGE('',*,*,#4128,.F.);
#3547=ORIENTED_EDGE('',*,*,#4068,.F.);
#3548=ORIENTED_EDGE('',*,*,#4129,.T.);
#3549=ORIENTED_EDGE('',*,*,#4130,.F.);
#3550=CARTESIAN_POINT('',(-0.0187660479085087,0.186928995842967,-0.130802484262617));
#3551=DIRECTION('',(0.999999999947585,-1.02386147232611E-05,-2.01025945888863E-10));
#3552=DIRECTION('',(9.59346526818972E-06,0.936995458243461,-0.34934153938387));
#3553=ORIENTED_EDGE('',*,*,#4131,.F.);
#3554=ORIENTED_EDGE('',*,*,#4132,.F.);
#3555=ORIENTED_EDGE('',*,*,#4133,.F.);
#3556=ORIENTED_EDGE('',*,*,#4134,.F.);
#3557=ORIENTED_EDGE('',*,*,#4135,.F.);
#3558=CARTESIAN_POINT('',(-0.0187660885564285,0.18295882215373,-0.125037267798715));
#3559=DIRECTION('',(0.999999999947585,-1.0238614723268E-05,-2.01025973645426E-10));
#3560=DIRECTION('',(1.85673194071294E-06,0.181326702610247,0.983422913561123));
#3561=ORIENTED_EDGE('',*,*,#4136,.F.);
#3562=ORIENTED_EDGE('',*,*,#4137,.F.);
#3563=ORIENTED_EDGE('',*,*,#4138,.F.);
#3564=ORIENTED_EDGE('',*,*,#4096,.T.);
#3565=CARTESIAN_POINT('',(0.00993385988592876,0.177923374429141,-0.140646471033313));
#3566=DIRECTION('',(-0.999999999947585,1.02386147224381E-05,2.01021510248843E-10));
#3567=DIRECTION('',(-1.85673193617286E-06,-0.181326702610229,-0.983422913561126));
#3568=ORIENTED_EDGE('',*,*,#4139,.F.);
#3569=ORIENTED_EDGE('',*,*,#4140,.F.);
#3570=ORIENTED_EDGE('',*,*,#4141,.F.);
#3571=ORIENTED_EDGE('',*,*,#4142,.T.);
#3572=CARTESIAN_POINT('',(0.00993378439693478,0.170550194720558,-0.129939640457496));
#3573=DIRECTION('',(-0.999999999947585,1.02386147212787E-05,2.01026311411883E-10));
#3574=DIRECTION('',(-1.00688518685915E-05,-0.983422913509579,0.181326702619745));
#3575=ORIENTED_EDGE('',*,*,#4143,.F.);
#3576=ORIENTED_EDGE('',*,*,#4144,.T.);
#3577=ORIENTED_EDGE('',*,*,#4145,.F.);
#3578=ORIENTED_EDGE('',*,*,#4146,.F.);
#3579=ORIENTED_EDGE('',*,*,#4147,.T.);
#3580=ORIENTED_EDGE('',*,*,#4135,.T.);
#3581=CARTESIAN_POINT('',(0.00993391144206727,0.182958528305487,-0.125037267804485));
#3582=DIRECTION('',(-0.999999999947585,1.0238614723268E-05,2.01025973645111E-10));
#3583=DIRECTION('',(-1.24884153654922E-07,-0.012217000834607,0.999925369660452));
#3584=ORIENTED_EDGE('',*,*,#4148,.F.);
#3585=ORIENTED_EDGE('',*,*,#4145,.T.);
#3586=ORIENTED_EDGE('',*,*,#4149,.T.);
#3587=ORIENTED_EDGE('',*,*,#4150,.F.);
#3588=CARTESIAN_POINT('',(0.00993388565770097,0.180440007444176,-0.116090601811128));
#3589=DIRECTION('',(5.80684569028543E-06,0.567167669890954,-0.823602351985924));
#3590=DIRECTION('',(0.707112743941392,0.582367568266009,0.401048105328539));
#3591=ORIENTED_EDGE('',*,*,#4151,.F.);
#3592=ORIENTED_EDGE('',*,*,#4152,.T.);
#3593=ORIENTED_EDGE('',*,*,#4153,.T.);
#3594=ORIENTED_EDGE('',*,*,#4154,.T.);
#3595=CARTESIAN_POINT('',(0.00993393530225607,0.185289147012076,-0.135574086206856));
#3596=DIRECTION('',(-8.43266118255105E-06,-0.823602351942731,-0.567167669920715));
#3597=DIRECTION('',(0.70711088720945,0.40104086565579,-0.582374808232566));
#3598=ORIENTED_EDGE('',*,*,#4155,.F.);
#3599=ORIENTED_EDGE('',*,*,#4140,.T.);
#3600=ORIENTED_EDGE('',*,*,#4156,.T.);
#3601=ORIENTED_EDGE('',*,*,#4157,.T.);
#3602=CARTESIAN_POINT('',(0.00993387010901184,0.178921534055121,-0.124174779522727));
#3603=DIRECTION('',(8.43266118255105E-06,0.823602351942755,0.56716766992068));
#3604=DIRECTION('',(0.707102675089523,-0.401055345243566,0.582374807948288));
#3605=ORIENTED_EDGE('',*,*,#4158,.F.);
#3606=ORIENTED_EDGE('',*,*,#4137,.T.);
#3607=ORIENTED_EDGE('',*,*,#4159,.T.);
#3608=ORIENTED_EDGE('',*,*,#4160,.T.);
#3609=CARTESIAN_POINT('',(0.00993376402140143,0.168560070582854,-0.127049717410803));
#3610=DIRECTION('',(-5.8068456903119E-06,-0.567167669890956,0.823602351985923));
#3611=DIRECTION('',(0.707100818357583,-0.582382047853808,-0.401048105612833));
#3612=ORIENTED_EDGE('',*,*,#4161,.F.);
#3613=ORIENTED_EDGE('',*,*,#4060,.T.);
#3614=ORIENTED_EDGE('',*,*,#4162,.T.);
#3615=ORIENTED_EDGE('',*,*,#4163,.F.);
#3616=CARTESIAN_POINT('',(-0.00626637054963196,0.15541709496202,-0.148541880243207));
#3617=DIRECTION('',(9.761951367916E-06,0.953438624694839,0.301587116509837));
#3618=DIRECTION('',(0.70710896444252,0.213247055397527,-0.674182917144384));
#3619=ORIENTED_EDGE('',*,*,#4164,.F.);
#3620=ORIENTED_EDGE('',*,*,#4165,.F.);
#3621=ORIENTED_EDGE('',*,*,#4166,.F.);
#3622=ORIENTED_EDGE('',*,*,#4167,.T.);
#3623=ORIENTED_EDGE('',*,*,#4057,.F.);
#3624=CARTESIAN_POINT('',(-0.00626643084265579,0.149528076579495,-0.136769808479856));
#3625=DIRECTION('',(-9.76195136788952E-06,-0.953438624694839,-0.301587116509838));
#3626=DIRECTION('',(0.707104597856449,-0.213261534985328,0.674182916860084));
#3627=ORIENTED_EDGE('',*,*,#4164,.T.);
#3628=ORIENTED_EDGE('',*,*,#4056,.F.);
#3629=ORIENTED_EDGE('',*,*,#4168,.T.);
#3630=ORIENTED_EDGE('',*,*,#4169,.F.);
#3631=CARTESIAN_POINT('',(-0.00626643084265579,0.149528076579495,-0.136769808479856));
#3632=DIRECTION('',(-9.76195136788952E-06,-0.953438624694839,-0.301587116509838));
#3633=DIRECTION('',(0.707104597856449,-0.213261534985328,0.674182916860084));
#3634=ORIENTED_EDGE('',*,*,#4170,.T.);
#3635=ORIENTED_EDGE('',*,*,#4168,.F.);
#3636=ORIENTED_EDGE('',*,*,#4055,.F.);
#3637=ORIENTED_EDGE('',*,*,#4171,.F.);
#3638=ORIENTED_EDGE('',*,*,#4062,.F.);
#3639=ORIENTED_EDGE('',*,*,#4172,.F.);
#3640=ORIENTED_EDGE('',*,*,#4101,.F.);
#3641=ORIENTED_EDGE('',*,*,#4173,.F.);
#3642=ORIENTED_EDGE('',*,*,#4041,.F.);
#3643=ORIENTED_EDGE('',*,*,#4174,.F.);
#3644=CARTESIAN_POINT('',(-0.00426643271557248,0.149345217994084,-0.140763898320642));
#3645=DIRECTION('',(-0.999999999947585,1.02386147232611E-05,2.01025945889555E-10));
#3646=DIRECTION('',(9.31289828324794E-06,0.909577613900477,0.415534071051201));
#3647=ORIENTED_EDGE('',*,*,#4161,.T.);
#3648=ORIENTED_EDGE('',*,*,#4175,.F.);
#3649=ORIENTED_EDGE('',*,*,#4172,.T.);
#3650=ORIENTED_EDGE('',*,*,#4061,.T.);
#3651=CARTESIAN_POINT('',(-0.00626637054963196,0.15541709496202,-0.148541880243207));
#3652=DIRECTION('',(9.761951367916E-06,0.953438624694839,0.301587116509837));
#3653=DIRECTION('',(0.70710896444252,0.213247055397527,-0.674182917144384));
#3654=ORIENTED_EDGE('',*,*,#4176,.F.);
#3655=ORIENTED_EDGE('',*,*,#4177,.F.);
#3656=ORIENTED_EDGE('',*,*,#4162,.F.);
#3657=ORIENTED_EDGE('',*,*,#4051,.F.);
#3658=ORIENTED_EDGE('',*,*,#4178,.T.);
#3659=CARTESIAN_POINT('',(-0.0187663307593554,0.159303470943462,-0.149410271399247));
#3660=DIRECTION('',(3.08764262546557E-06,0.301587116494032,-0.953438624744814));
#3661=DIRECTION('',(9.76195136793978E-06,0.953438624694839,0.301587116509837));
#3662=ORIENTED_EDGE('',*,*,#4179,.F.);
#3663=ORIENTED_EDGE('',*,*,#4178,.F.);
#3664=ORIENTED_EDGE('',*,*,#4050,.F.);
#3665=ORIENTED_EDGE('',*,*,#4180,.F.);
#3666=ORIENTED_EDGE('',*,*,#4181,.T.);
#3667=ORIENTED_EDGE('',*,*,#4113,.F.);
#3668=ORIENTED_EDGE('',*,*,#4182,.F.);
#3669=ORIENTED_EDGE('',*,*,#4183,.F.);
#3670=ORIENTED_EDGE('',*,*,#4184,.F.);
#3671=ORIENTED_EDGE('',*,*,#4083,.F.);
#3672=ORIENTED_EDGE('',*,*,#4185,.T.);
#3673=ORIENTED_EDGE('',*,*,#4088,.F.);
#3674=ORIENTED_EDGE('',*,*,#4186,.F.);
#3675=ORIENTED_EDGE('',*,*,#4187,.F.);
#3676=ORIENTED_EDGE('',*,*,#4109,.F.);
#3677=ORIENTED_EDGE('',*,*,#4048,.F.);
#3678=ORIENTED_EDGE('',*,*,#4188,.F.);
#3679=CARTESIAN_POINT('',(-0.0187661994111331,0.172131346247063,-0.106881851888476));
#3680=DIRECTION('',(-0.999999999947585,1.0238614723268E-05,2.01025973645977E-10));
#3681=DIRECTION('',(9.31289828326577E-06,0.909577613900477,0.415534071051201));
#3682=ORIENTED_EDGE('',*,*,#4114,.F.);
#3683=ORIENTED_EDGE('',*,*,#4181,.F.);
#3684=ORIENTED_EDGE('',*,*,#4189,.F.);
#3685=ORIENTED_EDGE('',*,*,#4167,.F.);
#3686=CARTESIAN_POINT('',(-0.0187664235566195,0.150239718222515,-0.134447075481517));
#3687=DIRECTION('',(-3.08764262546557E-06,-0.301587116494033,0.953438624744814));
#3688=DIRECTION('',(0.999999999994795,-3.86557286784464E-08,3.22620090677014E-06));
#3689=ORIENTED_EDGE('',*,*,#4158,.T.);
#3690=ORIENTED_EDGE('',*,*,#4190,.T.);
#3691=ORIENTED_EDGE('',*,*,#4191,.T.);
#3692=ORIENTED_EDGE('',*,*,#4138,.T.);
#3693=CARTESIAN_POINT('',(0.00993376402140143,0.168560070582854,-0.127049717410803));
#3694=DIRECTION('',(-5.8068456903119E-06,-0.567167669890956,0.823602351985923));
#3695=DIRECTION('',(0.707100818357583,-0.582382047853808,-0.401048105612833));
#3696=ORIENTED_EDGE('',*,*,#4155,.T.);
#3697=ORIENTED_EDGE('',*,*,#4192,.T.);
#3698=ORIENTED_EDGE('',*,*,#4193,.T.);
#3699=ORIENTED_EDGE('',*,*,#4141,.T.);
#3700=CARTESIAN_POINT('',(0.00993387010901184,0.178921534055121,-0.124174779522727));
#3701=DIRECTION('',(8.43266118255105E-06,0.823602351942755,0.56716766992068));
#3702=DIRECTION('',(0.707102675089523,-0.401055345243566,0.582374807948288));
#3703=ORIENTED_EDGE('',*,*,#4151,.T.);
#3704=ORIENTED_EDGE('',*,*,#4194,.T.);
#3705=ORIENTED_EDGE('',*,*,#4195,.T.);
#3706=ORIENTED_EDGE('',*,*,#4196,.T.);
#3707=CARTESIAN_POINT('',(0.00993393530225607,0.185289147012076,-0.135574086206856));
#3708=DIRECTION('',(-8.43266118255105E-06,-0.823602351942731,-0.567167669920715));
#3709=DIRECTION('',(0.70711088720945,0.40104086565579,-0.582374808232566));
#3710=ORIENTED_EDGE('',*,*,#4197,.T.);
#3711=ORIENTED_EDGE('',*,*,#4150,.T.);
#3712=ORIENTED_EDGE('',*,*,#4198,.T.);
#3713=ORIENTED_EDGE('',*,*,#4152,.F.);
#3714=ORIENTED_EDGE('',*,*,#4196,.F.);
#3715=ORIENTED_EDGE('',*,*,#4199,.T.);
#3716=ORIENTED_EDGE('',*,*,#4130,.T.);
#3717=CARTESIAN_POINT('',(0.00993395208998707,0.186928701994724,-0.130802484268386));
#3718=DIRECTION('',(-0.999999999947585,1.0238614723268E-05,2.01025973645133E-10));
#3719=DIRECTION('',(-1.24884153654922E-07,-0.012217000834607,0.999925369660452));
#3720=ORIENTED_EDGE('',*,*,#4148,.T.);
#3721=ORIENTED_EDGE('',*,*,#4197,.F.);
#3722=ORIENTED_EDGE('',*,*,#4200,.T.);
#3723=ORIENTED_EDGE('',*,*,#4146,.T.);
#3724=CARTESIAN_POINT('',(0.00993388565770097,0.180440007444176,-0.116090601811128));
#3725=DIRECTION('',(5.80684569028543E-06,0.567167669890954,-0.823602351985924));
#3726=DIRECTION('',(0.707112743941392,0.582367568266009,0.401048105328539));
#3727=ORIENTED_EDGE('',*,*,#4143,.T.);
#3728=ORIENTED_EDGE('',*,*,#4134,.T.);
#3729=ORIENTED_EDGE('',*,*,#4192,.F.);
#3730=ORIENTED_EDGE('',*,*,#4157,.F.);
#3731=ORIENTED_EDGE('',*,*,#4201,.T.);
#3732=CARTESIAN_POINT('',(0.00993391144206727,0.182958528305487,-0.125037267804485));
#3733=DIRECTION('',(-0.999999999947585,1.0238614723268E-05,2.01025973645111E-10));
#3734=DIRECTION('',(-1.24884153654922E-07,-0.012217000834607,0.999925369660452));
#3735=ORIENTED_EDGE('',*,*,#4139,.T.);
#3736=ORIENTED_EDGE('',*,*,#4107,.T.);
#3737=ORIENTED_EDGE('',*,*,#4190,.F.);
#3738=ORIENTED_EDGE('',*,*,#4160,.F.);
#3739=CARTESIAN_POINT('',(0.00993378439693478,0.170550194720558,-0.129939640457496));
#3740=DIRECTION('',(-0.999999999947585,1.02386147212787E-05,2.01026311411883E-10));
#3741=DIRECTION('',(-1.00688518685915E-05,-0.983422913509579,0.181326702619745));
#3742=ORIENTED_EDGE('',*,*,#4136,.T.);
#3743=ORIENTED_EDGE('',*,*,#4202,.T.);
#3744=ORIENTED_EDGE('',*,*,#4194,.F.);
#3745=ORIENTED_EDGE('',*,*,#4154,.F.);
#3746=CARTESIAN_POINT('',(0.00993385988592876,0.177923374429141,-0.140646471033313));
#3747=DIRECTION('',(-0.999999999947585,1.02386147224381E-05,2.01021510248843E-10));
#3748=DIRECTION('',(-1.85673193617286E-06,-0.181326702610229,-0.983422913561126));
#3749=ORIENTED_EDGE('',*,*,#4131,.T.);
#3750=ORIENTED_EDGE('',*,*,#4147,.F.);
#3751=ORIENTED_EDGE('',*,*,#4203,.T.);
#3752=ORIENTED_EDGE('',*,*,#4070,.F.);
#3753=CARTESIAN_POINT('',(-0.0187660885564285,0.18295882215373,-0.125037267798715));
#3754=DIRECTION('',(0.999999999947585,-1.0238614723268E-05,-2.01025973645426E-10));
#3755=DIRECTION('',(1.85673194071294E-06,0.181326702610247,0.983422913561123));
#3756=ORIENTED_EDGE('',*,*,#4200,.F.);
#3757=ORIENTED_EDGE('',*,*,#4129,.F.);
#3758=ORIENTED_EDGE('',*,*,#4204,.F.);
#3759=ORIENTED_EDGE('',*,*,#4205,.F.);
#3760=ORIENTED_EDGE('',*,*,#4118,.F.);
#3761=ORIENTED_EDGE('',*,*,#4206,.F.);
#3762=ORIENTED_EDGE('',*,*,#4203,.F.);
#3763=CARTESIAN_POINT('',(-0.0187660260691627,0.189061920758062,-0.125084037681063));
#3764=DIRECTION('',(8.43266118261132E-06,0.823602351942755,0.56716766992068));
#3765=DIRECTION('',(-5.8068456925131E-06,-0.567167669890954,0.823602351985925));
#3766=ORIENTED_EDGE('',*,*,#4128,.T.);
#3767=ORIENTED_EDGE('',*,*,#4199,.F.);
#3768=ORIENTED_EDGE('',*,*,#4207,.T.);
#3769=ORIENTED_EDGE('',*,*,#4208,.F.);
#3770=CARTESIAN_POINT('',(-0.0187660479085087,0.186928995842967,-0.130802484262617));
#3771=DIRECTION('',(0.999999999947585,-1.02386147232611E-05,-2.01025945888863E-10));
#3772=DIRECTION('',(9.59346526818972E-06,0.936995458243461,-0.34934153938387));
#3773=ORIENTED_EDGE('',*,*,#4195,.F.);
#3774=ORIENTED_EDGE('',*,*,#4209,.F.);
#3775=ORIENTED_EDGE('',*,*,#4210,.F.);
#3776=ORIENTED_EDGE('',*,*,#4110,.F.);
#3777=ORIENTED_EDGE('',*,*,#4187,.T.);
#3778=ORIENTED_EDGE('',*,*,#4211,.F.);
#3779=ORIENTED_EDGE('',*,*,#4212,.F.);
#3780=ORIENTED_EDGE('',*,*,#4207,.F.);
#3781=CARTESIAN_POINT('',(-0.0187660989247714,0.181946451435547,-0.140304567498672));
#3782=DIRECTION('',(5.80684569032042E-06,0.567167669890989,-0.8236023519859));
#3783=DIRECTION('',(8.43266118241703E-06,0.82360235194273,0.567167669920715));
#3784=ORIENTED_EDGE('',*,*,#4159,.F.);
#3785=ORIENTED_EDGE('',*,*,#4153,.F.);
#3786=ORIENTED_EDGE('',*,*,#4198,.F.);
#3787=ORIENTED_EDGE('',*,*,#4149,.F.);
#3788=ORIENTED_EDGE('',*,*,#4144,.F.);
#3789=ORIENTED_EDGE('',*,*,#4201,.F.);
#3790=ORIENTED_EDGE('',*,*,#4156,.F.);
#3791=CARTESIAN_POINT('',(0.0119338005872579,0.172131031921591,-0.106881851894647));
#3792=DIRECTION('',(-0.999999999947585,1.0238614723268E-05,2.0102597364513E-10));
#3793=DIRECTION('',(9.31289828326577E-06,0.909577613900477,0.415534071051201));
#3794=ORIENTED_EDGE('',*,*,#4125,.T.);
#3795=ORIENTED_EDGE('',*,*,#4213,.T.);
#3796=ORIENTED_EDGE('',*,*,#4126,.T.);
#3797=ORIENTED_EDGE('',*,*,#4214,.T.);
#3798=CARTESIAN_POINT('',(0.00589260232218828,0.172636694802515,-0.136495748102752));
#3799=DIRECTION('',(-8.43266118263908E-06,-0.823602351942753,-0.567167669920682));
#3800=DIRECTION('',(0.999999999947584,-1.02387520117667E-05,-1.66502342748018E-12));
#3801=ORIENTED_EDGE('',*,*,#4121,.T.);
#3802=ORIENTED_EDGE('',*,*,#4120,.F.);
#3803=ORIENTED_EDGE('',*,*,#4123,.T.);
#3804=ORIENTED_EDGE('',*,*,#4214,.F.);
#3805=CARTESIAN_POINT('',(0.00589277097541195,0.18910874184137,-0.125152394704338));
#3806=DIRECTION('',(8.43266118261132E-06,0.823602351942754,0.56716766992068));
#3807=DIRECTION('',(-0.999999999947584,1.02387520135244E-05,1.66242202555438E-12));
#3808=ORIENTED_EDGE('',*,*,#4191,.F.);
#3809=ORIENTED_EDGE('',*,*,#4106,.F.);
#3810=ORIENTED_EDGE('',*,*,#4215,.F.);
#3811=ORIENTED_EDGE('',*,*,#4097,.F.);
#3812=ORIENTED_EDGE('',*,*,#4127,.F.);
#3813=ORIENTED_EDGE('',*,*,#4213,.F.);
#3814=CARTESIAN_POINT('',(-0.0187661681498276,0.175185275258732,-0.140196256841363));
#3815=DIRECTION('',(-8.43266118263908E-06,-0.823602351942753,-0.567167669920682));
#3816=DIRECTION('',(5.80684569029266E-06,0.567167669890956,-0.823602351985923));
#3817=ORIENTED_EDGE('',*,*,#4116,.T.);
#3818=ORIENTED_EDGE('',*,*,#4124,.T.);
#3819=ORIENTED_EDGE('',*,*,#4119,.T.);
#3820=ORIENTED_EDGE('',*,*,#4205,.T.);
#3821=ORIENTED_EDGE('',*,*,#4216,.T.);
#3822=CARTESIAN_POINT('',(0.00589276675908135,0.188696940665399,-0.125435978539299));
#3823=DIRECTION('',(8.43266118247255E-06,0.823602351942758,0.567167669920675));
#3824=DIRECTION('',(-0.999999999947584,1.02387520157315E-05,1.65897230567409E-12));
#3825=ORIENTED_EDGE('',*,*,#4217,.T.);
#3826=ORIENTED_EDGE('',*,*,#4218,.T.);
#3827=ORIENTED_EDGE('',*,*,#4219,.T.);
#3828=ORIENTED_EDGE('',*,*,#4115,.T.);
#3829=ORIENTED_EDGE('',*,*,#4166,.T.);
#3830=ORIENTED_EDGE('',*,*,#4220,.F.);
#3831=ORIENTED_EDGE('',*,*,#4221,.T.);
#3832=ORIENTED_EDGE('',*,*,#4217,.F.);
#3833=ORIENTED_EDGE('',*,*,#4165,.T.);
#3834=ORIENTED_EDGE('',*,*,#4169,.T.);
#3835=ORIENTED_EDGE('',*,*,#4170,.F.);
#3836=ORIENTED_EDGE('',*,*,#4112,.T.);
#3837=ORIENTED_EDGE('',*,*,#4219,.F.);
#3838=ORIENTED_EDGE('',*,*,#4222,.T.);
#3839=ORIENTED_EDGE('',*,*,#4182,.T.);
#3840=CARTESIAN_POINT('',(-0.0187662523912309,0.166957142986082,-0.123914924098552));
#3841=DIRECTION('',(0.999999999947585,-1.02386147232646E-05,-2.01025973644909E-10));
#3842=DIRECTION('',(4.49663582019146E-06,0.439201644062548,-0.898388510518993));
#3843=ORIENTED_EDGE('',*,*,#4220,.T.);
#3844=ORIENTED_EDGE('',*,*,#4173,.T.);
#3845=ORIENTED_EDGE('',*,*,#4223,.T.);
#3846=ORIENTED_EDGE('',*,*,#4108,.T.);
#3847=ORIENTED_EDGE('',*,*,#4224,.T.);
#3848=ORIENTED_EDGE('',*,*,#4225,.T.);
#3849=ORIENTED_EDGE('',*,*,#4176,.T.);
#3850=ORIENTED_EDGE('',*,*,#4179,.T.);
#3851=CARTESIAN_POINT('',(-0.0187661750994379,0.174506494079205,-0.139357148249818));
#3852=DIRECTION('',(0.999999999947585,-1.02386147232646E-05,-2.01025973644391E-10));
#3853=DIRECTION('',(4.49663582019165E-06,0.439201644062567,-0.898388510518984));
#3854=ORIENTED_EDGE('',*,*,#4225,.F.);
#3855=ORIENTED_EDGE('',*,*,#4226,.T.);
#3856=ORIENTED_EDGE('',*,*,#4102,.T.);
#3857=ORIENTED_EDGE('',*,*,#4175,.T.);
#3858=ORIENTED_EDGE('',*,*,#4163,.T.);
#3859=ORIENTED_EDGE('',*,*,#4177,.T.);
#3860=ORIENTED_EDGE('',*,*,#4221,.F.);
#3861=ORIENTED_EDGE('',*,*,#4223,.F.);
#3862=ORIENTED_EDGE('',*,*,#4100,.T.);
#3863=ORIENTED_EDGE('',*,*,#4227,.T.);
#3864=ORIENTED_EDGE('',*,*,#4105,.T.);
#3865=ORIENTED_EDGE('',*,*,#4228,.T.);
#3866=ORIENTED_EDGE('',*,*,#4229,.T.);
#3867=CARTESIAN_POINT('',(0.00173371693607503,0.163961459861657,-0.134476981815213));
#3868=DIRECTION('',(-5.80684569029266E-06,-0.567167669890954,0.823602351985924));
#3869=DIRECTION('',(0.999999999975551,-8.46688497685772E-08,6.99223872057801E-06));
#3870=ORIENTED_EDGE('',*,*,#4104,.T.);
#3871=ORIENTED_EDGE('',*,*,#4142,.F.);
#3872=ORIENTED_EDGE('',*,*,#4230,.T.);
#3873=ORIENTED_EDGE('',*,*,#4228,.F.);
#3874=CARTESIAN_POINT('',(-0.018766215601561,0.170550488568801,-0.129939640451726));
#3875=DIRECTION('',(0.999999999947585,-1.02386147232611E-05,-2.01025945890043E-10));
#3876=DIRECTION('',(-1.00688518706073E-05,-0.983422913509579,0.181326702619743));
#3877=ORIENTED_EDGE('',*,*,#4099,.T.);
#3878=ORIENTED_EDGE('',*,*,#4231,.F.);
#3879=ORIENTED_EDGE('',*,*,#4215,.T.);
#3880=ORIENTED_EDGE('',*,*,#4227,.F.);
#3881=CARTESIAN_POINT('',(0.00173374005922227,0.166219949622249,-0.137756607184404));
#3882=DIRECTION('',(5.8068456902619E-06,0.567167669890956,-0.823602351985923));
#3883=DIRECTION('',(-0.707100818357582,0.582382047853808,0.401048105612833));
#3884=ORIENTED_EDGE('',*,*,#4095,.T.);
#3885=ORIENTED_EDGE('',*,*,#4232,.T.);
#3886=ORIENTED_EDGE('',*,*,#4209,.T.);
#3887=ORIENTED_EDGE('',*,*,#4202,.F.);
#3888=CARTESIAN_POINT('',(-0.018766140112567,0.177923668277384,-0.140646471027544));
#3889=DIRECTION('',(-0.999999999947585,1.02386147232611E-05,2.01025973645021E-10));
#3890=DIRECTION('',(-1.85673194071148E-06,-0.181326702610227,-0.983422913561127));
#3891=ORIENTED_EDGE('',*,*,#4111,.F.);
#3892=ORIENTED_EDGE('',*,*,#4210,.T.);
#3893=ORIENTED_EDGE('',*,*,#4232,.F.);
#3894=ORIENTED_EDGE('',*,*,#4098,.F.);
#3895=ORIENTED_EDGE('',*,*,#4231,.T.);
#3896=ORIENTED_EDGE('',*,*,#4103,.T.);
#3897=ORIENTED_EDGE('',*,*,#4226,.F.);
#3898=ORIENTED_EDGE('',*,*,#4224,.F.);
#3899=CARTESIAN_POINT('',(0.00173379242506901,0.17133463957024,-0.14518381239103));
#3900=DIRECTION('',(-5.80684569032042E-06,-0.567167669890989,0.8236023519859));
#3901=DIRECTION('',(0.999999999975551,-8.4668849784412E-08,6.992238720601E-06));
#3902=ORIENTED_EDGE('',*,*,#4193,.F.);
#3903=ORIENTED_EDGE('',*,*,#4133,.T.);
#3904=ORIENTED_EDGE('',*,*,#4078,.F.);
#3905=ORIENTED_EDGE('',*,*,#4233,.F.);
#3906=ORIENTED_EDGE('',*,*,#4183,.T.);
#3907=ORIENTED_EDGE('',*,*,#4222,.F.);
#3908=ORIENTED_EDGE('',*,*,#4218,.F.);
#3909=ORIENTED_EDGE('',*,*,#4229,.F.);
#3910=ORIENTED_EDGE('',*,*,#4230,.F.);
#3911=CARTESIAN_POINT('',(-0.0187661770496486,0.174315734550657,-0.124918375298285));
#3912=DIRECTION('',(-5.80684569029266E-06,-0.567167669890954,0.823602351985924));
#3913=DIRECTION('',(0.999999999975551,-8.46688497685772E-08,6.99223872057801E-06));
#3914=ORIENTED_EDGE('',*,*,#4091,.T.);
#3915=ORIENTED_EDGE('',*,*,#4234,.T.);
#3916=ORIENTED_EDGE('',*,*,#4235,.T.);
#3917=ORIENTED_EDGE('',*,*,#4236,.T.);
#3918=CARTESIAN_POINT('',(-0.00801840661603394,0.187762298518764,-0.126282481693581));
#3919=DIRECTION('',(-5.80684569253007E-06,-0.567167669890954,0.823602351985924));
#3920=DIRECTION('',(0.382675641581961,-0.760913274036293,-0.523994601818762));
#3921=ORIENTED_EDGE('',*,*,#4236,.F.);
#3922=ORIENTED_EDGE('',*,*,#4085,.T.);
#3923=ORIENTED_EDGE('',*,*,#4237,.T.);
#3924=ORIENTED_EDGE('',*,*,#4238,.T.);
#3925=ORIENTED_EDGE('',*,*,#4090,.T.);
#3926=ORIENTED_EDGE('',*,*,#4092,.F.);
#3927=ORIENTED_EDGE('',*,*,#4094,.F.);
#3928=ORIENTED_EDGE('',*,*,#4081,.T.);
#3929=ORIENTED_EDGE('',*,*,#4239,.T.);
#3930=ORIENTED_EDGE('',*,*,#4077,.T.);
#3931=ORIENTED_EDGE('',*,*,#4240,.T.);
#3932=ORIENTED_EDGE('',*,*,#4234,.F.);
#3933=ORIENTED_EDGE('',*,*,#4087,.T.);
#3934=ORIENTED_EDGE('',*,*,#4238,.F.);
#3935=ORIENTED_EDGE('',*,*,#4211,.T.);
#3936=ORIENTED_EDGE('',*,*,#4186,.T.);
#3937=CARTESIAN_POINT('',(-0.0125561048292972,0.181369616385556,-0.13463086603583));
#3938=DIRECTION('',(0.999999999947585,-1.02386147232611E-05,-2.0102594588938E-10));
#3939=DIRECTION('',(1.00688518706074E-05,0.983422913509582,-0.181326702619727));
#3940=ORIENTED_EDGE('',*,*,#4084,.T.);
#3941=ORIENTED_EDGE('',*,*,#4064,.T.);
#3942=ORIENTED_EDGE('',*,*,#4241,.T.);
#3943=ORIENTED_EDGE('',*,*,#4212,.T.);
#3944=ORIENTED_EDGE('',*,*,#4237,.F.);
#3945=CARTESIAN_POINT('',(-0.00589946512378307,0.17970330874478,-0.135778309538853));
#3946=DIRECTION('',(0.707112743941392,0.582367568265993,0.401048105328563));
#3947=DIRECTION('',(-0.499991677583227,0.812854400728419,-0.298790973029565));
#3948=ORIENTED_EDGE('',*,*,#4235,.F.);
#3949=ORIENTED_EDGE('',*,*,#4242,.F.);
#3950=ORIENTED_EDGE('',*,*,#4075,.F.);
#3951=ORIENTED_EDGE('',*,*,#4086,.F.);
#3952=CARTESIAN_POINT('',(-0.00264170192612235,0.186508564505943,-0.127449362986116));
#3953=DIRECTION('',(-0.707100818357578,0.582382047853814,0.401048105612833));
#3954=DIRECTION('',(0.486652229507736,-0.0106727201473471,0.873530595090868));
#3955=ORIENTED_EDGE('',*,*,#4093,.F.);
#3956=ORIENTED_EDGE('',*,*,#4089,.F.);
#3957=ORIENTED_EDGE('',*,*,#4185,.F.);
#3958=ORIENTED_EDGE('',*,*,#4082,.F.);
#3959=CARTESIAN_POINT('',(-0.00634608299027665,0.183502477718854,-0.128912419455524));
#3960=DIRECTION('',(8.43266118261132E-06,0.823602351942755,0.56716766992068));
#3961=DIRECTION('',(-5.80684569248535E-06,-0.567167669890954,0.823602351985925));
#3962=ORIENTED_EDGE('',*,*,#4080,.T.);
#3963=ORIENTED_EDGE('',*,*,#4184,.T.);
#3964=ORIENTED_EDGE('',*,*,#4233,.T.);
#3965=ORIENTED_EDGE('',*,*,#4239,.F.);
#3966=CARTESIAN_POINT('',(-0.012556145477217,0.177399442696319,-0.128865649571928));
#3967=DIRECTION('',(-0.999999999947585,1.0238614723268E-05,2.01025973645167E-10));
#3968=DIRECTION('',(1.85673194071287E-06,0.18132670261024,0.983422913561124));
#3969=ORIENTED_EDGE('',*,*,#4076,.T.);
#3970=ORIENTED_EDGE('',*,*,#4243,.T.);
#3971=ORIENTED_EDGE('',*,*,#4073,.T.);
#3972=ORIENTED_EDGE('',*,*,#4242,.T.);
#3973=ORIENTED_EDGE('',*,*,#4240,.F.);
#3974=CARTESIAN_POINT('',(-0.00528903202256468,0.176235912181004,-0.129666855020917));
#3975=DIRECTION('',(0.707112743941392,0.582367568266009,0.401048105328539));
#3976=DIRECTION('',(-0.499999889703166,0.0107581898290743,0.86595864315129));
#3977=ORIENTED_EDGE('',*,*,#4074,.T.);
#3978=ORIENTED_EDGE('',*,*,#4071,.T.);
#3979=ORIENTED_EDGE('',*,*,#4206,.T.);
#3980=ORIENTED_EDGE('',*,*,#4117,.F.);
#3981=ORIENTED_EDGE('',*,*,#4216,.F.);
#3982=ORIENTED_EDGE('',*,*,#4204,.T.);
#3983=ORIENTED_EDGE('',*,*,#4067,.T.);
#3984=CARTESIAN_POINT('',(0.00287370160097733,0.18508547935457,-0.128125776623013));
#3985=DIRECTION('',(-5.80684569242843E-06,-0.567167669890954,0.823602351985925));
#3986=DIRECTION('',(-0.382675641581961,0.760913274036293,0.523994601818762));
#3987=ORIENTED_EDGE('',*,*,#4069,.T.);
#3988=ORIENTED_EDGE('',*,*,#4243,.F.);
#3989=ORIENTED_EDGE('',*,*,#4079,.F.);
#3990=ORIENTED_EDGE('',*,*,#4132,.T.);
#3991=CARTESIAN_POINT('',(0.00287367982530597,0.182958600592479,-0.125037267803065));
#3992=DIRECTION('',(-0.999999999947585,1.0238614722319E-05,2.01020826443117E-10));
#3993=DIRECTION('',(1.85673193547897E-06,0.181326702610247,0.983422913561123));
#3994=ORIENTED_EDGE('',*,*,#4063,.T.);
#3995=ORIENTED_EDGE('',*,*,#4208,.T.);
#3996=ORIENTED_EDGE('',*,*,#4241,.F.);
#3997=CARTESIAN_POINT('',(0.00287372047322585,0.186928774281716,-0.130802484266967));
#3998=DIRECTION('',(0.999999999947585,-1.023861472387E-05,-2.01025718884449E-10));
#3999=DIRECTION('',(9.59346526883953E-06,0.936995458243461,-0.349341539383871));
#4000=ORIENTED_EDGE('',*,*,#4059,.T.);
#4001=ORIENTED_EDGE('',*,*,#4171,.T.);
#4002=ORIENTED_EDGE('',*,*,#4054,.T.);
#4003=ORIENTED_EDGE('',*,*,#4244,.T.);
#4004=ORIENTED_EDGE('',*,*,#4053,.T.);
#4005=CARTESIAN_POINT('',(-0.00626661334899678,0.131703024852695,-0.149225571914527));
#4006=DIRECTION('',(0.999999999947585,-1.02386147232611E-05,-2.01025945889563E-10));
#4007=DIRECTION('',(1.24884153682591E-07,0.012217000834607,-0.999925369660452));
#4008=ORIENTED_EDGE('',*,*,#4049,.T.);
#4009=ORIENTED_EDGE('',*,*,#4244,.F.);
#4010=ORIENTED_EDGE('',*,*,#4058,.F.);
#4011=ORIENTED_EDGE('',*,*,#4189,.T.);
#4012=ORIENTED_EDGE('',*,*,#4180,.T.);
#4013=CARTESIAN_POINT('',(-0.00276661334918019,0.131702989017543,-0.14922557191523));
#4014=DIRECTION('',(-0.999999999947585,1.0238614723268E-05,2.01025973644391E-10));
#4015=DIRECTION('',(9.31289828326577E-06,0.909577613900477,0.415534071051201));
#4016=ORIENTED_EDGE('',*,*,#4046,.T.);
#4017=ORIENTED_EDGE('',*,*,#4188,.T.);
#4018=ORIENTED_EDGE('',*,*,#4047,.T.);
#4019=ORIENTED_EDGE('',*,*,#4245,.T.);
#4020=CARTESIAN_POINT('',(-0.0187666133483416,0.131703152835379,-0.149225571912014));
#4021=DIRECTION('',(-0.999999999947585,1.0238614723268E-05,2.01025973644724E-10));
#4022=DIRECTION('',(3.57696178900898E-06,0.349341539365545,0.936995458292577));
#4023=ORIENTED_EDGE('',*,*,#4042,.T.);
#4024=ORIENTED_EDGE('',*,*,#4039,.F.);
#4025=ORIENTED_EDGE('',*,*,#4044,.T.);
#4026=ORIENTED_EDGE('',*,*,#4245,.F.);
#4027=CARTESIAN_POINT('',(0.0118333866500545,0.131702839533768,-0.149225571918165));
#4028=DIRECTION('',(0.999999999947585,-1.02386147231431E-05,-2.01026056911559E-10));
#4029=DIRECTION('',(-3.57696178904341E-06,-0.34934153936555,-0.936995458292575));
#4030=ORIENTED_EDGE('',*,*,#4038,.T.);
#4031=ORIENTED_EDGE('',*,*,#4174,.T.);
#4032=ORIENTED_EDGE('',*,*,#4040,.T.);
#4033=ORIENTED_EDGE('',*,*,#4045,.T.);
#4034=CARTESIAN_POINT('',(-0.00426661334910163,0.131703004375465,-0.149225571914929));
#4035=DIRECTION('',(0.999999999947585,-1.0238614723268E-05,-2.01025973645317E-10));
#4036=DIRECTION('',(3.57696178900907E-06,0.349341539365554,0.936995458292574));
#4037=COLOUR_RGB('',0.560784339904785,0.686274528503418,0.686274528503418);
#4038=EDGE_CURVE('',#4246,#4247,#4248,.T.);
#4039=EDGE_CURVE('0:1006',#4246,#4249,#4250,.T.);
#4040=EDGE_CURVE('',#4251,#4249,#4252,.T.);
#4041=EDGE_CURVE('0:703',#4251,#4247,#4253,.F.);
#4042=EDGE_CURVE('',#4254,#4249,#4255,.T.);
#4043=EDGE_CURVE('0:1003',#4256,#4254,#4257,.T.);
#4044=EDGE_CURVE('',#4246,#4256,#4258,.T.);
#4045=EDGE_CURVE('0:1006',#4249,#4246,#4259,.T.);
#4046=EDGE_CURVE('',#4256,#4260,#4261,.T.);
#4047=EDGE_CURVE('',#4262,#4254,#4263,.T.);
#4048=EDGE_CURVE('0:754',#4262,#4260,#4264,.T.);
#4049=EDGE_CURVE('',#4265,#4266,#4267,.T.);
#4050=EDGE_CURVE('0:730',#4265,#4268,#4269,.T.);
#4051=EDGE_CURVE('0:721',#4268,#4270,#4271,.F.);
#4052=EDGE_CURVE('0:1000',#4272,#4270,#4273,.T.);
#4053=EDGE_CURVE('0:1000',#4266,#4272,#4274,.T.);
#4054=EDGE_CURVE('',#4275,#4276,#4277,.T.);
#4055=EDGE_CURVE('0:691',#4275,#4278,#4279,.T.);
#4056=EDGE_CURVE('0:682',#4278,#4280,#4281,.T.);
#4057=EDGE_CURVE('0:682',#4280,#4282,#4283,.T.);
#4058=EDGE_CURVE('0:1000',#4282,#4276,#4284,.T.);
#4059=EDGE_CURVE('',#4272,#4285,#4286,.T.);
#4060=EDGE_CURVE('0:706',#4287,#4270,#4288,.T.);
#4061=EDGE_CURVE('0:706',#4289,#4287,#4290,.T.);
#4062=EDGE_CURVE('0:691',#4289,#4285,#4291,.T.);
#4063=EDGE_CURVE('',#4292,#4293,#4294,.T.);
#4064=EDGE_CURVE('0:979',#4295,#4292,#4296,.T.);
#4065=EDGE_CURVE('0:979',#4297,#4295,#4298,.T.);
#4066=EDGE_CURVE('0:994',#4299,#4297,#4300,.T.);
#4067=EDGE_CURVE('0:994',#4301,#4299,#4302,.T.);
#4068=EDGE_CURVE('0:853',#4301,#4293,#4303,.T.);
#4069=EDGE_CURVE('',#4304,#4305,#4306,.T.);
#4070=EDGE_CURVE('0:832',#4304,#4307,#4308,.T.);
#4071=EDGE_CURVE('0:997',#4309,#4307,#4310,.T.);
#4072=EDGE_CURVE('0:997',#4311,#4309,#4312,.T.);
#4073=EDGE_CURVE('0:991',#4305,#4311,#4313,.T.);
#4074=EDGE_CURVE('',#4299,#4309,#4314,.T.);
#4075=EDGE_CURVE('0:985',#4297,#4311,#4315,.T.);
#4076=EDGE_CURVE('',#4316,#4317,#4318,.T.);
#4077=EDGE_CURVE('0:970',#4319,#4316,#4320,.T.);
#4078=EDGE_CURVE('0:943',#4319,#4321,#4322,.T.);
#4079=EDGE_CURVE('0:991',#4321,#4317,#4323,.T.);
#4080=EDGE_CURVE('',#4324,#4325,#4326,.T.);
#4081=EDGE_CURVE('0:967',#4327,#4324,#4328,.T.);
#4082=EDGE_CURVE('0:988',#4327,#4329,#4330,.T.);
#4083=EDGE_CURVE('0:742',#4329,#4325,#4331,.F.);
#4084=EDGE_CURVE('',#4332,#4295,#4333,.T.);
#4085=EDGE_CURVE('0:961',#4334,#4332,#4335,.T.);
#4086=EDGE_CURVE('0:976',#4334,#4297,#4336,.T.);
#4087=EDGE_CURVE('',#4337,#4338,#4339,.T.);
#4088=EDGE_CURVE('0:748',#4337,#4340,#4341,.F.);
#4089=EDGE_CURVE('0:973',#4340,#4342,#4343,.T.);
#4090=EDGE_CURVE('0:964',#4338,#4342,#4344,.T.);
#4091=EDGE_CURVE('',#4345,#4346,#4347,.T.);
#4092=EDGE_CURVE('0:949',#4345,#4342,#4348,.T.);
#4093=EDGE_CURVE('0:952',#4342,#4327,#4349,.T.);
#4094=EDGE_CURVE('0:955',#4327,#4346,#4350,.T.);
#4095=EDGE_CURVE('',#4351,#4352,#4353,.T.);
#4096=EDGE_CURVE('0:826',#4354,#4351,#4355,.T.);
#4097=EDGE_CURVE('0:886',#4354,#4356,#4357,.T.);
#4098=EDGE_CURVE('0:940',#4356,#4352,#4358,.T.);
#4099=EDGE_CURVE('',#4359,#4360,#4361,.T.);
#4100=EDGE_CURVE('0:925',#4362,#4359,#4363,.T.);
#4101=EDGE_CURVE('0:697',#4362,#4364,#4365,.T.);
#4102=EDGE_CURVE('0:922',#4366,#4364,#4367,.T.);
#4103=EDGE_CURVE('0:937',#4360,#4366,#4368,.T.);
#4104=EDGE_CURVE('',#4369,#4370,#4371,.T.);
#4105=EDGE_CURVE('0:928',#4372,#4369,#4373,.T.);
#4106=EDGE_CURVE('0:880',#4372,#4374,#4375,.T.);
#4107=EDGE_CURVE('0:823',#4370,#4374,#4376,.T.);
#4108=EDGE_CURVE('',#4377,#4378,#4379,.T.);
#4109=EDGE_CURVE('0:727',#4377,#4380,#4381,.T.);
#4110=EDGE_CURVE('0:862',#4380,#4382,#4383,.T.);
#4111=EDGE_CURVE('0:913',#4382,#4378,#4384,.T.);
#4112=EDGE_CURVE('',#4385,#4386,#4387,.T.);
#4113=EDGE_CURVE('0:736',#4385,#4388,#4389,.T.);
#4114=EDGE_CURVE('0:757',#4388,#4390,#4391,.T.);
#4115=EDGE_CURVE('0:898',#4386,#4390,#4392,.T.);
#4116=EDGE_CURVE('',#4393,#4394,#4395,.T.);
#4117=EDGE_CURVE('0:889',#4393,#4396,#4397,.T.);
#4118=EDGE_CURVE('0:844',#4396,#4398,#4399,.T.);
#4119=EDGE_CURVE('',#4400,#4398,#4401,.T.);
#4120=EDGE_CURVE('0:877',#4400,#4394,#4402,.T.);
#4121=EDGE_CURVE('',#4403,#4394,#4404,.T.);
#4122=EDGE_CURVE('0:874',#4405,#4403,#4406,.T.);
#4123=EDGE_CURVE('',#4400,#4405,#4407,.T.);
#4124=EDGE_CURVE('0:877',#4394,#4400,#4408,.T.);
#4125=EDGE_CURVE('',#4405,#4409,#4410,.T.);
#4126=EDGE_CURVE('',#4411,#4403,#4412,.T.);
#4127=EDGE_CURVE('0:871',#4411,#4409,#4413,.T.);
#4128=EDGE_CURVE('',#4293,#4414,#4415,.T.);
#4129=EDGE_CURVE('0:838',#4301,#4416,#4417,.T.);
#4130=EDGE_CURVE('0:805',#4414,#4416,#4418,.T.);
#4131=EDGE_CURVE('',#4304,#4419,#4420,.T.);
#4132=EDGE_CURVE('0:832',#4321,#4304,#4421,.T.);
#4133=EDGE_CURVE('0:835',#4422,#4321,#4423,.F.);
#4134=EDGE_CURVE('0:817',#4424,#4422,#4425,.T.);
#4135=EDGE_CURVE('0:817',#4419,#4424,#4426,.T.);
#4136=EDGE_CURVE('',#4427,#4351,#4428,.T.);
#4137=EDGE_CURVE('0:763',#4429,#4427,#4430,.T.);
#4138=EDGE_CURVE('0:763',#4354,#4429,#4431,.T.);
#4139=EDGE_CURVE('',#4432,#4370,#4433,.T.);
#4140=EDGE_CURVE('0:775',#4434,#4432,#4435,.T.);
#4141=EDGE_CURVE('0:775',#4436,#4434,#4437,.T.);
#4142=EDGE_CURVE('0:823',#4436,#4370,#4438,.T.);
#4143=EDGE_CURVE('',#4439,#4424,#4440,.T.);
#4144=EDGE_CURVE('0:820',#4439,#4441,#4442,.T.);
#4145=EDGE_CURVE('0:808',#4443,#4441,#4444,.T.);
#4146=EDGE_CURVE('0:808',#4445,#4443,#4446,.T.);
#4147=EDGE_CURVE('0:817',#4445,#4419,#4447,.T.);
#4148=EDGE_CURVE('',#4443,#4448,#4449,.T.);
#4149=EDGE_CURVE('0:811',#4441,#4450,#4451,.T.);
#4150=EDGE_CURVE('0:799',#4448,#4450,#4452,.T.);
#4151=EDGE_CURVE('',#4453,#4454,#4455,.T.);
#4152=EDGE_CURVE('0:787',#4453,#4456,#4457,.T.);
#4153=EDGE_CURVE('0:790',#4456,#4427,#4458,.T.);
#4154=EDGE_CURVE('0:793',#4427,#4454,#4459,.T.);
#4155=EDGE_CURVE('',#4434,#4460,#4461,.T.);
#4156=EDGE_CURVE('0:778',#4432,#4462,#4463,.T.);
#4157=EDGE_CURVE('0:781',#4462,#4460,#4464,.T.);
#4158=EDGE_CURVE('',#4429,#4465,#4466,.T.);
#4159=EDGE_CURVE('0:766',#4427,#4432,#4467,.T.);
#4160=EDGE_CURVE('0:769',#4432,#4465,#4468,.T.);
#4161=EDGE_CURVE('',#4287,#4469,#4470,.T.);
#4162=EDGE_CURVE('0:709',#4270,#4471,#4472,.T.);
#4163=EDGE_CURVE('0:712',#4469,#4471,#4473,.T.);
#4164=EDGE_CURVE('',#4474,#4280,#4475,.T.);
#4165=EDGE_CURVE('0:673',#4476,#4474,#4477,.T.);
#4166=EDGE_CURVE('0:676',#4390,#4476,#4478,.T.);
#4167=EDGE_CURVE('0:679',#4390,#4282,#4479,.T.);
#4168=EDGE_CURVE('0:685',#4278,#4480,#4481,.T.);
#4169=EDGE_CURVE('0:673',#4474,#4480,#4482,.T.);
#4170=EDGE_CURVE('0:688',#4483,#4480,#4484,.T.);
#4171=EDGE_CURVE('0:691',#4285,#4275,#4485,.T.);
#4172=EDGE_CURVE('0:694',#4364,#4289,#4486,.T.);
#4173=EDGE_CURVE('0:700',#4483,#4362,#4487,.T.);
#4174=EDGE_CURVE('0:703',#4247,#4251,#4488,.F.);
#4175=EDGE_CURVE('0:712',#4364,#4469,#4489,.T.);
#4176=EDGE_CURVE('0:715',#4490,#4491,#4492,.T.);
#4177=EDGE_CURVE('0:718',#4471,#4490,#4493,.T.);
#4178=EDGE_CURVE('0:724',#4268,#4491,#4494,.F.);
#4179=EDGE_CURVE('0:727',#4491,#4377,#4495,.T.);
#4180=EDGE_CURVE('0:730',#4496,#4265,#4497,.T.);
#4181=EDGE_CURVE('0:733',#4496,#4388,#4498,.T.);
#4182=EDGE_CURVE('0:736',#4499,#4385,#4500,.T.);
#4183=EDGE_CURVE('0:739',#4501,#4499,#4502,.F.);
#4184=EDGE_CURVE('0:742',#4325,#4501,#4503,.F.);
#4185=EDGE_CURVE('0:745',#4329,#4340,#4504,.T.);
#4186=EDGE_CURVE('0:748',#4505,#4337,#4506,.F.);
#4187=EDGE_CURVE('0:751',#4380,#4505,#4507,.F.);
#4188=EDGE_CURVE('0:754',#4260,#4262,#4508,.T.);
#4189=EDGE_CURVE('0:760',#4282,#4496,#4509,.F.);
#4190=EDGE_CURVE('0:769',#4465,#4374,#4510,.T.);
#4191=EDGE_CURVE('0:772',#4374,#4354,#4511,.T.);
#4192=EDGE_CURVE('0:781',#4460,#4422,#4512,.T.);
#4193=EDGE_CURVE('0:784',#4422,#4436,#4513,.T.);
#4194=EDGE_CURVE('0:793',#4454,#4514,#4515,.T.);
#4195=EDGE_CURVE('0:796',#4514,#4516,#4517,.T.);
#4196=EDGE_CURVE('0:787',#4516,#4453,#4518,.T.);
#4197=EDGE_CURVE('0:799',#4416,#4448,#4519,.T.);
#4198=EDGE_CURVE('0:802',#4450,#4456,#4520,.T.);
#4199=EDGE_CURVE('0:805',#4516,#4414,#4521,.T.);
#4200=EDGE_CURVE('0:814',#4416,#4445,#4522,.T.);
#4201=EDGE_CURVE('0:820',#4462,#4439,#4523,.T.);
#4202=EDGE_CURVE('0:826',#4351,#4514,#4524,.T.);
#4203=EDGE_CURVE('0:829',#4445,#4307,#4525,.T.);
#4204=EDGE_CURVE('0:841',#4526,#4301,#4527,.T.);
#4205=EDGE_CURVE('0:844',#4398,#4526,#4528,.T.);
#4206=EDGE_CURVE('0:847',#4307,#4396,#4529,.T.);
#4207=EDGE_CURVE('0:850',#4516,#4530,#4531,.F.);
#4208=EDGE_CURVE('0:853',#4293,#4530,#4532,.T.);
#4209=EDGE_CURVE('0:856',#4533,#4514,#4534,.T.);
#4210=EDGE_CURVE('0:859',#4382,#4533,#4535,.T.);
#4211=EDGE_CURVE('0:865',#4536,#4505,#4537,.T.);
#4212=EDGE_CURVE('0:868',#4530,#4536,#4538,.T.);
#4213=EDGE_CURVE('0:871',#4409,#4411,#4539,.T.);
#4214=EDGE_CURVE('0:874',#4403,#4405,#4540,.T.);
#4215=EDGE_CURVE('0:883',#4356,#4372,#4541,.T.);
#4216=EDGE_CURVE('0:889',#4526,#4393,#4542,.T.);
#4217=EDGE_CURVE('0:892',#4476,#4543,#4544,.T.);
#4218=EDGE_CURVE('0:895',#4543,#4545,#4546,.T.);
#4219=EDGE_CURVE('0:898',#4545,#4386,#4547,.T.);
#4220=EDGE_CURVE('0:901',#4548,#4483,#4549,.T.);
#4221=EDGE_CURVE('0:904',#4548,#4543,#4550,.T.);
#4222=EDGE_CURVE('0:907',#4545,#4499,#4551,.T.);
#4223=EDGE_CURVE('0:910',#4362,#4548,#4552,.T.);
#4224=EDGE_CURVE('0:913',#4378,#4553,#4554,.T.);
#4225=EDGE_CURVE('0:916',#4553,#4490,#4555,.T.);
#4226=EDGE_CURVE('0:919',#4553,#4366,#4556,.T.);
#4227=EDGE_CURVE('0:925',#4359,#4372,#4557,.T.);
#4228=EDGE_CURVE('0:928',#4369,#4558,#4559,.T.);
#4229=EDGE_CURVE('0:931',#4558,#4543,#4560,.T.);
#4230=EDGE_CURVE('0:934',#4436,#4558,#4561,.T.);
#4231=EDGE_CURVE('0:937',#4356,#4360,#4562,.T.);
#4232=EDGE_CURVE('0:940',#4352,#4533,#4563,.T.);
#4233=EDGE_CURVE('0:946',#4501,#4319,#4564,.T.);
#4234=EDGE_CURVE('0:955',#4346,#4565,#4566,.T.);
#4235=EDGE_CURVE('0:958',#4565,#4334,#4567,.T.);
#4236=EDGE_CURVE('0:949',#4334,#4345,#4568,.T.);
#4237=EDGE_CURVE('0:961',#4332,#4536,#4569,.T.);
#4238=EDGE_CURVE('0:964',#4536,#4338,#4570,.T.);
#4239=EDGE_CURVE('0:967',#4324,#4319,#4571,.T.);
#4240=EDGE_CURVE('0:970',#4316,#4565,#4572,.T.);
#4241=EDGE_CURVE('0:979',#4292,#4530,#4573,.T.);
#4242=EDGE_CURVE('0:982',#4311,#4565,#4574,.T.);
#4243=EDGE_CURVE('0:991',#4317,#4305,#4575,.T.);
#4244=EDGE_CURVE('0:1000',#4276,#4266,#4576,.T.);
#4245=EDGE_CURVE('0:1003',#4254,#4256,#4577,.T.);
#4246=VERTEX_POINT('',#4578);
#4247=VERTEX_POINT('',#4579);
#4248=LINE('',#4580,#4581);
#4249=VERTEX_POINT('',#4582);
#4250=CIRCLE('',#4583,0.00215000000000001);
#4251=VERTEX_POINT('',#4584);
#4252=LINE('',#4585,#4586);
#4253=CIRCLE('',#4587,0.00275000000000001);
#4254=VERTEX_POINT('',#4588);
#4255=LINE('',#4589,#4590);
#4256=VERTEX_POINT('',#4591);
#4257=CIRCLE('',#4592,0.00215000000000003);
#4258=LINE('',#4593,#4594);
#4259=CIRCLE('',#4595,0.00215000000000001);
#4260=VERTEX_POINT('',#4596);
#4261=LINE('',#4597,#4598);
#4262=VERTEX_POINT('',#4599);
#4263=LINE('',#4600,#4601);
#4264=CIRCLE('',#4602,0.00415000000000002);
#4265=VERTEX_POINT('',#4603);
#4266=VERTEX_POINT('',#4604);
#4267=LINE('',#4605,#4606);
#4268=VERTEX_POINT('',#4607);
#4269=CIRCLE('',#4608,0.01);
#4270=VERTEX_POINT('',#4609);
#4271=LINE('',#4610,#4611);
#4272=VERTEX_POINT('',#4612);
#4273=CIRCLE('',#4613,0.01);
#4274=CIRCLE('',#4614,0.01);
#4275=VERTEX_POINT('',#4615);
#4276=VERTEX_POINT('',#4616);
#4277=CIRCLE('',#4617,0.002);
#4278=VERTEX_POINT('',#4618);
#4279=CIRCLE('',#4619,0.008);
#4280=VERTEX_POINT('',#4620);
#4281=B_SPLINE_CURVE_WITH_KNOTS('',3,(#4621,#4622,#4623,#4624,#4625,#4626,#4627,#4628,#4629,#4630,#4631,#4632,#4633,#4634),.UNSPECIFIED.,.F.,.F.,(4,2,2,2,2,2,4),(-0.00316813555418875,-0.0031614009735676,-0.00272722199093269,-0.00229540491336929,-0.0015149846937718,-0.00075315023141096,-0.0),.UNSPECIFIED.);
#4282=VERTEX_POINT('',#4635);
#4283=B_SPLINE_CURVE_WITH_KNOTS('',3,(#4636,#4637,#4638,#4639,#4640,#4641,#4642,#4643,#4644,#4645,#4646,#4647,#4648,#4649),.UNSPECIFIED.,.F.,.F.,(4,2,2,2,2,2,4),(-0.00316813555418875,-0.0031614009735676,-0.00272722199093269,-0.00229540491336929,-0.0015149846937718,-0.00075315023141096,-0.0),.UNSPECIFIED.);
#4284=CIRCLE('',#4650,0.01);
#4285=VERTEX_POINT('',#4651);
#4286=CIRCLE('',#4652,0.002);
#4287=VERTEX_POINT('',#4653);
#4288=B_SPLINE_CURVE_WITH_KNOTS('',3,(#4654,#4655,#4656,#4657,#4658,#4659,#4660,#4661,#4662,#4663,#4664,#4665,#4666,#4667),.UNSPECIFIED.,.F.,.F.,(4,2,2,2,2,2,4),(-6.95821442217823E-06,0.0,0.000448596671392181,0.000894753006700221,0.00170108847308738,0.00248822100862954,0.00326638093766582),.UNSPECIFIED.);
#4289=VERTEX_POINT('',#4668);
#4290=B_SPLINE_CURVE_WITH_KNOTS('',3,(#4669,#4670,#4671,#4672,#4673,#4674,#4675,#4676,#4677,#4678,#4679,#4680,#4681,#4682),.UNSPECIFIED.,.F.,.F.,(4,2,2,2,2,2,4),(-6.95821442217823E-06,0.0,0.000448596671392181,0.000894753006700221,0.00170108847308738,0.00248822100862954,0.00326638093766582),.UNSPECIFIED.);
#4291=CIRCLE('',#4683,0.008);
#4292=VERTEX_POINT('',#4684);
#4293=VERTEX_POINT('',#4685);
#4294=CIRCLE('',#4686,0.005);
#4295=VERTEX_POINT('',#4687);
#4296=CIRCLE('',#4688,0.00500000000000001);
#4297=VERTEX_POINT('',#4689);
#4298=CIRCLE('',#4690,0.00500000000000001);
#4299=VERTEX_POINT('',#4691);
#4300=CIRCLE('',#4692,0.00500000000000001);
#4301=VERTEX_POINT('',#4693);
#4302=CIRCLE('',#4694,0.00500000000000001);
#4303=CIRCLE('',#4695,0.00500000000000002);
#4304=VERTEX_POINT('',#4696);
#4305=VERTEX_POINT('',#4697);
#4306=CIRCLE('',#4698,0.005);
#4307=VERTEX_POINT('',#4699);
#4308=CIRCLE('',#4700,0.005);
#4309=VERTEX_POINT('',#4701);
#4310=CIRCLE('',#4702,0.00500000000000002);
#4311=VERTEX_POINT('',#4703);
#4312=CIRCLE('',#4704,0.00500000000000002);
#4313=CIRCLE('',#4705,0.005);
#4314=LINE('',#4706,#4707);
#4315=LINE('',#4708,#4709);
#4316=VERTEX_POINT('',#4710);
#4317=VERTEX_POINT('',#4711);
#4318=LINE('',#4712,#4713);
#4319=VERTEX_POINT('',#4714);
#4320=ELLIPSE('',#4715,0.00649286435445723,0.005);
#4321=VERTEX_POINT('',#4716);
#4322=LINE('',#4717,#4718);
#4323=CIRCLE('',#4719,0.005);
#4324=VERTEX_POINT('',#4720);
#4325=VERTEX_POINT('',#4721);
#4326=LINE('',#4722,#4723);
#4327=VERTEX_POINT('',#4724);
#4328=ELLIPSE('',#4725,0.00649286435445719,0.005);
#4329=VERTEX_POINT('',#4726);
#4330=LINE('',#4727,#4728);
#4331=CIRCLE('',#4729,0.005);
#4332=VERTEX_POINT('',#4730);
#4333=LINE('',#4731,#4732);
#4334=VERTEX_POINT('',#4733);
#4335=ELLIPSE('',#4734,0.00649286435445722,0.005);
#4336=LINE('',#4735,#4736);
#4337=VERTEX_POINT('',#4737);
#4338=VERTEX_POINT('',#4738);
#4339=LINE('',#4739,#4740);
#4340=VERTEX_POINT('',#4741);
#4341=CIRCLE('',#4742,0.005);
#4342=VERTEX_POINT('',#4743);
#4343=LINE('',#4744,#4745);
#4344=ELLIPSE('',#4746,0.00649286435445719,0.00499999999999999);
#4345=VERTEX_POINT('',#4747);
#4346=VERTEX_POINT('',#4748);
#4347=LINE('',#4749,#4750);
#4348=CIRCLE('',#4751,0.00499999999999999);
#4349=LINE('',#4752,#4753);
#4350=CIRCLE('',#4754,0.00500000000000001);
#4351=VERTEX_POINT('',#4755);
#4352=VERTEX_POINT('',#4756);
#4353=LINE('',#4757,#4758);
#4354=VERTEX_POINT('',#4759);
#4355=CIRCLE('',#4760,0.00200000000000001);
#4356=VERTEX_POINT('',#4761);
#4357=LINE('',#4762,#4763);
#4358=CIRCLE('',#4764,0.00200000000000002);
#4359=VERTEX_POINT('',#4765);
#4360=VERTEX_POINT('',#4766);
#4361=LINE('',#4767,#4768);
#4362=VERTEX_POINT('',#4769);
#4363=CIRCLE('',#4770,0.006);
#4364=VERTEX_POINT('',#4771);
#4365=LINE('',#4772,#4773);
#4366=VERTEX_POINT('',#4774);
#4367=ELLIPSE('',#4775,0.00647936416428739,0.006);
#4368=CIRCLE('',#4776,0.006);
#4369=VERTEX_POINT('',#4777);
#4370=VERTEX_POINT('',#4778);
#4371=LINE('',#4779,#4780);
#4372=VERTEX_POINT('',#4781);
#4373=CIRCLE('',#4782,0.00200000000000001);
#4374=VERTEX_POINT('',#4783);
#4375=LINE('',#4784,#4785);
#4376=CIRCLE('',#4786,0.00200000000000001);
#4377=VERTEX_POINT('',#4787);
#4378=VERTEX_POINT('',#4788);
#4379=LINE('',#4789,#4790);
#4380=VERTEX_POINT('',#4791);
#4381=CIRCLE('',#4792,0.005);
#4382=VERTEX_POINT('',#4793);
#4383=LINE('',#4794,#4795);
#4384=B_SPLINE_CURVE_WITH_KNOTS('',3,(#4796,#4797,#4798,#4799,#4800,#4801,#4802,#4803),.UNSPECIFIED.,.F.,.F.,(4,2,2,4),(-0.00271748730296141,-0.00270622509182858,-0.00132438782559194,-0.0),.UNSPECIFIED.);
#4385=VERTEX_POINT('',#4804);
#4386=VERTEX_POINT('',#4805);
#4387=LINE('',#4806,#4807);
#4388=VERTEX_POINT('',#4808);
#4389=CIRCLE('',#4809,0.005);
#4390=VERTEX_POINT('',#4810);
#4391=LINE('',#4811,#4812);
#4392=CIRCLE('',#4813,0.00499999999999998);
#4393=VERTEX_POINT('',#4814);
#4394=VERTEX_POINT('',#4815);
#4395=LINE('',#4816,#4817);
#4396=VERTEX_POINT('',#4818);
#4397=B_SPLINE_CURVE_WITH_KNOTS('',3,(#4819,#4820,#4821,#4822),.UNSPECIFIED.,.F.,.F.,(4,4),(0.0158082851543235,0.0171279182921072),.UNSPECIFIED.);
#4398=VERTEX_POINT('',#4823);
#4399=CIRCLE('',#4824,0.0033);
#4400=VERTEX_POINT('',#4825);
#4401=LINE('',#4826,#4827);
#4402=CIRCLE('',#4828,0.0023);
#4403=VERTEX_POINT('',#4829);
#4404=LINE('',#4830,#4831);
#4405=VERTEX_POINT('',#4832);
#4406=CIRCLE('',#4833,0.0023);
#4407=LINE('',#4834,#4835);
#4408=CIRCLE('',#4836,0.0023);
#4409=VERTEX_POINT('',#4837);
#4410=LINE('',#4838,#4839);
#4411=VERTEX_POINT('',#4840);
#4412=LINE('',#4841,#4842);
#4413=CIRCLE('',#4843,0.0033);
#4414=VERTEX_POINT('',#4844);
#4415=LINE('',#4845,#4846);
#4416=VERTEX_POINT('',#4847);
#4417=LINE('',#4848,#4849);
#4418=CIRCLE('',#4850,0.005);
#4419=VERTEX_POINT('',#4851);
#4420=LINE('',#4852,#4853);
#4421=CIRCLE('',#4854,0.005);
#4422=VERTEX_POINT('',#4855);
#4423=LINE('',#4856,#4857);
#4424=VERTEX_POINT('',#4858);
#4425=CIRCLE('',#4859,0.005);
#4426=CIRCLE('',#4860,0.005);
#4427=VERTEX_POINT('',#4861);
#4428=CIRCLE('',#4862,0.002);
#4429=VERTEX_POINT('',#4863);
#4430=CIRCLE('',#4864,0.00199999999999996);
#4431=CIRCLE('',#4865,0.00199999999999996);
#4432=VERTEX_POINT('',#4866);
#4433=CIRCLE('',#4867,0.002);
#4434=VERTEX_POINT('',#4868);
#4435=CIRCLE('',#4869,0.002);
#4436=VERTEX_POINT('',#4870);
#4437=CIRCLE('',#4871,0.002);
#4438=CIRCLE('',#4872,0.00200000000000001);
#4439=VERTEX_POINT('',#4873);
#4440=CIRCLE('',#4874,0.002);
#4441=VERTEX_POINT('',#4875);
#4442=CIRCLE('',#4876,0.003);
#4443=VERTEX_POINT('',#4877);
#4444=CIRCLE('',#4878,0.002);
#4445=VERTEX_POINT('',#4879);
#4446=CIRCLE('',#4880,0.002);
#4447=CIRCLE('',#4881,0.005);
#4448=VERTEX_POINT('',#4882);
#4449=LINE('',#4883,#4884);
#4450=VERTEX_POINT('',#4885);
#4451=LINE('',#4886,#4887);
#4452=CIRCLE('',#4888,0.002);
#4453=VERTEX_POINT('',#4889);
#4454=VERTEX_POINT('',#4890);
#4455=LINE('',#4891,#4892);
#4456=VERTEX_POINT('',#4893);
#4457=CIRCLE('',#4894,0.002);
#4458=LINE('',#4895,#4896);
#4459=CIRCLE('',#4897,0.00200000000000001);
#4460=VERTEX_POINT('',#4898);
#4461=LINE('',#4899,#4900);
#4462=VERTEX_POINT('',#4901);
#4463=LINE('',#4902,#4903);
#4464=CIRCLE('',#4904,0.002);
#4465=VERTEX_POINT('',#4905);
#4466=LINE('',#4906,#4907);
#4467=LINE('',#4908,#4909);
#4468=CIRCLE('',#4910,0.00200000000000001);
#4469=VERTEX_POINT('',#4911);
#4470=LINE('',#4912,#4913);
#4471=VERTEX_POINT('',#4914);
#4472=LINE('',#4915,#4916);
#4473=CIRCLE('',#4917,0.002);
#4474=VERTEX_POINT('',#4918);
#4475=LINE('',#4919,#4920);
#4476=VERTEX_POINT('',#4921);
#4477=B_SPLINE_CURVE_WITH_KNOTS('',3,(#4922,#4923,#4924,#4925,#4926,#4927,#4928,#4929,#4930,#4931,#4932,#4933,#4934,#4935,#4936,#4937,#4938,#4939,#4940,#4941,#4942,#4943,#4944,#4945),.UNSPECIFIED.,.F.,.F.,(4,2,2,2,2,2,2,2,2,2,2,4),(-0.0478284225570184,-0.0476119342485256,-0.0466170635037233,-0.0456221927589211,-0.0442303523739696,-0.0429198266456715,-0.0418021272867534,-0.0408420565830998,-0.0401183342104307,-0.0395650596981886,-0.0391474934815783,-0.038869181437688),.UNSPECIFIED.);
#4478=B_SPLINE_CURVE_WITH_KNOTS('',3,(#4946,#4947,#4948,#4949,#4950,#4951,#4952,#4953,#4954,#4955,#4956,#4957,#4958,#4959),.UNSPECIFIED.,.F.,.F.,(4,2,2,2,2,2,4),(0.0488179940641696,0.0489363629906534,0.0496147281318161,0.050220894853011,0.050827061574206,0.0518339373131867,0.0526763497086064),.UNSPECIFIED.);
#4479=LINE('',#4960,#4961);
#4480=VERTEX_POINT('',#4962);
#4481=LINE('',#4963,#4964);
#4482=B_SPLINE_CURVE_WITH_KNOTS('',3,(#4965,#4966,#4967,#4968,#4969,#4970,#4971,#4972,#4973,#4974,#4975,#4976,#4977,#4978,#4979,#4980,#4981,#4982,#4983,#4984,#4985,#4986,#4987,#4988),.UNSPECIFIED.,.F.,.F.,(4,2,2,2,2,2,2,2,2,2,2,4),(-0.0478284225570184,-0.0476119342485256,-0.0466170635037233,-0.0456221927589211,-0.0442303523739696,-0.0429198266456715,-0.0418021272867534,-0.0408420565830998,-0.0401183342104307,-0.0395650596981886,-0.0391474934815783,-0.038869181437688),.UNSPECIFIED.);
#4483=VERTEX_POINT('',#4989);
#4484=B_SPLINE_CURVE_WITH_KNOTS('',3,(#4990,#4991,#4992,#4993,#4994,#4995,#4996,#4997,#4998,#4999),.UNSPECIFIED.,.F.,.F.,(4,2,2,2,4),(0.000933045809040763,0.00111934568020702,0.00138872962765778,0.00170129058895942,0.00170574717500708),.UNSPECIFIED.);
#4485=CIRCLE('',#5000,0.008);
#4486=LINE('',#5001,#5002);
#4487=B_SPLINE_CURVE_WITH_KNOTS('',3,(#5003,#5004,#5005,#5006,#5007,#5008,#5009,#5010,#5011,#5012),.UNSPECIFIED.,.F.,.F.,(4,2,2,2,4),(-0.00149169764106494,-0.00143104139467519,-0.000609628442495116,-0.0,1.16704614518268E-05),.UNSPECIFIED.);
#4488=CIRCLE('',#5013,0.00275000000000001);
#4489=CIRCLE('',#5014,0.002);
#4490=VERTEX_POINT('',#5015);
#4491=VERTEX_POINT('',#5016);
#4492=LINE('',#5017,#5018);
#4493=ELLIPSE('',#5019,0.00836553405189719,0.008);
#4494=LINE('',#5020,#5021);
#4495=CIRCLE('',#5022,0.005);
#4496=VERTEX_POINT('',#5023);
#4497=CIRCLE('',#5024,0.01);
#4498=LINE('',#5025,#5026);
#4499=VERTEX_POINT('',#5027);
#4500=CIRCLE('',#5028,0.005);
#4501=VERTEX_POINT('',#5029);
#4502=LINE('',#5030,#5031);
#4503=CIRCLE('',#5032,0.005);
#4504=LINE('',#5033,#5034);
#4505=VERTEX_POINT('',#5035);
#4506=CIRCLE('',#5036,0.005);
#4507=LINE('',#5037,#5038);
#4508=CIRCLE('',#5039,0.00415000000000002);
#4509=LINE('',#5040,#5041);
#4510=CIRCLE('',#5042,0.00200000000000001);
#4511=LINE('',#5043,#5044);
#4512=CIRCLE('',#5045,0.002);
#4513=LINE('',#5046,#5047);
#4514=VERTEX_POINT('',#5048);
#4515=CIRCLE('',#5049,0.00200000000000001);
#4516=VERTEX_POINT('',#5050);
#4517=LINE('',#5051,#5052);
#4518=CIRCLE('',#5053,0.002);
#4519=CIRCLE('',#5054,0.002);
#4520=CIRCLE('',#5055,0.003);
#4521=CIRCLE('',#5056,0.005);
#4522=LINE('',#5057,#5058);
#4523=CIRCLE('',#5059,0.003);
#4524=CIRCLE('',#5060,0.00200000000000001);
#4525=LINE('',#5061,#5062);
#4526=VERTEX_POINT('',#5063);
#4527=LINE('',#5064,#5065);
#4528=CIRCLE('',#5066,0.0033);
#4529=LINE('',#5067,#5068);
#4530=VERTEX_POINT('',#5069);
#4531=LINE('',#5070,#5071);
#4532=CIRCLE('',#5072,0.00500000000000002);
#4533=VERTEX_POINT('',#5073);
#4534=LINE('',#5074,#5075);
#4535=CIRCLE('',#5076,0.008);
#4536=VERTEX_POINT('',#5077);
#4537=LINE('',#5078,#5079);
#4538=LINE('',#5080,#5081);
#4539=CIRCLE('',#5082,0.0033);
#4540=CIRCLE('',#5083,0.0023);
#4541=LINE('',#5084,#5085);
#4542=B_SPLINE_CURVE_WITH_KNOTS('',3,(#5086,#5087,#5088,#5089),.UNSPECIFIED.,.F.,.F.,(4,4),(0.0144854508664229,0.0158082851543235),.UNSPECIFIED.);
#4543=VERTEX_POINT('',#5090);
#4544=CIRCLE('',#5091,0.00499999999977323);
#4545=VERTEX_POINT('',#5092);
#4546=B_SPLINE_CURVE_WITH_KNOTS('',3,(#5093,#5094,#5095,#5096,#5097,#5098,#5099,#5100,#5101,#5102,#5103,#5104,#5105,#5106),.UNSPECIFIED.,.F.,.F.,(4,2,2,2,2,2,4),(-0.0526763497086065,-0.0518339373131867,-0.050827061574206,-0.050220894853011,-0.0496147281318161,-0.0489363629906534,-0.0488179940641696),.UNSPECIFIED.);
#4547=CIRCLE('',#5107,0.00499999999999998);
#4548=VERTEX_POINT('',#5108);
#4549=B_SPLINE_CURVE_WITH_KNOTS('',3,(#5109,#5110,#5111,#5112,#5113,#5114,#5115,#5116),.UNSPECIFIED.,.F.,.F.,(4,2,2,4),(-0.000839041017946054,-0.00081476925648121,-0.000382301901687308,-0.0),.UNSPECIFIED.);
#4550=B_SPLINE_CURVE_WITH_KNOTS('',3,(#5117,#5118,#5119,#5120,#5121,#5122,#5123,#5124,#5125,#5126,#5127,#5128,#5129,#5130,#5131,#5132),.UNSPECIFIED.,.F.,.F.,(4,2,2,2,2,2,2,4),(0.0377494397059529,0.0377671493557151,0.0383844497606362,0.040853651380321,0.0439401534049269,0.0458692171703056,0.0470748820236673,0.0478284225570184),.UNSPECIFIED.);
#4551=LINE('',#5133,#5134);
#4552=B_SPLINE_CURVE_WITH_KNOTS('',3,(#5135,#5136,#5137,#5138,#5139,#5140,#5141,#5142,#5143,#5144,#5145,#5146),.UNSPECIFIED.,.F.,.F.,(4,2,2,2,2,4),(-1.16704614518268E-05,0.0,0.000609628442495116,0.00143104139467519,0.00225245434685526,0.00246943428451108),.UNSPECIFIED.);
#4553=VERTEX_POINT('',#5147);
#4554=B_SPLINE_CURVE_WITH_KNOTS('',3,(#5148,#5149,#5150,#5151,#5152,#5153,#5154,#5155),.UNSPECIFIED.,.F.,.F.,(4,2,2,4),(-0.00271748730296141,-0.00270622509182858,-0.00132438782559194,-0.0),.UNSPECIFIED.);
#4555=B_SPLINE_CURVE_WITH_KNOTS('',3,(#5156,#5157,#5158,#5159,#5160,#5161),.UNSPECIFIED.,.F.,.F.,(4,2,4),(-0.000822619473198273,-0.0,1.23345127449297E-05),.UNSPECIFIED.);
#4556=B_SPLINE_CURVE_WITH_KNOTS('',3,(#5162,#5163,#5164,#5165,#5166,#5167,#5168,#5169,#5170,#5171,#5172,#5173),.UNSPECIFIED.,.F.,.F.,(4,2,2,2,2,4),(0.0,0.000777018083384719,0.0015574253328991,0.00215046954054103,0.0027467065876714,0.00275348570485784),.UNSPECIFIED.);
#4557=CIRCLE('',#5174,0.006);
#4558=VERTEX_POINT('',#5175);
#4559=CIRCLE('',#5176,0.00200000000000001);
#4560=CIRCLE('',#5177,0.008);
#4561=LINE('',#5178,#5179);
#4562=CIRCLE('',#5180,0.006);
#4563=CIRCLE('',#5181,0.00200000000000002);
#4564=LINE('',#5182,#5183);
#4565=VERTEX_POINT('',#5184);
#4566=CIRCLE('',#5185,0.00500000000000001);
#4567=LINE('',#5186,#5187);
#4568=CIRCLE('',#5188,0.00499999999999999);
#4569=ELLIPSE('',#5189,0.00649286435445722,0.005);
#4570=ELLIPSE('',#5190,0.00649286435445719,0.00499999999999999);
#4571=ELLIPSE('',#5191,0.00649286435445719,0.005);
#4572=ELLIPSE('',#5192,0.00649286435445723,0.005);
#4573=CIRCLE('',#5193,0.00500000000000001);
#4574=LINE('',#5194,#5195);
#4575=CIRCLE('',#5196,0.005);
#4576=CIRCLE('',#5197,0.01);
#4577=CIRCLE('',#5198,0.00215000000000003);
#4578=CARTESIAN_POINT('',(-0.00486660565860233,0.13245409482827,-0.147211031679479));
#4579=CARTESIAN_POINT('',(-0.00426660351245669,0.13266369360872,-0.146648834404624));
#4580=CARTESIAN_POINT('',(-0.00426660351245671,0.13266369360872,-0.146648834404624));
#4581=VECTOR('',#5199,1.0);
#4582=CARTESIAN_POINT('',(-0.00486662103953803,0.130951926208998,-0.151240112150137));
#4583=AXIS2_PLACEMENT_3D('',#5200,#5201,#5202);
#4584=CARTESIAN_POINT('',(-0.00426662318574654,0.13074231514221,-0.151802309425233));
#4585=CARTESIAN_POINT('',(-0.00426662318574654,0.13074231514221,-0.151802309425233));
#4586=VECTOR('',#5203,1.0);
#4587=AXIS2_PLACEMENT_3D('',#5204,#5205,#5206);
#4588=CARTESIAN_POINT('',(-0.0167666210389143,0.130952048048513,-0.151240112147745));
#4589=CARTESIAN_POINT('',(-0.0108166210392262,0.130951987128756,-0.151240112148941));
#4590=VECTOR('',#5207,1.0);
#4591=CARTESIAN_POINT('',(-0.0167666056579786,0.132454216667785,-0.147211031677087));
#4592=AXIS2_PLACEMENT_3D('',#5208,#5209,#5210);
#4593=CARTESIAN_POINT('',(-0.0108166056582905,0.132454155748027,-0.147211031678283));
#4594=VECTOR('',#5211,1.0);
#4595=AXIS2_PLACEMENT_3D('',#5212,#5213,#5214);
#4596=CARTESIAN_POINT('',(-0.0187665985039502,0.133152920223746,-0.1453370407601));
#4597=CARTESIAN_POINT('',(-0.0187665985039502,0.133152920223746,-0.1453370407601));
#4598=VECTOR('',#5215,1.0);
#4599=CARTESIAN_POINT('',(-0.018766628192733,0.130253385447012,-0.153114103063928));
#4600=CARTESIAN_POINT('',(-0.0187666281927331,0.130253385447012,-0.153114103063928));
#4601=VECTOR('',#5216,1.0);
#4602=AXIS2_PLACEMENT_3D('',#5217,#5218,#5219);
#4603=CARTESIAN_POINT('',(-0.0187667064773244,0.122607376696374,-0.153380912622526));
#4604=CARTESIAN_POINT('',(-0.00626670647797961,0.12260724871369,-0.153380912625039));
#4605=CARTESIAN_POINT('',(-0.0125167064783069,0.122607312705032,-0.153380912623782));
#4606=VECTOR('',#5220,1.0);
#4607=CARTESIAN_POINT('',(-0.0187665356791092,0.139289192964354,-0.155741091473457));
#4608=AXIS2_PLACEMENT_3D('',#5221,#5222,#5223);
#4609=CARTESIAN_POINT('',(-0.00626653567976441,0.13928906498167,-0.15574109147597));
#4610=CARTESIAN_POINT('',(-0.00276653567994781,0.139289029146518,-0.155741091476673));
#4611=VECTOR('',#5224,0.999999999999999);
#4612=CARTESIAN_POINT('',(-0.00626661210015524,0.131825194861041,-0.159224825611131));
#4613=AXIS2_PLACEMENT_3D('',#5225,#5226,#5227);
#4614=AXIS2_PLACEMENT_3D('',#5228,#5229,#5230);
#4615=CARTESIAN_POINT('',(-0.00426661434817484,0.131605268368788,-0.141226168957645));
#4616=CARTESIAN_POINT('',(-0.00626661459783831,0.131580854844348,-0.139226318217922));
#4617=AXIS2_PLACEMENT_3D('',#5231,#5232,#5233);
#4618=CARTESIAN_POINT('',(-0.00426658789206845,0.134189229834881,-0.141621712173698));
#4619=AXIS2_PLACEMENT_3D('',#5234,#5235,#5236);
#4620=CARTESIAN_POINT('',(-0.00485237445562423,0.134177099577583,-0.14014227407486));
#4621=CARTESIAN_POINT('',(-0.00426658789206845,0.134189229834881,-0.141621712173698));
#4622=CARTESIAN_POINT('',(-0.00426658789195334,0.13418924103154,-0.141619392795937));
#4623=CARTESIAN_POINT('',(-0.00426659154831311,0.134189252073807,-0.141617073418374));
#4624=CARTESIAN_POINT('',(-0.0042670703503122,0.134189964914119,-0.141465224218713));
#4625=CARTESIAN_POINT('',(-0.00428274029945637,0.134190018409159,-0.141316033409863));
#4626=CARTESIAN_POINT('',(-0.00434419314795307,0.134189001105724,-0.141024197213444));
#4627=CARTESIAN_POINT('',(-0.00438968131270957,0.134187940179252,-0.140882144737621));
#4628=CARTESIAN_POINT('',(-0.00455779749335413,0.13418384483867,-0.140500074467125));
#4629=CARTESIAN_POINT('',(-0.00471069402947682,0.134179975335523,-0.140278919759376));
#4630=CARTESIAN_POINT('',(-0.00508426988235565,0.134172351737862,-0.139914519476574));
#4631=CARTESIAN_POINT('',(-0.00529985104425794,0.134168695566787,-0.139772859103189));
#4632=CARTESIAN_POINT('',(-0.00576738146880242,0.134163547430093,-0.139581747228438));
#4633=CARTESIAN_POINT('',(-0.00601553809256562,0.134162081391229,-0.139532634883001));
#4634=CARTESIAN_POINT('',(-0.00626658816968945,0.134162083961634,-0.13953263488295));
#4635=CARTESIAN_POINT('',(-0.00626658816968945,0.134162083961634,-0.13953263488295));
#4636=CARTESIAN_POINT('',(-0.00426658789206845,0.134189229834881,-0.141621712173698));
#4637=CARTESIAN_POINT('',(-0.00426658789195334,0.13418924103154,-0.141619392795937));
#4638=CARTESIAN_POINT('',(-0.00426659154831311,0.134189252073807,-0.141617073418374));
#4639=CARTESIAN_POINT('',(-0.0042670703503122,0.134189964914119,-0.141465224218713));
#4640=CARTESIAN_POINT('',(-0.00428274029945637,0.134190018409159,-0.141316033409863));
#4641=CARTESIAN_POINT('',(-0.00434419314795307,0.134189001105724,-0.141024197213444));
#4642=CARTESIAN_POINT('',(-0.00438968131270957,0.134187940179252,-0.140882144737621));
#4643=CARTESIAN_POINT('',(-0.00455779749335413,0.13418384483867,-0.140500074467125));
#4644=CARTESIAN_POINT('',(-0.00471069402947682,0.134179975335523,-0.140278919759376));
#4645=CARTESIAN_POINT('',(-0.00508426988235565,0.134172351737862,-0.139914519476574));
#4646=CARTESIAN_POINT('',(-0.00529985104425794,0.134168695566787,-0.139772859103189));
#4647=CARTESIAN_POINT('',(-0.00576738146880242,0.134163547430093,-0.139581747228438));
#4648=CARTESIAN_POINT('',(-0.00601553809256562,0.134162081391229,-0.139532634883001));
#4649=CARTESIAN_POINT('',(-0.00626658816968945,0.134162083961634,-0.13953263488295));
#4650=AXIS2_PLACEMENT_3D('',#5237,#5238,#5239);
#4651=CARTESIAN_POINT('',(-0.00426661235002838,0.131800740382142,-0.157224974872212));
#4652=AXIS2_PLACEMENT_3D('',#5240,#5241,#5242);
#4653=CARTESIAN_POINT('',(-0.00485232558309756,0.138950749311944,-0.155233707841249));
#4654=CARTESIAN_POINT('',(-0.00426654775271397,0.138109862382949,-0.154016414269634));
#4655=CARTESIAN_POINT('',(-0.00426654773896379,0.138111205392901,-0.154018305291297));
#4656=CARTESIAN_POINT('',(-0.0042665513816881,0.138112548276404,-0.154020196401555));
#4657=CARTESIAN_POINT('',(-0.00426702929096565,0.138200458343202,-0.154144012833696));
#4658=CARTESIAN_POINT('',(-0.00428269836186949,0.138286300220746,-0.154266033732961));
#4659=CARTESIAN_POINT('',(-0.0043441494903483,0.138453300054742,-0.154505367532535));
#4660=CARTESIAN_POINT('',(-0.00438963681687483,0.138534125109275,-0.154622189698099));
#4661=CARTESIAN_POINT('',(-0.00455775074063231,0.138750499707903,-0.154937113904395));
#4662=CARTESIAN_POINT('',(-0.00471064596753464,0.138874518164635,-0.155120264663637));
#4663=CARTESIAN_POINT('',(-0.00508421966075346,0.139077844885922,-0.155422763495627));
#4664=CARTESIAN_POINT('',(-0.00529979998170394,0.139156321618214,-0.155540758385334));
#4665=CARTESIAN_POINT('',(-0.00576732927114674,0.13926201730172,-0.155700068571896));
#4666=CARTESIAN_POINT('',(-0.00601548560282338,0.139289062411265,-0.15574109147602));
#4667=CARTESIAN_POINT('',(-0.00626653567976441,0.13928906498167,-0.15574109147597));
#4668=CARTESIAN_POINT('',(-0.00426654775271397,0.138109862382949,-0.154016414269634));
#4669=CARTESIAN_POINT('',(-0.00426654775271397,0.138109862382949,-0.154016414269634));
#4670=CARTESIAN_POINT('',(-0.00426654773896379,0.138111205392901,-0.154018305291297));
#4671=CARTESIAN_POINT('',(-0.0042665513816881,0.138112548276404,-0.154020196401555));
#4672=CARTESIAN_POINT('',(-0.00426702929096565,0.138200458343202,-0.154144012833696));
#4673=CARTESIAN_POINT('',(-0.00428269836186949,0.138286300220746,-0.154266033732961));
#4674=CARTESIAN_POINT('',(-0.0043441494903483,0.138453300054742,-0.154505367532535));
#4675=CARTESIAN_POINT('',(-0.00438963681687483,0.138534125109275,-0.154622189698099));
#4676=CARTESIAN_POINT('',(-0.00455775074063231,0.138750499707903,-0.154937113904395));
#4677=CARTESIAN_POINT('',(-0.00471064596753464,0.138874518164635,-0.155120264663637));
#4678=CARTESIAN_POINT('',(-0.00508421966075346,0.139077844885922,-0.155422763495627));
#4679=CARTESIAN_POINT('',(-0.00529979998170394,0.139156321618214,-0.155540758385334));
#4680=CARTESIAN_POINT('',(-0.00576732927114674,0.13926201730172,-0.155700068571896));
#4681=CARTESIAN_POINT('',(-0.00601548560282338,0.139289062411265,-0.15574109147602));
#4682=CARTESIAN_POINT('',(-0.00626653567976441,0.13928906498167,-0.15574109147597));
#4683=AXIS2_PLACEMENT_3D('',#5243,#5244,#5245);
#4684=CARTESIAN_POINT('',(0.000386048021283185,0.190992733743942,-0.132317647380704));
#4685=CARTESIAN_POINT('',(0.00287376844055218,0.191613751572933,-0.132549191963886));
#4686=AXIS2_PLACEMENT_3D('',#5246,#5247,#5248);
#4687=CARTESIAN_POINT('',(0.000373762085309479,0.190993046285357,-0.132296439132115));
#4688=AXIS2_PLACEMENT_3D('',#5249,#5250,#5251);
#4689=CARTESIAN_POINT('',(-0.000661783618562319,0.189840684520984,-0.128797243738903));
#4690=AXIS2_PLACEMENT_3D('',#5252,#5253,#5254);
#4691=CARTESIAN_POINT('',(0.000960342265316008,0.190733340651897,-0.128182511257873));
#4692=AXIS2_PLACEMENT_3D('',#5255,#5256,#5257);
#4693=CARTESIAN_POINT('',(0.00287376263653175,0.191046786041429,-0.127966645917364));
#4694=AXIS2_PLACEMENT_3D('',#5258,#5259,#5260);
#4695=AXIS2_PLACEMENT_3D('',#5261,#5262,#5263);
#4696=CARTESIAN_POINT('',(0.00287368910896572,0.18386523410553,-0.12012015323526));
#4697=CARTESIAN_POINT('',(-1.30639404144288E-05,0.183698893312374,-0.121022460569842));
#4698=AXIS2_PLACEMENT_3D('',#5264,#5265,#5266);
#4699=CARTESIAN_POINT('',(0.0028737219886119,0.187076612352193,-0.122201429453462));
#4700=AXIS2_PLACEMENT_3D('',#5267,#5268,#5269);
#4701=CARTESIAN_POINT('',(0.000960301617396161,0.18676316696266,-0.122417294793972));
#4702=AXIS2_PLACEMENT_3D('',#5270,#5271,#5272);
#4703=CARTESIAN_POINT('',(-0.000661824266481923,0.185870510831748,-0.123032027275001));
#4704=AXIS2_PLACEMENT_3D('',#5273,#5274,#5275);
#4705=AXIS2_PLACEMENT_3D('',#5276,#5277,#5278);
#4706=CARTESIAN_POINT('',(0.000960321941356128,0.18874825381038,-0.125299903030425));
#4707=VECTOR('',#5279,1.0);
#4708=CARTESIAN_POINT('',(-0.000661802490810584,0.187997389593839,-0.126120536094949));
#4709=VECTOR('',#5280,0.999999999999999);
#4710=CARTESIAN_POINT('',(-0.004305291266949,0.17915885989268,-0.123361213653229));
#4711=CARTESIAN_POINT('',(0.00037368037679017,0.183012391541624,-0.120707474587309));
#4712=CARTESIAN_POINT('',(-0.00196800325258493,0.181083815635488,-0.122035590635119));
#4713=VECTOR('',#5281,1.0);
#4714=CARTESIAN_POINT('',(-0.00387640612903171,0.17456351547806,-0.124747637813743));
#4715=AXIS2_PLACEMENT_3D('',#5282,#5283,#5284);
#4716=CARTESIAN_POINT('',(0.00287365079107755,0.180122762243024,-0.120919256043136));
#4717=CARTESIAN_POINT('',(-0.00528906105679314,0.17340007383155,-0.125548843260988));
#4718=VECTOR('',#5285,0.999999999999999);
#4719=AXIS2_PLACEMENT_3D('',#5286,#5287,#5288);
#4720=CARTESIAN_POINT('',(-0.00680529999912446,0.178306017328774,-0.123948535005279));
#4721=CARTESIAN_POINT('',(-0.0187661361932319,0.178306139791168,-0.123948535002874));
#4722=CARTESIAN_POINT('',(-0.0113212876010435,0.178306063566231,-0.123948535004371));
#4723=VECTOR('',#5289,1.0);
#4724=CARTESIAN_POINT('',(-0.0080184705550112,0.181517407996959,-0.126029811223237));
#4725=AXIS2_PLACEMENT_3D('',#5290,#5291,#5292);
#4726=CARTESIAN_POINT('',(-0.0187661033135856,0.18151751803783,-0.126029811221076));
#4727=CARTESIAN_POINT('',(-0.0125561033139111,0.181517454456033,-0.126029811222325));
#4728=VECTOR('',#5293,1.0);
#4729=AXIS2_PLACEMENT_3D('',#5294,#5295,#5296);
#4730=CARTESIAN_POINT('',(-0.00430520955842953,0.187139514636414,-0.134950178198036));
#4731=CARTESIAN_POINT('',(-0.0020316704980216,0.189011967686244,-0.133660711220698));
#4732=VECTOR('',#5297,1.0);
#4733=CARTESIAN_POINT('',(-0.00448288365199756,0.186693683206641,-0.130964429865599));
#4734=AXIS2_PLACEMENT_3D('',#5298,#5299,#5300);
#4735=CARTESIAN_POINT('',(-0.00943496921557096,0.182615218984049,-0.133773069010789));
#4736=VECTOR('',#5301,0.999999999999999);
#4737=CARTESIAN_POINT('',(-0.0187660544847123,0.186286794534901,-0.13553749954768));
#4738=CARTESIAN_POINT('',(-0.00680521829060498,0.186286672072508,-0.135537499550085));
#4739=CARTESIAN_POINT('',(-0.0113211813733758,0.186286718309714,-0.135537499549177));
#4740=VECTOR('',#5302,1.0);
#4741=CARTESIAN_POINT('',(-0.0187660626656658,0.185487691727067,-0.131795027684978));
#4742=AXIS2_PLACEMENT_3D('',#5303,#5304,#5305);
#4743=CARTESIAN_POINT('',(-0.00801842990709135,0.185487581686196,-0.131795027687139));
#4744=CARTESIAN_POINT('',(-0.0125560626659913,0.18548762814527,-0.131795027686227));
#4745=VECTOR('',#5306,0.999999999999999);
#4746=AXIS2_PLACEMENT_3D('',#5307,#5308,#5309);
#4747=CARTESIAN_POINT('',(-0.00610500953587563,0.185801027075728,-0.131579162346629));
#4748=CARTESIAN_POINT('',(-0.00610505018379547,0.181830853386491,-0.125813945882727));
#4749=CARTESIAN_POINT('',(-0.00610502985983556,0.183815940231059,-0.128696554114604));
#4750=VECTOR('',#5310,1.0);
#4751=AXIS2_PLACEMENT_3D('',#5311,#5312,#5313);
#4752=CARTESIAN_POINT('',(-0.00801844877933985,0.18364428675905,-0.129118320043184));
#4753=VECTOR('',#5314,0.999999999999999);
#4754=AXIS2_PLACEMENT_3D('',#5315,#5316,#5317);
#4755=CARTESIAN_POINT('',(0.00993385617246487,0.177560721023921,-0.142613316860436));
#4756=CARTESIAN_POINT('',(0.00173385617289457,0.177560804980561,-0.142613316858787));
#4757=CARTESIAN_POINT('',(0.00583385617271519,0.177560763002241,-0.142613316859612));
#4758=VECTOR('',#5318,1.0);
#4759=CARTESIAN_POINT('',(0.00993384302060638,0.176276169725256,-0.141780806373155));
#4760=AXIS2_PLACEMENT_3D('',#5319,#5320,#5321);
#4761=CARTESIAN_POINT('',(0.0017338430210361,0.176276253681896,-0.141780806371506));
#4762=CARTESIAN_POINT('',(-0.0187661569778894,0.176276463573498,-0.141780806367385));
#4763=VECTOR('',#5322,0.999999999999999);
#4764=AXIS2_PLACEMENT_3D('',#5323,#5324,#5325);
#4765=CARTESIAN_POINT('',(-0.00250888797407047,0.16745575214878,-0.132070693181536));
#4766=CARTESIAN_POINT('',(-0.00250881248507656,0.174828931857363,-0.142777523757353));
#4767=CARTESIAN_POINT('',(-0.00250886485092323,0.169714241909372,-0.135350318550727));
#4768=VECTOR('',#5326,1.0);
#4769=CARTESIAN_POINT('',(-0.00426628306361047,0.163961521293345,-0.134476981814007));
#4770=AXIS2_PLACEMENT_3D('',#5327,#5328,#5329);
#4771=CARTESIAN_POINT('',(-0.00426621728304275,0.170386457190869,-0.143806837159211));
#4772=CARTESIAN_POINT('',(-0.00426625994046325,0.166220011053937,-0.137756607183198));
#4773=VECTOR('',#5330,1.0);
#4774=CARTESIAN_POINT('',(-0.00264551331550841,0.174712596687419,-0.142857638075756));
#4775=AXIS2_PLACEMENT_3D('',#5331,#5332,#5333);
#4776=AXIS2_PLACEMENT_3D('',#5334,#5335,#5336);
#4777=CARTESIAN_POINT('',(0.00173376425966076,0.16858343285018,-0.129576987050608));
#4778=CARTESIAN_POINT('',(0.00993376425923104,0.168583348893539,-0.129576987052256));
#4779=CARTESIAN_POINT('',(0.00583376425955993,0.16858339087186,-0.129576987051432));
#4780=VECTOR('',#5337,1.0);
#4781=CARTESIAN_POINT('',(0.00173376753204213,0.168903073973314,-0.131073975795689));
#4782=AXIS2_PLACEMENT_3D('',#5338,#5339,#5340);
#4783=CARTESIAN_POINT('',(0.00993376753161242,0.168902990016673,-0.131073975797337));
#4784=CARTESIAN_POINT('',(-0.0187662324668834,0.168903283864915,-0.131073975791568));
#4785=VECTOR('',#5341,0.999999999999999);
#4786=AXIS2_PLACEMENT_3D('',#5342,#5343,#5344);
#4787=CARTESIAN_POINT('',(-0.0187661526162588,0.176702502299518,-0.143849090802413));
#4788=CARTESIAN_POINT('',(-0.00373965518068665,0.176702348449,-0.143849090805433));
#4789=CARTESIAN_POINT('',(-0.0112082780978709,0.176702424917353,-0.143849090803932));
#4790=VECTOR('',#5345,1.0);
#4791=CARTESIAN_POINT('',(-0.0187661460652095,0.17734233242866,-0.143475160009747));
#4792=AXIS2_PLACEMENT_3D('',#5346,#5347,#5348);
#4793=CARTESIAN_POINT('',(-0.00365044318388259,0.177342177664802,-0.143475160012786));
#4794=CARTESIAN_POINT('',(-0.0187661460652095,0.17734233242866,-0.143475160009747));
#4795=VECTOR('',#5349,0.999999999999999);
#4796=CARTESIAN_POINT('',(-0.00365044318388256,0.177342177664802,-0.143475160012786));
#4797=CARTESIAN_POINT('',(-0.00365105631044561,0.177339006068379,-0.143477344113534));
#4798=CARTESIAN_POINT('',(-0.00365166690111605,0.177335831704483,-0.143479524718608));
#4799=CARTESIAN_POINT('',(-0.00372688653675326,0.176942810763157,-0.143748839479523));
#4800=CARTESIAN_POINT('',(-0.00376302689904012,0.176514587906245,-0.143961044587937));
#4801=CARTESIAN_POINT('',(-0.00379876942482539,0.175623942907864,-0.14425217082998));
#4802=CARTESIAN_POINT('',(-0.0037991715662704,0.175178875018615,-0.144331336665228));
#4803=CARTESIAN_POINT('',(-0.00380522987123683,0.174737927726136,-0.144351782127485));
#4804=CARTESIAN_POINT('',(-0.0187662299080518,0.169153151206394,-0.128406866651147));
#4805=CARTESIAN_POINT('',(-0.00626622990870715,0.16915302322371,-0.12840686665366));
#4806=CARTESIAN_POINT('',(-0.0125162299083796,0.169153087215052,-0.128406866652404));
#4807=VECTOR('',#5350,1.0);
#4808=CARTESIAN_POINT('',(-0.0187662369530177,0.168465078568552,-0.128682117222276));
#4809=AXIS2_PLACEMENT_3D('',#5351,#5352,#5353);
#4810=CARTESIAN_POINT('',(-0.00626623695367293,0.168464950585868,-0.128682117224789));
#4811=CARTESIAN_POINT('',(-0.0187662369530177,0.168465078568552,-0.128682117222276));
#4812=VECTOR('',#5354,0.999999999999999);
#4813=AXIS2_PLACEMENT_3D('',#5355,#5356,#5357);
#4814=CARTESIAN_POINT('',(0.00260025601362049,0.189102610805472,-0.125156640011386));
#4815=CARTESIAN_POINT('',(0.00359276254287131,0.188285163038557,-0.125719562374255));
#4816=CARTESIAN_POINT('',(0.00309276675922811,0.188696969333905,-0.125435978539294));
#4817=VECTOR('',#5358,1.0);
#4818=CARTESIAN_POINT('',(0.00287373505709465,0.188353040434371,-0.124054971582944));
#4819=CARTESIAN_POINT('',(0.00260025601362048,0.189102610805472,-0.125156640011386));
#4820=CARTESIAN_POINT('',(0.00260025345926801,0.18885312638818,-0.124794355692708));
#4821=CARTESIAN_POINT('',(0.0026880867802546,0.188591613934942,-0.124401409049486));
#4822=CARTESIAN_POINT('',(0.00287373505709469,0.188353040434371,-0.124054971582944));
#4823=CARTESIAN_POINT('',(0.00919277097523898,0.189108708053489,-0.125152394704344));
#4824=AXIS2_PLACEMENT_3D('',#5359,#5360,#5361);
#4825=CARTESIAN_POINT('',(0.00819276254263021,0.188285115940298,-0.125719562374263));
#4826=CARTESIAN_POINT('',(0.00869276675893459,0.188696911996893,-0.125435978539303));
#4827=VECTOR('',#5362,1.0);
#4828=AXIS2_PLACEMENT_3D('',#5363,#5364,#5365);
#4829=CARTESIAN_POINT('',(0.00359261075497003,0.173460320703587,-0.135928580432827));
#4830=CARTESIAN_POINT('',(0.00359277097553251,0.1891087653905,-0.125152394704334));
#4831=VECTOR('',#5366,1.0);
#4832=CARTESIAN_POINT('',(0.00819261075472891,0.173460273605328,-0.135928580432835));
#4833=AXIS2_PLACEMENT_3D('',#5367,#5368,#5369);
#4834=CARTESIAN_POINT('',(0.00819277097529139,0.189108718292241,-0.125152394704342));
#4835=VECTOR('',#5370,1.0);
#4836=AXIS2_PLACEMENT_3D('',#5371,#5372,#5373);
#4837=CARTESIAN_POINT('',(0.00919260232201531,0.172636661014634,-0.136495748102758));
#4838=CARTESIAN_POINT('',(0.00919260232201531,0.172636661014634,-0.136495748102758));
#4839=VECTOR('',#5374,1.0);
#4840=CARTESIAN_POINT('',(0.00259260232236125,0.172636728590397,-0.136495748102747));
#4841=CARTESIAN_POINT('',(0.00259260232236125,0.172636728590397,-0.136495748102747));
#4842=VECTOR('',#5375,1.0);
#4843=AXIS2_PLACEMENT_3D('',#5376,#5377,#5378);
#4844=CARTESIAN_POINT('',(0.00993400005731341,0.191613679285942,-0.132549191965306));
#4845=CARTESIAN_POINT('',(0.00640388424864764,0.191613715429437,-0.132549191964596));
#4846=VECTOR('',#5379,1.0);
#4847=CARTESIAN_POINT('',(0.00993399425329297,0.191046713754438,-0.127966645918783));
#4848=CARTESIAN_POINT('',(-0.0187660057452028,0.191047007602681,-0.127966645913013));
#4849=VECTOR('',#5380,0.999999999999999);
#4850=AXIS2_PLACEMENT_3D('',#5381,#5382,#5383);
#4851=CARTESIAN_POINT('',(0.00993392072572697,0.183865161818539,-0.120120153236679));
#4852=CARTESIAN_POINT('',(0.00640380491725772,0.183865197962034,-0.120120153235969));
#4853=VECTOR('',#5384,1.0);
#4854=AXIS2_PLACEMENT_3D('',#5385,#5386,#5387);
#4855=CARTESIAN_POINT('',(0.00993388240783878,0.180122689956033,-0.120919256044555));
#4856=CARTESIAN_POINT('',(-0.018766117590657,0.180122983804275,-0.120919256038786));
#4857=VECTOR('',#5388,1.0);
#4858=CARTESIAN_POINT('',(0.0099339108176465,0.182897443301314,-0.120037640956182));
#4859=AXIS2_PLACEMENT_3D('',#5389,#5390,#5391);
#4860=AXIS2_PLACEMENT_3D('',#5392,#5393,#5394);
#4861=CARTESIAN_POINT('',(0.0119338598858239,0.177923353951912,-0.140646471033715));
#4862=AXIS2_PLACEMENT_3D('',#5395,#5396,#5397);
#4863=CARTESIAN_POINT('',(0.0113480615226439,0.176758610333434,-0.141448567244539));
#4864=AXIS2_PLACEMENT_3D('',#5398,#5399,#5400);
#4865=AXIS2_PLACEMENT_3D('',#5401,#5402,#5403);
#4866=CARTESIAN_POINT('',(0.01193378439683,0.170550174243329,-0.129939640457898));
#4867=AXIS2_PLACEMENT_3D('',#5404,#5405,#5406);
#4868=CARTESIAN_POINT('',(0.0113479897471138,0.169748084030071,-0.128774890841599));
#4869=AXIS2_PLACEMENT_3D('',#5407,#5408,#5409);
#4870=CARTESIAN_POINT('',(0.00993377278324341,0.169415859380776,-0.128292435753524));
#4871=AXIS2_PLACEMENT_3D('',#5410,#5411,#5412);
#4872=AXIS2_PLACEMENT_3D('',#5413,#5414,#5415);
#4873=CARTESIAN_POINT('',(0.0119339110673099,0.182921856825754,-0.122037491695905));
#4874=AXIS2_PLACEMENT_3D('',#5416,#5417,#5418);
#4875=CARTESIAN_POINT('',(0.011933936739946,0.185429314884086,-0.123335764795125));
#4876=AXIS2_PLACEMENT_3D('',#5419,#5420,#5421);
#4877=CARTESIAN_POINT('',(0.0113481622279335,0.186594070497848,-0.122533668584066));
#4878=AXIS2_PLACEMENT_3D('',#5422,#5423,#5424);
#4879=CARTESIAN_POINT('',(0.00993395360537314,0.187076540065201,-0.122201429454881));
#4880=AXIS2_PLACEMENT_3D('',#5425,#5426,#5427);
#4881=AXIS2_PLACEMENT_3D('',#5428,#5429,#5430);
#4882=CARTESIAN_POINT('',(0.0113482028758534,0.190564244187084,-0.128298885047967));
#4883=CARTESIAN_POINT('',(0.0113481825518935,0.188579157342466,-0.125416276816016));
#4884=VECTOR('',#5431,1.0);
#4885=CARTESIAN_POINT('',(0.0119339773878658,0.189399488573323,-0.129100981259026));
#4886=CARTESIAN_POINT('',(0.0119338856575961,0.180439986966946,-0.11609060181153));
#4887=VECTOR('',#5432,0.999999999999999);
#4888=AXIS2_PLACEMENT_3D('',#5433,#5434,#5435);
#4889=CARTESIAN_POINT('',(0.011348191284943,0.189432286735708,-0.134438040940809));
#4890=CARTESIAN_POINT('',(0.0113480816603477,0.178725456160453,-0.141811220649779));
#4891=CARTESIAN_POINT('',(0.011348157076675,0.186091228743387,-0.136738835823321));
#4892=VECTOR('',#5436,1.0);
#4893=CARTESIAN_POINT('',(0.0119339695104193,0.188630184527167,-0.133273291324746));
#4894=AXIS2_PLACEMENT_3D('',#5437,#5438,#5439);
#4895=CARTESIAN_POINT('',(0.0119339353021512,0.185289126534846,-0.135574086207258));
#4896=VECTOR('',#5440,1.0);
#4897=AXIS2_PLACEMENT_3D('',#5441,#5442,#5443);
#4898=CARTESIAN_POINT('',(0.0113480993717092,0.180454914605327,-0.12140171113263));
#4899=CARTESIAN_POINT('',(0.0113480754591909,0.178119423364633,-0.12301002990683));
#4900=VECTOR('',#5444,1.0);
#4901=CARTESIAN_POINT('',(0.0119338940214253,0.181257004818585,-0.122566460748929));
#4902=CARTESIAN_POINT('',(0.011933870108907,0.178921513577891,-0.124174779523129));
#4903=VECTOR('',#5445,1.0);
#4904=AXIS2_PLACEMENT_3D('',#5446,#5447,#5448);
#4905=CARTESIAN_POINT('',(0.01134798603365,0.169385430624851,-0.130741736668722));
#4906=CARTESIAN_POINT('',(0.0113480237781469,0.173072020479122,-0.136095151956601));
#4907=VECTOR('',#5449,1.0);
#4908=CARTESIAN_POINT('',(0.0119337640212966,0.168560050105625,-0.127049717411205));
#4909=VECTOR('',#5450,1.0);
#4910=AXIS2_PLACEMENT_3D('',#5451,#5452,#5453);
#4911=CARTESIAN_POINT('',(-0.00485199935405287,0.170812971778894,-0.145155202993098));
#4912=CARTESIAN_POINT('',(-0.00485215262074692,0.155843589072815,-0.149890246077495));
#4913=VECTOR('',#5454,1.0);
#4914=CARTESIAN_POINT('',(-0.00626621110765266,0.170989651901087,-0.145713714408299));
#4915=CARTESIAN_POINT('',(-0.00626636437434671,0.156020269195008,-0.150448757492696));
#4916=VECTOR('',#5455,0.999999999999999);
#4917=AXIS2_PLACEMENT_3D('',#5456,#5457,#5458);
#4918=CARTESIAN_POINT('',(-0.00485206275195405,0.16462064170236,-0.130512519368143));
#4919=CARTESIAN_POINT('',(-0.00485222164694289,0.149101553509524,-0.135421442646136));
#4920=VECTOR('',#5459,1.0);
#4921=CARTESIAN_POINT('',(-0.00542067161562898,0.166474434332009,-0.129508451217644));
#4922=CARTESIAN_POINT('',(-0.00542067161548758,0.166474434332372,-0.129508451217493));
#4923=CARTESIAN_POINT('',(-0.00540972361530787,0.166420221550313,-0.129530956920115));
#4924=CARTESIAN_POINT('',(-0.0053984894929179,0.166366895503888,-0.129553448931959));
#4925=CARTESIAN_POINT('',(-0.00533422921551744,0.166073465220626,-0.129679255821756));
#4926=CARTESIAN_POINT('',(-0.00527618423936089,0.165851214977833,-0.129782453587111));
#4927=CARTESIAN_POINT('',(-0.00515649227340873,0.165443400594368,-0.129988883641758));
#4928=CARTESIAN_POINT('',(-0.005095207142766,0.165258702881133,-0.130091553549121));
#4929=CARTESIAN_POINT('',(-0.00494885287777828,0.164851760914007,-0.130340324228656));
#4930=CARTESIAN_POINT('',(-0.00486379094606015,0.16464341097226,-0.130487973081733));
#4931=CARTESIAN_POINT('',(-0.00470946884629941,0.164292856732035,-0.130777463705046));
#4932=CARTESIAN_POINT('',(-0.00463992674606619,0.164148236816656,-0.130918208948777));
#4933=CARTESIAN_POINT('',(-0.00452395418542223,0.163921352021632,-0.131181762389955));
#4934=CARTESIAN_POINT('',(-0.00447562111392429,0.163833269779643,-0.131304292147797));
#4935=CARTESIAN_POINT('',(-0.00439862071911589,0.163701578350493,-0.131530403175444));
#4936=CARTESIAN_POINT('',(-0.0043681419002908,0.163653521799315,-0.131634160921522));
#4937=CARTESIAN_POINT('',(-0.00432487245107817,0.163590094179071,-0.131812812101124));
#4938=CARTESIAN_POINT('',(-0.00430949934293493,0.16356950837984,-0.131888736884656));
#4939=CARTESIAN_POINT('',(-0.00428833068710741,0.163542241575458,-0.132021553795354));
#4940=CARTESIAN_POINT('',(-0.00428115329452021,0.16353347044628,-0.132078577142837));
#4941=CARTESIAN_POINT('',(-0.00427212110380364,0.163520539175721,-0.132178413798259));
#4942=CARTESIAN_POINT('',(-0.00426939544080183,0.163515783558435,-0.132221271384391));
#4943=CARTESIAN_POINT('',(-0.00426680435837325,0.163506877704826,-0.132293012375334));
#4944=CARTESIAN_POINT('',(-0.00426628654722858,0.163503087242573,-0.132321722786581));
#4945=CARTESIAN_POINT('',(-0.00426628730014249,0.163498231698405,-0.132350829295196));
#4946=CARTESIAN_POINT('',(-0.00626623695367271,0.168464950585868,-0.128682117224789));
#4947=CARTESIAN_POINT('',(-0.0062549637225796,0.168464950470446,-0.128682117224791));
#4948=CARTESIAN_POINT('',(-0.00624366835838897,0.168463937540677,-0.128682537681735));
#4949=CARTESIAN_POINT('',(-0.00616763519166111,0.168450270921033,-0.128688210882454));
#4950=CARTESIAN_POINT('',(-0.0061029595417908,0.168403899394034,-0.128707461159095));
#4951=CARTESIAN_POINT('',(-0.00598874542754669,0.168267520787684,-0.128764076523055));
#4952=CARTESIAN_POINT('',(-0.005937261027759,0.168182394136684,-0.128799415554148));
#4953=CARTESIAN_POINT('',(-0.00584012223147748,0.16798420490148,-0.128881690889605));
#4954=CARTESIAN_POINT('',(-0.00579473849635812,0.167871969281263,-0.128928283891506));
#4955=CARTESIAN_POINT('',(-0.00568103528256887,0.167550882083073,-0.129061578687774));
#4956=CARTESIAN_POINT('',(-0.0056168750067637,0.167326043867893,-0.129154917149575));
#4957=CARTESIAN_POINT('',(-0.00550867400432306,0.166891150473618,-0.12933545716868));
#4958=CARTESIAN_POINT('',(-0.00546326755146028,0.166685513850439,-0.129420824412711));
#4959=CARTESIAN_POINT('',(-0.00542066763476543,0.166474454527076,-0.129508442833901));
#4960=CARTESIAN_POINT('',(-0.00626643701794103,0.148924902346507,-0.134862931230366));
#4961=VECTOR('',#5460,0.999999999999999);
#4962=CARTESIAN_POINT('',(-0.00426628780690645,0.163498218597116,-0.132350833923459));
#4963=CARTESIAN_POINT('',(-0.00426643084276062,0.149528056102265,-0.136769808480258));
#4964=VECTOR('',#5461,0.999999999999999);
#4965=CARTESIAN_POINT('',(-0.00542067161548758,0.166474434332372,-0.129508451217493));
#4966=CARTESIAN_POINT('',(-0.00540972361530787,0.166420221550313,-0.129530956920115));
#4967=CARTESIAN_POINT('',(-0.0053984894929179,0.166366895503888,-0.129553448931959));
#4968=CARTESIAN_POINT('',(-0.00533422921551744,0.166073465220626,-0.129679255821756));
#4969=CARTESIAN_POINT('',(-0.00527618423936089,0.165851214977833,-0.129782453587111));
#4970=CARTESIAN_POINT('',(-0.00515649227340873,0.165443400594368,-0.129988883641758));
#4971=CARTESIAN_POINT('',(-0.005095207142766,0.165258702881133,-0.130091553549121));
#4972=CARTESIAN_POINT('',(-0.00494885287777828,0.164851760914007,-0.130340324228656));
#4973=CARTESIAN_POINT('',(-0.00486379094606015,0.16464341097226,-0.130487973081733));
#4974=CARTESIAN_POINT('',(-0.00470946884629941,0.164292856732035,-0.130777463705046));
#4975=CARTESIAN_POINT('',(-0.00463992674606619,0.164148236816656,-0.130918208948777));
#4976=CARTESIAN_POINT('',(-0.00452395418542223,0.163921352021632,-0.131181762389955));
#4977=CARTESIAN_POINT('',(-0.00447562111392429,0.163833269779643,-0.131304292147797));
#4978=CARTESIAN_POINT('',(-0.00439862071911589,0.163701578350493,-0.131530403175444));
#4979=CARTESIAN_POINT('',(-0.0043681419002908,0.163653521799315,-0.131634160921522));
#4980=CARTESIAN_POINT('',(-0.00432487245107817,0.163590094179071,-0.131812812101124));
#4981=CARTESIAN_POINT('',(-0.00430949934293493,0.16356950837984,-0.131888736884656));
#4982=CARTESIAN_POINT('',(-0.00428833068710741,0.163542241575458,-0.132021553795354));
#4983=CARTESIAN_POINT('',(-0.00428115329452021,0.16353347044628,-0.132078577142837));
#4984=CARTESIAN_POINT('',(-0.00427212110380364,0.163520539175721,-0.132178413798259));
#4985=CARTESIAN_POINT('',(-0.00426939544080183,0.163515783558435,-0.132221271384391));
#4986=CARTESIAN_POINT('',(-0.00426680435837325,0.163506877704826,-0.132293012375334));
#4987=CARTESIAN_POINT('',(-0.00426628654722858,0.163503087242573,-0.132321722786581));
#4988=CARTESIAN_POINT('',(-0.00426628730014249,0.163498231698405,-0.132350829295196));
#4989=CARTESIAN_POINT('',(-0.00426628013838704,0.164247197312542,-0.133000844925523));
#4990=CARTESIAN_POINT('',(-0.00426628013838703,0.164247197312542,-0.133000844925523));
#4991=CARTESIAN_POINT('',(-0.0042662804075817,0.164220903607785,-0.132943118046705));
#4992=CARTESIAN_POINT('',(-0.00426628073335668,0.164189084181986,-0.13288702964495));
#4993=CARTESIAN_POINT('',(-0.00426628167052231,0.164097549140956,-0.132755702834768));
#4994=CARTESIAN_POINT('',(-0.004266282407165,0.164025600530187,-0.132673497841866));
#4995=CARTESIAN_POINT('',(-0.00426628465228814,0.163806317151511,-0.132499958572137));
#4996=CARTESIAN_POINT('',(-0.00426628601973697,0.163672757791638,-0.132428797608638));
#4997=CARTESIAN_POINT('',(-0.00426628774476761,0.163504273496857,-0.132353533762225));
#4998=CARTESIAN_POINT('',(-0.00426628777935831,0.163500589254581,-0.132351890307537));
#4999=CARTESIAN_POINT('',(-0.00426628780362653,0.163498218969339,-0.132350836203268));
#5000=AXIS2_PLACEMENT_3D('',#5462,#5463,#5464);
#5001=CARTESIAN_POINT('',(-0.0042663705497368,0.15541707448479,-0.148541880243609));
#5002=VECTOR('',#5465,0.999999999999999);
#5003=CARTESIAN_POINT('',(-0.00426628013838646,0.16424719736933,-0.133000844909792));
#5004=CARTESIAN_POINT('',(-0.00426628018139834,0.164242996810697,-0.133020666406813));
#5005=CARTESIAN_POINT('',(-0.0042662802241772,0.164238819011918,-0.133040485246793));
#5006=CARTESIAN_POINT('',(-0.0042662808430018,0.164178384403304,-0.13332864461125));
#5007=CARTESIAN_POINT('',(-0.00426628137969042,0.164125971584879,-0.133597086201758));
#5008=CARTESIAN_POINT('',(-0.00426628228712879,0.164037351769235,-0.134065813302193));
#5009=CARTESIAN_POINT('',(-0.00426628266463343,0.164000485018298,-0.134265664402584));
#5010=CARTESIAN_POINT('',(-0.00426628304916526,0.163962931999418,-0.13446933086876));
#5011=CARTESIAN_POINT('',(-0.0042662830563875,0.16396222668211,-0.134473156147605));
#5012=CARTESIAN_POINT('',(-0.00426628306361048,0.163961521293345,-0.134476981814007));
#5013=AXIS2_PLACEMENT_3D('',#5466,#5467,#5468);
#5014=AXIS2_PLACEMENT_3D('',#5469,#5470,#5471);
#5015=CARTESIAN_POINT('',(-0.00447911997444372,0.176014283382181,-0.144124341376414));
#5016=CARTESIAN_POINT('',(-0.0187661596612248,0.176014429661676,-0.144124341373542));
#5017=CARTESIAN_POINT('',(-0.0187661596612248,0.176014429661676,-0.144124341373542));
#5018=VECTOR('',#5472,0.999999999999999);
#5019=AXIS2_PLACEMENT_3D('',#5473,#5474,#5475);
#5020=CARTESIAN_POINT('',(-0.0187662084586259,0.171248443310634,-0.145631895235644));
#5021=VECTOR('',#5476,1.0);
#5022=AXIS2_PLACEMENT_3D('',#5477,#5478,#5479);
#5023=CARTESIAN_POINT('',(-0.0187665881690343,0.134162211944318,-0.139532634880437));
#5024=AXIS2_PLACEMENT_3D('',#5480,#5481,#5482);
#5025=CARTESIAN_POINT('',(-0.0187662811022202,0.164153076462133,-0.130046068973313));
#5026=VECTOR('',#5483,1.0);
#5027=CARTESIAN_POINT('',(-0.0187662233570024,0.169792981335536,-0.128032935858482));
#5028=AXIS2_PLACEMENT_3D('',#5484,#5485,#5486);
#5029=CARTESIAN_POINT('',(-0.01876617451112,0.174563667928662,-0.12474763781075));
#5030=CARTESIAN_POINT('',(-0.0187661415031753,0.177787492563581,-0.122527574812985));
#5031=VECTOR('',#5487,1.0);
#5032=AXIS2_PLACEMENT_3D('',#5488,#5489,#5490);
#5033=CARTESIAN_POINT('',(-0.0187661543959354,0.17652819012069,-0.118784648237482));
#5034=VECTOR('',#5491,1.0);
#5035=CARTESIAN_POINT('',(-0.0187660757947433,0.184205518316808,-0.138748877794511));
#5036=AXIS2_PLACEMENT_3D('',#5492,#5493,#5494);
#5037=CARTESIAN_POINT('',(-0.0187660530825484,0.1864237762001,-0.137221290905059));
#5038=VECTOR('',#5495,1.0);
#5039=AXIS2_PLACEMENT_3D('',#5496,#5497,#5498);
#5040=CARTESIAN_POINT('',(-0.00276658816987285,0.134162048126483,-0.139532634883654));
#5041=VECTOR('',#5499,0.999999999999999);
#5042=AXIS2_PLACEMENT_3D('',#5500,#5501,#5502);
#5043=CARTESIAN_POINT('',(0.00993374715607907,0.166912865878969,-0.128184052750644));
#5044=VECTOR('',#5503,1.0);
#5045=AXIS2_PLACEMENT_3D('',#5504,#5505,#5506);
#5046=CARTESIAN_POINT('',(0.00993385849532046,0.177787198715339,-0.122527574818755));
#5047=VECTOR('',#5507,1.0);
#5048=CARTESIAN_POINT('',(0.00993387149962013,0.179057709768923,-0.142293675737285));
#5049=AXIS2_PLACEMENT_3D('',#5508,#5509,#5510);
#5050=CARTESIAN_POINT('',(0.00993398112421551,0.189764540344179,-0.134920496028316));
#5051=CARTESIAN_POINT('',(0.00993394691594744,0.186423482351858,-0.137221290910828));
#5052=VECTOR('',#5511,1.0);
#5053=AXIS2_PLACEMENT_3D('',#5512,#5513,#5514);
#5054=AXIS2_PLACEMENT_3D('',#5515,#5516,#5517);
#5055=AXIS2_PLACEMENT_3D('',#5518,#5519,#5520);
#5056=AXIS2_PLACEMENT_3D('',#5521,#5522,#5523);
#5057=CARTESIAN_POINT('',(0.00993390252302333,0.182087212148061,-0.114956266471287));
#5058=VECTOR('',#5524,0.999999999999999);
#5059=AXIS2_PLACEMENT_3D('',#5525,#5526,#5527);
#5060=AXIS2_PLACEMENT_3D('',#5528,#5529,#5530);
#5061=CARTESIAN_POINT('',(-0.0187660463931226,0.187076833913444,-0.122201429449112));
#5062=VECTOR('',#5531,1.0);
#5063=CARTESIAN_POINT('',(0.0028737505319575,0.189864505069702,-0.126249817824518));
#5064=CARTESIAN_POINT('',(0.00287374376428324,0.189203491114284,-0.125289938273409));
#5065=VECTOR('',#5532,0.999999999999999);
#5066=AXIS2_PLACEMENT_3D('',#5533,#5534,#5535);
#5067=CARTESIAN_POINT('',(0.00287374376428324,0.189203491114284,-0.125289938273409));
#5068=VECTOR('',#5536,0.999999999999999);
#5069=CARTESIAN_POINT('',(0.00287374950745403,0.18976461263117,-0.134920496026897));
#5070=CARTESIAN_POINT('',(-0.0187660188742803,0.189764834192421,-0.134920496022546));
#5071=VECTOR('',#5537,0.999999999999999);
#5072=AXIS2_PLACEMENT_3D('',#5538,#5539,#5540);
#5073=CARTESIAN_POINT('',(0.00173387150004983,0.179057793725564,-0.142293675735637));
#5074=CARTESIAN_POINT('',(-0.0187661284988756,0.179058003617166,-0.142293675731516));
#5075=VECTOR('',#5541,0.999999999999999);
#5076=AXIS2_PLACEMENT_3D('',#5542,#5543,#5544);
#5077=CARTESIAN_POINT('',(-0.00387630741265497,0.184205365866206,-0.138748877797504));
#5078=CARTESIAN_POINT('',(-0.0125560757950687,0.184205454735011,-0.13874887779576));
#5079=VECTOR('',#5545,0.999999999999999);
#5080=CARTESIAN_POINT('',(-0.00589943608955462,0.182539147094235,-0.139896321298783));
#5081=VECTOR('',#5546,1.0);
#5082=AXIS2_PLACEMENT_3D('',#5547,#5548,#5549);
#5083=AXIS2_PLACEMENT_3D('',#5550,#5551,#5552);
#5084=CARTESIAN_POINT('',(0.00173379065518936,0.171161563733906,-0.13435360116488));
#5085=VECTOR('',#5553,0.999999999999999);
#5086=CARTESIAN_POINT('',(0.00287375053195752,0.189864505069702,-0.126249817824518));
#5087=CARTESIAN_POINT('',(0.00268829152093879,0.18962618486037,-0.12590374265267));
#5088=CARTESIAN_POINT('',(0.00260025857416926,0.189352700419048,-0.125519803154985));
#5089=CARTESIAN_POINT('',(0.00260025601362048,0.189102610805472,-0.125156640011386));
#5090=CARTESIAN_POINT('',(-0.00330669227628665,0.167943720077857,-0.129306306951823));
#5091=AXIS2_PLACEMENT_3D('',#5554,#5555,#5556);
#5092=CARTESIAN_POINT('',(-0.00626622335765813,0.169792853352852,-0.128032935860995));
#5093=CARTESIAN_POINT('',(-0.00330667834379911,0.16794373883817,-0.129306294032573));
#5094=CARTESIAN_POINT('',(-0.003455783608155,0.168139805738578,-0.12917127506262));
#5095=CARTESIAN_POINT('',(-0.00361471160635051,0.168330835238478,-0.129039725130536));
#5096=CARTESIAN_POINT('',(-0.00399342656301743,0.168734836880915,-0.12876151505685));
#5097=CARTESIAN_POINT('',(-0.00421799344696997,0.168943704395398,-0.128617681570709));
#5098=CARTESIAN_POINT('',(-0.00461596314751603,0.169241984719457,-0.128412275836966));
#5099=CARTESIAN_POINT('',(-0.00477480917491734,0.169346248374375,-0.128340476561894));
#5100=CARTESIAN_POINT('',(-0.00511480017901919,0.169530360906656,-0.128213691225009));
#5101=CARTESIAN_POINT('',(-0.00529499781914031,0.169609441559998,-0.128159234188308));
#5102=CARTESIAN_POINT('',(-0.00569475080900081,0.169736134907778,-0.12807199056962));
#5103=CARTESIAN_POINT('',(-0.00592111680421594,0.169779213928177,-0.128042326116757));
#5104=CARTESIAN_POINT('',(-0.00618723324750368,0.169791911679771,-0.128033583780276));
#5105=CARTESIAN_POINT('',(-0.00622676704883225,0.169792852948875,-0.128032935861002));
#5106=CARTESIAN_POINT('',(-0.00626622335765813,0.169792853352853,-0.128032935860995));
#5107=AXIS2_PLACEMENT_3D('',#5557,#5558,#5559);
#5108=CARTESIAN_POINT('',(-0.00421472383588726,0.16457307702077,-0.13366471021617));
#5109=CARTESIAN_POINT('',(-0.00421472378047651,0.164573077465619,-0.133664709630323));
#5110=CARTESIAN_POINT('',(-0.00421486864474469,0.164572617236684,-0.133663799245815));
#5111=CARTESIAN_POINT('',(-0.00421492158016063,0.164572441925394,-0.133663499872579));
#5112=CARTESIAN_POINT('',(-0.00421669821820508,0.164566811379888,-0.133652146880477));
#5113=CARTESIAN_POINT('',(-0.00423588843532937,0.164508564043012,-0.133537985929741));
#5114=CARTESIAN_POINT('',(-0.00426201482182097,0.164361712594445,-0.133243496558422));
#5115=CARTESIAN_POINT('',(-0.00426627959756128,0.164300021750386,-0.133116814726635));
#5116=CARTESIAN_POINT('',(-0.00426628013838704,0.164247197312542,-0.133000844925523));
#5117=CARTESIAN_POINT('',(-0.00421440151679811,0.164573577212231,-0.133664312855577));
#5118=CARTESIAN_POINT('',(-0.0042097915461418,0.164597879445373,-0.133646873683045));
#5119=CARTESIAN_POINT('',(-0.00420491183132485,0.164622054829167,-0.133629463525673));
#5120=CARTESIAN_POINT('',(-0.00402004066496018,0.165483868743135,-0.1330065142104));
#5121=CARTESIAN_POINT('',(-0.00371686545382323,0.165915700367558,-0.132644343497483));
#5122=CARTESIAN_POINT('',(-0.00250758566516805,0.167550796761874,-0.131210366598598));
#5123=CARTESIAN_POINT('',(-0.00214132447155761,0.167438891002424,-0.131011952770682));
#5124=CARTESIAN_POINT('',(-0.0020105444304921,0.167563111907338,-0.1303858475758));
#5125=CARTESIAN_POINT('',(-0.00228520483048736,0.167494959363899,-0.130172592295386));
#5126=CARTESIAN_POINT('',(-0.00269022660201899,0.167515947982049,-0.129850115114199));
#5127=CARTESIAN_POINT('',(-0.00285372780638334,0.167544995617431,-0.129737669753909));
#5128=CARTESIAN_POINT('',(-0.0030784042703358,0.167651766099362,-0.129563770152103));
#5129=CARTESIAN_POINT('',(-0.00315663878472109,0.167707654225735,-0.129497977057207));
#5130=CARTESIAN_POINT('',(-0.00325480109434217,0.167828604344414,-0.129390223595169));
#5131=CARTESIAN_POINT('',(-0.00328551439214836,0.167882321904891,-0.129348588200335));
#5132=CARTESIAN_POINT('',(-0.00330669227577881,0.167943720078175,-0.129306306951603));
#5133=CARTESIAN_POINT('',(-0.0187662233570024,0.169792981335536,-0.128032935858482));
#5134=VECTOR('',#5560,0.999999999999999);
#5135=CARTESIAN_POINT('',(-0.00426628306361048,0.163961521293345,-0.134476981814007));
#5136=CARTESIAN_POINT('',(-0.00426628303680281,0.163964139515311,-0.134473508841987));
#5137=CARTESIAN_POINT('',(-0.00426628017288195,0.163966757472013,-0.134470036221794));
#5138=CARTESIAN_POINT('',(-0.00426597663867976,0.164106143010849,-0.134285146470269));
#5139=CARTESIAN_POINT('',(-0.00425789160738324,0.164242891934162,-0.134103743735886));
#5140=CARTESIAN_POINT('',(-0.00422128294564392,0.164561276742773,-0.133680640273672));
#5141=CARTESIAN_POINT('',(-0.00418664921714189,0.164741756305123,-0.133440180168037));
#5142=CARTESIAN_POINT('',(-0.00409389470891167,0.165095139117029,-0.132967237174849));
#5143=CARTESIAN_POINT('',(-0.00403563392001043,0.165268463809283,-0.132734166929178));
#5144=CARTESIAN_POINT('',(-0.0039509448214245,0.165480936299189,-0.132447363589716));
#5145=CARTESIAN_POINT('',(-0.00393264898028714,0.165524945122694,-0.132387883364197));
#5146=CARTESIAN_POINT('',(-0.00391381963589396,0.165568568893351,-0.132328876179912));
#5147=CARTESIAN_POINT('',(-0.00376274086806349,0.176413684469283,-0.143979056824953));
#5148=CARTESIAN_POINT('',(-0.00365044318388256,0.177342177664802,-0.143475160012786));
#5149=CARTESIAN_POINT('',(-0.00365105631044561,0.177339006068379,-0.143477344113534));
#5150=CARTESIAN_POINT('',(-0.00365166690111605,0.177335831704483,-0.143479524718608));
#5151=CARTESIAN_POINT('',(-0.00372688653675326,0.176942810763157,-0.143748839479523));
#5152=CARTESIAN_POINT('',(-0.00376302689904012,0.176514587906245,-0.143961044587937));
#5153=CARTESIAN_POINT('',(-0.00379876942482539,0.175623942907864,-0.14425217082998));
#5154=CARTESIAN_POINT('',(-0.0037991715662704,0.175178875018615,-0.144331336665228));
#5155=CARTESIAN_POINT('',(-0.00380522987123683,0.174737927726136,-0.144351782127485));
#5156=CARTESIAN_POINT('',(-0.00376094079444572,0.176414606353459,-0.143978676271608));
#5157=CARTESIAN_POINT('',(-0.0040008318419372,0.176291775438893,-0.144029395153413));
#5158=CARTESIAN_POINT('',(-0.00423703198533454,0.176160380041351,-0.144077920234343));
#5159=CARTESIAN_POINT('',(-0.00447217550449093,0.176018481571522,-0.144123011876306));
#5160=CARTESIAN_POINT('',(-0.00447564823415253,0.176016383431471,-0.144123677087688));
#5161=CARTESIAN_POINT('',(-0.00447911997444371,0.176014283382181,-0.144124341376414));
#5162=CARTESIAN_POINT('',(-0.00395717992242698,0.176595251804459,-0.143940570551249));
#5163=CARTESIAN_POINT('',(-0.0037680759273572,0.176426506993687,-0.143993946485156));
#5164=CARTESIAN_POINT('',(-0.00358467458739419,0.176240394149681,-0.144000052579172));
#5165=CARTESIAN_POINT('',(-0.00324881796212385,0.175853278373158,-0.14391706594357));
#5166=CARTESIAN_POINT('',(-0.00309986454936695,0.175656094949483,-0.143828396471409));
#5167=CARTESIAN_POINT('',(-0.00288586473637071,0.175322742981908,-0.143598715408816));
#5168=CARTESIAN_POINT('',(-0.00281044049908342,0.175185137827056,-0.143476652084057));
#5169=CARTESIAN_POINT('',(-0.00269778098523309,0.174930740914403,-0.143194141372542));
#5170=CARTESIAN_POINT('',(-0.00266133747503011,0.174815389058708,-0.143034959099745));
#5171=CARTESIAN_POINT('',(-0.00264585323612293,0.174714850809735,-0.14286154161868));
#5172=CARTESIAN_POINT('',(-0.00264568190433706,0.174713722683138,-0.142859590580883));
#5173=CARTESIAN_POINT('',(-0.00264551331550841,0.174712596687419,-0.142857638075756));
#5174=AXIS2_PLACEMENT_3D('',#5561,#5562,#5563);
#5175=CARTESIAN_POINT('',(0.00173377278367312,0.169415943337417,-0.128292435751876));
#5176=AXIS2_PLACEMENT_3D('',#5564,#5565,#5566);
#5177=AXIS2_PLACEMENT_3D('',#5567,#5568,#5569);
#5178=CARTESIAN_POINT('',(-0.0187662272152524,0.169416153229019,-0.128292435747755));
#5179=VECTOR('',#5570,0.999999999999999);
#5180=AXIS2_PLACEMENT_3D('',#5571,#5572,#5573);
#5181=AXIS2_PLACEMENT_3D('',#5574,#5575,#5576);
#5182=CARTESIAN_POINT('',(-0.0125561745114455,0.174563604346864,-0.124747637811999));
#5183=VECTOR('',#5577,1.0);
#5184=CARTESIAN_POINT('',(-0.0044829242999174,0.182723509517404,-0.125199213401698));
#5185=AXIS2_PLACEMENT_3D('',#5578,#5579,#5580);
#5186=CARTESIAN_POINT('',(-0.00448290252424605,0.184850388279495,-0.128287722221645));
#5187=VECTOR('',#5581,0.999999999999999);
#5188=AXIS2_PLACEMENT_3D('',#5582,#5583,#5584);
#5189=AXIS2_PLACEMENT_3D('',#5585,#5586,#5587);
#5190=AXIS2_PLACEMENT_3D('',#5588,#5589,#5590);
#5191=AXIS2_PLACEMENT_3D('',#5591,#5592,#5593);
#5192=AXIS2_PLACEMENT_3D('',#5594,#5595,#5596);
#5193=AXIS2_PLACEMENT_3D('',#5597,#5598,#5599);
#5194=CARTESIAN_POINT('',(-0.00882453611435259,0.179147822420274,-0.127661614492853));
#5195=VECTOR('',#5600,0.999999999999999);
#5196=AXIS2_PLACEMENT_3D('',#5601,#5602,#5603);
#5197=AXIS2_PLACEMENT_3D('',#5604,#5605,#5606);
#5198=AXIS2_PLACEMENT_3D('',#5607,#5608,#5609);
#5199=DIRECTION('',(0.707109310443423,0.247014531641634,0.662555842357526));
#5200=CARTESIAN_POINT('',(-0.00486661334907018,0.131703010518634,-0.149225571914808));
#5201=DIRECTION('',(-0.999999999947585,1.0238614723268E-05,2.01025973645472E-10));
#5202=DIRECTION('',(3.57696178900903E-06,0.349341539365551,0.936995458292575));
#5203=DIRECTION('',(-0.707104251855549,0.247029011229435,0.66255584264182));
#5204=CARTESIAN_POINT('',(-0.00426661334910161,0.131703004375465,-0.149225571914929));
#5205=DIRECTION('',(-0.999999999947585,1.02386147232611E-05,2.01025945889904E-10));
#5206=DIRECTION('',(3.57696178898064E-06,0.349341539365554,0.936995458292574));
#5207=DIRECTION('',(0.999999999947585,-1.02386147231431E-05,-2.01026056911857E-10));
#5208=CARTESIAN_POINT('',(-0.0167666133484464,0.131703132358149,-0.149225571912416));
#5209=DIRECTION('',(0.999999999947585,-1.0238614723268E-05,-2.01025973644771E-10));
#5210=DIRECTION('',(3.57696178900899E-06,0.349341539365546,0.936995458292577));
#5211=DIRECTION('',(-0.999999999947585,1.02386147231431E-05,2.01026056911857E-10));
#5212=CARTESIAN_POINT('',(-0.00486661334907018,0.131703010518634,-0.149225571914808));
#5213=DIRECTION('',(-0.999999999947585,1.0238614723268E-05,2.01025973645472E-10));
#5214=DIRECTION('',(3.57696178900903E-06,0.349341539365551,0.936995458292575));
#5215=DIRECTION('',(-0.707104251855548,0.24702901122943,0.662555842641823));
#5216=DIRECTION('',(0.707109310443424,0.24701453164162,0.662555842357531));
#5217=CARTESIAN_POINT('',(-0.0187666133483416,0.131703152835379,-0.149225571912014));
#5218=DIRECTION('',(-0.999999999947585,1.0238614723268E-05,2.01025973644724E-10));
#5219=DIRECTION('',(3.57696178900898E-06,0.349341539365545,0.936995458292577));
#5220=DIRECTION('',(0.999999999947585,-1.0238614723268E-05,-2.0102597364513E-10));
#5221=CARTESIAN_POINT('',(-0.0187666133483416,0.131703152835379,-0.149225571912014));
#5222=DIRECTION('',(0.999999999947585,-1.0238614723268E-05,-2.01025973644391E-10));
#5223=DIRECTION('',(9.31289828326577E-06,0.909577613900477,0.415534071051201));
#5224=DIRECTION('',(-0.999999999947585,1.02386147232611E-05,2.01025945889555E-10));
#5225=CARTESIAN_POINT('',(-0.00626661334899678,0.131703024852695,-0.149225571914527));
#5226=DIRECTION('',(0.999999999947585,-1.02386147232611E-05,-2.01025945889897E-10));
#5227=DIRECTION('',(-9.76195135949531E-06,-0.953438623876502,-0.30158711909693));
#5228=CARTESIAN_POINT('',(-0.00626661334899678,0.131703024852695,-0.149225571914527));
#5229=DIRECTION('',(0.999999999947585,-1.02386147232611E-05,-2.01025945889897E-10));
#5230=DIRECTION('',(-9.76195135949531E-06,-0.953438623876502,-0.30158711909693));
#5231=CARTESIAN_POINT('',(-0.00626661434807001,0.131605288846018,-0.141226168957243));
#5232=DIRECTION('',(-1.02378530679019E-05,-0.999925369608041,-0.0122170008352461));
#5233=DIRECTION('',(-1.248841536826E-07,-0.0122170008346078,0.999925369660452));
#5234=CARTESIAN_POINT('',(-0.00426661334910161,0.131703004375465,-0.149225571914929));
#5235=DIRECTION('',(-0.999999999947585,1.02386147232611E-05,2.01025945889638E-10));
#5236=DIRECTION('',(-9.76195135949531E-06,-0.953438623876502,-0.30158711909693));
#5237=CARTESIAN_POINT('',(-0.00626661334899678,0.131703024852695,-0.149225571914527));
#5238=DIRECTION('',(0.999999999947585,-1.02386147232611E-05,-2.01025945889897E-10));
#5239=DIRECTION('',(-9.76195135949531E-06,-0.953438623876502,-0.30158711909693));
#5240=CARTESIAN_POINT('',(-0.00626661234992355,0.131800760859371,-0.15722497487181));
#5241=DIRECTION('',(-1.02378530679019E-05,-0.999925369608041,-0.0122170008352461));
#5242=DIRECTION('',(1.248841536826E-07,0.0122170008346078,-0.999925369660452));
#5243=CARTESIAN_POINT('',(-0.00426661334910161,0.131703004375465,-0.149225571914929));
#5244=DIRECTION('',(-0.999999999947585,1.02386147232611E-05,2.01025945889638E-10));
#5245=DIRECTION('',(-9.76195135949531E-06,-0.953438623876502,-0.30158711909693));
#5246=CARTESIAN_POINT('',(0.00287372047322585,0.186928774281716,-0.130802484266967));
#5247=DIRECTION('',(-3.57696178898066E-06,-0.349341539365556,-0.936995458292573));
#5248=DIRECTION('',(-1.55125989700419E-22,-0.936995458298567,0.349341539367791));
#5249=CARTESIAN_POINT('',(0.00287372047322558,0.186928774281715,-0.130802484266967));
#5250=DIRECTION('',(-0.707112743941392,-0.582367568265993,-0.401048105328563));
#5251=DIRECTION('',(-0.707100818357578,0.582382047853814,0.401048105612832));
#5252=CARTESIAN_POINT('',(0.00287372047322558,0.186928774281715,-0.130802484266967));
#5253=DIRECTION('',(-0.707112743941392,-0.582367568265993,-0.401048105328563));
#5254=DIRECTION('',(-0.707100818357578,0.582382047853814,0.401048105612832));
#5255=CARTESIAN_POINT('',(0.00287372047322582,0.186928774281716,-0.130802484266967));
#5256=DIRECTION('',(-5.80684569245759E-06,-0.567167669890954,0.823602351985925));
#5257=DIRECTION('',(8.43266118257142E-06,0.823602351942755,0.56716766992068));
#5258=CARTESIAN_POINT('',(0.00287372047322582,0.186928774281716,-0.130802484266967));
#5259=DIRECTION('',(-5.80684569245759E-06,-0.567167669890954,0.823602351985925));
#5260=DIRECTION('',(8.43266118257142E-06,0.823602351942755,0.56716766992068));
#5261=CARTESIAN_POINT('',(0.00287372047322584,0.186928774281716,-0.130802484266967));
#5262=DIRECTION('',(-0.999999999947585,1.02386147232611E-05,2.01025945889379E-10));
#5263=DIRECTION('',(9.59346526818972E-06,0.936995458243461,-0.349341539383871));
#5264=CARTESIAN_POINT('',(0.00287367982530597,0.182958600592479,-0.125037267803065));
#5265=DIRECTION('',(-1.00688518706091E-05,-0.983422913509578,0.181326702619753));
#5266=DIRECTION('',(2.18333421450983E-22,0.181326702628944,0.983422913559428));
#5267=CARTESIAN_POINT('',(0.00287367982530602,0.182958600592479,-0.125037267803065));
#5268=DIRECTION('',(-0.999999999947585,1.0238614723268E-05,2.01025973645167E-10));
#5269=DIRECTION('',(1.85673194071294E-06,0.181326702610247,0.983422913561123));
#5270=CARTESIAN_POINT('',(0.00287367982530598,0.182958600592479,-0.125037267803065));
#5271=DIRECTION('',(5.80684569246227E-06,0.567167669890954,-0.823602351985924));
#5272=DIRECTION('',(-0.707100818357578,0.582382047853814,0.401048105612832));
#5273=CARTESIAN_POINT('',(0.00287367982530598,0.182958600592479,-0.125037267803065));
#5274=DIRECTION('',(5.80684569246227E-06,0.567167669890954,-0.823602351985924));
#5275=DIRECTION('',(-0.707100818357578,0.582382047853814,0.401048105612832));
#5276=CARTESIAN_POINT('',(0.00287367982530599,0.182958600592479,-0.125037267803065));
#5277=DIRECTION('',(-0.707112743941392,-0.582367568266009,-0.401048105328539));
#5278=DIRECTION('',(-5.80684568933898E-06,-0.567167669890955,0.823602351985924));
#5279=DIRECTION('',(-5.8068456924576E-06,-0.567167669890954,0.823602351985924));
#5280=DIRECTION('',(-5.80684569248536E-06,-0.567167669890954,0.823602351985925));
#5281=DIRECTION('',(0.707112743941392,0.582367568266009,0.401048105328539));
#5282=CARTESIAN_POINT('',(-0.00387637709480324,0.177399353827515,-0.128865649573673));
#5283=DIRECTION('',(-0.995627023157734,-0.0769355999175403,-0.052988151726563));
#5284=DIRECTION('',(-0.0934175075901174,0.820001065667478,0.564687012051677));
#5285=DIRECTION('',(0.707112743941392,0.582367568266009,0.401048105328539));
#5286=CARTESIAN_POINT('',(0.00287367982530599,0.182958600592479,-0.125037267803065));
#5287=DIRECTION('',(-0.707112743941392,-0.582367568266009,-0.401048105328539));
#5288=DIRECTION('',(-5.80684568933898E-06,-0.567167669890955,0.823602351985924));
#5289=DIRECTION('',(-0.999999999947585,1.0238614723268E-05,2.0102597364513E-10));
#5290=CARTESIAN_POINT('',(-0.00387637709480323,0.177399353827515,-0.128865649573673));
#5291=DIRECTION('',(0.770081531971603,0.525410860671254,0.361825733751708));
#5292=DIRECTION('',(-0.637945478926334,0.63424306201894,0.436762297134596));
#5293=DIRECTION('',(-0.999999999947585,1.02386147232611E-05,2.01025945889554E-10));
#5294=CARTESIAN_POINT('',(-0.0187661454768916,0.177399506278116,-0.12886564957068));
#5295=DIRECTION('',(-0.999999999947585,1.0238614723268E-05,2.01025973645167E-10));
#5296=DIRECTION('',(1.85673194071287E-06,0.18132670261024,0.983422913561124));
#5297=DIRECTION('',(0.707112743941392,0.582367568265993,0.401048105328563));
#5298=CARTESIAN_POINT('',(-0.00387633644688343,0.181369527516752,-0.134630866037575));
#5299=DIRECTION('',(-0.995627023157734,-0.0769355999175391,-0.052988151726563));
#5300=DIRECTION('',(-0.0934175075901163,0.820001065667453,0.564687012051714));
#5301=DIRECTION('',(0.707112743941392,0.582367568265993,0.401048105328563));
#5302=DIRECTION('',(0.999999999947585,-1.02386147232611E-05,-2.01025945889555E-10));
#5303=CARTESIAN_POINT('',(-0.0187661048289717,0.181369679967353,-0.134630866034582));
#5304=DIRECTION('',(-0.999999999947585,1.0238614723268E-05,2.01025973645167E-10));
#5305=DIRECTION('',(1.00688518706092E-05,0.983422913509582,-0.181326702619727));
#5306=DIRECTION('',(0.999999999947585,-1.02386147232646E-05,-2.0102597364513E-10));
#5307=CARTESIAN_POINT('',(-0.00387633644688343,0.181369527516752,-0.134630866037575));
#5308=DIRECTION('',(0.770081531971605,0.525410860671234,0.36182573375173));
#5309=DIRECTION('',(-0.637945478926331,0.634243062018923,0.436762297134625));
#5310=DIRECTION('',(-5.80684569254086E-06,-0.567167669890954,0.823602351985924));
#5311=CARTESIAN_POINT('',(-0.00801838774378543,0.18960559344591,-0.128959189337535));
#5312=DIRECTION('',(5.80684569256399E-06,0.567167669890954,-0.823602351985924));
#5313=DIRECTION('',(0.707100818357578,-0.582382047853813,-0.401048105612832));
#5314=DIRECTION('',(-5.80684569251311E-06,-0.567167669890954,0.823602351985924));
#5315=CARTESIAN_POINT('',(-0.00801842839170528,0.185635419756673,-0.123193972873634));
#5316=DIRECTION('',(-5.80684569254086E-06,-0.567167669890954,0.823602351985925));
#5317=DIRECTION('',(-8.43266118250637E-06,-0.823602351942754,-0.56716766992068));
#5318=DIRECTION('',(-0.999999999947585,1.02386147232611E-05,2.0102597364513E-10));
#5319=CARTESIAN_POINT('',(0.00993385988592875,0.177923374429141,-0.140646471033313));
#5320=DIRECTION('',(0.999999999947585,-1.02386147232611E-05,-2.01025973645423E-10));
#5321=DIRECTION('',(-1.85673194071149E-06,-0.181326702610228,-0.983422913561126));
#5322=DIRECTION('',(-0.999999999947585,1.02386147232646E-05,2.0102597364513E-10));
#5323=CARTESIAN_POINT('',(0.00173385988635845,0.177923458385782,-0.140646471031665));
#5324=DIRECTION('',(0.999999999947585,-1.02386147232611E-05,-2.01025973645422E-10));
#5325=DIRECTION('',(-8.43266118258865E-06,-0.823602351942758,-0.567167669920675));
#5326=DIRECTION('',(5.80684569029266E-06,0.567167669890956,-0.823602351985923));
#5327=CARTESIAN_POINT('',(0.00173371693607503,0.163961459861657,-0.134476981815213));
#5328=DIRECTION('',(5.8068456902619E-06,0.567167669890954,-0.823602351985924));
#5329=DIRECTION('',(-0.707100818357578,0.582382047853813,0.401048105612834));
#5330=DIRECTION('',(5.80684569029266E-06,0.567167669890956,-0.823602351985923));
#5331=CARTESIAN_POINT('',(0.00173378271664276,0.170386395759181,-0.143806837160418));
#5332=DIRECTION('',(-2.19405605150769E-06,-0.21431145366331,0.976765376548486));
#5333=DIRECTION('',(1.00007674482139E-05,0.976765376497288,0.214311453674541));
#5334=CARTESIAN_POINT('',(0.00173379242506901,0.17133463957024,-0.14518381239103));
#5335=DIRECTION('',(-5.80684569030896E-06,-0.567167669890989,0.8236023519859));
#5336=DIRECTION('',(-0.26304849922968,0.794598094166706,0.547192247569034));
#5337=DIRECTION('',(0.999999999947585,-1.02386147232611E-05,-2.01025945889555E-10));
#5338=CARTESIAN_POINT('',(0.0017337843973645,0.170550278677199,-0.129939640455848));
#5339=DIRECTION('',(-0.999999999947585,1.02386147236427E-05,2.01025945889636E-10));
#5340=DIRECTION('',(-8.43266118288711E-06,-0.823602351942747,-0.567167669920691));
#5341=DIRECTION('',(0.999999999947585,-1.02386147232611E-05,-2.01025945889555E-10));
#5342=CARTESIAN_POINT('',(0.00993378439693478,0.170550194720558,-0.129939640457496));
#5343=DIRECTION('',(0.999999999947585,-1.02386147232611E-05,-2.01025945889637E-10));
#5344=DIRECTION('',(-1.00688518706073E-05,-0.983422913509579,0.181326702619745));
#5345=DIRECTION('',(0.999999999947585,-1.02386147232646E-05,-2.0102597364513E-10));
#5346=CARTESIAN_POINT('',(-0.0187661750994379,0.174506494079205,-0.139357148249818));
#5347=DIRECTION('',(0.999999999947585,-1.0238614723268E-05,-2.01025973644908E-10));
#5348=DIRECTION('',(4.49663582019317E-06,0.439201644062567,-0.898388510518984));
#5349=DIRECTION('',(0.999999999947585,-1.02386147232646E-05,-2.01026001400706E-10));
#5350=DIRECTION('',(0.999999999947585,-1.02386147232646E-05,-2.0102597364513E-10));
#5351=CARTESIAN_POINT('',(-0.0187662523912309,0.166957142986082,-0.123914924098552));
#5352=DIRECTION('',(-0.999999999947585,1.0238614723268E-05,2.01025973644392E-10));
#5353=DIRECTION('',(4.49663582019298E-06,0.439201644062548,-0.898388510518993));
#5354=DIRECTION('',(0.999999999947585,-1.02386147232646E-05,-2.01026001400706E-10));
#5355=CARTESIAN_POINT('',(-0.00626625239188658,0.166957015003398,-0.123914924101065));
#5356=DIRECTION('',(-0.999999999947585,1.02386143632088E-05,2.00778393911197E-10));
#5357=DIRECTION('',(5.8068456900401E-06,0.567167669890952,-0.823602351985926));
#5358=DIRECTION('',(0.707100818357577,-0.582382047950901,-0.401048105471849));
#5359=CARTESIAN_POINT('',(0.00589277097541195,0.18910874184137,-0.125152394704338));
#5360=DIRECTION('',(8.43266118261132E-06,0.823602351942755,0.56716766992068));
#5361=DIRECTION('',(-0.999999999947584,1.02387520158528E-05,1.65904088450356E-12));
#5362=DIRECTION('',(0.707112743941388,0.582367568168935,0.401048105469508));
#5363=CARTESIAN_POINT('',(0.00589276254275075,0.188285139489428,-0.125719562374259));
#5364=DIRECTION('',(-8.43266118261132E-06,-0.823602351942755,-0.56716766992068));
#5365=DIRECTION('',(-0.999999999947584,1.02387520158348E-05,1.65906697134797E-12));
#5366=DIRECTION('',(8.43266118261132E-06,0.823602351942755,0.56716766992068));
#5367=CARTESIAN_POINT('',(0.00589261075484947,0.173460297154458,-0.135928580432831));
#5368=DIRECTION('',(8.43266118263908E-06,0.823602351942753,0.567167669920682));
#5369=DIRECTION('',(0.999999999947584,-1.02387520112721E-05,-1.66574158520872E-12));
#5370=DIRECTION('',(-8.43266118261132E-06,-0.823602351942755,-0.56716766992068));
#5371=CARTESIAN_POINT('',(0.00589276254275075,0.188285139489428,-0.125719562374259));
#5372=DIRECTION('',(-8.43266118261132E-06,-0.823602351942755,-0.56716766992068));
#5373=DIRECTION('',(-0.999999999947584,1.02387520158348E-05,1.65906697134797E-12));
#5374=DIRECTION('',(0.707100818357579,-0.582382047950888,-0.401048105471866));
#5375=DIRECTION('',(0.707112743941389,0.582367568168933,0.40104810546951));
#5376=CARTESIAN_POINT('',(0.00589260232218828,0.172636694802515,-0.136495748102752));
#5377=DIRECTION('',(-8.43266118263908E-06,-0.823602351942753,-0.567167669920682));
#5378=DIRECTION('',(0.999999999947584,-1.02387520117941E-05,-1.66498361586621E-12));
#5379=DIRECTION('',(0.999999999947585,-1.02386147232611E-05,-2.01025945889555E-10));
#5380=DIRECTION('',(0.999999999947585,-1.02386147232611E-05,-2.01025945889555E-10));
#5381=CARTESIAN_POINT('',(0.00993395208998707,0.186928701994724,-0.130802484268386));
#5382=DIRECTION('',(0.999999999947585,-1.0238614723268E-05,-2.01025973644908E-10));
#5383=DIRECTION('',(1.00688518706091E-05,0.983422913509576,-0.181326702619758));
#5384=DIRECTION('',(0.999999999947585,-1.0238614723268E-05,-2.0102597364513E-10));
#5385=CARTESIAN_POINT('',(0.00287367982530602,0.182958600592479,-0.125037267803065));
#5386=DIRECTION('',(-0.999999999947585,1.0238614723268E-05,2.01025973645167E-10));
#5387=DIRECTION('',(1.85673194071294E-06,0.181326702610247,0.983422913561123));
#5388=DIRECTION('',(0.999999999947585,-1.02386147232611E-05,-2.01025945889554E-10));
#5389=CARTESIAN_POINT('',(0.00993391144206727,0.182958528305487,-0.125037267804485));
#5390=DIRECTION('',(0.999999999947585,-1.0238614723268E-05,-2.01025973645426E-10));
#5391=DIRECTION('',(1.8567319407129E-06,0.181326702610243,0.983422913561124));
#5392=CARTESIAN_POINT('',(0.00993391144206727,0.182958528305487,-0.125037267804485));
#5393=DIRECTION('',(0.999999999947585,-1.0238614723268E-05,-2.01025973645426E-10));
#5394=DIRECTION('',(1.8567319407129E-06,0.181326702610243,0.983422913561124));
#5395=CARTESIAN_POINT('',(0.00993385988592876,0.177923374429141,-0.140646471033313));
#5396=DIRECTION('',(1.00688518706023E-05,0.983422913509581,-0.181326702619735));
#5397=DIRECTION('',(0.0,-0.181326702628927,-0.983422913559431));
#5398=CARTESIAN_POINT('',(0.00993385988592876,0.177923374429141,-0.140646471033313));
#5399=DIRECTION('',(-5.80684569029266E-06,-0.567167669890956,0.823602351985923));
#5400=DIRECTION('',(-8.4326611850815E-06,-0.823602351942753,-0.567167669920682));
#5401=CARTESIAN_POINT('',(0.00993385988592876,0.177923374429141,-0.140646471033313));
#5402=DIRECTION('',(-5.80684569029266E-06,-0.567167669890956,0.823602351985923));
#5403=DIRECTION('',(-8.4326611850815E-06,-0.823602351942753,-0.567167669920682));
#5404=CARTESIAN_POINT('',(0.00993378439693478,0.170550194720558,-0.129939640457496));
#5405=DIRECTION('',(-1.85673194068434E-06,-0.181326702610242,-0.983422913561124));
#5406=DIRECTION('',(0.0,-0.983422913562819,0.181326702610555));
#5407=CARTESIAN_POINT('',(0.00993378439693478,0.170550194720558,-0.129939640457496));
#5408=DIRECTION('',(8.43266118261132E-06,0.823602351942755,0.56716766992068));
#5409=DIRECTION('',(-5.80684568891834E-06,-0.567167669890954,0.823602351985924));
#5410=CARTESIAN_POINT('',(0.00993378439693478,0.170550194720558,-0.129939640457496));
#5411=DIRECTION('',(8.43266118261132E-06,0.823602351942755,0.56716766992068));
#5412=DIRECTION('',(-5.80684568891834E-06,-0.567167669890954,0.823602351985924));
#5413=CARTESIAN_POINT('',(0.00993378439693478,0.170550194720558,-0.129939640457496));
#5414=DIRECTION('',(0.999999999947585,-1.02386147232611E-05,-2.01025945889637E-10));
#5415=DIRECTION('',(-1.00688518706073E-05,-0.983422913509579,0.181326702619745));
#5416=CARTESIAN_POINT('',(0.00993391106741481,0.182921877302984,-0.122037491695503));
#5417=DIRECTION('',(-1.02378530679092E-05,-0.999925369608041,-0.0122170008352461));
#5418=DIRECTION('',(-1.24884153654931E-07,-0.0122170008346078,0.999925369660452));
#5419=CARTESIAN_POINT('',(0.0119339114419624,0.182958507828258,-0.125037267804887));
#5420=DIRECTION('',(-0.999999999947585,1.0238614723268E-05,2.01025973645785E-10));
#5421=DIRECTION('',(1.8567319407129E-06,0.181326702610243,0.983422913561124));
#5422=CARTESIAN_POINT('',(0.00993393674005077,0.185429335361316,-0.123335764794723));
#5423=DIRECTION('',(5.80684569029266E-06,0.567167669890954,-0.823602351985925));
#5424=DIRECTION('',(8.43266118426823E-06,0.823602351942755,0.56716766992068));
#5425=CARTESIAN_POINT('',(0.00993393674005077,0.185429335361316,-0.123335764794723));
#5426=DIRECTION('',(5.80684569029266E-06,0.567167669890954,-0.823602351985925));
#5427=DIRECTION('',(8.43266118426823E-06,0.823602351942755,0.56716766992068));
#5428=CARTESIAN_POINT('',(0.00993391144206727,0.182958528305487,-0.125037267804485));
#5429=DIRECTION('',(0.999999999947585,-1.0238614723268E-05,-2.01025973645426E-10));
#5430=DIRECTION('',(1.8567319407129E-06,0.181326702610243,0.983422913561124));
#5431=DIRECTION('',(5.80684569029266E-06,0.567167669890954,-0.823602351985924));
#5432=DIRECTION('',(5.80684569032042E-06,0.567167669890954,-0.823602351985925));
#5433=CARTESIAN_POINT('',(0.0099339773879706,0.189399509050552,-0.129100981258624));
#5434=DIRECTION('',(5.80684568995959E-06,0.567167669890958,-0.823602351985921));
#5435=DIRECTION('',(8.43266118253347E-06,0.823602351942751,0.567167669920685));
#5436=DIRECTION('',(-8.43266118258357E-06,-0.823602351942731,-0.567167669920715));
#5437=CARTESIAN_POINT('',(0.00993396951052413,0.188630205004397,-0.133273291324344));
#5438=DIRECTION('',(-8.43266118258357E-06,-0.823602351942731,-0.567167669920714));
#5439=DIRECTION('',(5.80684569241483E-06,0.567167669890988,-0.823602351985901));
#5440=DIRECTION('',(-8.43266118261131E-06,-0.823602351942731,-0.567167669920715));
#5441=CARTESIAN_POINT('',(0.00993385988592876,0.177923374429141,-0.140646471033313));
#5442=DIRECTION('',(8.43266118258357E-06,0.823602351942731,0.567167669920714));
#5443=DIRECTION('',(0.999999999947586,-1.02386147251722E-05,-2.0102318995109E-10));
#5444=DIRECTION('',(8.43266118261132E-06,0.823602351942754,0.56716766992068));
#5445=DIRECTION('',(8.43266118261132E-06,0.823602351942754,0.56716766992068));
#5446=CARTESIAN_POINT('',(0.00993389402153015,0.181257025295815,-0.122566460748527));
#5447=DIRECTION('',(-8.43266118261132E-06,-0.823602351942754,-0.56716766992068));
#5448=DIRECTION('',(0.999999999947585,-1.02386147218757E-05,-2.01028025456571E-10));
#5449=DIRECTION('',(-5.80684569029266E-06,-0.567167669890956,0.823602351985923));
#5450=DIRECTION('',(-5.80684569029265E-06,-0.567167669890956,0.823602351985923));
#5451=CARTESIAN_POINT('',(0.00993378439693478,0.170550194720558,-0.129939640457496));
#5452=DIRECTION('',(5.80684569029266E-06,0.567167669890956,-0.823602351985923));
#5453=DIRECTION('',(0.999999999947586,-1.02386147180852E-05,-2.01022470317375E-10));
#5454=DIRECTION('',(9.76195136789815E-06,0.953438624694839,0.301587116509837));
#5455=DIRECTION('',(9.76195136789816E-06,0.953438624694839,0.301587116509837));
#5456=CARTESIAN_POINT('',(-0.00626621728293791,0.170386477668099,-0.143806837158809));
#5457=DIRECTION('',(9.76195136696834E-06,0.953438624694838,0.30158711650984));
#5458=DIRECTION('',(0.999999999947585,-1.02386147198939E-05,-2.01033589808449E-10));
#5459=DIRECTION('',(-9.76195136787039E-06,-0.953438624694839,-0.301587116509838));
#5460=DIRECTION('',(-9.76195136791203E-06,-0.953438624694839,-0.301587116509838));
#5461=DIRECTION('',(9.76195136788428E-06,0.953438624694839,0.301587116509838));
#5462=CARTESIAN_POINT('',(-0.00426661334910161,0.131703004375465,-0.149225571914929));
#5463=DIRECTION('',(-0.999999999947585,1.02386147232611E-05,2.01025945889638E-10));
#5464=DIRECTION('',(-9.76195135949531E-06,-0.953438623876502,-0.30158711909693));
#5465=DIRECTION('',(-9.76195136789816E-06,-0.953438624694839,-0.301587116509837));
#5466=CARTESIAN_POINT('',(-0.00426661334910161,0.131703004375465,-0.149225571914929));
#5467=DIRECTION('',(-0.999999999947585,1.02386147232611E-05,2.01025945889904E-10));
#5468=DIRECTION('',(3.57696178898064E-06,0.349341539365554,0.936995458292574));
#5469=CARTESIAN_POINT('',(-0.00626621728293791,0.170386477668099,-0.143806837158809));
#5470=DIRECTION('',(9.76195136696834E-06,0.953438624694838,0.30158711650984));
#5471=DIRECTION('',(0.999999999947585,-1.02386147198939E-05,-2.01033589808449E-10));
#5472=DIRECTION('',(-0.999999999947585,1.02386147232646E-05,2.01026001400706E-10));
#5473=CARTESIAN_POINT('',(0.00173378889192801,0.170989569992169,-0.145713714409907));
#5474=DIRECTION('',(3.08764262546557E-06,0.301587116494032,-0.953438624744814));
#5475=DIRECTION('',(9.76195136843276E-06,0.953438624694839,0.301587116509837));
#5476=DIRECTION('',(-9.76195136791202E-06,-0.953438624694839,-0.301587116509837));
#5477=CARTESIAN_POINT('',(-0.0187661750994379,0.174506494079205,-0.139357148249818));
#5478=DIRECTION('',(0.999999999947585,-1.0238614723268E-05,-2.01025973644908E-10));
#5479=DIRECTION('',(4.49663582019317E-06,0.439201644062567,-0.898388510518984));
#5480=CARTESIAN_POINT('',(-0.0187666133483416,0.131703152835379,-0.149225571912014));
#5481=DIRECTION('',(0.999999999947585,-1.0238614723268E-05,-2.01025973644391E-10));
#5482=DIRECTION('',(9.31289828326577E-06,0.909577613900477,0.415534071051201));
#5483=DIRECTION('',(9.76195136788426E-06,0.953438624694839,0.301587116509838));
#5484=CARTESIAN_POINT('',(-0.0187662523912309,0.166957142986082,-0.123914924098552));
#5485=DIRECTION('',(-0.999999999947585,1.0238614723268E-05,2.01025973644392E-10));
#5486=DIRECTION('',(4.49663582019298E-06,0.439201644062548,-0.898388510518993));
#5487=DIRECTION('',(8.43266118261132E-06,0.823602351942754,0.56716766992068));
#5488=CARTESIAN_POINT('',(-0.0187661454768916,0.177399506278116,-0.12886564957068));
#5489=DIRECTION('',(-0.999999999947585,1.0238614723268E-05,2.01025973645167E-10));
#5490=DIRECTION('',(1.85673194071287E-06,0.18132670261024,0.983422913561124));
#5491=DIRECTION('',(5.80684569029265E-06,0.567167669890954,-0.823602351985924));
#5492=CARTESIAN_POINT('',(-0.0187661048289717,0.181369679967353,-0.134630866034582));
#5493=DIRECTION('',(-0.999999999947585,1.0238614723268E-05,2.01025973645167E-10));
#5494=DIRECTION('',(1.00688518706092E-05,0.983422913509582,-0.181326702619727));
#5495=DIRECTION('',(-8.43266118261131E-06,-0.823602351942731,-0.567167669920715));
#5496=CARTESIAN_POINT('',(-0.0187666133483416,0.131703152835379,-0.149225571912014));
#5497=DIRECTION('',(-0.999999999947585,1.0238614723268E-05,2.01025973644724E-10));
#5498=DIRECTION('',(3.57696178900898E-06,0.349341539365545,0.936995458292577));
#5499=DIRECTION('',(0.999999999947585,-1.02386147232611E-05,-2.01025945889555E-10));
#5500=CARTESIAN_POINT('',(0.00993378439693478,0.170550194720558,-0.129939640457496));
#5501=DIRECTION('',(5.80684569029266E-06,0.567167669890956,-0.823602351985923));
#5502=DIRECTION('',(0.999999999947586,-1.02386147180852E-05,-2.01022470317375E-10));
#5503=DIRECTION('',(5.80684569029265E-06,0.567167669890956,-0.823602351985923));
#5504=CARTESIAN_POINT('',(0.00993389402153015,0.181257025295815,-0.122566460748527));
#5505=DIRECTION('',(-8.43266118261132E-06,-0.823602351942754,-0.56716766992068));
#5506=DIRECTION('',(0.999999999947585,-1.02386147218757E-05,-2.01028025456571E-10));
#5507=DIRECTION('',(-8.43266118261132E-06,-0.823602351942754,-0.56716766992068));
#5508=CARTESIAN_POINT('',(0.00993385988592876,0.177923374429141,-0.140646471033313));
#5509=DIRECTION('',(8.43266118258357E-06,0.823602351942731,0.567167669920714));
#5510=DIRECTION('',(0.999999999947586,-1.02386147251722E-05,-2.0102318995109E-10));
#5511=DIRECTION('',(8.43266118261131E-06,0.823602351942731,0.567167669920715));
#5512=CARTESIAN_POINT('',(0.00993396951052413,0.188630205004397,-0.133273291324344));
#5513=DIRECTION('',(-8.43266118258357E-06,-0.823602351942731,-0.567167669920714));
#5514=DIRECTION('',(5.80684569241483E-06,0.567167669890988,-0.823602351985901));
#5515=CARTESIAN_POINT('',(0.0099339773879706,0.189399509050552,-0.129100981258624));
#5516=DIRECTION('',(5.80684568995959E-06,0.567167669890958,-0.823602351985921));
#5517=DIRECTION('',(8.43266118253347E-06,0.823602351942751,0.567167669920685));
#5518=CARTESIAN_POINT('',(0.0119339520898822,0.186928681517495,-0.130802484268788));
#5519=DIRECTION('',(-0.999999999947585,1.0238614723268E-05,2.01025973644707E-10));
#5520=DIRECTION('',(1.00688518706091E-05,0.983422913509577,-0.181326702619758));
#5521=CARTESIAN_POINT('',(0.00993395208998707,0.186928701994724,-0.130802484268386));
#5522=DIRECTION('',(0.999999999947585,-1.0238614723268E-05,-2.01025973644908E-10));
#5523=DIRECTION('',(1.00688518706091E-05,0.983422913509576,-0.181326702619758));
#5524=DIRECTION('',(-5.80684569032042E-06,-0.567167669890954,0.823602351985925));
#5525=CARTESIAN_POINT('',(0.0119339114419624,0.182958507828258,-0.125037267804887));
#5526=DIRECTION('',(-0.999999999947585,1.0238614723268E-05,2.01025973645785E-10));
#5527=DIRECTION('',(1.8567319407129E-06,0.181326702610243,0.983422913561124));
#5528=CARTESIAN_POINT('',(0.00993385988592875,0.177923374429141,-0.140646471033313));
#5529=DIRECTION('',(0.999999999947585,-1.02386147232611E-05,-2.01025973645423E-10));
#5530=DIRECTION('',(-1.85673194071149E-06,-0.181326702610228,-0.983422913561126));
#5531=DIRECTION('',(-0.999999999947585,1.02386147232611E-05,2.01025945889554E-10));
#5532=DIRECTION('',(5.80684569248536E-06,0.567167669890954,-0.823602351985925));
#5533=CARTESIAN_POINT('',(0.00589277097541195,0.18910874184137,-0.125152394704338));
#5534=DIRECTION('',(8.43266118261132E-06,0.823602351942755,0.56716766992068));
#5535=DIRECTION('',(-0.999999999947584,1.02387520158528E-05,1.65904088450356E-12));
#5536=DIRECTION('',(5.80684569248536E-06,0.567167669890954,-0.823602351985925));
#5537=DIRECTION('',(0.999999999947585,-1.02386147232611E-05,-2.01025945889555E-10));
#5538=CARTESIAN_POINT('',(0.00287372047322584,0.186928774281716,-0.130802484266967));
#5539=DIRECTION('',(-0.999999999947585,1.02386147232611E-05,2.01025945889379E-10));
#5540=DIRECTION('',(9.59346526818972E-06,0.936995458243461,-0.349341539383871));
#5541=DIRECTION('',(0.999999999947585,-1.02386147232646E-05,-2.0102597364513E-10));
#5542=CARTESIAN_POINT('',(0.00173380403876038,0.172468974910022,-0.146831017095003));
#5543=DIRECTION('',(5.80684569033837E-06,0.567167669890989,-0.823602351985901));
#5544=DIRECTION('',(-0.26304849922968,0.794598094166707,0.547192247569034));
#5545=DIRECTION('',(-0.999999999947585,1.02386147232646E-05,2.0102597364513E-10));
#5546=DIRECTION('',(-0.707112743941392,-0.582367568265993,-0.401048105328563));
#5547=CARTESIAN_POINT('',(0.00589260232218828,0.172636694802515,-0.136495748102752));
#5548=DIRECTION('',(-8.43266118263908E-06,-0.823602351942753,-0.567167669920682));
#5549=DIRECTION('',(0.999999999947584,-1.02387520117941E-05,-1.66498361586621E-12));
#5550=CARTESIAN_POINT('',(0.00589261075484947,0.173460297154458,-0.135928580432831));
#5551=DIRECTION('',(8.43266118263908E-06,0.823602351942753,0.567167669920682));
#5552=DIRECTION('',(0.999999999947584,-1.02387520112721E-05,-1.66574158520872E-12));
#5553=DIRECTION('',(-5.80684569029267E-06,-0.567167669890956,0.823602351985923));
#5554=CARTESIAN_POINT('',(-0.00330672131051817,0.1651078817284,-0.125188295191894));
#5555=DIRECTION('',(0.531013817751446,-0.697892040649426,-0.480594449567631));
#5556=DIRECTION('',(-0.422790061041336,0.273310520734289,-0.86403120518915));
#5557=CARTESIAN_POINT('',(-0.00626625239188658,0.166957015003398,-0.123914924101065));
#5558=DIRECTION('',(-0.999999999947585,1.02386143632088E-05,2.00778393911197E-10));
#5559=DIRECTION('',(5.8068456900401E-06,0.567167669890952,-0.823602351985926));
#5560=DIRECTION('',(-0.999999999947585,1.02386147232646E-05,2.01026001400706E-10));
#5561=CARTESIAN_POINT('',(0.00173371693607503,0.163961459861657,-0.134476981815213));
#5562=DIRECTION('',(5.8068456902619E-06,0.567167669890954,-0.823602351985924));
#5563=DIRECTION('',(-0.707100818357578,0.582382047853813,0.401048105612834));
#5564=CARTESIAN_POINT('',(0.0017337843973645,0.170550278677199,-0.129939640455848));
#5565=DIRECTION('',(-0.999999999947585,1.02386147236427E-05,2.01025945889636E-10));
#5566=DIRECTION('',(-8.43266118288711E-06,-0.823602351942747,-0.567167669920691));
#5567=CARTESIAN_POINT('',(0.00173370532238366,0.162827124521875,-0.132829777111241));
#5568=DIRECTION('',(-5.80684569023249E-06,-0.567167669890954,0.823602351985924));
#5569=DIRECTION('',(-0.707100818357578,0.582382047853813,0.401048105612834));
#5570=DIRECTION('',(-0.999999999947585,1.02386147232611E-05,2.01025945889555E-10));
#5571=CARTESIAN_POINT('',(0.00173379242506901,0.17133463957024,-0.14518381239103));
#5572=DIRECTION('',(-5.80684569030896E-06,-0.567167669890989,0.8236023519859));
#5573=DIRECTION('',(-0.26304849922968,0.794598094166706,0.547192247569034));
#5574=CARTESIAN_POINT('',(0.00173385988635845,0.177923458385782,-0.140646471031665));
#5575=DIRECTION('',(0.999999999947585,-1.02386147232611E-05,-2.01025973645422E-10));
#5576=DIRECTION('',(-8.43266118258865E-06,-0.823602351942758,-0.567167669920675));
#5577=DIRECTION('',(0.999999999947585,-1.02386147232611E-05,-2.01025945889554E-10));
#5578=CARTESIAN_POINT('',(-0.00801842839170528,0.185635419756673,-0.123193972873634));
#5579=DIRECTION('',(-5.80684569254086E-06,-0.567167669890954,0.823602351985925));
#5580=DIRECTION('',(-8.43266118250637E-06,-0.823602351942754,-0.56716766992068));
#5581=DIRECTION('',(5.80684569254087E-06,0.567167669890954,-0.823602351985925));
#5582=CARTESIAN_POINT('',(-0.00801838774378543,0.18960559344591,-0.128959189337535));
#5583=DIRECTION('',(5.80684569256399E-06,0.567167669890954,-0.823602351985924));
#5584=DIRECTION('',(0.707100818357578,-0.582382047853813,-0.401048105612832));
#5585=CARTESIAN_POINT('',(-0.00387633644688343,0.181369527516752,-0.134630866037575));
#5586=DIRECTION('',(-0.995627023157734,-0.0769355999175391,-0.052988151726563));
#5587=DIRECTION('',(-0.0934175075901163,0.820001065667453,0.564687012051714));
#5588=CARTESIAN_POINT('',(-0.00387633644688343,0.181369527516752,-0.134630866037575));
#5589=DIRECTION('',(0.770081531971605,0.525410860671234,0.36182573375173));
#5590=DIRECTION('',(-0.637945478926331,0.634243062018923,0.436762297134625));
#5591=CARTESIAN_POINT('',(-0.00387637709480323,0.177399353827515,-0.128865649573673));
#5592=DIRECTION('',(0.770081531971603,0.525410860671254,0.361825733751708));
#5593=DIRECTION('',(-0.637945478926334,0.63424306201894,0.436762297134596));
#5594=CARTESIAN_POINT('',(-0.00387637709480324,0.177399353827515,-0.128865649573673));
#5595=DIRECTION('',(-0.995627023157734,-0.0769355999175403,-0.052988151726563));
#5596=DIRECTION('',(-0.0934175075901174,0.820001065667478,0.564687012051677));
#5597=CARTESIAN_POINT('',(0.00287372047322558,0.186928774281715,-0.130802484266967));
#5598=DIRECTION('',(-0.707112743941392,-0.582367568265993,-0.401048105328563));
#5599=DIRECTION('',(-0.707100818357578,0.582382047853814,0.401048105612832));
#5600=DIRECTION('',(-0.707112743941392,-0.582367568266009,-0.401048105328539));
#5601=CARTESIAN_POINT('',(0.00287367982530599,0.182958600592479,-0.125037267803065));
#5602=DIRECTION('',(-0.707112743941392,-0.582367568266009,-0.401048105328539));
#5603=DIRECTION('',(-5.80684568933898E-06,-0.567167669890955,0.823602351985924));
#5604=CARTESIAN_POINT('',(-0.00626661334899678,0.131703024852695,-0.149225571914527));
#5605=DIRECTION('',(0.999999999947585,-1.02386147232611E-05,-2.01025945889897E-10));
#5606=DIRECTION('',(-9.76195135949531E-06,-0.953438623876502,-0.30158711909693));
#5607=CARTESIAN_POINT('',(-0.0167666133484464,0.131703132358149,-0.149225571912416));
#5608=DIRECTION('',(0.999999999947585,-1.0238614723268E-05,-2.01025973644771E-10));
#5609=DIRECTION('',(3.57696178900899E-06,0.349341539365546,0.936995458292577));
#5610=PRESENTATION_LAYER_ASSIGNMENT('9','Layer0',(#25));
ENDSEC;
END-ISO-10303-21;
