ISO-10303-21;
HEADER;
FILE_DESCRIPTION(('STEP AP214'),'1');
FILE_NAME('Camera_holder_low.stp','2026-09-05T13:20:06',(' '),(' '),'Spatial InterOp 3D',' ',' ');
FILE_SCHEMA(('AUTOMOTIVE_DESIGN { 1 0 10303 214 1 1 1 1 }'));
ENDSEC;
DATA;
#1=MECHANICAL_DESIGN_GEOMETRIC_PRESENTATION_REPRESENTATION(' ',(#10),#6);
#2=PRODUCT_DEFINITION_CONTEXT('',#11,'design');
#3=APPLICATION_PROTOCOL_DEFINITION('INTERNATIONAL STANDARD','automotive_design',1994,#11);
#4=PRODUCT_CATEGORY_RELATIONSHIP('NONE','NONE',#12,#13);
#5=SHAPE_DEFINITION_REPRESENTATION(#14,#15);
#6= (GEOMETRIC_REPRESENTATION_CONTEXT(3)GLOBAL_UNCERTAINTY_ASSIGNED_CONTEXT((#18))GLOBAL_UNIT_ASSIGNED_CONTEXT((#20,#21,#22))REPRESENTATION_CONTEXT('NONE','WORKSPACE'));
#10=STYLED_ITEM('',(#24),#25);
#11=APPLICATION_CONTEXT(' ');
#12=PRODUCT_CATEGORY('part','NONE');
#13=PRODUCT_RELATED_PRODUCT_CATEGORY('detail',' ',(#26));
#14=PRODUCT_DEFINITION_SHAPE('NONE','NONE',#27);
#15=ADVANCED_BREP_SHAPE_REPRESENTATION('Camera_holder_low',(#25,#28),#6);
#18=UNCERTAINTY_MEASURE_WITH_UNIT(LENGTH_MEASURE(1.0E-08),#20,'','');
#20= (CONVERSION_BASED_UNIT('METRE',#31)LENGTH_UNIT()NAMED_UNIT(#34));
#21= (NAMED_UNIT(#36)PLANE_ANGLE_UNIT()SI_UNIT($,.RADIAN.));
#22= (NAMED_UNIT(#36)SOLID_ANGLE_UNIT()SI_UNIT($,.STERADIAN.));
#24=PRESENTATION_STYLE_ASSIGNMENT((#42));
#25=MANIFOLD_SOLID_BREP('Camera_holder_low',#43);
#26=PRODUCT('Camera_holder_low','','PART--DESC',(#44));
#27=PRODUCT_DEFINITION('','NONE',#45,#2);
#28=AXIS2_PLACEMENT_3D('',#46,#47,#48);
#31=LENGTH_MEASURE_WITH_UNIT(LENGTH_MEASURE(1.0),#49);
#34=DIMENSIONAL_EXPONENTS(1.0,0.0,0.0,0.0,0.0,0.0,0.0);
#36=DIMENSIONAL_EXPONENTS(0.0,0.0,0.0,0.0,0.0,0.0,0.0);
#42=SURFACE_STYLE_USAGE(.BOTH.,#50);
#43=CLOSED_SHELL('',(#51,#52,#53,#54,#55,#56,#57,#58,#59,#60,#61,#62,#63,#64,#65,#66,#67,#68,#69,#70,#71,#72,#73,#74,#75,#76,#77,#78,#79,#80,#81,#82,#83,#84,#85,#86,#87,#88,#89,#90,#91,#92,#93,#94,#95,#96,#97,#98,#99,#100));
#44=PRODUCT_CONTEXT('',#11,'mechanical');
#45=PRODUCT_DEFINITION_FORMATION_WITH_SPECIFIED_SOURCE(' ','NONE',#26,.NOT_KNOWN.);
#46=CARTESIAN_POINT('',(0.0,0.0,0.0));
#47=DIRECTION('',(0.0,0.0,1.0));
#48=DIRECTION('',(1.0,0.0,0.0));
#49= (NAMED_UNIT(#34)LENGTH_UNIT()SI_UNIT($,.METRE.));
#50=SURFACE_SIDE_STYLE('',(#102));
#51=ADVANCED_FACE('0:1242',(#103),#104,.T.);
#52=ADVANCED_FACE('0:1227',(#105),#106,.T.);
#53=ADVANCED_FACE('0:1323',(#107),#108,.F.);
#54=ADVANCED_FACE('0:1320',(#109),#110,.F.);
#55=ADVANCED_FACE('0:1317',(#111),#112,.F.);
#56=ADVANCED_FACE('0:1314',(#113),#114,.F.);
#57=ADVANCED_FACE('0:1308',(#115),#116,.F.);
#58=ADVANCED_FACE('0:1305',(#117),#118,.T.);
#59=ADVANCED_FACE('0:1302',(#119),#120,.F.);
#60=ADVANCED_FACE('0:1278',(#121),#122,.T.);
#61=ADVANCED_FACE('0:1275',(#123),#124,.T.);
#62=ADVANCED_FACE('0:1272',(#125),#126,.F.);
#63=ADVANCED_FACE('0:1260',(#127),#128,.T.);
#64=ADVANCED_FACE('0:1248',(#129),#130,.T.);
#65=ADVANCED_FACE('0:1245',(#131),#132,.F.);
#66=ADVANCED_FACE('0:1239',(#133),#134,.F.);
#67=ADVANCED_FACE('0:1233',(#135),#136,.F.);
#68=ADVANCED_FACE('0:1227',(#137),#138,.T.);
#69=ADVANCED_FACE('0:1230',(#139,#140,#141),#142,.F.);
#70=ADVANCED_FACE('0:1233',(#143),#144,.F.);
#71=ADVANCED_FACE('0:1236',(#145,#146,#147),#148,.F.);
#72=ADVANCED_FACE('0:1239',(#149),#150,.F.);
#73=ADVANCED_FACE('0:1242',(#151),#152,.T.);
#74=ADVANCED_FACE('0:1245',(#153),#154,.F.);
#75=ADVANCED_FACE('0:1248',(#155),#156,.T.);
#76=ADVANCED_FACE('0:1251',(#157,#158),#159,.T.);
#77=ADVANCED_FACE('0:1254',(#160),#161,.T.);
#78=ADVANCED_FACE('0:1257',(#162),#163,.F.);
#79=ADVANCED_FACE('0:1260',(#164),#165,.T.);
#80=ADVANCED_FACE('0:1263',(#166),#167,.T.);
#81=ADVANCED_FACE('0:1266',(#168),#169,.T.);
#82=ADVANCED_FACE('0:1269',(#170),#171,.T.);
#83=ADVANCED_FACE('0:1272',(#172),#173,.F.);
#84=ADVANCED_FACE('0:1275',(#174),#175,.T.);
#85=ADVANCED_FACE('0:1278',(#176),#177,.T.);
#86=ADVANCED_FACE('0:1281',(#178),#179,.F.);
#87=ADVANCED_FACE('0:1284',(#180),#181,.T.);
#88=ADVANCED_FACE('0:1287',(#182),#183,.T.);
#89=ADVANCED_FACE('0:1290',(#184),#185,.F.);
#90=ADVANCED_FACE('0:1293',(#186,#187),#188,.T.);
#91=ADVANCED_FACE('0:1296',(#189),#190,.T.);
#92=ADVANCED_FACE('0:1299',(#191),#192,.T.);
#93=ADVANCED_FACE('0:1302',(#193),#194,.F.);
#94=ADVANCED_FACE('0:1305',(#195),#196,.T.);
#95=ADVANCED_FACE('0:1308',(#197),#198,.F.);
#96=ADVANCED_FACE('0:1311',(#199,#200),#201,.T.);
#97=ADVANCED_FACE('0:1314',(#202),#203,.F.);
#98=ADVANCED_FACE('0:1317',(#204),#205,.F.);
#99=ADVANCED_FACE('0:1320',(#206),#207,.F.);
#100=ADVANCED_FACE('0:1323',(#208),#209,.F.);
#102=SURFACE_STYLE_FILL_AREA(#210);
#103=FACE_OUTER_BOUND('',#211,.T.);
#104=B_SPLINE_SURFACE_WITH_KNOTS('',3,3,((#212,#213,#214,#215),(#216,#217,#218,#219),(#220,#221,#222,#223),(#224,#225,#226,#227),(#228,#229,#230,#231),(#232,#233,#234,#235),(#236,#237,#238,#239),(#240,#241,#242,#243),(#244,#245,#246,#247),(#248,#249,#250,#251),(#252,#253,#254,#255),(#256,#257,#258,#259),(#260,#261,#262,#263),(#264,#265,#266,#267),(#268,#269,#270,#271),(#272,#273,#274,#275),(#276,#277,#278,#279),(#280,#281,#282,#283),(#284,#285,#286,#287),(#288,#289,#290,#291),(#292,#293,#294,#295),(#296,#297,#298,#299),(#300,#301,#302,#303),(#304,#305,#306,#307),(#308,#309,#310,#311),(#312,#313,#314,#315),(#316,#317,#318,#319),(#320,#321,#322,#323),(#324,#325,#326,#327),(#328,#329,#330,#331),(#332,#333,#334,#335),(#336,#337,#338,#339),(#340,#341,#342,#343),(#344,#345,#346,#347)),.UNSPECIFIED.,.T.,.F.,.F.,(4,2,2,2,2,2,2,2,2,2,2,2,2,2,2,2,4),(4,4),(-3.14159265358979,-2.92438809802848,-2.4787185014838,-2.03304890526277,-1.58737930862099,-1.14170983595265,-0.696116803394955,-0.299999999943604,0.0,0.299999999943604,0.696116803480437,1.1417098344292,1.5873793056453,2.03304890168053,2.47871849859948,2.92438809661629,3.14159265358979),(0.0,1.0),.UNSPECIFIED.);
#105=FACE_OUTER_BOUND('',#348,.T.);
#106=B_SPLINE_SURFACE_WITH_KNOTS('',3,3,((#349,#350,#351,#352),(#353,#354,#355,#356),(#357,#358,#359,#360),(#361,#362,#363,#364),(#365,#366,#367,#368),(#369,#370,#371,#372),(#373,#374,#375,#376),(#377,#378,#379,#380),(#381,#382,#383,#384),(#385,#386,#387,#388),(#389,#390,#391,#392),(#393,#394,#395,#396),(#397,#398,#399,#400),(#401,#402,#403,#404),(#405,#406,#407,#408),(#409,#410,#411,#412),(#413,#414,#415,#416),(#417,#418,#419,#420),(#421,#422,#423,#424),(#425,#426,#427,#428),(#429,#430,#431,#432),(#433,#434,#435,#436),(#437,#438,#439,#440),(#441,#442,#443,#444),(#445,#446,#447,#448),(#449,#450,#451,#452),(#453,#454,#455,#456),(#457,#458,#459,#460),(#461,#462,#463,#464),(#465,#466,#467,#468),(#469,#470,#471,#472),(#473,#474,#475,#476),(#477,#478,#479,#480),(#481,#482,#483,#484)),.UNSPECIFIED.,.T.,.F.,.F.,(4,2,2,2,2,2,2,2,2,2,2,2,2,2,2,2,4),(4,4),(-3.14159265358979,-2.92438809803163,-2.47871850149447,-2.03304890526593,-1.58737930862061,-1.14170983595462,-0.696116803395952,-0.299999999943588,0.0,0.299999999943588,0.696116803470065,1.14170983440957,1.58737930562501,2.03304890166071,2.47871849858061,2.92438809659775,3.14159265358979),(0.0,1.0),.UNSPECIFIED.);
#107=FACE_OUTER_BOUND('',#485,.T.);
#108=CONICAL_SURFACE('',#486,0.0051,0.785398163397448);
#109=FACE_OUTER_BOUND('',#487,.T.);
#110=CYLINDRICAL_SURFACE('',#488,0.0045);
#111=FACE_OUTER_BOUND('',#489,.T.);
#112=CONICAL_SURFACE('',#490,0.004,0.785398163397448);
#113=FACE_OUTER_BOUND('',#491,.T.);
#114=CYLINDRICAL_SURFACE('',#492,0.00185);
#115=FACE_OUTER_BOUND('',#493,.T.);
#116=CONICAL_SURFACE('',#494,0.00235,0.785398163397448);
#117=FACE_OUTER_BOUND('',#495,.T.);
#118=CYLINDRICAL_SURFACE('',#496,0.007);
#119=FACE_OUTER_BOUND('',#497,.T.);
#120=CYLINDRICAL_SURFACE('',#498,0.0074);
#121=FACE_OUTER_BOUND('',#499,.T.);
#122=CYLINDRICAL_SURFACE('',#500,0.001);
#123=FACE_OUTER_BOUND('',#501,.T.);
#124=CYLINDRICAL_SURFACE('',#502,0.001);
#125=FACE_OUTER_BOUND('',#503,.T.);
#126=CYLINDRICAL_SURFACE('',#504,0.001);
#127=FACE_OUTER_BOUND('',#505,.T.);
#128=CYLINDRICAL_SURFACE('',#506,0.001);
#129=FACE_OUTER_BOUND('',#507,.T.);
#130=CYLINDRICAL_SURFACE('',#508,0.001);
#131=FACE_OUTER_BOUND('',#509,.T.);
#132=CYLINDRICAL_SURFACE('',#510,0.002);
#133=FACE_OUTER_BOUND('',#511,.T.);
#134=CYLINDRICAL_SURFACE('',#512,0.0015);
#135=FACE_OUTER_BOUND('',#513,.T.);
#136=CYLINDRICAL_SURFACE('',#514,0.002);
#137=FACE_OUTER_BOUND('',#515,.T.);
#138=B_SPLINE_SURFACE_WITH_KNOTS('',3,3,((#516,#517,#518,#519),(#520,#521,#522,#523),(#524,#525,#526,#527),(#528,#529,#530,#531),(#532,#533,#534,#535),(#536,#537,#538,#539),(#540,#541,#542,#543),(#544,#545,#546,#547),(#548,#549,#550,#551),(#552,#553,#554,#555),(#556,#557,#558,#559),(#560,#561,#562,#563),(#564,#565,#566,#567),(#568,#569,#570,#571),(#572,#573,#574,#575),(#576,#577,#578,#579),(#580,#581,#582,#583),(#584,#585,#586,#587),(#588,#589,#590,#591),(#592,#593,#594,#595),(#596,#597,#598,#599),(#600,#601,#602,#603),(#604,#605,#606,#607),(#608,#609,#610,#611),(#612,#613,#614,#615),(#616,#617,#618,#619),(#620,#621,#622,#623),(#624,#625,#626,#627),(#628,#629,#630,#631),(#632,#633,#634,#635),(#636,#637,#638,#639),(#640,#641,#642,#643),(#644,#645,#646,#647),(#648,#649,#650,#651)),.UNSPECIFIED.,.T.,.F.,.F.,(4,2,2,2,2,2,2,2,2,2,2,2,2,2,2,2,4),(4,4),(-3.14159265358979,-2.92438809803163,-2.47871850149447,-2.03304890526593,-1.58737930862061,-1.14170983595462,-0.696116803395952,-0.299999999943588,0.0,0.299999999943588,0.696116803470065,1.14170983440957,1.58737930562501,2.03304890166071,2.47871849858061,2.92438809659775,3.14159265358979),(0.0,1.0),.UNSPECIFIED.);
#139=FACE_BOUND('',#652,.T.);
#140=FACE_OUTER_BOUND('',#653,.T.);
#141=FACE_BOUND('',#654,.T.);
#142=PLANE('',#655);
#143=FACE_OUTER_BOUND('',#656,.T.);
#144=CYLINDRICAL_SURFACE('',#657,0.002);
#145=FACE_BOUND('',#658,.T.);
#146=FACE_BOUND('',#659,.T.);
#147=FACE_OUTER_BOUND('',#660,.T.);
#148=PLANE('',#661);
#149=FACE_OUTER_BOUND('',#662,.T.);
#150=CYLINDRICAL_SURFACE('',#663,0.0015);
#151=FACE_OUTER_BOUND('',#664,.T.);
#152=B_SPLINE_SURFACE_WITH_KNOTS('',3,3,((#665,#666,#667,#668),(#669,#670,#671,#672),(#673,#674,#675,#676),(#677,#678,#679,#680),(#681,#682,#683,#684),(#685,#686,#687,#688),(#689,#690,#691,#692),(#693,#694,#695,#696),(#697,#698,#699,#700),(#701,#702,#703,#704),(#705,#706,#707,#708),(#709,#710,#711,#712),(#713,#714,#715,#716),(#717,#718,#719,#720),(#721,#722,#723,#724),(#725,#726,#727,#728),(#729,#730,#731,#732),(#733,#734,#735,#736),(#737,#738,#739,#740),(#741,#742,#743,#744),(#745,#746,#747,#748),(#749,#750,#751,#752),(#753,#754,#755,#756),(#757,#758,#759,#760),(#761,#762,#763,#764),(#765,#766,#767,#768),(#769,#770,#771,#772),(#773,#774,#775,#776),(#777,#778,#779,#780),(#781,#782,#783,#784),(#785,#786,#787,#788),(#789,#790,#791,#792),(#793,#794,#795,#796),(#797,#798,#799,#800)),.UNSPECIFIED.,.T.,.F.,.F.,(4,2,2,2,2,2,2,2,2,2,2,2,2,2,2,2,4),(4,4),(-3.14159265358979,-2.92438809802848,-2.4787185014838,-2.03304890526277,-1.58737930862099,-1.14170983595265,-0.696116803394955,-0.299999999943604,0.0,0.299999999943604,0.696116803480437,1.1417098344292,1.5873793056453,2.03304890168053,2.47871849859948,2.92438809661629,3.14159265358979),(0.0,1.0),.UNSPECIFIED.);
#153=FACE_OUTER_BOUND('',#801,.T.);
#154=CYLINDRICAL_SURFACE('',#802,0.002);
#155=FACE_OUTER_BOUND('',#803,.T.);
#156=CYLINDRICAL_SURFACE('',#804,0.001);
#157=FACE_BOUND('',#805,.T.);
#158=FACE_OUTER_BOUND('',#806,.T.);
#159=PLANE('',#807);
#160=FACE_OUTER_BOUND('',#808,.T.);
#161=PLANE('',#809);
#162=FACE_OUTER_BOUND('',#810,.T.);
#163=PLANE('',#811);
#164=FACE_OUTER_BOUND('',#812,.T.);
#165=CYLINDRICAL_SURFACE('',#813,0.001);
#166=FACE_OUTER_BOUND('',#814,.T.);
#167=PLANE('',#815);
#168=FACE_OUTER_BOUND('',#816,.T.);
#169=PLANE('',#817);
#170=FACE_OUTER_BOUND('',#818,.T.);
#171=PLANE('',#819);
#172=FACE_OUTER_BOUND('',#820,.T.);
#173=CYLINDRICAL_SURFACE('',#821,0.001);
#174=FACE_OUTER_BOUND('',#822,.T.);
#175=CYLINDRICAL_SURFACE('',#823,0.001);
#176=FACE_OUTER_BOUND('',#824,.T.);
#177=CYLINDRICAL_SURFACE('',#825,0.001);
#178=FACE_OUTER_BOUND('',#826,.T.);
#179=PLANE('',#827);
#180=FACE_OUTER_BOUND('',#828,.T.);
#181=B_SPLINE_SURFACE_WITH_KNOTS('',3,3,((#829,#830,#831,#832,#833,#834,#835,#836,#837,#838,#839,#840,#841,#842,#843,#844,#845,#846,#847,#848,#849,#850,#851,#852),(#853,#854,#855,#856,#857,#858,#859,#860,#861,#862,#863,#864,#865,#866,#867,#868,#869,#870,#871,#872,#873,#874,#875,#876),(#877,#878,#879,#880,#881,#882,#883,#884,#885,#886,#887,#888,#889,#890,#891,#892,#893,#894,#895,#896,#897,#898,#899,#900),(#901,#902,#903,#904,#905,#906,#907,#908,#909,#910,#911,#912,#913,#914,#915,#916,#917,#918,#919,#920,#921,#922,#923,#924),(#925,#926,#927,#928,#929,#930,#931,#932,#933,#934,#935,#936,#937,#938,#939,#940,#941,#942,#943,#944,#945,#946,#947,#948),(#949,#950,#951,#952,#953,#954,#955,#956,#957,#958,#959,#960,#961,#962,#963,#964,#965,#966,#967,#968,#969,#970,#971,#972),(#973,#974,#975,#976,#977,#978,#979,#980,#981,#982,#983,#984,#985,#986,#987,#988,#989,#990,#991,#992,#993,#994,#995,#996),(#997,#998,#999,#1000,#1001,#1002,#1003,#1004,#1005,#1006,#1007,#1008,#1009,#1010,#1011,#1012,#1013,#1014,#1015,#1016,#1017,#1018,#1019,#1020),(#1021,#1022,#1023,#1024,#1025,#1026,#1027,#1028,#1029,#1030,#1031,#1032,#1033,#1034,#1035,#1036,#1037,#1038,#1039,#1040,#1041,#1042,#1043,#1044),(#1045,#1046,#1047,#1048,#1049,#1050,#1051,#1052,#1053,#1054,#1055,#1056,#1057,#1058,#1059,#1060,#1061,#1062,#1063,#1064,#1065,#1066,#1067,#1068)),.UNSPECIFIED.,.F.,.F.,.F.,(4,2,2,2,4),(4,2,2,2,2,2,2,2,2,2,2,4),(0.0,0.25,0.5,0.75,1.0),(-0.00250472072940124,-0.00235251622895156,-0.00204254613637078,-0.0018488148285078,-0.00165508352064482,-0.00141291938581609,-0.00125236036470062,-0.00109180134358516,-0.000834906909800415,-0.000514720139773505,-0.000180540059397798,-0.0),.UNSPECIFIED.);
#182=FACE_OUTER_BOUND('',#1069,.T.);
#183=B_SPLINE_SURFACE_WITH_KNOTS('',3,3,((#1070,#1071,#1072,#1073,#1074,#1075,#1076,#1077,#1078,#1079,#1080,#1081,#1082,#1083,#1084,#1085,#1086,#1087,#1088,#1089,#1090,#1091,#1092,#1093),(#1094,#1095,#1096,#1097,#1098,#1099,#1100,#1101,#1102,#1103,#1104,#1105,#1106,#1107,#1108,#1109,#1110,#1111,#1112,#1113,#1114,#1115,#1116,#1117),(#1118,#1119,#1120,#1121,#1122,#1123,#1124,#1125,#1126,#1127,#1128,#1129,#1130,#1131,#1132,#1133,#1134,#1135,#1136,#1137,#1138,#1139,#1140,#1141),(#1142,#1143,#1144,#1145,#1146,#1147,#1148,#1149,#1150,#1151,#1152,#1153,#1154,#1155,#1156,#1157,#1158,#1159,#1160,#1161,#1162,#1163,#1164,#1165),(#1166,#1167,#1168,#1169,#1170,#1171,#1172,#1173,#1174,#1175,#1176,#1177,#1178,#1179,#1180,#1181,#1182,#1183,#1184,#1185,#1186,#1187,#1188,#1189),(#1190,#1191,#1192,#1193,#1194,#1195,#1196,#1197,#1198,#1199,#1200,#1201,#1202,#1203,#1204,#1205,#1206,#1207,#1208,#1209,#1210,#1211,#1212,#1213),(#1214,#1215,#1216,#1217,#1218,#1219,#1220,#1221,#1222,#1223,#1224,#1225,#1226,#1227,#1228,#1229,#1230,#1231,#1232,#1233,#1234,#1235,#1236,#1237),(#1238,#1239,#1240,#1241,#1242,#1243,#1244,#1245,#1246,#1247,#1248,#1249,#1250,#1251,#1252,#1253,#1254,#1255,#1256,#1257,#1258,#1259,#1260,#1261),(#1262,#1263,#1264,#1265,#1266,#1267,#1268,#1269,#1270,#1271,#1272,#1273,#1274,#1275,#1276,#1277,#1278,#1279,#1280,#1281,#1282,#1283,#1284,#1285),(#1286,#1287,#1288,#1289,#1290,#1291,#1292,#1293,#1294,#1295,#1296,#1297,#1298,#1299,#1300,#1301,#1302,#1303,#1304,#1305,#1306,#1307,#1308,#1309)),.UNSPECIFIED.,.F.,.F.,.F.,(4,2,2,2,4),(4,2,2,2,2,2,2,2,2,2,2,4),(0.0,0.25,0.5,0.75,1.0),(0.0,0.000178537593139755,0.000483438098347034,0.000674000914101584,0.000864563729856133,0.00110276724954932,0.00126493890389481,0.0014271105582403,0.00168658520519308,0.0020220710406298,0.00236048602491857,0.00252987780778962),.UNSPECIFIED.);
#184=FACE_OUTER_BOUND('',#1310,.T.);
#185=TOROIDAL_SURFACE('',#1311,0.00690000000402364,0.000499999995976366);
#186=FACE_BOUND('',#1312,.T.);
#187=FACE_OUTER_BOUND('',#1313,.T.);
#188=PLANE('',#1314);
#189=FACE_OUTER_BOUND('',#1315,.T.);
#190=B_SPLINE_SURFACE_WITH_KNOTS('',3,3,((#1316,#1317,#1318,#1319,#1320,#1321,#1322,#1323,#1324,#1325),(#1326,#1327,#1328,#1329,#1330,#1331,#1332,#1333,#1334,#1335),(#1336,#1337,#1338,#1339,#1340,#1341,#1342,#1343,#1344,#1345),(#1346,#1347,#1348,#1349,#1350,#1351,#1352,#1353,#1354,#1355),(#1356,#1357,#1358,#1359,#1360,#1361,#1362,#1363,#1364,#1365),(#1366,#1367,#1368,#1369,#1370,#1371,#1372,#1373,#1374,#1375),(#1376,#1377,#1378,#1379,#1380,#1381,#1382,#1383,#1384,#1385),(#1386,#1387,#1388,#1389,#1390,#1391,#1392,#1393,#1394,#1395),(#1396,#1397,#1398,#1399,#1400,#1401,#1402,#1403,#1404,#1405),(#1406,#1407,#1408,#1409,#1410,#1411,#1412,#1413,#1414,#1415),(#1416,#1417,#1418,#1419,#1420,#1421,#1422,#1423,#1424,#1425),(#1426,#1427,#1428,#1429,#1430,#1431,#1432,#1433,#1434,#1435),(#1436,#1437,#1438,#1439,#1440,#1441,#1442,#1443,#1444,#1445),(#1446,#1447,#1448,#1449,#1450,#1451,#1452,#1453,#1454,#1455),(#1456,#1457,#1458,#1459,#1460,#1461,#1462,#1463,#1464,#1465),(#1466,#1467,#1468,#1469,#1470,#1471,#1472,#1473,#1474,#1475)),.UNSPECIFIED.,.F.,.F.,.F.,(4,2,2,2,2,2,2,4),(4,2,2,2,4),(-0.00605748686290578,-0.00501681275467347,-0.00192984406338351,-4.88631327276792E-07,0.00192886680072895,0.00501583549201892,0.00995498539808287,0.0150484837387113),(0.0,0.25,0.5,0.75,1.0),.UNSPECIFIED.);
#191=FACE_OUTER_BOUND('',#1476,.T.);
#192=B_SPLINE_SURFACE_WITH_KNOTS('',3,3,((#1477,#1478,#1479,#1480,#1481,#1482,#1483,#1484,#1485,#1486),(#1487,#1488,#1489,#1490,#1491,#1492,#1493,#1494,#1495,#1496),(#1497,#1498,#1499,#1500,#1501,#1502,#1503,#1504,#1505,#1506),(#1507,#1508,#1509,#1510,#1511,#1512,#1513,#1514,#1515,#1516),(#1517,#1518,#1519,#1520,#1521,#1522,#1523,#1524,#1525,#1526),(#1527,#1528,#1529,#1530,#1531,#1532,#1533,#1534,#1535,#1536),(#1537,#1538,#1539,#1540,#1541,#1542,#1543,#1544,#1545,#1546),(#1547,#1548,#1549,#1550,#1551,#1552,#1553,#1554,#1555,#1556),(#1557,#1558,#1559,#1560,#1561,#1562,#1563,#1564,#1565,#1566),(#1567,#1568,#1569,#1570,#1571,#1572,#1573,#1574,#1575,#1576),(#1577,#1578,#1579,#1580,#1581,#1582,#1583,#1584,#1585,#1586),(#1587,#1588,#1589,#1590,#1591,#1592,#1593,#1594,#1595,#1596),(#1597,#1598,#1599,#1600,#1601,#1602,#1603,#1604,#1605,#1606),(#1607,#1608,#1609,#1610,#1611,#1612,#1613,#1614,#1615,#1616),(#1617,#1618,#1619,#1620,#1621,#1622,#1623,#1624,#1625,#1626),(#1627,#1628,#1629,#1630,#1631,#1632,#1633,#1634,#1635,#1636)),.UNSPECIFIED.,.F.,.F.,.F.,(4,2,2,2,2,2,2,4),(4,2,2,2,4),(-0.00613777680034497,-0.00501584953576831,-0.00192888032562632,4.75430712426443E-07,0.00192983118705117,0.00501680039719316,0.00995595113342035,0.0150494503301546),(0.0,0.25,0.5,0.75,1.0),.UNSPECIFIED.);
#193=FACE_OUTER_BOUND('',#1637,.T.);
#194=CYLINDRICAL_SURFACE('',#1638,0.0074);
#195=FACE_OUTER_BOUND('',#1639,.T.);
#196=CYLINDRICAL_SURFACE('',#1640,0.007);
#197=FACE_OUTER_BOUND('',#1641,.T.);
#198=CONICAL_SURFACE('',#1642,0.00235,0.785398163397448);
#199=FACE_OUTER_BOUND('',#1643,.T.);
#200=FACE_BOUND('',#1644,.T.);
#201=PLANE('',#1645);
#202=FACE_OUTER_BOUND('',#1646,.T.);
#203=CYLINDRICAL_SURFACE('',#1647,0.00185);
#204=FACE_OUTER_BOUND('',#1648,.T.);
#205=CONICAL_SURFACE('',#1649,0.004,0.785398163397448);
#206=FACE_OUTER_BOUND('',#1650,.T.);
#207=CYLINDRICAL_SURFACE('',#1651,0.0045);
#208=FACE_OUTER_BOUND('',#1652,.T.);
#209=CONICAL_SURFACE('',#1653,0.0051,0.785398163397448);
#210=FILL_AREA_STYLE('',(#1654));
#211=EDGE_LOOP('',(#1655,#1656,#1657,#1658));
#212=CARTESIAN_POINT('',(0.00137530467063206,0.0439999918776833,0.0476596644285847));
#213=CARTESIAN_POINT('',(0.000708777389239174,0.0433333254764525,0.0476736251795534));
#214=CARTESIAN_POINT('',(4.22501078462853E-05,0.0426666590752216,0.0476875859305222));
#215=CARTESIAN_POINT('',(-0.000624277173546603,0.0419999926739908,0.0477015466814909));
#216=CARTESIAN_POINT('',(0.00136923961862585,0.0439999923142863,0.0473701218699009));
#217=CARTESIAN_POINT('',(0.000703723179234028,0.0433333259127536,0.0474323397139836));
#218=CARTESIAN_POINT('',(3.82067398422037E-05,0.0426666595112209,0.0474945575580663));
#219=CARTESIAN_POINT('',(-0.000627309699549621,0.0419999931096882,0.047556775402149));
#220=CARTESIAN_POINT('',(0.00133160676667718,0.0439999930732308,0.047081251283763));
#221=CARTESIAN_POINT('',(0.000672362469274843,0.0433333266693012,0.0471916142255358));
#222=CARTESIAN_POINT('',(1.31181718725042E-05,0.0426666602653716,0.0473019771673087));
#223=CARTESIAN_POINT('',(-0.000646126125529835,0.0419999938614421,0.0474123401090815));
#224=CARTESIAN_POINT('',(0.00112310739662538,0.0439999963188928,0.0462223639946482));
#225=CARTESIAN_POINT('',(0.000498612994231887,0.0433333299014262,0.0464758748179401));
#226=CARTESIAN_POINT('',(-0.000125881408161607,0.0426666634839596,0.0467293856412321));
#227=CARTESIAN_POINT('',(-0.0007503758105551,0.041999997066493,0.0469828964645241));
#228=CARTESIAN_POINT('',(0.000852253664481037,0.0439999997974167,0.0456770290084985));
#229=CARTESIAN_POINT('',(0.000272901550776806,0.0433333333621664,0.0460214289961513));
#230=CARTESIAN_POINT('',(-0.000306450562927425,0.0426666669269162,0.046365828983804));
#231=CARTESIAN_POINT('',(-0.000885802676631657,0.0420000004916659,0.0467102289714568));
#232=CARTESIAN_POINT('',(0.000101440291579631,0.0440000086762827,0.0447557809169048));
#233=CARTESIAN_POINT('',(-0.000352776259973797,0.0433333421915305,0.0452537222531565));
#234=CARTESIAN_POINT('',(-0.000806992811527225,0.0426666757067784,0.0457516635894082));
#235=CARTESIAN_POINT('',(-0.00126120936308065,0.0420000092220262,0.04624960492566));
#236=CARTESIAN_POINT('',(-0.000378030333403612,0.0440000140708418,0.0443804678335379));
#237=CARTESIAN_POINT('',(-0.000752335114124136,0.0433333475544037,0.0449409613503513));
#238=CARTESIAN_POINT('',(-0.00112663989484466,0.0426666810379655,0.0455014548671647));
#239=CARTESIAN_POINT('',(-0.00150094467556518,0.0420000145215273,0.0460619483839781));
#240=CARTESIAN_POINT('',(-0.00145262113058306,0.044000025729732,0.0438728524416152));
#241=CARTESIAN_POINT('',(-0.00164782744510626,0.0433333591421632,0.0445179485237491));
#242=CARTESIAN_POINT('',(-0.00184303375962946,0.0426666925545943,0.0451630446058829));
#243=CARTESIAN_POINT('',(-0.00203824007415267,0.0420000259670255,0.0458081406880167));
#244=CARTESIAN_POINT('',(-0.00204704140636964,0.0440000319864693,0.0437408807505653));
#245=CARTESIAN_POINT('',(-0.00214317767492633,0.0433333653595022,0.0444079721145374));
#246=CARTESIAN_POINT('',(-0.00223931394348303,0.0426666987325351,0.0450750634785095));
#247=CARTESIAN_POINT('',(-0.00233545021203972,0.042000032105568,0.0457421548424816));
#248=CARTESIAN_POINT('',(-0.00323548219777393,0.0440000441477531,0.0437460635370971));
#249=CARTESIAN_POINT('',(-0.00313354500109581,0.0433333774419224,0.0444122911033139));
#250=CARTESIAN_POINT('',(-0.00303160780441769,0.0426667107360917,0.0450785186695307));
#251=CARTESIAN_POINT('',(-0.00292967060773957,0.042000044030261,0.0457447462357475));
#252=CARTESIAN_POINT('',(-0.00382872866547512,0.0440000500443788,0.0438832145630676));
#253=CARTESIAN_POINT('',(-0.00362791705751471,0.0433333832991342,0.0445265836249525));
#254=CARTESIAN_POINT('',(-0.00342710544955429,0.0426667165538896,0.0451699526868374));
#255=CARTESIAN_POINT('',(-0.00322629384159387,0.0420000498086449,0.0458133217487223));
#256=CARTESIAN_POINT('',(-0.00489875925020319,0.0440000603314008,0.0444001384325249));
#257=CARTESIAN_POINT('',(-0.00451960921145411,0.0433333935149722,0.0449573535161669));
#258=CARTESIAN_POINT('',(-0.00414045917270503,0.0426667266985436,0.0455145685998089));
#259=CARTESIAN_POINT('',(-0.00376130913395595,0.0420000598821149,0.0460717836834509));
#260=CARTESIAN_POINT('',(-0.00537486707089682,0.0440000647153627,0.044779532501112));
#261=CARTESIAN_POINT('',(-0.00491636572870068,0.043333397867209,0.0452735152399898));
#262=CARTESIAN_POINT('',(-0.00445786438650453,0.0426667310190553,0.0457674979788676));
#263=CARTESIAN_POINT('',(-0.00399936304430839,0.0420000641709016,0.0462614807177454));
#264=CARTESIAN_POINT('',(-0.00607632813274417,0.0440000707642355,0.0456555828914113));
#265=CARTESIAN_POINT('',(-0.00550091661357308,0.0433334038692304,0.0460035572319059));
#266=CARTESIAN_POINT('',(-0.004925505094402,0.0426667369742252,0.0463515315724005));
#267=CARTESIAN_POINT('',(-0.00435009357523091,0.04200007007922,0.0466995059128951));
#268=CARTESIAN_POINT('',(-0.00632360194918543,0.0440000726772824,0.0461339162671022));
#269=CARTESIAN_POINT('',(-0.00570697812727291,0.0433334057657026,0.0464021683783172));
#270=CARTESIAN_POINT('',(-0.00509035430536038,0.0426667388541228,0.0466704204895322));
#271=CARTESIAN_POINT('',(-0.00447373048344785,0.042000071942543,0.0469386726007472));
#272=CARTESIAN_POINT('',(-0.00657926090296129,0.0440000741408049,0.047026167113604));
#273=CARTESIAN_POINT('',(-0.00592002725541937,0.0433334072119502,0.0471457107504021));
#274=CARTESIAN_POINT('',(-0.00526079360787746,0.0426667402830956,0.0472652543872001));
#275=CARTESIAN_POINT('',(-0.00460155996033554,0.0420000733542409,0.0473847980239982));
#276=CARTESIAN_POINT('',(-0.00663131776508811,0.0440000741549656,0.0474272915143973));
#277=CARTESIAN_POINT('',(-0.00596340797385572,0.0433334072225172,0.0474799810843972));
#278=CARTESIAN_POINT('',(-0.00529549818262333,0.0426667402900688,0.0475326706543971));
#279=CARTESIAN_POINT('',(-0.00462758839139094,0.0420000733576204,0.0475853602243971));
#280=CARTESIAN_POINT('',(-0.006614563829179,0.0440000729489052,0.0482271160610266));
#281=CARTESIAN_POINT('',(-0.00594944636059821,0.0433334060172906,0.0481465015399217));
#282=CARTESIAN_POINT('',(-0.00528432889201742,0.0426667390856761,0.0480658870188167));
#283=CARTESIAN_POINT('',(-0.00461921142343663,0.0420000721540615,0.0479852724977118));
#284=CARTESIAN_POINT('',(-0.00654575528328208,0.0440000717288462,0.0486257086924387));
#285=CARTESIAN_POINT('',(-0.00589210590568156,0.0433334048016591,0.0484786620660975));
#286=CARTESIAN_POINT('',(-0.00523845652808104,0.042666737874472,0.0483316154397564));
#287=CARTESIAN_POINT('',(-0.00458480715048052,0.0420000709472849,0.0481845688134152));
#288=CARTESIAN_POINT('',(-0.00625295699831418,0.0440000675917861,0.0495064709976299));
#289=CARTESIAN_POINT('',(-0.00564810733487524,0.0433334006837223,0.0492126306537569));
#290=CARTESIAN_POINT('',(-0.0050432576714363,0.0426667337756585,0.0489187903098838));
#291=CARTESIAN_POINT('',(-0.00443840800799735,0.0420000668675947,0.0486249499660108));
#292=CARTESIAN_POINT('',(-0.00598586956015637,0.0440000642524221,0.0499740300410626));
#293=CARTESIAN_POINT('',(-0.00542553446974294,0.0433333973619191,0.0496022631899485));
#294=CARTESIAN_POINT('',(-0.00486519937932951,0.0426667304714161,0.0492304963388344));
#295=CARTESIAN_POINT('',(-0.00430486428891608,0.0420000635809131,0.0488587294877202));
#296=CARTESIAN_POINT('',(-0.00524833861731756,0.0440000556069978,0.0508199378441886));
#297=CARTESIAN_POINT('',(-0.00481092535071115,0.0433333887651415,0.0503071863592202));
#298=CARTESIAN_POINT('',(-0.00437351208410474,0.0426667219232851,0.0497944348742517));
#299=CARTESIAN_POINT('',(-0.00393609881749832,0.0420000550814288,0.0492816833892832));
#300=CARTESIAN_POINT('',(-0.00475676105155271,0.04400005010942,0.0511790617924599));
#301=CARTESIAN_POINT('',(-0.00440127737924296,0.0433333833000587,0.0506064563161126));
#302=CARTESIAN_POINT('',(-0.00404579370693321,0.0426667164906974,0.0500338508397654));
#303=CARTESIAN_POINT('',(-0.00369031003462346,0.042000049681336,0.0494612453634182));
#304=CARTESIAN_POINT('',(-0.00366602254496708,0.0440000383317029,0.0516507240016583));
#305=CARTESIAN_POINT('',(-0.00349232862375569,0.0433333715945562,0.0509995081571113));
#306=CARTESIAN_POINT('',(-0.0033186347025443,0.0426667048574096,0.0503482923125644));
#307=CARTESIAN_POINT('',(-0.00314494078133291,0.0420000381202629,0.0496970764680174));
#308=CARTESIAN_POINT('',(-0.00306755316863338,0.0440000320590972,0.0517629121401456));
#309=CARTESIAN_POINT('',(-0.00299360414347947,0.0433333653616244,0.051092998272521));
#310=CARTESIAN_POINT('',(-0.00291965511832556,0.0426666986641515,0.0504230844048964));
#311=CARTESIAN_POINT('',(-0.00284570609317165,0.0420000319666787,0.0497531705372718));
#312=CARTESIAN_POINT('',(-0.00187993781175559,0.0440000199572335,0.0517183236490883));
#313=CARTESIAN_POINT('',(-0.00200392467941542,0.0433333533385832,0.0510558411966399));
#314=CARTESIAN_POINT('',(-0.00212791154707526,0.0426666867199329,0.0503933587441916));
#315=CARTESIAN_POINT('',(-0.00225189841473509,0.0420000201012826,0.0497308762917432));
#316=CARTESIAN_POINT('',(-0.00129156534470869,0.0440000141358579,0.0515615759841121));
#317=CARTESIAN_POINT('',(-0.00151361429020822,0.0433333475563049,0.0509252181424964));
#318=CARTESIAN_POINT('',(-0.00173566323570776,0.0426666809767519,0.0502888603008807));
#319=CARTESIAN_POINT('',(-0.00195771218120729,0.0420000143971989,0.049652502459265));
#320=CARTESIAN_POINT('',(-0.000239173870508771,0.0440000040750237,0.0510094066687249));
#321=CARTESIAN_POINT('',(-0.000636621395042268,0.0433333375654965,0.0504650770463404));
#322=CARTESIAN_POINT('',(-0.00103406891957576,0.0426666710559692,0.0499207474239559));
#323=CARTESIAN_POINT('',(-0.00143151644410926,0.042000004546442,0.0493764178015714));
#324=CARTESIAN_POINT('',(0.000224159698596628,0.043999999842118,0.0506143446536687));
#325=CARTESIAN_POINT('',(-0.000250510087452705,0.0433333333634736,0.0501358587004596));
#326=CARTESIAN_POINT('',(-0.000725179873502038,0.0426666668848292,0.0496573727472506));
#327=CARTESIAN_POINT('',(-0.00119984965955137,0.0420000004061848,0.0491788867940414));
#328=CARTESIAN_POINT('',(0.000935736619009173,0.0439999937877547,0.049662463852072));
#329=CARTESIAN_POINT('',(0.000342470679557358,0.0433333273566594,0.049342624699129));
#330=CARTESIAN_POINT('',(-0.000250795259894457,0.0426666609255641,0.0490227855461861));
#331=CARTESIAN_POINT('',(-0.000844061199346272,0.0419999944944688,0.0487029463932431));
#332=CARTESIAN_POINT('',(0.00118351650944561,0.0439999919702404,0.0491062650388682));
#333=CARTESIAN_POINT('',(0.000548953921585822,0.0433333255557804,0.0488791256881234));
#334=CARTESIAN_POINT('',(-8.56086662739668E-05,0.0426666591413204,0.0486519863373787));
#335=CARTESIAN_POINT('',(-0.000720171254133756,0.0419999927268604,0.0484248469866339));
#336=CARTESIAN_POINT('',(0.00135586652537844,0.043999991326851,0.0482394000888725));
#337=CARTESIAN_POINT('',(0.000692578934863143,0.0433333249241288,0.0481567382297937));
#338=CARTESIAN_POINT('',(2.92913443478507E-05,0.0426666585214067,0.0480740763707149));
#339=CARTESIAN_POINT('',(-0.000633996246167442,0.0419999921186845,0.047991414511636));
#340=CARTESIAN_POINT('',(0.0013813697226777,0.0439999914410803,0.0479492069891511));
#341=CARTESIAN_POINT('',(0.00071383159927718,0.0433333250401513,0.0479149106466921));
#342=CARTESIAN_POINT('',(4.62934758766554E-05,0.0426666586392223,0.0478806143042331));
#343=CARTESIAN_POINT('',(-0.000621244647523869,0.0419999922382933,0.0478463179617741));
#344=CARTESIAN_POINT('',(0.00137530467063206,0.0439999918776833,0.0476596644285847));
#345=CARTESIAN_POINT('',(0.000708777389239174,0.0433333254764525,0.0476736251795534));
#346=CARTESIAN_POINT('',(4.22501078462853E-05,0.0426666590752216,0.0476875859305222));
#347=CARTESIAN_POINT('',(-0.000624277173546603,0.0419999926739908,0.0477015466814909));
#348=EDGE_LOOP('',(#1659,#1660,#1661,#1662));
#349=CARTESIAN_POINT('',(0.0197753046696676,0.0439998034871724,0.0476596644284456));
#350=CARTESIAN_POINT('',(0.0191087773882747,0.0433331370859415,0.0476736251794143));
#351=CARTESIAN_POINT('',(0.0184422501068819,0.0426664706847107,0.0476875859303831));
#352=CARTESIAN_POINT('',(0.017775722825489,0.0419998042834798,0.0477015466813518));
#353=CARTESIAN_POINT('',(0.0197692396176615,0.0439998039237754,0.047370121869766));
#354=CARTESIAN_POINT('',(0.0191037231782697,0.0433331375222427,0.047432339713848));
#355=CARTESIAN_POINT('',(0.0184382067388778,0.04266647112071,0.04749455755793));
#356=CARTESIAN_POINT('',(0.017772690299486,0.0419998047191773,0.047556775402012));
#357=CARTESIAN_POINT('',(0.0197316067657138,0.0439998046827198,0.0470812512836323));
#358=CARTESIAN_POINT('',(0.0190723624683113,0.0433331382787903,0.0471916142254037));
#359=CARTESIAN_POINT('',(0.0184131181709088,0.0426664718748607,0.0473019771671752));
#360=CARTESIAN_POINT('',(0.0177538738735063,0.0419998054709312,0.0474123401089466));
#361=CARTESIAN_POINT('',(0.0195231073956681,0.0439998079283819,0.0462223639945306));
#362=CARTESIAN_POINT('',(0.0188986129932734,0.0433331415109153,0.046475874817819));
#363=CARTESIAN_POINT('',(0.0182741185908788,0.0426664750934487,0.0467293856411074));
#364=CARTESIAN_POINT('',(0.0176496241884841,0.0419998086759821,0.0469828964643958));
#365=CARTESIAN_POINT('',(0.0192522536635324,0.0439998114069058,0.0456770290083887));
#366=CARTESIAN_POINT('',(0.0186729015498255,0.0433331449716555,0.0460214289960366));
#367=CARTESIAN_POINT('',(0.0180935494361186,0.0426664785364053,0.0463658289836845));
#368=CARTESIAN_POINT('',(0.0175141973224118,0.041999812101155,0.0467102289713324));
#369=CARTESIAN_POINT('',(0.0185014402906407,0.0439998202857718,0.044755780916787));
#370=CARTESIAN_POINT('',(0.018047223739083,0.0433331538010196,0.0452537222530352));
#371=CARTESIAN_POINT('',(0.0175930071875254,0.0426664873162674,0.0457516635892833));
#372=CARTESIAN_POINT('',(0.0171387906359677,0.0419998208315153,0.0462496049255315));
#373=CARTESIAN_POINT('',(0.0180219696656516,0.0439998256803309,0.0443804678334102));
#374=CARTESIAN_POINT('',(0.0176476648849278,0.0433331591638927,0.0449409613502217));
#375=CARTESIAN_POINT('',(0.017273360104204,0.0426664926474546,0.0455014548670332));
#376=CARTESIAN_POINT('',(0.0168990553234802,0.0419998261310164,0.0460619483838447));
#377=CARTESIAN_POINT('',(0.0169473788684605,0.043999837339221,0.0438728524414778));
#378=CARTESIAN_POINT('',(0.016752172553936,0.0433331707516522,0.0445179485236114));
#379=CARTESIAN_POINT('',(0.0165569662394114,0.0426665041640834,0.0451630446057449));
#380=CARTESIAN_POINT('',(0.0163617599248869,0.0419998375765146,0.0458081406878785));
#381=CARTESIAN_POINT('',(0.0163529585926691,0.0439998435959584,0.043740880750426));
#382=CARTESIAN_POINT('',(0.0162568223241119,0.0433331769689913,0.0444079721143981));
#383=CARTESIAN_POINT('',(0.0161606860555547,0.0426665103420242,0.0450750634783703));
#384=CARTESIAN_POINT('',(0.0160645497869974,0.0419998437150571,0.0457421548423424));
#385=CARTESIAN_POINT('',(0.0151645178012632,0.0439998557572422,0.0437460635369582));
#386=CARTESIAN_POINT('',(0.0152664549979411,0.0433331890514115,0.044412291103175));
#387=CARTESIAN_POINT('',(0.0153683921946189,0.0426665223455808,0.0450785186693918));
#388=CARTESIAN_POINT('',(0.0154703293912968,0.0419998556397501,0.0457447462356085));
#389=CARTESIAN_POINT('',(0.0145712713335652,0.0439998616538679,0.0438832145629275));
#390=CARTESIAN_POINT('',(0.0147720829415248,0.0433331949086233,0.0445265836248126));
#391=CARTESIAN_POINT('',(0.0149728945494845,0.0426665281633786,0.0451699526866976));
#392=CARTESIAN_POINT('',(0.0151737061574441,0.041999861418134,0.0458133217485827));
#393=CARTESIAN_POINT('',(0.0135012407488378,0.0439998719408899,0.0444001384323819));
#394=CARTESIAN_POINT('',(0.013880390787586,0.0433332051244613,0.0449573535160245));
#395=CARTESIAN_POINT('',(0.0142595408263342,0.0426665383080326,0.0455145685996672));
#396=CARTESIAN_POINT('',(0.0146386908650823,0.041999871491604,0.0460717836833098));
#397=CARTESIAN_POINT('',(0.0130251329281425,0.0439998763248518,0.0447795325009692));
#398=CARTESIAN_POINT('',(0.013483634270338,0.0433332094766981,0.0452735152398476));
#399=CARTESIAN_POINT('',(0.0139421356125335,0.0426665426285444,0.045767497978726));
#400=CARTESIAN_POINT('',(0.0144006369547291,0.0419998757803907,0.0462614807176044));
#401=CARTESIAN_POINT('',(0.0123236718662927,0.0439998823737246,0.0456555828912698));
#402=CARTESIAN_POINT('',(0.0128990833854635,0.0433332154787194,0.0460035572317648));
#403=CARTESIAN_POINT('',(0.0134744949046344,0.0426665485837143,0.0463515315722598));
#404=CARTESIAN_POINT('',(0.0140499064238053,0.0419998816887091,0.0466995059127548));
#405=CARTESIAN_POINT('',(0.0120763980498505,0.0439998842867715,0.0461339162669618));
#406=CARTESIAN_POINT('',(0.012693021871763,0.0433332173751917,0.046402168378177));
#407=CARTESIAN_POINT('',(0.0133096456936754,0.0426665504636118,0.0466704204893923));
#408=CARTESIAN_POINT('',(0.0139262695155879,0.041999883552032,0.0469386726006075));
#409=CARTESIAN_POINT('',(0.0118207390960743,0.043999885750294,0.047026167113465));
#410=CARTESIAN_POINT('',(0.0124799727436162,0.0433332188214393,0.047145710750263));
#411=CARTESIAN_POINT('',(0.0131392063911581,0.0426665518925846,0.0472652543870611));
#412=CARTESIAN_POINT('',(0.0137984400387,0.04199988496373,0.0473847980238591));
#413=CARTESIAN_POINT('',(0.0117686822339475,0.0439998857644547,0.0474272915142582));
#414=CARTESIAN_POINT('',(0.0124365920251799,0.0433332188320063,0.0474799810842581));
#415=CARTESIAN_POINT('',(0.0131045018164122,0.0426665518995579,0.047532670654258));
#416=CARTESIAN_POINT('',(0.0137724116076446,0.0419998849671095,0.047585360224258));
#417=CARTESIAN_POINT('',(0.0117854361698566,0.0439998845583943,0.0482271160608875));
#418=CARTESIAN_POINT('',(0.0124505536384374,0.0433332176267797,0.0481465015397826));
#419=CARTESIAN_POINT('',(0.0131156711070182,0.0426665506951651,0.0480658870186776));
#420=CARTESIAN_POINT('',(0.0137807885755989,0.0419998837635506,0.0479852724975727));
#421=CARTESIAN_POINT('',(0.0118542447157535,0.0439998833383353,0.0486257086922996));
#422=CARTESIAN_POINT('',(0.012507894093354,0.0433332164111482,0.0484786620659584));
#423=CARTESIAN_POINT('',(0.0131615434709545,0.0426665494839611,0.0483316154396172));
#424=CARTESIAN_POINT('',(0.013815192848555,0.041999882556774,0.0481845688132761));
#425=CARTESIAN_POINT('',(0.012147043000717,0.0439998792012752,0.0495064709974776));
#426=CARTESIAN_POINT('',(0.0127518926641567,0.0433332122932114,0.0492126306536068));
#427=CARTESIAN_POINT('',(0.0133567423275964,0.0426665453851476,0.0489187903097359));
#428=CARTESIAN_POINT('',(0.013961591991036,0.0419998784770838,0.0486249499658651));
#429=CARTESIAN_POINT('',(0.0124141304388651,0.0439998758619112,0.0499740300408991));
#430=CARTESIAN_POINT('',(0.0129744655292809,0.0433332089714082,0.049602263189789));
#431=CARTESIAN_POINT('',(0.0135348006196967,0.0426665420809052,0.049230496338679));
#432=CARTESIAN_POINT('',(0.0140951357101125,0.0419998751904021,0.0488587294875689));
#433=CARTESIAN_POINT('',(0.013151661381678,0.0439998672164869,0.050819937844013));
#434=CARTESIAN_POINT('',(0.0135890746482911,0.0433332003746306,0.0503071863590506));
#435=CARTESIAN_POINT('',(0.0140264879149042,0.0426665335327742,0.0497944348740883));
#436=CARTESIAN_POINT('',(0.0144639011815172,0.0419998666909179,0.0492816833891259));
#437=CARTESIAN_POINT('',(0.0136432389474268,0.0439998617189091,0.0511790617922838));
#438=CARTESIAN_POINT('',(0.0139987226197459,0.0433331949095478,0.0506064563159427));
#439=CARTESIAN_POINT('',(0.014354206292065,0.0426665281001864,0.0500338508396017));
#440=CARTESIAN_POINT('',(0.0147096899643841,0.0419998612908251,0.0494612453632606));
#441=CARTESIAN_POINT('',(0.014733977453991,0.043999849941192,0.0516507240014984));
#442=CARTESIAN_POINT('',(0.0149076713752153,0.0433331832040453,0.0509995081569549));
#443=CARTESIAN_POINT('',(0.0150813652964396,0.0426665164668986,0.0503482923124114));
#444=CARTESIAN_POINT('',(0.0152550592176639,0.041999849729752,0.0496970764678679));
#445=CARTESIAN_POINT('',(0.0153324468303215,0.0439998436685863,0.0517629121399975));
#446=CARTESIAN_POINT('',(0.0154063958554889,0.0433331769711134,0.0510929982723744));
#447=CARTESIAN_POINT('',(0.0154803448806562,0.0426665102736406,0.0504230844047513));
#448=CARTESIAN_POINT('',(0.0155542939058236,0.0419998435761678,0.0497531705371282));
#449=CARTESIAN_POINT('',(0.0165200621871999,0.0439998315667226,0.0517183236489643));
#450=CARTESIAN_POINT('',(0.0163960753195535,0.0433331649480723,0.0510558411965134));
#451=CARTESIAN_POINT('',(0.016272088451907,0.042666498329422,0.0503933587440625));
#452=CARTESIAN_POINT('',(0.0161481015842605,0.0419998317107717,0.0497308762916116));
#453=CARTESIAN_POINT('',(0.0171084346542506,0.043999825745347,0.0515615759839997));
#454=CARTESIAN_POINT('',(0.0168863857087638,0.043333159165794,0.0509252181423795));
#455=CARTESIAN_POINT('',(0.016664336763277,0.042666492586241,0.0502888603007594));
#456=CARTESIAN_POINT('',(0.0164422878177902,0.0419998260066879,0.0496525024591392));
#457=CARTESIAN_POINT('',(0.0181608261284632,0.0439998156845128,0.0510094066686325));
#458=CARTESIAN_POINT('',(0.0177633786039403,0.0433331491749856,0.0504650770462402));
#459=CARTESIAN_POINT('',(0.0173659310794174,0.0426664826654583,0.0499207474238479));
#460=CARTESIAN_POINT('',(0.0169684835548945,0.0419998161559311,0.0493764178014556));
#461=CARTESIAN_POINT('',(0.0186241596975773,0.0439998114516071,0.0506143446535844));
#462=CARTESIAN_POINT('',(0.0181494899115371,0.0433331449729627,0.0501358587003662));
#463=CARTESIAN_POINT('',(0.0176748201254969,0.0426664784943183,0.049657372747148));
#464=CARTESIAN_POINT('',(0.0172001503394567,0.0419998120156739,0.0491788867939297));
#465=CARTESIAN_POINT('',(0.0193357366180088,0.0439998053972438,0.0496624638519997));
#466=CARTESIAN_POINT('',(0.018742470678563,0.0433331389661485,0.0493426246990456));
#467=CARTESIAN_POINT('',(0.0181492047391172,0.0426664725350532,0.0490227855460915));
#468=CARTESIAN_POINT('',(0.0175559387996713,0.0419998061039579,0.0487029463931374));
#469=CARTESIAN_POINT('',(0.0195835165084558,0.0439998035797295,0.0491062650388002));
#470=CARTESIAN_POINT('',(0.0189489539206002,0.0433331371652695,0.0488791256880436));
#471=CARTESIAN_POINT('',(0.0183143913327447,0.0426664707508095,0.0486519863372869));
#472=CARTESIAN_POINT('',(0.0176798287448891,0.0419998043363494,0.0484248469865303));
#473=CARTESIAN_POINT('',(0.0197558665244096,0.04399980293634,0.0482394000887829));
#474=CARTESIAN_POINT('',(0.0190925789338951,0.0433331365336179,0.0481567382296959));
#475=CARTESIAN_POINT('',(0.0184292913433805,0.0426664701308958,0.0480740763706088));
#476=CARTESIAN_POINT('',(0.0177660037528659,0.0419998037281736,0.0479914145115217));
#477=CARTESIAN_POINT('',(0.0197813697217138,0.0439998030505694,0.0479492069890367));
#478=CARTESIAN_POINT('',(0.0191138315983132,0.0433331366496404,0.0479149106465736));
#479=CARTESIAN_POINT('',(0.0184462934749126,0.0426664702487114,0.0478806143041105));
#480=CARTESIAN_POINT('',(0.017778755351512,0.0419998038477824,0.0478463179616473));
#481=CARTESIAN_POINT('',(0.0197753046696676,0.0439998034871724,0.0476596644284456));
#482=CARTESIAN_POINT('',(0.0191087773882747,0.0433331370859415,0.0476736251794143));
#483=CARTESIAN_POINT('',(0.0184422501068819,0.0426664706847107,0.0476875859303831));
#484=CARTESIAN_POINT('',(0.017775722825489,0.0419998042834798,0.0477015466813518));
#485=EDGE_LOOP('',(#1663,#1664,#1665,#1666));
#486=AXIS2_PLACEMENT_3D('',#1667,#1668,#1669);
#487=EDGE_LOOP('',(#1670,#1671,#1672,#1673));
#488=AXIS2_PLACEMENT_3D('',#1674,#1675,#1676);
#489=EDGE_LOOP('',(#1677,#1678,#1679,#1680));
#490=AXIS2_PLACEMENT_3D('',#1681,#1682,#1683);
#491=EDGE_LOOP('',(#1684,#1685,#1686,#1687));
#492=AXIS2_PLACEMENT_3D('',#1688,#1689,#1690);
#493=EDGE_LOOP('',(#1691,#1692,#1693,#1694));
#494=AXIS2_PLACEMENT_3D('',#1695,#1696,#1697);
#495=EDGE_LOOP('',(#1698,#1699,#1700,#1701));
#496=AXIS2_PLACEMENT_3D('',#1702,#1703,#1704);
#497=EDGE_LOOP('',(#1705,#1706,#1707,#1708));
#498=AXIS2_PLACEMENT_3D('',#1709,#1710,#1711);
#499=EDGE_LOOP('',(#1712,#1713,#1714,#1715));
#500=AXIS2_PLACEMENT_3D('',#1716,#1717,#1718);
#501=EDGE_LOOP('',(#1719,#1720,#1721,#1722));
#502=AXIS2_PLACEMENT_3D('',#1723,#1724,#1725);
#503=EDGE_LOOP('',(#1726,#1727,#1728,#1729));
#504=AXIS2_PLACEMENT_3D('',#1730,#1731,#1732);
#505=EDGE_LOOP('',(#1733,#1734,#1735,#1736));
#506=AXIS2_PLACEMENT_3D('',#1737,#1738,#1739);
#507=EDGE_LOOP('',(#1740,#1741,#1742,#1743));
#508=AXIS2_PLACEMENT_3D('',#1744,#1745,#1746);
#509=EDGE_LOOP('',(#1747,#1748,#1749,#1750));
#510=AXIS2_PLACEMENT_3D('',#1751,#1752,#1753);
#511=EDGE_LOOP('',(#1754,#1755,#1756,#1757));
#512=AXIS2_PLACEMENT_3D('',#1758,#1759,#1760);
#513=EDGE_LOOP('',(#1761,#1762,#1763,#1764));
#514=AXIS2_PLACEMENT_3D('',#1765,#1766,#1767);
#515=EDGE_LOOP('',(#1768,#1769,#1770,#1771));
#516=CARTESIAN_POINT('',(0.0197753046696676,0.0439998034871724,0.0476596644284456));
#517=CARTESIAN_POINT('',(0.0191087773882747,0.0433331370859415,0.0476736251794143));
#518=CARTESIAN_POINT('',(0.0184422501068819,0.0426664706847107,0.0476875859303831));
#519=CARTESIAN_POINT('',(0.017775722825489,0.0419998042834798,0.0477015466813518));
#520=CARTESIAN_POINT('',(0.0197692396176615,0.0439998039237754,0.047370121869766));
#521=CARTESIAN_POINT('',(0.0191037231782697,0.0433331375222427,0.047432339713848));
#522=CARTESIAN_POINT('',(0.0184382067388778,0.04266647112071,0.04749455755793));
#523=CARTESIAN_POINT('',(0.017772690299486,0.0419998047191773,0.047556775402012));
#524=CARTESIAN_POINT('',(0.0197316067657138,0.0439998046827198,0.0470812512836323));
#525=CARTESIAN_POINT('',(0.0190723624683113,0.0433331382787903,0.0471916142254037));
#526=CARTESIAN_POINT('',(0.0184131181709088,0.0426664718748607,0.0473019771671752));
#527=CARTESIAN_POINT('',(0.0177538738735063,0.0419998054709312,0.0474123401089466));
#528=CARTESIAN_POINT('',(0.0195231073956681,0.0439998079283819,0.0462223639945306));
#529=CARTESIAN_POINT('',(0.0188986129932734,0.0433331415109153,0.046475874817819));
#530=CARTESIAN_POINT('',(0.0182741185908788,0.0426664750934487,0.0467293856411074));
#531=CARTESIAN_POINT('',(0.0176496241884841,0.0419998086759821,0.0469828964643958));
#532=CARTESIAN_POINT('',(0.0192522536635324,0.0439998114069058,0.0456770290083887));
#533=CARTESIAN_POINT('',(0.0186729015498255,0.0433331449716555,0.0460214289960366));
#534=CARTESIAN_POINT('',(0.0180935494361186,0.0426664785364053,0.0463658289836845));
#535=CARTESIAN_POINT('',(0.0175141973224118,0.041999812101155,0.0467102289713324));
#536=CARTESIAN_POINT('',(0.0185014402906407,0.0439998202857718,0.044755780916787));
#537=CARTESIAN_POINT('',(0.018047223739083,0.0433331538010196,0.0452537222530352));
#538=CARTESIAN_POINT('',(0.0175930071875254,0.0426664873162674,0.0457516635892833));
#539=CARTESIAN_POINT('',(0.0171387906359677,0.0419998208315153,0.0462496049255315));
#540=CARTESIAN_POINT('',(0.0180219696656516,0.0439998256803309,0.0443804678334102));
#541=CARTESIAN_POINT('',(0.0176476648849278,0.0433331591638927,0.0449409613502217));
#542=CARTESIAN_POINT('',(0.017273360104204,0.0426664926474546,0.0455014548670332));
#543=CARTESIAN_POINT('',(0.0168990553234802,0.0419998261310164,0.0460619483838447));
#544=CARTESIAN_POINT('',(0.0169473788684605,0.043999837339221,0.0438728524414778));
#545=CARTESIAN_POINT('',(0.016752172553936,0.0433331707516522,0.0445179485236114));
#546=CARTESIAN_POINT('',(0.0165569662394114,0.0426665041640834,0.0451630446057449));
#547=CARTESIAN_POINT('',(0.0163617599248869,0.0419998375765146,0.0458081406878785));
#548=CARTESIAN_POINT('',(0.0163529585926691,0.0439998435959584,0.043740880750426));
#549=CARTESIAN_POINT('',(0.0162568223241119,0.0433331769689913,0.0444079721143981));
#550=CARTESIAN_POINT('',(0.0161606860555547,0.0426665103420242,0.0450750634783703));
#551=CARTESIAN_POINT('',(0.0160645497869974,0.0419998437150571,0.0457421548423424));
#552=CARTESIAN_POINT('',(0.0151645178012632,0.0439998557572422,0.0437460635369582));
#553=CARTESIAN_POINT('',(0.0152664549979411,0.0433331890514115,0.044412291103175));
#554=CARTESIAN_POINT('',(0.0153683921946189,0.0426665223455808,0.0450785186693918));
#555=CARTESIAN_POINT('',(0.0154703293912968,0.0419998556397501,0.0457447462356085));
#556=CARTESIAN_POINT('',(0.0145712713335652,0.0439998616538679,0.0438832145629275));
#557=CARTESIAN_POINT('',(0.0147720829415248,0.0433331949086233,0.0445265836248126));
#558=CARTESIAN_POINT('',(0.0149728945494845,0.0426665281633786,0.0451699526866976));
#559=CARTESIAN_POINT('',(0.0151737061574441,0.041999861418134,0.0458133217485827));
#560=CARTESIAN_POINT('',(0.0135012407488378,0.0439998719408899,0.0444001384323819));
#561=CARTESIAN_POINT('',(0.013880390787586,0.0433332051244613,0.0449573535160245));
#562=CARTESIAN_POINT('',(0.0142595408263342,0.0426665383080326,0.0455145685996672));
#563=CARTESIAN_POINT('',(0.0146386908650823,0.041999871491604,0.0460717836833098));
#564=CARTESIAN_POINT('',(0.0130251329281425,0.0439998763248518,0.0447795325009692));
#565=CARTESIAN_POINT('',(0.013483634270338,0.0433332094766981,0.0452735152398476));
#566=CARTESIAN_POINT('',(0.0139421356125335,0.0426665426285444,0.045767497978726));
#567=CARTESIAN_POINT('',(0.0144006369547291,0.0419998757803907,0.0462614807176044));
#568=CARTESIAN_POINT('',(0.0123236718662927,0.0439998823737246,0.0456555828912698));
#569=CARTESIAN_POINT('',(0.0128990833854635,0.0433332154787194,0.0460035572317648));
#570=CARTESIAN_POINT('',(0.0134744949046344,0.0426665485837143,0.0463515315722598));
#571=CARTESIAN_POINT('',(0.0140499064238053,0.0419998816887091,0.0466995059127548));
#572=CARTESIAN_POINT('',(0.0120763980498505,0.0439998842867715,0.0461339162669618));
#573=CARTESIAN_POINT('',(0.012693021871763,0.0433332173751917,0.046402168378177));
#574=CARTESIAN_POINT('',(0.0133096456936754,0.0426665504636118,0.0466704204893923));
#575=CARTESIAN_POINT('',(0.0139262695155879,0.041999883552032,0.0469386726006075));
#576=CARTESIAN_POINT('',(0.0118207390960743,0.043999885750294,0.047026167113465));
#577=CARTESIAN_POINT('',(0.0124799727436162,0.0433332188214393,0.047145710750263));
#578=CARTESIAN_POINT('',(0.0131392063911581,0.0426665518925846,0.0472652543870611));
#579=CARTESIAN_POINT('',(0.0137984400387,0.04199988496373,0.0473847980238591));
#580=CARTESIAN_POINT('',(0.0117686822339475,0.0439998857644547,0.0474272915142582));
#581=CARTESIAN_POINT('',(0.0124365920251799,0.0433332188320063,0.0474799810842581));
#582=CARTESIAN_POINT('',(0.0131045018164122,0.0426665518995579,0.047532670654258));
#583=CARTESIAN_POINT('',(0.0137724116076446,0.0419998849671095,0.047585360224258));
#584=CARTESIAN_POINT('',(0.0117854361698566,0.0439998845583943,0.0482271160608875));
#585=CARTESIAN_POINT('',(0.0124505536384374,0.0433332176267797,0.0481465015397826));
#586=CARTESIAN_POINT('',(0.0131156711070182,0.0426665506951651,0.0480658870186776));
#587=CARTESIAN_POINT('',(0.0137807885755989,0.0419998837635506,0.0479852724975727));
#588=CARTESIAN_POINT('',(0.0118542447157535,0.0439998833383353,0.0486257086922996));
#589=CARTESIAN_POINT('',(0.012507894093354,0.0433332164111482,0.0484786620659584));
#590=CARTESIAN_POINT('',(0.0131615434709545,0.0426665494839611,0.0483316154396172));
#591=CARTESIAN_POINT('',(0.013815192848555,0.041999882556774,0.0481845688132761));
#592=CARTESIAN_POINT('',(0.012147043000717,0.0439998792012752,0.0495064709974776));
#593=CARTESIAN_POINT('',(0.0127518926641567,0.0433332122932114,0.0492126306536068));
#594=CARTESIAN_POINT('',(0.0133567423275964,0.0426665453851476,0.0489187903097359));
#595=CARTESIAN_POINT('',(0.013961591991036,0.0419998784770838,0.0486249499658651));
#596=CARTESIAN_POINT('',(0.0124141304388651,0.0439998758619112,0.0499740300408991));
#597=CARTESIAN_POINT('',(0.0129744655292809,0.0433332089714082,0.049602263189789));
#598=CARTESIAN_POINT('',(0.0135348006196967,0.0426665420809052,0.049230496338679));
#599=CARTESIAN_POINT('',(0.0140951357101125,0.0419998751904021,0.0488587294875689));
#600=CARTESIAN_POINT('',(0.013151661381678,0.0439998672164869,0.050819937844013));
#601=CARTESIAN_POINT('',(0.0135890746482911,0.0433332003746306,0.0503071863590506));
#602=CARTESIAN_POINT('',(0.0140264879149042,0.0426665335327742,0.0497944348740883));
#603=CARTESIAN_POINT('',(0.0144639011815172,0.0419998666909179,0.0492816833891259));
#604=CARTESIAN_POINT('',(0.0136432389474268,0.0439998617189091,0.0511790617922838));
#605=CARTESIAN_POINT('',(0.0139987226197459,0.0433331949095478,0.0506064563159427));
#606=CARTESIAN_POINT('',(0.014354206292065,0.0426665281001864,0.0500338508396017));
#607=CARTESIAN_POINT('',(0.0147096899643841,0.0419998612908251,0.0494612453632606));
#608=CARTESIAN_POINT('',(0.014733977453991,0.043999849941192,0.0516507240014984));
#609=CARTESIAN_POINT('',(0.0149076713752153,0.0433331832040453,0.0509995081569549));
#610=CARTESIAN_POINT('',(0.0150813652964396,0.0426665164668986,0.0503482923124114));
#611=CARTESIAN_POINT('',(0.0152550592176639,0.041999849729752,0.0496970764678679));
#612=CARTESIAN_POINT('',(0.0153324468303215,0.0439998436685863,0.0517629121399975));
#613=CARTESIAN_POINT('',(0.0154063958554889,0.0433331769711134,0.0510929982723744));
#614=CARTESIAN_POINT('',(0.0154803448806562,0.0426665102736406,0.0504230844047513));
#615=CARTESIAN_POINT('',(0.0155542939058236,0.0419998435761678,0.0497531705371282));
#616=CARTESIAN_POINT('',(0.0165200621871999,0.0439998315667226,0.0517183236489643));
#617=CARTESIAN_POINT('',(0.0163960753195535,0.0433331649480723,0.0510558411965134));
#618=CARTESIAN_POINT('',(0.016272088451907,0.042666498329422,0.0503933587440625));
#619=CARTESIAN_POINT('',(0.0161481015842605,0.0419998317107717,0.0497308762916116));
#620=CARTESIAN_POINT('',(0.0171084346542506,0.043999825745347,0.0515615759839997));
#621=CARTESIAN_POINT('',(0.0168863857087638,0.043333159165794,0.0509252181423795));
#622=CARTESIAN_POINT('',(0.016664336763277,0.042666492586241,0.0502888603007594));
#623=CARTESIAN_POINT('',(0.0164422878177902,0.0419998260066879,0.0496525024591392));
#624=CARTESIAN_POINT('',(0.0181608261284632,0.0439998156845128,0.0510094066686325));
#625=CARTESIAN_POINT('',(0.0177633786039403,0.0433331491749856,0.0504650770462402));
#626=CARTESIAN_POINT('',(0.0173659310794174,0.0426664826654583,0.0499207474238479));
#627=CARTESIAN_POINT('',(0.0169684835548945,0.0419998161559311,0.0493764178014556));
#628=CARTESIAN_POINT('',(0.0186241596975773,0.0439998114516071,0.0506143446535844));
#629=CARTESIAN_POINT('',(0.0181494899115371,0.0433331449729627,0.0501358587003662));
#630=CARTESIAN_POINT('',(0.0176748201254969,0.0426664784943183,0.049657372747148));
#631=CARTESIAN_POINT('',(0.0172001503394567,0.0419998120156739,0.0491788867939297));
#632=CARTESIAN_POINT('',(0.0193357366180088,0.0439998053972438,0.0496624638519997));
#633=CARTESIAN_POINT('',(0.018742470678563,0.0433331389661485,0.0493426246990456));
#634=CARTESIAN_POINT('',(0.0181492047391172,0.0426664725350532,0.0490227855460915));
#635=CARTESIAN_POINT('',(0.0175559387996713,0.0419998061039579,0.0487029463931374));
#636=CARTESIAN_POINT('',(0.0195835165084558,0.0439998035797295,0.0491062650388002));
#637=CARTESIAN_POINT('',(0.0189489539206002,0.0433331371652695,0.0488791256880436));
#638=CARTESIAN_POINT('',(0.0183143913327447,0.0426664707508095,0.0486519863372869));
#639=CARTESIAN_POINT('',(0.0176798287448891,0.0419998043363494,0.0484248469865303));
#640=CARTESIAN_POINT('',(0.0197558665244096,0.04399980293634,0.0482394000887829));
#641=CARTESIAN_POINT('',(0.0190925789338951,0.0433331365336179,0.0481567382296959));
#642=CARTESIAN_POINT('',(0.0184292913433805,0.0426664701308958,0.0480740763706088));
#643=CARTESIAN_POINT('',(0.0177660037528659,0.0419998037281736,0.0479914145115217));
#644=CARTESIAN_POINT('',(0.0197813697217138,0.0439998030505694,0.0479492069890367));
#645=CARTESIAN_POINT('',(0.0191138315983132,0.0433331366496404,0.0479149106465736));
#646=CARTESIAN_POINT('',(0.0184462934749126,0.0426664702487114,0.0478806143041105));
#647=CARTESIAN_POINT('',(0.017778755351512,0.0419998038477824,0.0478463179616473));
#648=CARTESIAN_POINT('',(0.0197753046696676,0.0439998034871724,0.0476596644284456));
#649=CARTESIAN_POINT('',(0.0191087773882747,0.0433331370859415,0.0476736251794143));
#650=CARTESIAN_POINT('',(0.0184422501068819,0.0426664706847107,0.0476875859303831));
#651=CARTESIAN_POINT('',(0.017775722825489,0.0419998042834798,0.0477015466813518));
#652=EDGE_LOOP('',(#1772,#1773));
#653=EDGE_LOOP('',(#1774,#1775,#1776,#1777));
#654=EDGE_LOOP('',(#1778,#1779));
#655=AXIS2_PLACEMENT_3D('',#1780,#1781,#1782);
#656=EDGE_LOOP('',(#1783,#1784,#1785,#1786));
#657=AXIS2_PLACEMENT_3D('',#1787,#1788,#1789);
#658=EDGE_LOOP('',(#1790,#1791));
#659=EDGE_LOOP('',(#1792,#1793));
#660=EDGE_LOOP('',(#1794,#1795,#1796,#1797));
#661=AXIS2_PLACEMENT_3D('',#1798,#1799,#1800);
#662=EDGE_LOOP('',(#1801,#1802,#1803,#1804));
#663=AXIS2_PLACEMENT_3D('',#1805,#1806,#1807);
#664=EDGE_LOOP('',(#1808,#1809,#1810,#1811));
#665=CARTESIAN_POINT('',(0.00137530467063206,0.0439999918776833,0.0476596644285847));
#666=CARTESIAN_POINT('',(0.000708777389239174,0.0433333254764525,0.0476736251795534));
#667=CARTESIAN_POINT('',(4.22501078462853E-05,0.0426666590752216,0.0476875859305222));
#668=CARTESIAN_POINT('',(-0.000624277173546603,0.0419999926739908,0.0477015466814909));
#669=CARTESIAN_POINT('',(0.00136923961862585,0.0439999923142863,0.0473701218699009));
#670=CARTESIAN_POINT('',(0.000703723179234028,0.0433333259127536,0.0474323397139836));
#671=CARTESIAN_POINT('',(3.82067398422037E-05,0.0426666595112209,0.0474945575580663));
#672=CARTESIAN_POINT('',(-0.000627309699549621,0.0419999931096882,0.047556775402149));
#673=CARTESIAN_POINT('',(0.00133160676667718,0.0439999930732308,0.047081251283763));
#674=CARTESIAN_POINT('',(0.000672362469274843,0.0433333266693012,0.0471916142255358));
#675=CARTESIAN_POINT('',(1.31181718725042E-05,0.0426666602653716,0.0473019771673087));
#676=CARTESIAN_POINT('',(-0.000646126125529835,0.0419999938614421,0.0474123401090815));
#677=CARTESIAN_POINT('',(0.00112310739662538,0.0439999963188928,0.0462223639946482));
#678=CARTESIAN_POINT('',(0.000498612994231887,0.0433333299014262,0.0464758748179401));
#679=CARTESIAN_POINT('',(-0.000125881408161607,0.0426666634839596,0.0467293856412321));
#680=CARTESIAN_POINT('',(-0.0007503758105551,0.041999997066493,0.0469828964645241));
#681=CARTESIAN_POINT('',(0.000852253664481037,0.0439999997974167,0.0456770290084985));
#682=CARTESIAN_POINT('',(0.000272901550776806,0.0433333333621664,0.0460214289961513));
#683=CARTESIAN_POINT('',(-0.000306450562927425,0.0426666669269162,0.046365828983804));
#684=CARTESIAN_POINT('',(-0.000885802676631657,0.0420000004916659,0.0467102289714568));
#685=CARTESIAN_POINT('',(0.000101440291579631,0.0440000086762827,0.0447557809169048));
#686=CARTESIAN_POINT('',(-0.000352776259973797,0.0433333421915305,0.0452537222531565));
#687=CARTESIAN_POINT('',(-0.000806992811527225,0.0426666757067784,0.0457516635894082));
#688=CARTESIAN_POINT('',(-0.00126120936308065,0.0420000092220262,0.04624960492566));
#689=CARTESIAN_POINT('',(-0.000378030333403612,0.0440000140708418,0.0443804678335379));
#690=CARTESIAN_POINT('',(-0.000752335114124136,0.0433333475544037,0.0449409613503513));
#691=CARTESIAN_POINT('',(-0.00112663989484466,0.0426666810379655,0.0455014548671647));
#692=CARTESIAN_POINT('',(-0.00150094467556518,0.0420000145215273,0.0460619483839781));
#693=CARTESIAN_POINT('',(-0.00145262113058306,0.044000025729732,0.0438728524416152));
#694=CARTESIAN_POINT('',(-0.00164782744510626,0.0433333591421632,0.0445179485237491));
#695=CARTESIAN_POINT('',(-0.00184303375962946,0.0426666925545943,0.0451630446058829));
#696=CARTESIAN_POINT('',(-0.00203824007415267,0.0420000259670255,0.0458081406880167));
#697=CARTESIAN_POINT('',(-0.00204704140636964,0.0440000319864693,0.0437408807505653));
#698=CARTESIAN_POINT('',(-0.00214317767492633,0.0433333653595022,0.0444079721145374));
#699=CARTESIAN_POINT('',(-0.00223931394348303,0.0426666987325351,0.0450750634785095));
#700=CARTESIAN_POINT('',(-0.00233545021203972,0.042000032105568,0.0457421548424816));
#701=CARTESIAN_POINT('',(-0.00323548219777393,0.0440000441477531,0.0437460635370971));
#702=CARTESIAN_POINT('',(-0.00313354500109581,0.0433333774419224,0.0444122911033139));
#703=CARTESIAN_POINT('',(-0.00303160780441769,0.0426667107360917,0.0450785186695307));
#704=CARTESIAN_POINT('',(-0.00292967060773957,0.042000044030261,0.0457447462357475));
#705=CARTESIAN_POINT('',(-0.00382872866547512,0.0440000500443788,0.0438832145630676));
#706=CARTESIAN_POINT('',(-0.00362791705751471,0.0433333832991342,0.0445265836249525));
#707=CARTESIAN_POINT('',(-0.00342710544955429,0.0426667165538896,0.0451699526868374));
#708=CARTESIAN_POINT('',(-0.00322629384159387,0.0420000498086449,0.0458133217487223));
#709=CARTESIAN_POINT('',(-0.00489875925020319,0.0440000603314008,0.0444001384325249));
#710=CARTESIAN_POINT('',(-0.00451960921145411,0.0433333935149722,0.0449573535161669));
#711=CARTESIAN_POINT('',(-0.00414045917270503,0.0426667266985436,0.0455145685998089));
#712=CARTESIAN_POINT('',(-0.00376130913395595,0.0420000598821149,0.0460717836834509));
#713=CARTESIAN_POINT('',(-0.00537486707089682,0.0440000647153627,0.044779532501112));
#714=CARTESIAN_POINT('',(-0.00491636572870068,0.043333397867209,0.0452735152399898));
#715=CARTESIAN_POINT('',(-0.00445786438650453,0.0426667310190553,0.0457674979788676));
#716=CARTESIAN_POINT('',(-0.00399936304430839,0.0420000641709016,0.0462614807177454));
#717=CARTESIAN_POINT('',(-0.00607632813274417,0.0440000707642355,0.0456555828914113));
#718=CARTESIAN_POINT('',(-0.00550091661357308,0.0433334038692304,0.0460035572319059));
#719=CARTESIAN_POINT('',(-0.004925505094402,0.0426667369742252,0.0463515315724005));
#720=CARTESIAN_POINT('',(-0.00435009357523091,0.04200007007922,0.0466995059128951));
#721=CARTESIAN_POINT('',(-0.00632360194918543,0.0440000726772824,0.0461339162671022));
#722=CARTESIAN_POINT('',(-0.00570697812727291,0.0433334057657026,0.0464021683783172));
#723=CARTESIAN_POINT('',(-0.00509035430536038,0.0426667388541228,0.0466704204895322));
#724=CARTESIAN_POINT('',(-0.00447373048344785,0.042000071942543,0.0469386726007472));
#725=CARTESIAN_POINT('',(-0.00657926090296129,0.0440000741408049,0.047026167113604));
#726=CARTESIAN_POINT('',(-0.00592002725541937,0.0433334072119502,0.0471457107504021));
#727=CARTESIAN_POINT('',(-0.00526079360787746,0.0426667402830956,0.0472652543872001));
#728=CARTESIAN_POINT('',(-0.00460155996033554,0.0420000733542409,0.0473847980239982));
#729=CARTESIAN_POINT('',(-0.00663131776508811,0.0440000741549656,0.0474272915143973));
#730=CARTESIAN_POINT('',(-0.00596340797385572,0.0433334072225172,0.0474799810843972));
#731=CARTESIAN_POINT('',(-0.00529549818262333,0.0426667402900688,0.0475326706543971));
#732=CARTESIAN_POINT('',(-0.00462758839139094,0.0420000733576204,0.0475853602243971));
#733=CARTESIAN_POINT('',(-0.006614563829179,0.0440000729489052,0.0482271160610266));
#734=CARTESIAN_POINT('',(-0.00594944636059821,0.0433334060172906,0.0481465015399217));
#735=CARTESIAN_POINT('',(-0.00528432889201742,0.0426667390856761,0.0480658870188167));
#736=CARTESIAN_POINT('',(-0.00461921142343663,0.0420000721540615,0.0479852724977118));
#737=CARTESIAN_POINT('',(-0.00654575528328208,0.0440000717288462,0.0486257086924387));
#738=CARTESIAN_POINT('',(-0.00589210590568156,0.0433334048016591,0.0484786620660975));
#739=CARTESIAN_POINT('',(-0.00523845652808104,0.042666737874472,0.0483316154397564));
#740=CARTESIAN_POINT('',(-0.00458480715048052,0.0420000709472849,0.0481845688134152));
#741=CARTESIAN_POINT('',(-0.00625295699831418,0.0440000675917861,0.0495064709976299));
#742=CARTESIAN_POINT('',(-0.00564810733487524,0.0433334006837223,0.0492126306537569));
#743=CARTESIAN_POINT('',(-0.0050432576714363,0.0426667337756585,0.0489187903098838));
#744=CARTESIAN_POINT('',(-0.00443840800799735,0.0420000668675947,0.0486249499660108));
#745=CARTESIAN_POINT('',(-0.00598586956015637,0.0440000642524221,0.0499740300410626));
#746=CARTESIAN_POINT('',(-0.00542553446974294,0.0433333973619191,0.0496022631899485));
#747=CARTESIAN_POINT('',(-0.00486519937932951,0.0426667304714161,0.0492304963388344));
#748=CARTESIAN_POINT('',(-0.00430486428891608,0.0420000635809131,0.0488587294877202));
#749=CARTESIAN_POINT('',(-0.00524833861731756,0.0440000556069978,0.0508199378441886));
#750=CARTESIAN_POINT('',(-0.00481092535071115,0.0433333887651415,0.0503071863592202));
#751=CARTESIAN_POINT('',(-0.00437351208410474,0.0426667219232851,0.0497944348742517));
#752=CARTESIAN_POINT('',(-0.00393609881749832,0.0420000550814288,0.0492816833892832));
#753=CARTESIAN_POINT('',(-0.00475676105155271,0.04400005010942,0.0511790617924599));
#754=CARTESIAN_POINT('',(-0.00440127737924296,0.0433333833000587,0.0506064563161126));
#755=CARTESIAN_POINT('',(-0.00404579370693321,0.0426667164906974,0.0500338508397654));
#756=CARTESIAN_POINT('',(-0.00369031003462346,0.042000049681336,0.0494612453634182));
#757=CARTESIAN_POINT('',(-0.00366602254496708,0.0440000383317029,0.0516507240016583));
#758=CARTESIAN_POINT('',(-0.00349232862375569,0.0433333715945562,0.0509995081571113));
#759=CARTESIAN_POINT('',(-0.0033186347025443,0.0426667048574096,0.0503482923125644));
#760=CARTESIAN_POINT('',(-0.00314494078133291,0.0420000381202629,0.0496970764680174));
#761=CARTESIAN_POINT('',(-0.00306755316863338,0.0440000320590972,0.0517629121401456));
#762=CARTESIAN_POINT('',(-0.00299360414347947,0.0433333653616244,0.051092998272521));
#763=CARTESIAN_POINT('',(-0.00291965511832556,0.0426666986641515,0.0504230844048964));
#764=CARTESIAN_POINT('',(-0.00284570609317165,0.0420000319666787,0.0497531705372718));
#765=CARTESIAN_POINT('',(-0.00187993781175559,0.0440000199572335,0.0517183236490883));
#766=CARTESIAN_POINT('',(-0.00200392467941542,0.0433333533385832,0.0510558411966399));
#767=CARTESIAN_POINT('',(-0.00212791154707526,0.0426666867199329,0.0503933587441916));
#768=CARTESIAN_POINT('',(-0.00225189841473509,0.0420000201012826,0.0497308762917432));
#769=CARTESIAN_POINT('',(-0.00129156534470869,0.0440000141358579,0.0515615759841121));
#770=CARTESIAN_POINT('',(-0.00151361429020822,0.0433333475563049,0.0509252181424964));
#771=CARTESIAN_POINT('',(-0.00173566323570776,0.0426666809767519,0.0502888603008807));
#772=CARTESIAN_POINT('',(-0.00195771218120729,0.0420000143971989,0.049652502459265));
#773=CARTESIAN_POINT('',(-0.000239173870508771,0.0440000040750237,0.0510094066687249));
#774=CARTESIAN_POINT('',(-0.000636621395042268,0.0433333375654965,0.0504650770463404));
#775=CARTESIAN_POINT('',(-0.00103406891957576,0.0426666710559692,0.0499207474239559));
#776=CARTESIAN_POINT('',(-0.00143151644410926,0.042000004546442,0.0493764178015714));
#777=CARTESIAN_POINT('',(0.000224159698596628,0.043999999842118,0.0506143446536687));
#778=CARTESIAN_POINT('',(-0.000250510087452705,0.0433333333634736,0.0501358587004596));
#779=CARTESIAN_POINT('',(-0.000725179873502038,0.0426666668848292,0.0496573727472506));
#780=CARTESIAN_POINT('',(-0.00119984965955137,0.0420000004061848,0.0491788867940414));
#781=CARTESIAN_POINT('',(0.000935736619009173,0.0439999937877547,0.049662463852072));
#782=CARTESIAN_POINT('',(0.000342470679557358,0.0433333273566594,0.049342624699129));
#783=CARTESIAN_POINT('',(-0.000250795259894457,0.0426666609255641,0.0490227855461861));
#784=CARTESIAN_POINT('',(-0.000844061199346272,0.0419999944944688,0.0487029463932431));
#785=CARTESIAN_POINT('',(0.00118351650944561,0.0439999919702404,0.0491062650388682));
#786=CARTESIAN_POINT('',(0.000548953921585822,0.0433333255557804,0.0488791256881234));
#787=CARTESIAN_POINT('',(-8.56086662739668E-05,0.0426666591413204,0.0486519863373787));
#788=CARTESIAN_POINT('',(-0.000720171254133756,0.0419999927268604,0.0484248469866339));
#789=CARTESIAN_POINT('',(0.00135586652537844,0.043999991326851,0.0482394000888725));
#790=CARTESIAN_POINT('',(0.000692578934863143,0.0433333249241288,0.0481567382297937));
#791=CARTESIAN_POINT('',(2.92913443478507E-05,0.0426666585214067,0.0480740763707149));
#792=CARTESIAN_POINT('',(-0.000633996246167442,0.0419999921186845,0.047991414511636));
#793=CARTESIAN_POINT('',(0.0013813697226777,0.0439999914410803,0.0479492069891511));
#794=CARTESIAN_POINT('',(0.00071383159927718,0.0433333250401513,0.0479149106466921));
#795=CARTESIAN_POINT('',(4.62934758766554E-05,0.0426666586392223,0.0478806143042331));
#796=CARTESIAN_POINT('',(-0.000621244647523869,0.0419999922382933,0.0478463179617741));
#797=CARTESIAN_POINT('',(0.00137530467063206,0.0439999918776833,0.0476596644285847));
#798=CARTESIAN_POINT('',(0.000708777389239174,0.0433333254764525,0.0476736251795534));
#799=CARTESIAN_POINT('',(4.22501078462853E-05,0.0426666590752216,0.0476875859305222));
#800=CARTESIAN_POINT('',(-0.000624277173546603,0.0419999926739908,0.0477015466814909));
#801=EDGE_LOOP('',(#1812,#1813,#1814,#1815));
#802=AXIS2_PLACEMENT_3D('',#1816,#1817,#1818);
#803=EDGE_LOOP('',(#1819,#1820,#1821,#1822));
#804=AXIS2_PLACEMENT_3D('',#1823,#1824,#1825);
#805=EDGE_LOOP('',(#1826,#1827,#1828));
#806=EDGE_LOOP('',(#1829,#1830,#1831,#1832,#1833,#1834,#1835,#1836,#1837,#1838,#1839,#1840,#1841,#1842,#1843,#1844,#1845,#1846,#1847,#1848,#1849));
#807=AXIS2_PLACEMENT_3D('',#1850,#1851,#1852);
#808=EDGE_LOOP('',(#1853,#1854,#1855,#1856,#1857,#1858,#1859));
#809=AXIS2_PLACEMENT_3D('',#1860,#1861,#1862);
#810=EDGE_LOOP('',(#1863,#1864,#1865,#1866));
#811=AXIS2_PLACEMENT_3D('',#1867,#1868,#1869);
#812=EDGE_LOOP('',(#1870,#1871,#1872,#1873));
#813=AXIS2_PLACEMENT_3D('',#1874,#1875,#1876);
#814=EDGE_LOOP('',(#1877,#1878,#1879,#1880,#1881,#1882,#1883,#1884,#1885,#1886,#1887,#1888,#1889,#1890,#1891,#1892,#1893,#1894,#1895,#1896,#1897,#1898,#1899));
#815=AXIS2_PLACEMENT_3D('',#1900,#1901,#1902);
#816=EDGE_LOOP('',(#1903,#1904,#1905,#1906));
#817=AXIS2_PLACEMENT_3D('',#1907,#1908,#1909);
#818=EDGE_LOOP('',(#1910,#1911,#1912,#1913));
#819=AXIS2_PLACEMENT_3D('',#1914,#1915,#1916);
#820=EDGE_LOOP('',(#1917,#1918,#1919,#1920));
#821=AXIS2_PLACEMENT_3D('',#1921,#1922,#1923);
#822=EDGE_LOOP('',(#1924,#1925,#1926,#1927));
#823=AXIS2_PLACEMENT_3D('',#1928,#1929,#1930);
#824=EDGE_LOOP('',(#1931,#1932,#1933,#1934));
#825=AXIS2_PLACEMENT_3D('',#1935,#1936,#1937);
#826=EDGE_LOOP('',(#1938,#1939,#1940,#1941,#1942,#1943,#1944));
#827=AXIS2_PLACEMENT_3D('',#1945,#1946,#1947);
#828=EDGE_LOOP('',(#1948,#1949,#1950,#1951));
#829=CARTESIAN_POINT('',(0.00882467635991901,0.0444605265871197,0.0688093956098736));
#830=CARTESIAN_POINT('',(0.00882466858557673,0.044469621091076,0.0688330767383118));
#831=CARTESIAN_POINT('',(0.00882466065211357,0.0444769702165389,0.068857628359132));
#832=CARTESIAN_POINT('',(0.00882463648549108,0.0444934508065933,0.068933596268763));
#833=CARTESIAN_POINT('',(0.00882462033889203,0.0444964499379362,0.068985953531879));
#834=CARTESIAN_POINT('',(0.00882459521916984,0.0444881710573296,0.0690699927791095));
#835=CARTESIAN_POINT('',(0.00882458578886612,0.0444817873925,0.069102196593721));
#836=CARTESIAN_POINT('',(0.00882456793647561,0.0444629472148455,0.0691645105409226));
#837=CARTESIAN_POINT('',(0.00882455956076108,0.0444506047288431,0.0691944458099158));
#838=CARTESIAN_POINT('',(0.00882454196762537,0.0444163326273925,0.0692589918353058));
#839=CARTESIAN_POINT('',(0.00882453310960551,0.044392718342888,0.0692927603509353));
#840=CARTESIAN_POINT('',(0.00882452055476716,0.0443475953992884,0.0693429495160547));
#841=CARTESIAN_POINT('',(0.00882451612397247,0.0443281424670707,0.0693613667917997));
#842=CARTESIAN_POINT('',(0.00882450838325792,0.0442861542136784,0.0693951408630057));
#843=CARTESIAN_POINT('',(0.00882450510074034,0.044263695071922,0.0694103925705898));
#844=CARTESIAN_POINT('',(0.00882449827252114,0.0442026312625155,0.0694449840509604));
#845=CARTESIAN_POINT('',(0.00882449575436538,0.0441627274697612,0.0694612132482921));
#846=CARTESIAN_POINT('',(0.00882449394291631,0.0440689452196577,0.0694858862896308));
#847=CARTESIAN_POINT('',(0.00882449565733513,0.0440148106918702,0.0694910762682701));
#848=CARTESIAN_POINT('',(0.00882450448356718,0.0439054814117005,0.0694839660571859));
#849=CARTESIAN_POINT('',(0.00882451193846876,0.0438496624815369,0.0694706653068845));
#850=CARTESIAN_POINT('',(0.00882452697001376,0.0437706876148683,0.0694371404449794));
#851=CARTESIAN_POINT('',(0.00882453296700975,0.0437439464537925,0.0694228132431863));
#852=CARTESIAN_POINT('',(0.00882453954267646,0.0437188143413434,0.0694062667738288));
#853=CARTESIAN_POINT('',(0.0087592265143741,0.0444605270522528,0.068809387241187));
#854=CARTESIAN_POINT('',(0.00875921914098217,0.0444696221441125,0.068833068143926));
#855=CARTESIAN_POINT('',(0.00875921161141982,0.0444769718965517,0.0688576196279101));
#856=CARTESIAN_POINT('',(0.00875918865907048,0.0444934544128043,0.0689335874209342));
#857=CARTESIAN_POINT('',(0.00875917330196424,0.0444964548498279,0.0689859450206771));
#858=CARTESIAN_POINT('',(0.00875914937523693,0.0444881777417486,0.0690699853870897));
#859=CARTESIAN_POINT('',(0.00875914038388285,0.0444817946769927,0.0691021897699754));
#860=CARTESIAN_POINT('',(0.00875912334407127,0.044462955434084,0.0691645050354261));
#861=CARTESIAN_POINT('',(0.00875911534005251,0.0444506132818899,0.0691944410481525));
#862=CARTESIAN_POINT('',(0.00875909850493955,0.0444163415901078,0.0692589888408009));
#863=CARTESIAN_POINT('',(0.00875909001126942,0.0443927272883829,0.0692927584014386));
#864=CARTESIAN_POINT('',(0.00875907794112149,0.044347603913205,0.0693429491853576));
#865=CARTESIAN_POINT('',(0.0087590736717783,0.0443281507063145,0.0693613670738185));
#866=CARTESIAN_POINT('',(0.00875906619134331,0.0442861617168244,0.0693951422618762));
#867=CARTESIAN_POINT('',(0.00875906300653522,0.044263702114029,0.0694103944699152));
#868=CARTESIAN_POINT('',(0.00875905634253541,0.0442026369327761,0.0694449870240071));
#869=CARTESIAN_POINT('',(0.00875905383763726,0.0441627321331232,0.0694612166539957));
#870=CARTESIAN_POINT('',(0.00875905185865632,0.044068947502143,0.0694858900498283));
#871=CARTESIAN_POINT('',(0.00875905334283475,0.0440148115948403,0.0694910797838612));
#872=CARTESIAN_POINT('',(0.00875906144458223,0.0439054799235848,0.0694839682770829));
#873=CARTESIAN_POINT('',(0.00875906838694328,0.0438496599981513,0.0694706664287164));
#874=CARTESIAN_POINT('',(0.00875908247639256,0.0437706842997522,0.0694371396061692));
#875=CARTESIAN_POINT('',(0.00875908811049927,0.0437439429720497,0.0694228116606197));
#876=CARTESIAN_POINT('',(0.0087590942996583,0.0437188108300132,0.0694062644448861));
#877=CARTESIAN_POINT('',(0.00869380310344011,0.0444726761009097,0.068804713332191));
#878=CARTESIAN_POINT('',(0.00869379617829364,0.0444820083353484,0.0688290104235439));
#879=CARTESIAN_POINT('',(0.00869378909762229,0.0444895498318792,0.0688542008187832));
#880=CARTESIAN_POINT('',(0.00869376748658691,0.0445064627255052,0.0689321457664643));
#881=CARTESIAN_POINT('',(0.00869375299027905,0.0445095421923892,0.0689858663358381));
#882=CARTESIAN_POINT('',(0.0086937303455529,0.044501050924698,0.0690720948508073));
#883=CARTESIAN_POINT('',(0.00869372182101441,0.0444945021562553,0.0691051378351917));
#884=CARTESIAN_POINT('',(0.00869370563509426,0.0444751732487197,0.0691690759457602));
#885=CARTESIAN_POINT('',(0.00869369801622081,0.0444625101027565,0.0691997916462346));
#886=CARTESIAN_POINT('',(0.008693681953248,0.0444273467043812,0.0692660207127719));
#887=CARTESIAN_POINT('',(0.00869367382026903,0.0444031177732193,0.0693006699542457));
#888=CARTESIAN_POINT('',(0.00869366220989569,0.0443568196477782,0.0693521682310562));
#889=CARTESIAN_POINT('',(0.00869365808723694,0.0443368599289564,0.0693710659273427));
#890=CARTESIAN_POINT('',(0.00869365082773256,0.0442937775504592,0.0694057209942335));
#891=CARTESIAN_POINT('',(0.00869364771606869,0.0442707330536213,0.0694213705353877));
#892=CARTESIAN_POINT('',(0.00869364114090095,0.0442080775251471,0.0694568642112259));
#893=CARTESIAN_POINT('',(0.00869363859202532,0.0441671333881438,0.0694735165653771));
#894=CARTESIAN_POINT('',(0.00869363629415507,0.0440709060865065,0.0694988323979328));
#895=CARTESIAN_POINT('',(0.00869363744940421,0.0440153601769553,0.0695041570314022));
#896=CARTESIAN_POINT('',(0.00869364460534915,0.0439031811799013,0.0694968595017667));
#897=CARTESIAN_POINT('',(0.0086936509100759,0.0438459076973577,0.0694832106542738));
#898=CARTESIAN_POINT('',(0.00869366386203608,0.0437648758763847,0.0694488098119444));
#899=CARTESIAN_POINT('',(0.00869366906336859,0.0437374384240003,0.0694341084148403));
#900=CARTESIAN_POINT('',(0.00869367479648304,0.0437116521383754,0.0694171299840093));
#901=CARTESIAN_POINT('',(0.00857287018656597,0.0445194401827982,0.0687867389150976));
#902=CARTESIAN_POINT('',(0.00857286406686006,0.0445296840900241,0.0688134083279717));
#903=CARTESIAN_POINT('',(0.00857285778734711,0.0445379624314573,0.0688410583359828));
#904=CARTESIAN_POINT('',(0.00857283855326744,0.0445565281848033,0.0689266141216792));
#905=CARTESIAN_POINT('',(0.00857282555894055,0.0445599092966019,0.0689855804733242));
#906=CARTESIAN_POINT('',(0.00857280511170414,0.0445505901910756,0.0690802295740858));
#907=CARTESIAN_POINT('',(0.0085727973769144,0.0445434024060619,0.0691164994497093));
#908=CARTESIAN_POINT('',(0.00857278261342761,0.044522186810821,0.0691866817477924));
#909=CARTESIAN_POINT('',(0.00857277562424376,0.0445082874168716,0.0692203972199992));
#910=CARTESIAN_POINT('',(0.00857276079419694,0.044469690791833,0.0692930945011277));
#911=CARTESIAN_POINT('',(0.00857275321362957,0.0444430960176224,0.0693311278237875));
#912=CARTESIAN_POINT('',(0.00857274226094344,0.0443922768040837,0.0693876558212635));
#913=CARTESIAN_POINT('',(0.00857273833246458,0.0443703679213613,0.069408399226576));
#914=CARTESIAN_POINT('',(0.0085727313261689,0.0443230782341653,0.0694464389958001));
#915=CARTESIAN_POINT('',(0.00857272827185862,0.0442977832250095,0.0694636169985896));
#916=CARTESIAN_POINT('',(0.00857272166181053,0.0442290087074705,0.0695025772312005));
#917=CARTESIAN_POINT('',(0.00857271891321582,0.0441840658528683,0.0695208559171418));
#918=CARTESIAN_POINT('',(0.00857271577220297,0.0440784407164677,0.0695486439686521));
#919=CARTESIAN_POINT('',(0.00857271618956324,0.0440174700300388,0.0695544883470421));
#920=CARTESIAN_POINT('',(0.00857272136711093,0.0438943355899182,0.0695464773075662));
#921=CARTESIAN_POINT('',(0.00857272639339529,0.04383146892178,0.0695314949206516));
#922=CARTESIAN_POINT('',(0.00857273712844569,0.043742524154919,0.0694937335851893));
#923=CARTESIAN_POINT('',(0.00857274149654969,0.0437124074552218,0.0694775961306439));
#924=CARTESIAN_POINT('',(0.00857274636105814,0.0436841032500338,0.0694589592998376));
#925=CARTESIAN_POINT('',(0.00851740826256354,0.044554036816361,0.0687734454791656));
#926=CARTESIAN_POINT('',(0.00851740249857424,0.0445649548955398,0.0688018700913673));
#927=CARTESIAN_POINT('',(0.0085173965698434,0.044573778048346,0.0688313398330376));
#928=CARTESIAN_POINT('',(0.0085173783669527,0.0445935656351805,0.0689225263074628));
#929=CARTESIAN_POINT('',(0.00851736601093059,0.0445971692443466,0.0689853734080137));
#930=CARTESIAN_POINT('',(0.00851734647486269,0.0445872367876705,0.0690862516337247));
#931=CARTESIAN_POINT('',(0.00851733906142404,0.0445795759416569,0.0691249085298787));
#932=CARTESIAN_POINT('',(0.00851732486356602,0.0445569640663828,0.0691997097145445));
#933=CARTESIAN_POINT('',(0.00851731811760221,0.0445421499048824,0.0692356440910217));
#934=CARTESIAN_POINT('',(0.00851730374566073,0.044501013110915,0.0693131257692362));
#935=CARTESIAN_POINT('',(0.00851729635554119,0.0444726680539379,0.0693536621615529));
#936=CARTESIAN_POINT('',(0.00851728559910509,0.0444185042810901,0.0694139104090594));
#937=CARTESIAN_POINT('',(0.00851728171757765,0.0443951535131011,0.0694360189898329));
#938=CARTESIAN_POINT('',(0.00851727474270648,0.0443447515610473,0.0694765622516747));
#939=CARTESIAN_POINT('',(0.00851727167229995,0.0443177918187444,0.0694948707819824));
#940=CARTESIAN_POINT('',(0.0085172649380773,0.0442444910658746,0.0695363950864979));
#941=CARTESIAN_POINT('',(0.00851726203378099,0.044196590403579,0.0695558767405052));
#942=CARTESIAN_POINT('',(0.00851725836933126,0.0440840137988995,0.0695854936018054));
#943=CARTESIAN_POINT('',(0.00851725837868874,0.0440190304712054,0.0695917226209951));
#944=CARTESIAN_POINT('',(0.00851726252651786,0.0438877922224885,0.0695831843742817));
#945=CARTESIAN_POINT('',(0.00851726691398136,0.0438207881257849,0.0695672159709238));
#946=CARTESIAN_POINT('',(0.00851727657321185,0.0437259896483808,0.0695269694828234));
#947=CARTESIAN_POINT('',(0.00851728054224042,0.0436938908800947,0.0695097699868505));
#948=CARTESIAN_POINT('',(0.00851728499564876,0.0436637238896032,0.0694899066231058));
#949=CARTESIAN_POINT('',(0.00842485306004989,0.0446404446423951,0.0687402498243878));
#950=CARTESIAN_POINT('',(0.00842484775977124,0.0446530461835224,0.0687730583334948));
#951=CARTESIAN_POINT('',(0.00842484227930464,0.0446632296860483,0.0688070731005562));
#952=CARTESIAN_POINT('',(0.00842482536564935,0.0446860677891328,0.0689123227859414));
#953=CARTESIAN_POINT('',(0.00842481376757057,0.044690226345313,0.0689848622042102));
#954=CARTESIAN_POINT('',(0.00842479524354003,0.0446787609583732,0.0691012975691053));
#955=CARTESIAN_POINT('',(0.00842478816774598,0.0446699182514607,0.0691459159294478));
#956=CARTESIAN_POINT('',(0.00842477452187008,0.0446438184993343,0.0692322524247227));
#957=CARTESIAN_POINT('',(0.00842476798965028,0.0446267194307071,0.0692737282780567));
#958=CARTESIAN_POINT('',(0.00842475395892623,0.0445792381017582,0.0693631583827143));
#959=CARTESIAN_POINT('',(0.00842474665852375,0.0445465215687789,0.0694099458047567));
#960=CARTESIAN_POINT('',(0.00842473587881407,0.0444840047143757,0.0694794847637215));
#961=CARTESIAN_POINT('',(0.00842473194352578,0.0444570528702377,0.0695050026343946));
#962=CARTESIAN_POINT('',(0.00842472477141754,0.0443988781897752,0.0695517979405446));
#963=CARTESIAN_POINT('',(0.00842472155729763,0.0443677608974814,0.0695729297720919));
#964=CARTESIAN_POINT('',(0.00842471433895122,0.044283156269838,0.0696208574481478));
#965=CARTESIAN_POINT('',(0.00842471103170622,0.0442278688071482,0.0696433433695286));
#966=CARTESIAN_POINT('',(0.0084247062373214,0.0440979316810725,0.0696775276387587));
#967=CARTESIAN_POINT('',(0.00842470547150165,0.0440229272296722,0.0696847174747227));
#968=CARTESIAN_POINT('',(0.00842470781487087,0.0438714503936306,0.0696748632353442));
#969=CARTESIAN_POINT('',(0.00842471114971169,0.0437941132822985,0.0696564328077313));
#970=CARTESIAN_POINT('',(0.00842471911990254,0.0436846951290434,0.069609980572121));
#971=CARTESIAN_POINT('',(0.00842472247660145,0.0436476460661007,0.0695901289665833));
#972=CARTESIAN_POINT('',(0.00842472631267196,0.0436128266217587,0.069567202662703));
#973=CARTESIAN_POINT('',(0.00838779619805781,0.0446922218370774,0.0687203606666143));
#974=CARTESIAN_POINT('',(0.00838779100470174,0.0447058320066598,0.0687557961481041));
#975=CARTESIAN_POINT('',(0.00838778562064536,0.0447168305131781,0.0687925344184307));
#976=CARTESIAN_POINT('',(0.00838776896183711,0.0447414961014955,0.0689062110926088));
#977=CARTESIAN_POINT('',(0.0083877574813484,0.0447459868908176,0.0689845582666513));
#978=CARTESIAN_POINT('',(0.00838773905514381,0.0447336025304086,0.0691103155262906));
#979=CARTESIAN_POINT('',(0.00838773199453736,0.0447240514894559,0.0691585059855114));
#980=CARTESIAN_POINT('',(0.0083877183329963,0.0446958615141604,0.0692517543680212));
#981=CARTESIAN_POINT('',(0.00838771177039239,0.0446773932054422,0.0692965506146569));
#982=CARTESIAN_POINT('',(0.0083876976209658,0.0446261100073223,0.0693931400499701));
#983=CARTESIAN_POINT('',(0.00838769021898954,0.0445907740010721,0.0694436729740431));
#984=CARTESIAN_POINT('',(0.00838767921869086,0.0445232519103941,0.0695187787412224));
#985=CARTESIAN_POINT('',(0.0083876751823535,0.0444941422918557,0.0695463393857889));
#986=CARTESIAN_POINT('',(0.00838766778108416,0.0444313102050399,0.0695968807852934));
#987=CARTESIAN_POINT('',(0.008387664439187,0.0443977017310699,0.06961970428042));
#988=CARTESIAN_POINT('',(0.00838765686071755,0.0443063239096392,0.069671468738174));
#989=CARTESIAN_POINT('',(0.00838765330635444,0.0442466103592178,0.0696957547774219));
#990=CARTESIAN_POINT('',(0.00838764790628686,0.0441062710072876,0.0697326758482127));
#991=CARTESIAN_POINT('',(0.00838764677410774,0.0440252620143833,0.0697404414817659));
#992=CARTESIAN_POINT('',(0.00838764834505115,0.0438616583592578,0.0697297989729181));
#993=CARTESIAN_POINT('',(0.00838765126764033,0.0437781297260576,0.0697098935046452));
#994=CARTESIAN_POINT('',(0.0083876586273644,0.0436599513585387,0.0696597231130925));
#995=CARTESIAN_POINT('',(0.0083876617718545,0.0436199360170225,0.0696382824818596));
#996=CARTESIAN_POINT('',(0.00838766540278709,0.0435823287346337,0.0696135209748647));
#997=CARTESIAN_POINT('',(0.00833770940032719,0.0448051185991678,0.0686769975116205));
#998=CARTESIAN_POINT('',(0.0083377040879534,0.0448209278871265,0.0687181609957268));
#999=CARTESIAN_POINT('',(0.00833769855936944,0.0448337033169301,0.0687608377280848));
#1000=CARTESIAN_POINT('',(0.008337681389756,0.0448623531858187,0.0688928889581199));
#1001=CARTESIAN_POINT('',(0.00833766947227138,0.0448675680919291,0.0689838995088358));
#1002=CARTESIAN_POINT('',(0.00833765021159146,0.0448531795632291,0.0691299823303845));
#1003=CARTESIAN_POINT('',(0.00833764279858217,0.044842083907046,0.0691859614015996));
#1004=CARTESIAN_POINT('',(0.00833762838921352,0.0448093361163421,0.0692942804279945));
#1005=CARTESIAN_POINT('',(0.00833762143390488,0.04478788218809,0.0693463164182202));
#1006=CARTESIAN_POINT('',(0.00833760635988884,0.0447283091554782,0.0694585159303823));
#1007=CARTESIAN_POINT('',(0.00833759841642563,0.044687261553212,0.069517215452867));
#1008=CARTESIAN_POINT('',(0.00833758650942464,0.0446088259516862,0.0696044589337189));
#1009=CARTESIAN_POINT('',(0.00833758211094282,0.0445750115016243,0.0696364735813694));
#1010=CARTESIAN_POINT('',(0.0083375739813711,0.0445020243949401,0.0696951828522947));
#1011=CARTESIAN_POINT('',(0.00833757027502847,0.0444629841578447,0.0697216948016644));
#1012=CARTESIAN_POINT('',(0.00833756176704909,0.0443568381171652,0.0697818248810015));
#1013=CARTESIAN_POINT('',(0.00833755766217921,0.0442874739844778,0.069810035867812));
#1014=CARTESIAN_POINT('',(0.00833755108851365,0.0441244537622412,0.0698529242849957));
#1015=CARTESIAN_POINT('',(0.00833754935967977,0.0440303525507352,0.0698619454653571));
#1016=CARTESIAN_POINT('',(0.00833754988262621,0.0438403076584359,0.0698495844784029));
#1017=CARTESIAN_POINT('',(0.00833755235645734,0.0437432790200541,0.069826463024811));
#1018=CARTESIAN_POINT('',(0.00833755921252218,0.0436059997347707,0.0697681858696881));
#1019=CARTESIAN_POINT('',(0.00833756221303011,0.043559516643651,0.0697432806351715));
#1020=CARTESIAN_POINT('',(0.00833756573614943,0.0435158306590423,0.0697145177508096));
#1021=CARTESIAN_POINT('',(0.00832469917160435,0.0448661937465218,0.0686535405759496));
#1022=CARTESIAN_POINT('',(0.00832469363285599,0.044883192660227,0.0686978028361487));
#1023=CARTESIAN_POINT('',(0.00832468786290646,0.0448969293113364,0.0687436921904893));
#1024=CARTESIAN_POINT('',(0.00832466992638484,0.044927734411472,0.0688856837577697));
#1025=CARTESIAN_POINT('',(0.0083246574535389,0.0449333409187278,0.068983544947508));
#1026=CARTESIAN_POINT('',(0.00832463725945463,0.0449178679870298,0.0691406234410449));
#1027=CARTESIAN_POINT('',(0.00832462947846688,0.0449059366585031,0.0692008159619379));
#1028=CARTESIAN_POINT('',(0.00832461433625499,0.0448707230705895,0.0693172878177591));
#1029=CARTESIAN_POINT('',(0.00832460701833422,0.0448476539382238,0.0693732403111145));
#1030=CARTESIAN_POINT('',(0.00832459113788545,0.0447835962027422,0.06949388443083));
#1031=CARTESIAN_POINT('',(0.00832458275428487,0.0447394587249684,0.0695570018384154));
#1032=CARTESIAN_POINT('',(0.00832457016094557,0.0446551191420738,0.0696508114520384));
#1033=CARTESIAN_POINT('',(0.00832456550131702,0.0446187594855327,0.0696852355775493));
#1034=CARTESIAN_POINT('',(0.00832455687257811,0.0445402787595424,0.0697483634148919));
#1035=CARTESIAN_POINT('',(0.00832455292959334,0.0444983000773142,0.0697768707045991));
#1036=CARTESIAN_POINT('',(0.00832454385239545,0.0443841648193069,0.0698415263342864));
#1037=CARTESIAN_POINT('',(0.00832453944433745,0.0443095799873202,0.0698718606072909));
#1038=CARTESIAN_POINT('',(0.00832453230341905,0.0441342900401948,0.0699179772220648));
#1039=CARTESIAN_POINT('',(0.0083245303448006,0.0440331063002759,0.0699276776571902));
#1040=CARTESIAN_POINT('',(0.00832453059345727,0.0438287573889745,0.0699143871353578));
#1041=CARTESIAN_POINT('',(0.00832453303157349,0.0437244255771193,0.0698895260004351));
#1042=CARTESIAN_POINT('',(0.00832453999577452,0.0435768131021965,0.0698268634237342));
#1043=CARTESIAN_POINT('',(0.00832454306500122,0.0435268310845228,0.069800083973431));
#1044=CARTESIAN_POINT('',(0.00832454668595145,0.043479856627396,0.0697691564878115));
#1045=CARTESIAN_POINT('',(0.00832470260554956,0.0449272928413754,0.0686300760719407));
#1046=CARTESIAN_POINT('',(0.0083246966788806,0.0449454818484923,0.0686774383281533));
#1047=CARTESIAN_POINT('',(0.00832469050482619,0.0449601800986309,0.0687265415691195));
#1048=CARTESIAN_POINT('',(0.0083246713121272,0.0449931412764188,0.068878477386337));
#1049=CARTESIAN_POINT('',(0.00832465796578685,0.0449991395376574,0.0689831919112157));
#1050=CARTESIAN_POINT('',(0.00832463635752851,0.0449825817743608,0.0691512704035923));
#1051=CARTESIAN_POINT('',(0.00832462803165731,0.0449698144439617,0.0692156780320382));
#1052=CARTESIAN_POINT('',(0.00832461182909319,0.0449321340873397,0.0693403059249806));
#1053=CARTESIAN_POINT('',(0.00832460399873576,0.0449074491147643,0.0694001764622874));
#1054=CARTESIAN_POINT('',(0.00832458700627505,0.0448389049107726,0.0695292685116531));
#1055=CARTESIAN_POINT('',(0.00832457803563243,0.0447916763412968,0.0695968055422104));
#1056=CARTESIAN_POINT('',(0.00832456456048022,0.0447014304535869,0.0696971838714731));
#1057=CARTESIAN_POINT('',(0.00832455957457612,0.044662524589017,0.0697340184226242));
#1058=CARTESIAN_POINT('',(0.00832455034163701,0.0445785480821011,0.0698015665644571));
#1059=CARTESIAN_POINT('',(0.00832454612255691,0.0445336297985929,0.0698320699793873));
#1060=CARTESIAN_POINT('',(0.00832453640975097,0.044411502179975,0.0699012529396561));
#1061=CARTESIAN_POINT('',(0.00832453169302365,0.0443316945947635,0.0699337113341731));
#1062=CARTESIAN_POINT('',(0.00832452405204391,0.044144130095613,0.0699830574168497));
#1063=CARTESIAN_POINT('',(0.00832452195624186,0.0440358610408886,0.0699934373743582));
#1064=CARTESIAN_POINT('',(0.00832452222221153,0.0438172024827346,0.069979216953102));
#1065=CARTESIAN_POINT('',(0.00832452483098679,0.0437055646237804,0.0699526154532113));
#1066=CARTESIAN_POINT('',(0.00832453228274864,0.043547614892777,0.069885565730783));
#1067=CARTESIAN_POINT('',(0.00832453556686014,0.0434941325714946,0.0698569113277405));
#1068=CARTESIAN_POINT('',(0.00832453944133343,0.0434438683474953,0.0698238183896149));
#1069=EDGE_LOOP('',(#1952,#1953,#1954,#1955));
#1070=CARTESIAN_POINT('',(0.00832594607461725,0.0512695678894955,0.0592570598732766));
#1071=CARTESIAN_POINT('',(0.00832594660628921,0.051329074288425,0.0592562055678651));
#1072=CARTESIAN_POINT('',(0.00832594782662055,0.051389021304632,0.0592499897334857));
#1073=CARTESIAN_POINT('',(0.00832595296963722,0.0515486574377313,0.0592186295477124));
#1074=CARTESIAN_POINT('',(0.0083259581386768,0.0516453923640071,0.0591835734603029));
#1075=CARTESIAN_POINT('',(0.00832596938214225,0.051791309174271,0.0591037400535084));
#1076=CARTESIAN_POINT('',(0.00832597440151936,0.0518447287863518,0.0590674495373369));
#1077=CARTESIAN_POINT('',(0.00832598555166088,0.0519431886928089,0.0589857111312424));
#1078=CARTESIAN_POINT('',(0.0083259916436297,0.0519880576962974,0.0589405571506097));
#1079=CARTESIAN_POINT('',(0.00832600652033344,0.052079276888765,0.0588292713511198));
#1080=CARTESIAN_POINT('',(0.00832601557211047,0.0521227505078127,0.0587608912888056));
#1081=CARTESIAN_POINT('',(0.00832603144835826,0.0521806489543927,0.0586399380512477));
#1082=CARTESIAN_POINT('',(0.00832603805275888,0.0521999933423762,0.0585893591825473));
#1083=CARTESIAN_POINT('',(0.00832605163953683,0.0522304821438604,0.0584847900202347));
#1084=CARTESIAN_POINT('',(0.00832605858875557,0.0522414842572377,0.0584310511585503));
#1085=CARTESIAN_POINT('',(0.00832607669692068,0.0522584571176669,0.0582903698802988));
#1086=CARTESIAN_POINT('',(0.00832608781911321,0.0522575667194244,0.0582033339729346));
#1087=CARTESIAN_POINT('',(0.00832611294822086,0.0522295126419349,0.0580052420587411));
#1088=CARTESIAN_POINT('',(0.00832612655473351,0.0521948293335581,0.0578969000906395));
#1089=CARTESIAN_POINT('',(0.00832615148434909,0.0520907682768342,0.0576961483698236));
#1090=CARTESIAN_POINT('',(0.00832616276891604,0.0520208184189476,0.0576040082419731));
#1091=CARTESIAN_POINT('',(0.00832617669810389,0.0518969917408255,0.0574881932525497));
#1092=CARTESIAN_POINT('',(0.00832618088259927,0.0518522717463179,0.0574529834616759));
#1093=CARTESIAN_POINT('',(0.00832618451782538,0.0518051113180658,0.0574219339992563));
#1094=CARTESIAN_POINT('',(0.00832595443557944,0.0512686283535527,0.0591916167712787));
#1095=CARTESIAN_POINT('',(0.00832595493251581,0.0513242400563689,0.0591908178925658));
#1096=CARTESIAN_POINT('',(0.00832595607303859,0.0513802634495974,0.0591850083936061));
#1097=CARTESIAN_POINT('',(0.00832596087960043,0.0515294509239065,0.0591556994885898));
#1098=CARTESIAN_POINT('',(0.00832596571040954,0.0516198540077429,0.0591229371416226));
#1099=CARTESIAN_POINT('',(0.00832597621807904,0.051756219437229,0.0590483280738207));
#1100=CARTESIAN_POINT('',(0.00832598090896097,0.0518061422441509,0.0590144125643633));
#1101=CARTESIAN_POINT('',(0.00832599132934584,0.0518981569296978,0.0589380237229181));
#1102=CARTESIAN_POINT('',(0.00832599702259256,0.0519400887316669,0.0588958250625864));
#1103=CARTESIAN_POINT('',(0.0083260109255815,0.0520253364757725,0.0587918231248745));
#1104=CARTESIAN_POINT('',(0.00832601938488039,0.0520659641318529,0.058727918811188));
#1105=CARTESIAN_POINT('',(0.0083260342219363,0.05212007226393,0.0586148826305113));
#1106=CARTESIAN_POINT('',(0.00832604039403513,0.0521381502593979,0.0585676144743402));
#1107=CARTESIAN_POINT('',(0.00832605309146067,0.0521666430807207,0.0584698901014139));
#1108=CARTESIAN_POINT('',(0.00832605958579923,0.0521769249222455,0.0584196688589353));
#1109=CARTESIAN_POINT('',(0.00832607650864055,0.0521927866179128,0.0582881962833448));
#1110=CARTESIAN_POINT('',(0.00832608690279295,0.0521919545006032,0.058206857600813));
#1111=CARTESIAN_POINT('',(0.00832611038700331,0.052165736992805,0.058021732368636));
#1112=CARTESIAN_POINT('',(0.00832612310287255,0.0521333242567094,0.0579204821726382));
#1113=CARTESIAN_POINT('',(0.00832614640071801,0.0520360754865666,0.0577328707263321));
#1114=CARTESIAN_POINT('',(0.00832615694668194,0.051970704788666,0.0576467614419571));
#1115=CARTESIAN_POINT('',(0.00832616996422467,0.051854983944279,0.0575385264618989));
#1116=CARTESIAN_POINT('',(0.00832617387486171,0.0518131913296434,0.0575056210451501));
#1117=CARTESIAN_POINT('',(0.00832617727218818,0.051769117975296,0.0574766035909537));
#1118=CARTESIAN_POINT('',(0.00833897645470637,0.0512676890948923,0.0591262010822889));
#1119=CARTESIAN_POINT('',(0.00833897711319836,0.0513194076340015,0.0591254576092561));
#1120=CARTESIAN_POINT('',(0.00833897837193155,0.0513715089481779,0.059120054286635));
#1121=CARTESIAN_POINT('',(0.00833898337011211,0.051510251875557,0.0590927958572979));
#1122=CARTESIAN_POINT('',(0.00833898818351018,0.0515943256091224,0.059062326349388));
#1123=CARTESIAN_POINT('',(0.00833899844069108,0.0517211434176709,0.0589929395662648));
#1124=CARTESIAN_POINT('',(0.00833900298110795,0.0517675707960537,0.0589613981294016));
#1125=CARTESIAN_POINT('',(0.00833901300062818,0.0518531427982191,0.0588903567481485));
#1126=CARTESIAN_POINT('',(0.00833901844543474,0.0518921385551604,0.0588511122453514));
#1127=CARTESIAN_POINT('',(0.00833903168122579,0.0519714172022302,0.0587543913032314));
#1128=CARTESIAN_POINT('',(0.00833903969490866,0.0520092000160765,0.0586949609767384));
#1129=CARTESIAN_POINT('',(0.00833905368988361,0.052059519326334,0.058589838736883));
#1130=CARTESIAN_POINT('',(0.00833905949605395,0.0520763314280336,0.0585458799901089));
#1131=CARTESIAN_POINT('',(0.00833907141000097,0.0521028290552967,0.0584549977122806));
#1132=CARTESIAN_POINT('',(0.00833907748847779,0.0521123909086541,0.0584082927043294));
#1133=CARTESIAN_POINT('',(0.00833909328912353,0.0521271418772135,0.0582860252064142));
#1134=CARTESIAN_POINT('',(0.00833910295671977,0.0521263680178989,0.0582103815059532));
#1135=CARTESIAN_POINT('',(0.00833912471356203,0.0521019863565024,0.0580382178514665));
#1136=CARTESIAN_POINT('',(0.00833913642989277,0.052071843298449,0.0579440566359967));
#1137=CARTESIAN_POINT('',(0.0083391577629382,0.0519814041321953,0.057769580292312));
#1138=CARTESIAN_POINT('',(0.00833916734426382,0.0519206107910927,0.0576894994780664));
#1139=CARTESIAN_POINT('',(0.00833917904763461,0.0518129925889685,0.0575888415250263));
#1140=CARTESIAN_POINT('',(0.00833918253870579,0.0517741262016858,0.0575582395758741));
#1141=CARTESIAN_POINT('',(0.00833918554416624,0.051733138705942,0.05753125333065));
#1142=CARTESIAN_POINT('',(0.00838908504709325,0.0512659527032227,0.0590052844022972));
#1143=CARTESIAN_POINT('',(0.00838908636834575,0.0513104747843817,0.0590046434910716));
#1144=CARTESIAN_POINT('',(0.00838908821288773,0.0513553262173296,0.0589999911259135));
#1145=CARTESIAN_POINT('',(0.00838909454468745,0.0514747626869141,0.0589765233424379));
#1146=CARTESIAN_POINT('',(0.00838909992082527,0.0515471368662594,0.0589502923180975));
#1147=CARTESIAN_POINT('',(0.00838911061477257,0.0516563063661411,0.0588905590807776));
#1148=CARTESIAN_POINT('',(0.00838911520709513,0.0516962726400986,0.05886340614574));
#1149=CARTESIAN_POINT('',(0.00838912509524895,0.0517699357358172,0.058802249533673));
#1150=CARTESIAN_POINT('',(0.00838913035933136,0.0518035044109569,0.0587684657521114));
#1151=CARTESIAN_POINT('',(0.00838914292976725,0.0518717496086619,0.0586852035672354));
#1152=CARTESIAN_POINT('',(0.00838915039177251,0.0519042739543955,0.0586340432621231));
#1153=CARTESIAN_POINT('',(0.00838916319512006,0.0519475899368845,0.0585435496325822));
#1154=CARTESIAN_POINT('',(0.00838916844770926,0.0519620621416605,0.0585057081859096));
#1155=CARTESIAN_POINT('',(0.00838917910920302,0.0519848718259189,0.0584274732056349));
#1156=CARTESIAN_POINT('',(0.00838918449103562,0.0519931028458566,0.0583872677857975));
#1157=CARTESIAN_POINT('',(0.00838919833361052,0.0520058007375377,0.0582820154139693));
#1158=CARTESIAN_POINT('',(0.00838920666042675,0.0520051345660121,0.0582168985925197));
#1159=CARTESIAN_POINT('',(0.00838922507011194,0.0519841463129082,0.0580686937669266));
#1160=CARTESIAN_POINT('',(0.00838923473616741,0.0519581985593125,0.0579876361975745));
#1161=CARTESIAN_POINT('',(0.00838925181831845,0.0518803464069088,0.0578374395875456));
#1162=CARTESIAN_POINT('',(0.00838925919665243,0.0518280139654554,0.0577685022349961));
#1163=CARTESIAN_POINT('',(0.00838926772335197,0.0517353729740913,0.0576818503346838));
#1164=CARTESIAN_POINT('',(0.00838927016833817,0.0517019155413189,0.0576555063449015));
#1165=CARTESIAN_POINT('',(0.00838927216361723,0.0516666320858501,0.0576322748143371));
#1166=CARTESIAN_POINT('',(0.00842615190476183,0.0512651562534094,0.0589498309868456));
#1167=CARTESIAN_POINT('',(0.00842615372637312,0.0513063778718445,0.0589492371928058));
#1168=CARTESIAN_POINT('',(0.00842615603769253,0.0513479043554112,0.0589449293147234));
#1169=CARTESIAN_POINT('',(0.0084261635093934,0.0514584865118076,0.0589232002135685));
#1170=CARTESIAN_POINT('',(0.00842616946450406,0.0515254950920697,0.0588989131680419));
#1171=CARTESIAN_POINT('',(0.00842618084408781,0.0516265708513731,0.0588436073957656));
#1172=CARTESIAN_POINT('',(0.00842618563823004,0.0516635739930496,0.0588184671638647));
#1173=CARTESIAN_POINT('',(0.00842619579495363,0.0517317755543274,0.0587618439721592));
#1174=CARTESIAN_POINT('',(0.00842620112637537,0.0517628553295506,0.0587305646057505));
#1175=CARTESIAN_POINT('',(0.00842621369800271,0.0518260405194775,0.0586534748864582));
#1176=CARTESIAN_POINT('',(0.00842622105372616,0.0518561533101062,0.058606107360825));
#1177=CARTESIAN_POINT('',(0.00842623350740959,0.0518962575446655,0.0585223226430829));
#1178=CARTESIAN_POINT('',(0.00842623857236657,0.0519096566678162,0.0584872866792637));
#1179=CARTESIAN_POINT('',(0.00842624876506387,0.0519307750555992,0.0584148519231123));
#1180=CARTESIAN_POINT('',(0.00842625386627237,0.0519383957544452,0.058377627298349));
#1181=CARTESIAN_POINT('',(0.0084262668735559,0.0519501521050012,0.0582801782769504));
#1182=CARTESIAN_POINT('',(0.00842627458667253,0.0519495353208864,0.0582198892084448));
#1183=CARTESIAN_POINT('',(0.00842629137813423,0.0519301032932586,0.0580826722026965));
#1184=CARTESIAN_POINT('',(0.00842629999458585,0.0519060795138043,0.058007624140895));
#1185=CARTESIAN_POINT('',(0.00842631479331086,0.051833999814566,0.0578685626057048));
#1186=CARTESIAN_POINT('',(0.00842632093483351,0.0517855475842159,0.057804735859437));
#1187=CARTESIAN_POINT('',(0.0084263276014853,0.0516997752644359,0.0577245074742621));
#1188=CARTESIAN_POINT('',(0.00842632942079881,0.051668798429296,0.0577001163012293));
#1189=CARTESIAN_POINT('',(0.00842633079861937,0.0516361309099634,0.0576786067995447));
#1190=CARTESIAN_POINT('',(0.0085187237886558,0.0512638268918473,0.0588572922992744));
#1191=CARTESIAN_POINT('',(0.00851872679216514,0.0512995405859831,0.058856777432083));
#1192=CARTESIAN_POINT('',(0.00851873023235842,0.0513355183347835,0.0588530447439908));
#1193=CARTESIAN_POINT('',(0.00851874053937878,0.05143132439653,0.0588342179707413));
#1194=CARTESIAN_POINT('',(0.00851874802743029,0.0514893790092822,0.0588131755171688));
#1195=CARTESIAN_POINT('',(0.00851876140837738,0.0515769483393066,0.0587652589109299));
#1196=CARTESIAN_POINT('',(0.00851876685372049,0.0516090068023601,0.0587434776733552));
#1197=CARTESIAN_POINT('',(0.00851877803938019,0.0516680945864257,0.058694420139593));
#1198=CARTESIAN_POINT('',(0.00851878374849731,0.0516950211187612,0.0586673202321145));
#1199=CARTESIAN_POINT('',(0.00851879686315837,0.0517497626932325,0.0586005312107077));
#1200=CARTESIAN_POINT('',(0.00851880430066985,0.0517758513709087,0.0585594930399618));
#1201=CARTESIAN_POINT('',(0.00851881651849759,0.0518105962529133,0.0584869039799323));
#1202=CARTESIAN_POINT('',(0.0085188213873504,0.0518222047640926,0.0584565497048082));
#1203=CARTESIAN_POINT('',(0.00851883098424794,0.0518405009544963,0.0583937941144429));
#1204=CARTESIAN_POINT('',(0.00851883568581166,0.0518471032399435,0.058361543693748));
#1205=CARTESIAN_POINT('',(0.00851884740995653,0.0518572884909953,0.0582771164964027));
#1206=CARTESIAN_POINT('',(0.00851885410108237,0.0518567541236401,0.058224883708189));
#1207=CARTESIAN_POINT('',(0.00851886804522868,0.0518399189173518,0.0581060026034546));
#1208=CARTESIAN_POINT('',(0.0085188747170635,0.0518191055983467,0.0580409829348568));
#1209=CARTESIAN_POINT('',(0.00851888511552524,0.0517566582626012,0.0579205033434434));
#1210=CARTESIAN_POINT('',(0.00851888879305479,0.0517146808902017,0.0578652051875815));
#1211=CARTESIAN_POINT('',(0.00851889164356264,0.0516403704093751,0.0577956966350598));
#1212=CARTESIAN_POINT('',(0.00851889216102006,0.0516135330038852,0.0577745644545708));
#1213=CARTESIAN_POINT('',(0.0085188922361129,0.0515852307913958,0.0577559288426459));
#1214=CARTESIAN_POINT('',(0.00857419239179789,0.0512632945031454,0.0588202434371769));
#1215=CARTESIAN_POINT('',(0.0085741960753001,0.0512968029028544,0.0588197603496747));
#1216=CARTESIAN_POINT('',(0.00857420017605482,0.0513305590496715,0.0588162581392717));
#1217=CARTESIAN_POINT('',(0.00857421217446901,0.0514204491447976,0.0587985938724164));
#1218=CARTESIAN_POINT('',(0.00857422061411825,0.0514749189133447,0.0587788507568787));
#1219=CARTESIAN_POINT('',(0.00857423530733194,0.0515570808713932,0.0587338929459783));
#1220=CARTESIAN_POINT('',(0.00857424120081963,0.0515871597347238,0.0587134566784262));
#1221=CARTESIAN_POINT('',(0.00857425314462983,0.0516425988641797,0.0586674284059432));
#1222=CARTESIAN_POINT('',(0.00857425916312703,0.0516678626888404,0.0586420018978129));
#1223=CARTESIAN_POINT('',(0.00857427281772951,0.0517192239804076,0.0585793370553469));
#1224=CARTESIAN_POINT('',(0.00857428044247055,0.0517437016849235,0.05854083296906));
#1225=CARTESIAN_POINT('',(0.00857429277311549,0.0517763010728993,0.0584727262484302));
#1226=CARTESIAN_POINT('',(0.00857429763320867,0.0517871927589359,0.0584442463363726));
#1227=CARTESIAN_POINT('',(0.00857430710275589,0.0518043591599375,0.0583853658776778));
#1228=CARTESIAN_POINT('',(0.00857431168524219,0.0518105537541889,0.0583551069079205));
#1229=CARTESIAN_POINT('',(0.00857432296169954,0.0518201100656706,0.0582758930581749));
#1230=CARTESIAN_POINT('',(0.00857432924492991,0.0518196086952268,0.0582268856258849));
#1231=CARTESIAN_POINT('',(0.00857434196156324,0.0518038130621045,0.0581153453844185));
#1232=CARTESIAN_POINT('',(0.00857434773975266,0.0517842849650028,0.0580543406539584));
#1233=CARTESIAN_POINT('',(0.00857435602494797,0.0517256937463374,0.0579413006178656));
#1234=CARTESIAN_POINT('',(0.00857435847751275,0.0516863084711043,0.0578894170898729));
#1235=CARTESIAN_POINT('',(0.00857435937564627,0.0516165866448258,0.0578242006372325));
#1236=CARTESIAN_POINT('',(0.00857435921823604,0.0515914064416451,0.0578043733504941));
#1237=CARTESIAN_POINT('',(0.00857435860942117,0.0515648518813527,0.0577868884690884));
#1238=CARTESIAN_POINT('',(0.00869513433704232,0.0512625745549379,0.0587701709183438));
#1239=CARTESIAN_POINT('',(0.00869513933437515,0.0512931020985201,0.0587697313140313));
#1240=CARTESIAN_POINT('',(0.00869514472612268,0.0513238554421953,0.058766541167128));
#1241=CARTESIAN_POINT('',(0.0086951600723541,0.0514057495390607,0.0587504495845163));
#1242=CARTESIAN_POINT('',(0.00869517044307821,0.0514553743206077,0.0587324634976474));
#1243=CARTESIAN_POINT('',(0.00869518788530162,0.0515302284434808,0.0586915058587593));
#1244=CARTESIAN_POINT('',(0.00869519474224917,0.0515576320472041,0.0586728877886128));
#1245=CARTESIAN_POINT('',(0.00869520837158237,0.0516081404554939,0.0586309543482506));
#1246=CARTESIAN_POINT('',(0.00869521511013261,0.0516311573945079,0.0586077897538037));
#1247=CARTESIAN_POINT('',(0.00869523011015372,0.0516779508612192,0.0585506992706789));
#1248=CARTESIAN_POINT('',(0.00869523828283426,0.0517002517053373,0.0585156201673681));
#1249=CARTESIAN_POINT('',(0.00869525116156751,0.0517299519967734,0.0584535714267921));
#1250=CARTESIAN_POINT('',(0.00869525614297643,0.0517398750893727,0.0584276247073287));
#1251=CARTESIAN_POINT('',(0.00869526565265799,0.0517555149010634,0.058373981400444));
#1252=CARTESIAN_POINT('',(0.00869527015233711,0.0517611586245181,0.0583464137969192));
#1253=CARTESIAN_POINT('',(0.00869528094980469,0.051769865123797,0.0582742455368945));
#1254=CARTESIAN_POINT('',(0.00869528668419722,0.0517694083499938,0.0582295969796934));
#1255=CARTESIAN_POINT('',(0.00869529757472004,0.0517550174249198,0.058127977564538));
#1256=CARTESIAN_POINT('',(0.0086953019254432,0.0517372259459467,0.058072398903011));
#1257=CARTESIAN_POINT('',(0.00869530668341519,0.0516838453634518,0.0579694136251981));
#1258=CARTESIAN_POINT('',(0.00869530702517798,0.051647962763419,0.0579221452971207));
#1259=CARTESIAN_POINT('',(0.00869530447418611,0.0515844418535179,0.0578627304907168));
#1260=CARTESIAN_POINT('',(0.00869530311134309,0.0515615011690756,0.0578446671218422));
#1261=CARTESIAN_POINT('',(0.00869530126827996,0.051537308422057,0.0578287378567615));
#1262=CARTESIAN_POINT('',(0.00876056009365367,0.0512623872787011,0.0587571669630061));
#1263=CARTESIAN_POINT('',(0.00876056572289455,0.0512921404334313,0.0587567390456703));
#1264=CARTESIAN_POINT('',(0.00876057174314037,0.0513221137575374,0.0587536303623823));
#1265=CARTESIAN_POINT('',(0.00876058874067759,0.0514019309694302,0.0587379483403246));
#1266=CARTESIAN_POINT('',(0.00876060008781037,0.0514502975151368,0.058720419253587));
#1267=CARTESIAN_POINT('',(0.00876061896220331,0.051523254051496,0.058680501418377));
#1268=CARTESIAN_POINT('',(0.0087606263328062,0.0515499630485299,0.0586623558604759));
#1269=CARTESIAN_POINT('',(0.00876064088648267,0.051599191331525,0.0586214863800628));
#1270=CARTESIAN_POINT('',(0.0087606480343416,0.051621624977255,0.0585989094099894));
#1271=CARTESIAN_POINT('',(0.00876066383710621,0.0516672327006499,0.0585432669137349));
#1272=CARTESIAN_POINT('',(0.00876067236922526,0.0516889685147736,0.0585090773610218));
#1273=CARTESIAN_POINT('',(0.00876068568159755,0.0517179163454081,0.0584486018767312));
#1274=CARTESIAN_POINT('',(0.00876069079255742,0.0517275880511776,0.0584233129896971));
#1275=CARTESIAN_POINT('',(0.00876070046894803,0.0517428316641956,0.0583710296414614));
#1276=CARTESIAN_POINT('',(0.00876070500465031,0.0517483324250149,0.0583441608937961));
#1277=CARTESIAN_POINT('',(0.00876071577055301,0.0517568183863769,0.0582738221024054));
#1278=CARTESIAN_POINT('',(0.00876072136421061,0.0517563731947504,0.0582303053484608));
#1279=CARTESIAN_POINT('',(0.00876073165745323,0.0517423468513473,0.0581312619910294));
#1280=CARTESIAN_POINT('',(0.00876073547570405,0.0517250060846512,0.0580770923244133));
#1281=CARTESIAN_POINT('',(0.00876073882350998,0.051672977969286,0.0579767182921343));
#1282=CARTESIAN_POINT('',(0.00876073828189591,0.0516380045679973,0.0579306487198841));
#1283=CARTESIAN_POINT('',(0.00876073423841097,0.051576093478465,0.057872741177223));
#1284=CARTESIAN_POINT('',(0.00876073234652697,0.0515537342287452,0.0578551361385601));
#1285=CARTESIAN_POINT('',(0.0087607299547181,0.0515301547130177,0.0578396111474288));
#1286=CARTESIAN_POINT('',(0.00882600993954012,0.0512623868140687,0.0587571753315004));
#1287=CARTESIAN_POINT('',(0.00882601605625656,0.0512921399797897,0.0587567481800266));
#1288=CARTESIAN_POINT('',(0.0088260225682067,0.0513221134539011,0.0587536402672154));
#1289=CARTESIAN_POINT('',(0.00882604087685643,0.0514019314299354,0.0587379601946639));
#1290=CARTESIAN_POINT('',(0.00882605302035798,0.0514502988382278,0.0587204321726865));
#1291=CARTESIAN_POINT('',(0.0088260730991983,0.0515232571606372,0.0586805155178548));
#1292=CARTESIAN_POINT('',(0.00882608091158091,0.051549966936395,0.0586623702816871));
#1293=CARTESIAN_POINT('',(0.0088260962812892,0.0515991968338126,0.0586215011277381));
#1294=CARTESIAN_POINT('',(0.00882610380196258,0.0516216313101254,0.0585989241644277));
#1295=CARTESIAN_POINT('',(0.00882612036499447,0.051667240854662,0.0585432813310029));
#1296=CARTESIAN_POINT('',(0.00882612926128059,0.051688977639552,0.0585090913404419));
#1297=CARTESIAN_POINT('',(0.0088261430622331,0.0517179268300424,0.0584486147932373));
#1298=CARTESIAN_POINT('',(0.00882614833764991,0.0517275990130783,0.0584233253887575));
#1299=CARTESIAN_POINT('',(0.00882615827621721,0.0517428433965594,0.0583710408692398));
#1300=CARTESIAN_POINT('',(0.00882616290844392,0.0517483444470235,0.0583441714700168));
#1301=CARTESIAN_POINT('',(0.00882617383016538,0.0517568308676512,0.0582738309135205));
#1302=CARTESIAN_POINT('',(0.00882617942694285,0.0517563856690582,0.0582303130108191));
#1303=CARTESIAN_POINT('',(0.0088261895141142,0.051742358646275,0.0581312671694335));
#1304=CARTESIAN_POINT('',(0.00882619306126097,0.0517250170117833,0.0580770962484307));
#1305=CARTESIAN_POINT('',(0.00882619558072019,0.0516729865424843,0.057976720504358));
#1306=CARTESIAN_POINT('',(0.00882619447714274,0.0516380116532317,0.0579306504935551));
#1307=CARTESIAN_POINT('',(0.00882618943312514,0.0515760983844192,0.0578727430651741));
#1308=CARTESIAN_POINT('',(0.0088261871790969,0.0515537384125339,0.0578551381898159));
#1309=CARTESIAN_POINT('',(0.00882618440464203,0.0515301582251591,0.0578396134762174));
#1310=EDGE_LOOP('',(#1956,#1957,#1958,#1959,#1960));
#1311=AXIS2_PLACEMENT_3D('',#1961,#1962,#1963);
#1312=EDGE_LOOP('',(#1964,#1965));
#1313=EDGE_LOOP('',(#1966,#1967,#1968,#1969,#1970,#1971,#1972));
#1314=AXIS2_PLACEMENT_3D('',#1973,#1974,#1975);
#1315=EDGE_LOOP('',(#1976,#1977,#1978,#1979));
#1316=CARTESIAN_POINT('',(0.00096787760287573,0.0512609954245905,0.0587561914994167));
#1317=CARTESIAN_POINT('',(0.000967857703886046,0.0513670172194387,0.0587546486510947));
#1318=CARTESIAN_POINT('',(0.000967842306405722,0.0514722483972516,0.0587182923844611));
#1319=CARTESIAN_POINT('',(0.000967826389988831,0.0516409743500828,0.0585898262035929));
#1320=CARTESIAN_POINT('',(0.000967825913679465,0.0517040172448246,0.0584980603462884));
#1321=CARTESIAN_POINT('',(0.000967840106613799,0.05176340633061,0.0582944800345509));
#1322=CARTESIAN_POINT('',(0.000967854737846114,0.0517595934663568,0.0581832108070143));
#1323=CARTESIAN_POINT('',(0.000967893486708603,0.0516864078745587,0.0579841734369285));
#1324=CARTESIAN_POINT('',(0.000967917500561935,0.0516172311519846,0.0578969383544115));
#1325=CARTESIAN_POINT('',(0.000967941572113797,0.0515286690766965,0.0578386308934741));
#1326=CARTESIAN_POINT('',(0.00131476896330881,0.0512610568463443,0.058756234923699));
#1327=CARTESIAN_POINT('',(0.00131474906413505,0.0513670790120411,0.0587546929855595));
#1328=CARTESIAN_POINT('',(0.00131473366650554,0.0514723108529745,0.0587183373797063));
#1329=CARTESIAN_POINT('',(0.00131471774995462,0.0516410382066617,0.0585898718582));
#1330=CARTESIAN_POINT('',(0.00131471727366133,0.0517040818293137,0.0584981060023351));
#1331=CARTESIAN_POINT('',(0.00131473146678902,0.0517634719942214,0.0582945252604629));
#1332=CARTESIAN_POINT('',(0.00131474609819759,0.0517596594761525,0.0581832556098316));
#1333=CARTESIAN_POINT('',(0.00131478484746876,0.0516864740671764,0.05798421741058));
#1334=CARTESIAN_POINT('',(0.00131480886155204,0.0516172971833849,0.0578969819313768));
#1335=CARTESIAN_POINT('',(0.00131483293328626,0.051528734809447,0.0578386742738142));
#1336=CARTESIAN_POINT('',(0.00166166032374178,0.0512611182681103,0.0587562783488087));
#1337=CARTESIAN_POINT('',(0.0016616404243839,0.051367140804831,0.0587547373208584));
#1338=CARTESIAN_POINT('',(0.0016616250266052,0.0514723733090653,0.0587183823757332));
#1339=CARTESIAN_POINT('',(0.00166160910992022,0.051641102063904,0.0585899175133815));
#1340=CARTESIAN_POINT('',(0.001661608633643,0.0517041464145808,0.0584981516588018));
#1341=CARTESIAN_POINT('',(0.00166162282696407,0.0517635376587234,0.0582945704864442));
#1342=CARTESIAN_POINT('',(0.00166163745854892,0.0517597254868364,0.0581833004125231));
#1343=CARTESIAN_POINT('',(0.00166167620822886,0.051686540260559,0.057984261383754));
#1344=CARTESIAN_POINT('',(0.00166170022254212,0.0516173632154292,0.0578970255077093));
#1345=CARTESIAN_POINT('',(0.00166172429445874,0.0515288005426856,0.0578387176534182));
#1346=CARTESIAN_POINT('',(0.00303754122130667,0.0512613618863178,0.0587564505898156));
#1347=CARTESIAN_POINT('',(0.00303752132121841,0.0513673858953316,0.0587549131719904));
#1348=CARTESIAN_POINT('',(0.00303750592284782,0.0514726210311409,0.0587185608473148));
#1349=CARTESIAN_POINT('',(0.003037490005631,0.0516413553445625,0.0585900985985578));
#1350=CARTESIAN_POINT('',(0.00303748952941754,0.0517044025832697,0.0584983327484645));
#1351=CARTESIAN_POINT('',(0.00303750372350574,0.0517637981084472,0.0582947498672758));
#1352=CARTESIAN_POINT('',(0.00303751835578989,0.0517599873096192,0.0581834781136798));
#1353=CARTESIAN_POINT('',(0.00303755710709135,0.0516868028074958,0.0579844357933873));
#1354=CARTESIAN_POINT('',(0.00303758112231697,0.0516176251219701,0.057897198342727));
#1355=CARTESIAN_POINT('',(0.00303760519495721,0.0515290612634514,0.0578388897077372));
#1356=CARTESIAN_POINT('',(0.00406653075843776,0.0512615440828546,0.0587565794121655));
#1357=CARTESIAN_POINT('',(0.00406651085780296,0.0513675691945138,0.0587550446943285));
#1358=CARTESIAN_POINT('',(0.00406649545898948,0.0514728063000114,0.0587186943289604));
#1359=CARTESIAN_POINT('',(0.00406647954137469,0.0516415447731775,0.0585902340330077));
#1360=CARTESIAN_POINT('',(0.00406647906520892,0.0517045941727815,0.0584984681848979));
#1361=CARTESIAN_POINT('',(0.00406649325987109,0.0517639929006208,0.0582948840226052));
#1362=CARTESIAN_POINT('',(0.00406650789267846,0.051760183128637,0.0581836110110919));
#1363=CARTESIAN_POINT('',(0.00406654664519324,0.0516869991669688,0.0579845662260457));
#1364=CARTESIAN_POINT('',(0.00406657066110155,0.0516178210014212,0.0578973275964048));
#1365=CARTESIAN_POINT('',(0.00406659473428331,0.0515292562546976,0.0578390183766525));
#1366=CARTESIAN_POINT('',(0.00573863875627428,0.0512618401523989,0.058756788760314));
#1367=CARTESIAN_POINT('',(0.00573861885475087,0.0513678670583567,0.0587552584300547));
#1368=CARTESIAN_POINT('',(0.00573860345521731,0.0514731073671673,0.0587189112478191));
#1369=CARTESIAN_POINT('',(0.00573858753695544,0.0516418526041409,0.0585904541222272));
#1370=CARTESIAN_POINT('',(0.00573858706086716,0.0517049055168405,0.0584986882751443));
#1371=CARTESIAN_POINT('',(0.00573860125646241,0.0517643094506302,0.0582951020260625));
#1372=CARTESIAN_POINT('',(0.00573861589012041,0.0517605013472487,0.0581838269676501));
#1373=CARTESIAN_POINT('',(0.00573865464460779,0.0516873182620884,0.0579847781723543));
#1374=CARTESIAN_POINT('',(0.00573867866162608,0.0516181393147976,0.0578975376246444));
#1375=CARTESIAN_POINT('',(0.00573870273568839,0.0515295731225282,0.0578392274531628));
#1376=CARTESIAN_POINT('',(0.00638175721698026,0.0512619540253419,0.0587568692816764));
#1377=CARTESIAN_POINT('',(0.00638173731511496,0.0513679816220224,0.0587553406389702));
#1378=CARTESIAN_POINT('',(0.00638172191530436,0.0514732231635012,0.058718994680833));
#1379=CARTESIAN_POINT('',(0.00638170599679353,0.0516419710029599,0.0585905387738868));
#1380=CARTESIAN_POINT('',(0.00638170552073505,0.0517050252672428,0.0584987729266602));
#1381=CARTESIAN_POINT('',(0.00638171971668928,0.0517644312036985,0.058295185873748));
#1382=CARTESIAN_POINT('',(0.00638173435067454,0.0517606237420704,0.05818391002739));
#1383=CARTESIAN_POINT('',(0.00638177310592086,0.0516874409935821,0.0579848596884786));
#1384=CARTESIAN_POINT('',(0.00638179712336621,0.0516182617451925,0.0578976184025188));
#1385=CARTESIAN_POINT('',(0.00638182119776732,0.0515296949963964,0.0578393078646403));
#1386=CARTESIAN_POINT('',(0.00766799413839151,0.0512621817713099,0.0587570303300887));
#1387=CARTESIAN_POINT('',(0.0076679742358422,0.0513682107506342,0.0587555050625354));
#1388=CARTESIAN_POINT('',(0.00766795883547733,0.0514734547586811,0.0587191615522409));
#1389=CARTESIAN_POINT('',(0.00766794291646838,0.0516422078051378,0.0585907080811776));
#1390=CARTESIAN_POINT('',(0.00766794244046952,0.0517052647733754,0.0584989422326132));
#1391=CARTESIAN_POINT('',(0.00766795663714189,0.0517646747159514,0.0582953535696479));
#1392=CARTESIAN_POINT('',(0.00766797127178184,0.0517608685378268,0.0581840761460642));
#1393=CARTESIAN_POINT('',(0.0076680100285465,0.051687686461865,0.0579850227175077));
#1394=CARTESIAN_POINT('',(0.00766803404684624,0.0516185066104659,0.0578977799539761));
#1395=CARTESIAN_POINT('',(0.00766805812192524,0.0515299387475604,0.0578394686825818));
#1396=CARTESIAN_POINT('',(0.00831111259909677,0.0512622956443348,0.0587571108571386));
#1397=CARTESIAN_POINT('',(0.00831109269620533,0.051368325315589,0.0587555872771851));
#1398=CARTESIAN_POINT('',(0.00831107729556324,0.0514735705575447,0.0587192449906286));
#1399=CARTESIAN_POINT('',(0.00831106137630515,0.0516423262085212,0.0585907927367829));
#1400=CARTESIAN_POINT('',(0.0083110609003361,0.051705384529129,0.0584990268870109));
#1401=CARTESIAN_POINT('',(0.00831107509736763,0.0517647964751425,0.0582954374177997));
#1402=CARTESIAN_POINT('',(0.00831108973233503,0.051760990938753,0.0581841592049264));
#1403=CARTESIAN_POINT('',(0.00831112848985909,0.051687809198608,0.0579851042303354));
#1404=CARTESIAN_POINT('',(0.00831115250858618,0.0516186290452757,0.0578978607274869));
#1405=CARTESIAN_POINT('',(0.00831117658400425,0.0515300606247678,0.0578395490889875));
#1406=CARTESIAN_POINT('',(0.00998322059692951,0.0512625917143051,0.058757320234862));
#1407=CARTESIAN_POINT('',(0.00998320069314824,0.0513686231861347,0.058755801042729));
#1408=CARTESIAN_POINT('',(0.00998318529178512,0.0514738716378553,0.0587194619374311));
#1409=CARTESIAN_POINT('',(0.00998316937187903,0.0516426340632196,0.0585910128465203));
#1410=CARTESIAN_POINT('',(0.00998316889598748,0.0517056959010146,0.0584992469922429));
#1411=CARTESIAN_POINT('',(0.00998318309395308,0.0517651130569907,0.0582956554236821));
#1412=CARTESIAN_POINT('',(0.00998319772977207,0.051761309189108,0.0581843751569208));
#1413=CARTESIAN_POINT('',(0.00998323648927119,0.0516881283210237,0.0579853161595017));
#1414=CARTESIAN_POINT('',(0.00998326050910973,0.0516189473816093,0.0578980707330353));
#1415=CARTESIAN_POINT('',(0.00998328458540977,0.0515303775099623,0.0578397581391241));
#1416=CARTESIAN_POINT('',(0.0110122101340564,0.0512627739113137,0.0587574490899719));
#1417=CARTESIAN_POINT('',(0.0110121902297273,0.0513688064927417,0.0587559325980958));
#1418=CARTESIAN_POINT('',(0.0110121748279202,0.051474056921297,0.0587195954500299));
#1419=CARTESIAN_POINT('',(0.0110121589076151,0.0516428235181257,0.0585911483036976));
#1420=CARTESIAN_POINT('',(0.0110121584317713,0.0517058875213497,0.0584993824452756));
#1421=CARTESIAN_POINT('',(0.0110121726303119,0.0517653078844318,0.0582957895816977));
#1422=CARTESIAN_POINT('',(0.0110121872666552,0.0517615050432876,0.0581845080492776));
#1423=CARTESIAN_POINT('',(0.0110122260273704,0.0516883247107326,0.0579854465731717));
#1424=CARTESIAN_POINT('',(0.0110122500478932,0.05161914328649,0.0578981999615783));
#1425=CARTESIAN_POINT('',(0.0110122741247364,0.0515305725204424,0.0578398867788254));
#1426=CARTESIAN_POINT('',(0.013687582930584,0.0512632476238014,0.0587577841321854));
#1427=CARTESIAN_POINT('',(0.0136875630248295,0.0513692830941864,0.0587562746611349));
#1428=CARTESIAN_POINT('',(0.0136875476218676,0.0514745386666255,0.0587199426006854));
#1429=CARTESIAN_POINT('',(0.0136875317005245,0.0516433161160211,0.0585915005055439));
#1430=CARTESIAN_POINT('',(0.0136875312248047,0.0517063857519836,0.0584997346328309));
#1431=CARTESIAN_POINT('',(0.0136875454248411,0.0517658144561429,0.0582961383942138));
#1432=CARTESIAN_POINT('',(0.0136875600625482,0.0517620142844871,0.0581848535666255));
#1433=CARTESIAN_POINT('',(0.0136875988264266,0.0516888353415348,0.0579857856378918));
#1434=CARTESIAN_POINT('',(0.0136876228487297,0.0516196526540051,0.0578985359414068));
#1435=CARTESIAN_POINT('',(0.0136876469269858,0.0515310795589736,0.0578402212252818));
#1436=CARTESIAN_POINT('',(0.0153339661899831,0.0512635391394399,0.058757990330646));
#1437=CARTESIAN_POINT('',(0.0153339462833508,0.0513695763916094,0.0587564851802577));
#1438=CARTESIAN_POINT('',(0.0153339308796777,0.0514748351335908,0.0587201562494634));
#1439=CARTESIAN_POINT('',(0.0153339149576952,0.051643619268166,0.0585917172580488));
#1440=CARTESIAN_POINT('',(0.0153339144820517,0.0517066923730071,0.0584999513730418));
#1441=CARTESIAN_POINT('',(0.0153339286830092,0.0517661262126503,0.0582963530495384));
#1442=CARTESIAN_POINT('',(0.0153339433215562,0.0517623276836818,0.0581850661897398));
#1443=CARTESIAN_POINT('',(0.0153339820873827,0.0516891495930298,0.0579859942822255));
#1444=CARTESIAN_POINT('',(0.0153340061107823,0.0516199661253356,0.0578987426838533));
#1445=CARTESIAN_POINT('',(0.0153340301899088,0.0515313915935382,0.0578404270218079));
#1446=CARTESIAN_POINT('',(0.0186781821856329,0.0512641312810977,0.0587584092091254));
#1447=CARTESIAN_POINT('',(0.0186781622772158,0.0513701721605384,0.0587569128353992));
#1448=CARTESIAN_POINT('',(0.0186781468720967,0.0514754373488998,0.0587205902593333));
#1449=CARTESIAN_POINT('',(0.0186781309488143,0.0516442350762853,0.0585921575628977));
#1450=CARTESIAN_POINT('',(0.018678130473326,0.0517073152325308,0.0585003916458606));
#1451=CARTESIAN_POINT('',(0.0186781446761557,0.0517667595087976,0.0582967890713924));
#1452=CARTESIAN_POINT('',(0.0186781593164098,0.0517629643164443,0.0581854980747351));
#1453=CARTESIAN_POINT('',(0.0186781980861968,0.0516897879514023,0.0579864180692254));
#1454=CARTESIAN_POINT('',(0.0186782221118254,0.0516206028934834,0.0578991626005311));
#1455=CARTESIAN_POINT('',(0.0186782461927217,0.0515320254361286,0.0578408450123452));
#1456=CARTESIAN_POINT('',(0.0203760149218833,0.0512644319071331,0.0587586218903272));
#1457=CARTESIAN_POINT('',(0.0203759950125593,0.0513704746323236,0.0587571299726105));
#1458=CARTESIAN_POINT('',(0.0203759796067055,0.0514757430977928,0.058720810621535));
#1459=CARTESIAN_POINT('',(0.0203759636827625,0.0516445477332423,0.0585923811160277));
#1460=CARTESIAN_POINT('',(0.0203759632073529,0.0517076314721754,0.058500615179015));
#1461=CARTESIAN_POINT('',(0.0203759774111338,0.05176708104972,0.0582970104379343));
#1462=CARTESIAN_POINT('',(0.0203759920522553,0.0517632875512703,0.0581857173363357));
#1463=CARTESIAN_POINT('',(0.0203760308240545,0.0516901120593088,0.0579866332111011));
#1464=CARTESIAN_POINT('',(0.0203760548508159,0.0516209261911255,0.0578993757737565));
#1465=CARTESIAN_POINT('',(0.0203760789326117,0.0515323472447285,0.0578410572052223));
#1466=CARTESIAN_POINT('',(0.0220738476581312,0.0512647325334316,0.0587588345913491));
#1467=CARTESIAN_POINT('',(0.0220738277478995,0.0513707771085783,0.0587573471298093));
#1468=CARTESIAN_POINT('',(0.0220738123413102,0.0514760488554801,0.0587210310024733));
#1469=CARTESIAN_POINT('',(0.0220737964167061,0.0516448604060895,0.0585926046829263));
#1470=CARTESIAN_POINT('',(0.0220737959413752,0.0517079477304563,0.0585008387222338));
#1471=CARTESIAN_POINT('',(0.022073810146108,0.0517674026119773,0.0582972318061266));
#1472=CARTESIAN_POINT('',(0.0220738247880975,0.0517636108073728,0.0581859365949032));
#1473=CARTESIAN_POINT('',(0.0220738635619107,0.0516904361855219,0.0579868483415111));
#1474=CARTESIAN_POINT('',(0.0220738875898057,0.0516212495041712,0.0578995889317943));
#1475=CARTESIAN_POINT('',(0.0220739116725019,0.0515326690649869,0.0578412693804394));
#1476=EDGE_LOOP('',(#1980,#1981,#1982,#1983));
#1477=CARTESIAN_POINT('',(0.000886683218004954,0.0437194104700332,0.0694066571720889));
#1478=CARTESIAN_POINT('',(0.000886692643538172,0.0438071063564669,0.0694643943519938));
#1479=CARTESIAN_POINT('',(0.000886702052262998,0.0439133407414155,0.0694934819333786));
#1480=CARTESIAN_POINT('',(0.000886717311797292,0.0441230934759027,0.0694834623395374));
#1481=CARTESIAN_POINT('',(0.000886723123299924,0.0442260715261435,0.0694443809736507));
#1482=CARTESIAN_POINT('',(0.000886728932916827,0.0443896577105716,0.0693127141124101));
#1483=CARTESIAN_POINT('',(0.00088672891606618,0.0444498444652675,0.0692204677759846));
#1484=CARTESIAN_POINT('',(0.000886723045358569,0.0445044606829887,0.0690177027128061));
#1485=CARTESIAN_POINT('',(0.000886717206623883,0.0444987494608202,0.0689077062859005));
#1486=CARTESIAN_POINT('',(0.000886709558038244,0.0444610885558779,0.0688096970684256));
#1487=CARTESIAN_POINT('',(0.00126065897135695,0.0437193823846577,0.0694066387792788));
#1488=CARTESIAN_POINT('',(0.00126066839685658,0.0438070779586478,0.0694643757534774));
#1489=CARTESIAN_POINT('',(0.0012606778055482,0.043913311897487,0.0694934633408734));
#1490=CARTESIAN_POINT('',(0.00126069306505297,0.0441230639071544,0.0694834442535162));
#1491=CARTESIAN_POINT('',(0.00126069887655992,0.0442260416881789,0.0694443633864335));
#1492=CARTESIAN_POINT('',(0.00126070468623663,0.0443896278808288,0.0693126977286291));
#1493=CARTESIAN_POINT('',(0.00126070466944153,0.0444498149188899,0.0692204520889483));
#1494=CARTESIAN_POINT('',(0.00126069879887545,0.0445044323073317,0.0690176881159379));
#1495=CARTESIAN_POINT('',(0.00126069296022618,0.0444987219714889,0.0689076920722749));
#1496=CARTESIAN_POINT('',(0.00126068531171724,0.0444610620806449,0.068809682865871));
#1497=CARTESIAN_POINT('',(0.00163463472470894,0.0437193542992822,0.0694066203864688));
#1498=CARTESIAN_POINT('',(0.00163464415017499,0.0438070495608289,0.069464357154961));
#1499=CARTESIAN_POINT('',(0.00163465355883341,0.0439132830535597,0.0694934447483669));
#1500=CARTESIAN_POINT('',(0.00163466881830865,0.0441230343384059,0.0694834261674886));
#1501=CARTESIAN_POINT('',(0.00163467462981991,0.0442260118502116,0.069444345799206));
#1502=CARTESIAN_POINT('',(0.00163468043955642,0.044389598051072,0.0693126813448332));
#1503=CARTESIAN_POINT('',(0.00163468042281687,0.0444497853724896,0.0692204364018965));
#1504=CARTESIAN_POINT('',(0.00163467455239233,0.0445044039316329,0.0690176735190635));
#1505=CARTESIAN_POINT('',(0.00163466871382847,0.0444986944821057,0.0689076778586528));
#1506=CARTESIAN_POINT('',(0.00163466106539624,0.0444610356053545,0.0688096686633355));
#1507=CARTESIAN_POINT('',(0.00303760021062873,0.0437192489373377,0.0694065513860659));
#1508=CARTESIAN_POINT('',(0.0030376096359688,0.0438069430267584,0.0694642873828542));
#1509=CARTESIAN_POINT('',(0.00303761904450264,0.0439131748459234,0.0694933749988013));
#1510=CARTESIAN_POINT('',(0.00303763430386712,0.0441229234116081,0.0694833583179517));
#1511=CARTESIAN_POINT('',(0.00303764011539457,0.0442258999134332,0.0694442798208959));
#1512=CARTESIAN_POINT('',(0.00303764592535542,0.0443894861450529,0.0693126198811625));
#1513=CARTESIAN_POINT('',(0.00303764590882425,0.0444496745294454,0.0692203775520499));
#1514=CARTESIAN_POINT('',(0.00303764003893068,0.0445042974803879,0.0690176187590366));
#1515=CARTESIAN_POINT('',(0.00303763420068724,0.0444985913558232,0.0689076245364291));
#1516=CARTESIAN_POINT('',(0.00303762655254275,0.0444609362834065,0.0688096153827606));
#1517=CARTESIAN_POINT('',(0.00406658994319653,0.0437191716607688,0.069406500778473));
#1518=CARTESIAN_POINT('',(0.0040665993684442,0.0438068648905015,0.0694642362092603));
#1519=CARTESIAN_POINT('',(0.00406660877688667,0.0439130954822065,0.0694933238417302));
#1520=CARTESIAN_POINT('',(0.00406662403616991,0.0441228420535266,0.0694833085544063));
#1521=CARTESIAN_POINT('',(0.00406662984770922,0.0442258178145674,0.0694442314297622));
#1522=CARTESIAN_POINT('',(0.00406663565783462,0.0443894040686621,0.0693125748012314));
#1523=CARTESIAN_POINT('',(0.00406663564145628,0.0444495932326215,0.06922033438921));
#1524=CARTESIAN_POINT('',(0.00406662977195213,0.044504219404561,0.0690175785959221));
#1525=CARTESIAN_POINT('',(0.00406662393394369,0.0444985157185951,0.0689075854279383));
#1526=CARTESIAN_POINT('',(0.00406661628601026,0.0444608634364051,0.068809576304934));
#1527=CARTESIAN_POINT('',(0.00573869825861919,0.0437190460863444,0.0694064185411346));
#1528=CARTESIAN_POINT('',(0.00573870768371672,0.0438067379190922,0.0694641530521756));
#1529=CARTESIAN_POINT('',(0.00573871709201071,0.0439129665161955,0.0694932407114791));
#1530=CARTESIAN_POINT('',(0.00573873235116194,0.0441227098466698,0.0694832276885602));
#1531=CARTESIAN_POINT('',(0.00573873816272053,0.0442256844039094,0.0694441527940277));
#1532=CARTESIAN_POINT('',(0.00573874397311328,0.0443892706943871,0.0693125015461219));
#1533=CARTESIAN_POINT('',(0.00573874395698329,0.0444494611250298,0.0692202642493545));
#1534=CARTESIAN_POINT('',(0.00573873808811194,0.0445040925308334,0.069017513330713));
#1535=CARTESIAN_POINT('',(0.00573873225048538,0.0444983928074492,0.0689075218766074));
#1536=CARTESIAN_POINT('',(0.00573872460289492,0.0444607450592913,0.0688095128036221));
#1537=CARTESIAN_POINT('',(0.00638181684147406,0.0437189977884888,0.069406386911389));
#1538=CARTESIAN_POINT('',(0.00638182626651384,0.0438066890839315,0.0694641210686794));
#1539=CARTESIAN_POINT('',(0.00638183567475073,0.0439129169138778,0.0694932087382996));
#1540=CARTESIAN_POINT('',(0.00638185093385118,0.0441226589978598,0.0694831965862964));
#1541=CARTESIAN_POINT('',(0.00638185674541718,0.044225633092088,0.0694441225494938));
#1542=CARTESIAN_POINT('',(0.00638186255591276,0.044389219396526,0.0693124733710603));
#1543=CARTESIAN_POINT('',(0.00638186253987828,0.0444494103143322,0.0692202372724747));
#1544=CARTESIAN_POINT('',(0.00638185667125032,0.0445040437331186,0.0690174882287378));
#1545=CARTESIAN_POINT('',(0.00638185083377064,0.0444983455337852,0.0689074974338502));
#1546=CARTESIAN_POINT('',(0.00638184318631208,0.0444606995294822,0.0688094883801489));
#1547=CARTESIAN_POINT('',(0.00766805400718381,0.0437189011927777,0.069406323651898));
#1548=CARTESIAN_POINT('',(0.00766806343210809,0.0438065914136167,0.0694640571016912));
#1549=CARTESIAN_POINT('',(0.00766807284023077,0.0439128177092627,0.0694931447919373));
#1550=CARTESIAN_POINT('',(0.00766808809922966,0.0441225573002649,0.0694831343817253));
#1551=CARTESIAN_POINT('',(0.00766809391081048,0.0442255304684595,0.0694440620603508));
#1552=CARTESIAN_POINT('',(0.00766809972151172,0.0443891168007514,0.0693124170208137));
#1553=CARTESIAN_POINT('',(0.00766809970566826,0.0444493086928278,0.0692201833185764));
#1554=CARTESIAN_POINT('',(0.00766809383752706,0.0445039461374469,0.069017438024684));
#1555=CARTESIAN_POINT('',(0.00766808800034113,0.0444982509861397,0.068907448548284));
#1556=CARTESIAN_POINT('',(0.00766808035314639,0.0444606084694962,0.0688094395332419));
#1557=CARTESIAN_POINT('',(0.00831117259003868,0.0437188528949222,0.0694062920221524));
#1558=CARTESIAN_POINT('',(0.00831118201490521,0.043806542578456,0.0694640251181949));
#1559=CARTESIAN_POINT('',(0.00831119142297078,0.0439127681069493,0.0694931128187502));
#1560=CARTESIAN_POINT('',(0.00831120668191889,0.0441225064514485,0.0694831032794246));
#1561=CARTESIAN_POINT('',(0.00831121249350712,0.0442254791566154,0.0694440318157587));
#1562=CARTESIAN_POINT('',(0.00831121830431119,0.0443890655028009,0.0693123888456711));
#1563=CARTESIAN_POINT('',(0.00831121828856324,0.0444492578819902,0.0692201563416152));
#1564=CARTESIAN_POINT('',(0.00831121242066542,0.0445038973394838,0.0690174129226857));
#1565=CARTESIAN_POINT('',(0.00831120658362636,0.0444982037121707,0.0689074241055636));
#1566=CARTESIAN_POINT('',(0.00831119893656354,0.0444605629393533,0.0688094151098968));
#1567=CARTESIAN_POINT('',(0.00998328090546135,0.0437187273204977,0.069406209784814));
#1568=CARTESIAN_POINT('',(0.00998329033017773,0.0438064156070467,0.0694639419611102));
#1569=CARTESIAN_POINT('',(0.00998329973809483,0.0439126391409609,0.0694930296884592));
#1570=CARTESIAN_POINT('',(0.00998331499691091,0.0441223742445581,0.0694830224133861));
#1571=CARTESIAN_POINT('',(0.0099833208085184,0.0442253457458391,0.0694439531797216));
#1572=CARTESIAN_POINT('',(0.0099833266195898,0.0443889321280613,0.0693123155901399));
#1573=CARTESIAN_POINT('',(0.00998332660409017,0.0444491257736702,0.0692200862013359));
#1574=CARTESIAN_POINT('',(0.00998332073682513,0.0445037704644648,0.0690173476573559));
#1575=CARTESIAN_POINT('',(0.00998331490016794,0.0444980807994384,0.0689073605544237));
#1576=CARTESIAN_POINT('',(0.0099833072534481,0.0444604445605039,0.0688093516092517));
#1577=CARTESIAN_POINT('',(0.0110122706380291,0.0437186500439288,0.0694061591772211));
#1578=CARTESIAN_POINT('',(0.0110122800626531,0.0438063374707898,0.0694638907875163));
#1579=CARTESIAN_POINT('',(0.0110122894704789,0.0439125597772689,0.069492978531344));
#1580=CARTESIAN_POINT('',(0.0110123047292137,0.0441222928864394,0.0694829726496278));
#1581=CARTESIAN_POINT('',(0.011012310540833,0.0442252636468424,0.0694439047882527));
#1582=CARTESIAN_POINT('',(0.0110123163520689,0.0443888500511559,0.0693122705097418));
#1583=CARTESIAN_POINT('',(0.0110123163367221,0.0444490444760396,0.0692200430380267));
#1584=CARTESIAN_POINT('',(0.0110123104698465,0.0445036923872074,0.0690173074941079));
#1585=CARTESIAN_POINT('',(0.0110123046334243,0.0444980051604531,0.0689073214461446));
#1586=CARTESIAN_POINT('',(0.0110122969869155,0.04446037171158,0.0688093125321635));
#1587=CARTESIAN_POINT('',(0.0136876439427054,0.0437184491248497,0.0694060275974797));
#1588=CARTESIAN_POINT('',(0.0136876533670892,0.0438061343165345,0.0694637577361805));
#1589=CARTESIAN_POINT('',(0.0136876627746773,0.0439123534317153,0.0694928455228271));
#1590=CARTESIAN_POINT('',(0.0136876780332009,0.0441220813553698,0.0694828432637205));
#1591=CARTESIAN_POINT('',(0.0136876838448511,0.0442250501894467,0.069443778970207));
#1592=CARTESIAN_POINT('',(0.0136876896565146,0.0443886366509757,0.0693121533003548));
#1593=CARTESIAN_POINT('',(0.0136876896415651,0.0444488331017935,0.0692199308130411));
#1594=CARTESIAN_POINT('',(0.0136876837757019,0.0445034893855238,0.0690172030694309));
#1595=CARTESIAN_POINT('',(0.0136876779398907,0.0444978084980517,0.0689072197645707));
#1596=CARTESIAN_POINT('',(0.0136876702939307,0.0444601823032013,0.0688092109319898));
#1597=CARTESIAN_POINT('',(0.0153340275148139,0.0437183254823395,0.0694059466253311));
#1598=CARTESIAN_POINT('',(0.0153340369390498,0.0438060092985247,0.0694636758584311));
#1599=CARTESIAN_POINT('',(0.0153340463464918,0.0439122264498342,0.0694927636714028));
#1600=CARTESIAN_POINT('',(0.0153340616048853,0.0441219511823512,0.0694827636415091));
#1601=CARTESIAN_POINT('',(0.0153340674165544,0.0442249188309377,0.0694437015435437));
#1602=CARTESIAN_POINT('',(0.0153340732284812,0.0443885053274581,0.0693120811712781));
#1603=CARTESIAN_POINT('',(0.0153340732137761,0.0444487030248446,0.0692198617513018));
#1604=CARTESIAN_POINT('',(0.0153340673485359,0.0445033644605908,0.0690171388080955));
#1605=CARTESIAN_POINT('',(0.0153340615131007,0.0444976874740484,0.0689071571915033));
#1606=CARTESIAN_POINT('',(0.0153340538674784,0.0444600657431393,0.0688091484093147));
#1607=CARTESIAN_POINT('',(0.0186782441456592,0.0437180743334906,0.0694057821506542));
#1608=CARTESIAN_POINT('',(0.0186782535695948,0.0438057553557038,0.0694635095442602));
#1609=CARTESIAN_POINT('',(0.0186782629767399,0.0439119685179455,0.0694925974106536));
#1610=CARTESIAN_POINT('',(0.0186782782348693,0.0441216867684198,0.0694826019086345));
#1611=CARTESIAN_POINT('',(0.0186782840465769,0.0442246520088805,0.0694435442702165));
#1612=CARTESIAN_POINT('',(0.0186782898590382,0.0443882385760337,0.0693119346584762));
#1613=CARTESIAN_POINT('',(0.0186782898448297,0.0444484388051646,0.0692197214690003));
#1614=CARTESIAN_POINT('',(0.0186782839808549,0.0445031107051788,0.0690170082769616));
#1615=CARTESIAN_POINT('',(0.0186782781461834,0.0444974416419889,0.068907030090048));
#1616=CARTESIAN_POINT('',(0.0186782705012471,0.0444598289782315,0.068809021410827));
#1617=CARTESIAN_POINT('',(0.0203760772043961,0.0437179468271519,0.069405698648126));
#1618=CARTESIAN_POINT('',(0.0203760866281792,0.0438056264308839,0.0694634251078329));
#1619=CARTESIAN_POINT('',(0.0203760960351735,0.0439118375679169,0.0694925130013213));
#1620=CARTESIAN_POINT('',(0.0203761112931689,0.0441215525274629,0.0694825197979725));
#1621=CARTESIAN_POINT('',(0.020376117104896,0.0442245165452771,0.0694434644235636));
#1622=CARTESIAN_POINT('',(0.0203761229176286,0.044388103148058,0.069311860274792));
#1623=CARTESIAN_POINT('',(0.0203761229036722,0.0444483046623623,0.069219650248499));
#1624=CARTESIAN_POINT('',(0.0203761170403398,0.0445029818746396,0.0690169420072675));
#1625=CARTESIAN_POINT('',(0.0203761112060561,0.0444973168338863,0.0689069655617882));
#1626=CARTESIAN_POINT('',(0.0203761035614681,0.0444597087733625,0.0688089569351618));
#1627=CARTESIAN_POINT('',(0.0220739102631329,0.0437178193208132,0.0694056151455977));
#1628=CARTESIAN_POINT('',(0.0220739196867636,0.0438054975060656,0.0694633406714066));
#1629=CARTESIAN_POINT('',(0.0220739290936071,0.0439117066179075,0.0694924285919634));
#1630=CARTESIAN_POINT('',(0.0220739443514684,0.0441214182864915,0.0694824376871799));
#1631=CARTESIAN_POINT('',(0.022073950163215,0.0442243810816041,0.0694433845767036));
#1632=CARTESIAN_POINT('',(0.022073955976219,0.0443879677197806,0.0693117858908142));
#1633=CARTESIAN_POINT('',(0.0220739559625147,0.04444817051908,0.0692195790276988));
#1634=CARTESIAN_POINT('',(0.0220739500998247,0.0445028530432367,0.0690168757374716));
#1635=CARTESIAN_POINT('',(0.0220739442659287,0.0444971920247174,0.0689069010336332));
#1636=CARTESIAN_POINT('',(0.022073936621689,0.0444595885673214,0.0688088924599199));
#1637=EDGE_LOOP('',(#1984,#1985,#1986,#1987));
#1638=AXIS2_PLACEMENT_3D('',#1988,#1989,#1990);
#1639=EDGE_LOOP('',(#1991,#1992,#1993,#1994));
#1640=AXIS2_PLACEMENT_3D('',#1995,#1996,#1997);
#1641=EDGE_LOOP('',(#1998,#1999,#2000,#2001));
#1642=AXIS2_PLACEMENT_3D('',#2002,#2003,#2004);
#1643=EDGE_LOOP('',(#2005,#2006));
#1644=EDGE_LOOP('',(#2007,#2008));
#1645=AXIS2_PLACEMENT_3D('',#2009,#2010,#2011);
#1646=EDGE_LOOP('',(#2012,#2013,#2014,#2015,#2016));
#1647=AXIS2_PLACEMENT_3D('',#2017,#2018,#2019);
#1648=EDGE_LOOP('',(#2020,#2021,#2022,#2023));
#1649=AXIS2_PLACEMENT_3D('',#2024,#2025,#2026);
#1650=EDGE_LOOP('',(#2027,#2028,#2029,#2030));
#1651=AXIS2_PLACEMENT_3D('',#2031,#2032,#2033);
#1652=EDGE_LOOP('',(#2034,#2035,#2036,#2037));
#1653=AXIS2_PLACEMENT_3D('',#2038,#2039,#2040);
#1654=FILL_AREA_STYLE_COLOUR('',#2041);
#1655=ORIENTED_EDGE('',*,*,#2042,.F.);
#1656=ORIENTED_EDGE('',*,*,#2043,.T.);
#1657=ORIENTED_EDGE('',*,*,#2044,.T.);
#1658=ORIENTED_EDGE('',*,*,#2045,.T.);
#1659=ORIENTED_EDGE('',*,*,#2046,.F.);
#1660=ORIENTED_EDGE('',*,*,#2047,.T.);
#1661=ORIENTED_EDGE('',*,*,#2048,.T.);
#1662=ORIENTED_EDGE('',*,*,#2049,.T.);
#1663=ORIENTED_EDGE('',*,*,#2050,.F.);
#1664=ORIENTED_EDGE('',*,*,#2051,.T.);
#1665=ORIENTED_EDGE('',*,*,#2052,.F.);
#1666=ORIENTED_EDGE('',*,*,#2053,.T.);
#1667=CARTESIAN_POINT('',(0.00832507685900161,0.0512893728166964,0.0660562794269069));
#1668=DIRECTION('',(0.999999991800562,-7.09905951038802E-06,0.000127861175537661));
#1669=DIRECTION('',(-7.09907778214573E-06,-0.999999999974791,1.42449247306209E-07));
#1670=ORIENTED_EDGE('',*,*,#2054,.F.);
#1671=ORIENTED_EDGE('',*,*,#2055,.F.);
#1672=ORIENTED_EDGE('',*,*,#2056,.F.);
#1673=ORIENTED_EDGE('',*,*,#2057,.F.);
#1674=CARTESIAN_POINT('',(0.00932507685080217,0.0512893657176369,0.0660564072880825));
#1675=DIRECTION('',(-0.999999991800562,7.09905951038845E-06,-0.000127861175537647));
#1676=DIRECTION('',(7.09907778214616E-06,0.999999999974791,-1.42449247305485E-07));
#1677=ORIENTED_EDGE('',*,*,#2058,.F.);
#1678=ORIENTED_EDGE('',*,*,#2059,.T.);
#1679=ORIENTED_EDGE('',*,*,#2060,.F.);
#1680=ORIENTED_EDGE('',*,*,#2061,.T.);
#1681=CARTESIAN_POINT('',(0.00232507690819824,0.0512894154110535,0.0660555122598537));
#1682=DIRECTION('',(0.999999991800562,-7.09905951038845E-06,0.000127861175537654));
#1683=DIRECTION('',(-7.09907778214616E-06,-0.999999999974791,1.42449247304171E-07));
#1684=ORIENTED_EDGE('',*,*,#2062,.F.);
#1685=ORIENTED_EDGE('',*,*,#2063,.F.);
#1686=ORIENTED_EDGE('',*,*,#2064,.F.);
#1687=ORIENTED_EDGE('',*,*,#2065,.F.);
#1688=CARTESIAN_POINT('',(0.00432507689179936,0.0512894012129345,0.0660557679822048));
#1689=DIRECTION('',(-0.999999991800562,7.09905951038845E-06,-0.00012786117553764));
#1690=DIRECTION('',(7.09907778214616E-06,0.999999999974791,-1.42449247305485E-07));
#1691=ORIENTED_EDGE('',*,*,#2066,.F.);
#1692=ORIENTED_EDGE('',*,*,#2067,.T.);
#1693=ORIENTED_EDGE('',*,*,#2068,.F.);
#1694=ORIENTED_EDGE('',*,*,#2069,.T.);
#1695=CARTESIAN_POINT('',(0.00232507690819824,0.0512894154110535,0.0660555122598537));
#1696=DIRECTION('',(0.999999991800562,-7.09905951038845E-06,0.000127861175537654));
#1697=DIRECTION('',(-7.09907778214616E-06,-0.999999999974791,1.42449247312118E-07));
#1698=ORIENTED_EDGE('',*,*,#2070,.F.);
#1699=ORIENTED_EDGE('',*,*,#2071,.F.);
#1700=ORIENTED_EDGE('',*,*,#2072,.F.);
#1701=ORIENTED_EDGE('',*,*,#2073,.T.);
#1702=CARTESIAN_POINT('',(0.0205250767589685,0.0512892862081704,0.0660578393332485));
#1703=DIRECTION('',(-0.999999991800562,7.09905951038803E-06,-0.000127861175537661));
#1704=DIRECTION('',(2.48248183326222E-05,0.99026805747628,-0.139173178902698));
#1705=ORIENTED_EDGE('',*,*,#2074,.F.);
#1706=ORIENTED_EDGE('',*,*,#2075,.T.);
#1707=ORIENTED_EDGE('',*,*,#2076,.F.);
#1708=ORIENTED_EDGE('',*,*,#2077,.F.);
#1709=CARTESIAN_POINT('',(0.0205250645265386,0.0513685311392044,0.0661579087577781));
#1710=DIRECTION('',(0.999999991800562,-7.09905951038802E-06,0.000127861175537661));
#1711=DIRECTION('',(2.48248183326222E-05,0.99026805747628,-0.139173178902698));
#1712=ORIENTED_EDGE('',*,*,#2078,.F.);
#1713=ORIENTED_EDGE('',*,*,#2079,.T.);
#1714=ORIENTED_EDGE('',*,*,#2080,.T.);
#1715=ORIENTED_EDGE('',*,*,#2081,.T.);
#1716=CARTESIAN_POINT('',(0.044431997563238,0.0429995572439747,0.042860644084405));
#1717=DIRECTION('',(0.999999999947585,-1.02386147236967E-05,-7.56186742889733E-12));
#1718=DIRECTION('',(7.23979322860186E-06,0.707107237711618,-0.70710632462412));
#1719=ORIENTED_EDGE('',*,*,#2082,.F.);
#1720=ORIENTED_EDGE('',*,*,#2083,.T.);
#1721=ORIENTED_EDGE('',*,*,#2084,.T.);
#1722=ORIENTED_EDGE('',*,*,#2085,.T.);
#1723=CARTESIAN_POINT('',(0.00748818712512624,0.0410204608866073,0.042860644088811));
#1724=DIRECTION('',(-0.999999999999921,3.98144130437787E-07,7.5823818264098E-12));
#1725=DIRECTION('',(-2.8153577666268E-07,-0.707106782660591,-0.707106779712448));
#1726=ORIENTED_EDGE('',*,*,#2086,.F.);
#1727=ORIENTED_EDGE('',*,*,#2087,.T.);
#1728=ORIENTED_EDGE('',*,*,#2088,.T.);
#1729=ORIENTED_EDGE('',*,*,#2089,.F.);
#1730=CARTESIAN_POINT('',(0.0520022100876154,0.0390204431829353,0.0521306440926429));
#1731=DIRECTION('',(0.999999999999921,-3.98144130437787E-07,-7.58243733752934E-12));
#1732=DIRECTION('',(2.81535776701932E-07,0.707106782660591,0.707106779712448));
#1733=ORIENTED_EDGE('',*,*,#2090,.F.);
#1734=ORIENTED_EDGE('',*,*,#2091,.F.);
#1735=ORIENTED_EDGE('',*,*,#2092,.T.);
#1736=ORIENTED_EDGE('',*,*,#2093,.T.);
#1737=CARTESIAN_POINT('',(0.0517167467624375,0.0301804433007595,0.0541306441110738));
#1738=DIRECTION('',(-0.999999999999921,3.98144130832531E-07,7.58243733755458E-12));
#1739=DIRECTION('',(-2.81535776981059E-07,-0.707106782660591,-0.707106779712448));
#1740=ORIENTED_EDGE('',*,*,#2094,.F.);
#1741=ORIENTED_EDGE('',*,*,#2095,.T.);
#1742=ORIENTED_EDGE('',*,*,#2096,.T.);
#1743=ORIENTED_EDGE('',*,*,#2097,.T.);
#1744=CARTESIAN_POINT('',(0.00742398424238343,0.0301804609464304,0.0592956177092125));
#1745=DIRECTION('',(0.999999999999921,-3.98144130832531E-07,-7.579922353038E-12));
#1746=DIRECTION('',(-3.50487534257598E-07,-0.880312185942972,0.474394830579111));
#1747=ORIENTED_EDGE('',*,*,#2098,.F.);
#1748=ORIENTED_EDGE('',*,*,#2043,.F.);
#1749=ORIENTED_EDGE('',*,*,#2099,.F.);
#1750=ORIENTED_EDGE('',*,*,#2100,.T.);
#1751=CARTESIAN_POINT('',(-0.00262383747726328,0.0446704649228299,0.0477434315157056));
#1752=DIRECTION('',(-3.98144130437771E-07,-0.999999999999921,2.08469686130176E-09));
#1753=DIRECTION('',(-0.999780683474608,3.98100469447524E-07,0.0209424198909237));
#1754=ORIENTED_EDGE('',*,*,#2101,.F.);
#1755=ORIENTED_EDGE('',*,*,#2102,.T.);
#1756=ORIENTED_EDGE('',*,*,#2103,.T.);
#1757=ORIENTED_EDGE('',*,*,#2104,.T.);
#1758=CARTESIAN_POINT('',(0.036753965430234,0.0454996239404849,0.0520733294411162));
#1759=DIRECTION('',(0.999999999926598,-1.02386063436095E-05,-6.47876684914468E-06));
#1760=DIRECTION('',(-5.93968327044166E-06,-0.880312493215216,0.474394260350955));
#1761=ORIENTED_EDGE('',*,*,#2105,.F.);
#1762=ORIENTED_EDGE('',*,*,#2047,.F.);
#1763=ORIENTED_EDGE('',*,*,#2106,.F.);
#1764=ORIENTED_EDGE('',*,*,#2107,.T.);
#1765=CARTESIAN_POINT('',(0.0157761625218444,0.0446704575969779,0.0477434315155661));
#1766=DIRECTION('',(-3.98144130437771E-07,-0.999999999999921,2.08469686130176E-09));
#1767=DIRECTION('',(-0.999780683474608,3.98100469447524E-07,0.0209424198909237));
#1768=ORIENTED_EDGE('',*,*,#2046,.T.);
#1769=ORIENTED_EDGE('',*,*,#2108,.T.);
#1770=ORIENTED_EDGE('',*,*,#2048,.F.);
#1771=ORIENTED_EDGE('',*,*,#2109,.T.);
#1772=ORIENTED_EDGE('',*,*,#2110,.F.);
#1773=ORIENTED_EDGE('',*,*,#2045,.F.);
#1774=ORIENTED_EDGE('',*,*,#2111,.F.);
#1775=ORIENTED_EDGE('',*,*,#2112,.F.);
#1776=ORIENTED_EDGE('',*,*,#2080,.F.);
#1777=ORIENTED_EDGE('',*,*,#2113,.F.);
#1778=ORIENTED_EDGE('',*,*,#2108,.F.);
#1779=ORIENTED_EDGE('',*,*,#2049,.F.);
#1780=CARTESIAN_POINT('',(0.0809820629368283,0.0439991451946563,0.0721062198368812));
#1781=DIRECTION('',(-1.02386147236979E-05,-0.999999999946749,-1.29343783316579E-06));
#1782=DIRECTION('',(0.642787609796678,-7.57208555072664E-06,0.766044442989137));
#1783=ORIENTED_EDGE('',*,*,#2105,.T.);
#1784=ORIENTED_EDGE('',*,*,#2114,.T.);
#1785=ORIENTED_EDGE('',*,*,#2106,.T.);
#1786=ORIENTED_EDGE('',*,*,#2109,.F.);
#1787=CARTESIAN_POINT('',(0.0157761625218444,0.0446704575969779,0.0477434315155661));
#1788=DIRECTION('',(-3.98144130437771E-07,-0.999999999999921,2.08469686130176E-09));
#1789=DIRECTION('',(-0.999780683474608,3.98100469447524E-07,0.0209424198909237));
#1790=ORIENTED_EDGE('',*,*,#2100,.F.);
#1791=ORIENTED_EDGE('',*,*,#2115,.F.);
#1792=ORIENTED_EDGE('',*,*,#2107,.F.);
#1793=ORIENTED_EDGE('',*,*,#2114,.F.);
#1794=ORIENTED_EDGE('',*,*,#2116,.T.);
#1795=ORIENTED_EDGE('',*,*,#2084,.F.);
#1796=ORIENTED_EDGE('',*,*,#2117,.T.);
#1797=ORIENTED_EDGE('',*,*,#2088,.F.);
#1798=CARTESIAN_POINT('',(0.00709446694382133,0.0400204610548056,0.0483487209770256));
#1799=DIRECTION('',(3.98144130437771E-07,0.999999999999921,-2.08469686130176E-09));
#1800=DIRECTION('',(-0.819152044293272,3.24944845374928E-07,-0.573576436344841));
#1801=ORIENTED_EDGE('',*,*,#2101,.T.);
#1802=ORIENTED_EDGE('',*,*,#2118,.T.);
#1803=ORIENTED_EDGE('',*,*,#2111,.T.);
#1804=ORIENTED_EDGE('',*,*,#2119,.T.);
#1805=CARTESIAN_POINT('',(0.036753965430234,0.0454996239404849,0.0520733294411162));
#1806=DIRECTION('',(0.999999999926598,-1.02386063436095E-05,-6.47876684914468E-06));
#1807=DIRECTION('',(-5.93968327044166E-06,-0.880312493215216,0.474394260350955));
#1808=ORIENTED_EDGE('',*,*,#2042,.T.);
#1809=ORIENTED_EDGE('',*,*,#2110,.T.);
#1810=ORIENTED_EDGE('',*,*,#2044,.F.);
#1811=ORIENTED_EDGE('',*,*,#2120,.T.);
#1812=ORIENTED_EDGE('',*,*,#2098,.T.);
#1813=ORIENTED_EDGE('',*,*,#2115,.T.);
#1814=ORIENTED_EDGE('',*,*,#2099,.T.);
#1815=ORIENTED_EDGE('',*,*,#2120,.F.);
#1816=CARTESIAN_POINT('',(-0.00262383747726328,0.0446704649228299,0.0477434315157056));
#1817=DIRECTION('',(-3.98144130437771E-07,-0.999999999999921,2.08469686130176E-09));
#1818=DIRECTION('',(-0.999780683474608,3.98100469447524E-07,0.0209424198909237));
#1819=ORIENTED_EDGE('',*,*,#2094,.T.);
#1820=ORIENTED_EDGE('',*,*,#2121,.T.);
#1821=ORIENTED_EDGE('',*,*,#2122,.T.);
#1822=ORIENTED_EDGE('',*,*,#2123,.T.);
#1823=CARTESIAN_POINT('',(0.00742398424238343,0.0301804609464304,0.0592956177092125));
#1824=DIRECTION('',(0.999999999999921,-3.98144130832531E-07,-7.579922353038E-12));
#1825=DIRECTION('',(-3.50487534257598E-07,-0.880312185942972,0.474394830579111));
#1826=ORIENTED_EDGE('',*,*,#2124,.T.);
#1827=ORIENTED_EDGE('',*,*,#2063,.T.);
#1828=ORIENTED_EDGE('',*,*,#2125,.T.);
#1829=ORIENTED_EDGE('',*,*,#2123,.F.);
#1830=ORIENTED_EDGE('',*,*,#2126,.F.);
#1831=ORIENTED_EDGE('',*,*,#2127,.F.);
#1832=ORIENTED_EDGE('',*,*,#2073,.F.);
#1833=ORIENTED_EDGE('',*,*,#2128,.T.);
#1834=ORIENTED_EDGE('',*,*,#2102,.F.);
#1835=ORIENTED_EDGE('',*,*,#2119,.F.);
#1836=ORIENTED_EDGE('',*,*,#2113,.T.);
#1837=ORIENTED_EDGE('',*,*,#2079,.F.);
#1838=ORIENTED_EDGE('',*,*,#2129,.F.);
#1839=ORIENTED_EDGE('',*,*,#2130,.F.);
#1840=ORIENTED_EDGE('',*,*,#2131,.F.);
#1841=ORIENTED_EDGE('',*,*,#2085,.F.);
#1842=ORIENTED_EDGE('',*,*,#2116,.F.);
#1843=ORIENTED_EDGE('',*,*,#2087,.F.);
#1844=ORIENTED_EDGE('',*,*,#2132,.F.);
#1845=ORIENTED_EDGE('',*,*,#2133,.T.);
#1846=ORIENTED_EDGE('',*,*,#2134,.F.);
#1847=ORIENTED_EDGE('',*,*,#2093,.F.);
#1848=ORIENTED_EDGE('',*,*,#2135,.T.);
#1849=ORIENTED_EDGE('',*,*,#2095,.F.);
#1850=CARTESIAN_POINT('',(-0.00747402115535033,0.0512894849754344,0.0660542593356458));
#1851=DIRECTION('',(-0.999999999999921,3.98144130460834E-07,7.57974932819039E-12));
#1852=DIRECTION('',(2.0829670422407E-08,0.0523359210641793,-0.998629536598214));
#1853=ORIENTED_EDGE('',*,*,#2122,.F.);
#1854=ORIENTED_EDGE('',*,*,#2136,.T.);
#1855=ORIENTED_EDGE('',*,*,#2137,.F.);
#1856=ORIENTED_EDGE('',*,*,#2138,.T.);
#1857=ORIENTED_EDGE('',*,*,#2139,.F.);
#1858=ORIENTED_EDGE('',*,*,#2140,.F.);
#1859=ORIENTED_EDGE('',*,*,#2126,.T.);
#1860=CARTESIAN_POINT('',(0.00832443189901041,0.04733283454025,0.07178566370321));
#1861=DIRECTION('',(-2.1893276471691E-07,-0.549899091180786,0.835231099467984));
#1862=DIRECTION('',(0.999999997837532,5.48076535975196E-05,3.63463617274401E-05));
#1863=ORIENTED_EDGE('',*,*,#2133,.F.);
#1864=ORIENTED_EDGE('',*,*,#2141,.F.);
#1865=ORIENTED_EDGE('',*,*,#2142,.F.);
#1866=ORIENTED_EDGE('',*,*,#2143,.F.);
#1867=CARTESIAN_POINT('',(0.0969099526938938,0.0366704253052657,0.0531306440972014));
#1868=DIRECTION('',(7.58326734739967E-12,2.08469684197186E-09,1.0));
#1869=DIRECTION('',(-0.999999999999921,3.98144130432763E-07,7.5824373375877E-12));
#1870=ORIENTED_EDGE('',*,*,#2090,.T.);
#1871=ORIENTED_EDGE('',*,*,#2134,.T.);
#1872=ORIENTED_EDGE('',*,*,#2143,.T.);
#1873=ORIENTED_EDGE('',*,*,#2144,.F.);
#1874=CARTESIAN_POINT('',(0.0517167467624375,0.0301804433007595,0.0541306441110738));
#1875=DIRECTION('',(-0.999999999999921,3.98144130832531E-07,7.58243733755458E-12));
#1876=DIRECTION('',(-2.81535776981059E-07,-0.707106782660591,-0.707106779712448));
#1877=ORIENTED_EDGE('',*,*,#2097,.F.);
#1878=ORIENTED_EDGE('',*,*,#2145,.F.);
#1879=ORIENTED_EDGE('',*,*,#2091,.T.);
#1880=ORIENTED_EDGE('',*,*,#2144,.T.);
#1881=ORIENTED_EDGE('',*,*,#2142,.T.);
#1882=ORIENTED_EDGE('',*,*,#2146,.T.);
#1883=ORIENTED_EDGE('',*,*,#2089,.T.);
#1884=ORIENTED_EDGE('',*,*,#2117,.F.);
#1885=ORIENTED_EDGE('',*,*,#2083,.F.);
#1886=ORIENTED_EDGE('',*,*,#2147,.F.);
#1887=ORIENTED_EDGE('',*,*,#2148,.F.);
#1888=ORIENTED_EDGE('',*,*,#2149,.F.);
#1889=ORIENTED_EDGE('',*,*,#2081,.F.);
#1890=ORIENTED_EDGE('',*,*,#2112,.T.);
#1891=ORIENTED_EDGE('',*,*,#2118,.F.);
#1892=ORIENTED_EDGE('',*,*,#2104,.F.);
#1893=ORIENTED_EDGE('',*,*,#2150,.F.);
#1894=ORIENTED_EDGE('',*,*,#2151,.F.);
#1895=ORIENTED_EDGE('',*,*,#2075,.F.);
#1896=ORIENTED_EDGE('',*,*,#2152,.F.);
#1897=ORIENTED_EDGE('',*,*,#2153,.F.);
#1898=ORIENTED_EDGE('',*,*,#2136,.F.);
#1899=ORIENTED_EDGE('',*,*,#2121,.F.);
#1900=CARTESIAN_POINT('',(0.0205239114902045,0.0732319392898111,0.0609336456093088));
#1901=DIRECTION('',(0.999999999999921,-3.98144130460805E-07,-7.57975626708429E-12));
#1902=DIRECTION('',(3.98144130460789E-07,0.999999999999921,-2.08469684712001E-09));
#1903=ORIENTED_EDGE('',*,*,#2096,.F.);
#1904=ORIENTED_EDGE('',*,*,#2135,.F.);
#1905=ORIENTED_EDGE('',*,*,#2092,.F.);
#1906=ORIENTED_EDGE('',*,*,#2145,.T.);
#1907=CARTESIAN_POINT('',(0.00652354301685669,0.0291804613139234,0.0636069138143675));
#1908=DIRECTION('',(-3.98144130832516E-07,-0.999999999999921,2.08469686128587E-09));
#1909=DIRECTION('',(0.999999999999921,-3.98144130832531E-07,-7.58003382284045E-12));
#1910=ORIENTED_EDGE('',*,*,#2154,.F.);
#1911=ORIENTED_EDGE('',*,*,#2148,.T.);
#1912=ORIENTED_EDGE('',*,*,#2155,.F.);
#1913=ORIENTED_EDGE('',*,*,#2130,.T.);
#1914=CARTESIAN_POINT('',(0.00788190629119765,0.0394704607277655,0.0418606440920393));
#1915=DIRECTION('',(-7.58321183624844E-12,-2.08469685536629E-09,-1.0));
#1916=DIRECTION('',(-0.999999999999921,3.98144130448671E-07,7.58238182643111E-12));
#1917=ORIENTED_EDGE('',*,*,#2086,.T.);
#1918=ORIENTED_EDGE('',*,*,#2146,.F.);
#1919=ORIENTED_EDGE('',*,*,#2141,.T.);
#1920=ORIENTED_EDGE('',*,*,#2132,.T.);
#1921=CARTESIAN_POINT('',(0.0520022100876154,0.0390204431829353,0.0521306440926429));
#1922=DIRECTION('',(0.999999999999921,-3.98144130437787E-07,-7.58243733752934E-12));
#1923=DIRECTION('',(2.81535776701932E-07,0.707106782660591,0.707106779712448));
#1924=ORIENTED_EDGE('',*,*,#2082,.T.);
#1925=ORIENTED_EDGE('',*,*,#2131,.T.);
#1926=ORIENTED_EDGE('',*,*,#2155,.T.);
#1927=ORIENTED_EDGE('',*,*,#2147,.T.);
#1928=CARTESIAN_POINT('',(0.00748818712512624,0.0410204608866073,0.042860644088811));
#1929=DIRECTION('',(-0.999999999999921,3.98144130437787E-07,7.5823818264098E-12));
#1930=DIRECTION('',(-2.8153577666268E-07,-0.707106782660591,-0.707106779712448));
#1931=ORIENTED_EDGE('',*,*,#2078,.T.);
#1932=ORIENTED_EDGE('',*,*,#2149,.T.);
#1933=ORIENTED_EDGE('',*,*,#2154,.T.);
#1934=ORIENTED_EDGE('',*,*,#2129,.T.);
#1935=CARTESIAN_POINT('',(0.044431997563238,0.0429995572439747,0.042860644084405));
#1936=DIRECTION('',(0.999999999947585,-1.02386147236967E-05,-7.56186742889733E-12));
#1937=DIRECTION('',(7.23979322860186E-06,0.707107237711618,-0.70710632462412));
#1938=ORIENTED_EDGE('',*,*,#2103,.F.);
#1939=ORIENTED_EDGE('',*,*,#2128,.F.);
#1940=ORIENTED_EDGE('',*,*,#2072,.T.);
#1941=ORIENTED_EDGE('',*,*,#2156,.F.);
#1942=ORIENTED_EDGE('',*,*,#2157,.F.);
#1943=ORIENTED_EDGE('',*,*,#2158,.F.);
#1944=ORIENTED_EDGE('',*,*,#2150,.T.);
#1945=CARTESIAN_POINT('',(-0.00747399285497906,0.0464069924545361,0.0544666208781411));
#1946=DIRECTION('',(-2.18932764716896E-07,-0.549899091180786,0.835231099467984));
#1947=DIRECTION('',(0.999999997837532,5.4807653985689E-05,3.63463619830029E-05));
#1948=ORIENTED_EDGE('',*,*,#2138,.F.);
#1949=ORIENTED_EDGE('',*,*,#2159,.T.);
#1950=ORIENTED_EDGE('',*,*,#2160,.T.);
#1951=ORIENTED_EDGE('',*,*,#2161,.T.);
#1952=ORIENTED_EDGE('',*,*,#2157,.T.);
#1953=ORIENTED_EDGE('',*,*,#2162,.T.);
#1954=ORIENTED_EDGE('',*,*,#2163,.T.);
#1955=ORIENTED_EDGE('',*,*,#2164,.T.);
#1956=ORIENTED_EDGE('',*,*,#2160,.F.);
#1957=ORIENTED_EDGE('',*,*,#2165,.T.);
#1958=ORIENTED_EDGE('',*,*,#2077,.T.);
#1959=ORIENTED_EDGE('',*,*,#2163,.F.);
#1960=ORIENTED_EDGE('',*,*,#2166,.T.);
#1961=CARTESIAN_POINT('',(0.00882506461844838,0.0513686141982007,0.0661564127820238));
#1962=DIRECTION('',(-0.999999991800562,7.09905951038802E-06,-0.000127861175537661));
#1963=DIRECTION('',(-0.000127861175540883,0.0,0.99999999182576));
#1964=ORIENTED_EDGE('',*,*,#2053,.F.);
#1965=ORIENTED_EDGE('',*,*,#2167,.F.);
#1966=ORIENTED_EDGE('',*,*,#2161,.F.);
#1967=ORIENTED_EDGE('',*,*,#2166,.F.);
#1968=ORIENTED_EDGE('',*,*,#2162,.F.);
#1969=ORIENTED_EDGE('',*,*,#2156,.T.);
#1970=ORIENTED_EDGE('',*,*,#2071,.T.);
#1971=ORIENTED_EDGE('',*,*,#2168,.T.);
#1972=ORIENTED_EDGE('',*,*,#2139,.T.);
#1973=CARTESIAN_POINT('',(0.00832698954866549,0.0724798508640022,0.0522736970591557));
#1974=DIRECTION('',(0.999999991800562,-7.09905951038802E-06,0.000127861175537661));
#1975=DIRECTION('',(2.48248183326222E-05,0.990268057476281,-0.139173178902698));
#1976=ORIENTED_EDGE('',*,*,#2164,.F.);
#1977=ORIENTED_EDGE('',*,*,#2076,.T.);
#1978=ORIENTED_EDGE('',*,*,#2151,.T.);
#1979=ORIENTED_EDGE('',*,*,#2158,.T.);
#1980=ORIENTED_EDGE('',*,*,#2159,.F.);
#1981=ORIENTED_EDGE('',*,*,#2137,.T.);
#1982=ORIENTED_EDGE('',*,*,#2153,.T.);
#1983=ORIENTED_EDGE('',*,*,#2169,.T.);
#1984=ORIENTED_EDGE('',*,*,#2074,.T.);
#1985=ORIENTED_EDGE('',*,*,#2165,.F.);
#1986=ORIENTED_EDGE('',*,*,#2169,.F.);
#1987=ORIENTED_EDGE('',*,*,#2152,.T.);
#1988=CARTESIAN_POINT('',(0.0205250645265386,0.0513685311392044,0.0661579087577781));
#1989=DIRECTION('',(0.999999991800562,-7.09905951038802E-06,0.000127861175537661));
#1990=DIRECTION('',(2.48248183326222E-05,0.99026805747628,-0.139173178902698));
#1991=ORIENTED_EDGE('',*,*,#2070,.T.);
#1992=ORIENTED_EDGE('',*,*,#2127,.T.);
#1993=ORIENTED_EDGE('',*,*,#2140,.T.);
#1994=ORIENTED_EDGE('',*,*,#2168,.F.);
#1995=CARTESIAN_POINT('',(0.0205250767589685,0.0512892862081704,0.0660578393332485));
#1996=DIRECTION('',(-0.999999991800562,7.09905951038803E-06,-0.000127861175537661));
#1997=DIRECTION('',(2.48248183326222E-05,0.99026805747628,-0.139173178902698));
#1998=ORIENTED_EDGE('',*,*,#2066,.T.);
#1999=ORIENTED_EDGE('',*,*,#2170,.T.);
#2000=ORIENTED_EDGE('',*,*,#2068,.T.);
#2001=ORIENTED_EDGE('',*,*,#2065,.T.);
#2002=CARTESIAN_POINT('',(0.00232507690819824,0.0512894154110535,0.0660555122598537));
#2003=DIRECTION('',(0.999999991800562,-7.09905951038845E-06,0.000127861175537654));
#2004=DIRECTION('',(-7.09907778214616E-06,-0.999999999974791,1.42449247312118E-07));
#2005=ORIENTED_EDGE('',*,*,#2171,.F.);
#2006=ORIENTED_EDGE('',*,*,#2059,.F.);
#2007=ORIENTED_EDGE('',*,*,#2069,.F.);
#2008=ORIENTED_EDGE('',*,*,#2170,.F.);
#2009=CARTESIAN_POINT('',(0.00232503412714901,0.0512495033420472,0.0663878861062855));
#2010=DIRECTION('',(0.999999991800562,-7.09905951038845E-06,0.000127861175537654));
#2011=DIRECTION('',(2.48248183326217E-05,0.990268057476281,-0.139173178902698));
#2012=ORIENTED_EDGE('',*,*,#2062,.T.);
#2013=ORIENTED_EDGE('',*,*,#2067,.F.);
#2014=ORIENTED_EDGE('',*,*,#2064,.T.);
#2015=ORIENTED_EDGE('',*,*,#2124,.F.);
#2016=ORIENTED_EDGE('',*,*,#2125,.F.);
#2017=CARTESIAN_POINT('',(0.00432507689179936,0.0512894012129345,0.0660557679822048));
#2018=DIRECTION('',(-0.999999991800562,7.09905951038845E-06,-0.00012786117553764));
#2019=DIRECTION('',(7.09907778214616E-06,0.999999999974791,-1.42449247305485E-07));
#2020=ORIENTED_EDGE('',*,*,#2058,.T.);
#2021=ORIENTED_EDGE('',*,*,#2055,.T.);
#2022=ORIENTED_EDGE('',*,*,#2060,.T.);
#2023=ORIENTED_EDGE('',*,*,#2171,.T.);
#2024=CARTESIAN_POINT('',(0.00232507690819824,0.0512894154110535,0.0660555122598537));
#2025=DIRECTION('',(0.999999991800562,-7.09905951038845E-06,0.000127861175537654));
#2026=DIRECTION('',(-7.09907778214616E-06,-0.999999999974791,1.42449247304171E-07));
#2027=ORIENTED_EDGE('',*,*,#2054,.T.);
#2028=ORIENTED_EDGE('',*,*,#2051,.F.);
#2029=ORIENTED_EDGE('',*,*,#2056,.T.);
#2030=ORIENTED_EDGE('',*,*,#2061,.F.);
#2031=CARTESIAN_POINT('',(0.00932507685080217,0.0512893657176369,0.0660564072880825));
#2032=DIRECTION('',(-0.999999991800562,7.09905951038845E-06,-0.000127861175537647));
#2033=DIRECTION('',(7.09907778214616E-06,0.999999999974791,-1.42449247305485E-07));
#2034=ORIENTED_EDGE('',*,*,#2050,.T.);
#2035=ORIENTED_EDGE('',*,*,#2167,.T.);
#2036=ORIENTED_EDGE('',*,*,#2052,.T.);
#2037=ORIENTED_EDGE('',*,*,#2057,.T.);
#2038=CARTESIAN_POINT('',(0.00832507685900161,0.0512893728166964,0.0660562794269069));
#2039=DIRECTION('',(0.999999991800562,-7.09905951038802E-06,0.000127861175537661));
#2040=DIRECTION('',(-7.09907778214573E-06,-0.999999999974791,1.42449247306209E-07));
#2041=COLOUR_RGB('',1.0,0.501960813999176,0.501960813999176);
#2042=EDGE_CURVE('',#2172,#2173,#2174,.T.);
#2043=EDGE_CURVE('0:1374',#2172,#2175,#2176,.T.);
#2044=EDGE_CURVE('',#2175,#2177,#2178,.T.);
#2045=EDGE_CURVE('0:1332',#2177,#2173,#2179,.T.);
#2046=EDGE_CURVE('',#2180,#2181,#2182,.T.);
#2047=EDGE_CURVE('0:1329',#2180,#2183,#2184,.T.);
#2048=EDGE_CURVE('',#2183,#2185,#2186,.T.);
#2049=EDGE_CURVE('0:1326',#2185,#2181,#2187,.T.);
#2050=EDGE_CURVE('',#2188,#2189,#2190,.T.);
#2051=EDGE_CURVE('0:1545',#2188,#2191,#2192,.T.);
#2052=EDGE_CURVE('',#2193,#2191,#2194,.T.);
#2053=EDGE_CURVE('0:1521',#2193,#2189,#2195,.T.);
#2054=EDGE_CURVE('',#2196,#2191,#2197,.T.);
#2055=EDGE_CURVE('0:1542',#2198,#2196,#2199,.T.);
#2056=EDGE_CURVE('',#2188,#2198,#2200,.T.);
#2057=EDGE_CURVE('0:1545',#2191,#2188,#2201,.T.);
#2058=EDGE_CURVE('',#2202,#2198,#2203,.T.);
#2059=EDGE_CURVE('0:1539',#2202,#2204,#2205,.T.);
#2060=EDGE_CURVE('',#2196,#2204,#2206,.T.);
#2061=EDGE_CURVE('0:1542',#2196,#2198,#2207,.T.);
#2062=EDGE_CURVE('',#2208,#2209,#2210,.T.);
#2063=EDGE_CURVE('0:1389',#2211,#2208,#2212,.T.);
#2064=EDGE_CURVE('',#2213,#2211,#2214,.T.);
#2065=EDGE_CURVE('0:1533',#2209,#2213,#2215,.T.);
#2066=EDGE_CURVE('',#2213,#2216,#2217,.T.);
#2067=EDGE_CURVE('0:1533',#2213,#2209,#2218,.T.);
#2068=EDGE_CURVE('',#2219,#2209,#2220,.T.);
#2069=EDGE_CURVE('0:1536',#2219,#2216,#2221,.T.);
#2070=EDGE_CURVE('',#2222,#2223,#2224,.T.);
#2071=EDGE_CURVE('0:1524',#2225,#2222,#2226,.T.);
#2072=EDGE_CURVE('0:1485',#2227,#2225,#2228,.T.);
#2073=EDGE_CURVE('0:1395',#2227,#2223,#2229,.F.);
#2074=EDGE_CURVE('',#2230,#2231,#2232,.T.);
#2075=EDGE_CURVE('0:1473',#2230,#2233,#2234,.F.);
#2076=EDGE_CURVE('0:1527',#2235,#2233,#2236,.T.);
#2077=EDGE_CURVE('0:1515',#2231,#2235,#2237,.T.);
#2078=EDGE_CURVE('',#2238,#2239,#2240,.T.);
#2079=EDGE_CURVE('0:1401',#2238,#2241,#2242,.F.);
#2080=EDGE_CURVE('0:1341',#2241,#2243,#2244,.T.);
#2081=EDGE_CURVE('0:1464',#2243,#2239,#2245,.T.);
#2082=EDGE_CURVE('',#2246,#2247,#2248,.T.);
#2083=EDGE_CURVE('0:1458',#2246,#2249,#2250,.F.);
#2084=EDGE_CURVE('0:1356',#2249,#2251,#2252,.T.);
#2085=EDGE_CURVE('0:1407',#2251,#2247,#2253,.T.);
#2086=EDGE_CURVE('',#2254,#2255,#2256,.T.);
#2087=EDGE_CURVE('0:1410',#2254,#2257,#2258,.T.);
#2088=EDGE_CURVE('0:1362',#2257,#2259,#2260,.T.);
#2089=EDGE_CURVE('0:1455',#2255,#2259,#2261,.T.);
#2090=EDGE_CURVE('',#2262,#2263,#2264,.T.);
#2091=EDGE_CURVE('0:1446',#2265,#2262,#2266,.T.);
#2092=EDGE_CURVE('0:1449',#2265,#2267,#2268,.T.);
#2093=EDGE_CURVE('0:1416',#2267,#2263,#2269,.T.);
#2094=EDGE_CURVE('',#2270,#2271,#2272,.T.);
#2095=EDGE_CURVE('0:1383',#2270,#2273,#2274,.T.);
#2096=EDGE_CURVE('0:1386',#2273,#2275,#2276,.T.);
#2097=EDGE_CURVE('0:1377',#2275,#2271,#2277,.T.);
#2098=EDGE_CURVE('',#2175,#2278,#2279,.T.);
#2099=EDGE_CURVE('',#2280,#2172,#2281,.T.);
#2100=EDGE_CURVE('0:1350',#2280,#2278,#2282,.F.);
#2101=EDGE_CURVE('',#2283,#2284,#2285,.T.);
#2102=EDGE_CURVE('0:1365',#2283,#2286,#2287,.T.);
#2103=EDGE_CURVE('0:1368',#2286,#2288,#2289,.T.);
#2104=EDGE_CURVE('0:1371',#2288,#2284,#2290,.T.);
#2105=EDGE_CURVE('',#2183,#2291,#2292,.T.);
#2106=EDGE_CURVE('',#2293,#2180,#2294,.T.);
#2107=EDGE_CURVE('0:1347',#2293,#2291,#2295,.F.);
#2108=EDGE_CURVE('0:1326',#2181,#2185,#2296,.T.);
#2109=EDGE_CURVE('0:1329',#2183,#2180,#2297,.T.);
#2110=EDGE_CURVE('0:1332',#2173,#2177,#2298,.T.);
#2111=EDGE_CURVE('0:1335',#2299,#2300,#2301,.T.);
#2112=EDGE_CURVE('0:1338',#2243,#2299,#2302,.T.);
#2113=EDGE_CURVE('0:1344',#2300,#2241,#2303,.T.);
#2114=EDGE_CURVE('0:1347',#2291,#2293,#2304,.F.);
#2115=EDGE_CURVE('0:1350',#2278,#2280,#2305,.F.);
#2116=EDGE_CURVE('0:1353',#2257,#2251,#2306,.F.);
#2117=EDGE_CURVE('0:1359',#2249,#2259,#2307,.F.);
#2118=EDGE_CURVE('0:1371',#2284,#2299,#2308,.T.);
#2119=EDGE_CURVE('0:1365',#2300,#2283,#2309,.T.);
#2120=EDGE_CURVE('0:1374',#2175,#2172,#2310,.T.);
#2121=EDGE_CURVE('0:1377',#2271,#2311,#2312,.T.);
#2122=EDGE_CURVE('0:1380',#2311,#2313,#2314,.T.);
#2123=EDGE_CURVE('0:1383',#2313,#2270,#2315,.T.);
#2124=EDGE_CURVE('0:1389',#2316,#2211,#2317,.T.);
#2125=EDGE_CURVE('0:1389',#2208,#2316,#2318,.T.);
#2126=EDGE_CURVE('0:1392',#2319,#2313,#2320,.T.);
#2127=EDGE_CURVE('0:1395',#2223,#2319,#2321,.F.);
#2128=EDGE_CURVE('0:1398',#2227,#2286,#2322,.T.);
#2129=EDGE_CURVE('0:1401',#2323,#2238,#2324,.F.);
#2130=EDGE_CURVE('0:1404',#2325,#2323,#2326,.T.);
#2131=EDGE_CURVE('0:1407',#2247,#2325,#2327,.T.);
#2132=EDGE_CURVE('0:1410',#2328,#2254,#2329,.T.);
#2133=EDGE_CURVE('0:1413',#2328,#2330,#2331,.T.);
#2134=EDGE_CURVE('0:1416',#2263,#2330,#2332,.T.);
#2135=EDGE_CURVE('0:1419',#2267,#2273,#2333,.F.);
#2136=EDGE_CURVE('0:1422',#2311,#2334,#2335,.T.);
#2137=EDGE_CURVE('0:1425',#2336,#2334,#2337,.T.);
#2138=EDGE_CURVE('0:1428',#2336,#2338,#2339,.F.);
#2139=EDGE_CURVE('0:1431',#2340,#2338,#2341,.T.);
#2140=EDGE_CURVE('0:1434',#2319,#2340,#2342,.T.);
#2141=EDGE_CURVE('0:1437',#2343,#2328,#2344,.T.);
#2142=EDGE_CURVE('0:1440',#2345,#2343,#2346,.F.);
#2143=EDGE_CURVE('0:1443',#2330,#2345,#2347,.T.);
#2144=EDGE_CURVE('0:1446',#2262,#2345,#2348,.T.);
#2145=EDGE_CURVE('0:1452',#2265,#2275,#2349,.T.);
#2146=EDGE_CURVE('0:1455',#2343,#2255,#2350,.T.);
#2147=EDGE_CURVE('0:1458',#2351,#2246,#2352,.F.);
#2148=EDGE_CURVE('0:1461',#2353,#2351,#2354,.T.);
#2149=EDGE_CURVE('0:1464',#2239,#2353,#2355,.T.);
#2150=EDGE_CURVE('0:1467',#2356,#2288,#2357,.F.);
#2151=EDGE_CURVE('0:1470',#2233,#2356,#2358,.T.);
#2152=EDGE_CURVE('0:1473',#2359,#2230,#2360,.F.);
#2153=EDGE_CURVE('0:1476',#2334,#2359,#2361,.T.);
#2154=EDGE_CURVE('0:1479',#2353,#2323,#2362,.T.);
#2155=EDGE_CURVE('0:1482',#2325,#2351,#2363,.T.);
#2156=EDGE_CURVE('0:1488',#2364,#2225,#2365,.T.);
#2157=EDGE_CURVE('0:1491',#2366,#2364,#2367,.T.);
#2158=EDGE_CURVE('0:1494',#2356,#2366,#2368,.T.);
#2159=EDGE_CURVE('0:1497',#2336,#2369,#2370,.T.);
#2160=EDGE_CURVE('0:1500',#2369,#2371,#2372,.T.);
#2161=EDGE_CURVE('0:1503',#2371,#2338,#2373,.T.);
#2162=EDGE_CURVE('0:1506',#2364,#2374,#2375,.T.);
#2163=EDGE_CURVE('0:1509',#2374,#2235,#2376,.T.);
#2164=EDGE_CURVE('0:1512',#2235,#2366,#2377,.T.);
#2165=EDGE_CURVE('0:1515',#2369,#2231,#2378,.T.);
#2166=EDGE_CURVE('0:1518',#2374,#2371,#2379,.T.);
#2167=EDGE_CURVE('0:1521',#2189,#2193,#2380,.T.);
#2168=EDGE_CURVE('0:1524',#2222,#2340,#2381,.T.);
#2169=EDGE_CURVE('0:1530',#2359,#2369,#2382,.T.);
#2170=EDGE_CURVE('0:1536',#2216,#2219,#2383,.T.);
#2171=EDGE_CURVE('0:1539',#2204,#2202,#2384,.T.);
#2172=VERTEX_POINT('',#2385);
#2173=VERTEX_POINT('',#2386);
#2174=B_SPLINE_CURVE_WITH_KNOTS('',1,(#2387,#2388),.UNSPECIFIED.,.F.,.F.,(2,2),(-1.0,-0.0),.UNSPECIFIED.);
#2175=VERTEX_POINT('',#2389);
#2176=B_SPLINE_CURVE_WITH_KNOTS('',3,(#2390,#2391,#2392,#2393,#2394,#2395,#2396,#2397),.UNSPECIFIED.,.F.,.F.,(4,2,2,4),(-3.14159265358979,-2.82575609161092,-1.1354958485791,-3.94836587317258E-13),.UNSPECIFIED.);
#2177=VERTEX_POINT('',#2398);
#2178=B_SPLINE_CURVE_WITH_KNOTS('',1,(#2399,#2400),.UNSPECIFIED.,.F.,.F.,(2,2),(-1.0,-0.0),.UNSPECIFIED.);
#2179=B_SPLINE_CURVE_WITH_KNOTS('',3,(#2401,#2402,#2403,#2404,#2405,#2406,#2407,#2408,#2409,#2410,#2411,#2412,#2413,#2414,#2415,#2416,#2417,#2418),.UNSPECIFIED.,.F.,.F.,(4,2,2,2,2,2,2,2,4),(0.0,0.299999999943604,0.696116803480437,1.1417098344292,1.5873793056453,2.03304890168053,2.47871849859948,2.92438809661629,3.14159265358979),.UNSPECIFIED.);
#2180=VERTEX_POINT('',#2419);
#2181=VERTEX_POINT('',#2420);
#2182=B_SPLINE_CURVE_WITH_KNOTS('',1,(#2421,#2422),.UNSPECIFIED.,.F.,.F.,(2,2),(-1.0,-0.0),.UNSPECIFIED.);
#2183=VERTEX_POINT('',#2423);
#2184=B_SPLINE_CURVE_WITH_KNOTS('',3,(#2424,#2425,#2426,#2427,#2428,#2429,#2430,#2431),.UNSPECIFIED.,.F.,.F.,(4,2,2,4),(-3.14159265358979,-2.8257560916109,-1.13549584857894,-3.88680670680068E-13),.UNSPECIFIED.);
#2185=VERTEX_POINT('',#2432);
#2186=B_SPLINE_CURVE_WITH_KNOTS('',1,(#2433,#2434),.UNSPECIFIED.,.F.,.F.,(2,2),(-1.0,-0.0),.UNSPECIFIED.);
#2187=B_SPLINE_CURVE_WITH_KNOTS('',3,(#2435,#2436,#2437,#2438,#2439,#2440,#2441,#2442,#2443,#2444,#2445,#2446,#2447,#2448,#2449,#2450,#2451,#2452),.UNSPECIFIED.,.F.,.F.,(4,2,2,2,2,2,2,2,4),(2.22044604925031E-15,0.299999999943588,0.696116803470065,1.14170983440957,1.58737930562501,2.03304890166071,2.47871849858061,2.92438809659775,3.14159265358979),.UNSPECIFIED.);
#2188=VERTEX_POINT('',#2453);
#2189=VERTEX_POINT('',#2454);
#2190=LINE('',#2455,#2456);
#2191=VERTEX_POINT('',#2457);
#2192=CIRCLE('',#2458,0.0045);
#2193=VERTEX_POINT('',#2459);
#2194=LINE('',#2460,#2461);
#2195=CIRCLE('',#2462,0.0051);
#2196=VERTEX_POINT('',#2463);
#2197=LINE('',#2464,#2465);
#2198=VERTEX_POINT('',#2466);
#2199=CIRCLE('',#2467,0.0045);
#2200=LINE('',#2468,#2469);
#2201=CIRCLE('',#2470,0.0045);
#2202=VERTEX_POINT('',#2471);
#2203=LINE('',#2472,#2473);
#2204=VERTEX_POINT('',#2474);
#2205=CIRCLE('',#2475,0.004);
#2206=LINE('',#2476,#2477);
#2207=CIRCLE('',#2478,0.0045);
#2208=VERTEX_POINT('',#2479);
#2209=VERTEX_POINT('',#2480);
#2210=LINE('',#2481,#2482);
#2211=VERTEX_POINT('',#2483);
#2212=CIRCLE('',#2484,0.00185000001516388);
#2213=VERTEX_POINT('',#2485);
#2214=LINE('',#2486,#2487);
#2215=CIRCLE('',#2488,0.00185);
#2216=VERTEX_POINT('',#2489);
#2217=LINE('',#2490,#2491);
#2218=CIRCLE('',#2492,0.00185);
#2219=VERTEX_POINT('',#2493);
#2220=LINE('',#2494,#2495);
#2221=CIRCLE('',#2496,0.00235);
#2222=VERTEX_POINT('',#2497);
#2223=VERTEX_POINT('',#2498);
#2224=LINE('',#2499,#2500);
#2225=VERTEX_POINT('',#2501);
#2226=CIRCLE('',#2502,0.007);
#2227=VERTEX_POINT('',#2503);
#2228=(B_SPLINE_CURVE(2,(#2505,#2506,#2507,#2508,#2509,#2510),.UNSPECIFIED.,.F.,.F.)B_SPLINE_CURVE_WITH_KNOTS((3,1,1,1,3),(97.6655311688586,97.7045704393004,97.8191926984217,97.9308924694552,98.0078529297861),.UNSPECIFIED.)RATIONAL_B_SPLINE_CURVE((0.97465944948424,0.974860524123595,0.975652617811617,0.976822066555117,0.977799188323942,0.978198427566935))BOUNDED_CURVE()REPRESENTATION_ITEM('')GEOMETRIC_REPRESENTATION_ITEM()CURVE());
#2229=CIRCLE('',#2517,0.00700000005737685);
#2230=VERTEX_POINT('',#2518);
#2231=VERTEX_POINT('',#2519);
#2232=LINE('',#2520,#2521);
#2233=VERTEX_POINT('',#2522);
#2234=CIRCLE('',#2523,0.00740000006065553);
#2235=VERTEX_POINT('',#2524);
#2236=B_SPLINE_CURVE_WITH_KNOTS('',3,(#2525,#2526,#2527,#2528,#2529,#2530,#2531,#2532,#2533,#2534,#2535,#2536,#2537),.UNSPECIFIED.,.F.,.F.,(4,3,3,3,4),(0.00130064567150651,0.00192886680072895,0.00501583549201892,0.00995498539808287,0.013498538883504),.UNSPECIFIED.);
#2237=CIRCLE('',#2538,0.0074);
#2238=VERTEX_POINT('',#2539);
#2239=VERTEX_POINT('',#2540);
#2240=LINE('',#2541,#2542);
#2241=VERTEX_POINT('',#2543);
#2242=CIRCLE('',#2544,0.00100000000002421);
#2243=VERTEX_POINT('',#2545);
#2244=LINE('',#2546,#2547);
#2245=CIRCLE('',#2548,0.00100000000002421);
#2246=VERTEX_POINT('',#2549);
#2247=VERTEX_POINT('',#2550);
#2248=LINE('',#2551,#2552);
#2249=VERTEX_POINT('',#2553);
#2250=CIRCLE('',#2554,0.001);
#2251=VERTEX_POINT('',#2555);
#2252=LINE('',#2556,#2557);
#2253=CIRCLE('',#2558,0.001);
#2254=VERTEX_POINT('',#2559);
#2255=VERTEX_POINT('',#2560);
#2256=LINE('',#2561,#2562);
#2257=VERTEX_POINT('',#2563);
#2258=CIRCLE('',#2564,0.001);
#2259=VERTEX_POINT('',#2565);
#2260=LINE('',#2566,#2567);
#2261=CIRCLE('',#2568,0.001);
#2262=VERTEX_POINT('',#2569);
#2263=VERTEX_POINT('',#2570);
#2264=LINE('',#2571,#2572);
#2265=VERTEX_POINT('',#2573);
#2266=CIRCLE('',#2574,0.001);
#2267=VERTEX_POINT('',#2575);
#2268=LINE('',#2576,#2577);
#2269=CIRCLE('',#2578,0.001);
#2270=VERTEX_POINT('',#2579);
#2271=VERTEX_POINT('',#2580);
#2272=LINE('',#2581,#2582);
#2273=VERTEX_POINT('',#2583);
#2274=CIRCLE('',#2584,0.001);
#2275=VERTEX_POINT('',#2585);
#2276=LINE('',#2586,#2587);
#2277=CIRCLE('',#2588,0.001);
#2278=VERTEX_POINT('',#2589);
#2279=LINE('',#2590,#2591);
#2280=VERTEX_POINT('',#2592);
#2281=LINE('',#2593,#2594);
#2282=CIRCLE('',#2595,0.002);
#2283=VERTEX_POINT('',#2596);
#2284=VERTEX_POINT('',#2597);
#2285=LINE('',#2598,#2599);
#2286=VERTEX_POINT('',#2600);
#2287=CIRCLE('',#2601,0.00150000000008068);
#2288=VERTEX_POINT('',#2602);
#2289=LINE('',#2603,#2604);
#2290=CIRCLE('',#2605,0.00150000000008068);
#2291=VERTEX_POINT('',#2606);
#2292=LINE('',#2607,#2608);
#2293=VERTEX_POINT('',#2609);
#2294=LINE('',#2610,#2611);
#2295=CIRCLE('',#2612,0.002);
#2296=B_SPLINE_CURVE_WITH_KNOTS('',3,(#2613,#2614,#2615,#2616,#2617,#2618,#2619,#2620,#2621,#2622,#2623,#2624,#2625,#2626,#2627,#2628,#2629,#2630),.UNSPECIFIED.,.F.,.F.,(4,2,2,2,2,2,2,2,4),(-3.14159265358979,-2.92438809803163,-2.47871850149447,-2.03304890526593,-1.58737930862061,-1.14170983595462,-0.696116803395952,-0.299999999943588,2.22044604925031E-15),.UNSPECIFIED.);
#2297=B_SPLINE_CURVE_WITH_KNOTS('',3,(#2631,#2632,#2633,#2634,#2635,#2636,#2637,#2638,#2639,#2640,#2641,#2642),.UNSPECIFIED.,.F.,.F.,(4,2,2,2,2,4),(-3.88680670680068E-13,0.364792654111789,1.59359265388079,2.36159265373642,2.84159265364619,3.14159265358979),.UNSPECIFIED.);
#2298=B_SPLINE_CURVE_WITH_KNOTS('',3,(#2643,#2644,#2645,#2646,#2647,#2648,#2649,#2650,#2651,#2652,#2653,#2654,#2655,#2656,#2657,#2658,#2659,#2660),.UNSPECIFIED.,.F.,.F.,(4,2,2,2,2,2,2,2,4),(-3.14159265358979,-2.92438809802848,-2.4787185014838,-2.03304890526277,-1.58737930862099,-1.14170983595265,-0.696116803394955,-0.299999999943604,0.0),.UNSPECIFIED.);
#2299=VERTEX_POINT('',#2661);
#2300=VERTEX_POINT('',#2662);
#2301=LINE('',#2663,#2664);
#2302=LINE('',#2665,#2666);
#2303=LINE('',#2667,#2668);
#2304=CIRCLE('',#2669,0.002);
#2305=CIRCLE('',#2670,0.002);
#2306=LINE('',#2671,#2672);
#2307=LINE('',#2673,#2674);
#2308=CIRCLE('',#2675,0.00150000000008068);
#2309=CIRCLE('',#2676,0.00150000000008068);
#2310=B_SPLINE_CURVE_WITH_KNOTS('',3,(#2677,#2678,#2679,#2680,#2681,#2682,#2683,#2684,#2685,#2686,#2687,#2688),.UNSPECIFIED.,.F.,.F.,(4,2,2,2,2,4),(-3.94836587317258E-13,0.364792654111789,1.59359265388079,2.36159265373642,2.84159265364619,3.14159265358979),.UNSPECIFIED.);
#2311=VERTEX_POINT('',#2689);
#2312=CIRCLE('',#2690,0.001);
#2313=VERTEX_POINT('',#2691);
#2314=LINE('',#2692,#2693);
#2315=CIRCLE('',#2694,0.001);
#2316=VERTEX_POINT('',#2695);
#2317=CIRCLE('',#2696,0.00185000001516388);
#2318=CIRCLE('',#2697,0.00185000001516388);
#2319=VERTEX_POINT('',#2698);
#2320=LINE('',#2699,#2700);
#2321=CIRCLE('',#2701,0.00700000005737685);
#2322=LINE('',#2702,#2703);
#2323=VERTEX_POINT('',#2704);
#2324=CIRCLE('',#2705,0.00100000000002421);
#2325=VERTEX_POINT('',#2706);
#2326=LINE('',#2707,#2708);
#2327=CIRCLE('',#2709,0.001);
#2328=VERTEX_POINT('',#2710);
#2329=CIRCLE('',#2711,0.001);
#2330=VERTEX_POINT('',#2712);
#2331=LINE('',#2713,#2714);
#2332=CIRCLE('',#2715,0.001);
#2333=LINE('',#2716,#2717);
#2334=VERTEX_POINT('',#2718);
#2335=LINE('',#2719,#2720);
#2336=VERTEX_POINT('',#2721);
#2337=B_SPLINE_CURVE_WITH_KNOTS('',3,(#2722,#2723,#2724,#2725,#2726,#2727,#2728,#2729,#2730,#2731),.UNSPECIFIED.,.F.,.F.,(4,2,2,2,4),(0.00180007955631136,0.00192983118705117,0.00501680039719316,0.00995595113342035,0.0134994398002176),.UNSPECIFIED.);
#2338=VERTEX_POINT('',#2732);
#2339=B_SPLINE_CURVE_WITH_KNOTS('',3,(#2733,#2734,#2735,#2736,#2737,#2738,#2739,#2740,#2741,#2742),.UNSPECIFIED.,.F.,.F.,(4,2,2,2,4),(0.0,0.000231681485595743,0.0005134408649845,0.000875135534395213,0.000878516756571458),.UNSPECIFIED.);
#2340=VERTEX_POINT('',#2743);
#2341=LINE('',#2744,#2745);
#2342=(B_SPLINE_CURVE(2,(#2747,#2748,#2749,#2750),.UNSPECIFIED.,.F.,.F.)B_SPLINE_CURVE_WITH_KNOTS((3,1,3),(106.000334254787,106.082579512819,106.12745589929),.UNSPECIFIED.)RATIONAL_B_SPLINE_CURVE((0.942278773342067,0.941883174135659,0.941272848952266,0.941057609923365))BOUNDED_CURVE()REPRESENTATION_ITEM('')GEOMETRIC_REPRESENTATION_ITEM()CURVE());
#2343=VERTEX_POINT('',#2757);
#2344=LINE('',#2758,#2759);
#2345=VERTEX_POINT('',#2760);
#2346=LINE('',#2761,#2762);
#2347=LINE('',#2763,#2764);
#2348=CIRCLE('',#2765,0.001);
#2349=LINE('',#2766,#2767);
#2350=CIRCLE('',#2768,0.001);
#2351=VERTEX_POINT('',#2769);
#2352=CIRCLE('',#2770,0.001);
#2353=VERTEX_POINT('',#2771);
#2354=LINE('',#2772,#2773);
#2355=CIRCLE('',#2774,0.00100000000002421);
#2356=VERTEX_POINT('',#2775);
#2357=LINE('',#2776,#2777);
#2358=B_SPLINE_CURVE_WITH_KNOTS('',3,(#2778,#2779,#2780,#2781,#2782,#2783,#2784,#2785,#2786,#2787,#2788,#2789,#2790,#2791,#2792,#2793),.UNSPECIFIED.,.F.,.F.,(4,2,2,2,2,2,2,4),(0.0,0.000195321953159787,0.000390643900876644,0.000585965845180498,0.000781287790075356,0.00097660973918898,0.00112643597235126,0.00127626220600478),.UNSPECIFIED.);
#2359=VERTEX_POINT('',#2794);
#2360=CIRCLE('',#2795,0.00740000006065553);
#2361=B_SPLINE_CURVE_WITH_KNOTS('',3,(#2796,#2797,#2798,#2799,#2800,#2801,#2802,#2803,#2804,#2805,#2806,#2807,#2808,#2809,#2810,#2811),.UNSPECIFIED.,.F.,.F.,(4,2,2,2,2,2,2,4),(0.0,0.000195322238239527,0.000390644476061013,0.000585966713054787,0.000781288949282839,0.000976611185243357,0.00111993980692214,0.00126326842871675),.UNSPECIFIED.);
#2362=LINE('',#2812,#2813);
#2363=LINE('',#2814,#2815);
#2364=VERTEX_POINT('',#2816);
#2365=LINE('',#2817,#2818);
#2366=VERTEX_POINT('',#2819);
#2367=B_SPLINE_CURVE_WITH_KNOTS('',3,(#2820,#2821,#2822,#2823,#2824,#2825,#2826,#2827,#2828,#2829),.UNSPECIFIED.,.F.,.F.,(4,2,2,2,4),(-5.09368225803807E-05,0.0,0.000360590877244908,0.000663646947593468,0.000912815003391852),.UNSPECIFIED.);
#2368=B_SPLINE_CURVE_WITH_KNOTS('',3,(#2830,#2831,#2832,#2833,#2834,#2835,#2836,#2837,#2838,#2839),.UNSPECIFIED.,.F.,.F.,(4,2,2,2,4),(-0.0134984749073573,-0.00995498539808287,-0.00501583549201892,-0.00192886680072895,-0.00130070091063964),.UNSPECIFIED.);
#2369=VERTEX_POINT('',#2840);
#2370=B_SPLINE_CURVE_WITH_KNOTS('',3,(#2841,#2842,#2843,#2844,#2845,#2846,#2847,#2848,#2849,#2850,#2851,#2852,#2853,#2854,#2855,#2856,#2857,#2858,#2859,#2860,#2861,#2862,#2863,#2864),.UNSPECIFIED.,.F.,.F.,(4,2,2,2,2,2,2,2,2,2,2,4),(0.0,0.000180540059397798,0.000514720139773505,0.000834906909800415,0.00109180134358516,0.00125236036470062,0.00141291938581609,0.00165508352064482,0.0018488148285078,0.00204254613637078,0.00235251622895156,0.00250472072940124),.UNSPECIFIED.);
#2371=VERTEX_POINT('',#2865);
#2372=CIRCLE('',#2866,0.000500000504220865);
#2373=B_SPLINE_CURVE_WITH_KNOTS('',3,(#2867,#2868,#2869,#2870,#2871,#2872,#2873,#2874,#2875,#2876,#2877,#2878,#2879,#2880,#2881,#2882,#2883,#2884),.UNSPECIFIED.,.F.,.F.,(4,2,2,2,2,2,2,2,4),(-0.00250472072940124,-0.00235251622895156,-0.00204254613637078,-0.0018488148285078,-0.00165508352064482,-0.00141291938581609,-0.00125236036470062,-0.00109180134358516,-0.00104166904658612),.UNSPECIFIED.);
#2374=VERTEX_POINT('',#2885);
#2375=B_SPLINE_CURVE_WITH_KNOTS('',3,(#2886,#2887,#2888,#2889,#2890,#2891,#2892,#2893,#2894,#2895,#2896,#2897,#2898,#2899,#2900,#2901,#2902,#2903),.UNSPECIFIED.,.F.,.F.,(4,2,2,2,2,2,2,2,4),(-0.00148806078307651,-0.0014271105582403,-0.00126493890389481,-0.00110276724954932,-0.000864563729856133,-0.000674000914101584,-0.000483438098347034,-0.000178537593139755,-0.0),.UNSPECIFIED.);
#2376=CIRCLE('',#2904,0.000499999995976365);
#2377=B_SPLINE_CURVE_WITH_KNOTS('',3,(#2905,#2906,#2907,#2908,#2909,#2910,#2911,#2912,#2913,#2914,#2915,#2916,#2917,#2918,#2919,#2920,#2921,#2922,#2923,#2924,#2925,#2926,#2927,#2928),.UNSPECIFIED.,.F.,.F.,(4,2,2,2,2,2,2,2,2,2,2,4),(0.0,0.000178537593139755,0.000483438098347034,0.000674000914101584,0.000864563729856133,0.00110276724954932,0.00126493890389481,0.0014271105582403,0.00168658520519308,0.0020220710406298,0.00236048602491857,0.00252987780778962),.UNSPECIFIED.);
#2378=CIRCLE('',#2929,0.0074);
#2379=CIRCLE('',#2930,0.00690000000402364);
#2380=CIRCLE('',#2931,0.0051);
#2381=CIRCLE('',#2932,0.007);
#2382=B_SPLINE_CURVE_WITH_KNOTS('',3,(#2933,#2934,#2935,#2936),.UNSPECIFIED.,.F.,.F.,(4,4),(-0.0134994130929908,-0.00180019003477663),.UNSPECIFIED.);
#2383=CIRCLE('',#2937,0.00235);
#2384=CIRCLE('',#2938,0.004);
#2385=CARTESIAN_POINT('',(-0.000624277173546602,0.0419999926739908,0.0477015466814909));
#2386=CARTESIAN_POINT('',(0.00137530467063206,0.0439999918776833,0.0476596644285847));
#2387=CARTESIAN_POINT('',(-0.000624277173546603,0.0419999926739908,0.0477015466814909));
#2388=CARTESIAN_POINT('',(0.00137530467063206,0.0439999918776833,0.0476596644285847));
#2389=CARTESIAN_POINT('',(-0.00462339990741378,0.0420000727558409,0.0477853163610548));
#2390=CARTESIAN_POINT('',(-0.000624277173546603,0.0419999926739908,0.0477015466814909));
#2391=CARTESIAN_POINT('',(-0.000619867585614942,0.0419999920404443,0.0479120582106919));
#2392=CARTESIAN_POINT('',(-0.000648975941045849,0.0419999920781797,0.0481232370790057));
#2393=CARTESIAN_POINT('',(-0.00103767337735505,0.0419999965698618,0.0494029039753972));
#2394=CARTESIAN_POINT('',(-0.00239755857073269,0.0420000222571531,0.0500278496366839));
#2395=CARTESIAN_POINT('',(-0.00412197730463136,0.0420000588454616,0.0492694148282423));
#2396=CARTESIAN_POINT('',(-0.00460768592370211,0.0420000704981381,0.0485354941083158));
#2397=CARTESIAN_POINT('',(-0.00462339990741378,0.0420000727558409,0.0477853163610548));
#2398=CARTESIAN_POINT('',(-0.00662294079713355,0.0440000735519354,0.0478272037877119));
#2399=CARTESIAN_POINT('',(-0.00462339990741378,0.0420000727558409,0.0477853163610544));
#2400=CARTESIAN_POINT('',(-0.00662294079713355,0.0440000735519354,0.0478272037877119));
#2401=CARTESIAN_POINT('',(-0.00662294079713355,0.0440000735519354,0.0478272037877119));
#2402=CARTESIAN_POINT('',(-0.006614563829179,0.0440000729489052,0.0482271160610266));
#2403=CARTESIAN_POINT('',(-0.00654575528328208,0.0440000717288462,0.0486257086924387));
#2404=CARTESIAN_POINT('',(-0.00625295699831418,0.0440000675917861,0.0495064709976299));
#2405=CARTESIAN_POINT('',(-0.00598586956015637,0.0440000642524221,0.0499740300410626));
#2406=CARTESIAN_POINT('',(-0.00524833861731756,0.0440000556069978,0.0508199378441886));
#2407=CARTESIAN_POINT('',(-0.00475676105155271,0.04400005010942,0.0511790617924599));
#2408=CARTESIAN_POINT('',(-0.00366602254496708,0.0440000383317029,0.0516507240016583));
#2409=CARTESIAN_POINT('',(-0.00306755316863338,0.0440000320590972,0.0517629121401456));
#2410=CARTESIAN_POINT('',(-0.00187993781175559,0.0440000199572335,0.0517183236490883));
#2411=CARTESIAN_POINT('',(-0.00129156534470869,0.0440000141358579,0.0515615759841121));
#2412=CARTESIAN_POINT('',(-0.000239173870508771,0.0440000040750237,0.0510094066687249));
#2413=CARTESIAN_POINT('',(0.000224159698596628,0.043999999842118,0.0506143446536687));
#2414=CARTESIAN_POINT('',(0.000935736619009173,0.0439999937877547,0.049662463852072));
#2415=CARTESIAN_POINT('',(0.00118351650944561,0.0439999919702404,0.0491062650388682));
#2416=CARTESIAN_POINT('',(0.00135586652537844,0.043999991326851,0.0482394000888725));
#2417=CARTESIAN_POINT('',(0.0013813697226777,0.0439999914410803,0.0479492069891511));
#2418=CARTESIAN_POINT('',(0.00137530467063206,0.0439999918776833,0.0476596644285847));
#2419=CARTESIAN_POINT('',(0.017775722825489,0.0419998042834798,0.0477015466813518));
#2420=CARTESIAN_POINT('',(0.0197753046696676,0.0439998034871724,0.0476596644284456));
#2421=CARTESIAN_POINT('',(0.017775722825489,0.0419998042834798,0.0477015466813518));
#2422=CARTESIAN_POINT('',(0.0197753046696676,0.0439998034871724,0.0476596644284456));
#2423=CARTESIAN_POINT('',(0.0137766000916218,0.04199988436533,0.0477853163609157));
#2424=CARTESIAN_POINT('',(0.017775722825489,0.0419998042834798,0.0477015466813518));
#2425=CARTESIAN_POINT('',(0.0177801324134206,0.0419998036499333,0.0479120582105528));
#2426=CARTESIAN_POINT('',(0.0177510240579897,0.0419998036876688,0.0481232370788666));
#2427=CARTESIAN_POINT('',(0.0173623266216805,0.0419998081793509,0.0494029039752582));
#2428=CARTESIAN_POINT('',(0.0160024414283026,0.0419998338666422,0.0500278496365449));
#2429=CARTESIAN_POINT('',(0.0142780226944041,0.0419998704549507,0.049269414828103));
#2430=CARTESIAN_POINT('',(0.0137923140753335,0.0419998821076272,0.0485354941081766));
#2431=CARTESIAN_POINT('',(0.0137766000916218,0.04199988436533,0.0477853163609157));
#2432=CARTESIAN_POINT('',(0.011777059201902,0.0439998851614245,0.0478272037875728));
#2433=CARTESIAN_POINT('',(0.0137766000916218,0.04199988436533,0.0477853163609153));
#2434=CARTESIAN_POINT('',(0.011777059201902,0.0439998851614245,0.0478272037875728));
#2435=CARTESIAN_POINT('',(0.011777059201902,0.0439998851614245,0.0478272037875728));
#2436=CARTESIAN_POINT('',(0.0117854361698566,0.0439998845583943,0.0482271160608875));
#2437=CARTESIAN_POINT('',(0.0118542447157535,0.0439998833383353,0.0486257086922996));
#2438=CARTESIAN_POINT('',(0.012147043000717,0.0439998792012752,0.0495064709974776));
#2439=CARTESIAN_POINT('',(0.0124141304388651,0.0439998758619112,0.0499740300408991));
#2440=CARTESIAN_POINT('',(0.013151661381678,0.0439998672164869,0.050819937844013));
#2441=CARTESIAN_POINT('',(0.0136432389474268,0.0439998617189091,0.0511790617922838));
#2442=CARTESIAN_POINT('',(0.014733977453991,0.043999849941192,0.0516507240014984));
#2443=CARTESIAN_POINT('',(0.0153324468303215,0.0439998436685863,0.0517629121399975));
#2444=CARTESIAN_POINT('',(0.0165200621871999,0.0439998315667226,0.0517183236489643));
#2445=CARTESIAN_POINT('',(0.0171084346542506,0.043999825745347,0.0515615759839997));
#2446=CARTESIAN_POINT('',(0.0181608261284632,0.0439998156845128,0.0510094066686325));
#2447=CARTESIAN_POINT('',(0.0186241596975773,0.0439998114516071,0.0506143446535844));
#2448=CARTESIAN_POINT('',(0.0193357366180088,0.0439998053972438,0.0496624638519997));
#2449=CARTESIAN_POINT('',(0.0195835165084558,0.0439998035797295,0.0491062650388002));
#2450=CARTESIAN_POINT('',(0.0197558665244096,0.04399980293634,0.0482394000887829));
#2451=CARTESIAN_POINT('',(0.0197813697217138,0.0439998030505694,0.0479492069890367));
#2452=CARTESIAN_POINT('',(0.0197753046696676,0.0439998034871724,0.0476596644284456));
#2453=CARTESIAN_POINT('',(0.00772504491807125,0.0467893770762456,0.0660562033512232));
#2454=CARTESIAN_POINT('',(0.00832504065370492,0.046189372816825,0.0660562801533981));
#2455=CARTESIAN_POINT('',(0.00832504065370492,0.046189372816825,0.0660562801533981));
#2456=VECTOR('',#2939,1.0);
#2457=CARTESIAN_POINT('',(0.00772510880977129,0.0557893770760187,0.06605620206918));
#2458=AXIS2_PLACEMENT_3D('',#2940,#2941,#2942);
#2459=CARTESIAN_POINT('',(0.0083251130642983,0.0563893728165679,0.0660562787004158));
#2460=CARTESIAN_POINT('',(0.0083251130642983,0.0563893728165679,0.0660562787004158));
#2461=VECTOR('',#2943,1.0);
#2462=AXIS2_PLACEMENT_3D('',#2944,#2945,#2946);
#2463=CARTESIAN_POINT('',(0.00282510884994853,0.0557894118614103,0.0660555755494199));
#2464=CARTESIAN_POINT('',(0.00527510882985991,0.0557893944687145,0.0660558888093));
#2465=VECTOR('',#2947,1.0);
#2466=CARTESIAN_POINT('',(0.00282504495824849,0.0467894118616372,0.0660555768314631));
#2467=AXIS2_PLACEMENT_3D('',#2948,#2949,#2950);
#2468=CARTESIAN_POINT('',(0.00527504493815987,0.0467893944689414,0.0660558900913432));
#2469=VECTOR('',#2951,1.0);
#2470=AXIS2_PLACEMENT_3D('',#2952,#2953,#2954);
#2471=CARTESIAN_POINT('',(0.00232504851188711,0.0472894154111543,0.0660555128296507));
#2472=CARTESIAN_POINT('',(0.00232504851188711,0.0472894154111543,0.0660555128296507));
#2473=VECTOR('',#2955,1.0);
#2474=CARTESIAN_POINT('',(0.00232510530450936,0.0552894154109527,0.0660555116900567));
#2475=AXIS2_PLACEMENT_3D('',#2956,#2957,#2958);
#2476=CARTESIAN_POINT('',(0.00232510530450936,0.0552894154109527,0.0660555116900567));
#2477=VECTOR('',#2959,1.0);
#2478=AXIS2_PLACEMENT_3D('',#2960,#2961,#2962);
#2479=CARTESIAN_POINT('',(-0.00747402041878369,0.0531394849754757,0.0660542590705297));
#2480=CARTESIAN_POINT('',(0.00182509004559186,0.0531394189605366,0.0660554480657349));
#2481=CARTESIAN_POINT('',(-0.00282434090277741,0.0531394519671239,0.0660548535840233));
#2482=VECTOR('',#2963,1.0);
#2483=CARTESIAN_POINT('',(-0.00747402189191697,0.049439484975393,0.066054259600762));
#2484=AXIS2_PLACEMENT_3D('',#2964,#2965,#2966);
#2485=CARTESIAN_POINT('',(0.00182506377900406,0.0494394189606299,0.0660554485927971));
#2486=CARTESIAN_POINT('',(-0.00282436716936521,0.0494394519672171,0.0660548541110856));
#2487=VECTOR('',#2967,1.0);
#2488=AXIS2_PLACEMENT_3D('',#2968,#2969,#2970);
#2489=CARTESIAN_POINT('',(0.00232506022536545,0.0489394154111127,0.0660555125946095));
#2490=CARTESIAN_POINT('',(0.00232506022536545,0.0489394154111127,0.0660555125946095));
#2491=VECTOR('',#2971,1.0);
#2492=AXIS2_PLACEMENT_3D('',#2972,#2973,#2974);
#2493=CARTESIAN_POINT('',(0.00232509359103102,0.0536394154109942,0.066055511925098));
#2494=CARTESIAN_POINT('',(0.00232509359103102,0.0536394154109942,0.066055511925098));
#2495=VECTOR('',#2975,1.0);
#2496=AXIS2_PLACEMENT_3D('',#2976,#2977,#2978);
#2497=CARTESIAN_POINT('',(0.00832525063272994,0.0582212492190304,0.0650820671745881));
#2498=CARTESIAN_POINT('',(-0.00747401839547181,0.0582213613789824,0.0650800470614609));
#2499=CARTESIAN_POINT('',(0.000426150633551799,0.0582213052952118,0.0650810571863682));
#2500=VECTOR('',#2979,1.0);
#2501=CARTESIAN_POINT('',(0.00832586785815502,0.0549200863957232,0.0600714721384504));
#2502=AXIS2_PLACEMENT_3D('',#2980,#2981,#2982);
#2503=CARTESIAN_POINT('',(-0.00747401972471375,0.0548828627408164,0.0600469607030767));
#2505=CARTESIAN_POINT('',(-0.0074740197247132,0.0548828627408165,0.0600469607030767));
#2506=CARTESIAN_POINT('',(-0.00650154989921841,0.0548849921850713,0.0600483629405732));
#2507=CARTESIAN_POINT('',(-0.00273913810136416,0.054893365632912,0.060053876833765));
#2508=CARTESIAN_POINT('',(0.00252600041567401,0.0549056751731622,0.0600619825636786));
#2509=CARTESIAN_POINT('',(0.00669007924855744,0.0549159148749764,0.0600687252656428));
#2510=CARTESIAN_POINT('',(0.00832586785815553,0.0549200863957232,0.0600714721384504));
#2517=AXIS2_PLACEMENT_3D('',#2983,#2984,#2985);
#2518=CARTESIAN_POINT('',(0.0205238998678707,0.0440405475208438,0.067187790156232));
#2519=CARTESIAN_POINT('',(0.00882488091479272,0.0440406305728762,0.0671862943059038));
#2520=CARTESIAN_POINT('',(0.014674148935422,0.0440405890485741,0.067187042200195));
#2521=VECTOR('',#2986,1.0);
#2522=CARTESIAN_POINT('',(0.0205239027439644,0.051264458092924,0.0587586404229178));
#2523=AXIS2_PLACEMENT_3D('',#2987,#2988,#2989);
#2524=CARTESIAN_POINT('',(0.00882600993954012,0.0512623868140687,0.0587571753315003));
#2525=CARTESIAN_POINT('',(0.00832600994684068,0.0512622982821303,0.0587571127234566));
#2526=CARTESIAN_POINT('',(0.00853541698222619,0.0512623353605489,0.0587571389443467));
#2527=CARTESIAN_POINT('',(0.00874482401761166,0.0512623724389719,0.0587571651655383));
#2528=CARTESIAN_POINT('',(0.00895423105299709,0.0512624095173991,0.0587571913870314));
#2529=CARTESIAN_POINT('',(0.00998322057897942,0.0512625917143019,0.0587573202348598));
#2530=CARTESIAN_POINT('',(0.0110122101049608,0.0512627739113085,0.0587574490899682));
#2531=CARTESIAN_POINT('',(0.0120411996309413,0.0512629561084172,0.0587575779523566));
#2532=CARTESIAN_POINT('',(0.01368758287251,0.0512632476237911,0.0587577841321782));
#2533=CARTESIAN_POINT('',(0.0153339661140764,0.0512635391394265,0.0587579903306365));
#2534=CARTESIAN_POINT('',(0.0169803493556404,0.0512638306553164,0.0587581965477318));
#2535=CARTESIAN_POINT('',(0.0181615338074061,0.0512640398010534,0.0587583444965329));
#2536=CARTESIAN_POINT('',(0.0193427182591707,0.0512642489469215,0.0587584924549268));
#2537=CARTESIAN_POINT('',(0.020523902710934,0.0512644580929181,0.0587586404229137));
#2538=AXIS2_PLACEMENT_3D('',#2990,#2991,#2992);
#2539=CARTESIAN_POINT('',(-0.00747402417437538,0.0437071959275189,0.0421535377601734));
#2540=CARTESIAN_POINT('',(0.0205238997348448,0.0437069092675629,0.0421535377599617));
#2541=CARTESIAN_POINT('',(0.0065249398182674,0.04370705259752,0.0421535377600676));
#2542=VECTOR('',#2993,1.0);
#2543=CARTESIAN_POINT('',(-0.00747402405775649,0.0440000886897835,0.0428606453784865));
#2544=AXIS2_PLACEMENT_3D('',#2994,#2995,#2996);
#2545=CARTESIAN_POINT('',(0.0205238998514637,0.0439998020298275,0.0428606453780237));
#2546=CARTESIAN_POINT('',(0.0444320078018527,0.0439995572439215,0.0428606453778429));
#2547=VECTOR('',#2997,1.0);
#2548=AXIS2_PLACEMENT_3D('',#2998,#2999,#3000);
#2549=CARTESIAN_POINT('',(0.0205238983837186,0.0403133489138547,0.0421535373089997));
#2550=CARTESIAN_POINT('',(-0.00747402552561126,0.0403133600610637,0.042153537309212));
#2551=CARTESIAN_POINT('',(0.00748818684359047,0.0403133541039467,0.0421535373090986));
#2552=VECTOR('',#3001,1.0);
#2553=CARTESIAN_POINT('',(0.0205238982671103,0.0400204556965153,0.0428606440907969));
#2554=AXIS2_PLACEMENT_3D('',#3002,#3003,#3004);
#2555=CARTESIAN_POINT('',(-0.00747402564221956,0.0400204668437244,0.0428606440910091));
#2556=CARTESIAN_POINT('',(0.00748818672698211,0.0400204608866074,0.0428606440908957));
#2557=VECTOR('',#3005,1.0);
#2558=AXIS2_PLACEMENT_3D('',#3006,#3007,#3008);
#2559=CARTESIAN_POINT('',(-0.0074740257587577,0.0397275736457102,0.0528377508728063));
#2560=CARTESIAN_POINT('',(0.0205238981505722,0.0397275624985012,0.052837750872594));
#2561=CARTESIAN_POINT('',(0.00652493619590724,0.0397275680721057,0.0528377508727001));
#2562=VECTOR('',#3009,1.0);
#2563=CARTESIAN_POINT('',(-0.00747402564214929,0.0400204668630496,0.0521306440910091));
#2564=AXIS2_PLACEMENT_3D('',#3010,#3011,#3012);
#2565=CARTESIAN_POINT('',(0.0205238982671806,0.0400204557158405,0.0521306440907969));
#2566=CARTESIAN_POINT('',(0.0520022104857596,0.0400204431829352,0.0521306440905582));
#2567=VECTOR('',#3013,1.0);
#2568=AXIS2_PLACEMENT_3D('',#3014,#3015,#3016);
#2569=CARTESIAN_POINT('',(0.0205238940679217,0.0294733489373501,0.0534235373315978));
#2570=CARTESIAN_POINT('',(-0.00747402984140821,0.0294733600845591,0.0534235373318101));
#2571=CARTESIAN_POINT('',(0.00652493211325673,0.0294733545109546,0.053423537331704));
#2572=VECTOR('',#3017,1.0);
#2573=CARTESIAN_POINT('',(0.0205238939513134,0.0291804557200107,0.054130644113395));
#2574=AXIS2_PLACEMENT_3D('',#3018,#3019,#3020);
#2575=CARTESIAN_POINT('',(-0.0074740299580165,0.0291804668672198,0.0541306441136073));
#2576=CARTESIAN_POINT('',(0.0517167463642933,0.0291804433007596,0.0541306441131584));
#2577=VECTOR('',#3021,1.0);
#2578=AXIS2_PLACEMENT_3D('',#3022,#3023,#3024);
#2579=CARTESIAN_POINT('',(-0.00747402991032076,0.0293001546920442,0.0597700125399045));
#2580=CARTESIAN_POINT('',(0.0205238939990091,0.0293001435448351,0.0597700125396923));
#2581=CARTESIAN_POINT('',(0.00652493204434418,0.0293001491184396,0.0597700125397984));
#2582=VECTOR('',#3025,1.0);
#2583=CARTESIAN_POINT('',(-0.00747402995797734,0.0291804668779872,0.0592956177114101));
#2584=AXIS2_PLACEMENT_3D('',#3026,#3027,#3028);
#2585=CARTESIAN_POINT('',(0.0205238939513525,0.0291804557307781,0.0592956177111979));
#2586=CARTESIAN_POINT('',(0.0074239838442393,0.0291804609464305,0.0592956177112972));
#2587=VECTOR('',#3029,1.0);
#2588=AXIS2_PLACEMENT_3D('',#3030,#3031,#3032);
#2589=CARTESIAN_POINT('',(-0.00462340069558271,0.0400204657190313,0.0477853163651813));
#2590=CARTESIAN_POINT('',(-0.00462340026480342,0.041102433911554,0.0477853163629257));
#2591=VECTOR('',#3033,1.0);
#2592=CARTESIAN_POINT('',(-0.000624277961684274,0.0400204641266294,0.0477015466856176));
#2593=CARTESIAN_POINT('',(-0.00062427753090499,0.0411024323191521,0.047701546683362));
#2594=VECTOR('',#3034,1.0);
#2595=AXIS2_PLACEMENT_3D('',#3035,#3036,#3037);
#2596=CARTESIAN_POINT('',(-0.00747402398620667,0.0441796080335439,0.0527852073744165));
#2597=CARTESIAN_POINT('',(0.0205238999230135,0.0441793213738225,0.0527850259823953));
#2598=CARTESIAN_POINT('',(0.00652493696496293,0.0441794647036935,0.0527851166784124));
#2599=VECTOR('',#3038,1.0);
#2600=CARTESIAN_POINT('',(-0.00747402378887434,0.0446752281366814,0.0533264626331464));
#2601=AXIS2_PLACEMENT_3D('',#3039,#3040,#3041);
#2602=CARTESIAN_POINT('',(0.0205239001203458,0.04467494147696,0.0533262812411251));
#2603=CARTESIAN_POINT('',(0.0367539651018348,0.0446747753037137,0.0533261760903182));
#2604=VECTOR('',#3042,0.999999999999999);
#2605=AXIS2_PLACEMENT_3D('',#3043,#3044,#3045);
#2606=CARTESIAN_POINT('',(0.013776599303525,0.0400204583931793,0.0477853163650418));
#2607=CARTESIAN_POINT('',(0.0137765997342682,0.0411023360533725,0.0477853163627864));
#2608=VECTOR('',#3046,1.0);
#2609=CARTESIAN_POINT('',(0.0177757220374234,0.0400204568007774,0.0477015466854781));
#2610=CARTESIAN_POINT('',(0.0177757224681666,0.0411023344609707,0.0477015466832228));
#2611=VECTOR('',#3047,1.0);
#2612=AXIS2_PLACEMENT_3D('',#3048,#3049,#3050);
#2613=CARTESIAN_POINT('',(0.0197753046696676,0.0439998034871724,0.0476596644284456));
#2614=CARTESIAN_POINT('',(0.0197692396176615,0.0439998039237754,0.047370121869766));
#2615=CARTESIAN_POINT('',(0.0197316067657138,0.0439998046827198,0.0470812512836323));
#2616=CARTESIAN_POINT('',(0.0195231073956681,0.0439998079283819,0.0462223639945306));
#2617=CARTESIAN_POINT('',(0.0192522536635324,0.0439998114069058,0.0456770290083887));
#2618=CARTESIAN_POINT('',(0.0185014402906407,0.0439998202857718,0.044755780916787));
#2619=CARTESIAN_POINT('',(0.0180219696656516,0.0439998256803309,0.0443804678334102));
#2620=CARTESIAN_POINT('',(0.0169473788684605,0.043999837339221,0.0438728524414778));
#2621=CARTESIAN_POINT('',(0.0163529585926691,0.0439998435959584,0.043740880750426));
#2622=CARTESIAN_POINT('',(0.0151645178012632,0.0439998557572422,0.0437460635369582));
#2623=CARTESIAN_POINT('',(0.0145712713335652,0.0439998616538679,0.0438832145629275));
#2624=CARTESIAN_POINT('',(0.0135012407488378,0.0439998719408899,0.0444001384323819));
#2625=CARTESIAN_POINT('',(0.0130251329281425,0.0439998763248518,0.0447795325009692));
#2626=CARTESIAN_POINT('',(0.0123236718662927,0.0439998823737246,0.0456555828912698));
#2627=CARTESIAN_POINT('',(0.0120763980498505,0.0439998842867715,0.0461339162669618));
#2628=CARTESIAN_POINT('',(0.0118207390960743,0.043999885750294,0.047026167113465));
#2629=CARTESIAN_POINT('',(0.0117686822339475,0.0439998857644547,0.0474272915142582));
#2630=CARTESIAN_POINT('',(0.011777059201902,0.0439998851614245,0.0478272037875728));
#2631=CARTESIAN_POINT('',(0.0137766000916218,0.04199988436533,0.0477853163609153));
#2632=CARTESIAN_POINT('',(0.013778721222899,0.0419998849576663,0.0475400724983821));
#2633=CARTESIAN_POINT('',(0.013811248841609,0.0419998849308304,0.0472981650102662));
#2634=CARTESIAN_POINT('',(0.0141693960376649,0.0419998803290584,0.0462979580616956));
#2635=CARTESIAN_POINT('',(0.0149606676141966,0.0419998658806159,0.0457419174868219));
#2636=CARTESIAN_POINT('',(0.0162918653300647,0.0419998391449993,0.0457443833684345));
#2637=CARTESIAN_POINT('',(0.0168005970837032,0.0419998283951112,0.0459510376889045));
#2638=CARTESIAN_POINT('',(0.017397984255772,0.0419998149008658,0.0465301340249065));
#2639=CARTESIAN_POINT('',(0.0175730895935313,0.0419998106633353,0.0468088464379844));
#2640=CARTESIAN_POINT('',(0.0177371300685557,0.0419998060920359,0.047302294228991));
#2641=CARTESIAN_POINT('',(0.0177715343415118,0.0419998048852593,0.0475015905446944));
#2642=CARTESIAN_POINT('',(0.017775722825489,0.0419998042834798,0.0477015466813518));
#2643=CARTESIAN_POINT('',(0.00137530467063206,0.0439999918776833,0.0476596644285847));
#2644=CARTESIAN_POINT('',(0.00136923961862585,0.0439999923142863,0.0473701218699009));
#2645=CARTESIAN_POINT('',(0.00133160676667718,0.0439999930732308,0.047081251283763));
#2646=CARTESIAN_POINT('',(0.00112310739662538,0.0439999963188928,0.0462223639946482));
#2647=CARTESIAN_POINT('',(0.000852253664481037,0.0439999997974167,0.0456770290084985));
#2648=CARTESIAN_POINT('',(0.000101440291579631,0.0440000086762827,0.0447557809169048));
#2649=CARTESIAN_POINT('',(-0.000378030333403612,0.0440000140708418,0.0443804678335379));
#2650=CARTESIAN_POINT('',(-0.00145262113058306,0.044000025729732,0.0438728524416152));
#2651=CARTESIAN_POINT('',(-0.00204704140636964,0.0440000319864693,0.0437408807505653));
#2652=CARTESIAN_POINT('',(-0.00323548219777393,0.0440000441477531,0.0437460635370971));
#2653=CARTESIAN_POINT('',(-0.00382872866547512,0.0440000500443788,0.0438832145630676));
#2654=CARTESIAN_POINT('',(-0.00489875925020319,0.0440000603314008,0.0444001384325249));
#2655=CARTESIAN_POINT('',(-0.00537486707089682,0.0440000647153627,0.044779532501112));
#2656=CARTESIAN_POINT('',(-0.00607632813274417,0.0440000707642355,0.0456555828914113));
#2657=CARTESIAN_POINT('',(-0.00632360194918543,0.0440000726772824,0.0461339162671022));
#2658=CARTESIAN_POINT('',(-0.00657926090296129,0.0440000741408049,0.047026167113604));
#2659=CARTESIAN_POINT('',(-0.00663131776508811,0.0440000741549656,0.0474272915143973));
#2660=CARTESIAN_POINT('',(-0.00662294079713355,0.0440000735519354,0.0478272037877119));
#2661=CARTESIAN_POINT('',(0.0205238998515288,0.0439997901136599,0.0520734326516708));
#2662=CARTESIAN_POINT('',(-0.0074740240576914,0.0440000767733813,0.052073614043692));
#2663=CARTESIAN_POINT('',(0.0367539500723119,0.0439996239405648,0.0520733275009594));
#2664=VECTOR('',#3051,0.999999999999999);
#2665=CARTESIAN_POINT('',(0.0205238998516308,0.0439997714280346,0.0665199138187176));
#2666=VECTOR('',#3052,1.0);
#2667=CARTESIAN_POINT('',(-0.00747402405757125,0.0440000547763745,0.0690802348729518));
#2668=VECTOR('',#3053,1.0);
#2669=AXIS2_PLACEMENT_3D('',#3054,#3055,#3056);
#2670=AXIS2_PLACEMENT_3D('',#3057,#3058,#3059);
#2671=CARTESIAN_POINT('',(-0.00747402564211084,0.0400204668736207,0.0572014901681372));
#2672=VECTOR('',#3060,1.0);
#2673=CARTESIAN_POINT('',(0.0205238982671996,0.0400204557210742,0.0546411833277343));
#2674=VECTOR('',#3061,1.0);
#2675=AXIS2_PLACEMENT_3D('',#3062,#3063,#3064);
#2676=AXIS2_PLACEMENT_3D('',#3065,#3066,#3067);
#2677=CARTESIAN_POINT('',(-0.00462339990741378,0.0420000727558409,0.0477853163610544));
#2678=CARTESIAN_POINT('',(-0.00462127877613659,0.0420000733481772,0.0475400724985213));
#2679=CARTESIAN_POINT('',(-0.00458875115742659,0.0420000733213413,0.0472981650104053));
#2680=CARTESIAN_POINT('',(-0.00423060396137066,0.0420000687195693,0.0462979580618347));
#2681=CARTESIAN_POINT('',(-0.00343933238483896,0.0420000542711268,0.045741917486961));
#2682=CARTESIAN_POINT('',(-0.00210813466897088,0.0420000275355102,0.0457443833685736));
#2683=CARTESIAN_POINT('',(-0.00159940291533238,0.0420000167856221,0.0459510376890436));
#2684=CARTESIAN_POINT('',(-0.00100201574326362,0.0420000032913767,0.0465301340250456));
#2685=CARTESIAN_POINT('',(-0.000826910405504274,0.0419999990538463,0.0468088464381236));
#2686=CARTESIAN_POINT('',(-0.000662869930479864,0.0419999944825468,0.0473022942291301));
#2687=CARTESIAN_POINT('',(-0.00062846565752376,0.0419999932757702,0.0475015905448335));
#2688=CARTESIAN_POINT('',(-0.000624277173546602,0.0419999926739908,0.0477015466814909));
#2689=CARTESIAN_POINT('',(0.0205238941305639,0.0296305566395973,0.0601308488085812));
#2690=AXIS2_PLACEMENT_3D('',#3068,#3069,#3070);
#2691=CARTESIAN_POINT('',(-0.00747402977876598,0.0296305677868064,0.0601308488087934));
#2692=CARTESIAN_POINT('',(0.00742398402345066,0.0296305618552496,0.0601308488086805));
#2693=VECTOR('',#3071,1.0);
#2694=AXIS2_PLACEMENT_3D('',#3072,#3073,#3074);
#2695=CARTESIAN_POINT('',(-0.00747402119388522,0.0511926635309857,0.0679017239940361));
#2696=AXIS2_PLACEMENT_3D('',#3075,#3076,#3077);
#2697=AXIS2_PLACEMENT_3D('',#3078,#3079,#3080);
#2698=CARTESIAN_POINT('',(-0.00747402291939689,0.0468587082679522,0.0714735045113325));
#2699=CARTESIAN_POINT('',(-0.0074740227051787,0.0473967436044095,0.0718277359841901));
#2700=VECTOR('',#3081,1.0);
#2701=AXIS2_PLACEMENT_3D('',#3082,#3083,#3084);
#2702=CARTESIAN_POINT('',(-0.00747402150843491,0.050402829466898,0.057097398327637));
#2703=VECTOR('',#3085,1.0);
#2704=CARTESIAN_POINT('',(-0.00747402445590819,0.0430000886876513,0.0418606440847975));
#2705=AXIS2_PLACEMENT_3D('',#3086,#3087,#3088);
#2706=CARTESIAN_POINT('',(-0.00747402524408301,0.0410204668416396,0.0418606440889245));
#2707=CARTESIAN_POINT('',(-0.00747402350837007,0.0453799758833189,0.0418606440798362));
#2708=VECTOR('',#3089,1.0);
#2709=AXIS2_PLACEMENT_3D('',#3090,#3091,#3092);
#2710=CARTESIAN_POINT('',(-0.00747402604028584,0.0390204668651343,0.0531306440930938));
#2711=AXIS2_PLACEMENT_3D('',#3093,#3094,#3095);
#2712=CARTESIAN_POINT('',(-0.00747402955987995,0.030180466865135,0.0531306441115226));
#2713=CARTESIAN_POINT('',(-0.00747402406568642,0.0439799759068135,0.0531306440827548));
#2714=VECTOR('',#3096,1.0);
#2715=AXIS2_PLACEMENT_3D('',#3097,#3098,#3099);
#2716=CARTESIAN_POINT('',(-0.00747402995793539,0.029180466889526,0.064830586598105));
#2717=VECTOR('',#3100,1.0);
#2718=CARTESIAN_POINT('',(0.0205238997394415,0.04371793572576,0.0694056913779439));
#2719=CARTESIAN_POINT('',(0.0205239037832505,0.0538744544131047,0.076092535772615));
#2720=VECTOR('',#3101,1.0);
#2721=CARTESIAN_POINT('',(0.00882453954267646,0.0437188143413434,0.0694062667738288));
#2722=CARTESIAN_POINT('',(0.00882453954267656,0.0437188143413434,0.0694062667738288));
#2723=CARTESIAN_POINT('',(0.00886779008608223,0.0437188110932511,0.0694062646466882));
#2724=CARTESIAN_POINT('',(0.00891104062948789,0.0437188078451589,0.0694062625195475));
#2725=CARTESIAN_POINT('',(0.00998328090546135,0.0437187273204977,0.069406209784814));
#2726=CARTESIAN_POINT('',(0.0110122706380291,0.0437186500439288,0.0694061591772211));
#2727=CARTESIAN_POINT('',(0.0136876439427054,0.0437184491248497,0.0694060275974797));
#2728=CARTESIAN_POINT('',(0.0153340275148139,0.0437183254823395,0.0694059466253311));
#2729=CARTESIAN_POINT('',(0.0181615739710954,0.0437181131351395,0.0694058075614363));
#2730=CARTESIAN_POINT('',(0.0193427368552684,0.0437180244304497,0.0694057494696901));
#2731=CARTESIAN_POINT('',(0.0205238997394415,0.04371793572576,0.0694056913779439));
#2732=CARTESIAN_POINT('',(0.00832453903005746,0.0444420921522281,0.069882457973755));
#2733=CARTESIAN_POINT('',(0.00832453906911561,0.0444420921492914,0.0698824579741481));
#2734=CARTESIAN_POINT('',(0.00832454401806417,0.0443775896221097,0.069839990828112));
#2735=CARTESIAN_POINT('',(0.00833796483236121,0.0443041876937732,0.0697916645016918));
#2736=CARTESIAN_POINT('',(0.00841599386690318,0.0441267770344738,0.0696748609687611));
#2737=CARTESIAN_POINT('',(0.00848108448073095,0.044042193803426,0.0696191731146313));
#2738=CARTESIAN_POINT('',(0.00862956130384549,0.0438818124849646,0.0695135813702458));
#2739=CARTESIAN_POINT('',(0.00872630720318766,0.0438008518909168,0.0694602785945998));
#2740=CARTESIAN_POINT('',(0.00882275315770823,0.0437203061919216,0.069407248977301));
#2741=CARTESIAN_POINT('',(0.00882364628175724,0.0437195603247103,0.0694067579138022));
#2742=CARTESIAN_POINT('',(0.00882453954267646,0.0437188143413434,0.0694062667738288));
#2743=CARTESIAN_POINT('',(0.00832435375991356,0.0468456343406718,0.0714649010458342));
#2744=CARTESIAN_POINT('',(0.0083239854796678,0.0516233988017696,0.0746104835518333));
#2745=VECTOR('',#3102,0.999999999999999);
#2747=CARTESIAN_POINT('',(-0.00747402291939854,0.0468587082679522,0.0714735045113325));
#2748=CARTESIAN_POINT('',(-0.00242298123193575,0.0468544762492415,0.0714707195606693));
#2749=CARTESIAN_POINT('',(0.00550272811690808,0.0468479409624894,0.0714664189389008));
#2750=CARTESIAN_POINT('',(0.00832435375991356,0.0468456343406718,0.0714649010458342));
#2757=CARTESIAN_POINT('',(0.020523897869044,0.0390204557179253,0.0531306440928816));
#2758=CARTESIAN_POINT('',(0.052002210087623,0.03902044318502,0.0531306440926429));
#2759=VECTOR('',#3103,1.0);
#2760=CARTESIAN_POINT('',(0.0205238943494499,0.030180455717926,0.0531306441113103));
#2761=CARTESIAN_POINT('',(0.0205239042117754,0.0549511974957348,0.0531306440596708));
#2762=VECTOR('',#3104,1.0);
#2763=CARTESIAN_POINT('',(0.0517167467624299,0.0301804432986748,0.0531306441110738));
#2764=VECTOR('',#3105,1.0);
#2765=AXIS2_PLACEMENT_3D('',#3106,#3107,#3108);
#2766=CARTESIAN_POINT('',(0.0205238939513751,0.0291804557369794,0.0622702797577021));
#2767=VECTOR('',#3109,1.0);
#2768=AXIS2_PLACEMENT_3D('',#3110,#3111,#3112);
#2769=CARTESIAN_POINT('',(0.0205238986652468,0.0410204556944306,0.0418606440887122));
#2770=AXIS2_PLACEMENT_3D('',#3113,#3114,#3115);
#2771=CARTESIAN_POINT('',(0.020523899453312,0.0429998020276953,0.0418606440845858));
#2772=CARTESIAN_POINT('',(0.0205239047690917,0.0563511974722402,0.0418606440567522));
#2773=VECTOR('',#3116,1.0);
#2774=AXIS2_PLACEMENT_3D('',#3117,#3118,#3119);
#2775=CARTESIAN_POINT('',(0.0205239028506271,0.0515323753272447,0.057841075583082));
#2776=CARTESIAN_POINT('',(0.0205239051266178,0.0572488030694133,0.0616046548154908));
#2777=VECTOR('',#3120,1.0);
#2778=CARTESIAN_POINT('',(0.0205239027439644,0.051264458092924,0.0587586404229178));
#2779=CARTESIAN_POINT('',(0.0205239027698839,0.0513295589714054,0.0587577247583374));
#2780=CARTESIAN_POINT('',(0.0205239027954843,0.0513938586003477,0.0587441021988633));
#2781=CARTESIAN_POINT('',(0.020523902843165,0.0515136168906315,0.0586929768362277));
#2782=CARTESIAN_POINT('',(0.0205239028647894,0.0515679305976106,0.0586559628200908));
#2783=CARTESIAN_POINT('',(0.020523902901172,0.0516593128245766,0.0585631989337316));
#2784=CARTESIAN_POINT('',(0.0205239029155823,0.0516955076808421,0.0585083359372715));
#2785=CARTESIAN_POINT('',(0.0205239029352189,0.0517448302801467,0.0583878239836295));
#2786=CARTESIAN_POINT('',(0.0205239029402574,0.051757486472119,0.0583233271865465));
#2787=CARTESIAN_POINT('',(0.0205239029402076,0.0517573638829903,0.0581931126129691));
#2788=CARTESIAN_POINT('',(0.0205239029351198,0.0517445862733657,0.0581286397588472));
#2789=CARTESIAN_POINT('',(0.0205239029176887,0.0517008075453863,0.0580222452756379));
#2790=CARTESIAN_POINT('',(0.0205239029074096,0.0516749905873818,0.0579791670888336));
#2791=CARTESIAN_POINT('',(0.0205239028821117,0.0516114524984326,0.0579020972776457));
#2792=CARTESIAN_POINT('',(0.0205239028945648,0.051574088444285,0.0578685387768648));
#2793=CARTESIAN_POINT('',(0.0205239028779567,0.0515323752676473,0.0578410756736145));
#2794=CARTESIAN_POINT('',(0.0205239000347627,0.0444596982150139,0.068808951358813));
#2795=AXIS2_PLACEMENT_3D('',#3121,#3122,#3123);
#2796=CARTESIAN_POINT('',(0.0205238997394415,0.04371793572576,0.0694056913779439));
#2797=CARTESIAN_POINT('',(0.0205238997610927,0.0437723154616917,0.0694414938850424));
#2798=CARTESIAN_POINT('',(0.0205238997853211,0.0438331683234849,0.0694663325290142));
#2799=CARTESIAN_POINT('',(0.0205238998362047,0.0439609698483815,0.0694912859050408));
#2800=CARTESIAN_POINT('',(0.0205238998623735,0.0440266966592551,0.0694911620692761));
#2801=CARTESIAN_POINT('',(0.0205238999132189,0.0441544032474872,0.0694657272908599));
#2802=CARTESIAN_POINT('',(0.0205238999374095,0.0442151620802708,0.0694406595186591));
#2803=CARTESIAN_POINT('',(0.0205238999806032,0.0443236509581827,0.069368645187724));
#2804=CARTESIAN_POINT('',(0.0205238999991933,0.0443703437905405,0.0693223871253407));
#2805=CARTESIAN_POINT('',(0.0205239000282674,0.0444433698431799,0.0692145766618597));
#2806=CARTESIAN_POINT('',(0.0205239000384733,0.0444690048946075,0.0691540549875993));
#2807=CARTESIAN_POINT('',(0.0205239000476633,0.044492089058406,0.0690435568751056));
#2808=CARTESIAN_POINT('',(0.0205239000488641,0.0444951058353,0.0689956304659257));
#2809=CARTESIAN_POINT('',(0.0205239000458147,0.0444874486621562,0.0689003853526007));
#2810=CARTESIAN_POINT('',(0.0205239000723166,0.0444768140882325,0.0688535564354531));
#2811=CARTESIAN_POINT('',(0.0205239000655017,0.0444596983090937,0.0688089513227105));
#2812=CARTESIAN_POINT('',(0.0444319975632304,0.04299955724189,0.041860644084405));
#2813=VECTOR('',#3124,1.0);
#2814=CARTESIAN_POINT('',(0.00748818712511866,0.0410204608845226,0.041860644088811));
#2815=VECTOR('',#3125,1.0);
#2816=CARTESIAN_POINT('',(0.00832607340516895,0.0522534887992718,0.0583158387632526));
#2817=CARTESIAN_POINT('',(0.00832586183895645,0.0549981745197226,0.0601228837638619));
#2818=VECTOR('',#3126,1.0);
#2819=CARTESIAN_POINT('',(0.00882618440464215,0.0515301585255754,0.0578396130199209));
#2820=CARTESIAN_POINT('',(0.00882618440464203,0.0515301582251591,0.0578396134762174));
#2821=CARTESIAN_POINT('',(0.00881417770061677,0.0515401852964722,0.057846215092085));
#2822=CARTESIAN_POINT('',(0.00881058393631507,0.0515431695526608,0.0578481792102348));
#2823=CARTESIAN_POINT('',(0.00871370740043715,0.0516242866493637,0.0579015850239971));
#2824=CARTESIAN_POINT('',(0.00862516472014442,0.0516996702336771,0.0579512160125288));
#2825=CARTESIAN_POINT('',(0.00848267893602851,0.0518535371194722,0.0580525187891144));
#2826=CARTESIAN_POINT('',(0.00841756344125531,0.0519381362911637,0.0581082171382325));
#2827=CARTESIAN_POINT('',(0.00833951161897081,0.0521155491881974,0.0582250221444357));
#2828=CARTESIAN_POINT('',(0.00832607837906774,0.0521889615462665,0.0582733553375697));
#2829=CARTESIAN_POINT('',(0.00832607340516905,0.05225348879904,0.0583158387624302));
#2830=CARTESIAN_POINT('',(0.0205239028779568,0.0515323752676516,0.0578410756736173));
#2831=CARTESIAN_POINT('',(0.0193427397362484,0.0515321513858494,0.0578409280582248));
#2832=CARTESIAN_POINT('',(0.0181615765945402,0.05153192750968,0.0578407804342788));
#2833=CARTESIAN_POINT('',(0.0153340301899088,0.0515313915935382,0.0578404270218079));
#2834=CARTESIAN_POINT('',(0.0136876469269858,0.0515310795589736,0.0578402212252818));
#2835=CARTESIAN_POINT('',(0.0110122741247364,0.0515305725204424,0.0578398867788254));
#2836=CARTESIAN_POINT('',(0.00998328458540977,0.0515303775099623,0.0578397581391241));
#2837=CARTESIAN_POINT('',(0.00874490642102617,0.0515301428219486,0.0578396033147202));
#2838=CARTESIAN_POINT('',(0.00853551779596905,0.0515301031403901,0.0578395771362886));
#2839=CARTESIAN_POINT('',(0.00832612917091193,0.0515300634590103,0.0578395509575892));
#2840=CARTESIAN_POINT('',(0.00882467636399043,0.0444605261126602,0.0688093957920848));
#2841=CARTESIAN_POINT('',(0.00882453954267646,0.0437188143413434,0.0694062667738288));
#2842=CARTESIAN_POINT('',(0.00882453296700975,0.0437439464537925,0.0694228132431863));
#2843=CARTESIAN_POINT('',(0.00882452697001376,0.0437706876148683,0.0694371404449794));
#2844=CARTESIAN_POINT('',(0.00882451193846876,0.0438496624815369,0.0694706653068845));
#2845=CARTESIAN_POINT('',(0.00882450448356718,0.0439054814117005,0.0694839660571859));
#2846=CARTESIAN_POINT('',(0.00882449565733513,0.0440148106918702,0.0694910762682701));
#2847=CARTESIAN_POINT('',(0.00882449394291631,0.0440689452196577,0.0694858862896308));
#2848=CARTESIAN_POINT('',(0.00882449575436538,0.0441627274697612,0.0694612132482921));
#2849=CARTESIAN_POINT('',(0.00882449827252114,0.0442026312625155,0.0694449840509604));
#2850=CARTESIAN_POINT('',(0.00882450510074034,0.044263695071922,0.0694103925705898));
#2851=CARTESIAN_POINT('',(0.00882450838325792,0.0442861542136784,0.0693951408630057));
#2852=CARTESIAN_POINT('',(0.00882451612397247,0.0443281424670707,0.0693613667917997));
#2853=CARTESIAN_POINT('',(0.00882452055476716,0.0443475953992884,0.0693429495160547));
#2854=CARTESIAN_POINT('',(0.00882453310960551,0.044392718342888,0.0692927603509353));
#2855=CARTESIAN_POINT('',(0.00882454196762537,0.0444163326273925,0.0692589918353058));
#2856=CARTESIAN_POINT('',(0.00882455956076108,0.0444506047288431,0.0691944458099158));
#2857=CARTESIAN_POINT('',(0.00882456793647561,0.0444629472148455,0.0691645105409226));
#2858=CARTESIAN_POINT('',(0.00882458578886612,0.0444817873925,0.069102196593721));
#2859=CARTESIAN_POINT('',(0.00882459521916984,0.0444881710573296,0.0690699927791095));
#2860=CARTESIAN_POINT('',(0.00882462033889203,0.0444964499379362,0.068985953531879));
#2861=CARTESIAN_POINT('',(0.00882463648549108,0.0444934508065933,0.068933596268763));
#2862=CARTESIAN_POINT('',(0.00882466065211357,0.0444769702165389,0.068857628359132));
#2863=CARTESIAN_POINT('',(0.00882466858557673,0.044469621091076,0.0688330767383118));
#2864=CARTESIAN_POINT('',(0.00882467635991901,0.0444605265871197,0.0688093956098736));
#2865=CARTESIAN_POINT('',(0.00832470260552289,0.0449272923669162,0.068630076254152));
#2866=AXIS2_PLACEMENT_3D('',#3127,#3128,#3129);
#2867=CARTESIAN_POINT('',(0.00832470260554956,0.0449272928413754,0.0686300760719407));
#2868=CARTESIAN_POINT('',(0.0083246966788806,0.0449454818484923,0.0686774383281533));
#2869=CARTESIAN_POINT('',(0.00832469050482619,0.0449601800986309,0.0687265415691195));
#2870=CARTESIAN_POINT('',(0.0083246713121272,0.0449931412764188,0.068878477386337));
#2871=CARTESIAN_POINT('',(0.00832465796578685,0.0449991395376574,0.0689831919112157));
#2872=CARTESIAN_POINT('',(0.00832463635752851,0.0449825817743608,0.0691512704035923));
#2873=CARTESIAN_POINT('',(0.00832462803165731,0.0449698144439617,0.0692156780320382));
#2874=CARTESIAN_POINT('',(0.00832461182909319,0.0449321340873397,0.0693403059249806));
#2875=CARTESIAN_POINT('',(0.00832460399873576,0.0449074491147643,0.0694001764622874));
#2876=CARTESIAN_POINT('',(0.00832458700627505,0.0448389049107726,0.0695292685116531));
#2877=CARTESIAN_POINT('',(0.00832457803563243,0.0447916763412968,0.0695968055422104));
#2878=CARTESIAN_POINT('',(0.00832456456048022,0.0447014304535869,0.0696971838714731));
#2879=CARTESIAN_POINT('',(0.00832455957457612,0.044662524589017,0.0697340184226242));
#2880=CARTESIAN_POINT('',(0.00832455034163701,0.0445785480821011,0.0698015665644571));
#2881=CARTESIAN_POINT('',(0.00832454612255691,0.0445336297985929,0.0698320699793873));
#2882=CARTESIAN_POINT('',(0.0083245412204442,0.0444719912407063,0.0698669870435989));
#2883=CARTESIAN_POINT('',(0.0083245401020247,0.0444571476790271,0.0698749100441376));
#2884=CARTESIAN_POINT('',(0.00832453903201161,0.0444421341106721,0.069882445019969));
#2885=CARTESIAN_POINT('',(0.00832594607461724,0.0512695678894956,0.0592570598732766));
#2886=CARTESIAN_POINT('',(0.00832607340084185,0.0522534962471892,0.058315873018963));
#2887=CARTESIAN_POINT('',(0.0083260707874376,0.0522522937870782,0.0583362456448287));
#2888=CARTESIAN_POINT('',(0.00832606817102349,0.0522504657578518,0.0583566070781148));
#2889=CARTESIAN_POINT('',(0.00832605858875557,0.0522414842572377,0.0584310511585503));
#2890=CARTESIAN_POINT('',(0.00832605163953683,0.0522304821438604,0.0584847900202347));
#2891=CARTESIAN_POINT('',(0.00832603805275888,0.0521999933423762,0.0585893591825473));
#2892=CARTESIAN_POINT('',(0.00832603144835826,0.0521806489543927,0.0586399380512477));
#2893=CARTESIAN_POINT('',(0.00832601557211047,0.0521227505078127,0.0587608912888056));
#2894=CARTESIAN_POINT('',(0.00832600652033344,0.052079276888765,0.0588292713511198));
#2895=CARTESIAN_POINT('',(0.0083259916436297,0.0519880576962974,0.0589405571506097));
#2896=CARTESIAN_POINT('',(0.00832598555166088,0.0519431886928089,0.0589857111312424));
#2897=CARTESIAN_POINT('',(0.00832597440151936,0.0518447287863518,0.0590674495373369));
#2898=CARTESIAN_POINT('',(0.00832596938214225,0.051791309174271,0.0591037400535084));
#2899=CARTESIAN_POINT('',(0.0083259581386768,0.0516453923640071,0.0591835734603029));
#2900=CARTESIAN_POINT('',(0.00832595296963722,0.0515486574377313,0.0592186295477124));
#2901=CARTESIAN_POINT('',(0.00832594782662055,0.051389021304632,0.0592499897334857));
#2902=CARTESIAN_POINT('',(0.00832594660628921,0.051329074288425,0.0592562055678651));
#2903=CARTESIAN_POINT('',(0.00832594607461725,0.0512695678894955,0.0592570598732766));
#2904=AXIS2_PLACEMENT_3D('',#3130,#3131,#3132);
#2905=CARTESIAN_POINT('',(0.00882600993954012,0.0512623868140687,0.0587571753315004));
#2906=CARTESIAN_POINT('',(0.00882601605625656,0.0512921399797897,0.0587567481800266));
#2907=CARTESIAN_POINT('',(0.0088260225682067,0.0513221134539011,0.0587536402672154));
#2908=CARTESIAN_POINT('',(0.00882604087685643,0.0514019314299354,0.0587379601946639));
#2909=CARTESIAN_POINT('',(0.00882605302035798,0.0514502988382278,0.0587204321726865));
#2910=CARTESIAN_POINT('',(0.0088260730991983,0.0515232571606372,0.0586805155178548));
#2911=CARTESIAN_POINT('',(0.00882608091158091,0.051549966936395,0.0586623702816871));
#2912=CARTESIAN_POINT('',(0.0088260962812892,0.0515991968338126,0.0586215011277381));
#2913=CARTESIAN_POINT('',(0.00882610380196258,0.0516216313101254,0.0585989241644277));
#2914=CARTESIAN_POINT('',(0.00882612036499447,0.051667240854662,0.0585432813310029));
#2915=CARTESIAN_POINT('',(0.00882612926128059,0.051688977639552,0.0585090913404419));
#2916=CARTESIAN_POINT('',(0.0088261430622331,0.0517179268300424,0.0584486147932373));
#2917=CARTESIAN_POINT('',(0.00882614833764991,0.0517275990130783,0.0584233253887575));
#2918=CARTESIAN_POINT('',(0.00882615827621721,0.0517428433965594,0.0583710408692398));
#2919=CARTESIAN_POINT('',(0.00882616290844392,0.0517483444470235,0.0583441714700168));
#2920=CARTESIAN_POINT('',(0.00882617383016538,0.0517568308676512,0.0582738309135205));
#2921=CARTESIAN_POINT('',(0.00882617942694285,0.0517563856690582,0.0582303130108191));
#2922=CARTESIAN_POINT('',(0.0088261895141142,0.051742358646275,0.0581312671694335));
#2923=CARTESIAN_POINT('',(0.00882619306126097,0.0517250170117833,0.0580770962484307));
#2924=CARTESIAN_POINT('',(0.00882619558072019,0.0516729865424843,0.057976720504358));
#2925=CARTESIAN_POINT('',(0.00882619447714274,0.0516380116532317,0.0579306504935551));
#2926=CARTESIAN_POINT('',(0.00882618943312514,0.0515760983844192,0.0578727430651741));
#2927=CARTESIAN_POINT('',(0.0088261871790969,0.0515537384125339,0.0578551381898159));
#2928=CARTESIAN_POINT('',(0.00882618440464203,0.0515301582251591,0.0578396134762174));
#2929=AXIS2_PLACEMENT_3D('',#3133,#3134,#3135);
#2930=AXIS2_PLACEMENT_3D('',#3136,#3137,#3138);
#2931=AXIS2_PLACEMENT_3D('',#3139,#3140,#3141);
#2932=AXIS2_PLACEMENT_3D('',#3142,#3143,#3144);
#2933=CARTESIAN_POINT('',(0.0205238993279486,0.044459698215064,0.0688089513588399));
#2934=CARTESIAN_POINT('',(0.0166241583385914,0.0444599740900859,0.0688090995380749));
#2935=CARTESIAN_POINT('',(0.0127244173492393,0.0444602500559612,0.0688092476825155));
#2936=CARTESIAN_POINT('',(0.00882467635989234,0.0444605261126605,0.0688093957920849));
#2937=AXIS2_PLACEMENT_3D('',#3145,#3146,#3147);
#2938=AXIS2_PLACEMENT_3D('',#3148,#3149,#3150);
#2939=DIRECTION('',(0.707101755582629,-0.707111800961843,9.05122311015808E-05));
#2940=CARTESIAN_POINT('',(0.00772507686392127,0.0512893770761321,0.0660562027102016));
#2941=DIRECTION('',(-0.999999991800561,7.09905951038802E-06,-0.000127861175537661));
#2942=DIRECTION('',(-7.09907778214561E-06,-0.999999999974792,1.42449246335394E-07));
#2943=DIRECTION('',(-0.707111795194709,-0.707101761375603,-9.0310777444746E-05));
#2944=CARTESIAN_POINT('',(0.00832507685900161,0.0512893728166964,0.0660562794269069));
#2945=DIRECTION('',(0.999999991800562,-7.09905951038802E-06,0.000127861175537661));
#2946=DIRECTION('',(-7.09907778214573E-06,-0.999999999974791,1.42449247306209E-07));
#2947=DIRECTION('',(0.999999991800562,-7.09905951038845E-06,0.000127861175537647));
#2948=CARTESIAN_POINT('',(0.00282507690409851,0.0512894118615237,0.0660555761904415));
#2949=DIRECTION('',(0.999999991800562,-7.09905951038845E-06,0.000127861175537654));
#2950=DIRECTION('',(-7.0990777821462E-06,-0.999999999974791,1.42449247642922E-07));
#2951=DIRECTION('',(-0.999999991800562,7.09905951038845E-06,-0.000127861175537647));
#2952=CARTESIAN_POINT('',(0.00772507686392127,0.0512893770761321,0.0660562027102016));
#2953=DIRECTION('',(-0.999999991800561,7.09905951038802E-06,-0.000127861175537661));
#2954=DIRECTION('',(-7.09907778214561E-06,-0.999999999974792,1.42449246335394E-07));
#2955=DIRECTION('',(0.707101755582629,-0.707111800961842,9.05122311015759E-05));
#2956=CARTESIAN_POINT('',(0.00232507690819824,0.0512894154110535,0.0660555122598537));
#2957=DIRECTION('',(-0.999999991800562,7.09905951038845E-06,-0.000127861175537654));
#2958=DIRECTION('',(-7.09907778214616E-06,-0.999999999974791,1.42449247304171E-07));
#2959=DIRECTION('',(-0.707111795194709,-0.707101761375603,-9.03107774447411E-05));
#2960=CARTESIAN_POINT('',(0.00282507690409851,0.0512894118615237,0.0660555761904415));
#2961=DIRECTION('',(0.999999991800562,-7.09905951038845E-06,0.000127861175537654));
#2962=DIRECTION('',(-7.0990777821462E-06,-0.999999999974791,1.42449247642922E-07));
#2963=DIRECTION('',(0.999999991800562,-7.09905951038845E-06,0.00012786117553764));
#2964=CARTESIAN_POINT('',(-0.00747402115535033,0.0512894849754344,0.0660542593356458));
#2965=DIRECTION('',(0.999999999999921,-3.98144130460834E-07,-7.57974932818732E-12));
#2966=DIRECTION('',(2.08296682027544E-08,0.0523359154891871,-0.998629536890387));
#2967=DIRECTION('',(-0.999999991800562,7.09905951038845E-06,-0.00012786117553764));
#2968=CARTESIAN_POINT('',(0.00182507691229796,0.0512894189605832,0.066055448329266));
#2969=DIRECTION('',(-0.999999991800562,7.09905951038845E-06,-0.000127861175537654));
#2970=DIRECTION('',(-7.09907778214606E-06,-0.999999999974791,1.42449246496324E-07));
#2971=DIRECTION('',(0.70710175558263,-0.707111800961842,9.05122311078397E-05));
#2972=CARTESIAN_POINT('',(0.00182507691229796,0.0512894189605832,0.066055448329266));
#2973=DIRECTION('',(-0.999999991800562,7.09905951038845E-06,-0.000127861175537654));
#2974=DIRECTION('',(-7.09907778214606E-06,-0.999999999974791,1.42449246496324E-07));
#2975=DIRECTION('',(-0.707111795194709,-0.707101761375602,-9.03107774468291E-05));
#2976=CARTESIAN_POINT('',(0.00232507690819823,0.0512894154110535,0.0660555122598537));
#2977=DIRECTION('',(0.999999991800562,-7.09905951038845E-06,0.000127861175537654));
#2978=DIRECTION('',(-7.09907778214616E-06,-0.999999999974791,1.42449247312118E-07));
#2979=DIRECTION('',(-0.999999991800562,7.09905951038802E-06,-0.000127861175537661));
#2980=CARTESIAN_POINT('',(0.00832507685900161,0.0512893728166964,0.0660562794269069));
#2981=DIRECTION('',(0.999999991800562,-7.09905951038803E-06,0.000127861175537661));
#2982=DIRECTION('',(2.48248183326222E-05,0.99026805747628,-0.139173178902698));
#2983=CARTESIAN_POINT('',(-0.00747402115535033,0.0512894849754344,0.0660542593356458));
#2984=DIRECTION('',(-0.999999999999921,3.98144130460805E-07,7.57975626708377E-12));
#2985=DIRECTION('',(2.08296687586288E-08,0.0523359169027574,-0.998629536816305));
#2986=DIRECTION('',(-0.999999991800562,7.09905951038802E-06,-0.000127861175537661));
#2987=CARTESIAN_POINT('',(0.0205239027854565,0.0513685311474517,0.0661579086092365));
#2988=DIRECTION('',(-0.999999999999921,3.98144130460805E-07,7.57975626708384E-12));
#2989=DIRECTION('',(2.0829668875256E-08,0.0523359171956843,-0.998629536800953));
#2990=CARTESIAN_POINT('',(0.00882506461844838,0.0513686141982007,0.0661564127820238));
#2991=DIRECTION('',(0.999999991800562,-7.09905951038803E-06,0.000127861175537661));
#2992=DIRECTION('',(6.57741539868369E-05,-0.828220315214161,-0.560402627706471));
#2993=DIRECTION('',(0.999999999947585,-1.02386147236967E-05,-7.56186742793317E-12));
#2994=CARTESIAN_POINT('',(-0.00747402445590061,0.043000088689736,0.0428606440847975));
#2995=DIRECTION('',(-0.999999999999921,3.98144130460834E-07,7.57974932821146E-12));
#2996=DIRECTION('',(2.81525236634137E-07,0.707107237765742,-0.707106324607002));
#2997=DIRECTION('',(0.999999999947585,-1.02386147236967E-05,-7.56186742793317E-12));
#2998=CARTESIAN_POINT('',(0.0205238994533196,0.04299980202978,0.0428606440845858));
#2999=DIRECTION('',(-0.999999999999921,3.98144130460805E-07,7.57975626708247E-12));
#3000=DIRECTION('',(2.8152523662921E-07,0.707107237765742,-0.707106324607002));
#3001=DIRECTION('',(-0.999999999999921,3.98144130437787E-07,7.58238182643113E-12));
#3002=CARTESIAN_POINT('',(0.0205238986652544,0.0410204556965153,0.0428606440887122));
#3003=DIRECTION('',(0.999999999999921,-3.98144130460805E-07,-7.57975626709606E-12));
#3004=DIRECTION('',(-2.81535774822406E-07,-0.707106782660591,-0.707106779712448));
#3005=DIRECTION('',(-0.999999999999921,3.98144130437787E-07,7.58238182643113E-12));
#3006=CARTESIAN_POINT('',(-0.00747402524407549,0.0410204668437243,0.0428606440889245));
#3007=DIRECTION('',(0.999999999999921,-3.98144130460834E-07,-7.5797493281998E-12));
#3008=DIRECTION('',(-2.8153577481752E-07,-0.707106782660591,-0.707106779712448));
#3009=DIRECTION('',(0.999999999999921,-3.98144130437787E-07,-7.5824373375877E-12));
#3010=CARTESIAN_POINT('',(-0.00747402604029347,0.0390204668630496,0.0521306440930938));
#3011=DIRECTION('',(-0.999999999999921,3.98144130460834E-07,7.57974932822505E-12));
#3012=DIRECTION('',(2.8153577481752E-07,0.707106782660591,0.707106779712448));
#3013=DIRECTION('',(0.999999999999921,-3.98144130437787E-07,-7.58243733758769E-12));
#3014=CARTESIAN_POINT('',(0.0205238978690364,0.0390204557158406,0.0521306440928816));
#3015=DIRECTION('',(-0.999999999999921,3.98144130460805E-07,7.57975626714655E-12));
#3016=DIRECTION('',(2.81535774822406E-07,0.707106782660591,0.707106779712448));
#3017=DIRECTION('',(-0.999999999999921,3.98144130832531E-07,7.58243733758687E-12));
#3018=CARTESIAN_POINT('',(0.0205238943494574,0.0301804557200107,0.0541306441113103));
#3019=DIRECTION('',(0.999999999999921,-3.98144130460805E-07,-7.57975626714655E-12));
#3020=DIRECTION('',(-2.81535774822406E-07,-0.707106782660591,-0.707106779712448));
#3021=DIRECTION('',(-0.999999999999921,3.98144130832531E-07,7.58243733758687E-12));
#3022=CARTESIAN_POINT('',(-0.00747402955987243,0.0301804668672197,0.0541306441115226));
#3023=DIRECTION('',(0.999999999999921,-3.98144130460834E-07,-7.57974932822505E-12));
#3024=DIRECTION('',(-2.8153577481752E-07,-0.707106782660591,-0.707106779712448));
#3025=DIRECTION('',(0.999999999999921,-3.98144130832531E-07,-7.57992235303435E-12));
#3026=CARTESIAN_POINT('',(-0.00747402955983322,0.0301804668779871,0.0592956177093254));
#3027=DIRECTION('',(0.999999999999921,-3.98144130460834E-07,-7.57974932817456E-12));
#3028=DIRECTION('',(-3.5048753401247E-07,-0.880312185942972,0.474394830579111));
#3029=DIRECTION('',(0.999999999999921,-3.98144130832531E-07,-7.57992235303435E-12));
#3030=CARTESIAN_POINT('',(0.0205238943494966,0.0301804557307781,0.0592956177091132));
#3031=DIRECTION('',(-0.999999999999921,3.98144130460805E-07,7.57975626707081E-12));
#3032=DIRECTION('',(-3.50487534009153E-07,-0.880312185942972,0.474394830579111));
#3033=DIRECTION('',(-3.98144130437771E-07,-0.999999999999921,2.08469686130176E-09));
#3034=DIRECTION('',(3.98144130437771E-07,0.999999999999921,-2.08469686130176E-09));
#3035=CARTESIAN_POINT('',(-0.00262383932863349,0.0400204649228303,0.0477434315253995));
#3036=DIRECTION('',(3.98144130437771E-07,0.999999999999921,-2.08469686130176E-09));
#3037=DIRECTION('',(-0.999780683474608,3.98100469447524E-07,0.0209424198909237));
#3038=DIRECTION('',(0.999999999926598,-1.02386063436095E-05,-6.47876684914469E-06));
#3039=CARTESIAN_POINT('',(-0.00747402346047519,0.0455000767734526,0.0520736159839444));
#3040=DIRECTION('',(-0.999999999999921,3.98144130460834E-07,7.57974932820105E-12));
#3041=DIRECTION('',(-1.88883962834021E-07,-0.474394260358328,-0.880312493231261));
#3042=DIRECTION('',(0.999999999926598,-1.02386063436095E-05,-6.47876684914469E-06));
#3043=CARTESIAN_POINT('',(0.020523900448745,0.0454997901137312,0.0520734345919231));
#3044=DIRECTION('',(0.999999999999921,-3.98144130460805E-07,-7.57975626710291E-12));
#3045=DIRECTION('',(-1.88883962840116E-07,-0.474394260358328,-0.880312493231261));
#3046=DIRECTION('',(-3.98144130437771E-07,-0.999999999999921,2.08469686130176E-09));
#3047=DIRECTION('',(3.98144130437771E-07,0.999999999999921,-2.08469686130176E-09));
#3048=CARTESIAN_POINT('',(0.0157761606704742,0.0400204575969783,0.04774343152526));
#3049=DIRECTION('',(3.98144130437771E-07,0.999999999999921,-2.08469686130176E-09));
#3050=DIRECTION('',(-0.999780683474608,3.98100469447524E-07,0.0209424198909237));
#3051=DIRECTION('',(-0.999999999926598,1.02386063436094E-05,6.47876684914469E-06));
#3052=DIRECTION('',(7.06478158563182E-12,-1.29343783330592E-06,0.999999999999164));
#3053=DIRECTION('',(-7.06477464673788E-12,1.29343783330592E-06,-0.999999999999164));
#3054=CARTESIAN_POINT('',(0.0157761606704742,0.0400204575969783,0.04774343152526));
#3055=DIRECTION('',(3.98144130437771E-07,0.999999999999921,-2.08469686130176E-09));
#3056=DIRECTION('',(-0.999780683474608,3.98100469447524E-07,0.0209424198909237));
#3057=CARTESIAN_POINT('',(-0.00262383932863349,0.0400204649228303,0.0477434315253995));
#3058=DIRECTION('',(3.98144130437771E-07,0.999999999999921,-2.08469686130176E-09));
#3059=DIRECTION('',(-0.999780683474608,3.98100469447524E-07,0.0209424198909237));
#3060=DIRECTION('',(7.58057933800891E-12,2.08469685828376E-09,1.0));
#3061=DIRECTION('',(-7.58058627690281E-12,-2.08469685828376E-09,-1.0));
#3062=CARTESIAN_POINT('',(0.020523900448745,0.0454997901137312,0.0520734345919231));
#3063=DIRECTION('',(0.999999999999921,-3.98144130460805E-07,-7.57975626710291E-12));
#3064=DIRECTION('',(-1.88883962840116E-07,-0.474394260358328,-0.880312493231261));
#3065=CARTESIAN_POINT('',(-0.00747402346047519,0.0455000767734526,0.0520736159839444));
#3066=DIRECTION('',(-0.999999999999921,3.98144130460834E-07,7.57974932820105E-12));
#3067=DIRECTION('',(-1.88883962834021E-07,-0.474394260358328,-0.880312493231261));
#3068=CARTESIAN_POINT('',(0.0205238943494966,0.0301804557307781,0.0592956177091132));
#3069=DIRECTION('',(-0.999999999999921,3.98144130460805E-07,7.57975626707081E-12));
#3070=DIRECTION('',(-3.50487534009153E-07,-0.880312185942972,0.474394830579111));
#3071=DIRECTION('',(-0.999999999999921,3.98144130832531E-07,7.57992235302823E-12));
#3072=CARTESIAN_POINT('',(-0.00747402955983322,0.0301804668779871,0.0592956177093254));
#3073=DIRECTION('',(0.999999999999921,-3.98144130460834E-07,-7.57974932817456E-12));
#3074=DIRECTION('',(-3.5048753401247E-07,-0.880312185942972,0.474394830579111));
#3075=CARTESIAN_POINT('',(-0.00747402115535033,0.0512894849754344,0.0660542593356458));
#3076=DIRECTION('',(0.999999999999921,-3.98144130460834E-07,-7.57974932818732E-12));
#3077=DIRECTION('',(2.08296682027544E-08,0.0523359154891871,-0.998629536890387));
#3078=CARTESIAN_POINT('',(-0.00747402115535033,0.0512894849754344,0.0660542593356458));
#3079=DIRECTION('',(0.999999999999921,-3.98144130460834E-07,-7.57974932818732E-12));
#3080=DIRECTION('',(2.08296682027544E-08,0.0523359154891871,-0.998629536890387));
#3081=DIRECTION('',(-3.32546527928794E-07,-0.835231099467918,-0.54989909118083));
#3082=CARTESIAN_POINT('',(-0.00747402115535033,0.0512894849754344,0.0660542593356458));
#3083=DIRECTION('',(-0.999999999999921,3.98144130460805E-07,7.57975626708377E-12));
#3084=DIRECTION('',(2.08296687586288E-08,0.0523359169027574,-0.998629536816305));
#3085=DIRECTION('',(-3.32546527928794E-07,-0.835231099467918,-0.54989909118083));
#3086=CARTESIAN_POINT('',(-0.00747402445590061,0.043000088689736,0.0428606440847975));
#3087=DIRECTION('',(-0.999999999999921,3.98144130460834E-07,7.57974932821146E-12));
#3088=DIRECTION('',(2.81525236634137E-07,0.707107237765742,-0.707106324607002));
#3089=DIRECTION('',(3.98144130460818E-07,0.999999999999921,-2.08469685838533E-09));
#3090=CARTESIAN_POINT('',(-0.00747402524407549,0.0410204668437243,0.0428606440889245));
#3091=DIRECTION('',(0.999999999999921,-3.98144130460834E-07,-7.5797493281998E-12));
#3092=DIRECTION('',(-2.8153577481752E-07,-0.707106782660591,-0.707106779712448));
#3093=CARTESIAN_POINT('',(-0.00747402604029347,0.0390204668630496,0.0521306440930938));
#3094=DIRECTION('',(-0.999999999999921,3.98144130460834E-07,7.57974932822505E-12));
#3095=DIRECTION('',(2.8153577481752E-07,0.707106782660591,0.707106779712448));
#3096=DIRECTION('',(-3.98144130460818E-07,-0.999999999999921,2.08469684499093E-09));
#3097=CARTESIAN_POINT('',(-0.00747402955987243,0.0301804668672197,0.0541306441115226));
#3098=DIRECTION('',(0.999999999999921,-3.98144130460834E-07,-7.57974932822505E-12));
#3099=DIRECTION('',(-2.8153577481752E-07,-0.707106782660591,-0.707106779712448));
#3100=DIRECTION('',(-7.5805793380089E-12,-2.08469685826787E-09,-1.0));
#3101=DIRECTION('',(3.32546527932585E-07,0.835231099467918,0.54989909118083));
#3102=DIRECTION('',(6.43813893383198E-05,-0.835231097744754,-0.549899090029371));
#3103=DIRECTION('',(-0.999999999999921,3.98144130437787E-07,7.58243733758769E-12));
#3104=DIRECTION('',(-3.98144130460789E-07,-0.999999999999921,2.08469684499093E-09));
#3105=DIRECTION('',(0.999999999999921,-3.98144130832531E-07,-7.58243733758687E-12));
#3106=CARTESIAN_POINT('',(0.0205238943494574,0.0301804557200107,0.0541306441113103));
#3107=DIRECTION('',(0.999999999999921,-3.98144130460805E-07,-7.57975626714655E-12));
#3108=DIRECTION('',(-2.81535774822406E-07,-0.707106782660591,-0.707106779712448));
#3109=DIRECTION('',(7.5805862769028E-12,2.08469685826787E-09,1.0));
#3110=CARTESIAN_POINT('',(0.0205238978690364,0.0390204557158406,0.0521306440928816));
#3111=DIRECTION('',(-0.999999999999921,3.98144130460805E-07,7.57975626714655E-12));
#3112=DIRECTION('',(2.81535774822406E-07,0.707106782660591,0.707106779712448));
#3113=CARTESIAN_POINT('',(0.0205238986652544,0.0410204556965153,0.0428606440887122));
#3114=DIRECTION('',(0.999999999999921,-3.98144130460805E-07,-7.57975626709606E-12));
#3115=DIRECTION('',(-2.81535774822406E-07,-0.707106782660591,-0.707106779712448));
#3116=DIRECTION('',(-3.98144130460789E-07,-0.999999999999921,2.08469685838533E-09));
#3117=CARTESIAN_POINT('',(0.0205238994533196,0.04299980202978,0.0428606440845858));
#3118=DIRECTION('',(-0.999999999999921,3.98144130460805E-07,7.57975626708247E-12));
#3119=DIRECTION('',(2.8152523662921E-07,0.707107237765742,-0.707106324607002));
#3120=DIRECTION('',(3.32546527932585E-07,0.835231099467918,0.54989909118083));
#3121=CARTESIAN_POINT('',(0.0205239027854565,0.0513685311474517,0.0661579086092365));
#3122=DIRECTION('',(-0.999999999999921,3.98144130460805E-07,7.57975626708384E-12));
#3123=DIRECTION('',(2.0829668875256E-08,0.0523359171956843,-0.998629536800953));
#3124=DIRECTION('',(-0.999999999947585,1.02386147236967E-05,7.56186742793317E-12));
#3125=DIRECTION('',(0.999999999999921,-3.98144130437787E-07,-7.58238182643113E-12));
#3126=DIRECTION('',(-6.43813893383198E-05,0.835231097744754,0.549899090029371));
#3127=CARTESIAN_POINT('',(0.0088247025974262,0.0449272892918457,0.0686301400025279));
#3128=DIRECTION('',(0.000116816564734795,-0.358511221346294,-0.933525409682393));
#3129=DIRECTION('',(-5.24750148071326E-05,-0.933525416964253,0.358511217576368));
#3130=CARTESIAN_POINT('',(0.00882594606649389,0.0512695643399658,0.0592571238038639));
#3131=DIRECTION('',(-8.93378179609972E-06,-0.999896960908609,0.0143550508851537));
#3132=DIRECTION('',(-0.999999991800562,7.09905952240449E-06,-0.000127861175538181));
#3133=CARTESIAN_POINT('',(0.00882506461844838,0.0513686141982007,0.0661564127820238));
#3134=DIRECTION('',(0.999999991800562,-7.09905951038803E-06,0.000127861175537661));
#3135=DIRECTION('',(6.57741539868369E-05,-0.828220315214161,-0.560402627706471));
#3136=CARTESIAN_POINT('',(0.00832506462657173,0.0513686177477304,0.0661563488514365));
#3137=DIRECTION('',(-0.999999991800561,7.09905951038802E-06,-0.000127861175537661));
#3138=DIRECTION('',(6.57741539868369E-05,-0.828220315214161,-0.560402627706471));
#3139=CARTESIAN_POINT('',(0.00832507685900161,0.0512893728166964,0.0660562794269069));
#3140=DIRECTION('',(0.999999991800562,-7.09905951038802E-06,0.000127861175537661));
#3141=DIRECTION('',(-7.09907778214573E-06,-0.999999999974791,1.42449247306209E-07));
#3142=CARTESIAN_POINT('',(0.00832507685900161,0.0512893728166964,0.0660562794269069));
#3143=DIRECTION('',(0.999999991800562,-7.09905951038803E-06,0.000127861175537661));
#3144=DIRECTION('',(2.48248183326222E-05,0.99026805747628,-0.139173178902698));
#3145=CARTESIAN_POINT('',(0.00232507690819823,0.0512894154110535,0.0660555122598537));
#3146=DIRECTION('',(0.999999991800562,-7.09905951038845E-06,0.000127861175537654));
#3147=DIRECTION('',(-7.09907778214616E-06,-0.999999999974791,1.42449247312118E-07));
#3148=CARTESIAN_POINT('',(0.00232507690819824,0.0512894154110535,0.0660555122598537));
#3149=DIRECTION('',(-0.999999991800562,7.09905951038845E-06,-0.000127861175537654));
#3150=DIRECTION('',(-7.09907778214616E-06,-0.999999999974791,1.42449247304171E-07));
#3151=PRESENTATION_LAYER_ASSIGNMENT('9','Layer0',(#25));
ENDSEC;
END-ISO-10303-21;
