ISO-10303-21;
HEADER;
FILE_DESCRIPTION(('STEP AP214'),'1');
FILE_NAME('PCB_front_cover.stp','2026-09-06T08:04:57',(' '),(' '),'Spatial InterOp 3D',' ',' ');
FILE_SCHEMA(('AUTOMOTIVE_DESIGN { 1 0 10303 214 1 1 1 1 }'));
ENDSEC;
DATA;
#1=MECHANICAL_DESIGN_GEOMETRIC_PRESENTATION_REPRESENTATION(' ',(#10),#6);
#2=PRODUCT_DEFINITION_CONTEXT('',#11,'design');
#3=APPLICATION_PROTOCOL_DEFINITION('INTERNATIONAL STANDARD','automotive_design',1994,#11);
#4=PRODUCT_CATEGORY_RELATIONSHIP('NONE','NONE',#12,#13);
#5=SHAPE_DEFINITION_REPRESENTATION(#14,#15);
#6= (GEOMETRIC_REPRESENTATION_CONTEXT(3)GLOBAL_UNCERTAINTY_ASSIGNED_CONTEXT((#18))GLOBAL_UNIT_ASSIGNED_CONTEXT((#20,#21,#22))REPRESENTATION_CONTEXT('NONE','WORKSPACE'));
#10=STYLED_ITEM('',(#24),#25);
#11=APPLICATION_CONTEXT(' ');
#12=PRODUCT_CATEGORY('part','NONE');
#13=PRODUCT_RELATED_PRODUCT_CATEGORY('detail',' ',(#26));
#14=PRODUCT_DEFINITION_SHAPE('NONE','NONE',#27);
#15=ADVANCED_BREP_SHAPE_REPRESENTATION('PCB_front_cover',(#25,#28),#6);
#18=UNCERTAINTY_MEASURE_WITH_UNIT(LENGTH_MEASURE(1.0E-08),#20,'','');
#20= (CONVERSION_BASED_UNIT('METRE',#31)LENGTH_UNIT()NAMED_UNIT(#34));
#21= (NAMED_UNIT(#36)PLANE_ANGLE_UNIT()SI_UNIT($,.RADIAN.));
#22= (NAMED_UNIT(#36)SOLID_ANGLE_UNIT()SI_UNIT($,.STERADIAN.));
#24=PRESENTATION_STYLE_ASSIGNMENT((#42));
#25=MANIFOLD_SOLID_BREP('PCB_front_cover',#43);
#26=PRODUCT('PCB_front_cover','','PART--DESC',(#44));
#27=PRODUCT_DEFINITION('','NONE',#45,#2);
#28=AXIS2_PLACEMENT_3D('',#46,#47,#48);
#31=LENGTH_MEASURE_WITH_UNIT(LENGTH_MEASURE(1.0),#49);
#34=DIMENSIONAL_EXPONENTS(1.0,0.0,0.0,0.0,0.0,0.0,0.0);
#36=DIMENSIONAL_EXPONENTS(0.0,0.0,0.0,0.0,0.0,0.0,0.0);
#42=SURFACE_STYLE_USAGE(.BOTH.,#50);
#43=CLOSED_SHELL('',(#51,#52,#53,#54,#55,#56,#57,#58,#59,#60,#61,#62,#63,#64,#65,#66,#67,#68,#69,#70,#71,#72,#73,#74,#75,#76,#77,#78,#79,#80,#81,#82,#83,#84,#85,#86,#87,#88,#89,#90,#91,#92,#93,#94,#95,#96,#97,#98,#99,#100,#101,#102,#103));
#44=PRODUCT_CONTEXT('',#11,'mechanical');
#45=PRODUCT_DEFINITION_FORMATION_WITH_SPECIFIED_SOURCE(' ','NONE',#26,.NOT_KNOWN.);
#46=CARTESIAN_POINT('',(0.0,0.0,0.0));
#47=DIRECTION('',(0.0,0.0,1.0));
#48=DIRECTION('',(1.0,0.0,0.0));
#49= (NAMED_UNIT(#34)LENGTH_UNIT()SI_UNIT($,.METRE.));
#50=SURFACE_SIDE_STYLE('',(#105));
#51=ADVANCED_FACE('0:612',(#106),#107,.T.);
#52=ADVANCED_FACE('0:600',(#108),#109,.T.);
#53=ADVANCED_FACE('0:591',(#110),#111,.T.);
#54=ADVANCED_FACE('0:588',(#112),#113,.T.);
#55=ADVANCED_FACE('0:585',(#114),#115,.T.);
#56=ADVANCED_FACE('0:582',(#116),#117,.T.);
#57=ADVANCED_FACE('0:579',(#118),#119,.T.);
#58=ADVANCED_FACE('0:576',(#120),#121,.T.);
#59=ADVANCED_FACE('0:573',(#122),#123,.T.);
#60=ADVANCED_FACE('0:567',(#124),#125,.F.);
#61=ADVANCED_FACE('0:564',(#126),#127,.T.);
#62=ADVANCED_FACE('0:555',(#128),#129,.T.);
#63=ADVANCED_FACE('0:552',(#130),#131,.T.);
#64=ADVANCED_FACE('0:549',(#132),#133,.T.);
#65=ADVANCED_FACE('0:543',(#134),#135,.T.);
#66=ADVANCED_FACE('0:537',(#136),#137,.T.);
#67=ADVANCED_FACE('0:531',(#138),#139,.T.);
#68=ADVANCED_FACE('0:525',(#140),#141,.T.);
#69=ADVANCED_FACE('0:519',(#142),#143,.F.);
#70=ADVANCED_FACE('0:516',(#144),#145,.F.);
#71=ADVANCED_FACE('0:516',(#146),#147,.F.);
#72=ADVANCED_FACE('0:519',(#148),#149,.F.);
#73=ADVANCED_FACE('0:522',(#150),#151,.T.);
#74=ADVANCED_FACE('0:525',(#152),#153,.T.);
#75=ADVANCED_FACE('0:528',(#154),#155,.T.);
#76=ADVANCED_FACE('0:531',(#156),#157,.T.);
#77=ADVANCED_FACE('0:534',(#158),#159,.F.);
#78=ADVANCED_FACE('0:537',(#160),#161,.T.);
#79=ADVANCED_FACE('0:540',(#162),#163,.T.);
#80=ADVANCED_FACE('0:543',(#164),#165,.T.);
#81=ADVANCED_FACE('0:546',(#166,#167,#168),#169,.F.);
#82=ADVANCED_FACE('0:549',(#170),#171,.T.);
#83=ADVANCED_FACE('0:552',(#172),#173,.T.);
#84=ADVANCED_FACE('0:555',(#174),#175,.T.);
#85=ADVANCED_FACE('0:558',(#176),#177,.T.);
#86=ADVANCED_FACE('0:561',(#178),#179,.T.);
#87=ADVANCED_FACE('0:564',(#180),#181,.T.);
#88=ADVANCED_FACE('0:567',(#182),#183,.F.);
#89=ADVANCED_FACE('0:570',(#184),#185,.T.);
#90=ADVANCED_FACE('0:573',(#186),#187,.T.);
#91=ADVANCED_FACE('0:576',(#188),#189,.T.);
#92=ADVANCED_FACE('0:579',(#190),#191,.T.);
#93=ADVANCED_FACE('0:582',(#192),#193,.T.);
#94=ADVANCED_FACE('0:585',(#194),#195,.T.);
#95=ADVANCED_FACE('0:588',(#196),#197,.T.);
#96=ADVANCED_FACE('0:591',(#198),#199,.T.);
#97=ADVANCED_FACE('0:594',(#200),#201,.T.);
#98=ADVANCED_FACE('0:597',(#202),#203,.T.);
#99=ADVANCED_FACE('0:600',(#204),#205,.T.);
#100=ADVANCED_FACE('0:603',(#206,#207,#208),#209,.T.);
#101=ADVANCED_FACE('0:606',(#210),#211,.T.);
#102=ADVANCED_FACE('0:609',(#212),#213,.T.);
#103=ADVANCED_FACE('0:612',(#214),#215,.T.);
#105=SURFACE_STYLE_FILL_AREA(#216);
#106=FACE_OUTER_BOUND('',#217,.T.);
#107=CYLINDRICAL_SURFACE('',#218,0.001);
#108=FACE_OUTER_BOUND('',#219,.T.);
#109=CYLINDRICAL_SURFACE('',#220,0.001);
#110=FACE_OUTER_BOUND('',#221,.T.);
#111=CYLINDRICAL_SURFACE('',#222,0.001);
#112=FACE_OUTER_BOUND('',#223,.T.);
#113=CYLINDRICAL_SURFACE('',#224,0.001);
#114=FACE_OUTER_BOUND('',#225,.T.);
#115=SPHERICAL_SURFACE('',#226,0.001);
#116=FACE_OUTER_BOUND('',#227,.T.);
#117=CYLINDRICAL_SURFACE('',#228,0.001);
#118=FACE_OUTER_BOUND('',#229,.T.);
#119=CYLINDRICAL_SURFACE('',#230,0.001);
#120=FACE_OUTER_BOUND('',#231,.T.);
#121=CYLINDRICAL_SURFACE('',#232,0.001);
#122=FACE_OUTER_BOUND('',#233,.T.);
#123=CYLINDRICAL_SURFACE('',#234,0.001);
#124=FACE_OUTER_BOUND('',#235,.T.);
#125=CYLINDRICAL_SURFACE('',#236,0.001);
#126=FACE_OUTER_BOUND('',#237,.T.);
#127=SPHERICAL_SURFACE('',#238,0.001);
#128=FACE_OUTER_BOUND('',#239,.T.);
#129=SPHERICAL_SURFACE('',#240,0.001);
#130=FACE_OUTER_BOUND('',#241,.T.);
#131=SPHERICAL_SURFACE('',#242,0.001);
#132=FACE_OUTER_BOUND('',#243,.T.);
#133=CYLINDRICAL_SURFACE('',#244,0.001);
#134=FACE_OUTER_BOUND('',#245,.T.);
#135=CYLINDRICAL_SURFACE('',#246,0.003);
#136=FACE_OUTER_BOUND('',#247,.T.);
#137=CYLINDRICAL_SURFACE('',#248,0.003);
#138=FACE_OUTER_BOUND('',#249,.T.);
#139=CYLINDRICAL_SURFACE('',#250,0.001);
#140=FACE_OUTER_BOUND('',#251,.T.);
#141=CYLINDRICAL_SURFACE('',#252,0.001);
#142=FACE_OUTER_BOUND('',#253,.T.);
#143=CYLINDRICAL_SURFACE('',#254,0.00184999999999999);
#144=FACE_OUTER_BOUND('',#255,.T.);
#145=CYLINDRICAL_SURFACE('',#256,0.00185);
#146=FACE_OUTER_BOUND('',#257,.T.);
#147=CYLINDRICAL_SURFACE('',#258,0.00185);
#148=FACE_OUTER_BOUND('',#259,.T.);
#149=CYLINDRICAL_SURFACE('',#260,0.00184999999999999);
#150=FACE_OUTER_BOUND('',#261,.T.);
#151=PLANE('',#262);
#152=FACE_OUTER_BOUND('',#263,.T.);
#153=CYLINDRICAL_SURFACE('',#264,0.001);
#154=FACE_OUTER_BOUND('',#265,.T.);
#155=PLANE('',#266);
#156=FACE_OUTER_BOUND('',#267,.T.);
#157=CYLINDRICAL_SURFACE('',#268,0.001);
#158=FACE_OUTER_BOUND('',#269,.T.);
#159=PLANE('',#270);
#160=FACE_OUTER_BOUND('',#271,.T.);
#161=CYLINDRICAL_SURFACE('',#272,0.003);
#162=FACE_OUTER_BOUND('',#273,.T.);
#163=PLANE('',#274);
#164=FACE_OUTER_BOUND('',#275,.T.);
#165=CYLINDRICAL_SURFACE('',#276,0.003);
#166=FACE_OUTER_BOUND('',#277,.T.);
#167=FACE_BOUND('',#278,.T.);
#168=FACE_BOUND('',#279,.T.);
#169=PLANE('',#280);
#170=FACE_OUTER_BOUND('',#281,.T.);
#171=CYLINDRICAL_SURFACE('',#282,0.001);
#172=FACE_OUTER_BOUND('',#283,.T.);
#173=SPHERICAL_SURFACE('',#284,0.001);
#174=FACE_OUTER_BOUND('',#285,.T.);
#175=SPHERICAL_SURFACE('',#286,0.001);
#176=FACE_OUTER_BOUND('',#287,.T.);
#177=PLANE('',#288);
#178=FACE_OUTER_BOUND('',#289,.T.);
#179=PLANE('',#290);
#180=FACE_OUTER_BOUND('',#291,.T.);
#181=SPHERICAL_SURFACE('',#292,0.001);
#182=FACE_OUTER_BOUND('',#293,.T.);
#183=CYLINDRICAL_SURFACE('',#294,0.001);
#184=FACE_OUTER_BOUND('',#295,.T.);
#185=TOROIDAL_SURFACE('',#296,0.002,0.001);
#186=FACE_OUTER_BOUND('',#297,.T.);
#187=CYLINDRICAL_SURFACE('',#298,0.001);
#188=FACE_OUTER_BOUND('',#299,.T.);
#189=CYLINDRICAL_SURFACE('',#300,0.001);
#190=FACE_OUTER_BOUND('',#301,.T.);
#191=CYLINDRICAL_SURFACE('',#302,0.001);
#192=FACE_OUTER_BOUND('',#303,.T.);
#193=CYLINDRICAL_SURFACE('',#304,0.001);
#194=FACE_OUTER_BOUND('',#305,.T.);
#195=SPHERICAL_SURFACE('',#306,0.001);
#196=FACE_OUTER_BOUND('',#307,.T.);
#197=CYLINDRICAL_SURFACE('',#308,0.001);
#198=FACE_OUTER_BOUND('',#309,.T.);
#199=CYLINDRICAL_SURFACE('',#310,0.001);
#200=FACE_OUTER_BOUND('',#311,.T.);
#201=B_SPLINE_SURFACE_WITH_KNOTS('',3,3,((#312,#313,#314,#315,#316,#317,#318,#319,#320,#321,#322,#323),(#324,#325,#326,#327,#328,#329,#330,#331,#332,#333,#334,#335),(#336,#337,#338,#339,#340,#341,#342,#343,#344,#345,#346,#347),(#348,#349,#350,#351,#352,#353,#354,#355,#356,#357,#358,#359),(#360,#361,#362,#363,#364,#365,#366,#367,#368,#369,#370,#371),(#372,#373,#374,#375,#376,#377,#378,#379,#380,#381,#382,#383),(#384,#385,#386,#387,#388,#389,#390,#391,#392,#393,#394,#395),(#396,#397,#398,#399,#400,#401,#402,#403,#404,#405,#406,#407),(#408,#409,#410,#411,#412,#413,#414,#415,#416,#417,#418,#419),(#420,#421,#422,#423,#424,#425,#426,#427,#428,#429,#430,#431),(#432,#433,#434,#435,#436,#437,#438,#439,#440,#441,#442,#443),(#444,#445,#446,#447,#448,#449,#450,#451,#452,#453,#454,#455),(#456,#457,#458,#459,#460,#461,#462,#463,#464,#465,#466,#467),(#468,#469,#470,#471,#472,#473,#474,#475,#476,#477,#478,#479),(#480,#481,#482,#483,#484,#485,#486,#487,#488,#489,#490,#491),(#492,#493,#494,#495,#496,#497,#498,#499,#500,#501,#502,#503),(#504,#505,#506,#507,#508,#509,#510,#511,#512,#513,#514,#515),(#516,#517,#518,#519,#520,#521,#522,#523,#524,#525,#526,#527)),.UNSPECIFIED.,.F.,.F.,.F.,(4,2,2,2,2,2,2,2,4),(4,2,2,2,2,4),(-0.0108349477493954,-0.0104326197924321,-0.0100610229101529,-0.00982289219038597,-0.00967406049053164,-0.0095252287906773,-0.00928709807091037,-0.00890608891928328,-0.00851317323166784),(0.0,0.2,0.4,0.6,0.8,1.0),.UNSPECIFIED.);
#202=FACE_OUTER_BOUND('',#528,.T.);
#203=TOROIDAL_SURFACE('',#529,0.002,0.001);
#204=FACE_OUTER_BOUND('',#530,.T.);
#205=CYLINDRICAL_SURFACE('',#531,0.001);
#206=FACE_BOUND('',#532,.T.);
#207=FACE_BOUND('',#533,.T.);
#208=FACE_OUTER_BOUND('',#534,.T.);
#209=PLANE('',#535);
#210=FACE_OUTER_BOUND('',#536,.T.);
#211=TOROIDAL_SURFACE('',#537,0.002,0.001);
#212=FACE_OUTER_BOUND('',#538,.T.);
#213=TOROIDAL_SURFACE('',#539,0.002,0.001);
#214=FACE_OUTER_BOUND('',#540,.T.);
#215=CYLINDRICAL_SURFACE('',#541,0.001);
#216=FILL_AREA_STYLE('',(#542));
#217=EDGE_LOOP('',(#543,#544,#545,#546));
#218=AXIS2_PLACEMENT_3D('',#547,#548,#549);
#219=EDGE_LOOP('',(#550,#551,#552,#553));
#220=AXIS2_PLACEMENT_3D('',#554,#555,#556);
#221=EDGE_LOOP('',(#557,#558,#559,#560));
#222=AXIS2_PLACEMENT_3D('',#561,#562,#563);
#223=EDGE_LOOP('',(#564,#565,#566,#567,#568));
#224=AXIS2_PLACEMENT_3D('',#569,#570,#571);
#225=EDGE_LOOP('',(#572,#573,#574,#575));
#226=AXIS2_PLACEMENT_3D('',#576,#577,#578);
#227=EDGE_LOOP('',(#579,#580,#581,#582));
#228=AXIS2_PLACEMENT_3D('',#583,#584,#585);
#229=EDGE_LOOP('',(#586,#587,#588,#589));
#230=AXIS2_PLACEMENT_3D('',#590,#591,#592);
#231=EDGE_LOOP('',(#593,#594,#595,#596));
#232=AXIS2_PLACEMENT_3D('',#597,#598,#599);
#233=EDGE_LOOP('',(#600,#601,#602,#603));
#234=AXIS2_PLACEMENT_3D('',#604,#605,#606);
#235=EDGE_LOOP('',(#607,#608,#609,#610,#611));
#236=AXIS2_PLACEMENT_3D('',#612,#613,#614);
#237=EDGE_LOOP('',(#615,#616,#617,#618));
#238=AXIS2_PLACEMENT_3D('',#619,#620,#621);
#239=EDGE_LOOP('',(#622,#623,#624,#625));
#240=AXIS2_PLACEMENT_3D('',#626,#627,#628);
#241=EDGE_LOOP('',(#629,#630,#631,#632,#633));
#242=AXIS2_PLACEMENT_3D('',#634,#635,#636);
#243=EDGE_LOOP('',(#637,#638,#639,#640));
#244=AXIS2_PLACEMENT_3D('',#641,#642,#643);
#245=EDGE_LOOP('',(#644,#645,#646,#647));
#246=AXIS2_PLACEMENT_3D('',#648,#649,#650);
#247=EDGE_LOOP('',(#651,#652,#653,#654));
#248=AXIS2_PLACEMENT_3D('',#655,#656,#657);
#249=EDGE_LOOP('',(#658,#659,#660,#661));
#250=AXIS2_PLACEMENT_3D('',#662,#663,#664);
#251=EDGE_LOOP('',(#665,#666,#667,#668));
#252=AXIS2_PLACEMENT_3D('',#669,#670,#671);
#253=EDGE_LOOP('',(#672,#673,#674,#675));
#254=AXIS2_PLACEMENT_3D('',#676,#677,#678);
#255=EDGE_LOOP('',(#679,#680,#681,#682));
#256=AXIS2_PLACEMENT_3D('',#683,#684,#685);
#257=EDGE_LOOP('',(#686,#687,#688,#689));
#258=AXIS2_PLACEMENT_3D('',#690,#691,#692);
#259=EDGE_LOOP('',(#693,#694,#695,#696));
#260=AXIS2_PLACEMENT_3D('',#697,#698,#699);
#261=EDGE_LOOP('',(#700,#701,#702,#703,#704,#705,#706));
#262=AXIS2_PLACEMENT_3D('',#707,#708,#709);
#263=EDGE_LOOP('',(#710,#711,#712,#713));
#264=AXIS2_PLACEMENT_3D('',#714,#715,#716);
#265=EDGE_LOOP('',(#717,#718,#719,#720));
#266=AXIS2_PLACEMENT_3D('',#721,#722,#723);
#267=EDGE_LOOP('',(#724,#725,#726,#727));
#268=AXIS2_PLACEMENT_3D('',#728,#729,#730);
#269=EDGE_LOOP('',(#731,#732,#733,#734,#735,#736,#737,#738));
#270=AXIS2_PLACEMENT_3D('',#739,#740,#741);
#271=EDGE_LOOP('',(#742,#743,#744,#745));
#272=AXIS2_PLACEMENT_3D('',#746,#747,#748);
#273=EDGE_LOOP('',(#749,#750,#751,#752));
#274=AXIS2_PLACEMENT_3D('',#753,#754,#755);
#275=EDGE_LOOP('',(#756,#757,#758,#759));
#276=AXIS2_PLACEMENT_3D('',#760,#761,#762);
#277=EDGE_LOOP('',(#763,#764,#765,#766,#767,#768,#769,#770,#771,#772,#773,#774));
#278=EDGE_LOOP('',(#775,#776));
#279=EDGE_LOOP('',(#777,#778));
#280=AXIS2_PLACEMENT_3D('',#779,#780,#781);
#281=EDGE_LOOP('',(#782,#783,#784,#785));
#282=AXIS2_PLACEMENT_3D('',#786,#787,#788);
#283=EDGE_LOOP('',(#789,#790,#791,#792));
#284=AXIS2_PLACEMENT_3D('',#793,#794,#795);
#285=EDGE_LOOP('',(#796,#797,#798,#799));
#286=AXIS2_PLACEMENT_3D('',#800,#801,#802);
#287=EDGE_LOOP('',(#803,#804,#805,#806));
#288=AXIS2_PLACEMENT_3D('',#807,#808,#809);
#289=EDGE_LOOP('',(#810,#811,#812,#813));
#290=AXIS2_PLACEMENT_3D('',#814,#815,#816);
#291=EDGE_LOOP('',(#817,#818,#819,#820,#821));
#292=AXIS2_PLACEMENT_3D('',#822,#823,#824);
#293=EDGE_LOOP('',(#825,#826,#827,#828));
#294=AXIS2_PLACEMENT_3D('',#829,#830,#831);
#295=EDGE_LOOP('',(#832,#833,#834,#835,#836,#837,#838));
#296=AXIS2_PLACEMENT_3D('',#839,#840,#841);
#297=EDGE_LOOP('',(#842,#843,#844,#845));
#298=AXIS2_PLACEMENT_3D('',#846,#847,#848);
#299=EDGE_LOOP('',(#849,#850,#851,#852,#853));
#300=AXIS2_PLACEMENT_3D('',#854,#855,#856);
#301=EDGE_LOOP('',(#857,#858,#859,#860));
#302=AXIS2_PLACEMENT_3D('',#861,#862,#863);
#303=EDGE_LOOP('',(#864,#865,#866,#867));
#304=AXIS2_PLACEMENT_3D('',#868,#869,#870);
#305=EDGE_LOOP('',(#871,#872,#873,#874));
#306=AXIS2_PLACEMENT_3D('',#875,#876,#877);
#307=EDGE_LOOP('',(#878,#879,#880,#881));
#308=AXIS2_PLACEMENT_3D('',#882,#883,#884);
#309=EDGE_LOOP('',(#885,#886,#887,#888));
#310=AXIS2_PLACEMENT_3D('',#889,#890,#891);
#311=EDGE_LOOP('',(#892,#893,#894,#895,#896,#897));
#312=CARTESIAN_POINT('',(0.080122193172798,0.0103907426693008,0.196207361124773));
#313=CARTESIAN_POINT('',(0.0802269129279122,0.0103907415971156,0.196207361124752));
#314=CARTESIAN_POINT('',(0.08033161582819,0.0103972371419629,0.196222618903048));
#315=CARTESIAN_POINT('',(0.0805308048987706,0.0104225897328394,0.196282166100685));
#316=CARTESIAN_POINT('',(0.0806252588827001,0.0104414426822185,0.196326445897969));
#317=CARTESIAN_POINT('',(0.0807946994995727,0.0104896683201051,0.19643971139869));
#318=CARTESIAN_POINT('',(0.0808696587531072,0.0105190332159745,0.196508678799889));
#319=CARTESIAN_POINT('',(0.08099276488813,0.0105854112394272,0.196664575387317));
#320=CARTESIAN_POINT('',(0.0810408918772618,0.0106224136411818,0.196751479382676));
#321=CARTESIAN_POINT('',(0.081105613044208,0.0107004465067821,0.196934746812638));
#322=CARTESIAN_POINT('',(0.0811221967639203,0.0107414643615275,0.197031080633597));
#323=CARTESIAN_POINT('',(0.0811221971839753,0.0107824890151155,0.197127430023372));
#324=CARTESIAN_POINT('',(0.0801221938044631,0.0104524375760176,0.196181092020398));
#325=CARTESIAN_POINT('',(0.0802269135595773,0.0104524365038323,0.196181092020377));
#326=CARTESIAN_POINT('',(0.0803316164703302,0.0104599551538093,0.196195914170242));
#327=CARTESIAN_POINT('',(0.0805308055817924,0.0104893006617496,0.196253761221778));
#328=CARTESIAN_POINT('',(0.0806252595961218,0.0105111227778592,0.196296776776114));
#329=CARTESIAN_POINT('',(0.0807947002907558,0.010566943395331,0.196406808406779));
#330=CARTESIAN_POINT('',(0.0808696595916392,0.0106009328768046,0.196473806703421));
#331=CARTESIAN_POINT('',(0.0809927658336915,0.0106777644928446,0.19662525225057));
#332=CARTESIAN_POINT('',(0.0810408928824864,0.0107205942124172,0.196709675029439));
#333=CARTESIAN_POINT('',(0.0811056141752532,0.01081091601313,0.196887709947734));
#334=CARTESIAN_POINT('',(0.0811221979611027,0.0108583934994375,0.196981293319025));
#335=CARTESIAN_POINT('',(0.0811221984473055,0.010905878828549,0.197074891814623));
#336=CARTESIAN_POINT('',(0.0801221944150166,0.0105120706460935,0.196148295933771));
#337=CARTESIAN_POINT('',(0.0802269141701307,0.0105120695739083,0.19614829593375));
#338=CARTESIAN_POINT('',(0.0803316170910087,0.0105205771369599,0.19616257421628));
#339=CARTESIAN_POINT('',(0.0805308062419861,0.010553782119138,0.196218298693022));
#340=CARTESIAN_POINT('',(0.0806252602856994,0.0105784741727696,0.196259735882879));
#341=CARTESIAN_POINT('',(0.0807947010554958,0.010641635946488,0.196365730136365));
#342=CARTESIAN_POINT('',(0.0808696604021457,0.0106800954604504,0.196430270072696));
#343=CARTESIAN_POINT('',(0.0809927667476502,0.0107670313112236,0.196576158646891));
#344=CARTESIAN_POINT('',(0.0810408938541142,0.010815493600327,0.196657483711051));
#345=CARTESIAN_POINT('',(0.0811056152684964,0.0109176936413636,0.196828986015846));
#346=CARTESIAN_POINT('',(0.0811221991182726,0.010971414879094,0.19691913554393));
#347=CARTESIAN_POINT('',(0.0811221996684123,0.0110251449687009,0.197009299641368));
#348=CARTESIAN_POINT('',(0.0801221955116747,0.0106191821096244,0.196074227186083));
#349=CARTESIAN_POINT('',(0.0802269152667889,0.0106191810374392,0.196074227186062));
#350=CARTESIAN_POINT('',(0.080331618205853,0.0106294648619946,0.196087277164349));
#351=CARTESIAN_POINT('',(0.0805308074278065,0.0106696021375049,0.196138207884486));
#352=CARTESIAN_POINT('',(0.0806252615242982,0.0106994491027961,0.196176080396591));
#353=CARTESIAN_POINT('',(0.0807947024290993,0.0107757968820074,0.196272956383165));
#354=CARTESIAN_POINT('',(0.0808696618579535,0.0108222853591155,0.196331944203729));
#355=CARTESIAN_POINT('',(0.0809927683892759,0.0109273701894523,0.196465282560199));
#356=CARTESIAN_POINT('',(0.0810408955993234,0.0109859495623338,0.196539611550354));
#357=CARTESIAN_POINT('',(0.0811056172321477,0.0111094850084336,0.196696360189366));
#358=CARTESIAN_POINT('',(0.081122201196747,0.0111744211199244,0.196778754509674));
#359=CARTESIAN_POINT('',(0.0811222018617286,0.0112393678957627,0.196861162145992));
#360=CARTESIAN_POINT('',(0.0801221960034208,0.0106672114874692,0.196033824532501));
#361=CARTESIAN_POINT('',(0.080226915758535,0.010667210415284,0.19603382453248));
#362=CARTESIAN_POINT('',(0.0803316187057539,0.0106782907254079,0.196046204501453));
#363=CARTESIAN_POINT('',(0.0805308079595334,0.0107215364799251,0.196094520346984));
#364=CARTESIAN_POINT('',(0.0806252620796912,0.0107536949363647,0.196130448416326));
#365=CARTESIAN_POINT('',(0.0807947030450289,0.0108359553940065,0.196222350615833));
#366=CARTESIAN_POINT('',(0.0808696625107439,0.0108860441029844,0.196278309895792));
#367=CARTESIAN_POINT('',(0.0809927691253878,0.0109992670370146,0.196404802421666));
#368=CARTESIAN_POINT('',(0.0810408963818827,0.0110623829667075,0.196475315228028));
#369=CARTESIAN_POINT('',(0.0811056181126572,0.0111954853274725,0.196624016110513));
#370=CARTESIAN_POINT('',(0.0811222021287438,0.0112654502509275,0.1967021801585));
#371=CARTESIAN_POINT('',(0.0811222028452209,0.0113354266514522,0.196780356838828));
#372=CARTESIAN_POINT('',(0.0801221967342811,0.0107385956358352,0.195961497599275));
#373=CARTESIAN_POINT('',(0.0802269164893953,0.01073859456365,0.195961497599254));
#374=CARTESIAN_POINT('',(0.0803316194487342,0.0107508586585019,0.195972678149016));
#375=CARTESIAN_POINT('',(0.0805308087498153,0.0107987244213677,0.196016312968815));
#376=CARTESIAN_POINT('',(0.0806252629051469,0.0108343183548943,0.196048760188031));
#377=CARTESIAN_POINT('',(0.0807947039604575,0.0109253665906267,0.196131758547487));
#378=CARTESIAN_POINT('',(0.080869663480957,0.010980806180617,0.196182296276268));
#379=CARTESIAN_POINT('',(0.080992770219438,0.011106124453532,0.196296533717675));
#380=CARTESIAN_POINT('',(0.0810408975449653,0.0111759828866473,0.196360214971011));
#381=CARTESIAN_POINT('',(0.0811056194213191,0.0113233041710484,0.196494509137664));
#382=CARTESIAN_POINT('',(0.0811222035139288,0.0114007432171231,0.196565100350785));
#383=CARTESIAN_POINT('',(0.0811222043069414,0.0114781949481842,0.196635702972377));
#384=CARTESIAN_POINT('',(0.0801221970040751,0.0107649468626621,0.19593142341937));
#385=CARTESIAN_POINT('',(0.0802269167591893,0.0107649457904768,0.195931423419349));
#386=CARTESIAN_POINT('',(0.0803316197230024,0.0107776468756214,0.195942105239971));
#387=CARTESIAN_POINT('',(0.0805308090415446,0.0108272180995835,0.195983793647781));
#388=CARTESIAN_POINT('',(0.0806252632098605,0.0108640802283335,0.196014793498662));
#389=CARTESIAN_POINT('',(0.0807947042983841,0.0109583724438438,0.196094089562506));
#390=CARTESIAN_POINT('',(0.0808696638391072,0.0110157872942037,0.196142372962253));
#391=CARTESIAN_POINT('',(0.0809927706233021,0.0111455705222355,0.196251514630916));
#392=CARTESIAN_POINT('',(0.0810408979743125,0.0112179179286192,0.196312355263952));
#393=CARTESIAN_POINT('',(0.0811056199044062,0.0113704880825598,0.196440658990469));
#394=CARTESIAN_POINT('',(0.0811222040252641,0.0114506861767564,0.19650810135173));
#395=CARTESIAN_POINT('',(0.0811222048465295,0.0115308974018379,0.196575554612567));
#396=CARTESIAN_POINT('',(0.0801221974118076,0.0108047708798619,0.195880028439291));
#397=CARTESIAN_POINT('',(0.0802269171669217,0.0108047698076767,0.19588002843927));
#398=CARTESIAN_POINT('',(0.0803316201374964,0.0108181313064348,0.195889857961533));
#399=CARTESIAN_POINT('',(0.0805308094824272,0.0108702799554437,0.195928220067321));
#400=CARTESIAN_POINT('',(0.0806252636703658,0.0109090586791484,0.195956746452026));
#401=CARTESIAN_POINT('',(0.0807947048090836,0.0110082534484305,0.196029715513445));
#402=CARTESIAN_POINT('',(0.0808696643803698,0.0110686534654184,0.196074146399303));
#403=CARTESIAN_POINT('',(0.0809927712336509,0.011205184479826,0.196174579696215));
#404=CARTESIAN_POINT('',(0.0810408986231732,0.0112812934156026,0.19623056587855));
#405=CARTESIAN_POINT('',(0.0811056206344827,0.0114417960681778,0.196348632300094));
#406=CARTESIAN_POINT('',(0.0811222047980313,0.0115261638498271,0.1964106934613));
#407=CARTESIAN_POINT('',(0.0811222056619944,0.0116105454362377,0.196472764652409));
#408=CARTESIAN_POINT('',(0.0801221975612559,0.0108193678235024,0.195859656625925));
#409=CARTESIAN_POINT('',(0.0802269173163701,0.0108193667513171,0.195859656625904));
#410=CARTESIAN_POINT('',(0.080331620289423,0.0108329703155667,0.19586914831628));
#411=CARTESIAN_POINT('',(0.0805308096440262,0.010886063684139,0.195906191950811));
#412=CARTESIAN_POINT('',(0.0806252638391573,0.0109255449092613,0.195933737909194));
#413=CARTESIAN_POINT('',(0.080794704996273,0.0110265366419372,0.196004199089252));
#414=CARTESIAN_POINT('',(0.0808696645787617,0.0110880308305354,0.196047102925312));
#415=CARTESIAN_POINT('',(0.0809927714573654,0.0112270351528699,0.19614408441966));
#416=CARTESIAN_POINT('',(0.0810408988610037,0.0113045228253087,0.196198146406995));
#417=CARTESIAN_POINT('',(0.0811056209020816,0.0114679330257317,0.196312154991258));
#418=CARTESIAN_POINT('',(0.0811222050812779,0.0115538291487445,0.196372083165875));
#419=CARTESIAN_POINT('',(0.0811222059608911,0.0116397393235185,0.196432021025678));
#420=CARTESIAN_POINT('',(0.0801221978440606,0.0108469900296194,0.195817873523324));
#421=CARTESIAN_POINT('',(0.0802269175991748,0.0108469889574342,0.195817873523303));
#422=CARTESIAN_POINT('',(0.0803316205769176,0.0108610505890069,0.195826672311965));
#423=CARTESIAN_POINT('',(0.080530809949824,0.0109159316769229,0.195861011728721));
#424=CARTESIAN_POINT('',(0.0806252641585656,0.0109567422651934,0.195886546808011));
#425=CARTESIAN_POINT('',(0.080794705350496,0.0110611344421316,0.195951864260196));
#426=CARTESIAN_POINT('',(0.0808696649541835,0.011124699162376,0.195991636078638));
#427=CARTESIAN_POINT('',(0.0809927718807057,0.0112683837947147,0.196081537838939));
#428=CARTESIAN_POINT('',(0.0810408993110559,0.0113484804892339,0.196131653253838));
#429=CARTESIAN_POINT('',(0.0811056214084653,0.01151739272405,0.196237339111574));
#430=CARTESIAN_POINT('',(0.0811222056172721,0.0116061809703181,0.196292892476946));
#431=CARTESIAN_POINT('',(0.0811222065265006,0.0116949837357526,0.196348454820476));
#432=CARTESIAN_POINT('',(0.0801221979774148,0.0108600150804183,0.195796462554286));
#433=CARTESIAN_POINT('',(0.080226917732529,0.010860014008233,0.195796462554265));
#434=CARTESIAN_POINT('',(0.0803316207124833,0.0108742916381271,0.19580490627841));
#435=CARTESIAN_POINT('',(0.0805308100940204,0.0109300157121235,0.195837859969372));
#436=CARTESIAN_POINT('',(0.0806252643091798,0.0109714531519374,0.195862364611299));
#437=CARTESIAN_POINT('',(0.0807947055175269,0.0110774487836854,0.195925046256391));
#438=CARTESIAN_POINT('',(0.0808696651312105,0.0111419898480986,0.195963213131014));
#439=CARTESIAN_POINT('',(0.0809927720803282,0.0112878814466477,0.196049487014086));
#440=CARTESIAN_POINT('',(0.0810408995232742,0.0113692084065914,0.196097580081793));
#441=CARTESIAN_POINT('',(0.0811056216472463,0.0115407150857891,0.196199001114065));
#442=CARTESIAN_POINT('',(0.0811222058700156,0.0116308670917858,0.196252312690304));
#443=CARTESIAN_POINT('',(0.0811222067932089,0.0117210338373504,0.1963056328824));
#444=CARTESIAN_POINT('',(0.0801221983018209,0.0108917007556187,0.195739687433763));
#445=CARTESIAN_POINT('',(0.080226918056935,0.0108916996834335,0.195739687433742));
#446=CARTESIAN_POINT('',(0.080331621042269,0.0109065027663764,0.195747189639047));
#447=CARTESIAN_POINT('',(0.0805308104448018,0.0109642775489307,0.195776468823317));
#448=CARTESIAN_POINT('',(0.0806252646755738,0.0110072399128858,0.195798241071146));
#449=CARTESIAN_POINT('',(0.080794705923857,0.0111171362241079,0.195853933389173));
#450=CARTESIAN_POINT('',(0.0808696655618577,0.0111840524135549,0.195887844460213));
#451=CARTESIAN_POINT('',(0.0809927725659428,0.0113353128368098,0.195964498359876));
#452=CARTESIAN_POINT('',(0.0810409000395302,0.0114196326288929,0.196007228802222));
#453=CARTESIAN_POINT('',(0.0811056222281204,0.0115974507400591,0.196097340865743));
#454=CARTESIAN_POINT('',(0.0811222064848559,0.0116909203260389,0.196144707925976));
#455=CARTESIAN_POINT('',(0.0811222074420209,0.0117844051877513,0.196192082641354));
#456=CARTESIAN_POINT('',(0.0801221984794239,0.0109090478531854,0.195703660753951));
#457=CARTESIAN_POINT('',(0.080226918234538,0.0109090467810002,0.19570366075393));
#458=CARTESIAN_POINT('',(0.0803316212228172,0.0109241375360614,0.195710565518005));
#459=CARTESIAN_POINT('',(0.0805308106368446,0.0109830350291533,0.195737513042302));
#460=CARTESIAN_POINT('',(0.080625264876164,0.0110268322501121,0.195757551448153));
#461=CARTESIAN_POINT('',(0.0807947061463111,0.0111388640836794,0.195808808685356));
#462=CARTESIAN_POINT('',(0.0808696657976248,0.0112070805933951,0.195840019234202));
#463=CARTESIAN_POINT('',(0.0809927728318029,0.0113612803109967,0.195910568768803));
#464=CARTESIAN_POINT('',(0.0810409003221656,0.011447238602206,0.195949896354668));
#465=CARTESIAN_POINT('',(0.0811056225461323,0.0116285120611104,0.196032832306673));
#466=CARTESIAN_POINT('',(0.0811222068214634,0.0117237979373631,0.19607642727144));
#467=CARTESIAN_POINT('',(0.081122207797227,0.0118190993828847,0.196120029281729));
#468=CARTESIAN_POINT('',(0.0801221988805151,0.0109482240902414,0.195608196655326));
#469=CARTESIAN_POINT('',(0.0802269186356292,0.0109482230180561,0.195608196655305));
#470=CARTESIAN_POINT('',(0.0803316216305599,0.0109639634443986,0.195613518309619));
#471=CARTESIAN_POINT('',(0.080530811070546,0.0110253964379679,0.195634287362326));
#472=CARTESIAN_POINT('',(0.0806252653291686,0.0110710790784189,0.195649731404709));
#473=CARTESIAN_POINT('',(0.0807947066486922,0.0111879337204885,0.195689236490579));
#474=CARTESIAN_POINT('',(0.0808696663300712,0.0112590868399109,0.195713291150557));
#475=CARTESIAN_POINT('',(0.0809927734322103,0.011419924583941,0.195767665236538));
#476=CARTESIAN_POINT('',(0.0810409009604576,0.0115095832192529,0.195797975876393));
#477=CARTESIAN_POINT('',(0.0811056232643172,0.0116986601462353,0.195861896448102));
#478=CARTESIAN_POINT('',(0.0811222075816437,0.0117980478855239,0.19589549605122));
#479=CARTESIAN_POINT('',(0.0811222085994094,0.0118974518569965,0.195929101084478));
#480=CARTESIAN_POINT('',(0.0801221990718234,0.0109669102791405,0.195546585834174));
#481=CARTESIAN_POINT('',(0.0802269188269375,0.0109669092069553,0.195546585834153));
#482=CARTESIAN_POINT('',(0.0803316218250407,0.010982959511969,0.195550885777753));
#483=CARTESIAN_POINT('',(0.0805308112774084,0.0110456018825596,0.195567667355445));
#484=CARTESIAN_POINT('',(0.080625265545238,0.0110921838259409,0.195580146277851));
#485=CARTESIAN_POINT('',(0.0807947068883127,0.0112113388398041,0.195612066735528));
#486=CARTESIAN_POINT('',(0.080869666584032,0.0112838926563793,0.195631503112867));
#487=CARTESIAN_POINT('',(0.0809927737185864,0.0114478965905563,0.195675437853729));
#488=CARTESIAN_POINT('',(0.0810409012649035,0.011539320207247,0.195699929117967));
#489=CARTESIAN_POINT('',(0.0811056236068695,0.011732119213978,0.195751577503467));
#490=CARTESIAN_POINT('',(0.0811222079442265,0.0118334634501966,0.195778726279019));
#491=CARTESIAN_POINT('',(0.081122208982026,0.0119348242347948,0.195805879442174));
#492=CARTESIAN_POINT('',(0.0801221993337099,0.0109924911052174,0.195418894319633));
#493=CARTESIAN_POINT('',(0.0802269190888241,0.0109924900330322,0.195418894319612));
#494=CARTESIAN_POINT('',(0.0803316220912702,0.011008964552552,0.195421076716555));
#495=CARTESIAN_POINT('',(0.0805308115605873,0.0110732625236189,0.195429594052441));
#496=CARTESIAN_POINT('',(0.0806252658410206,0.011121075585447,0.195435927615093));
#497=CARTESIAN_POINT('',(0.080794707216335,0.0112433797385529,0.195452128550726));
#498=CARTESIAN_POINT('',(0.080869666931685,0.0113178510670643,0.195461993305846));
#499=CARTESIAN_POINT('',(0.0809927741106135,0.0114861894195601,0.195484291980768));
#500=CARTESIAN_POINT('',(0.0810409016816667,0.0115800292422478,0.195496722297394));
#501=CARTESIAN_POINT('',(0.0811056240757976,0.011777923663309,0.19552293596194));
#502=CARTESIAN_POINT('',(0.0811222084405749,0.0118819462845079,0.195536715074072));
#503=CARTESIAN_POINT('',(0.0811222095057991,0.0119859858869487,0.195550496413093));
#504=CARTESIAN_POINT('',(0.0801221994001954,0.0109989860001162,0.195352779467346));
#505=CARTESIAN_POINT('',(0.0802269191553095,0.010998984927931,0.195352779467325));
#506=CARTESIAN_POINT('',(0.0803316221588582,0.0110155671542396,0.195353865461856));
#507=CARTESIAN_POINT('',(0.0805308116324782,0.0110802854772942,0.195358103820174));
#508=CARTESIAN_POINT('',(0.0806252659161112,0.0111284111163977,0.195361255499097));
#509=CARTESIAN_POINT('',(0.0807947072996103,0.0112515148264977,0.195369317335733));
#510=CARTESIAN_POINT('',(0.0808696670199441,0.0113264730055296,0.195374226190757));
#511=CARTESIAN_POINT('',(0.0809927742101378,0.0114959118538165,0.195385322356971));
#512=CARTESIAN_POINT('',(0.0810409017874709,0.0115903651439488,0.195391507875164));
#513=CARTESIAN_POINT('',(0.081105624194845,0.0117895532754023,0.195404552200895));
#514=CARTESIAN_POINT('',(0.0811222085665834,0.0118942559305021,0.195411408900638));
#515=CARTESIAN_POINT('',(0.08112220963877,0.0119989756767462,0.195418266708519));
#516=CARTESIAN_POINT('',(0.0801221994001831,0.0109989860848182,0.19528729351941));
#517=CARTESIAN_POINT('',(0.0802269191552972,0.010998985012633,0.195287293519389));
#518=CARTESIAN_POINT('',(0.0803316221588457,0.0110155672403462,0.195287293540817));
#519=CARTESIAN_POINT('',(0.0805308116324649,0.0110802855688828,0.195287293624489));
#520=CARTESIAN_POINT('',(0.0806252659160973,0.0111284112120627,0.195287293686719));
#521=CARTESIAN_POINT('',(0.0807947072995949,0.01125151493259,0.195287293845914));
#522=CARTESIAN_POINT('',(0.0808696670199277,0.0113264731179711,0.195287293942854));
#523=CARTESIAN_POINT('',(0.0809927742101194,0.0114959119806099,0.195287294161989));
#524=CARTESIAN_POINT('',(0.0810409017874513,0.0115903652787426,0.19528729428415));
#525=CARTESIAN_POINT('',(0.081105624194823,0.0117895534270678,0.195287294541775));
#526=CARTESIAN_POINT('',(0.0811222085665601,0.0118942560910361,0.195287294677198));
#527=CARTESIAN_POINT('',(0.0811222096387454,0.0119989758461502,0.195287294812647));
#528=EDGE_LOOP('',(#898,#899,#900,#901,#902));
#529=AXIS2_PLACEMENT_3D('',#903,#904,#905);
#530=EDGE_LOOP('',(#906,#907,#908,#909));
#531=AXIS2_PLACEMENT_3D('',#910,#911,#912);
#532=EDGE_LOOP('',(#913,#914));
#533=EDGE_LOOP('',(#915,#916));
#534=EDGE_LOOP('',(#917,#918,#919,#920,#921,#922));
#535=AXIS2_PLACEMENT_3D('',#923,#924,#925);
#536=EDGE_LOOP('',(#926,#927,#928,#929,#930,#931,#932));
#537=AXIS2_PLACEMENT_3D('',#933,#934,#935);
#538=EDGE_LOOP('',(#936,#937,#938,#939,#940,#941,#942));
#539=AXIS2_PLACEMENT_3D('',#943,#944,#945);
#540=EDGE_LOOP('',(#946,#947,#948,#949));
#541=AXIS2_PLACEMENT_3D('',#950,#951,#952);
#542=FILL_AREA_STYLE_COLOUR('',#953);
#543=ORIENTED_EDGE('',*,*,#954,.F.);
#544=ORIENTED_EDGE('',*,*,#955,.F.);
#545=ORIENTED_EDGE('',*,*,#956,.T.);
#546=ORIENTED_EDGE('',*,*,#957,.T.);
#547=CARTESIAN_POINT('',(0.0811220335350395,-0.00520101776613642,0.197287272565526));
#548=DIRECTION('',(-0.999999999947585,1.02386147233199E-05,2.00999827892018E-10));
#549=DIRECTION('',(-7.23992666511177E-06,-0.707105866550239,-0.707107695784609));
#550=ORIENTED_EDGE('',*,*,#958,.F.);
#551=ORIENTED_EDGE('',*,*,#959,.F.);
#552=ORIENTED_EDGE('',*,*,#960,.T.);
#553=ORIENTED_EDGE('',*,*,#961,.T.);
#554=CARTESIAN_POINT('',(0.0801221485509434,0.00603252890197335,0.197287287095608));
#555=DIRECTION('',(-1.02386147235713E-05,-0.999999999946749,-1.29343783129459E-06));
#556=DIRECTION('',(0.707106781016718,-6.325195237857E-06,-0.707106781328087));
#557=ORIENTED_EDGE('',*,*,#962,.F.);
#558=ORIENTED_EDGE('',*,*,#963,.F.);
#559=ORIENTED_EDGE('',*,*,#964,.T.);
#560=ORIENTED_EDGE('',*,*,#965,.F.);
#561=CARTESIAN_POINT('',(0.0801222096383723,0.0119989890157327,0.193021265768048));
#562=DIRECTION('',(1.87756810099461E-10,-1.29343783538077E-06,0.999999999999164));
#563=DIRECTION('',(0.707099541355585,-0.707114020942793,-9.14740791370713E-07));
#564=ORIENTED_EDGE('',*,*,#966,.F.);
#565=ORIENTED_EDGE('',*,*,#967,.T.);
#566=ORIENTED_EDGE('',*,*,#968,.T.);
#567=ORIENTED_EDGE('',*,*,#969,.T.);
#568=ORIENTED_EDGE('',*,*,#970,.F.);
#569=CARTESIAN_POINT('',(0.0801222012985352,0.0111844645046911,0.191854466258856));
#570=DIRECTION('',(8.86679306614942E-06,0.866024731420372,-0.500001164488296));
#571=DIRECTION('',(0.707103161120998,-0.353561453786222,-0.612371960436845));
#572=ORIENTED_EDGE('',*,*,#971,.F.);
#573=ORIENTED_EDGE('',*,*,#970,.T.);
#574=ORIENTED_EDGE('',*,*,#972,.F.);
#575=ORIENTED_EDGE('',*,*,#973,.F.);
#576=CARTESIAN_POINT('',(0.0801222182139752,0.0128366051688264,0.19090059943959));
#577=DIRECTION('',(8.8667930688337E-06,0.866024731420371,-0.500001164488298));
#578=DIRECTION('',(0.707103161120996,-0.353561453786226,-0.612371960436845));
#579=ORIENTED_EDGE('',*,*,#974,.F.);
#580=ORIENTED_EDGE('',*,*,#972,.T.);
#581=ORIENTED_EDGE('',*,*,#975,.T.);
#582=ORIENTED_EDGE('',*,*,#976,.T.);
#583=CARTESIAN_POINT('',(0.0811222182139228,0.0128365949302117,0.190900599439389));
#584=DIRECTION('',(-0.999999999947585,1.02386147233199E-05,2.00999883403996E-10));
#585=DIRECTION('',(2.64974103670999E-06,0.258817746270296,-0.965926174305544));
#586=ORIENTED_EDGE('',*,*,#977,.F.);
#587=ORIENTED_EDGE('',*,*,#978,.T.);
#588=ORIENTED_EDGE('',*,*,#979,.T.);
#589=ORIENTED_EDGE('',*,*,#980,.F.);
#590=CARTESIAN_POINT('',(-0.0630378514415529,0.00603399466205714,0.197287287124383));
#591=DIRECTION('',(1.02386147235713E-05,0.999999999946749,1.29343783129459E-06));
#592=DIRECTION('',(-0.707106781282248,8.15439256377478E-06,-0.707106781043829));
#593=ORIENTED_EDGE('',*,*,#981,.F.);
#594=ORIENTED_EDGE('',*,*,#982,.T.);
#595=ORIENTED_EDGE('',*,*,#983,.T.);
#596=ORIENTED_EDGE('',*,*,#984,.F.);
#597=CARTESIAN_POINT('',(-0.0630377986939612,0.0111859302647749,0.191854466287631));
#598=DIRECTION('',(8.86679306614942E-06,0.866024731420372,-0.500001164488296));
#599=DIRECTION('',(-0.707110401177956,-0.353546974198409,-0.612371960152569));
#600=ORIENTED_EDGE('',*,*,#985,.F.);
#601=ORIENTED_EDGE('',*,*,#986,.T.);
#602=ORIENTED_EDGE('',*,*,#987,.T.);
#603=ORIENTED_EDGE('',*,*,#988,.F.);
#604=CARTESIAN_POINT('',(-0.063037790354124,0.0120004547758164,0.193021265796823));
#605=DIRECTION('',(-1.87756810099562E-10,1.29343783538077E-06,-0.999999999999164));
#606=DIRECTION('',(-0.707114020943384,-0.707099541354994,-9.14456534696756E-07));
#607=ORIENTED_EDGE('',*,*,#989,.F.);
#608=ORIENTED_EDGE('',*,*,#990,.F.);
#609=ORIENTED_EDGE('',*,*,#991,.F.);
#610=ORIENTED_EDGE('',*,*,#992,.T.);
#611=ORIENTED_EDGE('',*,*,#993,.F.);
#612=CARTESIAN_POINT('',(0.081122189161516,0.00999897584625673,0.195287292225771));
#613=DIRECTION('',(-0.999999999947585,1.02386147233199E-05,2.00999827892018E-10));
#614=DIRECTION('',(7.23992666511177E-06,0.707105866550239,0.707107695784609));
#615=ORIENTED_EDGE('',*,*,#994,.F.);
#616=ORIENTED_EDGE('',*,*,#967,.F.);
#617=ORIENTED_EDGE('',*,*,#995,.F.);
#618=ORIENTED_EDGE('',*,*,#963,.T.);
#619=CARTESIAN_POINT('',(0.0801222096380649,0.0119989911331785,0.191384197630289));
#620=DIRECTION('',(1.87751054556385E-10,-1.29343782962511E-06,0.999999999999164));
#621=DIRECTION('',(0.707099541355587,-0.707114020942791,-9.14740783231061E-07));
#622=ORIENTED_EDGE('',*,*,#996,.F.);
#623=ORIENTED_EDGE('',*,*,#984,.T.);
#624=ORIENTED_EDGE('',*,*,#997,.F.);
#625=ORIENTED_EDGE('',*,*,#998,.F.);
#626=CARTESIAN_POINT('',(-0.0630377817785212,0.0128380709289102,0.190900599468365));
#627=DIRECTION('',(8.86679306306361E-06,0.866024731420371,-0.500001164488299));
#628=DIRECTION('',(-0.707110401177958,-0.353546974198412,-0.612371960152565));
#629=ORIENTED_EDGE('',*,*,#999,.F.);
#630=ORIENTED_EDGE('',*,*,#1000,.F.);
#631=ORIENTED_EDGE('',*,*,#1001,.F.);
#632=ORIENTED_EDGE('',*,*,#1002,.F.);
#633=ORIENTED_EDGE('',*,*,#1003,.T.);
#634=CARTESIAN_POINT('',(-0.0630377903544314,0.0120004568932623,0.191384197659064));
#635=DIRECTION('',(1.87754322550421E-10,-1.29343783786827E-06,0.999999999999164));
#636=DIRECTION('',(-0.707114020943383,-0.707099541354995,-9.14456538214647E-07));
#637=ORIENTED_EDGE('',*,*,#1004,.F.);
#638=ORIENTED_EDGE('',*,*,#1005,.T.);
#639=ORIENTED_EDGE('',*,*,#1006,.T.);
#640=ORIENTED_EDGE('',*,*,#1002,.T.);
#641=CARTESIAN_POINT('',(0.0811222096380125,0.0119989808945638,0.191384197630088));
#642=DIRECTION('',(-0.999999999947585,1.02386147233199E-05,2.00999827891211E-10));
#643=DIRECTION('',(-8.8670010809149E-06,-0.866025416538532,-0.499999977830637));
#644=ORIENTED_EDGE('',*,*,#1007,.F.);
#645=ORIENTED_EDGE('',*,*,#1008,.F.);
#646=ORIENTED_EDGE('',*,*,#1009,.T.);
#647=ORIENTED_EDGE('',*,*,#1010,.F.);
#648=CARTESIAN_POINT('',(-0.0610379459805419,-0.0031995604392412,0.195891357559435));
#649=DIRECTION('',(-1.87756810099316E-10,1.2934378299315E-06,-0.999999999999164));
#650=DIRECTION('',(-0.707114020943384,-0.707099541354994,-9.14456530843581E-07));
#651=ORIENTED_EDGE('',*,*,#1011,.F.);
#652=ORIENTED_EDGE('',*,*,#1012,.F.);
#653=ORIENTED_EDGE('',*,*,#1013,.T.);
#654=ORIENTED_EDGE('',*,*,#1014,.F.);
#655=CARTESIAN_POINT('',(0.0781220540121641,-0.00320098524486609,0.195891357531464));
#656=DIRECTION('',(1.87756810099316E-10,-1.2934378299315E-06,0.999999999999164));
#657=DIRECTION('',(0.707099541355581,-0.707114020942797,-9.14740787517463E-07));
#658=ORIENTED_EDGE('',*,*,#1015,.F.);
#659=ORIENTED_EDGE('',*,*,#1016,.T.);
#660=ORIENTED_EDGE('',*,*,#1017,.T.);
#661=ORIENTED_EDGE('',*,*,#1018,.F.);
#662=CARTESIAN_POINT('',(0.0801222339787295,0.0143762879059479,0.19356739988673));
#663=DIRECTION('',(5.1194933550951E-06,0.500001164462081,0.866024731465767));
#664=DIRECTION('',(0.707113050918989,0.612364720468706,-0.353554214152969));
#665=ORIENTED_EDGE('',*,*,#1019,.F.);
#666=ORIENTED_EDGE('',*,*,#997,.T.);
#667=ORIENTED_EDGE('',*,*,#1020,.T.);
#668=ORIENTED_EDGE('',*,*,#1021,.F.);
#669=CARTESIAN_POINT('',(-0.0630377660137668,0.0143777536660317,0.193567399915505));
#670=DIRECTION('',(5.11949335514804E-06,0.500001164462081,0.866024731465767));
#671=DIRECTION('',(-0.707100511379985,0.612379200056503,-0.353554213868709));
#672=ORIENTED_EDGE('',*,*,#1022,.F.);
#673=ORIENTED_EDGE('',*,*,#1023,.T.);
#674=ORIENTED_EDGE('',*,*,#1024,.F.);
#675=ORIENTED_EDGE('',*,*,#1025,.T.);
#676=CARTESIAN_POINT('',(0.0550736739110848,0.00189878602625225,0.196287281753571));
#677=DIRECTION('',(-1.87756810099415E-10,1.29343783328475E-06,-0.999999999999163));
#678=DIRECTION('',(-1.0,-1.35556441551548E-21,1.87756810099572E-10));
#679=ORIENTED_EDGE('',*,*,#1026,.F.);
#680=ORIENTED_EDGE('',*,*,#1027,.T.);
#681=ORIENTED_EDGE('',*,*,#1028,.F.);
#682=ORIENTED_EDGE('',*,*,#1029,.T.);
#683=CARTESIAN_POINT('',(-0.0378851663951618,0.0019006582474671,0.196287281774385));
#684=DIRECTION('',(-1.87756810099415E-10,1.29343783328476E-06,-0.999999999999163));
#685=DIRECTION('',(-1.0,-3.51538509333848E-21,1.87756810099572E-10));
#686=ORIENTED_EDGE('',*,*,#1026,.T.);
#687=ORIENTED_EDGE('',*,*,#1030,.T.);
#688=ORIENTED_EDGE('',*,*,#1028,.T.);
#689=ORIENTED_EDGE('',*,*,#1031,.T.);
#690=CARTESIAN_POINT('',(-0.0378851663951618,0.0019006582474671,0.196287281774385));
#691=DIRECTION('',(-1.87756810099415E-10,1.29343783328476E-06,-0.999999999999163));
#692=DIRECTION('',(-1.0,-3.51538509333848E-21,1.87756810099572E-10));
#693=ORIENTED_EDGE('',*,*,#1022,.T.);
#694=ORIENTED_EDGE('',*,*,#1032,.T.);
#695=ORIENTED_EDGE('',*,*,#1024,.T.);
#696=ORIENTED_EDGE('',*,*,#1033,.T.);
#697=CARTESIAN_POINT('',(0.0550736739110848,0.00189878602625225,0.196287281753571));
#698=DIRECTION('',(-1.87756810099415E-10,1.29343783328475E-06,-0.999999999999163));
#699=DIRECTION('',(-1.0,-1.35556441551548E-21,1.87756810099572E-10));
#700=ORIENTED_EDGE('',*,*,#1034,.F.);
#701=ORIENTED_EDGE('',*,*,#1020,.F.);
#702=ORIENTED_EDGE('',*,*,#983,.F.);
#703=ORIENTED_EDGE('',*,*,#987,.F.);
#704=ORIENTED_EDGE('',*,*,#1035,.F.);
#705=ORIENTED_EDGE('',*,*,#979,.F.);
#706=ORIENTED_EDGE('',*,*,#1009,.F.);
#707=CARTESIAN_POINT('',(-0.0640378142399747,0.00966755201534916,0.192495456581263));
#708=DIRECTION('',(-0.999999999947585,1.02386147233199E-05,2.009998278929E-10));
#709=DIRECTION('',(-1.02386147235713E-05,-0.999999999946749,-1.29343783317806E-06));
#710=ORIENTED_EDGE('',*,*,#1019,.T.);
#711=ORIENTED_EDGE('',*,*,#1036,.F.);
#712=ORIENTED_EDGE('',*,*,#1037,.T.);
#713=ORIENTED_EDGE('',*,*,#998,.T.);
#714=CARTESIAN_POINT('',(-0.0630377660137668,0.0143777536660317,0.193567399915505));
#715=DIRECTION('',(5.11949335514804E-06,0.500001164462081,0.866024731465767));
#716=DIRECTION('',(-0.707100511379985,0.612379200056503,-0.353554213868709));
#717=ORIENTED_EDGE('',*,*,#1037,.F.);
#718=ORIENTED_EDGE('',*,*,#1038,.F.);
#719=ORIENTED_EDGE('',*,*,#1017,.F.);
#720=ORIENTED_EDGE('',*,*,#1039,.F.);
#721=CARTESIAN_POINT('',(0.0811222596550239,0.016884026656254,0.195910939718135));
#722=DIRECTION('',(8.86679306616456E-06,0.866024731420376,-0.50000116448829));
#723=DIRECTION('',(-5.11949335574302E-06,-0.500001164462081,-0.866024731465767));
#724=ORIENTED_EDGE('',*,*,#1015,.T.);
#725=ORIENTED_EDGE('',*,*,#1040,.F.);
#726=ORIENTED_EDGE('',*,*,#1041,.T.);
#727=ORIENTED_EDGE('',*,*,#1042,.T.);
#728=CARTESIAN_POINT('',(0.0801222339787295,0.0143762879059479,0.19356739988673));
#729=DIRECTION('',(5.1194933550951E-06,0.500001164462081,0.866024731465767));
#730=DIRECTION('',(0.707113050918989,0.612364720468706,-0.353554214152969));
#731=ORIENTED_EDGE('',*,*,#1043,.F.);
#732=ORIENTED_EDGE('',*,*,#1013,.F.);
#733=ORIENTED_EDGE('',*,*,#960,.F.);
#734=ORIENTED_EDGE('',*,*,#1044,.F.);
#735=ORIENTED_EDGE('',*,*,#1045,.F.);
#736=ORIENTED_EDGE('',*,*,#964,.F.);
#737=ORIENTED_EDGE('',*,*,#1046,.F.);
#738=ORIENTED_EDGE('',*,*,#1041,.F.);
#739=CARTESIAN_POINT('',(0.0811221857524169,0.00966606577803592,0.192495456552086));
#740=DIRECTION('',(-0.999999999947585,1.02386147233199E-05,2.009998278929E-10));
#741=DIRECTION('',(-1.02386147235713E-05,-0.999999999946749,-1.29343783317806E-06));
#742=ORIENTED_EDGE('',*,*,#1011,.T.);
#743=ORIENTED_EDGE('',*,*,#1047,.F.);
#744=ORIENTED_EDGE('',*,*,#1048,.T.);
#745=ORIENTED_EDGE('',*,*,#1049,.F.);
#746=CARTESIAN_POINT('',(0.0781220540121641,-0.00320098524486609,0.195891357531464));
#747=DIRECTION('',(1.87756810099316E-10,-1.2934378299315E-06,0.999999999999164));
#748=DIRECTION('',(0.707099541355581,-0.707114020942797,-9.14740787517463E-07));
#749=ORIENTED_EDGE('',*,*,#1050,.T.);
#750=ORIENTED_EDGE('',*,*,#1051,.F.);
#751=ORIENTED_EDGE('',*,*,#956,.F.);
#752=ORIENTED_EDGE('',*,*,#1048,.F.);
#753=CARTESIAN_POINT('',(0.0811220232968003,-0.00620102035295882,0.199287271272087));
#754=DIRECTION('',(-1.02386147235713E-05,-0.999999999946749,-1.29343782794134E-06));
#755=DIRECTION('',(1.87754922720273E-10,-1.29343782993148E-06,0.999999999999164));
#756=ORIENTED_EDGE('',*,*,#1007,.T.);
#757=ORIENTED_EDGE('',*,*,#1052,.F.);
#758=ORIENTED_EDGE('',*,*,#1051,.T.);
#759=ORIENTED_EDGE('',*,*,#1053,.F.);
#760=CARTESIAN_POINT('',(-0.0610379459805419,-0.0031995604392412,0.195891357559435));
#761=DIRECTION('',(-1.87756810099316E-10,1.2934378299315E-06,-0.999999999999164));
#762=DIRECTION('',(-0.707114020943384,-0.707099541354994,-9.14456530843581E-07));
#763=ORIENTED_EDGE('',*,*,#1008,.T.);
#764=ORIENTED_EDGE('',*,*,#1053,.T.);
#765=ORIENTED_EDGE('',*,*,#1050,.F.);
#766=ORIENTED_EDGE('',*,*,#1047,.T.);
#767=ORIENTED_EDGE('',*,*,#1014,.T.);
#768=ORIENTED_EDGE('',*,*,#1043,.T.);
#769=ORIENTED_EDGE('',*,*,#1040,.T.);
#770=ORIENTED_EDGE('',*,*,#1018,.T.);
#771=ORIENTED_EDGE('',*,*,#1038,.T.);
#772=ORIENTED_EDGE('',*,*,#1036,.T.);
#773=ORIENTED_EDGE('',*,*,#1021,.T.);
#774=ORIENTED_EDGE('',*,*,#1034,.T.);
#775=ORIENTED_EDGE('',*,*,#1032,.F.);
#776=ORIENTED_EDGE('',*,*,#1025,.F.);
#777=ORIENTED_EDGE('',*,*,#1030,.F.);
#778=ORIENTED_EDGE('',*,*,#1029,.F.);
#779=CARTESIAN_POINT('',(-0.0584557685806601,0.00335822193615864,0.198285146876012));
#780=DIRECTION('',(-1.87756532543659E-10,1.29343783589084E-06,-0.999999999999164));
#781=DIRECTION('',(1.02386147233842E-05,0.999999999946749,1.29343783390067E-06));
#782=ORIENTED_EDGE('',*,*,#1004,.T.);
#783=ORIENTED_EDGE('',*,*,#1001,.T.);
#784=ORIENTED_EDGE('',*,*,#1054,.T.);
#785=ORIENTED_EDGE('',*,*,#1055,.T.);
#786=CARTESIAN_POINT('',(0.0811222096380125,0.0119989808945638,0.191384197630088));
#787=DIRECTION('',(-0.999999999947585,1.02386147233199E-05,2.00999827891211E-10));
#788=DIRECTION('',(-8.8670010809149E-06,-0.866025416538532,-0.499999977830637));
#789=ORIENTED_EDGE('',*,*,#999,.T.);
#790=ORIENTED_EDGE('',*,*,#988,.T.);
#791=ORIENTED_EDGE('',*,*,#982,.F.);
#792=ORIENTED_EDGE('',*,*,#1056,.F.);
#793=CARTESIAN_POINT('',(-0.0630377903544314,0.0120004568932623,0.191384197659064));
#794=DIRECTION('',(1.87754322550421E-10,-1.29343783786827E-06,0.999999999999164));
#795=DIRECTION('',(-0.707114020943383,-0.707099541354995,-9.14456538214647E-07));
#796=ORIENTED_EDGE('',*,*,#996,.T.);
#797=ORIENTED_EDGE('',*,*,#1057,.F.);
#798=ORIENTED_EDGE('',*,*,#976,.F.);
#799=ORIENTED_EDGE('',*,*,#1058,.T.);
#800=CARTESIAN_POINT('',(-0.0630377817785212,0.0128380709289102,0.190900599468365));
#801=DIRECTION('',(8.86679306306361E-06,0.866024731420371,-0.500001164488299));
#802=DIRECTION('',(-0.707110401177958,-0.353546974198412,-0.612371960152565));
#803=ORIENTED_EDGE('',*,*,#975,.F.);
#804=ORIENTED_EDGE('',*,*,#969,.F.);
#805=ORIENTED_EDGE('',*,*,#1054,.F.);
#806=ORIENTED_EDGE('',*,*,#1059,.F.);
#807=CARTESIAN_POINT('',(0.0811222106802559,0.0121008000692757,0.190170710684805));
#808=DIRECTION('',(-5.11949335524342E-06,-0.500001164462087,-0.866024731465764));
#809=DIRECTION('',(-8.86679306594251E-06,-0.866024731420372,0.500001164488296));
#810=ORIENTED_EDGE('',*,*,#1006,.F.);
#811=ORIENTED_EDGE('',*,*,#1060,.F.);
#812=ORIENTED_EDGE('',*,*,#1061,.F.);
#813=ORIENTED_EDGE('',*,*,#1062,.F.);
#814=CARTESIAN_POINT('',(0.0811221993998039,0.0109989780970736,0.193547070672692));
#815=DIRECTION('',(-1.02386147235713E-05,-0.999999999946749,-1.29343783339061E-06));
#816=DIRECTION('',(1.87757809300138E-10,-1.29343783538078E-06,0.999999999999164));
#817=ORIENTED_EDGE('',*,*,#994,.T.);
#818=ORIENTED_EDGE('',*,*,#1063,.T.);
#819=ORIENTED_EDGE('',*,*,#1005,.F.);
#820=ORIENTED_EDGE('',*,*,#1055,.F.);
#821=ORIENTED_EDGE('',*,*,#968,.F.);
#822=CARTESIAN_POINT('',(0.0801222096380649,0.0119989911331785,0.191384197630289));
#823=DIRECTION('',(1.87751054556385E-10,-1.29343782962511E-06,0.999999999999164));
#824=DIRECTION('',(0.707099541355587,-0.707114020942791,-9.14740783231061E-07));
#825=ORIENTED_EDGE('',*,*,#989,.T.);
#826=ORIENTED_EDGE('',*,*,#1064,.F.);
#827=ORIENTED_EDGE('',*,*,#1061,.T.);
#828=ORIENTED_EDGE('',*,*,#1065,.F.);
#829=CARTESIAN_POINT('',(0.081122189161516,0.00999897584625673,0.195287292225771));
#830=DIRECTION('',(-0.999999999947585,1.02386147233199E-05,2.00999827892018E-10));
#831=DIRECTION('',(7.23992666511177E-06,0.707105866550239,0.707107695784609));
#832=ORIENTED_EDGE('',*,*,#1066,.F.);
#833=ORIENTED_EDGE('',*,*,#1064,.T.);
#834=ORIENTED_EDGE('',*,*,#993,.T.);
#835=ORIENTED_EDGE('',*,*,#1067,.T.);
#836=ORIENTED_EDGE('',*,*,#980,.T.);
#837=ORIENTED_EDGE('',*,*,#1035,.T.);
#838=ORIENTED_EDGE('',*,*,#986,.F.);
#839=CARTESIAN_POINT('',(-0.063037810830928,0.0100004518449552,0.195287292254747));
#840=DIRECTION('',(-0.999999999947585,1.02386147233199E-05,2.009998278929E-10));
#841=DIRECTION('',(2.00999827903436E-10,-4.23624341119391E-22,1.0));
#842=ORIENTED_EDGE('',*,*,#985,.T.);
#843=ORIENTED_EDGE('',*,*,#1003,.F.);
#844=ORIENTED_EDGE('',*,*,#1062,.T.);
#845=ORIENTED_EDGE('',*,*,#1066,.T.);
#846=CARTESIAN_POINT('',(-0.063037790354124,0.0120004547758164,0.193021265796823));
#847=DIRECTION('',(-1.87756810099562E-10,1.29343783538077E-06,-0.999999999999164));
#848=DIRECTION('',(-0.707114020943384,-0.707099541354994,-9.14456534696756E-07));
#849=ORIENTED_EDGE('',*,*,#981,.T.);
#850=ORIENTED_EDGE('',*,*,#1058,.F.);
#851=ORIENTED_EDGE('',*,*,#1059,.T.);
#852=ORIENTED_EDGE('',*,*,#1000,.T.);
#853=ORIENTED_EDGE('',*,*,#1056,.T.);
#854=CARTESIAN_POINT('',(-0.0630377986939612,0.0111859302647749,0.191854466287631));
#855=DIRECTION('',(8.86679306614942E-06,0.866024731420372,-0.500001164488296));
#856=DIRECTION('',(-0.707110401177956,-0.353546974198409,-0.612371960152569));
#857=ORIENTED_EDGE('',*,*,#977,.T.);
#858=ORIENTED_EDGE('',*,*,#1067,.F.);
#859=ORIENTED_EDGE('',*,*,#1068,.T.);
#860=ORIENTED_EDGE('',*,*,#1069,.T.);
#861=CARTESIAN_POINT('',(-0.0630378514415529,0.00603399466205714,0.197287287124383));
#862=DIRECTION('',(1.02386147235713E-05,0.999999999946749,1.29343783129459E-06));
#863=DIRECTION('',(-0.707106781282248,8.15439256377478E-06,-0.707106781043829));
#864=ORIENTED_EDGE('',*,*,#974,.T.);
#865=ORIENTED_EDGE('',*,*,#1057,.T.);
#866=ORIENTED_EDGE('',*,*,#1039,.T.);
#867=ORIENTED_EDGE('',*,*,#973,.T.);
#868=CARTESIAN_POINT('',(0.0811222182139228,0.0128365949302117,0.190900599439389));
#869=DIRECTION('',(-0.999999999947585,1.02386147233199E-05,2.00999883403996E-10));
#870=DIRECTION('',(2.64974103670999E-06,0.258817746270296,-0.965926174305544));
#871=ORIENTED_EDGE('',*,*,#971,.T.);
#872=ORIENTED_EDGE('',*,*,#1016,.F.);
#873=ORIENTED_EDGE('',*,*,#1042,.F.);
#874=ORIENTED_EDGE('',*,*,#1070,.T.);
#875=CARTESIAN_POINT('',(0.0801222182139752,0.0128366051688264,0.19090059943959));
#876=DIRECTION('',(8.8667930688337E-06,0.866024731420371,-0.500001164488298));
#877=DIRECTION('',(0.707103161120996,-0.353561453786226,-0.612371960436845));
#878=ORIENTED_EDGE('',*,*,#966,.T.);
#879=ORIENTED_EDGE('',*,*,#1070,.F.);
#880=ORIENTED_EDGE('',*,*,#1046,.T.);
#881=ORIENTED_EDGE('',*,*,#995,.T.);
#882=CARTESIAN_POINT('',(0.0801222012985352,0.0111844645046911,0.191854466258856));
#883=DIRECTION('',(8.86679306614942E-06,0.866024731420372,-0.500001164488296));
#884=DIRECTION('',(0.707103161120998,-0.353561453786222,-0.612371960436845));
#885=ORIENTED_EDGE('',*,*,#962,.T.);
#886=ORIENTED_EDGE('',*,*,#1071,.F.);
#887=ORIENTED_EDGE('',*,*,#1060,.T.);
#888=ORIENTED_EDGE('',*,*,#1063,.F.);
#889=CARTESIAN_POINT('',(0.0801222096383723,0.0119989890157327,0.193021265768048));
#890=DIRECTION('',(1.87756810099461E-10,-1.29343783538077E-06,0.999999999999164));
#891=DIRECTION('',(0.707099541355585,-0.707114020942793,-9.14740791370713E-07));
#892=ORIENTED_EDGE('',*,*,#1072,.T.);
#893=ORIENTED_EDGE('',*,*,#990,.T.);
#894=ORIENTED_EDGE('',*,*,#1065,.T.);
#895=ORIENTED_EDGE('',*,*,#1071,.T.);
#896=ORIENTED_EDGE('',*,*,#965,.T.);
#897=ORIENTED_EDGE('',*,*,#1045,.T.);
#898=ORIENTED_EDGE('',*,*,#959,.T.);
#899=ORIENTED_EDGE('',*,*,#1073,.T.);
#900=ORIENTED_EDGE('',*,*,#991,.T.);
#901=ORIENTED_EDGE('',*,*,#1072,.F.);
#902=ORIENTED_EDGE('',*,*,#1044,.T.);
#903=CARTESIAN_POINT('',(0.0801221891615684,0.00999898608487146,0.195287292225972));
#904=DIRECTION('',(0.999999999947585,-1.02386147234097E-05,-2.00995498022371E-10));
#905=DIRECTION('',(-4.01122966324788E-06,-0.391756584429356,-0.920068898800603));
#906=ORIENTED_EDGE('',*,*,#958,.T.);
#907=ORIENTED_EDGE('',*,*,#1074,.T.);
#908=ORIENTED_EDGE('',*,*,#1075,.T.);
#909=ORIENTED_EDGE('',*,*,#1073,.F.);
#910=CARTESIAN_POINT('',(0.0801221485509434,0.00603252890197335,0.197287287095608));
#911=DIRECTION('',(-1.02386147235713E-05,-0.999999999946749,-1.29343783129459E-06));
#912=DIRECTION('',(0.707106781016718,-6.325195237857E-06,-0.707106781328087));
#913=ORIENTED_EDGE('',*,*,#1033,.F.);
#914=ORIENTED_EDGE('',*,*,#1023,.F.);
#915=ORIENTED_EDGE('',*,*,#1027,.F.);
#916=ORIENTED_EDGE('',*,*,#1031,.F.);
#917=ORIENTED_EDGE('',*,*,#992,.F.);
#918=ORIENTED_EDGE('',*,*,#1075,.F.);
#919=ORIENTED_EDGE('',*,*,#1076,.F.);
#920=ORIENTED_EDGE('',*,*,#1077,.F.);
#921=ORIENTED_EDGE('',*,*,#1078,.F.);
#922=ORIENTED_EDGE('',*,*,#1068,.F.);
#923=CARTESIAN_POINT('',(0.0811221113482777,0.00239897904006015,0.196287282395649));
#924=DIRECTION('',(-1.87756810099415E-10,1.29343783328476E-06,-0.999999999999164));
#925=DIRECTION('',(-1.0238614723896E-05,-0.999999999946749,-1.29343783129459E-06));
#926=ORIENTED_EDGE('',*,*,#978,.F.);
#927=ORIENTED_EDGE('',*,*,#1069,.F.);
#928=ORIENTED_EDGE('',*,*,#1078,.T.);
#929=ORIENTED_EDGE('',*,*,#1079,.F.);
#930=ORIENTED_EDGE('',*,*,#957,.F.);
#931=ORIENTED_EDGE('',*,*,#1052,.T.);
#932=ORIENTED_EDGE('',*,*,#1010,.T.);
#933=CARTESIAN_POINT('',(-0.0610379459802798,-0.00319956224477386,0.197287275180976));
#934=DIRECTION('',(1.87756810099415E-10,-1.29343783328476E-06,0.999999999999164));
#935=DIRECTION('',(1.0,-4.23516270545485E-22,-1.87756810099572E-10));
#936=ORIENTED_EDGE('',*,*,#955,.T.);
#937=ORIENTED_EDGE('',*,*,#1080,.T.);
#938=ORIENTED_EDGE('',*,*,#1076,.T.);
#939=ORIENTED_EDGE('',*,*,#1074,.F.);
#940=ORIENTED_EDGE('',*,*,#961,.F.);
#941=ORIENTED_EDGE('',*,*,#1012,.T.);
#942=ORIENTED_EDGE('',*,*,#1049,.T.);
#943=CARTESIAN_POINT('',(0.0781220540124262,-0.00320098705039876,0.197287275153005));
#944=DIRECTION('',(1.87756810099415E-10,-1.29343783328476E-06,0.999999999999164));
#945=DIRECTION('',(1.0,-4.23516270545485E-22,-1.87756810099572E-10));
#946=ORIENTED_EDGE('',*,*,#954,.T.);
#947=ORIENTED_EDGE('',*,*,#1079,.T.);
#948=ORIENTED_EDGE('',*,*,#1077,.T.);
#949=ORIENTED_EDGE('',*,*,#1080,.F.);
#950=CARTESIAN_POINT('',(0.0811220335350395,-0.00520101776613642,0.197287272565526));
#951=DIRECTION('',(-0.999999999947585,1.02386147233199E-05,2.00999827892018E-10));
#952=DIRECTION('',(-7.23992666511177E-06,-0.707105866550239,-0.707107695784609));
#953=COLOUR_RGB('',0.686274528503418,0.560784339904785,0.560784339904785);
#954=EDGE_CURVE('',#1081,#1082,#1083,.T.);
#955=EDGE_CURVE('0:825',#1084,#1081,#1085,.T.);
#956=EDGE_CURVE('0:711',#1084,#1086,#1087,.T.);
#957=EDGE_CURVE('0:822',#1086,#1082,#1088,.T.);
#958=EDGE_CURVE('',#1089,#1090,#1091,.T.);
#959=EDGE_CURVE('0:804',#1092,#1089,#1093,.T.);
#960=EDGE_CURVE('0:681',#1092,#1094,#1095,.T.);
#961=EDGE_CURVE('0:807',#1094,#1090,#1096,.T.);
#962=EDGE_CURVE('',#1097,#1098,#1099,.T.);
#963=EDGE_CURVE('0:765',#1100,#1097,#1101,.T.);
#964=EDGE_CURVE('0:690',#1100,#1102,#1103,.T.);
#965=EDGE_CURVE('0:798',#1098,#1102,#1104,.T.);
#966=EDGE_CURVE('',#1105,#1106,#1107,.T.);
#967=EDGE_CURVE('0:762',#1105,#1108,#1109,.T.);
#968=EDGE_CURVE('0:762',#1108,#1110,#1111,.T.);
#969=EDGE_CURVE('0:747',#1110,#1112,#1113,.T.);
#970=EDGE_CURVE('0:795',#1106,#1112,#1114,.T.);
#971=EDGE_CURVE('',#1106,#1115,#1116,.T.);
#972=EDGE_CURVE('0:792',#1117,#1112,#1118,.T.);
#973=EDGE_CURVE('0:792',#1115,#1117,#1119,.T.);
#974=EDGE_CURVE('',#1117,#1120,#1121,.T.);
#975=EDGE_CURVE('0:744',#1112,#1122,#1123,.T.);
#976=EDGE_CURVE('0:738',#1122,#1120,#1124,.T.);
#977=EDGE_CURVE('',#1125,#1126,#1127,.T.);
#978=EDGE_CURVE('0:789',#1125,#1128,#1129,.T.);
#979=EDGE_CURVE('0:642',#1128,#1130,#1131,.T.);
#980=EDGE_CURVE('0:783',#1126,#1130,#1132,.T.);
#981=EDGE_CURVE('',#1133,#1134,#1135,.T.);
#982=EDGE_CURVE('0:735',#1133,#1136,#1137,.T.);
#983=EDGE_CURVE('0:633',#1136,#1138,#1139,.T.);
#984=EDGE_CURVE('0:741',#1134,#1138,#1140,.T.);
#985=EDGE_CURVE('',#1141,#1142,#1143,.T.);
#986=EDGE_CURVE('0:780',#1141,#1144,#1145,.T.);
#987=EDGE_CURVE('0:636',#1144,#1136,#1146,.T.);
#988=EDGE_CURVE('0:732',#1142,#1136,#1147,.T.);
#989=EDGE_CURVE('',#1148,#1149,#1150,.T.);
#990=EDGE_CURVE('0:771',#1151,#1148,#1152,.T.);
#991=EDGE_CURVE('0:774',#1153,#1151,#1154,.T.);
#992=EDGE_CURVE('0:777',#1153,#1155,#1156,.T.);
#993=EDGE_CURVE('0:768',#1149,#1155,#1157,.T.);
#994=EDGE_CURVE('',#1108,#1097,#1158,.T.);
#995=EDGE_CURVE('0:762',#1100,#1105,#1159,.T.);
#996=EDGE_CURVE('',#1134,#1160,#1161,.T.);
#997=EDGE_CURVE('0:654',#1162,#1138,#1163,.T.);
#998=EDGE_CURVE('0:654',#1160,#1162,#1164,.T.);
#999=EDGE_CURVE('',#1165,#1142,#1166,.T.);
#1000=EDGE_CURVE('0:735',#1167,#1165,#1168,.T.);
#1001=EDGE_CURVE('0:726',#1169,#1167,#1170,.T.);
#1002=EDGE_CURVE('0:726',#1171,#1169,#1172,.T.);
#1003=EDGE_CURVE('0:732',#1171,#1142,#1173,.T.);
#1004=EDGE_CURVE('',#1174,#1169,#1175,.T.);
#1005=EDGE_CURVE('0:720',#1174,#1176,#1177,.T.);
#1006=EDGE_CURVE('0:723',#1176,#1171,#1178,.T.);
#1007=EDGE_CURVE('',#1179,#1180,#1181,.T.);
#1008=EDGE_CURVE('0:714',#1182,#1179,#1183,.F.);
#1009=EDGE_CURVE('0:645',#1182,#1128,#1184,.T.);
#1010=EDGE_CURVE('0:717',#1180,#1128,#1185,.T.);
#1011=EDGE_CURVE('',#1186,#1187,#1188,.T.);
#1012=EDGE_CURVE('0:702',#1094,#1186,#1189,.T.);
#1013=EDGE_CURVE('0:678',#1094,#1190,#1191,.T.);
#1014=EDGE_CURVE('0:696',#1187,#1190,#1192,.F.);
#1015=EDGE_CURVE('',#1193,#1194,#1195,.T.);
#1016=EDGE_CURVE('0:672',#1193,#1115,#1196,.T.);
#1017=EDGE_CURVE('0:660',#1115,#1197,#1198,.T.);
#1018=EDGE_CURVE('0:666',#1194,#1197,#1199,.F.);
#1019=EDGE_CURVE('',#1162,#1200,#1201,.T.);
#1020=EDGE_CURVE('0:630',#1138,#1202,#1203,.T.);
#1021=EDGE_CURVE('0:648',#1200,#1202,#1204,.F.);
#1022=EDGE_CURVE('',#1205,#1206,#1207,.T.);
#1023=EDGE_CURVE('0:624',#1205,#1208,#1209,.T.);
#1024=EDGE_CURVE('',#1210,#1208,#1211,.T.);
#1025=EDGE_CURVE('0:621',#1210,#1206,#1212,.T.);
#1026=EDGE_CURVE('',#1213,#1214,#1215,.T.);
#1027=EDGE_CURVE('0:618',#1213,#1216,#1217,.T.);
#1028=EDGE_CURVE('',#1218,#1216,#1219,.T.);
#1029=EDGE_CURVE('0:615',#1218,#1214,#1220,.T.);
#1030=EDGE_CURVE('0:615',#1214,#1218,#1221,.T.);
#1031=EDGE_CURVE('0:618',#1216,#1213,#1222,.T.);
#1032=EDGE_CURVE('0:621',#1206,#1210,#1223,.T.);
#1033=EDGE_CURVE('0:624',#1208,#1205,#1224,.T.);
#1034=EDGE_CURVE('0:627',#1202,#1182,#1225,.F.);
#1035=EDGE_CURVE('0:639',#1130,#1144,#1226,.T.);
#1036=EDGE_CURVE('0:648',#1227,#1200,#1228,.F.);
#1037=EDGE_CURVE('0:651',#1227,#1160,#1229,.T.);
#1038=EDGE_CURVE('0:657',#1197,#1227,#1230,.F.);
#1039=EDGE_CURVE('0:663',#1160,#1115,#1231,.T.);
#1040=EDGE_CURVE('0:666',#1232,#1194,#1233,.F.);
#1041=EDGE_CURVE('0:669',#1232,#1234,#1235,.T.);
#1042=EDGE_CURVE('0:672',#1234,#1193,#1236,.T.);
#1043=EDGE_CURVE('0:675',#1190,#1232,#1237,.T.);
#1044=EDGE_CURVE('0:684',#1238,#1092,#1239,.T.);
#1045=EDGE_CURVE('0:687',#1102,#1238,#1240,.T.);
#1046=EDGE_CURVE('0:693',#1234,#1100,#1241,.T.);
#1047=EDGE_CURVE('0:696',#1242,#1187,#1243,.F.);
#1048=EDGE_CURVE('0:699',#1242,#1084,#1244,.T.);
#1049=EDGE_CURVE('0:702',#1186,#1084,#1245,.T.);
#1050=EDGE_CURVE('0:705',#1242,#1246,#1247,.T.);
#1051=EDGE_CURVE('0:708',#1086,#1246,#1248,.T.);
#1052=EDGE_CURVE('0:717',#1086,#1180,#1249,.T.);
#1053=EDGE_CURVE('0:714',#1179,#1246,#1250,.F.);
#1054=EDGE_CURVE('0:729',#1167,#1110,#1251,.T.);
#1055=EDGE_CURVE('0:720',#1110,#1174,#1252,.T.);
#1056=EDGE_CURVE('0:735',#1165,#1133,#1253,.T.);
#1057=EDGE_CURVE('0:738',#1120,#1160,#1254,.T.);
#1058=EDGE_CURVE('0:741',#1122,#1134,#1255,.T.);
#1059=EDGE_CURVE('0:750',#1122,#1167,#1256,.T.);
#1060=EDGE_CURVE('0:753',#1257,#1176,#1258,.T.);
#1061=EDGE_CURVE('0:756',#1259,#1257,#1260,.T.);
#1062=EDGE_CURVE('0:759',#1171,#1259,#1261,.T.);
#1063=EDGE_CURVE('0:765',#1097,#1176,#1262,.T.);
#1064=EDGE_CURVE('0:768',#1259,#1149,#1263,.T.);
#1065=EDGE_CURVE('0:771',#1148,#1257,#1264,.T.);
#1066=EDGE_CURVE('0:780',#1259,#1141,#1265,.T.);
#1067=EDGE_CURVE('0:783',#1155,#1126,#1266,.T.);
#1068=EDGE_CURVE('0:786',#1155,#1267,#1268,.T.);
#1069=EDGE_CURVE('0:789',#1267,#1125,#1269,.T.);
#1070=EDGE_CURVE('0:795',#1234,#1106,#1270,.T.);
#1071=EDGE_CURVE('0:798',#1257,#1098,#1271,.T.);
#1072=EDGE_CURVE('0:801',#1238,#1151,#1272,.T.);
#1073=EDGE_CURVE('0:804',#1089,#1153,#1273,.T.);
#1074=EDGE_CURVE('0:807',#1090,#1274,#1275,.T.);
#1075=EDGE_CURVE('0:810',#1274,#1153,#1276,.T.);
#1076=EDGE_CURVE('0:813',#1277,#1274,#1278,.T.);
#1077=EDGE_CURVE('0:816',#1279,#1277,#1280,.T.);
#1078=EDGE_CURVE('0:819',#1267,#1279,#1281,.T.);
#1079=EDGE_CURVE('0:822',#1082,#1279,#1282,.T.);
#1080=EDGE_CURVE('0:825',#1081,#1277,#1283,.T.);
#1081=VERTEX_POINT('',#1284);
#1082=VERTEX_POINT('',#1285);
#1083=LINE('',#1286,#1287);
#1084=VERTEX_POINT('',#1288);
#1085=CIRCLE('',#1289,0.001);
#1086=VERTEX_POINT('',#1290);
#1087=LINE('',#1291,#1292);
#1088=CIRCLE('',#1293,0.001);
#1089=VERTEX_POINT('',#1294);
#1090=VERTEX_POINT('',#1295);
#1091=LINE('',#1296,#1297);
#1092=VERTEX_POINT('',#1298);
#1093=CIRCLE('',#1299,0.000999999999999999);
#1094=VERTEX_POINT('',#1300);
#1095=LINE('',#1301,#1302);
#1096=CIRCLE('',#1303,0.000999999999999999);
#1097=VERTEX_POINT('',#1304);
#1098=VERTEX_POINT('',#1305);
#1099=LINE('',#1306,#1307);
#1100=VERTEX_POINT('',#1308);
#1101=CIRCLE('',#1309,0.001);
#1102=VERTEX_POINT('',#1310);
#1103=LINE('',#1311,#1312);
#1104=CIRCLE('',#1313,0.00100000000000001);
#1105=VERTEX_POINT('',#1314);
#1106=VERTEX_POINT('',#1315);
#1107=LINE('',#1316,#1317);
#1108=VERTEX_POINT('',#1318);
#1109=CIRCLE('',#1319,0.00100000000000001);
#1110=VERTEX_POINT('',#1320);
#1111=CIRCLE('',#1321,0.00100000000000001);
#1112=VERTEX_POINT('',#1322);
#1113=LINE('',#1323,#1324);
#1114=CIRCLE('',#1325,0.000999999999999995);
#1115=VERTEX_POINT('',#1326);
#1116=CIRCLE('',#1327,0.001);
#1117=VERTEX_POINT('',#1328);
#1118=CIRCLE('',#1329,0.000999999999999991);
#1119=CIRCLE('',#1330,0.000999999999999991);
#1120=VERTEX_POINT('',#1331);
#1121=LINE('',#1332,#1333);
#1122=VERTEX_POINT('',#1334);
#1123=LINE('',#1335,#1336);
#1124=CIRCLE('',#1337,0.001);
#1125=VERTEX_POINT('',#1338);
#1126=VERTEX_POINT('',#1339);
#1127=LINE('',#1340,#1341);
#1128=VERTEX_POINT('',#1342);
#1129=CIRCLE('',#1343,0.001);
#1130=VERTEX_POINT('',#1344);
#1131=LINE('',#1345,#1346);
#1132=CIRCLE('',#1347,0.001);
#1133=VERTEX_POINT('',#1348);
#1134=VERTEX_POINT('',#1349);
#1135=LINE('',#1350,#1351);
#1136=VERTEX_POINT('',#1352);
#1137=CIRCLE('',#1353,0.00100000000000001);
#1138=VERTEX_POINT('',#1354);
#1139=LINE('',#1355,#1356);
#1140=CIRCLE('',#1357,0.00100000000000001);
#1141=VERTEX_POINT('',#1358);
#1142=VERTEX_POINT('',#1359);
#1143=LINE('',#1360,#1361);
#1144=VERTEX_POINT('',#1362);
#1145=CIRCLE('',#1363,0.000999999999999998);
#1146=LINE('',#1364,#1365);
#1147=CIRCLE('',#1366,0.000999999999999997);
#1148=VERTEX_POINT('',#1367);
#1149=VERTEX_POINT('',#1368);
#1150=LINE('',#1369,#1370);
#1151=VERTEX_POINT('',#1371);
#1152=CIRCLE('',#1372,0.001);
#1153=VERTEX_POINT('',#1373);
#1154=CIRCLE('',#1374,0.001);
#1155=VERTEX_POINT('',#1375);
#1156=LINE('',#1376,#1377);
#1157=CIRCLE('',#1378,0.000999999999999989);
#1158=CIRCLE('',#1379,0.001);
#1159=CIRCLE('',#1380,0.00100000000000001);
#1160=VERTEX_POINT('',#1381);
#1161=CIRCLE('',#1382,0.001);
#1162=VERTEX_POINT('',#1383);
#1163=CIRCLE('',#1384,0.000999999999999991);
#1164=CIRCLE('',#1385,0.000999999999999991);
#1165=VERTEX_POINT('',#1386);
#1166=CIRCLE('',#1387,0.001);
#1167=VERTEX_POINT('',#1388);
#1168=CIRCLE('',#1389,0.00100000000000001);
#1169=VERTEX_POINT('',#1390);
#1170=CIRCLE('',#1391,0.001);
#1171=VERTEX_POINT('',#1392);
#1172=CIRCLE('',#1393,0.001);
#1173=CIRCLE('',#1394,0.000999999999999997);
#1174=VERTEX_POINT('',#1395);
#1175=LINE('',#1396,#1397);
#1176=VERTEX_POINT('',#1398);
#1177=CIRCLE('',#1399,0.00100000000000001);
#1178=LINE('',#1400,#1401);
#1179=VERTEX_POINT('',#1402);
#1180=VERTEX_POINT('',#1403);
#1181=LINE('',#1404,#1405);
#1182=VERTEX_POINT('',#1406);
#1183=CIRCLE('',#1407,0.003);
#1184=LINE('',#1408,#1409);
#1185=CIRCLE('',#1410,0.003);
#1186=VERTEX_POINT('',#1411);
#1187=VERTEX_POINT('',#1412);
#1188=LINE('',#1413,#1414);
#1189=CIRCLE('',#1415,0.003);
#1190=VERTEX_POINT('',#1416);
#1191=LINE('',#1417,#1418);
#1192=CIRCLE('',#1419,0.003);
#1193=VERTEX_POINT('',#1420);
#1194=VERTEX_POINT('',#1421);
#1195=LINE('',#1422,#1423);
#1196=CIRCLE('',#1424,0.000999999999999999);
#1197=VERTEX_POINT('',#1425);
#1198=LINE('',#1426,#1427);
#1199=ELLIPSE('',#1428,0.00115470229710169,0.001);
#1200=VERTEX_POINT('',#1429);
#1201=LINE('',#1430,#1431);
#1202=VERTEX_POINT('',#1432);
#1203=LINE('',#1433,#1434);
#1204=ELLIPSE('',#1435,0.00115470229710169,0.001);
#1205=VERTEX_POINT('',#1436);
#1206=VERTEX_POINT('',#1437);
#1207=LINE('',#1438,#1439);
#1208=VERTEX_POINT('',#1440);
#1209=CIRCLE('',#1441,0.00184999999999999);
#1210=VERTEX_POINT('',#1442);
#1211=LINE('',#1443,#1444);
#1212=CIRCLE('',#1445,0.00184999999999999);
#1213=VERTEX_POINT('',#1446);
#1214=VERTEX_POINT('',#1447);
#1215=LINE('',#1448,#1449);
#1216=VERTEX_POINT('',#1450);
#1217=CIRCLE('',#1451,0.00185);
#1218=VERTEX_POINT('',#1452);
#1219=LINE('',#1453,#1454);
#1220=CIRCLE('',#1455,0.00185);
#1221=CIRCLE('',#1456,0.00185);
#1222=CIRCLE('',#1457,0.00185);
#1223=CIRCLE('',#1458,0.00184999999999999);
#1224=CIRCLE('',#1459,0.00184999999999999);
#1225=LINE('',#1460,#1461);
#1226=CIRCLE('',#1462,0.002);
#1227=VERTEX_POINT('',#1463);
#1228=ELLIPSE('',#1464,0.00115470229710169,0.001);
#1229=LINE('',#1465,#1466);
#1230=LINE('',#1467,#1468);
#1231=LINE('',#1469,#1470);
#1232=VERTEX_POINT('',#1471);
#1233=ELLIPSE('',#1472,0.00115470229710169,0.001);
#1234=VERTEX_POINT('',#1473);
#1235=LINE('',#1474,#1475);
#1236=CIRCLE('',#1476,0.000999999999999999);
#1237=LINE('',#1477,#1478);
#1238=VERTEX_POINT('',#1479);
#1239=CIRCLE('',#1480,0.002);
#1240=B_SPLINE_CURVE_WITH_KNOTS('',3,(#1481,#1482,#1483,#1484,#1485,#1486,#1487,#1488,#1489,#1490,#1491,#1492,#1493,#1494,#1495,#1496,#1497,#1498),.UNSPECIFIED.,.F.,.F.,(4,2,2,2,2,2,2,2,4),(0.00851317323166784,0.00890608891928328,0.00928709807091037,0.0095252287906773,0.00967406049053164,0.00982289219038597,0.0100610229101529,0.0104326197924321,0.0108349477493954),.UNSPECIFIED.);
#1241=LINE('',#1499,#1500);
#1242=VERTEX_POINT('',#1501);
#1243=CIRCLE('',#1502,0.003);
#1244=LINE('',#1503,#1504);
#1245=CIRCLE('',#1505,0.003);
#1246=VERTEX_POINT('',#1506);
#1247=LINE('',#1507,#1508);
#1248=LINE('',#1509,#1510);
#1249=CIRCLE('',#1511,0.003);
#1250=CIRCLE('',#1512,0.003);
#1251=LINE('',#1513,#1514);
#1252=CIRCLE('',#1515,0.00100000000000001);
#1253=CIRCLE('',#1516,0.00100000000000001);
#1254=CIRCLE('',#1517,0.001);
#1255=CIRCLE('',#1518,0.00100000000000001);
#1256=LINE('',#1519,#1520);
#1257=VERTEX_POINT('',#1521);
#1258=LINE('',#1522,#1523);
#1259=VERTEX_POINT('',#1524);
#1260=LINE('',#1525,#1526);
#1261=LINE('',#1527,#1528);
#1262=CIRCLE('',#1529,0.001);
#1263=CIRCLE('',#1530,0.000999999999999989);
#1264=CIRCLE('',#1531,0.001);
#1265=CIRCLE('',#1532,0.000999999999999998);
#1266=CIRCLE('',#1533,0.001);
#1267=VERTEX_POINT('',#1534);
#1268=LINE('',#1535,#1536);
#1269=CIRCLE('',#1537,0.001);
#1270=CIRCLE('',#1538,0.000999999999999995);
#1271=CIRCLE('',#1539,0.00100000000000001);
#1272=CIRCLE('',#1540,0.000999999999999985);
#1273=CIRCLE('',#1541,0.000999999999999999);
#1274=VERTEX_POINT('',#1542);
#1275=CIRCLE('',#1543,0.000999999999999999);
#1276=LINE('',#1544,#1545);
#1277=VERTEX_POINT('',#1546);
#1278=CIRCLE('',#1547,0.002);
#1279=VERTEX_POINT('',#1548);
#1280=LINE('',#1549,#1550);
#1281=CIRCLE('',#1551,0.002);
#1282=CIRCLE('',#1552,0.001);
#1283=CIRCLE('',#1553,0.001);
#1284=CARTESIAN_POINT('',(0.0781220262952701,-0.00590809291684247,0.196580164870344));
#1285=CARTESIAN_POINT('',(-0.061037973697436,-0.00590666811121757,0.196580164898316));
#1286=CARTESIAN_POINT('',(0.00854202629891706,-0.00590738051403003,0.19658016488433));
#1287=VECTOR('',#1554,1.0);
#1288=CARTESIAN_POINT('',(0.0781220232965821,-0.006200987050239,0.197287271272691));
#1289=AXIS2_PLACEMENT_3D('',#1555,#1556,#1557);
#1290=CARTESIAN_POINT('',(-0.061037976696124,-0.0061995622446141,0.197287271300662));
#1291=CARTESIAN_POINT('',(0.0811220232964248,-0.00620101776608317,0.197287271272088));
#1292=VECTOR('',#1558,1.0);
#1293=AXIS2_PLACEMENT_3D('',#1559,#1560,#1561);
#1294=CARTESIAN_POINT('',(0.0808292959429606,0.00999897717280055,0.196580185444642));
#1295=CARTESIAN_POINT('',(0.0808291607933381,-0.00320101385282345,0.196580168371275));
#1296=CARTESIAN_POINT('',(0.0808292553319601,0.00603252257677812,0.19658018031428));
#1297=VECTOR('',#1562,1.0);
#1298=CARTESIAN_POINT('',(0.0811221891618914,0.00999897325938106,0.19728729222577));
#1299=AXIS2_PLACEMENT_3D('',#1563,#1564,#1565);
#1300=CARTESIAN_POINT('',(0.081122054012269,-0.00320101776624292,0.197287275152402));
#1301=CARTESIAN_POINT('',(0.081122148550891,0.00603251866335862,0.197287287095407));
#1302=VECTOR('',#1566,1.0);
#1303=AXIS2_PLACEMENT_3D('',#1567,#1568,#1569);
#1304=CARTESIAN_POINT('',(0.0808293091794205,0.0112918771122357,0.191384196715548));
#1305=CARTESIAN_POINT('',(0.0808293091801534,0.0112918720638222,0.195287293898107));
#1306=CARTESIAN_POINT('',(0.0808293091797279,0.0112918749947899,0.193021264853307));
#1307=VECTOR('',#1570,1.0);
#1308=CARTESIAN_POINT('',(0.0811222096380126,0.0119989808945638,0.191384197630088));
#1309=AXIS2_PLACEMENT_3D('',#1571,#1572,#1573);
#1310=CARTESIAN_POINT('',(0.0811222096387454,0.0119989758461502,0.195287294812647));
#1311=CARTESIAN_POINT('',(0.0811222096383199,0.0119989787771179,0.193021265767847));
#1312=VECTOR('',#1574,1.0);
#1313=AXIS2_PLACEMENT_3D('',#1575,#1576,#1577);
#1314=CARTESIAN_POINT('',(0.080829312799186,0.0116454296793923,0.190771825669852));
#1315=CARTESIAN_POINT('',(0.0808293213750962,0.0124830437150402,0.190288227479153));
#1316=CARTESIAN_POINT('',(0.0808293170871411,0.012064236697177,0.190530026574525));
#1317=VECTOR('',#1578,1.0);
#1318=CARTESIAN_POINT('',(0.0805694202892825,0.0115517723259772,0.190609602270167));
#1319=AXIS2_PLACEMENT_3D('',#1579,#1580,#1581);
#1320=CARTESIAN_POINT('',(0.0801222045185716,0.0114989899687164,0.190518172898823));
#1321=AXIS2_PLACEMENT_3D('',#1582,#1583,#1584);
#1322=CARTESIAN_POINT('',(0.0801222130944818,0.0123366040043644,0.190034574708124));
#1323=CARTESIAN_POINT('',(0.0801221961790418,0.010684463340229,0.190988441527391));
#1324=VECTOR('',#1585,0.999999999999999);
#1325=AXIS2_PLACEMENT_3D('',#1586,#1587,#1588);
#1326=CARTESIAN_POINT('',(0.0801222270807682,0.0137026299002468,0.190400598275101));
#1327=AXIS2_PLACEMENT_3D('',#1589,#1590,#1591);
#1328=CARTESIAN_POINT('',(0.0801222208637162,0.0130954229150967,0.189934673265284));
#1329=AXIS2_PLACEMENT_3D('',#1592,#1593,#1594);
#1330=AXIS2_PLACEMENT_3D('',#1595,#1596,#1597);
#1331=CARTESIAN_POINT('',(-0.0630377791287801,0.0130968886751805,0.189934673294059));
#1332=CARTESIAN_POINT('',(0.00854222086748148,0.0130961557951386,0.189934673279672));
#1333=VECTOR('',#1598,1.0);
#1334=CARTESIAN_POINT('',(-0.0630377868980146,0.0123380697644481,0.190034574736899));
#1335=CARTESIAN_POINT('',(0.0811222130944294,0.0123365937657496,0.190034574707923));
#1336=VECTOR('',#1599,0.999999999999999);
#1337=AXIS2_PLACEMENT_3D('',#1600,#1601,#1602);
#1338=CARTESIAN_POINT('',(-0.0637450527614572,-0.00319953361315186,0.196580168400334));
#1339=CARTESIAN_POINT('',(-0.0637449176118347,0.0100004574124721,0.196580185473702));
#1340=CARTESIAN_POINT('',(-0.0637449582228352,0.0060340028164497,0.196580180343339));
#1341=VECTOR('',#1603,1.0);
#1342=CARTESIAN_POINT('',(-0.0640379459802012,-0.00319954688685178,0.197287275181559));
#1343=AXIS2_PLACEMENT_3D('',#1604,#1605,#1606);
#1344=CARTESIAN_POINT('',(-0.0640378108305001,0.0100004594966943,0.197287292254947));
#1345=CARTESIAN_POINT('',(-0.0640378514415005,0.00603400490067187,0.197287287124584));
#1346=VECTOR('',#1607,1.0);
#1347=AXIS2_PLACEMENT_3D('',#1608,#1609,#1610);
#1348=CARTESIAN_POINT('',(-0.0637449007556094,0.0116469099190639,0.190771825698912));
#1349=CARTESIAN_POINT('',(-0.0637448921796991,0.0124845239547118,0.190288227508212));
#1350=CARTESIAN_POINT('',(-0.0637448964676542,0.0120657169368879,0.190530026603562));
#1351=VECTOR('',#1611,1.0);
#1352=CARTESIAN_POINT('',(-0.064037790354379,0.012000467131877,0.191384197659265));
#1353=AXIS2_PLACEMENT_3D('',#1612,#1613,#1614);
#1354=CARTESIAN_POINT('',(-0.0640377817784688,0.012838081167525,0.190900599468566));
#1355=CARTESIAN_POINT('',(-0.0640377986939088,0.0111859405033896,0.191854466287832));
#1356=VECTOR('',#1615,0.999999999999999);
#1357=AXIS2_PLACEMENT_3D('',#1616,#1617,#1618);
#1358=CARTESIAN_POINT('',(-0.0637449043746419,0.0112933523034938,0.195287293927167));
#1359=CARTESIAN_POINT('',(-0.0637449043753748,0.0112933573519073,0.191384196744608));
#1360=CARTESIAN_POINT('',(-0.0637449043750083,0.0112933548277005,0.193335745335887));
#1361=VECTOR('',#1619,1.0);
#1362=CARTESIAN_POINT('',(-0.0640377903536461,0.0120004620834635,0.195287294841824));
#1363=AXIS2_PLACEMENT_3D('',#1620,#1621,#1622);
#1364=CARTESIAN_POINT('',(-0.0640377903540716,0.0120004650144312,0.193021265797024));
#1365=VECTOR('',#1623,1.0);
#1366=AXIS2_PLACEMENT_3D('',#1624,#1625,#1626);
#1367=CARTESIAN_POINT('',(0.080122196401495,0.0107060919514217,0.195994399921757));
#1368=CARTESIAN_POINT('',(-0.0630378035910013,0.0107075577115055,0.195994399950532));
#1369=CARTESIAN_POINT('',(0.00854219640524672,0.0107068248314636,0.195994399936144));
#1370=VECTOR('',#1627,1.0);
#1371=CARTESIAN_POINT('',(0.0801221931727981,0.0103907426693008,0.196207361124773));
#1372=AXIS2_PLACEMENT_3D('',#1628,#1629,#1630);
#1373=CARTESIAN_POINT('',(0.0801221891617561,0.00999898479143362,0.196287292225971));
#1374=AXIS2_PLACEMENT_3D('',#1631,#1632,#1633);
#1375=CARTESIAN_POINT('',(-0.0630378108307403,0.0100004505515174,0.196287292254747));
#1376=CARTESIAN_POINT('',(0.0811221891617037,0.00999897455281889,0.19628729222577));
#1377=VECTOR('',#1634,1.0);
#1378=AXIS2_PLACEMENT_3D('',#1635,#1636,#1637);
#1379=AXIS2_PLACEMENT_3D('',#1638,#1639,#1640);
#1380=AXIS2_PLACEMENT_3D('',#1641,#1642,#1643);
#1381=CARTESIAN_POINT('',(-0.0630377729117281,0.0137040956603306,0.190400598303877));
#1382=AXIS2_PLACEMENT_3D('',#1644,#1645,#1646);
#1383=CARTESIAN_POINT('',(-0.0637448822899012,0.0134504501289667,0.190547045254496));
#1384=AXIS2_PLACEMENT_3D('',#1647,#1648,#1649);
#1385=AXIS2_PLACEMENT_3D('',#1650,#1651,#1652);
#1386=CARTESIAN_POINT('',(-0.0634850101636687,0.0115532472437899,0.190609602299122));
#1387=AXIS2_PLACEMENT_3D('',#1653,#1654,#1655);
#1388=CARTESIAN_POINT('',(-0.0630377954739247,0.0115004557288002,0.190518172927598));
#1389=AXIS2_PLACEMENT_3D('',#1656,#1657,#1658);
#1390=CARTESIAN_POINT('',(-0.0630377992214325,0.0111344314767238,0.190884197681233));
#1391=AXIS2_PLACEMENT_3D('',#1659,#1660,#1661);
#1392=CARTESIAN_POINT('',(-0.0630378005930461,0.0110004568933156,0.191384196365626));
#1393=AXIS2_PLACEMENT_3D('',#1662,#1663,#1664);
#1394=AXIS2_PLACEMENT_3D('',#1665,#1666,#1667);
#1395=CARTESIAN_POINT('',(0.0801222007710639,0.01113296571664,0.190884197652458));
#1396=CARTESIAN_POINT('',(0.00854220077481571,0.0111336985966819,0.190884197666846));
#1397=VECTOR('',#1668,1.0);
#1398=CARTESIAN_POINT('',(0.0801221993994503,0.0109989911332318,0.191384196336851));
#1399=AXIS2_PLACEMENT_3D('',#1669,#1670,#1671);
#1400=CARTESIAN_POINT('',(0.0811221993993978,0.010998980894617,0.19138419633665));
#1401=VECTOR('',#1672,1.0);
#1402=CARTESIAN_POINT('',(-0.0631592880429226,-0.00532086215951288,0.198285135651039));
#1403=CARTESIAN_POINT('',(-0.0631592880431099,-0.00532086086883884,0.197287272437606));
#1404=CARTESIAN_POINT('',(-0.0631592880430163,-0.00532086151417586,0.197786204044323));
#1405=VECTOR('',#1673,1.0);
#1406=CARTESIAN_POINT('',(-0.0640379459799352,-0.00319953281960371,0.198285138395012));
#1407=AXIS2_PLACEMENT_3D('',#1674,#1675,#1676);
#1408=CARTESIAN_POINT('',(-0.0640379459803846,-0.00319952972339703,0.195891357560038));
#1409=VECTOR('',#1677,1.0);
#1410=AXIS2_PLACEMENT_3D('',#1678,#1679,#1680);
#1411=CARTESIAN_POINT('',(0.080243352636493,-0.00532232911322713,0.197287272408782));
#1412=CARTESIAN_POINT('',(0.0802433526366803,-0.00532233040390116,0.198285135622216));
#1413=CARTESIAN_POINT('',(0.0802433526365867,-0.00532232975856415,0.197786204015499));
#1414=VECTOR('',#1681,1.0);
#1415=AXIS2_PLACEMENT_3D('',#1682,#1683,#1684);
#1416=CARTESIAN_POINT('',(0.0811220540124563,-0.00320101905691696,0.198285138365835));
#1417=CARTESIAN_POINT('',(0.0811220540120069,-0.00320101596071025,0.195891357530861));
#1418=VECTOR('',#1685,1.0);
#1419=AXIS2_PLACEMENT_3D('',#1686,#1687,#1688);
#1420=CARTESIAN_POINT('',(0.0808293312648941,0.0134489698892952,0.190547045225437));
#1421=CARTESIAN_POINT('',(0.0808293770086874,0.0179165896899249,0.198285165680204));
#1422=CARTESIAN_POINT('',(0.0808293470296485,0.0149886526264166,0.193213845672577));
#1423=VECTOR('',#1689,1.0);
#1424=AXIS2_PLACEMENT_3D('',#1690,#1691,#1692);
#1425=CARTESIAN_POINT('',(0.0801222736902832,0.0182548014022701,0.198285166117793));
#1426=CARTESIAN_POINT('',(0.0801222428455226,0.0152423126373683,0.193067398722242));
#1427=VECTOR('',#1693,1.0);
#1428=AXIS2_PLACEMENT_3D('',#1694,#1695,#1696);
#1429=CARTESIAN_POINT('',(-0.0637448365461079,0.0179180699295964,0.198285165709263));
#1430=CARTESIAN_POINT('',(-0.0637448665251468,0.0149901328660882,0.193213845701636));
#1431=VECTOR('',#1697,1.0);
#1432=CARTESIAN_POINT('',(-0.0640377381247127,0.0171015751039284,0.198285164653233));
#1433=CARTESIAN_POINT('',(-0.0640377660137144,0.0143777639046464,0.193567399915706));
#1434=VECTOR('',#1698,1.0);
#1435=AXIS2_PLACEMENT_3D('',#1699,#1700,#1701);
#1436=CARTESIAN_POINT('',(0.0569236739110848,0.00189878602625225,0.196287281753224));
#1437=CARTESIAN_POINT('',(0.0569236739114599,0.00189878344214039,0.198285144966656));
#1438=CARTESIAN_POINT('',(0.0569236739110848,0.00189878602625225,0.196287281753224));
#1439=VECTOR('',#1702,1.0);
#1440=CARTESIAN_POINT('',(0.0532236739110848,0.00189878602625226,0.196287281753918));
#1441=AXIS2_PLACEMENT_3D('',#1703,#1704,#1705);
#1442=CARTESIAN_POINT('',(0.0532236739114599,0.00189878344214038,0.198285144967351));
#1443=CARTESIAN_POINT('',(0.0532236739110848,0.00189878602625225,0.196287281753918));
#1444=VECTOR('',#1706,1.0);
#1445=AXIS2_PLACEMENT_3D('',#1707,#1708,#1709);
#1446=CARTESIAN_POINT('',(-0.0360351663951618,0.00190065824746709,0.196287281773099));
#1447=CARTESIAN_POINT('',(-0.0360351663947867,0.00190065566335523,0.198285144986531));
#1448=CARTESIAN_POINT('',(-0.0360351663951618,0.0019006582474671,0.196287281774037));
#1449=VECTOR('',#1710,1.0);
#1450=CARTESIAN_POINT('',(-0.0397351663951618,0.0019006582474671,0.196287281773793));
#1451=AXIS2_PLACEMENT_3D('',#1711,#1712,#1713);
#1452=CARTESIAN_POINT('',(-0.0397351663947867,0.00190065566335524,0.198285144987226));
#1453=CARTESIAN_POINT('',(-0.0397351663951618,0.0019006582474671,0.196287281774732));
#1454=VECTOR('',#1714,1.0);
#1455=AXIS2_PLACEMENT_3D('',#1715,#1716,#1717);
#1456=AXIS2_PLACEMENT_3D('',#1718,#1719,#1720);
#1457=AXIS2_PLACEMENT_3D('',#1721,#1722,#1723);
#1458=AXIS2_PLACEMENT_3D('',#1724,#1725,#1726);
#1459=AXIS2_PLACEMENT_3D('',#1727,#1728,#1729);
#1460=CARTESIAN_POINT('',(-0.0640378465379566,0.00651291180798451,0.198285150957455));
#1461=VECTOR('',#1730,1.0);
#1462=AXIS2_PLACEMENT_3D('',#1731,#1732,#1733);
#1463=CARTESIAN_POINT('',(-0.0630377263022132,0.0182562671623539,0.198285166146568));
#1464=AXIS2_PLACEMENT_3D('',#1734,#1735,#1736);
#1465=CARTESIAN_POINT('',(-0.0630377571469738,0.0152437783974521,0.193067398751017));
#1466=VECTOR('',#1737,1.0);
#1467=CARTESIAN_POINT('',(0.0113333288222178,0.0182555057057739,0.198285166131619));
#1468=VECTOR('',#1738,1.0);
#1469=CARTESIAN_POINT('',(0.0811222270807158,0.0137026196616321,0.1904005982749));
#1470=VECTOR('',#1739,0.999999999999999);
#1471=CARTESIAN_POINT('',(0.0811222618676788,0.0171000888666152,0.198285164624056));
#1472=AXIS2_PLACEMENT_3D('',#1740,#1741,#1742);
#1473=CARTESIAN_POINT('',(0.0811222182139228,0.0128365949302117,0.190900599439389));
#1474=CARTESIAN_POINT('',(0.0811222339786771,0.0143762776673332,0.193567399886529));
#1475=VECTOR('',#1743,1.0);
#1476=AXIS2_PLACEMENT_3D('',#1744,#1745,#1746);
#1477=CARTESIAN_POINT('',(0.0811221534544349,0.00651142557067128,0.198285150928278));
#1478=VECTOR('',#1747,1.0);
#1479=CARTESIAN_POINT('',(0.0811221971839753,0.0107824890151155,0.197127430023372));
#1480=AXIS2_PLACEMENT_3D('',#1748,#1749,#1750);
#1481=CARTESIAN_POINT('',(0.0811222096387454,0.0119989758461502,0.195287294812647));
#1482=CARTESIAN_POINT('',(0.08112220963877,0.0119989756767462,0.195418266708519));
#1483=CARTESIAN_POINT('',(0.0811222095057991,0.0119859858869487,0.195550496413093));
#1484=CARTESIAN_POINT('',(0.081122208982026,0.0119348242347948,0.195805879442174));
#1485=CARTESIAN_POINT('',(0.0811222085994094,0.0118974518569965,0.195929101084478));
#1486=CARTESIAN_POINT('',(0.081122207797227,0.0118190993828847,0.196120029281729));
#1487=CARTESIAN_POINT('',(0.0811222074420209,0.0117844051877513,0.196192082641354));
#1488=CARTESIAN_POINT('',(0.0811222067932089,0.0117210338373504,0.1963056328824));
#1489=CARTESIAN_POINT('',(0.0811222065265006,0.0116949837357526,0.196348454820476));
#1490=CARTESIAN_POINT('',(0.0811222059608911,0.0116397393235185,0.196432021025678));
#1491=CARTESIAN_POINT('',(0.0811222056619944,0.0116105454362377,0.196472764652409));
#1492=CARTESIAN_POINT('',(0.0811222048465295,0.0115308974018379,0.196575554612567));
#1493=CARTESIAN_POINT('',(0.0811222043069414,0.0114781949481842,0.196635702972377));
#1494=CARTESIAN_POINT('',(0.0811222028452209,0.0113354266514522,0.196780356838828));
#1495=CARTESIAN_POINT('',(0.0811222018617286,0.0112393678957627,0.196861162145992));
#1496=CARTESIAN_POINT('',(0.0811221996684123,0.0110251449687009,0.197009299641368));
#1497=CARTESIAN_POINT('',(0.0811221984473055,0.010905878828549,0.197074891814623));
#1498=CARTESIAN_POINT('',(0.0811221971839753,0.0107824890151155,0.197127430023372));
#1499=CARTESIAN_POINT('',(0.0811222012984828,0.0111844542660764,0.191854466258655));
#1500=VECTOR('',#1751,0.999999999999999);
#1501=CARTESIAN_POINT('',(0.0781220232967694,-0.00620098834091302,0.198285134486124));
#1502=AXIS2_PLACEMENT_3D('',#1752,#1753,#1754);
#1503=CARTESIAN_POINT('',(0.07812202329632,-0.00620098524470633,0.19589135365115));
#1504=VECTOR('',#1755,1.0);
#1505=AXIS2_PLACEMENT_3D('',#1756,#1757,#1758);
#1506=CARTESIAN_POINT('',(-0.0610379766959366,-0.00619956353528814,0.198285134514096));
#1507=CARTESIAN_POINT('',(0.0113330784285992,-0.0062003045146387,0.198285134499549));
#1508=VECTOR('',#1759,1.0);
#1509=CARTESIAN_POINT('',(-0.0610379766963861,-0.00619956043908143,0.195891353679121));
#1510=VECTOR('',#1760,1.0);
#1511=AXIS2_PLACEMENT_3D('',#1761,#1762,#1763);
#1512=AXIS2_PLACEMENT_3D('',#1764,#1765,#1766);
#1513=CARTESIAN_POINT('',(0.0811222045185192,0.0114989797301017,0.190518172898622));
#1514=VECTOR('',#1767,1.0);
#1515=AXIS2_PLACEMENT_3D('',#1768,#1769,#1770);
#1516=AXIS2_PLACEMENT_3D('',#1771,#1772,#1773);
#1517=AXIS2_PLACEMENT_3D('',#1774,#1775,#1776);
#1518=AXIS2_PLACEMENT_3D('',#1777,#1778,#1779);
#1519=CARTESIAN_POINT('',(-0.0630378038134545,0.0106859291003128,0.190988441556166));
#1520=VECTOR('',#1780,0.999999999999999);
#1521=CARTESIAN_POINT('',(0.0801221994001831,0.0109989860848182,0.19528729351941));
#1522=CARTESIAN_POINT('',(0.0801221993997576,0.0109989890157859,0.19302126447461));
#1523=VECTOR('',#1781,1.0);
#1524=CARTESIAN_POINT('',(-0.0630378005923133,0.011000451844902,0.195287293548185));
#1525=CARTESIAN_POINT('',(0.0811221994001307,0.0109989758462035,0.195287293519209));
#1526=VECTOR('',#1782,1.0);
#1527=CARTESIAN_POINT('',(-0.0630378005927387,0.0110004547758697,0.193021264503385));
#1528=VECTOR('',#1783,1.0);
#1529=AXIS2_PLACEMENT_3D('',#1784,#1785,#1786);
#1530=AXIS2_PLACEMENT_3D('',#1787,#1788,#1789);
#1531=AXIS2_PLACEMENT_3D('',#1790,#1791,#1792);
#1532=AXIS2_PLACEMENT_3D('',#1793,#1794,#1795);
#1533=AXIS2_PLACEMENT_3D('',#1796,#1797,#1798);
#1534=CARTESIAN_POINT('',(-0.0630379459804151,-0.00319955071272131,0.196287275181366));
#1535=CARTESIAN_POINT('',(-0.0630378514417407,0.00603399595549498,0.196287287124384));
#1536=VECTOR('',#1799,1.0);
#1537=AXIS2_PLACEMENT_3D('',#1800,#1801,#1802);
#1538=AXIS2_PLACEMENT_3D('',#1803,#1804,#1805);
#1539=AXIS2_PLACEMENT_3D('',#1806,#1807,#1808);
#1540=AXIS2_PLACEMENT_3D('',#1809,#1810,#1811);
#1541=AXIS2_PLACEMENT_3D('',#1812,#1813,#1814);
#1542=CARTESIAN_POINT('',(0.0801220540121336,-0.00320100623419037,0.196287275152604));
#1543=AXIS2_PLACEMENT_3D('',#1815,#1816,#1817);
#1544=CARTESIAN_POINT('',(0.0801221485507557,0.00603253019541117,0.196287287095609));
#1545=VECTOR('',#1818,1.0);
#1546=CARTESIAN_POINT('',(0.078122033535009,-0.00520098575685442,0.19628727256613));
#1547=AXIS2_PLACEMENT_3D('',#1819,#1820,#1821);
#1548=CARTESIAN_POINT('',(-0.061037966457697,-0.00519956095122952,0.196287272594101));
#1549=CARTESIAN_POINT('',(0.0811220335348518,-0.00520101647269858,0.196287272565527));
#1550=VECTOR('',#1822,1.0);
#1551=AXIS2_PLACEMENT_3D('',#1823,#1824,#1825);
#1552=AXIS2_PLACEMENT_3D('',#1826,#1827,#1828);
#1553=AXIS2_PLACEMENT_3D('',#1829,#1830,#1831);
#1554=DIRECTION('',(-0.999999999947585,1.02386147233199E-05,2.009998278929E-10));
#1555=CARTESIAN_POINT('',(0.0781220335351968,-0.00520098705029225,0.197287272566129));
#1556=DIRECTION('',(0.999999999947585,-1.02386147242742E-05,-2.009998278929E-10));
#1557=DIRECTION('',(-1.02386147245256E-05,-0.999999999946749,-1.2934378290641E-06));
#1558=DIRECTION('',(-0.999999999947585,1.02386147233199E-05,2.009998278929E-10));
#1559=CARTESIAN_POINT('',(-0.0610379664575093,-0.00519956224466735,0.1972872725941));
#1560=DIRECTION('',(0.999999999947585,-1.02386147233199E-05,-2.009998278929E-10));
#1561=DIRECTION('',(-1.02386147235713E-05,-0.999999999946749,-1.2934378290641E-06));
#1562=DIRECTION('',(-1.02386147235713E-05,-0.999999999946749,-1.29343783129459E-06));
#1563=CARTESIAN_POINT('',(0.0801221891619439,0.00999898349799579,0.197287292225971));
#1564=DIRECTION('',(1.02386147236611E-05,0.999999999946749,1.29343783405143E-06));
#1565=DIRECTION('',(0.999999999947585,-1.02386147234097E-05,-2.01005878608388E-10));
#1566=DIRECTION('',(-1.02386147235713E-05,-0.999999999946749,-1.29343783129459E-06));
#1567=CARTESIAN_POINT('',(0.0801220540123214,-0.00320100752762821,0.197287275152603));
#1568=DIRECTION('',(1.02386147235713E-05,0.999999999946749,1.29343783129459E-06));
#1569=DIRECTION('',(0.999999999947585,-1.02386147233199E-05,-2.01005878613321E-10));
#1570=DIRECTION('',(1.87756810099415E-10,-1.29343783538077E-06,0.999999999999164));
#1571=CARTESIAN_POINT('',(0.0801222096380649,0.0119989911331785,0.191384197630289));
#1572=DIRECTION('',(-1.87756810099562E-10,1.29343783538077E-06,-0.999999999999164));
#1573=DIRECTION('',(0.707099541355587,-0.707114020942791,-9.14740791370711E-07));
#1574=DIRECTION('',(1.87756810099415E-10,-1.29343783538077E-06,0.999999999999164));
#1575=CARTESIAN_POINT('',(0.0801222096387978,0.011998986084765,0.195287294812848));
#1576=DIRECTION('',(1.87735105239284E-10,-1.29343780329846E-06,0.999999999999164));
#1577=DIRECTION('',(-1.02386147199373E-05,-0.999999999946749,-1.29343780130852E-06));
#1578=DIRECTION('',(8.86679306616456E-06,0.866024731420372,-0.500001164488296));
#1579=CARTESIAN_POINT('',(0.0801222096380649,0.0119989911331785,0.191384197630289));
#1580=DIRECTION('',(8.86679306616455E-06,0.866024731420372,-0.500001164488296));
#1581=DIRECTION('',(0.999999999947585,-1.02386147263911E-05,-2.01005211301024E-10));
#1582=CARTESIAN_POINT('',(0.0801222096380649,0.0119989911331785,0.191384197630289));
#1583=DIRECTION('',(8.86679306616455E-06,0.866024731420372,-0.500001164488296));
#1584=DIRECTION('',(0.999999999947585,-1.02386147263911E-05,-2.01005211301024E-10));
#1585=DIRECTION('',(8.86679306613681E-06,0.866024731420372,-0.500001164488296));
#1586=CARTESIAN_POINT('',(0.0801222182139752,0.0128366051688264,0.19090059943959));
#1587=DIRECTION('',(8.86679306614952E-06,0.866024731420372,-0.500001164488296));
#1588=DIRECTION('',(0.707103161120996,-0.353561453786223,-0.612371960436847));
#1589=CARTESIAN_POINT('',(0.0801222182139752,0.0128366051688264,0.19090059943959));
#1590=DIRECTION('',(0.707110401177974,0.3535469741984,0.612371960152553));
#1591=DIRECTION('',(0.0,0.866029164872624,-0.499993485547588));
#1592=CARTESIAN_POINT('',(0.0801222182139752,0.0128366051688264,0.19090059943959));
#1593=DIRECTION('',(-0.999999999947585,1.02386147233199E-05,2.00999883403596E-10));
#1594=DIRECTION('',(8.86679306616879E-06,0.866024731420377,-0.500001164488289));
#1595=CARTESIAN_POINT('',(0.0801222182139752,0.0128366051688264,0.19090059943959));
#1596=DIRECTION('',(-0.999999999947585,1.02386147233199E-05,2.00999883403596E-10));
#1597=DIRECTION('',(8.86679306616879E-06,0.866024731420377,-0.500001164488289));
#1598=DIRECTION('',(-0.999999999947585,1.02386147233199E-05,2.00999883404052E-10));
#1599=DIRECTION('',(-0.999999999947585,1.02386147233199E-05,2.00999883404052E-10));
#1600=CARTESIAN_POINT('',(-0.0630377817785212,0.0128380709289102,0.190900599468365));
#1601=DIRECTION('',(0.999999999947585,-1.02386147233199E-05,-2.00999883404398E-10));
#1602=DIRECTION('',(-5.11949335527695E-06,-0.500001164462083,-0.866024731465766));
#1603=DIRECTION('',(1.02386147235713E-05,0.999999999946749,1.29343783129459E-06));
#1604=CARTESIAN_POINT('',(-0.063037945980175,-0.00319954176754442,0.197287275181378));
#1605=DIRECTION('',(1.02386147235713E-05,0.999999999946749,1.29343783129459E-06));
#1606=DIRECTION('',(-1.87752591235349E-10,1.29343783328471E-06,-0.999999999999164));
#1607=DIRECTION('',(1.02386147235713E-05,0.999999999946749,1.29343783129459E-06));
#1608=CARTESIAN_POINT('',(-0.0630378108305525,0.0100004492580796,0.197287292254746));
#1609=DIRECTION('',(1.02386147235713E-05,0.999999999946749,1.29343783339061E-06));
#1610=DIRECTION('',(-0.707106781282248,8.1543925652569E-06,-0.707106781043828));
#1611=DIRECTION('',(8.86679306616456E-06,0.866024731420372,-0.500001164488296));
#1612=CARTESIAN_POINT('',(-0.0630377903544314,0.0120004568932623,0.191384197659064));
#1613=DIRECTION('',(8.8667930661368E-06,0.866024731420372,-0.500001164488296));
#1614=DIRECTION('',(-5.11949335701977E-06,-0.500001164462087,-0.866024731465764));
#1615=DIRECTION('',(8.86679306613681E-06,0.866024731420372,-0.500001164488296));
#1616=CARTESIAN_POINT('',(-0.0630377817785212,0.0128380709289102,0.190900599468365));
#1617=DIRECTION('',(8.86679306612283E-06,0.866024731420372,-0.500001164488296));
#1618=DIRECTION('',(-0.707110401177958,-0.353546974198408,-0.612371960152567));
#1619=DIRECTION('',(-1.87756810099415E-10,1.29343783538077E-06,-0.999999999999164));
#1620=CARTESIAN_POINT('',(-0.0630377903536985,0.0120004518448487,0.195287294841623));
#1621=DIRECTION('',(-1.87756810099415E-10,1.29343783538077E-06,-0.999999999999164));
#1622=DIRECTION('',(-1.0238614747693E-05,-0.999999999946749,-1.29343783339061E-06));
#1623=DIRECTION('',(-1.87756810099415E-10,1.29343783538077E-06,-0.999999999999164));
#1624=CARTESIAN_POINT('',(-0.0630377903544314,0.0120004568932623,0.191384197659064));
#1625=DIRECTION('',(-1.87756810099463E-10,1.29343783538077E-06,-0.999999999999164));
#1626=DIRECTION('',(-0.707114020943383,-0.707099541354995,-9.14456534696758E-07));
#1627=DIRECTION('',(-0.999999999947585,1.02386147233199E-05,2.009998278929E-10));
#1628=CARTESIAN_POINT('',(0.0801221891615684,0.00999898608487146,0.195287292225972));
#1629=DIRECTION('',(-0.999999999947585,1.02386147234097E-05,2.00995498023104E-10));
#1630=DIRECTION('',(1.87752486361262E-10,-1.29343783600299E-06,0.999999999999164));
#1631=CARTESIAN_POINT('',(0.0801221891615684,0.00999898608487146,0.195287292225972));
#1632=DIRECTION('',(-0.999999999947585,1.02386147234097E-05,2.00995498023104E-10));
#1633=DIRECTION('',(1.87752486361262E-10,-1.29343783600299E-06,0.999999999999164));
#1634=DIRECTION('',(-0.999999999947585,1.02386147233199E-05,2.009998278929E-10));
#1635=CARTESIAN_POINT('',(-0.063037810830928,0.0100004518449552,0.195287292254747));
#1636=DIRECTION('',(0.999999999947585,-1.02386147233255E-05,-2.00995664556558E-10));
#1637=DIRECTION('',(1.02386147235769E-05,0.999999999946749,1.29343782906412E-06));
#1638=CARTESIAN_POINT('',(0.0801222096380649,0.0119989911331785,0.191384197630289));
#1639=DIRECTION('',(-0.707114020943382,-0.707099541354996,-9.14456534696759E-07));
#1640=DIRECTION('',(7.31138761235977E-23,-1.29325007472589E-06,0.999999999999164));
#1641=CARTESIAN_POINT('',(0.0801222096380649,0.0119989911331785,0.191384197630289));
#1642=DIRECTION('',(8.86679306616455E-06,0.866024731420372,-0.500001164488296));
#1643=DIRECTION('',(0.999999999947585,-1.02386147263911E-05,-2.01005211301024E-10));
#1644=CARTESIAN_POINT('',(-0.0630377817785212,0.0128380709289102,0.190900599468365));
#1645=DIRECTION('',(0.707103161121015,-0.353561453786214,-0.612371960436831));
#1646=DIRECTION('',(0.0,-0.866020298058908,0.500008843271757));
#1647=CARTESIAN_POINT('',(-0.0630377817785212,0.0128380709289102,0.190900599468365));
#1648=DIRECTION('',(5.11949335518791E-06,0.500001164462081,0.866024731465767));
#1649=DIRECTION('',(8.86679306369373E-06,0.866024731420376,-0.50000116448829));
#1650=CARTESIAN_POINT('',(-0.0630377817785212,0.0128380709289102,0.190900599468365));
#1651=DIRECTION('',(5.11949335518791E-06,0.500001164462081,0.866024731465767));
#1652=DIRECTION('',(8.86679306369373E-06,0.866024731420376,-0.50000116448829));
#1653=CARTESIAN_POINT('',(-0.0630377903544314,0.0120004568932623,0.191384197659064));
#1654=DIRECTION('',(-0.707099541355588,0.70711402094279,9.1474079137071E-07));
#1655=DIRECTION('',(-1.4622475793862E-22,1.29362558834617E-06,-0.999999999999163));
#1656=CARTESIAN_POINT('',(-0.0630377903544314,0.0120004568932623,0.191384197659064));
#1657=DIRECTION('',(8.8667930661368E-06,0.866024731420372,-0.500001164488296));
#1658=DIRECTION('',(-5.11949335701977E-06,-0.500001164462087,-0.866024731465764));
#1659=CARTESIAN_POINT('',(-0.0630377903544314,0.0120004568932623,0.191384197659064));
#1660=DIRECTION('',(0.999999999947585,-1.02386147233199E-05,-2.009998278929E-10));
#1661=DIRECTION('',(-1.02386147235713E-05,-0.999999999946749,-1.2934378290641E-06));
#1662=CARTESIAN_POINT('',(-0.0630377903544314,0.0120004568932623,0.191384197659064));
#1663=DIRECTION('',(0.999999999947585,-1.02386147233199E-05,-2.009998278929E-10));
#1664=DIRECTION('',(-1.02386147235713E-05,-0.999999999946749,-1.2934378290641E-06));
#1665=CARTESIAN_POINT('',(-0.0630377903544314,0.0120004568932623,0.191384197659064));
#1666=DIRECTION('',(-1.87756810099463E-10,1.29343783538077E-06,-0.999999999999164));
#1667=DIRECTION('',(-0.707114020943383,-0.707099541354995,-9.14456534696758E-07));
#1668=DIRECTION('',(-0.999999999947585,1.02386147233199E-05,2.009998278929E-10));
#1669=CARTESIAN_POINT('',(0.0801222096380649,0.0119989911331785,0.191384197630289));
#1670=DIRECTION('',(-0.999999999947585,1.02386147233199E-05,2.00999827892823E-10));
#1671=DIRECTION('',(-5.11949335522891E-06,-0.500001164462086,-0.866024731465764));
#1672=DIRECTION('',(-0.999999999947585,1.02386147233199E-05,2.009998278929E-10));
#1673=DIRECTION('',(-1.87756810099415E-10,1.2934378299315E-06,-0.999999999999164));
#1674=CARTESIAN_POINT('',(-0.0610379459800924,-0.00319956353544788,0.198285138394409));
#1675=DIRECTION('',(-1.8775653254369E-10,1.29343783589083E-06,-0.999999999999164));
#1676=DIRECTION('',(-0.707114020943384,-0.707099541354994,-9.14456535253685E-07));
#1677=DIRECTION('',(-1.87756810099415E-10,1.2934378299315E-06,-0.999999999999164));
#1678=CARTESIAN_POINT('',(-0.0610379459802798,-0.00319956224477386,0.197287275180976));
#1679=DIRECTION('',(-1.87756810099405E-10,1.29343783328476E-06,-0.999999999999164));
#1680=DIRECTION('',(-0.707114020943384,-0.707099541354994,-9.14456533214664E-07));
#1681=DIRECTION('',(1.87756810099415E-10,-1.2934378299315E-06,0.999999999999164));
#1682=CARTESIAN_POINT('',(0.0781220540124262,-0.00320098705039876,0.197287275153005));
#1683=DIRECTION('',(-1.87756810099405E-10,1.29343783328476E-06,-0.999999999999164));
#1684=DIRECTION('',(0.707099541355584,-0.707114020942794,-9.14740789888591E-07));
#1685=DIRECTION('',(1.87756810099415E-10,-1.2934378299315E-06,0.999999999999164));
#1686=CARTESIAN_POINT('',(0.0781220540126136,-0.00320098834107278,0.198285138366438));
#1687=DIRECTION('',(-1.877565325436E-10,1.29343783589084E-06,-0.999999999999164));
#1688=DIRECTION('',(0.707099541355581,-0.707114020942797,-9.14740791535131E-07));
#1689=DIRECTION('',(5.11949335518791E-06,0.500001164462081,0.866024731465767));
#1690=CARTESIAN_POINT('',(0.0801222182139752,0.0128366051688264,0.19090059943959));
#1691=DIRECTION('',(5.11949335518791E-06,0.500001164462081,0.866024731465767));
#1692=DIRECTION('',(0.999999999947585,-1.02386147168414E-05,-2.01003520944643E-10));
#1693=DIRECTION('',(5.11949335518791E-06,0.500001164462081,0.866024731465767));
#1694=CARTESIAN_POINT('',(0.0801222618677312,0.0171000991052299,0.198285164624257));
#1695=DIRECTION('',(-1.87756532543659E-10,1.29343783589084E-06,-0.999999999999164));
#1696=DIRECTION('',(1.02386147227571E-05,0.999999999946749,1.29343783390067E-06));
#1697=DIRECTION('',(5.11949335518791E-06,0.500001164462081,0.866024731465767));
#1698=DIRECTION('',(5.11949335518791E-06,0.500001164462081,0.866024731465767));
#1699=CARTESIAN_POINT('',(-0.0630377381247651,0.0171015648653137,0.198285164653032));
#1700=DIRECTION('',(-1.87756532543659E-10,1.29343783589084E-06,-0.999999999999164));
#1701=DIRECTION('',(1.02386147240383E-05,0.999999999946749,1.29343783390067E-06));
#1702=DIRECTION('',(1.87756810099415E-10,-1.29343783328475E-06,0.999999999999164));
#1703=CARTESIAN_POINT('',(0.0550736739110848,0.00189878602625225,0.196287281753571));
#1704=DIRECTION('',(-1.87756810099415E-10,1.29343783328475E-06,-0.999999999999163));
#1705=DIRECTION('',(-1.0,-1.35556441551548E-21,1.87756810099572E-10));
#1706=DIRECTION('',(-1.87756810099415E-10,1.29343783328475E-06,-0.999999999999164));
#1707=CARTESIAN_POINT('',(0.0550736739114599,0.00189878344214039,0.198285144967003));
#1708=DIRECTION('',(1.87756532543659E-10,-1.29343783589083E-06,0.999999999999163));
#1709=DIRECTION('',(-1.0,-9.96563298853796E-22,1.87756532543816E-10));
#1710=DIRECTION('',(1.87756810099415E-10,-1.29343783328476E-06,0.999999999999164));
#1711=CARTESIAN_POINT('',(-0.0378851663951618,0.0019006582474671,0.196287281773446));
#1712=DIRECTION('',(-1.87756810099415E-10,1.29343783328476E-06,-0.999999999999163));
#1713=DIRECTION('',(-1.0,-3.51538509326788E-21,1.87756810099572E-10));
#1714=DIRECTION('',(-1.87756810099415E-10,1.29343783328476E-06,-0.999999999999164));
#1715=CARTESIAN_POINT('',(-0.0378851663947867,0.00190065566335524,0.198285144986878));
#1716=DIRECTION('',(1.87756532543659E-10,-1.29343783589084E-06,0.999999999999163));
#1717=DIRECTION('',(-1.0,-3.15638397655937E-21,1.87756532543816E-10));
#1718=CARTESIAN_POINT('',(-0.0378851663947867,0.00190065566335524,0.198285144986878));
#1719=DIRECTION('',(1.87756532543659E-10,-1.29343783589084E-06,0.999999999999163));
#1720=DIRECTION('',(-1.0,-3.15638397655937E-21,1.87756532543816E-10));
#1721=CARTESIAN_POINT('',(-0.0378851663951618,0.0019006582474671,0.196287281773446));
#1722=DIRECTION('',(-1.87756810099415E-10,1.29343783328476E-06,-0.999999999999163));
#1723=DIRECTION('',(-1.0,-3.51538509326788E-21,1.87756810099572E-10));
#1724=CARTESIAN_POINT('',(0.0550736739114599,0.00189878344214039,0.198285144967003));
#1725=DIRECTION('',(1.87756532543659E-10,-1.29343783589083E-06,0.999999999999163));
#1726=DIRECTION('',(-1.0,-9.96563298853796E-22,1.87756532543816E-10));
#1727=CARTESIAN_POINT('',(0.0550736739110848,0.00189878602625225,0.196287281753571));
#1728=DIRECTION('',(-1.87756810099415E-10,1.29343783328475E-06,-0.999999999999163));
#1729=DIRECTION('',(-1.0,-1.35556441551548E-21,1.87756810099572E-10));
#1730=DIRECTION('',(1.02386147235713E-05,0.999999999946749,1.29343783390067E-06));
#1731=CARTESIAN_POINT('',(-0.0640378108308756,0.01000046208357,0.195287292254948));
#1732=DIRECTION('',(-0.999999999947585,1.02386147233199E-05,2.009998278929E-10));
#1733=DIRECTION('',(1.8775681629334E-10,-1.29343782993134E-06,0.999999999999164));
#1734=CARTESIAN_POINT('',(-0.0630377381247651,0.0171015648653137,0.198285164653032));
#1735=DIRECTION('',(-1.87756532543659E-10,1.29343783589084E-06,-0.999999999999164));
#1736=DIRECTION('',(1.02386147240383E-05,0.999999999946749,1.29343783390067E-06));
#1737=DIRECTION('',(-5.11949335518791E-06,-0.500001164462081,-0.866024731465767));
#1738=DIRECTION('',(0.999999999947585,-1.02386147231394E-05,-2.00999605848295E-10));
#1739=DIRECTION('',(0.999999999947585,-1.02386147233199E-05,-2.00999883404052E-10));
#1740=CARTESIAN_POINT('',(0.0801222618677312,0.0171000991052299,0.198285164624257));
#1741=DIRECTION('',(-1.87756532543659E-10,1.29343783589084E-06,-0.999999999999164));
#1742=DIRECTION('',(1.02386147227571E-05,0.999999999946749,1.29343783390067E-06));
#1743=DIRECTION('',(-5.11949335518791E-06,-0.500001164462081,-0.866024731465767));
#1744=CARTESIAN_POINT('',(0.0801222182139752,0.0128366051688264,0.19090059943959));
#1745=DIRECTION('',(5.11949335518791E-06,0.500001164462081,0.866024731465767));
#1746=DIRECTION('',(0.999999999947585,-1.02386147168414E-05,-2.01003520944643E-10));
#1747=DIRECTION('',(1.02386147235713E-05,0.999999999946749,1.29343783390067E-06));
#1748=CARTESIAN_POINT('',(0.081122189161516,0.00999897584625674,0.195287292225771));
#1749=DIRECTION('',(0.999999999947585,-1.02386147234097E-05,-2.00995498022372E-10));
#1750=DIRECTION('',(-4.01122966324788E-06,-0.391756584429356,-0.920068898800603));
#1751=DIRECTION('',(-8.86679306613681E-06,-0.866024731420372,0.500001164488296));
#1752=CARTESIAN_POINT('',(0.0781220540126136,-0.00320098834107278,0.198285138366438));
#1753=DIRECTION('',(-1.877565325436E-10,1.29343783589084E-06,-0.999999999999164));
#1754=DIRECTION('',(0.707099541355581,-0.707114020942797,-9.14740791535131E-07));
#1755=DIRECTION('',(-1.87756810099415E-10,1.2934378299315E-06,-0.999999999999164));
#1756=CARTESIAN_POINT('',(0.0781220540124262,-0.00320098705039876,0.197287275153005));
#1757=DIRECTION('',(-1.87756810099405E-10,1.29343783328476E-06,-0.999999999999164));
#1758=DIRECTION('',(0.707099541355584,-0.707114020942794,-9.14740789888591E-07));
#1759=DIRECTION('',(-0.999999999947585,1.02386147233199E-05,2.00999716870598E-10));
#1760=DIRECTION('',(1.87756810099415E-10,-1.2934378299315E-06,0.999999999999164));
#1761=CARTESIAN_POINT('',(-0.0610379459802798,-0.00319956224477386,0.197287275180976));
#1762=DIRECTION('',(-1.87756810099405E-10,1.29343783328476E-06,-0.999999999999164));
#1763=DIRECTION('',(-0.707114020943384,-0.707099541354994,-9.14456533214664E-07));
#1764=CARTESIAN_POINT('',(-0.0610379459800924,-0.00319956353544788,0.198285138394409));
#1765=DIRECTION('',(-1.8775653254369E-10,1.29343783589083E-06,-0.999999999999164));
#1766=DIRECTION('',(-0.707114020943384,-0.707099541354994,-9.14456535253685E-07));
#1767=DIRECTION('',(0.999999999947585,-1.02386147233199E-05,-2.009998278929E-10));
#1768=CARTESIAN_POINT('',(0.0801222096380649,0.0119989911331785,0.191384197630289));
#1769=DIRECTION('',(-0.999999999947585,1.02386147233199E-05,2.00999827892823E-10));
#1770=DIRECTION('',(-5.11949335522891E-06,-0.500001164462086,-0.866024731465764));
#1771=CARTESIAN_POINT('',(-0.0630377903544314,0.0120004568932623,0.191384197659064));
#1772=DIRECTION('',(8.8667930661368E-06,0.866024731420372,-0.500001164488296));
#1773=DIRECTION('',(-5.11949335701977E-06,-0.500001164462087,-0.866024731465764));
#1774=CARTESIAN_POINT('',(-0.0630377817785212,0.0128380709289102,0.190900599468365));
#1775=DIRECTION('',(0.999999999947585,-1.02386147233199E-05,-2.00999883404398E-10));
#1776=DIRECTION('',(-5.11949335527695E-06,-0.500001164462083,-0.866024731465766));
#1777=CARTESIAN_POINT('',(-0.0630377817785212,0.0128380709289102,0.190900599468365));
#1778=DIRECTION('',(8.86679306612283E-06,0.866024731420372,-0.500001164488296));
#1779=DIRECTION('',(-0.707110401177958,-0.353546974198408,-0.612371960152567));
#1780=DIRECTION('',(-8.86679306613681E-06,-0.866024731420372,0.500001164488296));
#1781=DIRECTION('',(-1.87756810099415E-10,1.29343783538077E-06,-0.999999999999164));
#1782=DIRECTION('',(0.999999999947585,-1.02386147233199E-05,-2.009998278929E-10));
#1783=DIRECTION('',(1.87756810099415E-10,-1.29343783538077E-06,0.999999999999164));
#1784=CARTESIAN_POINT('',(0.0801222096380649,0.0119989911331785,0.191384197630289));
#1785=DIRECTION('',(-1.87756810099562E-10,1.29343783538077E-06,-0.999999999999164));
#1786=DIRECTION('',(0.707099541355587,-0.707114020942791,-9.14740791370711E-07));
#1787=CARTESIAN_POINT('',(-0.063037810830928,0.0100004518449552,0.195287292254747));
#1788=DIRECTION('',(0.999999999947585,-1.02386147233255E-05,-2.00995664556558E-10));
#1789=DIRECTION('',(1.02386147235769E-05,0.999999999946749,1.29343782906412E-06));
#1790=CARTESIAN_POINT('',(0.0801221891615684,0.00999898608487146,0.195287292225972));
#1791=DIRECTION('',(-0.999999999947585,1.02386147234097E-05,2.00995498023104E-10));
#1792=DIRECTION('',(1.87752486361262E-10,-1.29343783600299E-06,0.999999999999164));
#1793=CARTESIAN_POINT('',(-0.0630377903536985,0.0120004518448487,0.195287294841623));
#1794=DIRECTION('',(-1.87756810099415E-10,1.29343783538077E-06,-0.999999999999164));
#1795=DIRECTION('',(-1.0238614747693E-05,-0.999999999946749,-1.29343783339061E-06));
#1796=CARTESIAN_POINT('',(-0.0630378108305525,0.0100004492580796,0.197287292254746));
#1797=DIRECTION('',(1.02386147235713E-05,0.999999999946749,1.29343783339061E-06));
#1798=DIRECTION('',(-0.707106781282248,8.1543925652569E-06,-0.707106781043828));
#1799=DIRECTION('',(-1.02386147235713E-05,-0.999999999946749,-1.29343783129459E-06));
#1800=CARTESIAN_POINT('',(-0.063037945980175,-0.00319954176754442,0.197287275181378));
#1801=DIRECTION('',(1.02386147235713E-05,0.999999999946749,1.29343783129459E-06));
#1802=DIRECTION('',(-1.87752591235349E-10,1.29343783328471E-06,-0.999999999999164));
#1803=CARTESIAN_POINT('',(0.0801222182139752,0.0128366051688264,0.19090059943959));
#1804=DIRECTION('',(8.86679306614952E-06,0.866024731420372,-0.500001164488296));
#1805=DIRECTION('',(0.707103161120996,-0.353561453786223,-0.612371960436847));
#1806=CARTESIAN_POINT('',(0.0801222096387978,0.011998986084765,0.195287294812848));
#1807=DIRECTION('',(1.87735105239284E-10,-1.29343780329846E-06,0.999999999999164));
#1808=DIRECTION('',(-1.02386147199373E-05,-0.999999999946749,-1.29343780130852E-06));
#1809=CARTESIAN_POINT('',(0.0801221971840277,0.0107824992537302,0.197127430023573));
#1810=DIRECTION('',(9.42015223925896E-06,0.920068898752377,-0.391756584449897));
#1811=DIRECTION('',(0.999999999947585,-1.02386147233836E-05,-2.00978187210829E-10));
#1812=CARTESIAN_POINT('',(0.0801221891619439,0.00999898349799579,0.197287292225971));
#1813=DIRECTION('',(1.02386147236611E-05,0.999999999946749,1.29343783405143E-06));
#1814=DIRECTION('',(0.999999999947585,-1.02386147234097E-05,-2.01005878608388E-10));
#1815=CARTESIAN_POINT('',(0.0801220540123214,-0.00320100752762821,0.197287275152603));
#1816=DIRECTION('',(1.02386147235713E-05,0.999999999946749,1.29343783129459E-06));
#1817=DIRECTION('',(0.999999999947585,-1.02386147233199E-05,-2.01005878613321E-10));
#1818=DIRECTION('',(1.02386147235713E-05,0.999999999946749,1.29343783129459E-06));
#1819=CARTESIAN_POINT('',(0.0781220540122385,-0.00320098575696093,0.196287275153006));
#1820=DIRECTION('',(1.87756810099461E-10,-1.29343783328476E-06,0.999999999999164));
#1821=DIRECTION('',(0.707099541355584,-0.707114020942794,-9.14740789888591E-07));
#1822=DIRECTION('',(0.999999999947585,-1.02386147233199E-05,-2.009998278929E-10));
#1823=CARTESIAN_POINT('',(-0.0610379459804676,-0.00319956095133603,0.196287275180977));
#1824=DIRECTION('',(1.87756810099461E-10,-1.29343783328476E-06,0.999999999999164));
#1825=DIRECTION('',(-0.707114020943384,-0.707099541354994,-9.14456533214664E-07));
#1826=CARTESIAN_POINT('',(-0.0610379664575093,-0.00519956224466735,0.1972872725941));
#1827=DIRECTION('',(0.999999999947585,-1.02386147233199E-05,-2.009998278929E-10));
#1828=DIRECTION('',(-1.02386147235713E-05,-0.999999999946749,-1.2934378290641E-06));
#1829=CARTESIAN_POINT('',(0.0781220335351968,-0.00520098705029225,0.197287272566129));
#1830=DIRECTION('',(0.999999999947585,-1.02386147242742E-05,-2.009998278929E-10));
#1831=DIRECTION('',(-1.02386147245256E-05,-0.999999999946749,-1.2934378290641E-06));
#1832=PRESENTATION_LAYER_ASSIGNMENT('9','Layer0',(#25));
ENDSEC;
END-ISO-10303-21;
