ISO-10303-21;
HEADER;
FILE_DESCRIPTION(('STEP AP214'),'1');
FILE_NAME('Spirit_level_cover.stp','2026-09-05T13:24:30',(' '),(' '),'Spatial InterOp 3D',' ',' ');
FILE_SCHEMA(('AUTOMOTIVE_DESIGN { 1 0 10303 214 1 1 1 1 }'));
ENDSEC;
DATA;
#1=MECHANICAL_DESIGN_GEOMETRIC_PRESENTATION_REPRESENTATION(' ',(#10),#6);
#2=PRODUCT_DEFINITION_CONTEXT('',#11,'design');
#3=APPLICATION_PROTOCOL_DEFINITION('INTERNATIONAL STANDARD','automotive_design',1994,#11);
#4=PRODUCT_CATEGORY_RELATIONSHIP('NONE','NONE',#12,#13);
#5=SHAPE_DEFINITION_REPRESENTATION(#14,#15);
#6= (GEOMETRIC_REPRESENTATION_CONTEXT(3)GLOBAL_UNCERTAINTY_ASSIGNED_CONTEXT((#18))GLOBAL_UNIT_ASSIGNED_CONTEXT((#20,#21,#22))REPRESENTATION_CONTEXT('NONE','WORKSPACE'));
#10=STYLED_ITEM('',(#24),#25);
#11=APPLICATION_CONTEXT(' ');
#12=PRODUCT_CATEGORY('part','NONE');
#13=PRODUCT_RELATED_PRODUCT_CATEGORY('detail',' ',(#26));
#14=PRODUCT_DEFINITION_SHAPE('NONE','NONE',#27);
#15=ADVANCED_BREP_SHAPE_REPRESENTATION('Spirit_level_cover',(#25,#28),#6);
#18=UNCERTAINTY_MEASURE_WITH_UNIT(LENGTH_MEASURE(1.0E-08),#20,'','');
#20= (CONVERSION_BASED_UNIT('METRE',#31)LENGTH_UNIT()NAMED_UNIT(#34));
#21= (NAMED_UNIT(#36)PLANE_ANGLE_UNIT()SI_UNIT($,.RADIAN.));
#22= (NAMED_UNIT(#36)SOLID_ANGLE_UNIT()SI_UNIT($,.STERADIAN.));
#24=PRESENTATION_STYLE_ASSIGNMENT((#42));
#25=MANIFOLD_SOLID_BREP('Spirit_level_cover',#43);
#26=PRODUCT('Spirit_level_cover','','PART--DESC',(#44));
#27=PRODUCT_DEFINITION('','NONE',#45,#2);
#28=AXIS2_PLACEMENT_3D('',#46,#47,#48);
#31=LENGTH_MEASURE_WITH_UNIT(LENGTH_MEASURE(1.0),#49);
#34=DIMENSIONAL_EXPONENTS(1.0,0.0,0.0,0.0,0.0,0.0,0.0);
#36=DIMENSIONAL_EXPONENTS(0.0,0.0,0.0,0.0,0.0,0.0,0.0);
#42=SURFACE_STYLE_USAGE(.BOTH.,#50);
#43=CLOSED_SHELL('',(#51,#52,#53,#54,#55,#56,#57,#58,#59,#60,#61,#62,#63,#64,#65,#66,#67,#68,#69,#70,#71,#72,#73,#74,#75,#76,#77,#78,#79,#80,#81,#82,#83,#84,#85,#86,#87,#88,#89,#90,#91,#92,#93,#94,#95,#96,#97,#98,#99,#100,#101,#102,#103,#104,#105,#106,#107,#108,#109,#110,#111,#112,#113,#114,#115,#116,#117,#118,#119,#120,#121,#122,#123,#124,#125,#126,#127,#128,#129,#130,#131,#132));
#44=PRODUCT_CONTEXT('',#11,'mechanical');
#45=PRODUCT_DEFINITION_FORMATION_WITH_SPECIFIED_SOURCE(' ','NONE',#26,.NOT_KNOWN.);
#46=CARTESIAN_POINT('',(0.0,0.0,0.0));
#47=DIRECTION('',(0.0,0.0,1.0));
#48=DIRECTION('',(1.0,0.0,0.0));
#49= (NAMED_UNIT(#34)LENGTH_UNIT()SI_UNIT($,.METRE.));
#50=SURFACE_SIDE_STYLE('',(#134));
#51=ADVANCED_FACE('0:16597',(#135),#136,.F.);
#52=ADVANCED_FACE('0:16591',(#137),#138,.F.);
#53=ADVANCED_FACE('0:16588',(#139),#140,.F.);
#54=ADVANCED_FACE('0:16585',(#141),#142,.F.);
#55=ADVANCED_FACE('0:16579',(#143),#144,.T.);
#56=ADVANCED_FACE('0:16576',(#145),#146,.T.);
#57=ADVANCED_FACE('0:16573',(#147),#148,.T.);
#58=ADVANCED_FACE('0:16567',(#149),#150,.T.);
#59=ADVANCED_FACE('0:16564',(#151),#152,.T.);
#60=ADVANCED_FACE('0:16561',(#153),#154,.T.);
#61=ADVANCED_FACE('0:16555',(#155),#156,.F.);
#62=ADVANCED_FACE('0:16549',(#157),#158,.T.);
#63=ADVANCED_FACE('0:16534',(#159),#160,.T.);
#64=ADVANCED_FACE('0:16531',(#161),#162,.T.);
#65=ADVANCED_FACE('0:16531',(#163),#164,.T.);
#66=ADVANCED_FACE('0:16528',(#165),#166,.T.);
#67=ADVANCED_FACE('0:16519',(#167),#168,.T.);
#68=ADVANCED_FACE('0:16516',(#169),#170,.T.);
#69=ADVANCED_FACE('0:16510',(#171),#172,.T.);
#70=ADVANCED_FACE('0:16510',(#173),#174,.T.);
#71=ADVANCED_FACE('0:16501',(#175),#176,.T.);
#72=ADVANCED_FACE('0:16498',(#177),#178,.T.);
#73=ADVANCED_FACE('0:16495',(#179),#180,.T.);
#74=ADVANCED_FACE('0:16489',(#181),#182,.F.);
#75=ADVANCED_FACE('0:16486',(#183),#184,.T.);
#76=ADVANCED_FACE('0:16480',(#185),#186,.F.);
#77=ADVANCED_FACE('0:16477',(#187),#188,.T.);
#78=ADVANCED_FACE('0:16471',(#189),#190,.T.);
#79=ADVANCED_FACE('0:16468',(#191),#192,.T.);
#80=ADVANCED_FACE('0:16465',(#193),#194,.F.);
#81=ADVANCED_FACE('0:16462',(#195),#196,.F.);
#82=ADVANCED_FACE('0:16459',(#197),#198,.F.);
#83=ADVANCED_FACE('0:16453',(#199),#200,.F.);
#84=ADVANCED_FACE('0:16453',(#201),#202,.F.);
#85=ADVANCED_FACE('0:16456',(#203,#204,#205),#206,.T.);
#86=ADVANCED_FACE('0:16459',(#207),#208,.F.);
#87=ADVANCED_FACE('0:16462',(#209),#210,.F.);
#88=ADVANCED_FACE('0:16465',(#211),#212,.F.);
#89=ADVANCED_FACE('0:16468',(#213),#214,.T.);
#90=ADVANCED_FACE('0:16471',(#215),#216,.T.);
#91=ADVANCED_FACE('0:16474',(#217),#218,.T.);
#92=ADVANCED_FACE('0:16477',(#219),#220,.T.);
#93=ADVANCED_FACE('0:16480',(#221),#222,.F.);
#94=ADVANCED_FACE('0:16483',(#223),#224,.T.);
#95=ADVANCED_FACE('0:16486',(#225),#226,.T.);
#96=ADVANCED_FACE('0:16489',(#227),#228,.F.);
#97=ADVANCED_FACE('0:16492',(#229),#230,.T.);
#98=ADVANCED_FACE('0:16495',(#231),#232,.T.);
#99=ADVANCED_FACE('0:16498',(#233),#234,.T.);
#100=ADVANCED_FACE('0:16501',(#235),#236,.T.);
#101=ADVANCED_FACE('0:16504',(#237),#238,.T.);
#102=ADVANCED_FACE('0:16507',(#239),#240,.F.);
#103=ADVANCED_FACE('0:16510',(#241),#242,.T.);
#104=ADVANCED_FACE('0:16513',(#243),#244,.F.);
#105=ADVANCED_FACE('0:16516',(#245),#246,.T.);
#106=ADVANCED_FACE('0:16519',(#247),#248,.T.);
#107=ADVANCED_FACE('0:16522',(#249),#250,.T.);
#108=ADVANCED_FACE('0:16525',(#251),#252,.T.);
#109=ADVANCED_FACE('0:16528',(#253),#254,.T.);
#110=ADVANCED_FACE('0:16531',(#255),#256,.T.);
#111=ADVANCED_FACE('0:16534',(#257),#258,.T.);
#112=ADVANCED_FACE('0:16537',(#259),#260,.T.);
#113=ADVANCED_FACE('0:16540',(#261,#262,#263),#264,.F.);
#114=ADVANCED_FACE('0:16543',(#265),#266,.T.);
#115=ADVANCED_FACE('0:16546',(#267),#268,.T.);
#116=ADVANCED_FACE('0:16549',(#269),#270,.T.);
#117=ADVANCED_FACE('0:16552',(#271),#272,.F.);
#118=ADVANCED_FACE('0:16555',(#273),#274,.F.);
#119=ADVANCED_FACE('0:16558',(#275),#276,.T.);
#120=ADVANCED_FACE('0:16561',(#277),#278,.T.);
#121=ADVANCED_FACE('0:16564',(#279),#280,.T.);
#122=ADVANCED_FACE('0:16567',(#281),#282,.T.);
#123=ADVANCED_FACE('0:16570',(#283),#284,.T.);
#124=ADVANCED_FACE('0:16573',(#285),#286,.T.);
#125=ADVANCED_FACE('0:16576',(#287),#288,.T.);
#126=ADVANCED_FACE('0:16579',(#289),#290,.T.);
#127=ADVANCED_FACE('0:16582',(#291),#292,.F.);
#128=ADVANCED_FACE('0:16585',(#293),#294,.F.);
#129=ADVANCED_FACE('0:16588',(#295),#296,.F.);
#130=ADVANCED_FACE('0:16591',(#297),#298,.F.);
#131=ADVANCED_FACE('0:16594',(#299),#300,.F.);
#132=ADVANCED_FACE('0:16597',(#301),#302,.F.);
#134=SURFACE_STYLE_FILL_AREA(#303);
#135=FACE_OUTER_BOUND('',#304,.T.);
#136=CYLINDRICAL_SURFACE('',#305,0.0006);
#137=FACE_OUTER_BOUND('',#306,.T.);
#138=CYLINDRICAL_SURFACE('',#307,0.0006);
#139=FACE_OUTER_BOUND('',#308,.T.);
#140=TOROIDAL_SURFACE('',#309,0.0056,0.0006);
#141=FACE_OUTER_BOUND('',#310,.T.);
#142=TOROIDAL_SURFACE('',#311,0.0312319660112501,0.0006);
#143=FACE_OUTER_BOUND('',#312,.T.);
#144=CYLINDRICAL_SURFACE('',#313,0.0008);
#145=FACE_OUTER_BOUND('',#314,.T.);
#146=CYLINDRICAL_SURFACE('',#315,0.0008);
#147=FACE_OUTER_BOUND('',#316,.T.);
#148=TOROIDAL_SURFACE('',#317,0.0042,0.0008);
#149=FACE_OUTER_BOUND('',#318,.T.);
#150=TOROIDAL_SURFACE('',#319,0.0298319660112501,0.0008);
#151=FACE_OUTER_BOUND('',#320,.T.);
#152=TOROIDAL_SURFACE('',#321,0.0208,0.0008);
#153=FACE_OUTER_BOUND('',#322,.T.);
#154=TOROIDAL_SURFACE('',#323,0.0042,0.0008);
#155=FACE_OUTER_BOUND('',#324,.T.);
#156=TOROIDAL_SURFACE('',#325,0.0056,0.0006);
#157=FACE_OUTER_BOUND('',#326,.T.);
#158=TOROIDAL_SURFACE('',#327,0.0215,0.0015);
#159=FACE_OUTER_BOUND('',#328,.T.);
#160=CYLINDRICAL_SURFACE('',#329,0.001);
#161=FACE_OUTER_BOUND('',#330,.T.);
#162=TOROIDAL_SURFACE('',#331,0.0345,0.001);
#163=FACE_OUTER_BOUND('',#332,.T.);
#164=TOROIDAL_SURFACE('',#333,0.0345,0.001);
#165=FACE_OUTER_BOUND('',#334,.T.);
#166=TOROIDAL_SURFACE('',#335,0.00499999999878708,0.001);
#167=FACE_OUTER_BOUND('',#336,.T.);
#168=CYLINDRICAL_SURFACE('',#337,0.001);
#169=FACE_OUTER_BOUND('',#338,.T.);
#170=TOROIDAL_SURFACE('',#339,0.006,0.001);
#171=FACE_OUTER_BOUND('',#340,.T.);
#172=CYLINDRICAL_SURFACE('',#341,0.0355);
#173=FACE_OUTER_BOUND('',#342,.T.);
#174=CYLINDRICAL_SURFACE('',#343,0.0355);
#175=FACE_OUTER_BOUND('',#344,.T.);
#176=CYLINDRICAL_SURFACE('',#345,0.007);
#177=FACE_OUTER_BOUND('',#346,.T.);
#178=CYLINDRICAL_SURFACE('',#347,0.042);
#179=FACE_OUTER_BOUND('',#348,.T.);
#180=CYLINDRICAL_SURFACE('',#349,0.007);
#181=FACE_OUTER_BOUND('',#350,.T.);
#182=CONICAL_SURFACE('',#351,0.00474999999880306,0.785398163397448);
#183=FACE_OUTER_BOUND('',#352,.T.);
#184=CONICAL_SURFACE('',#353,0.03475,0.785398163397446);
#185=FACE_OUTER_BOUND('',#354,.T.);
#186=CONICAL_SURFACE('',#355,0.00474999999878708,0.785398163397449);
#187=FACE_OUTER_BOUND('',#356,.T.);
#188=CONICAL_SURFACE('',#357,0.00625,0.785398163397445);
#189=FACE_OUTER_BOUND('',#358,.T.);
#190=CONICAL_SURFACE('',#359,0.04125,0.785398163397449);
#191=FACE_OUTER_BOUND('',#360,.T.);
#192=CONICAL_SURFACE('',#361,0.00625,0.785398163397446);
#193=FACE_OUTER_BOUND('',#362,.T.);
#194=CYLINDRICAL_SURFACE('',#363,0.02);
#195=FACE_OUTER_BOUND('',#364,.T.);
#196=CONICAL_SURFACE('',#365,0.0215,0.785398163397448);
#197=FACE_OUTER_BOUND('',#366,.T.);
#198=CYLINDRICAL_SURFACE('',#367,0.00225);
#199=FACE_OUTER_BOUND('',#368,.T.);
#200=CONICAL_SURFACE('',#369,0.00485000000000001,0.785398163397448);
#201=FACE_OUTER_BOUND('',#370,.T.);
#202=CONICAL_SURFACE('',#371,0.00485000000000001,0.785398163397448);
#203=FACE_BOUND('',#372,.T.);
#204=FACE_OUTER_BOUND('',#373,.T.);
#205=FACE_BOUND('',#374,.T.);
#206=PLANE('',#375);
#207=FACE_OUTER_BOUND('',#376,.T.);
#208=CYLINDRICAL_SURFACE('',#377,0.00225);
#209=FACE_OUTER_BOUND('',#378,.T.);
#210=CONICAL_SURFACE('',#379,0.0215,0.785398163397448);
#211=FACE_OUTER_BOUND('',#380,.T.);
#212=CYLINDRICAL_SURFACE('',#381,0.02);
#213=FACE_OUTER_BOUND('',#382,.T.);
#214=CONICAL_SURFACE('',#383,0.00625,0.785398163397446);
#215=FACE_OUTER_BOUND('',#384,.T.);
#216=CONICAL_SURFACE('',#385,0.04125,0.785398163397449);
#217=FACE_OUTER_BOUND('',#386,.T.);
#218=PLANE('',#387);
#219=FACE_OUTER_BOUND('',#388,.T.);
#220=CONICAL_SURFACE('',#389,0.00625,0.785398163397445);
#221=FACE_OUTER_BOUND('',#390,.T.);
#222=CONICAL_SURFACE('',#391,0.00474999999878708,0.785398163397449);
#223=FACE_OUTER_BOUND('',#392,.T.);
#224=PLANE('',#393);
#225=FACE_OUTER_BOUND('',#394,.T.);
#226=CONICAL_SURFACE('',#395,0.03475,0.785398163397446);
#227=FACE_OUTER_BOUND('',#396,.T.);
#228=CONICAL_SURFACE('',#397,0.00474999999880306,0.785398163397448);
#229=FACE_OUTER_BOUND('',#398,.T.);
#230=PLANE('',#399);
#231=FACE_OUTER_BOUND('',#400,.T.);
#232=CYLINDRICAL_SURFACE('',#401,0.007);
#233=FACE_OUTER_BOUND('',#402,.T.);
#234=CYLINDRICAL_SURFACE('',#403,0.042);
#235=FACE_OUTER_BOUND('',#404,.T.);
#236=CYLINDRICAL_SURFACE('',#405,0.007);
#237=FACE_OUTER_BOUND('',#406,.T.);
#238=PLANE('',#407);
#239=FACE_OUTER_BOUND('',#408,.T.);
#240=CYLINDRICAL_SURFACE('',#409,0.00399999999878708);
#241=FACE_OUTER_BOUND('',#410,.T.);
#242=CYLINDRICAL_SURFACE('',#411,0.0355);
#243=FACE_OUTER_BOUND('',#412,.T.);
#244=CYLINDRICAL_SURFACE('',#413,0.00399999999880306);
#245=FACE_OUTER_BOUND('',#414,.T.);
#246=TOROIDAL_SURFACE('',#415,0.006,0.001);
#247=FACE_OUTER_BOUND('',#416,.T.);
#248=CYLINDRICAL_SURFACE('',#417,0.001);
#249=FACE_OUTER_BOUND('',#418,.T.);
#250=TOROIDAL_SURFACE('',#419,0.041,0.001);
#251=FACE_OUTER_BOUND('',#420,.T.);
#252=TOROIDAL_SURFACE('',#421,0.006,0.001);
#253=FACE_OUTER_BOUND('',#422,.T.);
#254=TOROIDAL_SURFACE('',#423,0.00499999999878708,0.001);
#255=FACE_OUTER_BOUND('',#424,.T.);
#256=TOROIDAL_SURFACE('',#425,0.0345,0.001);
#257=FACE_OUTER_BOUND('',#426,.T.);
#258=CYLINDRICAL_SURFACE('',#427,0.001);
#259=FACE_OUTER_BOUND('',#428,.T.);
#260=TOROIDAL_SURFACE('',#429,0.00499999999880306,0.001);
#261=FACE_BOUND('',#430,.T.);
#262=FACE_BOUND('',#431,.T.);
#263=FACE_OUTER_BOUND('',#432,.T.);
#264=PLANE('',#433);
#265=FACE_OUTER_BOUND('',#434,.T.);
#266=B_SPLINE_SURFACE_WITH_KNOTS('',3,3,((#435,#436,#437,#438,#439,#440,#441,#442,#443,#444,#445,#446),(#447,#448,#449,#450,#451,#452,#453,#454,#455,#456,#457,#458),(#459,#460,#461,#462,#463,#464,#465,#466,#467,#468,#469,#470),(#471,#472,#473,#474,#475,#476,#477,#478,#479,#480,#481,#482),(#483,#484,#485,#486,#487,#488,#489,#490,#491,#492,#493,#494),(#495,#496,#497,#498,#499,#500,#501,#502,#503,#504,#505,#506),(#507,#508,#509,#510,#511,#512,#513,#514,#515,#516,#517,#518),(#519,#520,#521,#522,#523,#524,#525,#526,#527,#528,#529,#530),(#531,#532,#533,#534,#535,#536,#537,#538,#539,#540,#541,#542),(#543,#544,#545,#546,#547,#548,#549,#550,#551,#552,#553,#554),(#555,#556,#557,#558,#559,#560,#561,#562,#563,#564,#565,#566),(#567,#568,#569,#570,#571,#572,#573,#574,#575,#576,#577,#578),(#579,#580,#581,#582,#583,#584,#585,#586,#587,#588,#589,#590),(#591,#592,#593,#594,#595,#596,#597,#598,#599,#600,#601,#602),(#603,#604,#605,#606,#607,#608,#609,#610,#611,#612,#613,#614),(#615,#616,#617,#618,#619,#620,#621,#622,#623,#624,#625,#626),(#627,#628,#629,#630,#631,#632,#633,#634,#635,#636,#637,#638),(#639,#640,#641,#642,#643,#644,#645,#646,#647,#648,#649,#650),(#651,#652,#653,#654,#655,#656,#657,#658,#659,#660,#661,#662),(#663,#664,#665,#666,#667,#668,#669,#670,#671,#672,#673,#674)),.UNSPECIFIED.,.F.,.F.,.F.,(4,2,2,2,2,2,2,2,2,4),(4,2,2,2,2,4),(-8.21061639975427E-06,0.0,0.000777019975740395,0.00153845570145205,0.00201435303002184,0.00231178886037796,0.00260922469073407,0.00308512201930386,0.00384655774501552,0.00463178833715567),(0.0,0.2,0.4,0.6,0.8,1.0),.UNSPECIFIED.);
#267=FACE_OUTER_BOUND('',#675,.T.);
#268=B_SPLINE_SURFACE_WITH_KNOTS('',3,3,((#676,#677,#678,#679,#680,#681,#682,#683,#684,#685,#686,#687),(#688,#689,#690,#691,#692,#693,#694,#695,#696,#697,#698,#699),(#700,#701,#702,#703,#704,#705,#706,#707,#708,#709,#710,#711),(#712,#713,#714,#715,#716,#717,#718,#719,#720,#721,#722,#723),(#724,#725,#726,#727,#728,#729,#730,#731,#732,#733,#734,#735),(#736,#737,#738,#739,#740,#741,#742,#743,#744,#745,#746,#747),(#748,#749,#750,#751,#752,#753,#754,#755,#756,#757,#758,#759),(#760,#761,#762,#763,#764,#765,#766,#767,#768,#769,#770,#771),(#772,#773,#774,#775,#776,#777,#778,#779,#780,#781,#782,#783),(#784,#785,#786,#787,#788,#789,#790,#791,#792,#793,#794,#795),(#796,#797,#798,#799,#800,#801,#802,#803,#804,#805,#806,#807),(#808,#809,#810,#811,#812,#813,#814,#815,#816,#817,#818,#819),(#820,#821,#822,#823,#824,#825,#826,#827,#828,#829,#830,#831),(#832,#833,#834,#835,#836,#837,#838,#839,#840,#841,#842,#843),(#844,#845,#846,#847,#848,#849,#850,#851,#852,#853,#854,#855),(#856,#857,#858,#859,#860,#861,#862,#863,#864,#865,#866,#867),(#868,#869,#870,#871,#872,#873,#874,#875,#876,#877,#878,#879),(#880,#881,#882,#883,#884,#885,#886,#887,#888,#889,#890,#891),(#892,#893,#894,#895,#896,#897,#898,#899,#900,#901,#902,#903),(#904,#905,#906,#907,#908,#909,#910,#911,#912,#913,#914,#915)),.UNSPECIFIED.,.F.,.F.,.F.,(4,2,2,2,2,2,2,2,2,4),(4,2,2,2,2,4),(-0.00979182126038287,-0.00978361064398351,-0.0090065906682428,-0.00824515494253122,-0.00776925761396148,-0.00747182178360539,-0.00717438595324931,-0.00669848862467957,-0.00593705289896799,-0.00515182230682792),(0.0,0.2,0.4,0.6,0.8,1.0),.UNSPECIFIED.);
#269=FACE_OUTER_BOUND('',#916,.T.);
#270=TOROIDAL_SURFACE('',#917,0.0215,0.0015);
#271=FACE_OUTER_BOUND('',#918,.T.);
#272=TOROIDAL_SURFACE('',#919,0.0056,0.0006);
#273=FACE_OUTER_BOUND('',#920,.T.);
#274=TOROIDAL_SURFACE('',#921,0.0056,0.0006);
#275=FACE_OUTER_BOUND('',#922,.T.);
#276=TOROIDAL_SURFACE('',#923,0.0042,0.0008);
#277=FACE_OUTER_BOUND('',#924,.T.);
#278=TOROIDAL_SURFACE('',#925,0.0042,0.0008);
#279=FACE_OUTER_BOUND('',#926,.T.);
#280=TOROIDAL_SURFACE('',#927,0.0208,0.0008);
#281=FACE_OUTER_BOUND('',#928,.T.);
#282=TOROIDAL_SURFACE('',#929,0.0298319660112501,0.0008);
#283=FACE_OUTER_BOUND('',#930,.T.);
#284=TOROIDAL_SURFACE('',#931,0.0042,0.0008);
#285=FACE_OUTER_BOUND('',#932,.T.);
#286=TOROIDAL_SURFACE('',#933,0.0042,0.0008);
#287=FACE_OUTER_BOUND('',#934,.T.);
#288=CYLINDRICAL_SURFACE('',#935,0.0008);
#289=FACE_OUTER_BOUND('',#936,.T.);
#290=CYLINDRICAL_SURFACE('',#937,0.0008);
#291=FACE_OUTER_BOUND('',#938,.T.);
#292=PLANE('',#939);
#293=FACE_OUTER_BOUND('',#940,.T.);
#294=TOROIDAL_SURFACE('',#941,0.0312319660112501,0.0006);
#295=FACE_OUTER_BOUND('',#942,.T.);
#296=TOROIDAL_SURFACE('',#943,0.0056,0.0006);
#297=FACE_OUTER_BOUND('',#944,.T.);
#298=CYLINDRICAL_SURFACE('',#945,0.0006);
#299=FACE_OUTER_BOUND('',#946,.T.);
#300=TOROIDAL_SURFACE('',#947,0.0056,0.0006);
#301=FACE_OUTER_BOUND('',#948,.T.);
#302=CYLINDRICAL_SURFACE('',#949,0.0006);
#303=FILL_AREA_STYLE('',(#950));
#304=EDGE_LOOP('',(#951,#952,#953,#954));
#305=AXIS2_PLACEMENT_3D('',#955,#956,#957);
#306=EDGE_LOOP('',(#958,#959,#960,#961));
#307=AXIS2_PLACEMENT_3D('',#962,#963,#964);
#308=EDGE_LOOP('',(#965,#966,#967,#968,#969));
#309=AXIS2_PLACEMENT_3D('',#970,#971,#972);
#310=EDGE_LOOP('',(#973,#974,#975,#976));
#311=AXIS2_PLACEMENT_3D('',#977,#978,#979);
#312=EDGE_LOOP('',(#980,#981,#982,#983));
#313=AXIS2_PLACEMENT_3D('',#984,#985,#986);
#314=EDGE_LOOP('',(#987,#988,#989,#990));
#315=AXIS2_PLACEMENT_3D('',#991,#992,#993);
#316=EDGE_LOOP('',(#994,#995,#996,#997));
#317=AXIS2_PLACEMENT_3D('',#998,#999,#1000);
#318=EDGE_LOOP('',(#1001,#1002,#1003,#1004));
#319=AXIS2_PLACEMENT_3D('',#1005,#1006,#1007);
#320=EDGE_LOOP('',(#1008,#1009,#1010,#1011,#1012));
#321=AXIS2_PLACEMENT_3D('',#1013,#1014,#1015);
#322=EDGE_LOOP('',(#1016,#1017,#1018,#1019));
#323=AXIS2_PLACEMENT_3D('',#1020,#1021,#1022);
#324=EDGE_LOOP('',(#1023,#1024,#1025,#1026,#1027,#1028));
#325=AXIS2_PLACEMENT_3D('',#1029,#1030,#1031);
#326=EDGE_LOOP('',(#1032,#1033,#1034,#1035));
#327=AXIS2_PLACEMENT_3D('',#1036,#1037,#1038);
#328=EDGE_LOOP('',(#1039,#1040,#1041,#1042));
#329=AXIS2_PLACEMENT_3D('',#1043,#1044,#1045);
#330=EDGE_LOOP('',(#1046,#1047,#1048,#1049));
#331=AXIS2_PLACEMENT_3D('',#1050,#1051,#1052);
#332=EDGE_LOOP('',(#1053,#1054,#1055,#1056,#1057));
#333=AXIS2_PLACEMENT_3D('',#1058,#1059,#1060);
#334=EDGE_LOOP('',(#1061,#1062,#1063,#1064));
#335=AXIS2_PLACEMENT_3D('',#1065,#1066,#1067);
#336=EDGE_LOOP('',(#1068,#1069,#1070,#1071));
#337=AXIS2_PLACEMENT_3D('',#1072,#1073,#1074);
#338=EDGE_LOOP('',(#1075,#1076,#1077,#1078,#1079,#1080));
#339=AXIS2_PLACEMENT_3D('',#1081,#1082,#1083);
#340=EDGE_LOOP('',(#1084,#1085,#1086,#1087,#1088));
#341=AXIS2_PLACEMENT_3D('',#1089,#1090,#1091);
#342=EDGE_LOOP('',(#1092,#1093,#1094,#1095,#1096,#1097));
#343=AXIS2_PLACEMENT_3D('',#1098,#1099,#1100);
#344=EDGE_LOOP('',(#1101,#1102,#1103,#1104,#1105));
#345=AXIS2_PLACEMENT_3D('',#1106,#1107,#1108);
#346=EDGE_LOOP('',(#1109,#1110,#1111,#1112));
#347=AXIS2_PLACEMENT_3D('',#1113,#1114,#1115);
#348=EDGE_LOOP('',(#1116,#1117,#1118,#1119));
#349=AXIS2_PLACEMENT_3D('',#1120,#1121,#1122);
#350=EDGE_LOOP('',(#1123,#1124,#1125,#1126));
#351=AXIS2_PLACEMENT_3D('',#1127,#1128,#1129);
#352=EDGE_LOOP('',(#1130,#1131,#1132,#1133,#1134));
#353=AXIS2_PLACEMENT_3D('',#1135,#1136,#1137);
#354=EDGE_LOOP('',(#1138,#1139,#1140,#1141));
#355=AXIS2_PLACEMENT_3D('',#1142,#1143,#1144);
#356=EDGE_LOOP('',(#1145,#1146,#1147,#1148));
#357=AXIS2_PLACEMENT_3D('',#1149,#1150,#1151);
#358=EDGE_LOOP('',(#1152,#1153,#1154,#1155));
#359=AXIS2_PLACEMENT_3D('',#1156,#1157,#1158);
#360=EDGE_LOOP('',(#1159,#1160,#1161,#1162));
#361=AXIS2_PLACEMENT_3D('',#1163,#1164,#1165);
#362=EDGE_LOOP('',(#1166,#1167,#1168,#1169,#1170,#1171,#1172));
#363=AXIS2_PLACEMENT_3D('',#1173,#1174,#1175);
#364=EDGE_LOOP('',(#1176,#1177,#1178,#1179));
#365=AXIS2_PLACEMENT_3D('',#1180,#1181,#1182);
#366=EDGE_LOOP('',(#1183,#1184,#1185,#1186));
#367=AXIS2_PLACEMENT_3D('',#1187,#1188,#1189);
#368=EDGE_LOOP('',(#1190,#1191,#1192,#1193));
#369=AXIS2_PLACEMENT_3D('',#1194,#1195,#1196);
#370=EDGE_LOOP('',(#1197,#1198,#1199,#1200));
#371=AXIS2_PLACEMENT_3D('',#1201,#1202,#1203);
#372=EDGE_LOOP('',(#1204,#1205));
#373=EDGE_LOOP('',(#1206,#1207,#1208,#1209,#1210,#1211,#1212,#1213,#1214,#1215,#1216,#1217,#1218,#1219));
#374=EDGE_LOOP('',(#1220,#1221));
#375=AXIS2_PLACEMENT_3D('',#1222,#1223,#1224);
#376=EDGE_LOOP('',(#1225,#1226,#1227,#1228));
#377=AXIS2_PLACEMENT_3D('',#1229,#1230,#1231);
#378=EDGE_LOOP('',(#1232,#1233,#1234,#1235));
#379=AXIS2_PLACEMENT_3D('',#1236,#1237,#1238);
#380=EDGE_LOOP('',(#1239,#1240,#1241,#1242,#1243,#1244,#1245));
#381=AXIS2_PLACEMENT_3D('',#1246,#1247,#1248);
#382=EDGE_LOOP('',(#1249,#1250,#1251,#1252));
#383=AXIS2_PLACEMENT_3D('',#1253,#1254,#1255);
#384=EDGE_LOOP('',(#1256,#1257,#1258,#1259));
#385=AXIS2_PLACEMENT_3D('',#1260,#1261,#1262);
#386=EDGE_LOOP('',(#1263,#1264,#1265,#1266));
#387=AXIS2_PLACEMENT_3D('',#1267,#1268,#1269);
#388=EDGE_LOOP('',(#1270,#1271,#1272,#1273));
#389=AXIS2_PLACEMENT_3D('',#1274,#1275,#1276);
#390=EDGE_LOOP('',(#1277,#1278,#1279,#1280));
#391=AXIS2_PLACEMENT_3D('',#1281,#1282,#1283);
#392=EDGE_LOOP('',(#1284,#1285,#1286,#1287));
#393=AXIS2_PLACEMENT_3D('',#1288,#1289,#1290);
#394=EDGE_LOOP('',(#1291,#1292,#1293,#1294,#1295));
#395=AXIS2_PLACEMENT_3D('',#1296,#1297,#1298);
#396=EDGE_LOOP('',(#1299,#1300,#1301,#1302));
#397=AXIS2_PLACEMENT_3D('',#1303,#1304,#1305);
#398=EDGE_LOOP('',(#1306,#1307,#1308,#1309));
#399=AXIS2_PLACEMENT_3D('',#1310,#1311,#1312);
#400=EDGE_LOOP('',(#1313,#1314,#1315,#1316));
#401=AXIS2_PLACEMENT_3D('',#1317,#1318,#1319);
#402=EDGE_LOOP('',(#1320,#1321,#1322,#1323));
#403=AXIS2_PLACEMENT_3D('',#1324,#1325,#1326);
#404=EDGE_LOOP('',(#1327,#1328,#1329,#1330));
#405=AXIS2_PLACEMENT_3D('',#1331,#1332,#1333);
#406=EDGE_LOOP('',(#1334,#1335,#1336,#1337));
#407=AXIS2_PLACEMENT_3D('',#1338,#1339,#1340);
#408=EDGE_LOOP('',(#1341,#1342,#1343,#1344,#1345,#1346));
#409=AXIS2_PLACEMENT_3D('',#1347,#1348,#1349);
#410=EDGE_LOOP('',(#1350,#1351,#1352,#1353));
#411=AXIS2_PLACEMENT_3D('',#1354,#1355,#1356);
#412=EDGE_LOOP('',(#1357,#1358,#1359,#1360,#1361));
#413=AXIS2_PLACEMENT_3D('',#1362,#1363,#1364);
#414=EDGE_LOOP('',(#1365,#1366,#1367,#1368));
#415=AXIS2_PLACEMENT_3D('',#1369,#1370,#1371);
#416=EDGE_LOOP('',(#1372,#1373,#1374,#1375));
#417=AXIS2_PLACEMENT_3D('',#1376,#1377,#1378);
#418=EDGE_LOOP('',(#1379,#1380,#1381,#1382,#1383));
#419=AXIS2_PLACEMENT_3D('',#1384,#1385,#1386);
#420=EDGE_LOOP('',(#1387,#1388,#1389,#1390,#1391,#1392));
#421=AXIS2_PLACEMENT_3D('',#1393,#1394,#1395);
#422=EDGE_LOOP('',(#1396,#1397,#1398,#1399,#1400));
#423=AXIS2_PLACEMENT_3D('',#1401,#1402,#1403);
#424=EDGE_LOOP('',(#1404,#1405,#1406,#1407,#1408));
#425=AXIS2_PLACEMENT_3D('',#1409,#1410,#1411);
#426=EDGE_LOOP('',(#1412,#1413,#1414,#1415));
#427=AXIS2_PLACEMENT_3D('',#1416,#1417,#1418);
#428=EDGE_LOOP('',(#1419,#1420,#1421,#1422,#1423));
#429=AXIS2_PLACEMENT_3D('',#1424,#1425,#1426);
#430=EDGE_LOOP('',(#1427,#1428,#1429,#1430,#1431,#1432,#1433,#1434,#1435,#1436,#1437));
#431=EDGE_LOOP('',(#1438,#1439));
#432=EDGE_LOOP('',(#1440,#1441,#1442,#1443,#1444,#1445,#1446,#1447,#1448,#1449,#1450,#1451));
#433=AXIS2_PLACEMENT_3D('',#1452,#1453,#1454);
#434=EDGE_LOOP('',(#1455,#1456,#1457));
#435=CARTESIAN_POINT('',(-0.0735939264324945,0.0489999999999977,-0.0633415241820428));
#436=CARTESIAN_POINT('',(-0.0735939264324945,0.0489999999999977,-0.0633415241820428));
#437=CARTESIAN_POINT('',(-0.0735939264324945,0.0489999999999977,-0.0633415241820428));
#438=CARTESIAN_POINT('',(-0.0735939264324945,0.0489999999999977,-0.0633415241820428));
#439=CARTESIAN_POINT('',(-0.0735939264324945,0.0489999999999977,-0.0633415241820428));
#440=CARTESIAN_POINT('',(-0.0735939264324945,0.0489999999999977,-0.0633415241820428));
#441=CARTESIAN_POINT('',(-0.0735939264324945,0.0489999999999977,-0.0633415241820428));
#442=CARTESIAN_POINT('',(-0.0735939264324945,0.0489999999999977,-0.0633415241820428));
#443=CARTESIAN_POINT('',(-0.0735939264324945,0.0489999999999977,-0.0633415241820428));
#444=CARTESIAN_POINT('',(-0.0735939264324945,0.0489999999999977,-0.0633415241820428));
#445=CARTESIAN_POINT('',(-0.0735939264324945,0.0489999999999977,-0.0633415241820428));
#446=CARTESIAN_POINT('',(-0.0735939264324945,0.0489999999999977,-0.0633415241820428));
#447=CARTESIAN_POINT('',(-0.0735921682250811,0.0490017545013324,-0.0633423766620205));
#448=CARTESIAN_POINT('',(-0.0735921054319591,0.0490016709536498,-0.063342407107734));
#449=CARTESIAN_POINT('',(-0.0735920426388372,0.0490015874059672,-0.0633424375534475));
#450=CARTESIAN_POINT('',(-0.0735919170525934,0.049001420310602,-0.0633424984448745));
#451=CARTESIAN_POINT('',(-0.0735918542594715,0.0490013367629194,-0.063342528890588));
#452=CARTESIAN_POINT('',(-0.0735917286732277,0.0490011696675542,-0.063342589782015));
#453=CARTESIAN_POINT('',(-0.0735916658801058,0.0490010861198716,-0.0633426202277285));
#454=CARTESIAN_POINT('',(-0.073591540293862,0.0490009190245064,-0.0633426811191555));
#455=CARTESIAN_POINT('',(-0.0735914775007401,0.0490008354768238,-0.063342711564869));
#456=CARTESIAN_POINT('',(-0.0735913519144962,0.0490006683814586,-0.063342772456296));
#457=CARTESIAN_POINT('',(-0.0735912891213743,0.049000584833776,-0.0633428029020094));
#458=CARTESIAN_POINT('',(-0.0735912263282524,0.0490005012860934,-0.0633428333477229));
#459=CARTESIAN_POINT('',(-0.0735904101410979,0.0490035090041615,-0.0633432294003871));
#460=CARTESIAN_POINT('',(-0.0735902845637242,0.0490033419087252,-0.0633432903102445));
#461=CARTESIAN_POINT('',(-0.0735901589708405,0.049003174813289,-0.0633433511881132));
#462=CARTESIAN_POINT('',(-0.0735899077540532,0.0490028406224164,-0.0633434728798731));
#463=CARTESIAN_POINT('',(-0.0735897821301496,0.0490026735269802,-0.0633435336937644));
#464=CARTESIAN_POINT('',(-0.0735895308513224,0.0490023393361077,-0.0633436552575695));
#465=CARTESIAN_POINT('',(-0.0735894051963989,0.0490021722406714,-0.0633437160074833));
#466=CARTESIAN_POINT('',(-0.0735891538555317,0.0490018380497989,-0.0633438374433334));
#467=CARTESIAN_POINT('',(-0.0735890281695882,0.0490016709543626,-0.0633438981292696));
#468=CARTESIAN_POINT('',(-0.0735887767666812,0.0490013367634901,-0.0633440194371646));
#469=CARTESIAN_POINT('',(-0.0735886510497176,0.0490011696680538,-0.0633440800591233));
#470=CARTESIAN_POINT('',(-0.073588525317244,0.0490010025726176,-0.0633441406490931));
#471=CARTESIAN_POINT('',(-0.0734222858401039,0.0491713021385401,-0.0634248065912176));
#472=CARTESIAN_POINT('',(-0.0734161567361034,0.0491631448512397,-0.0634277827035337));
#473=CARTESIAN_POINT('',(-0.0734100246472927,0.0491549875639393,-0.063430752666645));
#474=CARTESIAN_POINT('',(-0.0733977545077377,0.0491386729995644,-0.0634366802907338));
#475=CARTESIAN_POINT('',(-0.0733916164569934,0.0491305157224899,-0.0634396379517114));
#476=CARTESIAN_POINT('',(-0.0733793344012628,0.0491142011887928,-0.0634455409678189));
#477=CARTESIAN_POINT('',(-0.0733731903962766,0.0491060439321702,-0.0634484863229488));
#478=CARTESIAN_POINT('',(-0.073360896439759,0.0490897294496027,-0.0634543647236578));
#479=CARTESIAN_POINT('',(-0.0733547464882277,0.0490815722236579,-0.0634572977692368));
#480=CARTESIAN_POINT('',(-0.0733424406463216,0.0490652578126719,-0.0634631515471509));
#481=CARTESIAN_POINT('',(-0.0733362847559469,0.0490571006276307,-0.063466072279486));
#482=CARTESIAN_POINT('',(-0.073330125900004,0.0490489434681543,-0.0634689868533579));
#483=CARTESIAN_POINT('',(-0.0732552722502825,0.0493390784506802,-0.0635086828649908));
#484=CARTESIAN_POINT('',(-0.0732432232974046,0.0493229283949528,-0.0635147427252513));
#485=CARTESIAN_POINT('',(-0.0732310272030588,0.04930677833515,-0.0635204996534984));
#486=CARTESIAN_POINT('',(-0.0732063425013472,0.0492744787708127,-0.0635314061906758));
#487=CARTESIAN_POINT('',(-0.0731938538879712,0.0492583292581595,-0.0635365558017411));
#488=CARTESIAN_POINT('',(-0.0731685849011331,0.0492260315794735,-0.0635462440696572));
#489=CARTESIAN_POINT('',(-0.073155804521272,0.049209883405418,-0.0635507827277514));
#490=CARTESIAN_POINT('',(-0.0731299519348873,0.0491775896818879,-0.0635592432184601));
#491=CARTESIAN_POINT('',(-0.0731168797216263,0.0491614441245502,-0.0635631650514143));
#492=CARTESIAN_POINT('',(-0.0730904427796019,0.0491291576375588,-0.0635703837604191));
#493=CARTESIAN_POINT('',(-0.0730770780438152,0.0491130167002643,-0.0635736806358994));
#494=CARTESIAN_POINT('',(-0.0730635664980361,0.0490968795573372,-0.0635766598388562));
#495=CARTESIAN_POINT('',(-0.0729215546033387,0.049665132065715,-0.0636823534431983));
#496=CARTESIAN_POINT('',(-0.07289883209857,0.0496326768412312,-0.0636943848343844));
#497=CARTESIAN_POINT('',(-0.0728753567013097,0.0496002216331332,-0.0637049892658072));
#498=CARTESIAN_POINT('',(-0.0728270373428945,0.0495355000724343,-0.0637232819136516));
#499=CARTESIAN_POINT('',(-0.0728021934062396,0.049503233752525,-0.0637309701205428));
#500=CARTESIAN_POINT('',(-0.072751281716118,0.0494390778740562,-0.0637433839175417));
#501=CARTESIAN_POINT('',(-0.0727252139883447,0.0494071883479484,-0.063748109500808));
#502=CARTESIAN_POINT('',(-0.0726720061893136,0.0493439720027453,-0.063754567812562));
#503=CARTESIAN_POINT('',(-0.0726448661448172,0.0493126452157031,-0.0637563005369313));
#504=CARTESIAN_POINT('',(-0.0725896711245964,0.0492507373659105,-0.0637567592212046));
#505=CARTESIAN_POINT('',(-0.0725616161765704,0.0492201563346579,-0.063755485179734));
#506=CARTESIAN_POINT('',(-0.0725331850298173,0.0491900377330614,-0.0637527090065739));
#507=CARTESIAN_POINT('',(-0.0727549008083346,0.0498235150264766,-0.0637719994964527));
#508=CARTESIAN_POINT('',(-0.0727274055507806,0.0497827517753329,-0.0637869208438712));
#509=CARTESIAN_POINT('',(-0.0726987024260502,0.0497419885592858,-0.0637995999413292));
#510=CARTESIAN_POINT('',(-0.0726391516334871,0.0496608361073938,-0.0638203517383318));
#511=CARTESIAN_POINT('',(-0.0726083040235466,0.0496204469420784,-0.0638284244117644));
#512=CARTESIAN_POINT('',(-0.0725447527162978,0.0495404145331669,-0.0638398783055859));
#513=CARTESIAN_POINT('',(-0.0725120490782564,0.0495007713610914,-0.0638432595025115));
#514=CARTESIAN_POINT('',(-0.0724450895653504,0.0494225986430784,-0.0638452830324133));
#515=CARTESIAN_POINT('',(-0.0724108337515501,0.0493840691702545,-0.0638439253447837));
#516=CARTESIAN_POINT('',(-0.0723410873292368,0.0493084851508435,-0.0638364620009422));
#517=CARTESIAN_POINT('',(-0.0723055967840617,0.0492714306794784,-0.0638303563273861));
#518=CARTESIAN_POINT('',(-0.0722696534263064,0.0492352900075647,-0.0638218915558706));
#519=CARTESIAN_POINT('',(-0.0724802866558224,0.0500685066781005,-0.0639249900908135));
#520=CARTESIAN_POINT('',(-0.0724466275177896,0.0500137028744688,-0.0639439898241588));
#521=CARTESIAN_POINT('',(-0.0724107750616557,0.0499588993455084,-0.0639590985163118));
#522=CARTESIAN_POINT('',(-0.0723353134145441,0.0498502521838004,-0.063981267711591));
#523=CARTESIAN_POINT('',(-0.0722957046036959,0.0497964090957728,-0.0639883281012119));
#524=CARTESIAN_POINT('',(-0.0722134259317326,0.0496906268234934,-0.0639942736880587));
#525=CARTESIAN_POINT('',(-0.072170756484312,0.0496386881701712,-0.0639931588515342));
#526=CARTESIAN_POINT('',(-0.0720831053935684,0.0495376261662773,-0.063982768683787));
#527=CARTESIAN_POINT('',(-0.0720381241905356,0.0494885033239058,-0.063973493399158));
#528=CARTESIAN_POINT('',(-0.0719466387750982,0.0493939361105464,-0.0639469385423378));
#529=CARTESIAN_POINT('',(-0.0719001350221644,0.0493484922164675,-0.0639296590963304));
#530=CARTESIAN_POINT('',(-0.0718532777609421,0.0493052876223144,-0.0639085250668693));
#531=CARTESIAN_POINT('',(-0.072373753248508,0.0501597590481847,-0.0639855936896016));
#532=CARTESIAN_POINT('',(-0.0723381056072162,0.0500994265349935,-0.0640060123992846));
#533=CARTESIAN_POINT('',(-0.0722998269441737,0.0500390944417318,-0.0640218288214327));
#534=CARTESIAN_POINT('',(-0.0722188082075068,0.0499196838988096,-0.0640439247923962));
#535=CARTESIAN_POINT('',(-0.072176068706278,0.0498606062810598,-0.0640502041788467));
#536=CARTESIAN_POINT('',(-0.0720870213628432,0.0497449340495577,-0.0640530889203803));
#537=CARTESIAN_POINT('',(-0.0720407141471381,0.0496883402440079,-0.0640496942426073));
#538=CARTESIAN_POINT('',(-0.0719454978387894,0.0495788152109214,-0.0640332923539066));
#539=CARTESIAN_POINT('',(-0.0718965894147721,0.0495258847525254,-0.0640202852404858));
#540=CARTESIAN_POINT('',(-0.0717971910734665,0.0494247924814693,-0.0639849176662343));
#541=CARTESIAN_POINT('',(-0.0717467018541673,0.0493766313842065,-0.0639625574317306));
#542=CARTESIAN_POINT('',(-0.071695948764885,0.0493313597280528,-0.0639357465272203));
#543=CARTESIAN_POINT('',(-0.0721988314482608,0.0503013925917166,-0.0640873060711641));
#544=CARTESIAN_POINT('',(-0.072160752401936,0.0502318696738612,-0.0641096414297731));
#545=CARTESIAN_POINT('',(-0.0721192430319121,0.0501623475916464,-0.0641261244628208));
#546=CARTESIAN_POINT('',(-0.0720304801385795,0.0500251717849088,-0.0641469419926899));
#547=CARTESIAN_POINT('',(-0.0719832276850454,0.0499575197094556,-0.0641512762363864));
#548=CARTESIAN_POINT('',(-0.0718842510081119,0.0498259040100004,-0.0641476771222679));
#549=CARTESIAN_POINT('',(-0.0718325279766511,0.049761941969021,-0.0641397438033814));
#550=CARTESIAN_POINT('',(-0.0717260025373632,0.0496394278447375,-0.0641118196275226));
#551=CARTESIAN_POINT('',(-0.0716712014119328,0.0495808772363207,-0.0640918291005433));
#552=CARTESIAN_POINT('',(-0.0715599949460674,0.049470762864222,-0.0640403241554335));
#553=CARTESIAN_POINT('',(-0.0715035909443797,0.049419200428065,-0.0640088103496485));
#554=CARTESIAN_POINT('',(-0.0714471440733364,0.0493718264547762,-0.0639719561251862));
#555=CARTESIAN_POINT('',(-0.0721311201295027,0.0503542684716607,-0.0641272034608535));
#556=CARTESIAN_POINT('',(-0.0720922981318659,0.0502811616253841,-0.0641501822385316));
#557=CARTESIAN_POINT('',(-0.0720497172740088,0.0502080558182896,-0.0641668052987732));
#558=CARTESIAN_POINT('',(-0.0719582848192377,0.0500639819364352,-0.0641868523477394));
#559=CARTESIAN_POINT('',(-0.0719094345278979,0.0499930159101509,-0.0641902760460264));
#560=CARTESIAN_POINT('',(-0.0718068953318976,0.049855299323167,-0.0641838206919625));
#561=CARTESIAN_POINT('',(-0.0717532078896274,0.0497885507221275,-0.0641739417237149));
#562=CARTESIAN_POINT('',(-0.071642567767496,0.0496612242897406,-0.0641411657459539));
#563=CARTESIAN_POINT('',(-0.0715856166646887,0.0496006482728355,-0.0641182691928113));
#564=CARTESIAN_POINT('',(-0.0714701180863217,0.0494874430539922,-0.0640601230167164));
#565=CARTESIAN_POINT('',(-0.0714115722570383,0.0494348154690058,-0.0640248742094577));
#566=CARTESIAN_POINT('',(-0.071353086152916,0.0493869338490459,-0.0639839619130914));
#567=CARTESIAN_POINT('',(-0.0719947329537839,0.0504562750898388,-0.0642086760787361));
#568=CARTESIAN_POINT('',(-0.0719548621511597,0.0503759138739567,-0.0642327054483562));
#569=CARTESIAN_POINT('',(-0.0719105361140011,0.0502955542267102,-0.0642493369005197));
#570=CARTESIAN_POINT('',(-0.0718144904316162,0.0501375829756522,-0.0642672340353591));
#571=CARTESIAN_POINT('',(-0.0717627726665519,0.0500599744558897,-0.0642684993637032));
#572=CARTESIAN_POINT('',(-0.0716537160733378,0.0499101630094183,-0.0642556175184794));
#573=CARTESIAN_POINT('',(-0.0715963793783549,0.0498379630088911,-0.0642414705893971));
#574=CARTESIAN_POINT('',(-0.0714780495677439,0.0497014419587528,-0.0641982442568156));
#575=CARTESIAN_POINT('',(-0.0714170587658507,0.0496371235781479,-0.0641691656884205));
#576=CARTESIAN_POINT('',(-0.0712935104863866,0.0495185706232254,-0.0640970666190509));
#577=CARTESIAN_POINT('',(-0.0712309554245611,0.0494643383701245,-0.0640540475155849));
#578=CARTESIAN_POINT('',(-0.0711686888210709,0.0494160785970968,-0.0640047911644803));
#579=CARTESIAN_POINT('',(-0.0719260571921011,0.0505054063170704,-0.0642502512090518));
#580=CARTESIAN_POINT('',(-0.0718858805134838,0.0504213745809611,-0.0642746877816941));
#581=CARTESIAN_POINT('',(-0.0718408807674439,0.0503373447394881,-0.0642911876375267));
#582=CARTESIAN_POINT('',(-0.0717428913874651,0.0501723740559535,-0.0643077054314572));
#583=CARTESIAN_POINT('',(-0.0716899039726916,0.0500914369342886,-0.0643077229885327));
#584=CARTESIAN_POINT('',(-0.0715778924693512,0.04993563143121,-0.0642912710193889));
#585=CARTESIAN_POINT('',(-0.0715188709144686,0.0498607665660497,-0.0642748018528393));
#586=CARTESIAN_POINT('',(-0.0713969660419956,0.0497198631931956,-0.0642259771543637));
#587=CARTESIAN_POINT('',(-0.0713340854803128,0.0496538278697083,-0.0641936227099832));
#588=CARTESIAN_POINT('',(-0.0712067794868065,0.0495330180743716,-0.0641142122728577));
#589=CARTESIAN_POINT('',(-0.0711423569327593,0.0494782463387583,-0.0640671580563038));
#590=CARTESIAN_POINT('',(-0.0710783489281033,0.0494301160905916,-0.0640136159561416));
#591=CARTESIAN_POINT('',(-0.0717461152665726,0.050627549981629,-0.0643607043301138));
#592=CARTESIAN_POINT('',(-0.0717057797700009,0.0505338916989415,-0.064385823225851));
#593=CARTESIAN_POINT('',(-0.0716596180294176,0.0504402363672314,-0.0644015712290136));
#594=CARTESIAN_POINT('',(-0.0715576559635389,0.050256998634251,-0.0644136354270235));
#595=CARTESIAN_POINT('',(-0.0715018588734355,0.0501674220083869,-0.064409951221997));
#596=CARTESIAN_POINT('',(-0.0713830631939727,0.049996244619192,-0.0643833015584966));
#597=CARTESIAN_POINT('',(-0.0713200683664455,0.0499146492570155,-0.0643603369138179));
#598=CARTESIAN_POINT('',(-0.0711896268149402,0.0497629928171378,-0.0642961145056582));
#599=CARTESIAN_POINT('',(-0.0711221842178041,0.0496929365345911,-0.0642548587351682));
#600=CARTESIAN_POINT('',(-0.0709857902644567,0.049567418332219,-0.0641558375029773));
#601=CARTESIAN_POINT('',(-0.0709168432228453,0.0495119603956388,-0.064098075128498));
#602=CARTESIAN_POINT('',(-0.070848646473396,0.0494650142804654,-0.0640333089767505));
#603=CARTESIAN_POINT('',(-0.0716340188149547,0.0506972151181657,-0.0644309942859883));
#604=CARTESIAN_POINT('',(-0.0715942120278511,0.0505975478154081,-0.064456163635615));
#605=CARTESIAN_POINT('',(-0.0715479155397227,0.0504978843201187,-0.0644710467949716));
#606=CARTESIAN_POINT('',(-0.0714445729602355,0.0503033323816635,-0.0644795185104215));
#607=CARTESIAN_POINT('',(-0.0713875308664443,0.0502084513748729,-0.0644731067015091));
#608=CARTESIAN_POINT('',(-0.0712654462697181,0.0500280202669728,-0.0644392816327019));
#609=CARTESIAN_POINT('',(-0.0712004084720252,0.0499424770747954,-0.0644118696160853));
#610=CARTESIAN_POINT('',(-0.0710654635350457,0.0497848341037888,-0.0643373433944467));
#611=CARTESIAN_POINT('',(-0.0709955615866759,0.0497127403819156,-0.0642902319842575));
#612=CARTESIAN_POINT('',(-0.0708542519491049,0.0495854697828445,-0.0641785514822266));
#613=CARTESIAN_POINT('',(-0.0707828496918996,0.04953029782545,-0.064113986607385));
#614=CARTESIAN_POINT('',(-0.070712412471436,0.0494849186051902,-0.0640422348907342));
#615=CARTESIAN_POINT('',(-0.0713384504813837,0.0508607914313371,-0.0646206065084456));
#616=CARTESIAN_POINT('',(-0.0713019312588651,0.0507455000965976,-0.0646446220580514));
#617=CARTESIAN_POINT('',(-0.0712570965317648,0.0506302155286478,-0.0646559370718514));
#618=CARTESIAN_POINT('',(-0.0711534876087442,0.0504064943019619,-0.0646524724890363));
#619=CARTESIAN_POINT('',(-0.071094719603922,0.0502980707832604,-0.0646376930042103));
#620=CARTESIAN_POINT('',(-0.0709667682523192,0.050094530694201,-0.0645828874232704));
#621=CARTESIAN_POINT('',(-0.0708975925069887,0.049999426105939,-0.0645428644356402));
#622=CARTESIAN_POINT('',(-0.0707529651519459,0.0498282007273328,-0.0644399186734325));
#623=CARTESIAN_POINT('',(-0.0706775221100255,0.049752090063538,-0.0643770018255211));
#624=CARTESIAN_POINT('',(-0.0705248706432516,0.0496234129132866,-0.0642319776004367));
#625=CARTESIAN_POINT('',(-0.0704476712525818,0.0495708541072777,-0.064149878625853));
#626=CARTESIAN_POINT('',(-0.0703718968978063,0.0495316546946678,-0.0640606120166263));
#627=CARTESIAN_POINT('',(-0.0711518919580218,0.0509445595010068,-0.0647444485832905));
#628=CARTESIAN_POINT('',(-0.0711192985529026,0.0508195863544436,-0.0647664866655042));
#629=CARTESIAN_POINT('',(-0.0710771623234152,0.0506946225519206,-0.0647742998039771));
#630=CARTESIAN_POINT('',(-0.0709766835196555,0.0504530757673586,-0.0647609092200034));
#631=CARTESIAN_POINT('',(-0.0709183487359482,0.0503365108663513,-0.0647397062621837));
#632=CARTESIAN_POINT('',(-0.0707894403625247,0.0501196063106184,-0.0646696559755207));
#633=CARTESIAN_POINT('',(-0.0707188766303266,0.050019282954213,-0.0646208136423591));
#634=CARTESIAN_POINT('',(-0.0705702888226424,0.0498416306047892,-0.0644987167440039));
#635=CARTESIAN_POINT('',(-0.0704922760207275,0.0497643150646735,-0.0644254710925706));
#636=CARTESIAN_POINT('',(-0.0703340598343349,0.0496379218644898,-0.0642594492180821));
#637=CARTESIAN_POINT('',(-0.0702538683992343,0.0495888539297786,-0.0641666852580711));
#638=CARTESIAN_POINT('',(-0.0701752865470113,0.0495555884288591,-0.064067261545751));
#639=CARTESIAN_POINT('',(-0.0707651883707527,0.0510653541993997,-0.0650112569610414));
#640=CARTESIAN_POINT('',(-0.0707452609636037,0.0509222697934615,-0.0650254699773666));
#641=CARTESIAN_POINT('',(-0.0707131807761434,0.050779201706022,-0.0650224643950233));
#642=CARTESIAN_POINT('',(-0.0706274071553788,0.0505048577860818,-0.0649822220724021));
#643=CARTESIAN_POINT('',(-0.0705737237625461,0.0503736132614499,-0.0649449897019458));
#644=CARTESIAN_POINT('',(-0.0704492213301222,0.0501337744277957,-0.0648393184304178));
#645=CARTESIAN_POINT('',(-0.0703784166934428,0.0500252075469019,-0.0647708913562898));
#646=CARTESIAN_POINT('',(-0.0702255546862461,0.0498397242019871,-0.0646084358379664));
#647=CARTESIAN_POINT('',(-0.0701435149015858,0.0497628290500031,-0.0645144257215905));
#648=CARTESIAN_POINT('',(-0.0699749860725817,0.0496470921354444,-0.064308533187075));
#649=CARTESIAN_POINT('',(-0.0698885163599096,0.0496082638280091,-0.0641966741111168));
#650=CARTESIAN_POINT('',(-0.0698034042403661,0.0495901011998285,-0.0640804897045405));
#651=CARTESIAN_POINT('',(-0.0705661053740851,0.0511,-0.0651539128419454));
#652=CARTESIAN_POINT('',(-0.0705550794397165,0.0509486196063026,-0.0651621272266985));
#653=CARTESIAN_POINT('',(-0.0705305240206823,0.0507972599986844,-0.0651516707656669));
#654=CARTESIAN_POINT('',(-0.0704566390321381,0.050508210808422,-0.0650942943837467));
#655=CARTESIAN_POINT('',(-0.0704073200445372,0.0503705609420573,-0.0650473819127456));
#656=CARTESIAN_POINT('',(-0.0702884257297895,0.0501214126753638,-0.064921268348961));
#657=CARTESIAN_POINT('',(-0.0702188670333555,0.0500099485878416,-0.0648420841700013));
#658=CARTESIAN_POINT('',(-0.0700658244236278,0.0498232991442473,-0.0646585351219253));
#659=CARTESIAN_POINT('',(-0.0699823616875015,0.0497481396280488,-0.0645541951434901));
#660=CARTESIAN_POINT('',(-0.0698090819733055,0.0496409587038772,-0.0643297418612119));
#661=CARTESIAN_POINT('',(-0.0697192888187367,0.0496089523436587,-0.0642096592204421));
#662=CARTESIAN_POINT('',(-0.0696303825763593,0.0496,-0.0640871220400587));
#663=CARTESIAN_POINT('',(-0.0703708524244839,0.0511,-0.0652993774165174));
#664=CARTESIAN_POINT('',(-0.0703708524244839,0.0509429203673205,-0.0652993774165174));
#665=CARTESIAN_POINT('',(-0.0703559912902054,0.0507858661166747,-0.0652794297398351));
#666=CARTESIAN_POINT('',(-0.0702979920925395,0.0504870829002005,-0.0652015790710238));
#667=CARTESIAN_POINT('',(-0.070254863401071,0.0503454022138692,-0.0651436886585543));
#668=CARTESIAN_POINT('',(-0.0701445423713109,0.0500912420292534,-0.0649956078868125));
#669=CARTESIAN_POINT('',(-0.0700773678594685,0.0499788035999621,-0.0649054414554745));
#670=CARTESIAN_POINT('',(-0.0699255239886589,0.0497941454169131,-0.0647016257584797));
#671=CARTESIAN_POINT('',(-0.0698408791656941,0.0497219555015254,-0.064588009426799));
#672=CARTESIAN_POINT('',(-0.0696623759898684,0.0496248749495891,-0.0643484097050405));
#673=CARTESIAN_POINT('',(-0.0695685464808082,0.0496,-0.0642224650311736));
#674=CARTESIAN_POINT('',(-0.0694747018076645,0.0496,-0.06409650000299));
#675=EDGE_LOOP('',(#1458,#1459,#1460,#1461));
#676=CARTESIAN_POINT('',(-0.0972135015144708,0.0490000000000002,-0.0946857589834601));
#677=CARTESIAN_POINT('',(-0.0972135015144708,0.0490000000000002,-0.09468575898346));
#678=CARTESIAN_POINT('',(-0.0972135015144708,0.0490000000000003,-0.09468575898346));
#679=CARTESIAN_POINT('',(-0.0972135015144708,0.0490000000000003,-0.09468575898346));
#680=CARTESIAN_POINT('',(-0.0972135015144709,0.0490000000000004,-0.09468575898346));
#681=CARTESIAN_POINT('',(-0.0972135015144709,0.0490000000000005,-0.0946857589834599));
#682=CARTESIAN_POINT('',(-0.0972135015144709,0.0490000000000005,-0.0946857589834599));
#683=CARTESIAN_POINT('',(-0.097213501514471,0.0490000000000006,-0.0946857589834599));
#684=CARTESIAN_POINT('',(-0.097213501514471,0.0490000000000006,-0.0946857589834598));
#685=CARTESIAN_POINT('',(-0.097213501514471,0.0490000000000007,-0.0946857589834598));
#686=CARTESIAN_POINT('',(-0.0972135015144711,0.0490000000000007,-0.0946857589834598));
#687=CARTESIAN_POINT('',(-0.0972135015144711,0.0490000000000007,-0.0946857589834597));
#688=CARTESIAN_POINT('',(-0.0972114988140601,0.0490005012860946,-0.0946879936352709));
#689=CARTESIAN_POINT('',(-0.0972115453884883,0.049000584833777,-0.0946879416666241));
#690=CARTESIAN_POINT('',(-0.0972115919629165,0.0490006683814594,-0.0946878896979774));
#691=CARTESIAN_POINT('',(-0.0972116851117728,0.0490008354768243,-0.0946877857606838));
#692=CARTESIAN_POINT('',(-0.097211731686201,0.0490009190245067,-0.094687733792037));
#693=CARTESIAN_POINT('',(-0.0972118248350574,0.0490010861198715,-0.0946876298547434));
#694=CARTESIAN_POINT('',(-0.0972118714094855,0.049001169667554,-0.0946875778860966));
#695=CARTESIAN_POINT('',(-0.0972119645583419,0.0490013367629188,-0.0946874739488031));
#696=CARTESIAN_POINT('',(-0.0972120111327701,0.0490014203106013,-0.0946874219801563));
#697=CARTESIAN_POINT('',(-0.0972121042816264,0.0490015874059661,-0.0946873180428627));
#698=CARTESIAN_POINT('',(-0.0972121508560546,0.0490016709536485,-0.0946872660742159));
#699=CARTESIAN_POINT('',(-0.0972121974304827,0.049001754501331,-0.0946872141055691));
#700=CARTESIAN_POINT('',(-0.0972094976557929,0.0490010025726176,-0.0946902296726036));
#701=CARTESIAN_POINT('',(-0.0972095905551766,0.0490011696680539,-0.0946901255116519));
#702=CARTESIAN_POINT('',(-0.0972096834810348,0.0490013367634901,-0.0946900213744267));
#703=CARTESIAN_POINT('',(-0.0972098693857002,0.0490016709543627,-0.0946898131474293));
#704=CARTESIAN_POINT('',(-0.0972099623645074,0.0490018380497989,-0.0946897090576571));
#705=CARTESIAN_POINT('',(-0.0972101483750707,0.0490021722406714,-0.0946895009255655));
#706=CARTESIAN_POINT('',(-0.0972102414068267,0.0490023393361077,-0.0946893968832462));
#707=CARTESIAN_POINT('',(-0.0972104275232876,0.0490026735269802,-0.0946891888460604));
#708=CARTESIAN_POINT('',(-0.0972105206079925,0.0490028406224165,-0.094689084851194));
#709=CARTESIAN_POINT('',(-0.097210706830351,0.049003174813289,-0.0946888769089139));
#710=CARTESIAN_POINT('',(-0.0972107999680047,0.0490033419087253,-0.0946887729615003));
#711=CARTESIAN_POINT('',(-0.0972108931321328,0.0490035090041616,-0.0946886690378131));
#712=CARTESIAN_POINT('',(-0.0970182632496371,0.0490489434681543,-0.094904206857022));
#713=CARTESIAN_POINT('',(-0.0970227625286271,0.0490571006276307,-0.0948990899501486));
#714=CARTESIAN_POINT('',(-0.0970272669100905,0.0490652578126719,-0.0948939775914649));
#715=CARTESIAN_POINT('',(-0.0970362858723,0.0490815722236579,-0.0948837619768701));
#716=CARTESIAN_POINT('',(-0.097040800453046,0.0490897294496027,-0.094878658720959));
#717=CARTESIAN_POINT('',(-0.097049839808148,0.0491060439321702,-0.094868461318295));
#718=CARTESIAN_POINT('',(-0.0970543645825039,0.0491142011887928,-0.094863367171542));
#719=CARTESIAN_POINT('',(-0.0970634243191441,0.0491305157224899,-0.0948531879935721));
#720=CARTESIAN_POINT('',(-0.0970679592814284,0.0491386729995644,-0.0948481029623551));
#721=CARTESIAN_POINT('',(-0.0970770393882354,0.0491549875639393,-0.0948379420218272));
#722=CARTESIAN_POINT('',(-0.0970815845327581,0.0491631448512397,-0.0948328661125163));
#723=CARTESIAN_POINT('',(-0.0970861347655506,0.0491713021385401,-0.0948277947673396));
#724=CARTESIAN_POINT('',(-0.0968412876042637,0.0490968795573373,-0.0951307615028103));
#725=CARTESIAN_POINT('',(-0.096847875684702,0.0491130167002644,-0.0951185945510254));
#726=CARTESIAN_POINT('',(-0.096854728665251,0.0491291576375589,-0.0951066562844771));
#727=CARTESIAN_POINT('',(-0.0968689547425069,0.0491614441245503,-0.0950832332106138));
#728=CARTESIAN_POINT('',(-0.0968763278406016,0.049177589681888,-0.0950717483963903));
#729=CARTESIAN_POINT('',(-0.0968915865248008,0.0492098834054181,-0.0950492293226456));
#730=CARTESIAN_POINT('',(-0.096899472113089,0.0492260315794736,-0.0950381950567416));
#731=CARTESIAN_POINT('',(-0.096915750150653,0.0492583292581596,-0.0950165753961498));
#732=CARTESIAN_POINT('',(-0.0969241426028878,0.0492744787708128,-0.0950059899956537));
#733=CARTESIAN_POINT('',(-0.0969414306652207,0.0493067783351501,-0.0949852677864912));
#734=CARTESIAN_POINT('',(-0.0969503262790277,0.049322928394953,-0.0949751309726363));
#735=CARTESIAN_POINT('',(-0.0969594725320905,0.0493390784506804,-0.0949652190996174));
#736=CARTESIAN_POINT('',(-0.0965258653372606,0.0491900377330615,-0.0955920711653611));
#737=CARTESIAN_POINT('',(-0.0965310333944544,0.049220156334658,-0.0955639761759867));
#738=CARTESIAN_POINT('',(-0.0965375416988812,0.0492507373659106,-0.0955366568556456));
#739=CARTESIAN_POINT('',(-0.0965531964239315,0.0493126452157032,-0.095483726427421));
#740=CARTESIAN_POINT('',(-0.0965623428355991,0.0493439720027454,-0.095458115345784));
#741=CARTESIAN_POINT('',(-0.0965832170203424,0.0494071883479485,-0.0954087488786252));
#742=CARTESIAN_POINT('',(-0.0965949447820829,0.0494390778740563,-0.0953849935176927));
#743=CARTESIAN_POINT('',(-0.0966209108532844,0.0495032337525251,-0.0953394757662837));
#744=CARTESIAN_POINT('',(-0.096635149149087,0.0495355000724345,-0.0953177133986195));
#745=CARTESIAN_POINT('',(-0.0966660517909655,0.0496002216331334,-0.0952763079872854));
#746=CARTESIAN_POINT('',(-0.096682716121127,0.0496326768412314,-0.0952566649645394));
#747=CARTESIAN_POINT('',(-0.0967005446077551,0.0496651320657152,-0.0952381389919229));
#748=CARTESIAN_POINT('',(-0.0963867236482285,0.0492352900075648,-0.0958263247065286));
#749=CARTESIAN_POINT('',(-0.0963884941196966,0.0492714306794784,-0.0957894405262568));
#750=CARTESIAN_POINT('',(-0.0963924074896077,0.0493084851508435,-0.0957536418728975));
#751=CARTESIAN_POINT('',(-0.0964044579824734,0.0493840691702545,-0.095684540132337));
#752=CARTESIAN_POINT('',(-0.0964125950712973,0.0494225986430784,-0.0956512371012393));
#753=CARTESIAN_POINT('',(-0.0964329967561667,0.0495007713610915,-0.0955874292467356));
#754=CARTESIAN_POINT('',(-0.096445261315573,0.049540414533167,-0.0955569244763486));
#755=CARTESIAN_POINT('',(-0.0964737886192618,0.0496204469420785,-0.0954989921599703));
#756=CARTESIAN_POINT('',(-0.0964900513246536,0.0496608361073939,-0.0954715646644826));
#757=CARTESIAN_POINT('',(-0.096526413655233,0.049741988559286,-0.0954200407390831));
#758=CARTESIAN_POINT('',(-0.0965465132393628,0.049782751775333,-0.0953959443576235));
#759=CARTESIAN_POINT('',(-0.0965684352791777,0.0498235150264768,-0.0953736271004645));
#760=CARTESIAN_POINT('',(-0.0961886774850933,0.0493052876223145,-0.0962026912528672));
#761=CARTESIAN_POINT('',(-0.0961812777636756,0.0493484922164675,-0.0961518238344792));
#762=CARTESIAN_POINT('',(-0.0961774858655959,0.0493939361105464,-0.0961023586972591));
#763=CARTESIAN_POINT('',(-0.0961771764969004,0.0494885033239059,-0.0960070977611441));
#764=CARTESIAN_POINT('',(-0.0961806590209331,0.0495376261662774,-0.0959613024387019));
#765=CARTESIAN_POINT('',(-0.0961948312655504,0.0496386881701712,-0.0958741828841984));
#766=CARTESIAN_POINT('',(-0.0962055209095633,0.0496906268234934,-0.0958328590882143));
#767=CARTESIAN_POINT('',(-0.0962339152500392,0.0497964090957729,-0.0957554065783006));
#768=CARTESIAN_POINT('',(-0.0962516198000293,0.0498502521838005,-0.0957192782527367));
#769=CARTESIAN_POINT('',(-0.0962937302471564,0.0499588993455086,-0.0956528505202232));
#770=CARTESIAN_POINT('',(-0.0963181359304071,0.050013702874469,-0.0956225514473913));
#771=CARTESIAN_POINT('',(-0.0963456773621115,0.0500685066781006,-0.0955954332435426));
#772=CARTESIAN_POINT('',(-0.0961191447894838,0.0493313597280528,-0.0963464223390846));
#773=CARTESIAN_POINT('',(-0.0961073619412739,0.0493766313842065,-0.0962902452515807));
#774=CARTESIAN_POINT('',(-0.0960997846192382,0.0494247924814693,-0.0962355485830965));
#775=CARTESIAN_POINT('',(-0.096093185020802,0.0495258847525255,-0.0961302521403112));
#776=CARTESIAN_POINT('',(-0.0960941627695692,0.0495788152109214,-0.0960796530993446));
#777=CARTESIAN_POINT('',(-0.0961046414336841,0.049688340244008,-0.0959836043360685));
#778=CARTESIAN_POINT('',(-0.0961141422584631,0.0497449340495578,-0.0959381552833604));
#779=CARTESIAN_POINT('',(-0.0961414600242889,0.0498606062810599,-0.09585335262552));
#780=CARTESIAN_POINT('',(-0.0961592767610653,0.0499196838988097,-0.0958139996135626));
#781=CARTESIAN_POINT('',(-0.0962028485619336,0.0500390944417319,-0.095742209880362));
#782=CARTESIAN_POINT('',(-0.0962286033121766,0.0500994265349936,-0.0957097736645869));
#783=CARTESIAN_POINT('',(-0.0962580568572621,0.0501597590481848,-0.0956811351116088));
#784=CARTESIAN_POINT('',(-0.0960157580226405,0.0493718264547762,-0.0965756080410015));
#785=CARTESIAN_POINT('',(-0.0959958903346099,0.049419200428065,-0.0965111894250305));
#786=CARTESIAN_POINT('',(-0.0959811443700982,0.049470762864222,-0.0964482840366122));
#787=CARTESIAN_POINT('',(-0.0959622872954137,0.0495808772363208,-0.0963271888337535));
#788=CARTESIAN_POINT('',(-0.0959581764048563,0.0496394278447375,-0.096269000474985));
#789=CARTESIAN_POINT('',(-0.0959606963546252,0.0497619419690211,-0.0961589047045575));
#790=CARTESIAN_POINT('',(-0.0959673271586846,0.0498259040100004,-0.0961069986165757));
#791=CARTESIAN_POINT('',(-0.0959911491376606,0.0499575197094556,-0.0960108640779493));
#792=CARTESIAN_POINT('',(-0.0960083400214549,0.0500251717849088,-0.0959666367837998));
#793=CARTESIAN_POINT('',(-0.096052817484735,0.0501623475916465,-0.0958870505033063));
#794=CARTESIAN_POINT('',(-0.0960801035260317,0.0502318696738613,-0.0958516924755249));
#795=CARTESIAN_POINT('',(-0.0961120696583686,0.0503013925917167,-0.0958212450060633));
#796=CARTESIAN_POINT('',(-0.0959782914421194,0.0493869338490459,-0.0966627130734686));
#797=CARTESIAN_POINT('',(-0.0959550849738218,0.0494348154690058,-0.0965952156646404));
#798=CARTESIAN_POINT('',(-0.0959373390631544,0.0494874430539923,-0.0965292219134648));
#799=CARTESIAN_POINT('',(-0.0959132810940508,0.0496006482728355,-0.0964021702959155));
#800=CARTESIAN_POINT('',(-0.0959069693659345,0.0496612242897407,-0.0963411142368799));
#801=CARTESIAN_POINT('',(-0.0959059596246774,0.0497885507221275,-0.0962257258415967));
#802=CARTESIAN_POINT('',(-0.0959112616155336,0.0498552993231671,-0.0961713951471035));
#803=CARTESIAN_POINT('',(-0.0959333199637913,0.0499930159101509,-0.0960710488089311));
#804=CARTESIAN_POINT('',(-0.0959500759989488,0.0500639819364352,-0.0960250345941736));
#805=CARTESIAN_POINT('',(-0.0959945486593056,0.0502080558182897,-0.0959426697932055));
#806=CARTESIAN_POINT('',(-0.0960222646454533,0.0502811616253842,-0.0959063203819379));
#807=CARTESIAN_POINT('',(-0.0960550540570309,0.0503542684716608,-0.0958753360921689));
#808=CARTESIAN_POINT('',(-0.0959074422876347,0.0494160785970968,-0.096834225845628));
#809=CARTESIAN_POINT('',(-0.0958772570459779,0.0494643383701245,-0.096760794454381));
#810=CARTESIAN_POINT('',(-0.0958531469414569,0.0495185706232254,-0.0966888049976321));
#811=CARTESIAN_POINT('',(-0.0958178953888264,0.0496371235781479,-0.0965501695721463));
#812=CARTESIAN_POINT('',(-0.0958067546182185,0.0497014419587529,-0.0964835263107784));
#813=CARTESIAN_POINT('',(-0.0957978189165632,0.0498379630088911,-0.096357865604336));
#814=CARTESIAN_POINT('',(-0.0958000241505175,0.0499101630094183,-0.0962988506135521));
#815=CARTESIAN_POINT('',(-0.0958177013971188,0.0500599744558898,-0.0961904679700502));
#816=CARTESIAN_POINT('',(-0.0958331730567998,0.0501375829756523,-0.0961411024352535));
#817=CARTESIAN_POINT('',(-0.0958768506649182,0.0502955542267103,-0.0960537105186404));
#818=CARTESIAN_POINT('',(-0.0959050557545071,0.0503759138739568,-0.0960156858464849));
#819=CARTESIAN_POINT('',(-0.0959391441497101,0.0504562750898389,-0.0959839829630399));
#820=CARTESIAN_POINT('',(-0.0958740583042137,0.0494301160905916,-0.0969186336821137));
#821=CARTESIAN_POINT('',(-0.0958402333313622,0.0494782463387583,-0.0968423470360909));
#822=CARTESIAN_POINT('',(-0.095812759177809,0.0495330180743716,-0.0967674502026999));
#823=CARTESIAN_POINT('',(-0.0957715152537723,0.0496538278697083,-0.0966231873445653));
#824=CARTESIAN_POINT('',(-0.0957577463974505,0.0497198631931957,-0.0965538245757026));
#825=CARTESIAN_POINT('',(-0.0957444146216998,0.0498607665660498,-0.0964231841804596));
#826=CARTESIAN_POINT('',(-0.0957448519880557,0.0499356314312101,-0.096361909502996));
#827=CARTESIAN_POINT('',(-0.0957599118948968,0.0500914369342887,-0.0962497023580577));
#828=CARTESIAN_POINT('',(-0.0957745340827407,0.0501723740559536,-0.096198772425255));
#829=CARTESIAN_POINT('',(-0.0958174215389431,0.0503373447394882,-0.0961091319087155));
#830=CARTESIAN_POINT('',(-0.0958456858293543,0.0504213745809612,-0.0960704233531535));
#831=CARTESIAN_POINT('',(-0.095880249964075,0.0505054063170705,-0.096038538683197));
#832=CARTESIAN_POINT('',(-0.0957918135805848,0.0494650142804654,-0.0971340097211582));
#833=CARTESIAN_POINT('',(-0.0957483539314102,0.0495119603956388,-0.0970506028273109));
#834=CARTESIAN_POINT('',(-0.0957118335535979,0.049567418332219,-0.0969684052089944));
#835=CARTESIAN_POINT('',(-0.0956542435046583,0.0496929365345911,-0.0968100009754732));
#836=CARTESIAN_POINT('',(-0.0956331756118939,0.0497629928171378,-0.0967337993586816));
#837=CARTESIAN_POINT('',(-0.0956073956352546,0.0499146492570155,-0.0965907087968914));
#838=CARTESIAN_POINT('',(-0.0956026843296539,0.049996244619192,-0.0965238243682108));
#839=CARTESIAN_POINT('',(-0.0956098115558909,0.0501674220083869,-0.0964022849891195));
#840=CARTESIAN_POINT('',(-0.0956216498330973,0.0502569986342511,-0.0963476338791265));
#841=CARTESIAN_POINT('',(-0.0956613512387689,0.0504402363672314,-0.0962529469943981));
#842=CARTESIAN_POINT('',(-0.0956892130911109,0.0505338916989415,-0.0962129142193087));
#843=CARTESIAN_POINT('',(-0.0957244768930479,0.050627549981629,-0.0961810649574696));
#844=CARTESIAN_POINT('',(-0.0957456822612985,0.0494849186051902,-0.0972625059335979));
#845=CARTESIAN_POINT('',(-0.0956961252136639,0.0495302978254501,-0.097175019878145));
#846=CARTESIAN_POINT('',(-0.095653742601951,0.0495854697828445,-0.09708858713191));
#847=CARTESIAN_POINT('',(-0.0955853386280171,0.0497127403819156,-0.0969219682717699));
#848=CARTESIAN_POINT('',(-0.0955593198221757,0.0497848341037888,-0.0968417885417972));
#849=CARTESIAN_POINT('',(-0.0955248764855813,0.0499424770747954,-0.0966915289321465));
#850=CARTESIAN_POINT('',(-0.0955164532105837,0.0500280202669728,-0.0966214548126584));
#851=CARTESIAN_POINT('',(-0.0955175895430044,0.0502084513748729,-0.0964947761136351));
#852=CARTESIAN_POINT('',(-0.0955271490485982,0.0503033323816635,-0.0964381763997628));
#853=CARTESIAN_POINT('',(-0.0955637776595123,0.0504978843201187,-0.0963411722577881));
#854=CARTESIAN_POINT('',(-0.0955908453120876,0.0505975478154081,-0.0963007715717851));
#855=CARTESIAN_POINT('',(-0.0956260118813362,0.0506972151181657,-0.0962694444450828));
#856=CARTESIAN_POINT('',(-0.0956341582217672,0.0495316546946678,-0.0975847650890102));
#857=CARTESIAN_POINT('',(-0.0955692358923803,0.0495708541072777,-0.0974873208921001));
#858=CARTESIAN_POINT('',(-0.0955115963287521,0.0496234129132866,-0.0973904825306298));
#859=CARTESIAN_POINT('',(-0.0954142665428585,0.049752090063538,-0.0972037704288596));
#860=CARTESIAN_POINT('',(-0.0953745819075218,0.0498282007273328,-0.0971139076888419));
#861=CARTESIAN_POINT('',(-0.0953154887912751,0.049999426105939,-0.0969465072545668));
#862=CARTESIAN_POINT('',(-0.0952960836458388,0.050094530694201,-0.0968689794298104));
#863=CARTESIAN_POINT('',(-0.0952786693123866,0.0502980707832604,-0.0967308782311568));
#864=CARTESIAN_POINT('',(-0.0952806610171935,0.0504064943019619,-0.0966703130210567));
#865=CARTESIAN_POINT('',(-0.0953058891360214,0.0506302155286478,-0.0965697627635534));
#866=CARTESIAN_POINT('',(-0.0953291239510031,0.0507455000965976,-0.0965297836982289));
#867=CARTESIAN_POINT('',(-0.0953622752408775,0.0508607914313371,-0.0965012987510481));
#868=CARTESIAN_POINT('',(-0.0955735731269041,0.0495555884288591,-0.097771926229629));
#869=CARTESIAN_POINT('',(-0.0954996610145448,0.0495888539297786,-0.0976689836159218));
#870=CARTESIAN_POINT('',(-0.095432594328153,0.0496379218644898,-0.0975663294483647));
#871=CARTESIAN_POINT('',(-0.095316614150784,0.0497643150646735,-0.0973684804582163));
#872=CARTESIAN_POINT('',(-0.0952677091541069,0.0498416306047892,-0.0972733005022564));
#873=CARTESIAN_POINT('',(-0.0951912984329419,0.0500192829542129,-0.0970968142680301));
#874=CARTESIAN_POINT('',(-0.095163798169493,0.0501196063106184,-0.097015521283581));
#875=CARTESIAN_POINT('',(-0.0951319934753274,0.0503365108663513,-0.0968722981261333));
#876=CARTESIAN_POINT('',(-0.095127691129668,0.0504530757673586,-0.0968103788057857));
#877=CARTESIAN_POINT('',(-0.0951425149859919,0.0506946225519206,-0.0967101014353185));
#878=CARTESIAN_POINT('',(-0.0951616397756109,0.0508195863544436,-0.0966717510847303));
#879=CARTESIAN_POINT('',(-0.095191808099899,0.0509445595010068,-0.0966464948115576));
#880=CARTESIAN_POINT('',(-0.0954583527488733,0.0495901011998285,-0.0981257562716932));
#881=CARTESIAN_POINT('',(-0.0953701292087451,0.0496082638280091,-0.0980119164887));
#882=CARTESIAN_POINT('',(-0.0952864376466426,0.0496470921354444,-0.0978979639261283));
#883=CARTESIAN_POINT('',(-0.0951349738805388,0.0497628290500031,-0.097679211944349));
#884=CARTESIAN_POINT('',(-0.0950672187859515,0.049839724201987,-0.0975744375419141));
#885=CARTESIAN_POINT('',(-0.094953190998362,0.0500252075469019,-0.0973827183401232));
#886=CARTESIAN_POINT('',(-0.0949069310758715,0.0501337744277957,-0.0972957954972095));
#887=CARTESIAN_POINT('',(-0.0948396708514567,0.0503736132614499,-0.0971469891279994));
#888=CARTESIAN_POINT('',(-0.0948186779483397,0.0505048577860818,-0.097085122706618));
#889=CARTESIAN_POINT('',(-0.0948036369590748,0.050779201706022,-0.0969915795230558));
#890=CARTESIAN_POINT('',(-0.0948095903059399,0.0509222697934615,-0.0969599136168819));
#891=CARTESIAN_POINT('',(-0.0948287454719318,0.0510653541993997,-0.0969446758019283));
#892=CARTESIAN_POINT('',(-0.0954042861048191,0.0496,-0.0982902472504452));
#893=CARTESIAN_POINT('',(-0.0953110016885528,0.0496089523436586,-0.098171009260728));
#894=CARTESIAN_POINT('',(-0.0952203211933295,0.0496409587038773,-0.0980515952791022));
#895=CARTESIAN_POINT('',(-0.0950523252127855,0.0497481396280488,-0.0978231604179308));
#896=CARTESIAN_POINT('',(-0.0949750326360558,0.0498232991442473,-0.0977141708908925));
#897=CARTESIAN_POINT('',(-0.0948407782270871,0.0500099485878416,-0.0975164639180404));
#898=CARTESIAN_POINT('',(-0.094783834484088,0.0501214126753638,-0.097427773689828));
#899=CARTESIAN_POINT('',(-0.0946953780604223,0.0503705609420573,-0.097278723529942));
#900=CARTESIAN_POINT('',(-0.094663877054321,0.050508210808422,-0.0972183842468172));
#901=CARTESIAN_POINT('',(-0.0946290887990064,0.0507972599986844,-0.097131546363226));
#902=CARTESIAN_POINT('',(-0.0946258057943153,0.0509486196063026,-0.0971050599882108));
#903=CARTESIAN_POINT('',(-0.0946367411271289,0.0511,-0.0970967253711333));
#904=CARTESIAN_POINT('',(-0.0953523599928327,0.0496,-0.0984373122932805));
#905=CARTESIAN_POINT('',(-0.0952571417337749,0.0496,-0.0983123823363257));
#906=CARTESIAN_POINT('',(-0.0951619388607542,0.0496248749495891,-0.0981874725664335));
#907=CARTESIAN_POINT('',(-0.0949808229692598,0.0497219555015254,-0.0979498416671488));
#908=CARTESIAN_POINT('',(-0.0948949392167677,0.0497941454169131,-0.0978371589358312));
#909=CARTESIAN_POINT('',(-0.0947408728372626,0.0499788035999621,-0.0976350180192653));
#910=CARTESIAN_POINT('',(-0.0946727151053805,0.0500912420292534,-0.0975455924973704));
#911=CARTESIAN_POINT('',(-0.0945607793285342,0.0503454022138692,-0.0973987285248353));
#912=CARTESIAN_POINT('',(-0.0945170193709414,0.0504870829002005,-0.0973413138055104));
#913=CARTESIAN_POINT('',(-0.0944581712504941,0.0507858661166747,-0.0972641028458993));
#914=CARTESIAN_POINT('',(-0.0944430925967334,0.0509429203673205,-0.0972443190819038));
#915=CARTESIAN_POINT('',(-0.0944430925967334,0.0511,-0.0972443190819038));
#916=EDGE_LOOP('',(#1462,#1463,#1464,#1465,#1466));
#917=AXIS2_PLACEMENT_3D('',#1467,#1468,#1469);
#918=EDGE_LOOP('',(#1470,#1471,#1472,#1473,#1474));
#919=AXIS2_PLACEMENT_3D('',#1475,#1476,#1477);
#920=EDGE_LOOP('',(#1478,#1479,#1480));
#921=AXIS2_PLACEMENT_3D('',#1481,#1482,#1483);
#922=EDGE_LOOP('',(#1484,#1485,#1486,#1487,#1488));
#923=AXIS2_PLACEMENT_3D('',#1489,#1490,#1491);
#924=EDGE_LOOP('',(#1492,#1493,#1494,#1495,#1496));
#925=AXIS2_PLACEMENT_3D('',#1497,#1498,#1499);
#926=EDGE_LOOP('',(#1500,#1501,#1502,#1503));
#927=AXIS2_PLACEMENT_3D('',#1504,#1505,#1506);
#928=EDGE_LOOP('',(#1507,#1508,#1509,#1510));
#929=AXIS2_PLACEMENT_3D('',#1511,#1512,#1513);
#930=EDGE_LOOP('',(#1514,#1515,#1516,#1517,#1518));
#931=AXIS2_PLACEMENT_3D('',#1519,#1520,#1521);
#932=EDGE_LOOP('',(#1522,#1523,#1524,#1525,#1526));
#933=AXIS2_PLACEMENT_3D('',#1527,#1528,#1529);
#934=EDGE_LOOP('',(#1530,#1531,#1532,#1533));
#935=AXIS2_PLACEMENT_3D('',#1534,#1535,#1536);
#936=EDGE_LOOP('',(#1537,#1538,#1539,#1540));
#937=AXIS2_PLACEMENT_3D('',#1541,#1542,#1543);
#938=EDGE_LOOP('',(#1544,#1545,#1546,#1547,#1548,#1549,#1550,#1551,#1552,#1553,#1554,#1555));
#939=AXIS2_PLACEMENT_3D('',#1556,#1557,#1558);
#940=EDGE_LOOP('',(#1559,#1560,#1561,#1562));
#941=AXIS2_PLACEMENT_3D('',#1563,#1564,#1565);
#942=EDGE_LOOP('',(#1566,#1567,#1568,#1569));
#943=AXIS2_PLACEMENT_3D('',#1570,#1571,#1572);
#944=EDGE_LOOP('',(#1573,#1574,#1575,#1576));
#945=AXIS2_PLACEMENT_3D('',#1577,#1578,#1579);
#946=EDGE_LOOP('',(#1580,#1581,#1582,#1583,#1584));
#947=AXIS2_PLACEMENT_3D('',#1585,#1586,#1587);
#948=EDGE_LOOP('',(#1588,#1589,#1590,#1591));
#949=AXIS2_PLACEMENT_3D('',#1592,#1593,#1594);
#950=FILL_AREA_STYLE_COLOUR('',#1595);
#951=ORIENTED_EDGE('',*,*,#1596,.F.);
#952=ORIENTED_EDGE('',*,*,#1597,.T.);
#953=ORIENTED_EDGE('',*,*,#1598,.T.);
#954=ORIENTED_EDGE('',*,*,#1599,.F.);
#955=CARTESIAN_POINT('',(-0.0822782296970304,0.049,-0.0825669298286736));
#956=DIRECTION('',(-0.601815023152048,0.0,-0.798635510047293));
#957=DIRECTION('',(-0.564720584850819,0.707106781186546,0.425547483890753));
#958=ORIENTED_EDGE('',*,*,#1600,.F.);
#959=ORIENTED_EDGE('',*,*,#1601,.F.);
#960=ORIENTED_EDGE('',*,*,#1602,.T.);
#961=ORIENTED_EDGE('',*,*,#1603,.T.);
#962=CARTESIAN_POINT('',(-0.0822782296970304,0.049,-0.0825669298286736));
#963=DIRECTION('',(-0.601815023152048,0.0,-0.798635510047293));
#964=DIRECTION('',(-0.564720584850819,0.707106781186546,0.425547483890753));
#965=ORIENTED_EDGE('',*,*,#1604,.F.);
#966=ORIENTED_EDGE('',*,*,#1605,.T.);
#967=ORIENTED_EDGE('',*,*,#1601,.T.);
#968=ORIENTED_EDGE('',*,*,#1606,.T.);
#969=ORIENTED_EDGE('',*,*,#1607,.T.);
#970=CARTESIAN_POINT('',(-0.0710250897543931,0.049,-0.0583283239505411));
#971=DIRECTION('',(2.60000542492277E-33,-1.0,8.47409175530384E-33));
#972=DIRECTION('',(0.99026806874157,3.75406797826164E-33,0.139173100960065));
#973=ORIENTED_EDGE('',*,*,#1608,.F.);
#974=ORIENTED_EDGE('',*,*,#1609,.T.);
#975=ORIENTED_EDGE('',*,*,#1610,.T.);
#976=ORIENTED_EDGE('',*,*,#1611,.T.);
#977=CARTESIAN_POINT('',(-0.0823195273154086,0.049,-0.0813377429302156));
#978=DIRECTION('',(2.60000542492277E-33,-1.0,8.47409175530384E-33));
#979=DIRECTION('',(0.99026806874157,3.75406797826164E-33,0.139173100960065));
#980=ORIENTED_EDGE('',*,*,#1612,.F.);
#981=ORIENTED_EDGE('',*,*,#1613,.T.);
#982=ORIENTED_EDGE('',*,*,#1602,.F.);
#983=ORIENTED_EDGE('',*,*,#1614,.F.);
#984=CARTESIAN_POINT('',(-0.0833963194110966,0.049,-0.0817243887962608));
#985=DIRECTION('',(0.601815023152048,-4.13590306276514E-17,0.798635510047293));
#986=DIRECTION('',(0.564720584850813,-0.707106781186554,-0.425547483890749));
#987=ORIENTED_EDGE('',*,*,#1615,.F.);
#988=ORIENTED_EDGE('',*,*,#1616,.T.);
#989=ORIENTED_EDGE('',*,*,#1617,.T.);
#990=ORIENTED_EDGE('',*,*,#1618,.F.);
#991=CARTESIAN_POINT('',(-0.0833963194110966,0.049,-0.0817243887962608));
#992=DIRECTION('',(-0.601815023152048,4.13590306276514E-17,-0.798635510047293));
#993=DIRECTION('',(0.564720584850813,-0.707106781186554,-0.425547483890749));
#994=ORIENTED_EDGE('',*,*,#1619,.F.);
#995=ORIENTED_EDGE('',*,*,#1620,.F.);
#996=ORIENTED_EDGE('',*,*,#1621,.F.);
#997=ORIENTED_EDGE('',*,*,#1622,.T.);
#998=CARTESIAN_POINT('',(-0.0710250897543931,0.049,-0.0583283239505411));
#999=DIRECTION('',(2.60000542492277E-33,-1.0,8.47409175530384E-33));
#1000=DIRECTION('',(0.99026806874157,3.75406797826163E-33,0.139173100960065));
#1001=ORIENTED_EDGE('',*,*,#1623,.F.);
#1002=ORIENTED_EDGE('',*,*,#1624,.T.);
#1003=ORIENTED_EDGE('',*,*,#1621,.T.);
#1004=ORIENTED_EDGE('',*,*,#1625,.F.);
#1005=CARTESIAN_POINT('',(-0.0823195273154086,0.049,-0.0813377429302156));
#1006=DIRECTION('',(2.60000542492277E-33,-1.0,8.47409175530384E-33));
#1007=DIRECTION('',(0.99026806874157,3.75406797826164E-33,0.139173100960065));
#1008=ORIENTED_EDGE('',*,*,#1626,.F.);
#1009=ORIENTED_EDGE('',*,*,#1627,.T.);
#1010=ORIENTED_EDGE('',*,*,#1628,.T.);
#1011=ORIENTED_EDGE('',*,*,#1629,.F.);
#1012=ORIENTED_EDGE('',*,*,#1630,.T.);
#1013=CARTESIAN_POINT('',(-0.0823195273154086,0.049,-0.0813377429302156));
#1014=DIRECTION('',(-2.60000542492277E-33,1.0,-8.47409175530384E-33));
#1015=DIRECTION('',(-0.99026806874157,-3.75406797826164E-33,-0.139173100960065));
#1016=ORIENTED_EDGE('',*,*,#1631,.F.);
#1017=ORIENTED_EDGE('',*,*,#1632,.F.);
#1018=ORIENTED_EDGE('',*,*,#1633,.T.);
#1019=ORIENTED_EDGE('',*,*,#1634,.T.);
#1020=CARTESIAN_POINT('',(-0.100936995064237,0.049,-0.09802276299677));
#1021=DIRECTION('',(-2.60000542492277E-33,1.0,-8.47409175530384E-33));
#1022=DIRECTION('',(-0.99026806874157,-3.75406797826164E-33,-0.139173100960065));
#1023=ORIENTED_EDGE('',*,*,#1635,.F.);
#1024=ORIENTED_EDGE('',*,*,#1636,.T.);
#1025=ORIENTED_EDGE('',*,*,#1597,.F.);
#1026=ORIENTED_EDGE('',*,*,#1637,.F.);
#1027=ORIENTED_EDGE('',*,*,#1638,.T.);
#1028=ORIENTED_EDGE('',*,*,#1639,.F.);
#1029=CARTESIAN_POINT('',(-0.100936995064237,0.049,-0.09802276299677));
#1030=DIRECTION('',(2.60000542492277E-33,-1.0,8.47409175530384E-33));
#1031=DIRECTION('',(0.99026806874157,3.75406797826163E-33,0.139173100960065));
#1032=ORIENTED_EDGE('',*,*,#1640,.F.);
#1033=ORIENTED_EDGE('',*,*,#1641,.T.);
#1034=ORIENTED_EDGE('',*,*,#1642,.F.);
#1035=ORIENTED_EDGE('',*,*,#1643,.T.);
#1036=CARTESIAN_POINT('',(-0.0823195273154086,0.0511,-0.0813377429302156));
#1037=DIRECTION('',(2.60000542492277E-33,-1.0,8.47409175530384E-33));
#1038=DIRECTION('',(0.99026806874157,3.75406797826163E-33,0.139173100960065));
#1039=ORIENTED_EDGE('',*,*,#1644,.F.);
#1040=ORIENTED_EDGE('',*,*,#1645,.T.);
#1041=ORIENTED_EDGE('',*,*,#1646,.T.);
#1042=ORIENTED_EDGE('',*,*,#1647,.F.);
#1043=CARTESIAN_POINT('',(-0.0597931194484987,0.0506,-0.109581829735999));
#1044=DIRECTION('',(0.798635510047294,0.0,-0.601815023152047));
#1045=DIRECTION('',(-0.425547483890751,-0.707106781186549,-0.564720584850817));
#1046=ORIENTED_EDGE('',*,*,#1648,.T.);
#1047=ORIENTED_EDGE('',*,*,#1649,.T.);
#1048=ORIENTED_EDGE('',*,*,#1650,.F.);
#1049=ORIENTED_EDGE('',*,*,#1651,.T.);
#1050=CARTESIAN_POINT('',(-0.0823195273154086,0.0506,-0.0813377429302156));
#1051=DIRECTION('',(-2.60000542492277E-33,1.0,-8.47409175530384E-33));
#1052=DIRECTION('',(-0.99026806874157,-3.75406797826163E-33,-0.139173100960065));
#1053=ORIENTED_EDGE('',*,*,#1652,.F.);
#1054=ORIENTED_EDGE('',*,*,#1653,.T.);
#1055=ORIENTED_EDGE('',*,*,#1648,.F.);
#1056=ORIENTED_EDGE('',*,*,#1654,.T.);
#1057=ORIENTED_EDGE('',*,*,#1655,.T.);
#1058=CARTESIAN_POINT('',(-0.0823195273154086,0.0506,-0.0813377429302156));
#1059=DIRECTION('',(-2.60000542492277E-33,1.0,-8.47409175530384E-33));
#1060=DIRECTION('',(-0.99026806874157,-3.75406797826163E-33,-0.139173100960065));
#1061=ORIENTED_EDGE('',*,*,#1656,.F.);
#1062=ORIENTED_EDGE('',*,*,#1657,.T.);
#1063=ORIENTED_EDGE('',*,*,#1650,.T.);
#1064=ORIENTED_EDGE('',*,*,#1658,.T.);
#1065=CARTESIAN_POINT('',(-0.0443959114313793,0.0506,-0.0923853380615001));
#1066=DIRECTION('',(2.60000542492277E-33,-1.0,8.47409175530384E-33));
#1067=DIRECTION('',(0.99026806874157,3.75406797826163E-33,0.139173100960065));
#1068=ORIENTED_EDGE('',*,*,#1659,.F.);
#1069=ORIENTED_EDGE('',*,*,#1660,.T.);
#1070=ORIENTED_EDGE('',*,*,#1661,.T.);
#1071=ORIENTED_EDGE('',*,*,#1662,.F.);
#1072=CARTESIAN_POINT('',(-0.048960449031764,0.0506,-0.0952063905551461));
#1073=DIRECTION('',(0.798635510047293,5.29395592033938E-17,-0.601815023152048));
#1074=DIRECTION('',(0.425547483890751,-0.707106781186549,0.564720584850817));
#1075=ORIENTED_EDGE('',*,*,#1663,.F.);
#1076=ORIENTED_EDGE('',*,*,#1664,.T.);
#1077=ORIENTED_EDGE('',*,*,#1665,.T.);
#1078=ORIENTED_EDGE('',*,*,#1666,.T.);
#1079=ORIENTED_EDGE('',*,*,#1662,.T.);
#1080=ORIENTED_EDGE('',*,*,#1667,.T.);
#1081=CARTESIAN_POINT('',(-0.0486715328475623,0.0506,-0.102936918464829));
#1082=DIRECTION('',(-2.60000542492277E-33,1.0,-8.47409175530384E-33));
#1083=DIRECTION('',(-0.99026806874157,-3.75406797826164E-33,-0.139173100960065));
#1084=ORIENTED_EDGE('',*,*,#1668,.T.);
#1085=ORIENTED_EDGE('',*,*,#1654,.F.);
#1086=ORIENTED_EDGE('',*,*,#1651,.F.);
#1087=ORIENTED_EDGE('',*,*,#1669,.T.);
#1088=ORIENTED_EDGE('',*,*,#1670,.F.);
#1089=CARTESIAN_POINT('',(-0.0823195273154086,0.0496,-0.0813377429302156));
#1090=DIRECTION('',(-2.60000542492277E-33,1.0,-8.47409175530384E-33));
#1091=DIRECTION('',(0.139173100960065,-8.0297716593641E-33,-0.99026806874157));
#1092=ORIENTED_EDGE('',*,*,#1671,.F.);
#1093=ORIENTED_EDGE('',*,*,#1672,.F.);
#1094=ORIENTED_EDGE('',*,*,#1655,.F.);
#1095=ORIENTED_EDGE('',*,*,#1668,.F.);
#1096=ORIENTED_EDGE('',*,*,#1673,.F.);
#1097=ORIENTED_EDGE('',*,*,#1674,.F.);
#1098=CARTESIAN_POINT('',(-0.0823195273154086,0.0496,-0.0813377429302156));
#1099=DIRECTION('',(-2.60000542492277E-33,1.0,-8.47409175530384E-33));
#1100=DIRECTION('',(0.139173100960065,-8.0297716593641E-33,-0.99026806874157));
#1101=ORIENTED_EDGE('',*,*,#1675,.F.);
#1102=ORIENTED_EDGE('',*,*,#1664,.F.);
#1103=ORIENTED_EDGE('',*,*,#1676,.F.);
#1104=ORIENTED_EDGE('',*,*,#1677,.T.);
#1105=ORIENTED_EDGE('',*,*,#1678,.F.);
#1106=CARTESIAN_POINT('',(-0.0486715328475623,0.0496,-0.102936918464829));
#1107=DIRECTION('',(-2.60000542492277E-33,1.0,-8.47409175530384E-33));
#1108=DIRECTION('',(0.983386486002632,4.09506255065409E-33,0.181524155823394));
#1109=ORIENTED_EDGE('',*,*,#1679,.F.);
#1110=ORIENTED_EDGE('',*,*,#1680,.F.);
#1111=ORIENTED_EDGE('',*,*,#1681,.F.);
#1112=ORIENTED_EDGE('',*,*,#1682,.F.);
#1113=CARTESIAN_POINT('',(-0.0783263497651722,0.0496,-0.0843468180459759));
#1114=DIRECTION('',(-2.60000542492277E-33,1.0,-8.47409175530384E-33));
#1115=DIRECTION('',(0.798635510047293,-3.02337906725184E-33,-0.601815023152048));
#1116=ORIENTED_EDGE('',*,*,#1683,.F.);
#1117=ORIENTED_EDGE('',*,*,#1684,.F.);
#1118=ORIENTED_EDGE('',*,*,#1681,.T.);
#1119=ORIENTED_EDGE('',*,*,#1685,.F.);
#1120=CARTESIAN_POINT('',(-0.0522824229864746,0.0496,-0.107728731525113));
#1121=DIRECTION('',(2.60000542492277E-33,-1.0,8.47409175530384E-33));
#1122=DIRECTION('',(0.0965658328673658,-8.18341724240615E-33,-0.995326599625787));
#1123=ORIENTED_EDGE('',*,*,#1686,.F.);
#1124=ORIENTED_EDGE('',*,*,#1687,.T.);
#1125=ORIENTED_EDGE('',*,*,#1688,.F.);
#1126=ORIENTED_EDGE('',*,*,#1689,.T.);
#1127=CARTESIAN_POINT('',(-0.0612467320781776,0.05485,-0.114747132340906));
#1128=DIRECTION('',(-2.60000542492277E-33,1.0,-8.47409175530384E-33));
#1129=DIRECTION('',(0.0415141416897984,8.57472337360011E-33,0.999137916425835));
#1130=ORIENTED_EDGE('',*,*,#1690,.F.);
#1131=ORIENTED_EDGE('',*,*,#1673,.T.);
#1132=ORIENTED_EDGE('',*,*,#1670,.T.);
#1133=ORIENTED_EDGE('',*,*,#1691,.F.);
#1134=ORIENTED_EDGE('',*,*,#1692,.T.);
#1135=CARTESIAN_POINT('',(-0.0823195273154086,0.05485,-0.0813377429302156));
#1136=DIRECTION('',(2.60000542492277E-33,-1.0,8.47409175530384E-33));
#1137=DIRECTION('',(-0.798635510047209,3.023379067253E-33,0.60181502315216));
#1138=ORIENTED_EDGE('',*,*,#1693,.F.);
#1139=ORIENTED_EDGE('',*,*,#1694,.T.);
#1140=ORIENTED_EDGE('',*,*,#1695,.F.);
#1141=ORIENTED_EDGE('',*,*,#1696,.T.);
#1142=CARTESIAN_POINT('',(-0.0443959114313793,0.05485,-0.0923853380615001));
#1143=DIRECTION('',(-2.60000542492277E-33,1.0,-8.47409175530384E-33));
#1144=DIRECTION('',(-0.948990159775433,-5.13930889152759E-33,-0.315305687626147));
#1145=ORIENTED_EDGE('',*,*,#1697,.F.);
#1146=ORIENTED_EDGE('',*,*,#1698,.T.);
#1147=ORIENTED_EDGE('',*,*,#1699,.F.);
#1148=ORIENTED_EDGE('',*,*,#1684,.T.);
#1149=CARTESIAN_POINT('',(-0.0522824229864746,0.05485,-0.107728731525113));
#1150=DIRECTION('',(2.60000542492277E-33,-1.0,8.47409175530384E-33));
#1151=DIRECTION('',(0.0965658328673661,-8.18341724240615E-33,-0.995326599625787));
#1152=ORIENTED_EDGE('',*,*,#1700,.F.);
#1153=ORIENTED_EDGE('',*,*,#1701,.T.);
#1154=ORIENTED_EDGE('',*,*,#1702,.F.);
#1155=ORIENTED_EDGE('',*,*,#1703,.T.);
#1156=CARTESIAN_POINT('',(-0.0783263497651722,0.05485,-0.0843468180459759));
#1157=DIRECTION('',(2.60000542492277E-33,-1.0,8.47409175530384E-33));
#1158=DIRECTION('',(0.798635510047293,-3.02337906725184E-33,-0.601815023152048));
#1159=ORIENTED_EDGE('',*,*,#1704,.F.);
#1160=ORIENTED_EDGE('',*,*,#1678,.T.);
#1161=ORIENTED_EDGE('',*,*,#1702,.T.);
#1162=ORIENTED_EDGE('',*,*,#1705,.T.);
#1163=CARTESIAN_POINT('',(-0.0486715328475623,0.05485,-0.102936918464829));
#1164=DIRECTION('',(2.60000542492277E-33,-1.0,8.47409175530384E-33));
#1165=DIRECTION('',(0.983386486002631,4.09506255065413E-33,0.181524155823398));
#1166=ORIENTED_EDGE('',*,*,#1706,.F.);
#1167=ORIENTED_EDGE('',*,*,#1707,.F.);
#1168=ORIENTED_EDGE('',*,*,#1708,.F.);
#1169=ORIENTED_EDGE('',*,*,#1709,.F.);
#1170=ORIENTED_EDGE('',*,*,#1643,.F.);
#1171=ORIENTED_EDGE('',*,*,#1710,.F.);
#1172=ORIENTED_EDGE('',*,*,#1628,.F.);
#1173=CARTESIAN_POINT('',(-0.0823195273154086,0.0488,-0.0813377429302156));
#1174=DIRECTION('',(2.60000542492277E-33,-1.0,8.47409175530384E-33));
#1175=DIRECTION('',(-0.139173100960065,8.0297716593641E-33,0.99026806874157));
#1176=ORIENTED_EDGE('',*,*,#1711,.F.);
#1177=ORIENTED_EDGE('',*,*,#1707,.T.);
#1178=ORIENTED_EDGE('',*,*,#1712,.F.);
#1179=ORIENTED_EDGE('',*,*,#1713,.T.);
#1180=CARTESIAN_POINT('',(-0.0823195273154086,0.0556,-0.0813377429302156));
#1181=DIRECTION('',(-2.60000542492277E-33,1.0,-8.47409175530384E-33));
#1182=DIRECTION('',(0.139173100960065,-8.0297716593641E-33,-0.99026806874157));
#1183=ORIENTED_EDGE('',*,*,#1714,.F.);
#1184=ORIENTED_EDGE('',*,*,#1715,.F.);
#1185=ORIENTED_EDGE('',*,*,#1716,.F.);
#1186=ORIENTED_EDGE('',*,*,#1717,.F.);
#1187=CARTESIAN_POINT('',(-0.0516828346918907,0.0536,-0.104424146738422));
#1188=DIRECTION('',(2.60000542492277E-33,-1.0,8.47409175530384E-33));
#1189=DIRECTION('',(-0.139173100960065,8.0297716593641E-33,0.99026806874157));
#1190=ORIENTED_EDGE('',*,*,#1718,.F.);
#1191=ORIENTED_EDGE('',*,*,#1719,.T.);
#1192=ORIENTED_EDGE('',*,*,#1720,.F.);
#1193=ORIENTED_EDGE('',*,*,#1721,.T.);
#1194=CARTESIAN_POINT('',(-0.0516828346918907,0.0556,-0.104424146738422));
#1195=DIRECTION('',(-2.60000542492277E-33,1.0,-8.47409175530384E-33));
#1196=DIRECTION('',(0.139173100960065,-8.0297716593641E-33,-0.99026806874157));
#1197=ORIENTED_EDGE('',*,*,#1718,.T.);
#1198=ORIENTED_EDGE('',*,*,#1722,.T.);
#1199=ORIENTED_EDGE('',*,*,#1720,.T.);
#1200=ORIENTED_EDGE('',*,*,#1717,.T.);
#1201=CARTESIAN_POINT('',(-0.0516828346918907,0.0556,-0.104424146738422));
#1202=DIRECTION('',(-2.60000542492277E-33,1.0,-8.47409175530384E-33));
#1203=DIRECTION('',(0.139173100960065,-8.0297716593641E-33,-0.99026806874157));
#1204=ORIENTED_EDGE('',*,*,#1713,.F.);
#1205=ORIENTED_EDGE('',*,*,#1723,.F.);
#1206=ORIENTED_EDGE('',*,*,#1705,.F.);
#1207=ORIENTED_EDGE('',*,*,#1701,.F.);
#1208=ORIENTED_EDGE('',*,*,#1724,.F.);
#1209=ORIENTED_EDGE('',*,*,#1698,.F.);
#1210=ORIENTED_EDGE('',*,*,#1725,.F.);
#1211=ORIENTED_EDGE('',*,*,#1726,.F.);
#1212=ORIENTED_EDGE('',*,*,#1687,.F.);
#1213=ORIENTED_EDGE('',*,*,#1727,.F.);
#1214=ORIENTED_EDGE('',*,*,#1728,.F.);
#1215=ORIENTED_EDGE('',*,*,#1692,.F.);
#1216=ORIENTED_EDGE('',*,*,#1729,.F.);
#1217=ORIENTED_EDGE('',*,*,#1696,.F.);
#1218=ORIENTED_EDGE('',*,*,#1730,.F.);
#1219=ORIENTED_EDGE('',*,*,#1731,.F.);
#1220=ORIENTED_EDGE('',*,*,#1721,.F.);
#1221=ORIENTED_EDGE('',*,*,#1722,.F.);
#1222=CARTESIAN_POINT('',(-0.0588297286409558,0.0556,-0.0990385758574487));
#1223=DIRECTION('',(-2.60000542492277E-33,1.0,-8.47409175530384E-33));
#1224=DIRECTION('',(-0.798635510047293,3.02337906725183E-33,0.601815023152048));
#1225=ORIENTED_EDGE('',*,*,#1714,.T.);
#1226=ORIENTED_EDGE('',*,*,#1719,.F.);
#1227=ORIENTED_EDGE('',*,*,#1716,.T.);
#1228=ORIENTED_EDGE('',*,*,#1732,.F.);
#1229=CARTESIAN_POINT('',(-0.0516828346918907,0.0536,-0.104424146738422));
#1230=DIRECTION('',(2.60000542492277E-33,-1.0,8.47409175530384E-33));
#1231=DIRECTION('',(-0.139173100960065,8.0297716593641E-33,0.99026806874157));
#1232=ORIENTED_EDGE('',*,*,#1711,.T.);
#1233=ORIENTED_EDGE('',*,*,#1723,.T.);
#1234=ORIENTED_EDGE('',*,*,#1712,.T.);
#1235=ORIENTED_EDGE('',*,*,#1733,.T.);
#1236=CARTESIAN_POINT('',(-0.0823195273154086,0.0556,-0.0813377429302156));
#1237=DIRECTION('',(-2.60000542492277E-33,1.0,-8.47409175530384E-33));
#1238=DIRECTION('',(0.139173100960065,-8.0297716593641E-33,-0.99026806874157));
#1239=ORIENTED_EDGE('',*,*,#1706,.T.);
#1240=ORIENTED_EDGE('',*,*,#1627,.F.);
#1241=ORIENTED_EDGE('',*,*,#1734,.F.);
#1242=ORIENTED_EDGE('',*,*,#1735,.F.);
#1243=ORIENTED_EDGE('',*,*,#1736,.F.);
#1244=ORIENTED_EDGE('',*,*,#1708,.T.);
#1245=ORIENTED_EDGE('',*,*,#1733,.F.);
#1246=CARTESIAN_POINT('',(-0.0823195273154086,0.0488,-0.0813377429302156));
#1247=DIRECTION('',(2.60000542492277E-33,-1.0,8.47409175530384E-33));
#1248=DIRECTION('',(-0.139173100960065,8.0297716593641E-33,0.99026806874157));
#1249=ORIENTED_EDGE('',*,*,#1704,.T.);
#1250=ORIENTED_EDGE('',*,*,#1731,.T.);
#1251=ORIENTED_EDGE('',*,*,#1737,.T.);
#1252=ORIENTED_EDGE('',*,*,#1738,.T.);
#1253=CARTESIAN_POINT('',(-0.0486715328475623,0.05485,-0.102936918464829));
#1254=DIRECTION('',(2.60000542492277E-33,-1.0,8.47409175530384E-33));
#1255=DIRECTION('',(0.983386486002631,4.09506255065413E-33,0.181524155823398));
#1256=ORIENTED_EDGE('',*,*,#1700,.T.);
#1257=ORIENTED_EDGE('',*,*,#1682,.T.);
#1258=ORIENTED_EDGE('',*,*,#1699,.T.);
#1259=ORIENTED_EDGE('',*,*,#1724,.T.);
#1260=CARTESIAN_POINT('',(-0.0783263497651722,0.05485,-0.0843468180459759));
#1261=DIRECTION('',(2.60000542492277E-33,-1.0,8.47409175530384E-33));
#1262=DIRECTION('',(0.798635510047293,-3.02337906725184E-33,-0.601815023152048));
#1263=ORIENTED_EDGE('',*,*,#1695,.T.);
#1264=ORIENTED_EDGE('',*,*,#1739,.T.);
#1265=ORIENTED_EDGE('',*,*,#1737,.F.);
#1266=ORIENTED_EDGE('',*,*,#1730,.T.);
#1267=CARTESIAN_POINT('',(-0.048809995275976,0.05485,-0.0950067316776343));
#1268=DIRECTION('',(0.425547483890754,0.707106781186546,0.564720584850819));
#1269=DIRECTION('',(0.798635510047293,3.92523114670943E-17,-0.601815023152048));
#1270=ORIENTED_EDGE('',*,*,#1697,.T.);
#1271=ORIENTED_EDGE('',*,*,#1740,.T.);
#1272=ORIENTED_EDGE('',*,*,#1741,.T.);
#1273=ORIENTED_EDGE('',*,*,#1725,.T.);
#1274=CARTESIAN_POINT('',(-0.0522824229864746,0.05485,-0.107728731525113));
#1275=DIRECTION('',(2.60000542492277E-33,-1.0,8.47409175530384E-33));
#1276=DIRECTION('',(0.0965658328673661,-8.18341724240615E-33,-0.995326599625787));
#1277=ORIENTED_EDGE('',*,*,#1693,.T.);
#1278=ORIENTED_EDGE('',*,*,#1729,.T.);
#1279=ORIENTED_EDGE('',*,*,#1691,.T.);
#1280=ORIENTED_EDGE('',*,*,#1742,.T.);
#1281=CARTESIAN_POINT('',(-0.0443959114313793,0.05485,-0.0923853380615001));
#1282=DIRECTION('',(-2.60000542492277E-33,1.0,-8.47409175530384E-33));
#1283=DIRECTION('',(-0.948990159775433,-5.13930889152759E-33,-0.315305687626147));
#1284=ORIENTED_EDGE('',*,*,#1688,.T.);
#1285=ORIENTED_EDGE('',*,*,#1726,.T.);
#1286=ORIENTED_EDGE('',*,*,#1741,.F.);
#1287=ORIENTED_EDGE('',*,*,#1743,.T.);
#1288=CARTESIAN_POINT('',(-0.0599435732042867,0.05485,-0.109781488613511));
#1289=DIRECTION('',(-0.425547483890753,0.707106781186546,-0.56472058485082));
#1290=DIRECTION('',(-0.798635510047294,-7.76247730546875E-33,0.601815023152047));
#1291=ORIENTED_EDGE('',*,*,#1690,.T.);
#1292=ORIENTED_EDGE('',*,*,#1728,.T.);
#1293=ORIENTED_EDGE('',*,*,#1744,.T.);
#1294=ORIENTED_EDGE('',*,*,#1745,.T.);
#1295=ORIENTED_EDGE('',*,*,#1674,.T.);
#1296=CARTESIAN_POINT('',(-0.0823195273154086,0.05485,-0.0813377429302156));
#1297=DIRECTION('',(2.60000542492277E-33,-1.0,8.47409175530384E-33));
#1298=DIRECTION('',(-0.798635510047209,3.023379067253E-33,0.60181502315216));
#1299=ORIENTED_EDGE('',*,*,#1686,.T.);
#1300=ORIENTED_EDGE('',*,*,#1746,.T.);
#1301=ORIENTED_EDGE('',*,*,#1744,.F.);
#1302=ORIENTED_EDGE('',*,*,#1727,.T.);
#1303=CARTESIAN_POINT('',(-0.0612467320781776,0.05485,-0.114747132340906));
#1304=DIRECTION('',(-2.60000542492277E-33,1.0,-8.47409175530384E-33));
#1305=DIRECTION('',(0.0415141416897984,8.57472337360011E-33,0.999137916425835));
#1306=ORIENTED_EDGE('',*,*,#1743,.F.);
#1307=ORIENTED_EDGE('',*,*,#1747,.F.);
#1308=ORIENTED_EDGE('',*,*,#1646,.F.);
#1309=ORIENTED_EDGE('',*,*,#1748,.T.);
#1310=CARTESIAN_POINT('',(-0.0559419900708251,0.0496,-0.113735999534171));
#1311=DIRECTION('',(-0.601815023152047,-1.37545650500411E-32,-0.798635510047294));
#1312=DIRECTION('',(-0.798635510047294,-7.76247730546875E-33,0.601815023152047));
#1313=ORIENTED_EDGE('',*,*,#1683,.T.);
#1314=ORIENTED_EDGE('',*,*,#1749,.F.);
#1315=ORIENTED_EDGE('',*,*,#1747,.T.);
#1316=ORIENTED_EDGE('',*,*,#1740,.F.);
#1317=CARTESIAN_POINT('',(-0.0522824229864746,0.0496,-0.107728731525113));
#1318=DIRECTION('',(2.60000542492277E-33,-1.0,8.47409175530384E-33));
#1319=DIRECTION('',(0.0965658328673658,-8.18341724240615E-33,-0.995326599625787));
#1320=ORIENTED_EDGE('',*,*,#1679,.T.);
#1321=ORIENTED_EDGE('',*,*,#1703,.F.);
#1322=ORIENTED_EDGE('',*,*,#1677,.F.);
#1323=ORIENTED_EDGE('',*,*,#1750,.F.);
#1324=CARTESIAN_POINT('',(-0.0783263497651722,0.0496,-0.0843468180459759));
#1325=DIRECTION('',(-2.60000542492277E-33,1.0,-8.47409175530384E-33));
#1326=DIRECTION('',(0.798635510047293,-3.02337906725184E-33,-0.601815023152048));
#1327=ORIENTED_EDGE('',*,*,#1675,.T.);
#1328=ORIENTED_EDGE('',*,*,#1738,.F.);
#1329=ORIENTED_EDGE('',*,*,#1751,.T.);
#1330=ORIENTED_EDGE('',*,*,#1665,.F.);
#1331=CARTESIAN_POINT('',(-0.0486715328475623,0.0496,-0.102936918464829));
#1332=DIRECTION('',(-2.60000542492277E-33,1.0,-8.47409175530384E-33));
#1333=DIRECTION('',(0.983386486002632,4.09506255065409E-33,0.181524155823394));
#1334=ORIENTED_EDGE('',*,*,#1739,.F.);
#1335=ORIENTED_EDGE('',*,*,#1752,.F.);
#1336=ORIENTED_EDGE('',*,*,#1753,.F.);
#1337=ORIENTED_EDGE('',*,*,#1751,.F.);
#1338=CARTESIAN_POINT('',(-0.0439056896077886,0.0496,-0.0977632893332218));
#1339=DIRECTION('',(0.601815023152048,1.37545650500411E-32,0.798635510047293));
#1340=DIRECTION('',(0.798635510047293,7.76247730546873E-33,-0.601815023152048));
#1341=ORIENTED_EDGE('',*,*,#1742,.F.);
#1342=ORIENTED_EDGE('',*,*,#1669,.F.);
#1343=ORIENTED_EDGE('',*,*,#1657,.F.);
#1344=ORIENTED_EDGE('',*,*,#1754,.F.);
#1345=ORIENTED_EDGE('',*,*,#1752,.T.);
#1346=ORIENTED_EDGE('',*,*,#1694,.F.);
#1347=CARTESIAN_POINT('',(-0.0443959114313793,0.0496,-0.0923853380615001));
#1348=DIRECTION('',(-2.60000542492277E-33,1.0,-8.47409175530384E-33));
#1349=DIRECTION('',(-0.960091541397312,-1.26158790211743E-34,0.279685952699335));
#1350=ORIENTED_EDGE('',*,*,#1671,.T.);
#1351=ORIENTED_EDGE('',*,*,#1745,.F.);
#1352=ORIENTED_EDGE('',*,*,#1755,.F.);
#1353=ORIENTED_EDGE('',*,*,#1756,.F.);
#1354=CARTESIAN_POINT('',(-0.0823195273154086,0.0496,-0.0813377429302156));
#1355=DIRECTION('',(-2.60000542492277E-33,1.0,-8.47409175530384E-33));
#1356=DIRECTION('',(0.139173100960065,-8.0297716593641E-33,-0.99026806874157));
#1357=ORIENTED_EDGE('',*,*,#1689,.F.);
#1358=ORIENTED_EDGE('',*,*,#1748,.F.);
#1359=ORIENTED_EDGE('',*,*,#1757,.F.);
#1360=ORIENTED_EDGE('',*,*,#1755,.T.);
#1361=ORIENTED_EDGE('',*,*,#1746,.F.);
#1362=CARTESIAN_POINT('',(-0.0612467320781776,0.0496,-0.114747132340906));
#1363=DIRECTION('',(-2.60000542492277E-33,1.0,-8.47409175530384E-33));
#1364=DIRECTION('',(0.60181502315205,8.33243291617998E-33,0.798635510047291));
#1365=ORIENTED_EDGE('',*,*,#1663,.T.);
#1366=ORIENTED_EDGE('',*,*,#1758,.T.);
#1367=ORIENTED_EDGE('',*,*,#1759,.T.);
#1368=ORIENTED_EDGE('',*,*,#1676,.T.);
#1369=CARTESIAN_POINT('',(-0.0486715328475623,0.0506,-0.102936918464829));
#1370=DIRECTION('',(-2.60000542492277E-33,1.0,-8.47409175530384E-33));
#1371=DIRECTION('',(-0.99026806874157,-3.75406797826164E-33,-0.139173100960065));
#1372=ORIENTED_EDGE('',*,*,#1659,.T.);
#1373=ORIENTED_EDGE('',*,*,#1666,.F.);
#1374=ORIENTED_EDGE('',*,*,#1753,.T.);
#1375=ORIENTED_EDGE('',*,*,#1760,.T.);
#1376=CARTESIAN_POINT('',(-0.048960449031764,0.0506,-0.0952063905551461));
#1377=DIRECTION('',(0.798635510047293,5.29395592033938E-17,-0.601815023152048));
#1378=DIRECTION('',(0.425547483890751,-0.707106781186549,0.564720584850817));
#1379=ORIENTED_EDGE('',*,*,#1761,.T.);
#1380=ORIENTED_EDGE('',*,*,#1680,.T.);
#1381=ORIENTED_EDGE('',*,*,#1750,.T.);
#1382=ORIENTED_EDGE('',*,*,#1759,.F.);
#1383=ORIENTED_EDGE('',*,*,#1762,.T.);
#1384=CARTESIAN_POINT('',(-0.0783263497651722,0.0506,-0.0843468180459759));
#1385=DIRECTION('',(2.60000542492277E-33,-1.0,8.47409175530384E-33));
#1386=DIRECTION('',(0.99026806874157,3.75406797826164E-33,0.139173100960065));
#1387=ORIENTED_EDGE('',*,*,#1763,.T.);
#1388=ORIENTED_EDGE('',*,*,#1647,.T.);
#1389=ORIENTED_EDGE('',*,*,#1749,.T.);
#1390=ORIENTED_EDGE('',*,*,#1685,.T.);
#1391=ORIENTED_EDGE('',*,*,#1761,.F.);
#1392=ORIENTED_EDGE('',*,*,#1764,.T.);
#1393=CARTESIAN_POINT('',(-0.0522824229864746,0.0506,-0.107728731525113));
#1394=DIRECTION('',(2.60000542492277E-33,-1.0,8.47409175530384E-33));
#1395=DIRECTION('',(0.99026806874157,3.75406797826163E-33,0.139173100960065));
#1396=ORIENTED_EDGE('',*,*,#1656,.T.);
#1397=ORIENTED_EDGE('',*,*,#1765,.T.);
#1398=ORIENTED_EDGE('',*,*,#1660,.F.);
#1399=ORIENTED_EDGE('',*,*,#1760,.F.);
#1400=ORIENTED_EDGE('',*,*,#1754,.T.);
#1401=CARTESIAN_POINT('',(-0.0443959114313793,0.0506,-0.0923853380615001));
#1402=DIRECTION('',(2.60000542492277E-33,-1.0,8.47409175530384E-33));
#1403=DIRECTION('',(0.99026806874157,3.75406797826163E-33,0.139173100960065));
#1404=ORIENTED_EDGE('',*,*,#1652,.T.);
#1405=ORIENTED_EDGE('',*,*,#1672,.T.);
#1406=ORIENTED_EDGE('',*,*,#1756,.T.);
#1407=ORIENTED_EDGE('',*,*,#1766,.T.);
#1408=ORIENTED_EDGE('',*,*,#1767,.T.);
#1409=CARTESIAN_POINT('',(-0.0823195273154086,0.0506,-0.0813377429302156));
#1410=DIRECTION('',(-2.60000542492277E-33,1.0,-8.47409175530384E-33));
#1411=DIRECTION('',(-0.99026806874157,-3.75406797826163E-33,-0.139173100960065));
#1412=ORIENTED_EDGE('',*,*,#1644,.T.);
#1413=ORIENTED_EDGE('',*,*,#1763,.F.);
#1414=ORIENTED_EDGE('',*,*,#1768,.T.);
#1415=ORIENTED_EDGE('',*,*,#1769,.T.);
#1416=CARTESIAN_POINT('',(-0.0597931194484987,0.0506,-0.109581829735999));
#1417=DIRECTION('',(0.798635510047294,0.0,-0.601815023152047));
#1418=DIRECTION('',(-0.425547483890751,-0.707106781186549,-0.564720584850817));
#1419=ORIENTED_EDGE('',*,*,#1766,.F.);
#1420=ORIENTED_EDGE('',*,*,#1757,.T.);
#1421=ORIENTED_EDGE('',*,*,#1645,.F.);
#1422=ORIENTED_EDGE('',*,*,#1769,.F.);
#1423=ORIENTED_EDGE('',*,*,#1770,.T.);
#1424=CARTESIAN_POINT('',(-0.0612467320781776,0.0506,-0.114747132340906));
#1425=DIRECTION('',(2.60000542492277E-33,-1.0,8.47409175530384E-33));
#1426=DIRECTION('',(0.99026806874157,3.75406797826163E-33,0.139173100960065));
#1427=ORIENTED_EDGE('',*,*,#1771,.F.);
#1428=ORIENTED_EDGE('',*,*,#1638,.F.);
#1429=ORIENTED_EDGE('',*,*,#1772,.F.);
#1430=ORIENTED_EDGE('',*,*,#1773,.F.);
#1431=ORIENTED_EDGE('',*,*,#1609,.F.);
#1432=ORIENTED_EDGE('',*,*,#1774,.F.);
#1433=ORIENTED_EDGE('',*,*,#1775,.F.);
#1434=ORIENTED_EDGE('',*,*,#1607,.F.);
#1435=ORIENTED_EDGE('',*,*,#1776,.F.);
#1436=ORIENTED_EDGE('',*,*,#1777,.F.);
#1437=ORIENTED_EDGE('',*,*,#1641,.F.);
#1438=ORIENTED_EDGE('',*,*,#1715,.T.);
#1439=ORIENTED_EDGE('',*,*,#1732,.T.);
#1440=ORIENTED_EDGE('',*,*,#1667,.F.);
#1441=ORIENTED_EDGE('',*,*,#1661,.F.);
#1442=ORIENTED_EDGE('',*,*,#1765,.F.);
#1443=ORIENTED_EDGE('',*,*,#1658,.F.);
#1444=ORIENTED_EDGE('',*,*,#1649,.F.);
#1445=ORIENTED_EDGE('',*,*,#1653,.F.);
#1446=ORIENTED_EDGE('',*,*,#1767,.F.);
#1447=ORIENTED_EDGE('',*,*,#1770,.F.);
#1448=ORIENTED_EDGE('',*,*,#1768,.F.);
#1449=ORIENTED_EDGE('',*,*,#1764,.F.);
#1450=ORIENTED_EDGE('',*,*,#1762,.F.);
#1451=ORIENTED_EDGE('',*,*,#1758,.F.);
#1452=CARTESIAN_POINT('',(-0.0588297286409558,0.0496,-0.0990385758574487));
#1453=DIRECTION('',(-2.60000542492277E-33,1.0,-8.47409175530384E-33));
#1454=DIRECTION('',(-0.798635510047293,3.02337906725183E-33,0.601815023152048));
#1455=ORIENTED_EDGE('',*,*,#1642,.T.);
#1456=ORIENTED_EDGE('',*,*,#1778,.T.);
#1457=ORIENTED_EDGE('',*,*,#1710,.T.);
#1458=ORIENTED_EDGE('',*,*,#1779,.T.);
#1459=ORIENTED_EDGE('',*,*,#1735,.T.);
#1460=ORIENTED_EDGE('',*,*,#1780,.T.);
#1461=ORIENTED_EDGE('',*,*,#1639,.T.);
#1462=ORIENTED_EDGE('',*,*,#1640,.T.);
#1463=ORIENTED_EDGE('',*,*,#1709,.T.);
#1464=ORIENTED_EDGE('',*,*,#1736,.T.);
#1465=ORIENTED_EDGE('',*,*,#1779,.F.);
#1466=ORIENTED_EDGE('',*,*,#1771,.T.);
#1467=CARTESIAN_POINT('',(-0.0823195273154086,0.0511,-0.0813377429302156));
#1468=DIRECTION('',(2.60000542492277E-33,-1.0,8.47409175530384E-33));
#1469=DIRECTION('',(0.99026806874157,3.75406797826163E-33,0.139173100960065));
#1470=ORIENTED_EDGE('',*,*,#1778,.F.);
#1471=ORIENTED_EDGE('',*,*,#1777,.T.);
#1472=ORIENTED_EDGE('',*,*,#1781,.F.);
#1473=ORIENTED_EDGE('',*,*,#1603,.F.);
#1474=ORIENTED_EDGE('',*,*,#1782,.T.);
#1475=CARTESIAN_POINT('',(-0.0714125262117631,0.049,-0.0588424694950009));
#1476=DIRECTION('',(2.60000542492277E-33,-1.0,8.47409175530384E-33));
#1477=DIRECTION('',(0.99026806874157,3.75406797826164E-33,0.139173100960065));
#1478=ORIENTED_EDGE('',*,*,#1635,.T.);
#1479=ORIENTED_EDGE('',*,*,#1780,.F.);
#1480=ORIENTED_EDGE('',*,*,#1632,.T.);
#1481=CARTESIAN_POINT('',(-0.100936995064237,0.049,-0.09802276299677));
#1482=DIRECTION('',(2.60000542492277E-33,-1.0,8.47409175530384E-33));
#1483=DIRECTION('',(0.99026806874157,3.75406797826163E-33,0.139173100960065));
#1484=ORIENTED_EDGE('',*,*,#1629,.T.);
#1485=ORIENTED_EDGE('',*,*,#1782,.F.);
#1486=ORIENTED_EDGE('',*,*,#1613,.F.);
#1487=ORIENTED_EDGE('',*,*,#1783,.F.);
#1488=ORIENTED_EDGE('',*,*,#1784,.T.);
#1489=CARTESIAN_POINT('',(-0.0714125262117631,0.049,-0.0588424694950009));
#1490=DIRECTION('',(2.60000542492277E-33,-1.0,8.47409175530384E-33));
#1491=DIRECTION('',(0.99026806874157,3.75406797826164E-33,0.139173100960065));
#1492=ORIENTED_EDGE('',*,*,#1631,.T.);
#1493=ORIENTED_EDGE('',*,*,#1785,.T.);
#1494=ORIENTED_EDGE('',*,*,#1616,.F.);
#1495=ORIENTED_EDGE('',*,*,#1786,.F.);
#1496=ORIENTED_EDGE('',*,*,#1636,.F.);
#1497=CARTESIAN_POINT('',(-0.100936995064237,0.049,-0.09802276299677));
#1498=DIRECTION('',(-2.60000542492277E-33,1.0,-8.47409175530384E-33));
#1499=DIRECTION('',(-0.99026806874157,-3.75406797826164E-33,-0.139173100960065));
#1500=ORIENTED_EDGE('',*,*,#1626,.T.);
#1501=ORIENTED_EDGE('',*,*,#1787,.T.);
#1502=ORIENTED_EDGE('',*,*,#1633,.F.);
#1503=ORIENTED_EDGE('',*,*,#1734,.T.);
#1504=CARTESIAN_POINT('',(-0.0823195273154086,0.049,-0.0813377429302156));
#1505=DIRECTION('',(-2.60000542492277E-33,1.0,-8.47409175530384E-33));
#1506=DIRECTION('',(-0.99026806874157,-3.75406797826164E-33,-0.139173100960065));
#1507=ORIENTED_EDGE('',*,*,#1623,.T.);
#1508=ORIENTED_EDGE('',*,*,#1611,.F.);
#1509=ORIENTED_EDGE('',*,*,#1788,.T.);
#1510=ORIENTED_EDGE('',*,*,#1789,.T.);
#1511=CARTESIAN_POINT('',(-0.0823195273154086,0.049,-0.0813377429302156));
#1512=DIRECTION('',(2.60000542492277E-33,-1.0,8.47409175530384E-33));
#1513=DIRECTION('',(0.99026806874157,3.75406797826164E-33,0.139173100960065));
#1514=ORIENTED_EDGE('',*,*,#1790,.T.);
#1515=ORIENTED_EDGE('',*,*,#1618,.T.);
#1516=ORIENTED_EDGE('',*,*,#1791,.T.);
#1517=ORIENTED_EDGE('',*,*,#1788,.F.);
#1518=ORIENTED_EDGE('',*,*,#1792,.F.);
#1519=CARTESIAN_POINT('',(-0.101324431521607,0.049,-0.0985369085412298));
#1520=DIRECTION('',(-2.60000542492277E-33,1.0,-8.47409175530384E-33));
#1521=DIRECTION('',(-0.99026806874157,-3.75406797826164E-33,-0.139173100960065));
#1522=ORIENTED_EDGE('',*,*,#1619,.T.);
#1523=ORIENTED_EDGE('',*,*,#1793,.T.);
#1524=ORIENTED_EDGE('',*,*,#1794,.T.);
#1525=ORIENTED_EDGE('',*,*,#1614,.T.);
#1526=ORIENTED_EDGE('',*,*,#1605,.F.);
#1527=CARTESIAN_POINT('',(-0.0710250897543931,0.049,-0.0583283239505411));
#1528=DIRECTION('',(2.60000542492277E-33,-1.0,8.47409175530384E-33));
#1529=DIRECTION('',(0.99026806874157,3.75406797826163E-33,0.139173100960065));
#1530=ORIENTED_EDGE('',*,*,#1615,.T.);
#1531=ORIENTED_EDGE('',*,*,#1790,.F.);
#1532=ORIENTED_EDGE('',*,*,#1598,.F.);
#1533=ORIENTED_EDGE('',*,*,#1786,.T.);
#1534=CARTESIAN_POINT('',(-0.0833963194110966,0.049,-0.0817243887962608));
#1535=DIRECTION('',(-0.601815023152048,4.13590306276514E-17,-0.798635510047293));
#1536=DIRECTION('',(0.564720584850813,-0.707106781186554,-0.425547483890749));
#1537=ORIENTED_EDGE('',*,*,#1612,.T.);
#1538=ORIENTED_EDGE('',*,*,#1794,.F.);
#1539=ORIENTED_EDGE('',*,*,#1795,.T.);
#1540=ORIENTED_EDGE('',*,*,#1783,.T.);
#1541=CARTESIAN_POINT('',(-0.0833963194110966,0.049,-0.0817243887962608));
#1542=DIRECTION('',(0.601815023152048,-4.13590306276514E-17,0.798635510047293));
#1543=DIRECTION('',(0.564720584850813,-0.707106781186554,-0.425547483890749));
#1544=ORIENTED_EDGE('',*,*,#1789,.F.);
#1545=ORIENTED_EDGE('',*,*,#1791,.F.);
#1546=ORIENTED_EDGE('',*,*,#1617,.F.);
#1547=ORIENTED_EDGE('',*,*,#1785,.F.);
#1548=ORIENTED_EDGE('',*,*,#1634,.F.);
#1549=ORIENTED_EDGE('',*,*,#1787,.F.);
#1550=ORIENTED_EDGE('',*,*,#1630,.F.);
#1551=ORIENTED_EDGE('',*,*,#1784,.F.);
#1552=ORIENTED_EDGE('',*,*,#1795,.F.);
#1553=ORIENTED_EDGE('',*,*,#1793,.F.);
#1554=ORIENTED_EDGE('',*,*,#1622,.F.);
#1555=ORIENTED_EDGE('',*,*,#1624,.F.);
#1556=CARTESIAN_POINT('',(-0.0588297286409558,0.0482,-0.0990385758574487));
#1557=DIRECTION('',(-2.60000542492277E-33,1.0,-8.47409175530384E-33));
#1558=DIRECTION('',(-0.798635510047293,3.02337906725183E-33,0.601815023152048));
#1559=ORIENTED_EDGE('',*,*,#1608,.T.);
#1560=ORIENTED_EDGE('',*,*,#1625,.T.);
#1561=ORIENTED_EDGE('',*,*,#1796,.T.);
#1562=ORIENTED_EDGE('',*,*,#1774,.T.);
#1563=CARTESIAN_POINT('',(-0.0823195273154086,0.049,-0.0813377429302156));
#1564=DIRECTION('',(2.60000542492277E-33,-1.0,8.47409175530384E-33));
#1565=DIRECTION('',(0.99026806874157,3.75406797826164E-33,0.139173100960065));
#1566=ORIENTED_EDGE('',*,*,#1604,.T.);
#1567=ORIENTED_EDGE('',*,*,#1775,.T.);
#1568=ORIENTED_EDGE('',*,*,#1796,.F.);
#1569=ORIENTED_EDGE('',*,*,#1620,.T.);
#1570=CARTESIAN_POINT('',(-0.0710250897543931,0.049,-0.0583283239505411));
#1571=DIRECTION('',(2.60000542492277E-33,-1.0,8.47409175530384E-33));
#1572=DIRECTION('',(0.99026806874157,3.75406797826164E-33,0.139173100960065));
#1573=ORIENTED_EDGE('',*,*,#1600,.T.);
#1574=ORIENTED_EDGE('',*,*,#1781,.T.);
#1575=ORIENTED_EDGE('',*,*,#1776,.T.);
#1576=ORIENTED_EDGE('',*,*,#1606,.F.);
#1577=CARTESIAN_POINT('',(-0.0822782296970304,0.049,-0.0825669298286736));
#1578=DIRECTION('',(-0.601815023152048,0.0,-0.798635510047293));
#1579=DIRECTION('',(-0.564720584850819,0.707106781186546,0.425547483890753));
#1580=ORIENTED_EDGE('',*,*,#1797,.T.);
#1581=ORIENTED_EDGE('',*,*,#1599,.T.);
#1582=ORIENTED_EDGE('',*,*,#1792,.T.);
#1583=ORIENTED_EDGE('',*,*,#1610,.F.);
#1584=ORIENTED_EDGE('',*,*,#1773,.T.);
#1585=CARTESIAN_POINT('',(-0.101324431521607,0.049,-0.0985369085412298));
#1586=DIRECTION('',(2.60000542492277E-33,-1.0,8.47409175530384E-33));
#1587=DIRECTION('',(0.99026806874157,3.75406797826164E-33,0.139173100960065));
#1588=ORIENTED_EDGE('',*,*,#1596,.T.);
#1589=ORIENTED_EDGE('',*,*,#1797,.F.);
#1590=ORIENTED_EDGE('',*,*,#1772,.T.);
#1591=ORIENTED_EDGE('',*,*,#1637,.T.);
#1592=CARTESIAN_POINT('',(-0.0822782296970304,0.049,-0.0825669298286736));
#1593=DIRECTION('',(-0.601815023152048,0.0,-0.798635510047293));
#1594=DIRECTION('',(-0.564720584850819,0.707106781186546,0.425547483890753));
#1595=COLOUR_RGB('',0.560784339904785,0.686274528503418,0.560784339904785);
#1596=EDGE_CURVE('',#1798,#1799,#1800,.T.);
#1597=EDGE_CURVE('0:16840',#1798,#1801,#1802,.T.);
#1598=EDGE_CURVE('0:16897',#1801,#1803,#1804,.T.);
#1599=EDGE_CURVE('0:16915',#1799,#1803,#1805,.T.);
#1600=EDGE_CURVE('',#1806,#1807,#1808,.T.);
#1601=EDGE_CURVE('0:16912',#1809,#1806,#1810,.T.);
#1602=EDGE_CURVE('0:16900',#1809,#1811,#1812,.T.);
#1603=EDGE_CURVE('0:16831',#1811,#1807,#1813,.T.);
#1604=EDGE_CURVE('',#1814,#1815,#1816,.T.);
#1605=EDGE_CURVE('0:16888',#1814,#1809,#1817,.T.);
#1606=EDGE_CURVE('0:16912',#1806,#1818,#1819,.T.);
#1607=EDGE_CURVE('0:16810',#1818,#1815,#1820,.T.);
#1608=EDGE_CURVE('',#1821,#1822,#1823,.T.);
#1609=EDGE_CURVE('0:16807',#1821,#1824,#1825,.T.);
#1610=EDGE_CURVE('0:16909',#1824,#1826,#1827,.T.);
#1611=EDGE_CURVE('0:16867',#1826,#1822,#1828,.T.);
#1612=EDGE_CURVE('',#1829,#1830,#1831,.T.);
#1613=EDGE_CURVE('0:16846',#1829,#1811,#1832,.T.);
#1614=EDGE_CURVE('0:16885',#1830,#1809,#1833,.T.);
#1615=EDGE_CURVE('',#1834,#1835,#1836,.T.);
#1616=EDGE_CURVE('0:16858',#1834,#1837,#1838,.T.);
#1617=EDGE_CURVE('0:16894',#1837,#1839,#1840,.T.);
#1618=EDGE_CURVE('0:16876',#1835,#1839,#1841,.T.);
#1619=EDGE_CURVE('',#1814,#1842,#1843,.T.);
#1620=EDGE_CURVE('0:16888',#1844,#1814,#1845,.T.);
#1621=EDGE_CURVE('0:16864',#1846,#1844,#1847,.T.);
#1622=EDGE_CURVE('0:16891',#1846,#1842,#1848,.T.);
#1623=EDGE_CURVE('',#1849,#1822,#1850,.T.);
#1624=EDGE_CURVE('0:16873',#1849,#1846,#1851,.T.);
#1625=EDGE_CURVE('0:16867',#1822,#1844,#1852,.T.);
#1626=EDGE_CURVE('',#1853,#1854,#1855,.T.);
#1627=EDGE_CURVE('0:16642',#1853,#1856,#1857,.T.);
#1628=EDGE_CURVE('0:16642',#1856,#1858,#1859,.T.);
#1629=EDGE_CURVE('0:16843',#1860,#1858,#1861,.T.);
#1630=EDGE_CURVE('0:16861',#1860,#1854,#1862,.T.);
#1631=EDGE_CURVE('',#1863,#1864,#1865,.T.);
#1632=EDGE_CURVE('0:16837',#1866,#1863,#1867,.T.);
#1633=EDGE_CURVE('0:16852',#1866,#1868,#1869,.T.);
#1634=EDGE_CURVE('0:16855',#1868,#1864,#1870,.T.);
#1635=EDGE_CURVE('',#1863,#1871,#1872,.T.);
#1636=EDGE_CURVE('0:16837',#1863,#1801,#1873,.T.);
#1637=EDGE_CURVE('0:16840',#1874,#1798,#1875,.T.);
#1638=EDGE_CURVE('0:16798',#1874,#1876,#1877,.T.);
#1639=EDGE_CURVE('0:16828',#1871,#1876,#1878,.T.);
#1640=EDGE_CURVE('',#1879,#1880,#1881,.T.);
#1641=EDGE_CURVE('0:16795',#1879,#1882,#1883,.T.);
#1642=EDGE_CURVE('0:16819',#1884,#1882,#1885,.T.);
#1643=EDGE_CURVE('0:16648',#1884,#1880,#1886,.T.);
#1644=EDGE_CURVE('',#1887,#1888,#1889,.T.);
#1645=EDGE_CURVE('0:16786',#1887,#1890,#1891,.T.);
#1646=EDGE_CURVE('0:16702',#1890,#1892,#1893,.T.);
#1647=EDGE_CURVE('0:16768',#1888,#1892,#1894,.T.);
#1648=EDGE_CURVE('',#1895,#1896,#1897,.T.);
#1649=EDGE_CURVE('0:16783',#1896,#1898,#1899,.T.);
#1650=EDGE_CURVE('0:16774',#1900,#1898,#1901,.T.);
#1651=EDGE_CURVE('0:16741',#1900,#1895,#1902,.T.);
#1652=EDGE_CURVE('',#1903,#1904,#1905,.T.);
#1653=EDGE_CURVE('0:16783',#1903,#1896,#1906,.T.);
#1654=EDGE_CURVE('0:16741',#1895,#1907,#1908,.T.);
#1655=EDGE_CURVE('0:16741',#1907,#1904,#1909,.T.);
#1656=EDGE_CURVE('',#1910,#1911,#1912,.T.);
#1657=EDGE_CURVE('0:16735',#1910,#1900,#1913,.T.);
#1658=EDGE_CURVE('0:16777',#1898,#1911,#1914,.T.);
#1659=EDGE_CURVE('',#1915,#1916,#1917,.T.);
#1660=EDGE_CURVE('0:16756',#1915,#1918,#1919,.T.);
#1661=EDGE_CURVE('0:16759',#1918,#1920,#1921,.T.);
#1662=EDGE_CURVE('0:16747',#1916,#1920,#1922,.T.);
#1663=EDGE_CURVE('',#1923,#1924,#1925,.T.);
#1664=EDGE_CURVE('0:16723',#1923,#1926,#1927,.T.);
#1665=EDGE_CURVE('0:16723',#1926,#1928,#1929,.T.);
#1666=EDGE_CURVE('0:16747',#1928,#1916,#1930,.T.);
#1667=EDGE_CURVE('0:16750',#1920,#1924,#1931,.T.);
#1668=EDGE_CURVE('',#1932,#1907,#1933,.T.);
#1669=EDGE_CURVE('0:16732',#1900,#1934,#1935,.T.);
#1670=EDGE_CURVE('0:16693',#1932,#1934,#1936,.T.);
#1671=EDGE_CURVE('',#1937,#1938,#1939,.T.);
#1672=EDGE_CURVE('0:16741',#1904,#1937,#1940,.T.);
#1673=EDGE_CURVE('0:16693',#1941,#1932,#1942,.T.);
#1674=EDGE_CURVE('0:16693',#1938,#1941,#1943,.T.);
#1675=EDGE_CURVE('',#1926,#1944,#1945,.T.);
#1676=EDGE_CURVE('0:16723',#1946,#1923,#1947,.T.);
#1677=EDGE_CURVE('0:16714',#1946,#1948,#1949,.T.);
#1678=EDGE_CURVE('0:16654',#1944,#1948,#1950,.T.);
#1679=EDGE_CURVE('',#1951,#1952,#1953,.T.);
#1680=EDGE_CURVE('0:16717',#1954,#1951,#1955,.T.);
#1681=EDGE_CURVE('0:16708',#1956,#1954,#1957,.T.);
#1682=EDGE_CURVE('0:16663',#1952,#1956,#1958,.T.);
#1683=EDGE_CURVE('',#1959,#1960,#1961,.T.);
#1684=EDGE_CURVE('0:16675',#1956,#1959,#1962,.T.);
#1685=EDGE_CURVE('0:16711',#1960,#1954,#1963,.T.);
#1686=EDGE_CURVE('',#1964,#1965,#1966,.T.);
#1687=EDGE_CURVE('0:16621',#1964,#1967,#1968,.T.);
#1688=EDGE_CURVE('0:16684',#1969,#1967,#1970,.T.);
#1689=EDGE_CURVE('0:16696',#1969,#1965,#1971,.T.);
#1690=EDGE_CURVE('',#1941,#1972,#1973,.T.);
#1691=EDGE_CURVE('0:16678',#1974,#1934,#1975,.T.);
#1692=EDGE_CURVE('0:16624',#1974,#1972,#1976,.T.);
#1693=EDGE_CURVE('',#1977,#1978,#1979,.T.);
#1694=EDGE_CURVE('0:16681',#1977,#1980,#1981,.T.);
#1695=EDGE_CURVE('0:16666',#1982,#1980,#1983,.T.);
#1696=EDGE_CURVE('0:16627',#1982,#1978,#1984,.T.);
#1697=EDGE_CURVE('',#1985,#1959,#1986,.T.);
#1698=EDGE_CURVE('0:16615',#1985,#1987,#1988,.T.);
#1699=EDGE_CURVE('0:16660',#1956,#1987,#1989,.T.);
#1700=EDGE_CURVE('',#1990,#1952,#1991,.T.);
#1701=EDGE_CURVE('0:16612',#1990,#1992,#1993,.T.);
#1702=EDGE_CURVE('0:16657',#1948,#1992,#1994,.T.);
#1703=EDGE_CURVE('0:16663',#1948,#1952,#1995,.T.);
#1704=EDGE_CURVE('',#1944,#1996,#1997,.T.);
#1705=EDGE_CURVE('0:16609',#1992,#1996,#1998,.T.);
#1706=EDGE_CURVE('',#1999,#1856,#2000,.T.);
#1707=EDGE_CURVE('0:16636',#2001,#1999,#2002,.T.);
#1708=EDGE_CURVE('',#2003,#2001,#2004,.T.);
#1709=EDGE_CURVE('0:16648',#1880,#2003,#2005,.T.);
#1710=EDGE_CURVE('0:16639',#1858,#1884,#2006,.T.);
#1711=EDGE_CURVE('',#2001,#2007,#2008,.T.);
#1712=EDGE_CURVE('',#2009,#1999,#2010,.T.);
#1713=EDGE_CURVE('0:16606',#2009,#2007,#2011,.T.);
#1714=EDGE_CURVE('',#2012,#2013,#2014,.T.);
#1715=EDGE_CURVE('0:16633',#2015,#2012,#2016,.F.);
#1716=EDGE_CURVE('',#2017,#2015,#2018,.T.);
#1717=EDGE_CURVE('0:16600',#2013,#2017,#2019,.T.);
#1718=EDGE_CURVE('',#2017,#2020,#2021,.T.);
#1719=EDGE_CURVE('0:16600',#2017,#2013,#2022,.T.);
#1720=EDGE_CURVE('',#2023,#2013,#2024,.T.);
#1721=EDGE_CURVE('0:16603',#2023,#2020,#2025,.T.);
#1722=EDGE_CURVE('0:16603',#2020,#2023,#2026,.T.);
#1723=EDGE_CURVE('0:16606',#2007,#2009,#2027,.T.);
#1724=EDGE_CURVE('0:16612',#1987,#1990,#2028,.T.);
#1725=EDGE_CURVE('0:16615',#2029,#1985,#2030,.T.);
#1726=EDGE_CURVE('0:16618',#1967,#2029,#2031,.T.);
#1727=EDGE_CURVE('0:16621',#2032,#1964,#2033,.T.);
#1728=EDGE_CURVE('0:16624',#1972,#2032,#2034,.T.);
#1729=EDGE_CURVE('0:16627',#1978,#1974,#2035,.T.);
#1730=EDGE_CURVE('0:16630',#2036,#1982,#2037,.T.);
#1731=EDGE_CURVE('0:16609',#1996,#2036,#2038,.T.);
#1732=EDGE_CURVE('0:16633',#2012,#2015,#2039,.F.);
#1733=EDGE_CURVE('0:16636',#1999,#2001,#2040,.T.);
#1734=EDGE_CURVE('0:16642',#1866,#1853,#2041,.T.);
#1735=EDGE_CURVE('0:16645',#2042,#1866,#2043,.T.);
#1736=EDGE_CURVE('0:16648',#2003,#2042,#2044,.T.);
#1737=EDGE_CURVE('0:16651',#2036,#2045,#2046,.T.);
#1738=EDGE_CURVE('0:16654',#2045,#1944,#2047,.T.);
#1739=EDGE_CURVE('0:16669',#1980,#2045,#2048,.T.);
#1740=EDGE_CURVE('0:16675',#1959,#2049,#2050,.T.);
#1741=EDGE_CURVE('0:16672',#2049,#2029,#2051,.T.);
#1742=EDGE_CURVE('0:16681',#1934,#1977,#2052,.T.);
#1743=EDGE_CURVE('0:16687',#2049,#1969,#2053,.T.);
#1744=EDGE_CURVE('0:16690',#2032,#2054,#2055,.T.);
#1745=EDGE_CURVE('0:16693',#2054,#1938,#2056,.T.);
#1746=EDGE_CURVE('0:16696',#1965,#2054,#2057,.T.);
#1747=EDGE_CURVE('0:16699',#1892,#2049,#2058,.T.);
#1748=EDGE_CURVE('0:16705',#1890,#1969,#2059,.T.);
#1749=EDGE_CURVE('0:16711',#1892,#1960,#2060,.T.);
#1750=EDGE_CURVE('0:16717',#1951,#1946,#2061,.T.);
#1751=EDGE_CURVE('0:16720',#2045,#1928,#2062,.T.);
#1752=EDGE_CURVE('0:16726',#2063,#1980,#2064,.T.);
#1753=EDGE_CURVE('0:16729',#1928,#2063,#2065,.T.);
#1754=EDGE_CURVE('0:16735',#2063,#1910,#2066,.T.);
#1755=EDGE_CURVE('0:16738',#2067,#2054,#2068,.T.);
#1756=EDGE_CURVE('0:16741',#1937,#2067,#2069,.T.);
#1757=EDGE_CURVE('0:16744',#2067,#1890,#2070,.T.);
#1758=EDGE_CURVE('0:16750',#1924,#2071,#2072,.T.);
#1759=EDGE_CURVE('0:16753',#2071,#1946,#2073,.T.);
#1760=EDGE_CURVE('0:16756',#2063,#1915,#2074,.T.);
#1761=EDGE_CURVE('0:16762',#2075,#1954,#2076,.T.);
#1762=EDGE_CURVE('0:16765',#2071,#2075,#2077,.T.);
#1763=EDGE_CURVE('0:16768',#2078,#1888,#2079,.T.);
#1764=EDGE_CURVE('0:16771',#2075,#2078,#2080,.T.);
#1765=EDGE_CURVE('0:16777',#1911,#1918,#2081,.T.);
#1766=EDGE_CURVE('0:16780',#2067,#2082,#2083,.T.);
#1767=EDGE_CURVE('0:16783',#2082,#1903,#2084,.T.);
#1768=EDGE_CURVE('0:16789',#2078,#2085,#2086,.T.);
#1769=EDGE_CURVE('0:16786',#2085,#1887,#2087,.T.);
#1770=EDGE_CURVE('0:16792',#2085,#2082,#2088,.T.);
#1771=EDGE_CURVE('0:16795',#1876,#1879,#2089,.T.);
#1772=EDGE_CURVE('0:16801',#2090,#1874,#2091,.T.);
#1773=EDGE_CURVE('0:16804',#1824,#2090,#2092,.T.);
#1774=EDGE_CURVE('0:16807',#2093,#1821,#2094,.T.);
#1775=EDGE_CURVE('0:16810',#1815,#2093,#2095,.T.);
#1776=EDGE_CURVE('0:16813',#2096,#1818,#2097,.T.);
#1777=EDGE_CURVE('0:16816',#1882,#2096,#2098,.T.);
#1778=EDGE_CURVE('0:16822',#1882,#1858,#2099,.T.);
#1779=EDGE_CURVE('0:16825',#1876,#2042,#2100,.T.);
#1780=EDGE_CURVE('0:16828',#1866,#1871,#2101,.T.);
#1781=EDGE_CURVE('0:16831',#1807,#2096,#2102,.T.);
#1782=EDGE_CURVE('0:16834',#1811,#1858,#2103,.T.);
#1783=EDGE_CURVE('0:16846',#2104,#1829,#2105,.T.);
#1784=EDGE_CURVE('0:16849',#2104,#1860,#2106,.T.);
#1785=EDGE_CURVE('0:16855',#1864,#1837,#2107,.T.);
#1786=EDGE_CURVE('0:16858',#1801,#1834,#2108,.T.);
#1787=EDGE_CURVE('0:16861',#1854,#1868,#2109,.T.);
#1788=EDGE_CURVE('0:16870',#1826,#2110,#2111,.T.);
#1789=EDGE_CURVE('0:16873',#2110,#1849,#2112,.T.);
#1790=EDGE_CURVE('0:16876',#1803,#1835,#2113,.T.);
#1791=EDGE_CURVE('0:16879',#1839,#2110,#2114,.T.);
#1792=EDGE_CURVE('0:16882',#1803,#1826,#2115,.T.);
#1793=EDGE_CURVE('0:16891',#1842,#2116,#2117,.T.);
#1794=EDGE_CURVE('0:16885',#2116,#1830,#2118,.T.);
#1795=EDGE_CURVE('0:16903',#2116,#2104,#2119,.T.);
#1796=EDGE_CURVE('0:16906',#1844,#2093,#2120,.T.);
#1797=EDGE_CURVE('0:16915',#2090,#1799,#2121,.T.);
#1798=VERTEX_POINT('',#2122);
#1799=VERTEX_POINT('',#2123);
#1800=LINE('',#2124,#2125);
#1801=VERTEX_POINT('',#2126);
#1802=CIRCLE('',#2127,0.000600000000000003);
#1803=VERTEX_POINT('',#2128);
#1804=LINE('',#2129,#2130);
#1805=CIRCLE('',#2131,0.000600000000000003);
#1806=VERTEX_POINT('',#2132);
#1807=VERTEX_POINT('',#2133);
#1808=LINE('',#2134,#2135);
#1809=VERTEX_POINT('',#2136);
#1810=CIRCLE('',#2137,0.000600000000000006);
#1811=VERTEX_POINT('',#2138);
#1812=LINE('',#2139,#2140);
#1813=CIRCLE('',#2141,0.000600000000000006);
#1814=VERTEX_POINT('',#2142);
#1815=VERTEX_POINT('',#2143);
#1816=CIRCLE('',#2144,0.0006);
#1817=CIRCLE('',#2145,0.005);
#1818=VERTEX_POINT('',#2146);
#1819=CIRCLE('',#2147,0.000600000000000006);
#1820=CIRCLE('',#2148,0.0056);
#1821=VERTEX_POINT('',#2149);
#1822=VERTEX_POINT('',#2150);
#1823=CIRCLE('',#2151,0.0006);
#1824=VERTEX_POINT('',#2152);
#1825=CIRCLE('',#2153,0.0312319660112501);
#1826=VERTEX_POINT('',#2154);
#1827=CIRCLE('',#2155,0.000600000000000003);
#1828=CIRCLE('',#2156,0.0306319660112501);
#1829=VERTEX_POINT('',#2157);
#1830=VERTEX_POINT('',#2158);
#1831=LINE('',#2159,#2160);
#1832=CIRCLE('',#2161,0.000800000000000002);
#1833=CIRCLE('',#2162,0.000800000000000002);
#1834=VERTEX_POINT('',#2163);
#1835=VERTEX_POINT('',#2164);
#1836=LINE('',#2165,#2166);
#1837=VERTEX_POINT('',#2167);
#1838=CIRCLE('',#2168,0.000800000000000011);
#1839=VERTEX_POINT('',#2169);
#1840=LINE('',#2170,#2171);
#1841=CIRCLE('',#2172,0.000799999999999982);
#1842=VERTEX_POINT('',#2173);
#1843=CIRCLE('',#2174,0.0008);
#1844=VERTEX_POINT('',#2175);
#1845=CIRCLE('',#2176,0.005);
#1846=VERTEX_POINT('',#2177);
#1847=CIRCLE('',#2178,0.000800000000000002);
#1848=CIRCLE('',#2179,0.0042);
#1849=VERTEX_POINT('',#2180);
#1850=CIRCLE('',#2181,0.0008);
#1851=CIRCLE('',#2182,0.0298319660112501);
#1852=CIRCLE('',#2183,0.0306319660112501);
#1853=VERTEX_POINT('',#2184);
#1854=VERTEX_POINT('',#2185);
#1855=CIRCLE('',#2186,0.0008);
#1856=VERTEX_POINT('',#2187);
#1857=CIRCLE('',#2188,0.02);
#1858=VERTEX_POINT('',#2189);
#1859=CIRCLE('',#2190,0.02);
#1860=VERTEX_POINT('',#2191);
#1861=CIRCLE('',#2192,0.000800000000000002);
#1862=CIRCLE('',#2193,0.0208);
#1863=VERTEX_POINT('',#2194);
#1864=VERTEX_POINT('',#2195);
#1865=CIRCLE('',#2196,0.0008);
#1866=VERTEX_POINT('',#2197);
#1867=CIRCLE('',#2198,0.005);
#1868=VERTEX_POINT('',#2199);
#1869=CIRCLE('',#2200,0.0008);
#1870=CIRCLE('',#2201,0.0042);
#1871=VERTEX_POINT('',#2202);
#1872=CIRCLE('',#2203,0.0006);
#1873=CIRCLE('',#2204,0.005);
#1874=VERTEX_POINT('',#2205);
#1875=CIRCLE('',#2206,0.000600000000000003);
#1876=VERTEX_POINT('',#2207);
#1877=CIRCLE('',#2208,0.0056);
#1878=B_SPLINE_CURVE_WITH_KNOTS('',3,(#2209,#2210,#2211,#2212,#2213,#2214,#2215,#2216,#2217,#2218,#2219,#2220,#2221,#2222,#2223,#2224,#2225,#2226,#2227,#2228),.UNSPECIFIED.,.F.,.F.,(4,2,2,2,2,2,2,2,2,4),(-0.00979182126038287,-0.00978361064398351,-0.0090065906682428,-0.00824515494253122,-0.00776925761396148,-0.00747182178360539,-0.00717438595324931,-0.00669848862467957,-0.00593705289896799,-0.00515182230682792),.UNSPECIFIED.);
#1879=VERTEX_POINT('',#2229);
#1880=VERTEX_POINT('',#2230);
#1881=CIRCLE('',#2231,0.0015);
#1882=VERTEX_POINT('',#2232);
#1883=CIRCLE('',#2233,0.0215);
#1884=VERTEX_POINT('',#2234);
#1885=CIRCLE('',#2235,0.0015);
#1886=CIRCLE('',#2236,0.02);
#1887=VERTEX_POINT('',#2237);
#1888=VERTEX_POINT('',#2238);
#1889=LINE('',#2239,#2240);
#1890=VERTEX_POINT('',#2241);
#1891=CIRCLE('',#2242,0.001);
#1892=VERTEX_POINT('',#2243);
#1893=LINE('',#2244,#2245);
#1894=CIRCLE('',#2246,0.001);
#1895=VERTEX_POINT('',#2247);
#1896=VERTEX_POINT('',#2248);
#1897=CIRCLE('',#2249,0.001);
#1898=VERTEX_POINT('',#2250);
#1899=CIRCLE('',#2251,0.0345);
#1900=VERTEX_POINT('',#2252);
#1901=CIRCLE('',#2253,0.00100000000000004);
#1902=CIRCLE('',#2254,0.0355);
#1903=VERTEX_POINT('',#2255);
#1904=VERTEX_POINT('',#2256);
#1905=CIRCLE('',#2257,0.001);
#1906=CIRCLE('',#2258,0.0345);
#1907=VERTEX_POINT('',#2259);
#1908=CIRCLE('',#2260,0.0355);
#1909=CIRCLE('',#2261,0.0355);
#1910=VERTEX_POINT('',#2262);
#1911=VERTEX_POINT('',#2263);
#1912=CIRCLE('',#2264,0.001);
#1913=CIRCLE('',#2265,0.00399999999878708);
#1914=CIRCLE('',#2266,0.00499999999878708);
#1915=VERTEX_POINT('',#2267);
#1916=VERTEX_POINT('',#2268);
#1917=LINE('',#2269,#2270);
#1918=VERTEX_POINT('',#2271);
#1919=CIRCLE('',#2272,0.00100000000000002);
#1920=VERTEX_POINT('',#2273);
#1921=LINE('',#2274,#2275);
#1922=CIRCLE('',#2276,0.000999999999999997);
#1923=VERTEX_POINT('',#2277);
#1924=VERTEX_POINT('',#2278);
#1925=CIRCLE('',#2279,0.001);
#1926=VERTEX_POINT('',#2280);
#1927=CIRCLE('',#2281,0.007);
#1928=VERTEX_POINT('',#2282);
#1929=CIRCLE('',#2283,0.007);
#1930=CIRCLE('',#2284,0.000999999999999997);
#1931=CIRCLE('',#2285,0.006);
#1932=VERTEX_POINT('',#2286);
#1933=LINE('',#2287,#2288);
#1934=VERTEX_POINT('',#2289);
#1935=LINE('',#2290,#2291);
#1936=CIRCLE('',#2292,0.0355);
#1937=VERTEX_POINT('',#2293);
#1938=VERTEX_POINT('',#2294);
#1939=LINE('',#2295,#2296);
#1940=CIRCLE('',#2297,0.0355);
#1941=VERTEX_POINT('',#2298);
#1942=CIRCLE('',#2299,0.0355);
#1943=CIRCLE('',#2300,0.0355);
#1944=VERTEX_POINT('',#2301);
#1945=LINE('',#2302,#2303);
#1946=VERTEX_POINT('',#2304);
#1947=CIRCLE('',#2305,0.007);
#1948=VERTEX_POINT('',#2306);
#1949=LINE('',#2307,#2308);
#1950=CIRCLE('',#2309,0.007);
#1951=VERTEX_POINT('',#2310);
#1952=VERTEX_POINT('',#2311);
#1953=LINE('',#2312,#2313);
#1954=VERTEX_POINT('',#2314);
#1955=CIRCLE('',#2315,0.042);
#1956=VERTEX_POINT('',#2316);
#1957=LINE('',#2317,#2318);
#1958=CIRCLE('',#2319,0.042);
#1959=VERTEX_POINT('',#2320);
#1960=VERTEX_POINT('',#2321);
#1961=LINE('',#2322,#2323);
#1962=CIRCLE('',#2324,0.007);
#1963=CIRCLE('',#2325,0.007);
#1964=VERTEX_POINT('',#2326);
#1965=VERTEX_POINT('',#2327);
#1966=LINE('',#2328,#2329);
#1967=VERTEX_POINT('',#2330);
#1968=CIRCLE('',#2331,0.00549999999880306);
#1969=VERTEX_POINT('',#2332);
#1970=LINE('',#2333,#2334);
#1971=CIRCLE('',#2335,0.00399999999880306);
#1972=VERTEX_POINT('',#2336);
#1973=LINE('',#2337,#2338);
#1974=VERTEX_POINT('',#2339);
#1975=LINE('',#2340,#2341);
#1976=CIRCLE('',#2342,0.034);
#1977=VERTEX_POINT('',#2343);
#1978=VERTEX_POINT('',#2344);
#1979=LINE('',#2345,#2346);
#1980=VERTEX_POINT('',#2347);
#1981=CIRCLE('',#2348,0.00399999999878708);
#1982=VERTEX_POINT('',#2349);
#1983=LINE('',#2350,#2351);
#1984=CIRCLE('',#2352,0.00549999999878708);
#1985=VERTEX_POINT('',#2353);
#1986=LINE('',#2354,#2355);
#1987=VERTEX_POINT('',#2356);
#1988=CIRCLE('',#2357,0.00550000000000001);
#1989=LINE('',#2358,#2359);
#1990=VERTEX_POINT('',#2360);
#1991=LINE('',#2361,#2362);
#1992=VERTEX_POINT('',#2363);
#1993=CIRCLE('',#2364,0.0405);
#1994=LINE('',#2365,#2366);
#1995=CIRCLE('',#2367,0.042);
#1996=VERTEX_POINT('',#2368);
#1997=LINE('',#2369,#2370);
#1998=CIRCLE('',#2371,0.00550000000000001);
#1999=VERTEX_POINT('',#2372);
#2000=LINE('',#2373,#2374);
#2001=VERTEX_POINT('',#2375);
#2002=CIRCLE('',#2376,0.02);
#2003=VERTEX_POINT('',#2377);
#2004=LINE('',#2378,#2379);
#2005=CIRCLE('',#2380,0.02);
#2006=B_SPLINE_CURVE_WITH_KNOTS('',3,(#2381,#2382,#2383,#2384,#2385,#2386,#2387,#2388,#2389,#2390,#2391,#2392,#2393,#2394,#2395,#2396,#2397,#2398,#2399,#2400),.UNSPECIFIED.,.F.,.F.,(4,2,2,2,2,2,2,2,2,4),(-8.21061639975427E-06,0.0,0.000777019975740395,0.00153845570145205,0.00201435303002184,0.00231178886037796,0.00260922469073407,0.00308512201930386,0.00384655774501552,0.00463178833715567),.UNSPECIFIED.);
#2007=VERTEX_POINT('',#2401);
#2008=LINE('',#2402,#2403);
#2009=VERTEX_POINT('',#2404);
#2010=LINE('',#2405,#2406);
#2011=CIRCLE('',#2407,0.0215);
#2012=VERTEX_POINT('',#2408);
#2013=VERTEX_POINT('',#2409);
#2014=LINE('',#2410,#2411);
#2015=VERTEX_POINT('',#2412);
#2016=CIRCLE('',#2413,0.00225);
#2017=VERTEX_POINT('',#2414);
#2018=LINE('',#2415,#2416);
#2019=CIRCLE('',#2417,0.00225);
#2020=VERTEX_POINT('',#2418);
#2021=LINE('',#2419,#2420);
#2022=CIRCLE('',#2421,0.00225);
#2023=VERTEX_POINT('',#2422);
#2024=LINE('',#2423,#2424);
#2025=CIRCLE('',#2425,0.00485000000000001);
#2026=CIRCLE('',#2426,0.00485000000000001);
#2027=CIRCLE('',#2427,0.0215);
#2028=CIRCLE('',#2428,0.0405);
#2029=VERTEX_POINT('',#2429);
#2030=CIRCLE('',#2430,0.00550000000000001);
#2031=LINE('',#2431,#2432);
#2032=VERTEX_POINT('',#2433);
#2033=CIRCLE('',#2434,0.00549999999880306);
#2034=CIRCLE('',#2435,0.034);
#2035=CIRCLE('',#2436,0.00549999999878708);
#2036=VERTEX_POINT('',#2437);
#2037=LINE('',#2438,#2439);
#2038=CIRCLE('',#2440,0.00550000000000001);
#2039=CIRCLE('',#2441,0.00225);
#2040=CIRCLE('',#2442,0.02);
#2041=CIRCLE('',#2443,0.02);
#2042=VERTEX_POINT('',#2444);
#2043=B_SPLINE_CURVE_WITH_KNOTS('',3,(#2445,#2446,#2447,#2448,#2449,#2450,#2451,#2452,#2453,#2454,#2455,#2456),.UNSPECIFIED.,.F.,.F.,(4,2,2,2,2,4),(0.00515182230682792,0.00574669396754009,0.00669848862467957,0.00822136007610273,0.00978361064398351,0.00979182126038287),.UNSPECIFIED.);
#2044=CIRCLE('',#2457,0.02);
#2045=VERTEX_POINT('',#2458);
#2046=LINE('',#2459,#2460);
#2047=CIRCLE('',#2461,0.007);
#2048=LINE('',#2462,#2463);
#2049=VERTEX_POINT('',#2464);
#2050=CIRCLE('',#2465,0.007);
#2051=LINE('',#2466,#2467);
#2052=CIRCLE('',#2468,0.00399999999878708);
#2053=LINE('',#2469,#2470);
#2054=VERTEX_POINT('',#2471);
#2055=LINE('',#2472,#2473);
#2056=CIRCLE('',#2474,0.0355);
#2057=CIRCLE('',#2475,0.00399999999880306);
#2058=LINE('',#2476,#2477);
#2059=LINE('',#2478,#2479);
#2060=CIRCLE('',#2480,0.007);
#2061=CIRCLE('',#2481,0.042);
#2062=LINE('',#2482,#2483);
#2063=VERTEX_POINT('',#2484);
#2064=LINE('',#2485,#2486);
#2065=LINE('',#2487,#2488);
#2066=CIRCLE('',#2489,0.00399999999878708);
#2067=VERTEX_POINT('',#2490);
#2068=LINE('',#2491,#2492);
#2069=CIRCLE('',#2493,0.0355);
#2070=CIRCLE('',#2494,0.00399999999880306);
#2071=VERTEX_POINT('',#2495);
#2072=CIRCLE('',#2496,0.006);
#2073=CIRCLE('',#2497,0.001);
#2074=CIRCLE('',#2498,0.00100000000000002);
#2075=VERTEX_POINT('',#2499);
#2076=CIRCLE('',#2500,0.001);
#2077=CIRCLE('',#2501,0.041);
#2078=VERTEX_POINT('',#2502);
#2079=CIRCLE('',#2503,0.001);
#2080=CIRCLE('',#2504,0.006);
#2081=CIRCLE('',#2505,0.00499999999878708);
#2082=VERTEX_POINT('',#2506);
#2083=CIRCLE('',#2507,0.001);
#2084=CIRCLE('',#2508,0.0345);
#2085=VERTEX_POINT('',#2509);
#2086=LINE('',#2510,#2511);
#2087=CIRCLE('',#2512,0.001);
#2088=CIRCLE('',#2513,0.00499999999880306);
#2089=CIRCLE('',#2514,0.0215);
#2090=VERTEX_POINT('',#2515);
#2091=LINE('',#2516,#2517);
#2092=CIRCLE('',#2518,0.0056);
#2093=VERTEX_POINT('',#2519);
#2094=CIRCLE('',#2520,0.0312319660112501);
#2095=CIRCLE('',#2521,0.0056);
#2096=VERTEX_POINT('',#2522);
#2097=LINE('',#2523,#2524);
#2098=CIRCLE('',#2525,0.0056);
#2099=B_SPLINE_CURVE_WITH_KNOTS('',3,(#2526,#2527,#2528,#2529,#2530,#2531,#2532,#2533,#2534,#2535,#2536,#2537),.UNSPECIFIED.,.F.,.F.,(4,2,2,2,2,4),(-0.00463178833715567,-0.00403691667644343,-0.00308512201930386,-0.00156225056788054,-0.0,8.21061639975427E-06),.UNSPECIFIED.);
#2100=CIRCLE('',#2538,0.0015);
#2101=B_SPLINE_CURVE_WITH_KNOTS('',3,(#2539,#2540,#2541,#2542,#2543,#2544,#2545,#2546,#2547,#2548,#2549,#2550,#2551,#2552,#2553,#2554,#2555,#2556,#2557,#2558),.UNSPECIFIED.,.F.,.F.,(4,2,2,2,2,2,2,2,2,4),(-0.00979182126038287,-0.00978361064398351,-0.0090065906682428,-0.00824515494253122,-0.00776925761396148,-0.00747182178360539,-0.00717438595324931,-0.00669848862467957,-0.00593705289896799,-0.00515182230682792),.UNSPECIFIED.);
#2102=CIRCLE('',#2559,0.000600000000000006);
#2103=CIRCLE('',#2560,0.005);
#2104=VERTEX_POINT('',#2561);
#2105=CIRCLE('',#2562,0.000800000000000002);
#2106=CIRCLE('',#2563,0.0042);
#2107=CIRCLE('',#2564,0.0042);
#2108=CIRCLE('',#2565,0.000800000000000011);
#2109=CIRCLE('',#2566,0.0208);
#2110=VERTEX_POINT('',#2567);
#2111=CIRCLE('',#2568,0.000799999999999985);
#2112=CIRCLE('',#2569,0.0298319660112501);
#2113=CIRCLE('',#2570,0.000799999999999982);
#2114=CIRCLE('',#2571,0.0042);
#2115=CIRCLE('',#2572,0.005);
#2116=VERTEX_POINT('',#2573);
#2117=CIRCLE('',#2574,0.0042);
#2118=CIRCLE('',#2575,0.000800000000000002);
#2119=LINE('',#2576,#2577);
#2120=CIRCLE('',#2578,0.000599999999999996);
#2121=CIRCLE('',#2579,0.000600000000000003);
#2122=CARTESIAN_POINT('',(-0.096803468558883,0.0494242640687119,-0.101137598636087));
#2123=CARTESIAN_POINT('',(-0.097190905016253,0.0494242640687119,-0.101651744180547));
#2124=CARTESIAN_POINT('',(-0.096997186787568,0.0494242640687119,-0.101394671408317));
#2125=VECTOR('',#2580,1.0);
#2126=CARTESIAN_POINT('',(-0.0969438175140009,0.049,-0.10103183811253));
#2127=AXIS2_PLACEMENT_3D('',#2581,#2582,#2583);
#2128=CARTESIAN_POINT('',(-0.0973312539713709,0.049,-0.10154598365699));
#2129=CARTESIAN_POINT('',(-0.0827574110030588,0.049,-0.0822058408147824));
#2130=VECTOR('',#2584,0.999999999999999);
#2131=AXIS2_PLACEMENT_3D('',#2585,#2586,#2587);
#2132=CARTESIAN_POINT('',(-0.0668915632490388,0.0494242640687119,-0.0614431595898582));
#2133=CARTESIAN_POINT('',(-0.0672789997064088,0.0494242640687119,-0.0619573051343179));
#2134=CARTESIAN_POINT('',(-0.0670852814777238,0.0494242640687119,-0.0617002323620881));
#2135=VECTOR('',#2588,1.0);
#2136=CARTESIAN_POINT('',(-0.0670319122041567,0.049,-0.0613373990663014));
#2137=AXIS2_PLACEMENT_3D('',#2589,#2590,#2591);
#2138=CARTESIAN_POINT('',(-0.0674193486615266,0.049,-0.0618515446107611));
#2139=CARTESIAN_POINT('',(-0.0827574110030588,0.049,-0.0822058408147824));
#2140=VECTOR('',#2592,0.999999999999999);
#2141=AXIS2_PLACEMENT_3D('',#2593,#2594,#2595);
#2142=CARTESIAN_POINT('',(-0.0660737494106853,0.049,-0.0576324584457408));
#2143=CARTESIAN_POINT('',(-0.0654795885694403,0.0496,-0.0575489545851648));
#2144=AXIS2_PLACEMENT_3D('',#2596,#2597,#2598);
#2145=AXIS2_PLACEMENT_3D('',#2599,#2600,#2601);
#2146=CARTESIAN_POINT('',(-0.0665527308981283,0.0496,-0.0616984880801926));
#2147=AXIS2_PLACEMENT_3D('',#2602,#2603,#2604);
#2148=AXIS2_PLACEMENT_3D('',#2605,#2606,#2607);
#2149=CARTESIAN_POINT('',(-0.113247545980372,0.0496,-0.0856843924890807));
#2150=CARTESIAN_POINT('',(-0.112653385139127,0.049,-0.0856008886285046));
#2151=AXIS2_PLACEMENT_3D('',#2608,#2609,#2610);
#2152=CARTESIAN_POINT('',(-0.105476569656778,0.0496,-0.102294533975791));
#2153=AXIS2_PLACEMENT_3D('',#2611,#2612,#2613);
#2154=CARTESIAN_POINT('',(-0.105031697713724,0.049,-0.101891931250659));
#2155=AXIS2_PLACEMENT_3D('',#2614,#2615,#2616);
#2156=AXIS2_PLACEMENT_3D('',#2617,#2618,#2619);
#2157=CARTESIAN_POINT('',(-0.0676064806016838,0.0484343145750508,-0.0617105305793521));
#2158=CARTESIAN_POINT('',(-0.0672190441443138,0.0484343145750508,-0.0611963850348923));
#2159=CARTESIAN_POINT('',(-0.0674127623729988,0.0484343145750508,-0.0614534578071222));
#2160=VECTOR('',#2620,1.0);
#2161=AXIS2_PLACEMENT_3D('',#2621,#2622,#2623);
#2162=AXIS2_PLACEMENT_3D('',#2624,#2625,#2626);
#2163=CARTESIAN_POINT('',(-0.0971309494541581,0.0484343145750508,-0.100890824081121));
#2164=CARTESIAN_POINT('',(-0.097518385911528,0.0484343145750508,-0.101404969625581));
#2165=CARTESIAN_POINT('',(-0.097324667682843,0.0484343145750508,-0.101147896853351));
#2166=VECTOR('',#2627,1.0);
#2167=CARTESIAN_POINT('',(-0.0975827259220387,0.0482,-0.100550386094009));
#2168=AXIS2_PLACEMENT_3D('',#2628,#2629,#2630);
#2169=CARTESIAN_POINT('',(-0.0979701623794087,0.0482,-0.101064531638468));
#2170=CARTESIAN_POINT('',(-0.0833963194110966,0.0482,-0.0817243887962608));
#2171=VECTOR('',#2631,0.999999999999999);
#2172=AXIS2_PLACEMENT_3D('',#2632,#2633,#2634);
#2173=CARTESIAN_POINT('',(-0.0668659638656785,0.0482,-0.0577437969265089));
#2174=AXIS2_PLACEMENT_3D('',#2635,#2636,#2637);
#2175=CARTESIAN_POINT('',(-0.0688218959853201,0.049,-0.053839901375079));
#2176=AXIS2_PLACEMENT_3D('',#2638,#2639,#2640);
#2177=CARTESIAN_POINT('',(-0.0691744069883718,0.0482,-0.054558048987153));
#2178=AXIS2_PLACEMENT_3D('',#2641,#2642,#2643);
#2179=AXIS2_PLACEMENT_3D('',#2644,#2645,#2646);
#2180=CARTESIAN_POINT('',(-0.111861170684133,0.0482,-0.0854895501477366));
#2181=AXIS2_PLACEMENT_3D('',#2647,#2648,#2649);
#2182=AXIS2_PLACEMENT_3D('',#2650,#2651,#2652);
#2183=AXIS2_PLACEMENT_3D('',#2653,#2654,#2655);
#2184=CARTESIAN_POINT('',(-0.10212488869024,0.049,-0.0841212049494169));
#2185=CARTESIAN_POINT('',(-0.102917103145233,0.0482,-0.084232543430185));
#2186=AXIS2_PLACEMENT_3D('',#2656,#2657,#2658);
#2187=CARTESIAN_POINT('',(-0.0851029893346099,0.049,-0.0615323815553842));
#2188=AXIS2_PLACEMENT_3D('',#2659,#2660,#2661);
#2189=CARTESIAN_POINT('',(-0.0735939264324922,0.049,-0.0633415241820438));
#2190=AXIS2_PLACEMENT_3D('',#2662,#2663,#2664);
#2191=CARTESIAN_POINT('',(-0.0732449023971756,0.0482,-0.062621675432117));
#2192=AXIS2_PLACEMENT_3D('',#2665,#2666,#2667);
#2193=AXIS2_PLACEMENT_3D('',#2668,#2669,#2670);
#2194=CARTESIAN_POINT('',(-0.0959856547205295,0.049,-0.0973268974919697));
#2195=CARTESIAN_POINT('',(-0.0967778691755228,0.0482,-0.0974382359727377));
#2196=AXIS2_PLACEMENT_3D('',#2671,#2672,#2673);
#2197=CARTESIAN_POINT('',(-0.0972135015144716,0.049,-0.0946857589834591));
#2198=AXIS2_PLACEMENT_3D('',#2674,#2675,#2676);
#2199=CARTESIAN_POINT('',(-0.0978092604824341,0.0482,-0.0952196796255889));
#2200=AXIS2_PLACEMENT_3D('',#2677,#2678,#2679);
#2201=AXIS2_PLACEMENT_3D('',#2680,#2681,#2682);
#2202=CARTESIAN_POINT('',(-0.0957358877820058,0.0494889275439358,-0.0972917950379483));
#2203=AXIS2_PLACEMENT_3D('',#2683,#2684,#2685);
#2204=AXIS2_PLACEMENT_3D('',#2686,#2687,#2688);
#2205=CARTESIAN_POINT('',(-0.0964646362079725,0.0496,-0.101392927126421));
#2206=AXIS2_PLACEMENT_3D('',#2689,#2690,#2691);
#2207=CARTESIAN_POINT('',(-0.0953523599928327,0.0496,-0.0984373122932805));
#2208=AXIS2_PLACEMENT_3D('',#2692,#2693,#2694);
#2209=CARTESIAN_POINT('',(-0.0972135015144708,0.0490000000000002,-0.0946857589834601));
#2210=CARTESIAN_POINT('',(-0.0972114988140601,0.0490005012860946,-0.0946879936352709));
#2211=CARTESIAN_POINT('',(-0.0972094976557929,0.0490010025726176,-0.0946902296726036));
#2212=CARTESIAN_POINT('',(-0.0970182632496371,0.0490489434681543,-0.094904206857022));
#2213=CARTESIAN_POINT('',(-0.0968412876042637,0.0490968795573373,-0.0951307615028103));
#2214=CARTESIAN_POINT('',(-0.0965258653372606,0.0491900377330615,-0.0955920711653611));
#2215=CARTESIAN_POINT('',(-0.0963867236482285,0.0492352900075648,-0.0958263247065286));
#2216=CARTESIAN_POINT('',(-0.0961886774850933,0.0493052876223145,-0.0962026912528672));
#2217=CARTESIAN_POINT('',(-0.0961191447894838,0.0493313597280528,-0.0963464223390846));
#2218=CARTESIAN_POINT('',(-0.0960157580226405,0.0493718264547762,-0.0965756080410015));
#2219=CARTESIAN_POINT('',(-0.0959782914421194,0.0493869338490459,-0.0966627130734686));
#2220=CARTESIAN_POINT('',(-0.0959074422876347,0.0494160785970968,-0.096834225845628));
#2221=CARTESIAN_POINT('',(-0.0958740583042137,0.0494301160905916,-0.0969186336821137));
#2222=CARTESIAN_POINT('',(-0.0957918135805848,0.0494650142804654,-0.0971340097211582));
#2223=CARTESIAN_POINT('',(-0.0957456822612985,0.0494849186051902,-0.0972625059335979));
#2224=CARTESIAN_POINT('',(-0.0956341582217672,0.0495316546946678,-0.0975847650890102));
#2225=CARTESIAN_POINT('',(-0.0955735731269041,0.0495555884288591,-0.097771926229629));
#2226=CARTESIAN_POINT('',(-0.0954583527488733,0.0495901011998285,-0.0981257562716932));
#2227=CARTESIAN_POINT('',(-0.0954042861048191,0.0496,-0.0982902472504452));
#2228=CARTESIAN_POINT('',(-0.0953523599928327,0.0496,-0.0984373122932805));
#2229=CARTESIAN_POINT('',(-0.0610287638374649,0.0496,-0.0783455212595742));
#2230=CARTESIAN_POINT('',(-0.0625141659405772,0.0511,-0.0785542809110143));
#2231=AXIS2_PLACEMENT_3D('',#2695,#2696,#2697);
#2232=CARTESIAN_POINT('',(-0.0694747018076645,0.0496,-0.06409650000299));
#2233=AXIS2_PLACEMENT_3D('',#2698,#2699,#2700);
#2234=CARTESIAN_POINT('',(-0.0703708524244839,0.0511,-0.0652993774165174));
#2235=AXIS2_PLACEMENT_3D('',#2701,#2702,#2703);
#2236=AXIS2_PLACEMENT_3D('',#2704,#2705,#2706);
#2237=CARTESIAN_POINT('',(-0.0586632044470284,0.0498928932188135,-0.111318675376477));
#2238=CARTESIAN_POINT('',(-0.0563188606092776,0.0498928932188135,-0.113085265170247));
#2239=CARTESIAN_POINT('',(-0.0574910325281531,0.0498928932188135,-0.112201970273362));
#2240=VECTOR('',#2707,1.0);
#2241=CARTESIAN_POINT('',(-0.0588394719862897,0.0506,-0.111552590301673));
#2242=AXIS2_PLACEMENT_3D('',#2708,#2709,#2710);
#2243=CARTESIAN_POINT('',(-0.056495128148539,0.0506,-0.113319180095444));
#2244=CARTESIAN_POINT('',(-0.0603949344716508,0.0506,-0.110380465246046));
#2245=VECTOR('',#2711,1.0);
#2246=AXIS2_PLACEMENT_3D('',#2712,#2713,#2714);
#2247=CARTESIAN_POINT('',(-0.0471650108750828,0.0506,-0.0763970978461333));
#2248=CARTESIAN_POINT('',(-0.0481552789438244,0.0496,-0.0765362709470933));
#2249=AXIS2_PLACEMENT_3D('',#2715,#2716,#2717);
#2250=CARTESIAN_POINT('',(-0.0491963691372014,0.0496,-0.0909869082983427));
#2251=AXIS2_PLACEMENT_3D('',#2718,#2719,#2720);
#2252=CARTESIAN_POINT('',(-0.048236277595804,0.0506,-0.091266594251042));
#2253=AXIS2_PLACEMENT_3D('',#2721,#2722,#2723);
#2254=AXIS2_PLACEMENT_3D('',#2724,#2725,#2726);
#2255=CARTESIAN_POINT('',(-0.116483775686993,0.0496,-0.0861392149133379));
#2256=CARTESIAN_POINT('',(-0.117474043755734,0.0506,-0.0862783880142979));
#2257=AXIS2_PLACEMENT_3D('',#2727,#2728,#2729);
#2258=AXIS2_PLACEMENT_3D('',#2730,#2731,#2732);
#2259=CARTESIAN_POINT('',(-0.0872601723994909,0.0506,-0.0461832264898898));
#2260=AXIS2_PLACEMENT_3D('',#2733,#2734,#2735);
#2261=AXIS2_PLACEMENT_3D('',#2736,#2737,#2738);
#2262=CARTESIAN_POINT('',(-0.0483569837051445,0.0506,-0.0929420304651715));
#2263=CARTESIAN_POINT('',(-0.0493472517738861,0.0496,-0.0930812035661316));
#2264=AXIS2_PLACEMENT_3D('',#2739,#2740,#2741);
#2265=AXIS2_PLACEMENT_3D('',#2742,#2743,#2744);
#2266=AXIS2_PLACEMENT_3D('',#2745,#2746,#2747);
#2267=CARTESIAN_POINT('',(-0.0469794390625188,0.0498928932188134,-0.0958137950259171));
#2268=CARTESIAN_POINT('',(-0.0446350952247593,0.0498928932188134,-0.0975803848196943));
#2269=CARTESIAN_POINT('',(-0.0458072671436391,0.0498928932188135,-0.0966970899228057));
#2270=VECTOR('',#2748,1.0);
#2271=CARTESIAN_POINT('',(-0.0474049865464096,0.0496,-0.0963785156107679));
#2272=AXIS2_PLACEMENT_3D('',#2749,#2750,#2751);
#2273=CARTESIAN_POINT('',(-0.04506064270865,0.0496,-0.0981451054045451));
#2274=CARTESIAN_POINT('',(-0.048960449031764,0.0496,-0.0952063905551461));
#2275=VECTOR('',#2752,1.0);
#2276=AXIS2_PLACEMENT_3D('',#2753,#2754,#2755);
#2277=CARTESIAN_POINT('',(-0.0417396563663713,0.0506,-0.101962706758108));
#2278=CARTESIAN_POINT('',(-0.0427299244351129,0.0496,-0.102101879859069));
#2279=AXIS2_PLACEMENT_3D('',#2756,#2757,#2758);
#2280=CARTESIAN_POINT('',(-0.0417878274455439,0.0506,-0.101666249374065));
#2281=AXIS2_PLACEMENT_3D('',#2759,#2760,#2761);
#2282=CARTESIAN_POINT('',(-0.044458827685498,0.0506,-0.0973464698944979));
#2283=AXIS2_PLACEMENT_3D('',#2762,#2763,#2764);
#2284=AXIS2_PLACEMENT_3D('',#2765,#2766,#2767);
#2285=AXIS2_PLACEMENT_3D('',#2768,#2769,#2770);
#2286=CARTESIAN_POINT('',(-0.0872601723994909,0.0541,-0.0461832264898898));
#2287=CARTESIAN_POINT('',(-0.0872601723994909,0.05235,-0.0461832264898898));
#2288=VECTOR('',#2771,1.0);
#2289=CARTESIAN_POINT('',(-0.048236277595804,0.0541,-0.091266594251042));
#2290=CARTESIAN_POINT('',(-0.048236277595804,0.0496,-0.091266594251042));
#2291=VECTOR('',#2772,1.0);
#2292=AXIS2_PLACEMENT_3D('',#2773,#2774,#2775);
#2293=CARTESIAN_POINT('',(-0.0773788822313263,0.0506,-0.116492259370541));
#2294=CARTESIAN_POINT('',(-0.0773788822313263,0.0541,-0.116492259370541));
#2295=CARTESIAN_POINT('',(-0.0773788822313263,0.05235,-0.116492259370541));
#2296=VECTOR('',#2776,1.0);
#2297=AXIS2_PLACEMENT_3D('',#2777,#2778,#2779);
#2298=CARTESIAN_POINT('',(-0.110671087922085,0.0541,-0.0599733096083139));
#2299=AXIS2_PLACEMENT_3D('',#2780,#2781,#2782);
#2300=AXIS2_PLACEMENT_3D('',#2783,#2784,#2785);
#2301=CARTESIAN_POINT('',(-0.0417878274455439,0.0541,-0.101666249374065));
#2302=CARTESIAN_POINT('',(-0.0417878274455439,0.05235,-0.101666249374065));
#2303=VECTOR('',#2786,1.0);
#2304=CARTESIAN_POINT('',(-0.0427405694640403,0.0506,-0.1066549385486));
#2305=AXIS2_PLACEMENT_3D('',#2787,#2788,#2789);
#2306=CARTESIAN_POINT('',(-0.0427405694640403,0.0541,-0.1066549385486));
#2307=CARTESIAN_POINT('',(-0.0427405694640403,0.0496,-0.1066549385486));
#2308=VECTOR('',#2790,1.0);
#2309=AXIS2_PLACEMENT_3D('',#2791,#2792,#2793);
#2310=CARTESIAN_POINT('',(-0.0447836583431859,0.0506,-0.109623049018362));
#2311=CARTESIAN_POINT('',(-0.0447836583431859,0.0541,-0.109623049018362));
#2312=CARTESIAN_POINT('',(-0.0447836583431859,0.05235,-0.109623049018362));
#2313=VECTOR('',#2794,1.0);
#2314=CARTESIAN_POINT('',(-0.0470736376307351,0.0506,-0.11240511422094));
#2315=AXIS2_PLACEMENT_3D('',#2795,#2796,#2797);
#2316=CARTESIAN_POINT('',(-0.0470736376307351,0.0541,-0.11240511422094));
#2317=CARTESIAN_POINT('',(-0.0470736376307351,0.0496,-0.11240511422094));
#2318=VECTOR('',#2798,1.0);
#2319=AXIS2_PLACEMENT_3D('',#2799,#2800,#2801);
#2320=CARTESIAN_POINT('',(-0.0516064621564031,0.0541,-0.114696017722493));
#2321=CARTESIAN_POINT('',(-0.0516064621564031,0.0506,-0.114696017722493));
#2322=CARTESIAN_POINT('',(-0.0516064621564031,0.05235,-0.114696017722493));
#2323=VECTOR('',#2802,1.0);
#2324=AXIS2_PLACEMENT_3D('',#2803,#2804,#2805);
#2325=AXIS2_PLACEMENT_3D('',#2806,#2807,#2808);
#2326=CARTESIAN_POINT('',(-0.0610184042989334,0.0556,-0.10925187380176));
#2327=CARTESIAN_POINT('',(-0.0610806755114681,0.0541,-0.110750580676399));
#2328=CARTESIAN_POINT('',(-0.0610495399052008,0.05485,-0.11000122723908));
#2329=VECTOR('',#2809,1.0);
#2330=CARTESIAN_POINT('',(-0.0579367494515617,0.0556,-0.110354637036602));
#2331=AXIS2_PLACEMENT_3D('',#2810,#2811,#2812);
#2332=CARTESIAN_POINT('',(-0.0588394719862897,0.0541,-0.111552590301673));
#2333=CARTESIAN_POINT('',(-0.0588394719862897,0.0541,-0.111552590301673));
#2334=VECTOR('',#2813,0.999999999999999);
#2335=AXIS2_PLACEMENT_3D('',#2814,#2815,#2816);
#2336=CARTESIAN_POINT('',(-0.109473134657014,0.0556,-0.0608760321430421));
#2337=CARTESIAN_POINT('',(-0.110072111289549,0.05485,-0.060424670875678));
#2338=VECTOR('',#2817,1.0);
#2339=CARTESIAN_POINT('',(-0.0496764149079,0.0556,-0.090847065321993));
#2340=CARTESIAN_POINT('',(-0.0496764149079,0.0556,-0.090847065321993));
#2341=VECTOR('',#2818,1.0);
#2342=AXIS2_PLACEMENT_3D('',#2819,#2820,#2821);
#2343=CARTESIAN_POINT('',(-0.04819187206933,0.0541,-0.0936465608116222));
#2344=CARTESIAN_POINT('',(-0.0496153573089932,0.0556,-0.0941195193430615));
#2345=CARTESIAN_POINT('',(-0.0489036146891616,0.05485,-0.0938830400773419));
#2346=VECTOR('',#2822,1.0);
#2347=CARTESIAN_POINT('',(-0.0468031715232576,0.0541,-0.0955798801007206));
#2348=AXIS2_PLACEMENT_3D('',#2823,#2824,#2825);
#2349=CARTESIAN_POINT('',(-0.0477058940579856,0.0556,-0.0967778333657915));
#2350=CARTESIAN_POINT('',(-0.0477058940579856,0.0556,-0.0967778333657915));
#2351=VECTOR('',#2826,0.999999999999999);
#2352=AXIS2_PLACEMENT_3D('',#2827,#2828,#2829);
#2353=CARTESIAN_POINT('',(-0.0517513109057041,0.0556,-0.113203027823055));
#2354=CARTESIAN_POINT('',(-0.0516788865310536,0.05485,-0.113949522772774));
#2355=VECTOR('',#2830,1.0);
#2356=CARTESIAN_POINT('',(-0.0481898059212507,0.0556,-0.111403032214691));
#2357=AXIS2_PLACEMENT_3D('',#2831,#2832,#2833);
#2358=CARTESIAN_POINT('',(-0.0470736376307351,0.0541,-0.11240511422094));
#2359=VECTOR('',#2834,1.0);
#2360=CARTESIAN_POINT('',(-0.0459816116082568,0.0556,-0.108720326483634));
#2361=CARTESIAN_POINT('',(-0.0453826349757213,0.05485,-0.109171687750998));
#2362=VECTOR('',#2835,1.0);
#2363=CARTESIAN_POINT('',(-0.0440114901890807,0.0556,-0.10585821995922));
#2364=AXIS2_PLACEMENT_3D('',#2836,#2837,#2838);
#2365=CARTESIAN_POINT('',(-0.0427405694640403,0.0541,-0.1066549385486));
#2366=VECTOR('',#2839,1.0);
#2367=AXIS2_PLACEMENT_3D('',#2840,#2841,#2842);
#2368=CARTESIAN_POINT('',(-0.0432629071745478,0.0556,-0.1019385356078));
#2369=CARTESIAN_POINT('',(-0.0425253673100459,0.05485,-0.101802392490933));
#2370=VECTOR('',#2843,1.0);
#2371=AXIS2_PLACEMENT_3D('',#2844,#2845,#2846);
#2372=CARTESIAN_POINT('',(-0.0851029893346099,0.0541,-0.0615323815553842));
#2373=CARTESIAN_POINT('',(-0.0851029893346099,0.0515446233710183,-0.0615323815553842));
#2374=VECTOR('',#2847,1.0);
#2375=CARTESIAN_POINT('',(-0.0795360652962073,0.0541,-0.101143104305047));
#2376=AXIS2_PLACEMENT_3D('',#2848,#2849,#2850);
#2377=CARTESIAN_POINT('',(-0.0795360652962073,0.0511,-0.101143104305047));
#2378=CARTESIAN_POINT('',(-0.0795360652962073,0.0515446233710183,-0.101143104305047));
#2379=VECTOR('',#2851,1.0);
#2380=AXIS2_PLACEMENT_3D('',#2852,#2853,#2854);
#2381=CARTESIAN_POINT('',(-0.0735939264324945,0.0489999999999977,-0.0633415241820428));
#2382=CARTESIAN_POINT('',(-0.0735921682250811,0.0490017545013324,-0.0633423766620205));
#2383=CARTESIAN_POINT('',(-0.0735904101410979,0.0490035090041615,-0.0633432294003871));
#2384=CARTESIAN_POINT('',(-0.0734222858401039,0.0491713021385401,-0.0634248065912176));
#2385=CARTESIAN_POINT('',(-0.0732552722502825,0.0493390784506802,-0.0635086828649908));
#2386=CARTESIAN_POINT('',(-0.0729215546033387,0.049665132065715,-0.0636823534431983));
#2387=CARTESIAN_POINT('',(-0.0727549008083346,0.0498235150264766,-0.0637719994964527));
#2388=CARTESIAN_POINT('',(-0.0724802866558224,0.0500685066781005,-0.0639249900908135));
#2389=CARTESIAN_POINT('',(-0.072373753248508,0.0501597590481847,-0.0639855936896016));
#2390=CARTESIAN_POINT('',(-0.0721988314482608,0.0503013925917166,-0.0640873060711641));
#2391=CARTESIAN_POINT('',(-0.0721311201295027,0.0503542684716607,-0.0641272034608535));
#2392=CARTESIAN_POINT('',(-0.0719947329537839,0.0504562750898388,-0.0642086760787361));
#2393=CARTESIAN_POINT('',(-0.0719260571921011,0.0505054063170704,-0.0642502512090518));
#2394=CARTESIAN_POINT('',(-0.0717461152665726,0.050627549981629,-0.0643607043301138));
#2395=CARTESIAN_POINT('',(-0.0716340188149547,0.0506972151181657,-0.0644309942859883));
#2396=CARTESIAN_POINT('',(-0.0713384504813837,0.0508607914313371,-0.0646206065084456));
#2397=CARTESIAN_POINT('',(-0.0711518919580218,0.0509445595010068,-0.0647444485832905));
#2398=CARTESIAN_POINT('',(-0.0707651883707527,0.0510653541993997,-0.0650112569610414));
#2399=CARTESIAN_POINT('',(-0.0705661053740851,0.0511,-0.0651539128419454));
#2400=CARTESIAN_POINT('',(-0.0703708524244839,0.0511,-0.0652993774165174));
#2401=CARTESIAN_POINT('',(-0.0793273056447672,0.0556,-0.102628506408159));
#2402=CARTESIAN_POINT('',(-0.0793273056447672,0.0556,-0.102628506408159));
#2403=VECTOR('',#2855,1.0);
#2404=CARTESIAN_POINT('',(-0.08531174898605,0.0556,-0.0600469794522718));
#2405=CARTESIAN_POINT('',(-0.08531174898605,0.0556,-0.0600469794522718));
#2406=VECTOR('',#2856,1.0);
#2407=AXIS2_PLACEMENT_3D('',#2857,#2858,#2859);
#2408=CARTESIAN_POINT('',(-0.0519959741690509,0.0496,-0.102196043583753));
#2409=CARTESIAN_POINT('',(-0.0519959741690509,0.053,-0.102196043583753));
#2410=CARTESIAN_POINT('',(-0.0519959741690509,0.0513,-0.102196043583753));
#2411=VECTOR('',#2860,1.0);
#2412=CARTESIAN_POINT('',(-0.0513696952147306,0.0496,-0.10665224989309));
#2413=AXIS2_PLACEMENT_3D('',#2861,#2862,#2863);
#2414=CARTESIAN_POINT('',(-0.0513696952147306,0.053,-0.10665224989309));
#2415=CARTESIAN_POINT('',(-0.0513696952147306,0.0513,-0.10665224989309));
#2416=VECTOR('',#2864,1.0);
#2417=AXIS2_PLACEMENT_3D('',#2865,#2866,#2867);
#2418=CARTESIAN_POINT('',(-0.0510078451522344,0.0556,-0.109226946871819));
#2419=CARTESIAN_POINT('',(-0.0510078451522344,0.0556,-0.109226946871819));
#2420=VECTOR('',#2868,1.0);
#2421=AXIS2_PLACEMENT_3D('',#2869,#2870,#2871);
#2422=CARTESIAN_POINT('',(-0.0523578242315471,0.0556,-0.0996213466050253));
#2423=CARTESIAN_POINT('',(-0.0523578242315471,0.0556,-0.0996213466050253));
#2424=VECTOR('',#2872,1.0);
#2425=AXIS2_PLACEMENT_3D('',#2873,#2874,#2875);
#2426=AXIS2_PLACEMENT_3D('',#2876,#2877,#2878);
#2427=AXIS2_PLACEMENT_3D('',#2879,#2880,#2881);
#2428=AXIS2_PLACEMENT_3D('',#2882,#2883,#2884);
#2429=CARTESIAN_POINT('',(-0.0555924056138109,0.0556,-0.112121226830373));
#2430=AXIS2_PLACEMENT_3D('',#2885,#2886,#2887);
#2431=CARTESIAN_POINT('',(-0.0594922119369227,0.0556,-0.109182511980975));
#2432=VECTOR('',#2888,1.0);
#2433=CARTESIAN_POINT('',(-0.0641809187562297,0.0556,-0.110095192044087));
#2434=AXIS2_PLACEMENT_3D('',#2889,#2890,#2891);
#2435=AXIS2_PLACEMENT_3D('',#2892,#2893,#2894);
#2436=AXIS2_PLACEMENT_3D('',#2895,#2896,#2897);
#2437=CARTESIAN_POINT('',(-0.045361550220226,0.0556,-0.0985444231595688));
#2438=CARTESIAN_POINT('',(-0.04926135654334,0.0556,-0.0956057083101697));
#2439=VECTOR('',#2898,1.0);
#2440=AXIS2_PLACEMENT_3D('',#2899,#2900,#2901);
#2441=AXIS2_PLACEMENT_3D('',#2902,#2903,#2904);
#2442=AXIS2_PLACEMENT_3D('',#2905,#2906,#2907);
#2443=AXIS2_PLACEMENT_3D('',#2908,#2909,#2910);
#2444=CARTESIAN_POINT('',(-0.0944430925967334,0.0511,-0.0972443190819038));
#2445=CARTESIAN_POINT('',(-0.0944430925967334,0.0511,-0.0972443190819038));
#2446=CARTESIAN_POINT('',(-0.0945897960288512,0.0511,-0.0971325056646534));
#2447=CARTESIAN_POINT('',(-0.0947355655041957,0.0510801911210015,-0.097018156578921));
#2448=CARTESIAN_POINT('',(-0.0951052509711233,0.0509856847607948,-0.0967198986451831));
#2449=CARTESIAN_POINT('',(-0.0953217003731147,0.0508859570179789,-0.0965369686442736));
#2450=CARTESIAN_POINT('',(-0.0958491736540319,0.050558804391636,-0.0960732600323429));
#2451=CARTESIAN_POINT('',(-0.0961436989339801,0.0502889581541628,-0.0957960409415763));
#2452=CARTESIAN_POINT('',(-0.0967003815462576,0.0496800512439895,-0.0952427419275064));
#2453=CARTESIAN_POINT('',(-0.0969613763989683,0.0493390952729185,-0.0949669204968661));
#2454=CARTESIAN_POINT('',(-0.0972108931321328,0.0490035090041616,-0.0946886690378131));
#2455=CARTESIAN_POINT('',(-0.0972121974304814,0.0490017545013328,-0.0946872141055706));
#2456=CARTESIAN_POINT('',(-0.0972135015144707,0.0490000000000012,-0.0946857589834601));
#2457=AXIS2_PLACEMENT_3D('',#2911,#2912,#2913);
#2458=CARTESIAN_POINT('',(-0.044458827685498,0.0541,-0.0973464698944979));
#2459=CARTESIAN_POINT('',(-0.045361550220226,0.0556,-0.0985444231595688));
#2460=VECTOR('',#2914,1.0);
#2461=AXIS2_PLACEMENT_3D('',#2915,#2916,#2917);
#2462=CARTESIAN_POINT('',(-0.048358634008612,0.0541,-0.0944077550450988));
#2463=VECTOR('',#2918,1.0);
#2464=CARTESIAN_POINT('',(-0.056495128148539,0.0541,-0.113319180095444));
#2465=AXIS2_PLACEMENT_3D('',#2919,#2920,#2921);
#2466=CARTESIAN_POINT('',(-0.056495128148539,0.0541,-0.113319180095444));
#2467=VECTOR('',#2922,0.999999999999999);
#2468=AXIS2_PLACEMENT_3D('',#2923,#2924,#2925);
#2469=CARTESIAN_POINT('',(-0.0603949344716507,0.0541,-0.110380465246046));
#2470=VECTOR('',#2926,1.0);
#2471=CARTESIAN_POINT('',(-0.0633806860256777,0.0541,-0.111363903034405));
#2472=CARTESIAN_POINT('',(-0.0641809187562297,0.0556,-0.110095192044087));
#2473=VECTOR('',#2927,1.0);
#2474=AXIS2_PLACEMENT_3D('',#2928,#2929,#2930);
#2475=AXIS2_PLACEMENT_3D('',#2931,#2932,#2933);
#2476=CARTESIAN_POINT('',(-0.056495128148539,0.0496,-0.113319180095444));
#2477=VECTOR('',#2934,1.0);
#2478=CARTESIAN_POINT('',(-0.0588394719862897,0.0496,-0.111552590301673));
#2479=VECTOR('',#2935,1.0);
#2480=AXIS2_PLACEMENT_3D('',#2936,#2937,#2938);
#2481=AXIS2_PLACEMENT_3D('',#2939,#2940,#2941);
#2482=CARTESIAN_POINT('',(-0.044458827685498,0.0496,-0.0973464698944979));
#2483=VECTOR('',#2942,1.0);
#2484=CARTESIAN_POINT('',(-0.0468031715232576,0.0506,-0.0955798801007206));
#2485=CARTESIAN_POINT('',(-0.0468031715232576,0.0496,-0.0955798801007206));
#2486=VECTOR('',#2943,1.0);
#2487=CARTESIAN_POINT('',(-0.048358634008612,0.0506,-0.0944077550450988));
#2488=VECTOR('',#2944,1.0);
#2489=AXIS2_PLACEMENT_3D('',#2945,#2946,#2947);
#2490=CARTESIAN_POINT('',(-0.0633806860256777,0.0506,-0.111363903034405));
#2491=CARTESIAN_POINT('',(-0.0633806860256777,0.0496,-0.111363903034405));
#2492=VECTOR('',#2948,1.0);
#2493=AXIS2_PLACEMENT_3D('',#2949,#2950,#2951);
#2494=AXIS2_PLACEMENT_3D('',#2952,#2953,#2954);
#2495=CARTESIAN_POINT('',(-0.0435878499474006,0.0496,-0.106123792822347));
#2496=AXIS2_PLACEMENT_3D('',#2955,#2956,#2957);
#2497=AXIS2_PLACEMENT_3D('',#2958,#2959,#2960);
#2498=AXIS2_PLACEMENT_3D('',#2961,#2962,#2963);
#2499=CARTESIAN_POINT('',(-0.0478177498244122,0.0496,-0.111737059550108));
#2500=AXIS2_PLACEMENT_3D('',#2964,#2965,#2966);
#2501=AXIS2_PLACEMENT_3D('',#2967,#2968,#2969);
#2502=CARTESIAN_POINT('',(-0.0558933131253869,0.0496,-0.112520544585396));
#2503=AXIS2_PLACEMENT_3D('',#2970,#2971,#2972);
#2504=AXIS2_PLACEMENT_3D('',#2973,#2974,#2975);
#2505=AXIS2_PLACEMENT_3D('',#2976,#2977,#2978);
#2506=CARTESIAN_POINT('',(-0.0639141745127124,0.0496,-0.110518095707526));
#2507=AXIS2_PLACEMENT_3D('',#2979,#2980,#2981);
#2508=AXIS2_PLACEMENT_3D('',#2982,#2983,#2984);
#2509=CARTESIAN_POINT('',(-0.0582376569631377,0.0496,-0.110753954791626));
#2510=CARTESIAN_POINT('',(-0.0597931194484987,0.0496,-0.109581829735999));
#2511=VECTOR('',#2985,1.0);
#2512=AXIS2_PLACEMENT_3D('',#2986,#2987,#2988);
#2513=AXIS2_PLACEMENT_3D('',#2989,#2990,#2991);
#2514=AXIS2_PLACEMENT_3D('',#2992,#2993,#2994);
#2515=CARTESIAN_POINT('',(-0.0968520726653425,0.0496,-0.101907072670881));
#2516=CARTESIAN_POINT('',(-0.0822782296970304,0.0496,-0.0825669298286736));
#2517=VECTOR('',#2995,0.999999999999999);
#2518=AXIS2_PLACEMENT_3D('',#2996,#2997,#2998);
#2519=CARTESIAN_POINT('',(-0.0685575127330314,0.0496,-0.0533012906660236));
#2520=AXIS2_PLACEMENT_3D('',#2999,#3000,#3001);
#2521=AXIS2_PLACEMENT_3D('',#3002,#3003,#3004);
#2522=CARTESIAN_POINT('',(-0.0669401673554983,0.0496,-0.0622126336246524));
#2523=CARTESIAN_POINT('',(-0.0822782296970304,0.0496,-0.0825669298286736));
#2524=VECTOR('',#3005,0.999999999999999);
#2525=AXIS2_PLACEMENT_3D('',#3006,#3007,#3008);
#2526=CARTESIAN_POINT('',(-0.0694747018076645,0.0496,-0.06409650000299));
#2527=CARTESIAN_POINT('',(-0.0695926417839485,0.0496,-0.0640893954856178));
#2528=CARTESIAN_POINT('',(-0.0697204321829507,0.0495943403202861,-0.0640838127825656));
#2529=CARTESIAN_POINT('',(-0.0700772184498256,0.0495673385030842,-0.0640704195283446));
#2530=CARTESIAN_POINT('',(-0.0703195098864786,0.0495388448622797,-0.0640634392667635));
#2531=CARTESIAN_POINT('',(-0.0710005410337381,0.0494453726833246,-0.0640266850149793));
#2532=CARTESIAN_POINT('',(-0.0714778581433992,0.0493682737583322,-0.0639848487098171));
#2533=CARTESIAN_POINT('',(-0.0725142131790704,0.0491943003554255,-0.0637727584798015));
#2534=CARTESIAN_POINT('',(-0.0730717264827642,0.0490968843636912,-0.0635938330576225));
#2535=CARTESIAN_POINT('',(-0.073588525317244,0.0490010025726176,-0.0633441406490931));
#2536=CARTESIAN_POINT('',(-0.0735912263282488,0.0490005012860959,-0.0633428333477247));
#2537=CARTESIAN_POINT('',(-0.0735939264324902,0.0490000000000004,-0.0633415241820448));
#2538=AXIS2_PLACEMENT_3D('',#3009,#3010,#3011);
#2539=CARTESIAN_POINT('',(-0.0972135015144708,0.0490000000000002,-0.0946857589834601));
#2540=CARTESIAN_POINT('',(-0.0972114988140601,0.0490005012860946,-0.0946879936352709));
#2541=CARTESIAN_POINT('',(-0.0972094976557929,0.0490010025726176,-0.0946902296726036));
#2542=CARTESIAN_POINT('',(-0.0970182632496371,0.0490489434681543,-0.094904206857022));
#2543=CARTESIAN_POINT('',(-0.0968412876042637,0.0490968795573373,-0.0951307615028103));
#2544=CARTESIAN_POINT('',(-0.0965258653372606,0.0491900377330615,-0.0955920711653611));
#2545=CARTESIAN_POINT('',(-0.0963867236482285,0.0492352900075648,-0.0958263247065286));
#2546=CARTESIAN_POINT('',(-0.0961886774850933,0.0493052876223145,-0.0962026912528672));
#2547=CARTESIAN_POINT('',(-0.0961191447894838,0.0493313597280528,-0.0963464223390846));
#2548=CARTESIAN_POINT('',(-0.0960157580226405,0.0493718264547762,-0.0965756080410015));
#2549=CARTESIAN_POINT('',(-0.0959782914421194,0.0493869338490459,-0.0966627130734686));
#2550=CARTESIAN_POINT('',(-0.0959074422876347,0.0494160785970968,-0.096834225845628));
#2551=CARTESIAN_POINT('',(-0.0958740583042137,0.0494301160905916,-0.0969186336821137));
#2552=CARTESIAN_POINT('',(-0.0957918135805848,0.0494650142804654,-0.0971340097211582));
#2553=CARTESIAN_POINT('',(-0.0957456822612985,0.0494849186051902,-0.0972625059335979));
#2554=CARTESIAN_POINT('',(-0.0956341582217672,0.0495316546946678,-0.0975847650890102));
#2555=CARTESIAN_POINT('',(-0.0955735731269041,0.0495555884288591,-0.097771926229629));
#2556=CARTESIAN_POINT('',(-0.0954583527488733,0.0495901011998285,-0.0981257562716932));
#2557=CARTESIAN_POINT('',(-0.0954042861048191,0.0496,-0.0982902472504452));
#2558=CARTESIAN_POINT('',(-0.0953523599928327,0.0496,-0.0984373122932805));
#2559=AXIS2_PLACEMENT_3D('',#3012,#3013,#3014);
#2560=AXIS2_PLACEMENT_3D('',#3015,#3016,#3017);
#2561=CARTESIAN_POINT('',(-0.0680582570695645,0.0482,-0.0613700925922395));
#2562=AXIS2_PLACEMENT_3D('',#3018,#3019,#3020);
#2563=AXIS2_PLACEMENT_3D('',#3021,#3022,#3023);
#2564=AXIS2_PLACEMENT_3D('',#3024,#3025,#3026);
#2565=AXIS2_PLACEMENT_3D('',#3027,#3028,#3029);
#2566=AXIS2_PLACEMENT_3D('',#3030,#3031,#3032);
#2567=CARTESIAN_POINT('',(-0.104438535122985,0.0482,-0.101355127617151));
#2568=AXIS2_PLACEMENT_3D('',#3033,#3034,#3035);
#2569=AXIS2_PLACEMENT_3D('',#3036,#3037,#3038);
#2570=AXIS2_PLACEMENT_3D('',#3039,#3040,#3041);
#2571=AXIS2_PLACEMENT_3D('',#3042,#3043,#3044);
#2572=AXIS2_PLACEMENT_3D('',#3045,#3046,#3047);
#2573=CARTESIAN_POINT('',(-0.0676708206121945,0.0482,-0.0608559470477797));
#2574=AXIS2_PLACEMENT_3D('',#3048,#3049,#3050);
#2575=AXIS2_PLACEMENT_3D('',#3051,#3052,#3053);
#2576=CARTESIAN_POINT('',(-0.0833963194110966,0.0482,-0.0817243887962608));
#2577=VECTOR('',#3054,0.999999999999999);
#2578=AXIS2_PLACEMENT_3D('',#3055,#3056,#3057);
#2579=AXIS2_PLACEMENT_3D('',#3058,#3059,#3060);
#2580=DIRECTION('',(-0.601815023152048,-1.37545650500411E-32,-0.798635510047293));
#2581=CARTESIAN_POINT('',(-0.0964646362079725,0.049,-0.101392927126421));
#2582=DIRECTION('',(0.601815023152048,1.37545650500411E-32,0.798635510047293));
#2583=DIRECTION('',(-5.86312600059585E-33,1.0,-1.28043990175738E-32));
#2584=DIRECTION('',(-0.601815023152048,-1.37545650500411E-32,-0.798635510047293));
#2585=CARTESIAN_POINT('',(-0.0968520726653425,0.049,-0.101907072670881));
#2586=DIRECTION('',(0.601815023152047,1.37545650500411E-32,0.798635510047293));
#2587=DIRECTION('',(-5.86312600059584E-33,1.0,-1.28043990175738E-32));
#2588=DIRECTION('',(-0.601815023152048,-1.37545650500411E-32,-0.798635510047293));
#2589=CARTESIAN_POINT('',(-0.0665527308981283,0.049,-0.0616984880801926));
#2590=DIRECTION('',(-0.601815023152048,-1.37545650500411E-32,-0.798635510047293));
#2591=DIRECTION('',(-0.798635510047293,-7.76247730546873E-33,0.601815023152048));
#2592=DIRECTION('',(-0.601815023152048,-1.37545650500411E-32,-0.798635510047293));
#2593=CARTESIAN_POINT('',(-0.0669401673554983,0.049,-0.0622126336246524));
#2594=DIRECTION('',(-0.601815023152048,-1.37545650500411E-32,-0.798635510047293));
#2595=DIRECTION('',(-0.798635510047293,-7.76247730546874E-33,0.601815023152048));
#2596=CARTESIAN_POINT('',(-0.0654795885694403,0.049,-0.0575489545851648));
#2597=DIRECTION('',(0.139173100960065,-8.0297716593641E-33,-0.99026806874157));
#2598=DIRECTION('',(0.99026806874157,3.75406797826163E-33,0.139173100960065));
#2599=CARTESIAN_POINT('',(-0.0710250897543931,0.049,-0.0583283239505411));
#2600=DIRECTION('',(-2.60000542492277E-33,1.0,-8.47409175530384E-33));
#2601=DIRECTION('',(0.972663812201551,4.49676616554759E-33,0.23221780386858));
#2602=CARTESIAN_POINT('',(-0.0665527308981283,0.049,-0.0616984880801926));
#2603=DIRECTION('',(-0.601815023152048,-1.37545650500411E-32,-0.798635510047293));
#2604=DIRECTION('',(-0.798635510047293,-7.76247730546873E-33,0.601815023152048));
#2605=CARTESIAN_POINT('',(-0.0710250897543931,0.0496,-0.0583283239505411));
#2606=DIRECTION('',(2.60000542492277E-33,-1.0,8.47409175530384E-33));
#2607=DIRECTION('',(0.972663812201551,4.49676616554759E-33,0.23221780386858));
#2608=CARTESIAN_POINT('',(-0.113247545980372,0.049,-0.0856843924890807));
#2609=DIRECTION('',(0.139173100960065,-8.0297716593641E-33,-0.99026806874157));
#2610=DIRECTION('',(-0.99026806874157,-3.75406797826164E-33,-0.139173100960065));
#2611=CARTESIAN_POINT('',(-0.0823195273154086,0.0496,-0.0813377429302156));
#2612=DIRECTION('',(2.60000542492277E-33,-1.0,8.47409175530384E-33));
#2613=DIRECTION('',(-0.798635510047293,3.02337906725183E-33,0.601815023152047));
#2614=CARTESIAN_POINT('',(-0.105476569656778,0.049,-0.102294533975791));
#2615=DIRECTION('',(0.671004541885913,5.03317264662435E-33,-0.741453238423352));
#2616=DIRECTION('',(-9.02265957986495E-33,1.0,-1.37712381366991E-33));
#2617=CARTESIAN_POINT('',(-0.0823195273154086,0.049,-0.0813377429302156));
#2618=DIRECTION('',(-2.60000542492277E-33,1.0,-8.47409175530384E-33));
#2619=DIRECTION('',(-0.798635510047293,3.02337906725183E-33,0.601815023152047));
#2620=DIRECTION('',(0.601815023152048,1.37545650500411E-32,0.798635510047293));
#2621=CARTESIAN_POINT('',(-0.0680582570695645,0.049,-0.0613700925922395));
#2622=DIRECTION('',(0.601815023152048,1.37545650500411E-32,0.798635510047293));
#2623=DIRECTION('',(5.86312600059585E-33,-1.0,1.28043990175738E-32));
#2624=CARTESIAN_POINT('',(-0.0676708206121945,0.049,-0.0608559470477797));
#2625=DIRECTION('',(0.601815023152048,1.37545650500411E-32,0.798635510047293));
#2626=DIRECTION('',(5.86312600059586E-33,-1.0,1.28043990175738E-32));
#2627=DIRECTION('',(-0.601815023152048,-1.37545650500411E-32,-0.798635510047293));
#2628=CARTESIAN_POINT('',(-0.0975827259220387,0.049,-0.100550386094009));
#2629=DIRECTION('',(-0.601815023152048,-5.87747175411127E-31,-0.798635510047293));
#2630=DIRECTION('',(0.798635510047293,-8.67361737988391E-15,-0.601815023152048));
#2631=DIRECTION('',(-0.601815023152048,-1.37545650500411E-32,-0.798635510047293));
#2632=CARTESIAN_POINT('',(-0.0979701623794087,0.049,-0.101064531638468));
#2633=DIRECTION('',(-0.601815023152047,0.0,-0.798635510047293));
#2634=DIRECTION('',(0.798635510047293,-8.67361737988423E-15,-0.601815023152047));
#2635=CARTESIAN_POINT('',(-0.0668659638656785,0.049,-0.0577437969265089));
#2636=DIRECTION('',(0.139173100960066,-8.0297716593641E-33,-0.99026806874157));
#2637=DIRECTION('',(0.99026806874157,3.75406797826164E-33,0.139173100960066));
#2638=CARTESIAN_POINT('',(-0.0710250897543931,0.049,-0.0583283239505411));
#2639=DIRECTION('',(-2.60000542492277E-33,1.0,-8.47409175530384E-33));
#2640=DIRECTION('',(0.972663812201551,4.49676616554759E-33,0.23221780386858));
#2641=CARTESIAN_POINT('',(-0.0691744069883718,0.049,-0.054558048987153));
#2642=DIRECTION('',(-0.897684515092421,-1.02139745825421E-32,0.440638753814601));
#2643=DIRECTION('',(1.30257162595671E-32,-1.0,3.35651185660624E-33));
#2644=CARTESIAN_POINT('',(-0.0710250897543931,0.0482,-0.0583283239505411));
#2645=DIRECTION('',(-2.60000542492277E-33,1.0,-8.47409175530384E-33));
#2646=DIRECTION('',(0.972663812201551,4.49676616554758E-33,0.232217803868579));
#2647=CARTESIAN_POINT('',(-0.111861170684133,0.049,-0.0854895501477366));
#2648=DIRECTION('',(0.139173100960065,-8.0297716593641E-33,-0.99026806874157));
#2649=DIRECTION('',(-0.99026806874157,-3.75406797826163E-33,-0.139173100960065));
#2650=CARTESIAN_POINT('',(-0.0823195273154086,0.0482,-0.0813377429302156));
#2651=DIRECTION('',(-2.60000542492277E-33,1.0,-8.47409175530384E-33));
#2652=DIRECTION('',(-0.798635510047293,3.02337906725183E-33,0.601815023152047));
#2653=CARTESIAN_POINT('',(-0.0823195273154086,0.049,-0.0813377429302156));
#2654=DIRECTION('',(-2.60000542492277E-33,1.0,-8.47409175530384E-33));
#2655=DIRECTION('',(-0.798635510047293,3.02337906725183E-33,0.601815023152047));
#2656=CARTESIAN_POINT('',(-0.102917103145233,0.049,-0.084232543430185));
#2657=DIRECTION('',(0.139173100960065,-8.0297716593641E-33,-0.99026806874157));
#2658=DIRECTION('',(-0.99026806874157,-3.75406797826163E-33,-0.139173100960065));
#2659=CARTESIAN_POINT('',(-0.0823195273154086,0.049,-0.0813377429302156));
#2660=DIRECTION('',(-2.60000542492277E-33,1.0,-8.47409175530384E-33));
#2661=DIRECTION('',(-0.798635510047293,3.02337906725183E-33,0.601815023152048));
#2662=CARTESIAN_POINT('',(-0.0823195273154086,0.049,-0.0813377429302156));
#2663=DIRECTION('',(-2.60000542492277E-33,1.0,-8.47409175530384E-33));
#2664=DIRECTION('',(-0.798635510047293,3.02337906725183E-33,0.601815023152048));
#2665=CARTESIAN_POINT('',(-0.0732449023971756,0.049,-0.062621675432117));
#2666=DIRECTION('',(0.899810937408587,1.02722768773991E-32,-0.436280044145821));
#2667=DIRECTION('',(1.30646632725538E-32,-1.0,3.40022434835292E-33));
#2668=CARTESIAN_POINT('',(-0.0823195273154086,0.0482,-0.0813377429302156));
#2669=DIRECTION('',(2.60000542492277E-33,-1.0,8.47409175530384E-33));
#2670=DIRECTION('',(-0.798635510047293,3.02337906725183E-33,0.601815023152048));
#2671=CARTESIAN_POINT('',(-0.0967778691755228,0.049,-0.0974382359727377));
#2672=DIRECTION('',(0.139173100960066,-8.0297716593641E-33,-0.99026806874157));
#2673=DIRECTION('',(0.99026806874157,3.75406797826164E-33,0.139173100960066));
#2674=CARTESIAN_POINT('',(-0.100936995064237,0.049,-0.09802276299677));
#2675=DIRECTION('',(-2.60000542492277E-33,1.0,-8.47409175530384E-33));
#2676=DIRECTION('',(0.999098259322082,2.95745253036377E-33,0.0424578404960361));
#2677=CARTESIAN_POINT('',(-0.0978092604824341,0.049,-0.0952196796255889));
#2678=DIRECTION('',(0.667400802662176,0.0,-0.744698709953149));
#2679=DIRECTION('',(0.744698709953149,-8.67361737988404E-15,0.667400802662176));
#2680=CARTESIAN_POINT('',(-0.100936995064237,0.0482,-0.09802276299677));
#2681=DIRECTION('',(-2.60000542492277E-33,1.0,-8.47409175530384E-33));
#2682=DIRECTION('',(0.999098259322082,2.95745253036377E-33,0.0424578404960362));
#2683=CARTESIAN_POINT('',(-0.0953914938792846,0.049,-0.0972433936313936));
#2684=DIRECTION('',(0.139173100960066,-8.0297716593641E-33,-0.99026806874157));
#2685=DIRECTION('',(0.99026806874157,3.75406797826164E-33,0.139173100960066));
#2686=CARTESIAN_POINT('',(-0.100936995064237,0.049,-0.09802276299677));
#2687=DIRECTION('',(-2.60000542492277E-33,1.0,-8.47409175530384E-33));
#2688=DIRECTION('',(0.999098259322082,2.95745253036377E-33,0.0424578404960361));
#2689=CARTESIAN_POINT('',(-0.0964646362079725,0.049,-0.101392927126421));
#2690=DIRECTION('',(0.601815023152048,1.37545650500411E-32,0.798635510047293));
#2691=DIRECTION('',(-5.86312600059585E-33,1.0,-1.28043990175738E-32));
#2692=CARTESIAN_POINT('',(-0.100936995064237,0.0496,-0.09802276299677));
#2693=DIRECTION('',(2.60000542492277E-33,-1.0,8.47409175530384E-33));
#2694=DIRECTION('',(0.999098259322081,2.95745253036377E-33,0.0424578404960361));
#2695=CARTESIAN_POINT('',(-0.0610287638374649,0.0511,-0.0783455212595742));
#2696=DIRECTION('',(0.139173100960065,-8.0297716593641E-33,-0.99026806874157));
#2697=DIRECTION('',(0.99026806874157,3.75406797826163E-33,0.139173100960065));
#2698=CARTESIAN_POINT('',(-0.0823195273154086,0.0496,-0.0813377429302156));
#2699=DIRECTION('',(2.60000542492277E-33,-1.0,8.47409175530384E-33));
#2700=DIRECTION('',(0.798635510047294,-3.02337906725183E-33,-0.601815023152047));
#2701=CARTESIAN_POINT('',(-0.0694747018076645,0.0511,-0.06409650000299));
#2702=DIRECTION('',(-0.801918275684913,1.30122766923787E-14,0.597433744546236));
#2703=DIRECTION('',(-0.597433744546235,9.26817381943149E-31,-0.801918275684912));
#2704=CARTESIAN_POINT('',(-0.0823195273154086,0.0511,-0.0813377429302156));
#2705=DIRECTION('',(-2.60000542492277E-33,1.0,-8.47409175530384E-33));
#2706=DIRECTION('',(0.798635510047294,-3.02337906725182E-33,-0.601815023152047));
#2707=DIRECTION('',(0.798635510047294,7.76247730546875E-33,-0.601815023152047));
#2708=CARTESIAN_POINT('',(-0.0582376569631377,0.0506,-0.110753954791626));
#2709=DIRECTION('',(0.798635510047294,7.76247730546876E-33,-0.601815023152047));
#2710=DIRECTION('',(1.12139733304473E-32,-1.0,1.98300135264034E-33));
#2711=DIRECTION('',(0.798635510047294,7.76247730546875E-33,-0.601815023152047));
#2712=CARTESIAN_POINT('',(-0.0558933131253869,0.0506,-0.112520544585396));
#2713=DIRECTION('',(0.798635510047294,7.76247730546876E-33,-0.601815023152047));
#2714=DIRECTION('',(1.12139733304473E-32,-1.0,1.98300135264034E-33));
#2715=CARTESIAN_POINT('',(-0.0481552789438244,0.0506,-0.0765362709470933));
#2716=DIRECTION('',(0.139173100960066,-8.0297716593641E-33,-0.99026806874157));
#2717=DIRECTION('',(0.99026806874157,3.75406797826163E-33,0.139173100960065));
#2718=CARTESIAN_POINT('',(-0.0823195273154086,0.0496,-0.0813377429302156));
#2719=DIRECTION('',(-2.60000542492277E-33,1.0,-8.47409175530384E-33));
#2720=DIRECTION('',(-0.798635510047209,3.023379067253E-33,0.60181502315216));
#2721=CARTESIAN_POINT('',(-0.0491963691372014,0.0506,-0.0909869082983427));
#2722=DIRECTION('',(-0.279685952699336,-1.01103940008572E-32,-0.960091541397311));
#2723=DIRECTION('',(0.960091541397311,1.21335916686346E-32,-0.279685952699336));
#2724=CARTESIAN_POINT('',(-0.0823195273154086,0.0506,-0.0813377429302156));
#2725=DIRECTION('',(2.60000542492277E-33,-1.0,8.47409175530384E-33));
#2726=DIRECTION('',(-0.798635510047209,3.023379067253E-33,0.60181502315216));
#2727=CARTESIAN_POINT('',(-0.116483775686993,0.0506,-0.0861392149133379));
#2728=DIRECTION('',(0.139173100960066,-8.0297716593641E-33,-0.99026806874157));
#2729=DIRECTION('',(-0.99026806874157,-3.75406797826163E-33,-0.139173100960065));
#2730=CARTESIAN_POINT('',(-0.0823195273154086,0.0496,-0.0813377429302156));
#2731=DIRECTION('',(-2.60000542492277E-33,1.0,-8.47409175530384E-33));
#2732=DIRECTION('',(-0.798635510047209,3.023379067253E-33,0.60181502315216));
#2733=CARTESIAN_POINT('',(-0.0823195273154086,0.0506,-0.0813377429302156));
#2734=DIRECTION('',(2.60000542492277E-33,-1.0,8.47409175530384E-33));
#2735=DIRECTION('',(-0.798635510047209,3.023379067253E-33,0.60181502315216));
#2736=CARTESIAN_POINT('',(-0.0823195273154086,0.0506,-0.0813377429302156));
#2737=DIRECTION('',(2.60000542492277E-33,-1.0,8.47409175530384E-33));
#2738=DIRECTION('',(-0.798635510047209,3.023379067253E-33,0.60181502315216));
#2739=CARTESIAN_POINT('',(-0.0493472517738861,0.0506,-0.0930812035661316));
#2740=DIRECTION('',(0.139173100960066,-8.0297716593641E-33,-0.99026806874157));
#2741=DIRECTION('',(-0.99026806874157,-3.75406797826164E-33,-0.139173100960066));
#2742=CARTESIAN_POINT('',(-0.0443959114313793,0.0506,-0.0923853380615001));
#2743=DIRECTION('',(-2.60000542492277E-33,1.0,-8.47409175530384E-33));
#2744=DIRECTION('',(-0.948990159775433,-5.13930889152761E-33,-0.31530568762615));
#2745=CARTESIAN_POINT('',(-0.0443959114313793,0.0496,-0.0923853380615001));
#2746=DIRECTION('',(2.60000542492277E-33,-1.0,8.47409175530384E-33));
#2747=DIRECTION('',(-0.948990159775432,-5.13930889152761E-33,-0.31530568762615));
#2748=DIRECTION('',(0.798635510047293,7.76247730546873E-33,-0.601815023152048));
#2749=CARTESIAN_POINT('',(-0.0474049865464096,0.0506,-0.0963785156107679));
#2750=DIRECTION('',(0.798635510047293,7.76247730546873E-33,-0.601815023152048));
#2751=DIRECTION('',(0.601815023152048,1.37545650500411E-32,0.798635510047293));
#2752=DIRECTION('',(0.798635510047293,7.76247730546873E-33,-0.601815023152048));
#2753=CARTESIAN_POINT('',(-0.04506064270865,0.0506,-0.0981451054045451));
#2754=DIRECTION('',(0.798635510047293,7.76247730546873E-33,-0.601815023152048));
#2755=DIRECTION('',(0.601815023152048,1.37545650500411E-32,0.798635510047293));
#2756=CARTESIAN_POINT('',(-0.0427299244351129,0.0506,-0.102101879859069));
#2757=DIRECTION('',(0.139173100960066,-8.0297716593641E-33,-0.99026806874157));
#2758=DIRECTION('',(0.99026806874157,3.75406797826164E-33,0.139173100960066));
#2759=CARTESIAN_POINT('',(-0.0486715328475623,0.0506,-0.102936918464829));
#2760=DIRECTION('',(2.60000542492277E-33,-1.0,8.47409175530384E-33));
#2761=DIRECTION('',(0.983386486002631,4.09506255065411E-33,0.181524155823396));
#2762=CARTESIAN_POINT('',(-0.0486715328475623,0.0506,-0.102936918464829));
#2763=DIRECTION('',(2.60000542492277E-33,-1.0,8.47409175530384E-33));
#2764=DIRECTION('',(0.983386486002631,4.09506255065411E-33,0.181524155823396));
#2765=CARTESIAN_POINT('',(-0.04506064270865,0.0506,-0.0981451054045451));
#2766=DIRECTION('',(0.798635510047293,7.76247730546873E-33,-0.601815023152048));
#2767=DIRECTION('',(0.601815023152048,1.37545650500411E-32,0.798635510047293));
#2768=CARTESIAN_POINT('',(-0.0486715328475623,0.0496,-0.102936918464829));
#2769=DIRECTION('',(-2.60000542492277E-33,1.0,-8.47409175530384E-33));
#2770=DIRECTION('',(0.983386486002631,4.09506255065411E-33,0.181524155823396));
#2771=DIRECTION('',(2.60000542492277E-33,-1.0,8.47409175530384E-33));
#2772=DIRECTION('',(-2.60000542492277E-33,1.0,-8.47409175530384E-33));
#2773=CARTESIAN_POINT('',(-0.0823195273154086,0.0541,-0.0813377429302156));
#2774=DIRECTION('',(-2.60000542492277E-33,1.0,-8.47409175530384E-33));
#2775=DIRECTION('',(-0.798635510047209,3.023379067253E-33,0.60181502315216));
#2776=DIRECTION('',(-2.60000542492277E-33,1.0,-8.47409175530384E-33));
#2777=CARTESIAN_POINT('',(-0.0823195273154086,0.0506,-0.0813377429302156));
#2778=DIRECTION('',(2.60000542492277E-33,-1.0,8.47409175530384E-33));
#2779=DIRECTION('',(-0.798635510047209,3.023379067253E-33,0.60181502315216));
#2780=CARTESIAN_POINT('',(-0.0823195273154086,0.0541,-0.0813377429302156));
#2781=DIRECTION('',(-2.60000542492277E-33,1.0,-8.47409175530384E-33));
#2782=DIRECTION('',(-0.798635510047209,3.023379067253E-33,0.60181502315216));
#2783=CARTESIAN_POINT('',(-0.0823195273154086,0.0541,-0.0813377429302156));
#2784=DIRECTION('',(-2.60000542492277E-33,1.0,-8.47409175530384E-33));
#2785=DIRECTION('',(-0.798635510047209,3.023379067253E-33,0.60181502315216));
#2786=DIRECTION('',(-2.60000542492277E-33,1.0,-8.47409175530384E-33));
#2787=CARTESIAN_POINT('',(-0.0486715328475623,0.0506,-0.102936918464829));
#2788=DIRECTION('',(2.60000542492277E-33,-1.0,8.47409175530384E-33));
#2789=DIRECTION('',(0.983386486002631,4.09506255065411E-33,0.181524155823396));
#2790=DIRECTION('',(-2.60000542492277E-33,1.0,-8.47409175530384E-33));
#2791=CARTESIAN_POINT('',(-0.0486715328475623,0.0541,-0.102936918464829));
#2792=DIRECTION('',(-2.60000542492277E-33,1.0,-8.47409175530384E-33));
#2793=DIRECTION('',(0.983386486002631,4.09506255065413E-33,0.181524155823398));
#2794=DIRECTION('',(-2.60000542492277E-33,1.0,-8.47409175530384E-33));
#2795=CARTESIAN_POINT('',(-0.0783263497651722,0.0506,-0.0843468180459759));
#2796=DIRECTION('',(2.60000542492277E-33,-1.0,8.47409175530384E-33));
#2797=DIRECTION('',(0.798635510047293,-3.02337906725184E-33,-0.601815023152048));
#2798=DIRECTION('',(2.60000542492277E-33,-1.0,8.47409175530384E-33));
#2799=CARTESIAN_POINT('',(-0.0783263497651722,0.0541,-0.0843468180459759));
#2800=DIRECTION('',(-2.60000542492277E-33,1.0,-8.47409175530384E-33));
#2801=DIRECTION('',(0.798635510047293,-3.02337906725184E-33,-0.601815023152048));
#2802=DIRECTION('',(2.60000542492277E-33,-1.0,8.47409175530384E-33));
#2803=CARTESIAN_POINT('',(-0.0522824229864746,0.0541,-0.107728731525113));
#2804=DIRECTION('',(-2.60000542492277E-33,1.0,-8.47409175530384E-33));
#2805=DIRECTION('',(0.0965658328673661,-8.18341724240615E-33,-0.995326599625787));
#2806=CARTESIAN_POINT('',(-0.0522824229864746,0.0506,-0.107728731525113));
#2807=DIRECTION('',(2.60000542492277E-33,-1.0,8.47409175530384E-33));
#2808=DIRECTION('',(0.0965658328673661,-8.18341724240615E-33,-0.995326599625787));
#2809=DIRECTION('',(-0.0293549311039958,-0.707106781186548,-0.706497196045306));
#2810=CARTESIAN_POINT('',(-0.0612467320781776,0.0556,-0.114747132340906));
#2811=DIRECTION('',(-2.60000542492277E-33,1.0,-8.47409175530384E-33));
#2812=DIRECTION('',(0.0415141416897984,8.57472337360011E-33,0.999137916425835));
#2813=DIRECTION('',(0.425547483890749,0.707106781186554,0.564720584850813));
#2814=CARTESIAN_POINT('',(-0.0612467320781776,0.0541,-0.114747132340906));
#2815=DIRECTION('',(2.60000542492277E-33,-1.0,8.47409175530384E-33));
#2816=DIRECTION('',(0.0415141416897984,8.57472337360011E-33,0.999137916425835));
#2817=DIRECTION('',(0.564720584850757,0.707106781186549,-0.42554748389083));
#2818=DIRECTION('',(0.678887239481892,-0.707106781186538,-0.197767833756327));
#2819=CARTESIAN_POINT('',(-0.0823195273154086,0.0556,-0.0813377429302156));
#2820=DIRECTION('',(2.60000542492277E-33,-1.0,8.47409175530384E-33));
#2821=DIRECTION('',(-0.798635510047209,3.023379067253E-33,0.60181502315216));
#2822=DIRECTION('',(-0.671037377256514,0.707106781186547,-0.222954789867139));
#2823=CARTESIAN_POINT('',(-0.0443959114313793,0.0541,-0.0923853380615001));
#2824=DIRECTION('',(2.60000542492277E-33,-1.0,8.47409175530384E-33));
#2825=DIRECTION('',(-0.948990159775433,-5.13930889152759E-33,-0.315305687626147));
#2826=DIRECTION('',(0.425547483890749,-0.707106781186547,0.564720584850821));
#2827=CARTESIAN_POINT('',(-0.0443959114313793,0.0556,-0.0923853380615001));
#2828=DIRECTION('',(-2.60000542492277E-33,1.0,-8.47409175530384E-33));
#2829=DIRECTION('',(-0.948990159775434,-5.13930889152759E-33,-0.315305687626147));
#2830=DIRECTION('',(0.0682823552514409,-0.70710678118655,-0.70380218809074));
#2831=CARTESIAN_POINT('',(-0.0522824229864746,0.0556,-0.107728731525113));
#2832=DIRECTION('',(2.60000542492277E-33,-1.0,8.47409175530384E-33));
#2833=DIRECTION('',(0.0965658328673661,-8.18341724240615E-33,-0.995326599625787));
#2834=DIRECTION('',(-0.526166778112655,0.707106781186546,0.472385987948998));
#2835=DIRECTION('',(0.564720584850818,-0.707106781186548,-0.425547483890753));
#2836=CARTESIAN_POINT('',(-0.0783263497651722,0.0556,-0.0843468180459759));
#2837=DIRECTION('',(2.60000542492277E-33,-1.0,8.47409175530384E-33));
#2838=DIRECTION('',(0.798635510047293,-3.02337906725184E-33,-0.601815023152048));
#2839=DIRECTION('',(-0.599117775351074,0.707106781186546,0.375576744831709));
#2840=CARTESIAN_POINT('',(-0.0783263497651722,0.0541,-0.0843468180459759));
#2841=DIRECTION('',(-2.60000542492277E-33,1.0,-8.47409175530384E-33));
#2842=DIRECTION('',(0.798635510047293,-3.02337906725184E-33,-0.601815023152048));
#2843=DIRECTION('',(-0.695359252779669,0.707106781186549,-0.128356961531889));
#2844=CARTESIAN_POINT('',(-0.0486715328475623,0.0556,-0.102936918464829));
#2845=DIRECTION('',(2.60000542492277E-33,-1.0,8.47409175530384E-33));
#2846=DIRECTION('',(0.983386486002631,4.09506255065413E-33,0.181524155823398));
#2847=DIRECTION('',(2.60000542492277E-33,-1.0,8.47409175530384E-33));
#2848=CARTESIAN_POINT('',(-0.0823195273154086,0.0541,-0.0813377429302156));
#2849=DIRECTION('',(2.60000542492277E-33,-1.0,8.47409175530384E-33));
#2850=DIRECTION('',(0.139173100960065,-8.0297716593641E-33,-0.99026806874157));
#2851=DIRECTION('',(-2.60000542492277E-33,1.0,-8.47409175530384E-33));
#2852=CARTESIAN_POINT('',(-0.0823195273154086,0.0511,-0.0813377429302156));
#2853=DIRECTION('',(-2.60000542492277E-33,1.0,-8.47409175530384E-33));
#2854=DIRECTION('',(0.798635510047294,-3.02337906725182E-33,-0.601815023152047));
#2855=DIRECTION('',(0.0984102434476222,0.707106781186548,-0.700225266599671));
#2856=DIRECTION('',(0.0984102434476222,-0.707106781186548,-0.700225266599671));
#2857=CARTESIAN_POINT('',(-0.0823195273154086,0.0556,-0.0813377429302156));
#2858=DIRECTION('',(-2.60000542492277E-33,1.0,-8.47409175530384E-33));
#2859=DIRECTION('',(0.139173100960065,-8.0297716593641E-33,-0.99026806874157));
#2860=DIRECTION('',(-2.60000542492277E-33,1.0,-8.47409175530384E-33));
#2861=CARTESIAN_POINT('',(-0.0516828346918907,0.0496,-0.104424146738422));
#2862=DIRECTION('',(2.60000542492277E-33,-1.0,8.47409175530384E-33));
#2863=DIRECTION('',(-0.139173100960065,8.0297716593641E-33,0.99026806874157));
#2864=DIRECTION('',(2.60000542492277E-33,-1.0,8.47409175530384E-33));
#2865=CARTESIAN_POINT('',(-0.0516828346918907,0.053,-0.104424146738422));
#2866=DIRECTION('',(2.60000542492277E-33,-1.0,8.47409175530384E-33));
#2867=DIRECTION('',(0.139173100960065,-8.0297716593641E-33,-0.99026806874157));
#2868=DIRECTION('',(0.0984102434476226,0.707106781186547,-0.700225266599671));
#2869=CARTESIAN_POINT('',(-0.0516828346918907,0.053,-0.104424146738422));
#2870=DIRECTION('',(2.60000542492277E-33,-1.0,8.47409175530384E-33));
#2871=DIRECTION('',(0.139173100960065,-8.0297716593641E-33,-0.99026806874157));
#2872=DIRECTION('',(0.0984102434476226,-0.707106781186547,-0.700225266599671));
#2873=CARTESIAN_POINT('',(-0.0516828346918907,0.0556,-0.104424146738422));
#2874=DIRECTION('',(-2.60000542492277E-33,1.0,-8.47409175530384E-33));
#2875=DIRECTION('',(0.139173100960065,-8.0297716593641E-33,-0.99026806874157));
#2876=CARTESIAN_POINT('',(-0.0516828346918907,0.0556,-0.104424146738422));
#2877=DIRECTION('',(-2.60000542492277E-33,1.0,-8.47409175530384E-33));
#2878=DIRECTION('',(0.139173100960065,-8.0297716593641E-33,-0.99026806874157));
#2879=CARTESIAN_POINT('',(-0.0823195273154086,0.0556,-0.0813377429302156));
#2880=DIRECTION('',(-2.60000542492277E-33,1.0,-8.47409175530384E-33));
#2881=DIRECTION('',(0.139173100960065,-8.0297716593641E-33,-0.99026806874157));
#2882=CARTESIAN_POINT('',(-0.0783263497651722,0.0556,-0.0843468180459759));
#2883=DIRECTION('',(2.60000542492277E-33,-1.0,8.47409175530384E-33));
#2884=DIRECTION('',(0.798635510047293,-3.02337906725184E-33,-0.601815023152048));
#2885=CARTESIAN_POINT('',(-0.0522824229864746,0.0556,-0.107728731525113));
#2886=DIRECTION('',(2.60000542492277E-33,-1.0,8.47409175530384E-33));
#2887=DIRECTION('',(0.0965658328673661,-8.18341724240615E-33,-0.995326599625787));
#2888=DIRECTION('',(0.798635510047294,7.76247730546875E-33,-0.601815023152047));
#2889=CARTESIAN_POINT('',(-0.0612467320781776,0.0556,-0.114747132340906));
#2890=DIRECTION('',(-2.60000542492277E-33,1.0,-8.47409175530384E-33));
#2891=DIRECTION('',(0.0415141416897984,8.57472337360011E-33,0.999137916425835));
#2892=CARTESIAN_POINT('',(-0.0823195273154086,0.0556,-0.0813377429302156));
#2893=DIRECTION('',(2.60000542492277E-33,-1.0,8.47409175530384E-33));
#2894=DIRECTION('',(-0.798635510047209,3.023379067253E-33,0.60181502315216));
#2895=CARTESIAN_POINT('',(-0.0443959114313793,0.0556,-0.0923853380615001));
#2896=DIRECTION('',(-2.60000542492277E-33,1.0,-8.47409175530384E-33));
#2897=DIRECTION('',(-0.948990159775434,-5.13930889152759E-33,-0.315305687626147));
#2898=DIRECTION('',(-0.798635510047293,-7.76247730546873E-33,0.601815023152048));
#2899=CARTESIAN_POINT('',(-0.0486715328475623,0.0556,-0.102936918464829));
#2900=DIRECTION('',(2.60000542492277E-33,-1.0,8.47409175530384E-33));
#2901=DIRECTION('',(0.983386486002631,4.09506255065413E-33,0.181524155823398));
#2902=CARTESIAN_POINT('',(-0.0516828346918907,0.0496,-0.104424146738422));
#2903=DIRECTION('',(2.60000542492277E-33,-1.0,8.47409175530384E-33));
#2904=DIRECTION('',(-0.139173100960065,8.0297716593641E-33,0.99026806874157));
#2905=CARTESIAN_POINT('',(-0.0823195273154086,0.0541,-0.0813377429302156));
#2906=DIRECTION('',(2.60000542492277E-33,-1.0,8.47409175530384E-33));
#2907=DIRECTION('',(0.139173100960065,-8.0297716593641E-33,-0.99026806874157));
#2908=CARTESIAN_POINT('',(-0.0823195273154086,0.049,-0.0813377429302156));
#2909=DIRECTION('',(-2.60000542492277E-33,1.0,-8.47409175530384E-33));
#2910=DIRECTION('',(-0.798635510047293,3.02337906725183E-33,0.601815023152048));
#2911=CARTESIAN_POINT('',(-0.0823195273154086,0.0511,-0.0813377429302156));
#2912=DIRECTION('',(-2.60000542492277E-33,1.0,-8.47409175530384E-33));
#2913=DIRECTION('',(0.798635510047294,-3.02337906725182E-33,-0.601815023152047));
#2914=DIRECTION('',(0.425547483890752,-0.707106781186549,0.564720584850817));
#2915=CARTESIAN_POINT('',(-0.0486715328475623,0.0541,-0.102936918464829));
#2916=DIRECTION('',(-2.60000542492277E-33,1.0,-8.47409175530384E-33));
#2917=DIRECTION('',(0.983386486002631,4.09506255065413E-33,0.181524155823398));
#2918=DIRECTION('',(0.798635510047293,7.76247730546873E-33,-0.601815023152048));
#2919=CARTESIAN_POINT('',(-0.0522824229864746,0.0541,-0.107728731525113));
#2920=DIRECTION('',(-2.60000542492277E-33,1.0,-8.47409175530384E-33));
#2921=DIRECTION('',(0.0965658328673661,-8.18341724240615E-33,-0.995326599625787));
#2922=DIRECTION('',(0.425547483890749,0.707106781186547,0.564720584850821));
#2923=CARTESIAN_POINT('',(-0.0443959114313793,0.0541,-0.0923853380615001));
#2924=DIRECTION('',(2.60000542492277E-33,-1.0,8.47409175530384E-33));
#2925=DIRECTION('',(-0.948990159775433,-5.13930889152759E-33,-0.315305687626147));
#2926=DIRECTION('',(-0.798635510047294,-7.76247730546875E-33,0.601815023152047));
#2927=DIRECTION('',(0.377233326867171,-0.707106781186544,-0.5980760964131));
#2928=CARTESIAN_POINT('',(-0.0823195273154086,0.0541,-0.0813377429302156));
#2929=DIRECTION('',(-2.60000542492277E-33,1.0,-8.47409175530384E-33));
#2930=DIRECTION('',(-0.798635510047209,3.023379067253E-33,0.60181502315216));
#2931=CARTESIAN_POINT('',(-0.0612467320781776,0.0541,-0.114747132340906));
#2932=DIRECTION('',(2.60000542492277E-33,-1.0,8.47409175530384E-33));
#2933=DIRECTION('',(0.0415141416897984,8.57472337360011E-33,0.999137916425835));
#2934=DIRECTION('',(-2.60000542492277E-33,1.0,-8.47409175530384E-33));
#2935=DIRECTION('',(-2.60000542492277E-33,1.0,-8.47409175530384E-33));
#2936=CARTESIAN_POINT('',(-0.0522824229864746,0.0506,-0.107728731525113));
#2937=DIRECTION('',(2.60000542492277E-33,-1.0,8.47409175530384E-33));
#2938=DIRECTION('',(0.0965658328673661,-8.18341724240615E-33,-0.995326599625787));
#2939=CARTESIAN_POINT('',(-0.0783263497651722,0.0506,-0.0843468180459759));
#2940=DIRECTION('',(2.60000542492277E-33,-1.0,8.47409175530384E-33));
#2941=DIRECTION('',(0.798635510047293,-3.02337906725184E-33,-0.601815023152048));
#2942=DIRECTION('',(2.60000542492277E-33,-1.0,8.47409175530384E-33));
#2943=DIRECTION('',(-2.60000542492277E-33,1.0,-8.47409175530384E-33));
#2944=DIRECTION('',(-0.798635510047293,-7.76247730546873E-33,0.601815023152048));
#2945=CARTESIAN_POINT('',(-0.0443959114313793,0.0506,-0.0923853380615001));
#2946=DIRECTION('',(-2.60000542492277E-33,1.0,-8.47409175530384E-33));
#2947=DIRECTION('',(-0.948990159775433,-5.13930889152761E-33,-0.31530568762615));
#2948=DIRECTION('',(-2.60000542492277E-33,1.0,-8.47409175530384E-33));
#2949=CARTESIAN_POINT('',(-0.0823195273154086,0.0506,-0.0813377429302156));
#2950=DIRECTION('',(2.60000542492277E-33,-1.0,8.47409175530384E-33));
#2951=DIRECTION('',(-0.798635510047209,3.023379067253E-33,0.60181502315216));
#2952=CARTESIAN_POINT('',(-0.0612467320781776,0.0506,-0.114747132340906));
#2953=DIRECTION('',(-2.60000542492277E-33,1.0,-8.47409175530384E-33));
#2954=DIRECTION('',(0.0415141416898018,8.57472337360012E-33,0.999137916425835));
#2955=CARTESIAN_POINT('',(-0.0486715328475623,0.0496,-0.102936918464829));
#2956=DIRECTION('',(-2.60000542492277E-33,1.0,-8.47409175530384E-33));
#2957=DIRECTION('',(0.983386486002631,4.09506255065411E-33,0.181524155823396));
#2958=CARTESIAN_POINT('',(-0.0435878499474006,0.0506,-0.106123792822347));
#2959=DIRECTION('',(0.531145726252944,1.30385897316422E-32,0.847280483360282));
#2960=DIRECTION('',(4.97830357903272E-33,-1.0,1.22679387355006E-32));
#2961=CARTESIAN_POINT('',(-0.0474049865464096,0.0506,-0.0963785156107679));
#2962=DIRECTION('',(0.798635510047293,7.76247730546873E-33,-0.601815023152048));
#2963=DIRECTION('',(0.601815023152048,1.37545650500411E-32,0.798635510047293));
#2964=CARTESIAN_POINT('',(-0.0478177498244122,0.0506,-0.111737059550108));
#2965=DIRECTION('',(0.668054670832482,1.43693001268655E-32,0.744112193677072));
#2966=DIRECTION('',(6.82657311761803E-33,-1.0,1.31818510074276E-32));
#2967=CARTESIAN_POINT('',(-0.0783263497651722,0.0496,-0.0843468180459759));
#2968=DIRECTION('',(-2.60000542492277E-33,1.0,-8.47409175530384E-33));
#2969=DIRECTION('',(0.798635510047293,-3.02337906725184E-33,-0.601815023152048));
#2970=CARTESIAN_POINT('',(-0.0558933131253869,0.0506,-0.112520544585396));
#2971=DIRECTION('',(0.798635510047294,7.76247730546876E-33,-0.601815023152047));
#2972=DIRECTION('',(1.12139733304473E-32,-1.0,1.98300135264034E-33));
#2973=CARTESIAN_POINT('',(-0.0522824229864746,0.0496,-0.107728731525113));
#2974=DIRECTION('',(-2.60000542492277E-33,1.0,-8.47409175530384E-33));
#2975=DIRECTION('',(0.0965658328673661,-8.18341724240615E-33,-0.995326599625787));
#2976=CARTESIAN_POINT('',(-0.0443959114313793,0.0496,-0.0923853380615001));
#2977=DIRECTION('',(2.60000542492277E-33,-1.0,8.47409175530384E-33));
#2978=DIRECTION('',(-0.948990159775432,-5.13930889152761E-33,-0.31530568762615));
#2979=CARTESIAN_POINT('',(-0.0639141745127124,0.0506,-0.110518095707526));
#2980=DIRECTION('',(-0.84580732687856,-1.56129095588571E-32,-0.533488487034673));
#2981=DIRECTION('',(0.533488487034673,2.38352024129836E-33,-0.84580732687856));
#2982=CARTESIAN_POINT('',(-0.0823195273154086,0.0496,-0.0813377429302156));
#2983=DIRECTION('',(-2.60000542492277E-33,1.0,-8.47409175530384E-33));
#2984=DIRECTION('',(-0.798635510047209,3.023379067253E-33,0.60181502315216));
#2985=DIRECTION('',(-0.798635510047294,-7.76247730546875E-33,0.601815023152047));
#2986=CARTESIAN_POINT('',(-0.0582376569631377,0.0506,-0.110753954791626));
#2987=DIRECTION('',(0.798635510047294,7.76247730546876E-33,-0.601815023152047));
#2988=DIRECTION('',(1.12139733304473E-32,-1.0,1.98300135264034E-33));
#2989=CARTESIAN_POINT('',(-0.0612467320781776,0.0496,-0.114747132340906));
#2990=DIRECTION('',(2.60000542492277E-33,-1.0,8.47409175530384E-33));
#2991=DIRECTION('',(0.0415141416898018,8.57472337360012E-33,0.999137916425835));
#2992=CARTESIAN_POINT('',(-0.0823195273154086,0.0496,-0.0813377429302156));
#2993=DIRECTION('',(2.60000542492277E-33,-1.0,8.47409175530384E-33));
#2994=DIRECTION('',(0.798635510047294,-3.02337906725183E-33,-0.601815023152047));
#2995=DIRECTION('',(0.601815023152048,1.37545650500411E-32,0.798635510047293));
#2996=CARTESIAN_POINT('',(-0.101324431521607,0.0496,-0.0985369085412298));
#2997=DIRECTION('',(2.60000542492277E-33,-1.0,8.47409175530384E-33));
#2998=DIRECTION('',(0.0448804013203357,-8.3488636949739E-33,-0.998992367126659));
#2999=CARTESIAN_POINT('',(-0.0823195273154086,0.0496,-0.0813377429302156));
#3000=DIRECTION('',(2.60000542492277E-33,-1.0,8.47409175530384E-33));
#3001=DIRECTION('',(-0.798635510047293,3.02337906725183E-33,0.601815023152047));
#3002=CARTESIAN_POINT('',(-0.0710250897543931,0.0496,-0.0583283239505411));
#3003=DIRECTION('',(2.60000542492277E-33,-1.0,8.47409175530384E-33));
#3004=DIRECTION('',(0.972663812201551,4.49676616554759E-33,0.23221780386858));
#3005=DIRECTION('',(0.601815023152048,1.37545650500411E-32,0.798635510047293));
#3006=CARTESIAN_POINT('',(-0.0714125262117631,0.0496,-0.0588424694950009));
#3007=DIRECTION('',(2.60000542492277E-33,-1.0,8.47409175530384E-33));
#3008=DIRECTION('',(0.23457570663981,-7.62774830056042E-33,-0.972097854052993));
#3009=CARTESIAN_POINT('',(-0.0953523599928328,0.0511,-0.0984373122932805));
#3010=DIRECTION('',(-0.795328807584408,-2.60961844353662E-14,0.606178264066244));
#3011=DIRECTION('',(2.87730701041523E-14,-1.0,-5.29899055987449E-15));
#3012=CARTESIAN_POINT('',(-0.0669401673554983,0.049,-0.0622126336246524));
#3013=DIRECTION('',(-0.601815023152048,-1.37545650500411E-32,-0.798635510047293));
#3014=DIRECTION('',(-0.798635510047293,-7.76247730546874E-33,0.601815023152048));
#3015=CARTESIAN_POINT('',(-0.0714125262117631,0.049,-0.0588424694950009));
#3016=DIRECTION('',(-2.60000542492277E-33,1.0,-8.47409175530384E-33));
#3017=DIRECTION('',(0.23457570663981,-7.62774830056042E-33,-0.972097854052993));
#3018=CARTESIAN_POINT('',(-0.0680582570695645,0.049,-0.0613700925922395));
#3019=DIRECTION('',(0.601815023152048,1.37545650500411E-32,0.798635510047293));
#3020=DIRECTION('',(5.86312600059585E-33,-1.0,1.28043990175738E-32));
#3021=CARTESIAN_POINT('',(-0.0714125262117631,0.0482,-0.0588424694950009));
#3022=DIRECTION('',(-2.60000542492277E-33,1.0,-8.47409175530384E-33));
#3023=DIRECTION('',(0.234575706639807,-7.62774830056044E-33,-0.972097854052994));
#3024=CARTESIAN_POINT('',(-0.100936995064237,0.0482,-0.09802276299677));
#3025=DIRECTION('',(-2.60000542492277E-33,1.0,-8.47409175530384E-33));
#3026=DIRECTION('',(0.999098259322082,2.95745253036377E-33,0.0424578404960362));
#3027=CARTESIAN_POINT('',(-0.0975827259220387,0.049,-0.100550386094009));
#3028=DIRECTION('',(-0.601815023152048,-5.87747175411127E-31,-0.798635510047293));
#3029=DIRECTION('',(0.798635510047293,-8.67361737988391E-15,-0.601815023152048));
#3030=CARTESIAN_POINT('',(-0.0823195273154086,0.0482,-0.0813377429302156));
#3031=DIRECTION('',(2.60000542492277E-33,-1.0,8.47409175530384E-33));
#3032=DIRECTION('',(-0.798635510047293,3.02337906725183E-33,0.601815023152048));
#3033=CARTESIAN_POINT('',(-0.104438535122985,0.049,-0.101355127617151));
#3034=DIRECTION('',(-0.671004541885913,-5.87747175411165E-31,0.741453238423352));
#3035=DIRECTION('',(-0.741453238423352,-8.6736173798842E-15,-0.671004541885913));
#3036=CARTESIAN_POINT('',(-0.0823195273154086,0.0482,-0.0813377429302156));
#3037=DIRECTION('',(-2.60000542492277E-33,1.0,-8.47409175530384E-33));
#3038=DIRECTION('',(-0.798635510047293,3.02337906725183E-33,0.601815023152047));
#3039=CARTESIAN_POINT('',(-0.0979701623794087,0.049,-0.101064531638468));
#3040=DIRECTION('',(-0.601815023152047,0.0,-0.798635510047293));
#3041=DIRECTION('',(0.798635510047293,-8.67361737988423E-15,-0.601815023152047));
#3042=CARTESIAN_POINT('',(-0.101324431521607,0.0482,-0.0985369085412298));
#3043=DIRECTION('',(-2.60000542492277E-33,1.0,-8.47409175530384E-33));
#3044=DIRECTION('',(0.0448804013203357,-8.3488636949739E-33,-0.998992367126659));
#3045=CARTESIAN_POINT('',(-0.101324431521607,0.049,-0.0985369085412298));
#3046=DIRECTION('',(-2.60000542492277E-33,1.0,-8.47409175530384E-33));
#3047=DIRECTION('',(0.0448804013203357,-8.3488636949739E-33,-0.998992367126659));
#3048=CARTESIAN_POINT('',(-0.0710250897543931,0.0482,-0.0583283239505411));
#3049=DIRECTION('',(-2.60000542492277E-33,1.0,-8.47409175530384E-33));
#3050=DIRECTION('',(0.972663812201551,4.49676616554758E-33,0.232217803868579));
#3051=CARTESIAN_POINT('',(-0.0676708206121945,0.049,-0.0608559470477797));
#3052=DIRECTION('',(0.601815023152048,1.37545650500411E-32,0.798635510047293));
#3053=DIRECTION('',(5.86312600059586E-33,-1.0,1.28043990175738E-32));
#3054=DIRECTION('',(-0.601815023152048,-1.37545650500411E-32,-0.798635510047293));
#3055=CARTESIAN_POINT('',(-0.0685575127330314,0.049,-0.0533012906660236));
#3056=DIRECTION('',(0.897684515092421,1.02139745825421E-32,-0.440638753814601));
#3057=DIRECTION('',(-0.440638753814601,-1.20465280002544E-32,-0.897684515092421));
#3058=CARTESIAN_POINT('',(-0.0968520726653425,0.049,-0.101907072670881));
#3059=DIRECTION('',(0.601815023152047,1.37545650500411E-32,0.798635510047293));
#3060=DIRECTION('',(-5.86312600059584E-33,1.0,-1.28043990175738E-32));
#3061=PRESENTATION_LAYER_ASSIGNMENT('9','Layer0',(#25));
ENDSEC;
END-ISO-10303-21;
